Compounds,Affinity_rank1,CNNpose_rank1,CNNaffinity_rank1,Solvation_rank1,Similarity-type1_rank1,Similarity-type2_rank1,Clashing<1.5A_rank1,Final_rank1
NS-C-142,-7.27118,0.670255661,5.4900422096,62.02,0.125,0.2857142857142857,0.0,1
revumenib,-7.72335,0.3111884594,6.707971096,106.08,0.0,0.0,0.0,1
ziftomenib,-8.49416,0.2214074284,6.6826930046,108.78,,,,0
