Compounds,Affinity_rank1,CNNpose_rank1,CNNaffinity_rank1,Solvation_rank1
NS-C-142,-7.27118,0.670255661,5.4900422096,62.02
revumenib,-7.72335,0.3111884594,6.707971096,106.08
ziftomenib,-8.49416,0.2214074284,6.6826930046,108.78
