Compounds,Affinity_rank4,CNNpose_rank4,CNNaffinity_rank4,Solvation_rank4
NS-C-142,-6.67291,0.6250849962,5.7165999413,61.47
revumenib,-8.48131,0.5613272786,7.2464461327,102.67
ziftomenib,-8.5382,0.4236346185,7.5853824615,111.06
