Compounds,Occupation_rank2,%Occupation_rank2,%atoms_rank2
NS-C-142,296.766845703125,47.78501579692309,100.0
revumenib,88.64361572265625,84.40349701565947,100.0
ziftomenib,169.411865234375,70.19263440271307,100.0
