Compounds,Confidence_score_rank2,Occupation_rank2,%Occupation_rank2,%atoms_rank2,Final_rank2
NS-C-142,-0.21,296.766845703125,47.78501579692309,100.0,0
revumenib,-1.93,88.64361572265625,84.40349701565947,100.0,0
ziftomenib,-1.8,169.411865234375,70.19263440271307,100.0,0
