Compounds,Affinity_rank10,CNNpose_rank10,CNNaffinity_rank10,Solvation_rank10,Similarity-type1_rank10,Similarity-type2_rank10,Clashing<1.5A_rank10,Final_rank10
NS-C-142,-6.59992,0.4933316708,5.6825184822,62.17,0.125,0.1428571428571428,0,1
revumenib,-7.27526,0.1864339262,6.3290786743,103.94,0.0,0.0,0,0
ziftomenib,-9.49997,0.1050946563,7.0242180824,111.25,0.375,0.4285714285714285,0,0
