Compounds,Affinity_rank4,CNNpose_rank4,CNNaffinity_rank4,Solvation_rank4
NS-C-142,-6.67402,0.6216455102,5.5614757538,61.13
revumenib,-8.1885,0.2685070932,7.1435437202,102.21
ziftomenib,-8.59469,0.1545450836,6.5300469398,106.94
