Compounds,Occupation_rank10,%Occupation_rank10,%atoms_rank10
NS-C-142,383.6628112792969,32.49600512889902,100.0
revumenib,81.95367431640625,85.58056645553988,100.0
ziftomenib,191.6561279296875,66.27884200284797,100.0
