Compounds,Confidence_score_rank10,Occupation_rank10,%Occupation_rank10,%atoms_rank10,Final_rank10
NS-C-142,-2.91,383.6628112792969,32.49600512889902,100.0,0
revumenib,-1.24,81.95367431640625,85.58056645553988,100.0,1
ziftomenib,-1.79,191.6561279296875,66.27884200284797,100.0,0
