Compounds,Occupation_rank10,%Occupation_rank10,%atoms_rank10
NS-C-142,390.5974426269531,31.275883435675055,100.0
revumenib,90.863037109375,84.01299836553929,100.0
ziftomenib,154.13958740234375,72.87973290205908,100.0
