Compounds,Confidence_score_rank10,Occupation_rank10,%Occupation_rank10,%atoms_rank10,Final_rank10
NS-C-142,-2.93,390.5974426269531,31.275883435675052,100.0,0
revumenib,-3.25,90.863037109375,84.01299836553929,100.0,0
ziftomenib,-2.86,154.13958740234375,72.87973290205908,100.0,0
