Compounds,Affinity_rank8,CNNpose_rank8,CNNaffinity_rank8,Solvation_rank8
NS-C-142,-7.75044,0.3873612881,5.510117054,63.79
revumenib,-8.32167,0.3846581578,6.9510669708,103.35
ziftomenib,-8.59995,0.1764714271,6.1172442436,108.9
