Compounds,Occupation_rank3,%Occupation_rank3,%atoms_rank3
NS-C-142,299.8301696777344,47.24603573476634,100.0
revumenib,68.15283203125,88.00877153418085,100.0
ziftomenib,135.21783447265625,76.20894249748173,100.0
