Compounds,Confidence_score_rank3,Occupation_rank3,%Occupation_rank3,%atoms_rank3,Final_rank3
NS-C-142,-0.25,299.8301696777344,47.24603573476634,100.0,0
revumenib,-0.55,68.15283203125,88.00877153418085,100.0,1
ziftomenib,-0.59,135.21783447265625,76.20894249748173,100.0,1
