Compounds,Confidence_score_rank8,Occupation_rank8,%Occupation_rank8,%atoms_rank8,Final_rank8
NS-C-142,-0.48,322.78240966796875,43.20767745496642,100.0,0
revumenib,-1.18,105.5494384765625,81.42898257505955,100.0,1
ziftomenib,-0.92,172.31658935546875,69.68155937430869,100.0,1
