Compounds,Occupation_rank8,%Occupation_rank8,%atoms_rank8
NS-C-142,322.78240966796875,43.20767745496642,100.0
revumenib,105.5494384765625,81.42898257505955,100.0
ziftomenib,172.31658935546875,69.68155937430869,100.0
