Compounds,Affinity_rank2,CNNpose_rank2,CNNaffinity_rank2,Solvation_rank2
NS-C-142,-6.98404,0.6495787501,5.4573426247,63.27
revumenib,-8.58485,0.6876454353,7.5751838684,101.21
ziftomenib,-8.42791,0.5246685147,7.6421561241,110.65
