Compounds,Affinity_rank1,CNNpose_rank1,CNNaffinity_rank1,Solvation_rank1,Affinity_rank2,CNNpose_rank2,CNNaffinity_rank2,Solvation_rank2,Affinity_rank3,CNNpose_rank3,CNNaffinity_rank3,Solvation_rank3,Affinity_rank4,CNNpose_rank4,CNNaffinity_rank4,Solvation_rank4,Affinity_rank5,CNNpose_rank5,CNNaffinity_rank5,Solvation_rank5,Affinity_rank6,CNNpose_rank6,CNNaffinity_rank6,Solvation_rank6,Affinity_rank7,CNNpose_rank7,CNNaffinity_rank7,Solvation_rank7,Affinity_rank8,CNNpose_rank8,CNNaffinity_rank8,Solvation_rank8,Affinity_rank9,CNNpose_rank9,CNNaffinity_rank9,Solvation_rank9,Affinity_rank10,CNNpose_rank10,CNNaffinity_rank10,Solvation_rank10
NS-C-142,-6.97295,0.7044155598,5.6003627777,63.71,-6.98404,0.6495787501,5.4573426247,63.27,-6.77119,0.6285856366,5.5919575691,65.17,-6.67291,0.6250849962,5.7165999413,61.47,-7.26969,0.5722789764,5.4469428062,64.75,-6.8465,0.5202736855,5.0797023773,61.08,-6.69445,0.4038490057,5.3695869446,62.32,-7.75044,0.3873612881,5.510117054,63.79,-6.44584,0.3870901763,5.281894207,62.69,-7.28639,0.3802568913,5.1305160522,62.76
revumenib,-7.93407,0.7100887895,7.5756554604,100.3,-8.58485,0.6876454353,7.5751838684,101.21,-8.16153,0.6581614614,7.3235034943,105.2,-8.48131,0.5613272786,7.2464461327,102.67,-7.90749,0.4437731504,7.0802330971,101.31,-7.67832,0.3960565329,6.93491745,103.88,-8.09881,0.3889043629,7.4671611786,104.17,-8.32167,0.3846581578,6.9510669708,103.35,-7.84318,0.3310884237,6.9927463531,103.02,-7.77188,0.3288578987,7.0757441521,104.53
ziftomenib,-8.81143,0.5418357253,7.5956168175,108.55,-8.42791,0.5246685147,7.6421561241,110.65,-8.31725,0.4469017982,7.5335431099,112.1,-8.5382,0.4236346185,7.5853824615,111.06,-8.17809,0.3686045408,7.2939338684,108.57,-8.3751,0.2703231871,6.9849228859,106.12,-8.41226,0.1852578819,7.0490512848,107.11,-8.59995,0.1764714271,6.1172442436,108.9,-8.30938,0.1684126109,6.5238442421,110.3,-9.02874,0.1615399569,7.1518325806,109.29
