Compounds,Affinity_rank6,CNNpose_rank6,CNNaffinity_rank6,Solvation_rank6,Similarity-type1_rank6,Similarity-type2_rank6,Clashing<1.5A_rank6,Final_rank6
NS-C-142,-6.64189,0.5903551579,5.344581604,62.77,0.125,0.1428571428571428,0,1
revumenib,-8.07873,0.2416085303,6.6480140686,102.2,0.0,0.0,0,0
ziftomenib,-8.35151,0.1261247993,6.3020319939,109.43,0.0,0.0,0,0
