Compounds,Affinity_rank6,CNNpose_rank6,CNNaffinity_rank6,Solvation_rank6
NS-C-142,-6.64189,0.5903551579,5.344581604,62.77
revumenib,-8.07873,0.2416085303,6.6480140686,102.2
ziftomenib,-8.35151,0.1261247993,6.3020319939,109.43
