Compounds,Affinity_rank7,CNNpose_rank7,CNNaffinity_rank7,Solvation_rank7
NS-C-142,-6.69445,0.4038490057,5.3695869446,62.32
revumenib,-8.09881,0.3889043629,7.4671611786,104.17
ziftomenib,-8.41226,0.1852578819,7.0490512848,107.11
