Compounds,Affinity_rank7,CNNpose_rank7,CNNaffinity_rank7,Solvation_rank7,Similarity-type1_rank7,Similarity-type2_rank7,Clashing<1.5A_rank7,Final_rank7
NS-C-142,-6.69445,0.4038490057,5.3695869446,62.32,0.0,0.2,0,1
revumenib,-8.09881,0.3889043629,7.4671611786,104.17,0.0,0.0,0,1
ziftomenib,-8.41226,0.1852578819,7.0490512848,107.11,0.1666666666666666,0.4,0,0
