Compounds,Affinity_rank7,CNNpose_rank7,CNNaffinity_rank7,Solvation_rank7
NS-C-142,-6.97529,0.5872155428,5.3801188469,62.43
revumenib,-7.7972,0.208577767,6.7958025932,103.7
ziftomenib,-8.42239,0.1234643832,6.6911792755,109.75
