Compounds,Affinity_rank5,CNNpose_rank5,CNNaffinity_rank5,Solvation_rank5,Similarity-type1_rank5,Similarity-type2_rank5,Clashing<1.5A_rank5,Final_rank5
NS-C-142,-7.26969,0.5722789764,5.4469428062,64.75,0.3333333333333333,0.4,0,1
revumenib,-7.90749,0.4437731504,7.0802330971,101.31,0.3333333333333333,0.4,0,1
ziftomenib,-8.17809,0.3686045408,7.2939338684,108.57,0.1666666666666666,0.2,0,1
