Compounds,Affinity_rank5,CNNpose_rank5,CNNaffinity_rank5,Solvation_rank5
NS-C-142,-7.26969,0.5722789764,5.4469428062,64.75
revumenib,-7.90749,0.4437731504,7.0802330971,101.31
ziftomenib,-8.17809,0.3686045408,7.2939338684,108.57
