Compounds,Occupation_rank7,%Occupation_rank7,%atoms_rank7
NS-C-142,306.8458557128906,46.01165278126792,100.0
revumenib,58.7396240234375,89.66498925036029,100.0
ziftomenib,156.382080078125,72.48517494743308,100.0
