Compounds,Confidence_score_rank7,Occupation_rank7,%Occupation_rank7,%atoms_rank7,Final_rank7
NS-C-142,-0.45,306.8458557128906,46.01165278126792,100.0,0
revumenib,-1.12,58.7396240234375,89.66498925036029,100.0,1
ziftomenib,-0.9,156.382080078125,72.48517494743308,100.0,1
