Compounds,wildtype,g331r
revumenib,75.88909912109375,
ziftomenib,156.65966796875,
NS-C-142,278.9927978515625,
