Compounds,Confidence_score_rank5,Occupation_rank5,%Occupation_rank5,%atoms_rank5,Final_rank5
NS-C-142,-0.33,300.27984619140625,47.16691688305552,100.0,0
revumenib,-2.3,79.52642822265625,86.00763106291492,100.0,0
ziftomenib,-2.19,183.85614013671875,67.6512198317429,100.0,0
