Compounds,Occupation_rank5,%Occupation_rank5,%atoms_rank5
NS-C-142,300.27984619140625,47.166916883055514,100.0
revumenib,79.52642822265625,86.00763106291492,100.0
ziftomenib,183.85614013671875,67.6512198317429,100.0
