Compounds,Occupation_rank1,%Occupation_rank1,%atoms_rank1
NS-C-142,297.1669006347656,47.71462767157005,100.0
revumenib,88.546875,84.42051817344183,100.0
ziftomenib,166.86505126953125,70.64073651677309,100.0
