Compounds,Confidence_score_rank6,Occupation_rank6,%Occupation_rank6,%atoms_rank6,Final_rank6
NS-C-142,-0.42,278.9927978515625,50.91229110153201,100.0,1
revumenib,-0.82,69.38311767578125,87.79230751057244,100.0,1
ziftomenib,-0.78,163.17132568359375,71.29063331593632,100.0,1
