Compounds,Affinity_rank8,CNNpose_rank8,CNNaffinity_rank8,Solvation_rank8
NS-C-142,-6.65093,0.57545048,5.5221419334,61.67
revumenib,-7.72168,0.2011528015,6.2847952843,102.71
ziftomenib,-9.25857,0.1228372231,7.2000460625,111.22
