Compounds,Affinity_rank8,CNNpose_rank8,CNNaffinity_rank8,Solvation_rank8,Similarity-type1_rank8,Similarity-type2_rank8,Clashing<1.5A_rank8,Final_rank8
NS-C-142,-6.65093,0.57545048,5.5221419334,61.67,0.25,0.1428571428571428,0,1
revumenib,-7.72168,0.2011528015,6.2847952843,102.71,0.125,0.1428571428571428,0,0
ziftomenib,-9.25857,0.1228372231,7.2000460625,111.22,0.25,0.2857142857142857,0,0
