Compounds,Occupation_rank6,%Occupation_rank6,%atoms_rank6
NS-C-142,301.9632568359375,46.87072725984059,100.0
revumenib,84.67901611328125,85.10105305661334,100.0
ziftomenib,185.50518798828125,67.36107620968347,100.0
