Compounds,Confidence_score_rank6,Occupation_rank6,%Occupation_rank6,%atoms_rank6,Final_rank6
NS-C-142,-0.39,301.9632568359375,46.87072725984059,100.0,0
revumenib,-2.41,84.67901611328125,85.10105305661334,100.0,0
ziftomenib,-2.25,185.50518798828125,67.36107620968347,100.0,0
