Compounds,Similarity-type1_rank9,Similarity-type2_rank9,Clashing<1.5A_rank9
NS-C-142,0.25,0.2857142857142857,0
revumenib,0.125,0.14285714285714285,0
ziftomenib,0.125,0.14285714285714285,0
