Compounds,Affinity_rank9,CNNpose_rank9,CNNaffinity_rank9,Solvation_rank9
NS-C-142,-6.9047,0.5098654032,5.7615237236,63.46
revumenib,-7.55902,0.2003460377,6.6531796455,105.29
ziftomenib,-8.43105,0.1090331823,5.905359745,110.28
