Compounds,Confidence_score_rank9,Occupation_rank9,%Occupation_rank9,%atoms_rank9,Final_rank9
NS-C-142,-2.9,376.3214111328125,33.78769622656503,100.0,0
revumenib,-2.82,110.00177001953124,80.6456119777404,100.0,0
ziftomenib,-2.68,179.38482666015625,68.43793022721366,100.0,0
