Compounds,Occupation_rank9,%Occupation_rank9,%atoms_rank9
NS-C-142,376.3214111328125,33.78769622656503,100.0
revumenib,110.00177001953125,80.6456119777404,100.0
ziftomenib,179.38482666015625,68.43793022721366,100.0
