Compounds,Confidence_score_rank7,Occupation_rank7,%Occupation_rank7,%atoms_rank7,Final_rank7
NS-C-142,-0.88,304.0251159667969,46.50795108215903,100.0,0
revumenib,-2.49,107.7430419921875,81.04302647998162,100.0,0
ziftomenib,-2.27,184.65899658203125,67.5099603305004,100.0,0
