Compounds,Occupation_rank7,%Occupation_rank7,%atoms_rank7
NS-C-142,304.0251159667969,46.50795108215903,100.0
revumenib,107.7430419921875,81.04302647998162,100.0
ziftomenib,184.65899658203125,67.5099603305004,100.0
