Compounds,Occupation_rank2,%Occupation_rank2,%atoms_rank2
NS-C-142,301.680419921875,46.92049132618982,100.0
revumenib,80.83209228515625,85.77790449680732,100.0
ziftomenib,160.94219970703125,71.68283945128513,100.0
