Compounds,Confidence_score_rank2,Occupation_rank2,%Occupation_rank2,%atoms_rank2,Final_rank2
NS-C-142,-0.21,301.680419921875,46.92049132618982,100.0,0
revumenib,-0.47,80.83209228515625,85.77790449680732,100.0,1
ziftomenib,-0.49,160.94219970703125,71.68283945128513,100.0,1
