Compounds,Confidence_score_rank9,Occupation_rank9,%Occupation_rank9,%atoms_rank9,Final_rank9
NS-C-142,-0.48,304.479736328125,46.427962379482686,100.0,0
revumenib,-1.19,92.31072998046876,83.75828237724899,100.0,1
ziftomenib,-1.34,170.396240234375,70.01943741046442,100.0,1
