Compounds,Occupation_rank9,%Occupation_rank9,%atoms_rank9
NS-C-142,304.479736328125,46.427962379482686,100.0
revumenib,92.31072998046875,83.75828237724899,100.0
ziftomenib,170.396240234375,70.01943741046442,100.0
