Compounds,Best_satisfied_rank,Occupation,%Occupation,%Atoms
NS-C-142,rank6,278.9927978515625,50.91229110153201,100.0
revumenib,rank1,75.88909912109375,86.64760511773058,100.0
ziftomenib,rank1,156.65966796875,72.43633442655344,100.0
