Compounds,Similarity-type1_rank3,Similarity-type2_rank3,Clashing<1.5A_rank3
NS-C-142,0.16666666666666666,0.2,0
revumenib,0.16666666666666666,0.2,0
ziftomenib,0.16666666666666666,0.4,0
