Compounds,Affinity_rank3,CNNpose_rank3,CNNaffinity_rank3,Solvation_rank3
NS-C-142,-6.77119,0.6285856366,5.5919575691,65.17
revumenib,-8.16153,0.6581614614,7.3235034943,105.2
ziftomenib,-8.31725,0.4469017982,7.5335431099,112.1
