Compounds,Affinity_rank5,CNNpose_rank5,CNNaffinity_rank5,Solvation_rank5
NS-C-142,-6.86129,0.6090806127,5.5053458214,60.53
revumenib,-8.35454,0.2605673075,6.7191238403,100.62
ziftomenib,-8.58276,0.1412510127,6.8483672142,106.72
