Compounds,Affinity_rank3,CNNpose_rank3,CNNaffinity_rank3,Solvation_rank3
NS-C-142,-6.69095,0.637065649,5.6904959679,63.1
revumenib,-7.55083,0.2731015682,6.5302639008,102.15
ziftomenib,-8.48293,0.1983226389,6.0594859123,110.68
