Compounds,Similarity-type1_rank3,Similarity-type2_rank3,Clashing<1.5A_rank3
NS-C-142,0.0,0.14285714285714285,0
revumenib,0.125,0.14285714285714285,0
ziftomenib,0.125,0.14285714285714285,0
