Compounds,Confidence_score_rank3,Occupation_rank3,%Occupation_rank3,%atoms_rank3,Final_rank3
NS-C-142,-0.29,300.53076171875,47.12276926182943,100.0,0
revumenib,-2.09,101.3009033203125,82.17649598257721,100.0,0
ziftomenib,-1.87,169.6490478515625,70.15090303416903,100.0,0
