Compounds,Affinity_rank1,CNNpose_rank1,CNNaffinity_rank1,Solvation_rank1
NS-C-142,-6.97295,0.7044155598,5.6003627777,63.71
revumenib,-7.93407,0.7100887895,7.5756554604,100.3
ziftomenib,-8.81143,0.5418357253,7.5956168175,108.55
