Compounds,Affinity_rank1,CNNpose_rank1,CNNaffinity_rank1,Solvation_rank1,Similarity-type1_rank1,Similarity-type2_rank1,Clashing<1.5A_rank1,Final_rank1
NS-C-142,-6.97295,0.7044155598,5.6003627777,63.71,0.1666666666666666,0.2,0,1
revumenib,-7.93407,0.7100887895,7.5756554604,100.3,0.0,0.0,0,1
ziftomenib,-8.81143,0.5418357253,7.5956168175,108.55,0.1666666666666666,0.2,0,1
