Compounds,Affinity_rank1,CNNpose_rank1,CNNaffinity_rank1,Solvation_rank1,Similarity-type1_rank1,Similarity-type2_rank1,Clashing<1.5A_rank1,Final_rank1,Affinity_rank2,CNNpose_rank2,CNNaffinity_rank2,Solvation_rank2,Similarity-type1_rank2,Similarity-type2_rank2,Clashing<1.5A_rank2,Final_rank2,Affinity_rank3,CNNpose_rank3,CNNaffinity_rank3,Solvation_rank3,Similarity-type1_rank3,Similarity-type2_rank3,Clashing<1.5A_rank3,Final_rank3,Affinity_rank4,CNNpose_rank4,CNNaffinity_rank4,Solvation_rank4,Similarity-type1_rank4,Similarity-type2_rank4,Clashing<1.5A_rank4,Final_rank4,Affinity_rank5,CNNpose_rank5,CNNaffinity_rank5,Solvation_rank5,Similarity-type1_rank5,Similarity-type2_rank5,Clashing<1.5A_rank5,Final_rank5,Affinity_rank6,CNNpose_rank6,CNNaffinity_rank6,Solvation_rank6,Similarity-type1_rank6,Similarity-type2_rank6,Clashing<1.5A_rank6,Final_rank6,Affinity_rank7,CNNpose_rank7,CNNaffinity_rank7,Solvation_rank7,Similarity-type1_rank7,Similarity-type2_rank7,Clashing<1.5A_rank7,Final_rank7,Affinity_rank8,CNNpose_rank8,CNNaffinity_rank8,Solvation_rank8,Similarity-type1_rank8,Similarity-type2_rank8,Clashing<1.5A_rank8,Final_rank8,Affinity_rank9,CNNpose_rank9,CNNaffinity_rank9,Solvation_rank9,Similarity-type1_rank9,Similarity-type2_rank9,Clashing<1.5A_rank9,Final_rank9,Affinity_rank10,CNNpose_rank10,CNNaffinity_rank10,Solvation_rank10,Similarity-type1_rank10,Similarity-type2_rank10,Clashing<1.5A_rank10,Final_rank10,Satisfied_count
CHEMBL122023,-8.67311,0.9863231778,8.0756015778,,0.5333333333333333,0.7777777777777778,0,1,-8.57466,0.9862161279,8.0116968155,,0.5333333333333333,0.7777777777777778,0.0,1,-7.24178,0.9416368604,7.6382980347,,0.4,0.4444444444444444,0,1,-8.42066,0.9255845547,7.5736804008,,0.5333333333333333,0.7777777777777778,0.0,1,-8.416,0.8504359126,7.3555169106,,0.4,0.5555555555555556,0,1,-7.33533,0.6719477177,7.0418419838,,0.5333333333333333,0.7777777777777778,0.0,1,-6.98921,0.5073466897,6.6644997597,,0.4666666666666667,0.5555555555555556,0.0,1,-6.73112,0.4008817673,6.720934391,,0.4666666666666667,0.5555555555555556,0.0,1,-6.85301,0.3561302722,6.4452643394,,0.4,0.6666666666666666,0,1,-6.74345,0.3404844999,6.4892368317,,0.2666666666666666,0.4444444444444444,0.0,1,10
CHEMBL122902,-10.1932,0.938909173,7.9164543152,,0.4666666666666667,0.6666666666666666,0,1,-9.14545,0.9035280943,7.8049201965,,0.4,0.6666666666666666,0.0,1,-9.7205,0.8684666753,7.8117442131,,0.4666666666666667,0.6666666666666666,0,1,-9.18933,0.7888220549,7.6553020477,,0.4,0.5555555555555556,0.0,1,-9.152,0.7378823161,7.5806994438,,0.4,0.5555555555555556,0,1,-10.02173,0.6978746057,7.5426559448,,0.3333333333333333,0.6666666666666666,0.0,1,-7.83585,0.4279157221,6.7346057892,,0.6,0.7777777777777778,0.0,1,-9.73879,0.3953084946,7.0089869499,,0.2,0.3333333333333333,0.0,1,-7.34195,0.2403041124,6.4082546234,,0.4666666666666667,0.6666666666666666,0,1,-7.38864,0.2104590982,5.4574742317,,0.0,0.1111111111111111,0.0,1,10
CHEMBL133326,-8.19361,0.7567222118,7.1515879631,,0.6,0.8888888888888888,0,1,-9.20121,0.6906839609,7.3503494263,,0.6,0.7777777777777778,0.0,1,-9.22489,0.6331393719,7.2584424019,,0.6,0.7777777777777778,0,1,-7.54429,0.6033325195,6.768951416,,0.6,0.7777777777777778,0.0,1,-8.1727,0.5685588717,6.8363671303,,0.6,0.7777777777777778,0,1,-8.13795,0.56121099,7.0486493111,,0.7333333333333333,0.8888888888888888,0.0,1,-7.3545,0.5600659847,6.6677017212,,0.3333333333333333,0.5555555555555556,0.0,1,-7.84273,0.5169683099,6.8337306976,,0.6,0.8888888888888888,0.0,1,-8.71611,0.4856842458,7.0970473289,,0.7333333333333333,0.8888888888888888,0,1,-7.3201,0.3833843172,6.4058785439,,0.6666666666666666,0.7777777777777778,0.0,1,10
CHEMBL153640,-12.49792,0.0197646357,3.2331237793,,0.6,0.7777777777777778,0,1,-11.54934,0.0166822076,2.8394362926,,0.0666666666666666,0.1111111111111111,0.0,1,-10.75334,0.016617436,2.5841069221,,0.0666666666666666,0.1111111111111111,0,1,-11.42003,0.0162561163,3.2612266541,,0.4,0.6666666666666666,0.0,1,-12.19157,0.0157674681,3.0312347412,,0.4666666666666667,0.5555555555555556,0,1,-12.41663,0.014736549,3.0207710266,,0.4666666666666667,0.6666666666666666,0.0,1,-11.05475,0.01374056,4.0828051567,,0.2666666666666666,0.3333333333333333,0.0,1,-11.44936,0.0136300661,3.398195982,,0.4666666666666667,0.6666666666666666,0.0,1,-10.34675,0.0130433394,2.9076812267,,0.0666666666666666,0.1111111111111111,0,1,-12.5049,0.0125324288,3.269972086,,0.1333333333333333,0.2222222222222222,1.0,1,10
CHEMBL156161,-7.87869,0.8990699053,7.2593464851,,0.5333333333333333,0.7777777777777778,0,1,-7.96802,0.8807481527,7.1288146973,,0.5333333333333333,0.7777777777777778,0.0,1,-7.33328,0.8662589788,7.1093425751,,0.6,0.7777777777777778,0,1,-7.06953,0.8166354299,6.7158484459,,0.6,0.6666666666666666,0.0,1,-8.18062,0.6783673763,6.5641598701,,0.4,0.6666666666666666,0,1,-7.0781,0.6570328474,6.9107041359,,0.7333333333333333,0.8888888888888888,0.0,1,-7.45114,0.5484024286,6.2186179161,,0.3333333333333333,0.5555555555555556,0.0,1,-7.01297,0.5265294313,6.2131285667,,0.6,0.8888888888888888,0.0,1,-7.1494,0.4714654386,6.0566139221,,0.0666666666666666,0.1111111111111111,0,1,-7.10038,0.4615087509,6.3291544914,,0.6,0.8888888888888888,0.0,1,10
CHEMBL194316,-9.3238,0.8399165273,7.4141888618,,0.4,0.4444444444444444,0,1,-7.7974,0.8358028531,7.5284900665,,0.4666666666666667,0.5555555555555556,0.0,1,-9.17965,0.7511979342,7.4319915771,,0.3333333333333333,0.5555555555555556,0,1,-8.31352,0.6720755696,7.2597336769,,0.5333333333333333,0.6666666666666666,0.0,1,-8.98054,0.5728337765,6.7868561745,,0.1333333333333333,0.2222222222222222,0,1,-8.7736,0.5240882635,6.9978299141,,0.5333333333333333,0.6666666666666666,0.0,1,-9.96586,0.5016441941,7.0922794342,,0.3333333333333333,0.5555555555555556,0.0,1,-9.56436,0.4720668793,7.1142196655,,0.5333333333333333,0.6666666666666666,0.0,1,-8.39264,0.4271357954,6.8792929649,,0.2666666666666666,0.5555555555555556,0,1,-9.19537,0.4070545435,7.0007958412,,0.2,0.3333333333333333,0.0,1,10
CHEMBL194414,-7.95964,0.7232710719,7.3948559761,,0.4666666666666667,0.6666666666666666,0,1,-9.39188,0.5253990889,7.3814454079,,0.4666666666666667,0.5555555555555556,0.0,1,-9.05581,0.4589372277,7.1685767174,,0.2666666666666666,0.3333333333333333,0,1,-9.04378,0.4153889418,7.3271903992,,0.5333333333333333,0.5555555555555556,0.0,1,-9.53011,0.4059225023,7.1259555817,,0.3333333333333333,0.4444444444444444,0,1,-9.2557,0.3976022303,7.0980696678,,0.5333333333333333,0.6666666666666666,0.0,1,-8.43794,0.3820302486,7.0660567284,,0.3333333333333333,0.4444444444444444,0.0,1,-7.97216,0.3763186932,6.0635714531,,0.2,0.3333333333333333,0.0,1,-9.61786,0.2678996921,7.0074477196,,0.4666666666666667,0.5555555555555556,0,1,-9.02873,0.2403842062,6.5542855263,,0.4666666666666667,0.4444444444444444,0.0,1,10
CHEMBL197377,-9.05392,0.9815859795,7.7552046776,,0.4,0.5555555555555556,0,1,-8.88254,0.9671524763,7.7699642181,,0.4666666666666667,0.5555555555555556,0.0,1,-9.06054,0.925323844,7.5828642845,,0.3333333333333333,0.5555555555555556,0,1,-8.67643,0.9110864401,7.3933143616,,0.4,0.4444444444444444,0.0,1,-8.28463,0.8212004304,7.3980827332,,0.4666666666666667,0.5555555555555556,0,1,-6.42419,0.7867330313,6.5498714447,,0.5333333333333333,0.6666666666666666,0.0,1,-6.85356,0.7360728383,6.857489109,,0.3333333333333333,0.3333333333333333,0.0,1,-6.29694,0.6977152228,6.752073288,,0.3333333333333333,0.4444444444444444,0.0,1,-8.48376,0.6618697047,7.0495457649,,0.4,0.5555555555555556,0,1,-7.95899,0.6494915485,6.668489933,,0.4666666666666667,0.5555555555555556,0.0,1,10
CHEMBL204260,-7.65446,0.8281108141,6.6284527779,,0.4666666666666667,0.4444444444444444,0,1,-7.623,0.6791454554,6.2010178566,,0.6,0.6666666666666666,0.0,1,-8.69889,0.6783440709,6.9702091217,,0.4,0.5555555555555556,0,1,-8.89136,0.6431232095,6.5472741127,,0.4666666666666667,0.5555555555555556,0.0,1,-8.36899,0.6372496486,6.2230319977,,0.5333333333333333,0.6666666666666666,0,1,-8.14388,0.5889357328,6.7397613525,,0.4666666666666667,0.5555555555555556,0.0,1,-8.55553,0.4876351058,6.3229250908,,0.4666666666666667,0.6666666666666666,0.0,1,-7.97301,0.4842068255,6.1224837303,,0.5333333333333333,0.6666666666666666,0.0,1,-7.76142,0.4477445781,6.3575406075,,0.6,0.6666666666666666,0,1,-7.73609,0.4446829259,6.074652195,,0.4666666666666667,0.6666666666666666,0.0,1,10
CHEMBL231779,-10.09695,0.965587914,7.9689383507,,0.7333333333333333,0.7777777777777778,0,1,-9.13402,0.8689305186,7.4972462654,,0.4666666666666667,0.5555555555555556,0.0,1,-9.56575,0.8527085185,7.3737444878,,0.2666666666666666,0.4444444444444444,0,1,-9.20603,0.5402837992,6.7985816002,,0.6,0.6666666666666666,0.0,1,-9.31164,0.4909934402,6.7143187523,,0.6,0.5555555555555556,0,1,-6.80833,0.2907986045,6.6262669563,,0.1333333333333333,0.2222222222222222,0.0,1,-6.55316,0.290733546,5.6645126343,,0.0666666666666666,0.1111111111111111,0.0,1,-7.95108,0.2842695713,6.7182583809,,0.2,0.3333333333333333,0.0,1,-8.37605,0.2518689632,6.3234276772,,0.2666666666666666,0.4444444444444444,0,1,-6.00631,0.2485670894,5.0279622078,,0.2,0.2222222222222222,0.0,1,10
CHEMBL24460,-8.54903,0.8701955676,7.6041254997,,0.2666666666666666,0.3333333333333333,0,1,-9.29789,0.8673048615,7.8889737129,,0.2666666666666666,0.3333333333333333,0.0,1,-8.80744,0.7608506083,7.6680474281,,0.4666666666666667,0.6666666666666666,0,1,-8.92211,0.7589100599,7.7030296326,,0.4,0.4444444444444444,0.0,1,-7.66521,0.6440256238,6.8842206001,,0.2666666666666666,0.3333333333333333,0,1,-10.4809,0.4939895868,7.1566767693,,0.3333333333333333,0.5555555555555556,0.0,1,-8.19935,0.4713764489,6.9454522133,,0.4,0.4444444444444444,0.0,1,-8.45734,0.4572283924,7.2676253319,,0.3333333333333333,0.3333333333333333,0.0,1,-10.70314,0.4292764962,6.7048797607,,0.2666666666666666,0.5555555555555556,0,1,-10.02841,0.4243446887,6.7864356041,,0.5333333333333333,0.7777777777777778,0.0,1,10
CHEMBL252651,-8.71924,0.8456972837,7.37169981,,0.4,0.5555555555555556,0,1,-9.29262,0.7234550118,7.3549494743,,0.2666666666666666,0.3333333333333333,0.0,1,-9.21195,0.7149119377,7.3269023895,,0.2666666666666666,0.3333333333333333,0,1,-9.55033,0.6335453391,7.1575598717,,0.3333333333333333,0.4444444444444444,0.0,1,-9.45444,0.625240624,7.1542487144,,0.3333333333333333,0.4444444444444444,0,1,-9.36114,0.6182381511,7.0420131683,,0.3333333333333333,0.5555555555555556,0.0,1,-7.96623,0.5912560225,6.577457428,,0.4666666666666667,0.5555555555555556,0.0,1,-7.9797,0.544336617,6.7937064171,,0.2666666666666666,0.3333333333333333,0.0,1,-9.0451,0.4964688718,6.9612965584,,0.2,0.2222222222222222,0,1,-7.97283,0.4393858314,6.9351420403,,0.5333333333333333,0.5555555555555556,0.0,1,10
CHEMBL256573,-10.11103,0.9854496717,7.9770698547,,0.6,0.7777777777777778,0,1,-9.50383,0.8876215219,7.6109652519,,0.6,0.6666666666666666,0.0,1,-9.71255,0.8556869626,7.3353285789,,0.4,0.5555555555555556,0,1,-8.81762,0.8092175722,7.1964030266,,0.3333333333333333,0.4444444444444444,0.0,1,-7.62558,0.7714118361,7.0549893379,,0.6,0.6666666666666666,0,1,-8.54503,0.6259978414,7.0888962746,,0.3333333333333333,0.5555555555555556,0.0,1,-7.8398,0.623295784,7.0891089439,,0.4666666666666667,0.6666666666666666,0.0,1,-7.89149,0.5791739225,6.5231766701,,0.6,0.6666666666666666,0.0,1,-8.36887,0.5511603355,6.9570012093,,0.3333333333333333,0.5555555555555556,0,1,-9.26047,0.5182408094,6.6754136086,,0.4666666666666667,0.5555555555555556,0.0,1,10
CHEMBL27228,-8.41561,0.9111649394,7.6504406929,,0.4666666666666667,0.7777777777777778,0,1,-8.80699,0.7695183158,7.7508378029,,0.6,0.7777777777777778,0.0,1,-9.22643,0.7560552955,7.5866737366,,0.5333333333333333,0.6666666666666666,0,1,-9.06684,0.6786044836,7.5140442848,,0.4666666666666667,0.6666666666666666,0.0,1,-8.15077,0.674282074,7.1738286018,,0.4666666666666667,0.7777777777777778,0,1,-8.31419,0.6157999635,7.1780619621,,0.4666666666666667,0.7777777777777778,0.0,1,-8.36548,0.5448175073,7.0022621155,,0.5333333333333333,0.6666666666666666,0.0,1,-9.53865,0.5211274028,6.8898482323,,0.4666666666666667,0.7777777777777778,0.0,1,-7.59844,0.4694757164,6.9143505096,,0.5333333333333333,0.7777777777777778,0,1,-7.58619,0.4542047381,6.9680461884,,0.4,0.5555555555555556,0.0,1,10
CHEMBL294703,-6.83876,0.9597438574,5.1504349709,,0.5333333333333333,0.6666666666666666,0,1,-6.50013,0.900734663,4.7289013863,,0.4,0.5555555555555556,0.0,1,-6.60383,0.887648046,5.0850543976,,0.4,0.6666666666666666,0,1,-6.81517,0.8233795166,5.1105322838,,0.4666666666666667,0.7777777777777778,0.0,1,-6.36063,0.8224650025,4.6102194786,,0.2666666666666666,0.3333333333333333,0,1,-6.26733,0.6095774174,3.8800308704,,0.0666666666666666,0.1111111111111111,0.0,1,-6.07166,0.6090567112,3.8396632671,,0.0666666666666666,0.1111111111111111,0.0,1,-6.6395,0.5757168531,4.0505409241,,0.0,0.1111111111111111,0.0,1,-6.48786,0.5337840319,3.5836808681,,0.0,0.1111111111111111,0,1,-6.36996,0.5213021636,3.5478851795,,0.0,0.1111111111111111,0.0,1,10
CHEMBL309879,-9.76169,0.9413855672,7.5821242332,,0.7333333333333333,0.8888888888888888,0,1,-9.61787,0.9321882725,7.6479458809,,0.6,0.7777777777777778,0.0,1,-9.30975,0.9142919779,7.4751563072,,0.4,0.6666666666666666,0,1,-9.48312,0.8902747035,7.2719655037,,0.5333333333333333,0.7777777777777778,0.0,1,-8.6142,0.7998784781,6.8760619164,,0.4666666666666667,0.6666666666666666,0,1,-8.34356,0.7897744179,7.2503561974,,0.4666666666666667,0.6666666666666666,0.0,1,-9.16918,0.7617568374,7.0049338341,,0.5333333333333333,0.7777777777777778,0.0,1,-8.51639,0.724850893,6.7503190041,,0.6666666666666666,0.8888888888888888,0.0,1,-9.15669,0.7059217095,7.0456237793,,0.4,0.5555555555555556,0,1,-8.87456,0.6604214907,6.9048762321,,0.7333333333333333,0.8888888888888888,0.0,1,10
CHEMBL396087,-12.03677,0.0063050091,2.9042503834,,0.4666666666666667,0.6666666666666666,0,1,-10.87847,0.0047234176,2.4896178246,,0.0666666666666666,0.1111111111111111,0.0,1,-11.36098,0.0045216312,3.1738159657,,0.6,0.6666666666666666,0,1,-10.56812,0.0034032504,2.8805837631,,0.6,0.7777777777777778,0.0,1,-11.21892,0.0033979283,3.2950432301,,0.4,0.5555555555555556,0,1,-10.6291,0.0033963185,2.4431717396,,0.0666666666666666,0.1111111111111111,0.0,1,-11.75381,0.0033541415,2.7937829494,,0.0666666666666666,0.1111111111111111,0.0,1,-10.01433,0.0032783758,2.7496528625,,0.4,0.5555555555555556,0.0,1,-10.56936,0.003110525,2.4269897938,,0.0,0.1111111111111111,0,1,-10.19382,0.0029520579,2.4411151409,,0.0666666666666666,0.1111111111111111,0.0,1,10
CHEMBL44113,-9.07387,0.956669867,7.7554297447,,0.6,0.8888888888888888,0,1,-9.11499,0.9370946288,7.799097538,,0.5333333333333333,0.7777777777777778,0.0,1,-9.18286,0.9365026951,7.7835521698,,0.5333333333333333,0.7777777777777778,0,1,-8.44726,0.831692636,7.2987647057,,0.5333333333333333,0.7777777777777778,0.0,1,-8.08525,0.8278152943,7.3078517914,,0.6,0.7777777777777778,0,1,-7.87096,0.7471989989,6.7322788239,,0.4666666666666667,0.6666666666666666,0.0,1,-7.25508,0.6227614284,6.5166397095,,0.5333333333333333,0.6666666666666666,0.0,1,-7.66611,0.6041251421,6.7332382202,,0.2666666666666666,0.4444444444444444,0.0,1,-7.2611,0.5554183722,6.5463356972,,0.5333333333333333,0.7777777777777778,0,1,-8.3195,0.3398499191,6.0146899223,,0.2,0.3333333333333333,0.0,1,10
CHEMBL472609,-8.7353,0.9826208353,7.7910494804,,0.6,0.6666666666666666,0,1,-9.47928,0.9724345207,7.8042492867,,0.7333333333333333,0.7777777777777778,0.0,1,-8.74662,0.9483466744,7.674680233,,0.6666666666666666,0.7777777777777778,0,1,-8.6217,0.9182639718,7.5159869194,,0.5333333333333333,0.5555555555555556,0.0,1,-8.46261,0.5681248903,6.8436694145,,0.4666666666666667,0.5555555555555556,0,1,-7.74693,0.5534837246,6.9032173157,,0.3333333333333333,0.4444444444444444,0.0,1,-6.93,0.5115749836,6.5346674919,,0.3333333333333333,0.5555555555555556,0.0,1,-7.41548,0.4422643483,6.3972754478,,0.3333333333333333,0.5555555555555556,0.0,1,-7.21519,0.3033995926,6.5340342522,,0.5333333333333333,0.7777777777777778,0,1,-6.87736,0.2813836634,6.2179298401,,0.4,0.4444444444444444,0.0,1,10
CHEMBL551991,-8.1006,0.7529250979,7.3987965584,,0.5333333333333333,0.5555555555555556,0,1,-7.57888,0.7422724962,7.0484652519,,0.5333333333333333,0.6666666666666666,0.0,1,-7.81185,0.6089419723,7.124812603,,0.5333333333333333,0.6666666666666666,0,1,-7.49331,0.5993669629,7.1248188019,,0.4666666666666667,0.5555555555555556,0.0,1,-8.08767,0.5857235193,7.1569247246,,0.4666666666666667,0.4444444444444444,0,1,-7.87462,0.573509872,6.9184145927,,0.4666666666666667,0.5555555555555556,0.0,1,-7.1257,0.414803654,6.4232573509,,0.2,0.3333333333333333,0.0,1,-7.04919,0.3568415344,6.3807196617,,0.1333333333333333,0.2222222222222222,0.0,1,-7.80696,0.3506610692,6.8695449829,,0.4,0.4444444444444444,0,1,-7.6538,0.2762286961,6.9904880524,,0.4,0.4444444444444444,0.0,1,10
CHEMBL67692,-9.16978,0.8340016603,6.92420578,,0.4666666666666667,0.6666666666666666,0,1,-7.77703,0.7915374637,6.7451882362,,0.3333333333333333,0.4444444444444444,0.0,1,-8.36857,0.7895932198,6.572906971,,0.4666666666666667,0.6666666666666666,0,1,-8.31176,0.784702599,6.6925263405,,0.6,0.7777777777777778,0.0,1,-9.24491,0.7790956497,6.7281308174,,0.4666666666666667,0.6666666666666666,0,1,-9.32394,0.7746593952,6.8972916603,,0.5333333333333333,0.7777777777777778,0.0,1,-8.0887,0.6540902853,6.4795589447,,0.4,0.5555555555555556,0.0,1,-8.44239,0.5269508362,6.6036248207,,0.5333333333333333,0.6666666666666666,0.0,1,-8.36236,0.5017401576,6.2486271858,,0.4666666666666667,0.6666666666666666,0,1,-8.26145,0.4878237844,6.6338410378,,0.6,0.7777777777777778,0.0,1,10
CHEMBL76408,-9.20783,0.9737705588,7.048178196,,0.6,0.7777777777777778,0,1,-9.15179,0.9379446507,7.3787269592,,0.5333333333333333,0.7777777777777778,0.0,1,-8.54313,0.9211511016,7.0705909729,,0.5333333333333333,0.8888888888888888,0,1,-8.90873,0.903496623,6.6938891411,,0.6,0.8888888888888888,0.0,1,-8.98595,0.8984184861,6.9661269188,,0.5333333333333333,0.6666666666666666,0,1,-7.16241,0.8299686909,5.9678750038,,0.6666666666666666,0.7777777777777778,0.0,1,-8.43296,0.8073481917,6.3969759941,,0.5333333333333333,0.7777777777777778,0.0,1,-6.98359,0.7788475752,5.6983222961,,0.5333333333333333,0.6666666666666666,0.0,1,-8.04637,0.7024862766,6.4821829796,,0.5333333333333333,0.7777777777777778,0,1,-7.01348,0.6001836658,5.9964776039,,0.5333333333333333,0.7777777777777778,0.0,1,10
CHEMBL81521,-7.51015,0.6700688004,6.49411726,,0.4666666666666667,0.7777777777777778,0,1,-7.27015,0.6671222448,6.6720790863,,0.4,0.6666666666666666,0.0,1,-8.80631,0.6320078373,6.7176399231,,0.4,0.6666666666666666,0,1,-7.58695,0.5819764137,6.5564465523,,0.2666666666666666,0.4444444444444444,0.0,1,-8.66267,0.5434207916,6.6284632683,,0.4,0.6666666666666666,0,1,-7.49208,0.5203096271,6.6112303734,,0.3333333333333333,0.5555555555555556,0.0,1,-7.9805,0.4935585856,6.5725569725,,0.3333333333333333,0.5555555555555556,0.0,1,-8.54561,0.4878391027,6.3851852417,,0.3333333333333333,0.5555555555555556,0.0,1,-8.60757,0.4775092304,6.7315764427,,0.2666666666666666,0.4444444444444444,0,1,-8.48267,0.4418905377,6.5474720001,,0.3333333333333333,0.5555555555555556,0.0,1,10
ZINC000000000024,-5.91682,0.8917173743,3.9950618744,,0.0666666666666666,0.1111111111111111,0,1,-5.87398,0.8571811318,3.8554255962,,0.0,0.1111111111111111,0.0,1,-6.96646,0.7531639934,4.1086115837,,0.2,0.2222222222222222,0,1,-6.64115,0.7528051138,4.4194054604,,0.0666666666666666,0.2222222222222222,0.0,1,-6.16608,0.7260881662,3.8012821674,,0.1333333333333333,0.3333333333333333,0,1,-8.47367,0.6911188364,5.7626838684,,0.6,0.7777777777777778,0.0,1,-6.4281,0.6836400032,4.1147389412,,0.0666666666666666,0.2222222222222222,0.0,1,-7.39738,0.5112079382,4.4998016357,,0.1333333333333333,0.2222222222222222,0.0,1,-6.54909,0.4863359928,3.8579366207,,0.0666666666666666,0.1111111111111111,0,1,-6.85152,0.3712619841,4.4572639465,,0.2,0.2222222222222222,0.0,1,10
ZINC000000000031,-6.08098,0.3880081773,4.4337024689,,0.0666666666666666,0.2222222222222222,0,1,-5.15931,0.334862709,4.2923483849,,0.0,0.1111111111111111,0.0,1,-5.1136,0.3206753731,4.7677435875,,0.1333333333333333,0.2222222222222222,0,1,-6.45239,0.2778478861,4.491672039,,0.0666666666666666,0.1111111111111111,0.0,1,-6.79171,0.269867152,4.4795594215,,0.1333333333333333,0.2222222222222222,0,1,-5.61014,0.2697104216,4.1383519173,,0.1333333333333333,0.3333333333333333,0.0,1,-6.19986,0.2675340772,5.3117175102,,0.4666666666666667,0.5555555555555556,0.0,1,-6.70566,0.2662314475,4.4726872444,,0.1333333333333333,0.2222222222222222,0.0,1,-6.07474,0.2648848295,4.4991755486,,0.0666666666666666,0.2222222222222222,0,1,-5.88396,0.2646840811,4.2174677849,,0.0666666666666666,0.2222222222222222,0.0,1,10
ZINC000000000050,-6.92656,0.9166240692,5.1701521873,,0.0666666666666666,0.1111111111111111,0,1,-7.04113,0.7564556599,4.4773745537,,0.0,0.1111111111111111,0.0,1,-5.73818,0.6589466929,4.679418087,,0.0,0.1111111111111111,0,1,-6.70595,0.657389164,4.3995594978,,0.0,0.1111111111111111,0.0,1,-5.07625,0.5858519673,5.023581028,,0.0666666666666666,0.1111111111111111,0,1,-6.99592,0.5456932783,4.5187392235,,0.0666666666666666,0.1111111111111111,0.0,1,-5.37671,0.5441794395,4.8075890541,,0.0,0.1111111111111111,0.0,1,-7.32853,0.5151768923,4.3799309731,,0.0,0.1111111111111111,0.0,1,-5.95998,0.464127928,3.8715937138,,0.0,0.1111111111111111,0,1,-6.01286,0.4345185757,4.4586243629,,0.0,0.1111111111111111,0.0,1,10
ZINC000000000106,-5.73449,0.695256114,5.0704407692,,0.2666666666666666,0.3333333333333333,0,1,-6.41388,0.6075550914,5.740301609,,0.4,0.4444444444444444,0.0,1,-5.5649,0.4344398677,5.5359745026,,0.5333333333333333,0.6666666666666666,0,1,-5.30404,0.3949895799,4.064467907,,0.0666666666666666,0.2222222222222222,0.0,1,-5.47008,0.3274275959,4.2362103462,,0.1333333333333333,0.2222222222222222,0,1,-6.13803,0.327408731,4.0492434502,,0.2,0.2222222222222222,0.0,1,-4.87614,0.3195555508,4.0012145042,,0.0666666666666666,0.1111111111111111,0.0,1,-5.47636,0.3135275543,3.941975832,,0.1333333333333333,0.2222222222222222,0.0,1,-5.17718,0.3082429171,4.0668540001,,0.0666666666666666,0.1111111111111111,0,1,-5.05257,0.2779203355,3.2827091217,,0.0666666666666666,0.2222222222222222,0.0,1,10
ZINC000000000127,-6.11349,0.5919739008,5.6265883446,,0.2,0.2222222222222222,0,1,-7.63436,0.5153173208,6.4510989189,,0.2666666666666666,0.4444444444444444,0.0,1,-7.26458,0.4785600901,6.5794181824,,0.2666666666666666,0.4444444444444444,0,1,-6.42677,0.4638670087,5.1019310951,,0.0666666666666666,0.2222222222222222,0.0,1,-6.44384,0.4448693991,5.6441764832,,0.2,0.2222222222222222,0,1,-6.07791,0.393783778,5.2336945534,,0.0666666666666666,0.2222222222222222,0.0,1,-6.94517,0.3715679049,6.3310313225,,0.2,0.3333333333333333,0.0,1,-6.00077,0.3705152571,5.1798110008,,0.2,0.2222222222222222,0.0,1,-6.23842,0.3641050458,5.592684269,,0.0666666666666666,0.2222222222222222,0,1,-6.16252,0.3250517845,5.7546310425,,0.2666666666666666,0.4444444444444444,0.0,1,10
ZINC000000000130,-6.01398,0.9456027746,6.3154606819,,0.4,0.4444444444444444,0,1,-6.04567,0.9310890436,6.1400694847,,0.4666666666666667,0.6666666666666666,0.0,1,-6.1072,0.9062011242,6.2246723175,,0.4666666666666667,0.4444444444444444,0,1,-5.03854,0.36285761,3.8338444233,,0.0666666666666666,0.1111111111111111,0.0,1,-5.63663,0.3621120155,4.1139941216,,0.2,0.2222222222222222,0,1,-5.77897,0.3528736532,4.2249350548,,0.0666666666666666,0.1111111111111111,0.0,1,-5.91268,0.3518672287,4.2233872414,,0.1333333333333333,0.2222222222222222,0.0,1,-5.57478,0.3366921544,4.0043787956,,0.1333333333333333,0.2222222222222222,0.0,1,-4.80365,0.328430146,3.785040617,,0.0,0.1111111111111111,0,1,-4.61539,0.3248879313,3.6879031658,,0.0,0.1111111111111111,0.0,1,10
ZINC000000000242,-6.43808,0.8325191736,4.7919211388,,0.0,0.1111111111111111,0,1,-6.33665,0.768938899,4.6393623352,,0.0,0.1111111111111111,0.0,1,-5.51539,0.7414194942,4.5370373726,,0.0,0.1111111111111111,0,1,-5.99556,0.7382897139,4.42045784,,0.0666666666666666,0.1111111111111111,0.0,1,-6.83893,0.714661777,4.4456067085,,0.0,0.1111111111111111,0,1,-6.83366,0.7098885179,4.4436326027,,0.0,0.1111111111111111,0.0,1,-6.05644,0.5581852198,4.334903717,,0.0,0.1111111111111111,0.0,1,-5.57314,0.5259444118,4.0824036598,,0.0,0.1111111111111111,0.0,1,-5.75247,0.5140516758,4.5029668808,,0.0666666666666666,0.1111111111111111,0,1,-6.2652,0.5095313191,4.0551757812,,0.0666666666666666,0.1111111111111111,0.0,1,10
ZINC000000000246,-6.39448,0.6971185207,4.6700911522,,0.0666666666666666,0.1111111111111111,0,1,-7.15946,0.6366710663,4.9360599518,,0.0666666666666666,0.1111111111111111,0.0,1,-7.01192,0.6336591244,4.6723513603,,0.0,0.1111111111111111,0,1,-5.6839,0.6310274601,6.1457958221,,0.4666666666666667,0.6666666666666666,0.0,1,-7.14721,0.6229112148,4.9116139412,,0.0666666666666666,0.1111111111111111,0,1,-7.03219,0.6221078634,4.682328701,,0.0,0.1111111111111111,0.0,1,-7.03978,0.6199197173,4.6601428986,,0.0666666666666666,0.1111111111111111,0.0,1,-7.01259,0.6160337329,4.6449828148,,0.0,0.1111111111111111,0.0,1,-6.63461,0.6002441645,4.4956421852,,0.0666666666666666,0.1111111111111111,0,1,-5.98568,0.5119863749,4.2416133881,,0.0,0.1111111111111111,0.0,1,10
ZINC000000000251,-7.72338,0.6372134686,6.8781170845,,0.4,0.5555555555555556,0,1,-7.07724,0.5275688171,6.0403733253,,0.2666666666666666,0.5555555555555556,0.0,1,-6.90571,0.4999642074,5.9123616219,,0.4666666666666667,0.6666666666666666,0,1,-6.99097,0.4643046856,4.900806427,,0.0666666666666666,0.2222222222222222,0.0,1,-7.12561,0.4343649149,4.4175519943,,0.0666666666666666,0.1111111111111111,0,1,-6.96333,0.4053748548,4.4376196861,,0.0,0.1111111111111111,0.0,1,-6.79754,0.4043486118,4.6846809387,,0.0,0.1111111111111111,0.0,1,-6.91416,0.370277524,5.6438288689,,0.4666666666666667,0.5555555555555556,0.0,1,-6.7858,0.3614188135,4.4893131256,,0.0,0.1111111111111111,0,1,-7.45174,0.3467492461,5.7113184929,,0.6,0.6666666666666666,0.0,1,10
ZINC000000000255,-7.0104,0.4243994951,6.091199398,,0.4,0.6666666666666666,0,1,-6.7355,0.3876021802,6.0188136101,,0.3333333333333333,0.4444444444444444,0.0,1,-6.80407,0.3114446402,5.7212052345,,0.3333333333333333,0.4444444444444444,0,1,-5.73695,0.3098162115,4.936604023,,0.1333333333333333,0.2222222222222222,0.0,1,-6.46263,0.290684104,4.658516407,,0.0,0.1111111111111111,0,1,-6.00717,0.2893855572,4.5786671638,,0.0666666666666666,0.1111111111111111,0.0,1,-5.43707,0.2803682983,4.2587370872,,0.2,0.2222222222222222,0.0,1,-6.28829,0.2707217336,6.0263733864,,0.2666666666666666,0.3333333333333333,0.0,1,-5.99057,0.2523248494,5.3895969391,,0.4666666666666667,0.6666666666666666,0,1,-7.09909,0.2402393967,5.514213562,,0.5333333333333333,0.6666666666666666,0.0,1,10
ZINC000000000293,-6.68978,0.4012101293,6.3113150597,,0.3333333333333333,0.5555555555555556,0,1,-6.52265,0.3279253244,5.9467544556,,0.2666666666666666,0.4444444444444444,0.0,1,-6.87265,0.3037250936,5.1265015602,,0.0666666666666666,0.2222222222222222,0,1,-6.46643,0.2984728813,4.7319302559,,0.0666666666666666,0.2222222222222222,0.0,1,-6.61842,0.256860733,5.5286998749,,0.2666666666666666,0.3333333333333333,0,1,-8.5955,0.2303801924,5.3829212189,,0.1333333333333333,0.2222222222222222,0.0,1,-7.31261,0.2230883539,4.4421277046,,0.2,0.3333333333333333,0.0,1,-7.52465,0.2170087099,4.3648166656,,0.1333333333333333,0.3333333333333333,0.0,1,-6.65263,0.208835572,4.0139269829,,0.2,0.3333333333333333,0,1,-6.92566,0.1984827965,4.5707221031,,0.0,0.1111111111111111,0.0,1,10
ZINC000000000365,-7.47122,0.772888124,5.6870617867,,0.3333333333333333,0.5555555555555556,0,1,-6.00305,0.759016335,5.5904946327,,0.2666666666666666,0.4444444444444444,0.0,1,-6.42002,0.6425934434,5.1193175316,,0.2,0.3333333333333333,0,1,-6.22268,0.5807252526,5.5271658897,,0.4,0.5555555555555556,0.0,1,-6.814,0.5354703665,5.2154154778,,0.2,0.3333333333333333,0,1,-7.52432,0.5261361599,5.6073060036,,0.0666666666666666,0.1111111111111111,0.0,1,-5.62216,0.4645726681,4.0566182137,,0.1333333333333333,0.2222222222222222,0.0,1,-5.84488,0.4532916248,5.4395141602,,0.1333333333333333,0.2222222222222222,0.0,1,-5.63783,0.4401499331,4.2041773796,,0.0666666666666666,0.2222222222222222,0,1,-5.60432,0.4192995131,3.7570693493,,0.0,0.1111111111111111,0.0,1,10
ZINC000000000384,-6.18233,0.9155111909,4.4458394051,,0.1333333333333333,0.2222222222222222,0,1,-5.24459,0.7900815606,4.3129954338,,0.0,0.1111111111111111,0.0,1,-5.1374,0.6436665654,3.6626205444,,0.0666666666666666,0.1111111111111111,0,1,-4.92074,0.577550292,3.7023785114,,0.1333333333333333,0.2222222222222222,0.0,1,-6.26327,0.5763753057,3.6835877895,,0.1333333333333333,0.2222222222222222,0,1,-6.462,0.5719071031,3.6386983395,,0.0,0.1111111111111111,0.0,1,-6.44605,0.5679727793,3.6403152943,,0.0,0.1111111111111111,0.0,1,-6.23464,0.5415027142,3.6750743389,,0.0,0.1111111111111111,0.0,1,-6.11248,0.5126691461,3.566327095,,0.0666666666666666,0.2222222222222222,0,1,-5.86129,0.4814382195,3.6037323475,,0.0666666666666666,0.1111111111111111,0.0,1,10
ZINC000000000388,-6.47209,0.7990575433,4.0184216499,,0.1333333333333333,0.2222222222222222,0,1,-6.16012,0.7592125535,4.8676400185,,0.4,0.5555555555555556,0.0,1,-6.8076,0.7215098143,3.7682459354,,0.0,0.1111111111111111,0,1,-6.43985,0.7155408859,3.9082782269,,0.0,0.1111111111111111,0.0,1,-5.88756,0.6898570657,3.7475357056,,0.0,0.1111111111111111,0,1,-5.68974,0.593324542,4.6394481659,,0.2666666666666666,0.4444444444444444,0.0,1,-5.68186,0.5640159249,4.9112505913,,0.2,0.3333333333333333,0.0,1,-6.8597,0.5606305003,3.6703784466,,0.1333333333333333,0.2222222222222222,0.0,1,-6.23354,0.5409573913,3.4488990307,,0.0666666666666666,0.1111111111111111,0,1,-5.35123,0.5225610137,4.0495066643,,0.0,0.0,0.0,1,10
ZINC000000000558,-5.92314,0.9425352216,4.2110915184,,0.4666666666666667,0.6666666666666666,0,1,-5.81936,0.9282678962,4.3260402679,,0.4,0.6666666666666666,0.0,1,-6.03574,0.8337287307,3.8830766678,,0.4,0.6666666666666666,0,1,-5.34524,0.8148357272,4.4447684288,,0.1333333333333333,0.2222222222222222,0.0,1,-5.42635,0.8079676032,3.8098018169,,0.2666666666666666,0.4444444444444444,0,1,-5.35192,0.8059166074,4.0725245476,,0.0,0.1111111111111111,0.0,1,-5.28207,0.801025331,4.0599594116,,0.0,0.1111111111111111,0.0,1,-5.40584,0.7795642614,3.7677059174,,0.0666666666666666,0.1111111111111111,0.0,1,-5.34755,0.7636751533,4.3151550293,,0.0,0.1111111111111111,0,1,-4.68322,0.7536817193,4.4779019356,,0.0,0.1111111111111111,0.0,1,10
ZINC000000000559,-6.8941,0.8389160633,4.1028490067,,0.4666666666666667,0.7777777777777778,0,1,-5.29243,0.8320354819,4.3321614265,,0.5333333333333333,0.6666666666666666,0.0,1,-6.38712,0.8280704021,4.0837302208,,0.4666666666666667,0.6666666666666666,0,1,-6.33112,0.8151845932,4.0264835358,,0.5333333333333333,0.7777777777777778,0.0,1,-5.00212,0.8036751151,3.4549515247,,0.1333333333333333,0.2222222222222222,0,1,-6.51004,0.7945711613,3.9441673756,,0.4,0.4444444444444444,0.0,1,-6.35209,0.7818697095,3.8980381489,,0.2666666666666666,0.4444444444444444,0.0,1,-5.95019,0.7212941647,3.9883053303,,0.4,0.4444444444444444,0.0,1,-5.37484,0.6475003362,3.7421548367,,0.0666666666666666,0.1111111111111111,0,1,-6.06469,0.6316094995,3.5910904408,,0.0666666666666666,0.1111111111111111,0.0,1,10
ZINC000000000630,-5.09676,0.5001195669,5.2437567711,,0.4666666666666667,0.6666666666666666,0,1,-5.07949,0.4276536703,4.4897246361,,0.0666666666666666,0.1111111111111111,0.0,1,-6.83466,0.2944168746,4.9463214874,,0.4666666666666667,0.5555555555555556,0,1,-5.25942,0.2333000153,5.0172276497,,0.2666666666666666,0.3333333333333333,0.0,1,-5.09018,0.2263000906,4.8733673096,,0.1333333333333333,0.2222222222222222,0,1,-5.60236,0.223420471,4.3555588722,,0.1333333333333333,0.2222222222222222,0.0,1,-5.20164,0.2020708621,5.0981230736,,0.2666666666666666,0.3333333333333333,0.0,1,-5.37834,0.195293799,4.9658875465,,0.4666666666666667,0.6666666666666666,0.0,1,-5.47748,0.1811220199,4.9294319153,,0.2666666666666666,0.3333333333333333,0,1,-5.06019,0.1803379655,4.7341799736,,0.1333333333333333,0.2222222222222222,0.0,1,10
ZINC000000000651,-7.44111,0.8339666128,6.4129924774,,0.4,0.5555555555555556,0,1,-7.09471,0.6792179346,5.8942704201,,0.4,0.6666666666666666,0.0,1,-7.24837,0.6766825318,5.9653320312,,0.4666666666666667,0.6666666666666666,0,1,-6.77775,0.5016605854,5.5388598442,,0.4,0.4444444444444444,0.0,1,-6.709,0.4486494064,5.8085441589,,0.2666666666666666,0.3333333333333333,0,1,-6.61581,0.4356787503,4.0469889641,,0.0,0.1111111111111111,0.0,1,-6.82018,0.4181301296,4.5542449951,,0.0,0.1111111111111111,0.0,1,-7.82203,0.4095335603,4.7246947289,,0.1333333333333333,0.2222222222222222,0.0,1,-6.51913,0.4042263031,4.2216610909,,0.0666666666666666,0.1111111111111111,0,1,-7.12365,0.3804667592,4.1377315521,,0.0,0.1111111111111111,0.0,1,10
ZINC000000000669,-5.58497,0.3620256782,5.1665010452,,0.0,0.1111111111111111,0,1,-5.30765,0.34128353,4.2410068512,,0.0,0.1111111111111111,0.0,1,-6.10896,0.3168738484,4.8768024445,,0.0,0.1111111111111111,0,1,-5.35869,0.3090392649,4.4821372032,,0.0,0.1111111111111111,0.0,1,-5.37115,0.3062949479,5.0681910515,,0.0666666666666666,0.2222222222222222,0,1,-5.77827,0.2898477614,4.5616707802,,0.0666666666666666,0.1111111111111111,0.0,1,-5.9953,0.2808102667,4.6134586334,,0.0,0.1111111111111111,0.0,1,-5.32983,0.2779740691,5.280146122,,0.0666666666666666,0.1111111111111111,0.0,1,-5.47264,0.2673101127,4.3716750145,,0.0,0.1111111111111111,0,1,-5.57674,0.2655696869,4.6153531075,,0.1333333333333333,0.2222222222222222,0.0,1,10
ZINC000000000751,-5.6741,0.5981083512,4.4299407005,,0.0,0.1111111111111111,0,1,-5.64689,0.5311610699,4.4776492119,,0.0666666666666666,0.1111111111111111,0.0,1,-5.56462,0.5178207755,4.7841506004,,0.0666666666666666,0.1111111111111111,0,1,-6.29349,0.4745690823,5.7887687683,,0.5333333333333333,0.7777777777777778,0.0,1,-5.76504,0.4250051379,4.9039955139,,0.0666666666666666,0.1111111111111111,0,1,-5.85247,0.4148692489,4.7633666992,,0.1333333333333333,0.2222222222222222,0.0,1,-5.82406,0.3747969866,4.6311211586,,0.0666666666666666,0.2222222222222222,0.0,1,-6.38385,0.3545575738,5.7012729645,,0.6,0.7777777777777778,0.0,1,-5.9577,0.353621304,5.0047736168,,0.0,0.0,0,1,-5.40239,0.3145247996,4.6106643677,,0.0,0.1111111111111111,0.0,1,10
ZINC000000000817,-5.79549,0.680028975,4.3780961037,,0.1333333333333333,0.2222222222222222,0,1,-5.6181,0.629637301,4.6698899269,,0.0666666666666666,0.1111111111111111,0.0,1,-4.99792,0.5821092129,5.3954296112,,0.0666666666666666,0.1111111111111111,0,1,-5.93303,0.4828546643,4.1742806435,,0.1333333333333333,0.2222222222222222,0.0,1,-5.76876,0.3182949722,4.3020524979,,0.1333333333333333,0.2222222222222222,0,1,-5.83321,0.3113890886,4.2184977531,,0.0666666666666666,0.2222222222222222,0.0,1,-6.13567,0.2787448466,4.4890694618,,0.3333333333333333,0.4444444444444444,0.0,1,-6.10478,0.2750093639,4.2009048462,,0.1333333333333333,0.2222222222222222,0.0,1,-5.86767,0.2627571821,4.234287262,,0.1333333333333333,0.2222222222222222,0,1,-6.80548,0.2228251994,5.3475594521,,0.3333333333333333,0.5555555555555556,0.0,1,10
ZINC000000000830,-8.32369,0.8447208405,6.9339909554,,0.2666666666666666,0.3333333333333333,0,1,-7.44903,0.8282268047,7.083712101,,0.2666666666666666,0.3333333333333333,0.0,1,-7.07682,0.6200768948,6.2325329781,,0.2666666666666666,0.3333333333333333,0,1,-6.77251,0.5773173571,6.1022973061,,0.2666666666666666,0.4444444444444444,0.0,1,-7.67846,0.5324883461,5.7456593513,,0.2,0.3333333333333333,0,1,-7.05785,0.4893777072,6.2185196877,,0.2666666666666666,0.5555555555555556,0.0,1,-6.43688,0.4117720127,5.9667954445,,0.2,0.4444444444444444,0.0,1,-7.02593,0.4071213901,6.351328373,,0.4,0.5555555555555556,0.0,1,-6.30916,0.3544209898,5.4707779884,,0.2,0.3333333333333333,0,1,-6.44946,0.3459299207,4.4492726326,,0.0,0.0,0.0,1,10
ZINC000000000856,-7.94674,0.9080678225,6.9721369743,,0.4,0.5555555555555556,0,1,-8.1582,0.8552706242,6.6405377388,,0.2666666666666666,0.4444444444444444,0.0,1,-8.62757,0.7399929762,6.0097403526,,0.4,0.5555555555555556,0,1,-8.03794,0.7114316821,6.1695981026,,0.3333333333333333,0.4444444444444444,0.0,1,-7.05933,0.6505485773,6.1271986961,,0.4666666666666667,0.5555555555555556,0,1,-7.95823,0.648078382,6.4361042976,,0.2666666666666666,0.4444444444444444,0.0,1,-7.18637,0.6122640967,6.2187619209,,0.3333333333333333,0.5555555555555556,0.0,1,-6.82545,0.5074292421,6.0009531975,,0.4,0.5555555555555556,0.0,1,-7.82636,0.4626360536,5.7123279572,,0.2,0.3333333333333333,0,1,-7.44501,0.3856777549,5.6777839661,,0.3333333333333333,0.5555555555555556,0.0,1,10
ZINC000000000857,-7.95495,0.8119283319,6.172683239,,0.3333333333333333,0.6666666666666666,0,1,-8.18461,0.6418283582,5.6418552399,,0.3333333333333333,0.4444444444444444,0.0,1,-7.31953,0.4940273464,5.7892565727,,0.4,0.5555555555555556,0,1,-7.76621,0.4424670339,4.5609250069,,0.0666666666666666,0.1111111111111111,0.0,1,-6.59537,0.4152225554,4.066511631,,0.0,0.1111111111111111,0,1,-7.15631,0.4104162455,4.2171492577,,0.0666666666666666,0.1111111111111111,0.0,1,-6.98055,0.4040006101,4.3055911064,,0.1333333333333333,0.2222222222222222,0.0,1,-7.46503,0.3989716172,4.322781086,,0.2,0.2222222222222222,0.0,1,-6.76859,0.3908398151,4.7231678963,,0.2666666666666666,0.2222222222222222,0,1,-7.69054,0.3745093048,4.4872717857,,0.4666666666666667,0.6666666666666666,0.0,1,10
ZINC000000001202,-5.89825,0.984449923,6.4565391541,,0.4,0.5555555555555556,0,1,-6.02514,0.9724811912,6.0313987732,,0.4666666666666667,0.6666666666666666,0.0,1,-5.82511,0.9660484791,6.0010299683,,0.5333333333333333,0.7777777777777778,0,1,-5.46608,0.9657795429,5.8787417412,,0.4,0.4444444444444444,0.0,1,-5.38063,0.9623723626,5.3165664673,,0.4,0.5555555555555556,0,1,-5.57312,0.9530610442,5.9323787689,,0.4666666666666667,0.5555555555555556,0.0,1,-6.02099,0.9493791461,6.240650177,,0.4,0.4444444444444444,0.0,1,-5.84643,0.9485504031,5.8195137978,,0.4,0.5555555555555556,0.0,1,-6.37551,0.9061499238,5.5717177391,,0.4666666666666667,0.5555555555555556,0,1,-5.0296,0.7640206218,5.0722661018,,0.3333333333333333,0.5555555555555556,0.0,1,10
ZINC000000001233,-5.07742,0.3883512914,4.4257102013,,0.0666666666666666,0.1111111111111111,0,1,-5.76405,0.3404406011,5.2834129333,,0.4,0.5555555555555556,0.0,1,-5.1094,0.3194812536,5.2422003746,,0.4666666666666667,0.6666666666666666,0,1,-5.18634,0.2420459986,3.4167225361,,0.0,0.1111111111111111,0.0,1,-5.14164,0.2354487032,5.1533312798,,0.1333333333333333,0.1111111111111111,0,1,-4.91719,0.2332913578,3.791503191,,0.0,0.1111111111111111,0.0,1,-5.28263,0.1980516762,3.4086501598,,0.0,0.1111111111111111,0.0,1,-5.89341,0.1897280067,3.443351984,,0.0666666666666666,0.1111111111111111,0.0,1,-5.97679,0.1849420071,3.6089389324,,0.1333333333333333,0.3333333333333333,0,1,-6.08306,0.1760516316,3.5547516346,,0.2,0.2222222222222222,0.0,1,10
ZINC000000001442,-6.80303,0.4442558289,6.4971995354,,0.1333333333333333,0.3333333333333333,0,1,-6.02868,0.4425272346,6.1957111359,,0.2,0.3333333333333333,0.0,1,-7.3139,0.3848366439,6.2793316841,,0.1333333333333333,0.2222222222222222,0,1,-7.25984,0.3495057523,6.3357567787,,0.2,0.3333333333333333,0.0,1,-7.74875,0.3449032009,6.1335086823,,0.2,0.4444444444444444,0,1,-7.47692,0.3395106494,6.443716526,,0.2666666666666666,0.4444444444444444,0.0,1,-6.69572,0.3316676021,5.854944706,,0.1333333333333333,0.2222222222222222,0.0,1,-6.0589,0.3288666904,5.0054135323,,0.0,0.1111111111111111,0.0,1,-7.03058,0.3275423944,6.1681175232,,0.2,0.3333333333333333,0,1,-7.66899,0.3200901151,5.964951992,,0.2,0.3333333333333333,0.0,1,10
ZINC000000001623,-6.21619,0.3290128708,5.4996705055,,0.0666666666666666,0.1111111111111111,0,1,-6.52124,0.3086950481,5.2799143791,,0.0666666666666666,0.1111111111111111,0.0,1,-9.04763,0.2961922884,5.2060637474,,0.1333333333333333,0.2222222222222222,0,1,-6.10769,0.288138926,4.9382839203,,0.1333333333333333,0.2222222222222222,0.0,1,-5.90603,0.2806524038,4.6890487671,,0.0,0.0,0,1,-6.45773,0.2663186193,4.555536747,,0.0666666666666666,0.1111111111111111,0.0,1,-8.63592,0.261528194,4.9032139778,,0.1333333333333333,0.2222222222222222,0.0,1,-7.08562,0.2484658062,4.6527295113,,0.0,0.1111111111111111,0.0,1,-7.09435,0.2482513189,5.1808929443,,0.3333333333333333,0.4444444444444444,0,1,-7.07162,0.2393697351,4.8079843521,,0.0,0.1111111111111111,0.0,1,10
ZINC000000001681,-6.42055,0.613568902,4.188565731,,0.0666666666666666,0.1111111111111111,0,1,-6.34766,0.5043023825,4.1777033806,,0.0666666666666666,0.1111111111111111,0.0,1,-6.01637,0.4935213029,5.2414221764,,0.3333333333333333,0.5555555555555556,0,1,-6.19952,0.4640033245,3.9068367481,,0.0666666666666666,0.2222222222222222,0.0,1,-6.17938,0.4386603236,3.7609231472,,0.0,0.1111111111111111,0,1,-6.11596,0.4365800917,3.9919993877,,0.0,0.1111111111111111,0.0,1,-6.16831,0.4062434435,4.0184192657,,0.0,0.1111111111111111,0.0,1,-6.29847,0.3971387446,3.9281089306,,0.0666666666666666,0.1111111111111111,0.0,1,-6.20864,0.3917057514,4.0189976692,,0.0,0.1111111111111111,0,1,-6.2057,0.3666225374,3.8575909138,,0.0666666666666666,0.1111111111111111,0.0,1,10
ZINC000000001951,-5.92898,0.6596744061,5.4301724434,,0.0666666666666666,0.1111111111111111,0,1,-6.30241,0.6071200967,5.1545410156,,0.0,0.1111111111111111,0.0,1,-6.32902,0.5973255634,5.3533034325,,0.1333333333333333,0.2222222222222222,0,1,-5.9291,0.5487658381,5.1393446922,,0.0,0.1111111111111111,0.0,1,-5.7435,0.5153973103,5.196706295,,0.0666666666666666,0.1111111111111111,0,1,-5.66095,0.4904944599,4.8203988075,,0.0,0.1111111111111111,0.0,1,-6.55325,0.4344305396,5.4067864418,,0.0666666666666666,0.1111111111111111,0.0,1,-6.20057,0.4173746407,5.0085873604,,0.0666666666666666,0.1111111111111111,0.0,1,-6.9708,0.354652375,4.8305850029,,0.0666666666666666,0.1111111111111111,0,1,-6.69395,0.3531155586,5.2122173309,,0.1333333333333333,0.2222222222222222,0.0,1,10
ZINC000000002136,-6.3811,0.4285545945,5.8719658852,,0.0,0.1111111111111111,0,1,-6.33061,0.4069385529,6.3201942444,,0.6,0.7777777777777778,0.0,1,-6.16387,0.3537593186,5.3567948341,,0.0,0.1111111111111111,0,1,-6.53455,0.3372763991,5.5750470161,,0.0666666666666666,0.1111111111111111,0.0,1,-5.99055,0.333297044,5.1059498787,,0.0666666666666666,0.1111111111111111,0,1,-6.69701,0.324107796,5.8994503021,,0.0666666666666666,0.1111111111111111,0.0,1,-7.38297,0.3097651601,5.0572571754,,0.0,0.1111111111111111,0.0,1,-6.06171,0.2893139422,4.7652201653,,0.0666666666666666,0.1111111111111111,0.0,1,-7.94138,0.2850030065,5.4783530235,,0.0,0.1111111111111111,0,1,-8.63535,0.2634569108,5.5130558014,,0.1333333333333333,0.2222222222222222,0.0,1,10
ZINC000000002195,-7.13388,0.7306747437,6.746655941,,0.3333333333333333,0.4444444444444444,0,1,-6.46842,0.631316483,6.3921489716,,0.2,0.2222222222222222,0.0,1,-6.89171,0.4777030349,6.0508766174,,0.5333333333333333,0.5555555555555556,0,1,-6.22844,0.3967691362,5.9739775658,,0.1333333333333333,0.2222222222222222,0.0,1,-8.0815,0.3797395825,5.8241200447,,0.1333333333333333,0.2222222222222222,0,1,-8.08595,0.3529773355,5.4069647789,,0.0666666666666666,0.1111111111111111,0.0,1,-6.5324,0.3473367989,5.0952196121,,0.2,0.2222222222222222,0.0,1,-8.28545,0.3163220584,5.6701540947,,0.2,0.3333333333333333,0.0,1,-6.39337,0.3090154529,4.7582001686,,0.1333333333333333,0.2222222222222222,0,1,-6.72857,0.301746875,4.7790279388,,0.2,0.4444444444444444,0.0,1,10
ZINC000000002263,-5.82973,0.7392126322,6.5989174843,,0.5333333333333333,0.6666666666666666,0,1,-5.50669,0.5024415851,5.3651652336,,0.0666666666666666,0.1111111111111111,0.0,1,-5.58997,0.4613917172,5.370552063,,0.0666666666666666,0.1111111111111111,0,1,-6.4499,0.4472290277,5.8654122353,,0.4666666666666667,0.6666666666666666,0.0,1,-5.95467,0.4168882072,5.9364051819,,0.3333333333333333,0.5555555555555556,0,1,-5.76554,0.3419096172,4.6858229637,,0.0,0.1111111111111111,0.0,1,-5.78409,0.2640904784,3.9612264633,,0.0666666666666666,0.1111111111111111,0.0,1,-5.51943,0.2482387125,3.5806019306,,0.0666666666666666,0.2222222222222222,0.0,1,-6.83716,0.2427259386,4.0915961266,,0.0666666666666666,0.1111111111111111,0,1,-5.61036,0.241522938,4.63174963,,0.0,0.1111111111111111,0.0,1,10
ZINC000000002646,-4.25986,0.6339393854,4.9521727562,,0.0666666666666666,0.2222222222222222,0,1,-4.37295,0.5262628794,4.9222817421,,0.0,0.1111111111111111,0.0,1,-4.48419,0.5089854002,4.8859963417,,0.0666666666666666,0.1111111111111111,0,1,-4.97865,0.5044605732,4.1174311638,,0.1333333333333333,0.2222222222222222,0.0,1,-4.18969,0.4529764354,4.8406119347,,0.0666666666666666,0.1111111111111111,0,1,-4.99852,0.4486924112,4.2235579491,,0.0,0.1111111111111111,0.0,1,-4.20824,0.4472997487,4.9656186104,,0.0666666666666666,0.1111111111111111,0.0,1,-4.63856,0.4150491059,4.2622227669,,0.1333333333333333,0.2222222222222222,0.0,1,-4.56696,0.41202268,5.617811203,,0.4666666666666667,0.6666666666666666,0,1,-4.13193,0.4056381881,4.9332051277,,0.0666666666666666,0.1111111111111111,0.0,1,10
ZINC000000002825,-6.34692,0.6451481581,5.976954937,,0.2666666666666666,0.4444444444444444,0,1,-6.09265,0.5522931218,3.9359769821,,0.0666666666666666,0.2222222222222222,0.0,1,-6.42804,0.5419270992,5.51323843,,0.4666666666666667,0.5555555555555556,0,1,-6.65728,0.5312624574,6.0830578804,,0.4,0.6666666666666666,0.0,1,-6.40114,0.5288230181,5.3069605827,,0.4,0.4444444444444444,0,1,-6.05126,0.5066264868,5.568502903,,0.4666666666666667,0.5555555555555556,0.0,1,-6.64584,0.5037208796,6.0633721352,,0.6666666666666666,0.7777777777777778,0.0,1,-6.77165,0.4538745284,6.1759924889,,0.5333333333333333,0.6666666666666666,0.0,1,-6.29354,0.3887374997,4.6993432045,,0.2,0.3333333333333333,0,1,-6.83147,0.3836941719,5.1952733994,,0.0666666666666666,0.1111111111111111,0.0,1,10
ZINC000000003460,-7.46769,0.6609431505,5.0841097832,,0.0,0.1111111111111111,0,1,-6.82131,0.4657146335,5.2688732147,,0.1333333333333333,0.2222222222222222,0.0,1,-7.42341,0.3951137364,4.9666590691,,0.1333333333333333,0.2222222222222222,0,1,-8.15844,0.3648053706,5.4193320274,,0.1333333333333333,0.2222222222222222,0.0,1,-6.79443,0.3526618779,5.5719456673,,0.0,0.1111111111111111,0,1,-7.23325,0.2716165185,4.7331347466,,0.0666666666666666,0.2222222222222222,0.0,1,-6.81377,0.2487283051,5.7686061859,,0.4666666666666667,0.5555555555555556,0.0,1,-7.34892,0.2360456139,5.3672428131,,0.5333333333333333,0.6666666666666666,0.0,1,-7.75255,0.1928989589,4.8508696556,,0.0666666666666666,0.2222222222222222,0,1,-7.17839,0.1921177357,5.0910286903,,0.4,0.5555555555555556,0.0,1,10
ZINC000000003953,-5.25379,0.7898405194,4.4404754639,,0.0666666666666666,0.2222222222222222,0,1,-6.03865,0.7800219059,4.3827996254,,0.0,0.1111111111111111,0.0,1,-6.09562,0.7689347267,4.2109894753,,0.0666666666666666,0.1111111111111111,0,1,-6.28136,0.755640626,4.3584885597,,0.1333333333333333,0.2222222222222222,0.0,1,-5.97609,0.7527424693,4.2697329521,,0.0,0.1111111111111111,0,1,-6.35148,0.7343317866,4.4855446815,,0.4666666666666667,0.6666666666666666,0.0,1,-6.57312,0.7079896927,4.2696094513,,0.4,0.6666666666666666,0.0,1,-5.16848,0.700279057,4.6820650101,,0.2,0.2222222222222222,0.0,1,-5.21123,0.6629139781,4.3363990784,,0.0,0.1111111111111111,0,1,-6.01656,0.6606016755,4.32888937,,0.4,0.5555555555555556,0.0,1,10
ZINC000000004010,-5.8211,0.4099645913,4.3956017494,,0.0,0.0,0,1,-6.7983,0.3547662497,4.3185114861,,0.0,0.1111111111111111,0.0,1,-5.48249,0.3535114229,4.3469748497,,0.0666666666666666,0.1111111111111111,0,1,-6.86126,0.3486753702,4.5821709633,,0.1333333333333333,0.2222222222222222,0.0,1,-6.75604,0.3481571972,4.5455875397,,0.0,0.1111111111111111,0,1,-6.06358,0.2761657536,4.0588779449,,0.0666666666666666,0.1111111111111111,0.0,1,-6.99637,0.2678458095,4.4122605324,,0.1333333333333333,0.2222222222222222,0.0,1,-6.0115,0.2511291504,4.4220108986,,0.0,0.0,0.0,1,-5.86617,0.2379350215,4.3332538605,,0.0666666666666666,0.1111111111111111,0,1,-5.54895,0.2348285764,4.0324473381,,0.0666666666666666,0.1111111111111111,0.0,1,10
ZINC000000004272,-6.73549,0.6872900724,5.9817028046,,0.5333333333333333,0.7777777777777778,0,1,-6.91885,0.5839334726,6.0237560272,,0.4,0.6666666666666666,0.0,1,-6.80226,0.5729489326,5.9884095192,,0.4666666666666667,0.6666666666666666,0,1,-6.8828,0.5719322562,5.9976177216,,0.3333333333333333,0.4444444444444444,0.0,1,-6.55354,0.5418043137,4.78256464,,0.0,0.1111111111111111,0,1,-6.61076,0.5299972296,5.8154892921,,0.4,0.6666666666666666,0.0,1,-6.16524,0.4993950129,5.4485001564,,0.1333333333333333,0.2222222222222222,0.0,1,-6.22911,0.4898427427,4.3956332207,,0.0666666666666666,0.1111111111111111,0.0,1,-6.90914,0.4771035612,4.7525310516,,0.0,0.1111111111111111,0,1,-5.88809,0.4749176502,4.6446933746,,0.0666666666666666,0.1111111111111111,0.0,1,10
ZINC000000005064,-7.15735,0.6168826818,6.1988091469,,0.4666666666666667,0.7777777777777778,0,1,-6.05284,0.5321923494,5.6675133705,,0.2666666666666666,0.5555555555555556,0.0,1,-5.48063,0.5258697271,5.6192917824,,0.0,0.1111111111111111,0,1,-6.27016,0.4963305593,5.2285351753,,0.0,0.1111111111111111,0.0,1,-6.30214,0.4848417342,4.6566748619,,0.0,0.1111111111111111,0,1,-7.00499,0.4645261168,4.477930069,,0.0666666666666666,0.2222222222222222,0.0,1,-5.40803,0.4556708336,5.4700627327,,0.0,0.0,0.0,1,-5.56403,0.4420614243,4.392270565,,0.0,0.1111111111111111,0.0,1,-7.02033,0.4154525101,4.5331311226,,0.0666666666666666,0.2222222222222222,0,1,-6.76206,0.3854876161,5.8735356331,,0.6666666666666666,0.7777777777777778,0.0,1,10
ZINC000000005108,-6.12401,0.3825221658,5.0779747963,,0.0,0.1111111111111111,0,1,-6.99568,0.3319180012,4.6674184799,,0.0666666666666666,0.1111111111111111,0.0,1,-6.7783,0.290304482,5.4019036293,,0.1333333333333333,0.2222222222222222,0,1,-6.60442,0.2837942243,5.5201010704,,0.0,0.0,0.0,1,-7.26113,0.2784381211,5.4450550079,,0.0666666666666666,0.1111111111111111,0,1,-6.00477,0.2677044272,4.5129051208,,0.0,0.0,0.0,1,-6.8902,0.2644837201,5.1002101898,,0.0666666666666666,0.1111111111111111,0.0,1,-7.49408,0.2244810313,4.8338050842,,0.1333333333333333,0.2222222222222222,0.0,1,-6.17403,0.2218163908,4.9322299957,,0.0,0.1111111111111111,0,1,-7.18208,0.1947271675,4.9410119057,,0.1333333333333333,0.2222222222222222,0.0,1,10
ZINC000000005650,-7.4932,0.3906473219,5.8825297356,,0.5333333333333333,0.5555555555555556,0,1,-6.19165,0.3903335333,4.4675598145,,0.0666666666666666,0.1111111111111111,0.0,1,-6.0333,0.3719328344,5.0469279289,,0.0,0.1111111111111111,0,1,-6.14069,0.3396682143,4.5598506927,,0.0,0.1111111111111111,0.0,1,-6.83984,0.2957822084,5.5101261139,,0.2666666666666666,0.3333333333333333,0,1,-7.7791,0.2556223571,5.5094413757,,0.0666666666666666,0.1111111111111111,0.0,1,-7.27753,0.2398127168,5.6571617126,,0.4,0.3333333333333333,0.0,1,-7.67838,0.2351236492,5.6143527031,,0.4,0.3333333333333333,0.0,1,-6.5008,0.2155472338,4.624373436,,0.0666666666666666,0.1111111111111111,0,1,-6.95046,0.2075054348,5.5065054893,,0.3333333333333333,0.5555555555555556,0.0,1,10
ZINC000000005703,-6.37342,0.9430218339,6.3529763222,,0.5333333333333333,0.7777777777777778,0,1,-6.16055,0.8929541707,5.3579735756,,0.3333333333333333,0.5555555555555556,0.0,1,-5.77641,0.7041994929,5.2573404312,,0.5333333333333333,0.7777777777777778,0,1,-6.06308,0.5226932168,4.9966669083,,0.2,0.3333333333333333,0.0,1,-5.98053,0.4977452159,4.8957390785,,0.2666666666666666,0.4444444444444444,0,1,-5.11013,0.4288649261,4.0764136314,,0.0666666666666666,0.1111111111111111,0.0,1,-5.38697,0.4183777571,3.840420723,,0.0,0.1111111111111111,0.0,1,-5.41679,0.4161431789,3.9267499447,,0.0,0.1111111111111111,0.0,1,-5.51379,0.3502394557,3.9160892963,,0.0,0.1111111111111111,0,1,-5.14339,0.3430478573,4.3288884163,,0.0,0.1111111111111111,0.0,1,10
ZINC000000005936,-7.50961,0.7270612121,6.3259329796,,0.3333333333333333,0.4444444444444444,0,1,-8.2964,0.6771972775,4.7928175926,,0.0,0.1111111111111111,0.0,1,-7.12102,0.6713059545,6.084253788,,0.4,0.5555555555555556,0,1,-8.83298,0.6141265631,4.8826203346,,0.3333333333333333,0.3333333333333333,0.0,1,-8.81059,0.5685169697,4.9079213142,,0.3333333333333333,0.3333333333333333,0,1,-7.18831,0.5519564748,4.6979031563,,0.2,0.3333333333333333,0.0,1,-7.20278,0.5344690681,4.8658471107,,0.0,0.1111111111111111,0.0,1,-8.53803,0.4531254768,5.0576996803,,0.2,0.2222222222222222,0.0,1,-7.17068,0.4523514807,5.8639545441,,0.4666666666666667,0.5555555555555556,0,1,-7.33675,0.4476333559,4.889195919,,0.2,0.3333333333333333,0.0,1,10
ZINC000000006047,-7.2671,0.6322173476,6.4314875603,,0.5333333333333333,0.6666666666666666,0,1,-6.90095,0.6283361316,6.6077823639,,0.6,0.7777777777777778,0.0,1,-6.26531,0.604413867,6.4195132256,,0.5333333333333333,0.6666666666666666,0,1,-6.96009,0.4412580729,5.2766804695,,0.0666666666666666,0.1111111111111111,0.0,1,-6.63866,0.440433979,5.1020979881,,0.0,0.1111111111111111,0,1,-7.01364,0.4386895895,5.6706528664,,0.0666666666666666,0.1111111111111111,0.0,1,-6.9156,0.4243431091,5.4978961945,,0.0666666666666666,0.2222222222222222,0.0,1,-6.91931,0.4237942994,5.748260498,,0.1333333333333333,0.2222222222222222,0.0,1,-6.73902,0.3324121237,4.884759903,,0.0666666666666666,0.1111111111111111,0,1,-6.60656,0.321183145,5.9256229401,,0.2666666666666666,0.4444444444444444,0.0,1,10
ZINC000000006321,-6.42405,0.32032305,4.8109893799,,0.0,0.1111111111111111,0,1,-6.60839,0.282363534,5.2859959602,,0.0,0.1111111111111111,0.0,1,-7.32459,0.2791884243,5.5966696739,,0.1333333333333333,0.2222222222222222,0,1,-7.36133,0.2639597058,5.6949901581,,0.2,0.3333333333333333,0.0,1,-7.06928,0.2566061914,5.6103272438,,0.0666666666666666,0.1111111111111111,0,1,-6.92991,0.2441922277,5.4521212578,,0.0666666666666666,0.1111111111111111,0.0,1,-7.76449,0.2428744435,5.2422709465,,0.1333333333333333,0.2222222222222222,0.0,1,-7.06652,0.2396854013,5.215171814,,0.0666666666666666,0.1111111111111111,0.0,1,-7.41516,0.2373360991,5.1524243355,,0.1333333333333333,0.2222222222222222,0,1,-7.33313,0.2210140675,5.2144412994,,0.0666666666666666,0.1111111111111111,0.0,1,10
ZINC000000007074,-7.73653,0.7602476478,7.2239685059,,0.4666666666666667,0.6666666666666666,0,1,-8.77852,0.5188874602,6.6481513977,,0.2666666666666666,0.4444444444444444,0.0,1,-8.58119,0.4731751084,6.3990941048,,0.2,0.4444444444444444,0,1,-9.01415,0.4376350939,6.5490589142,,0.2666666666666666,0.4444444444444444,0.0,1,-8.54381,0.4285873771,6.3663864136,,0.2666666666666666,0.4444444444444444,0,1,-7.66461,0.3834077716,6.3385539055,,0.2666666666666666,0.4444444444444444,0.0,1,-8.22615,0.3493090272,6.5293216705,,0.3333333333333333,0.6666666666666666,0.0,1,-6.97268,0.3436667621,6.2796802521,,0.2666666666666666,0.5555555555555556,0.0,1,-8.35791,0.2761314511,6.1134982109,,0.2666666666666666,0.4444444444444444,0,1,-8.01366,0.2738668025,6.2550678253,,0.4666666666666667,0.6666666666666666,0.0,1,10
ZINC000000007131,-6.15064,0.3689601123,4.7131319046,,0.0666666666666666,0.1111111111111111,0,1,-6.22278,0.3281234503,4.395544529,,0.0,0.1111111111111111,0.0,1,-7.25335,0.2700666487,4.8076000214,,0.0,0.1111111111111111,0,1,-6.3329,0.2689509392,4.1433238983,,0.0,0.1111111111111111,0.0,1,-7.70405,0.2547287941,4.8180565834,,0.0666666666666666,0.1111111111111111,0,1,-6.53783,0.2517915964,3.8354644775,,0.0,0.1111111111111111,0.0,1,-6.73523,0.2481115758,4.5140271187,,0.0,0.1111111111111111,0.0,1,-6.67855,0.240187034,3.7411224842,,0.0,0.1111111111111111,0.0,1,-6.22847,0.2323835641,4.8935227394,,0.0666666666666666,0.1111111111111111,0,1,-7.57797,0.210774526,4.6893348694,,0.0666666666666666,0.1111111111111111,0.0,1,10
ZINC000000007382,-9.99453,0.924053669,7.2520298958,,0.4666666666666667,0.5555555555555556,0,1,-9.96702,0.9237826467,7.2343420982,,0.4666666666666667,0.6666666666666666,0.0,1,-8.82264,0.8453051448,6.6453018188,,0.2,0.3333333333333333,0,1,-8.67345,0.8384010792,6.8222408295,,0.4,0.4444444444444444,0.0,1,-8.93356,0.8061606884,6.6966304779,,0.3333333333333333,0.4444444444444444,0,1,-8.14842,0.7852039933,6.9608521461,,0.4666666666666667,0.4444444444444444,0.0,1,-8.70221,0.7451373935,5.881793499,,0.2666666666666666,0.4444444444444444,0.0,1,-7.28228,0.7254790068,6.5976066589,,0.4,0.6666666666666666,0.0,1,-9.14718,0.7186626196,6.3930187225,,0.4,0.5555555555555556,0,1,-9.38222,0.6669147611,6.5882911682,,0.3333333333333333,0.5555555555555556,0.0,1,10
ZINC000000008332,-6.8202,0.3668928146,5.2551708221,,0.0,0.1111111111111111,0,1,-6.81674,0.3585429788,5.6982364655,,0.2666666666666666,0.3333333333333333,0.0,1,-7.61373,0.3282302916,5.4812245369,,0.2666666666666666,0.3333333333333333,0,1,-6.81966,0.3225447237,5.167579174,,0.1333333333333333,0.2222222222222222,0.0,1,-7.44965,0.3153637052,5.4575505257,,0.2666666666666666,0.3333333333333333,0,1,-6.08713,0.2920528948,5.1415286064,,0.0666666666666666,0.1111111111111111,0.0,1,-6.32456,0.2902166247,4.9348063469,,0.0,0.0,0.0,1,-7.00313,0.2876186073,5.3726401329,,0.3333333333333333,0.4444444444444444,0.0,1,-6.5731,0.257768631,5.5795884132,,0.2666666666666666,0.4444444444444444,0,1,-6.07343,0.2495901585,4.2835469246,,0.0,0.0,0.0,1,10
ZINC000000008347,-6.65712,0.7776361108,5.0605359077,,0.1333333333333333,0.2222222222222222,0,1,-5.56796,0.6156511307,4.447614193,,0.0666666666666666,0.1111111111111111,0.0,1,-5.80662,0.5654112101,3.9680252075,,0.1333333333333333,0.2222222222222222,0,1,-5.97141,0.527934432,4.2644209862,,0.0666666666666666,0.1111111111111111,0.0,1,-5.95987,0.4966009259,4.8273658752,,0.0666666666666666,0.1111111111111111,0,1,-6.31595,0.4924729466,4.2232308388,,0.2,0.2222222222222222,0.0,1,-5.95888,0.4736798406,3.8727817535,,0.1333333333333333,0.2222222222222222,0.0,1,-6.06196,0.4437978864,4.4287385941,,0.0666666666666666,0.1111111111111111,0.0,1,-5.83021,0.4010975361,3.7387320995,,0.0666666666666666,0.1111111111111111,0,1,-5.95106,0.4003339708,3.8828260899,,0.0,0.1111111111111111,0.0,1,10
ZINC000000008506,-6.05577,0.8463130593,4.4454932213,,0.1333333333333333,0.2222222222222222,0,1,-4.67603,0.8229159117,4.458258152,,0.0,0.1111111111111111,0.0,1,-5.37676,0.8216255903,4.3117642403,,0.0,0.1111111111111111,0,1,-4.79904,0.8147244453,4.4867858887,,0.0,0.1111111111111111,0.0,1,-4.99166,0.8105774522,3.9475240707,,0.0666666666666666,0.1111111111111111,0,1,-4.8029,0.8102425337,3.9766139984,,0.0666666666666666,0.1111111111111111,0.0,1,-5.17838,0.7995457649,3.9840991497,,0.0,0.1111111111111111,0.0,1,-4.79421,0.7071912885,4.3503975868,,0.0,0.1111111111111111,0.0,1,-5.32245,0.6964893937,4.0847740173,,0.0666666666666666,0.1111111111111111,0,1,-5.65608,0.6945854425,4.1389884949,,0.0,0.1111111111111111,0.0,1,10
ZINC000000008800,-7.11829,0.8283807039,5.6884217262,,0.4666666666666667,0.5555555555555556,0,1,-6.77034,0.7220063806,5.533475399,,0.4,0.4444444444444444,0.0,1,-6.84976,0.5606492758,4.9483299255,,0.4666666666666667,0.6666666666666666,0,1,-6.44804,0.4965695143,5.2324752808,,0.5333333333333333,0.5555555555555556,0.0,1,-6.74971,0.4498164356,5.0165677071,,0.4666666666666667,0.6666666666666666,0,1,-6.39554,0.3523629904,3.9311497211,,0.0666666666666666,0.2222222222222222,0.0,1,-6.61,0.3439944983,4.6304111481,,0.4,0.4444444444444444,0.0,1,-6.45464,0.3207405508,4.9677739143,,0.3333333333333333,0.4444444444444444,0.0,1,-7.45148,0.3084144294,4.3109402657,,0.0666666666666666,0.1111111111111111,0,1,-6.59618,0.3056558371,3.999080658,,0.0666666666666666,0.1111111111111111,0.0,1,10
ZINC000000008813,-7.99286,0.5018525124,5.9608440399,,0.2,0.2222222222222222,0,1,-6.389,0.4320051968,5.0562787056,,0.0666666666666666,0.1111111111111111,0.0,1,-7.12655,0.404663533,6.2829413414,,0.1333333333333333,0.2222222222222222,0,1,-6.91302,0.3066922724,5.7876944542,,0.0,0.1111111111111111,0.0,1,-7.34985,0.2703677118,5.7069687843,,0.3333333333333333,0.4444444444444444,0,1,-6.40725,0.2650421262,5.5903091431,,0.0666666666666666,0.1111111111111111,0.0,1,-6.73446,0.2613697052,5.6872520447,,0.2666666666666666,0.3333333333333333,0.0,1,-7.27053,0.2533212304,5.2126808167,,0.2,0.3333333333333333,0.0,1,-6.88129,0.2332465053,5.4756808281,,0.3333333333333333,0.4444444444444444,0,1,-7.70737,0.228933543,5.1908054352,,0.1333333333333333,0.2222222222222222,0.0,1,10
ZINC000000010466,-8.86369,0.9169756174,6.5481071472,,0.5333333333333333,0.6666666666666666,0,1,-8.81384,0.8818489909,6.5151481628,,0.5333333333333333,0.6666666666666666,0.0,1,-9.24832,0.8562758565,6.4782938957,,0.2,0.3333333333333333,0,1,-7.03421,0.676576674,6.4639701843,,0.4666666666666667,0.5555555555555556,0.0,1,-9.36358,0.6373769045,6.2118439674,,0.4666666666666667,0.6666666666666666,0,1,-8.84319,0.4749022722,5.9812870026,,0.2666666666666666,0.4444444444444444,0.0,1,-7.59137,0.3937762678,5.6924576759,,0.2,0.3333333333333333,0.0,1,-7.29401,0.3745155632,5.5543160439,,0.4,0.4444444444444444,0.0,1,-8.79187,0.3663110137,5.6893615723,,0.2666666666666666,0.4444444444444444,0,1,-8.82782,0.3657013774,5.9384579659,,0.2,0.3333333333333333,0.0,1,10
ZINC000000012103,-6.19586,0.6154373288,5.1990032196,,0.2666666666666666,0.3333333333333333,0,1,-6.25971,0.5735787153,5.3380641937,,0.1333333333333333,0.2222222222222222,0.0,1,-6.27501,0.5580360889,5.325109005,,0.1333333333333333,0.2222222222222222,0,1,-6.18791,0.5450062752,5.0879597664,,0.2666666666666666,0.3333333333333333,0.0,1,-6.39353,0.4905610681,5.3667607307,,0.2666666666666666,0.3333333333333333,0,1,-5.99721,0.4566221833,5.0820116997,,0.2,0.2222222222222222,0.0,1,-6.24874,0.4466477931,5.2901821136,,0.2,0.3333333333333333,0.0,1,-6.2373,0.4015654624,5.1542167664,,0.2,0.3333333333333333,0.0,1,-6.087,0.3479667902,3.6776182652,,0.0,0.1111111111111111,0,1,-6.48196,0.3367350399,4.8145298958,,0.3333333333333333,0.4444444444444444,0.0,1,10
ZINC000000012698,-6.75059,0.3962452412,6.2225570679,,0.0,0.1111111111111111,0,1,-6.33263,0.3903418183,6.0309505463,,0.2,0.2222222222222222,0.0,1,-6.99601,0.3354073167,6.0089015961,,0.0666666666666666,0.1111111111111111,0,1,-7.33996,0.3346271515,6.5516052246,,0.5333333333333333,0.6666666666666666,0.0,1,-6.31241,0.3309762776,6.1170897484,,0.0666666666666666,0.1111111111111111,0,1,-6.34729,0.3251279891,6.0832448006,,0.1333333333333333,0.2222222222222222,0.0,1,-7.26826,0.3109477162,5.9694237709,,0.0666666666666666,0.1111111111111111,0.0,1,-5.62036,0.2857220769,5.8633675575,,0.1333333333333333,0.2222222222222222,0.0,1,-5.7857,0.2675887644,5.6802635193,,0.0,0.0,0,1,-5.69695,0.2615605295,5.5076670647,,0.0,0.1111111111111111,0.0,1,10
ZINC000000014360,-5.67931,0.6262731552,5.8454041481,,0.0666666666666666,0.1111111111111111,0,1,-5.5388,0.5365924835,4.343732357,,0.0666666666666666,0.2222222222222222,0.0,1,-6.12547,0.4851183891,6.1023159027,,0.5333333333333333,0.7777777777777778,0,1,-6.3489,0.4689008594,5.8804507256,,0.1333333333333333,0.2222222222222222,0.0,1,-6.11667,0.4187423587,5.8901977539,,0.2,0.3333333333333333,0,1,-5.85271,0.4178432524,5.7790722847,,0.1333333333333333,0.2222222222222222,0.0,1,-5.81936,0.4118221402,4.6497569084,,0.0,0.1111111111111111,0.0,1,-5.45671,0.4077531099,4.6585097313,,0.0666666666666666,0.2222222222222222,0.0,1,-5.69441,0.3940851688,4.3893752098,,0.0666666666666666,0.2222222222222222,0,1,-5.45401,0.374827981,4.8116803169,,0.1333333333333333,0.3333333333333333,0.0,1,10
ZINC000000015038,-7.00854,0.4776133001,4.7391309738,,0.0,0.1111111111111111,0,1,-6.97987,0.4713544548,4.5790419579,,0.0,0.1111111111111111,0.0,1,-8.38632,0.3994541764,5.1433649063,,0.1333333333333333,0.2222222222222222,0,1,-7.92113,0.3757059574,5.2128505707,,0.0666666666666666,0.2222222222222222,0.0,1,-6.6625,0.3583290279,5.2267904282,,0.0666666666666666,0.1111111111111111,0,1,-8.07526,0.3227018714,4.855158329,,0.2,0.2222222222222222,0.0,1,-6.23901,0.294600904,4.8495483398,,0.0666666666666666,0.1111111111111111,0.0,1,-7.16466,0.2697012424,4.0346260071,,0.1333333333333333,0.2222222222222222,0.0,1,-6.99566,0.2693468332,4.5049123764,,0.2,0.3333333333333333,0,1,-8.18247,0.2483431846,5.0187997818,,0.1333333333333333,0.3333333333333333,0.0,1,10
ZINC000000015847,-6.79841,0.5435531735,6.0645880699,,0.0666666666666666,0.1111111111111111,0,1,-5.81668,0.5290979147,6.0822691917,,0.4,0.4444444444444444,0.0,1,-6.27904,0.4657797515,5.6461315155,,0.2,0.2222222222222222,0,1,-6.5519,0.4503533244,5.696598053,,0.0666666666666666,0.1111111111111111,0.0,1,-7.7461,0.4291282594,6.3576316833,,0.1333333333333333,0.2222222222222222,0,1,-7.63922,0.4147148728,6.0713171959,,0.1333333333333333,0.2222222222222222,0.0,1,-6.47072,0.3953474164,5.7317452431,,0.0666666666666666,0.1111111111111111,0.0,1,-7.22963,0.3781853616,5.9911818504,,0.0666666666666666,0.2222222222222222,0.0,1,-5.5853,0.3046981096,5.2133584023,,0.1333333333333333,0.2222222222222222,0,1,-6.2799,0.3034517467,5.5813660622,,0.5333333333333333,0.7777777777777778,0.0,1,10
ZINC000000016311,-6.52507,0.8354253173,5.8249344826,,0.3333333333333333,0.5555555555555556,0,1,-7.08134,0.8320240974,6.627805233,,0.6,0.7777777777777778,0.0,1,-7.16377,0.7116754055,6.1315746307,,0.3333333333333333,0.5555555555555556,0,1,-6.43841,0.7106329203,6.4938278198,,0.6,0.7777777777777778,0.0,1,-7.2036,0.6226469278,5.8553271294,,0.2666666666666666,0.4444444444444444,0,1,-7.14164,0.594737947,5.6661782265,,0.2,0.3333333333333333,0.0,1,-6.65064,0.5561756492,5.0192961693,,0.0666666666666666,0.1111111111111111,0.0,1,-5.8988,0.5449333191,4.7782840729,,0.0,0.1111111111111111,0.0,1,-6.03492,0.5263335109,5.1539435387,,0.0,0.1111111111111111,0,1,-6.70763,0.5250495076,5.7984580994,,0.2666666666666666,0.4444444444444444,0.0,1,10
ZINC000000016722,-6.93992,0.7508671284,4.1726531982,,0.0,0.1111111111111111,0,1,-6.92717,0.7471701503,4.1882300377,,0.0,0.1111111111111111,0.0,1,-6.3174,0.7279903293,4.1788802147,,0.0,0.1111111111111111,0,1,-6.50521,0.5667271018,5.7676091194,,0.3333333333333333,0.5555555555555556,0.0,1,-7.44734,0.5090300441,5.716448307,,0.3333333333333333,0.5555555555555556,0,1,-5.95136,0.506385088,4.0481567383,,0.0666666666666666,0.2222222222222222,0.0,1,-6.97207,0.4415775836,4.1419234276,,0.1333333333333333,0.2222222222222222,0.0,1,-6.84523,0.4278401732,4.0921273232,,0.0,0.1111111111111111,0.0,1,-7.1244,0.4245225191,4.0424818993,,0.1333333333333333,0.2222222222222222,0,1,-6.36775,0.3905943334,3.8152420521,,0.0,0.1111111111111111,0.0,1,10
ZINC000000017165,-5.99117,0.7692520618,4.1015973091,,0.0666666666666666,0.1111111111111111,0,1,-5.10731,0.6657406688,4.0736436844,,0.0666666666666666,0.1111111111111111,0.0,1,-5.41465,0.6109572649,4.963092804,,0.2,0.3333333333333333,0,1,-5.76361,0.5683504343,4.3992629051,,0.1333333333333333,0.2222222222222222,0.0,1,-4.38456,0.5570008755,4.1820335388,,0.0,0.1111111111111111,0,1,-5.06531,0.556788981,4.0188941956,,0.0,0.1111111111111111,0.0,1,-5.67151,0.5305341482,3.9310455322,,0.0666666666666666,0.2222222222222222,0.0,1,-5.03529,0.4881757498,4.1720404625,,0.0,0.1111111111111111,0.0,1,-4.59203,0.4713058174,4.1944003105,,0.0666666666666666,0.1111111111111111,0,1,-5.46199,0.4579103291,5.0687785149,,0.3333333333333333,0.5555555555555556,0.0,1,10
ZINC000000019138,-5.02718,0.7061167955,3.6844623089,,0.0,0.1111111111111111,0,1,-6.79409,0.6977570057,5.2143864632,,0.4666666666666667,0.5555555555555556,0.0,1,-6.20939,0.6331259012,4.6611657143,,0.3333333333333333,0.3333333333333333,0,1,-5.8458,0.6060022712,3.8561658859,,0.0666666666666666,0.2222222222222222,0.0,1,-5.69112,0.5848345757,3.7693054676,,0.0,0.1111111111111111,0,1,-6.36401,0.5688982606,3.9998161793,,0.1333333333333333,0.2222222222222222,0.0,1,-5.89086,0.5471031666,4.417655468,,0.2666666666666666,0.4444444444444444,0.0,1,-6.25792,0.5308817625,4.5323195457,,0.4666666666666667,0.5555555555555556,0.0,1,-6.46708,0.491171658,4.1799368858,,0.0666666666666666,0.2222222222222222,0,1,-5.96901,0.4860526919,4.3615374565,,0.4666666666666667,0.5555555555555556,0.0,1,10
ZINC000000022789,-5.19341,0.6274857521,4.4211330414,,0.0666666666666666,0.1111111111111111,0,1,-5.22741,0.6031457782,4.2481617928,,0.0,0.1111111111111111,0.0,1,-4.68259,0.4724756777,4.0941448212,,0.0666666666666666,0.1111111111111111,0,1,-5.86155,0.4514238834,4.2007703781,,0.0,0.1111111111111111,0.0,1,-5.86635,0.3522439897,4.2012219429,,0.0,0.1111111111111111,0,1,-5.2624,0.2718260288,5.1090445518,,0.0,0.0,0.0,1,-5.8601,0.2589074075,4.1725311279,,0.0,0.1111111111111111,0.0,1,-6.0859,0.2589048743,4.3319745064,,0.0,0.1111111111111111,0.0,1,-6.32158,0.2570319772,4.0865416527,,0.0,0.1111111111111111,0,1,-6.08129,0.2517666519,3.7795131207,,0.0,0.1111111111111111,0.0,1,10
ZINC000000025572,-5.7068,0.7335528135,4.7118086815,,0.1333333333333333,0.2222222222222222,0,1,-5.52989,0.6225840449,4.5995635986,,0.0666666666666666,0.1111111111111111,0.0,1,-6.12122,0.6141521931,4.5520496368,,0.0,0.1111111111111111,0,1,-5.54007,0.5989018083,5.3574233055,,0.0666666666666666,0.1111111111111111,0.0,1,-6.41619,0.588054657,4.7441096306,,0.1333333333333333,0.2222222222222222,0,1,-6.50982,0.531051755,5.3840618134,,0.2666666666666666,0.3333333333333333,0.0,1,-5.09963,0.5194962025,5.0101356506,,0.0666666666666666,0.1111111111111111,0.0,1,-5.82706,0.4804458916,4.335955143,,0.0666666666666666,0.1111111111111111,0.0,1,-5.85946,0.4785692692,4.3450493813,,0.0,0.1111111111111111,0,1,-5.93052,0.473185122,4.2285485268,,0.0666666666666666,0.1111111111111111,0.0,1,10
ZINC000000027428,-6.24668,0.5335822701,5.4409422874,,0.3333333333333333,0.4444444444444444,0,1,-6.59099,0.4859707057,5.3009209633,,0.4,0.5555555555555556,0.0,1,-6.60787,0.4850383103,5.2921218872,,0.3333333333333333,0.5555555555555556,0,1,-5.44701,0.4353528917,3.6473503113,,0.0,0.1111111111111111,0.0,1,-5.17558,0.4335005879,3.6036179066,,0.0,0.1111111111111111,0,1,-5.31528,0.4290867448,3.9580631256,,0.2666666666666666,0.4444444444444444,0.0,1,-5.6661,0.4106261432,3.41878438,,0.0666666666666666,0.2222222222222222,0.0,1,-5.6324,0.4067611694,3.8587779999,,0.1333333333333333,0.2222222222222222,0.0,1,-5.60732,0.4052789807,3.7957508564,,0.1333333333333333,0.2222222222222222,0,1,-4.97311,0.3993289471,4.4395136833,,0.0666666666666666,0.1111111111111111,0.0,1,10
ZINC000000027432,-5.24094,0.7739747763,5.0946068764,,0.2666666666666666,0.4444444444444444,0,1,-5.82253,0.7244414091,5.0017185211,,0.3333333333333333,0.6666666666666666,0.0,1,-6.06583,0.7167784572,5.2146887779,,0.4,0.5555555555555556,0,1,-5.27689,0.7004487514,5.3363986015,,0.4,0.5555555555555556,0.0,1,-4.47134,0.6661299467,4.9499549866,,0.0666666666666666,0.1111111111111111,0,1,-4.56835,0.6431680918,4.9805788994,,0.0,0.1111111111111111,0.0,1,-5.54243,0.6153816581,5.2015719414,,0.2,0.3333333333333333,0.0,1,-5.36015,0.575122118,4.2251467705,,0.0666666666666666,0.2222222222222222,0.0,1,-4.33646,0.4845930338,3.8820457458,,0.0,0.0,0,1,-4.54421,0.4794372022,3.698045969,,0.0,0.1111111111111111,0.0,1,10
ZINC000000027588,-5.0983,0.6402009726,4.7075943947,,0.0,0.0,0,1,-4.96972,0.5914268494,4.5729665756,,0.0666666666666666,0.1111111111111111,0.0,1,-5.35077,0.5558227897,3.8426897526,,0.0,0.0,0,1,-5.79586,0.5429884195,3.5759093761,,0.0,0.0,0.0,1,-5.71187,0.5373359919,3.8925571442,,0.0,0.0,0,1,-5.26599,0.5159239769,3.9472923279,,0.0,0.0,0.0,1,-5.47895,0.4907720685,4.3856244087,,,,,0,-5.8928,0.4873048663,4.1300463676,,,,,0,-5.23154,0.4673593938,4.2480778694,,0.0,0.0,0,1,-6.02389,0.4660701156,3.619146347,,0.0666666666666666,0.1111111111111111,0.0,1,8
ZINC000000027591,-7.43295,0.4064829648,4.8530621529,,0.2,0.3333333333333333,0,1,-6.93523,0.3817093372,4.0050830841,,0.2,0.2222222222222222,0.0,1,-5.80115,0.3523640037,3.8377215862,,0.0666666666666666,0.2222222222222222,0,1,-6.23794,0.3429466784,3.8920555115,,0.2,0.2222222222222222,0.0,1,-5.65955,0.3065897226,4.3520512581,,0.2666666666666666,0.4444444444444444,0,1,-5.47312,0.2963798046,4.9590859413,,0.4,0.5555555555555556,0.0,1,-5.57233,0.2883144617,3.3857097626,,0.0,0.1111111111111111,0.0,1,-5.95023,0.2755272686,5.2011327744,,0.2,0.3333333333333333,0.0,1,-5.94834,0.2690898478,3.3664121628,,0.0,0.1111111111111111,0,1,-6.10343,0.2617466152,3.3437411785,,0.0,0.1111111111111111,0.0,1,10
ZINC000000028223,-8.16035,0.8712528944,6.2724318504,,0.3333333333333333,0.5555555555555556,0,1,-7.40164,0.8673670292,6.5071635246,,0.2666666666666666,0.3333333333333333,0.0,1,-8.51811,0.8616400957,6.2708353996,,0.2,0.3333333333333333,0,1,-8.43488,0.8083960414,6.1058177948,,0.2666666666666666,0.4444444444444444,0.0,1,-8.38602,0.7591919303,6.0104231834,,0.2,0.3333333333333333,0,1,-6.87362,0.6983689666,5.335506916,,0.4,0.5555555555555556,0.0,1,-8.41319,0.6577310562,5.8352227211,,0.2,0.3333333333333333,0.0,1,-8.27564,0.610411644,5.4041423798,,0.2,0.3333333333333333,0.0,1,-6.63415,0.6039152741,5.3327488899,,0.3333333333333333,0.4444444444444444,0,1,-6.73364,0.5814285874,4.6944179535,,0.2666666666666666,0.4444444444444444,0.0,1,10
ZINC000000028965,-5.77097,0.4589946866,5.1849403381,,0.0666666666666666,0.2222222222222222,0,1,-6.17867,0.3329775929,5.0413594246,,0.4,0.5555555555555556,0.0,1,-6.12371,0.3062205613,5.1390395164,,0.4666666666666667,0.6666666666666666,0,1,-6.29093,0.297152549,5.3788599968,,0.4666666666666667,0.6666666666666666,0.0,1,-6.15145,0.2790396214,5.2767205238,,0.0666666666666666,0.1111111111111111,0,1,-5.9092,0.2744463682,5.0613651276,,0.5333333333333333,0.6666666666666666,0.0,1,-5.72882,0.2738930285,5.3703055382,,0.0,0.1111111111111111,0.0,1,-7.23636,0.2714557052,5.5180644989,,0.1333333333333333,0.2222222222222222,0.0,1,-5.83384,0.2496985197,5.2191796303,,0.1333333333333333,0.2222222222222222,0,1,-6.59684,0.2492213994,5.6785926819,,0.1333333333333333,0.2222222222222222,0.0,1,10
ZINC000000029011,-6.14532,0.9062200785,6.81721735,,0.4666666666666667,0.5555555555555556,0,1,-6.21828,0.8994879127,6.7094902992,,0.4666666666666667,0.5555555555555556,0.0,1,-6.40397,0.8374422789,6.5755996704,,0.5333333333333333,0.5555555555555556,0,1,-6.3592,0.724758625,6.4061436653,,0.5333333333333333,0.5555555555555556,0.0,1,-7.25207,0.5419749618,6.4321856499,,0.4666666666666667,0.5555555555555556,0,1,-7.19513,0.5327688456,6.4221801758,,0.4666666666666667,0.5555555555555556,0.0,1,-6.15379,0.4129188359,6.1627411842,,0.4,0.5555555555555556,0.0,1,-6.36531,0.3835258484,5.4432301521,,0.2,0.2222222222222222,0.0,1,-5.86899,0.3505895436,5.2644972801,,0.0,0.1111111111111111,0,1,-5.92907,0.3475032747,5.2233395576,,0.0,0.1111111111111111,0.0,1,10
ZINC000000029517,-6.22979,0.516497612,5.1954836845,,0.2666666666666666,0.4444444444444444,0,1,-5.20598,0.5057465434,4.2573895454,,0.2,0.3333333333333333,0.0,1,-5.43092,0.4615168571,3.9886395931,,0.1333333333333333,0.2222222222222222,0,1,-5.67504,0.423828721,3.6575138569,,0.0,0.1111111111111111,0.0,1,-5.88414,0.4113198519,3.7823600769,,0.0,0.1111111111111111,0,1,-5.65713,0.3957176507,3.9335327148,,0.0666666666666666,0.2222222222222222,0.0,1,-5.06845,0.3445212543,4.3295178413,,0.2,0.2222222222222222,0.0,1,-6.50688,0.3251484632,3.7508146763,,0.0666666666666666,0.2222222222222222,0.0,1,-6.57267,0.3197553456,3.8306548595,,0.1333333333333333,0.2222222222222222,0,1,-6.54271,0.3168318272,3.8935272694,,0.0666666666666666,0.1111111111111111,0.0,1,10
ZINC000000030133,-7.0091,0.7186988592,6.3258118629,,0.0666666666666666,0.1111111111111111,0,1,-5.51186,0.6592425704,6.3170647621,,0.4666666666666667,0.5555555555555556,0.0,1,-6.63608,0.5631456375,5.396499157,,0.1333333333333333,0.2222222222222222,0,1,-6.20215,0.5583224297,5.3357644081,,0.0666666666666666,0.1111111111111111,0.0,1,-6.89448,0.4685570598,5.5568161011,,0.1333333333333333,0.2222222222222222,0,1,-6.8046,0.4611716568,5.845345974,,0.1333333333333333,0.2222222222222222,0.0,1,-6.77418,0.395011276,5.6560959816,,0.0666666666666666,0.1111111111111111,0.0,1,-6.50811,0.3867478669,5.8046131134,,0.1333333333333333,0.2222222222222222,0.0,1,-6.3792,0.3718755543,5.3320965767,,0.1333333333333333,0.2222222222222222,0,1,-5.60874,0.3141981661,4.7824425697,,0.0,0.1111111111111111,0.0,1,10
ZINC000000031396,-6.92998,0.8955008984,6.3438334465,,0.1333333333333333,0.2222222222222222,0,1,-6.69077,0.7347112894,4.7863826752,,0.0,0.1111111111111111,0.0,1,-6.70866,0.5620473027,5.7533040047,,0.3333333333333333,0.4444444444444444,0,1,-7.0271,0.4921444654,5.3835492134,,0.1333333333333333,0.2222222222222222,0.0,1,-6.78602,0.4693189859,5.812813282,,0.4666666666666667,0.4444444444444444,0,1,-6.95054,0.4514180422,4.4918208122,,0.1333333333333333,0.2222222222222222,0.0,1,-6.69192,0.4323953986,5.0221142769,,0.1333333333333333,0.2222222222222222,0.0,1,-6.59343,0.4102079868,4.1301174164,,0.0,0.1111111111111111,0.0,1,-7.05214,0.3780163527,5.3031659126,,0.0666666666666666,0.1111111111111111,0,1,-8.29749,0.3645543158,5.0930314064,,0.0666666666666666,0.1111111111111111,0.0,1,10
ZINC000000031657,-6.25421,0.8117265701,6.6607766151,,0.5333333333333333,0.8888888888888888,0,1,-6.83113,0.6760609746,5.9116435051,,0.2,0.3333333333333333,0.0,1,-7.72182,0.6522865295,5.8094329834,,0.2,0.3333333333333333,0,1,-6.94262,0.646859467,5.0808472633,,0.2,0.3333333333333333,0.0,1,-6.85841,0.5833411217,4.9296450615,,0.2666666666666666,0.4444444444444444,0,1,-7.34816,0.544557929,6.1019501686,,0.2666666666666666,0.4444444444444444,0.0,1,-6.78894,0.5376145244,4.7634453773,,0.2666666666666666,0.3333333333333333,0.0,1,-6.72262,0.4769870937,5.3665442467,,0.2,0.2222222222222222,0.0,1,-6.4315,0.4474986792,5.5491261482,,0.1333333333333333,0.2222222222222222,0,1,-7.13299,0.4451608062,5.3929820061,,0.1333333333333333,0.2222222222222222,0.0,1,10
ZINC000000031979,-6.95637,0.5791963339,6.1645579338,,0.6,0.5555555555555556,0,1,-7.55898,0.4412949681,5.6786179543,,0.4666666666666667,0.4444444444444444,0.0,1,-7.56235,0.4097514451,5.7373814583,,0.5333333333333333,0.5555555555555556,0,1,-6.79041,0.4034780264,4.7431540489,,0.0,0.1111111111111111,0.0,1,-6.81525,0.4025170207,4.7050070763,,0.0,0.1111111111111111,0,1,-6.95065,0.3924972415,5.8657341003,,0.2666666666666666,0.4444444444444444,0.0,1,-7.41367,0.3873807192,5.5460085869,,0.5333333333333333,0.5555555555555556,0.0,1,-6.86793,0.3794288933,5.9001631737,,0.2,0.3333333333333333,0.0,1,-7.10269,0.2899634838,5.29438591,,0.0666666666666666,0.1111111111111111,0,1,-6.87762,0.2739595175,5.503223896,,0.3333333333333333,0.5555555555555556,0.0,1,10
ZINC000000032384,-6.72147,0.8043003678,6.8023400307,,0.5333333333333333,0.5555555555555556,0,1,-6.20113,0.6395168304,5.9173226357,,0.0666666666666666,0.1111111111111111,0.0,1,-8.00989,0.5812137723,6.0498013496,,0.2666666666666666,0.3333333333333333,0,1,-7.95072,0.5524069667,5.5993442535,,0.1333333333333333,0.3333333333333333,0.0,1,-6.65478,0.5173283219,6.5310955048,,0.3333333333333333,0.4444444444444444,0,1,-7.40127,0.4951652288,5.8180122375,,0.4666666666666667,0.5555555555555556,0.0,1,-8.1966,0.4929839969,5.8150978088,,0.2666666666666666,0.4444444444444444,0.0,1,-8.11213,0.4314019382,5.3347301483,,0.2666666666666666,0.4444444444444444,0.0,1,-6.83993,0.4207747579,5.9027075768,,0.0666666666666666,0.2222222222222222,0,1,-6.47477,0.4185081422,5.8021063805,,0.4,0.4444444444444444,0.0,1,10
ZINC000000033020,-5.28019,0.2865756452,5.658821106,,0.0,0.1111111111111111,0,1,-5.37093,0.2847865522,4.8751130104,,0.0,0.1111111111111111,0.0,1,-5.40476,0.2750559449,5.2944655418,,0.0666666666666666,0.1111111111111111,0,1,-5.56964,0.2711844742,5.2197299004,,0.2,0.2222222222222222,0.0,1,-5.21206,0.2362342775,5.0851073265,,0.2,0.1111111111111111,0,1,-5.73737,0.2247786522,5.0138096809,,0.0,0.1111111111111111,0.0,1,-5.59402,0.2223513871,5.2117524147,,0.0666666666666666,0.1111111111111111,0.0,1,-5.24713,0.2194761038,5.0265488625,,0.0666666666666666,0.1111111111111111,0.0,1,-5.45278,0.1997186244,4.8035321236,,0.0,0.1111111111111111,0,1,-5.2593,0.1772384495,5.7995166779,,0.4666666666666667,0.6666666666666666,0.0,1,10
ZINC000000033756,-6.77101,0.8515553474,7.1981906891,,0.5333333333333333,0.6666666666666666,0,1,-5.95336,0.6988800168,7.0115432739,,0.6,0.6666666666666666,0.0,1,-6.22795,0.5650872588,6.5363769531,,0.4666666666666667,0.5555555555555556,0,1,-6.32598,0.5527347326,6.4106483459,,0.1333333333333333,0.2222222222222222,0.0,1,-6.0189,0.5294456482,6.5788769722,,0.3333333333333333,0.5555555555555556,0,1,-7.08795,0.4862032235,6.57594347,,0.1333333333333333,0.2222222222222222,0.0,1,-6.98408,0.4247117043,6.0013098717,,0.1333333333333333,0.2222222222222222,0.0,1,-6.14594,0.4038303792,6.3918595314,,0.2,0.3333333333333333,0.0,1,-6.96038,0.3946157992,6.0848116875,,0.1333333333333333,0.2222222222222222,0,1,-6.02353,0.2864644825,5.7884087563,,0.2,0.2222222222222222,0.0,1,10
ZINC000000034176,-8.1447,0.8298703432,6.1497321129,,0.2666666666666666,0.4444444444444444,0,1,-8.46104,0.8264036775,6.5514087677,,0.3333333333333333,0.4444444444444444,0.0,1,-8.06131,0.7831469178,5.9519863129,,0.2666666666666666,0.4444444444444444,0,1,-7.74471,0.7498121262,6.3820762634,,0.2666666666666666,0.4444444444444444,0.0,1,-7.13067,0.7418872118,5.8857326508,,0.3333333333333333,0.5555555555555556,0,1,-8.48352,0.7173754573,6.3203949928,,0.3333333333333333,0.4444444444444444,0.0,1,-7.6596,0.6896987557,6.4104380608,,0.3333333333333333,0.3333333333333333,0.0,1,-6.70997,0.6843860149,5.7923064232,,0.2666666666666666,0.5555555555555556,0.0,1,-7.88716,0.6641530991,5.6374726295,,0.2,0.3333333333333333,0,1,-7.78179,0.6485853791,5.5196528435,,0.2,0.3333333333333333,0.0,1,10
ZINC000000034766,-6.82384,0.8063898683,6.6524271965,,0.4666666666666667,0.5555555555555556,0,1,-7.37568,0.595241189,6.0716648102,,0.3333333333333333,0.4444444444444444,0.0,1,-7.04951,0.4610373974,5.8878970146,,0.4,0.4444444444444444,0,1,-6.86111,0.3074421883,5.8989930153,,0.4,0.6666666666666666,0.0,1,-6.8368,0.3002410531,5.734266758,,0.3333333333333333,0.3333333333333333,0,1,-7.72562,0.2945581675,5.743270874,,0.2666666666666666,0.3333333333333333,0.0,1,-7.18284,0.2785793543,6.3366856575,,0.3333333333333333,0.4444444444444444,0.0,1,-6.7003,0.2544908524,5.2357020378,,0.2666666666666666,0.3333333333333333,0.0,1,-6.04226,0.2349592745,4.7436790466,,0.0666666666666666,0.1111111111111111,0,1,-7.29391,0.2323117852,5.0071659088,,0.2,0.2222222222222222,0.0,1,10
ZINC000000034989,-6.30023,0.8217676878,5.5442824364,,0.0666666666666666,0.1111111111111111,0,1,-7.89027,0.651224792,6.3853497505,,0.4,0.4444444444444444,0.0,1,-8.05554,0.4558648467,6.1802363396,,0.2,0.3333333333333333,0,1,-6.7909,0.452170074,5.3832631111,,0.3333333333333333,0.3333333333333333,0.0,1,-8.09752,0.4338212907,6.0490355492,,0.3333333333333333,0.4444444444444444,0,1,-7.46179,0.3743419051,5.8657755852,,0.2666666666666666,0.4444444444444444,0.0,1,-7.06843,0.3641624153,6.0021796227,,0.2,0.4444444444444444,0.0,1,-6.5539,0.3184591532,5.313190937,,0.3333333333333333,0.4444444444444444,0.0,1,-6.58857,0.3030202091,5.6192269325,,0.0666666666666666,0.2222222222222222,0,1,-7.29807,0.2862723172,4.9573764801,,0.0,0.1111111111111111,0.0,1,10
ZINC000000035374,-6.64727,0.7090731859,6.189344883,,0.6,0.7777777777777778,0,1,-5.35,0.482842356,5.3229880333,,0.1333333333333333,0.3333333333333333,0.0,1,-6.30045,0.4220595956,5.9953560829,,0.4666666666666667,0.4444444444444444,0,1,-6.27465,0.383838743,6.1233825684,,0.2666666666666666,0.3333333333333333,0.0,1,-7.34547,0.3731796443,5.1474118233,,0.2,0.3333333333333333,0,1,-6.78722,0.3697137237,5.0861210823,,0.0666666666666666,0.2222222222222222,0.0,1,-6.64943,0.3653294146,5.2933402061,,0.1333333333333333,0.3333333333333333,0.0,1,-7.29084,0.327907145,5.1761798859,,0.1333333333333333,0.2222222222222222,0.0,1,-7.06696,0.2940379679,4.9571819305,,0.1333333333333333,0.3333333333333333,0,1,-6.29363,0.2901977897,5.0074305534,,0.1333333333333333,0.2222222222222222,0.0,1,10
ZINC000000035610,-6.83532,0.8113282919,6.4843673706,,0.5333333333333333,0.8888888888888888,0,1,-6.06784,0.8080717921,6.5156764984,,0.4666666666666667,0.5555555555555556,0.0,1,-5.97261,0.7217561603,6.271171093,,0.4666666666666667,0.5555555555555556,0,1,-6.32296,0.6226534843,6.3164200783,,0.5333333333333333,0.5555555555555556,0.0,1,-6.28586,0.5928436518,6.603533268,,0.6,0.6666666666666666,0,1,-6.52384,0.5862520337,5.8670811653,,0.4,0.6666666666666666,0.0,1,-5.94167,0.4590230286,6.2789826393,,0.4666666666666667,0.4444444444444444,0.0,1,-5.45346,0.3720951974,4.9777064323,,0.0,0.1111111111111111,0.0,1,-6.58902,0.3374978602,5.9750123024,,0.4666666666666667,0.5555555555555556,0,1,-5.82341,0.3208618164,5.6992378235,,0.2666666666666666,0.4444444444444444,0.0,1,10
ZINC000000036044,-8.07573,0.7471192479,6.5372738838,,0.2666666666666666,0.3333333333333333,0,1,-6.4423,0.7246981263,6.0452251434,,0.4666666666666667,0.7777777777777778,0.0,1,-8.34202,0.7191146612,6.4422149658,,0.2666666666666666,0.4444444444444444,0,1,-7.1956,0.7080765963,6.3586292267,,0.4,0.4444444444444444,0.0,1,-8.23554,0.6128697395,6.2075266838,,0.2666666666666666,0.4444444444444444,0,1,-7.16142,0.5861271024,5.6818041801,,0.4,0.6666666666666666,0.0,1,-6.90513,0.5705407262,5.8786158562,,0.4,0.6666666666666666,0.0,1,-6.92124,0.4326831698,5.4305253029,,0.2,0.3333333333333333,0.0,1,-6.49743,0.4129716754,5.7418732643,,0.4,0.6666666666666666,0,1,-6.60639,0.3864596188,5.3253855705,,0.2,0.3333333333333333,0.0,1,10
ZINC000000036169,-4.92272,0.7243722081,5.0499196053,,0.0666666666666666,0.2222222222222222,0,1,-5.17362,0.6848717928,4.3301134109,,0.0666666666666666,0.1111111111111111,0.0,1,-4.99526,0.5732770562,4.8663506508,,0.1333333333333333,0.2222222222222222,0,1,-5.36553,0.5486099124,4.5620703697,,0.1333333333333333,0.2222222222222222,0.0,1,-5.40202,0.468562305,4.1487770081,,0.0,0.1111111111111111,0,1,-5.31792,0.4086394608,4.0205330849,,0.0666666666666666,0.1111111111111111,0.0,1,-5.18545,0.3930146694,3.8378412724,,0.0,0.1111111111111111,0.0,1,-5.46102,0.3838828206,4.1943974495,,0.0,0.1111111111111111,0.0,1,-5.00879,0.3812651634,3.8570072651,,0.0666666666666666,0.1111111111111111,0,1,-5.06264,0.3801016212,4.031349659,,0.0666666666666666,0.1111111111111111,0.0,1,10
ZINC000000036393,-7.68321,0.7432336807,5.8611197472,,0.2666666666666666,0.2222222222222222,0,1,-7.24699,0.4915428758,5.5792527199,,0.3333333333333333,0.3333333333333333,0.0,1,-6.51616,0.4637812376,5.4183545113,,0.3333333333333333,0.3333333333333333,0,1,-7.24559,0.4608576298,5.7895817757,,0.2,0.2222222222222222,0.0,1,-6.05527,0.3831923604,4.9765033722,,0.2,0.3333333333333333,0,1,-6.11966,0.3554727733,5.0962862968,,0.0666666666666666,0.2222222222222222,0.0,1,-7.00327,0.3553915024,5.00963974,,0.3333333333333333,0.5555555555555556,0.0,1,-7.26706,0.35182634,5.001142025,,0.4,0.5555555555555556,0.0,1,-6.36135,0.3438636959,5.0946540833,,0.2,0.3333333333333333,0,1,-6.54945,0.3325019479,5.4694485664,,0.2666666666666666,0.2222222222222222,0.0,1,10
ZINC000000036436,-5.71479,0.4340354502,4.3304305077,,0.0,0.0,0,1,-5.87103,0.433326602,4.7043566704,,0.2666666666666666,0.3333333333333333,0.0,1,-7.03074,0.3169448674,5.7883419991,,0.3333333333333333,0.5555555555555556,0,1,-6.19362,0.2879993618,4.9524679184,,0.2,0.2222222222222222,0.0,1,-6.23461,0.2872813642,4.8722872734,,0.0666666666666666,0.1111111111111111,0,1,-6.48021,0.2706534266,5.4331626892,,0.2666666666666666,0.4444444444444444,0.0,1,-5.45292,0.2680651844,4.6514220238,,0.0666666666666666,0.1111111111111111,0.0,1,-5.35711,0.2635428011,4.6714186668,,0.1333333333333333,0.2222222222222222,0.0,1,-6.42055,0.2620552778,4.7259922028,,0.0666666666666666,0.1111111111111111,0,1,-5.43353,0.2482930869,4.4519252777,,0.0666666666666666,0.1111111111111111,0.0,1,10
ZINC000000036880,-5.19344,0.4844338596,3.7898187637,,0.0,0.1111111111111111,0,1,-5.11403,0.4759277403,3.7103939056,,0.0,0.1111111111111111,0.0,1,-5.71726,0.4527956247,4.1321487427,,0.0666666666666666,0.1111111111111111,0,1,-5.16717,0.4495544136,3.8040454388,,0.0666666666666666,0.1111111111111111,0.0,1,-5.40956,0.4369339347,3.7989215851,,0.0666666666666666,0.1111111111111111,0,1,-5.26764,0.4346732795,3.841490984,,0.0,0.1111111111111111,0.0,1,-6.59152,0.4280939698,4.0442967415,,0.0,0.0,0.0,1,-5.19268,0.3797264397,3.7008838654,,0.0666666666666666,0.1111111111111111,0.0,1,-5.39706,0.3411625624,4.6257038116,,0.0666666666666666,0.1111111111111111,0,1,-6.00761,0.3362337649,3.8117740154,,0.1333333333333333,0.2222222222222222,0.0,1,10
ZINC000000036887,-4.95348,0.56205374,4.4343018532,,0.0,0.0,0,1,-4.72459,0.4291300774,4.8093767166,,0.2,0.3333333333333333,0.0,1,-4.65277,0.4179541469,3.6848754883,,0.0666666666666666,0.1111111111111111,0,1,-5.05652,0.4161027074,4.1956496239,,0.0666666666666666,0.1111111111111111,0.0,1,-5.18185,0.404925853,3.9548664093,,0.0,0.0,0,1,-4.66641,0.3981279433,4.1598768234,,0.0666666666666666,0.1111111111111111,0.0,1,-5.6564,0.3632310331,4.7295598984,,0.2,0.2222222222222222,0.0,1,-5.41923,0.3148617148,3.9069347382,,0.0,0.0,0.0,1,-5.33877,0.2969985306,4.3665571213,,0.0,0.0,0,1,-5.02678,0.2873665988,4.2599673271,,0.0,0.0,0.0,1,10
ZINC000000036892,-6.71763,0.5055974722,6.0994739532,,0.3333333333333333,0.4444444444444444,0,1,-5.43389,0.4338290095,5.2701911926,,0.0,0.1111111111111111,0.0,1,-6.49943,0.4133320153,5.8313651085,,0.2666666666666666,0.3333333333333333,0,1,-6.55882,0.2781557739,5.6085982323,,0.3333333333333333,0.4444444444444444,0.0,1,-5.96931,0.2768160701,5.3592171669,,0.2666666666666666,0.3333333333333333,0,1,-5.92317,0.2663717568,5.7609753609,,0.3333333333333333,0.4444444444444444,0.0,1,-5.52279,0.2619286776,5.4330964088,,0.0,0.1111111111111111,0.0,1,-6.40885,0.2584849894,5.2266139984,,0.4,0.5555555555555556,0.0,1,-5.81861,0.254542172,5.7318439484,,0.4,0.5555555555555556,0,1,-5.98,0.2527210712,5.285446167,,0.2666666666666666,0.3333333333333333,0.0,1,10
ZINC000000037155,-6.85662,0.6401005983,6.1184487343,,0.4666666666666667,0.6666666666666666,0,1,-7.39105,0.6255056858,5.7037239075,,0.2,0.3333333333333333,0.0,1,-8.05736,0.5975364447,5.6876087189,,0.3333333333333333,0.4444444444444444,0,1,-7.7999,0.5429777503,5.6605401039,,0.1333333333333333,0.2222222222222222,0.0,1,-6.43091,0.541986227,6.1695632935,,0.4666666666666667,0.6666666666666666,0,1,-7.78927,0.5369090438,5.6592254639,,0.1333333333333333,0.2222222222222222,0.0,1,-6.59162,0.5368742347,4.2590684891,,0.0,0.1111111111111111,0.0,1,-6.2036,0.4973170757,4.2534484863,,0.0666666666666666,0.1111111111111111,0.0,1,-6.60716,0.4798829257,5.4785494804,,0.4,0.4444444444444444,0,1,-7.69156,0.4625339508,5.5804467201,,0.1333333333333333,0.2222222222222222,0.0,1,10
ZINC000000037414,-8.13231,0.8942972422,7.0949006081,,0.6,0.5555555555555556,0,1,-8.0925,0.8728278279,6.9694786072,,0.3333333333333333,0.5555555555555556,0.0,1,-7.59434,0.8302145004,6.9638009071,,0.6,0.6666666666666666,0,1,-9.16081,0.786416769,6.7763004303,,0.1333333333333333,0.2222222222222222,0.0,1,-8.60676,0.7157549858,6.2448554039,,0.1333333333333333,0.2222222222222222,0,1,-6.95809,0.699272871,6.749112606,,0.3333333333333333,0.4444444444444444,0.0,1,-6.95428,0.6288768053,6.1825232506,,0.3333333333333333,0.3333333333333333,0.0,1,-6.61644,0.6253688335,6.8234996796,,0.4,0.3333333333333333,0.0,1,-7.42069,0.5219255686,5.8096995354,,0.3333333333333333,0.3333333333333333,0,1,-7.99946,0.4967490435,6.1693253517,,0.1333333333333333,0.2222222222222222,0.0,1,10
ZINC000000037712,-7.49984,0.902741313,6.7147045135,,0.4666666666666667,0.4444444444444444,0,1,-7.15727,0.8300364614,5.8563408852,,0.4666666666666667,0.4444444444444444,0.0,1,-6.39999,0.7254655957,6.256632328,,0.4666666666666667,0.5555555555555556,0,1,-6.10072,0.6924157739,5.7738595009,,0.0666666666666666,0.1111111111111111,0.0,1,-6.15856,0.6554167271,6.1774044037,,0.1333333333333333,0.2222222222222222,0,1,-6.18008,0.5314522386,5.8034310341,,0.3333333333333333,0.3333333333333333,0.0,1,-6.08592,0.5012010932,4.643594265,,0.0,0.1111111111111111,0.0,1,-6.45169,0.481610775,5.6775193214,,0.2,0.3333333333333333,0.0,1,-6.22515,0.4597557187,5.5735507011,,0.2,0.3333333333333333,0,1,-6.46395,0.4507524371,5.766866684,,0.2,0.3333333333333333,0.0,1,10
ZINC000000038069,-7.10119,0.4563919306,6.3721842766,,0.6,0.7777777777777778,0,1,-7.40164,0.2847659588,6.1954236031,,0.3333333333333333,0.4444444444444444,0.0,1,-6.78559,0.2367228568,5.7501544952,,0.2,0.3333333333333333,0,1,-6.67297,0.2236484736,5.2424178123,,0.1333333333333333,0.2222222222222222,0.0,1,-6.00207,0.1974712163,4.8044552803,,0.0,0.1111111111111111,0,1,-6.37833,0.1895262003,5.1423912048,,0.0666666666666666,0.1111111111111111,0.0,1,-6.18576,0.1672919691,4.8886566162,,0.0666666666666666,0.1111111111111111,0.0,1,-6.95396,0.1668749452,4.8714847565,,0.0666666666666666,0.2222222222222222,0.0,1,-6.50228,0.1600863487,4.7843289375,,0.0666666666666666,0.1111111111111111,0,1,-6.53759,0.1542787552,5.0917134285,,0.0666666666666666,0.1111111111111111,0.0,1,10
ZINC000000038344,-8.01341,0.6629652977,5.0699043274,,0.0666666666666666,0.1111111111111111,0,1,-8.09244,0.5274679661,4.9089717865,,0.0,0.1111111111111111,0.0,1,-7.80073,0.4563262463,4.9827046394,,0.0666666666666666,0.1111111111111111,0,1,-7.74735,0.4261086583,4.7710404396,,0.0666666666666666,0.1111111111111111,0.0,1,-8.66791,0.3850995004,5.2069239616,,0.2,0.2222222222222222,0,1,-8.42034,0.3328927755,5.0259709358,,0.1333333333333333,0.2222222222222222,0.0,1,-8.19022,0.3150528371,4.5260219574,,0.0,0.1111111111111111,0.0,1,-7.92224,0.2931808829,4.8342118263,,0.1333333333333333,0.2222222222222222,0.0,1,-9.15113,0.2920026779,5.4095597267,,0.2666666666666666,0.3333333333333333,0,1,-7.30392,0.2853062153,4.8458971977,,0.2,0.2222222222222222,0.0,1,10
ZINC000000038393,-6.91206,0.9253754616,6.0331130028,,0.5333333333333333,0.6666666666666666,0,1,-7.52066,0.8958448768,6.1514878273,,0.5333333333333333,0.5555555555555556,0.0,1,-7.17909,0.8586280346,6.2386775017,,0.4666666666666667,0.5555555555555556,0,1,-6.33576,0.8161838055,4.8871593475,,0.4,0.4444444444444444,0.0,1,-5.89881,0.7800152898,5.6636352539,,0.4,0.6666666666666666,0,1,-7.10782,0.7551641464,5.6997871399,,0.4,0.5555555555555556,0.0,1,-6.84333,0.6819252968,5.7616267204,,0.6,0.6666666666666666,0.0,1,-5.98569,0.6194229722,5.0416646004,,0.0,0.1111111111111111,0.0,1,-6.45447,0.4670060277,5.376373291,,0.4666666666666667,0.6666666666666666,0,1,-6.25982,0.4645778835,5.4879493713,,0.4666666666666667,0.6666666666666666,0.0,1,10
ZINC000000038842,-6.49928,0.4032357037,5.8326568604,,0.3333333333333333,0.3333333333333333,0,1,-6.84423,0.3684312701,4.6392326355,,0.0666666666666666,0.2222222222222222,0.0,1,-7.11383,0.3368992805,5.9076046944,,0.4666666666666667,0.4444444444444444,0,1,-6.63943,0.3189971447,5.5295443535,,0.5333333333333333,0.7777777777777778,0.0,1,-7.20299,0.3045722246,4.4924845695,,0.0,0.1111111111111111,0,1,-6.88691,0.2750045955,5.1129450798,,0.0666666666666666,0.1111111111111111,0.0,1,-6.62696,0.2627775669,5.4665083885,,0.5333333333333333,0.7777777777777778,0.0,1,-7.111,0.2506276071,4.7968902588,,0.2,0.2222222222222222,0.0,1,-7.07347,0.2164425999,4.3928580284,,0.0,0.1111111111111111,0,1,-7.37882,0.2035467178,4.763584137,,0.1333333333333333,0.2222222222222222,0.0,1,10
ZINC000000039608,-3.60973,0.8068209887,3.8911266327,,0.0,0.1111111111111111,0,1,-3.70538,0.7747063637,3.6242263317,,0.0,0.1111111111111111,0.0,1,-5.10318,0.7710381746,4.7465319633,,0.4,0.6666666666666666,0,1,-3.9955,0.7478201985,4.0821275711,,0.0,0.1111111111111111,0.0,1,-3.67809,0.7472343445,3.3756048679,,0.0666666666666666,0.1111111111111111,0,1,-3.62639,0.7341881394,3.7414627075,,0.0,0.1111111111111111,0.0,1,-3.71565,0.7215030193,3.6083133221,,0.0,0.1111111111111111,0.0,1,-3.60472,0.7080872059,3.6153659821,,0.0,0.0,0.0,1,-3.85983,0.7025786042,4.0748820305,,0.2,0.2222222222222222,0,1,-3.76463,0.679266274,3.6471259594,,0.0666666666666666,0.1111111111111111,0.0,1,10
ZINC000000040646,-6.11515,0.9441900849,6.6489357948,,0.5333333333333333,0.6666666666666666,0,1,-6.27794,0.8636339903,7.0792388916,,0.6,0.7777777777777778,0.0,1,-5.5505,0.855296731,6.2380561829,,0.4,0.5555555555555556,0,1,-6.16548,0.827716887,6.5544085503,,0.4,0.5555555555555556,0.0,1,-6.27726,0.7953067422,6.8907828331,,0.6,0.7777777777777778,0,1,-6.58951,0.7513950467,5.6500320435,,0.2,0.3333333333333333,0.0,1,-7.32265,0.6627405882,5.5638432503,,0.2666666666666666,0.3333333333333333,0.0,1,-6.64276,0.5691735744,6.1807899475,,0.4666666666666667,0.5555555555555556,0.0,1,-6.32553,0.5241090059,5.7948322296,,0.4,0.3333333333333333,0,1,-5.82404,0.4309162498,4.9976119995,,0.4,0.5555555555555556,0.0,1,10
ZINC000000040751,-5.32682,0.8418945074,6.1079597473,,0.4,0.5555555555555556,0,1,-4.94916,0.7930595875,6.1570801735,,0.4666666666666667,0.7777777777777778,0.0,1,-5.29303,0.7414604425,5.9792685509,,0.4,0.5555555555555556,0,1,-5.13647,0.6523367167,5.0879230499,,0.4666666666666667,0.4444444444444444,0.0,1,-5.53571,0.5926619172,5.4077277184,,0.3333333333333333,0.5555555555555556,0,1,-4.63596,0.5384830236,5.0765042305,,0.4,0.5555555555555556,0.0,1,-4.56443,0.5349311233,5.1409134865,,0.0,0.1111111111111111,0.0,1,-4.3881,0.4524858594,5.0168628693,,0.0666666666666666,0.1111111111111111,0.0,1,-4.56545,0.4504907131,5.2660746574,,0.2666666666666666,0.4444444444444444,0,1,-4.87052,0.3979629874,4.8065185547,,0.0666666666666666,0.1111111111111111,0.0,1,10
ZINC000000040970,-5.85873,0.8283214569,4.3824462891,,0.0666666666666666,0.1111111111111111,0,1,-5.99688,0.7475055456,4.2946844101,,0.0,0.1111111111111111,0.0,1,-5.85516,0.7064537406,4.4862380028,,0.0666666666666666,0.1111111111111111,0,1,-6.09391,0.6018258333,5.2070822716,,0.4666666666666667,0.6666666666666666,0.0,1,-7.39319,0.4822503924,5.2584710121,,0.4666666666666667,0.4444444444444444,0,1,-6.7275,0.4548141062,3.9996395111,,0.0666666666666666,0.1111111111111111,0.0,1,-6.24862,0.4460574389,4.0686397552,,0.0,0.1111111111111111,0.0,1,-7.24302,0.4365956783,5.5961031914,,0.5333333333333333,0.5555555555555556,0.0,1,-6.1757,0.4137223959,5.0369696617,,0.4666666666666667,0.5555555555555556,0,1,-6.82351,0.3947727382,5.2236461639,,0.2,0.3333333333333333,0.0,1,10
ZINC000000042274,-6.17533,0.9402007461,6.7510094643,,0.6,0.7777777777777778,0,1,-6.17903,0.8600261211,6.8215994835,,0.6,0.6666666666666666,0.0,1,-6.00593,0.7957918048,6.5588493347,,0.5333333333333333,0.5555555555555556,0,1,-5.89244,0.6947176456,6.0366806984,,0.2666666666666666,0.3333333333333333,0.0,1,-7.09673,0.6548494101,5.9733080864,,0.5333333333333333,0.7777777777777778,0,1,-7.09744,0.5097740889,5.9126067162,,0.4666666666666667,0.6666666666666666,0.0,1,-6.37379,0.5080061555,6.2212491035,,0.6,0.6666666666666666,0.0,1,-6.98488,0.4724588394,5.7732620239,,0.5333333333333333,0.7777777777777778,0.0,1,-6.52267,0.457385242,5.1423211098,,0.0,0.1111111111111111,0,1,-6.68508,0.4091382623,5.0199007988,,0.0,0.1111111111111111,0.0,1,10
ZINC000000042517,-6.72746,0.4070473313,5.9029517174,,0.0,0.0,0,1,-5.57138,0.3774982393,5.8454928398,,0.0666666666666666,0.1111111111111111,0.0,1,-5.60728,0.3544881642,5.7445235252,,0.0666666666666666,0.1111111111111111,0,1,-5.60649,0.3033932745,5.6297211647,,0.0666666666666666,0.1111111111111111,0.0,1,-6.30918,0.2385183871,5.2011489868,,0.0,0.0,0,1,-6.23605,0.229437232,5.115708828,,0.0,0.0,0.0,1,-6.01729,0.2057680786,5.432451725,,0.0,0.0,0.0,1,-5.61824,0.203371644,5.4528255463,,0.0,0.0,0.0,1,-6.11972,0.1980772913,5.1519532204,,0.0666666666666666,0.1111111111111111,0,1,-5.38247,0.1899973601,4.5718359947,,0.0,0.0,0.0,1,10
ZINC000000042796,-6.12132,0.9158101082,3.9317800999,,0.0666666666666666,0.2222222222222222,0,1,-6.25646,0.5657493472,3.70956707,,0.0666666666666666,0.1111111111111111,0.0,1,-7.3229,0.508816123,5.3299837112,,0.5333333333333333,0.6666666666666666,0,1,-6.10503,0.460437119,4.8851103783,,0.0666666666666666,0.1111111111111111,0.0,1,-7.06512,0.4138845801,4.5496311188,,0.1333333333333333,0.1111111111111111,0,1,-6.23987,0.4006458819,5.4145107269,,0.2,0.4444444444444444,0.0,1,-6.45967,0.3750402331,5.374818325,,0.3333333333333333,0.4444444444444444,0.0,1,-6.4356,0.3682920635,4.5711669922,,0.4,0.5555555555555556,0.0,1,-6.71401,0.363674134,3.6508228779,,0.0,0.1111111111111111,0,1,-6.63005,0.3509782255,3.5784289837,,0.1333333333333333,0.2222222222222222,0.0,1,10
ZINC000000042941,-5.15855,0.7811896205,3.9779236317,,0.0,0.0,0,1,-5.85864,0.758354187,4.6757979393,,0.0,0.1111111111111111,0.0,1,-6.00482,0.7513038516,5.425052166,,0.4,0.6666666666666666,0,1,-5.43623,0.7446956635,3.9124410152,,0.0,0.1111111111111111,0.0,1,-4.97327,0.6925351024,3.9276854992,,0.0666666666666666,0.1111111111111111,0,1,-4.80675,0.6688298583,3.7169997692,,0.0666666666666666,0.1111111111111111,0.0,1,-6.63686,0.6464934349,4.0758700371,,0.0666666666666666,0.1111111111111111,0.0,1,-5.18112,0.6046870947,4.0548930168,,0.0,0.0,0.0,1,-6.30344,0.6019817591,4.0735440254,,0.0666666666666666,0.2222222222222222,0,1,-6.06724,0.5855241418,3.8910262585,,0.0666666666666666,0.1111111111111111,0.0,1,10
ZINC000000043553,-5.86559,0.875647366,5.383626461,,0.6,0.6666666666666666,0,1,-5.77418,0.8531186581,5.5905742645,,0.5333333333333333,0.6666666666666666,0.0,1,-5.59115,0.8496438265,5.3119935989,,0.4666666666666667,0.5555555555555556,0,1,-5.85593,0.6080458164,3.590916872,,0.1333333333333333,0.3333333333333333,0.0,1,-5.44045,0.603022337,4.7778048515,,0.3333333333333333,0.4444444444444444,0,1,-5.59147,0.578674078,3.6387283802,,0.0,0.1111111111111111,0.0,1,-5.90805,0.5566058755,3.6041395664,,0.1333333333333333,0.2222222222222222,0.0,1,-5.29386,0.5134247541,4.6736717224,,0.1333333333333333,0.2222222222222222,0.0,1,-5.21665,0.5130749941,4.7848973274,,0.2666666666666666,0.3333333333333333,0,1,-5.57439,0.5122604966,4.7483649254,,0.3333333333333333,0.4444444444444444,0.0,1,10
ZINC000000044117,-6.42214,0.797893703,4.9064946175,,0.0666666666666666,0.1111111111111111,0,1,-5.62361,0.7807586193,4.9446296692,,0.0,0.1111111111111111,0.0,1,-5.62716,0.7233554721,4.8062224388,,0.1333333333333333,0.2222222222222222,0,1,-6.0544,0.6800100803,4.7076005936,,0.0666666666666666,0.1111111111111111,0.0,1,-6.06365,0.6630995274,4.4431567192,,0.0666666666666666,0.1111111111111111,0,1,-5.91106,0.6259151697,4.4021596909,,0.2,0.2222222222222222,0.0,1,-5.53517,0.4311517477,4.2145023346,,0.0,0.0,0.0,1,-5.73442,0.339140743,3.953179121,,0.0,0.1111111111111111,0.0,1,-6.78784,0.3135618269,4.9970035553,,0.3333333333333333,0.4444444444444444,0,1,-5.5794,0.2930830419,4.4140205383,,0.1333333333333333,0.2222222222222222,0.0,1,10
ZINC000000044182,-6.71396,0.7694329619,6.2144794464,,0.4,0.6666666666666666,0,1,-5.56815,0.7307171226,5.3334050179,,0.0666666666666666,0.1111111111111111,0.0,1,-6.78987,0.6793925762,5.3266577721,,0.0666666666666666,0.2222222222222222,0,1,-6.48106,0.6404579282,5.2480163574,,0.0,0.1111111111111111,0.0,1,-6.05425,0.6255839467,5.2939658165,,0.0666666666666666,0.1111111111111111,0,1,-5.57292,0.5341249108,5.0725255013,,0.0,0.0,0.0,1,-5.90249,0.493419379,5.0160593987,,0.0666666666666666,0.1111111111111111,0.0,1,-5.45439,0.4280458987,4.7226333618,,0.0,0.1111111111111111,0.0,1,-5.93112,0.4229423106,4.9033560753,,0.0666666666666666,0.1111111111111111,0,1,-5.96723,0.3991125226,4.5042042732,,0.0,0.1111111111111111,0.0,1,10
ZINC000000044606,-7.45986,0.8772663474,6.7128806114,,0.6,0.6666666666666666,0,1,-7.61507,0.7801324725,6.7561860085,,0.5333333333333333,0.6666666666666666,0.0,1,-7.65987,0.7740964293,6.3461494446,,0.4,0.4444444444444444,0,1,-7.44822,0.7716420293,6.6577916145,,0.4666666666666667,0.7777777777777778,0.0,1,-7.69801,0.7269957662,6.5195412636,,0.4,0.5555555555555556,0,1,-7.76964,0.7048994899,6.2523460388,,0.4,0.6666666666666666,0.0,1,-7.98643,0.7008659244,6.6022467613,,0.4666666666666667,0.6666666666666666,0.0,1,-7.63914,0.656503737,6.3881897926,,0.4,0.5555555555555556,0.0,1,-7.61086,0.6460648179,6.3222203255,,0.2666666666666666,0.4444444444444444,0,1,-7.09903,0.5942950249,6.3451857567,,0.3333333333333333,0.4444444444444444,0.0,1,10
ZINC000000044964,-7.41503,0.744397819,5.3381762505,,0.1333333333333333,0.2222222222222222,0,1,-7.28602,0.7345579267,5.2945170403,,0.1333333333333333,0.2222222222222222,0.0,1,-8.57848,0.732190311,6.5266571045,,0.2666666666666666,0.3333333333333333,0,1,-7.35289,0.6606637836,4.9953632355,,0.1333333333333333,0.2222222222222222,0.0,1,-7.61627,0.6604972482,5.3172984123,,0.2,0.2222222222222222,0,1,-7.65321,0.6554623246,5.1810388565,,0.2,0.2222222222222222,0.0,1,-7.27345,0.6525757313,5.4049072266,,0.1333333333333333,0.2222222222222222,0.0,1,-7.51916,0.601759553,6.3390936852,,0.5333333333333333,0.6666666666666666,0.0,1,-6.80398,0.5597729683,5.3283953667,,0.1333333333333333,0.2222222222222222,0,1,-7.55252,0.536912024,5.0760407448,,0.2,0.2222222222222222,0.0,1,10
ZINC000000045198,-7.62926,0.8168934584,6.7411427498,,0.2666666666666666,0.4444444444444444,0,1,-7.68129,0.7931508422,6.6280732155,,0.2,0.3333333333333333,0.0,1,-7.09148,0.7249077559,5.9331645966,,0.3333333333333333,0.5555555555555556,0,1,-6.92352,0.6184056997,6.1483635902,,0.4666666666666667,0.6666666666666666,0.0,1,-8.21432,0.5563310385,6.3641324043,,0.2666666666666666,0.4444444444444444,0,1,-7.83101,0.5231799483,6.1898560524,,0.2,0.3333333333333333,0.0,1,-8.16479,0.497982949,6.2129402161,,0.2666666666666666,0.4444444444444444,0.0,1,-6.71146,0.4947910905,6.0829696655,,0.2,0.3333333333333333,0.0,1,-7.63486,0.4568477571,6.1989822388,,0.2,0.3333333333333333,0,1,-6.52647,0.4237895608,6.2188830376,,0.3333333333333333,0.5555555555555556,0.0,1,10
ZINC000000046081,-7.0124,0.6326814294,5.0289459229,,0.0,0.1111111111111111,0,1,-6.56568,0.5649440289,4.8794326782,,0.0666666666666666,0.1111111111111111,0.0,1,-7.35688,0.4172962904,4.7198405266,,0.1333333333333333,0.2222222222222222,0,1,-7.44457,0.4139582515,5.9008955956,,0.2666666666666666,0.4444444444444444,0.0,1,-6.83384,0.3997480273,5.1828866005,,0.1333333333333333,0.2222222222222222,0,1,-7.65311,0.3909851909,5.7907066345,,0.2,0.3333333333333333,0.0,1,-7.80755,0.3626044393,5.9816474915,,0.4666666666666667,0.6666666666666666,0.0,1,-6.97264,0.3549230099,4.9172272682,,0.0666666666666666,0.1111111111111111,0.0,1,-6.72195,0.3395195007,4.8875985146,,0.0666666666666666,0.1111111111111111,0,1,-6.76411,0.3143725097,4.2691721916,,0.1333333333333333,0.2222222222222222,0.0,1,10
ZINC000000046824,-8.67549,0.8944458961,7.2682127953,,0.5333333333333333,0.6666666666666666,0,1,-8.74972,0.751603663,6.8409881592,,0.4,0.4444444444444444,0.0,1,-8.89921,0.6771810651,6.6873435974,,0.5333333333333333,0.6666666666666666,0,1,-8.37775,0.5570110083,6.2237610817,,0.1333333333333333,0.2222222222222222,0.0,1,-8.3968,0.4370104671,5.9029273987,,0.2666666666666666,0.2222222222222222,0,1,-8.36242,0.4321489036,5.9337067604,,0.1333333333333333,0.2222222222222222,0.0,1,-7.45579,0.4067394435,4.9354057312,,0.1333333333333333,0.2222222222222222,0.0,1,-7.44934,0.3950429559,4.9667868614,,0.0,0.1111111111111111,0.0,1,-7.61993,0.3837403059,4.9790649414,,0.0666666666666666,0.1111111111111111,0,1,-8.34201,0.3736046255,5.7065262794,,0.1333333333333333,0.2222222222222222,0.0,1,10
ZINC000000047079,-6.0744,0.5111262202,5.246073246,,0.0666666666666666,0.2222222222222222,0,1,-6.17145,0.3621381223,4.5711464882,,0.0666666666666666,0.2222222222222222,0.0,1,-6.45433,0.3229313195,5.7680764198,,0.0666666666666666,0.1111111111111111,0,1,-6.57676,0.3001104891,5.0356106758,,0.0666666666666666,0.1111111111111111,0.0,1,-6.11598,0.2847179174,4.8469562531,,0.0,0.0,0,1,-6.5564,0.2801042497,5.7206664085,,0.2,0.2222222222222222,0.0,1,-6.90868,0.2595723867,4.8492546082,,0.0666666666666666,0.1111111111111111,0.0,1,-6.43261,0.2577544451,4.9199557304,,0.0666666666666666,0.1111111111111111,0.0,1,-6.2581,0.2552932799,5.680788517,,0.3333333333333333,0.5555555555555556,0,1,-6.6529,0.2500021458,4.1654081345,,0.0,0.1111111111111111,0.0,1,10
ZINC000000048744,-6.03682,0.4031577706,5.2662701607,,0.0,0.0,0,1,-7.91173,0.383081913,5.8559985161,,0.3333333333333333,0.4444444444444444,0.0,1,-6.32487,0.3800618649,4.7790904045,,0.0666666666666666,0.2222222222222222,0,1,-6.28844,0.3698519468,4.7240519524,,0.0,0.1111111111111111,0.0,1,-6.30194,0.3692009151,4.6375918388,,0.0,0.1111111111111111,0,1,-6.07688,0.3601192534,4.3238582611,,0.0,0.1111111111111111,0.0,1,-7.76362,0.3177855611,5.7892823219,,0.2,0.3333333333333333,0.0,1,-5.99274,0.3066389859,4.167280674,,0.0,0.1111111111111111,0.0,1,-6.40912,0.306581676,4.6239776611,,0.0,0.1111111111111111,0,1,-7.43601,0.3045844436,5.859588623,,0.4666666666666667,0.5555555555555556,0.0,1,10
ZINC000000049269,-6.70838,0.7857179046,5.7778382301,,0.5333333333333333,0.5555555555555556,0,1,-6.44983,0.7558270693,5.6171765327,,0.4,0.4444444444444444,0.0,1,-6.76197,0.7474374771,5.2806396484,,0.4,0.5555555555555556,0,1,-5.70257,0.7163660526,3.7258033752,,0.0666666666666666,0.2222222222222222,0.0,1,-5.99384,0.7136173248,4.5439739227,,0.2,0.3333333333333333,0,1,-7.05955,0.7120605111,5.2290306091,,0.2,0.3333333333333333,0.0,1,-6.39842,0.640376687,4.6865744591,,0.2666666666666666,0.3333333333333333,0.0,1,-5.8177,0.638977766,5.1614441872,,0.4666666666666667,0.5555555555555556,0.0,1,-5.88626,0.5980629921,3.9197425842,,0.0666666666666666,0.2222222222222222,0,1,-6.1984,0.485273242,5.4085502625,,0.2666666666666666,0.2222222222222222,0.0,1,10
ZINC000000049578,-7.35553,0.5833422542,4.533267498,,0.0,0.1111111111111111,0,1,-7.32883,0.560628891,4.3998026848,,0.0,0.1111111111111111,0.0,1,-6.74716,0.4965186715,4.1804594994,,0.0,0.1111111111111111,0,1,-6.81924,0.43664065,3.8202884197,,0.0666666666666666,0.1111111111111111,0.0,1,-7.6696,0.4345270991,4.1925311089,,0.0,0.1111111111111111,0,1,-6.22152,0.4326134026,5.5163478851,,0.0,0.0,0.0,1,-7.65256,0.4249708652,5.8448638916,,0.1333333333333333,0.2222222222222222,0.0,1,-6.5459,0.4070931077,4.9543585777,,0.0,0.0,0.0,1,-6.84269,0.4052657783,3.7873792648,,0.0666666666666666,0.1111111111111111,0,1,-6.5498,0.3974086642,3.8245499134,,0.0,0.1111111111111111,0.0,1,10
ZINC000000049762,-5.82965,0.4172573686,6.0686593056,,0.0666666666666666,0.1111111111111111,0,1,-6.52487,0.3674702644,5.907684803,,0.0666666666666666,0.1111111111111111,0.0,1,-6.20236,0.3488279581,6.1658496857,,0.1333333333333333,0.2222222222222222,0,1,-6.20201,0.3434551656,5.4380793571,,0.0666666666666666,0.2222222222222222,0.0,1,-6.05841,0.2963281274,5.7091670036,,0.2,0.3333333333333333,0,1,-7.66237,0.2593110204,5.696252346,,0.1333333333333333,0.2222222222222222,0.0,1,-7.29675,0.2443846762,5.5499939919,,0.1333333333333333,0.2222222222222222,0.0,1,-6.97641,0.2384370565,5.4316253662,,0.2,0.2222222222222222,0.0,1,-6.01888,0.2272591889,5.5163769722,,0.1333333333333333,0.2222222222222222,0,1,-5.94706,0.2195185423,4.8560099602,,0.0666666666666666,0.1111111111111111,0.0,1,10
ZINC000000050176,-5.99477,0.8495450616,5.709997654,,0.6,0.7777777777777778,0,1,-5.46296,0.6529299021,5.7919859886,,0.5333333333333333,0.6666666666666666,0.0,1,-5.17571,0.5643566847,5.3143048286,,0.3333333333333333,0.4444444444444444,0,1,-6.06881,0.4981245399,5.4247264862,,0.4,0.3333333333333333,0.0,1,-5.93551,0.4911240637,5.3008360863,,0.4666666666666667,0.4444444444444444,0,1,-5.23177,0.4360331297,4.8811221123,,0.0666666666666666,0.1111111111111111,0.0,1,-6.01903,0.3422311544,4.1327776909,,0.0,0.1111111111111111,0.0,1,-5.21529,0.3351361752,4.8211174011,,0.3333333333333333,0.4444444444444444,0.0,1,-5.50672,0.3169590235,4.9009041786,,0.3333333333333333,0.4444444444444444,0,1,-5.65866,0.3153455555,5.1124005318,,0.4666666666666667,0.4444444444444444,0.0,1,10
ZINC000000050245,-8.5865,0.657168746,5.6523971558,,0.2,0.3333333333333333,0,1,-8.28606,0.5641239285,5.4655547142,,0.2666666666666666,0.4444444444444444,0.0,1,-7.28991,0.5379139185,6.0715556145,,0.2666666666666666,0.5555555555555556,0,1,-8.02755,0.5181693435,5.3639450073,,0.2,0.3333333333333333,0.0,1,-8.49496,0.5050160289,5.5850310326,,0.2,0.3333333333333333,0,1,-6.90083,0.497851938,5.1829299927,,0.4,0.5555555555555556,0.0,1,-7.65949,0.4976723194,4.7721853256,,0.1333333333333333,0.2222222222222222,0.0,1,-8.52675,0.4929930568,5.5600876808,,0.2,0.3333333333333333,0.0,1,-7.09093,0.4119855762,4.3882098198,,0.0666666666666666,0.1111111111111111,0,1,-7.63127,0.3926346302,4.7353596687,,0.1333333333333333,0.2222222222222222,0.0,1,10
ZINC000000050683,-6.384,0.8013651967,5.1304168701,,0.4,0.5555555555555556,0,1,-5.75036,0.7881518006,5.0933537483,,0.4666666666666667,0.6666666666666666,0.0,1,-6.39348,0.7345177531,5.0572772026,,0.4,0.5555555555555556,0,1,-5.51524,0.7294431329,4.9597449303,,0.4,0.6666666666666666,0.0,1,-5.93719,0.6739763618,5.3015732765,,0.2,0.3333333333333333,0,1,-6.8688,0.6061412096,5.4308657646,,0.5333333333333333,0.7777777777777778,0.0,1,-6.69201,0.6036951542,5.7927498817,,0.4,0.6666666666666666,0.0,1,-5.77238,0.5821182728,5.0521883965,,0.6,0.5555555555555556,0.0,1,-6.56251,0.5668053031,5.1886668205,,0.6,0.6666666666666666,0,1,-5.39276,0.4833391905,5.2673277855,,0.2666666666666666,0.4444444444444444,0.0,1,10
ZINC000000051110,-6.90491,0.6677389145,6.1484475136,,0.4,0.4444444444444444,0,1,-6.52566,0.6305912733,4.2376537323,,0.0,0.1111111111111111,0.0,1,-5.84527,0.584297657,4.9780259132,,0.0,0.0,0,1,-6.34482,0.5782107711,3.9979531765,,0.0,0.1111111111111111,0.0,1,-5.78211,0.5696874261,5.1474933624,,0.0,0.1111111111111111,0,1,-6.51531,0.4891854227,4.4793820381,,0.0666666666666666,0.2222222222222222,0.0,1,-7.25207,0.4872729778,4.0917038918,,0.0,0.1111111111111111,0.0,1,-6.85426,0.4625436664,4.2638626099,,0.0666666666666666,0.1111111111111111,0.0,1,-5.82484,0.4518186748,4.3865962029,,0.0666666666666666,0.2222222222222222,0,1,-5.83259,0.4463902712,4.9106030464,,0.0,0.1111111111111111,0.0,1,10
ZINC000000051282,-5.39911,0.9162592292,5.0723381042,,0.4666666666666667,0.7777777777777778,0,1,-5.22011,0.8529132605,4.2755436897,,0.3333333333333333,0.4444444444444444,0.0,1,-5.03404,0.8350384831,4.787115097,,0.4666666666666667,0.5555555555555556,0,1,-4.7543,0.7656182647,3.3717091084,,0.1333333333333333,0.2222222222222222,0.0,1,-4.34022,0.7571440339,3.2840137482,,0.0666666666666666,0.1111111111111111,0,1,-4.39076,0.7477702498,3.6223804951,,0.0,0.1111111111111111,0.0,1,-5.34734,0.7464543581,3.7936229706,,0.0,0.1111111111111111,0.0,1,-4.24694,0.7084851265,4.056620121,,0.0666666666666666,0.1111111111111111,0.0,1,-5.15889,0.6968301535,3.7902019024,,0.0,0.1111111111111111,0,1,-5.37535,0.6897663474,5.0261249542,,0.3333333333333333,0.5555555555555556,0.0,1,10
ZINC000000051466,-6.1023,0.6315839291,4.2022938728,,0.0,0.1111111111111111,0,1,-6.28188,0.5953743458,3.9297683239,,0.0,0.1111111111111111,0.0,1,-6.22229,0.5652677417,3.9847962856,,0.0,0.1111111111111111,0,1,-6.57355,0.5256443024,4.3501214981,,0.0666666666666666,0.1111111111111111,0.0,1,-6.56612,0.522569418,4.3414416313,,0.0666666666666666,0.1111111111111111,0,1,-4.82716,0.5096556544,4.4409017563,,0.0,0.0,0.0,1,-6.6552,0.479259342,3.653065443,,0.0666666666666666,0.1111111111111111,0.0,1,-6.2365,0.4588011503,5.4448013306,,0.3333333333333333,0.5555555555555556,0.0,1,-5.8407,0.4526790679,5.0694537163,,0.2666666666666666,0.3333333333333333,0,1,-6.26181,0.4410830736,3.9996478558,,0.0,0.1111111111111111,0.0,1,10
ZINC000000051752,-8.23056,0.7454347014,6.9110007286,,0.4,0.4444444444444444,0,1,-8.43554,0.7271395326,6.7632336617,,0.3333333333333333,0.5555555555555556,0.0,1,-8.29001,0.6553028822,6.5075149536,,0.2666666666666666,0.3333333333333333,0,1,-8.39199,0.6135957241,6.5218443871,,0.4666666666666667,0.6666666666666666,0.0,1,-8.80421,0.5734696984,6.5567016602,,0.2,0.3333333333333333,0,1,-8.58407,0.5447725654,6.5816502571,,0.2,0.3333333333333333,0.0,1,-8.08565,0.5267716646,6.3628101349,,0.2666666666666666,0.4444444444444444,0.0,1,-8.25855,0.4594433606,6.2639985085,,0.2,0.4444444444444444,0.0,1,-7.97089,0.4254535735,6.2990837097,,0.2666666666666666,0.4444444444444444,0,1,-8.33332,0.4159293175,6.3475937843,,0.2666666666666666,0.4444444444444444,0.0,1,10
ZINC000000052003,-7.27737,0.450350523,6.3138451576,,0.4666666666666667,0.4444444444444444,0,1,-6.93041,0.3892554939,5.0675930977,,0.0,0.1111111111111111,0.0,1,-6.59964,0.36499542,6.1700706482,,0.6,0.6666666666666666,0,1,-7.24858,0.3071970046,5.8923778534,,0.3333333333333333,0.3333333333333333,0.0,1,-8.15907,0.27228266,5.7079453468,,0.1333333333333333,0.2222222222222222,0,1,-7.18456,0.2688781321,4.5960006714,,0.1333333333333333,0.3333333333333333,0.0,1,-6.6432,0.2587219477,5.6245803833,,0.4,0.4444444444444444,0.0,1,-8.22831,0.2479953766,5.5683875084,,0.1333333333333333,0.2222222222222222,0.0,1,-7.70951,0.2467765212,5.3461756706,,0.0666666666666666,0.2222222222222222,0,1,-7.71101,0.245126918,5.1150631905,,0.1333333333333333,0.2222222222222222,0.0,1,10
ZINC000000052746,-5.45969,0.6370323896,4.5898375511,,0.0,0.1111111111111111,0,1,-6.31104,0.497395277,4.6596069336,,0.0,0.1111111111111111,0.0,1,-6.60768,0.377294302,4.4686226845,,0.1333333333333333,0.2222222222222222,0,1,-6.60598,0.3737850785,4.09289217,,0.0666666666666666,0.1111111111111111,0.0,1,-6.41447,0.3520507514,4.6462578773,,0.0,0.1111111111111111,0,1,-5.42996,0.3275910318,4.9051041603,,0.0,0.1111111111111111,0.0,1,-6.52067,0.3134838641,5.4370975494,,0.3333333333333333,0.3333333333333333,0.0,1,-5.72212,0.3117672801,3.9771404266,,0.0,0.1111111111111111,0.0,1,-5.44464,0.2971508205,4.5014872551,,0.0,0.1111111111111111,0,1,-6.38133,0.2803600132,4.1025853157,,0.0,0.1111111111111111,0.0,1,10
ZINC000000053037,-6.33799,0.5917265415,5.9450516701,,0.4666666666666667,0.5555555555555556,0,1,-7.47423,0.2790786922,6.0856356621,,0.2666666666666666,0.4444444444444444,0.0,1,-7.11007,0.2768731415,5.4469509125,,0.2666666666666666,0.3333333333333333,0,1,-7.30235,0.2400220335,5.6558737755,,0.3333333333333333,0.4444444444444444,0.0,1,-6.94707,0.2379809916,5.3612408638,,0.1333333333333333,0.2222222222222222,0,1,-6.85265,0.2289828211,5.316133976,,0.2666666666666666,0.4444444444444444,0.0,1,-7.1277,0.2242604643,5.368391037,,0.1333333333333333,0.2222222222222222,0.0,1,-6.28996,0.218963623,5.9402713776,,0.4,0.4444444444444444,0.0,1,-6.16347,0.2162226737,5.4435443878,,0.2666666666666666,0.4444444444444444,0,1,-6.10535,0.1991176754,5.0341143608,,0.0666666666666666,0.1111111111111111,0.0,1,10
ZINC000000053066,-8.09268,0.327986002,5.3252139091,,0.1333333333333333,0.2222222222222222,0,1,-7.21214,0.3050068021,4.7246022224,,0.0,0.1111111111111111,0.0,1,-6.89553,0.266803354,5.8111038208,,0.2666666666666666,0.4444444444444444,0,1,-5.75861,0.259885639,4.1674184799,,0.0,0.0,0.0,1,-8.00617,0.2517202795,6.2901997566,,0.4,0.5555555555555556,0,1,-6.29733,0.2285232991,4.4384059906,,0.0,0.1111111111111111,0.0,1,-6.54009,0.2190693021,4.6328687668,,0.0,0.1111111111111111,0.0,1,-6.48259,0.2077032775,4.4858365059,,0.0,0.1111111111111111,0.0,1,-8.18756,0.1933695823,6.2446212769,,0.6,0.7777777777777778,0,1,-6.31816,0.188842088,3.9322366714,,0.0666666666666666,0.1111111111111111,0.0,1,10
ZINC000000053115,-8.13743,0.9666140079,7.5194606781,,0.3333333333333333,0.5555555555555556,0,1,-7.8237,0.9566485882,7.4440722466,,0.5333333333333333,0.6666666666666666,0.0,1,-7.24946,0.8745501637,7.0732588768,,0.5333333333333333,0.6666666666666666,0,1,-7.12926,0.8719134927,6.9710960388,,0.1333333333333333,0.2222222222222222,0.0,1,-8.19087,0.858540535,6.9525203705,,0.3333333333333333,0.4444444444444444,0,1,-7.46006,0.7780377865,6.9012541771,,0.2666666666666666,0.3333333333333333,0.0,1,-6.93982,0.6410799623,6.319665432,,0.2666666666666666,0.4444444444444444,0.0,1,-7.16264,0.5148476362,6.1271157265,,0.3333333333333333,0.4444444444444444,0.0,1,-6.33411,0.4531619251,6.0773272514,,0.4,0.5555555555555556,0,1,-6.6843,0.4465064406,6.3007254601,,0.1333333333333333,0.2222222222222222,0.0,1,10
ZINC000000053160,-6.11922,0.5644478798,5.9084014893,,0.4666666666666667,0.5555555555555556,0,1,-6.69741,0.5060249567,6.0609264374,,0.3333333333333333,0.4444444444444444,0.0,1,-6.0238,0.4474196732,6.2869415283,,0.4666666666666667,0.4444444444444444,0,1,-6.34903,0.4086454213,5.7845287323,,0.2,0.2222222222222222,0.0,1,-6.08056,0.4004788995,5.9444832802,,0.4,0.5555555555555556,0,1,-7.48229,0.3877983391,5.9567685127,,0.2,0.3333333333333333,0.0,1,-6.26,0.3868246675,6.0299334526,,0.3333333333333333,0.4444444444444444,0.0,1,-7.09674,0.3459823132,5.3980674744,,0.0666666666666666,0.1111111111111111,0.0,1,-6.97744,0.3080066442,5.3728089333,,0.2666666666666666,0.2222222222222222,0,1,-6.50458,0.3048310876,5.2552900314,,0.4666666666666667,0.5555555555555556,0.0,1,10
ZINC000000053443,-7.53267,0.3336624503,5.2537517548,,0.0,0.1111111111111111,0,1,-6.86873,0.2749512792,5.1129970551,,0.0,0.1111111111111111,0.0,1,-6.59795,0.2437550575,5.2137670517,,0.0,0.1111111111111111,0,1,-6.48379,0.2314262688,5.2474689484,,0.0,0.1111111111111111,0.0,1,-7.28414,0.2196105868,5.7928328514,,0.3333333333333333,0.5555555555555556,0,1,-7.29678,0.2148231119,5.2142577171,,0.0,0.1111111111111111,0.0,1,-6.12745,0.2057433873,4.9926228523,,0.0,0.1111111111111111,0.0,1,-8.16251,0.1977507919,5.3271803856,,0.1333333333333333,0.2222222222222222,0.0,1,-6.86363,0.1964414269,5.6003937721,,0.2666666666666666,0.4444444444444444,0,1,-6.20695,0.1899851561,4.7023301125,,0.0,0.1111111111111111,0.0,1,10
ZINC000000053539,-4.88018,0.5733844638,4.4899044037,,0.0,0.0,0,1,-6.25649,0.5597142577,5.5985331535,,0.2,0.3333333333333333,0.0,1,-6.01575,0.438585043,4.3956723213,,0.2,0.1111111111111111,0,1,-6.46884,0.3756578267,4.4726605415,,0.0666666666666666,0.1111111111111111,0.0,1,-6.00967,0.3726023734,5.4492340088,,0.2,0.2222222222222222,0,1,-5.23099,0.3678556383,3.4247512817,,0.0666666666666666,0.1111111111111111,0.0,1,-4.89744,0.3441705108,4.5540614128,,0.0,0.0,0.0,1,-6.3602,0.3310518861,4.708509922,,0.0666666666666666,0.1111111111111111,0.0,1,-6.22131,0.3028598726,4.6494579315,,0.0666666666666666,0.1111111111111111,0,1,-6.07236,0.2633547783,4.4573459625,,0.2666666666666666,0.4444444444444444,0.0,1,10
ZINC000000054233,-7.10852,0.6836303473,6.3346176147,,0.2,0.3333333333333333,0,1,-7.53996,0.5819679499,6.4365286827,,0.3333333333333333,0.3333333333333333,0.0,1,-7.37755,0.4980177879,5.9941754341,,0.4666666666666667,0.5555555555555556,0,1,-6.38832,0.3891780376,4.4249515533,,0.0,0.1111111111111111,0.0,1,-6.34393,0.3535504639,5.9947733879,,0.2,0.3333333333333333,0,1,-7.1058,0.3246735334,5.5732650757,,0.2,0.3333333333333333,0.0,1,-6.88978,0.3068754971,5.5334038734,,0.4,0.4444444444444444,0.0,1,-6.55602,0.3045529425,4.2827386856,,0.0,0.1111111111111111,0.0,1,-6.95681,0.2924574018,4.3469572067,,0.0,0.1111111111111111,0,1,-6.61099,0.2914713025,4.3226265907,,0.0,0.1111111111111111,0.0,1,10
ZINC000000054887,-4.49666,0.6666492224,4.4031367302,,0.0666666666666666,0.1111111111111111,0,1,-5.81039,0.6636925936,4.1259217262,,0.0666666666666666,0.1111111111111111,0.0,1,-4.83002,0.6633277535,3.8892633915,,0.0,0.1111111111111111,0,1,-5.37097,0.6563079953,5.8750247955,,0.4,0.5555555555555556,0.0,1,-5.61726,0.6101455092,3.975769043,,0.0,0.1111111111111111,0,1,-5.58831,0.59728688,4.0311589241,,0.0,0.1111111111111111,0.0,1,-5.6973,0.5722640157,3.9366252422,,0.0,0.1111111111111111,0.0,1,-5.42367,0.5558755398,3.7430112362,,0.0,0.1111111111111111,0.0,1,-5.60404,0.5463594198,3.8673546314,,0.0,0.1111111111111111,0,1,-4.96053,0.5000954866,4.4463543892,,0.0666666666666666,0.1111111111111111,0.0,1,10
ZINC000000055272,-6.98081,0.5681694746,5.6034359932,,0.4666666666666667,0.5555555555555556,0,1,-6.8007,0.5623652935,6.0595974922,,0.4666666666666667,0.6666666666666666,0.0,1,-7.09951,0.5578784943,5.57604599,,0.6,0.6666666666666666,0,1,-6.51454,0.5170214176,5.3256993294,,0.5333333333333333,0.6666666666666666,0.0,1,-6.51195,0.4979215562,5.5112133026,,0.6,0.6666666666666666,0,1,-6.61967,0.4848703444,5.2749743462,,0.5333333333333333,0.5555555555555556,0.0,1,-7.16978,0.4406081736,5.8994235992,,0.4,0.4444444444444444,0.0,1,-7.12416,0.4234762192,5.8279533386,,0.3333333333333333,0.5555555555555556,0.0,1,-6.8979,0.4085797966,5.6256637573,,0.3333333333333333,0.5555555555555556,0,1,-6.72783,0.387814492,5.616361618,,0.4,0.5555555555555556,0.0,1,10
ZINC000000055308,-7.07461,0.8937215805,6.2465686798,,0.3333333333333333,0.6666666666666666,0,1,-8.29138,0.8858722448,6.2828369141,,0.4666666666666667,0.4444444444444444,0.0,1,-7.74405,0.7784964442,6.0960297585,,0.4666666666666667,0.6666666666666666,0,1,-7.09493,0.7478320003,4.9284877777,,0.0666666666666666,0.1111111111111111,0.0,1,-7.3278,0.7455971837,6.0338540077,,0.2666666666666666,0.2222222222222222,0,1,-7.02868,0.736928761,6.1220612526,,0.6,0.7777777777777778,0.0,1,-7.96535,0.7174685001,5.9582266808,,0.2666666666666666,0.3333333333333333,0.0,1,-7.44206,0.6971562505,5.9918656349,,0.5333333333333333,0.6666666666666666,0.0,1,-7.20235,0.6906257868,5.0350322723,,0.0666666666666666,0.1111111111111111,0,1,-8.57642,0.684019804,6.0358772278,,0.1333333333333333,0.2222222222222222,0.0,1,10
ZINC000000055354,-6.78265,0.682245791,6.1288838387,,0.5333333333333333,0.6666666666666666,0,1,-7.21028,0.6349058747,5.9886956215,,0.6,0.6666666666666666,0.0,1,-6.44962,0.5759788752,5.4884324074,,0.5333333333333333,0.6666666666666666,0,1,-6.60711,0.5033755302,5.6929440498,,0.5333333333333333,0.5555555555555556,0.0,1,-6.46582,0.444496125,5.7553162575,,0.6,0.5555555555555556,0,1,-6.44185,0.4427199364,5.7118401527,,0.5333333333333333,0.6666666666666666,0.0,1,-6.35864,0.4348416328,5.3103723526,,0.2666666666666666,0.4444444444444444,0.0,1,-7.04811,0.4218140244,5.2974433899,,0.3333333333333333,0.4444444444444444,0.0,1,-5.57265,0.3289129138,5.2625355721,,0.3333333333333333,0.4444444444444444,0,1,-5.65014,0.3263728619,4.6842913628,,0.0666666666666666,0.2222222222222222,0.0,1,10
ZINC000000055502,-7.14037,0.6437528133,5.2438397408,,0.0666666666666666,0.1111111111111111,0,1,-6.63154,0.5509149432,4.7904491425,,0.0,0.1111111111111111,0.0,1,-6.78402,0.4657477736,5.5009117126,,0.0,0.1111111111111111,0,1,-7.13153,0.4125064015,5.3022294044,,0.0666666666666666,0.1111111111111111,0.0,1,-7.30244,0.3866174817,6.2181782722,,0.4666666666666667,0.5555555555555556,0,1,-6.71412,0.376557827,5.3552947044,,0.0,0.1111111111111111,0.0,1,-6.81299,0.3660299778,5.1902732849,,0.0666666666666666,0.1111111111111111,0.0,1,-6.54697,0.3499260843,4.9027671814,,0.0,0.1111111111111111,0.0,1,-7.11797,0.3368482888,4.8662471771,,0.0,0.1111111111111111,0,1,-6.62732,0.3280380368,5.1357254982,,0.0666666666666666,0.1111111111111111,0.0,1,10
ZINC000000055555,-9.38246,0.8716493845,7.1594676971,,0.4,0.5555555555555556,0,1,-9.41887,0.8382927179,7.2034668922,,0.4666666666666667,0.6666666666666666,0.0,1,-9.76647,0.828938961,6.9388222694,,0.3333333333333333,0.5555555555555556,0,1,-7.92522,0.7753912807,7.012096405,,0.5333333333333333,0.7777777777777778,0.0,1,-9.02881,0.7301564813,6.6343255043,,0.2666666666666666,0.4444444444444444,0,1,-7.37071,0.5600792766,6.1378493309,,0.4,0.4444444444444444,0.0,1,-9.03581,0.5548630953,6.3984489441,,0.3333333333333333,0.4444444444444444,0.0,1,-7.27334,0.4684564173,6.4890079498,,0.2666666666666666,0.4444444444444444,0.0,1,-7.27301,0.4489887953,6.5053830147,,0.4,0.6666666666666666,0,1,-8.73228,0.4116635621,6.0994954109,,0.1333333333333333,0.2222222222222222,0.0,1,10
ZINC000000055566,-6.89085,0.5849562883,5.9082508087,,0.3333333333333333,0.4444444444444444,0,1,-7.30865,0.5370103717,6.0954041481,,0.3333333333333333,0.4444444444444444,0.0,1,-7.96187,0.50178653,6.2895216942,,0.3333333333333333,0.5555555555555556,0,1,-7.84188,0.4682455659,6.1641116142,,0.2,0.3333333333333333,0.0,1,-8.18383,0.4615039825,6.5541729927,,0.3333333333333333,0.4444444444444444,0,1,-7.17584,0.4201513231,6.2860035896,,0.2,0.2222222222222222,0.0,1,-7.42978,0.3916022182,6.0034193993,,0.3333333333333333,0.4444444444444444,0.0,1,-8.0032,0.3455654979,6.3811683655,,0.2,0.3333333333333333,0.0,1,-6.90424,0.2731040716,5.9144611359,,0.4666666666666667,0.4444444444444444,0,1,-6.61644,0.2454759181,5.6773934364,,0.2666666666666666,0.3333333333333333,0.0,1,10
ZINC000000056377,-5.9588,0.4502347708,4.6496167183,,0.0,0.1111111111111111,0,1,-6.43943,0.3367874026,5.9291687012,,0.4,0.5555555555555556,0.0,1,-5.73488,0.3339034617,5.8306236267,,0.3333333333333333,0.4444444444444444,0,1,-6.11785,0.2864563763,4.8675107956,,0.0,0.1111111111111111,0.0,1,-6.245,0.2816188335,5.7066254616,,0.4,0.5555555555555556,0,1,-5.59009,0.2764262557,5.0686950684,,0.0,0.1111111111111111,0.0,1,-6.29449,0.2757267058,4.6521840096,,0.0,0.1111111111111111,0.0,1,-5.86721,0.2577080131,4.7959752083,,0.0,0.1111111111111111,0.0,1,-6.0218,0.2457626164,5.5223884583,,0.1333333333333333,0.2222222222222222,0,1,-6.40361,0.2373004258,5.7563381195,,0.4,0.6666666666666666,0.0,1,10
ZINC000000056629,-6.28513,0.9690723419,5.2611904144,,0.5333333333333333,0.8888888888888888,0,1,-6.26243,0.9686191082,5.2578978539,,0.4666666666666667,0.7777777777777778,0.0,1,-5.99896,0.9489670992,5.3357234001,,0.5333333333333333,0.7777777777777778,0,1,-4.88303,0.8621830344,4.8046660423,,0.6,0.8888888888888888,0.0,1,-5.34948,0.8517223001,4.7547960281,,0.4,0.5555555555555556,0,1,-5.34859,0.7328933477,4.3971562386,,0.2,0.3333333333333333,0.0,1,-6.19483,0.6934652328,4.1340274811,,0.1333333333333333,0.2222222222222222,0.0,1,-4.89876,0.6665454507,3.4572544098,,0.0666666666666666,0.1111111111111111,0.0,1,-4.85579,0.6656974554,3.6101005077,,0.0666666666666666,0.1111111111111111,0,1,-6.09152,0.6649209857,4.2261214256,,0.1333333333333333,0.2222222222222222,0.0,1,10
ZINC000000056646,-5.7413,0.6901118755,4.2915968895,,0.0,0.1111111111111111,0,1,-5.79668,0.6533477902,4.5282444954,,0.1333333333333333,0.2222222222222222,0.0,1,-5.28893,0.6482740641,4.3495268822,,0.0666666666666666,0.2222222222222222,0,1,-5.07323,0.5550755262,4.2214770317,,0.0666666666666666,0.2222222222222222,0.0,1,-5.87753,0.4861466885,4.8760471344,,0.2,0.2222222222222222,0,1,-5.70321,0.4839064181,3.904099226,,0.0666666666666666,0.2222222222222222,0.0,1,-5.30789,0.4830829203,4.0914225578,,0.0,0.1111111111111111,0.0,1,-5.87353,0.4580352604,4.1344008446,,0.1333333333333333,0.2222222222222222,0.0,1,-5.7866,0.4366957247,4.1535491943,,0.0666666666666666,0.2222222222222222,0,1,-6.06681,0.4100127816,4.2058391571,,0.2,0.2222222222222222,0.0,1,10
ZINC000000057008,-5.68239,0.3708768487,5.070854187,,0.1333333333333333,0.2222222222222222,0,1,-6.85173,0.3690189123,6.0271034241,,0.2666666666666666,0.3333333333333333,0.0,1,-5.57137,0.3360011578,5.1110291481,,0.1333333333333333,0.2222222222222222,0,1,-6.37879,0.3240501881,6.0385746956,,0.3333333333333333,0.4444444444444444,0.0,1,-5.95941,0.3207984567,3.9883282185,,0.1333333333333333,0.2222222222222222,0,1,-5.59198,0.2939471602,5.3735489845,,0.2666666666666666,0.2222222222222222,0.0,1,-5.64586,0.2428452075,4.893638134,,0.2,0.3333333333333333,0.0,1,-7.05783,0.2389772236,5.7548751831,,0.2,0.3333333333333333,0.0,1,-5.95338,0.2388572544,4.6911025047,,0.2,0.3333333333333333,0,1,-5.92694,0.2370180488,4.5395121574,,0.2666666666666666,0.3333333333333333,0.0,1,10
ZINC000000057859,-6.31841,0.6332646608,4.6178283691,,0.0666666666666666,0.2222222222222222,0,1,-6.34474,0.5749774575,4.5919346809,,0.0,0.1111111111111111,0.0,1,-6.37901,0.557549715,4.5346698761,,0.0,0.1111111111111111,0,1,-6.21051,0.5448688865,4.5285363197,,0.0,0.1111111111111111,0.0,1,-7.23369,0.5216042399,5.1756877899,,0.5333333333333333,0.6666666666666666,0,1,-7.43092,0.5002217889,4.8922047615,,0.5333333333333333,0.6666666666666666,0.0,1,-7.40472,0.4958019555,4.8792252541,,0.4666666666666667,0.5555555555555556,0.0,1,-7.2217,0.4843748212,5.1721992493,,0.5333333333333333,0.7777777777777778,0.0,1,-6.19308,0.3709978163,5.365562439,,0.6,0.6666666666666666,0,1,-6.46729,0.358833611,5.0216155052,,0.2666666666666666,0.3333333333333333,0.0,1,10
ZINC000000058459,-6.33191,0.7878252864,5.6269059181,,0.6,0.6666666666666666,0,1,-7.84734,0.7448483706,5.7751364708,,0.6,0.7777777777777778,0.0,1,-6.84266,0.4832630455,4.3730053902,,0.0666666666666666,0.1111111111111111,0,1,-7.97082,0.4556123316,5.484046936,,0.6,0.7777777777777778,0.0,1,-6.48282,0.4496005177,4.7114329338,,0.0666666666666666,0.1111111111111111,0,1,-6.82165,0.4425212145,5.3598923683,,0.6,0.6666666666666666,0.0,1,-6.91644,0.4209086001,5.2099723816,,0.6,0.7777777777777778,0.0,1,-7.31035,0.4083848894,5.3062524796,,0.6666666666666666,0.6666666666666666,0.0,1,-6.92741,0.4015288353,5.1450791359,,0.3333333333333333,0.4444444444444444,0,1,-6.80497,0.4011031687,4.1776189804,,0.0666666666666666,0.1111111111111111,0.0,1,10
ZINC000000060363,-6.52545,0.8711904883,5.5611577034,,0.0666666666666666,0.1111111111111111,0,1,-5.51729,0.4622288346,3.8550856113,,0.0,0.1111111111111111,0.0,1,-6.29676,0.413223356,4.5889286995,,0.0,0.1111111111111111,0,1,-6.28183,0.4065582156,4.9055857658,,0.2,0.3333333333333333,0.0,1,-6.0237,0.3811143935,4.3233623505,,0.0666666666666666,0.2222222222222222,0,1,-6.32685,0.3554154336,4.164088726,,0.0,0.1111111111111111,0.0,1,-6.16503,0.3156721592,3.9496619701,,0.1333333333333333,0.2222222222222222,0.0,1,-6.32808,0.3128665686,3.97032547,,0.0,0.1111111111111111,0.0,1,-5.60783,0.2973689735,4.1936225891,,0.0666666666666666,0.1111111111111111,0,1,-7.41159,0.2894066572,4.6163406372,,0.2,0.2222222222222222,0.0,1,10
ZINC000000060537,-7.2253,0.652715683,5.5873599052,,0.4,0.5555555555555556,0,1,-6.64369,0.5208691359,6.015188694,,0.5333333333333333,0.6666666666666666,0.0,1,-6.37938,0.4657936692,5.7428212166,,0.2666666666666666,0.3333333333333333,0,1,-6.4576,0.3586904705,5.9672837257,,0.5333333333333333,0.6666666666666666,0.0,1,-6.85091,0.3273994625,4.6238675117,,0.1333333333333333,0.2222222222222222,0,1,-6.12417,0.3254420161,5.3498840332,,0.3333333333333333,0.4444444444444444,0.0,1,-6.56905,0.3147747815,4.5056204796,,0.0,0.1111111111111111,0.0,1,-6.8016,0.3092070222,5.7807717323,,0.5333333333333333,0.6666666666666666,0.0,1,-7.02588,0.2987423241,4.4997754097,,0.0666666666666666,0.2222222222222222,0,1,-7.77161,0.2984846532,4.4693846703,,0.1333333333333333,0.3333333333333333,0.0,1,10
ZINC000000061777,-7.58245,0.818533361,6.469476223,,0.5333333333333333,0.5555555555555556,0,1,-6.98496,0.7531077862,6.5481185913,,0.5333333333333333,0.5555555555555556,0.0,1,-7.29967,0.4567030072,6.2618236542,,0.6,0.6666666666666666,0,1,-6.38881,0.3757805824,5.4473938942,,0.3333333333333333,0.4444444444444444,0.0,1,-6.76843,0.3734609485,5.3660883904,,0.0666666666666666,0.1111111111111111,0,1,-6.63273,0.3452547789,5.8543395996,,0.4666666666666667,0.4444444444444444,0.0,1,-6.95917,0.3302695751,4.9287643433,,0.0666666666666666,0.2222222222222222,0.0,1,-6.52198,0.2865583897,4.3021874428,,0.0,0.1111111111111111,0.0,1,-8.08891,0.2326209992,5.1176528931,,0.1333333333333333,0.3333333333333333,0,1,-6.46079,0.2250033915,4.9669399261,,0.1333333333333333,0.2222222222222222,0.0,1,10
ZINC000000061971,-7.76185,0.3280165792,5.5218701363,,0.2666666666666666,0.2222222222222222,0,1,-7.06273,0.3110013604,5.779566288,,0.3333333333333333,0.4444444444444444,0.0,1,-7.23157,0.2809086144,5.7569937706,,0.4,0.5555555555555556,0,1,-6.9292,0.2698969841,5.4214291573,,0.4666666666666667,0.5555555555555556,0.0,1,-7.67678,0.2158813328,5.2863278389,,0.1333333333333333,0.3333333333333333,0,1,-7.05153,0.2091022283,5.6949772835,,0.3333333333333333,0.3333333333333333,0.0,1,-8.34594,0.1979953051,4.819234848,,0.0666666666666666,0.2222222222222222,0.0,1,-6.4815,0.1970179826,5.0788083076,,0.2,0.3333333333333333,0.0,1,-7.03376,0.1967767179,5.1861004829,,0.2666666666666666,0.2222222222222222,0,1,-7.53105,0.1950512677,5.7251358032,,0.2,0.4444444444444444,0.0,1,10
ZINC000000062780,-6.22575,0.4880780876,5.0537734032,,0.1333333333333333,0.2222222222222222,0,1,-6.15039,0.4575151205,5.1162414551,,0.0666666666666666,0.1111111111111111,0.0,1,-6.19712,0.4350622892,5.1407704353,,0.0666666666666666,0.1111111111111111,0,1,-6.33292,0.3931440711,4.6154971123,,0.1333333333333333,0.2222222222222222,0.0,1,-5.78394,0.3151076138,4.9279441833,,0.1333333333333333,0.2222222222222222,0,1,-6.01399,0.297078371,5.5421290398,,0.0666666666666666,0.2222222222222222,0.0,1,-6.46407,0.2808621824,4.4571194649,,0.4,0.5555555555555556,0.0,1,-5.78381,0.2718033493,4.6287016869,,0.2,0.2222222222222222,0.0,1,-6.22148,0.2649092376,4.5152964592,,0.1333333333333333,0.2222222222222222,0,1,-6.01095,0.2399110794,5.3743758202,,0.0666666666666666,0.2222222222222222,0.0,1,10
ZINC000000063592,-6.77705,0.2265421748,3.7666847706,,0.1333333333333333,0.2222222222222222,0,1,-7.46853,0.2230603695,3.831287384,,0.2,0.3333333333333333,0.0,1,-7.52344,0.2200486213,3.7640659809,,0.1333333333333333,0.2222222222222222,0,1,-6.90692,0.205358386,3.7721631527,,0.0,0.1111111111111111,0.0,1,-7.04894,0.2017687261,5.096221447,,0.3333333333333333,0.4444444444444444,0,1,-6.80707,0.1995366812,3.6587200165,,0.1333333333333333,0.2222222222222222,0.0,1,-8.10472,0.1873392612,4.9388241768,,0.3333333333333333,0.4444444444444444,0.0,1,-7.10134,0.1839944869,3.7059562206,,0.0,0.1111111111111111,0.0,1,-7.00908,0.1788701862,3.5025565624,,0.0,0.1111111111111111,0,1,-8.04023,0.1784713864,4.8791680336,,0.4,0.5555555555555556,0.0,1,10
ZINC000000064592,-6.14733,0.7429541349,4.8590049744,,0.0,0.1111111111111111,0,1,-6.13083,0.5970773101,4.3729295731,,0.0666666666666666,0.1111111111111111,0.0,1,-6.43777,0.3592265248,5.6350159645,,0.0,0.0,0,1,-6.3191,0.3579423428,5.6984195709,,0.0,0.0,0.0,1,-6.45001,0.3484342992,4.8633828163,,0.0,0.1111111111111111,0,1,-6.57426,0.2979860008,4.6627244949,,0.0,0.1111111111111111,0.0,1,-6.87847,0.2786304355,5.3913025856,,0.6,0.7777777777777778,0.0,1,-6.98397,0.2637671232,4.7542586327,,0.0666666666666666,0.2222222222222222,0.0,1,-6.70839,0.2568943202,4.3813686371,,0.0666666666666666,0.2222222222222222,0,1,-6.13047,0.2567615211,4.2516522408,,0.0,0.1111111111111111,0.0,1,10
ZINC000000065858,-7.77767,0.907646656,7.0139842033,,0.4666666666666667,0.6666666666666666,0,1,-7.99755,0.7824251652,6.9633641243,,0.2666666666666666,0.4444444444444444,0.0,1,-8.28889,0.771568656,6.5784058571,,0.3333333333333333,0.5555555555555556,0,1,-7.13785,0.7701519132,7.0472083092,,0.4666666666666667,0.5555555555555556,0.0,1,-7.09796,0.7680797577,7.28855896,,0.4,0.4444444444444444,0,1,-7.6093,0.7432700992,6.4283738136,,0.4,0.6666666666666666,0.0,1,-7.75151,0.7403917313,6.9264359474,,0.4,0.4444444444444444,0.0,1,-7.42542,0.7254987359,7.0622515678,,0.4,0.4444444444444444,0.0,1,-7.53579,0.7180429101,6.9383654594,,0.4666666666666667,0.5555555555555556,0,1,-7.60508,0.7122665644,6.9090805054,,0.3333333333333333,0.3333333333333333,0.0,1,10
ZINC000000066332,-7.94021,0.745896101,6.8210682869,,0.2666666666666666,0.3333333333333333,0,1,-8.22165,0.6193236709,6.8998684883,,0.3333333333333333,0.3333333333333333,0.0,1,-8.36199,0.5374891758,6.9077115059,,0.2666666666666666,0.4444444444444444,0,1,-8.4719,0.4831071496,6.439163208,,0.1333333333333333,0.3333333333333333,0.0,1,-8.21769,0.4802992642,6.7595362663,,0.4666666666666667,0.5555555555555556,0,1,-8.13598,0.3958349526,6.6248030663,,0.3333333333333333,0.4444444444444444,0.0,1,-7.98616,0.3581337333,6.3448252678,,0.3333333333333333,0.4444444444444444,0.0,1,-8.01112,0.3401196301,6.2877802849,,0.3333333333333333,0.4444444444444444,0.0,1,-7.87348,0.303742528,6.1845002174,,0.2,0.3333333333333333,0,1,-8.08426,0.3014479578,6.102575779,,0.1333333333333333,0.2222222222222222,0.0,1,10
ZINC000000066372,-6.04895,0.7154439688,6.1391677856,,0.4666666666666667,0.5555555555555556,0,1,-5.25593,0.6963314414,5.2081093788,,0.0,0.1111111111111111,0.0,1,-5.87409,0.6132265925,5.5707168579,,0.2,0.2222222222222222,0,1,-5.22379,0.4697347283,4.1112780571,,0.2,0.2222222222222222,0.0,1,-5.28752,0.4577928483,5.0563912392,,0.0,0.1111111111111111,0,1,-4.93219,0.4097314775,5.0702815056,,0.2666666666666666,0.3333333333333333,0.0,1,-5.37469,0.4090366066,4.5139012337,,0.1333333333333333,0.2222222222222222,0.0,1,-5.48033,0.3626384139,5.3358345032,,0.2,0.2222222222222222,0.0,1,-5.20667,0.3619986773,4.4369874001,,0.0666666666666666,0.1111111111111111,0,1,-4.9965,0.3498570025,4.2457194328,,0.1333333333333333,0.2222222222222222,0.0,1,10
ZINC000000066614,-8.32305,0.9078925252,6.811984539,,0.3333333333333333,0.5555555555555556,0,1,-7.7233,0.7675053477,6.5976815224,,0.3333333333333333,0.5555555555555556,0.0,1,-6.31039,0.5665232539,5.8763713837,,0.6,0.7777777777777778,0,1,-6.86518,0.5432574749,6.8347830772,,0.5333333333333333,0.7777777777777778,0.0,1,-7.31873,0.5091029406,6.2239060402,,0.3333333333333333,0.5555555555555556,0,1,-7.04708,0.4608789086,6.2279715538,,0.4,0.6666666666666666,0.0,1,-6.71526,0.4298173189,6.1318964958,,0.2666666666666666,0.3333333333333333,0.0,1,-6.52609,0.4245319963,4.8422369957,,0.0666666666666666,0.2222222222222222,0.0,1,-6.35129,0.4064157009,6.0136051178,,0.6,0.6666666666666666,0,1,-6.46974,0.3967617154,6.1342849731,,0.4666666666666667,0.5555555555555556,0.0,1,10
ZINC000000066637,-8.26663,0.5792004466,6.6640849113,,0.3333333333333333,0.4444444444444444,0,1,-6.88611,0.48915869,6.6145973206,,0.4666666666666667,0.6666666666666666,0.0,1,-6.37005,0.3773110211,6.2775111198,,0.2666666666666666,0.4444444444444444,0,1,-6.94614,0.2370929569,4.9161334038,,0.0666666666666666,0.2222222222222222,0.0,1,-6.91425,0.2084105611,5.9992003441,,0.3333333333333333,0.4444444444444444,0,1,-6.47419,0.2018993199,5.5771832466,,0.0666666666666666,0.1111111111111111,0.0,1,-7.18986,0.1932192296,3.9354343414,,0.0,0.1111111111111111,0.0,1,-7.36942,0.1864166409,4.7523264885,,0.1333333333333333,0.2222222222222222,0.0,1,-6.55277,0.1777500063,4.017698288,,0.0666666666666666,0.2222222222222222,0,1,-7.28299,0.1710936427,4.5353550911,,0.0,0.1111111111111111,0.0,1,10
ZINC000000067057,-6.44599,0.3934499025,5.2362523079,,0.0,0.1111111111111111,0,1,-6.71392,0.3759075999,6.3024153709,,0.3333333333333333,0.4444444444444444,0.0,1,-6.9113,0.3114103079,5.9562773705,,0.2,0.3333333333333333,0,1,-6.05161,0.2952493429,5.0116829872,,0.1333333333333333,0.3333333333333333,0.0,1,-6.4394,0.2929066718,5.6163215637,,0.2666666666666666,0.4444444444444444,0,1,-6.27741,0.2921496928,4.6903553009,,0.0,0.1111111111111111,0.0,1,-6.74159,0.2915154397,6.1972813606,,0.4666666666666667,0.5555555555555556,0.0,1,-6.22516,0.2616100311,4.874686718,,0.1333333333333333,0.2222222222222222,0.0,1,-6.17559,0.2444095314,4.9082684517,,0.1333333333333333,0.3333333333333333,0,1,-6.20373,0.2415969819,4.7400012016,,0.0666666666666666,0.1111111111111111,0.0,1,10
ZINC000000067447,-6.68746,0.773935616,6.5589089394,,0.3333333333333333,0.3333333333333333,0,1,-6.46182,0.7452034354,6.4455661774,,0.3333333333333333,0.3333333333333333,0.0,1,-5.60576,0.5657097101,5.0691094398,,0.0,0.0,0,1,-4.7077,0.5358480215,5.1020269394,,0.0,0.0,0.0,1,-5.16391,0.4203995764,4.8371634483,,0.0666666666666666,0.1111111111111111,0,1,-6.13947,0.3937304318,4.5338764191,,0.2,0.3333333333333333,0.0,1,-6.31045,0.3725419044,4.7897181511,,0.0,0.1111111111111111,0.0,1,-5.40057,0.3571396768,4.5793175697,,0.0,0.0,0.0,1,-5.07991,0.344073534,4.7290844917,,0.0666666666666666,0.1111111111111111,0,1,-5.91997,0.321110338,5.6386985779,,0.2666666666666666,0.3333333333333333,0.0,1,10
ZINC000000067611,-5.92401,0.4586170018,6.0479197502,,0.6,0.7777777777777778,0,1,-6.47712,0.3811469376,5.2546830177,,0.0,0.0,0.0,1,-5.59993,0.3183736801,5.2441577911,,0.0666666666666666,0.1111111111111111,0,1,-6.45476,0.2921917439,5.1561522484,,0.0666666666666666,0.1111111111111111,0.0,1,-6.44552,0.2736430764,4.9709672928,,0.0666666666666666,0.1111111111111111,0,1,-6.43431,0.2430377007,5.3211331367,,0.1333333333333333,0.2222222222222222,0.0,1,-6.28499,0.2197537869,5.0729084015,,0.1333333333333333,0.2222222222222222,0.0,1,-6.83634,0.213015005,4.5199894905,,0.2666666666666666,0.2222222222222222,0.0,1,-5.68082,0.2112953663,4.5600419044,,0.0666666666666666,0.1111111111111111,0,1,-6.0223,0.1839416921,5.2737383842,,0.2,0.3333333333333333,0.0,1,10
ZINC000000068030,-7.24278,0.7982851267,6.9981155396,,0.2666666666666666,0.4444444444444444,0,1,-6.69364,0.6223566532,6.7524561882,,0.4,0.5555555555555556,0.0,1,-6.45354,0.6087319255,6.8852581978,,0.6,0.6666666666666666,0,1,-6.56324,0.5635636449,6.6566910744,,0.5333333333333333,0.7777777777777778,0.0,1,-6.41902,0.4974089861,6.7446045876,,0.4,0.6666666666666666,0,1,-7.24449,0.4647983611,6.509595871,,0.0666666666666666,0.1111111111111111,0.0,1,-6.68485,0.4007717967,6.3572864532,,0.4,0.5555555555555556,0.0,1,-6.22144,0.3128372133,5.1814756393,,0.0,0.1111111111111111,0.0,1,-6.34877,0.2484553754,5.0087547302,,0.2,0.3333333333333333,0,1,-7.65498,0.2360830903,5.7836532593,,0.0666666666666666,0.1111111111111111,0.0,1,10
ZINC000000068075,-7.50299,0.502189517,5.7929477692,,0.2666666666666666,0.3333333333333333,0,1,-7.51537,0.4825163186,5.7898101807,,0.2666666666666666,0.3333333333333333,0.0,1,-7.16972,0.4426171184,5.7057261467,,0.2,0.2222222222222222,0,1,-7.49845,0.4424205124,6.1730709076,,0.3333333333333333,0.4444444444444444,0.0,1,-7.19112,0.421451658,5.6598334312,,0.2,0.2222222222222222,0,1,-7.40547,0.3713707924,6.1104989052,,0.2666666666666666,0.3333333333333333,0.0,1,-7.49061,0.2927204967,5.4572701454,,0.3333333333333333,0.5555555555555556,0.0,1,-6.83608,0.2768604755,5.1395359039,,0.2,0.3333333333333333,0.0,1,-7.17404,0.2625604868,3.9472401142,,0.0666666666666666,0.1111111111111111,0,1,-7.00658,0.2611240447,4.0775690079,,0.0666666666666666,0.1111111111111111,0.0,1,10
ZINC000000068770,-6.35313,0.7280222178,5.5291442871,,0.0,0.1111111111111111,0,1,-6.84151,0.6400852203,5.9253501892,,0.4666666666666667,0.5555555555555556,0.0,1,-6.92235,0.5955930352,5.1860466003,,0.0,0.1111111111111111,0,1,-6.51874,0.5631631017,5.3319897652,,0.3333333333333333,0.4444444444444444,0.0,1,-6.33683,0.5584676266,4.4197707176,,0.0666666666666666,0.1111111111111111,0,1,-6.95916,0.5395409465,5.8422608376,,0.2666666666666666,0.4444444444444444,0.0,1,-7.30206,0.5340697169,5.9816346169,,0.5333333333333333,0.7777777777777778,0.0,1,-6.95942,0.4937598705,5.5300292969,,0.3333333333333333,0.5555555555555556,0.0,1,-6.8073,0.4894373119,5.7343811989,,0.3333333333333333,0.5555555555555556,0,1,-7.23982,0.4822291136,6.0763230324,,0.5333333333333333,0.7777777777777778,0.0,1,10
ZINC000000070753,-7.82989,0.6634559631,6.5020489693,,0.2666666666666666,0.3333333333333333,0,1,-9.17155,0.4930900931,6.6893286705,,0.4,0.4444444444444444,0.0,1,-9.57996,0.461006999,6.6089553833,,0.2666666666666666,0.3333333333333333,0,1,-9.32201,0.447538197,6.6825861931,,0.4666666666666667,0.4444444444444444,0.0,1,-7.49801,0.3619146347,5.8518872261,,0.4,0.4444444444444444,0,1,-8.05801,0.3494251668,6.5538840294,,0.4,0.5555555555555556,0.0,1,-9.20254,0.3371728361,6.3413715363,,0.1333333333333333,0.2222222222222222,0.0,1,-7.49962,0.3073115647,5.4360384941,,0.0666666666666666,0.1111111111111111,0.0,1,-9.00246,0.2591177821,6.0753045082,,0.0666666666666666,0.1111111111111111,0,1,-7.97797,0.2458513379,6.1802711487,,0.4666666666666667,0.4444444444444444,0.0,1,10
ZINC000000070756,-6.11619,0.6471406817,6.1515808105,,0.5333333333333333,0.6666666666666666,0,1,-6.29039,0.5996773243,6.1356949806,,0.5333333333333333,0.6666666666666666,0.0,1,-6.09694,0.5445266962,6.041765213,,0.6,0.6666666666666666,0,1,-6.13871,0.4797001183,5.6914048195,,0.5333333333333333,0.6666666666666666,0.0,1,-5.83616,0.2700396776,4.4717812538,,0.1333333333333333,0.2222222222222222,0,1,-6.25171,0.254009217,4.440059185,,0.0,0.1111111111111111,0.0,1,-6.07186,0.239556402,4.280061245,,0.1333333333333333,0.2222222222222222,0.0,1,-6.48366,0.2381866276,4.5611872673,,0.0,0.1111111111111111,0.0,1,-7.2055,0.2353198975,4.3347821236,,0.1333333333333333,0.2222222222222222,0,1,-6.47869,0.227913335,4.4059319496,,0.0666666666666666,0.2222222222222222,0.0,1,10
ZINC000000071109,-7.54887,0.5796957016,6.2291927338,,0.5333333333333333,0.5555555555555556,0,1,-7.00222,0.5528316498,5.9766159058,,0.4,0.3333333333333333,0.0,1,-6.36239,0.4839314222,5.8756146431,,0.4666666666666667,0.4444444444444444,0,1,-6.13266,0.4134018123,5.6872811317,,0.5333333333333333,0.5555555555555556,0.0,1,-6.79046,0.3761541843,5.548635006,,0.4666666666666667,0.5555555555555556,0,1,-7.24355,0.3248263299,4.7481427193,,0.0666666666666666,0.2222222222222222,0.0,1,-6.74935,0.3121896982,5.7864151001,,0.4,0.4444444444444444,0.0,1,-6.46359,0.2829782069,5.1853470802,,0.4666666666666667,0.5555555555555556,0.0,1,-5.6907,0.2525637448,4.960211277,,0.0666666666666666,0.2222222222222222,0,1,-7.16401,0.2153432667,5.2444205284,,0.4666666666666667,0.5555555555555556,0.0,1,10
ZINC000000073670,-8.01411,0.801033318,6.6137108803,,0.1333333333333333,0.2222222222222222,0,1,-8.02722,0.7833263874,6.5906271935,,0.1333333333333333,0.2222222222222222,0.0,1,-7.08412,0.6485955119,6.3551940918,,0.4,0.4444444444444444,0,1,-7.49437,0.618573904,6.4270377159,,0.2,0.3333333333333333,0.0,1,-7.4266,0.6144818664,6.50522995,,0.2,0.3333333333333333,0,1,-6.66438,0.3273540139,5.8980197906,,0.5333333333333333,0.5555555555555556,0.0,1,-6.76421,0.3239179552,5.8913474083,,0.4666666666666667,0.4444444444444444,0.0,1,-6.84855,0.3201681376,5.8203873634,,0.4666666666666667,0.4444444444444444,0.0,1,-7.27821,0.3009720147,5.8524518013,,0.1333333333333333,0.2222222222222222,0,1,-6.26382,0.2948076129,5.961971283,,0.4666666666666667,0.4444444444444444,0.0,1,10
ZINC000000073814,-6.69921,0.4156378508,4.9519677162,,0.0,0.1111111111111111,0,1,-6.42121,0.4148635268,4.8376145363,,0.0,0.1111111111111111,0.0,1,-7.8225,0.3416023254,5.5959067345,,0.0666666666666666,0.1111111111111111,0,1,-6.33605,0.2995646596,5.1618323326,,0.0666666666666666,0.1111111111111111,0.0,1,-7.12602,0.2873211205,4.7231793404,,0.3333333333333333,0.4444444444444444,0,1,-7.54535,0.284725368,5.3341364861,,0.4666666666666667,0.6666666666666666,0.0,1,-6.65096,0.2842850387,5.0587649345,,0.3333333333333333,0.3333333333333333,0.0,1,-7.24737,0.2798706591,5.0967011452,,0.2666666666666666,0.4444444444444444,0.0,1,-6.44968,0.2547605634,5.2131562233,,0.6,0.8888888888888888,0,1,-6.82246,0.2369722426,5.0152478218,,0.0666666666666666,0.1111111111111111,0.0,1,10
ZINC000000073940,-7.26853,0.7330378294,5.3605914116,,0.0666666666666666,0.1111111111111111,0,1,-7.43649,0.7256489992,5.8466734886,,0.1333333333333333,0.2222222222222222,0.0,1,-6.10209,0.7195729017,4.7548890114,,0.2,0.3333333333333333,0,1,-6.31447,0.6200453043,5.0089678764,,0.2666666666666666,0.4444444444444444,0.0,1,-6.10789,0.6075893641,4.5842061043,,0.2,0.3333333333333333,0,1,-6.23823,0.4869368672,4.4780826569,,0.0666666666666666,0.2222222222222222,0.0,1,-6.14942,0.4430043697,4.5086121559,,0.1333333333333333,0.2222222222222222,0.0,1,-6.19849,0.4310153127,4.2330346107,,0.0666666666666666,0.1111111111111111,0.0,1,-6.2988,0.413628459,4.8345627785,,0.0666666666666666,0.1111111111111111,0,1,-6.12414,0.3870151043,4.4563331604,,0.0666666666666666,0.1111111111111111,0.0,1,10
ZINC000000074835,-5.98629,0.538244009,4.6468443871,,0.0666666666666666,0.2222222222222222,0,1,-6.58873,0.5343196392,4.7588915825,,0.0666666666666666,0.2222222222222222,0.0,1,-6.52218,0.5133032799,5.2280678749,,0.2,0.2222222222222222,0,1,-6.62485,0.5070688128,5.101348877,,0.0666666666666666,0.1111111111111111,0.0,1,-6.05783,0.4900583923,4.8372530937,,0.0666666666666666,0.1111111111111111,0,1,-5.92814,0.489294529,4.7930264473,,0.0666666666666666,0.1111111111111111,0.0,1,-6.53149,0.4874153733,4.7690849304,,0.0666666666666666,0.2222222222222222,0.0,1,-6.63548,0.4710729718,4.6272697449,,0.0666666666666666,0.2222222222222222,0.0,1,-5.88781,0.4610002637,4.9407138824,,0.0666666666666666,0.1111111111111111,0,1,-6.16743,0.4525360763,4.9002838135,,0.0666666666666666,0.1111111111111111,0.0,1,10
ZINC000000074880,-6.33842,0.2294971198,4.8228297234,,0.0666666666666666,0.1111111111111111,0,1,-6.35923,0.2241368443,4.7905163765,,0.1333333333333333,0.2222222222222222,0.0,1,-6.45381,0.2079398483,4.3122439384,,0.0666666666666666,0.1111111111111111,0,1,-7.46759,0.2016689926,5.9605383873,,0.1333333333333333,0.2222222222222222,0.0,1,-6.55155,0.1996269524,5.067445755,,0.1333333333333333,0.2222222222222222,0,1,-5.75491,0.1990095228,4.9515285492,,0.0666666666666666,0.1111111111111111,0.0,1,-5.85676,0.1973832846,4.5931472778,,0.0666666666666666,0.1111111111111111,0.0,1,-5.63867,0.1959051639,4.7445812225,,0.0666666666666666,0.1111111111111111,0.0,1,-6.4623,0.1933232695,4.7285232544,,0.1333333333333333,0.2222222222222222,0,1,-6.65694,0.1891391724,4.6445508003,,0.0,0.0,0.0,1,10
ZINC000000076237,-7.94486,0.6760787964,6.3289222717,,0.2,0.3333333333333333,0,1,-7.59748,0.6500551701,6.3295726776,,0.2,0.3333333333333333,0.0,1,-7.88048,0.6407020092,6.1928544044,,0.2,0.3333333333333333,0,1,-7.56391,0.6343083382,6.3235783577,,0.2,0.3333333333333333,0.0,1,-7.18853,0.5911061764,6.3542084694,,0.4666666666666667,0.7777777777777778,0,1,-7.21589,0.514231205,6.3353095055,,0.4666666666666667,0.6666666666666666,0.0,1,-7.21555,0.5106197,6.2791004181,,0.4666666666666667,0.6666666666666666,0.0,1,-7.43136,0.5091285706,6.1061134338,,0.2,0.3333333333333333,0.0,1,-6.7464,0.5090723038,6.1625800133,,0.2,0.3333333333333333,0,1,-7.45364,0.4708663225,5.9371261597,,0.2666666666666666,0.4444444444444444,0.0,1,10
ZINC000000077323,-7.4743,0.6186606288,5.3480467796,,0.0,0.1111111111111111,0,1,-6.08567,0.3988277018,5.1858811378,,0.3333333333333333,0.3333333333333333,0.0,1,-6.23122,0.3902703226,5.4231514931,,0.0666666666666666,0.1111111111111111,0,1,-7.48092,0.3276357651,5.7953739166,,0.1333333333333333,0.2222222222222222,0.0,1,-6.58478,0.3178010583,4.1301608086,,0.0,0.1111111111111111,0,1,-6.17818,0.2813124061,5.3902153969,,0.2,0.3333333333333333,0.0,1,-6.81676,0.2719388604,4.0057563782,,0.0666666666666666,0.1111111111111111,0.0,1,-6.89767,0.2596015036,5.3132181168,,0.1333333333333333,0.2222222222222222,0.0,1,-7.45854,0.2561451197,5.5572814941,,0.0666666666666666,0.1111111111111111,0,1,-6.69922,0.247848466,4.1610741615,,0.1333333333333333,0.3333333333333333,0.0,1,10
ZINC000000078556,-7.4917,0.839754343,6.8254833221,,0.4,0.5555555555555556,0,1,-7.75675,0.7091548443,6.4001541138,,0.6,0.6666666666666666,0.0,1,-7.08464,0.6769763827,5.833542347,,0.5333333333333333,0.6666666666666666,0,1,-6.19956,0.6008896232,5.1329836845,,0.0666666666666666,0.1111111111111111,0.0,1,-7.59709,0.5743501186,5.6990103722,,0.5333333333333333,0.6666666666666666,0,1,-6.77039,0.5148249269,5.4712142944,,0.4,0.5555555555555556,0.0,1,-6.46229,0.5117684007,5.9959740639,,0.4666666666666667,0.5555555555555556,0.0,1,-6.49866,0.5074696541,6.4058365822,,0.5333333333333333,0.6666666666666666,0.0,1,-6.91808,0.4750387371,5.9243068695,,0.4,0.4444444444444444,0,1,-5.96277,0.4625976384,5.2377066612,,0.3333333333333333,0.4444444444444444,0.0,1,10
ZINC000000079689,-7.14569,0.8846634626,5.8317399025,,0.2,0.3333333333333333,0,1,-6.65284,0.7177975774,5.4492688179,,0.0666666666666666,0.1111111111111111,0.0,1,-6.39219,0.7078610063,4.6430773735,,0.1333333333333333,0.3333333333333333,0,1,-7.0419,0.6433194876,5.5985779762,,0.3333333333333333,0.4444444444444444,0.0,1,-6.72254,0.6216727495,4.9228553772,,0.2,0.2222222222222222,0,1,-6.43047,0.5913200974,5.9390964508,,0.5333333333333333,0.4444444444444444,0.0,1,-6.81378,0.5832012296,5.7349419594,,0.3333333333333333,0.3333333333333333,0.0,1,-6.44866,0.515191555,5.0755610466,,0.2,0.3333333333333333,0.0,1,-7.23936,0.4832099378,5.4427051544,,0.3333333333333333,0.3333333333333333,0,1,-6.22438,0.4781370163,4.0536417961,,0.0,0.1111111111111111,0.0,1,10
ZINC000000079781,-7.12851,0.4430579245,4.227370739,,0.0666666666666666,0.1111111111111111,0,1,-7.67196,0.4352417886,4.897354126,,0.1333333333333333,0.2222222222222222,0.0,1,-6.32313,0.4181791842,4.4263682365,,0.0666666666666666,0.1111111111111111,0,1,-6.84152,0.3940061927,4.1378688812,,0.0666666666666666,0.1111111111111111,0.0,1,-7.43108,0.3740234077,4.3301544189,,0.0666666666666666,0.1111111111111111,0,1,-8.04117,0.3730063438,5.0281453133,,0.1333333333333333,0.2222222222222222,0.0,1,-6.58132,0.3692899048,4.0650830269,,0.0666666666666666,0.1111111111111111,0.0,1,-6.76822,0.3689928353,4.5434346199,,0.0666666666666666,0.1111111111111111,0.0,1,-7.5847,0.3321359754,4.6484832764,,0.1333333333333333,0.2222222222222222,0,1,-7.00705,0.3304589391,4.6283569336,,0.1333333333333333,0.2222222222222222,0.0,1,10
ZINC000000079978,-7.92523,0.6951225996,6.0864691734,,0.0,0.1111111111111111,0,1,-8.34493,0.6896070242,5.8896107674,,0.2,0.2222222222222222,0.0,1,-7.58977,0.4010195732,6.2024683952,,0.5333333333333333,0.5555555555555556,0,1,-7.3759,0.2937911749,5.7728157043,,0.3333333333333333,0.4444444444444444,0.0,1,-6.81137,0.2672730088,5.0203328133,,0.0666666666666666,0.1111111111111111,0,1,-7.92014,0.2660432458,5.7584872246,,0.4666666666666667,0.4444444444444444,0.0,1,-7.20214,0.2483596504,5.6766943932,,0.3333333333333333,0.4444444444444444,0.0,1,-7.43728,0.238240391,4.5611248016,,0.0,0.1111111111111111,0.0,1,-8.82387,0.2104935348,5.6948375702,,0.3333333333333333,0.5555555555555556,0,1,-7.50479,0.2087185681,4.8661160469,,0.1333333333333333,0.2222222222222222,0.0,1,10
ZINC000000080311,-3.9825,0.8259496093,3.7125899792,,0.0666666666666666,0.1111111111111111,0,1,-3.82465,0.8016291857,3.6309902668,,0.0,0.1111111111111111,0.0,1,-3.69305,0.7608057857,3.6496469975,,0.0,0.1111111111111111,0,1,-3.65365,0.7406404614,3.5167970657,,0.0666666666666666,0.1111111111111111,0.0,1,-3.74233,0.7273734808,3.5625317097,,0.0,0.1111111111111111,0,1,-3.41269,0.5462973714,4.053527832,,0.0,0.0,0.0,1,-3.41316,0.5459837914,4.022813797,,0.0,0.0,0.0,1,-4.76068,0.4752421081,3.2624530792,,0.1333333333333333,0.2222222222222222,0.0,1,-4.77768,0.4713781476,3.2558345795,,0.1333333333333333,0.2222222222222222,0,1,-4.74449,0.4548032582,3.2402267456,,0.1333333333333333,0.2222222222222222,0.0,1,10
ZINC000000080322,-6.43855,0.8292485476,4.6223864555,,0.0,0.1111111111111111,0,1,-6.09487,0.7702926993,4.7134785652,,0.0,0.1111111111111111,0.0,1,-6.69716,0.6988903284,5.6851711273,,0.3333333333333333,0.4444444444444444,0,1,-5.8743,0.6976147294,4.038292408,,0.0666666666666666,0.2222222222222222,0.0,1,-6.3222,0.6726747155,4.2093901634,,0.1333333333333333,0.2222222222222222,0,1,-6.31562,0.6602841616,5.6243801117,,0.2666666666666666,0.4444444444444444,0.0,1,-6.27216,0.6545495391,3.8437125683,,0.0,0.1111111111111111,0.0,1,-6.14933,0.6101016402,3.9457991123,,0.0666666666666666,0.2222222222222222,0.0,1,-5.94833,0.6027684808,4.1809406281,,0.0666666666666666,0.1111111111111111,0,1,-6.05369,0.5844666958,3.7183418274,,0.0,0.1111111111111111,0.0,1,10
ZINC000000081867,-8.69053,0.5559123158,6.4486885071,,0.1333333333333333,0.2222222222222222,0,1,-7.82208,0.4165787101,5.9586491585,,0.2,0.2222222222222222,0.0,1,-7.48058,0.3818605542,5.7829146385,,0.0666666666666666,0.1111111111111111,0,1,-7.46195,0.3330379128,5.5787920952,,0.0666666666666666,0.1111111111111111,0.0,1,-6.46599,0.3137949407,5.0198369026,,0.0,0.1111111111111111,0,1,-7.84734,0.2709854841,5.3802719116,,0.0666666666666666,0.1111111111111111,0.0,1,-7.2766,0.2696621716,6.0168271065,,0.4,0.3333333333333333,0.0,1,-6.90903,0.2654376626,5.1513381004,,0.0,0.1111111111111111,0.0,1,-7.88749,0.2605175972,5.7408699989,,0.2,0.2222222222222222,0,1,-7.43616,0.2527413964,5.7721390724,,0.4,0.3333333333333333,0.0,1,10
ZINC000000082056,-6.63454,0.5906795263,5.981025219,,0.2666666666666666,0.4444444444444444,0,1,-6.88902,0.4814481139,6.5542149544,,0.2666666666666666,0.4444444444444444,0.0,1,-7.07092,0.4268968999,5.0691008568,,0.4,0.3333333333333333,0,1,-8.59909,0.4085279107,5.5893592834,,0.2,0.2222222222222222,0.0,1,-6.29005,0.4046325982,5.9824681282,,0.2666666666666666,0.4444444444444444,0,1,-6.62358,0.3027460873,4.9191632271,,0.2666666666666666,0.4444444444444444,0.0,1,-7.44235,0.2921339273,5.9701399803,,0.2666666666666666,0.3333333333333333,0.0,1,-6.46569,0.2843644619,5.8635902405,,0.1333333333333333,0.3333333333333333,0.0,1,-6.62769,0.2665424347,5.9145674706,,0.2,0.3333333333333333,0,1,-6.96322,0.2407827079,4.9141745567,,0.3333333333333333,0.4444444444444444,0.0,1,10
ZINC000000082118,-6.94256,0.3635936081,6.3758296967,,0.2,0.3333333333333333,0,1,-7.17071,0.3630892336,6.587993145,,0.2,0.3333333333333333,0.0,1,-7.26953,0.3032537401,6.2639312744,,0.4,0.4444444444444444,0,1,-6.69442,0.2928820848,5.2180747986,,0.0666666666666666,0.1111111111111111,0.0,1,-6.72613,0.2817753851,4.942779541,,0.0666666666666666,0.1111111111111111,0,1,-6.29401,0.2106957734,4.4357905388,,0.0666666666666666,0.1111111111111111,0.0,1,-6.3588,0.1935461462,4.4192185402,,0.0666666666666666,0.1111111111111111,0.0,1,-6.87646,0.1798387766,4.4626202583,,0.0666666666666666,0.2222222222222222,0.0,1,-6.42578,0.1786464304,4.4341163635,,0.0,0.1111111111111111,0,1,-6.8419,0.1684179604,5.7729568481,,0.3333333333333333,0.4444444444444444,0.0,1,10
ZINC000000082248,-5.23272,0.6130465865,4.8537874222,,0.0666666666666666,0.2222222222222222,0,1,-5.94366,0.4844170213,5.8826117516,,0.6666666666666666,0.6666666666666666,0.0,1,-5.57376,0.4842169285,4.528523922,,0.0666666666666666,0.1111111111111111,0,1,-5.37147,0.3971205056,4.3469290733,,0.0,0.1111111111111111,0.0,1,-6.87757,0.3836745024,5.4677042961,,0.2666666666666666,0.3333333333333333,0,1,-5.56079,0.372529,4.6614823341,,0.2,0.2222222222222222,0.0,1,-6.05575,0.3639087379,4.2738909721,,0.0666666666666666,0.2222222222222222,0.0,1,-6.51462,0.3567256033,5.5922760963,,0.4666666666666667,0.6666666666666666,0.0,1,-6.72909,0.3559224606,5.5007929802,,0.2,0.3333333333333333,0,1,-5.51614,0.3531934917,4.9229750633,,0.1333333333333333,0.2222222222222222,0.0,1,10
ZINC000000082785,-6.44323,0.6499480605,6.0778021812,,0.4,0.4444444444444444,0,1,-6.81704,0.6024366617,6.148211956,,0.3333333333333333,0.4444444444444444,0.0,1,-8.13948,0.5251810551,5.7861766815,,0.2666666666666666,0.4444444444444444,0,1,-7.45155,0.4962642193,5.8811759949,,0.4666666666666667,0.6666666666666666,0.0,1,-6.78817,0.4170936644,5.6610527039,,0.1333333333333333,0.2222222222222222,0,1,-7.07553,0.3832235336,5.6350841522,,0.3333333333333333,0.4444444444444444,0.0,1,-6.44234,0.3807509243,4.1220183372,,0.0,0.1111111111111111,0.0,1,-6.47744,0.3703770339,4.6373066902,,0.0,0.0,0.0,1,-6.74748,0.3617098331,5.9924426079,,0.6,0.7777777777777778,0,1,-6.36341,0.3585817814,5.461417675,,0.2666666666666666,0.4444444444444444,0.0,1,10
ZINC000000082952,-6.12751,0.2757127583,3.8429152966,,0.0666666666666666,0.1111111111111111,0,1,-6.11992,0.2733996511,4.1471009254,,0.0666666666666666,0.1111111111111111,0.0,1,-6.59775,0.270298928,4.3034439087,,0.0666666666666666,0.1111111111111111,0,1,-5.45669,0.2590446472,4.7982935905,,0.0666666666666666,0.1111111111111111,0.0,1,-6.72487,0.2586024404,4.0840468407,,0.0666666666666666,0.1111111111111111,0,1,-6.17145,0.2495763004,3.9880342484,,0.0666666666666666,0.1111111111111111,0.0,1,-6.36932,0.2469974011,3.9823048115,,0.0,0.1111111111111111,0.0,1,-6.55417,0.2402582169,3.8954391479,,0.0666666666666666,0.1111111111111111,0.0,1,-6.05452,0.2208677977,3.576472044,,0.0666666666666666,0.1111111111111111,0,1,-6.10049,0.1941324919,4.261329174,,0.1333333333333333,0.2222222222222222,0.0,1,10
ZINC000000083554,-5.32109,0.7301993966,3.806355238,,0.0666666666666666,0.1111111111111111,0,1,-6.17408,0.7122639418,4.3281793594,,0.0,0.1111111111111111,0.0,1,-5.18405,0.6268920302,3.7921903133,,0.0,0.1111111111111111,0,1,-5.65617,0.6186733246,3.9248468876,,0.0,0.0,0.0,1,-5.42874,0.603728354,4.2627739906,,0.0,0.1111111111111111,0,1,-5.88628,0.5908474922,4.0969800949,,0.0,0.1111111111111111,0.0,1,-5.10576,0.5659127235,3.7365102768,,0.0,0.0,0.0,1,-5.6972,0.5638813972,4.3697605133,,0.0,0.1111111111111111,0.0,1,-5.22054,0.5506886244,3.8029658794,,0.0666666666666666,0.1111111111111111,0,1,-5.70017,0.5409537554,4.1455192566,,0.0,0.1111111111111111,0.0,1,10
ZINC000000084256,-7.0365,0.7241955996,6.6490955353,,0.6666666666666666,0.7777777777777778,0,1,-6.78716,0.7113029957,6.2186198235,,0.4,0.3333333333333333,0.0,1,-7.29329,0.5041661263,6.3538894653,,0.2666666666666666,0.3333333333333333,0,1,-6.8891,0.4934311211,5.8980941772,,0.5333333333333333,0.5555555555555556,0.0,1,-7.38289,0.4331706464,6.0767149925,,0.2,0.3333333333333333,0,1,-6.07973,0.4274113476,6.0080428123,,0.6,0.6666666666666666,0.0,1,-6.17399,0.412150681,5.2951951027,,0.1333333333333333,0.2222222222222222,0.0,1,-6.58451,0.3231033385,6.0134196281,,0.5333333333333333,0.5555555555555556,0.0,1,-7.01514,0.3088456392,6.0879764557,,0.3333333333333333,0.4444444444444444,0,1,-6.24787,0.2897865474,4.9018502235,,0.0666666666666666,0.1111111111111111,0.0,1,10
ZINC000000084384,-6.39196,0.8383001685,6.0727977753,,0.2666666666666666,0.4444444444444444,0,1,-6.26185,0.7629336119,5.6303634644,,0.3333333333333333,0.5555555555555556,0.0,1,-5.90026,0.7023378015,6.0157017708,,0.4,0.4444444444444444,0,1,-6.4869,0.6917216182,5.4072990417,,0.2,0.3333333333333333,0.0,1,-6.00523,0.6835525036,5.5967330933,,0.2666666666666666,0.4444444444444444,0,1,-6.74146,0.6379350424,5.6321029663,,0.1333333333333333,0.2222222222222222,0.0,1,-6.9596,0.6357169747,5.7592468262,,0.4,0.4444444444444444,0.0,1,-6.51259,0.6262786984,5.6960053444,,0.2,0.3333333333333333,0.0,1,-6.58071,0.6211620569,5.7606964111,,0.2,0.3333333333333333,0,1,-6.90163,0.5631236434,6.0417218208,,0.1333333333333333,0.2222222222222222,0.0,1,10
ZINC000000084684,-4.9196,0.9254121184,4.462972641,,0.3333333333333333,0.4444444444444444,0,1,-4.91524,0.919228375,4.4490199089,,0.4,0.4444444444444444,0.0,1,-4.55832,0.918669343,4.6352686882,,0.2666666666666666,0.2222222222222222,0,1,-4.53293,0.7476639152,3.2419145107,,0.0,0.0,0.0,1,-4.66793,0.7410061359,4.3087067604,,0.2666666666666666,0.3333333333333333,0,1,-4.44187,0.7009905577,3.2263584137,,0.0,0.1111111111111111,0.0,1,-5.33387,0.6831995249,3.3906497955,,0.0,0.1111111111111111,0.0,1,-5.31853,0.6721010208,3.3756325245,,0.0,0.1111111111111111,0.0,1,-4.78156,0.6588921547,3.2795791626,,0.0,0.1111111111111111,0,1,-4.6781,0.6352775693,3.3706066608,,0.0,0.1111111111111111,0.0,1,10
ZINC000000086274,-6.19593,0.4398955405,5.2089753151,,0.0666666666666666,0.1111111111111111,0,1,-6.39347,0.3494642675,4.832151413,,0.0,0.1111111111111111,0.0,1,-7.34791,0.3253995776,4.9675822258,,0.0,0.1111111111111111,0,1,-6.88836,0.305857718,4.6304631233,,0.1333333333333333,0.2222222222222222,0.0,1,-6.32842,0.3011788726,5.1691832542,,0.0666666666666666,0.1111111111111111,0,1,-8.28437,0.2621988952,5.5525875092,,0.1333333333333333,0.2222222222222222,0.0,1,-6.94007,0.2536880374,4.3099837303,,0.0,0.1111111111111111,0.0,1,-7.124,0.2531620264,5.3526325226,,0.2666666666666666,0.3333333333333333,0.0,1,-6.14117,0.2518436015,5.4570584297,,0.3333333333333333,0.3333333333333333,0,1,-6.50454,0.2503915429,5.4357686043,,0.4666666666666667,0.5555555555555556,0.0,1,10
ZINC000000087329,-7.71529,0.5876707435,5.8857502937,,0.2,0.3333333333333333,0,1,-7.7316,0.5850508809,5.8893036842,,0.2,0.3333333333333333,0.0,1,-6.71108,0.5450091958,5.6071872711,,0.2666666666666666,0.4444444444444444,0,1,-6.93877,0.5123412013,5.7406840324,,0.2666666666666666,0.4444444444444444,0.0,1,-6.32163,0.4418965876,4.0512428284,,0.0,0.1111111111111111,0,1,-7.29355,0.3830099702,5.3607597351,,0.1333333333333333,0.2222222222222222,0.0,1,-5.59009,0.3400247991,4.4465928078,,0.1333333333333333,0.2222222222222222,0.0,1,-5.58833,0.2816627026,3.9675292969,,0.0666666666666666,0.2222222222222222,0.0,1,-6.14707,0.2726518512,4.0189909935,,0.0,0.1111111111111111,0,1,-6.014,0.2694383264,5.53723526,,0.2,0.3333333333333333,0.0,1,10
ZINC000000090140,-5.91588,0.2272476256,5.4344096184,,0.0666666666666666,0.1111111111111111,0,1,-8.60974,0.1974870861,5.1121659279,,0.0666666666666666,0.1111111111111111,0.0,1,-8.35618,0.1867732257,4.9064421654,,0.1333333333333333,0.2222222222222222,0,1,-5.58484,0.1506890655,4.5509495735,,0.0,0.1111111111111111,0.0,1,-5.56951,0.1377072334,5.1886601448,,0.0666666666666666,0.1111111111111111,0,1,-6.4749,0.1283089668,5.0272192955,,0.0,0.1111111111111111,0.0,1,-6.16583,0.116896607,5.3931732178,,0.0666666666666666,0.2222222222222222,0.0,1,-7.3232,0.1168773919,5.1728305817,,0.1333333333333333,0.2222222222222222,0.0,1,-7.43086,0.1160996258,5.4000811577,,0.1333333333333333,0.2222222222222222,0,1,-7.16492,0.115017496,5.3099665642,,0.1333333333333333,0.2222222222222222,0.0,1,10
ZINC000000090919,-6.60679,0.4286515713,5.5516490936,,0.2,0.3333333333333333,0,1,-6.20554,0.3495897055,5.2529258728,,0.1333333333333333,0.2222222222222222,0.0,1,-5.89136,0.3471170664,4.8043494225,,0.2,0.3333333333333333,0,1,-6.51086,0.3408192992,4.9515566826,,0.1333333333333333,0.2222222222222222,0.0,1,-6.03592,0.3278996348,4.8829360008,,0.1333333333333333,0.2222222222222222,0,1,-6.12047,0.3052660525,4.57528162,,0.0666666666666666,0.1111111111111111,0.0,1,-7.3647,0.2875481248,5.4786834717,,0.1333333333333333,0.2222222222222222,0.0,1,-6.88439,0.2719483376,5.5231356621,,0.2666666666666666,0.3333333333333333,0.0,1,-7.08849,0.2711063325,4.9994258881,,0.2666666666666666,0.3333333333333333,0,1,-7.26174,0.238220945,4.9611411095,,0.2,0.2222222222222222,0.0,1,10
ZINC000000091401,-6.01583,0.4905538857,4.7865557671,,0.1333333333333333,0.2222222222222222,0,1,-7.38505,0.3335810304,5.3248615265,,0.2,0.3333333333333333,0.0,1,-6.23075,0.3301965594,5.0124568939,,0.0666666666666666,0.1111111111111111,0,1,-5.94471,0.3161347806,5.0735211372,,0.1333333333333333,0.2222222222222222,0.0,1,-6.84718,0.3076179326,5.9615330696,,0.2,0.3333333333333333,0,1,-6.70339,0.3057039976,5.9178404808,,0.0666666666666666,0.1111111111111111,0.0,1,-6.89869,0.2940889597,5.8590722084,,0.0666666666666666,0.1111111111111111,0.0,1,-5.97713,0.2915237546,5.3075027466,,0.1333333333333333,0.2222222222222222,0.0,1,-6.21476,0.2343015075,5.0775036812,,0.0666666666666666,0.2222222222222222,0,1,-7.16768,0.2275255919,5.3993163109,,0.2,0.3333333333333333,0.0,1,10
ZINC000000091809,-7.03351,0.8331274986,5.7523903847,,0.2666666666666666,0.3333333333333333,0,1,-5.64232,0.659059763,4.3616404533,,0.0,0.1111111111111111,0.0,1,-6.99718,0.5790907741,5.2167668343,,0.3333333333333333,0.4444444444444444,0,1,-5.74703,0.560566783,4.1377110481,,0.0,0.1111111111111111,0.0,1,-5.65484,0.5518037677,4.1430625916,,0.0666666666666666,0.1111111111111111,0,1,-6.38127,0.5097050667,5.1185302734,,0.3333333333333333,0.4444444444444444,0.0,1,-5.22956,0.4986128807,3.6545760632,,0.0666666666666666,0.1111111111111111,0.0,1,-5.01736,0.4813236594,4.2630367279,,0.0,0.0,0.0,1,-5.51711,0.4206118584,3.6967363358,,0.1333333333333333,0.2222222222222222,0,1,-5.22299,0.3329690397,3.4776647091,,0.0666666666666666,0.1111111111111111,0.0,1,10
ZINC000000094217,-6.53616,0.8116502762,6.0222315788,,0.4666666666666667,0.7777777777777778,0,1,-6.1688,0.7905036807,5.7005982399,,0.4666666666666667,0.5555555555555556,0.0,1,-6.01781,0.7837071419,5.7574353218,,0.5333333333333333,0.6666666666666666,0,1,-6.015,0.6567635536,5.3720469475,,0.2666666666666666,0.4444444444444444,0.0,1,-5.21763,0.6197838187,4.7686209679,,0.0,0.1111111111111111,0,1,-5.26739,0.6034601927,4.077773571,,0.0,0.1111111111111111,0.0,1,-5.51208,0.5956754684,4.9617619514,,0.0666666666666666,0.2222222222222222,0.0,1,-5.63413,0.5769564509,5.0261330605,,0.0666666666666666,0.2222222222222222,0.0,1,-5.58613,0.5713530183,4.1832022667,,0.0,0.1111111111111111,0,1,-6.23457,0.5362192988,5.2888531685,,0.4,0.5555555555555556,0.0,1,10
ZINC000000094466,-6.13155,0.6644120812,5.8510460854,,0.3333333333333333,0.5555555555555556,0,1,-5.73643,0.576446116,4.9690442085,,0.0,0.0,0.0,1,-6.62715,0.512986958,5.0924105644,,0.2666666666666666,0.4444444444444444,0,1,-6.12511,0.4850330055,4.9815497398,,0.1333333333333333,0.2222222222222222,0.0,1,-5.8617,0.4600389302,4.9340424538,,0.0666666666666666,0.1111111111111111,0,1,-6.81152,0.4059349,5.4579873085,,0.1333333333333333,0.2222222222222222,0.0,1,-5.85647,0.3524544239,4.8398723602,,0.0,0.0,0.0,1,-6.04247,0.3350790143,5.1825919151,,0.2666666666666666,0.4444444444444444,0.0,1,-6.26306,0.3211849332,4.9655585289,,0.1333333333333333,0.2222222222222222,0,1,-5.58415,0.3039090037,4.9850568771,,0.0666666666666666,0.1111111111111111,0.0,1,10
ZINC000000096836,-5.33559,0.9179355502,3.9271214008,,0.0666666666666666,0.1111111111111111,0,1,-5.14397,0.809569478,3.7753098011,,0.0666666666666666,0.1111111111111111,0.0,1,-5.5571,0.7929188013,3.7001304626,,0.0,0.1111111111111111,0,1,-5.36438,0.7683816552,3.7327716351,,0.0,0.1111111111111111,0.0,1,-4.69133,0.7027122378,3.9356021881,,0.3333333333333333,0.4444444444444444,0,1,-5.72726,0.6053516865,3.5264728069,,0.0666666666666666,0.2222222222222222,0.0,1,-5.17382,0.5961041451,3.9576797485,,0.2666666666666666,0.4444444444444444,0.0,1,-5.45265,0.5872642994,4.1277909279,,0.4666666666666667,0.5555555555555556,0.0,1,-5.73833,0.566301465,3.4669468403,,0.0666666666666666,0.2222222222222222,0,1,-5.07716,0.5460577011,3.2441341877,,0.0,0.1111111111111111,0.0,1,10
ZINC000000097086,-7.28824,0.4915398359,6.427719593,,0.2666666666666666,0.3333333333333333,0,1,-5.81605,0.3933157027,5.2180123329,,0.0666666666666666,0.1111111111111111,0.0,1,-7.15652,0.3712775409,6.2068123817,,0.2,0.2222222222222222,0,1,-6.58597,0.3684757948,6.0337443352,,0.1333333333333333,0.2222222222222222,0.0,1,-6.02656,0.3573276997,5.7578048706,,0.1333333333333333,0.2222222222222222,0,1,-6.73994,0.3369435966,6.2133159637,,0.0666666666666666,0.1111111111111111,0.0,1,-6.85753,0.3290902674,6.2290496826,,0.1333333333333333,0.2222222222222222,0.0,1,-5.61791,0.3263330162,4.8005547523,,0.0,0.0,0.0,1,-5.78646,0.2868822217,4.7173409462,,0.0,0.1111111111111111,0,1,-5.77766,0.2512676716,4.6785969734,,0.1333333333333333,0.2222222222222222,0.0,1,10
ZINC000000098212,-7.88277,0.593426168,5.7545056343,,0.2,0.3333333333333333,0,1,-6.96696,0.5809463859,6.0765891075,,0.4,0.4444444444444444,0.0,1,-7.57255,0.4933757186,4.0656752586,,0.0,0.1111111111111111,0,1,-7.33333,0.4829661548,5.6596093178,,0.3333333333333333,0.5555555555555556,0.0,1,-6.84627,0.4651202261,4.4488682747,,0.0666666666666666,0.1111111111111111,0,1,-7.51456,0.4239542186,3.8304755688,,0.0,0.1111111111111111,0.0,1,-6.67617,0.4232659936,4.1003289223,,0.0,0.1111111111111111,0.0,1,-7.32069,0.4205969274,4.1332211494,,0.0666666666666666,0.2222222222222222,0.0,1,-6.60347,0.4072628319,5.371465683,,0.4,0.5555555555555556,0,1,-7.63071,0.3872352839,5.164730072,,0.1333333333333333,0.2222222222222222,0.0,1,10
ZINC000000098631,-6.93833,0.5748420954,6.1808123589,,0.4,0.6666666666666666,0,1,-7.06003,0.5604469776,5.5260772705,,0.3333333333333333,0.4444444444444444,0.0,1,-6.32603,0.5495752692,4.2414035797,,0.2,0.2222222222222222,0,1,-6.18181,0.539531827,5.2030291557,,0.1333333333333333,0.2222222222222222,0.0,1,-7.04955,0.4915605187,5.5184016228,,0.3333333333333333,0.4444444444444444,0,1,-6.72448,0.4015584886,4.8533420563,,0.2,0.2222222222222222,0.0,1,-6.91174,0.3910646141,5.1076722145,,0.2666666666666666,0.3333333333333333,0.0,1,-6.53737,0.3802707195,5.4310421944,,0.2666666666666666,0.3333333333333333,0.0,1,-6.83146,0.3557890356,5.1170659065,,0.2,0.3333333333333333,0,1,-7.50289,0.3549814224,5.8606534004,,0.1333333333333333,0.3333333333333333,0.0,1,10
ZINC000000098638,-6.22614,0.7731394768,6.0423169136,,0.1333333333333333,0.2222222222222222,0,1,-6.34982,0.7375690937,5.5885601044,,0.2,0.2222222222222222,0.0,1,-7.93799,0.7074041963,6.0359187126,,0.2,0.3333333333333333,0,1,-7.04573,0.548263073,5.2748799324,,0.1333333333333333,0.2222222222222222,0.0,1,-7.17758,0.540332377,5.127723217,,0.2,0.2222222222222222,0,1,-6.16734,0.4951693416,5.9624347687,,0.5333333333333333,0.6666666666666666,0.0,1,-7.65905,0.4902304709,5.3162899017,,0.2,0.2222222222222222,0.0,1,-7.06768,0.4483080506,5.4471554756,,0.1333333333333333,0.2222222222222222,0.0,1,-6.34732,0.3876222372,4.5376801491,,0.2,0.2222222222222222,0,1,-6.36654,0.3646248877,4.5428447723,,0.1333333333333333,0.2222222222222222,0.0,1,10
ZINC000000099181,-5.81624,0.4668896794,4.8988318443,,0.0,0.1111111111111111,0,1,-5.83487,0.3783356845,4.4913697243,,0.0,0.1111111111111111,0.0,1,-5.44868,0.3432424068,4.448413372,,0.0,0.1111111111111111,0,1,-5.95217,0.3228433132,4.6125817299,,0.0,0.1111111111111111,0.0,1,-6.55968,0.3067674339,5.5088839531,,0.3333333333333333,0.5555555555555556,0,1,-5.97258,0.3044038713,4.3656897545,,0.0666666666666666,0.2222222222222222,0.0,1,-5.37458,0.2953566909,4.4012093544,,0.0666666666666666,0.1111111111111111,0.0,1,-6.20305,0.2915430963,4.544239521,,0.1333333333333333,0.2222222222222222,0.0,1,-5.46251,0.2807790935,4.5801620483,,0.0666666666666666,0.1111111111111111,0,1,-5.70572,0.2726299763,4.4264707565,,0.0666666666666666,0.1111111111111111,0.0,1,10
ZINC000000100409,-8.10958,0.8077187538,6.0446548462,,0.2,0.3333333333333333,0,1,-7.80837,0.8025391102,6.1979699135,,0.3333333333333333,0.4444444444444444,0.0,1,-7.20139,0.7018021345,5.9364418983,,0.4,0.5555555555555556,0,1,-6.54254,0.645371139,5.2476673126,,0.4666666666666667,0.7777777777777778,0.0,1,-6.45007,0.64019382,4.2693595886,,0.0666666666666666,0.2222222222222222,0,1,-7.04179,0.5747860074,5.5645313263,,0.2666666666666666,0.3333333333333333,0.0,1,-6.9098,0.5735791326,4.5335011482,,0.1333333333333333,0.2222222222222222,0.0,1,-7.94464,0.5307404995,5.5954670906,,0.1333333333333333,0.2222222222222222,0.0,1,-7.90009,0.5140991807,5.5624027252,,0.1333333333333333,0.2222222222222222,0,1,-7.89638,0.5119158626,5.5608086586,,0.1333333333333333,0.2222222222222222,0.0,1,10
ZINC000000100485,-7.77231,0.8592895865,7.1290106773,,0.4666666666666667,0.5555555555555556,0,1,-8.31109,0.7672814727,6.7918586731,,0.2666666666666666,0.4444444444444444,0.0,1,-7.6287,0.7537871003,6.7586598396,,0.3333333333333333,0.4444444444444444,0,1,-7.26028,0.6807477474,6.072561264,,0.4666666666666667,0.5555555555555556,0.0,1,-8.10527,0.6691403985,6.4410271645,,0.3333333333333333,0.5555555555555556,0,1,-6.97592,0.5766200423,6.1302685738,,0.1333333333333333,0.2222222222222222,0.0,1,-6.9554,0.5726944804,6.7253584862,,0.3333333333333333,0.4444444444444444,0.0,1,-8.06465,0.5720368624,6.4622440338,,0.2666666666666666,0.4444444444444444,0.0,1,-7.97132,0.5374020934,6.5083413124,,0.3333333333333333,0.3333333333333333,0,1,-6.91912,0.5001735687,5.0998935699,,0.1333333333333333,0.2222222222222222,0.0,1,10
ZINC000000100821,-3.58309,0.8812517524,5.5117526054,,0.0666666666666666,0.1111111111111111,0,1,-3.67119,0.8473888636,5.4243779182,,0.0666666666666666,0.1111111111111111,0.0,1,-3.4388,0.8463179469,4.8366599083,,0.0,0.0,0,1,-4.15392,0.8257594705,4.3460774422,,0.0,0.1111111111111111,0.0,1,-4.2625,0.7288009524,4.3237910271,,0.0666666666666666,0.1111111111111111,0,1,-4.22077,0.6993216872,4.0704159737,,0.0,0.1111111111111111,0.0,1,-4.24144,0.6794168353,4.0599255562,,0.1333333333333333,0.2222222222222222,0.0,1,-4.01766,0.6724238992,3.8872175217,,0.0666666666666666,0.2222222222222222,0.0,1,-3.40322,0.6093757153,4.2138457298,,0.0,0.0,0,1,-4.01889,0.5770999193,4.1821036339,,0.0,0.1111111111111111,0.0,1,10
ZINC000000101140,-7.05401,0.8146267533,7.1340842247,,0.3333333333333333,0.4444444444444444,0,1,-7.74251,0.8033787608,6.8158683777,,0.2,0.3333333333333333,0.0,1,-7.69118,0.7166675925,6.5835266113,,0.3333333333333333,0.4444444444444444,0,1,-8.50733,0.6934540272,7.0420341492,,0.2666666666666666,0.3333333333333333,0.0,1,-7.96105,0.584640801,6.7795958519,,0.3333333333333333,0.4444444444444444,0,1,-7.12105,0.5751072764,6.6958022118,,0.4,0.4444444444444444,0.0,1,-5.95424,0.5163367391,5.9767765999,,0.3333333333333333,0.4444444444444444,0.0,1,-6.00027,0.4674623609,6.1252822876,,0.5333333333333333,0.5555555555555556,0.0,1,-8.32832,0.4531160891,6.4647908211,,0.3333333333333333,0.5555555555555556,0,1,-7.53116,0.3771262765,5.6869425774,,0.0666666666666666,0.1111111111111111,0.0,1,10
ZINC000000101883,-5.99173,0.7741889954,5.4853453636,,0.0666666666666666,0.1111111111111111,0,1,-5.8024,0.766675055,5.1926755905,,0.0666666666666666,0.1111111111111111,0.0,1,-6.11558,0.2888456583,4.7022857666,,0.0666666666666666,0.1111111111111111,0,1,-6.60755,0.2849474549,4.8392176628,,0.0,0.1111111111111111,0.0,1,-6.38643,0.2817014158,4.559650898,,0.0666666666666666,0.1111111111111111,0,1,-6.10864,0.269610554,4.9276556969,,0.0,0.1111111111111111,0.0,1,-6.48542,0.254807204,4.8623967171,,0.0,0.1111111111111111,0.0,1,-5.93805,0.2501687407,5.3604140282,,0.0,0.1111111111111111,0.0,1,-5.75627,0.2463630885,4.754093647,,0.0666666666666666,0.1111111111111111,0,1,-6.40498,0.2459921539,4.7130146027,,0.0,0.1111111111111111,0.0,1,10
ZINC000000103654,-7.6159,0.7508639097,5.0223240852,,0.0666666666666666,0.1111111111111111,0,1,-7.71739,0.6415887475,5.1401906013,,0.0666666666666666,0.1111111111111111,0.0,1,-7.37141,0.6168290377,5.0027956963,,0.0,0.1111111111111111,0,1,-7.75403,0.6068594456,5.0135326385,,0.0666666666666666,0.1111111111111111,0.0,1,-7.91112,0.5670777559,4.7605686188,,0.0666666666666666,0.1111111111111111,0,1,-7.50649,0.5457934141,4.8774037361,,0.0666666666666666,0.1111111111111111,0.0,1,-7.58365,0.5001772046,4.5901722908,,0.0666666666666666,0.2222222222222222,0.0,1,-7.24652,0.4867960215,4.7510523796,,0.0,0.1111111111111111,0.0,1,-6.68371,0.440715462,6.0104870796,,0.3333333333333333,0.5555555555555556,0,1,-6.63428,0.3988533616,5.9031100273,,0.5333333333333333,0.5555555555555556,0.0,1,10
ZINC000000103750,-7.92727,0.6132073998,5.8510375023,,0.4,0.4444444444444444,0,1,-7.06401,0.5230827928,5.6390309334,,0.4666666666666667,0.5555555555555556,0.0,1,-6.56726,0.4493439496,5.4187340736,,0.4666666666666667,0.5555555555555556,0,1,-6.75692,0.3938580155,5.0416026115,,0.3333333333333333,0.3333333333333333,0.0,1,-6.72081,0.3845649958,5.7142853737,,0.2666666666666666,0.3333333333333333,0,1,-6.88804,0.3458622098,5.7849030495,,0.3333333333333333,0.5555555555555556,0.0,1,-7.84333,0.3416378498,5.3950042725,,0.0666666666666666,0.1111111111111111,0.0,1,-7.15926,0.3392656446,5.4483885765,,0.2666666666666666,0.3333333333333333,0.0,1,-6.85236,0.3347718418,5.4713110924,,0.3333333333333333,0.4444444444444444,0,1,-7.31522,0.3279794753,4.7889199257,,0.3333333333333333,0.3333333333333333,0.0,1,10
ZINC000000104174,-5.86889,0.3474460542,5.296936512,,0.4,0.6666666666666666,0,1,-5.68286,0.3399171233,4.8331298828,,0.0666666666666666,0.1111111111111111,0.0,1,-5.95785,0.334122628,4.2553181648,,0.0,0.0,0,1,-5.64607,0.3111367822,4.6552357674,,0.0,0.0,0.0,1,-6.53863,0.2923162878,4.5357823372,,0.1333333333333333,0.2222222222222222,0,1,-6.32435,0.2896388471,4.1579060555,,0.0666666666666666,0.1111111111111111,0.0,1,-5.72182,0.2730871439,5.5519862175,,0.2,0.3333333333333333,0.0,1,-7.01326,0.2262442708,4.6661601067,,0.1333333333333333,0.2222222222222222,0.0,1,-5.73311,0.2218366414,5.4203791618,,0.2666666666666666,0.3333333333333333,0,1,-5.37934,0.2106357515,5.5998454094,,0.0666666666666666,0.1111111111111111,0.0,1,10
ZINC000000104372,-4.47559,0.6164880395,3.9434738159,,0.0666666666666666,0.1111111111111111,0,1,-4.85844,0.6137516499,4.0116181374,,0.0666666666666666,0.1111111111111111,0.0,1,-4.7162,0.482436806,4.2079563141,,0.2,0.2222222222222222,0,1,-4.79263,0.4475223124,4.317612648,,0.2,0.2222222222222222,0.0,1,-5.32298,0.4382648468,3.9407126904,,0.0,0.1111111111111111,0,1,-4.35369,0.4122987092,4.0954604149,,0.0,0.0,0.0,1,-4.94856,0.3882620037,3.807215929,,0.0,0.1111111111111111,0.0,1,-4.58629,0.3763451278,3.5377590656,,0.0,0.0,0.0,1,-4.8598,0.3653517365,3.8636989594,,0.0,0.0,0,1,-4.54197,0.3079745173,3.8640964031,,0.0,0.0,0.0,1,10
ZINC000000104899,-8.30574,0.7033933997,6.4190039635,,0.5333333333333333,0.5555555555555556,0,1,-7.28132,0.2946703434,5.8397126198,,0.4666666666666667,0.6666666666666666,0.0,1,-6.14044,0.2432043999,4.7338519096,,0.2,0.3333333333333333,0,1,-5.78031,0.2280430198,4.942504406,,0.0,0.1111111111111111,0.0,1,-6.18716,0.2235854715,5.0793843269,,0.2,0.3333333333333333,0,1,-6.2478,0.2192525864,4.8186149597,,0.1333333333333333,0.2222222222222222,0.0,1,-6.75172,0.2162568271,5.716366291,,0.5333333333333333,0.6666666666666666,0.0,1,-6.37581,0.2136360854,4.8847775459,,0.1333333333333333,0.2222222222222222,0.0,1,-5.97937,0.2085804194,4.3273849487,,0.2,0.3333333333333333,0,1,-6.06393,0.2079266906,4.8662071228,,0.1333333333333333,0.2222222222222222,0.0,1,10
ZINC000000105017,-8.62992,0.3781306744,6.4453873634,,0.4,0.5555555555555556,0,1,-8.52852,0.3163362741,6.3999867439,,0.4,0.5555555555555556,0.0,1,-8.68412,0.3080193698,6.404736042,,0.4,0.5555555555555556,0,1,-8.17213,0.2722056508,6.0484542847,,0.2666666666666666,0.3333333333333333,0.0,1,-8.61263,0.2598228455,6.2450866699,,0.3333333333333333,0.4444444444444444,0,1,-8.00234,0.2208022028,5.9580111504,,0.2666666666666666,0.3333333333333333,0.0,1,-7.4333,0.2111608684,5.0527434349,,0.0,0.1111111111111111,0.0,1,-7.63208,0.208285138,5.4882245064,,0.0666666666666666,0.2222222222222222,0.0,1,-7.06136,0.1958741397,4.9179120064,,0.0,0.1111111111111111,0,1,-7.86579,0.1951479316,5.7130198479,,0.2,0.3333333333333333,0.0,1,10
ZINC000000105414,-5.3633,0.7894771695,4.8658614159,,0.0,0.1111111111111111,0,1,-5.482,0.6483553648,3.9430236816,,0.0666666666666666,0.1111111111111111,0.0,1,-6.31381,0.5019145608,4.1527061462,,0.0,0.1111111111111111,0,1,-7.06704,0.4595446885,4.487101078,,0.0,0.1111111111111111,0.0,1,-6.33697,0.4580623507,5.0645618439,,0.4,0.3333333333333333,0,1,-6.00864,0.4563808739,3.9821650982,,0.0666666666666666,0.1111111111111111,0.0,1,-6.88219,0.4547036886,4.6151604652,,0.0,0.1111111111111111,0.0,1,-6.33759,0.4542336762,5.057472229,,0.4,0.3333333333333333,0.0,1,-5.84918,0.4461434484,5.147026062,,0.4,0.4444444444444444,0,1,-7.09871,0.4420739412,4.4877948761,,0.0,0.1111111111111111,0.0,1,10
ZINC000000107333,-6.99872,0.5372264981,5.9802970886,,0.4666666666666667,0.4444444444444444,0,1,-7.18506,0.5327541828,5.729139328,,0.2666666666666666,0.3333333333333333,0.0,1,-5.27454,0.3929528296,5.3900580406,,0.0666666666666666,0.1111111111111111,0,1,-6.01535,0.3635542691,4.6974554062,,0.1333333333333333,0.2222222222222222,0.0,1,-6.75592,0.3440589309,5.6280446053,,0.3333333333333333,0.4444444444444444,0,1,-5.1476,0.297527045,4.985519886,,0.0,0.0,0.0,1,-5.35485,0.2853594124,5.2954535484,,0.0666666666666666,0.1111111111111111,0.0,1,-5.38443,0.2830302715,4.3192000389,,0.0,0.1111111111111111,0.0,1,-5.50098,0.2766101062,4.2485752106,,0.0666666666666666,0.2222222222222222,0,1,-5.18408,0.265078038,4.2308154106,,0.0,0.1111111111111111,0.0,1,10
ZINC000000107352,-5.38785,0.7468095422,6.7601661682,,0.4666666666666667,0.5555555555555556,0,1,-5.44088,0.6887767315,6.6839179993,,0.4666666666666667,0.5555555555555556,0.0,1,-5.97193,0.6585167646,6.2981796265,,0.4,0.4444444444444444,0,1,-5.80255,0.6317649484,6.8572902679,,0.6,0.6666666666666666,0.0,1,-5.71937,0.58893466,6.2187232971,,0.2666666666666666,0.4444444444444444,0,1,-6.20417,0.5865703225,5.8792719841,,0.4,0.4444444444444444,0.0,1,-5.36481,0.581281662,6.0426812172,,0.2666666666666666,0.3333333333333333,0.0,1,-6.50997,0.5510662198,5.7615470886,,0.2666666666666666,0.2222222222222222,0.0,1,-6.20017,0.5377422571,6.2735276222,,0.2666666666666666,0.2222222222222222,0,1,-5.76672,0.4989057183,6.1484088898,,0.1333333333333333,0.2222222222222222,0.0,1,10
ZINC000000108207,-6.36646,0.6211043,4.0498461723,,0.0,0.1111111111111111,0,1,-7.42771,0.6102733612,5.4095330238,,0.2666666666666666,0.3333333333333333,0.0,1,-6.57463,0.59426862,3.8835642338,,0.0666666666666666,0.1111111111111111,0,1,-7.35767,0.5667312145,4.5318865776,,0.0,0.1111111111111111,0.0,1,-6.27796,0.5462746024,4.2212162018,,0.0666666666666666,0.1111111111111111,0,1,-7.19358,0.5311987996,3.8344814777,,0.0,0.1111111111111111,0.0,1,-6.91337,0.504933238,4.328502655,,0.0,0.1111111111111111,0.0,1,-6.36082,0.4937192202,4.1684374809,,0.0666666666666666,0.1111111111111111,0.0,1,-6.3506,0.4869297445,4.0993971825,,0.0,0.1111111111111111,0,1,-6.19451,0.4565678239,4.5461935997,,0.3333333333333333,0.3333333333333333,0.0,1,10
ZINC000000108644,-6.82155,0.5802894235,5.8032298088,,0.2666666666666666,0.3333333333333333,0,1,-6.80881,0.4223688841,5.2256746292,,0.4666666666666667,0.6666666666666666,0.0,1,-7.35785,0.402354449,5.3853478432,,0.4,0.4444444444444444,0,1,-6.3286,0.3952848315,4.1746478081,,0.0,0.1111111111111111,0.0,1,-6.74887,0.3909204304,4.8832526207,,0.1333333333333333,0.2222222222222222,0,1,-6.34377,0.3855535388,4.0950217247,,0.0,0.1111111111111111,0.0,1,-6.17624,0.3730570078,4.771812439,,0.1333333333333333,0.2222222222222222,0.0,1,-6.43412,0.3606825173,4.4565644264,,0.0666666666666666,0.2222222222222222,0.0,1,-6.8618,0.336661607,4.5360283852,,0.0666666666666666,0.1111111111111111,0,1,-7.36861,0.3092086613,4.936832428,,0.1333333333333333,0.2222222222222222,0.0,1,10
ZINC000000108883,-5.62819,0.6955475807,4.7957463264,,0.4,0.4444444444444444,0,1,-5.33503,0.5865153074,3.5767667294,,0.0666666666666666,0.2222222222222222,0.0,1,-6.00704,0.5671439767,5.185667038,,0.2,0.3333333333333333,0,1,-5.83449,0.5580849648,5.2326221466,,0.2666666666666666,0.4444444444444444,0.0,1,-6.11462,0.5349710584,4.8768043518,,0.2,0.3333333333333333,0,1,-5.72375,0.5011516809,4.1235156059,,0.1333333333333333,0.2222222222222222,0.0,1,-5.45814,0.4666785002,3.578666687,,0.0,0.1111111111111111,0.0,1,-6.38596,0.4563417733,4.5693964958,,0.4666666666666667,0.5555555555555556,0.0,1,-6.50128,0.442615509,4.0110297203,,0.0,0.1111111111111111,0,1,-5.80567,0.4178308547,3.535746336,,0.0,0.1111111111111111,0.0,1,10
ZINC000000109131,-5.62054,0.7508121133,4.4531493187,,0.0666666666666666,0.1111111111111111,0,1,-6.02876,0.6993772984,4.4579868317,,0.0,0.1111111111111111,0.0,1,-5.63211,0.6572055817,4.3705821037,,0.0,0.0,0,1,-5.63689,0.6132754087,4.1626167297,,0.0,0.0,0.0,1,-6.29232,0.6034728885,4.2929663658,,0.0,0.1111111111111111,0,1,-6.12053,0.5799812078,4.3200736046,,0.0,0.1111111111111111,0.0,1,-5.30284,0.5757831931,4.4729447365,,0.0666666666666666,0.1111111111111111,0.0,1,-6.10995,0.5368674397,4.0386843681,,0.0,0.1111111111111111,0.0,1,-5.34053,0.5355064869,4.4807467461,,0.0666666666666666,0.1111111111111111,0,1,-4.66224,0.5164986849,4.5758285522,,0.0666666666666666,0.1111111111111111,0.0,1,10
ZINC000000109220,-6.15111,0.6988682151,5.9038758278,,0.4666666666666667,0.6666666666666666,0,1,-5.90346,0.5406551361,5.9859519005,,0.5333333333333333,0.6666666666666666,0.0,1,-5.36924,0.5126885772,5.3318066597,,0.4,0.5555555555555556,0,1,-5.93589,0.4414413273,6.1372923851,,0.5333333333333333,0.5555555555555556,0.0,1,-5.24965,0.4257213473,4.2669677734,,0.0666666666666666,0.2222222222222222,0,1,-5.3352,0.411505878,4.4543933868,,0.1333333333333333,0.2222222222222222,0.0,1,-5.93776,0.3952611387,4.9850831032,,0.2,0.3333333333333333,0.0,1,-5.18001,0.3704600632,3.9822072983,,0.0,0.1111111111111111,0.0,1,-5.81027,0.3630914688,5.9085936546,,0.4,0.6666666666666666,0,1,-5.58488,0.3243694901,4.2118811607,,0.0,0.1111111111111111,0.0,1,10
ZINC000000109534,-8.34655,0.6536258459,6.2852988243,,0.3333333333333333,0.4444444444444444,0,1,-8.4904,0.6346945763,6.1531124115,,0.4,0.5555555555555556,0.0,1,-7.63712,0.497169584,6.0466008186,,0.2666666666666666,0.4444444444444444,0,1,-9.32384,0.4263164997,6.2364163399,,0.1333333333333333,0.2222222222222222,0.0,1,-8.96369,0.3999497592,6.3024597168,,0.2,0.3333333333333333,0,1,-8.19077,0.3873778284,6.0531997681,,0.2666666666666666,0.4444444444444444,0.0,1,-7.76882,0.3852800727,6.1436667442,,0.4,0.4444444444444444,0.0,1,-7.73785,0.3609660268,6.3234391212,,0.3333333333333333,0.4444444444444444,0.0,1,-8.56818,0.3604924381,6.1007914543,,0.2,0.3333333333333333,0,1,-8.29673,0.3335190713,5.2638888359,,0.0,0.1111111111111111,0.0,1,10
ZINC000000110112,-8.24023,0.8377067447,6.2156767845,,0.2,0.3333333333333333,0,1,-7.26052,0.6145908833,6.1655135155,,0.4,0.5555555555555556,0.0,1,-8.07806,0.4433331788,5.491206646,,0.1333333333333333,0.2222222222222222,0,1,-7.5032,0.4310578704,5.8899540901,,0.2,0.3333333333333333,0.0,1,-7.61824,0.4141309261,5.2388367653,,0.2666666666666666,0.4444444444444444,0,1,-8.27452,0.3625353575,5.4036202431,,0.4,0.5555555555555556,0.0,1,-6.59882,0.3170500696,5.482568264,,0.0666666666666666,0.2222222222222222,0.0,1,-6.52203,0.2808260918,3.9554336071,,0.2,0.2222222222222222,0.0,1,-7.02032,0.2773166895,4.6620697975,,0.2666666666666666,0.3333333333333333,0,1,-6.83917,0.2732170522,5.3446574211,,0.0666666666666666,0.2222222222222222,0.0,1,10
ZINC000000112332,-5.65183,0.5599914789,6.2136130333,,0.0666666666666666,0.1111111111111111,0,1,-5.59657,0.3651327491,6.0506858826,,0.1333333333333333,0.3333333333333333,0.0,1,-5.39653,0.3547188342,6.0546898842,,0.0,0.1111111111111111,0,1,-5.30844,0.2761125863,5.4973239899,,0.2,0.3333333333333333,0.0,1,-5.39881,0.2550312877,5.7813129425,,0.1333333333333333,0.3333333333333333,0,1,-5.22388,0.2445283681,5.4254317284,,0.0666666666666666,0.2222222222222222,0.0,1,-5.95868,0.207557112,5.4878201485,,0.0666666666666666,0.1111111111111111,0.0,1,-5.85172,0.2065414637,5.5158400536,,0.2666666666666666,0.3333333333333333,0.0,1,-5.48464,0.2003279924,6.1192111969,,0.2,0.3333333333333333,0,1,-5.74415,0.197160691,5.4781241417,,0.2666666666666666,0.3333333333333333,0.0,1,10
ZINC000000112678,-5.46028,0.7929725051,4.4919877052,,0.0666666666666666,0.2222222222222222,0,1,-6.61223,0.7489520907,4.7613863945,,0.0,0.1111111111111111,0.0,1,-5.76096,0.706359446,4.6234607697,,0.0,0.1111111111111111,0,1,-5.06721,0.6495694518,4.5452685356,,0.0666666666666666,0.1111111111111111,0.0,1,-6.5711,0.6228109598,4.1859555244,,0.0,0.1111111111111111,0,1,-5.21702,0.5736502409,4.6347413063,,0.0,0.1111111111111111,0.0,1,-6.1689,0.5709555745,4.4353809357,,0.0666666666666666,0.1111111111111111,0.0,1,-6.06546,0.4340103567,4.1666660309,,0.0,0.1111111111111111,0.0,1,-4.97289,0.3928323984,4.0122094154,,0.0,0.1111111111111111,0,1,-5.84876,0.3653829694,4.0103030205,,0.0,0.1111111111111111,0.0,1,10
ZINC000000112882,-7.00508,0.4104396105,6.0665645599,,0.2666666666666666,0.3333333333333333,0,1,-6.86452,0.3452233076,5.9111042023,,0.4,0.3333333333333333,0.0,1,-6.37002,0.316603303,6.3642802238,,0.3333333333333333,0.3333333333333333,0,1,-5.97605,0.2960301936,5.5120415688,,0.5333333333333333,0.5555555555555556,0.0,1,-6.85796,0.2875114679,5.7868118286,,0.2,0.3333333333333333,0,1,-7.00152,0.2855535746,5.8042755127,,0.4666666666666667,0.3333333333333333,0.0,1,-6.29718,0.2854970098,5.8668618202,,0.3333333333333333,0.4444444444444444,0.0,1,-5.93581,0.2577092052,4.5012984276,,0.1333333333333333,0.2222222222222222,0.0,1,-6.58019,0.24642694,5.37119627,,0.4666666666666667,0.5555555555555556,0,1,-6.05516,0.215124175,4.8111386299,,0.5333333333333333,0.6666666666666666,0.0,1,10
ZINC000000113405,-6.94491,0.7907423973,5.8977775574,,0.5333333333333333,0.6666666666666666,0,1,-6.88036,0.7900654078,5.9752459526,,0.6,0.6666666666666666,0.0,1,-6.75855,0.7654451728,5.7782254219,,0.5333333333333333,0.6666666666666666,0,1,-6.46232,0.7626997828,5.8438892365,,0.6,0.7777777777777778,0.0,1,-5.75105,0.6950474977,6.0787296295,,0.5333333333333333,0.5555555555555556,0,1,-6.53424,0.6807883382,5.8241152763,,0.6,0.6666666666666666,0.0,1,-5.24698,0.5900777578,5.028585434,,0.3333333333333333,0.4444444444444444,0.0,1,-5.72742,0.4913368225,5.0388774872,,0.2,0.3333333333333333,0.0,1,-5.81686,0.4703318775,5.853292942,,0.4666666666666667,0.5555555555555556,0,1,-5.1461,0.4659028351,5.615978241,,0.1333333333333333,0.2222222222222222,0.0,1,10
ZINC000000113464,-5.64674,0.6074470878,5.9049339294,,0.1333333333333333,0.2222222222222222,0,1,-5.35884,0.3538118303,4.0288209915,,0.1333333333333333,0.2222222222222222,0.0,1,-6.64636,0.2682514787,5.5388813019,,0.2666666666666666,0.3333333333333333,0,1,-6.4507,0.2611734867,4.1986680031,,0.2,0.2222222222222222,0.0,1,-5.36886,0.2581245601,3.6098959446,,0.2,0.2222222222222222,0,1,-5.56744,0.2569212615,4.4042778015,,0.0666666666666666,0.1111111111111111,0.0,1,-5.88596,0.2497246861,4.8038783073,,0.0666666666666666,0.1111111111111111,0.0,1,-6.42016,0.2444183081,4.3663182259,,0.2,0.2222222222222222,0.0,1,-6.1624,0.2361335158,4.6189751625,,0.3333333333333333,0.3333333333333333,0,1,-5.50023,0.2330610156,4.6365933418,,0.3333333333333333,0.3333333333333333,0.0,1,10
ZINC000000114704,-8.05645,0.8328599334,7.1634998322,,0.5333333333333333,0.7777777777777778,0,1,-8.39159,0.5737673044,6.7158093452,,0.4666666666666667,0.6666666666666666,0.0,1,-7.96745,0.4758402109,6.5395989418,,0.4,0.5555555555555556,0,1,-7.12482,0.4594928622,6.0314097404,,0.4666666666666667,0.6666666666666666,0.0,1,-6.83573,0.4185315967,5.2706074715,,0.0666666666666666,0.1111111111111111,0,1,-7.75707,0.3594502807,6.4128246307,,0.2666666666666666,0.4444444444444444,0.0,1,-7.91848,0.3539182246,6.0423474312,,0.2666666666666666,0.4444444444444444,0.0,1,-6.81091,0.2952829301,5.7879662514,,0.4,0.5555555555555556,0.0,1,-8.77301,0.2717708945,5.8008346558,,0.2,0.3333333333333333,0,1,-7.68088,0.2613909841,5.8519821167,,0.2,0.3333333333333333,0.0,1,10
ZINC000000115596,-8.55359,0.8298523426,6.2056746483,,0.4,0.5555555555555556,0,1,-6.52306,0.7758116126,5.4502072334,,0.0666666666666666,0.1111111111111111,0.0,1,-7.60403,0.6354173422,6.2105445862,,0.5333333333333333,0.6666666666666666,0,1,-8.70077,0.5623890758,6.4140715599,,0.4666666666666667,0.5555555555555556,0.0,1,-8.74248,0.561450541,6.4398212433,,0.4,0.5555555555555556,0,1,-7.09502,0.5469195843,5.6534557343,,0.2,0.3333333333333333,0.0,1,-8.4773,0.5128084421,6.2711625099,,0.4666666666666667,0.5555555555555556,0.0,1,-6.94963,0.4745153785,5.535779953,,0.2666666666666666,0.3333333333333333,0.0,1,-6.7216,0.4705191255,5.4362711906,,0.0,0.1111111111111111,0,1,-6.98506,0.4467178881,6.2169709206,,0.2,0.3333333333333333,0.0,1,10
ZINC000000115798,-8.16092,0.8157680631,6.1457695961,,0.6666666666666666,0.7777777777777778,0,1,-8.53718,0.8089881539,6.5324234962,,0.5333333333333333,0.6666666666666666,0.0,1,-8.47666,0.776630044,6.504360199,,0.5333333333333333,0.6666666666666666,0,1,-8.85564,0.7471117973,6.2590126991,,0.6666666666666666,0.7777777777777778,0.0,1,-7.60656,0.7440112829,5.4118881226,,0.4,0.4444444444444444,0,1,-8.04008,0.6879298091,6.3380374908,,0.4666666666666667,0.5555555555555556,0.0,1,-8.84905,0.6774366498,6.139146328,,0.6666666666666666,0.7777777777777778,0.0,1,-6.92125,0.6620609164,5.4414143562,,0.3333333333333333,0.4444444444444444,0.0,1,-6.93837,0.5730446577,5.1409549713,,0.4,0.5555555555555556,0,1,-6.9592,0.5369091034,5.0712304115,,0.4666666666666667,0.5555555555555556,0.0,1,10
ZINC000000116373,-7.71484,0.8001357317,6.3361439705,,0.4666666666666667,0.5555555555555556,0,1,-7.36344,0.7921079993,6.5599207878,,0.5333333333333333,0.5555555555555556,0.0,1,-6.96611,0.6871972084,5.7934207916,,0.4666666666666667,0.4444444444444444,0,1,-6.89235,0.6403178573,5.1910090446,,0.0,0.1111111111111111,0.0,1,-6.92818,0.6088876724,4.8661031723,,0.0,0.1111111111111111,0,1,-6.62353,0.5222697854,4.9248929024,,0.0,0.1111111111111111,0.0,1,-7.79909,0.5151903033,6.0656352043,,0.2666666666666666,0.4444444444444444,0.0,1,-7.00952,0.4721815884,5.8607907295,,0.4,0.5555555555555556,0.0,1,-6.9058,0.4267276824,5.8709797859,,0.4666666666666667,0.5555555555555556,0,1,-7.0318,0.3637777865,4.723716259,,0.1333333333333333,0.2222222222222222,0.0,1,10
ZINC000000118114,-7.74385,0.8971918821,6.9324879646,,0.5333333333333333,0.6666666666666666,0,1,-6.98355,0.6444833279,6.8111820221,,0.6,0.6666666666666666,0.0,1,-5.8394,0.531916976,6.3434329033,,0.4,0.5555555555555556,0,1,-6.55103,0.5222511292,6.1362113953,,0.4666666666666667,0.6666666666666666,0.0,1,-5.77404,0.3445845842,5.5562634468,,0.2666666666666666,0.4444444444444444,0,1,-5.91617,0.3381382227,6.0171966553,,0.4,0.4444444444444444,0.0,1,-5.74587,0.2512007654,4.6843328476,,0.0666666666666666,0.1111111111111111,0.0,1,-5.66303,0.247813493,4.2739748955,,0.1333333333333333,0.2222222222222222,0.0,1,-6.03208,0.2303600311,4.7147789001,,0.0666666666666666,0.1111111111111111,0,1,-6.006,0.2225262076,4.6046309471,,0.1333333333333333,0.2222222222222222,0.0,1,10
ZINC000000119182,-6.31285,0.7722794414,6.1440491676,,0.4,0.4444444444444444,0,1,-7.62545,0.7318941951,5.7286391258,,0.2666666666666666,0.4444444444444444,0.0,1,-7.83979,0.7229623199,5.8182606697,,0.2666666666666666,0.4444444444444444,0,1,-8.38265,0.7149959803,6.6146683693,,0.4,0.4444444444444444,0.0,1,-7.2709,0.5323952436,6.4316506386,,0.4666666666666667,0.6666666666666666,0,1,-6.38562,0.4895353019,5.5736579895,,0.1333333333333333,0.2222222222222222,0.0,1,-6.47471,0.465755105,5.7941093445,,0.3333333333333333,0.4444444444444444,0.0,1,-6.0686,0.4626170397,5.7400135994,,0.4,0.4444444444444444,0.0,1,-6.63171,0.4559441209,5.6983180046,,0.1333333333333333,0.2222222222222222,0,1,-6.33594,0.4403069019,5.8497543335,,0.4,0.4444444444444444,0.0,1,10
ZINC000000119359,-8.31164,0.9770774245,7.1929345131,,0.4,0.6666666666666666,0,1,-7.58604,0.9691391587,7.2297825813,,0.4666666666666667,0.5555555555555556,0.0,1,-7.7792,0.8593226075,6.5296993256,,0.4666666666666667,0.6666666666666666,0,1,-7.94092,0.8323705196,6.5880475044,,0.4666666666666667,0.6666666666666666,0.0,1,-7.72144,0.7362324595,6.1901087761,,0.2,0.4444444444444444,0,1,-6.93249,0.6788333058,6.446917057,,0.4,0.5555555555555556,0.0,1,-7.31784,0.6027703285,5.5465340614,,0.2,0.3333333333333333,0.0,1,-7.56663,0.5999943018,5.8807735443,,0.3333333333333333,0.4444444444444444,0.0,1,-6.49596,0.5917598009,5.7951164246,,0.1333333333333333,0.2222222222222222,0,1,-6.39251,0.5134981871,6.0463547707,,0.2666666666666666,0.3333333333333333,0.0,1,10
ZINC000000119488,-8.95801,0.7350402474,6.3011975288,,0.6,0.7777777777777778,0,1,-8.18502,0.6182861924,6.3311991692,,0.5333333333333333,0.6666666666666666,0.0,1,-8.39472,0.600058198,6.0898098946,,0.5333333333333333,0.5555555555555556,0,1,-8.59247,0.5677129626,6.1556229591,,0.5333333333333333,0.5555555555555556,0.0,1,-7.25361,0.4239526987,5.9345240593,,0.4,0.5555555555555556,0,1,-8.18596,0.3726509213,6.1266980171,,0.3333333333333333,0.5555555555555556,0.0,1,-8.54825,0.3414563835,5.8024096489,,0.2,0.3333333333333333,0.0,1,-7.47276,0.3225029409,4.7026386261,,0.0666666666666666,0.1111111111111111,0.0,1,-6.94645,0.3215652406,4.9698066711,,0.0666666666666666,0.1111111111111111,0,1,-7.05843,0.3166977465,4.6186981201,,0.0,0.1111111111111111,0.0,1,10
ZINC000000119797,-7.44232,0.8786622286,5.9846920967,,0.2,0.3333333333333333,0,1,-6.308,0.8628379107,6.1012625694,,0.2666666666666666,0.4444444444444444,0.0,1,-7.2949,0.8491695523,5.8699469566,,0.1333333333333333,0.2222222222222222,0,1,-7.39205,0.8242700696,5.7727928162,,0.1333333333333333,0.2222222222222222,0.0,1,-6.08728,0.8122618198,6.3631668091,,0.4666666666666667,0.4444444444444444,0,1,-6.08816,0.7823902965,5.7169837952,,0.1333333333333333,0.2222222222222222,0.0,1,-6.16502,0.7774426937,6.090303421,,0.2666666666666666,0.4444444444444444,0.0,1,-6.22178,0.6869308949,5.522731781,,0.3333333333333333,0.4444444444444444,0.0,1,-7.06893,0.6377950907,5.6369380951,,0.2,0.3333333333333333,0,1,-7.12917,0.6193839908,5.435482502,,0.0,0.1111111111111111,0.0,1,10
ZINC000000119894,-6.29493,0.559841454,5.6550688744,,0.4666666666666667,0.6666666666666666,0,1,-6.56833,0.543104887,6.3091778755,,0.6,0.6666666666666666,0.0,1,-6.28541,0.4611178041,5.9625353813,,0.5333333333333333,0.6666666666666666,0,1,-6.1294,0.4586809874,5.6487312317,,0.2666666666666666,0.3333333333333333,0.0,1,-7.21017,0.3466765285,4.7853665352,,0.0,0.1111111111111111,0,1,-6.82865,0.2802031934,4.4202899933,,0.0,0.1111111111111111,0.0,1,-6.34564,0.2674099505,4.8007307053,,0.2666666666666666,0.4444444444444444,0.0,1,-6.36264,0.2491460741,4.4344201088,,0.2,0.3333333333333333,0.0,1,-7.43655,0.2236848176,4.8998923302,,0.1333333333333333,0.2222222222222222,0,1,-7.67561,0.2181959897,5.3907217979,,0.0666666666666666,0.2222222222222222,0.0,1,10
ZINC000000119925,-6.65277,0.4044507146,5.9649662971,,0.2,0.3333333333333333,0,1,-7.49027,0.2397260964,5.2391548157,,0.2666666666666666,0.2222222222222222,0.0,1,-7.70333,0.2347119153,5.2149581909,,0.2666666666666666,0.2222222222222222,0,1,-6.31042,0.1846793741,3.9043643475,,0.0666666666666666,0.1111111111111111,0.0,1,-6.7081,0.181218341,5.4234051704,,0.2666666666666666,0.4444444444444444,0,1,-6.5456,0.1537116766,5.1996984482,,0.3333333333333333,0.4444444444444444,0.0,1,-6.34168,0.1451840699,3.7698948383,,0.0666666666666666,0.1111111111111111,0.0,1,-6.01916,0.1444258839,5.3407654762,,0.1333333333333333,0.2222222222222222,0.0,1,-6.63925,0.139500916,3.7790033817,,0.0666666666666666,0.2222222222222222,0,1,-6.22109,0.1393575072,3.8951072693,,0.0,0.1111111111111111,0.0,1,10
ZINC000000120477,-5.50289,0.7462510467,3.7031095028,,0.0,0.1111111111111111,0,1,-4.83477,0.7461720705,4.4248118401,,0.0666666666666666,0.1111111111111111,0.0,1,-5.87287,0.7432954311,3.6159088612,,0.0666666666666666,0.1111111111111111,0,1,-4.77475,0.7113546729,5.4234404564,,0.0,0.0,0.0,1,-6.10932,0.7012284994,3.4516971111,,0.0666666666666666,0.1111111111111111,0,1,-6.11152,0.7000062466,3.4475765228,,0.0666666666666666,0.1111111111111111,0.0,1,-5.83871,0.6751932502,3.5083653927,,0.0,0.1111111111111111,0.0,1,-5.65286,0.6413084269,3.4093806744,,0.0,0.1111111111111111,0.0,1,-5.19504,0.5918341279,3.3293502331,,0.0,0.1111111111111111,0,1,-5.64075,0.58071208,4.9975571632,,0.4,0.6666666666666666,0.0,1,10
ZINC000000120675,-6.69132,0.8273081183,4.3359298706,,0.0,0.1111111111111111,0,1,-6.7024,0.7830702662,4.1523375511,,0.0666666666666666,0.1111111111111111,0.0,1,-6.46154,0.7697578073,4.2489848137,,0.0666666666666666,0.1111111111111111,0,1,-6.64288,0.7671768665,4.132750988,,0.0666666666666666,0.1111111111111111,0.0,1,-6.63295,0.7119917274,4.2164440155,,0.0,0.1111111111111111,0,1,-6.23283,0.7009323835,3.9111251831,,0.0,0.1111111111111111,0.0,1,-6.21071,0.6631326079,4.0312876701,,0.0,0.1111111111111111,0.0,1,-6.17714,0.6432948709,4.142054081,,0.0,0.1111111111111111,0.0,1,-5.50783,0.6363865137,3.8165569305,,0.0666666666666666,0.1111111111111111,0,1,-6.74202,0.6300808787,3.9759042263,,0.1333333333333333,0.2222222222222222,0.0,1,10
ZINC000000123002,-6.81946,0.6294661164,6.0955867767,,0.2666666666666666,0.3333333333333333,0,1,-6.49789,0.4446304739,5.7343401909,,0.2666666666666666,0.4444444444444444,0.0,1,-6.51462,0.4051360786,4.6340346336,,0.1333333333333333,0.2222222222222222,0,1,-7.04785,0.3882664144,5.1798138618,,0.4,0.4444444444444444,0.0,1,-6.33318,0.3555231392,4.4865784645,,0.1333333333333333,0.2222222222222222,0,1,-6.26223,0.2520249188,5.0277843475,,0.4666666666666667,0.5555555555555556,0.0,1,-7.53685,0.242326647,5.6086850166,,0.2666666666666666,0.3333333333333333,0.0,1,-8.28151,0.2382945269,5.033498764,,0.3333333333333333,0.4444444444444444,0.0,1,-7.1707,0.2290161401,5.2595696449,,0.3333333333333333,0.4444444444444444,0,1,-8.72602,0.228734076,5.6476187706,,0.3333333333333333,0.4444444444444444,0.0,1,10
ZINC000000123030,-7.6821,0.6563090682,6.1071333885,,0.3333333333333333,0.5555555555555556,0,1,-7.10689,0.6121205091,5.5033984184,,0.1333333333333333,0.2222222222222222,0.0,1,-8.59305,0.4318669736,6.0035972595,,0.2,0.2222222222222222,0,1,-6.7703,0.4256544411,5.6462140083,,0.1333333333333333,0.2222222222222222,0.0,1,-7.5278,0.421225369,5.627161026,,0.0666666666666666,0.2222222222222222,0,1,-6.52046,0.3560415804,5.6494865417,,0.3333333333333333,0.5555555555555556,0.0,1,-8.08707,0.3441133499,5.9785885811,,0.2666666666666666,0.3333333333333333,0.0,1,-6.85122,0.3292155862,5.5014939308,,0.0666666666666666,0.2222222222222222,0.0,1,-5.99374,0.3252400458,5.3026995659,,0.2666666666666666,0.3333333333333333,0,1,-7.06952,0.3070549965,5.7202210426,,0.2,0.3333333333333333,0.0,1,10
ZINC000000124066,-7.57824,0.8134391904,6.8871722221,,0.4666666666666667,0.4444444444444444,0,1,-6.84535,0.7715727091,5.9579043388,,0.0666666666666666,0.1111111111111111,0.0,1,-7.12526,0.5360415578,6.0263066292,,0.2666666666666666,0.4444444444444444,0,1,-7.59784,0.5203538537,6.6920027733,,0.5333333333333333,0.6666666666666666,0.0,1,-7.4075,0.4685419202,6.5983281136,,0.3333333333333333,0.4444444444444444,0,1,-7.04612,0.4033004642,6.5066637993,,0.4666666666666667,0.4444444444444444,0.0,1,-7.45762,0.4027653337,5.9683270454,,0.0666666666666666,0.1111111111111111,0.0,1,-7.37983,0.3758813143,5.5683541298,,0.0,0.1111111111111111,0.0,1,-7.95447,0.3687349558,6.4944005013,,0.5333333333333333,0.5555555555555556,0,1,-7.96577,0.3236610889,6.0446047783,,0.2,0.3333333333333333,0.0,1,10
ZINC000000124254,-5.58552,0.8087791204,4.9782829285,,0.6666666666666666,0.7777777777777778,0,1,-4.89487,0.7944967747,3.8111782074,,0.0,0.1111111111111111,0.0,1,-4.61159,0.7909096479,3.8438727856,,0.0,0.1111111111111111,0,1,-5.23731,0.7845128179,4.1132998466,,0.0666666666666666,0.1111111111111111,0.0,1,-5.03972,0.7736729383,4.2012648582,,0.0,0.1111111111111111,0,1,-4.66783,0.7548091412,4.1386985779,,0.0,0.1111111111111111,0.0,1,-4.65635,0.6991586089,4.2051634789,,0.0666666666666666,0.1111111111111111,0.0,1,-4.69595,0.6729757786,3.9376633167,,0.0666666666666666,0.1111111111111111,0.0,1,-4.96265,0.6071977019,3.7990791798,,0.0666666666666666,0.1111111111111111,0,1,-4.36514,0.5776277184,3.9429819584,,0.0,0.1111111111111111,0.0,1,10
ZINC000000124318,-5.64374,0.8013257384,4.4151916504,,0.2666666666666666,0.3333333333333333,0,1,-5.49449,0.7912801504,4.4374904633,,0.4,0.6666666666666666,0.0,1,-5.43504,0.781525135,3.3805992603,,0.0,0.1111111111111111,0,1,-5.41163,0.7386696339,4.6047234535,,0.3333333333333333,0.4444444444444444,0.0,1,-5.53194,0.7181161046,4.766354084,,0.4666666666666667,0.6666666666666666,0,1,-4.55241,0.6458566785,3.5748405457,,0.0666666666666666,0.1111111111111111,0.0,1,-5.1514,0.589715898,3.4826071262,,0.0,0.1111111111111111,0.0,1,-5.38516,0.5639556646,3.4133088589,,0.1333333333333333,0.2222222222222222,0.0,1,-4.55801,0.5607181191,3.4305884838,,0.0,0.1111111111111111,0,1,-4.84441,0.5596331358,3.6292788982,,0.0,0.1111111111111111,0.0,1,10
ZINC000000125103,-4.0759,0.5047702789,4.8081116676,,0.0,0.1111111111111111,0,1,-4.32381,0.4594591856,4.3792929649,,0.0,0.0,0.0,1,-4.16111,0.4371108115,4.0487651825,,0.0666666666666666,0.1111111111111111,0,1,-3.90053,0.3994779587,4.6321616173,,0.0,0.1111111111111111,0.0,1,-3.95176,0.3847744167,4.1033902168,,0.0666666666666666,0.1111111111111111,0,1,-3.84291,0.3559448421,4.6975197792,,0.0666666666666666,0.1111111111111111,0.0,1,-4.30985,0.3523542285,3.7790355682,,0.0666666666666666,0.1111111111111111,0.0,1,-4.09455,0.3092045784,3.7331268787,,0.0666666666666666,0.1111111111111111,0.0,1,-3.92574,0.2907698154,3.7717978954,,0.0,0.1111111111111111,0,1,-3.76927,0.2745034397,3.5909893513,,0.0666666666666666,0.1111111111111111,0.0,1,10
ZINC000000127276,-6.50704,0.4924936593,5.9211249352,,0.5333333333333333,0.7777777777777778,1,1,-8.26263,0.3178896904,6.1066555977,,0.2666666666666666,0.4444444444444444,0.0,1,-7.97743,0.2791926265,6.4484505653,,0.4,0.4444444444444444,0,1,-7.03505,0.2569365203,5.9461035728,,0.2666666666666666,0.4444444444444444,0.0,1,-7.69073,0.2431622446,5.7618160248,,0.2,0.3333333333333333,0,1,-7.34581,0.2263786644,5.5110721588,,0.5333333333333333,0.7777777777777778,0.0,1,-6.8217,0.2185555995,5.2419514656,,0.1333333333333333,0.2222222222222222,0.0,1,-6.89063,0.2144499868,5.2845072746,,0.0666666666666666,0.1111111111111111,0.0,1,-6.85984,0.2130445838,5.4650635719,,0.2666666666666666,0.4444444444444444,0,1,-6.89827,0.2034747303,4.0170283318,,0.0666666666666666,0.2222222222222222,0.0,1,10
ZINC000000127954,-5.64982,0.8189799786,5.3956794739,,0.4,0.6666666666666666,0,1,-5.36748,0.7711494565,5.4936351776,,0.4666666666666667,0.6666666666666666,0.0,1,-6.02879,0.6581958532,5.5099506378,,0.4,0.6666666666666666,0,1,-6.00146,0.581209898,5.450521946,,0.4,0.6666666666666666,0.0,1,-5.70651,0.5124574304,5.5680522919,,0.3333333333333333,0.5555555555555556,0,1,-5.63428,0.4861420691,6.1256775856,,0.3333333333333333,0.4444444444444444,0.0,1,-5.69514,0.4808384478,5.6821594238,,0.5333333333333333,0.7777777777777778,0.0,1,-4.91394,0.2902878523,4.2429976463,,0.0666666666666666,0.1111111111111111,0.0,1,-5.02861,0.2860682309,4.9085144997,,0.1333333333333333,0.1111111111111111,0,1,-4.89015,0.2844850421,4.8924942017,,0.0666666666666666,0.1111111111111111,0.0,1,10
ZINC000000129256,-6.0418,0.5567472577,3.9072332382,,0.0,0.1111111111111111,0,1,-6.25579,0.5506260395,4.1620006561,,0.0,0.1111111111111111,0.0,1,-6.81278,0.4550412893,4.030684948,,0.0666666666666666,0.1111111111111111,0,1,-5.25407,0.4525553286,4.4205784798,,0.0666666666666666,0.1111111111111111,0.0,1,-5.67536,0.4510966837,4.5114827156,,0.0,0.0,0,1,-5.41254,0.4263900816,4.4587359428,,0.0,0.0,0.0,1,-5.29905,0.3819175363,4.0475053787,,0.0,0.0,0.0,1,-5.48975,0.3375110924,4.166677475,,0.0666666666666666,0.1111111111111111,0.0,1,-6.41192,0.3362742364,4.2701296806,,0.0666666666666666,0.1111111111111111,0,1,-5.83995,0.3231151104,3.8126115799,,0.0,0.0,0.0,1,10
ZINC000000130291,-7.52938,0.7143191099,6.3900527954,,0.4666666666666667,0.5555555555555556,0,1,-7.26553,0.651471734,6.3383812904,,0.6,0.7777777777777778,0.0,1,-7.18194,0.5763700604,6.1520271301,,0.4666666666666667,0.5555555555555556,0,1,-6.78848,0.517519176,6.1673331261,,0.4666666666666667,0.5555555555555556,0.0,1,-7.46663,0.4050234258,6.3600273132,,0.4666666666666667,0.5555555555555556,0,1,-8.84343,0.4031273127,6.412771225,,0.2666666666666666,0.3333333333333333,0.0,1,-8.59299,0.4001050889,6.2427659035,,0.2,0.2222222222222222,0.0,1,-8.71618,0.3832935095,6.5112452507,,0.2666666666666666,0.3333333333333333,0.0,1,-9.15231,0.3651744723,6.100833416,,0.1333333333333333,0.2222222222222222,0,1,-8.78037,0.3586860299,6.1012749672,,0.3333333333333333,0.4444444444444444,0.0,1,10
ZINC000000130352,-7.10521,0.4676578641,5.8810162544,,0.4,0.6666666666666666,0,1,-7.22769,0.4454729855,6.2647814751,,0.3333333333333333,0.4444444444444444,0.0,1,-7.66906,0.3984852433,5.7848911285,,0.4,0.4444444444444444,0,1,-6.69147,0.3314531147,5.6955299377,,0.3333333333333333,0.5555555555555556,0.0,1,-6.82108,0.3216221929,5.8184909821,,0.5333333333333333,0.6666666666666666,0,1,-8.01758,0.3197038174,4.9724230766,,0.2666666666666666,0.3333333333333333,0.0,1,-7.58019,0.3059014678,4.529437542,,0.1333333333333333,0.2222222222222222,0.0,1,-7.4021,0.2902718186,4.5633864403,,0.2,0.2222222222222222,0.0,1,-8.02733,0.2867292762,5.1644997597,,0.0666666666666666,0.1111111111111111,0,1,-8.01266,0.2810319662,5.1648192406,,0.0666666666666666,0.1111111111111111,0.0,1,10
ZINC000000130400,-5.83589,0.5768415928,5.0904068947,,0.4,0.5555555555555556,0,1,-6.8824,0.5497142076,5.6097393036,,0.3333333333333333,0.5555555555555556,0.0,1,-6.52361,0.4733304977,5.2464222908,,0.2666666666666666,0.4444444444444444,0,1,-6.41003,0.4451370835,5.5623168945,,0.2666666666666666,0.3333333333333333,0.0,1,-6.28314,0.4011699557,3.6956584454,,0.0666666666666666,0.2222222222222222,0,1,-5.78611,0.3997241855,3.7739036083,,0.0,0.1111111111111111,0.0,1,-6.71014,0.3736502826,5.5380187035,,0.5333333333333333,0.6666666666666666,0.0,1,-5.89692,0.3647458553,5.2321419716,,0.1333333333333333,0.2222222222222222,0.0,1,-5.76938,0.355355233,4.9512062073,,0.4,0.4444444444444444,0,1,-6.32084,0.3218167126,3.7746124268,,0.0666666666666666,0.1111111111111111,0.0,1,10
ZINC000000131357,-5.90188,0.517370224,5.9012084007,,0.4,0.3333333333333333,0,1,-5.94976,0.4645600319,5.9670715332,,0.3333333333333333,0.4444444444444444,0.0,1,-6.30984,0.4538530409,6.0920100212,,0.4666666666666667,0.5555555555555556,0,1,-6.25691,0.4439820945,5.9903388023,,0.3333333333333333,0.4444444444444444,0.0,1,-5.86244,0.3459922969,5.7813949585,,0.4,0.4444444444444444,0,1,-7.55514,0.3237044811,5.4489135742,,0.2,0.4444444444444444,0.0,1,-5.74509,0.3217055798,4.5881924629,,0.0,0.1111111111111111,0.0,1,-6.81236,0.3088491559,5.5954055786,,0.4,0.4444444444444444,0.0,1,-7.52002,0.2982985973,5.6198143959,,0.0666666666666666,0.2222222222222222,0,1,-6.97513,0.2860178351,5.2819886208,,0.2666666666666666,0.3333333333333333,0.0,1,10
ZINC000000131599,-8.08521,0.910754025,7.3526973724,,0.4,0.4444444444444444,0,1,-7.44859,0.8297752142,6.6627922058,,0.4,0.6666666666666666,0.0,1,-7.30449,0.745239675,6.8538589478,,0.4,0.5555555555555556,0,1,-7.63427,0.6920160651,6.8251800537,,0.2666666666666666,0.4444444444444444,0.0,1,-6.55385,0.4781034887,6.4507021904,,0.2666666666666666,0.4444444444444444,0,1,-6.23457,0.4731994867,6.2270321846,,0.4,0.4444444444444444,0.0,1,-7.59169,0.4555926025,6.2251782417,,0.2666666666666666,0.5555555555555556,0.0,1,-7.7706,0.4555121958,6.480612278,,0.5333333333333333,0.5555555555555556,0.0,1,-7.98897,0.4261122942,6.2238259315,,0.2,0.4444444444444444,0,1,-7.91578,0.4252283573,6.3506979942,,0.3333333333333333,0.4444444444444444,0.0,1,10
ZINC000000132052,-6.97118,0.7109723687,5.9048924446,,0.5333333333333333,0.6666666666666666,0,1,-9.36703,0.688423872,6.4423146248,,0.4666666666666667,0.5555555555555556,0.0,1,-7.15165,0.644631505,6.0586295128,,0.5333333333333333,0.5555555555555556,0,1,-9.10658,0.643537581,6.3915843964,,0.4,0.4444444444444444,0.0,1,-7.51317,0.6042917967,5.9516015053,,0.4666666666666667,0.4444444444444444,0,1,-8.8147,0.5293202996,6.1064887047,,0.2666666666666666,0.4444444444444444,0.0,1,-8.81137,0.5142343044,6.2527861595,,0.6,0.7777777777777778,0.0,1,-9.34684,0.4921075702,6.1349411011,,0.4666666666666667,0.6666666666666666,0.0,1,-7.17221,0.4542825818,5.4928002357,,0.4666666666666667,0.4444444444444444,0,1,-6.91403,0.4067733586,5.753698349,,0.3333333333333333,0.4444444444444444,0.0,1,10
ZINC000000132892,-6.33234,0.4765670598,5.7762570381,,0.2,0.2222222222222222,0,1,-7.12817,0.4578460753,5.9236369133,,0.2,0.3333333333333333,0.0,1,-5.61697,0.4021053016,4.4472312927,,0.0,0.1111111111111111,0,1,-6.56927,0.3939849436,4.7002358437,,0.0,0.1111111111111111,0.0,1,-6.10843,0.3890700936,3.795589447,,0.0,0.1111111111111111,0,1,-6.32023,0.3873096704,4.0136809349,,0.0,0.1111111111111111,0.0,1,-6.46651,0.3717708886,4.5881533623,,0.1333333333333333,0.2222222222222222,0.0,1,-6.09969,0.3528755307,4.2377467155,,0.0,0.1111111111111111,0.0,1,-6.24387,0.3392303884,4.9563274384,,0.3333333333333333,0.5555555555555556,0,1,-6.3973,0.3291395903,5.7557883263,,0.1333333333333333,0.2222222222222222,0.0,1,10
ZINC000000134868,-6.17388,0.6058724523,4.5558848381,,0.2,0.3333333333333333,0,1,-6.32905,0.496088177,5.99295187,,0.7333333333333333,0.7777777777777778,0.0,1,-6.4804,0.4219453931,5.0658512115,,0.2,0.3333333333333333,0,1,-6.0275,0.4188019931,4.8380889893,,0.2,0.2222222222222222,0.0,1,-5.71685,0.393724978,4.3922734261,,0.2666666666666666,0.3333333333333333,0,1,-6.79386,0.3639393151,4.4564743042,,0.2666666666666666,0.3333333333333333,0.0,1,-6.22715,0.3409117162,4.7067770958,,0.3333333333333333,0.3333333333333333,0.0,1,-6.41519,0.3310760856,4.9419856071,,0.1333333333333333,0.2222222222222222,0.0,1,-7.11006,0.3213206232,4.7835092545,,0.0666666666666666,0.1111111111111111,0,1,-5.89757,0.3208052814,4.2290306091,,0.1333333333333333,0.2222222222222222,0.0,1,10
ZINC000000135705,-7.55669,0.9385598898,6.893573761,,0.4666666666666667,0.5555555555555556,0,1,-6.92097,0.8941293955,5.9432663918,,0.2666666666666666,0.4444444444444444,0.0,1,-6.56487,0.8282357454,5.9327435493,,0.3333333333333333,0.4444444444444444,0,1,-6.08925,0.8203276396,5.9580078125,,0.3333333333333333,0.5555555555555556,0.0,1,-5.99175,0.6195726991,5.3879370689,,0.3333333333333333,0.4444444444444444,0,1,-6.0031,0.4461486936,5.736322403,,0.3333333333333333,0.5555555555555556,0.0,1,-5.41817,0.3955836594,5.2413158417,,0.0666666666666666,0.1111111111111111,0.0,1,-6.38114,0.364454776,5.878100872,,0.6666666666666666,0.7777777777777778,0.0,1,-6.31685,0.3527209759,3.9130351543,,0.0666666666666666,0.1111111111111111,0,1,-6.15753,0.3359535635,5.1151394844,,0.3333333333333333,0.4444444444444444,0.0,1,10
ZINC000000135914,-6.83093,0.8841076493,7.007338047,,0.4666666666666667,0.6666666666666666,0,1,-7.1465,0.8059489727,6.6912999153,,0.4,0.4444444444444444,0.0,1,-6.84388,0.8020457029,6.9446873665,,0.4,0.5555555555555556,0,1,-6.93199,0.6943076253,6.1604809761,,0.6,0.7777777777777778,0.0,1,-7.29729,0.6229559183,6.5715408325,,0.4666666666666667,0.5555555555555556,0,1,-6.53435,0.6205528975,6.1768584251,,0.4666666666666667,0.5555555555555556,0.0,1,-6.4317,0.5547771454,5.5332164764,,0.3333333333333333,0.4444444444444444,0.0,1,-6.88759,0.538102746,6.0799651146,,0.4666666666666667,0.5555555555555556,0.0,1,-6.8933,0.5333803892,5.8587098122,,0.1333333333333333,0.2222222222222222,0,1,-6.43999,0.5219779611,5.8306746483,,0.2666666666666666,0.3333333333333333,0.0,1,10
ZINC000000135928,-6.87271,0.67312181,6.9422450066,,0.6,0.8888888888888888,0,1,-8.03819,0.5495696068,6.1175918579,,0.2666666666666666,0.3333333333333333,0.0,1,-6.86536,0.4425925612,5.5196995735,,0.4,0.4444444444444444,0,1,-7.32854,0.4256357551,5.8235659599,,0.2,0.3333333333333333,0.0,1,-7.26188,0.4014227986,5.8498988152,,0.5333333333333333,0.7777777777777778,0,1,-7.69708,0.3955040574,6.0856876373,,0.0666666666666666,0.1111111111111111,0.0,1,-7.13201,0.2320808619,3.5464923382,,0.0666666666666666,0.1111111111111111,0.0,1,-6.82788,0.2260085344,3.2192051411,,0.0,0.1111111111111111,0.0,1,-6.73614,0.2242747247,3.4551143646,,0.0666666666666666,0.1111111111111111,0,1,-6.79323,0.2217823416,3.358477354,,0.1333333333333333,0.3333333333333333,0.0,1,10
ZINC000000135956,-7.05142,0.834697783,6.1223053932,,0.5333333333333333,0.6666666666666666,0,1,-6.63579,0.8243182898,6.1744961739,,0.4666666666666667,0.5555555555555556,0.0,1,-6.58715,0.8169899583,6.3470740318,,0.4666666666666667,0.5555555555555556,0,1,-7.83317,0.7721672058,6.6078743935,,0.4666666666666667,0.5555555555555556,0.0,1,-6.04751,0.7552821636,5.7729878426,,0.4666666666666667,0.5555555555555556,0,1,-6.57243,0.7139805555,6.1919007301,,0.4,0.4444444444444444,0.0,1,-7.38693,0.6625123024,6.4685359001,,0.2666666666666666,0.3333333333333333,0.0,1,-7.35361,0.6544442177,6.405151844,,0.3333333333333333,0.4444444444444444,0.0,1,-7.20173,0.6120885015,6.186486721,,0.4666666666666667,0.5555555555555556,0,1,-6.41192,0.5363003612,4.829782486,,0.2,0.1111111111111111,0.0,1,10
ZINC000000136497,-7.84616,0.601565659,5.7320942879,,0.2,0.3333333333333333,0,1,-7.76936,0.585334301,5.7132725716,,0.2,0.3333333333333333,0.0,1,-5.47447,0.528655827,4.761742115,,0.0,0.1111111111111111,0,1,-7.51557,0.469691813,5.5384755135,,0.2,0.3333333333333333,0.0,1,-5.94158,0.4608772695,4.1634421349,,0.0666666666666666,0.1111111111111111,0,1,-6.00454,0.3851033449,4.3177666664,,0.0666666666666666,0.1111111111111111,0.0,1,-5.62755,0.3738330603,5.4834117889,,0.4666666666666667,0.5555555555555556,0.0,1,-5.37406,0.3615319431,4.3337903023,,0.0,0.1111111111111111,0.0,1,-6.77634,0.3345876336,5.5981240273,,0.4,0.5555555555555556,0,1,-5.73341,0.3209392726,4.2778487206,,0.0666666666666666,0.2222222222222222,0.0,1,10
ZINC000000137343,-5.40613,0.4861536622,5.1869101524,,0.0666666666666666,0.2222222222222222,0,1,-5.57841,0.4850347638,5.3938956261,,0.0666666666666666,0.2222222222222222,0.0,1,-5.28142,0.4602119029,5.3051867485,,0.0,0.1111111111111111,0,1,-6.02205,0.4527365267,5.6911048889,,0.1333333333333333,0.3333333333333333,0.0,1,-5.15452,0.4296862781,5.1375198364,,0.0,0.1111111111111111,0,1,-5.28524,0.4272475243,5.9988074303,,0.2,0.2222222222222222,0.0,1,-5.43961,0.424369067,5.6065311432,,0.2,0.3333333333333333,0.0,1,-5.77119,0.406778872,4.8983197212,,0.0666666666666666,0.1111111111111111,0.0,1,-5.42832,0.388718456,4.8121848106,,0.0666666666666666,0.1111111111111111,0,1,-5.33288,0.3864777684,4.8793587685,,0.0666666666666666,0.1111111111111111,0.0,1,10
ZINC000000139953,-7.11423,0.6550759673,6.5060882568,,0.4666666666666667,0.6666666666666666,0,1,-6.22191,0.4259261489,4.7346043587,,0.0,0.1111111111111111,0.0,1,-6.35258,0.3840729296,4.3003802299,,0.0,0.1111111111111111,0,1,-6.42932,0.3289503455,4.4245767593,,0.0,0.1111111111111111,0.0,1,-6.68074,0.2723625898,4.748357296,,0.0,0.1111111111111111,0,1,-6.3801,0.2624461949,4.4151473045,,0.0,0.1111111111111111,0.0,1,-6.20947,0.2450201958,4.5692424774,,0.0666666666666666,0.1111111111111111,0.0,1,-5.64945,0.2305484414,4.1400680542,,0.0,0.1111111111111111,0.0,1,-6.55625,0.2286699414,4.2696609497,,0.0,0.1111111111111111,0,1,-7.00836,0.2274509668,5.619284153,,0.4,0.5555555555555556,0.0,1,10
ZINC000000140958,-5.25199,0.7237846851,5.7892603874,,0.4,0.4444444444444444,0,1,-5.06181,0.6827220321,4.9063134193,,0.1333333333333333,0.2222222222222222,0.0,1,-4.54762,0.5504356623,4.1557183266,,0.0,0.1111111111111111,0,1,-4.67934,0.5022652149,4.1991066933,,0.0666666666666666,0.2222222222222222,0.0,1,-4.37316,0.4503763914,4.346496582,,0.1333333333333333,0.2222222222222222,0,1,-4.47723,0.4415783286,3.8599739075,,0.0666666666666666,0.1111111111111111,0.0,1,-4.21268,0.3961134255,4.0212621689,,0.0666666666666666,0.1111111111111111,0.0,1,-5.14799,0.3819994926,4.219078064,,0.1333333333333333,0.3333333333333333,0.0,1,-5.48302,0.369633019,4.9519143105,,0.0666666666666666,0.1111111111111111,0,1,-4.88001,0.3658758104,3.6343250275,,0.0,0.1111111111111111,0.0,1,10
ZINC000000141135,-4.52825,0.6075385213,4.0673699379,,0.1333333333333333,0.3333333333333333,0,1,-4.2897,0.5418438315,4.1773395538,,0.0,0.1111111111111111,0.0,1,-4.81327,0.51302737,4.2883067131,,0.0,0.1111111111111111,0,1,-4.26735,0.4759294093,4.5861096382,,0.0,0.1111111111111111,0.0,1,-4.66361,0.3988591135,4.4040722847,,0.0,0.1111111111111111,0,1,-4.51662,0.3970474303,4.1789431572,,0.0666666666666666,0.2222222222222222,0.0,1,-4.72261,0.3958526552,4.4754939079,,0.0666666666666666,0.1111111111111111,0.0,1,-4.5004,0.3500899971,4.1067295074,,0.0,0.1111111111111111,0.0,1,-4.45385,0.3070987165,4.0837631226,,0.0,0.1111111111111111,0,1,-4.30365,0.3011938334,4.0002636909,,0.0,0.1111111111111111,0.0,1,10
ZINC000000141824,-7.31143,0.8718432784,6.0386281013,,0.4,0.5555555555555556,0,1,-6.61844,0.8506999016,5.7948660851,,0.6666666666666666,0.6666666666666666,0.0,1,-6.79206,0.8436821103,5.6218476295,,0.5333333333333333,0.5555555555555556,0,1,-7.30656,0.7688695192,5.5967922211,,0.3333333333333333,0.5555555555555556,0.0,1,-6.38641,0.7299154997,5.9855999947,,0.6,0.7777777777777778,0,1,-7.07264,0.71977669,5.5692191124,,0.3333333333333333,0.5555555555555556,0.0,1,-6.02563,0.6969582438,5.4570121765,,0.4666666666666667,0.5555555555555556,0.0,1,-6.95073,0.6290950179,5.4835648537,,0.2666666666666666,0.4444444444444444,0.0,1,-6.81125,0.5625483394,5.4640250206,,0.2666666666666666,0.4444444444444444,0,1,-6.61221,0.5496776104,5.4432177544,,0.4666666666666667,0.6666666666666666,0.0,1,10
ZINC000000143895,-8.23764,0.6889497042,6.6120686531,,0.4666666666666667,0.6666666666666666,0,1,-7.928,0.5574454665,6.4583392143,,0.4,0.6666666666666666,0.0,1,-8.44551,0.5433521867,6.5017237663,,0.4666666666666667,0.6666666666666666,0,1,-6.5619,0.4574343562,5.5831007957,,0.1333333333333333,0.2222222222222222,0.0,1,-6.21708,0.4489603937,5.458688736,,0.0,0.0,0,1,-7.29208,0.4109149277,5.7551422119,,0.0666666666666666,0.2222222222222222,0.0,1,-6.54317,0.401235491,6.1703453064,,0.5333333333333333,0.6666666666666666,0.0,1,-8.10841,0.397154212,6.2174391747,,0.4,0.5555555555555556,0.0,1,-6.92268,0.3937633932,5.9957089424,,0.4666666666666667,0.7777777777777778,0,1,-6.22293,0.3370410204,5.5999541283,,0.3333333333333333,0.4444444444444444,0.0,1,10
ZINC000000143909,-7.07547,0.555606842,4.8799209595,,0.0,0.1111111111111111,0,1,-7.17382,0.5355811119,4.9006290436,,0.0,0.1111111111111111,0.0,1,-7.42645,0.5078867078,4.6671066284,,0.0,0.1111111111111111,0,1,-7.19761,0.4425054193,4.8481559753,,0.0666666666666666,0.2222222222222222,0.0,1,-7.40638,0.4105374813,5.8526482582,,0.4666666666666667,0.4444444444444444,0,1,-7.57876,0.410289675,5.8226113319,,0.3333333333333333,0.3333333333333333,0.0,1,-7.72109,0.3709093332,6.0964064598,,0.4,0.4444444444444444,0.0,1,-7.07908,0.3452030122,4.5304617882,,0.0,0.1111111111111111,0.0,1,-8.16922,0.3440320194,5.126475811,,0.0,0.1111111111111111,0,1,-7.60543,0.3327025175,5.8610482216,,0.3333333333333333,0.4444444444444444,0.0,1,10
ZINC000000145426,-5.10497,0.4841924906,5.5221800804,,0.6,0.6666666666666666,0,1,-5.17935,0.4713952541,4.2517666817,,0.0,0.1111111111111111,0.0,1,-5.17656,0.4615445435,4.2018566132,,0.0666666666666666,0.1111111111111111,0,1,-5.4852,0.42092821,4.1816868782,,0.0666666666666666,0.1111111111111111,0.0,1,-5.53716,0.3792439401,4.4216537476,,0.1333333333333333,0.2222222222222222,0,1,-4.92375,0.3369682133,3.9871222973,,0.0,0.1111111111111111,0.0,1,-5.20361,0.316730082,3.8811967373,,0.1333333333333333,0.2222222222222222,0.0,1,-6.05309,0.3154582679,5.2999720573,,0.4,0.5555555555555556,0.0,1,-5.42141,0.303406626,4.332089901,,0.1333333333333333,0.2222222222222222,0,1,-5.08055,0.2981764674,4.4377040863,,0.0,0.1111111111111111,0.0,1,10
ZINC000000147249,-6.9434,0.9040488005,6.2575535774,,0.6,0.6666666666666666,0,1,-7.16611,0.8938305378,6.7104697227,,0.5333333333333333,0.5555555555555556,0.0,1,-6.58548,0.8546255231,6.5279579163,,0.4,0.4444444444444444,0,1,-6.95362,0.8262414336,6.2709064484,,0.4666666666666667,0.4444444444444444,0.0,1,-6.7029,0.7244080901,6.0330233574,,0.4666666666666667,0.6666666666666666,0,1,-6.15188,0.6743934155,5.6332240105,,0.4666666666666667,0.5555555555555556,0.0,1,-5.56938,0.6216788292,3.9856441021,,0.0666666666666666,0.2222222222222222,0.0,1,-5.8213,0.5554671884,3.9542930126,,0.0666666666666666,0.2222222222222222,0.0,1,-6.21698,0.4769460559,5.2455539703,,0.2,0.3333333333333333,0,1,-5.96516,0.4502538443,5.4292769432,,0.1333333333333333,0.2222222222222222,0.0,1,10
ZINC000000147378,-6.51653,0.6597502828,6.3263297081,,0.6,0.6666666666666666,0,1,-5.65093,0.5556774735,6.1104359627,,0.5333333333333333,0.5555555555555556,0.0,1,-6.04759,0.5210185051,5.7347278595,,0.6,0.7777777777777778,0,1,-6.25697,0.4613844752,6.1709747314,,0.4666666666666667,0.5555555555555556,0.0,1,-6.0795,0.4356085956,6.1045041084,,0.4666666666666667,0.4444444444444444,0,1,-5.98963,0.3471809328,4.6817727089,,0.1333333333333333,0.2222222222222222,0.0,1,-5.87798,0.3254985809,4.7557902336,,0.2,0.4444444444444444,0.0,1,-5.62787,0.3198191822,5.7764568329,,0.4666666666666667,0.5555555555555556,0.0,1,-5.48782,0.3154864311,5.6440601349,,0.4,0.4444444444444444,0,1,-6.59226,0.2695831358,4.9618020058,,0.2666666666666666,0.4444444444444444,0.0,1,10
ZINC000000150003,-6.81773,0.8572566509,5.9249248505,,0.3333333333333333,0.4444444444444444,0,1,-7.99674,0.827028513,5.8663196564,,0.2666666666666666,0.4444444444444444,0.0,1,-6.58772,0.8255293369,4.7289886475,,0.0,0.1111111111111111,0,1,-8.07163,0.8158060312,5.8539805412,,0.2,0.4444444444444444,0.0,1,-7.26942,0.6501349807,5.3502745628,,0.2,0.3333333333333333,0,1,-6.70741,0.6061026454,5.4843373299,,0.5333333333333333,0.6666666666666666,0.0,1,-8.15905,0.603848815,5.3217253685,,0.2666666666666666,0.4444444444444444,0.0,1,-6.89164,0.590051651,5.2271618843,,0.0666666666666666,0.1111111111111111,0.0,1,-6.01847,0.5866170526,5.0818324089,,0.1333333333333333,0.2222222222222222,0,1,-8.16925,0.5754441619,5.2724967003,,0.2666666666666666,0.4444444444444444,0.0,1,10
ZINC000000151036,-6.9578,0.7624275684,6.2271914482,,0.4666666666666667,0.4444444444444444,0,1,-6.66426,0.6485491395,5.9943776131,,0.5333333333333333,0.5555555555555556,0.0,1,-7.23302,0.6375956535,6.4191970825,,0.4,0.3333333333333333,0,1,-6.52576,0.5014587641,5.7655749321,,0.5333333333333333,0.6666666666666666,0.0,1,-6.93081,0.474070847,6.012775898,,0.4666666666666667,0.4444444444444444,0,1,-6.93526,0.4553388655,5.7128143311,,0.3333333333333333,0.4444444444444444,0.0,1,-6.74388,0.4552100897,5.6728096008,,0.4666666666666667,0.5555555555555556,0.0,1,-6.60491,0.4213909805,6.0402412415,,0.3333333333333333,0.5555555555555556,0.0,1,-7.03685,0.4060616195,5.5010929108,,0.5333333333333333,0.6666666666666666,0,1,-6.56391,0.3740628362,5.8744187355,,0.5333333333333333,0.5555555555555556,0.0,1,10
ZINC000000151058,-7.01769,0.748043716,6.3810582161,,0.3333333333333333,0.5555555555555556,0,1,-5.96145,0.5961060524,5.491089344,,0.4666666666666667,0.6666666666666666,0.0,1,-6.8492,0.5339538455,6.1054444313,,0.4666666666666667,0.6666666666666666,0,1,-6.16286,0.5167943239,6.2325940132,,0.4666666666666667,0.6666666666666666,0.0,1,-6.2168,0.5006207228,5.9658665657,,0.3333333333333333,0.4444444444444444,0,1,-7.32214,0.4428490102,5.5081348419,,0.4,0.5555555555555556,0.0,1,-7.09506,0.4418699741,5.7522335052,,0.4,0.4444444444444444,0.0,1,-6.24601,0.4165997803,5.338300705,,0.0666666666666666,0.1111111111111111,0.0,1,-7.73985,0.3970868886,5.9505786896,,0.2666666666666666,0.4444444444444444,0,1,-6.52013,0.3834626079,5.9176316261,,0.3333333333333333,0.5555555555555556,0.0,1,10
ZINC000000151763,-8.0766,0.9728655815,6.8333625793,,0.5333333333333333,0.6666666666666666,0,1,-7.60691,0.9640623331,7.1975970268,,0.4666666666666667,0.6666666666666666,0.0,1,-7.49211,0.9191092253,6.4542274475,,0.4,0.4444444444444444,0,1,-7.97664,0.9163384438,6.9001364708,,0.4666666666666667,0.5555555555555556,0.0,1,-7.1988,0.8186802864,6.7945904732,,0.4666666666666667,0.4444444444444444,0,1,-8.14794,0.7924044728,6.2260832787,,0.4666666666666667,0.6666666666666666,0.0,1,-7.0565,0.7416928411,6.6749930382,,0.4,0.5555555555555556,0.0,1,-7.55127,0.7391288877,5.9189305305,,0.1333333333333333,0.2222222222222222,0.0,1,-6.95209,0.7389020324,6.5181069374,,0.6,0.7777777777777778,0,1,-8.32892,0.7166281343,5.9870738983,,0.3333333333333333,0.4444444444444444,0.0,1,10
ZINC000000152007,-6.51687,0.401007086,5.2344608307,,0.0666666666666666,0.2222222222222222,0,1,-7.65985,0.3389298618,4.3961138725,,0.1333333333333333,0.3333333333333333,0.0,1,-6.44655,0.3313425183,4.8622989655,,0.2,0.2222222222222222,0,1,-7.22201,0.3292469978,4.3579421043,,0.0666666666666666,0.2222222222222222,0.0,1,-6.01438,0.3112987578,5.2804222107,,0.4,0.5555555555555556,0,1,-6.50377,0.2859970629,4.4179530144,,0.0666666666666666,0.1111111111111111,0.0,1,-6.12969,0.2748965919,5.6173272133,,0.4666666666666667,0.6666666666666666,0.0,1,-6.07558,0.2747395337,5.5624909401,,0.3333333333333333,0.5555555555555556,0.0,1,-6.14539,0.2608722746,4.9371891022,,0.0666666666666666,0.2222222222222222,0,1,-6.33784,0.2545617521,5.6195526123,,0.4666666666666667,0.5555555555555556,0.0,1,10
ZINC000000152851,-6.76465,0.4386535883,5.0047187805,,0.1333333333333333,0.3333333333333333,0,1,-5.87667,0.3819271624,4.9501791,,0.0666666666666666,0.2222222222222222,0.0,1,-6.13116,0.3343114853,4.7587952614,,0.1333333333333333,0.3333333333333333,0,1,-6.75514,0.3322786093,5.0554347038,,0.5333333333333333,0.6666666666666666,0.0,1,-6.76794,0.2568795085,4.7684941292,,0.0666666666666666,0.2222222222222222,0,1,-6.19608,0.2510129809,5.4607200623,,0.2666666666666666,0.3333333333333333,0.0,1,-6.04468,0.2196637839,5.2963485718,,0.3333333333333333,0.4444444444444444,0.0,1,-6.4888,0.2097633034,4.5617222786,,0.2,0.2222222222222222,0.0,1,-7.11213,0.2040280402,5.1214556694,,0.4,0.4444444444444444,0,1,-6.15702,0.2038508952,5.409122467,,0.2666666666666666,0.3333333333333333,0.0,1,10
ZINC000000154145,-5.86323,0.7143252492,4.4709129333,,0.0666666666666666,0.1111111111111111,0,1,-5.9304,0.5821438432,4.5121359825,,0.0666666666666666,0.1111111111111111,0.0,1,-5.51586,0.5281638503,4.2030415535,,0.0666666666666666,0.1111111111111111,0,1,-5.57364,0.4972447753,4.0390057564,,0.0666666666666666,0.1111111111111111,0.0,1,-5.60088,0.4942557216,4.3565831184,,0.0,0.1111111111111111,0,1,-5.63073,0.4867748916,4.1806855202,,0.0666666666666666,0.1111111111111111,0.0,1,-4.9655,0.4645473957,3.6322424412,,0.0666666666666666,0.1111111111111111,0.0,1,-5.232,0.4494497776,3.9197597504,,0.0,0.1111111111111111,0.0,1,-5.53779,0.4311710596,3.9412260056,,0.0,0.1111111111111111,0,1,-5.45133,0.4200281501,4.1038990021,,0.0,0.1111111111111111,0.0,1,10
ZINC000000154317,-5.01014,0.7934298515,3.9861023426,,0.0666666666666666,0.1111111111111111,0,1,-4.81727,0.6904962063,3.786036253,,0.0,0.1111111111111111,0.0,1,-4.82091,0.522341609,3.6535618305,,0.0666666666666666,0.1111111111111111,0,1,-5.09357,0.5094102621,3.8006916046,,0.0,0.1111111111111111,0.0,1,-5.23744,0.5092270374,3.8890445232,,0.0666666666666666,0.1111111111111111,0,1,-5.02832,0.4973624349,3.6378917694,,0.0,0.1111111111111111,0.0,1,-4.72122,0.4960893989,3.7715914249,,0.0,0.1111111111111111,0.0,1,-5.1772,0.4108106792,4.6943225861,,0.4,0.5555555555555556,0.0,1,-5.23245,0.3946270347,3.6101884842,,0.0,0.1111111111111111,0,1,-5.23372,0.3880557418,3.6076381207,,0.0,0.1111111111111111,0.0,1,10
ZINC000000154376,-7.1833,0.7575160265,5.700065136,,0.2666666666666666,0.3333333333333333,0,1,-7.54947,0.6089801788,5.850912571,,0.5333333333333333,0.6666666666666666,0.0,1,-7.16902,0.5762747526,6.208050251,,0.6,0.6666666666666666,0,1,-6.59346,0.5425688028,5.6551117897,,0.2,0.2222222222222222,0.0,1,-6.69746,0.5242940187,6.2607274055,,0.5333333333333333,0.6666666666666666,0,1,-7.42127,0.4925350547,6.0852050781,,0.1333333333333333,0.2222222222222222,0.0,1,-8.09369,0.4237512648,5.8936257362,,0.4,0.4444444444444444,0.0,1,-7.9856,0.353662163,5.89904356,,0.4,0.5555555555555556,0.0,1,-7.36495,0.3006768823,5.910794735,,0.4,0.5555555555555556,0,1,-7.18526,0.2670744956,3.7127857208,,0.0666666666666666,0.1111111111111111,0.0,1,10
ZINC000000154795,-6.50272,0.7203890681,6.8893699646,,0.2666666666666666,0.4444444444444444,0,1,-7.63668,0.5243197083,5.4752488136,,0.1333333333333333,0.2222222222222222,0.0,1,-7.40948,0.4390096366,6.0098071098,,0.3333333333333333,0.5555555555555556,0,1,-8.13282,0.4312499464,6.0475745201,,0.3333333333333333,0.5555555555555556,0.0,1,-6.53299,0.3740537167,5.7335395813,,0.4,0.6666666666666666,0,1,-7.4262,0.3710306287,5.3615241051,,0.0666666666666666,0.1111111111111111,0.0,1,-7.74971,0.3647222221,5.7086601257,,0.3333333333333333,0.5555555555555556,0.0,1,-7.47605,0.3605659008,5.217815876,,0.0666666666666666,0.2222222222222222,0.0,1,-6.16717,0.354996562,5.2978425026,,0.2666666666666666,0.2222222222222222,0,1,-6.34423,0.3448419571,4.3670768738,,0.0,0.1111111111111111,0.0,1,10
ZINC000000154964,-5.79083,0.5150048733,6.0760478973,,0.5333333333333333,0.7777777777777778,0,1,-5.76714,0.4809508324,4.5519356728,,0.0,0.0,0.0,1,-5.60292,0.4269282222,4.178249836,,0.0,0.1111111111111111,0,1,-5.73722,0.3974176645,4.2053451538,,0.1333333333333333,0.2222222222222222,0.0,1,-5.70902,0.3910717964,5.9731750488,,0.6,0.7777777777777778,0,1,-5.63964,0.3771910965,4.0904974937,,0.0,0.0,0.0,1,-5.93925,0.3451188207,3.9888007641,,0.0666666666666666,0.1111111111111111,0.0,1,-6.06513,0.3421836495,3.9455804825,,0.0666666666666666,0.1111111111111111,0.0,1,-6.05736,0.3392844796,3.9281356335,,0.0666666666666666,0.1111111111111111,0,1,-6.07069,0.3337677121,4.1905727386,,0.0666666666666666,0.1111111111111111,0.0,1,10
ZINC000000155021,-6.28888,0.5571399927,5.5156188011,,0.0666666666666666,0.2222222222222222,0,1,-6.34761,0.5343196392,5.4586262703,,0.1333333333333333,0.2222222222222222,0.0,1,-6.51961,0.4260984957,6.0124053955,,0.5333333333333333,0.5555555555555556,0,1,-5.84208,0.3989784718,4.8189888,,0.1333333333333333,0.2222222222222222,0.0,1,-6.96192,0.3882251084,5.4434967041,,0.4,0.5555555555555556,0,1,-5.65477,0.3880441785,4.1544060707,,0.2666666666666666,0.3333333333333333,0.0,1,-6.71025,0.3559798002,5.6220645905,,0.4666666666666667,0.4444444444444444,0.0,1,-7.42787,0.3061859906,5.275074482,,0.1333333333333333,0.3333333333333333,0.0,1,-5.98015,0.3029769063,4.5412774086,,0.0,0.1111111111111111,0,1,-6.1609,0.2792579532,4.1502094269,,0.2,0.2222222222222222,0.0,1,10
ZINC000000155481,-7.11853,0.583253324,5.8173480034,,0.2,0.2222222222222222,0,1,-6.34214,0.5005651712,5.3702507019,,0.0666666666666666,0.2222222222222222,0.0,1,-6.36019,0.3913282454,4.734764576,,0.2,0.3333333333333333,0,1,-6.34268,0.3839505315,4.5911884308,,0.0666666666666666,0.2222222222222222,0.0,1,-6.35947,0.3705878258,4.8812522888,,0.0,0.1111111111111111,0,1,-7.14492,0.3674504161,5.1266007423,,0.2,0.3333333333333333,0.0,1,-6.56308,0.3587326407,4.987303257,,0.2,0.3333333333333333,0.0,1,-6.60175,0.3220463395,5.0993590355,,0.2,0.3333333333333333,0.0,1,-6.21379,0.3141095042,4.686065197,,0.2,0.3333333333333333,0,1,-6.75443,0.2903909087,4.8247694969,,0.1333333333333333,0.3333333333333333,0.0,1,10
ZINC000000156661,-7.77456,0.3613294363,4.8564743996,,0.1333333333333333,0.3333333333333333,0,1,-7.89309,0.3538880348,4.3727893829,,0.1333333333333333,0.2222222222222222,0.0,1,-6.99821,0.3457444608,4.4355301857,,0.0666666666666666,0.1111111111111111,0,1,-7.09526,0.3108772337,4.0567464828,,0.0666666666666666,0.1111111111111111,0.0,1,-8.17562,0.2963249385,5.0471954346,,0.0666666666666666,0.1111111111111111,0,1,-8.4871,0.2839038074,5.1755747795,,0.0666666666666666,0.1111111111111111,0.0,1,-8.49225,0.2653713524,5.2369189262,,0.1333333333333333,0.2222222222222222,0.0,1,-8.20976,0.2386074364,5.2170333862,,0.2,0.3333333333333333,0.0,1,-7.31263,0.2252475172,5.3692779541,,0.4,0.6666666666666666,0,1,-7.91903,0.2233514488,5.0213599205,,0.0666666666666666,0.2222222222222222,0.0,1,10
ZINC000000156862,-5.19176,0.8451839089,4.4857430458,,0.4666666666666667,0.6666666666666666,0,1,-4.65503,0.637686789,3.1911108494,,0.1333333333333333,0.2222222222222222,0.0,1,-4.50026,0.5771794319,3.3408229351,,0.0,0.1111111111111111,0,1,-4.10924,0.5632271171,3.5919392109,,0.0,0.1111111111111111,0.0,1,-4.06783,0.5519641042,3.6440474987,,0.1333333333333333,0.2222222222222222,0,1,-4.01588,0.5409602523,3.223285675,,0.0,0.0,0.0,1,-4.69459,0.5325027108,3.9772245884,,0.3333333333333333,0.4444444444444444,0.0,1,-4.35995,0.5194007158,3.0445346832,,0.0666666666666666,0.1111111111111111,0.0,1,-4.37361,0.5143826604,3.2564690113,,0.0,0.1111111111111111,0,1,-4.38998,0.5100710392,3.2761602402,,0.0,0.1111111111111111,0.0,1,10
ZINC000000156948,-7.06523,0.8344984651,5.6370849609,,0.4,0.4444444444444444,0,1,-7.82824,0.785185039,5.5824866295,,0.2,0.3333333333333333,0.0,1,-7.73829,0.7757073045,5.6016840935,,0.2,0.3333333333333333,0,1,-7.60702,0.7629528642,5.3128929138,,0.2666666666666666,0.4444444444444444,0.0,1,-7.09406,0.6678275466,5.2274160385,,0.3333333333333333,0.4444444444444444,0,1,-6.98604,0.6604562998,5.1627831459,,0.2,0.3333333333333333,0.0,1,-7.52221,0.6409201622,5.106071949,,0.2666666666666666,0.4444444444444444,0.0,1,-6.23629,0.5182952881,4.9156966209,,0.4,0.5555555555555556,0.0,1,-6.52454,0.5151677132,5.1817889214,,0.6666666666666666,0.6666666666666666,0,1,-7.13671,0.4842628241,4.8526940346,,0.2666666666666666,0.4444444444444444,0.0,1,10
ZINC000000157735,-4.8836,0.7690555453,3.9474973679,,0.0,0.1111111111111111,0,1,-5.90472,0.7683209181,3.8013744354,,0.1333333333333333,0.2222222222222222,0.0,1,-5.14222,0.7629199624,3.9148280621,,0.0666666666666666,0.1111111111111111,0,1,-4.85372,0.7571483254,3.9201190472,,0.0,0.1111111111111111,0.0,1,-5.98851,0.6933023334,3.8416340351,,0.1333333333333333,0.2222222222222222,0,1,-4.55695,0.5566908717,4.0218224525,,0.0666666666666666,0.1111111111111111,0.0,1,-4.52577,0.5346904397,4.0054073334,,0.0666666666666666,0.1111111111111111,0.0,1,-4.96521,0.5322622061,3.7876243591,,0.0,0.1111111111111111,0.0,1,-4.90278,0.5191977024,3.7691326141,,0.0,0.1111111111111111,0,1,-4.73506,0.5182096958,3.7393779755,,0.0,0.1111111111111111,0.0,1,10
ZINC000000158697,-8.12231,0.8311277628,5.7014994621,,0.3333333333333333,0.4444444444444444,0,1,-6.75536,0.7791396379,5.7640948296,,0.4666666666666667,0.6666666666666666,0.0,1,-6.64401,0.704054594,5.4422302246,,0.4666666666666667,0.5555555555555556,0,1,-6.88114,0.7034692168,5.6666431427,,0.6666666666666666,0.7777777777777778,0.0,1,-6.71148,0.4978469908,5.4699921608,,0.4,0.5555555555555556,0,1,-6.80625,0.3809024692,5.1668324471,,0.5333333333333333,0.5555555555555556,0.0,1,-6.44006,0.3753229976,5.7447829247,,0.2666666666666666,0.4444444444444444,0.0,1,-6.42729,0.2999778986,5.4898247719,,0.4666666666666667,0.5555555555555556,0.0,1,-8.36757,0.2838444412,5.3092560768,,0.2666666666666666,0.3333333333333333,0,1,-8.32687,0.2639633417,5.3189382553,,0.2666666666666666,0.3333333333333333,0.0,1,10
ZINC000000159235,-5.8335,0.8990705013,5.8954429626,,0.4,0.3333333333333333,0,1,-6.09079,0.8811337352,6.2350330353,,0.5333333333333333,0.5555555555555556,0.0,1,-6.11938,0.7910134792,6.0093894005,,0.4,0.4444444444444444,0,1,-5.56659,0.2810669839,3.5095875263,,0.0,0.1111111111111111,0.0,1,-6.04371,0.2775303125,4.2752766609,,0.0,0.1111111111111111,0,1,-4.83773,0.2652885914,3.5990760326,,0.0666666666666666,0.1111111111111111,0.0,1,-5.14495,0.2542257905,4.1490764618,,0.2,0.2222222222222222,0.0,1,-6.56127,0.248774901,4.0898337364,,0.0666666666666666,0.1111111111111111,0.0,1,-4.94075,0.2477910519,4.4480280876,,0.2,0.3333333333333333,0,1,-6.56679,0.2442866862,4.0419578552,,0.0666666666666666,0.1111111111111111,0.0,1,10
ZINC000000159418,-7.77805,0.6573578119,6.585981369,,0.4,0.5555555555555556,0,1,-5.98971,0.495821774,4.9281172752,,0.2,0.2222222222222222,0.0,1,-6.6572,0.347399056,5.238960743,,0.2666666666666666,0.3333333333333333,0,1,-6.93112,0.3471696377,4.5738606453,,0.0666666666666666,0.1111111111111111,0.0,1,-7.95341,0.3221335709,6.3017821312,,0.3333333333333333,0.5555555555555556,0,1,-6.71788,0.3063672483,4.8920593262,,0.1333333333333333,0.2222222222222222,0.0,1,-7.71929,0.2896523476,6.2117676735,,0.2666666666666666,0.4444444444444444,0.0,1,-6.86704,0.2853732705,4.5355792046,,0.0,0.1111111111111111,0.0,1,-6.62432,0.2800213993,5.5168514252,,0.4,0.5555555555555556,0,1,-7.23945,0.2765596509,5.5373897552,,0.4,0.5555555555555556,0.0,1,10
ZINC000000159566,-7.15664,0.3692195117,5.2597312927,,0.0666666666666666,0.2222222222222222,0,1,-6.41573,0.3520224094,4.8462405205,,0.1333333333333333,0.2222222222222222,0.0,1,-7.1667,0.3520027399,4.6604809761,,0.0,0.1111111111111111,0,1,-6.71074,0.2216508985,5.3740181923,,0.4,0.4444444444444444,0.0,1,-5.71084,0.1849002838,4.0515804291,,0.0,0.1111111111111111,0,1,-6.04409,0.1601498574,3.3554446697,,0.2,0.2222222222222222,0.0,1,-6.37536,0.1592919379,3.5269024372,,0.0666666666666666,0.1111111111111111,0.0,1,-6.15508,0.1577073783,4.3309483528,,0.0666666666666666,0.2222222222222222,0.0,1,-6.48107,0.1558246911,5.4048881531,,0.2666666666666666,0.3333333333333333,0,1,-6.27934,0.153001368,3.7613897324,,0.0666666666666666,0.2222222222222222,0.0,1,10
ZINC000000159845,-6.92533,0.8195008636,6.1115841866,,0.3333333333333333,0.5555555555555556,0,1,-6.55257,0.7831329107,6.0527796745,,0.3333333333333333,0.5555555555555556,0.0,1,-6.64732,0.7441227436,6.0430836678,,0.3333333333333333,0.5555555555555556,0,1,-5.21904,0.2925761342,4.273170948,,0.0,0.1111111111111111,0.0,1,-5.54107,0.2666144073,5.9516558647,,0.4,0.5555555555555556,0,1,-5.57269,0.2517365217,4.1349315643,,0.0,0.1111111111111111,0.0,1,-5.4214,0.2469088435,4.3801054955,,0.0,0.1111111111111111,0.0,1,-5.66921,0.2300772518,4.2004318237,,0.0666666666666666,0.1111111111111111,0.0,1,-6.08965,0.2262561321,5.3927445412,,0.2666666666666666,0.3333333333333333,0,1,-5.23647,0.2166211754,4.2206692696,,0.0,0.1111111111111111,0.0,1,10
ZINC000000160590,-7.31175,0.8277022839,5.2720527649,,0.5333333333333333,0.7777777777777778,0,1,-7.48546,0.8216804266,5.1891674995,,0.5333333333333333,0.7777777777777778,0.0,1,-6.48822,0.7329699993,3.5564002991,,0.0,0.1111111111111111,0,1,-6.26746,0.730879128,3.8647871017,,0.0666666666666666,0.1111111111111111,0.0,1,-6.36503,0.6840943098,3.540851593,,0.0,0.1111111111111111,0,1,-6.75834,0.6767471433,4.6886353493,,0.3333333333333333,0.5555555555555556,0.0,1,-6.11105,0.654053688,3.5746262074,,0.0,0.1111111111111111,0.0,1,-6.64678,0.6278276443,3.8407793045,,0.0,0.1111111111111111,0.0,1,-6.66504,0.6148397923,3.8054122925,,0.0,0.1111111111111111,0,1,-6.90978,0.6073479056,3.5182752609,,0.0666666666666666,0.1111111111111111,0.0,1,10
ZINC000000161368,-6.43012,0.5992247462,6.192003727,,0.5333333333333333,0.5555555555555556,0,1,-7.10453,0.5964450836,6.4593296051,,0.4,0.4444444444444444,0.0,1,-7.18763,0.453681618,6.145711422,,0.4666666666666667,0.4444444444444444,0,1,-7.16388,0.3759928644,6.1572051048,,0.4666666666666667,0.4444444444444444,0.0,1,-6.79119,0.290012598,5.5093045235,,0.3333333333333333,0.3333333333333333,0,1,-6.9747,0.2871409059,5.8256969452,,0.4666666666666667,0.4444444444444444,0.0,1,-8.34378,0.2561416328,6.3747272491,,0.1333333333333333,0.2222222222222222,0.0,1,-7.03921,0.2541175485,5.6431999207,,0.4666666666666667,0.5555555555555556,0.0,1,-7.93253,0.228057012,5.8661055565,,0.1333333333333333,0.2222222222222222,0,1,-7.4056,0.2216109782,4.6930317879,,0.1333333333333333,0.2222222222222222,0.0,1,10
ZINC000000161464,-5.11761,0.9217427373,4.5620059967,,0.4,0.6666666666666666,0,1,-5.17525,0.90270257,4.3637328148,,0.2666666666666666,0.3333333333333333,0.0,1,-4.96911,0.8779551387,4.7142357826,,0.3333333333333333,0.4444444444444444,0,1,-4.82322,0.7431188226,4.6607613564,,0.2666666666666666,0.4444444444444444,0.0,1,-5.01599,0.699267149,3.7953979969,,0.0666666666666666,0.1111111111111111,0,1,-4.54797,0.6975875497,3.6471259594,,0.0,0.1111111111111111,0.0,1,-4.57177,0.6610941887,4.6392130852,,0.1333333333333333,0.2222222222222222,0.0,1,-4.61963,0.6147048473,4.693420887,,0.2666666666666666,0.3333333333333333,0.0,1,-4.69834,0.5899603367,3.8587169647,,0.1333333333333333,0.2222222222222222,0,1,-5.14905,0.5897978544,3.6183586121,,0.0666666666666666,0.2222222222222222,0.0,1,10
ZINC000000162705,-7.48331,0.6526771784,5.9422755241,,0.3333333333333333,0.4444444444444444,0,1,-5.7145,0.4563804865,4.6575665474,,0.0,0.1111111111111111,0.0,1,-6.8097,0.4214309752,4.6310744286,,0.0666666666666666,0.1111111111111111,0,1,-6.01493,0.4077191949,5.5073280334,,0.3333333333333333,0.4444444444444444,0.0,1,-7.11131,0.3830216825,5.628862381,,0.1333333333333333,0.2222222222222222,0,1,-6.47172,0.3808135688,3.6227178574,,0.0,0.1111111111111111,0.0,1,-7.10923,0.3647079468,5.5945944786,,0.0666666666666666,0.1111111111111111,0.0,1,-5.799,0.3426603079,4.1668200493,,0.1333333333333333,0.2222222222222222,0.0,1,-6.8258,0.3238864541,5.6785502434,,0.0666666666666666,0.1111111111111111,0,1,-5.87511,0.2680467665,4.2225341797,,0.0,0.1111111111111111,0.0,1,10
ZINC000000165945,-5.7594,0.4721426368,5.7721915245,,0.0666666666666666,0.1111111111111111,0,1,-5.98946,0.4001756907,5.7614331245,,0.0666666666666666,0.1111111111111111,0.0,1,-6.14991,0.3019914031,5.5616550446,,0.1333333333333333,0.2222222222222222,0,1,-5.43006,0.2990350723,5.7522101402,,0.2666666666666666,0.3333333333333333,0.0,1,-5.25351,0.2315004468,4.7407093048,,0.0666666666666666,0.1111111111111111,0,1,-6.17279,0.2255789489,5.0188107491,,0.2,0.3333333333333333,0.0,1,-5.83948,0.2248064429,5.2232680321,,0.1333333333333333,0.2222222222222222,0.0,1,-5.59945,0.1992451847,5.1207122803,,0.1333333333333333,0.3333333333333333,0.0,1,-5.79942,0.1967532039,4.3297543526,,0.2,0.3333333333333333,0,1,-5.36478,0.1908811927,4.4586234093,,0.0666666666666666,0.1111111111111111,0.0,1,10
ZINC000000167003,-5.44711,0.8150878549,5.4886908531,,0.3333333333333333,0.3333333333333333,0,1,-6.19204,0.6712839603,5.9799170494,,0.5333333333333333,0.5555555555555556,0.0,1,-6.02432,0.6522368789,5.9057707787,,0.4,0.4444444444444444,0,1,-6.10489,0.6255018115,5.8943991661,,0.4666666666666667,0.4444444444444444,0.0,1,-6.28688,0.5985118151,5.9753928185,,0.4666666666666667,0.5555555555555556,0,1,-5.85958,0.5757291317,4.7848353386,,0.2666666666666666,0.4444444444444444,0.0,1,-5.90064,0.5345364809,4.9685840607,,0.2,0.3333333333333333,0.0,1,-6.25391,0.5124279261,4.2010064125,,0.6,0.6666666666666666,0.0,1,-6.24688,0.4809066355,5.1439967155,,0.1333333333333333,0.2222222222222222,0,1,-6.45203,0.4273741245,5.0560927391,,0.0666666666666666,0.1111111111111111,0.0,1,10
ZINC000000169336,-7.21233,0.5492898226,6.0656147003,,0.2666666666666666,0.4444444444444444,0,1,-7.28563,0.4130505919,5.9799866676,,0.2666666666666666,0.3333333333333333,0.0,1,-6.46247,0.3474227488,5.8501091003,,0.2666666666666666,0.3333333333333333,0,1,-7.19978,0.3380271196,5.4416356087,,0.2666666666666666,0.3333333333333333,0.0,1,-6.35422,0.3214480281,3.8085384369,,0.0,0.1111111111111111,0,1,-7.04838,0.3213557899,5.2163414955,,0.2,0.3333333333333333,0.0,1,-6.25621,0.2634052932,3.8607006073,,0.0,0.1111111111111111,0.0,1,-6.10546,0.2433638275,4.898411274,,0.3333333333333333,0.3333333333333333,0.0,1,-5.93251,0.2325130552,4.0399069786,,0.1333333333333333,0.2222222222222222,0,1,-5.96694,0.2314478159,4.015276432,,0.1333333333333333,0.2222222222222222,0.0,1,10
ZINC000000170280,-6.51441,0.6735438704,5.6040439606,,0.6666666666666666,0.7777777777777778,0,1,-6.44943,0.5388051867,5.6052241325,,0.6,0.7777777777777778,0.0,1,-6.31778,0.4361219704,4.2410163879,,0.1333333333333333,0.2222222222222222,0,1,-6.43535,0.4175645709,4.2452297211,,0.1333333333333333,0.2222222222222222,0.0,1,-6.05576,0.3875344992,4.0957169533,,0.0666666666666666,0.2222222222222222,0,1,-6.56679,0.3866207004,4.0334916115,,0.0,0.1111111111111111,0.0,1,-6.67408,0.3670559227,5.2717881203,,0.5333333333333333,0.6666666666666666,0.0,1,-6.44141,0.3660012484,4.3532090187,,0.1333333333333333,0.2222222222222222,0.0,1,-6.05376,0.3505931795,3.8421080112,,0.0,0.1111111111111111,0,1,-5.789,0.3443490863,4.9452424049,,0.2666666666666666,0.4444444444444444,0.0,1,10
ZINC000000170617,-6.37958,0.7772091627,5.4531712532,,0.0,0.0,0,1,-6.09098,0.3611102998,5.0220279694,,0.0666666666666666,0.2222222222222222,0.0,1,-6.11366,0.3266419172,5.2315211296,,0.0,0.1111111111111111,0,1,-5.84588,0.314148128,5.036670208,,0.0,0.1111111111111111,0.0,1,-5.87697,0.313092649,4.9631099701,,0.1333333333333333,0.2222222222222222,0,1,-7.77208,0.2724687457,6.0488419533,,0.5333333333333333,0.5555555555555556,0.0,1,-6.98915,0.2182452083,4.5708403587,,0.0666666666666666,0.1111111111111111,0.0,1,-6.34116,0.1926513463,5.3279070854,,0.6,0.7777777777777778,0.0,1,-5.968,0.1834287494,4.1656417847,,0.0666666666666666,0.2222222222222222,0,1,-6.48066,0.1720610708,4.2562260628,,0.0666666666666666,0.1111111111111111,0.0,1,10
ZINC000000170969,-9.36561,0.6536605358,6.6003975868,,0.4666666666666667,0.5555555555555556,0,1,-9.21601,0.6049345732,6.4911346436,,0.4,0.5555555555555556,0.0,1,-9.21585,0.6013217568,6.2907009125,,0.3333333333333333,0.4444444444444444,0,1,-9.27008,0.5795185566,6.2454333305,,0.2,0.4444444444444444,0.0,1,-8.59229,0.5632674098,6.1717457771,,0.2666666666666666,0.4444444444444444,0,1,-8.6364,0.5417146683,6.5513491631,,0.3333333333333333,0.5555555555555556,0.0,1,-8.95739,0.5307590961,6.2282443047,,0.2666666666666666,0.4444444444444444,0.0,1,-9.17131,0.5193716288,5.8772034645,,0.4,0.4444444444444444,0.0,1,-8.96949,0.5042356253,6.1634559631,,0.2666666666666666,0.4444444444444444,0,1,-8.56737,0.5019237995,6.2219467163,,0.3333333333333333,0.4444444444444444,0.0,1,10
ZINC000000171357,-7.51596,0.5393372774,6.4436912537,,0.6,0.7777777777777778,0,1,-7.72908,0.5172954798,6.4200701714,,0.6,0.7777777777777778,0.0,1,-7.63387,0.4817358851,5.5538573265,,0.0,0.1111111111111111,0,1,-7.5843,0.4668433964,5.9448485374,,0.0,0.1111111111111111,0.0,1,-7.24417,0.3630243242,5.9871501923,,0.3333333333333333,0.4444444444444444,0,1,-7.35444,0.3124638498,5.9805831909,,0.4666666666666667,0.5555555555555556,0.0,1,-7.30381,0.3091142178,5.3288192749,,0.0,0.1111111111111111,0.0,1,-7.26547,0.3012432754,6.058573246,,0.1333333333333333,0.2222222222222222,0.0,1,-7.69851,0.2869821489,5.9090180397,,0.1333333333333333,0.2222222222222222,0,1,-7.39584,0.2733936906,6.1171035767,,0.4666666666666667,0.5555555555555556,0.0,1,10
ZINC000000172225,-5.59839,0.6421143413,4.2580032349,,0.0,0.1111111111111111,0,1,-6.31004,0.6287205219,4.9841790199,,0.5333333333333333,0.5555555555555556,0.0,1,-6.78259,0.5906053782,4.4219384193,,0.3333333333333333,0.3333333333333333,0,1,-5.84441,0.5903757215,4.8259034157,,0.2,0.3333333333333333,0.0,1,-5.64277,0.5812318325,3.9906609058,,0.0666666666666666,0.1111111111111111,0,1,-5.87742,0.5414585471,3.7152912617,,0.0666666666666666,0.1111111111111111,0.0,1,-6.34744,0.5204821825,4.4973678589,,0.3333333333333333,0.4444444444444444,0.0,1,-6.03767,0.5066875219,4.6686944962,,0.3333333333333333,0.4444444444444444,0.0,1,-6.04529,0.4958465695,5.1401901245,,0.3333333333333333,0.4444444444444444,0,1,-6.11583,0.4733418226,5.2970428467,,0.4,0.6666666666666666,0.0,1,10
ZINC000000172354,-8.14335,0.9246686101,7.0546736717,,0.4,0.5555555555555556,0,1,-7.96902,0.9045449495,6.962228775,,0.3333333333333333,0.5555555555555556,0.0,1,-7.59701,0.8839012384,7.0426335335,,0.4,0.4444444444444444,0,1,-7.94823,0.8392545581,6.743522644,,0.2,0.3333333333333333,0.0,1,-6.40736,0.8342572451,6.2894015312,,0.6,0.6666666666666666,0,1,-6.46786,0.8241128325,6.7014350891,,0.2666666666666666,0.3333333333333333,0.0,1,-7.7394,0.7375141382,6.6266670227,,0.2666666666666666,0.4444444444444444,0.0,1,-6.99298,0.6732053161,6.7600598335,,0.1333333333333333,0.3333333333333333,0.0,1,-6.29655,0.6658166051,6.5495667458,,0.4666666666666667,0.6666666666666666,0,1,-7.04433,0.6439704299,6.4747347832,,0.3333333333333333,0.4444444444444444,0.0,1,10
ZINC000000172992,-8.55991,0.8568067551,6.8842334747,,0.4,0.6666666666666666,0,1,-8.40812,0.7767106295,6.8010497093,,0.2666666666666666,0.3333333333333333,0.0,1,-8.32948,0.7504621744,6.8410124779,,0.3333333333333333,0.4444444444444444,0,1,-8.54558,0.7494652271,6.8047122955,,0.3333333333333333,0.6666666666666666,0.0,1,-8.18211,0.5297407508,6.6313667297,,0.3333333333333333,0.4444444444444444,0,1,-7.66956,0.4997909069,6.4959220886,,0.2,0.3333333333333333,0.0,1,-7.71832,0.4693249464,6.3634681702,,0.2666666666666666,0.5555555555555556,0.0,1,-8.05529,0.3884077668,6.2718334198,,0.1333333333333333,0.2222222222222222,0.0,1,-6.71977,0.3412202001,4.8368186951,,0.0666666666666666,0.2222222222222222,0,1,-7.24112,0.2842247486,6.0702781677,,0.2666666666666666,0.4444444444444444,0.0,1,10
ZINC000000173604,-9.26443,0.9213481545,7.2391109467,,0.3333333333333333,0.4444444444444444,0,1,-9.16714,0.7790881991,6.9306526184,,0.3333333333333333,0.4444444444444444,0.0,1,-9.08128,0.7559118271,6.9019732475,,0.2666666666666666,0.4444444444444444,0,1,-7.58016,0.7096635103,6.7220673561,,0.2666666666666666,0.5555555555555556,0.0,1,-8.89231,0.5403594971,6.3652610779,,0.2,0.3333333333333333,0,1,-7.28725,0.5331761837,6.3320260048,,0.4,0.4444444444444444,0.0,1,-8.08711,0.5246221423,6.6012768745,,0.4,0.5555555555555556,0.0,1,-9.31072,0.507378161,6.4133090973,,0.2,0.4444444444444444,0.0,1,-8.86882,0.4838975966,6.2423291206,,0.2,0.3333333333333333,0,1,-9.09183,0.4639965594,6.4363594055,,0.2,0.4444444444444444,0.0,1,10
ZINC000000173610,-6.10341,0.9167832136,6.106317997,,0.5333333333333333,0.7777777777777778,0,1,-6.08285,0.7843969464,6.0140528679,,0.4666666666666667,0.6666666666666666,0.0,1,-5.90111,0.6540734172,5.7842922211,,0.4666666666666667,0.4444444444444444,0,1,-6.24723,0.6120610833,5.6517090797,,0.0,0.1111111111111111,0.0,1,-6.51817,0.2845115662,4.9496626854,,0.1333333333333333,0.2222222222222222,0,1,-6.5904,0.2790268958,5.007314682,,0.2,0.3333333333333333,0.0,1,-5.96777,0.2743240893,4.4354910851,,0.1333333333333333,0.2222222222222222,0.0,1,-7.9849,0.2655797303,5.5534381866,,0.1333333333333333,0.2222222222222222,0.0,1,-7.98605,0.2653626204,5.6480717659,,0.1333333333333333,0.2222222222222222,0,1,-7.78376,0.2599645853,4.977350235,,0.2666666666666666,0.2222222222222222,0.0,1,10
ZINC000000173906,-6.50187,0.4391713142,6.0602111816,,0.4,0.5555555555555556,0,1,-7.06587,0.4325407743,5.9714617729,,0.2666666666666666,0.4444444444444444,0.0,1,-7.17331,0.4224854112,6.4633927345,,0.2,0.3333333333333333,0,1,-7.09843,0.4206021726,5.9199500084,,0.2666666666666666,0.3333333333333333,0.0,1,-6.64548,0.4087694883,6.0140118599,,0.2666666666666666,0.4444444444444444,0,1,-6.68165,0.3906809688,5.8060669899,,0.3333333333333333,0.5555555555555556,0.0,1,-5.91758,0.3828460872,4.6481518745,,0.1333333333333333,0.2222222222222222,0.0,1,-7.11399,0.3439020216,4.4412941933,,0.1333333333333333,0.2222222222222222,0.0,1,-6.53555,0.3334825933,5.8604125977,,0.2666666666666666,0.4444444444444444,0,1,-6.78579,0.3282278478,4.4797177315,,0.0666666666666666,0.1111111111111111,0.0,1,10
ZINC000000174443,-6.79986,0.8369640112,6.4642205238,,0.5333333333333333,0.6666666666666666,0,1,-8.03926,0.8359082937,6.7403812408,,0.4666666666666667,0.5555555555555556,0.0,1,-6.64222,0.793426156,6.4117321968,,0.5333333333333333,0.5555555555555556,0,1,-6.74625,0.5931600332,6.4997496605,,0.4666666666666667,0.6666666666666666,0.0,1,-6.4195,0.5841146111,6.1721186638,,0.4666666666666667,0.5555555555555556,0,1,-6.83044,0.5752663612,5.676448822,,0.5333333333333333,0.6666666666666666,0.0,1,-7.41429,0.5542597771,6.3988246918,,0.2666666666666666,0.4444444444444444,0.0,1,-6.17657,0.5267098546,6.562435627,,0.5333333333333333,0.6666666666666666,0.0,1,-7.21611,0.5229810476,5.7520813942,,0.2666666666666666,0.4444444444444444,0,1,-7.92434,0.4372144341,5.8595218658,,0.2666666666666666,0.4444444444444444,0.0,1,10
ZINC000000174641,-6.40361,0.5698879361,4.8083558083,,0.2,0.2222222222222222,0,1,-5.89072,0.4985687137,4.5635814667,,0.2,0.2222222222222222,0.0,1,-5.61073,0.455883801,5.0155968666,,0.0666666666666666,0.1111111111111111,0,1,-6.07107,0.4334433079,4.4801502228,,0.2,0.2222222222222222,0.0,1,-5.59047,0.4120062292,4.3894124031,,0.1333333333333333,0.2222222222222222,0,1,-5.47293,0.3807320297,5.4863944054,,0.1333333333333333,0.2222222222222222,0.0,1,-5.54693,0.3337925971,4.0043621063,,0.0,0.0,0.0,1,-6.25388,0.3232465386,4.5003361702,,0.1333333333333333,0.2222222222222222,0.0,1,-5.99099,0.3062542081,4.3975844383,,0.0,0.0,0,1,-5.83046,0.2784904838,4.3549971581,,0.0,0.1111111111111111,0.0,1,10
ZINC000000174697,-7.33813,0.7368585467,5.1244006157,,0.6,0.8888888888888888,0,1,-6.15232,0.6989896297,5.1217255592,,0.2666666666666666,0.4444444444444444,0.0,1,-6.39356,0.6941286922,4.6107401848,,0.3333333333333333,0.4444444444444444,0,1,-6.41122,0.6448290348,5.1386680603,,0.6,0.6666666666666666,0.0,1,-6.27379,0.5186880827,3.4399909973,,0.0,0.1111111111111111,0,1,-6.88745,0.5166609287,5.1787304878,,0.4,0.6666666666666666,0.0,1,-5.86586,0.5006912351,4.7866134644,,0.2666666666666666,0.4444444444444444,0.0,1,-6.73413,0.4880286455,4.0675439835,,0.0,0.1111111111111111,0.0,1,-6.39694,0.4594990909,3.4777472019,,0.0,0.1111111111111111,0,1,-6.00556,0.452986449,4.6675362587,,0.2666666666666666,0.4444444444444444,0.0,1,10
ZINC000000176241,-7.7332,0.8188533187,5.865090847,,0.0666666666666666,0.1111111111111111,0,1,-7.1963,0.787447989,5.6539263725,,0.3333333333333333,0.4444444444444444,0.0,1,-7.49091,0.6637461782,5.3790984154,,0.2,0.2222222222222222,0,1,-6.47957,0.4950325787,5.8493218422,,0.3333333333333333,0.3333333333333333,0.0,1,-6.12117,0.3689004779,4.4976058006,,0.1333333333333333,0.3333333333333333,0,1,-5.99161,0.3462056518,5.4988017082,,0.3333333333333333,0.4444444444444444,0.0,1,-6.84044,0.3362964988,5.071621418,,0.4,0.4444444444444444,0.0,1,-6.39898,0.3122728467,5.5545220375,,0.4,0.4444444444444444,0.0,1,-5.98192,0.2768405676,4.1277899742,,0.0666666666666666,0.1111111111111111,0,1,-6.27839,0.2704740167,4.5579338074,,0.0,0.1111111111111111,0.0,1,10
ZINC000000176394,-6.40473,0.6221112609,5.9182934761,,0.4666666666666667,0.5555555555555556,0,1,-7.18982,0.4668183625,6.0006103516,,0.4666666666666667,0.6666666666666666,0.0,1,-7.27603,0.4034552872,6.0395493507,,0.2666666666666666,0.3333333333333333,0,1,-5.6192,0.3213398159,5.5468192101,,0.1333333333333333,0.2222222222222222,0.0,1,-5.83906,0.2444010079,5.1456589699,,0.1333333333333333,0.3333333333333333,0,1,-5.9721,0.2350064367,4.2244544029,,0.2,0.3333333333333333,0.0,1,-6.04191,0.224889189,4.9094381332,,0.2666666666666666,0.4444444444444444,0.0,1,-6.18804,0.2078726292,5.4533538818,,0.0666666666666666,0.2222222222222222,0.0,1,-6.18851,0.1972040236,4.3584856987,,0.4,0.4444444444444444,0,1,-5.66904,0.1896061897,4.3901972771,,0.1333333333333333,0.2222222222222222,0.0,1,10
ZINC000000176878,-7.159,0.272829473,4.8305954933,,0.1333333333333333,0.3333333333333333,0,1,-7.65805,0.2376359105,5.7940292358,,0.3333333333333333,0.4444444444444444,0.0,1,-8.70537,0.2026225924,6.4098153114,,0.3333333333333333,0.4444444444444444,0,1,-8.10692,0.1983342618,5.6313309669,,0.3333333333333333,0.5555555555555556,0.0,1,-8.7574,0.1953278929,6.3310246468,,0.3333333333333333,0.4444444444444444,0,1,-7.55349,0.1862116158,4.7108197212,,0.2666666666666666,0.4444444444444444,0.0,1,-7.45374,0.1820013821,4.754181385,,0.1333333333333333,0.3333333333333333,0.0,1,-7.53542,0.1767744869,5.3059883118,,0.4,0.6666666666666666,0.0,1,-9.27887,0.176768586,5.403318882,,0.2,0.3333333333333333,0,1,-7.1849,0.1752161533,4.434841156,,0.1333333333333333,0.3333333333333333,0.0,1,10
ZINC000000178323,-8.93599,0.7350739837,6.5864830017,,0.6,0.6666666666666666,0,1,-8.11649,0.6741330028,6.3783473969,,0.4,0.5555555555555556,0.0,1,-8.81052,0.6078569889,6.4656777382,,0.4,0.5555555555555556,0,1,-8.61724,0.5955721736,6.4577050209,,0.4,0.5555555555555556,0.0,1,-7.85539,0.5079845786,4.8585619926,,0.2,0.2222222222222222,0,1,-7.98359,0.4149127305,4.8965697289,,0.0666666666666666,0.1111111111111111,0.0,1,-7.8911,0.4138487279,4.9191260338,,0.0666666666666666,0.1111111111111111,0.0,1,-8.45662,0.4124142528,5.9524841309,,0.2666666666666666,0.4444444444444444,0.0,1,-7.61104,0.4107649922,4.7087445259,,0.0,0.1111111111111111,0,1,-7.58225,0.4068413377,4.7831740379,,0.1333333333333333,0.2222222222222222,0.0,1,10
ZINC000000182541,-7.40191,0.2772735953,5.9668650627,,0.5333333333333333,0.5555555555555556,0,1,-7.15436,0.2743442655,5.7874960899,,0.4666666666666667,0.5555555555555556,0.0,1,-8.3836,0.255407989,5.5673613548,,0.0666666666666666,0.1111111111111111,0,1,-7.57367,0.239506647,5.4562854767,,0.2666666666666666,0.4444444444444444,0.0,1,-7.2685,0.2368341088,4.9936623573,,0.0666666666666666,0.1111111111111111,0,1,-7.22614,0.2362511307,4.8497128487,,0.0666666666666666,0.1111111111111111,0.0,1,-7.23696,0.2167758793,6.1469492912,,0.4666666666666667,0.4444444444444444,0.0,1,-6.88904,0.2075554132,4.6067647934,,0.0666666666666666,0.2222222222222222,0.0,1,-7.71212,0.2013559043,4.8551883698,,0.1333333333333333,0.2222222222222222,0,1,-8.06318,0.1949622482,4.8370556831,,0.1333333333333333,0.2222222222222222,0.0,1,10
ZINC000000182646,-7.9472,0.7103739977,6.802532196,,0.2666666666666666,0.4444444444444444,0,1,-7.40403,0.677852273,6.6595902443,,0.0666666666666666,0.1111111111111111,0.0,1,-6.81928,0.5597987175,5.5245556831,,0.2,0.2222222222222222,0,1,-6.81171,0.4649779797,6.1385402679,,0.1333333333333333,0.2222222222222222,0.0,1,-6.67556,0.4499735832,4.5402340889,,0.0,0.0,0,1,-6.67457,0.4394648075,5.5896239281,,0.2666666666666666,0.3333333333333333,0.0,1,-6.00511,0.4375850856,5.5658049583,,0.1333333333333333,0.3333333333333333,0.0,1,-6.91695,0.4166426063,5.9850063324,,0.1333333333333333,0.2222222222222222,0.0,1,-6.57424,0.355689019,5.7479834557,,0.0666666666666666,0.1111111111111111,0,1,-7.70769,0.3530856073,5.233587265,,0.2,0.2222222222222222,0.0,1,10
ZINC000000183104,-8.78696,0.7808040977,6.633441925,,0.2,0.4444444444444444,0,1,-8.17886,0.7280606031,6.4823246002,,0.3333333333333333,0.4444444444444444,0.0,1,-7.55008,0.6487253308,6.3667817116,,0.2666666666666666,0.4444444444444444,0,1,-7.99288,0.6123473644,6.0873322487,,0.1333333333333333,0.2222222222222222,0.0,1,-8.33005,0.4784829021,6.1223397255,,0.2666666666666666,0.4444444444444444,0,1,-8.36789,0.4765272439,6.1376023293,,0.2,0.3333333333333333,0.0,1,-7.95478,0.4750660062,5.9056129456,,0.1333333333333333,0.2222222222222222,0.0,1,-6.93707,0.4492465556,5.8504881859,,0.2666666666666666,0.3333333333333333,0.0,1,-7.44012,0.355327487,5.6031227112,,0.0666666666666666,0.1111111111111111,0,1,-7.79547,0.3081918359,5.7044563293,,0.3333333333333333,0.3333333333333333,0.0,1,10
ZINC000000185341,-5.70876,0.3810654581,4.1077289581,,0.0666666666666666,0.1111111111111111,0,1,-5.65284,0.2915731668,3.9097950459,,0.0,0.0,0.0,1,-6.61744,0.2674454749,3.689337492,,0.0,0.1111111111111111,0,1,-6.25988,0.2635970116,3.708442688,,0.0,0.1111111111111111,0.0,1,-7.00123,0.2574636042,3.7766644955,,0.0,0.1111111111111111,0,1,-6.83341,0.2551314235,3.7496421337,,0.0,0.1111111111111111,0.0,1,-5.89212,0.2522493899,4.2242126465,,0.0,0.0,0.0,1,-6.55585,0.2471789271,3.8545181751,,0.0,0.1111111111111111,0.0,1,-7.18221,0.2469258606,4.1020445824,,0.0,0.1111111111111111,0,1,-7.3541,0.2451601774,4.0231423378,,0.1333333333333333,0.2222222222222222,0.0,1,10
ZINC000000185814,-6.11066,0.485014528,6.155649662,,0.6,0.6666666666666666,0,1,-6.29105,0.4813245237,4.8446578979,,0.2,0.3333333333333333,0.0,1,-6.20903,0.4353695214,4.7569026947,,0.2,0.3333333333333333,0,1,-6.39853,0.3813022971,4.7401819229,,0.2,0.3333333333333333,0.0,1,-5.45448,0.3767170906,4.086643219,,0.0666666666666666,0.1111111111111111,0,1,-7.02575,0.3661396205,5.1351165771,,0.2666666666666666,0.3333333333333333,0.0,1,-6.95872,0.3609904051,5.0672774315,,0.2666666666666666,0.3333333333333333,0.0,1,-5.65888,0.3569854498,3.9656956196,,0.0,0.1111111111111111,0.0,1,-6.09288,0.3562740088,4.7290620804,,0.1333333333333333,0.2222222222222222,0,1,-5.65084,0.3527275622,4.1075296402,,0.0,0.1111111111111111,0.0,1,10
ZINC000000185837,-6.22993,0.5294300318,5.4084281921,,0.0,0.0,0,1,-5.5505,0.4624834657,5.2163815498,,0.0666666666666666,0.1111111111111111,0.0,1,-6.33513,0.4311952889,5.310189724,,0.0,0.0,0,1,-6.66884,0.4216774702,5.3318648338,,0.0,0.0,0.0,1,-5.58507,0.2754728496,4.6912112236,,0.0,0.1111111111111111,0,1,-5.57648,0.2655289769,4.8658256531,,0.0666666666666666,0.1111111111111111,0.0,1,-5.93219,0.2549010813,5.3826675415,,0.0666666666666666,0.1111111111111111,0.0,1,-6.05835,0.2397289276,4.6233386993,,0.0666666666666666,0.2222222222222222,0.0,1,-6.23573,0.2352494299,5.0018215179,,0.0666666666666666,0.1111111111111111,0,1,-7.13829,0.2161449939,5.5128388405,,0.2666666666666666,0.3333333333333333,0.0,1,10
ZINC000000186088,-4.97254,0.8947440982,3.6916027069,,0.0666666666666666,0.2222222222222222,0,1,-4.34191,0.8777090311,3.5587174892,,0.0,0.0,0.0,1,-4.9424,0.8543854356,3.8201694489,,0.1333333333333333,0.2222222222222222,0,1,-4.90326,0.8359403014,3.8305263519,,0.1333333333333333,0.2222222222222222,0.0,1,-4.89558,0.8107728362,3.990388155,,0.0,0.1111111111111111,0,1,-4.654,0.8103872538,3.9701888561,,0.0,0.1111111111111111,0.0,1,-4.52305,0.7875970006,3.8860886097,,0.0,0.1111111111111111,0.0,1,-4.92596,0.7615614533,4.483186245,,0.0,0.0,0.0,1,-4.64542,0.7594789863,4.1608657837,,0.0,0.1111111111111111,0,1,-4.59609,0.7220591307,3.7839648724,,0.0,0.1111111111111111,0.0,1,10
ZINC000000186240,-7.07198,0.5409491062,6.1794991493,,0.4666666666666667,0.5555555555555556,0,1,-6.18297,0.2652676105,4.6944580078,,0.0,0.1111111111111111,0.0,1,-5.94778,0.2376574725,4.9983754158,,0.0,0.1111111111111111,0,1,-6.74799,0.2368090302,5.0409779549,,0.1333333333333333,0.2222222222222222,0.0,1,-6.35693,0.218522653,5.0839562416,,0.0,0.1111111111111111,0,1,-6.27466,0.1938589066,5.0393023491,,0.0,0.1111111111111111,0.0,1,-6.99033,0.1894264817,4.5339069366,,0.0666666666666666,0.2222222222222222,0.0,1,-6.80326,0.1869418025,5.4442334175,,0.2,0.2222222222222222,0.0,1,-6.34096,0.1805743724,4.5716452599,,0.0666666666666666,0.2222222222222222,0,1,-6.46978,0.1783700138,5.0797009468,,0.1333333333333333,0.2222222222222222,0.0,1,10
ZINC000000186301,-6.19706,0.7297478914,6.2917952538,,0.4666666666666667,0.6666666666666666,0,1,-6.42278,0.5944525003,5.6585392952,,0.4,0.4444444444444444,0.0,1,-6.04316,0.5495508313,6.1269774437,,0.5333333333333333,0.6666666666666666,0,1,-6.70818,0.5416642427,5.4807491302,,0.2666666666666666,0.4444444444444444,0.0,1,-6.31862,0.5124185681,4.37672472,,0.0,0.1111111111111111,0,1,-5.90582,0.493113935,4.6224560738,,0.0,0.1111111111111111,0.0,1,-6.02575,0.4821131825,4.9828314781,,0.1333333333333333,0.2222222222222222,0.0,1,-6.31064,0.4474535882,4.1025505066,,0.0666666666666666,0.1111111111111111,0.0,1,-6.53497,0.4185172915,4.3453373909,,0.0666666666666666,0.1111111111111111,0,1,-5.78895,0.401322335,4.9893217087,,0.0,0.1111111111111111,0.0,1,10
ZINC000000186994,-6.59543,0.6545454264,6.3757891655,,0.2666666666666666,0.3333333333333333,0,1,-6.487,0.5583670735,5.5532031059,,0.4,0.3333333333333333,0.0,1,-6.18074,0.4589926004,3.9265155792,,0.0666666666666666,0.1111111111111111,0,1,-6.23806,0.4521940947,4.7359008789,,0.0666666666666666,0.1111111111111111,0.0,1,-5.98913,0.4420618713,4.4119358063,,0.0,0.1111111111111111,0,1,-5.88519,0.3811653852,4.0804386139,,0.0666666666666666,0.2222222222222222,0.0,1,-6.24259,0.3774668872,3.9443919659,,0.1333333333333333,0.3333333333333333,0.0,1,-5.96038,0.3764620423,5.0454363823,,0.4,0.5555555555555556,0.0,1,-7.84225,0.3690254986,5.118657589,,0.1333333333333333,0.2222222222222222,0,1,-6.99683,0.3561844826,4.6665630341,,0.2,0.2222222222222222,0.0,1,10
ZINC000000187415,-5.50498,0.6749680042,5.5175242424,,0.4666666666666667,0.5555555555555556,0,1,-6.24352,0.3693032563,4.8996653557,,0.0666666666666666,0.2222222222222222,0.0,1,-6.13954,0.3543569148,5.2835021019,,0.1333333333333333,0.3333333333333333,0,1,-7.19437,0.3107529581,4.7907600403,,0.1333333333333333,0.3333333333333333,0.0,1,-7.3302,0.3095813096,4.6680464745,,0.0,0.1111111111111111,0,1,-6.09022,0.2949641347,5.931119442,,0.6,0.6666666666666666,0.0,1,-6.43305,0.2746142745,5.1562805176,,0.2666666666666666,0.3333333333333333,0.0,1,-6.59601,0.2587158382,5.9458274841,,0.2,0.3333333333333333,0.0,1,-5.71257,0.2277857214,5.2459301949,,0.1333333333333333,0.2222222222222222,0,1,-5.86016,0.2121970057,5.8913817406,,0.3333333333333333,0.5555555555555556,0.0,1,10
ZINC000000188746,-7.64871,0.7133937478,6.7649025917,,0.4666666666666667,0.5555555555555556,0,1,-8.11966,0.7057946324,6.5112919807,,0.4,0.5555555555555556,0.0,1,-7.57231,0.639100194,6.5096182823,,0.4,0.5555555555555556,0,1,-7.26674,0.6252313852,6.1870064735,,0.4,0.6666666666666666,0.0,1,-6.66358,0.5300227404,4.3212108612,,0.0666666666666666,0.1111111111111111,0,1,-7.39767,0.4521982074,5.7082691193,,0.4,0.6666666666666666,0.0,1,-6.93168,0.4153463542,4.538506031,,0.0,0.1111111111111111,0.0,1,-6.89366,0.4025870264,4.4093737602,,0.0,0.1111111111111111,0.0,1,-7.12361,0.3602801859,4.5848135948,,0.0,0.1111111111111111,0,1,-6.68441,0.3547315001,4.184735775,,0.0666666666666666,0.1111111111111111,0.0,1,10
ZINC000000189012,-6.22203,0.8268044591,6.2236671448,,0.4666666666666667,0.5555555555555556,0,1,-7.75739,0.8224501014,5.9961886406,,0.3333333333333333,0.4444444444444444,0.0,1,-6.95092,0.792309463,6.1744637489,,0.4,0.4444444444444444,0,1,-6.87181,0.5174151659,5.5102939606,,0.2,0.3333333333333333,0.0,1,-6.48852,0.497199595,5.8584933281,,0.2666666666666666,0.4444444444444444,0,1,-6.52003,0.4643591642,5.578704834,,0.1333333333333333,0.2222222222222222,0.0,1,-6.0559,0.4333298206,5.9487342834,,0.4,0.4444444444444444,0.0,1,-7.52621,0.3939943314,5.3898034096,,0.2666666666666666,0.4444444444444444,0.0,1,-6.02011,0.3760411441,5.0679712296,,0.1333333333333333,0.1111111111111111,0,1,-5.94443,0.3602151573,4.8080072403,,0.1333333333333333,0.3333333333333333,0.0,1,10
ZINC000000189118,-8.23018,0.7349954844,7.0823750496,,0.4,0.4444444444444444,0,1,-7.83554,0.5709222555,6.4563221931,,0.3333333333333333,0.5555555555555556,0.0,1,-7.24951,0.4882528186,6.4777388573,,0.4666666666666667,0.4444444444444444,0,1,-7.81608,0.4750399292,6.6055693626,,0.5333333333333333,0.6666666666666666,0.0,1,-7.99143,0.4388946593,6.6021866798,,0.4666666666666667,0.4444444444444444,0,1,-6.73724,0.4285108149,6.2508149147,,0.4,0.4444444444444444,0.0,1,-7.61331,0.4130467176,6.2875905037,,0.2666666666666666,0.2222222222222222,0.0,1,-7.72174,0.3884658515,6.3803024292,,0.6,0.6666666666666666,0.0,1,-6.90015,0.3768439293,5.5551638603,,0.2,0.2222222222222222,0,1,-7.23542,0.3624668121,5.9002475739,,0.2666666666666666,0.4444444444444444,0.0,1,10
ZINC000000189219,-7.60857,0.8616455793,6.6027321815,,0.6,0.7777777777777778,0,1,-7.68527,0.7812035084,6.265229702,,0.3333333333333333,0.4444444444444444,0.0,1,-8.07724,0.74964571,6.3244233131,,0.4,0.5555555555555556,0,1,-6.86975,0.7367805839,6.4922423363,,0.2666666666666666,0.3333333333333333,0.0,1,-7.89133,0.6368861198,5.3962397575,,0.3333333333333333,0.3333333333333333,0,1,-7.11916,0.6047616005,6.1685791016,,0.4,0.4444444444444444,0.0,1,-7.29571,0.6029547453,5.6096453667,,0.2,0.3333333333333333,0.0,1,-7.33581,0.5927702188,6.0971889496,,0.3333333333333333,0.4444444444444444,0.0,1,-7.43564,0.5834534764,6.140935421,,0.3333333333333333,0.4444444444444444,0,1,-6.90547,0.5411430597,6.1350693703,,0.2,0.3333333333333333,0.0,1,10
ZINC000000190266,-6.89956,0.8057504296,7.2235774994,,0.0666666666666666,0.1111111111111111,0,1,-5.30039,0.5677458048,6.0347905159,,0.3333333333333333,0.4444444444444444,0.0,1,-6.43905,0.4953738153,6.1448817253,,0.4,0.4444444444444444,0,1,-5.4912,0.4322715402,4.744146347,,0.0666666666666666,0.1111111111111111,0.0,1,-5.47265,0.4177308381,5.2932629585,,0.0666666666666666,0.1111111111111111,0,1,-6.18815,0.3984823525,5.8968887329,,0.0666666666666666,0.1111111111111111,0.0,1,-5.83733,0.3239676952,5.7799224854,,0.0666666666666666,0.1111111111111111,0.0,1,-6.3275,0.3103865683,4.4493851662,,0.1333333333333333,0.2222222222222222,0.0,1,-5.72925,0.3053550422,4.4600791931,,0.0666666666666666,0.1111111111111111,0,1,-5.97375,0.2994607389,4.3170762062,,0.0666666666666666,0.1111111111111111,0.0,1,10
ZINC000000192525,-6.55541,0.7020895481,5.2261772156,,0.2,0.2222222222222222,0,1,-6.64611,0.5600662231,6.2622132301,,0.2,0.3333333333333333,0.0,1,-6.83303,0.5444233418,5.8418688774,,0.4,0.4444444444444444,0,1,-6.51756,0.5124598742,6.2112784386,,0.4,0.4444444444444444,0.0,1,-6.9834,0.4858929813,6.1767039299,,0.1333333333333333,0.2222222222222222,0,1,-6.24098,0.4026062489,5.1771292686,,0.1333333333333333,0.2222222222222222,0.0,1,-5.87773,0.3970349729,5.0984854698,,0.1333333333333333,0.2222222222222222,0.0,1,-7.02585,0.3707077503,5.1681485176,,0.0666666666666666,0.1111111111111111,0.0,1,-6.72636,0.3700761795,4.8826880455,,0.0666666666666666,0.1111111111111111,0,1,-5.95828,0.3390543759,5.0710840225,,0.4666666666666667,0.6666666666666666,0.0,1,10
ZINC000000195174,-7.01078,0.6626083851,6.3571219444,,0.6,0.7777777777777778,0,1,-7.06725,0.5045902133,5.8879561424,,0.3333333333333333,0.5555555555555556,0.0,1,-8.28167,0.4591898024,6.0216441154,,0.2,0.3333333333333333,0,1,-6.28851,0.4021820724,4.7584719658,,0.0666666666666666,0.1111111111111111,0.0,1,-7.79733,0.3955910802,5.8850312233,,0.2666666666666666,0.3333333333333333,0,1,-8.40792,0.3869080842,5.8814892769,,0.1333333333333333,0.2222222222222222,0.0,1,-6.9705,0.3854800463,4.8221783638,,0.0666666666666666,0.1111111111111111,0.0,1,-7.14104,0.3612757325,5.8740077019,,0.3333333333333333,0.5555555555555556,0.0,1,-7.35958,0.3592666388,5.8390040398,,0.4,0.4444444444444444,0,1,-7.08603,0.350776732,5.3091521263,,0.2666666666666666,0.3333333333333333,0.0,1,10
ZINC000000195342,-6.23387,0.7035112381,6.140563488,,0.2666666666666666,0.4444444444444444,0,1,-6.72429,0.6583664417,6.2479553223,,0.2666666666666666,0.4444444444444444,0.0,1,-6.46366,0.6327155828,6.1134624481,,0.4666666666666667,0.5555555555555556,0,1,-6.83726,0.6227198243,6.2270088196,,0.2,0.3333333333333333,0.0,1,-6.03646,0.5500742793,4.3234353065,,0.0,0.1111111111111111,0,1,-6.25807,0.4145300984,4.6558475494,,0.1333333333333333,0.3333333333333333,0.0,1,-6.29725,0.3851306438,4.7434010506,,0.0666666666666666,0.2222222222222222,0.0,1,-7.39595,0.3748684824,5.7947354317,,0.2,0.3333333333333333,0.0,1,-7.08102,0.3215058446,4.6406497955,,0.0,0.1111111111111111,0,1,-6.79856,0.3195497394,4.8845047951,,0.0,0.1111111111111111,0.0,1,10
ZINC000000196526,-6.60672,0.7038505673,6.2333698273,,0.4666666666666667,0.5555555555555556,0,1,-6.8719,0.639531374,6.261701107,,0.2,0.3333333333333333,0.0,1,-6.26154,0.5364341736,4.8664183617,,0.0,0.1111111111111111,0,1,-6.36888,0.5067046881,4.7379040718,,0.0666666666666666,0.1111111111111111,0.0,1,-6.09426,0.4855126739,5.3152599335,,0.0,0.1111111111111111,0,1,-5.52767,0.4839416742,4.8941307068,,0.0,0.1111111111111111,0.0,1,-5.95781,0.3806958497,4.4185147285,,0.0666666666666666,0.1111111111111111,0.0,1,-5.94607,0.372259289,4.388633728,,0.0666666666666666,0.1111111111111111,0.0,1,-6.23221,0.3510195017,4.8390374184,,0.0,0.1111111111111111,0,1,-5.73356,0.3457345963,4.3829426765,,0.0,0.0,0.0,1,10
ZINC000000196900,-7.29817,0.7332599759,6.9501223564,,0.3333333333333333,0.3333333333333333,0,1,-7.15977,0.7212924361,6.8621611595,,0.3333333333333333,0.3333333333333333,0.0,1,-7.08507,0.6969490647,6.7444787025,,0.4666666666666667,0.5555555555555556,0,1,-7.03368,0.6944226623,6.7255744934,,0.4,0.4444444444444444,0.0,1,-6.70195,0.6842273474,6.7885651588,,0.3333333333333333,0.4444444444444444,0,1,-6.71167,0.6740614772,6.7433476448,,0.3333333333333333,0.3333333333333333,0.0,1,-7.33133,0.641108036,6.2463288307,,0.4666666666666667,0.5555555555555556,0.0,1,-7.31687,0.5191414356,6.1150231361,,0.2666666666666666,0.4444444444444444,0.0,1,-6.91907,0.5023212433,5.5226192474,,0.1333333333333333,0.2222222222222222,0,1,-6.89735,0.4789318144,5.4859523773,,0.1333333333333333,0.2222222222222222,0.0,1,10
ZINC000000197052,-5.97039,0.4252093136,5.937772274,,0.5333333333333333,0.6666666666666666,0,1,-6.32172,0.396134913,4.7708363533,,0.0666666666666666,0.1111111111111111,0.0,1,-7.09495,0.3826236129,5.7568240166,,0.2,0.2222222222222222,0,1,-5.85171,0.3051956892,6.0152478218,,0.3333333333333333,0.4444444444444444,0.0,1,-6.59333,0.2990154028,5.703163147,,0.4,0.4444444444444444,0,1,-6.05225,0.266890049,5.3928017616,,0.2666666666666666,0.4444444444444444,0.0,1,-5.77631,0.2323590666,5.5289211273,,0.4,0.4444444444444444,0.0,1,-7.71816,0.2160773426,4.3839454651,,0.0666666666666666,0.2222222222222222,0.0,1,-5.95723,0.2144046277,4.9317250252,,0.1333333333333333,0.1111111111111111,0,1,-7.25308,0.2136477232,5.6749081612,,0.2,0.3333333333333333,0.0,1,10
ZINC000000198621,-6.00391,0.7120095491,4.3600687981,,0.0,0.0,0,1,-6.13039,0.7020711899,4.4368233681,,0.0,0.0,0.0,1,-6.07517,0.6965472698,4.5614051819,,0.0666666666666666,0.1111111111111111,0,1,-5.91031,0.6860405803,4.8110790253,,0.0666666666666666,0.1111111111111111,0.0,1,-6.33699,0.6720557809,4.5517992973,,0.0666666666666666,0.1111111111111111,0,1,-6.20454,0.6525532007,4.5115756989,,0.0666666666666666,0.1111111111111111,0.0,1,-6.22241,0.5218548775,4.8187584877,,0.0,0.0,0.0,1,-5.91083,0.5175718069,5.0296230316,,0.0,0.0,0.0,1,-6.30771,0.5116783381,4.6869454384,,0.0,0.0,0,1,-6.02905,0.5060971379,5.8575739861,,0.1333333333333333,0.3333333333333333,0.0,1,10
ZINC000000198777,-6.07989,0.652356863,4.8118400574,,0.0666666666666666,0.1111111111111111,0,1,-5.76695,0.6487639546,5.59532547,,0.0,0.0,0.0,1,-6.12642,0.5390003324,4.5495662689,,0.0,0.1111111111111111,0,1,-5.77843,0.4816121757,4.2640118599,,0.0,0.1111111111111111,0.0,1,-6.3741,0.4548712969,4.4922919273,,0.0,0.1111111111111111,0,1,-6.12942,0.4299070239,4.4175543785,,0.0,0.1111111111111111,0.0,1,-5.74261,0.3658775091,4.7874031067,,0.0666666666666666,0.1111111111111111,0.0,1,-6.06675,0.3458913565,5.7162265778,,0.2666666666666666,0.3333333333333333,0.0,1,-7.03484,0.3180689812,5.3891253471,,0.4,0.5555555555555556,0,1,-6.88582,0.3110417128,5.3222522736,,0.4,0.5555555555555556,0.0,1,10
ZINC000000199348,-7.09637,0.6538153291,6.3683304787,,0.2666666666666666,0.4444444444444444,0,1,-5.76784,0.5538838506,5.5447902679,,0.1333333333333333,0.2222222222222222,0.0,1,-6.01111,0.3947312236,5.9350943565,,0.2666666666666666,0.3333333333333333,0,1,-6.31039,0.3814746439,5.7376441956,,0.2666666666666666,0.4444444444444444,0.0,1,-5.4278,0.3227905631,4.7196698189,,0.0666666666666666,0.1111111111111111,0,1,-5.27358,0.3122355044,4.4613418579,,0.0666666666666666,0.1111111111111111,0.0,1,-5.27671,0.2874681652,4.6406188011,,0.0,0.1111111111111111,0.0,1,-5.35291,0.2865715623,4.3745627403,,0.0666666666666666,0.1111111111111111,0.0,1,-6.37608,0.2794896662,5.8566417694,,0.4666666666666667,0.5555555555555556,0,1,-5.42899,0.2725555897,5.6047039032,,0.2666666666666666,0.4444444444444444,0.0,1,10
ZINC000000199411,-6.13342,0.5707511306,4.4340000153,,0.0666666666666666,0.1111111111111111,0,1,-6.18583,0.5197348595,4.5821423531,,0.0,0.1111111111111111,0.0,1,-6.16926,0.4922183156,4.84506464,,0.0666666666666666,0.2222222222222222,0,1,-6.22426,0.4310171902,4.6221327782,,0.1333333333333333,0.2222222222222222,0.0,1,-6.16828,0.3847592771,4.4120268822,,0.0,0.1111111111111111,0,1,-6.17382,0.3310474157,4.0196037292,,0.0666666666666666,0.1111111111111111,0.0,1,-6.75247,0.2876600325,4.6541628838,,0.2,0.2222222222222222,0.0,1,-6.99119,0.2642410398,4.7745976448,,0.2,0.2222222222222222,0.0,1,-6.26494,0.2613504231,3.8707454205,,0.0,0.0,0,1,-5.96873,0.2558613122,4.5468297005,,0.2,0.3333333333333333,0.0,1,10
ZINC000000200485,-6.67076,0.3883637786,6.176841259,,0.1333333333333333,0.2222222222222222,0,1,-6.91969,0.3443288505,4.8241858482,,0.2666666666666666,0.3333333333333333,0.0,1,-6.60187,0.3056328595,5.9818058014,,0.2,0.3333333333333333,0,1,-6.6125,0.2992041409,6.0448937416,,0.1333333333333333,0.2222222222222222,0.0,1,-7.4318,0.2742117345,5.2003974915,,0.1333333333333333,0.2222222222222222,0,1,-5.9976,0.2608190477,4.1906580925,,0.0666666666666666,0.1111111111111111,0.0,1,-7.37284,0.2587611079,5.151491642,,0.1333333333333333,0.2222222222222222,0.0,1,-5.72355,0.2483454645,4.5502142906,,0.0666666666666666,0.1111111111111111,0.0,1,-7.09402,0.2405866534,4.8156809807,,0.0,0.1111111111111111,0,1,-7.25881,0.2385636717,5.7100849152,,0.2,0.3333333333333333,0.0,1,10
ZINC000000201565,-5.96111,0.7732996941,3.9386088848,,0.0,0.1111111111111111,0,1,-5.64688,0.6092930436,4.9222865105,,0.0,0.0,0.0,1,-5.2012,0.5564960837,3.8064031601,,0.0,0.1111111111111111,0,1,-6.15045,0.5136942863,3.7004230022,,0.2,0.2222222222222222,0.0,1,-5.60698,0.5057820678,3.6369488239,,0.0,0.1111111111111111,0,1,-5.53394,0.4996950626,3.512267828,,0.0,0.0,0.0,1,-6.3414,0.485945642,3.7223148346,,0.0,0.1111111111111111,0.0,1,-6.84873,0.4172010124,3.7943897247,,0.2,0.2222222222222222,0.0,1,-6.19384,0.4117634296,3.4432201385,,0.0,0.1111111111111111,0,1,-6.24558,0.4101290107,3.4430301189,,0.0,0.1111111111111111,0.0,1,10
ZINC000000202494,-5.82442,0.2452064604,4.0677318573,,0.0666666666666666,0.1111111111111111,0,1,-6.81879,0.2251785994,3.7448749542,,0.0666666666666666,0.2222222222222222,0.0,1,-6.13961,0.219398126,4.2420678139,,0.2,0.2222222222222222,0,1,-7.06443,0.1904563457,3.6891567707,,0.0666666666666666,0.2222222222222222,0.0,1,-6.97552,0.18540214,3.6812679768,,0.0666666666666666,0.2222222222222222,0,1,-7.43951,0.1677753478,4.8163123131,,0.2,0.3333333333333333,0.0,1,-5.73048,0.1662370563,4.5645661354,,0.0666666666666666,0.1111111111111111,0.0,1,-7.18324,0.1654637903,3.579616785,,0.3333333333333333,0.4444444444444444,0.0,1,-6.98222,0.1615796983,4.4191508293,,0.0666666666666666,0.1111111111111111,0,1,-7.10394,0.1590920538,3.7214953899,,0.0666666666666666,0.2222222222222222,0.0,1,10
ZINC000000202814,-6.69349,0.4124742746,5.5024867058,,0.2666666666666666,0.3333333333333333,0,1,-6.82335,0.3680618405,5.7515015602,,0.2,0.2222222222222222,0.0,1,-6.98804,0.3664851785,5.347386837,,0.2666666666666666,0.4444444444444444,0,1,-6.08318,0.365876615,5.2301421165,,0.1333333333333333,0.2222222222222222,0.0,1,-6.14235,0.3481608033,5.4514250755,,0.0666666666666666,0.1111111111111111,0,1,-5.86394,0.3397249281,5.1764807701,,0.1333333333333333,0.2222222222222222,0.0,1,-6.57719,0.3156437278,5.2800707817,,0.2,0.2222222222222222,0.0,1,-7.04821,0.3102994561,5.4774451256,,0.1333333333333333,0.2222222222222222,0.0,1,-6.94466,0.2939649522,5.0633826256,,0.2,0.2222222222222222,0,1,-7.32142,0.2845997512,5.2968029976,,0.2666666666666666,0.3333333333333333,0.0,1,10
ZINC000000203253,-7.19496,0.8656945229,6.2773756981,,0.4666666666666667,0.5555555555555556,0,1,-7.02001,0.8327600956,6.2766890526,,0.3333333333333333,0.5555555555555556,0.0,1,-7.70319,0.784327209,6.1106200218,,0.0666666666666666,0.1111111111111111,0,1,-6.72967,0.6929885149,5.7430939674,,0.2,0.3333333333333333,0.0,1,-7.00881,0.6768040657,6.0609169006,,0.6,0.7777777777777778,0,1,-7.87872,0.6672308445,5.745903492,,0.1333333333333333,0.2222222222222222,0.0,1,-7.59275,0.6506883502,5.6693291664,,0.3333333333333333,0.5555555555555556,0.0,1,-7.08032,0.5967184901,5.8854808807,,0.4,0.4444444444444444,0.0,1,-6.79896,0.5416304469,6.2753009796,,0.4,0.5555555555555556,0,1,-8.2024,0.4028272927,5.2711195946,,0.0666666666666666,0.1111111111111111,0.0,1,10
ZINC000000203634,-6.29954,0.5914382339,4.3755316734,,0.0666666666666666,0.1111111111111111,0,1,-7.7988,0.2500231564,5.498061657,,0.4,0.5555555555555556,0.0,1,-6.69851,0.2498655915,4.1991481781,,0.0,0.0,0,1,-7.06608,0.2163971514,4.4306702614,,0.0,0.1111111111111111,0.0,1,-6.85502,0.17749542,3.9818372726,,0.2,0.3333333333333333,0,1,-6.76049,0.1765476316,3.9535896778,,0.0,0.0,0.0,1,-5.8244,0.16773808,3.9612541199,,0.0,0.0,0.0,1,-5.95836,0.1670680046,3.7540359497,,0.0,0.1111111111111111,0.0,1,-7.11386,0.1648668349,3.9326295853,,0.0,0.0,0,1,-5.91627,0.1638800055,3.7157738209,,0.0,0.1111111111111111,0.0,1,10
ZINC000000203671,-6.94088,0.599866569,6.0085678101,,0.4,0.4444444444444444,0,1,-7.21968,0.4524244964,5.6344389915,,0.3333333333333333,0.3333333333333333,0.0,1,-5.69594,0.4257216156,4.3863334656,,0.0,0.1111111111111111,0,1,-5.9687,0.4158729911,4.3475661278,,0.0,0.1111111111111111,0.0,1,-6.73312,0.3092371821,4.7654438019,,0.0,0.1111111111111111,0,1,-6.73169,0.2905270755,5.4516944885,,0.4,0.5555555555555556,0.0,1,-5.87745,0.2632578015,4.4903798103,,0.0,0.1111111111111111,0.0,1,-6.67124,0.2618429959,4.9836468697,,0.1333333333333333,0.2222222222222222,0.0,1,-5.6726,0.2465153337,4.1297125816,,0.0,0.1111111111111111,0,1,-5.62629,0.2419275641,4.4419994354,,0.0666666666666666,0.1111111111111111,0.0,1,10
ZINC000000203736,-7.34289,0.6747179627,6.0804386139,,0.4,0.4444444444444444,0,1,-7.48783,0.5190947652,5.900188446,,0.4,0.5555555555555556,0.0,1,-7.31363,0.4776389599,5.7074484825,,0.3333333333333333,0.5555555555555556,0,1,-7.03229,0.4027901292,4.7565178871,,0.0666666666666666,0.1111111111111111,0.0,1,-8.25293,0.3959065974,6.2023320198,,0.3333333333333333,0.3333333333333333,0,1,-7.15094,0.3643576801,5.7328038216,,0.1333333333333333,0.2222222222222222,0.0,1,-8.0111,0.3538938463,5.8651447296,,0.2666666666666666,0.3333333333333333,0.0,1,-7.85313,0.3398258686,6.0845088959,,0.4,0.5555555555555556,0.0,1,-7.32655,0.3352946341,5.9028587341,,0.4,0.5555555555555556,0,1,-6.92809,0.3018769026,5.8861460686,,0.2,0.2222222222222222,0.0,1,10
ZINC000000203818,-7.44839,0.7929791212,6.5800070763,,0.1333333333333333,0.2222222222222222,0,1,-7.98137,0.6739287376,5.6591525078,,0.1333333333333333,0.2222222222222222,0.0,1,-7.8081,0.6609254479,6.5536823273,,0.3333333333333333,0.4444444444444444,0,1,-6.63643,0.6111718416,5.8085727692,,0.1333333333333333,0.2222222222222222,0.0,1,-8.07318,0.6041194201,6.1505484581,,0.2,0.3333333333333333,0,1,-6.98672,0.5437754989,5.9868597984,,0.2,0.3333333333333333,0.0,1,-7.65341,0.4953074753,6.2543740273,,0.3333333333333333,0.4444444444444444,0.0,1,-7.35459,0.4267870188,5.3220815659,,0.1333333333333333,0.2222222222222222,0.0,1,-7.64205,0.3837252259,5.0444045067,,0.0666666666666666,0.2222222222222222,0,1,-6.91474,0.3805896044,6.0222840309,,0.4,0.4444444444444444,0.0,1,10
ZINC000000206443,-7.01661,0.9574698806,5.8980979919,,0.4666666666666667,0.6666666666666666,0,1,-6.67766,0.9003874063,5.424654007,,0.5333333333333333,0.7777777777777778,0.0,1,-6.93143,0.8010485768,6.2505822182,,0.4,0.4444444444444444,0,1,-7.30933,0.7630634308,5.4290547371,,0.4,0.5555555555555556,0.0,1,-6.38345,0.6614357829,5.4540762901,,0.2666666666666666,0.3333333333333333,0,1,-6.59304,0.5288903713,4.6322360039,,0.1333333333333333,0.2222222222222222,0.0,1,-5.94894,0.4896575809,5.5360741615,,0.5333333333333333,0.6666666666666666,0.0,1,-7.15615,0.3975138366,4.6716046333,,0.2666666666666666,0.4444444444444444,0.0,1,-6.33582,0.3805550933,4.1172089577,,0.1333333333333333,0.3333333333333333,0,1,-6.11476,0.3433284163,4.4779353142,,0.0,0.1111111111111111,0.0,1,10
ZINC000000206561,-6.05892,0.4474318624,5.6308255196,,0.1333333333333333,0.2222222222222222,0,1,-5.72634,0.3966488838,5.8940258026,,0.0666666666666666,0.2222222222222222,0.0,1,-5.95478,0.3681662083,5.8682656288,,0.0,0.1111111111111111,0,1,-6.65963,0.3369423449,6.1023578644,,0.0,0.1111111111111111,0.0,1,-6.46035,0.212119773,4.9855098724,,0.0,0.1111111111111111,0,1,-5.95932,0.199123323,4.9919052124,,0.0666666666666666,0.1111111111111111,0.0,1,-6.06427,0.1988489181,4.981844902,,0.0,0.1111111111111111,0.0,1,-6.07754,0.1856610477,5.1231837273,,0.0666666666666666,0.1111111111111111,0.0,1,-5.79772,0.1844719946,4.9531359673,,0.0,0.1111111111111111,0,1,-5.8109,0.1805220097,4.9545416832,,0.0,0.1111111111111111,0.0,1,10
ZINC000000207078,-7.41103,0.7774226069,5.9432778358,,0.0666666666666666,0.2222222222222222,0,1,-7.04723,0.7622249126,6.0194244385,,0.0,0.1111111111111111,0.0,1,-6.78472,0.6822568178,5.7104563713,,0.0,0.1111111111111111,0,1,-7.1509,0.6572841406,5.8252906799,,0.0666666666666666,0.1111111111111111,0.0,1,-7.75056,0.648136735,5.5696377754,,0.0666666666666666,0.1111111111111111,0,1,-6.97286,0.626649797,5.3689255714,,0.0,0.1111111111111111,0.0,1,-7.73945,0.557231307,5.6441082954,,0.0,0.1111111111111111,0.0,1,-7.05639,0.4531975985,5.0118031502,,0.0,0.1111111111111111,0.0,1,-6.82587,0.4164798558,5.2365632057,,0.0,0.1111111111111111,0,1,-7.21105,0.3929230571,6.4384284019,,0.3333333333333333,0.4444444444444444,0.0,1,10
ZINC000000207624,-4.8978,0.691577673,4.4512925148,,0.0,0.1111111111111111,0,1,-4.84266,0.654957056,4.2113089561,,0.0,0.1111111111111111,0.0,1,-5.87936,0.6288084984,5.1379656792,,0.2,0.3333333333333333,0,1,-5.28758,0.6166384816,4.752717495,,0.0,0.1111111111111111,0.0,1,-5.50872,0.4601949155,3.8205173016,,0.0666666666666666,0.1111111111111111,0,1,-4.88235,0.4361838996,3.8774764538,,0.0666666666666666,0.2222222222222222,0.0,1,-6.26088,0.4300228059,5.1971721649,,0.4,0.4444444444444444,0.0,1,-5.05976,0.4291107953,5.5077242851,,0.4666666666666667,0.5555555555555556,0.0,1,-4.94382,0.4254707992,3.64965415,,0.0,0.1111111111111111,0,1,-5.46206,0.4222435951,3.793214798,,0.0666666666666666,0.1111111111111111,0.0,1,10
ZINC000000207675,-7.88001,0.608576715,6.0273265839,,0.2,0.3333333333333333,0,1,-6.30742,0.4782381952,6.5116848946,,0.4,0.4444444444444444,0.0,1,-6.06446,0.4572459459,4.2903404236,,0.0666666666666666,0.2222222222222222,0,1,-8.29813,0.4367828071,5.6971173286,,0.2,0.4444444444444444,0.0,1,-6.18824,0.4235025048,4.7190508842,,0.1333333333333333,0.2222222222222222,0,1,-6.21063,0.4181931913,6.0483779907,,0.2666666666666666,0.2222222222222222,0.0,1,-8.39648,0.413543433,5.5387840271,,0.2,0.2222222222222222,0.0,1,-8.17852,0.3463070393,4.9507827759,,0.2666666666666666,0.2222222222222222,0.0,1,-6.37524,0.3245948553,5.7227549553,,0.2,0.3333333333333333,0,1,-6.25058,0.3180437088,5.8448433876,,0.2666666666666666,0.3333333333333333,0.0,1,10
ZINC000000207733,-5.81941,0.6178646684,4.5091080666,,0.0666666666666666,0.1111111111111111,0,1,-6.40992,0.4545527995,3.8218307495,,0.0,0.0,0.0,1,-5.99615,0.44705531,4.3367257118,,0.0666666666666666,0.1111111111111111,0,1,-5.96719,0.4404463768,3.814753294,,0.0,0.0,0.0,1,-6.01846,0.4368220866,5.2430377007,,0.0666666666666666,0.1111111111111111,0,1,-6.0891,0.419175595,3.9713771343,,0.0,0.0,0.0,1,-5.93669,0.3964324296,4.0374388695,,0.0,0.0,0.0,1,-6.207,0.3912500143,3.7112114429,,0.0,0.0,0.0,1,-5.73059,0.3878401816,4.0316329002,,0.0,0.0,0,1,-6.9984,0.3771781623,4.2783031464,,0.0666666666666666,0.1111111111111111,0.0,1,10
ZINC000000209318,-5.81992,0.8726210594,4.7965545654,,0.0666666666666666,0.1111111111111111,0,1,-4.97639,0.7704846263,3.7086994648,,0.0,0.1111111111111111,0.0,1,-4.78764,0.7485671639,4.7146201134,,0.2,0.3333333333333333,0,1,-5.42026,0.6704670191,4.1009349823,,0.0,0.1111111111111111,0.0,1,-4.90151,0.5970790982,4.3851833344,,0.0666666666666666,0.1111111111111111,0,1,-5.21822,0.4681069851,5.0065674782,,0.4,0.4444444444444444,0.0,1,-5.1529,0.4495739639,3.9125621319,,0.2,0.2222222222222222,0.0,1,-5.88942,0.4018546939,5.2222619057,,0.2666666666666666,0.4444444444444444,0.0,1,-4.88217,0.3887600899,4.0823130608,,0.0,0.1111111111111111,0,1,-6.01527,0.383364588,4.5988678932,,0.1333333333333333,0.2222222222222222,0.0,1,10
ZINC000000209856,-6.08668,0.8299469352,6.7288908958,,0.4666666666666667,0.6666666666666666,0,1,-5.29765,0.6606744528,6.195538044,,0.4666666666666667,0.7777777777777778,0.0,1,-5.15963,0.6317741275,5.4871101379,,0.0,0.0,0,1,-5.83261,0.5711473227,6.2691483498,,0.4666666666666667,0.6666666666666666,0.0,1,-5.71443,0.5401058793,5.2821784019,,0.4,0.4444444444444444,0,1,-5.14583,0.4632278681,4.0499210358,,0.2,0.2222222222222222,0.0,1,-6.09027,0.411229223,4.6871113777,,0.2666666666666666,0.3333333333333333,0.0,1,-5.262,0.3950235248,4.6473822594,,0.0666666666666666,0.1111111111111111,0.0,1,-5.62271,0.3268665373,4.5053477287,,0.0,0.1111111111111111,0,1,-5.55449,0.3060584068,3.9773852825,,0.0666666666666666,0.1111111111111111,0.0,1,10
ZINC000000210057,-5.91075,0.7758251429,5.684709549,,0.4,0.5555555555555556,0,1,-6.55708,0.77211833,5.8129076958,,0.2666666666666666,0.3333333333333333,0.0,1,-6.66329,0.7152232528,5.6295151711,,0.2,0.3333333333333333,0,1,-5.53198,0.6467990875,5.4252114296,,0.0666666666666666,0.1111111111111111,0.0,1,-5.70617,0.4743508697,4.9138455391,,0.2666666666666666,0.4444444444444444,0,1,-4.85847,0.4661364257,4.6911354065,,0.0,0.0,0.0,1,-6.46799,0.4592523277,5.4914150238,,0.2,0.3333333333333333,0.0,1,-5.85197,0.4581448138,5.0893955231,,0.2666666666666666,0.4444444444444444,0.0,1,-4.91911,0.4455001354,4.8059744835,,0.1333333333333333,0.2222222222222222,0,1,-5.77068,0.4436287582,5.3784708977,,0.3333333333333333,0.5555555555555556,0.0,1,10
ZINC000000211066,-7.83111,0.8574754,6.4928512573,,0.2666666666666666,0.4444444444444444,0,1,-8.08196,0.8218479156,6.5317406654,,0.2666666666666666,0.3333333333333333,0.0,1,-8.08391,0.7941898108,6.4831461906,,0.3333333333333333,0.4444444444444444,0,1,-7.67233,0.7779119611,6.007174015,,0.2666666666666666,0.4444444444444444,0.0,1,-7.82209,0.7773528695,6.4286952019,,0.4666666666666667,0.5555555555555556,0,1,-7.73107,0.7009647489,6.3450503349,,0.4,0.5555555555555556,0.0,1,-8.55901,0.4670122564,5.6453838348,,0.3333333333333333,0.5555555555555556,0.0,1,-9.00575,0.3045928776,5.4574151039,,0.2,0.2222222222222222,0.0,1,-7.5506,0.2903236151,5.1062512398,,0.2666666666666666,0.4444444444444444,0,1,-6.94548,0.2565390468,4.5034508705,,0.0,0.1111111111111111,0.0,1,10
ZINC000000211785,-6.911,0.7340248227,6.4361343384,,0.4666666666666667,0.6666666666666666,0,1,-6.1595,0.4788386822,6.2776589394,,0.1333333333333333,0.2222222222222222,0.0,1,-5.86465,0.4653808475,6.0702118874,,0.1333333333333333,0.2222222222222222,0,1,-5.74775,0.3646409214,5.8709449768,,0.2666666666666666,0.3333333333333333,0.0,1,-6.08867,0.3530749679,5.6208100319,,0.1333333333333333,0.3333333333333333,0,1,-6.16476,0.3411116004,5.9708442688,,0.1333333333333333,0.2222222222222222,0.0,1,-6.38744,0.3342021108,5.2169055939,,0.1333333333333333,0.2222222222222222,0.0,1,-6.09329,0.3334334791,5.5893096924,,0.0666666666666666,0.1111111111111111,0.0,1,-6.11968,0.3312539458,5.4348320961,,0.1333333333333333,0.3333333333333333,0,1,-6.55783,0.3305789828,5.84674263,,0.3333333333333333,0.4444444444444444,0.0,1,10
ZINC000000212359,-8.55983,0.7576985359,6.6895136833,,0.1333333333333333,0.2222222222222222,0,1,-7.61633,0.7218746543,6.795404911,,0.2666666666666666,0.3333333333333333,0.0,1,-8.14463,0.7183220983,6.9150729179,,0.2,0.4444444444444444,0,1,-7.96033,0.6833328605,6.6542434692,,0.4666666666666667,0.6666666666666666,0.0,1,-7.64232,0.6598100066,6.5713062286,,0.2,0.2222222222222222,0,1,-6.78215,0.5390295386,5.0529913902,,0.0,0.0,0.0,1,-6.22216,0.4704850316,4.9375967979,,0.0666666666666666,0.1111111111111111,0.0,1,-7.66514,0.367836833,5.2247543335,,0.0666666666666666,0.2222222222222222,0.0,1,-6.58958,0.3045099676,5.373998642,,0.0,0.1111111111111111,0,1,-7.36506,0.3016240597,5.6327652931,,0.1333333333333333,0.2222222222222222,0.0,1,10
ZINC000000212548,-8.72288,0.3505907059,6.2052531242,,0.2666666666666666,0.4444444444444444,0,1,-8.70726,0.2771676183,6.0637836456,,0.2666666666666666,0.4444444444444444,0.0,1,-7.59258,0.2682798505,5.8405327797,,0.2,0.3333333333333333,0,1,-8.57805,0.2588300705,5.7858576775,,0.2666666666666666,0.4444444444444444,0.0,1,-8.70775,0.2514841557,5.6114087105,,0.2,0.3333333333333333,0,1,-8.10282,0.2064528763,5.4670138359,,0.2,0.3333333333333333,0.0,1,-6.76738,0.2059607506,4.3929824829,,0.1333333333333333,0.3333333333333333,0.0,1,-8.28101,0.2014637142,4.9657306671,,0.1333333333333333,0.2222222222222222,0.0,1,-7.03629,0.196795553,4.6498379707,,0.2,0.2222222222222222,0,1,-7.21153,0.1848095208,3.5772955418,,0.1333333333333333,0.2222222222222222,0.0,1,10
ZINC000000213857,-5.94988,0.7105138898,6.434797287,,0.4,0.5555555555555556,0,1,-6.40798,0.445182234,5.5327701569,,0.2666666666666666,0.3333333333333333,0.0,1,-5.98102,0.3284186721,5.3584551811,,0.2666666666666666,0.3333333333333333,0,1,-6.54692,0.2976288199,5.0550436974,,0.0666666666666666,0.1111111111111111,0.0,1,-5.94267,0.2928845882,5.2637400627,,0.3333333333333333,0.4444444444444444,0,1,-6.96103,0.2802896798,4.9760918617,,0.0,0.1111111111111111,0.0,1,-6.93846,0.2802570462,4.6908535957,,0.0666666666666666,0.2222222222222222,0.0,1,-5.99191,0.2754779458,5.6110744476,,0.4666666666666667,0.5555555555555556,0.0,1,-6.94868,0.2728531659,4.8203864098,,0.0666666666666666,0.2222222222222222,0,1,-6.27495,0.270557791,4.0962748528,,0.0666666666666666,0.2222222222222222,0.0,1,10
ZINC000000213999,-8.90464,0.5521074533,6.3866539001,,0.4666666666666667,0.4444444444444444,0,1,-7.70625,0.5382637382,6.4920973778,,0.4666666666666667,0.5555555555555556,0.0,1,-8.0989,0.4985547662,6.3937926292,,0.5333333333333333,0.5555555555555556,0,1,-8.98147,0.4885824919,6.5309729576,,0.2666666666666666,0.3333333333333333,0.0,1,-8.70006,0.4467312992,6.2785010338,,0.5333333333333333,0.5555555555555556,0,1,-7.86593,0.3972140849,6.2614150047,,0.4666666666666667,0.6666666666666666,0.0,1,-8.18763,0.3893379569,6.3695311546,,0.2,0.3333333333333333,0.0,1,-7.85034,0.3783890009,6.2656955719,,0.4,0.4444444444444444,0.0,1,-7.73544,0.3649961352,5.5619750023,,0.0666666666666666,0.1111111111111111,0,1,-8.41013,0.3597640991,6.1304736137,,0.2,0.3333333333333333,0.0,1,10
ZINC000000214159,-6.32733,0.8788565993,6.4462356567,,0.5333333333333333,0.7777777777777778,0,1,-5.72152,0.824909389,5.4660897255,,0.0,0.1111111111111111,0.0,1,-6.38591,0.7875364423,6.5460972786,,0.5333333333333333,0.7777777777777778,0,1,-5.53231,0.6721849442,5.0934472084,,0.0666666666666666,0.2222222222222222,0.0,1,-5.39511,0.6355063319,5.3422188759,,0.1333333333333333,0.2222222222222222,0,1,-5.90789,0.529751718,4.7290234566,,0.0,0.1111111111111111,0.0,1,-5.94128,0.4986052215,5.2907752991,,0.2666666666666666,0.4444444444444444,0.0,1,-6.23149,0.4060876667,4.684114933,,0.1333333333333333,0.2222222222222222,0.0,1,-6.03445,0.3886395991,4.7721877098,,0.0,0.1111111111111111,0,1,-5.65251,0.3857914805,5.1390728951,,0.4666666666666667,0.5555555555555556,0.0,1,10
ZINC000000214827,-5.65522,0.4383497834,4.7467622757,,0.1333333333333333,0.2222222222222222,0,1,-8.19599,0.4098204672,4.3335857391,,0.2666666666666666,0.3333333333333333,0.0,1,-8.20312,0.3960191309,4.3584728241,,0.2666666666666666,0.3333333333333333,0,1,-6.45306,0.3814360201,4.7880063057,,0.3333333333333333,0.5555555555555556,0.0,1,-6.4318,0.3612793684,5.9599251747,,0.3333333333333333,0.3333333333333333,0,1,-7.54861,0.3086417913,4.1762914658,,0.0666666666666666,0.1111111111111111,0.0,1,-6.39832,0.3008048832,3.5794727802,,0.0,0.1111111111111111,0.0,1,-6.15612,0.2928737998,3.9266059399,,0.0666666666666666,0.2222222222222222,0.0,1,-6.2065,0.2884599864,3.637159586,,0.1333333333333333,0.2222222222222222,0,1,-5.98477,0.2867073119,4.6098923683,,0.2666666666666666,0.3333333333333333,0.0,1,10
ZINC000000215347,-7.25246,0.8167816401,7.1050796509,,0.4,0.4444444444444444,0,1,-7.16861,0.7970237732,7.0580582619,,0.4,0.4444444444444444,0.0,1,-6.27953,0.6523600817,6.3857250214,,0.2,0.2222222222222222,0,1,-6.51086,0.5004020929,6.7106380463,,0.4666666666666667,0.4444444444444444,0.0,1,-6.66024,0.4949873984,6.5610384941,,0.4666666666666667,0.6666666666666666,0,1,-6.77416,0.4948844314,6.4625663757,,0.0666666666666666,0.1111111111111111,0.0,1,-6.43803,0.3764278889,6.2145047188,,0.4,0.4444444444444444,0.0,1,-6.25201,0.3719135523,6.1973900795,,0.1333333333333333,0.2222222222222222,0.0,1,-6.17528,0.3246437907,6.444038868,,0.3333333333333333,0.4444444444444444,0,1,-6.81447,0.274453342,5.9005789757,,0.3333333333333333,0.3333333333333333,0.0,1,10
ZINC000000215981,-6.57778,0.7034606338,4.8128609657,,0.0666666666666666,0.1111111111111111,0,1,-6.26256,0.6553047895,4.4664139748,,0.0,0.1111111111111111,0.0,1,-6.73506,0.5358744264,4.739303112,,0.0666666666666666,0.1111111111111111,0,1,-6.41507,0.5070679188,4.5448536873,,0.0,0.1111111111111111,0.0,1,-6.25429,0.4605190158,6.2518424988,,0.2666666666666666,0.4444444444444444,0,1,-6.72095,0.4355877936,4.5030522346,,0.0,0.1111111111111111,0.0,1,-5.98798,0.398502171,4.4167771339,,0.0666666666666666,0.1111111111111111,0.0,1,-6.6133,0.3760793805,5.7707118988,,0.3333333333333333,0.4444444444444444,0.0,1,-6.66193,0.3105431795,5.9008102417,,0.4,0.5555555555555556,0,1,-6.08905,0.3017150164,4.6467328072,,0.2,0.2222222222222222,0.0,1,10
ZINC000000217453,-5.16728,0.7754935622,4.5581383705,,0.0,0.1111111111111111,0,1,-7.10713,0.7376189828,5.4950203896,,0.4,0.4444444444444444,0.0,1,-5.10636,0.7298097014,4.5282011032,,0.0666666666666666,0.1111111111111111,0,1,-5.32709,0.6750532389,4.4849686623,,0.0,0.1111111111111111,0.0,1,-5.62198,0.6387353539,5.5893530846,,0.3333333333333333,0.3333333333333333,0,1,-6.23469,0.5744189024,5.6223011017,,0.3333333333333333,0.3333333333333333,0.0,1,-5.39398,0.4832035899,4.889837265,,0.0666666666666666,0.1111111111111111,0.0,1,-5.75636,0.4650873244,5.6339173317,,0.5333333333333333,0.5555555555555556,0.0,1,-6.83196,0.4617980123,5.5887870789,,0.4,0.3333333333333333,0,1,-6.25021,0.4603359699,6.0513501167,,0.1333333333333333,0.2222222222222222,0.0,1,10
ZINC000000217641,-7.00914,0.4569453001,6.3597302437,,0.3333333333333333,0.4444444444444444,0,1,-6.23453,0.4358706176,5.7389082909,,0.0,0.0,0.0,1,-6.59286,0.3889834881,6.0507683754,,0.2666666666666666,0.3333333333333333,0,1,-6.80222,0.3357625902,5.447183609,,0.3333333333333333,0.4444444444444444,0.0,1,-6.33952,0.3158191442,4.5219893456,,0.2,0.2222222222222222,0,1,-7.49772,0.3076361716,5.7201228142,,0.2666666666666666,0.3333333333333333,0.0,1,-7.62929,0.3024823964,6.2065224648,,0.2,0.3333333333333333,0.0,1,-7.44571,0.2911171019,6.2806987762,,0.2,0.3333333333333333,0.0,1,-7.99391,0.2899690568,5.7819976807,,0.1333333333333333,0.2222222222222222,0,1,-7.99858,0.2840888202,5.7345123291,,0.1333333333333333,0.2222222222222222,0.0,1,10
ZINC000000217727,-6.47047,0.6606564522,4.5696315765,,0.2,0.3333333333333333,0,1,-6.86924,0.5972748995,6.1691799164,,0.4666666666666667,0.6666666666666666,0.0,1,-6.26465,0.5848582387,5.4507994652,,0.2666666666666666,0.4444444444444444,0,1,-6.80139,0.5805686712,4.6139807701,,0.1333333333333333,0.2222222222222222,0.0,1,-5.61912,0.5640284419,4.575633049,,0.0,0.0,0,1,-5.99781,0.5504709482,4.3728556633,,0.2,0.3333333333333333,0.0,1,-6.35557,0.5336692929,5.2523388863,,0.0666666666666666,0.1111111111111111,0.0,1,-5.6475,0.5281878114,4.7892513275,,0.0666666666666666,0.1111111111111111,0.0,1,-6.50079,0.5072563887,4.9684271812,,0.1333333333333333,0.2222222222222222,0,1,-6.24055,0.5014389753,4.6464037895,,0.0666666666666666,0.2222222222222222,0.0,1,10
ZINC000000217849,-6.04804,0.61654073,3.53120327,,0.0,0.1111111111111111,0,1,-5.91186,0.610122025,4.0723152161,,0.0,0.1111111111111111,0.0,1,-6.1988,0.5941188335,5.3360877037,,0.2666666666666666,0.3333333333333333,0,1,-5.87034,0.565549612,3.6313686371,,0.0,0.1111111111111111,0.0,1,-5.24977,0.5583620071,5.1279873848,,0.0666666666666666,0.1111111111111111,0,1,-5.6298,0.5534595251,3.8067522049,,0.0,0.1111111111111111,0.0,1,-5.68827,0.5454768538,3.6462574005,,0.0,0.1111111111111111,0.0,1,-5.13488,0.4992705882,3.4732525349,,0.0,0.1111111111111111,0.0,1,-5.77904,0.4716191888,3.7457790375,,0.0,0.1111111111111111,0,1,-6.86702,0.4646809697,3.7296302319,,0.2,0.2222222222222222,0.0,1,10
ZINC000000218161,-6.77111,0.6184973717,6.3138008118,,0.2,0.3333333333333333,0,1,-6.99106,0.5078160763,6.2031579018,,0.2666666666666666,0.4444444444444444,0.0,1,-5.7127,0.385577023,5.6942849159,,0.4,0.5555555555555556,0,1,-5.95717,0.2963517904,5.5179004669,,0.2666666666666666,0.5555555555555556,0.0,1,-5.36638,0.2581158578,4.2128734589,,0.2,0.2222222222222222,0,1,-5.79688,0.2519429326,4.3054852486,,0.2,0.2222222222222222,0.0,1,-6.34709,0.2499190867,5.3704104424,,0.0666666666666666,0.1111111111111111,0.0,1,-5.89878,0.21838516,4.5841975212,,0.3333333333333333,0.5555555555555556,0.0,1,-5.95887,0.2166923434,4.295320034,,0.2,0.3333333333333333,0,1,-6.11244,0.2162351459,5.1841540337,,0.0666666666666666,0.1111111111111111,0.0,1,10
ZINC000000218512,-8.44054,0.7928208113,6.7459640503,,0.3333333333333333,0.4444444444444444,0,1,-7.1091,0.7670691013,6.6043667793,,0.3333333333333333,0.5555555555555556,0.0,1,-8.90634,0.7665510178,6.2964897156,,0.2,0.3333333333333333,0,1,-8.02577,0.7414221764,6.378721714,,0.4,0.4444444444444444,0.0,1,-7.99225,0.7273566723,6.3839907646,,0.4,0.4444444444444444,0,1,-7.65232,0.6863476038,6.5753455162,,0.2666666666666666,0.5555555555555556,0.0,1,-7.23269,0.5487849712,6.3379273415,,0.2666666666666666,0.6666666666666666,0.0,1,-7.77175,0.5364710093,6.0976586342,,0.2,0.3333333333333333,0.0,1,-7.08954,0.4665905237,6.1525192261,,0.2666666666666666,0.3333333333333333,0,1,-7.34484,0.410556823,6.2012119293,,0.2,0.3333333333333333,0.0,1,10
ZINC000000218699,-5.42662,0.5582035184,5.0470547676,,0.0666666666666666,0.1111111111111111,0,1,-5.31455,0.4728525877,4.4771766663,,0.0666666666666666,0.1111111111111111,0.0,1,-5.76542,0.427285105,4.7575335503,,0.0666666666666666,0.1111111111111111,0,1,-5.36457,0.3191472292,4.6199622154,,0.0666666666666666,0.1111111111111111,0.0,1,-5.68087,0.2814878225,4.44815588,,0.0,0.0,0,1,-5.96406,0.2586603165,4.3617081642,,0.0666666666666666,0.1111111111111111,0.0,1,-6.70908,0.2198040634,4.8410892487,,0.2666666666666666,0.3333333333333333,0.0,1,-5.75037,0.2106519043,4.2354388237,,0.1333333333333333,0.2222222222222222,0.0,1,-7.27202,0.1824427396,4.9300413132,,0.2,0.2222222222222222,0,1,-5.21465,0.1821672916,3.8635597229,,0.0,0.1111111111111111,0.0,1,10
ZINC000000219757,-7.96379,0.6712749004,5.859313488,,0.2666666666666666,0.4444444444444444,0,1,-5.96314,0.5501042008,4.6613230705,,0.0,0.0,0.0,1,-6.32189,0.485326767,5.2085762024,,0.2666666666666666,0.3333333333333333,0,1,-6.25568,0.3673297763,5.2861618996,,0.3333333333333333,0.3333333333333333,0.0,1,-6.15079,0.3583827913,3.7642087936,,0.0,0.1111111111111111,0,1,-7.28793,0.3506228924,3.9756267071,,0.0666666666666666,0.2222222222222222,0.0,1,-6.16311,0.3474345803,5.6751651764,,0.2666666666666666,0.4444444444444444,0.0,1,-7.32814,0.3351098299,4.3876738548,,0.2,0.2222222222222222,0.0,1,-6.52986,0.3344864845,3.9897239208,,0.0666666666666666,0.2222222222222222,0,1,-6.87522,0.3214724362,3.4085083008,,0.0,0.1111111111111111,0.0,1,10
ZINC000000219953,-5.44312,0.5712060332,5.0151581764,,0.0666666666666666,0.1111111111111111,0,1,-5.93538,0.508662641,4.4386096001,,0.0,0.1111111111111111,0.0,1,-6.19057,0.4716633856,5.8828811646,,0.3333333333333333,0.4444444444444444,0,1,-5.51886,0.468834877,4.2457399368,,0.1333333333333333,0.2222222222222222,0.0,1,-6.02709,0.414316237,5.7059054375,,0.4666666666666667,0.6666666666666666,0,1,-6.22348,0.3945541978,5.6466751099,,0.4,0.5555555555555556,0.0,1,-5.34046,0.3412302732,5.25770998,,0.4666666666666667,0.5555555555555556,0.0,1,-5.83968,0.3220700622,5.5251522064,,0.3333333333333333,0.4444444444444444,0.0,1,-6.19153,0.3070774674,4.7371268272,,0.1333333333333333,0.2222222222222222,0,1,-6.06651,0.2949825227,5.1660175323,,0.1333333333333333,0.2222222222222222,0.0,1,10
ZINC000000220139,-6.44613,0.8800268173,6.1046462059,,0.4666666666666667,0.4444444444444444,0,1,-8.1203,0.8510379195,6.198038578,,0.3333333333333333,0.3333333333333333,0.0,1,-7.38477,0.826643765,6.7349991798,,0.4666666666666667,0.4444444444444444,0,1,-7.26082,0.777930975,6.8659286499,,0.4,0.4444444444444444,0.0,1,-6.92754,0.7192470431,6.2008895874,,0.3333333333333333,0.3333333333333333,0,1,-6.6228,0.6213589907,6.1973481178,,0.4666666666666667,0.5555555555555556,0.0,1,-6.58561,0.6140263081,6.2638554573,,0.4666666666666667,0.5555555555555556,0.0,1,-7.57991,0.6035375595,6.4455246925,,0.4,0.4444444444444444,0.0,1,-7.05812,0.5060076714,6.033759594,,0.1333333333333333,0.2222222222222222,0,1,-6.24775,0.4775500298,6.029489994,,0.4,0.5555555555555556,0.0,1,10
ZINC000000221002,-6.66243,0.6499221921,4.7924561501,,0.2,0.2222222222222222,0,1,-7.02134,0.6296499968,4.8654079437,,0.2666666666666666,0.3333333333333333,0.0,1,-5.84071,0.6267794371,4.4954199791,,0.0,0.1111111111111111,0,1,-6.59437,0.6018611193,4.2830715179,,0.2,0.3333333333333333,0.0,1,-6.35363,0.5993801951,4.4052047729,,0.0666666666666666,0.1111111111111111,0,1,-6.39117,0.5892370939,4.2745170593,,0.2,0.3333333333333333,0.0,1,-6.61353,0.5885898471,4.4274439812,,0.2,0.3333333333333333,0.0,1,-6.53106,0.5785030127,4.7735705376,,0.0666666666666666,0.1111111111111111,0.0,1,-5.82166,0.533487916,5.6439757347,,0.5333333333333333,0.6666666666666666,0,1,-5.88279,0.5230405927,5.6258506775,,0.5333333333333333,0.5555555555555556,0.0,1,10
ZINC000000223711,-7.14699,0.8248466849,6.4466204643,,0.2666666666666666,0.4444444444444444,0,1,-7.16933,0.8037572503,6.4389209747,,0.2666666666666666,0.4444444444444444,0.0,1,-7.42314,0.797465086,6.2117996216,,0.2666666666666666,0.4444444444444444,0,1,-7.4791,0.7916452289,6.3812804222,,0.3333333333333333,0.5555555555555556,0.0,1,-6.40853,0.7391902804,6.5670619011,,0.3333333333333333,0.5555555555555556,0,1,-7.20666,0.7016759515,6.2845292091,,0.3333333333333333,0.4444444444444444,0.0,1,-6.77855,0.6436215639,6.2874541283,,0.3333333333333333,0.4444444444444444,0.0,1,-6.81736,0.6332316399,5.2428388596,,0.4,0.6666666666666666,0.0,1,-6.93923,0.5330611467,5.9097504616,,0.2,0.2222222222222222,0,1,-6.28503,0.4842174351,5.4975948334,,0.3333333333333333,0.5555555555555556,0.0,1,10
ZINC000000228297,-5.88983,0.710234046,5.4324154854,,0.2666666666666666,0.4444444444444444,0,1,-6.68098,0.6101585031,4.1165099144,,0.0666666666666666,0.2222222222222222,0.0,1,-6.45833,0.6068967581,4.3858733177,,0.0666666666666666,0.2222222222222222,0,1,-6.65534,0.5902368426,4.0808787346,,0.0666666666666666,0.2222222222222222,0.0,1,-6.63832,0.5572657585,4.5838470459,,0.0666666666666666,0.1111111111111111,0,1,-6.06094,0.4980334044,3.8540306091,,0.0666666666666666,0.1111111111111111,0.0,1,-6.26789,0.4887835085,4.4903626442,,0.0,0.1111111111111111,0.0,1,-6.33816,0.476978749,4.285112381,,0.0,0.1111111111111111,0.0,1,-6.80847,0.4547469616,4.5099453926,,0.1333333333333333,0.2222222222222222,0,1,-6.87299,0.4357551038,4.0003829002,,0.0666666666666666,0.1111111111111111,0.0,1,10
ZINC000000229162,-5.56238,0.3823154569,4.4814391136,,0.0666666666666666,0.1111111111111111,0,1,-6.06984,0.3348505497,5.8305926323,,0.3333333333333333,0.5555555555555556,0.0,1,-6.61903,0.2787951827,5.3644595146,,0.1333333333333333,0.2222222222222222,0,1,-6.60173,0.2674014568,5.4465537071,,0.1333333333333333,0.3333333333333333,0.0,1,-5.88462,0.2194059789,4.8663139343,,0.2,0.3333333333333333,0,1,-6.3544,0.2163647413,4.9797244072,,0.1333333333333333,0.2222222222222222,0.0,1,-5.74238,0.2162124515,4.7157764435,,0.1333333333333333,0.3333333333333333,0.0,1,-6.24489,0.2160848975,4.8024973869,,0.1333333333333333,0.2222222222222222,0.0,1,-6.0824,0.2158122361,4.8911976814,,0.1333333333333333,0.2222222222222222,0,1,-5.9094,0.2092800885,4.8390693665,,0.2,0.3333333333333333,0.0,1,10
ZINC000000239457,-6.576,0.5481535792,4.6844000816,,0.2666666666666666,0.3333333333333333,0,1,-7.41391,0.468175739,4.1975364685,,0.0,0.1111111111111111,0.0,1,-6.71411,0.4533009231,4.9170403481,,0.0,0.0,0,1,-6.07411,0.4496517777,4.61434412,,0.0,0.0,0.0,1,-6.62275,0.4463077784,4.7365570068,,0.0,0.1111111111111111,0,1,-7.34299,0.3730063438,4.6004700661,,0.4666666666666667,0.5555555555555556,0.0,1,-6.706,0.3691202402,4.8941755295,,0.1333333333333333,0.2222222222222222,0.0,1,-6.84466,0.3527513742,4.5448760986,,0.0666666666666666,0.1111111111111111,0.0,1,-6.70556,0.3463307619,5.0248551369,,0.4666666666666667,0.5555555555555556,0,1,-6.48369,0.3327803314,4.9825415611,,0.0666666666666666,0.1111111111111111,0.0,1,10
ZINC000000239773,-7.0101,0.8173584342,5.7683753967,,0.4,0.5555555555555556,0,1,-6.88573,0.6273323894,4.8394093513,,0.0,0.1111111111111111,0.0,1,-6.19568,0.6092333794,5.0560593605,,0.0,0.1111111111111111,0,1,-6.57209,0.5993827581,4.6930389404,,0.0,0.1111111111111111,0.0,1,-5.95046,0.5864635706,4.6088523865,,0.1333333333333333,0.2222222222222222,0,1,-6.90289,0.548582077,4.9120254517,,0.1333333333333333,0.2222222222222222,0.0,1,-6.72615,0.5461617112,5.0019493103,,0.2666666666666666,0.3333333333333333,0.0,1,-7.06438,0.5368742943,4.5396008492,,0.0,0.1111111111111111,0.0,1,-6.23244,0.4942206442,4.7138781548,,0.0,0.1111111111111111,0,1,-7.24304,0.4533247948,5.834420681,,0.6666666666666666,0.7777777777777778,0.0,1,10
ZINC000000240305,-8.13414,0.9141992927,6.5248541832,,0.2666666666666666,0.4444444444444444,0,1,-7.69436,0.6421800852,6.2649712563,,0.2,0.4444444444444444,0.0,1,-6.33124,0.5807699561,5.4742064476,,0.3333333333333333,0.4444444444444444,0,1,-7.19389,0.5296233296,5.4402356148,,0.2666666666666666,0.4444444444444444,0.0,1,-7.89201,0.5090197325,4.8276877403,,0.2,0.3333333333333333,0,1,-7.54677,0.4705967605,5.4249038696,,0.2666666666666666,0.4444444444444444,0.0,1,-6.2659,0.4022980332,4.4269638062,,0.3333333333333333,0.4444444444444444,0.0,1,-6.31713,0.3665545583,4.0391635895,,0.0,0.1111111111111111,0.0,1,-6.84191,0.3379797041,5.5589184761,,0.2,0.3333333333333333,0,1,-6.41431,0.3308193386,4.2177519798,,0.0,0.1111111111111111,0.0,1,10
ZINC000000240874,-7.20577,0.6493632793,6.6510410309,,0.4666666666666667,0.4444444444444444,0,1,-7.45291,0.5108346343,6.2102398872,,0.4,0.3333333333333333,0.0,1,-7.8481,0.5018475652,6.3865380287,,0.4666666666666667,0.4444444444444444,0,1,-7.29921,0.4498139024,6.1848754883,,0.3333333333333333,0.4444444444444444,0.0,1,-6.46533,0.3948802352,5.721622467,,0.0666666666666666,0.1111111111111111,0,1,-7.06733,0.3806290627,5.7334389687,,0.0666666666666666,0.1111111111111111,0.0,1,-6.62413,0.3541273177,6.0336680412,,0.2,0.3333333333333333,0.0,1,-7.90013,0.304005146,5.9336009026,,0.4666666666666667,0.4444444444444444,0.0,1,-6.59576,0.2725374103,5.5940437317,,0.0,0.1111111111111111,0,1,-6.32168,0.2513846755,5.0778622627,,0.1333333333333333,0.2222222222222222,0.0,1,10
ZINC000000241422,-8.28656,0.6901959181,6.705678463,,0.4,0.4444444444444444,0,1,-8.39127,0.4469568729,6.4333558083,,0.5333333333333333,0.5555555555555556,0.0,1,-6.93967,0.3639193475,5.6395988464,,0.4666666666666667,0.6666666666666666,0,1,-7.4959,0.3636140823,6.2591166496,,0.4666666666666667,0.5555555555555556,0.0,1,-7.83369,0.3270890713,5.953918457,,0.2,0.3333333333333333,0,1,-7.08891,0.3032110631,4.9177942276,,0.0,0.1111111111111111,0.0,1,-7.98835,0.2978971303,5.7069911957,,0.4,0.4444444444444444,0.0,1,-7.23845,0.2869773507,5.8123717308,,0.4,0.5555555555555556,0.0,1,-7.28026,0.2125470638,5.9161076546,,0.4,0.6666666666666666,0,1,-6.74042,0.198579371,5.8057894707,,0.4,0.4444444444444444,0.0,1,10
ZINC000000243101,-6.07545,0.3599587679,4.9091992378,,0.1333333333333333,0.2222222222222222,0,1,-5.8201,0.3435095847,4.844763279,,0.2666666666666666,0.4444444444444444,0.0,1,-5.60624,0.3165772855,4.9190516472,,0.1333333333333333,0.2222222222222222,0,1,-5.68307,0.3019606471,5.8275780678,,0.4666666666666667,0.4444444444444444,0.0,1,-5.92399,0.2924796343,4.8740582466,,0.1333333333333333,0.2222222222222222,0,1,-5.69937,0.286332339,5.5723614693,,0.3333333333333333,0.3333333333333333,0.0,1,-6.01991,0.2335592806,5.3769021034,,0.0666666666666666,0.1111111111111111,0.0,1,-5.46973,0.2194901854,4.4735779762,,0.2,0.3333333333333333,0.0,1,-5.52983,0.2180869281,4.3310704231,,0.2,0.3333333333333333,0,1,-7.08115,0.2178167105,5.1146011353,,0.2,0.3333333333333333,0.0,1,10
ZINC000000243845,-6.26419,0.466730088,4.9105248451,,0.0,0.1111111111111111,0,1,-7.14892,0.4479269683,6.419813633,,0.2666666666666666,0.4444444444444444,0.0,1,-6.17868,0.4399164915,5.3679599762,,0.0,0.1111111111111111,0,1,-6.2644,0.3662060499,5.9161586761,,0.2666666666666666,0.3333333333333333,0.0,1,-7.76892,0.3606121838,6.629172802,,0.2,0.3333333333333333,0,1,-7.38643,0.3506757319,6.3121523857,,0.4,0.5555555555555556,0.0,1,-6.24977,0.3429175317,4.9336152077,,0.0666666666666666,0.1111111111111111,0.0,1,-7.39829,0.3364617229,6.3651547432,,0.2666666666666666,0.4444444444444444,0.0,1,-7.02858,0.335270226,5.5336661339,,0.0,0.1111111111111111,0,1,-6.25282,0.3314362764,5.2101759911,,0.0666666666666666,0.1111111111111111,0.0,1,10
ZINC000000244144,-5.60703,0.5508910418,4.7781143188,,0.0,0.1111111111111111,0,1,-6.8444,0.4515390098,4.7776656151,,0.2,0.2222222222222222,0.0,1,-5.81602,0.4377095699,4.3990702629,,0.0666666666666666,0.2222222222222222,0,1,-6.25109,0.4052647352,4.3994498253,,0.0666666666666666,0.1111111111111111,0.0,1,-6.84509,0.369246006,4.7244715691,,0.4666666666666667,0.5555555555555556,0,1,-6.10897,0.3359809816,4.3566832542,,0.0,0.1111111111111111,0.0,1,-5.7401,0.3294401467,4.2450404167,,0.0666666666666666,0.1111111111111111,0.0,1,-6.27455,0.3075113893,5.1300616264,,0.2,0.2222222222222222,0.0,1,-6.36514,0.3029301465,5.2501506805,,0.2,0.2222222222222222,0,1,-5.84252,0.2892386913,4.8607802391,,0.4,0.4444444444444444,0.0,1,10
ZINC000000244261,-5.10719,0.5150871277,3.5412552357,,0.1333333333333333,0.2222222222222222,0,1,-5.61154,0.3664036095,3.8613803387,,0.0,0.0,0.0,1,-6.54567,0.2533912957,4.9792175293,,0.4666666666666667,0.5555555555555556,0,1,-5.50211,0.2451591641,3.7890713215,,0.0,0.0,0.0,1,-5.24384,0.241532743,3.6739275455,,0.1333333333333333,0.2222222222222222,0,1,-5.44503,0.2291322649,3.5863311291,,0.0666666666666666,0.2222222222222222,0.0,1,-5.75885,0.2193927914,4.4945588112,,0.3333333333333333,0.5555555555555556,0.0,1,-6.02739,0.1976786256,3.4096634388,,0.0666666666666666,0.1111111111111111,0.0,1,-5.17005,0.1969053447,3.7162876129,,0.0666666666666666,0.1111111111111111,0,1,-5.15546,0.1955474913,3.5369713306,,0.0,0.1111111111111111,0.0,1,10
ZINC000000244349,-6.36313,0.7526509762,5.7117762566,,0.2666666666666666,0.4444444444444444,0,1,-5.83585,0.7230765224,6.3988537788,,0.6,0.8888888888888888,0.0,1,-6.52282,0.5993584394,6.0628738403,,0.4,0.6666666666666666,0,1,-5.60073,0.5788282156,6.100818634,,0.4666666666666667,0.5555555555555556,0.0,1,-6.39413,0.5607649088,6.1006464958,,0.2666666666666666,0.4444444444444444,0,1,-6.55569,0.5540895462,6.229549408,,0.2666666666666666,0.4444444444444444,0.0,1,-6.08035,0.4533596933,5.995446682,,0.2666666666666666,0.4444444444444444,0.0,1,-5.85485,0.4471099973,4.5988154411,,0.0666666666666666,0.1111111111111111,0.0,1,-6.00447,0.3683519363,4.4025454521,,0.0,0.1111111111111111,0,1,-5.51619,0.3363477886,4.0716362,,0.0666666666666666,0.1111111111111111,0.0,1,10
ZINC000000245990,-4.24979,0.4174231589,4.8356533051,,0.0,0.0,0,1,-6.52545,0.4159764051,4.8765149117,,0.0,0.1111111111111111,0.0,1,-5.78856,0.4051205218,4.6399054527,,0.0666666666666666,0.2222222222222222,0,1,-6.14858,0.3928201199,4.2602686882,,0.0,0.1111111111111111,0.0,1,-5.84242,0.3679560721,4.3488030434,,0.0,0.0,0,1,-5.73974,0.3319616616,4.4060583115,,0.0666666666666666,0.1111111111111111,0.0,1,-6.32273,0.3229589164,4.2418174744,,0.0,0.1111111111111111,0.0,1,-6.22438,0.314453423,4.68841362,,0.0,0.1111111111111111,0.0,1,-6.61306,0.3116754889,5.8078398705,,0.4,0.5555555555555556,0,1,-6.27168,0.3064248264,4.1800403595,,0.0,0.1111111111111111,0.0,1,10
ZINC000000246936,-6.42931,0.618337512,4.4013180733,,0.0666666666666666,0.1111111111111111,0,1,-5.89543,0.5156068206,4.2001290321,,,,,0,-6.25546,0.5024577975,4.9722695351,,0.0,0.0,0,1,-5.83936,0.4062942863,4.2322688103,,0.0,0.0,0.0,1,-6.40116,0.3889757395,6.3993110657,,0.4,0.4444444444444444,0,1,-6.55676,0.3878898919,4.3495821953,,0.1333333333333333,0.2222222222222222,0.0,1,-6.86763,0.382938832,4.67420578,,0.1333333333333333,0.2222222222222222,0.0,1,-5.62206,0.3707022667,4.0784029961,,0.0666666666666666,0.1111111111111111,0.0,1,-6.44787,0.3621498048,4.2887024879,,0.0666666666666666,0.1111111111111111,0,1,-5.82224,0.3555200398,5.6628508568,,0.2666666666666666,0.3333333333333333,0.0,1,9
ZINC000000248219,-7.19027,0.6134730577,4.1835842133,,0.0,0.1111111111111111,0,1,-7.1371,0.5542161465,4.8148384094,,0.0666666666666666,0.1111111111111111,0.0,1,-7.43411,0.5468408465,5.9864888191,,0.3333333333333333,0.3333333333333333,0,1,-7.1205,0.5414147377,4.2871761322,,0.0,0.1111111111111111,0.0,1,-7.4255,0.5067558289,6.1232638359,,0.2666666666666666,0.3333333333333333,0,1,-7.29644,0.4466506243,3.9725532532,,0.0,0.1111111111111111,0.0,1,-7.82405,0.4434065819,4.7270207405,,0.0666666666666666,0.1111111111111111,0.0,1,-6.18271,0.4350102246,4.3806881905,,0.0666666666666666,0.1111111111111111,0.0,1,-7.18595,0.4292154908,5.8959841728,,0.3333333333333333,0.3333333333333333,0,1,-7.02695,0.4047791958,4.4974865913,,0.0,0.1111111111111111,0.0,1,10
ZINC000000252085,-7.80476,0.3581343889,4.2987074852,,0.1333333333333333,0.2222222222222222,0,1,-8.59081,0.3136582375,4.9026875496,,0.0666666666666666,0.2222222222222222,0.0,1,-8.86722,0.3079317212,4.7163314819,,0.2,0.3333333333333333,0,1,-7.89978,0.2887971401,4.8517389297,,0.1333333333333333,0.3333333333333333,0.0,1,-8.07575,0.2682780623,5.103313446,,0.0666666666666666,0.2222222222222222,0,1,-8.01681,0.2668126822,6.0328559875,,0.3333333333333333,0.4444444444444444,0.0,1,-7.63853,0.2639978826,5.3301410675,,0.0666666666666666,0.1111111111111111,0.0,1,-7.40706,0.2588442862,6.0460238457,,0.4,0.5555555555555556,0.0,1,-7.6781,0.2571680844,4.8167366982,,0.1333333333333333,0.2222222222222222,0,1,-7.91037,0.2553206682,5.9266014099,,0.2,0.3333333333333333,0.0,1,10
ZINC000000252099,-7.68335,0.7528278232,6.8973274231,,0.3333333333333333,0.5555555555555556,0,1,-7.6039,0.4295367301,6.2815532684,,0.1333333333333333,0.3333333333333333,0.0,1,-7.81071,0.3365675211,5.9740519524,,0.0666666666666666,0.1111111111111111,0,1,-5.79706,0.2981769741,4.3561954498,,0.0666666666666666,0.1111111111111111,0.0,1,-6.13523,0.2671338916,5.2539286613,,0.1333333333333333,0.2222222222222222,0,1,-5.93615,0.2536910176,4.5023670197,,0.0666666666666666,0.1111111111111111,0.0,1,-5.79213,0.2184972018,4.7801909447,,0.2666666666666666,0.3333333333333333,0.0,1,-6.69171,0.2172819376,4.5324158669,,0.2,0.3333333333333333,0.0,1,-6.69692,0.2140540928,4.5727353096,,0.2,0.2222222222222222,0,1,-6.32956,0.2111227512,4.1885170937,,0.0,0.1111111111111111,0.0,1,10
ZINC000000254513,-7.38515,0.8932932019,7.0817813873,,0.4666666666666667,0.4444444444444444,0,1,-6.79509,0.8662749529,6.3244423866,,0.3333333333333333,0.4444444444444444,0.0,1,-6.42289,0.7437318563,6.7474999428,,0.4,0.5555555555555556,0,1,-6.29264,0.7275015116,6.7987098694,,0.3333333333333333,0.4444444444444444,0.0,1,-5.94082,0.6112902164,6.2305893898,,0.4,0.5555555555555556,0,1,-5.89188,0.5882891417,6.1155819893,,0.4,0.5555555555555556,0.0,1,-8.03267,0.5653809905,6.3566741943,,0.1333333333333333,0.2222222222222222,0.0,1,-6.01051,0.4956960082,6.1204776764,,0.3333333333333333,0.3333333333333333,0.0,1,-7.14959,0.4789242744,6.1209902763,,0.3333333333333333,0.4444444444444444,0,1,-6.16354,0.4294482172,6.0923380852,,0.4,0.4444444444444444,0.0,1,10
ZINC000000255251,-6.30694,0.8195872903,6.4906158447,,0.4666666666666667,0.4444444444444444,0,1,-6.5466,0.7279651165,6.0336589813,,0.5333333333333333,0.5555555555555556,0.0,1,-6.84088,0.5769132376,6.2156357765,,0.3333333333333333,0.4444444444444444,0,1,-6.37185,0.4959463775,5.7262749672,,0.4,0.4444444444444444,0.0,1,-6.81884,0.4023044705,5.6998915672,,0.3333333333333333,0.4444444444444444,0,1,-8.21137,0.2107739598,5.0117640495,,0.0666666666666666,0.1111111111111111,0.0,1,-6.7888,0.2036669552,4.5616230965,,0.0666666666666666,0.1111111111111111,0.0,1,-6.2692,0.2022018433,3.917309761,,0.0,0.1111111111111111,0.0,1,-7.28608,0.201088354,4.797990799,,0.2666666666666666,0.3333333333333333,0,1,-6.9807,0.1796653569,3.9979465008,,0.0666666666666666,0.1111111111111111,0.0,1,10
ZINC000000255980,-5.38498,0.4221072197,4.9918718338,,0.0,0.0,0,1,-6.99437,0.3719340265,5.3350367546,,0.4666666666666667,0.6666666666666666,0.0,1,-7.03101,0.261513412,5.6454138756,,0.1333333333333333,0.3333333333333333,0,1,-5.59604,0.2611318231,4.2269935608,,0.0666666666666666,0.1111111111111111,0.0,1,-6.22665,0.2611190081,5.0230183601,,0.2,0.3333333333333333,0,1,-6.26293,0.255397886,5.210627079,,0.2,0.1111111111111111,0.0,1,-5.95042,0.2492851466,5.3146653175,,0.3333333333333333,0.4444444444444444,0.0,1,-5.45819,0.2489023358,4.8751878738,,0.1333333333333333,0.2222222222222222,0.0,1,-5.96773,0.2459932715,4.8615241051,,0.1333333333333333,0.2222222222222222,0,1,-7.12883,0.2418057024,5.0999770164,,0.4,0.3333333333333333,0.0,1,10
ZINC000000259100,-6.39479,0.8400290012,6.0772938728,,0.2,0.3333333333333333,0,1,-6.62234,0.8296919465,6.0933666229,,0.3333333333333333,0.4444444444444444,0.0,1,-7.78493,0.8002880216,5.8804607391,,0.2,0.3333333333333333,0,1,-6.66489,0.7598836422,5.9174098969,,0.2666666666666666,0.4444444444444444,0.0,1,-7.80019,0.7513335943,5.6139397621,,0.0666666666666666,0.1111111111111111,0,1,-7.70889,0.7273481488,5.5975804329,,0.1333333333333333,0.2222222222222222,0.0,1,-6.28119,0.6991807222,6.1023774147,,0.3333333333333333,0.5555555555555556,0.0,1,-5.78078,0.6726136208,6.0838370323,,0.4,0.5555555555555556,0.0,1,-6.42715,0.6708945632,6.2255387306,,0.5333333333333333,0.6666666666666666,0,1,-5.87268,0.6687800288,5.7980594635,,0.2666666666666666,0.3333333333333333,0.0,1,10
ZINC000000259793,-7.37996,0.6406168342,5.7549653053,,0.6,0.6666666666666666,0,1,-7.65092,0.3104985058,5.3601059914,,0.4,0.5555555555555556,0.0,1,-6.49618,0.293550849,5.3058581352,,0.4,0.3333333333333333,0,1,-6.87537,0.2558458447,5.5650405884,,0.2,0.3333333333333333,0.0,1,-7.359,0.2510422766,5.0957164764,,0.2,0.2222222222222222,0,1,-6.66956,0.2359325588,4.2155680656,,0.0666666666666666,0.2222222222222222,0.0,1,-8.41427,0.2355729789,4.4362645149,,0.0,0.1111111111111111,0.0,1,-7.88414,0.2325654477,4.8839001656,,0.0666666666666666,0.1111111111111111,0.0,1,-6.81569,0.2190868109,5.2945151329,,0.4666666666666667,0.4444444444444444,0,1,-6.81027,0.2170119435,5.2262387276,,0.2666666666666666,0.3333333333333333,0.0,1,10
ZINC000000260997,-5.82707,0.7123170495,6.0338301659,,0.3333333333333333,0.5555555555555556,0,1,-6.25115,0.703135848,6.010371685,,0.3333333333333333,0.5555555555555556,0.0,1,-6.20452,0.4590080678,6.1435608864,,0.4,0.4444444444444444,0,1,-6.97089,0.4488542676,6.4839549065,,0.2666666666666666,0.4444444444444444,0.0,1,-5.70585,0.4064315259,5.1268544197,,0.0666666666666666,0.1111111111111111,0,1,-6.09863,0.3862564564,4.8690590858,,0.0666666666666666,0.1111111111111111,0.0,1,-5.74797,0.3795850277,5.8658967018,,0.2666666666666666,0.4444444444444444,0.0,1,-6.87609,0.3517394066,6.3076243401,,0.2,0.3333333333333333,0.0,1,-5.52796,0.3460213244,5.1885294914,,0.0666666666666666,0.1111111111111111,0,1,-6.72904,0.3220155239,6.171869278,,0.2,0.3333333333333333,0.0,1,10
ZINC000000261500,-6.2398,0.5132111311,6.4245047569,,0.3333333333333333,0.4444444444444444,0,1,-6.22953,0.473511368,6.5491929054,,0.4,0.5555555555555556,0.0,1,-6.67317,0.4205817878,5.2031331062,,0.0666666666666666,0.1111111111111111,0,1,-6.10377,0.4094650149,5.8546886444,,0.2,0.3333333333333333,0.0,1,-5.52218,0.3728233874,4.741130352,,0.1333333333333333,0.2222222222222222,0,1,-6.68751,0.3433407247,5.0137042999,,0.0,0.1111111111111111,0.0,1,-6.11669,0.3207118213,5.0050492287,,0.0,0.1111111111111111,0.0,1,-6.42409,0.3033460379,6.3676357269,,0.1333333333333333,0.2222222222222222,0.0,1,-5.91903,0.2845545709,4.7640733719,,0.0,0.1111111111111111,0,1,-5.84559,0.2740475535,4.4891552925,,0.0666666666666666,0.2222222222222222,0.0,1,10
ZINC000000261601,-8.17758,0.6704127192,6.539545536,,0.3333333333333333,0.4444444444444444,0,1,-7.58935,0.5495649576,6.5307202339,,0.3333333333333333,0.4444444444444444,0.0,1,-6.07899,0.4722931683,6.2531399727,,0.4666666666666667,0.5555555555555556,0,1,-7.29075,0.4602939785,6.4347949028,,0.1333333333333333,0.2222222222222222,0.0,1,-7.77248,0.3838177323,6.1288790703,,0.2,0.3333333333333333,0,1,-6.48895,0.3826619387,6.0349369049,,0.3333333333333333,0.4444444444444444,0.0,1,-7.54609,0.3312413394,5.9308085442,,0.1333333333333333,0.2222222222222222,0.0,1,-7.11252,0.3244309723,5.4884667397,,0.1333333333333333,0.2222222222222222,0.0,1,-7.20506,0.3175224066,5.2470183372,,0.0666666666666666,0.1111111111111111,0,1,-7.25774,0.3138508797,5.7902417183,,0.1333333333333333,0.2222222222222222,0.0,1,10
ZINC000000262178,-6.22927,0.4989793003,5.0015521049,,0.0666666666666666,0.1111111111111111,0,1,-7.79465,0.4825446904,6.0746378899,,0.2666666666666666,0.4444444444444444,0.0,1,-6.20673,0.4581638277,5.1178030968,,0.0666666666666666,0.1111111111111111,0,1,-5.96456,0.4240084887,6.368206501,,0.3333333333333333,0.5555555555555556,0.0,1,-5.97641,0.4228950143,6.1527042389,,0.3333333333333333,0.5555555555555556,0,1,-7.19491,0.4166875184,5.8595728874,,0.2666666666666666,0.4444444444444444,0.0,1,-7.65449,0.389220953,5.9115080833,,0.2666666666666666,0.4444444444444444,0.0,1,-5.8996,0.342792362,4.8556075096,,0.1333333333333333,0.2222222222222222,0.0,1,-6.34319,0.3355137408,4.6368832588,,0.1333333333333333,0.2222222222222222,0,1,-6.0034,0.3302241862,5.478998661,,0.2666666666666666,0.3333333333333333,0.0,1,10
ZINC000000263861,-6.81303,0.9146330953,7.0113272667,,0.5333333333333333,0.6666666666666666,0,1,-6.43873,0.8387210965,6.8771662712,,0.6666666666666666,0.6666666666666666,0.0,1,-6.64794,0.831287384,6.9471969604,,0.5333333333333333,0.5555555555555556,0,1,-6.13094,0.4949868023,5.9628887177,,0.6,0.6666666666666666,0.0,1,-5.95936,0.2825224698,4.579788208,,0.0666666666666666,0.1111111111111111,0,1,-5.75686,0.2609903812,4.8229084015,,0.2,0.3333333333333333,0.0,1,-5.8466,0.2582011521,5.1748337746,,0.0,0.1111111111111111,0.0,1,-5.91685,0.2387360334,4.8592700958,,0.0666666666666666,0.2222222222222222,0.0,1,-6.30094,0.2372456342,4.8227009773,,0.0,0.1111111111111111,0,1,-7.27556,0.2229340822,5.8763546944,,0.3333333333333333,0.5555555555555556,0.0,1,10
ZINC000000263970,-7.78433,0.9581294656,7.4212384224,,0.6,0.7777777777777778,0,1,-7.58671,0.7792056203,6.7683353424,,0.3333333333333333,0.5555555555555556,0.0,1,-7.5872,0.7633097768,6.7914376259,,0.3333333333333333,0.5555555555555556,0,1,-7.0816,0.7530243993,6.6696677208,,0.4666666666666667,0.5555555555555556,0.0,1,-6.49606,0.6743412614,6.6155724525,,0.4666666666666667,0.5555555555555556,0,1,-7.40167,0.6542645693,6.7584261894,,0.3333333333333333,0.4444444444444444,0.0,1,-6.4936,0.516710341,6.2378768921,,0.4,0.4444444444444444,0.0,1,-6.39001,0.4914089143,6.148481369,,0.4666666666666667,0.5555555555555556,0.0,1,-6.25386,0.350954026,5.8003921509,,0.4666666666666667,0.5555555555555556,0,1,-7.15607,0.3460773826,5.8761348724,,0.2666666666666666,0.4444444444444444,0.0,1,10
ZINC000000266623,-5.86362,0.4722668827,4.3221359253,,0.0,0.0,0,1,-5.73502,0.4709751904,5.3555655479,,0.0666666666666666,0.1111111111111111,0.0,1,-5.34117,0.3650268316,4.2089056969,,0.0,0.0,0,1,-5.17073,0.352563113,4.2182488441,,0.0,0.0,0.0,1,-5.09862,0.3408311307,5.0508465767,,0.1333333333333333,0.1111111111111111,0,1,-5.77987,0.3361492455,4.3339767456,,0.0,0.0,0.0,1,-5.57205,0.3032066822,4.246817112,,0.0,0.0,0.0,1,-4.39616,0.2951252759,4.6474738121,,0.0,0.0,0.0,1,-6.25664,0.2838230431,5.7103838921,,0.3333333333333333,0.4444444444444444,0,1,-5.98318,0.2532384992,4.9235863686,,0.0,0.0,0.0,1,10
ZINC000000268285,-5.96616,0.3548955917,4.55616045,,0.0,0.1111111111111111,0,1,-6.13602,0.3400885165,4.3857374191,,0.0,0.1111111111111111,0.0,1,-6.13268,0.3040480018,5.7857842445,,0.2666666666666666,0.3333333333333333,0,1,-5.99096,0.2960577905,4.487010479,,0.0,0.1111111111111111,0.0,1,-6.20601,0.287453413,4.5576982498,,0.0666666666666666,0.1111111111111111,0,1,-7.59852,0.281748116,4.7953667641,,0.1333333333333333,0.2222222222222222,0.0,1,-6.8457,0.2808378339,4.8013591766,,0.1333333333333333,0.2222222222222222,0.0,1,-6.11376,0.2713057697,4.3681311607,,0.0,0.1111111111111111,0.0,1,-7.13156,0.2668805122,4.4899773598,,0.0666666666666666,0.2222222222222222,0,1,-5.85474,0.2664099634,4.5129361153,,0.0,0.1111111111111111,0.0,1,10
ZINC000000269242,-7.9149,0.4957847297,5.7029342651,,0.3333333333333333,0.4444444444444444,0,1,-6.62996,0.4391440749,5.6211452484,,0.4666666666666667,0.6666666666666666,0.0,1,-7.72101,0.4250193238,5.7242259979,,0.2666666666666666,0.4444444444444444,0,1,-7.30201,0.3871394396,6.1611046791,,0.5333333333333333,0.7777777777777778,0.0,1,-7.74297,0.3467157185,5.6634068489,,0.1333333333333333,0.2222222222222222,0,1,-8.61267,0.326571703,5.9938263893,,0.2666666666666666,0.3333333333333333,0.0,1,-8.53012,0.3066619337,5.8204903603,,0.1333333333333333,0.2222222222222222,0.0,1,-7.838,0.2609793544,5.4168829918,,0.1333333333333333,0.2222222222222222,0.0,1,-6.99433,0.2361739129,5.4664421082,,0.3333333333333333,0.4444444444444444,0,1,-6.91828,0.1868331283,5.2906079292,,0.3333333333333333,0.5555555555555556,0.0,1,10
ZINC000000269650,-7.86593,0.8926388621,6.9240984917,,0.5333333333333333,0.5555555555555556,0,1,-6.94184,0.6714173555,5.5678081512,,0.0,0.1111111111111111,0.0,1,-7.04914,0.6569342613,5.5137429237,,0.0,0.1111111111111111,0,1,-7.58093,0.5730547905,5.9920296669,,0.2666666666666666,0.3333333333333333,0.0,1,-6.19747,0.5156375766,6.0323033333,,0.3333333333333333,0.4444444444444444,0,1,-7.52399,0.4719169736,6.1613221169,,0.4666666666666667,0.5555555555555556,0.0,1,-6.96475,0.3697949648,5.0837163925,,0.0666666666666666,0.1111111111111111,0.0,1,-7.14797,0.3153787255,4.9402403831,,0.1333333333333333,0.2222222222222222,0.0,1,-6.7565,0.3138826489,5.6428284645,,0.2,0.3333333333333333,0,1,-6.27389,0.2850827277,4.2130169868,,0.0666666666666666,0.1111111111111111,0.0,1,10
ZINC000000271982,-6.33357,0.6447633505,6.0547976494,,0.4,0.5555555555555556,0,1,-6.89834,0.614600718,6.2683048248,,0.3333333333333333,0.5555555555555556,0.0,1,-6.75006,0.5389313698,5.7356142998,,0.2666666666666666,0.4444444444444444,0,1,-6.55976,0.5097568631,5.8459029198,,0.1333333333333333,0.2222222222222222,0.0,1,-6.18193,0.4633134007,5.2826838493,,0.0,0.1111111111111111,0,1,-6.47931,0.4341081083,5.5839781761,,0.0666666666666666,0.1111111111111111,0.0,1,-7.10474,0.4316879809,5.8273444176,,0.3333333333333333,0.5555555555555556,0.0,1,-6.13117,0.4122919142,5.5708928108,,0.4,0.5555555555555556,0.0,1,-6.92803,0.3339597583,5.9187760353,,0.4,0.6666666666666666,0,1,-5.66464,0.2906968594,5.0521583557,,0.0666666666666666,0.1111111111111111,0.0,1,10
ZINC000000277200,-8.45417,0.694493711,6.4296069145,,0.2666666666666666,0.4444444444444444,0,1,-8.26776,0.683390379,6.4488968849,,0.1333333333333333,0.2222222222222222,0.0,1,-8.51422,0.6473168135,6.8879446983,,0.5333333333333333,0.7777777777777778,0,1,-8.73686,0.5802076459,6.1525707245,,0.3333333333333333,0.5555555555555556,0.0,1,-9.5978,0.3846103549,5.8667731285,,0.2,0.3333333333333333,0,1,-7.96394,0.378513813,6.1677823067,,0.2,0.3333333333333333,0.0,1,-9.43024,0.3575873971,5.8181977272,,0.2,0.3333333333333333,0.0,1,-8.73138,0.320530802,5.7416291237,,0.2666666666666666,0.3333333333333333,0.0,1,-8.57278,0.3110182881,5.4859118462,,0.1333333333333333,0.2222222222222222,0,1,-9.12399,0.2995209098,5.5860180855,,0.2,0.3333333333333333,0.0,1,10
ZINC000000277328,-6.0142,0.5215989351,5.1793179512,,0.0666666666666666,0.1111111111111111,0,1,-5.79552,0.4334582388,5.0509924889,,0.1333333333333333,0.2222222222222222,0.0,1,-7.13412,0.230314374,5.2901186943,,0.0666666666666666,0.1111111111111111,0,1,-5.82946,0.219847858,4.6023740768,,0.1333333333333333,0.3333333333333333,0.0,1,-5.8547,0.2186957151,4.5053792,,0.2666666666666666,0.4444444444444444,0,1,-6.12586,0.1976151168,5.1278505325,,0.0666666666666666,0.1111111111111111,0.0,1,-7.05544,0.1969278753,5.1911568642,,0.0,0.1111111111111111,0.0,1,-6.51518,0.1914421171,5.3536968231,,0.0666666666666666,0.2222222222222222,0.0,1,-6.20292,0.1872309297,4.382019043,,0.0666666666666666,0.1111111111111111,0,1,-7.47831,0.1805296838,4.9676003456,,0.2,0.3333333333333333,0.0,1,10
ZINC000000278162,-7.25449,0.8443067074,6.5875706673,,0.3333333333333333,0.6666666666666666,0,1,-6.51995,0.7943847179,6.2305226326,,0.3333333333333333,0.5555555555555556,0.0,1,-6.72429,0.7258373499,6.6080727577,,0.2666666666666666,0.4444444444444444,0,1,-6.89705,0.6955150366,6.4726519585,,0.5333333333333333,0.7777777777777778,0.0,1,-6.45552,0.5015103817,6.1996383667,,0.2666666666666666,0.4444444444444444,0,1,-6.08232,0.3481262624,6.0696029663,,0.5333333333333333,0.6666666666666666,0.0,1,-6.24198,0.3200362623,5.9690947533,,0.2666666666666666,0.4444444444444444,0.0,1,-6.40446,0.3092201948,6.0140347481,,0.2666666666666666,0.4444444444444444,0.0,1,-6.24158,0.2217427194,5.1541728973,,0.0666666666666666,0.2222222222222222,0,1,-6.3843,0.2122995257,4.914753437,,0.0666666666666666,0.2222222222222222,0.0,1,10
ZINC000000278173,-8.20628,0.7800450921,6.2107982635,,0.2666666666666666,0.4444444444444444,0,1,-8.06156,0.6782038212,5.9318180084,,0.2666666666666666,0.4444444444444444,0.0,1,-8.29376,0.640824914,6.0597653389,,0.2,0.3333333333333333,0,1,-8.41169,0.5800827146,6.2107963562,,0.2666666666666666,0.4444444444444444,0.0,1,-7.26547,0.5119447112,6.0361328125,,0.2666666666666666,0.4444444444444444,0,1,-8.30573,0.4864328206,6.1820530891,,0.2,0.3333333333333333,0.0,1,-8.46366,0.4764511287,6.2019615173,,0.1333333333333333,0.3333333333333333,0.0,1,-7.37011,0.45847404,6.2197117805,,0.4,0.6666666666666666,0.0,1,-8.0849,0.4414791465,5.9456768036,,0.2,0.3333333333333333,0,1,-7.62407,0.4404645562,5.8909645081,,0.1333333333333333,0.2222222222222222,0.0,1,10
ZINC000000278675,-6.94735,0.6381940842,4.8820090294,,0.1333333333333333,0.3333333333333333,0,1,-6.35358,0.5901315808,4.7231698036,,0.2,0.2222222222222222,0.0,1,-5.64647,0.5309380889,4.5150508881,,0.2,0.2222222222222222,0,1,-5.89068,0.4996218383,5.1980586052,,0.4666666666666667,0.4444444444444444,0.0,1,-5.87537,0.4620808959,4.0314035416,,0.0,0.1111111111111111,0,1,-6.73483,0.434037745,4.3293375969,,0.0,0.1111111111111111,0.0,1,-6.52861,0.4172662497,5.3682360649,,0.2666666666666666,0.4444444444444444,0.0,1,-6.13405,0.4008157849,4.5140404701,,0.2,0.2222222222222222,0.0,1,-5.6183,0.3984922767,4.3256583214,,0.2,0.2222222222222222,0,1,-5.89724,0.3834196925,3.9775145054,,0.0,0.1111111111111111,0.0,1,10
ZINC000000279607,-7.89745,0.835375011,6.9680361748,,0.1333333333333333,0.3333333333333333,0,1,-8.28091,0.6967514157,6.7667336464,,0.3333333333333333,0.5555555555555556,0.0,1,-8.34984,0.6091620326,6.3377933502,,0.2666666666666666,0.4444444444444444,0,1,-7.05623,0.5419589281,6.2060394287,,0.2,0.3333333333333333,0.0,1,-6.54438,0.4848274291,6.2860102654,,0.2,0.4444444444444444,0,1,-7.51308,0.4725472331,6.1056480408,,0.2666666666666666,0.3333333333333333,0.0,1,-6.93849,0.465798229,6.1076960564,,0.1333333333333333,0.3333333333333333,0.0,1,-6.84813,0.3859493434,5.8873200417,,0.4,0.6666666666666666,0.0,1,-6.84904,0.3378045857,5.7865414619,,0.2,0.4444444444444444,0,1,-6.73076,0.2972722948,6.594209671,,0.4666666666666667,0.7777777777777778,0.0,1,10
ZINC000000280434,-6.02222,0.6297845244,4.709414959,,0.1333333333333333,0.2222222222222222,0,1,-6.09022,0.5980053544,4.7870755196,,0.2666666666666666,0.3333333333333333,0.0,1,-6.02218,0.5952212811,5.3538303375,,0.2666666666666666,0.3333333333333333,0,1,-5.38388,0.5801877975,3.9429056644,,0.0666666666666666,0.1111111111111111,0.0,1,-5.11466,0.5675371885,3.8721663952,,0.0,0.1111111111111111,0,1,-6.14663,0.5660296082,5.3049769402,,0.2666666666666666,0.3333333333333333,0.0,1,-6.12379,0.559472084,5.2845635414,,0.2666666666666666,0.3333333333333333,0.0,1,-5.62425,0.5183889866,4.0885877609,,0.0666666666666666,0.2222222222222222,0.0,1,-5.12034,0.5111266375,3.8484842777,,0.0,0.1111111111111111,0,1,-5.17884,0.4837928116,3.5847351551,,0.0,0.1111111111111111,0.0,1,10
ZINC000000280437,-9.07994,0.9172905087,7.0797805786,,0.4,0.5555555555555556,0,1,-8.95772,0.9003579617,7.3647899628,,0.2666666666666666,0.3333333333333333,0.0,1,-8.02359,0.824379921,6.9807553291,,0.3333333333333333,0.5555555555555556,0,1,-7.60747,0.6075659394,5.4609508514,,0.2666666666666666,0.3333333333333333,0.0,1,-7.3888,0.5236703157,5.0874667168,,0.1333333333333333,0.3333333333333333,0,1,-7.29406,0.4865140319,6.4355392456,,0.4,0.5555555555555556,0.0,1,-7.71367,0.4481176734,6.3759827614,,0.3333333333333333,0.5555555555555556,0.0,1,-8.08968,0.4334340096,5.8451666832,,0.1333333333333333,0.2222222222222222,0.0,1,-7.56073,0.396504283,6.3208441734,,0.4,0.5555555555555556,0,1,-7.81419,0.3652291596,6.6465859413,,0.5333333333333333,0.6666666666666666,0.0,1,10
ZINC000000280575,-5.45994,0.542360127,5.1527867317,,0.0,0.0,0,1,-5.12769,0.4836207628,5.3134131432,,0.1333333333333333,0.2222222222222222,0.0,1,-5.20023,0.4226301312,4.7804226875,,0.0,0.0,0,1,-4.88384,0.4112190008,4.7094140053,,0.0666666666666666,0.1111111111111111,0.0,1,-5.74599,0.3842603564,4.4159088135,,0.0,0.0,0,1,-5.73544,0.3683087528,4.6230034828,,0.0666666666666666,0.1111111111111111,0.0,1,-5.52671,0.3359346986,4.6428275108,,0.0,0.0,0.0,1,-5.43362,0.2960217297,4.5890555382,,0.0666666666666666,0.1111111111111111,0.0,1,-5.22164,0.289275527,5.0678863525,,0.0666666666666666,0.1111111111111111,0,1,-5.34705,0.2626423836,5.1206121445,,0.0666666666666666,0.1111111111111111,0.0,1,10
ZINC000000285968,-7.01848,0.6578752995,6.0583338737,,0.2666666666666666,0.4444444444444444,0,1,-7.37799,0.6418619752,6.2797160149,,0.2666666666666666,0.3333333333333333,0.0,1,-6.48934,0.6067385077,5.1025567055,,0.0,0.1111111111111111,0,1,-7.6626,0.5997040272,5.9361481667,,0.0666666666666666,0.1111111111111111,0.0,1,-6.63766,0.5983207822,4.7479248047,,0.0,0.1111111111111111,0,1,-6.6045,0.547326386,6.1579680443,,0.4,0.4444444444444444,0.0,1,-7.36895,0.5469080806,5.9889540672,,0.5333333333333333,0.5555555555555556,0.0,1,-7.18986,0.546276927,5.7547087669,,0.2666666666666666,0.4444444444444444,0.0,1,-6.70674,0.4694418311,4.2164292336,,0.0,0.1111111111111111,0,1,-7.46625,0.4274664521,5.7495770454,,0.4,0.6666666666666666,0.0,1,10
ZINC000000297622,-7.74931,0.9303447604,6.3078684807,,0.5333333333333333,0.7777777777777778,0,1,-7.01379,0.8905188441,5.6460838318,,0.5333333333333333,0.6666666666666666,0.0,1,-6.51998,0.8735696673,5.2945094109,,0.5333333333333333,0.7777777777777778,0,1,-7.48477,0.837251842,6.4407410622,,0.4666666666666667,0.6666666666666666,0.0,1,-7.01596,0.8210251331,5.7734050751,,0.5333333333333333,0.7777777777777778,0,1,-6.38649,0.7287910581,5.6061739922,,0.4666666666666667,0.6666666666666666,0.0,1,-7.22278,0.5587168932,5.1201415062,,0.0,0.1111111111111111,0.0,1,-7.35677,0.4461344779,5.13586092,,0.1333333333333333,0.2222222222222222,0.0,1,-7.68879,0.405967325,5.5246500969,,0.1333333333333333,0.2222222222222222,0,1,-6.62795,0.3948936462,5.8202877045,,0.6,0.7777777777777778,0.0,1,10
ZINC000000299497,-7.8091,0.7473729849,6.99644804,,0.4,0.5555555555555556,0,1,-7.34182,0.726144135,6.7256932259,,0.2,0.3333333333333333,0.0,1,-6.84833,0.3180019259,4.8668017387,,0.0,0.1111111111111111,0,1,-6.71059,0.2905823886,5.8188996315,,0.2666666666666666,0.4444444444444444,0.0,1,-7.36898,0.2777526677,6.0784955025,,0.4,0.5555555555555556,0,1,-6.72036,0.2432864606,5.3840594292,,0.1333333333333333,0.2222222222222222,0.0,1,-6.84313,0.2265244722,5.979493618,,0.4666666666666667,0.5555555555555556,0.0,1,-7.36734,0.2133671045,5.1047968864,,0.0666666666666666,0.2222222222222222,0.0,1,-7.28105,0.2103784084,4.3865461349,,0.2,0.3333333333333333,0,1,-7.8383,0.2028076649,5.1209807396,,0.0666666666666666,0.2222222222222222,0.0,1,10
ZINC000000299689,-6.39997,0.8406620026,6.1072368622,,0.4666666666666667,0.6666666666666666,0,1,-6.52588,0.6703749299,6.1860346794,,0.4,0.4444444444444444,0.0,1,-5.58259,0.5336100459,5.9093461037,,0.3333333333333333,0.4444444444444444,0,1,-6.21633,0.5155789256,6.2055649757,,0.3333333333333333,0.4444444444444444,0.0,1,-5.99759,0.5058084726,6.0128741264,,0.4666666666666667,0.6666666666666666,0,1,-5.91426,0.3206366897,5.7528672218,,0.4,0.4444444444444444,0.0,1,-6.3074,0.2951444089,5.359896183,,0.2666666666666666,0.4444444444444444,0.0,1,-6.14782,0.2712403536,4.0257329941,,0.1333333333333333,0.2222222222222222,0.0,1,-5.72442,0.2672834694,4.787797451,,0.2666666666666666,0.3333333333333333,0,1,-5.58492,0.2371396124,4.3333535194,,0.2666666666666666,0.4444444444444444,0.0,1,10
ZINC000000299970,-7.24906,0.7143520713,5.3959622383,,0.1333333333333333,0.2222222222222222,0,1,-7.57857,0.6867664456,6.193043232,,0.4666666666666667,0.5555555555555556,0.0,1,-7.51974,0.6820734739,5.5051407814,,0.2,0.2222222222222222,0,1,-8.01613,0.6314724088,5.634557724,,0.2,0.4444444444444444,0.0,1,-7.96125,0.6161646247,5.5796914101,,0.1333333333333333,0.3333333333333333,0,1,-7.93812,0.5896834731,5.416217804,,0.1333333333333333,0.3333333333333333,0.0,1,-7.00504,0.5861780643,5.8301892281,,0.3333333333333333,0.4444444444444444,0.0,1,-6.96224,0.5681859255,5.0045490265,,0.0666666666666666,0.2222222222222222,0.0,1,-7.40613,0.5565497279,4.8279080391,,0.0666666666666666,0.2222222222222222,0,1,-6.89642,0.485111922,4.8692936897,,0.0,0.1111111111111111,0.0,1,10
ZINC000000300793,-7.01829,0.7453253269,6.0800051689,,0.1333333333333333,0.2222222222222222,0,1,-6.92202,0.6141898036,5.4718208313,,0.2,0.3333333333333333,0.0,1,-8.12918,0.5032348037,5.6801571846,,0.3333333333333333,0.5555555555555556,0,1,-6.96047,0.4005308747,5.9234309196,,0.3333333333333333,0.3333333333333333,0.0,1,-7.17326,0.3731254935,5.9605584145,,0.2666666666666666,0.3333333333333333,0,1,-6.99145,0.2892508209,4.2727274895,,0.1333333333333333,0.2222222222222222,0.0,1,-6.71776,0.2891695499,5.219060421,,0.4,0.4444444444444444,0.0,1,-6.78915,0.2740211487,3.9659938812,,0.0666666666666666,0.2222222222222222,0.0,1,-7.23155,0.271473676,4.1489052773,,0.2,0.3333333333333333,0,1,-6.24692,0.2708144784,5.2617149353,,0.1333333333333333,0.2222222222222222,0.0,1,10
ZINC000000301115,-5.22794,0.8838192821,4.2844634056,,0.2,0.2222222222222222,0,1,-5.45694,0.8442255855,4.3951153755,,0.2666666666666666,0.3333333333333333,0.0,1,-4.71854,0.8195642233,3.6320474148,,0.0,0.1111111111111111,0,1,-5.12323,0.7856333852,4.2428936958,,0.2,0.2222222222222222,0.0,1,-5.49583,0.7483603954,4.3849005699,,0.3333333333333333,0.4444444444444444,0,1,-4.89217,0.7406555414,4.1401715279,,0.3333333333333333,0.4444444444444444,0.0,1,-5.88717,0.7314254642,3.8349206448,,0.4,0.5555555555555556,0.0,1,-5.94944,0.6808316708,3.8458461761,,0.4,0.5555555555555556,0.0,1,-5.73105,0.6774068475,3.5256130695,,0.1333333333333333,0.2222222222222222,0,1,-5.37093,0.6315164566,4.2016019821,,0.4,0.5555555555555556,0.0,1,10
ZINC000000303628,-7.16462,0.5088322759,5.1809973717,,0.2,0.3333333333333333,0,1,-6.10784,0.5013232231,4.7536921501,,0.1333333333333333,0.2222222222222222,0.0,1,-6.99316,0.4805622697,5.2080779076,,0.2,0.3333333333333333,0,1,-6.60222,0.4749188423,5.6258163452,,0.3333333333333333,0.4444444444444444,0.0,1,-6.08101,0.4315790534,5.9842591286,,0.5333333333333333,0.8888888888888888,0,1,-6.66683,0.3573347926,4.7974076271,,0.1333333333333333,0.2222222222222222,0.0,1,-5.62412,0.3480138779,4.804046154,,0.3333333333333333,0.4444444444444444,0.0,1,-6.65246,0.3384732008,5.0871062279,,0.2,0.2222222222222222,0.0,1,-6.10255,0.337541014,4.391626358,,0.2666666666666666,0.3333333333333333,0,1,-6.53029,0.3235050738,5.3264312744,,0.2666666666666666,0.3333333333333333,0.0,1,10
ZINC000000306158,-5.71103,0.9060341716,6.7342371941,,0.5333333333333333,0.6666666666666666,0,1,-5.50385,0.8565533161,6.3574461937,,0.2,0.3333333333333333,0.0,1,-5.42799,0.8552776575,6.2575364113,,0.6,0.6666666666666666,0,1,-6.25796,0.8290349245,6.6098632812,,0.5333333333333333,0.7777777777777778,0.0,1,-5.46201,0.5148681402,4.597612381,,0.0666666666666666,0.1111111111111111,0,1,-5.96064,0.3181461096,4.3878693581,,0.0666666666666666,0.1111111111111111,0.0,1,-5.83544,0.3170468211,4.0983057022,,0.0,0.1111111111111111,0.0,1,-5.59219,0.3111226261,4.4787521362,,0.0666666666666666,0.1111111111111111,0.0,1,-5.70183,0.3050643504,3.8802070618,,0.0666666666666666,0.1111111111111111,0,1,-5.28822,0.2935773134,3.7936608791,,0.0,0.0,0.0,1,10
ZINC000000306410,-6.28416,0.5657490492,5.1042861938,,0.0,0.1111111111111111,0,1,-6.51431,0.5438351035,6.3736615181,,0.2,0.3333333333333333,0.0,1,-5.28966,0.3492283821,4.1421585083,,0.0666666666666666,0.2222222222222222,0,1,-6.44025,0.3089034557,5.1211738586,,0.1333333333333333,0.2222222222222222,0.0,1,-6.16381,0.2758579254,4.7554221153,,0.1333333333333333,0.3333333333333333,0,1,-6.47891,0.2686680257,5.1798272133,,0.1333333333333333,0.2222222222222222,0.0,1,-6.1711,0.2502093017,4.4716410637,,0.0,0.1111111111111111,0.0,1,-5.6946,0.2364674211,4.2798247337,,0.0,0.1111111111111111,0.0,1,-5.77618,0.2313452065,4.4242844582,,0.0666666666666666,0.2222222222222222,0,1,-5.65733,0.2300626338,4.5992221832,,0.2,0.3333333333333333,0.0,1,10
ZINC000000307233,-5.77027,0.8001941442,6.3001284599,,0.4666666666666667,0.6666666666666666,0,1,-5.73968,0.7975264192,6.2677903175,,0.4666666666666667,0.6666666666666666,0.0,1,-5.5435,0.7705956101,6.3944587708,,0.5333333333333333,0.6666666666666666,0,1,-6.0995,0.6204935908,5.4043383598,,0.2,0.3333333333333333,0.0,1,-6.32947,0.5754326582,5.3443207741,,0.2,0.3333333333333333,0,1,-5.34909,0.5012176037,4.9720072746,,0.1333333333333333,0.3333333333333333,0.0,1,-6.05882,0.4600097537,4.8702454567,,0.3333333333333333,0.5555555555555556,0.0,1,-6.00555,0.4241999388,4.8221898079,,0.3333333333333333,0.5555555555555556,0.0,1,-5.57856,0.4238926172,5.3027729988,,0.3333333333333333,0.4444444444444444,0,1,-5.56428,0.399869144,4.9260597229,,0.0,0.1111111111111111,0.0,1,10
ZINC000000308153,-7.78304,0.4253614545,6.1421341896,,0.4666666666666667,0.5555555555555556,0,1,-7.68008,0.4149554968,6.1331615448,,0.3333333333333333,0.3333333333333333,0.0,1,-7.5466,0.3993965387,6.0978794098,,0.4,0.4444444444444444,0,1,-7.5961,0.3708691597,5.9268856049,,0.2,0.3333333333333333,0.0,1,-7.65306,0.3388805389,6.0111327171,,0.1333333333333333,0.2222222222222222,0,1,-7.86839,0.3323024809,6.1699681282,,0.4,0.5555555555555556,0.0,1,-7.76984,0.3125439882,5.8605809212,,0.4,0.4444444444444444,0.0,1,-7.35309,0.2865222991,5.7494769096,,0.3333333333333333,0.4444444444444444,0.0,1,-7.73784,0.2737765014,5.6018390656,,0.4,0.5555555555555556,0,1,-7.0769,0.2733536363,5.7944588661,,0.3333333333333333,0.4444444444444444,0.0,1,10
ZINC000000309328,-7.44844,0.6789200306,6.3170170784,,0.2,0.3333333333333333,0,1,-8.07773,0.6385579109,6.0509476662,,0.2,0.3333333333333333,0.0,1,-6.46108,0.6231893301,6.5708136559,,0.5333333333333333,0.6666666666666666,0,1,-7.99136,0.5867798924,6.1839194298,,0.2666666666666666,0.4444444444444444,0.0,1,-6.8558,0.5767264366,6.2547678947,,0.1333333333333333,0.2222222222222222,0,1,-8.11985,0.5450219512,6.2508330345,,0.3333333333333333,0.4444444444444444,0.0,1,-7.10459,0.527042985,6.5643687248,,0.4666666666666667,0.6666666666666666,0.0,1,-8.24228,0.5131316185,6.2493095398,,0.2666666666666666,0.4444444444444444,0.0,1,-6.31557,0.4615226686,6.1169319153,,0.4,0.4444444444444444,0,1,-6.39356,0.4256254733,6.1381468773,,0.1333333333333333,0.3333333333333333,0.0,1,10
ZINC000000309746,-7.9166,0.642403841,5.571413517,,0.0666666666666666,0.1111111111111111,0,1,-7.87924,0.6114146709,5.234746933,,0.1333333333333333,0.2222222222222222,0.0,1,-7.40269,0.6110851169,6.0699768066,,0.2666666666666666,0.3333333333333333,0,1,-7.69852,0.509680748,5.4142899513,,0.2666666666666666,0.3333333333333333,0.0,1,-7.6384,0.4807083309,5.2482438087,,0.0666666666666666,0.2222222222222222,0,1,-7.63937,0.441931963,5.8104438782,,0.1333333333333333,0.2222222222222222,0.0,1,-7.24397,0.4342652261,6.1965956688,,0.2666666666666666,0.4444444444444444,0.0,1,-7.51247,0.4086689949,5.0981063843,,0.0666666666666666,0.1111111111111111,0.0,1,-8.78219,0.3911584616,6.0428013802,,0.1333333333333333,0.2222222222222222,0,1,-7.00549,0.3672194183,4.8388838768,,0.0666666666666666,0.1111111111111111,0.0,1,10
ZINC000000309933,-7.78937,0.6276155114,6.3859572411,,0.3333333333333333,0.4444444444444444,0,1,-7.40567,0.5931723118,6.0882568359,,0.3333333333333333,0.3333333333333333,0.0,1,-7.80422,0.5530000925,6.5566191673,,0.5333333333333333,0.7777777777777778,0,1,-7.28273,0.4311460853,5.8402104378,,0.4,0.4444444444444444,0.0,1,-8.37186,0.3606152833,5.5125412941,,0.1333333333333333,0.2222222222222222,0,1,-8.31435,0.3201931715,5.4470272064,,0.1333333333333333,0.2222222222222222,0.0,1,-8.43614,0.3173021376,5.6074118614,,0.1333333333333333,0.2222222222222222,0.0,1,-9.07277,0.2873642743,5.5218429565,,0.2,0.3333333333333333,0.0,1,-8.94738,0.2830323577,5.6037602425,,0.2666666666666666,0.4444444444444444,0,1,-8.11403,0.2708235383,5.4322781563,,0.0666666666666666,0.2222222222222222,0.0,1,10
ZINC000000313341,-7.68472,0.9347879291,6.8310127258,,0.4,0.5555555555555556,0,1,-7.46521,0.9067944288,6.5806827545,,0.4,0.5555555555555556,0.0,1,-6.75541,0.8892585039,6.8364300728,,0.4,0.5555555555555556,0,1,-6.92969,0.8263630867,6.1603393555,,0.0666666666666666,0.1111111111111111,0.0,1,-7.04358,0.7990928292,6.3764433861,,0.4,0.5555555555555556,0,1,-7.53428,0.7652329206,6.229593277,,0.4,0.5555555555555556,0.0,1,-7.58822,0.7583321929,6.3453783989,,0.3333333333333333,0.4444444444444444,0.0,1,-6.69623,0.7242003679,6.241083622,,0.0666666666666666,0.1111111111111111,0.0,1,-6.55809,0.7160046101,6.2783679962,,0.4,0.6666666666666666,0,1,-7.31111,0.7088459134,6.0669741631,,0.3333333333333333,0.4444444444444444,0.0,1,10
ZINC000000315216,-7.30324,0.9360944033,6.4433054924,,0.4666666666666667,0.7777777777777778,0,1,-6.43971,0.6422624588,5.7867569923,,0.4,0.5555555555555556,0.0,1,-7.43482,0.6017600894,5.1644701958,,0.2666666666666666,0.4444444444444444,0,1,-7.88328,0.509852469,5.3152489662,,0.3333333333333333,0.4444444444444444,0.0,1,-6.49426,0.5063798428,5.0085015297,,0.2666666666666666,0.4444444444444444,0,1,-6.98907,0.450635612,5.200925827,,0.1333333333333333,0.2222222222222222,0.0,1,-6.07546,0.4357824624,5.3136610985,,0.1333333333333333,0.2222222222222222,0.0,1,-6.21213,0.4135083556,4.31609869,,0.1333333333333333,0.2222222222222222,0.0,1,-6.97101,0.3951691687,5.060213089,,0.2,0.3333333333333333,0,1,-7.15163,0.3908156753,5.5831508636,,0.2,0.4444444444444444,0.0,1,10
ZINC000000316678,-7.25266,0.5330939889,6.5747179985,,0.2666666666666666,0.4444444444444444,0,1,-5.8272,0.3807527721,4.8577785492,,0.1333333333333333,0.2222222222222222,0.0,1,-6.26542,0.3603923023,4.8635840416,,0.1333333333333333,0.2222222222222222,0,1,-6.21227,0.341501832,5.8098006248,,0.2666666666666666,0.3333333333333333,0.0,1,-7.50646,0.3281345367,5.6750245094,,0.2,0.3333333333333333,0,1,-7.17094,0.320055753,5.7321619987,,0.2666666666666666,0.3333333333333333,0.0,1,-6.49383,0.3171727955,6.0992760658,,0.3333333333333333,0.4444444444444444,0.0,1,-6.83426,0.2992062271,5.3647751808,,0.2,0.3333333333333333,0.0,1,-6.14432,0.2885747552,4.8486232758,,0.0666666666666666,0.1111111111111111,0,1,-6.99328,0.2787961662,6.0477910042,,0.2,0.2222222222222222,0.0,1,10
ZINC000000316796,-6.86842,0.7194430828,6.4330635071,,0.3333333333333333,0.3333333333333333,0,1,-6.66908,0.5680242181,5.2072510719,,0.0,0.0,0.0,1,-7.28419,0.5544040203,6.4435248375,,0.2,0.3333333333333333,0,1,-7.67937,0.5224734545,6.4722652435,,0.0666666666666666,0.1111111111111111,0.0,1,-6.90757,0.3852874637,5.7017612457,,0.2666666666666666,0.3333333333333333,0,1,-7.75809,0.3836067021,6.3342952728,,0.3333333333333333,0.4444444444444444,0.0,1,-7.29986,0.3124717772,6.0869193077,,0.3333333333333333,0.4444444444444444,0.0,1,-6.75886,0.2879193425,4.2365193367,,0.1333333333333333,0.2222222222222222,0.0,1,-6.86935,0.2642351687,5.0162577629,,0.2,0.2222222222222222,0,1,-6.63395,0.2575694919,3.7628023624,,0.0,0.1111111111111111,0.0,1,10
ZINC000000317711,-7.9452,0.6955955029,6.8345122337,,0.4666666666666667,0.5555555555555556,0,1,-8.67873,0.6862154603,6.9615168571,,0.3333333333333333,0.4444444444444444,0.0,1,-7.95327,0.5026619434,6.4584999084,,0.3333333333333333,0.5555555555555556,0,1,-8.21305,0.4947399795,6.5936102867,,0.3333333333333333,0.4444444444444444,0.0,1,-8.71531,0.4564756453,6.4021015167,,0.2666666666666666,0.5555555555555556,0,1,-7.47545,0.4547423124,6.4245057106,,0.2666666666666666,0.4444444444444444,0.0,1,-6.72641,0.3892766237,4.604403019,,0.0,0.1111111111111111,0.0,1,-7.35321,0.3743929863,6.4587683678,,0.4666666666666667,0.5555555555555556,0.0,1,-9.02937,0.3678796589,6.1395015717,,0.1333333333333333,0.3333333333333333,0,1,-6.60591,0.3412365913,4.9823656082,,0.0,0.1111111111111111,0.0,1,10
ZINC000000323903,-7.67295,0.8643755913,6.2501950264,,0.1333333333333333,0.2222222222222222,0,1,-7.03147,0.8639737368,6.7402224541,,0.4666666666666667,0.5555555555555556,0.0,1,-7.0263,0.8475795984,5.8615336418,,0.4,0.6666666666666666,0,1,-8.11828,0.8341282606,6.019487381,,0.2,0.3333333333333333,0.0,1,-7.26956,0.8038341999,6.0478191376,,0.2,0.3333333333333333,0,1,-6.61734,0.6861720681,5.6836891174,,0.6,0.6666666666666666,0.0,1,-6.91162,0.5548723936,5.8853201866,,0.2666666666666666,0.4444444444444444,0.0,1,-7.78391,0.5470558405,5.5951685905,,0.1333333333333333,0.2222222222222222,0.0,1,-7.25414,0.5284566879,5.7060847282,,0.1333333333333333,0.2222222222222222,0,1,-6.61835,0.4687308073,4.5068979263,,0.1333333333333333,0.3333333333333333,0.0,1,10
ZINC000000324179,-6.3935,0.7625849843,5.4989757538,,0.4666666666666667,0.4444444444444444,0,1,-6.74386,0.7207339406,5.3568434715,,0.4,0.3333333333333333,0.0,1,-6.0935,0.6054925323,6.0924963951,,0.4,0.3333333333333333,0,1,-5.77566,0.5091595054,5.3913645744,,0.4666666666666667,0.4444444444444444,0.0,1,-5.59819,0.4444006979,5.1052241325,,0.4,0.3333333333333333,0,1,-6.25574,0.3253982365,5.1725077629,,0.4,0.5555555555555556,0.0,1,-6.24333,0.3139353395,4.4884867668,,0.0666666666666666,0.2222222222222222,0.0,1,-5.5453,0.2582982779,4.0702309608,,0.0,0.1111111111111111,0.0,1,-5.90256,0.2529940605,4.3948922157,,0.0666666666666666,0.1111111111111111,0,1,-6.27148,0.2397980988,4.0299429893,,0.0666666666666666,0.2222222222222222,0.0,1,10
ZINC000000327807,-6.51464,0.7571552992,6.2666115761,,0.5333333333333333,0.6666666666666666,0,1,-6.59021,0.6204593182,6.1326165199,,0.4666666666666667,0.6666666666666666,0.0,1,-6.93083,0.4947221577,4.3841834068,,0.2,0.2222222222222222,0,1,-6.55535,0.4821203947,5.7101573944,,0.4,0.5555555555555556,0.0,1,-5.92497,0.4245622456,5.1963539124,,0.1333333333333333,0.3333333333333333,0,1,-6.11867,0.4094635844,5.6665148735,,0.2666666666666666,0.4444444444444444,0.0,1,-7.53817,0.3906047344,4.679959774,,0.2,0.3333333333333333,0.0,1,-6.03935,0.3901641071,5.3326163292,,0.3333333333333333,0.5555555555555556,0.0,1,-5.72305,0.3898805082,4.260515213,,0.0,0.1111111111111111,0,1,-6.81825,0.356118381,4.4087977409,,0.2,0.2222222222222222,0.0,1,10
ZINC000000330629,-5.66268,0.5730707645,4.915491581,,0.0,0.0,0,1,-5.33176,0.4993930459,3.972007513,,0.0666666666666666,0.1111111111111111,0.0,1,-5.43232,0.4719665349,4.5112423897,,0.0666666666666666,0.1111111111111111,0,1,-5.41577,0.4437173307,4.0593976974,,0.0666666666666666,0.1111111111111111,0.0,1,-4.97222,0.3854893148,4.6342015266,,0.0666666666666666,0.1111111111111111,0,1,-4.90782,0.33416453,4.6202793121,,0.2,0.3333333333333333,0.0,1,-5.20512,0.3147497177,4.6729097366,,0.2,0.3333333333333333,0.0,1,-6.31813,0.2929542959,4.2185139656,,0.0666666666666666,0.1111111111111111,0.0,1,-6.08941,0.2771664858,5.051235199,,0.0666666666666666,0.1111111111111111,0,1,-6.15362,0.2744515836,4.0995993614,,0.0666666666666666,0.1111111111111111,0.0,1,10
ZINC000000337428,-5.35898,0.5452204943,4.3924865723,,0.0666666666666666,0.1111111111111111,0,1,-5.37594,0.3904672265,5.1447443962,,0.0,0.0,0.0,1,-5.90551,0.3870818019,4.7397360802,,0.0,0.1111111111111111,0,1,-5.19307,0.2823721766,4.9823608398,,0.0,0.0,0.0,1,-5.76739,0.2737048864,5.1759171486,,0.3333333333333333,0.3333333333333333,0,1,-5.55796,0.2683576643,4.4605736732,,0.0666666666666666,0.1111111111111111,0.0,1,-5.12929,0.2558584809,4.4216346741,,0.0666666666666666,0.1111111111111111,0.0,1,-5.27597,0.2495311201,4.5515136719,,0.0,0.0,0.0,1,-5.50261,0.247794956,4.4042363167,,0.1333333333333333,0.2222222222222222,0,1,-5.24573,0.2424613982,4.8101630211,,0.0,0.0,0.0,1,10
ZINC000000337498,-5.20173,0.7860953212,3.8323123455,,0.0,0.1111111111111111,0,1,-5.36827,0.7166153193,3.6237564087,,0.0,0.1111111111111111,0.0,1,-6.48892,0.6869235635,4.7934165001,,0.3333333333333333,0.6666666666666666,0,1,-5.63659,0.6746543646,3.6344120502,,0.1333333333333333,0.2222222222222222,0.0,1,-5.99449,0.6639448404,3.5878143311,,0.0,0.1111111111111111,0,1,-6.2338,0.6458244324,4.7489638329,,0.4666666666666667,0.6666666666666666,0.0,1,-6.73493,0.6404125094,4.215669632,,0.4,0.6666666666666666,0.0,1,-6.70013,0.6316026449,4.2148323059,,0.4,0.6666666666666666,0.0,1,-5.94332,0.6167020798,3.5968430042,,0.0,0.1111111111111111,0,1,-5.95777,0.5814467669,3.5591952801,,0.0,0.1111111111111111,0.0,1,10
ZINC000000345342,-5.72025,0.6972249746,4.8381018639,,0.4,0.6666666666666666,0,1,-6.35299,0.6322504282,4.8635253906,,0.2,0.3333333333333333,0.0,1,-5.52639,0.4434687197,4.865978241,,0.0,0.1111111111111111,0,1,-5.79483,0.3703050613,5.1707782745,,0.2,0.3333333333333333,0.0,1,-6.02573,0.3558937907,4.5952553749,,0.3333333333333333,0.4444444444444444,0,1,-6.05344,0.2730847597,4.7535367012,,0.0,0.0,0.0,1,-5.96653,0.2646115422,4.7424893379,,0.2,0.3333333333333333,0.0,1,-5.51977,0.2573258877,4.6269078255,,0.0666666666666666,0.1111111111111111,0.0,1,-5.95969,0.2478480339,4.5928549767,,0.0,0.0,0,1,-5.99695,0.2251028121,4.6236872673,,0.2,0.3333333333333333,0.0,1,10
ZINC000000347497,-7.16925,0.850558579,5.8392415047,,0.4,0.4444444444444444,0,1,-6.76019,0.8259896636,5.763856411,,0.2,0.3333333333333333,0.0,1,-6.75331,0.7964052558,5.6060848236,,0.4,0.4444444444444444,0,1,-6.8577,0.7600339055,5.9668097496,,0.3333333333333333,0.5555555555555556,0.0,1,-6.19642,0.7110326886,5.9154896736,,0.5333333333333333,0.6666666666666666,0,1,-6.56221,0.5945448875,5.0080451965,,0.2,0.3333333333333333,0.0,1,-5.87351,0.5744070411,4.9498004913,,0.4,0.5555555555555556,0.0,1,-6.491,0.5562540293,5.3895168304,,0.2666666666666666,0.5555555555555556,0.0,1,-6.1689,0.5336480141,4.8096404076,,0.4666666666666667,0.6666666666666666,0,1,-5.93175,0.5329626799,4.6743164062,,0.4,0.4444444444444444,0.0,1,10
ZINC000000348388,-6.38352,0.5379477143,6.0626583099,,0.5333333333333333,0.5555555555555556,0,1,-6.86478,0.5304542184,5.3534579277,,0.0666666666666666,0.1111111111111111,0.0,1,-7.09745,0.5183050036,6.4683494568,,0.2,0.3333333333333333,0,1,-6.43254,0.4861056507,6.3538684845,,0.2,0.3333333333333333,0.0,1,-6.81406,0.3251140416,6.1117897034,,0.4666666666666667,0.6666666666666666,0,1,-7.42849,0.295367837,5.5092272758,,0.2,0.3333333333333333,0.0,1,-6.36344,0.2691189945,5.1427512169,,0.0,0.1111111111111111,0.0,1,-6.82416,0.2626460493,4.3070631027,,0.0,0.1111111111111111,0.0,1,-6.97544,0.2612172961,5.8663544655,,0.3333333333333333,0.5555555555555556,0,1,-6.6756,0.2529598475,4.3704752922,,0.0,0.1111111111111111,0.0,1,10
ZINC000000351088,-6.56764,0.5168186426,5.3817610741,,0.0666666666666666,0.1111111111111111,0,1,-6.54407,0.325456202,5.2179617882,,0.2,0.2222222222222222,0.0,1,-6.79946,0.3217305541,5.4421257973,,0.2,0.2222222222222222,0,1,-6.73591,0.2994496226,5.4254589081,,0.2,0.2222222222222222,0.0,1,-6.64093,0.2770843804,4.752474308,,0.2,0.2222222222222222,0,1,-6.55788,0.2617694139,4.9934520721,,0.1333333333333333,0.2222222222222222,0.0,1,-6.25238,0.2517883182,4.3917412758,,0.1333333333333333,0.3333333333333333,0.0,1,-6.13636,0.237762779,5.1951022148,,0.1333333333333333,0.2222222222222222,0.0,1,-6.60707,0.2283223569,4.8897557259,,0.1333333333333333,0.2222222222222222,0,1,-6.47613,0.2102430463,4.8239550591,,0.2,0.2222222222222222,0.0,1,10
ZINC000000352599,-5.24428,0.4362691045,6.5479979515,,0.2,0.3333333333333333,0,1,-5.95489,0.3151609004,5.6108059883,,0.2,0.2222222222222222,0.0,1,-5.59065,0.2959346473,5.0865306854,,0.0,0.0,0,1,-5.95986,0.267870158,5.2817234993,,0.0,0.1111111111111111,0.0,1,-5.87009,0.2649538517,5.056327343,,0.0,0.1111111111111111,0,1,-6.1931,0.2634500861,5.504283905,,0.2,0.2222222222222222,0.0,1,-5.7278,0.2607762814,4.7803301811,,0.0,0.0,0.0,1,-5.4446,0.2534668446,4.9064106941,,0.0,0.1111111111111111,0.0,1,-6.16199,0.2395279557,5.5743870735,,0.0,0.1111111111111111,0,1,-5.90038,0.2169330418,5.2311401367,,0.0666666666666666,0.1111111111111111,0.0,1,10
ZINC000000359843,-5.47227,0.3568338156,4.4298424721,,0.0,0.1111111111111111,0,1,-5.70703,0.3524919748,4.4881129265,,0.0,0.1111111111111111,0.0,1,-6.04235,0.2975060344,4.4022965431,,0.0666666666666666,0.1111111111111111,0,1,-5.73993,0.2783824801,4.3607501984,,0.0,0.1111111111111111,0.0,1,-6.35158,0.2712166309,5.8203320503,,0.1333333333333333,0.3333333333333333,0,1,-7.25735,0.2668071389,5.0331625938,,0.2,0.3333333333333333,0.0,1,-6.47169,0.2372933179,4.1906752586,,0.0,0.1111111111111111,0.0,1,-5.64778,0.2343129069,4.9359679222,,0.2,0.3333333333333333,0.0,1,-6.92064,0.2279928774,6.158870697,,0.2,0.3333333333333333,0,1,-6.54791,0.2271917909,4.2359833717,,0.0666666666666666,0.2222222222222222,0.0,1,10
ZINC000000359845,-6.3168,0.7329739928,4.5400147438,,0.0666666666666666,0.2222222222222222,0,1,-6.33208,0.4436743557,4.4663820267,,0.2,0.2222222222222222,0.0,1,-5.38461,0.4150175452,3.8642084599,,0.0,0.1111111111111111,0,1,-5.20411,0.3926231861,4.5529270172,,0.0,0.1111111111111111,0.0,1,-5.18603,0.3542009592,4.089152813,,0.0666666666666666,0.1111111111111111,0,1,-5.47035,0.3414508104,4.2327346802,,0.0666666666666666,0.1111111111111111,0.0,1,-5.50546,0.3281101882,4.4783706665,,0.1333333333333333,0.2222222222222222,0.0,1,-5.46982,0.3175447285,4.3206658363,,0.1333333333333333,0.2222222222222222,0.0,1,-5.47533,0.3054190278,4.2570366859,,0.0666666666666666,0.1111111111111111,0,1,-5.75116,0.2710256577,4.6962409019,,0.0666666666666666,0.1111111111111111,0.0,1,10
ZINC000000359884,-6.02755,0.5364679694,4.8217105865,,0.0666666666666666,0.1111111111111111,0,1,-6.21421,0.362558037,5.6532840729,,0.4,0.3333333333333333,0.0,1,-5.71919,0.28228724,4.4979109764,,0.0666666666666666,0.1111111111111111,0,1,-6.40857,0.2551723719,4.944580555,,0.0666666666666666,0.2222222222222222,0.0,1,-6.23694,0.2499594837,4.0736813545,,0.0,0.1111111111111111,0,1,-5.97587,0.2498887628,4.8759512901,,0.2,0.2222222222222222,0.0,1,-7.53292,0.2273300737,4.9548230171,,0.1333333333333333,0.2222222222222222,0.0,1,-5.68411,0.2230696678,3.9247777462,,0.0666666666666666,0.1111111111111111,0.0,1,-5.65106,0.2079048455,3.8906135559,,0.0,0.1111111111111111,0,1,-6.91526,0.2033674568,4.8548469543,,0.0666666666666666,0.2222222222222222,0.0,1,10
ZINC000000359885,-7.02163,0.8344144225,6.5393428802,,0.4,0.4444444444444444,0,1,-6.11591,0.6168462038,6.362054348,,0.4666666666666667,0.5555555555555556,0.0,1,-6.28814,0.5897342563,6.308359623,,0.4,0.5555555555555556,0,1,-6.16698,0.5612468719,5.2980232239,,0.0,0.1111111111111111,0.0,1,-5.82599,0.5523952246,5.2670092583,,0.0,0.1111111111111111,0,1,-6.23479,0.5007802844,6.2847499847,,0.3333333333333333,0.3333333333333333,0.0,1,-5.77969,0.4983198345,4.2487034798,,0.0666666666666666,0.1111111111111111,0.0,1,-5.9209,0.495308578,5.3233451843,,0.0,0.1111111111111111,0.0,1,-6.53974,0.4052819312,5.536793232,,0.6,0.6666666666666666,0,1,-6.88793,0.3990002573,5.6107735634,,0.5333333333333333,0.6666666666666666,0.0,1,10
ZINC000000359984,-5.09547,0.4270541072,5.4008827209,,0.2666666666666666,0.3333333333333333,0,1,-6.4269,0.3720585108,5.7665572166,,0.1333333333333333,0.1111111111111111,0.0,1,-6.15203,0.3547208309,5.7078127861,,0.2666666666666666,0.3333333333333333,0,1,-5.24394,0.3491042852,4.7502140999,,0.0666666666666666,0.1111111111111111,0.0,1,-4.96189,0.3445793688,4.4956684113,,0.2666666666666666,0.3333333333333333,0,1,-6.07839,0.3200980425,5.4467945099,,0.2,0.2222222222222222,0.0,1,-5.5192,0.3093134463,5.2832746506,,0.0,0.0,0.0,1,-6.0562,0.2885396481,5.4135069847,,0.2666666666666666,0.3333333333333333,0.0,1,-5.28828,0.2634701431,4.9921150208,,0.2666666666666666,0.3333333333333333,0,1,-5.69734,0.2555339634,5.3727879524,,0.2,0.2222222222222222,0.0,1,10
ZINC000000360052,-7.56561,0.6415390968,6.3233008385,,0.2666666666666666,0.3333333333333333,0,1,-6.14266,0.6349208951,6.3425803185,,0.2,0.3333333333333333,0.0,1,-6.50949,0.6153822541,6.514934063,,0.2,0.4444444444444444,0,1,-7.03187,0.6013658047,6.377717495,,0.2,0.3333333333333333,0.0,1,-6.97982,0.5329098701,6.1720376015,,0.2666666666666666,0.5555555555555556,0,1,-7.05985,0.5118530393,6.1889719963,,0.2666666666666666,0.4444444444444444,0.0,1,-7.30762,0.4789509475,6.0192370415,,0.2666666666666666,0.4444444444444444,0.0,1,-6.13622,0.4749441743,5.5963306427,,0.3333333333333333,0.4444444444444444,0.0,1,-5.74334,0.4728816152,4.8162193298,,0.1333333333333333,0.2222222222222222,0,1,-6.01857,0.4373010695,5.858707428,,0.3333333333333333,0.5555555555555556,0.0,1,10
ZINC000000360271,-4.88613,0.7807492018,3.8586337566,,0.0,0.1111111111111111,0,1,-4.49569,0.7409579158,3.9697301388,,0.0,0.1111111111111111,0.0,1,-4.54555,0.6781723499,3.9973728657,,0.0,0.1111111111111111,0,1,-4.51029,0.6221785545,3.429671526,,0.0,0.0,0.0,1,-5.5419,0.5843721628,4.7090315819,,0.3333333333333333,0.5555555555555556,0,1,-4.5299,0.5706915855,3.5096321106,,0.0,0.0,0.0,1,-5.36136,0.5325479507,4.7432742119,,0.2,0.3333333333333333,0.0,1,-5.50763,0.5191799998,4.4936470985,,0.2666666666666666,0.3333333333333333,0.0,1,-5.52285,0.5021513104,4.9020442963,,0.4,0.5555555555555556,0,1,-5.36954,0.4898244441,4.3941998482,,0.3333333333333333,0.5555555555555556,0.0,1,10
ZINC000000360386,-8.29986,0.9547207355,7.2958712578,,0.4,0.5555555555555556,0,1,-7.66335,0.8916422725,6.9036407471,,0.4666666666666667,0.5555555555555556,0.0,1,-6.38637,0.8058695793,6.8525214195,,0.4,0.4444444444444444,0,1,-8.69162,0.7767233849,6.7262883186,,0.4,0.6666666666666666,0.0,1,-7.87654,0.7640125155,6.4570426941,,0.3333333333333333,0.4444444444444444,0,1,-8.52358,0.751231432,6.5395703316,,0.4,0.5555555555555556,0.0,1,-7.04381,0.7504572272,6.4590010643,,0.4666666666666667,0.5555555555555556,0.0,1,-6.67631,0.7301397324,6.648332119,,0.4,0.5555555555555556,0.0,1,-8.11449,0.7049859762,6.2979493141,,0.2,0.3333333333333333,0,1,-8.16158,0.6809504628,6.334602356,,0.2,0.3333333333333333,0.0,1,10
ZINC000000360577,-5.4845,0.8910957575,4.9016141891,,0.5333333333333333,0.5555555555555556,0,1,-4.75443,0.8771184087,5.4018292427,,0.4,0.6666666666666666,0.0,1,-5.43121,0.8174855709,5.4712309837,,0.4,0.3333333333333333,0,1,-4.62929,0.8124214411,5.0864539146,,0.4666666666666667,0.5555555555555556,0.0,1,-5.6222,0.7638226151,4.9065098763,,0.4,0.3333333333333333,0,1,-4.97462,0.6453447938,4.8612632751,,0.3333333333333333,0.4444444444444444,0.0,1,-4.2854,0.5244607925,3.473991394,,0.0,0.1111111111111111,0.0,1,-5.1721,0.5183648467,3.7006015778,,0.0666666666666666,0.2222222222222222,0.0,1,-4.72014,0.5048858523,3.9068706036,,0.1333333333333333,0.2222222222222222,0,1,-4.89342,0.5020568371,3.3735854626,,0.1333333333333333,0.2222222222222222,0.0,1,10
ZINC000000361554,-7.57418,0.7347694635,5.428630352,,0.5333333333333333,0.6666666666666666,0,1,-7.32879,0.7181611061,5.2690958977,,0.4,0.6666666666666666,0.0,1,-7.06246,0.6261060834,4.8437275887,,0.5333333333333333,0.7777777777777778,0,1,-8.73078,0.538921237,6.6336784363,,0.3333333333333333,0.5555555555555556,0.0,1,-8.26446,0.5070839524,5.3830189705,,0.0666666666666666,0.1111111111111111,0,1,-8.60523,0.4617763162,5.0474658012,,0.1333333333333333,0.2222222222222222,0.0,1,-8.19122,0.396471113,5.1365008354,,0.1333333333333333,0.2222222222222222,0.0,1,-7.71378,0.3956503868,4.8743748665,,0.4,0.4444444444444444,0.0,1,-7.34885,0.3820850551,4.7733530998,,0.3333333333333333,0.4444444444444444,0,1,-8.32474,0.381965816,5.8834056854,,0.3333333333333333,0.4444444444444444,0.0,1,10
ZINC000000365681,-5.38722,0.7066290379,4.7499880791,,0.0,0.0,0,1,-5.51841,0.6666291952,5.248696804,,0.0,0.0,0.0,1,-5.55747,0.5920421481,4.8251171112,,0.0,0.1111111111111111,0,1,-6.26529,0.4671839476,4.643219471,,0.0666666666666666,0.1111111111111111,0.0,1,-5.09388,0.2969773412,3.5919179916,,0.1333333333333333,0.2222222222222222,0,1,-5.60202,0.266325891,4.1598987579,,0.0,0.1111111111111111,0.0,1,-5.37128,0.260850966,4.5544629097,,0.1333333333333333,0.2222222222222222,0.0,1,-5.24146,0.246232599,3.6682491302,,0.0,0.1111111111111111,0.0,1,-5.70717,0.2305049896,4.5802502632,,0.2,0.3333333333333333,0,1,-5.25265,0.2159554064,4.4073467255,,0.0,0.1111111111111111,0.0,1,10
ZINC000000369882,-6.75255,0.5437266827,4.9452242851,,0.5333333333333333,0.5555555555555556,0,1,-6.55037,0.5250829458,4.9391384125,,0.6,0.6666666666666666,0.0,1,-5.52363,0.4344164133,4.6675581932,,0.2,0.2222222222222222,0,1,-5.79045,0.3022024333,4.2716259956,,0.3333333333333333,0.3333333333333333,0.0,1,-6.35829,0.294090718,4.5374679565,,0.1333333333333333,0.2222222222222222,0,1,-6.43785,0.2818886936,4.6900043488,,0.2,0.3333333333333333,0.0,1,-5.85214,0.2781708539,4.586192131,,0.2,0.2222222222222222,0.0,1,-5.41273,0.2722089589,4.282889843,,0.0,0.1111111111111111,0.0,1,-5.89302,0.2699568868,4.6377339363,,0.2666666666666666,0.3333333333333333,0,1,-6.23024,0.2535214126,4.7930903435,,0.2,0.2222222222222222,0.0,1,10
ZINC000000375499,-6.26521,0.8016657829,6.025226593,,0.4,0.5555555555555556,0,1,-6.99947,0.7783222198,6.320127964,,0.3333333333333333,0.5555555555555556,0.0,1,-6.43342,0.7428469658,6.7355103493,,0.5333333333333333,0.5555555555555556,0,1,-6.48305,0.7399448752,5.9592819214,,0.4,0.6666666666666666,0.0,1,-6.22168,0.583434999,6.4628677368,,0.3333333333333333,0.4444444444444444,0,1,-6.5099,0.5479177237,6.6602950096,,0.5333333333333333,0.5555555555555556,0.0,1,-6.07585,0.4102778137,6.3216710091,,0.4666666666666667,0.4444444444444444,0.0,1,-5.85403,0.3228778541,5.3993415833,,0.1333333333333333,0.2222222222222222,0.0,1,-5.54592,0.3226794899,4.8907527924,,0.0,0.1111111111111111,0,1,-7.02341,0.3223022223,5.7591357231,,0.1333333333333333,0.2222222222222222,0.0,1,10
ZINC000000378400,-6.45202,0.5061138868,5.5031762123,,0.3333333333333333,0.3333333333333333,0,1,-6.33723,0.4215123653,5.0945940018,,0.3333333333333333,0.5555555555555556,0.0,1,-6.51745,0.3235965371,5.4377217293,,0.2666666666666666,0.3333333333333333,0,1,-6.02777,0.2808218896,4.1240735054,,0.0,0.1111111111111111,0.0,1,-6.12428,0.2629258037,5.255259037,,0.2,0.3333333333333333,0,1,-6.37347,0.256896168,5.7195372581,,0.2666666666666666,0.4444444444444444,0.0,1,-7.15739,0.2457203865,5.0144906044,,0.2666666666666666,0.3333333333333333,0.0,1,-5.93554,0.2080790401,5.5882735252,,0.2666666666666666,0.4444444444444444,0.0,1,-6.57308,0.1802555919,5.2385468483,,0.6,0.7777777777777778,0,1,-6.18874,0.1770494133,4.4456863403,,0.0666666666666666,0.2222222222222222,0.0,1,10
ZINC000000380578,-6.83114,0.2546151876,4.8769226074,,0.0,0.1111111111111111,0,1,-6.92525,0.2425071448,4.7353997231,,0.0666666666666666,0.1111111111111111,0.0,1,-6.58169,0.2263776064,4.8076004982,,0.0,0.1111111111111111,0,1,-6.77472,0.2220496535,4.6093859673,,0.0666666666666666,0.1111111111111111,0.0,1,-6.47542,0.2215652317,4.8123517036,,0.0,0.1111111111111111,0,1,-7.00823,0.216218859,4.8924469948,,0.0666666666666666,0.1111111111111111,0.0,1,-6.57385,0.2093535513,4.7258820534,,0.0666666666666666,0.2222222222222222,0.0,1,-6.80102,0.1967969984,4.6787734032,,0.0,0.1111111111111111,0.0,1,-6.74134,0.189476639,4.7417283058,,0.0666666666666666,0.1111111111111111,0,1,-6.60432,0.179806307,4.76684618,,0.0666666666666666,0.1111111111111111,0.0,1,10
ZINC000000380785,-7.13876,0.4180149436,6.2714018822,,0.2666666666666666,0.4444444444444444,0,1,-6.41179,0.3859548271,5.5994868279,,0.0666666666666666,0.2222222222222222,0.0,1,-6.36508,0.3733264804,5.0896735191,,0.0,0.1111111111111111,0,1,-6.92572,0.3704184294,5.1919522285,,0.0,0.1111111111111111,0.0,1,-7.86968,0.3564921916,6.0979995728,,0.3333333333333333,0.5555555555555556,0,1,-7.4698,0.3137879074,5.8647723198,,0.0666666666666666,0.2222222222222222,0.0,1,-7.58244,0.3093287647,5.7223248482,,0.1333333333333333,0.2222222222222222,0.0,1,-6.99728,0.2641226649,5.7975125313,,0.2,0.2222222222222222,0.0,1,-7.15902,0.2268988341,5.9415411949,,0.1333333333333333,0.2222222222222222,0,1,-7.43164,0.2148195207,5.9393248558,,0.2666666666666666,0.4444444444444444,0.0,1,10
ZINC000000380916,-7.00411,0.6603226662,6.156042099,,0.2666666666666666,0.4444444444444444,0,1,-6.29491,0.5566328168,3.9936726093,,0.0,0.1111111111111111,0.0,1,-5.97809,0.5507489443,5.0556769371,,0.4666666666666667,0.6666666666666666,0,1,-6.91793,0.5313566327,5.6291518211,,0.2,0.3333333333333333,0.0,1,-6.6172,0.5095031261,5.6227660179,,0.1333333333333333,0.2222222222222222,0,1,-6.47539,0.4519679546,5.3460731506,,0.2666666666666666,0.3333333333333333,0.0,1,-6.70699,0.417640388,4.4660758972,,0.2,0.4444444444444444,0.0,1,-7.55307,0.4110042453,5.3348937035,,0.1333333333333333,0.2222222222222222,0.0,1,-7.05848,0.3883678615,4.2425913811,,0.0,0.1111111111111111,0,1,-7.23754,0.3535448313,4.7758293152,,0.2,0.3333333333333333,0.0,1,10
ZINC000000381309,-6.16466,0.5141823888,4.9999575615,,0.1333333333333333,0.2222222222222222,0,1,-6.24372,0.4253482819,4.529897213,,0.0,0.1111111111111111,0.0,1,-6.3237,0.4096952677,4.9202136993,,0.4,0.4444444444444444,0,1,-6.2342,0.4057376683,5.4577975273,,0.1333333333333333,0.2222222222222222,0.0,1,-7.59181,0.3923050165,4.8744797707,,0.1333333333333333,0.3333333333333333,0,1,-7.3581,0.3693588674,5.2283482552,,0.1333333333333333,0.2222222222222222,0.0,1,-5.88043,0.3183238804,4.8690495491,,0.0,0.1111111111111111,0.0,1,-6.33466,0.3066706359,4.5788636208,,0.2,0.3333333333333333,0.0,1,-7.85562,0.3060131669,4.5982689857,,0.0666666666666666,0.2222222222222222,0,1,-7.67353,0.2976568043,5.2227082253,,0.0666666666666666,0.2222222222222222,0.0,1,10
ZINC000000382756,-5.34161,0.7380827069,4.7234725952,,0.3333333333333333,0.3333333333333333,0,1,-4.60425,0.591130197,3.6084930897,,0.0666666666666666,0.1111111111111111,0.0,1,-4.70867,0.5729285479,3.8818676472,,0.0666666666666666,0.2222222222222222,0,1,-4.77286,0.5687325597,4.1988220215,,0.0666666666666666,0.1111111111111111,0.0,1,-4.45235,0.5492383838,4.931125164,,0.2666666666666666,0.4444444444444444,0,1,-4.54743,0.5220182538,3.7701499462,,0.0666666666666666,0.1111111111111111,0.0,1,-4.46376,0.4943360686,3.8296718597,,0.0,0.1111111111111111,0.0,1,-4.77169,0.4884522557,3.5575485229,,0.1333333333333333,0.2222222222222222,0.0,1,-4.97231,0.4654533565,4.5590939522,,0.3333333333333333,0.3333333333333333,0,1,-4.78732,0.3684060574,4.2226758003,,0.2,0.2222222222222222,0.0,1,10
ZINC000000383044,-5.83745,0.8324383497,4.9107303619,,0.4666666666666667,0.6666666666666666,0,1,-6.00495,0.8250578046,4.8630046844,,0.5333333333333333,0.6666666666666666,0.0,1,-5.5445,0.7269188166,4.3883595467,,0.5333333333333333,0.6666666666666666,0,1,-5.08216,0.6685923338,3.6474888325,,0.0,0.1111111111111111,0.0,1,-5.03879,0.6377663016,3.5691936016,,0.0,0.1111111111111111,0,1,-5.5785,0.5799618959,3.4694588184,,0.1333333333333333,0.2222222222222222,0.0,1,-5.49941,0.5663014054,3.6357746124,,0.0,0.1111111111111111,0.0,1,-5.58214,0.5540655851,3.4982528687,,0.0,0.1111111111111111,0.0,1,-5.79488,0.5534683466,3.5965874195,,0.2,0.2222222222222222,0,1,-5.71221,0.5310522318,3.5777752399,,0.0666666666666666,0.2222222222222222,0.0,1,10
ZINC000000383090,-6.07857,0.9624852538,6.5626220703,,0.4666666666666667,0.4444444444444444,0,1,-6.18278,0.8964522481,6.737279892,,0.4,0.5555555555555556,0.0,1,-6.67817,0.8880838752,6.4682025909,,0.2666666666666666,0.4444444444444444,0,1,-6.77057,0.88707757,6.6488623619,,0.3333333333333333,0.5555555555555556,0.0,1,-5.58187,0.856631577,5.8975577354,,0.4,0.5555555555555556,0,1,-5.43437,0.7830016017,4.7265548706,,0.4666666666666667,0.6666666666666666,0.0,1,-5.9968,0.76105088,6.4523339272,,0.2666666666666666,0.4444444444444444,0.0,1,-5.21737,0.5713174939,5.1372981071,,0.3333333333333333,0.4444444444444444,0.0,1,-5.60261,0.5340593457,6.013343811,,0.2,0.3333333333333333,0,1,-5.21347,0.5285570025,5.4739832878,,0.4,0.4444444444444444,0.0,1,10
ZINC000000384547,-8.61064,0.7691053748,6.446788311,,0.1333333333333333,0.2222222222222222,0,1,-7.93659,0.736982584,5.8435082436,,0.0666666666666666,0.1111111111111111,0.0,1,-7.80181,0.7342686057,6.0234847069,,0.2666666666666666,0.4444444444444444,0,1,-6.99681,0.7074827552,4.9600982666,,0.0,0.1111111111111111,0.0,1,-6.86157,0.7000547647,5.477909565,,0.0666666666666666,0.1111111111111111,0,1,-7.52099,0.6602804065,6.1550498009,,0.3333333333333333,0.5555555555555556,0.0,1,-8.31243,0.582600832,5.8067417145,,0.1333333333333333,0.2222222222222222,0.0,1,-8.33866,0.5800718665,5.7084064484,,0.0666666666666666,0.1111111111111111,0.0,1,-8.80856,0.483897984,5.9612402916,,0.2,0.3333333333333333,0,1,-8.35496,0.44229123,5.9222283363,,0.2,0.2222222222222222,0.0,1,10
ZINC000000386047,-7.91214,0.8686538935,6.5438594818,,0.4666666666666667,0.4444444444444444,0,1,-6.27963,0.8511420488,6.0115566254,,0.6666666666666666,0.6666666666666666,0.0,1,-6.76412,0.7967733145,6.4674892426,,0.6,0.5555555555555556,0,1,-7.3469,0.7626317739,6.5237064362,,0.5333333333333333,0.5555555555555556,0.0,1,-7.54379,0.7267256975,6.8970980644,,0.3333333333333333,0.4444444444444444,0,1,-8.33764,0.7072739601,6.2604670525,,0.4,0.5555555555555556,0.0,1,-8.41112,0.6651682854,6.4459996223,,0.3333333333333333,0.4444444444444444,0.0,1,-7.76614,0.6555968523,6.7683472633,,0.4,0.5555555555555556,0.0,1,-6.89111,0.5827637911,6.5172286034,,0.2666666666666666,0.3333333333333333,0,1,-8.4543,0.5085506439,6.1683392525,,0.4,0.4444444444444444,0.0,1,10
ZINC000000387237,-7.31451,0.7949943542,6.4523100853,,0.2,0.3333333333333333,0,1,-8.19297,0.756485343,6.2447109222,,0.3333333333333333,0.4444444444444444,0.0,1,-6.82127,0.7007915974,6.6445422173,,0.2,0.3333333333333333,0,1,-6.77287,0.6721098423,6.6417922974,,0.3333333333333333,0.4444444444444444,0.0,1,-7.36981,0.6125051975,6.1624183655,,0.3333333333333333,0.4444444444444444,0,1,-8.23058,0.6005160809,5.4280662537,,0.2,0.3333333333333333,0.0,1,-6.79408,0.5146837831,5.895169735,,0.2666666666666666,0.4444444444444444,0.0,1,-7.58669,0.449724406,4.6859116554,,0.3333333333333333,0.3333333333333333,0.0,1,-8.50146,0.4401161671,5.6558785439,,0.2,0.3333333333333333,0,1,-6.60383,0.4203495979,5.7376923561,,0.3333333333333333,0.5555555555555556,0.0,1,10
ZINC000000387313,-6.35992,0.3794360757,4.7987117767,,0.0666666666666666,0.1111111111111111,0,1,-5.91204,0.3787109852,4.3268485069,,0.0666666666666666,0.1111111111111111,0.0,1,-5.87578,0.3751497865,4.399336338,,0.0666666666666666,0.1111111111111111,0,1,-6.45592,0.3736396432,4.7830486298,,0.0666666666666666,0.1111111111111111,0.0,1,-5.44025,0.3721348047,4.5089182854,,0.0666666666666666,0.1111111111111111,0,1,-5.47517,0.3293732107,4.6558823586,,0.0666666666666666,0.1111111111111111,0.0,1,-6.06026,0.2139226049,4.796585083,,0.2,0.2222222222222222,0.0,1,-5.74414,0.2105039656,4.7262454033,,0.1333333333333333,0.2222222222222222,0.0,1,-5.45075,0.2071914226,4.2530684471,,0.0666666666666666,0.1111111111111111,0,1,-5.78343,0.2057155073,4.4389610291,,0.1333333333333333,0.2222222222222222,0.0,1,10
ZINC000000387317,-6.798,0.4440878034,5.4380059242,,0.2,0.2222222222222222,0,1,-8.3555,0.4257172644,4.9890375137,,0.0,0.1111111111111111,0.0,1,-7.59992,0.3794573545,4.7491593361,,0.0,0.1111111111111111,0,1,-7.12725,0.3744195998,4.7757101059,,0.0666666666666666,0.1111111111111111,0.0,1,-7.17643,0.3695471287,4.7734541893,,0.3333333333333333,0.3333333333333333,0,1,-8.06028,0.3658819497,4.8788375854,,0.0666666666666666,0.2222222222222222,0.0,1,-6.15213,0.3647133112,4.0342679024,,0.0,0.1111111111111111,0.0,1,-6.72222,0.3625754416,5.6012420654,,0.5333333333333333,0.5555555555555556,0.0,1,-6.84023,0.3569295108,4.2684440613,,0.0,0.1111111111111111,0,1,-6.95511,0.3546382189,4.773411274,,0.4666666666666667,0.4444444444444444,0.0,1,10
ZINC000000387383,-6.94491,0.7526127696,6.4477705956,,0.2,0.3333333333333333,0,1,-8.39149,0.5994922519,5.8094182014,,0.2666666666666666,0.3333333333333333,0.0,1,-6.78861,0.5992350578,6.1857619286,,0.1333333333333333,0.2222222222222222,0,1,-8.34505,0.5527949333,5.7009797096,,0.2666666666666666,0.3333333333333333,0.0,1,-7.77449,0.5243977308,5.363260746,,0.2,0.3333333333333333,0,1,-6.57142,0.5170288086,4.548769474,,0.0666666666666666,0.2222222222222222,0.0,1,-6.5432,0.5002356172,4.5402355194,,0.0666666666666666,0.2222222222222222,0.0,1,-7.58083,0.4881004393,5.581823349,,0.0666666666666666,0.1111111111111111,0.0,1,-6.8519,0.4336263537,6.0034294128,,0.2,0.3333333333333333,0,1,-6.67625,0.4042876959,5.6820807457,,0.1333333333333333,0.2222222222222222,0.0,1,10
ZINC000000387448,-6.2017,0.8686855435,5.0835876465,,0.0,0.1111111111111111,0,1,-5.96107,0.8209210634,5.127676487,,0.0,0.1111111111111111,0.0,1,-6.18631,0.8008582592,4.8548645973,,0.0,0.1111111111111111,0,1,-5.30199,0.7610610723,5.3129997253,,0.0,0.1111111111111111,0.0,1,-6.13678,0.7076314092,4.7777848244,,0.0,0.1111111111111111,0,1,-5.95242,0.6573557258,4.8539147377,,0.0,0.1111111111111111,0.0,1,-6.05875,0.6029681563,4.9050388336,,0.0,0.1111111111111111,0.0,1,-7.14367,0.555273056,5.891866684,,0.6666666666666666,0.8888888888888888,0.0,1,-5.93678,0.4883182049,4.9483413696,,0.0,0.1111111111111111,0,1,-6.84286,0.4194477499,4.7714705467,,0.2,0.2222222222222222,0.0,1,10
ZINC000000388800,-7.35189,0.8186576962,5.7105374336,,0.6,0.7777777777777778,0,1,-6.57068,0.7327598929,6.0971636772,,0.4,0.4444444444444444,0.0,1,-7.40737,0.6613472104,5.8207001686,,0.6666666666666666,0.8888888888888888,0,1,-7.24017,0.5993634462,5.6575832367,,0.4,0.4444444444444444,0.0,1,-7.30798,0.5868742466,5.6662230492,,0.2,0.3333333333333333,0,1,-6.96928,0.5534728765,5.4067063332,,0.2666666666666666,0.3333333333333333,0.0,1,-8.32969,0.5491755009,5.8436179161,,0.2666666666666666,0.4444444444444444,0.0,1,-8.45758,0.4646934867,5.8446102142,,0.2,0.3333333333333333,0.0,1,-6.72841,0.4611327052,6.6265978813,,0.4666666666666667,0.5555555555555556,0,1,-6.72682,0.4607750475,5.3229022026,,0.6,0.7777777777777778,0.0,1,10
ZINC000000389287,-6.52747,0.6113602519,6.3960270882,,0.4666666666666667,0.6666666666666666,0,1,-6.67718,0.5924061537,6.1099896431,,0.4666666666666667,0.5555555555555556,0.0,1,-6.68257,0.4934592247,5.9873566628,,0.4666666666666667,0.5555555555555556,0,1,-6.67905,0.3933128119,6.0085716248,,0.4666666666666667,0.6666666666666666,0.0,1,-6.24177,0.3770790994,5.6242623329,,0.4,0.5555555555555556,0,1,-5.51546,0.3629508317,4.7864203453,,0.1333333333333333,0.2222222222222222,0.0,1,-5.94789,0.275832057,4.3153691292,,0.0666666666666666,0.1111111111111111,0.0,1,-5.64722,0.2445575297,4.8408942223,,0.0666666666666666,0.1111111111111111,0.0,1,-5.61574,0.22322312,5.2772674561,,0.4,0.5555555555555556,0,1,-6.45852,0.2228024304,5.632162571,,0.4666666666666667,0.6666666666666666,0.0,1,10
ZINC000000389456,-5.89222,0.4538030624,5.3191580772,,0.0666666666666666,0.2222222222222222,0,1,-5.82327,0.4430107176,5.1631813049,,0.0,0.0,0.0,1,-6.16282,0.2869545519,4.9629497528,,0.0,0.1111111111111111,0,1,-6.71089,0.2849659026,5.0365080833,,0.0,0.1111111111111111,0.0,1,-6.38094,0.269575268,4.9376997948,,0.0,0.1111111111111111,0,1,-5.85862,0.2646406889,4.9284625053,,0.1333333333333333,0.2222222222222222,0.0,1,-6.44806,0.2541332245,5.0514602661,,0.1333333333333333,0.2222222222222222,0.0,1,-6.49813,0.2422652096,5.0122895241,,0.0666666666666666,0.1111111111111111,0.0,1,-6.29652,0.2286708057,5.1156315804,,0.0666666666666666,0.1111111111111111,0,1,-6.7932,0.2243655324,4.7322897911,,0.0,0.1111111111111111,0.0,1,10
ZINC000000390502,-5.35054,0.3237431049,5.0898909569,,0.0,0.1111111111111111,0,1,-5.47414,0.2853655219,4.6644701958,,0.0666666666666666,0.1111111111111111,0.0,1,-5.58085,0.2707580328,5.2054247856,,0.1333333333333333,0.2222222222222222,0,1,-5.58925,0.2672780156,4.1478829384,,0.0,0.1111111111111111,0.0,1,-5.96772,0.2578240037,5.4842782021,,0.0666666666666666,0.1111111111111111,0,1,-5.71944,0.2372231185,5.4676270485,,0.2666666666666666,0.4444444444444444,0.0,1,-5.65467,0.2257517278,4.4728913307,,0.0666666666666666,0.1111111111111111,0.0,1,-5.62988,0.2099264264,5.364127636,,0.1333333333333333,0.2222222222222222,0.0,1,-6.54453,0.2078678608,4.4111981392,,0.0666666666666666,0.1111111111111111,0,1,-6.52121,0.2028469443,4.6325073242,,0.1333333333333333,0.2222222222222222,0.0,1,10
ZINC000000390746,-7.72414,0.8385375142,6.3117585182,,0.5333333333333333,0.7777777777777778,0,1,-6.89544,0.7623996139,5.4402375221,,0.3333333333333333,0.4444444444444444,0.0,1,-7.49628,0.7442662716,6.06696558,,0.4666666666666667,0.6666666666666666,0,1,-6.45048,0.596079886,4.897690773,,0.0,0.1111111111111111,0.0,1,-7.04851,0.5847917199,6.0797519684,,0.4,0.6666666666666666,0,1,-6.83196,0.498401612,6.011493206,,0.4666666666666667,0.6666666666666666,0.0,1,-6.67734,0.4864889383,5.5971751213,,0.4666666666666667,0.6666666666666666,0.0,1,-8.00204,0.4599784017,5.9714922905,,0.2,0.3333333333333333,0.0,1,-6.88991,0.4311821461,5.0126862526,,0.1333333333333333,0.3333333333333333,0,1,-7.29892,0.4237113297,4.9420332909,,0.1333333333333333,0.3333333333333333,0.0,1,10
ZINC000000392085,-6.78509,0.4389306903,6.5577731133,,0.3333333333333333,0.4444444444444444,0,1,-5.73223,0.3377175927,5.3592247963,,0.0,0.1111111111111111,0.0,1,-5.55637,0.2876358628,5.2370929718,,0.0666666666666666,0.2222222222222222,0,1,-5.61202,0.2709043026,5.2058234215,,0.0,0.1111111111111111,0.0,1,-5.8293,0.263309449,5.179977417,,0.0,0.1111111111111111,0,1,-6.46864,0.2599043846,6.4088349342,,0.2,0.2222222222222222,0.0,1,-5.27138,0.2568663359,5.5127315521,,0.1333333333333333,0.2222222222222222,0.0,1,-6.08895,0.2442294955,4.924885273,,0.0666666666666666,0.1111111111111111,0.0,1,-6.12207,0.2335615605,5.3073468208,,0.0666666666666666,0.2222222222222222,0,1,-6.26499,0.2269129157,5.6007080078,,0.1333333333333333,0.2222222222222222,0.0,1,10
ZINC000000392088,-6.41456,0.5992643237,6.5998606682,,0.3333333333333333,0.4444444444444444,0,1,-6.86688,0.5366951823,5.3547129631,,0.2,0.2222222222222222,0.0,1,-6.12752,0.4282235205,4.6856236458,,0.0666666666666666,0.2222222222222222,0,1,-6.9055,0.4165707231,5.2645964622,,0.1333333333333333,0.2222222222222222,0.0,1,-6.78982,0.3972673416,5.2975363731,,0.1333333333333333,0.2222222222222222,0,1,-7.50634,0.3825365305,6.1857142448,,0.3333333333333333,0.3333333333333333,0.0,1,-6.55294,0.3649473786,5.8817620277,,0.2666666666666666,0.4444444444444444,0.0,1,-6.49703,0.3535173535,4.7870907784,,0.2,0.2222222222222222,0.0,1,-6.80829,0.3421265483,5.542702198,,0.0,0.1111111111111111,0,1,-6.4588,0.3110594451,5.4433693886,,0.1333333333333333,0.2222222222222222,0.0,1,10
ZINC000000392543,-5.79481,0.6850582361,6.4615674019,,0.2,0.3333333333333333,0,1,-7.6758,0.5739041567,5.9273986816,,0.2666666666666666,0.3333333333333333,0.0,1,-7.19371,0.543849349,5.8257217407,,0.2666666666666666,0.3333333333333333,0,1,-6.87216,0.3711864948,4.7369923592,,0.2,0.3333333333333333,0.0,1,-6.33906,0.3701584339,5.3100070953,,0.2666666666666666,0.3333333333333333,0,1,-6.0563,0.3360701799,5.0554471016,,0.0666666666666666,0.2222222222222222,0.0,1,-6.02305,0.3261021972,4.6335577965,,0.0,0.1111111111111111,0.0,1,-6.7896,0.3187299073,4.5645279884,,0.2,0.3333333333333333,0.0,1,-6.67012,0.3163684309,5.055791378,,0.1333333333333333,0.2222222222222222,0,1,-6.91626,0.3159331679,5.1180477142,,0.3333333333333333,0.3333333333333333,0.0,1,10
ZINC000000398527,-6.38329,0.7978039384,6.3325977325,,0.4,0.4444444444444444,0,1,-6.57241,0.7910758257,5.9235877991,,0.3333333333333333,0.4444444444444444,0.0,1,-5.40585,0.69642663,5.2184987068,,0.1333333333333333,0.1111111111111111,0,1,-6.57711,0.6742325425,5.7312464714,,0.3333333333333333,0.4444444444444444,0.0,1,-6.37808,0.6466588974,6.0829577446,,0.4,0.5555555555555556,0,1,-6.35231,0.6265097857,6.0184693336,,0.6,0.6666666666666666,0.0,1,-5.6624,0.5901855826,5.5615539551,,0.4666666666666667,0.5555555555555556,0.0,1,-6.46752,0.5900807977,5.6223340034,,0.3333333333333333,0.4444444444444444,0.0,1,-5.50358,0.5704232454,4.9596447945,,0.0666666666666666,0.1111111111111111,0,1,-5.28657,0.5666515827,4.4437470436,,0.0666666666666666,0.2222222222222222,0.0,1,10
ZINC000000399624,-5.87901,0.7703582048,3.8588981628,,0.3333333333333333,0.5555555555555556,0,1,-5.69086,0.7054359913,3.3267486095,,0.0,0.1111111111111111,0.0,1,-5.0525,0.5634641051,3.5203545094,,0.0,0.1111111111111111,0,1,-5.00681,0.5436615944,3.943770647,,0.2666666666666666,0.4444444444444444,0.0,1,-5.38186,0.5207257867,3.4720745087,,0.0666666666666666,0.1111111111111111,0,1,-5.78657,0.5118280649,3.2614936829,,0.1333333333333333,0.2222222222222222,0.0,1,-5.76331,0.5097510815,3.2612469196,,0.1333333333333333,0.2222222222222222,0.0,1,-4.97842,0.5001143217,3.3095598221,,0.0,0.1111111111111111,0.0,1,-5.06422,0.4986507595,3.6314489841,,0.0,0.1111111111111111,0,1,-4.70028,0.4961631894,3.2728779316,,0.0,0.1111111111111111,0.0,1,10
ZINC000000403011,-8.63182,0.9151085019,7.2160477638,,0.6,0.7777777777777778,0,1,-9.3414,0.785687387,6.1894211769,,0.2666666666666666,0.3333333333333333,0.0,1,-8.2896,0.5404717922,5.6018233299,,0.2666666666666666,0.3333333333333333,0,1,-7.4466,0.5199465752,5.1518507004,,0.4,0.5555555555555556,0.0,1,-7.05659,0.4959768355,5.9226298332,,0.2666666666666666,0.3333333333333333,0,1,-8.77126,0.4481310546,5.5963711739,,0.1333333333333333,0.2222222222222222,0.0,1,-8.76134,0.3887600005,5.6633486748,,0.2666666666666666,0.4444444444444444,0.0,1,-7.7439,0.3339108229,4.759493351,,0.1333333333333333,0.2222222222222222,0.0,1,-7.12088,0.3334763944,5.2599263191,,0.1333333333333333,0.3333333333333333,0,1,-8.92992,0.3193119168,5.4106631279,,0.2666666666666666,0.3333333333333333,0.0,1,10
ZINC000000403736,-6.69826,0.4052236378,5.7241725922,,0.4666666666666667,0.6666666666666666,0,1,-6.37184,0.3941783607,4.4261741638,,0.0,0.1111111111111111,0.0,1,-6.50439,0.3262247145,4.1093144417,,0.0666666666666666,0.2222222222222222,0,1,-6.84496,0.3183802366,4.5301184654,,0.0666666666666666,0.2222222222222222,0.0,1,-6.53077,0.2941550016,4.4199142456,,0.0666666666666666,0.2222222222222222,0,1,-6.93126,0.2637968361,4.7550945282,,0.1333333333333333,0.2222222222222222,0.0,1,-6.66682,0.2607778907,5.7059807777,,0.1333333333333333,0.2222222222222222,0.0,1,-7.00452,0.2404151112,4.7479081154,,0.0666666666666666,0.2222222222222222,0.0,1,-7.39323,0.2357695103,5.3418426514,,0.4,0.5555555555555556,0,1,-6.92293,0.2309859842,5.3476309776,,0.2666666666666666,0.3333333333333333,0.0,1,10
ZINC000000409007,-6.00765,0.5824292302,5.6585674286,,0.0666666666666666,0.1111111111111111,0,1,-5.76504,0.4933575988,5.9808392525,,0.1333333333333333,0.2222222222222222,0.0,1,-6.09057,0.4917711616,6.7230706215,,0.0666666666666666,0.1111111111111111,0,1,-5.9874,0.4734410942,5.3589282036,,0.0,0.0,0.0,1,-5.89873,0.4095158875,5.7164368629,,0.0666666666666666,0.1111111111111111,0,1,-6.19523,0.3943816125,5.5674743652,,0.0666666666666666,0.1111111111111111,0.0,1,-5.26375,0.3845257163,5.802986145,,0.0,0.0,0.0,1,-6.35817,0.3656612039,6.1095719337,,0.3333333333333333,0.4444444444444444,0.0,1,-5.86434,0.3645530343,5.0532040596,,0.0666666666666666,0.1111111111111111,0,1,-6.26408,0.3600845635,6.375957489,,0.2,0.3333333333333333,0.0,1,10
ZINC000000410845,-6.38047,0.5326049924,5.9798431396,,0.6,0.6666666666666666,0,1,-7.06247,0.5122360587,5.6946673393,,0.3333333333333333,0.3333333333333333,0.0,1,-6.79682,0.3904135227,5.5514068604,,0.4666666666666667,0.4444444444444444,0,1,-6.72523,0.3815517426,5.7158169746,,0.4,0.3333333333333333,0.0,1,-7.34171,0.3441213965,5.9082875252,,0.0666666666666666,0.1111111111111111,0,1,-7.24008,0.338734597,5.8864836693,,0.4666666666666667,0.5555555555555556,0.0,1,-7.06818,0.3177178502,5.6157536507,,0.4,0.4444444444444444,0.0,1,-6.03069,0.3100730181,4.1381983757,,0.0,0.1111111111111111,0.0,1,-6.27353,0.2901675105,5.5886054039,,0.4,0.4444444444444444,0,1,-6.40644,0.2741078138,5.5487961769,,0.4,0.4444444444444444,0.0,1,10
ZINC000000413761,-7.66457,0.740742445,6.8043103218,,0.4,0.5555555555555556,0,1,-7.06833,0.6727503538,6.6313095093,,0.2,0.4444444444444444,0.0,1,-8.32361,0.5982655883,6.4307765961,,0.2666666666666666,0.4444444444444444,0,1,-7.26859,0.52214849,6.2352600098,,0.2,0.3333333333333333,0.0,1,-6.90899,0.5059652925,5.9011273384,,0.3333333333333333,0.4444444444444444,0,1,-6.64289,0.4630638659,6.1312794685,,0.2,0.3333333333333333,0.0,1,-6.06722,0.3485760689,5.1300263405,,0.2,0.3333333333333333,0.0,1,-6.07725,0.3174676895,5.9208717346,,0.2666666666666666,0.3333333333333333,0.0,1,-6.01798,0.3048955202,4.7761254311,,0.2,0.3333333333333333,0,1,-7.20043,0.3011582196,5.3657593727,,0.2666666666666666,0.4444444444444444,0.0,1,10
ZINC000000414438,-7.77676,0.7541544437,7.0383963585,,0.3333333333333333,0.4444444444444444,0,1,-7.72028,0.6356318593,6.4695987701,,0.2,0.2222222222222222,0.0,1,-8.08806,0.6290081739,6.4997286797,,0.3333333333333333,0.5555555555555556,0,1,-7.06492,0.5997827053,6.7341208458,,0.5333333333333333,0.6666666666666666,0.0,1,-8.05254,0.4451872408,6.3775348663,,0.1333333333333333,0.2222222222222222,0,1,-6.90106,0.4317958951,5.9356536865,,0.1333333333333333,0.2222222222222222,0.0,1,-7.99307,0.4292920828,6.2824063301,,0.2,0.3333333333333333,0.0,1,-6.91877,0.413919121,6.4495644569,,0.4,0.5555555555555556,0.0,1,-7.30382,0.3871900141,5.9363827705,,0.2,0.2222222222222222,0,1,-6.86094,0.3862189054,6.1882023811,,0.3333333333333333,0.4444444444444444,0.0,1,10
ZINC000000415084,-8.50548,0.8597899675,6.6995944977,,0.4,0.4444444444444444,0,1,-8.61082,0.8593087196,6.7815489769,,0.2666666666666666,0.3333333333333333,0.0,1,-8.39509,0.8583455086,6.8513197899,,0.2666666666666666,0.4444444444444444,0,1,-8.35282,0.8305897117,6.7429471016,,0.2666666666666666,0.3333333333333333,0.0,1,-7.44109,0.8047379851,5.1444602013,,0.2,0.2222222222222222,0,1,-8.11967,0.7697013021,6.5016846657,,0.3333333333333333,0.4444444444444444,0.0,1,-8.63457,0.7648527026,6.6009879112,,0.2,0.3333333333333333,0.0,1,-7.66299,0.7545289993,6.3908982277,,0.3333333333333333,0.3333333333333333,0.0,1,-7.9563,0.7544076443,6.3193955421,,0.5333333333333333,0.5555555555555556,0,1,-7.72323,0.683598578,5.91132164,,0.2,0.2222222222222222,0.0,1,10
ZINC000000415129,-7.69814,0.6304383874,6.1927108765,,0.4666666666666667,0.5555555555555556,0,1,-7.1858,0.4606724083,5.7671380043,,0.2666666666666666,0.4444444444444444,0.0,1,-6.97293,0.4097781777,5.6533985138,,0.2,0.4444444444444444,0,1,-8.3663,0.405354917,6.2280306816,,0.1333333333333333,0.2222222222222222,0.0,1,-6.39194,0.3404698074,5.6892700195,,0.5333333333333333,0.6666666666666666,0,1,-8.3762,0.3164200485,6.1333107948,,0.2,0.3333333333333333,0.0,1,-7.26063,0.3123089671,5.8669948578,,0.0666666666666666,0.1111111111111111,0.0,1,-7.14008,0.3090735078,5.8001227379,,0.2666666666666666,0.3333333333333333,0.0,1,-7.29031,0.289128989,5.4176602364,,0.2666666666666666,0.2222222222222222,0,1,-7.3413,0.2798946202,5.7087340355,,0.3333333333333333,0.4444444444444444,0.0,1,10
ZINC000000415443,-6.23419,0.4299910367,5.784635067,,0.0666666666666666,0.1111111111111111,0,1,-5.73268,0.3140921891,5.3766264915,,0.0666666666666666,0.1111111111111111,0.0,1,-5.97948,0.3089722991,5.4562773705,,0.0,0.1111111111111111,0,1,-6.13917,0.2844783068,5.293068409,,0.0,0.1111111111111111,0.0,1,-6.89843,0.2677627504,5.6527709961,,0.1333333333333333,0.2222222222222222,0,1,-5.8248,0.2429286987,4.7878880501,,0.0666666666666666,0.1111111111111111,0.0,1,-6.70712,0.2362332195,5.4136462212,,0.0,0.1111111111111111,0.0,1,-5.589,0.2339611948,4.9848151207,,0.0,0.1111111111111111,0.0,1,-5.90693,0.2245478928,5.1151394844,,0.0666666666666666,0.1111111111111111,0,1,-5.49456,0.2191603631,4.5149459839,,0.0,0.1111111111111111,0.0,1,10
ZINC000000417999,-7.52856,0.7881467938,6.383907795,,0.6,0.6666666666666666,0,1,-6.96025,0.7876343727,6.3720049858,,0.5333333333333333,0.6666666666666666,0.0,1,-7.74129,0.7697601318,6.4654784203,,0.6666666666666666,0.8888888888888888,0,1,-7.89428,0.7485390902,6.505941391,,0.5333333333333333,0.6666666666666666,0.0,1,-7.6507,0.7442650795,6.3194470406,,0.6666666666666666,0.7777777777777778,0,1,-7.43599,0.7343885303,6.2755942345,,0.7333333333333333,0.8888888888888888,0.0,1,-7.4359,0.6705353856,6.3603854179,,0.6,0.6666666666666666,0.0,1,-7.7151,0.6631693244,6.2087759972,,0.6666666666666666,0.8888888888888888,0.0,1,-7.39359,0.6614046693,6.1541962624,,0.6666666666666666,0.7777777777777778,0,1,-7.56883,0.5698478818,6.3803982735,,0.5333333333333333,0.6666666666666666,0.0,1,10
ZINC000000423436,-8.65323,0.8373452425,6.6384701729,,0.5333333333333333,0.5555555555555556,0,1,-8.76587,0.720453918,6.5445914268,,0.4666666666666667,0.5555555555555556,0.0,1,-8.44608,0.6827425361,6.4213995934,,0.4,0.5555555555555556,0,1,-7.9653,0.5079018474,6.3051800728,,0.4666666666666667,0.5555555555555556,0.0,1,-7.64142,0.4448277354,6.1183066368,,0.5333333333333333,0.5555555555555556,0,1,-9.19322,0.4244735837,6.2278189659,,0.1333333333333333,0.2222222222222222,0.0,1,-7.91146,0.4218658507,6.0714364052,,0.4666666666666667,0.4444444444444444,0.0,1,-9.25121,0.351727277,5.4857764244,,0.3333333333333333,0.3333333333333333,0.0,1,-7.39681,0.3508692086,6.102959156,,0.4666666666666667,0.5555555555555556,0,1,-7.30809,0.334112227,5.2484688759,,0.1333333333333333,0.2222222222222222,0.0,1,10
ZINC000000423457,-8.1432,0.6144601107,6.2327270508,,0.4666666666666667,0.5555555555555556,0,1,-8.54734,0.5590961576,6.2439246178,,0.4666666666666667,0.5555555555555556,0.0,1,-8.06138,0.5543074608,6.0253930092,,0.4666666666666667,0.4444444444444444,0,1,-7.73836,0.5531721115,6.2248654366,,0.4666666666666667,0.5555555555555556,0.0,1,-7.4041,0.5383406281,6.1659255028,,0.4666666666666667,0.6666666666666666,0,1,-8.01633,0.5118528605,5.4820780754,,0.1333333333333333,0.2222222222222222,0.0,1,-9.53118,0.4977092147,6.0718073845,,0.1333333333333333,0.2222222222222222,0.0,1,-9.38097,0.3984722793,4.9770855904,,0.2,0.2222222222222222,0.0,1,-7.6874,0.3602106869,5.9315338135,,0.4,0.4444444444444444,0,1,-7.47715,0.3527445793,6.5786037445,,0.4666666666666667,0.7777777777777778,0.0,1,10
ZINC000000424332,-9.43357,0.6105238199,7.1539320946,,0.3333333333333333,0.4444444444444444,0,1,-9.4578,0.6105015874,7.1505742073,,0.3333333333333333,0.4444444444444444,0.0,1,-7.79709,0.5676455498,6.8278579712,,0.7333333333333333,0.8888888888888888,0,1,-8.62152,0.5257930756,6.930876255,,0.4,0.6666666666666666,0.0,1,-7.65317,0.4755013883,6.7718119621,,0.6666666666666666,0.8888888888888888,0,1,-8.94742,0.3565087318,6.6214575768,,0.3333333333333333,0.4444444444444444,0.0,1,-8.99757,0.3473128378,6.6067504883,,0.3333333333333333,0.4444444444444444,0.0,1,-8.2573,0.2855548859,6.3265509605,,0.2,0.2222222222222222,0.0,1,-8.53749,0.2484531552,6.2040162086,,0.2,0.3333333333333333,0,1,-8.09073,0.2465645373,6.4972748756,,0.4,0.4444444444444444,0.0,1,10
ZINC000000425697,-7.09346,0.9004174471,6.2806987762,,0.5333333333333333,0.7777777777777778,0,1,-7.32981,0.8968369961,6.2934608459,,0.6666666666666666,0.8888888888888888,0.0,1,-6.31845,0.8407714367,6.2093353271,,0.4666666666666667,0.6666666666666666,0,1,-6.47223,0.833863914,6.0543131828,,0.4666666666666667,0.6666666666666666,0.0,1,-6.31372,0.5779207945,6.0238881111,,0.4,0.4444444444444444,0,1,-6.06685,0.5587700009,5.7301077843,,0.4,0.4444444444444444,0.0,1,-5.57916,0.5315895677,5.5487341881,,0.4,0.3333333333333333,0.0,1,-5.79144,0.5248497128,5.8207378387,,0.4,0.3333333333333333,0.0,1,-5.25522,0.4357176721,5.6192646027,,0.4,0.4444444444444444,0,1,-5.78683,0.4293117821,5.879781723,,0.5333333333333333,0.5555555555555556,0.0,1,10
ZINC000000425718,-7.52364,0.8554906249,6.3056960106,,0.4666666666666667,0.4444444444444444,0,1,-7.96261,0.8267802,6.2983589172,,0.4,0.3333333333333333,0.0,1,-6.72322,0.6041122079,6.1378045082,,0.1333333333333333,0.2222222222222222,0,1,-7.38988,0.5712115765,5.4200458527,,0.4666666666666667,0.6666666666666666,0.0,1,-7.34076,0.552264452,5.5940947533,,0.1333333333333333,0.2222222222222222,0,1,-7.89374,0.4618775845,5.504761219,,0.4,0.5555555555555556,0.0,1,-6.32779,0.4284442067,5.5412116051,,0.1333333333333333,0.2222222222222222,0.0,1,-7.81539,0.4181372523,5.6363606453,,0.4,0.4444444444444444,0.0,1,-7.51252,0.3743413687,5.8383402824,,0.6,0.7777777777777778,0,1,-7.05336,0.3727226853,5.5968651772,,0.0666666666666666,0.1111111111111111,0.0,1,10
ZINC000000426936,-6.96285,0.8876930475,6.9306182861,,0.4,0.4444444444444444,0,1,-6.49472,0.8479726315,6.3422341347,,0.2666666666666666,0.4444444444444444,0.0,1,-7.81525,0.6809029579,6.3311958313,,0.3333333333333333,0.4444444444444444,0,1,-6.6478,0.6667593122,6.5333862305,,0.4666666666666667,0.5555555555555556,0.0,1,-6.32736,0.5933082104,6.0987048149,,0.3333333333333333,0.4444444444444444,0,1,-7.80876,0.5359469652,5.8744735718,,0.3333333333333333,0.4444444444444444,0.0,1,-6.81272,0.5025821924,6.1960740089,,0.4666666666666667,0.5555555555555556,0.0,1,-6.33145,0.4754903316,6.1201510429,,0.4,0.4444444444444444,0.0,1,-6.10866,0.4590432346,6.071685791,,0.4,0.4444444444444444,0,1,-6.46427,0.4303250313,6.1702542305,,0.2666666666666666,0.4444444444444444,0.0,1,10
ZINC000000427273,-8.22283,0.9116763473,6.6216449738,,0.4666666666666667,0.5555555555555556,0,1,-6.59625,0.8576729894,6.538626194,,0.4,0.4444444444444444,0.0,1,-7.39813,0.790153563,6.2724719048,,0.2,0.3333333333333333,0,1,-6.92204,0.766885519,6.4513907433,,0.3333333333333333,0.4444444444444444,0.0,1,-6.20795,0.7653901577,5.5597691536,,0.4,0.4444444444444444,0,1,-6.70464,0.707973361,6.8046150208,,0.5333333333333333,0.5555555555555556,0.0,1,-7.88251,0.7065997124,6.3845238686,,0.2666666666666666,0.5555555555555556,0.0,1,-7.25583,0.7032536268,6.4787774086,,0.4666666666666667,0.5555555555555556,0.0,1,-6.52219,0.6858554482,6.7196660042,,0.4666666666666667,0.5555555555555556,0,1,-7.73626,0.6696973443,6.5106310844,,0.3333333333333333,0.5555555555555556,0.0,1,10
ZINC000000429315,-8.07601,0.6068868041,6.4428977966,,0.3333333333333333,0.4444444444444444,0,1,-7.1913,0.6043263078,5.2990436554,,0.0,0.1111111111111111,0.0,1,-6.98639,0.3830463588,5.4056220055,,0.0,0.1111111111111111,0,1,-7.11629,0.3372914791,5.3030757904,,0.0666666666666666,0.2222222222222222,0.0,1,-7.46333,0.3311056495,5.3672575951,,0.1333333333333333,0.2222222222222222,0,1,-7.64716,0.3302884102,6.0130734444,,0.4666666666666667,0.6666666666666666,0.0,1,-7.67177,0.3120833635,5.3120341301,,0.1333333333333333,0.2222222222222222,0.0,1,-7.57145,0.3067742586,6.168317318,,0.2666666666666666,0.4444444444444444,0.0,1,-6.91328,0.3026463389,4.9687743187,,0.3333333333333333,0.5555555555555556,0,1,-7.41625,0.2981668413,4.9536886215,,0.0666666666666666,0.2222222222222222,0.0,1,10
ZINC000000434102,-6.95992,0.7547656894,5.8358311653,,0.3333333333333333,0.4444444444444444,0,1,-6.45686,0.7030353546,6.0084443092,,0.4,0.5555555555555556,0.0,1,-6.8648,0.5780791044,4.5555663109,,0.0666666666666666,0.2222222222222222,0,1,-8.46035,0.5459245443,5.2732110023,,0.2666666666666666,0.4444444444444444,0.0,1,-7.42039,0.5060078502,5.1130137444,,0.2,0.3333333333333333,0,1,-6.69923,0.4822707772,5.8971247673,,0.2666666666666666,0.3333333333333333,0.0,1,-6.67592,0.4782361984,5.5904717445,,0.2666666666666666,0.3333333333333333,0.0,1,-7.52077,0.4761794209,4.5871844292,,0.2666666666666666,0.3333333333333333,0.0,1,-7.49438,0.4677071571,5.0156607628,,0.2,0.3333333333333333,0,1,-7.26539,0.4635763764,4.925014019,,0.2,0.2222222222222222,0.0,1,10
ZINC000000442168,-9.00036,0.9004665613,7.1320991516,,0.4,0.4444444444444444,0,1,-8.66444,0.8223543167,6.9462895393,,0.1333333333333333,0.2222222222222222,0.0,1,-8.35039,0.7766653895,6.9048538208,,0.3333333333333333,0.4444444444444444,0,1,-8.84311,0.6621159315,6.5748124123,,0.0666666666666666,0.1111111111111111,0.0,1,-6.90389,0.6404867768,6.1801123619,,0.5333333333333333,0.5555555555555556,0,1,-6.56423,0.6100689173,5.7939491272,,0.5333333333333333,0.5555555555555556,0.0,1,-7.40849,0.6095252633,6.5484223366,,0.4,0.3333333333333333,0.0,1,-7.56123,0.5550553799,5.692296505,,0.2,0.2222222222222222,0.0,1,-7.50894,0.4920480251,5.5004329681,,0.1333333333333333,0.2222222222222222,0,1,-7.63541,0.489315182,5.6049976349,,0.3333333333333333,0.4444444444444444,0.0,1,10
ZINC000000444722,-5.24875,0.7186379433,5.3868656158,,0.2,0.3333333333333333,0,1,-5.56087,0.5554196239,5.1988902092,,0.1333333333333333,0.2222222222222222,0.0,1,-6.29065,0.5321416855,4.9864754677,,0.0666666666666666,0.2222222222222222,0,1,-5.75532,0.5242176056,4.7007632256,,0.2,0.2222222222222222,0.0,1,-5.22303,0.4680167735,5.1824402809,,0.0666666666666666,0.2222222222222222,0,1,-6.25364,0.4322422743,4.1942191124,,0.0,0.1111111111111111,0.0,1,-5.2039,0.3618535399,4.6483073235,,0.1333333333333333,0.2222222222222222,0.0,1,-5.53086,0.3386439085,4.6275200844,,0.0666666666666666,0.2222222222222222,0.0,1,-6.21293,0.3337163925,4.8407282829,,0.3333333333333333,0.4444444444444444,0,1,-6.76827,0.3176399469,4.9399371147,,0.4,0.4444444444444444,0.0,1,10
ZINC000000450796,-6.17067,0.563282907,5.5988636017,,0.0,0.0,0,1,-5.92145,0.4473987818,4.9638171196,,0.0,0.1111111111111111,0.0,1,-7.22976,0.4437486827,5.1428170204,,0.0,0.1111111111111111,0,1,-6.17402,0.4295623004,5.4648270607,,0.2666666666666666,0.3333333333333333,0.0,1,-7.33627,0.330394268,5.2630772591,,0.0666666666666666,0.1111111111111111,0,1,-5.9479,0.3028035164,4.8209381104,,0.1333333333333333,0.2222222222222222,0.0,1,-8.26968,0.2765565515,5.8533101082,,0.2666666666666666,0.3333333333333333,0.0,1,-6.2047,0.2632468343,4.5817856789,,0.0,0.1111111111111111,0.0,1,-6.50672,0.2611321807,4.6035990715,,0.0,0.1111111111111111,0,1,-6.20065,0.2481822968,4.9140510559,,0.1333333333333333,0.2222222222222222,0.0,1,10
ZINC000000453460,-7.09476,0.9200543165,7.1826491356,,0.6,0.7777777777777778,0,1,-7.90801,0.8845337033,7.0255222321,,0.3333333333333333,0.5555555555555556,0.0,1,-7.93882,0.8813337088,7.1678314209,,0.4,0.5555555555555556,0,1,-7.46668,0.7081474066,6.8042297363,,0.2666666666666666,0.4444444444444444,0.0,1,-6.20962,0.5607678294,6.4595103264,,0.2666666666666666,0.3333333333333333,0,1,-6.05328,0.4620658457,6.4237656593,,0.3333333333333333,0.4444444444444444,0.0,1,-7.56567,0.4449546635,6.4865283966,,0.1333333333333333,0.2222222222222222,0.0,1,-7.51959,0.4185427725,6.116458416,,0.2666666666666666,0.3333333333333333,0.0,1,-6.79741,0.4010754228,6.4740729332,,0.4,0.4444444444444444,0,1,-7.54543,0.3753064871,6.2738032341,,0.1333333333333333,0.2222222222222222,0.0,1,10
ZINC000000455556,-8.73589,0.7310907245,7.0667495728,,0.4,0.4444444444444444,0,1,-8.90758,0.6661115885,6.8911361694,,0.2,0.3333333333333333,0.0,1,-8.7956,0.6302482486,6.8492007256,,0.2666666666666666,0.3333333333333333,0,1,-8.64858,0.5341874361,6.6972961426,,0.2,0.3333333333333333,0.0,1,-8.57726,0.4370910227,6.4624443054,,0.2666666666666666,0.4444444444444444,0,1,-8.65742,0.3201999664,5.7916741371,,0.1333333333333333,0.2222222222222222,0.0,1,-7.98703,0.3052201867,5.6584739685,,0.1333333333333333,0.2222222222222222,0.0,1,-6.77073,0.2920433581,4.8870925903,,0.0666666666666666,0.2222222222222222,0.0,1,-6.81057,0.2833111286,5.043756485,,0.0666666666666666,0.1111111111111111,0,1,-8.08161,0.2780044973,5.6989383698,,0.1333333333333333,0.2222222222222222,0.0,1,10
ZINC000000455859,-7.09669,0.6654334068,5.9433479309,,0.0666666666666666,0.1111111111111111,0,1,-7.71368,0.4795656204,5.3306102753,,0.2666666666666666,0.4444444444444444,0.0,1,-6.69811,0.4454391897,4.7063803673,,0.1333333333333333,0.2222222222222222,0,1,-7.85335,0.4312879741,5.1775078773,,0.2,0.3333333333333333,0.0,1,-6.92655,0.4279069304,5.610188961,,0.0666666666666666,0.1111111111111111,0,1,-7.90769,0.4255602062,5.0890979767,,0.2666666666666666,0.3333333333333333,0.0,1,-6.56426,0.4179805219,4.440322876,,0.0666666666666666,0.2222222222222222,0.0,1,-7.01488,0.3953824937,4.8718585968,,0.1333333333333333,0.2222222222222222,0.0,1,-7.25234,0.3935534954,4.8348927498,,0.1333333333333333,0.2222222222222222,0,1,-6.62222,0.3863703907,4.0839276314,,0.1333333333333333,0.3333333333333333,0.0,1,10
ZINC000000456872,-6.13566,0.6304821372,4.8793158531,,0.2,0.3333333333333333,0,1,-6.87905,0.5319373608,5.0257592201,,0.2,0.3333333333333333,0.0,1,-6.08922,0.5079677105,5.4226975441,,0.0666666666666666,0.2222222222222222,0,1,-6.39368,0.4992708564,4.3623929024,,0.0666666666666666,0.2222222222222222,0.0,1,-7.6092,0.4882022738,5.948495388,,0.2,0.3333333333333333,0,1,-6.11457,0.4615714252,5.1002688408,,0.3333333333333333,0.4444444444444444,0.0,1,-7.10282,0.4488266706,5.0834026337,,0.1333333333333333,0.2222222222222222,0.0,1,-6.89551,0.4348910451,5.595266819,,0.2,0.3333333333333333,0.0,1,-6.60149,0.4106547534,4.923304081,,0.1333333333333333,0.2222222222222222,0,1,-6.87446,0.397824347,4.9211082458,,0.0666666666666666,0.2222222222222222,0.0,1,10
ZINC000000467608,-5.76157,0.4029230773,5.5707511902,,0.4,0.5555555555555556,0,1,-6.43701,0.4020918906,6.2873878479,,0.2,0.3333333333333333,0.0,1,-5.95706,0.3946447968,5.5390892029,,0.2,0.2222222222222222,0,1,-5.82229,0.3543311954,4.5029997826,,0.0,0.0,0.0,1,-5.42155,0.3261055052,5.3153233528,,0.1333333333333333,0.2222222222222222,0,1,-6.53636,0.3245851994,5.6335110664,,0.1333333333333333,0.1111111111111111,0.0,1,-5.90397,0.3200132251,4.3134446144,,0.0,0.1111111111111111,0.0,1,-6.15066,0.2988024354,5.0320277214,,0.1333333333333333,0.2222222222222222,0.0,1,-5.76912,0.297115624,5.5539498329,,0.2666666666666666,0.3333333333333333,0,1,-5.86841,0.2758629024,4.4593315125,,0.1333333333333333,0.2222222222222222,0.0,1,10
ZINC000000468007,-8.03152,0.8187837601,6.8611831665,,0.4666666666666667,0.5555555555555556,0,1,-7.8675,0.8184067011,7.0309405327,,0.3333333333333333,0.3333333333333333,0.0,1,-7.04462,0.740773201,6.6788825989,,0.3333333333333333,0.3333333333333333,0,1,-7.20465,0.7048559785,6.8345527649,,0.4,0.5555555555555556,0.0,1,-7.65125,0.6904744506,6.7845592499,,0.4,0.4444444444444444,0,1,-7.38048,0.6883083582,6.7928404808,,0.3333333333333333,0.5555555555555556,0.0,1,-6.4048,0.6552755833,6.6974654198,,0.6,0.5555555555555556,0.0,1,-7.25616,0.6367763281,6.5642457008,,0.3333333333333333,0.5555555555555556,0.0,1,-7.76364,0.6252782941,6.7101120949,,0.2666666666666666,0.4444444444444444,0,1,-7.568,0.6121907234,6.4694480896,,0.3333333333333333,0.5555555555555556,0.0,1,10
ZINC000000469755,-7.56384,0.7874326706,6.3191928864,,0.2666666666666666,0.4444444444444444,0,1,-6.37257,0.4253259599,6.2415108681,,0.2666666666666666,0.4444444444444444,0.0,1,-6.71139,0.3974608779,5.2582468987,,0.2,0.3333333333333333,0,1,-6.98636,0.3947648406,5.9964261055,,0.2666666666666666,0.4444444444444444,0.0,1,-7.15922,0.3020416498,5.9094390869,,0.2666666666666666,0.4444444444444444,0,1,-6.24542,0.2931326628,4.0861458778,,0.0,0.1111111111111111,0.0,1,-8.6518,0.2567456961,5.6439423561,,0.2,0.3333333333333333,0.0,1,-7.01082,0.2167550176,4.6384754181,,0.2666666666666666,0.3333333333333333,0.0,1,-6.43373,0.2162177414,4.1772918701,,0.0,0.1111111111111111,0,1,-7.75274,0.2126509249,5.5199227333,,0.2666666666666666,0.4444444444444444,0.0,1,10
ZINC000000471837,-6.52146,0.5357180834,6.1651153564,,0.5333333333333333,0.4444444444444444,0,1,-6.47859,0.5275635719,6.0697321892,,0.4666666666666667,0.4444444444444444,0.0,1,-6.15273,0.3068035841,5.3751635551,,0.3333333333333333,0.5555555555555556,0,1,-5.91641,0.3048469126,5.3114295006,,0.2,0.2222222222222222,0.0,1,-5.88497,0.272092551,4.7800426483,,0.1333333333333333,0.2222222222222222,0,1,-5.46271,0.2558649182,5.003174305,,0.3333333333333333,0.4444444444444444,0.0,1,-6.21853,0.2518706322,5.8492412567,,0.5333333333333333,0.6666666666666666,0.0,1,-5.882,0.247778222,4.7253785133,,0.1333333333333333,0.2222222222222222,0.0,1,-6.05971,0.2334903479,5.1361432076,,0.3333333333333333,0.5555555555555556,0,1,-5.17567,0.2276608944,4.940972805,,0.2,0.3333333333333333,0.0,1,10
ZINC000000472523,-7.54117,0.9482967257,7.3341431618,,0.4,0.5555555555555556,0,1,-7.3264,0.9381918311,7.0314788818,,0.4666666666666667,0.6666666666666666,0.0,1,-8.3907,0.8346689939,6.4189143181,,0.2666666666666666,0.3333333333333333,0,1,-7.06677,0.7905907035,6.3547148705,,0.3333333333333333,0.5555555555555556,0.0,1,-8.01348,0.7761666775,6.3460483551,,0.3333333333333333,0.4444444444444444,0,1,-6.97668,0.7461075783,6.5340180397,,0.4,0.5555555555555556,0.0,1,-7.44911,0.730021894,6.3048882484,,0.1333333333333333,0.2222222222222222,0.0,1,-6.61427,0.7116577625,6.2110328674,,0.2,0.3333333333333333,0.0,1,-6.78675,0.6524757147,6.3463559151,,0.3333333333333333,0.3333333333333333,0,1,-7.71758,0.6040220261,5.4359993935,,0.2666666666666666,0.4444444444444444,0.0,1,10
ZINC000000479377,-8.28269,0.6236169338,6.6483454704,,0.0666666666666666,0.1111111111111111,0,1,-7.06086,0.5736287832,6.8411407471,,0.2,0.4444444444444444,0.0,1,-8.20656,0.4966806769,6.5196666718,,0.1333333333333333,0.2222222222222222,0,1,-6.86692,0.4656951427,5.6283135414,,0.0,0.1111111111111111,0.0,1,-6.6357,0.4447197318,5.6855158806,,0.0666666666666666,0.2222222222222222,0,1,-6.93571,0.4410261512,5.9662394524,,0.0666666666666666,0.2222222222222222,0.0,1,-6.91009,0.4346265793,5.9546279907,,0.0666666666666666,0.2222222222222222,0.0,1,-7.18156,0.3615453541,6.6008667946,,0.1333333333333333,0.2222222222222222,0.0,1,-7.65024,0.348159343,6.0498795509,,0.1333333333333333,0.2222222222222222,0,1,-5.94046,0.3209087551,5.10765028,,0.0666666666666666,0.2222222222222222,0.0,1,10
ZINC000000479682,-9.40798,0.8446656466,6.9180874825,,0.3333333333333333,0.5555555555555556,0,1,-7.14074,0.7162073255,6.7931408882,,0.4666666666666667,0.6666666666666666,0.0,1,-9.4725,0.7151374221,6.370704174,,0.2,0.3333333333333333,0,1,-7.81449,0.6440650225,6.7908148766,,0.5333333333333333,0.7777777777777778,0.0,1,-8.1216,0.5681010485,6.0860009193,,0.1333333333333333,0.2222222222222222,0,1,-7.91131,0.3701688051,5.8533554077,,0.1333333333333333,0.2222222222222222,0.0,1,-8.20829,0.35703668,6.1352915764,,0.2666666666666666,0.3333333333333333,0.0,1,-7.74472,0.3559349775,6.0774664879,,0.3333333333333333,0.5555555555555556,0.0,1,-6.7924,0.31343624,5.9163899422,,0.2666666666666666,0.3333333333333333,0,1,-7.48576,0.3127471209,5.8040452003,,0.2666666666666666,0.4444444444444444,0.0,1,10
ZINC000000480074,-6.00427,0.6801051497,5.4114918709,,0.4,0.5555555555555556,0,1,-6.17502,0.3876471817,5.5175647736,,0.2666666666666666,0.4444444444444444,0.0,1,-5.79415,0.3764458597,5.0128684044,,0.5333333333333333,0.6666666666666666,0,1,-6.08638,0.3535459042,5.4528632164,,0.2,0.3333333333333333,0.0,1,-5.42594,0.3432114422,4.5306477547,,0.1333333333333333,0.2222222222222222,0,1,-5.86266,0.332396239,5.2502574921,,0.2666666666666666,0.5555555555555556,0.0,1,-5.92955,0.3284972012,5.481566906,,0.2666666666666666,0.4444444444444444,0.0,1,-5.97326,0.3228410184,5.4142932892,,0.3333333333333333,0.5555555555555556,0.0,1,-5.52173,0.3225457966,4.4090485573,,0.2,0.3333333333333333,0,1,-5.375,0.3216633797,5.0107898712,,0.0666666666666666,0.1111111111111111,0.0,1,10
ZINC000000482688,-6.92734,0.3964570761,6.1564173698,,0.4666666666666667,0.5555555555555556,0,1,-6.72462,0.2897550166,5.8418483734,,0.4666666666666667,0.6666666666666666,0.0,1,-7.16339,0.257519722,4.6356210709,,0.0,0.1111111111111111,0,1,-6.65183,0.2539332807,5.8404045105,,0.4666666666666667,0.5555555555555556,0.0,1,-6.98906,0.2428065389,6.1062259674,,0.3333333333333333,0.4444444444444444,0,1,-6.80096,0.2363703996,5.8642497063,,0.4,0.4444444444444444,0.0,1,-6.50731,0.227879554,4.4222202301,,0.0,0.1111111111111111,0.0,1,-7.20864,0.2183295935,6.0959472656,,0.3333333333333333,0.3333333333333333,0.0,1,-7.49731,0.2182605714,5.0541877747,,0.0666666666666666,0.1111111111111111,0,1,-6.27408,0.2162236124,4.8236794472,,0.0666666666666666,0.1111111111111111,0.0,1,10
ZINC000000485621,-6.44268,0.5214421153,6.3945007324,,0.3333333333333333,0.4444444444444444,0,1,-6.28553,0.5064240694,4.9652895927,,0.0666666666666666,0.2222222222222222,0.0,1,-6.74255,0.3843269646,6.2220153809,,0.2,0.4444444444444444,0,1,-6.66707,0.3675484359,5.0389418602,,0.1333333333333333,0.3333333333333333,0.0,1,-5.84924,0.2483372688,5.9271807671,,0.1333333333333333,0.2222222222222222,0,1,-5.92853,0.2428973317,4.4002118111,,0.0,0.1111111111111111,0.0,1,-5.71701,0.2307025641,4.4334139824,,0.0,0.1111111111111111,0.0,1,-5.85306,0.2272450626,3.9923045635,,0.0666666666666666,0.1111111111111111,0.0,1,-6.35304,0.2215012759,4.665037632,,0.0666666666666666,0.2222222222222222,0,1,-6.08671,0.1946990639,4.0706443787,,0.0666666666666666,0.1111111111111111,0.0,1,10
ZINC000000485987,-6.40074,0.7047289014,4.2734875679,,0.2,0.2222222222222222,0,1,-5.49949,0.6715502739,4.3533968925,,0.0,0.1111111111111111,0.0,1,-5.45201,0.4880966842,4.112054348,,0.0,0.1111111111111111,0,1,-5.61662,0.3586052954,3.6401875019,,0.2,0.3333333333333333,0.0,1,-6.38223,0.335007906,4.845187664,,0.2,0.2222222222222222,0,1,-5.6714,0.3041167855,4.5786681175,,0.3333333333333333,0.4444444444444444,0.0,1,-5.68819,0.2422910184,4.1450839043,,0.0666666666666666,0.1111111111111111,0.0,1,-6.30787,0.2219948173,4.4952960014,,0.1333333333333333,0.2222222222222222,0.0,1,-6.32523,0.2200965732,4.5240736008,,0.2,0.2222222222222222,0,1,-5.37318,0.2165890932,3.9809529781,,0.0,0.1111111111111111,0.0,1,10
ZINC000000486315,-5.40664,0.900980711,4.2740035057,,0.0666666666666666,0.1111111111111111,0,1,-5.23354,0.8772380352,3.8128979206,,0.0,0.0,0.0,1,-5.62947,0.7399029136,3.9295434952,,0.0,0.1111111111111111,0,1,-5.58031,0.4864456654,3.6637809277,,0.0666666666666666,0.1111111111111111,0.0,1,-5.05351,0.3774534166,4.4932308197,,0.0666666666666666,0.1111111111111111,0,1,-5.01839,0.3444818556,4.2024788857,,0.0666666666666666,0.1111111111111111,0.0,1,-5.15401,0.3025254011,3.9497382641,,0.0666666666666666,0.1111111111111111,0.0,1,-4.98922,0.2485484034,4.2006602287,,0.2,0.2222222222222222,0.0,1,-5.02773,0.2483631968,3.7884185314,,0.0,0.1111111111111111,0,1,-5.41618,0.2314529419,3.5560410023,,,,,0,9
ZINC000000487070,-6.474,0.8494711518,6.8092441559,,0.6,0.6666666666666666,0,1,-6.20422,0.6880330443,6.1037096977,,0.5333333333333333,0.5555555555555556,0.0,1,-5.58057,0.621845603,6.3308815956,,0.6,0.6666666666666666,0,1,-5.94065,0.5623319149,5.8146824837,,0.5333333333333333,0.6666666666666666,0.0,1,-5.6788,0.5594257116,5.8869318962,,0.4,0.4444444444444444,0,1,-5.95519,0.4223729074,5.7503457069,,0.4,0.5555555555555556,0.0,1,-5.36795,0.2559635043,5.6411786079,,0.0,0.0,0.0,1,-5.16199,0.2371606529,5.4126262665,,0.0666666666666666,0.1111111111111111,0.0,1,-5.4839,0.2191839963,5.3952231407,,0.1333333333333333,0.2222222222222222,0,1,-5.55994,0.207605496,5.2689642906,,0.0666666666666666,0.1111111111111111,0.0,1,10
ZINC000000490931,-6.9138,0.8126443028,6.3588981628,,0.6666666666666666,0.7777777777777778,0,1,-6.54752,0.545909524,5.866399765,,0.4666666666666667,0.6666666666666666,0.0,1,-5.31981,0.4527775049,5.3048057556,,0.0,0.1111111111111111,0,1,-5.24848,0.4447305799,4.8938422203,,0.0666666666666666,0.1111111111111111,0.0,1,-5.97663,0.357699424,5.1657447815,,0.2666666666666666,0.3333333333333333,0,1,-5.23353,0.3376036286,4.6108984947,,0.0666666666666666,0.1111111111111111,0.0,1,-6.32928,0.3154027462,5.7434325218,,0.3333333333333333,0.4444444444444444,0.0,1,-5.63628,0.3138239384,4.697701931,,0.0666666666666666,0.1111111111111111,0.0,1,-5.74825,0.2590222657,4.7468795776,,0.0666666666666666,0.1111111111111111,0,1,-6.90477,0.2435920537,4.5300478935,,0.2,0.2222222222222222,0.0,1,10
ZINC000000493723,-7.9761,0.9045576453,7.4114232063,,0.6,0.7777777777777778,0,1,-8.04998,0.8962649703,7.4326071739,,0.4666666666666667,0.5555555555555556,0.0,1,-7.63463,0.8084918261,6.9288730621,,0.3333333333333333,0.4444444444444444,0,1,-7.02442,0.6220312715,6.3188624382,,0.3333333333333333,0.3333333333333333,0.0,1,-7.00849,0.570021987,6.5711650848,,0.3333333333333333,0.4444444444444444,0,1,-7.33874,0.4761521816,6.2128462791,,0.3333333333333333,0.5555555555555556,0.0,1,-7.00087,0.4739058316,6.1344017982,,0.2,0.3333333333333333,0.0,1,-6.47821,0.4356351793,5.7078671455,,0.2666666666666666,0.4444444444444444,0.0,1,-7.53425,0.4317696393,6.0232586861,,0.1333333333333333,0.2222222222222222,0,1,-6.96739,0.4175246954,6.2155303955,,0.4,0.4444444444444444,0.0,1,10
ZINC000000495150,-7.02593,0.5453497171,5.3711891174,,0.1333333333333333,0.2222222222222222,0,1,-6.8575,0.3317337632,6.0451731682,,0.2,0.3333333333333333,0.0,1,-6.86579,0.3080888093,6.0611667633,,0.2,0.3333333333333333,0,1,-6.97384,0.2862246037,6.0529389381,,0.1333333333333333,0.2222222222222222,0.0,1,-6.91981,0.2719800472,5.0025005341,,0.2,0.3333333333333333,0,1,-6.99426,0.2622099221,5.9991855621,,0.1333333333333333,0.2222222222222222,0.0,1,-7.02141,0.2136340141,5.1939959526,,0.1333333333333333,0.2222222222222222,0.0,1,-6.81605,0.2055642307,5.1276469231,,0.3333333333333333,0.4444444444444444,0.0,1,-6.98313,0.1874634176,5.5565834045,,0.6,0.7777777777777778,0,1,-7.10256,0.1850744486,4.9411964417,,0.0666666666666666,0.2222222222222222,0.0,1,10
ZINC000000502110,-6.50966,0.8182473183,5.9682278633,,0.0666666666666666,0.1111111111111111,0,1,-7.28269,0.6899616122,5.0203113556,,0.0,0.1111111111111111,0.0,1,-7.58587,0.6738928556,5.6694488525,,0.4666666666666667,0.6666666666666666,0,1,-7.26265,0.6361894608,5.5737776756,,0.1333333333333333,0.2222222222222222,0.0,1,-7.37588,0.5775435567,5.6048445702,,0.4,0.5555555555555556,0,1,-7.10151,0.5565629005,5.2206301689,,0.1333333333333333,0.2222222222222222,0.0,1,-6.91803,0.5199724436,4.6552405357,,0.0,0.1111111111111111,0.0,1,-6.3708,0.4687226117,4.7072005272,,0.1333333333333333,0.2222222222222222,0.0,1,-8.03974,0.4639840424,5.4439139366,,0.4,0.6666666666666666,0,1,-7.17839,0.4591589868,4.6343884468,,0.0,0.1111111111111111,0.0,1,10
ZINC000000510221,-7.89621,0.7926387787,6.0312232971,,0.2666666666666666,0.3333333333333333,0,1,-7.73716,0.7540647388,6.0916152,,0.3333333333333333,0.4444444444444444,0.0,1,-8.30467,0.6720862985,6.3091645241,,0.3333333333333333,0.5555555555555556,0,1,-6.73381,0.6124534011,5.6061968803,,0.2666666666666666,0.4444444444444444,0.0,1,-7.65802,0.5476676822,6.1707935333,,0.3333333333333333,0.5555555555555556,0,1,-7.24311,0.5094847679,6.0663371086,,0.5333333333333333,0.6666666666666666,0.0,1,-6.80185,0.4743699729,3.9707710743,,0.0,0.1111111111111111,0.0,1,-7.30076,0.4567691982,5.6989150047,,0.6,0.6666666666666666,0.0,1,-6.98146,0.4033631086,4.3379826546,,0.0,0.1111111111111111,0,1,-8.47654,0.3593177497,5.6108336449,,0.2,0.3333333333333333,0.0,1,10
ZINC000000510253,-6.51507,0.7740366459,5.1076698303,,0.2,0.2222222222222222,0,1,-6.57697,0.6745315194,5.2264471054,,0.0,0.1111111111111111,0.0,1,-6.44202,0.5944166183,5.073568821,,0.0,0.1111111111111111,0,1,-6.67836,0.5610799789,5.1463313103,,0.0666666666666666,0.1111111111111111,0.0,1,-6.75114,0.5482727289,4.8572983742,,0.0,0.1111111111111111,0,1,-6.58656,0.5398882031,5.0913352966,,0.0666666666666666,0.1111111111111111,0.0,1,-6.85256,0.5157459378,6.068271637,,0.4666666666666667,0.7777777777777778,0.0,1,-6.98583,0.4918189049,4.6049246788,,0.0666666666666666,0.2222222222222222,0.0,1,-6.62502,0.4673162103,4.7532477379,,0.0,0.1111111111111111,0,1,-6.66252,0.3836497664,4.4691033363,,0.0,0.1111111111111111,0.0,1,10
ZINC000000517562,-8.28089,0.6648025513,6.7979373932,,0.4,0.5555555555555556,0,1,-7.20489,0.5006097555,6.2368016243,,0.4,0.6666666666666666,0.0,1,-8.45457,0.4993104041,6.7015223503,,0.4,0.5555555555555556,0,1,-7.43057,0.4224537909,5.453435421,,0.1333333333333333,0.3333333333333333,0.0,1,-7.17228,0.3342864215,4.8096351624,,0.0,0.1111111111111111,0,1,-7.10543,0.2782847285,5.3132176399,,0.2,0.3333333333333333,0.0,1,-7.28058,0.2627028227,5.0781002045,,0.1333333333333333,0.2222222222222222,0.0,1,-7.1605,0.2564590275,6.0367965698,,0.4,0.5555555555555556,0.0,1,-7.19298,0.2442712933,5.2772326469,,0.0666666666666666,0.2222222222222222,0,1,-7.12789,0.2361394912,4.5359168053,,0.0,0.1111111111111111,0.0,1,10
ZINC000000517863,-7.40916,0.8440431952,6.383245945,,0.2666666666666666,0.3333333333333333,0,1,-7.85774,0.7904360294,6.2399997711,,0.4666666666666667,0.6666666666666666,0.0,1,-6.72292,0.6361672282,6.3021616936,,0.2,0.3333333333333333,0,1,-7.13865,0.6139668822,5.6722335815,,0.3333333333333333,0.4444444444444444,0.0,1,-7.4198,0.5170442462,5.8198943138,,0.4666666666666667,0.6666666666666666,0,1,-7.6348,0.5157792568,5.8013701439,,0.5333333333333333,0.6666666666666666,0.0,1,-6.63368,0.4735178053,5.4724822044,,0.2,0.4444444444444444,0.0,1,-6.78607,0.4665840268,4.7238302231,,0.0666666666666666,0.1111111111111111,0.0,1,-7.66574,0.4614123702,5.4898505211,,0.6,0.7777777777777778,0,1,-7.71776,0.3984285891,5.5665764809,,0.4,0.4444444444444444,0.0,1,10
ZINC000000520758,-7.89795,0.4659674168,6.0151519775,,0.3333333333333333,0.3333333333333333,0,1,-7.99438,0.4552052319,5.5924401283,,0.1333333333333333,0.2222222222222222,0.0,1,-8.1378,0.412943244,5.9790453911,,0.2,0.3333333333333333,0,1,-7.1319,0.3349994123,5.7360806465,,0.4,0.5555555555555556,0.0,1,-7.15889,0.330878675,6.044303894,,0.3333333333333333,0.5555555555555556,0,1,-6.38558,0.2978906929,4.6364860535,,0.0666666666666666,0.2222222222222222,0.0,1,-7.50806,0.2744280696,4.6809177399,,0.1333333333333333,0.2222222222222222,0.0,1,-6.99501,0.273160398,5.1577925682,,0.2,0.2222222222222222,0.0,1,-8.12778,0.2697802782,5.1351356506,,0.2,0.3333333333333333,0,1,-7.75909,0.2650152147,4.9754910469,,0.2,0.2222222222222222,0.0,1,10
ZINC000000522622,-7.2124,0.49244982,4.9406571388,,0.0666666666666666,0.2222222222222222,0,1,-8.48901,0.3608711958,5.3911685944,,0.0666666666666666,0.1111111111111111,0.0,1,-7.85145,0.3372972906,5.4846510887,,0.0666666666666666,0.2222222222222222,0,1,-6.80545,0.3186184168,5.1149792671,,0.0,0.1111111111111111,0.0,1,-8.34396,0.2895449996,5.1085152626,,0.2,0.2222222222222222,0,1,-8.37964,0.2891675234,6.3182086945,,0.3333333333333333,0.4444444444444444,0.0,1,-7.94954,0.2739485502,5.9846081734,,0.5333333333333333,0.4444444444444444,0.0,1,-7.47034,0.2352554798,5.1773762703,,0.0,0.1111111111111111,0.0,1,-6.62957,0.2246409208,4.7586612701,,0.1333333333333333,0.2222222222222222,0,1,-8.23481,0.2244193852,6.2563548088,,0.2666666666666666,0.3333333333333333,0.0,1,10
ZINC000000524821,-6.96707,0.5315389633,5.4885101318,,0.0,0.1111111111111111,0,1,-6.85409,0.4414883852,5.5232138634,,0.0,0.1111111111111111,0.0,1,-7.29306,0.4357491434,6.1987528801,,0.2,0.3333333333333333,0,1,-7.479,0.3172087073,5.1510958672,,0.0,0.1111111111111111,0.0,1,-7.02232,0.3144710064,5.9038338661,,0.0666666666666666,0.2222222222222222,0,1,-6.49297,0.2837147713,5.6373233795,,0.0666666666666666,0.2222222222222222,0.0,1,-6.78069,0.2620395422,5.8856010437,,0.0666666666666666,0.2222222222222222,0.0,1,-6.65926,0.2463557869,6.0263366699,,0.0666666666666666,0.2222222222222222,0.0,1,-6.41438,0.239165917,5.0098776817,,0.0,0.0,0,1,-6.60087,0.2386576235,5.5538992882,,0.0666666666666666,0.2222222222222222,0.0,1,10
ZINC000000526337,-7.22197,0.6949893832,6.0011882782,,0.1333333333333333,0.2222222222222222,0,1,-7.67896,0.6192616224,6.1127243042,,0.1333333333333333,0.2222222222222222,0.0,1,-6.78377,0.5978633761,5.5038762093,,0.3333333333333333,0.4444444444444444,0,1,-6.76443,0.557154417,5.4985947609,,0.2666666666666666,0.4444444444444444,0.0,1,-6.75434,0.5217639208,5.8466267586,,0.1333333333333333,0.2222222222222222,0,1,-6.86026,0.5213641524,5.8957386017,,0.0,0.0,0.0,1,-6.76973,0.4828389287,5.6528663635,,0.1333333333333333,0.2222222222222222,0.0,1,-6.63154,0.4713492692,5.5873260498,,0.1333333333333333,0.2222222222222222,0.0,1,-6.20928,0.3988304436,4.8372769356,,0.0,0.1111111111111111,0,1,-5.82629,0.3807423115,5.140794754,,0.4,0.6666666666666666,0.0,1,10
ZINC000000528866,-10.34508,0.8388038278,6.9927430153,,0.5333333333333333,0.5555555555555556,0,1,-9.80358,0.8335568905,6.9721665382,,0.5333333333333333,0.7777777777777778,0.0,1,-9.72143,0.8294719458,7.0317358971,,0.5333333333333333,0.7777777777777778,0,1,-7.93685,0.6445387602,6.543361187,,0.4666666666666667,0.4444444444444444,0.0,1,-8.62402,0.5939924121,6.4964623451,,0.2666666666666666,0.4444444444444444,0,1,-8.3825,0.5364255905,6.6163401604,,0.4,0.4444444444444444,0.0,1,-7.98453,0.4116482139,6.3857541084,,0.2666666666666666,0.2222222222222222,0.0,1,-8.87031,0.4060524106,6.2260041237,,0.2666666666666666,0.4444444444444444,0.0,1,-7.47337,0.3911836147,5.1256422997,,0.2,0.3333333333333333,0,1,-7.46088,0.3638379872,6.4467997551,,0.3333333333333333,0.4444444444444444,0.0,1,10
ZINC000000528903,-5.66469,0.3401256204,4.5961890221,,0.0666666666666666,0.2222222222222222,0,1,-6.26872,0.2793851495,5.2505354881,,0.4666666666666667,0.4444444444444444,0.0,1,-6.46406,0.2445298582,5.4904346466,,0.4666666666666667,0.4444444444444444,0,1,-5.82158,0.2391540259,4.9060382843,,0.0666666666666666,0.2222222222222222,0.0,1,-6.69278,0.2366312742,5.5942444801,,0.4666666666666667,0.4444444444444444,0,1,-5.38649,0.2330642343,4.7128276825,,0.0666666666666666,0.2222222222222222,0.0,1,-5.97826,0.2302702069,5.4632401466,,0.4666666666666667,0.4444444444444444,0.0,1,-6.34932,0.2207238227,5.4346213341,,0.4,0.4444444444444444,0.0,1,-5.21707,0.218891114,4.3675742149,,0.1333333333333333,0.2222222222222222,0,1,-5.68666,0.2038568109,4.7584896088,,0.2,0.3333333333333333,0.0,1,10
ZINC000000529103,-6.52462,0.918195188,5.4063987732,,0.4666666666666667,0.6666666666666666,0,1,-5.42277,0.7677333951,4.9805817604,,0.4,0.4444444444444444,0.0,1,-5.1527,0.7112954855,4.7666854858,,0.4666666666666667,0.5555555555555556,0,1,-5.16751,0.6833354235,4.7636160851,,0.3333333333333333,0.4444444444444444,0.0,1,-4.82079,0.6588251591,3.905834198,,0.1333333333333333,0.2222222222222222,0,1,-6.01112,0.6489403844,4.9278507233,,0.4,0.5555555555555556,0.0,1,-4.9974,0.6445820928,4.9181313515,,0.5333333333333333,0.7777777777777778,0.0,1,-5.07292,0.5874817371,3.8988418579,,0.0666666666666666,0.1111111111111111,0.0,1,-5.42868,0.5192368031,4.2248039246,,0.3333333333333333,0.4444444444444444,0,1,-4.75218,0.4888874292,4.6580190659,,0.3333333333333333,0.4444444444444444,0.0,1,10
ZINC000000531220,-4.98028,0.6887175441,3.7543904781,,0.0,0.1111111111111111,0,1,-5.22259,0.6505604386,4.0112099648,,0.0666666666666666,0.1111111111111111,0.0,1,-5.31125,0.4939261377,4.3902792931,,0.1333333333333333,0.2222222222222222,0,1,-5.17661,0.4140390158,3.8319711685,,0.0666666666666666,0.1111111111111111,0.0,1,-5.25955,0.3823475838,4.3347682953,,0.1333333333333333,0.2222222222222222,0,1,-5.14086,0.3247709572,4.5266871452,,0.0666666666666666,0.2222222222222222,0.0,1,-5.39877,0.3203729689,4.5072746277,,0.1333333333333333,0.2222222222222222,0.0,1,-5.70066,0.3030573428,4.1982650757,,0.1333333333333333,0.2222222222222222,0.0,1,-5.4907,0.3025867939,4.1781411171,,0.0,0.1111111111111111,0,1,-4.92293,0.2881522179,3.929428339,,0.1333333333333333,0.2222222222222222,0.0,1,10
ZINC000000536063,-5.2853,0.6210089922,4.2631793022,,0.0,0.1111111111111111,0,1,-5.23636,0.3737215102,4.2516870499,,0.0,0.1111111111111111,0.0,1,-5.40858,0.3681975901,5.4973335266,,0.0,0.0,0,1,-5.58088,0.3289572299,5.0966744423,,0.1333333333333333,0.2222222222222222,0.0,1,-5.31651,0.3146499693,4.2760176659,,0.0,0.1111111111111111,0,1,-5.6502,0.3036292791,4.6318874359,,0.0,0.1111111111111111,0.0,1,-5.32105,0.2377759516,4.3787045479,,0.0666666666666666,0.2222222222222222,0.0,1,-5.56381,0.2291419953,4.2228121758,,0.1333333333333333,0.2222222222222222,0.0,1,-5.60599,0.2234880328,4.9343419075,,0.2666666666666666,0.3333333333333333,0,1,-5.63513,0.2162255496,5.1361413002,,0.1333333333333333,0.2222222222222222,0.0,1,10
ZINC000000537719,-6.69951,0.9522339702,6.573744297,,0.3333333333333333,0.4444444444444444,0,1,-6.29568,0.9277963042,6.7869782448,,0.3333333333333333,0.3333333333333333,0.0,1,-7.1439,0.917344451,6.908343792,,0.6,0.5555555555555556,0,1,-6.55778,0.9162892699,6.5495886803,,0.3333333333333333,0.4444444444444444,0.0,1,-5.54736,0.8200725913,5.7650928497,,0.3333333333333333,0.3333333333333333,0,1,-6.57429,0.7551560998,5.5541110039,,0.3333333333333333,0.3333333333333333,0.0,1,-6.64963,0.6752994061,5.8958964348,,0.1333333333333333,0.2222222222222222,0.0,1,-5.82624,0.66316998,5.4560112953,,0.4,0.4444444444444444,0.0,1,-5.69271,0.6330049634,5.5600819588,,0.3333333333333333,0.4444444444444444,0,1,-5.45899,0.5418599248,4.5587902069,,0.1333333333333333,0.2222222222222222,0.0,1,10
ZINC000000537736,-7.33559,0.8079726696,6.4524445534,,0.4,0.4444444444444444,0,1,-7.11276,0.8022689223,6.6060199738,,0.4666666666666667,0.4444444444444444,0.0,1,-7.22252,0.7552921772,6.688741684,,0.4666666666666667,0.5555555555555556,0,1,-7.39822,0.6173236966,5.6022429466,,0.1333333333333333,0.2222222222222222,0.0,1,-7.71728,0.5971540809,6.1095237732,,0.4666666666666667,0.6666666666666666,0,1,-6.74633,0.526047349,6.0810494423,,0.5333333333333333,0.6666666666666666,0.0,1,-8.27426,0.4947884083,6.0137290955,,0.5333333333333333,0.4444444444444444,0.0,1,-7.30576,0.4716734886,5.9013562202,,0.4666666666666667,0.6666666666666666,0.0,1,-6.48973,0.4668030739,5.731900692,,0.1333333333333333,0.3333333333333333,0,1,-7.95857,0.4362889826,6.0068640709,,0.6,0.5555555555555556,0.0,1,10
ZINC000000537818,-9.33175,0.8316744566,7.4630389214,,0.5333333333333333,0.6666666666666666,0,1,-10.36171,0.827219367,7.3567109108,,0.5333333333333333,0.6666666666666666,0.0,1,-9.9583,0.8159980178,7.708044529,,0.3333333333333333,0.4444444444444444,0,1,-8.94914,0.8109110594,7.3055858612,,0.4,0.4444444444444444,0.0,1,-9.49633,0.8017537594,7.4495577812,,0.3333333333333333,0.4444444444444444,0,1,-8.17158,0.7282791734,7.2024388313,,0.6,0.7777777777777778,0.0,1,-9.51706,0.7045166492,7.5017852783,,0.3333333333333333,0.4444444444444444,0.0,1,-9.75082,0.6473815441,7.1540813446,,0.3333333333333333,0.4444444444444444,0.0,1,-10.39086,0.6413810253,7.0805716515,,0.3333333333333333,0.4444444444444444,0,1,-8.84332,0.598582685,7.0676665306,,0.2666666666666666,0.3333333333333333,0.0,1,10
ZINC000000537837,-7.67717,0.6999956965,5.910200119,,0.0666666666666666,0.1111111111111111,0,1,-5.90673,0.5166350603,5.865032196,,0.0666666666666666,0.1111111111111111,0.0,1,-6.73083,0.4489895701,5.6696343422,,0.0666666666666666,0.1111111111111111,0,1,-6.25538,0.435431242,5.8401818275,,0.1333333333333333,0.2222222222222222,0.0,1,-6.5128,0.40318349,5.57695961,,0.0666666666666666,0.1111111111111111,0,1,-5.77971,0.3911513388,5.3427791595,,,,,0,-7.04418,0.3298636079,6.0734057426,,0.1333333333333333,0.2222222222222222,0.0,1,-6.66878,0.3124184608,5.7387747765,,0.0666666666666666,0.1111111111111111,0.0,1,-7.49297,0.2640846372,5.6427807808,,0.1333333333333333,0.3333333333333333,0,1,-6.11519,0.2507154942,5.2343688011,,0.0666666666666666,0.1111111111111111,0.0,1,9
ZINC000000537853,-6.69957,0.2382875681,5.6738553047,,0.1333333333333333,0.2222222222222222,0,1,-6.55922,0.2320308983,5.6668038368,,0.5333333333333333,0.7777777777777778,0.0,1,-6.18646,0.1882192492,4.4487800598,,0.0666666666666666,0.1111111111111111,0,1,-6.45416,0.1819045842,6.0553278923,,0.6,0.6666666666666666,0.0,1,-6.65703,0.1731676608,5.1068115234,,0.1333333333333333,0.1111111111111111,0,1,-6.95069,0.1717540622,4.2823390961,,0.0666666666666666,0.1111111111111111,0.0,1,-6.26344,0.1374852359,5.1362843513,,0.2,0.3333333333333333,0.0,1,-8.3547,0.1369318217,4.2718906403,,0.1333333333333333,0.2222222222222222,0.0,1,-6.57073,0.1292519718,4.6305031776,,0.0666666666666666,0.2222222222222222,0,1,-6.15572,0.1198505238,4.511490345,,0.0,0.1111111111111111,0.0,1,10
ZINC000000537874,-5.89724,0.8997882605,6.774740696,,0.4666666666666667,0.5555555555555556,0,1,-6.307,0.8825163841,6.7554454803,,0.4,0.4444444444444444,0.0,1,-5.97232,0.8521743417,5.5944142342,,0.5333333333333333,0.6666666666666666,0,1,-6.07538,0.7966001034,5.7196311951,,0.6,0.6666666666666666,0.0,1,-6.30025,0.7447494864,6.2074408531,,0.3333333333333333,0.4444444444444444,0,1,-5.67116,0.6998140812,5.7797913551,,0.6,0.6666666666666666,0.0,1,-5.72206,0.6784286499,6.4372839928,,0.4,0.4444444444444444,0.0,1,-5.55673,0.6542856693,5.5273857117,,0.4666666666666667,0.5555555555555556,0.0,1,-5.91665,0.6058341861,5.7007660866,,0.4,0.4444444444444444,0,1,-6.14114,0.4032894671,5.1533532143,,0.2,0.3333333333333333,0.0,1,10
ZINC000000537887,-9.92986,0.9368847013,7.4449648857,,0.3333333333333333,0.4444444444444444,0,1,-9.56452,0.9210394025,7.2743134499,,0.4,0.5555555555555556,0.0,1,-9.27367,0.8931540251,7.0877099037,,0.3333333333333333,0.4444444444444444,0,1,-9.52248,0.8375270963,7.1356787682,,0.3333333333333333,0.4444444444444444,0.0,1,-9.49739,0.8294357061,7.1624760628,,0.3333333333333333,0.4444444444444444,0,1,-8.56606,0.8233726621,7.2400517464,,0.4,0.5555555555555556,0.0,1,-9.30672,0.7996477485,6.9676403999,,0.3333333333333333,0.4444444444444444,0.0,1,-8.95299,0.7487649322,6.9166798592,,0.2666666666666666,0.4444444444444444,0.0,1,-8.66655,0.7339216471,7.0089383125,,0.4,0.5555555555555556,0,1,-7.32423,0.7296131849,7.1520957947,,0.4,0.4444444444444444,0.0,1,10
ZINC000000537908,-7.92758,0.5806860924,6.1012005806,,0.0666666666666666,0.1111111111111111,0,1,-7.26437,0.476758033,5.9448666573,,0.0,0.1111111111111111,0.0,1,-7.10094,0.4419699907,5.8463935852,,0.0,0.1111111111111111,0,1,-8.5916,0.4193714857,6.6000628471,,0.4666666666666667,0.5555555555555556,0.0,1,-7.57021,0.4016630948,6.1696038246,,0.2,0.3333333333333333,0,1,-6.84071,0.3844729066,6.2696723938,,0.1333333333333333,0.2222222222222222,0.0,1,-7.38536,0.3727490008,5.9016499519,,0.2,0.3333333333333333,0.0,1,-7.42614,0.3719198108,6.0426774025,,0.0,0.1111111111111111,0.0,1,-7.53528,0.3678950667,6.1621551514,,0.1333333333333333,0.3333333333333333,0,1,-7.4527,0.3439738452,5.9696478844,,0.1333333333333333,0.2222222222222222,0.0,1,10
ZINC000000537940,-9.80798,0.6626778245,7.0592041016,,0.3333333333333333,0.5555555555555556,0,1,-9.82792,0.5609331131,7.2098326683,,0.5333333333333333,0.7777777777777778,0.0,1,-10.15547,0.4375390112,6.9106669426,,0.4,0.6666666666666666,0,1,-9.16028,0.4168774784,6.5855631828,,0.2,0.3333333333333333,0.0,1,-8.67595,0.3904871047,6.778357029,,0.1333333333333333,0.2222222222222222,0,1,-9.94483,0.3888584971,6.6543731689,,0.4,0.5555555555555556,0.0,1,-9.2358,0.3797678053,6.4273533821,,0.0666666666666666,0.1111111111111111,0.0,1,-7.75044,0.3486898839,6.3675637245,,0.2666666666666666,0.3333333333333333,0.0,1,-7.95393,0.3438783884,6.7705078125,,0.4,0.5555555555555556,0,1,-9.16678,0.3210676014,6.4009189606,,0.1333333333333333,0.2222222222222222,0.0,1,10
ZINC000000537944,-9.59457,0.9492430687,7.7071728706,,0.3333333333333333,0.4444444444444444,0,1,-8.99651,0.8704894185,7.1303195953,,0.5333333333333333,0.6666666666666666,0.0,1,-8.38022,0.8503801227,6.9773335457,,0.4,0.4444444444444444,0,1,-9.43775,0.8491217494,7.1967806816,,0.3333333333333333,0.6666666666666666,0.0,1,-9.15175,0.8216029406,7.128431797,,0.3333333333333333,0.5555555555555556,0,1,-7.88312,0.6748207211,7.0010299683,,0.2666666666666666,0.3333333333333333,0.0,1,-9.3666,0.6729305983,7.377325058,,0.2666666666666666,0.4444444444444444,0.0,1,-8.20894,0.6640958786,6.5737452507,,0.3333333333333333,0.5555555555555556,0.0,1,-7.53166,0.493618995,6.3405761719,,0.3333333333333333,0.4444444444444444,0,1,-8.73169,0.4537389278,6.6152234077,,0.2,0.3333333333333333,0.0,1,10
ZINC000000537958,-6.5211,0.8993420005,5.9979739189,,0.5333333333333333,0.8888888888888888,0,1,-6.81521,0.7492619753,5.811527729,,0.5333333333333333,0.6666666666666666,0.0,1,-6.26601,0.7235840559,5.7719941139,,0.5333333333333333,0.7777777777777778,0,1,-5.90865,0.6250041127,4.4765334129,,0.0666666666666666,0.1111111111111111,0.0,1,-6.07958,0.5807282925,4.5974502563,,0.0,0.1111111111111111,0,1,-6.42258,0.5673271418,5.8141150475,,0.4666666666666667,0.7777777777777778,0.0,1,-6.01794,0.5530927181,4.5196113586,,0.0,0.1111111111111111,0.0,1,-6.32428,0.5524151325,4.2731895447,,0.1333333333333333,0.2222222222222222,0.0,1,-6.47727,0.5224688649,5.1352381706,,0.4,0.5555555555555556,0,1,-6.10539,0.4703671038,5.3214344978,,0.4666666666666667,0.5555555555555556,0.0,1,10
ZINC000000537996,-8.52344,0.4935492277,6.883769989,,0.4,0.5555555555555556,0,1,-8.5555,0.4670130014,7.3042011261,,0.4,0.6666666666666666,0.0,1,-7.35009,0.3620667756,5.9164528847,,0.2,0.2222222222222222,0,1,-7.59448,0.3287832737,6.6709961891,,0.2,0.3333333333333333,0.0,1,-7.00076,0.3188612759,5.7907824516,,0.0666666666666666,0.1111111111111111,0,1,-6.57957,0.2601711154,5.798230648,,0.0666666666666666,0.1111111111111111,0.0,1,-8.14373,0.2150912732,6.7338442802,,0.4,0.4444444444444444,0.0,1,-8.09532,0.200327605,6.276550293,,0.3333333333333333,0.3333333333333333,0.0,1,-7.52232,0.1793504804,5.9093194008,,0.0666666666666666,0.2222222222222222,0,1,-7.41365,0.1791466624,5.9936523438,,0.2,0.2222222222222222,0.0,1,10
ZINC000000538006,-9.77118,0.8989557624,7.6090655327,,0.4666666666666667,0.6666666666666666,0,1,-9.59312,0.882861197,7.4093251228,,0.5333333333333333,0.5555555555555556,0.0,1,-9.66944,0.7194857001,7.4534339905,,0.4,0.5555555555555556,0,1,-9.47658,0.7103552818,7.3326187134,,0.4666666666666667,0.6666666666666666,0.0,1,-9.94953,0.7040953636,7.3188591003,,0.3333333333333333,0.4444444444444444,0,1,-8.33137,0.6871011257,7.0143322945,,0.4,0.5555555555555556,0.0,1,-8.12618,0.6735138297,7.2187371254,,0.5333333333333333,0.5555555555555556,0.0,1,-8.31511,0.670539856,7.1792411804,,0.3333333333333333,0.5555555555555556,0.0,1,-9.90417,0.6467407942,7.1980195045,,0.2666666666666666,0.3333333333333333,0,1,-9.7386,0.6054154038,7.1259417534,,0.3333333333333333,0.4444444444444444,0.0,1,10
ZINC000000538062,-7.35434,0.7525179386,7.057908535,,0.5333333333333333,0.5555555555555556,0,1,-7.18891,0.5545619726,6.4529423714,,0.4,0.4444444444444444,0.0,1,-7.95149,0.5496510863,6.6455359459,,0.4666666666666667,0.5555555555555556,0,1,-7.19242,0.4966266453,6.7570419312,,0.5333333333333333,0.6666666666666666,0.0,1,-6.84489,0.465000391,6.5612812042,,0.6,0.7777777777777778,0,1,-7.31781,0.3538184166,6.4795622826,,0.1333333333333333,0.2222222222222222,0.0,1,-7.23344,0.3440203071,6.2277317047,,0.0666666666666666,0.1111111111111111,0.0,1,-7.08103,0.319970578,6.1966509819,,0.5333333333333333,0.6666666666666666,0.0,1,-8.62096,0.3133760393,6.1105690002,,0.2,0.2222222222222222,0,1,-6.46232,0.3001827598,5.579395771,,0.0666666666666666,0.1111111111111111,0.0,1,10
ZINC000000538067,-9.52596,0.8681047559,7.6793961525,,0.3333333333333333,0.4444444444444444,0,1,-8.51052,0.7535495758,7.3815464973,,0.4,0.4444444444444444,0.0,1,-9.65316,0.7424679399,7.2139954567,,0.2666666666666666,0.3333333333333333,0,1,-10.3168,0.6603167057,7.3864941597,,0.2666666666666666,0.5555555555555556,0.0,1,-8.58397,0.5087635517,6.9665207863,,0.5333333333333333,0.5555555555555556,0,1,-8.99214,0.5038374662,7.0666623116,,0.3333333333333333,0.4444444444444444,0.0,1,-10.1278,0.4800712466,6.9387822151,,0.4,0.5555555555555556,0.0,1,-9.11812,0.4680033922,6.5811982155,,0.1333333333333333,0.2222222222222222,0.0,1,-9.14341,0.4064902365,6.807363987,,0.2,0.3333333333333333,0,1,-8.6406,0.403003484,6.8046860695,,0.3333333333333333,0.5555555555555556,0.0,1,10
ZINC000000538089,-8.94365,0.7637176514,6.9253025055,,0.4666666666666667,0.5555555555555556,0,1,-6.95918,0.7336568236,6.2423329353,,0.0666666666666666,0.1111111111111111,0.0,1,-8.80937,0.5264950991,6.3306221962,,0.4,0.5555555555555556,0,1,-7.33403,0.4922843874,6.3766188622,,0.4666666666666667,0.5555555555555556,0.0,1,-8.38835,0.4466428459,6.3912143707,,0.2666666666666666,0.4444444444444444,0,1,-7.46915,0.4279252887,6.4025425911,,0.3333333333333333,0.6666666666666666,0.0,1,-8.16432,0.3857193887,6.4967079163,,0.2666666666666666,0.4444444444444444,0.0,1,-8.16263,0.3835967481,6.1423783302,,0.2,0.3333333333333333,0.0,1,-8.79495,0.3815470338,6.3849596977,,0.2666666666666666,0.4444444444444444,0,1,-7.06155,0.3807293773,6.506966114,,0.3333333333333333,0.5555555555555556,0.0,1,10
ZINC000000538105,-5.82569,0.5720265508,5.8115153313,,0.0666666666666666,0.1111111111111111,0,1,-8.53202,0.5372086763,6.5472817421,,0.0666666666666666,0.1111111111111111,0.0,1,-7.13037,0.5039066672,6.3096675873,,0.1333333333333333,0.2222222222222222,0,1,-6.2462,0.4505694807,5.7217907906,,0.1333333333333333,0.1111111111111111,0.0,1,-6.69985,0.3386195004,5.9841461182,,0.2666666666666666,0.3333333333333333,0,1,-6.69082,0.3314246833,5.7732658386,,0.2,0.3333333333333333,0.0,1,-6.13642,0.318914026,5.6999111176,,0.0666666666666666,0.1111111111111111,0.0,1,-7.92139,0.3068249226,6.2022309303,,0.0666666666666666,0.1111111111111111,0.0,1,-6.79756,0.2751446962,6.140267849,,0.1333333333333333,0.3333333333333333,0,1,-6.59495,0.2712940276,5.5843811035,,0.0666666666666666,0.1111111111111111,0.0,1,10
ZINC000000538174,-9.34482,0.7943319082,7.02267313,,0.3333333333333333,0.4444444444444444,0,1,-8.95377,0.7467752099,6.8716034889,,0.4,0.5555555555555556,0.0,1,-7.70715,0.6284744143,6.5619282722,,0.2,0.4444444444444444,0,1,-9.06955,0.6099296808,6.5237231255,,0.2666666666666666,0.3333333333333333,0.0,1,-8.24217,0.5982671976,6.6469874382,,0.2666666666666666,0.3333333333333333,0,1,-8.63925,0.5620807409,6.8042640686,,0.2666666666666666,0.3333333333333333,0.0,1,-8.05228,0.4877254665,6.7259674072,,0.4,0.5555555555555556,0.0,1,-7.65467,0.4669050872,6.5773925781,,0.4,0.5555555555555556,0.0,1,-6.90974,0.4562832713,5.7816791534,,0.1333333333333333,0.2222222222222222,0,1,-8.39437,0.3930193782,6.5016522408,,0.2666666666666666,0.3333333333333333,0.0,1,10
ZINC000000538192,-7.26667,0.6913147569,5.9081554413,,0.4,0.5555555555555556,0,1,-6.72831,0.661642909,5.7987942696,,0.5333333333333333,0.5555555555555556,0.0,1,-5.76932,0.589913249,5.9136881828,,0.0666666666666666,0.1111111111111111,0,1,-5.61566,0.4628109038,5.3103256226,,0.0,0.1111111111111111,0.0,1,-6.05304,0.4066948891,5.5753922462,,0.1333333333333333,0.2222222222222222,0,1,-6.40156,0.3555129766,5.7651791573,,0.0666666666666666,0.1111111111111111,0.0,1,-5.98882,0.3446590304,5.522292614,,0.2666666666666666,0.3333333333333333,0.0,1,-7.45553,0.3072064519,5.7675094604,,0.2,0.4444444444444444,0.0,1,-7.14952,0.2668548822,5.1619982719,,0.2666666666666666,0.4444444444444444,0,1,-5.99452,0.2414464056,4.0717730522,,0.0666666666666666,0.2222222222222222,0.0,1,10
ZINC000000538220,-8.01486,0.8627909422,5.6395683289,,0.1333333333333333,0.2222222222222222,0,1,-7.58544,0.8056827188,5.61369133,,0.1333333333333333,0.2222222222222222,0.0,1,-7.68697,0.6932759285,5.5819334984,,0.1333333333333333,0.3333333333333333,0,1,-6.69533,0.6825904846,5.4242897034,,0.1333333333333333,0.2222222222222222,0.0,1,-6.39103,0.6163432598,5.1472592354,,0.0,0.0,0,1,-6.4359,0.5729829669,5.3943638802,,0.1333333333333333,0.2222222222222222,0.0,1,-7.10681,0.4195389748,5.568862915,,0.2,0.3333333333333333,0.0,1,-6.04825,0.278696686,4.956111908,,0.2,0.2222222222222222,0.0,1,-6.70576,0.2713502049,5.4826331139,,0.2666666666666666,0.3333333333333333,0,1,-6.1946,0.2306539416,4.8603401184,,0.0666666666666666,0.1111111111111111,0.0,1,10
ZINC000000538243,-9.50311,0.5555345416,6.9976787567,,0.2,0.3333333333333333,0,1,-8.98333,0.2790383101,6.5093846321,,0.0666666666666666,0.1111111111111111,0.0,1,-8.09533,0.21978046,6.3051962852,,0.0666666666666666,0.2222222222222222,0,1,-8.59434,0.2160136998,6.2459278107,,0.2666666666666666,0.3333333333333333,0.0,1,-9.2016,0.2156817168,6.3328399658,,0.2,0.2222222222222222,0,1,-8.95023,0.2024677098,5.9036393166,,0.2666666666666666,0.3333333333333333,0.0,1,-9.36373,0.1995825022,6.2931513786,,0.2666666666666666,0.3333333333333333,0.0,1,-8.83195,0.1942157298,6.0369987488,,0.2,0.2222222222222222,0.0,1,-8.61885,0.1942144334,5.6314053535,,0.4666666666666667,0.6666666666666666,0,1,-8.22638,0.1879727542,6.0235805511,,0.1333333333333333,0.2222222222222222,0.0,1,10
ZINC000000538285,-7.82129,0.6361951232,6.1839308739,,0.5333333333333333,0.5555555555555556,0,1,-8.07376,0.5853532553,6.1732230186,,0.5333333333333333,0.5555555555555556,0.0,1,-8.50456,0.543833375,5.8241405487,,0.5333333333333333,0.5555555555555556,0,1,-7.70434,0.4862308502,6.1212487221,,0.5333333333333333,0.5555555555555556,0.0,1,-7.70123,0.4735587835,5.9867434502,,0.5333333333333333,0.5555555555555556,0,1,-7.09015,0.4703778028,6.1005783081,,0.4666666666666667,0.4444444444444444,0.0,1,-7.62892,0.416025579,6.0538063049,,0.4666666666666667,0.4444444444444444,0.0,1,-7.43804,0.3813865185,6.0839157104,,0.4666666666666667,0.4444444444444444,0.0,1,-6.64847,0.3620709479,5.0444450378,,0.0,0.1111111111111111,0,1,-7.03426,0.2993837297,5.6095843315,,0.4666666666666667,0.4444444444444444,0.0,1,10
ZINC000000538290,-9.11773,0.3912546635,6.4028487206,,0.2,0.3333333333333333,0,1,-8.28735,0.3872010112,7.0195670128,,0.1333333333333333,0.2222222222222222,0.0,1,-9.27935,0.3852766454,6.8533301353,,0.3333333333333333,0.4444444444444444,0,1,-8.69408,0.3706060648,7.0644659996,,0.1333333333333333,0.3333333333333333,0.0,1,-8.15593,0.2859421372,6.8203787804,,0.1333333333333333,0.2222222222222222,0,1,-7.47151,0.2854507864,6.527135849,,0.1333333333333333,0.2222222222222222,0.0,1,-7.55015,0.2791866958,5.2340950966,,0.0,0.0,0.0,1,-8.02755,0.2635806203,6.0237164497,,0.3333333333333333,0.4444444444444444,0.0,1,-9.01211,0.2484164983,6.228908062,,0.1333333333333333,0.2222222222222222,0,1,-8.97082,0.2408704758,6.1561713219,,0.2,0.3333333333333333,0.0,1,10
ZINC000000538309,-8.34692,0.3960813582,6.3365998268,,0.2,0.2222222222222222,0,1,-7.90148,0.3013027608,6.3521866798,,0.3333333333333333,0.4444444444444444,0.0,1,-8.05212,0.2957412899,6.0182361603,,0.2666666666666666,0.3333333333333333,0,1,-7.47061,0.2704535127,5.9340910912,,0.2,0.2222222222222222,0.0,1,-7.46026,0.2552587688,6.2353930473,,0.3333333333333333,0.4444444444444444,0,1,-8.73329,0.2423447073,6.2210097313,,0.3333333333333333,0.4444444444444444,0.0,1,-7.30397,0.2375741154,6.2992568016,,0.4,0.5555555555555556,0.0,1,-8.46637,0.2086216211,6.1727919579,,0.3333333333333333,0.4444444444444444,0.0,1,-7.3934,0.178191945,5.8388152122,,0.3333333333333333,0.4444444444444444,0,1,-8.2568,0.1669487506,6.0877842903,,0.2666666666666666,0.3333333333333333,0.0,1,10
ZINC000000538339,-8.06815,0.9383921027,7.7782444954,,0.4666666666666667,0.5555555555555556,0,1,-8.50015,0.9347547889,7.677169323,,0.4,0.5555555555555556,0.0,1,-7.40196,0.8925215602,7.2952575684,,0.2,0.3333333333333333,0,1,-7.91454,0.8700109124,7.1679472923,,0.2,0.3333333333333333,0.0,1,-7.77684,0.7673696876,6.8954467773,,0.1333333333333333,0.2222222222222222,0,1,-7.85479,0.7071279883,7.1069550514,,0.3333333333333333,0.4444444444444444,0.0,1,-7.20295,0.5539783239,6.9986572266,,0.4,0.4444444444444444,0.0,1,-9.29867,0.5029633045,7.3390822411,,0.4,0.4444444444444444,0.0,1,-7.62308,0.4800470769,6.8883738518,,0.3333333333333333,0.4444444444444444,0,1,-8.22482,0.4794439971,6.5263214111,,0.3333333333333333,0.4444444444444444,0.0,1,10
ZINC000000538342,-7.43746,0.5615802407,6.2390694618,,0.1333333333333333,0.2222222222222222,0,1,-7.45449,0.5308449864,6.4498705864,,0.0666666666666666,0.1111111111111111,0.0,1,-7.34672,0.5270543694,6.2987365723,,0.1333333333333333,0.2222222222222222,0,1,-8.18744,0.4958346486,6.4005274773,,0.0,0.1111111111111111,0.0,1,-7.22843,0.4325681925,6.2200946808,,0.0,0.1111111111111111,0,1,-7.489,0.42511186,6.3690295219,,0.0,0.1111111111111111,0.0,1,-6.97577,0.4066218734,6.349966526,,0.1333333333333333,0.2222222222222222,0.0,1,-6.9832,0.4000181556,6.2263298035,,0.1333333333333333,0.2222222222222222,0.0,1,-7.34782,0.3961280286,6.3267216682,,0.0666666666666666,0.1111111111111111,0,1,-7.16314,0.3899893761,6.2876992226,,0.0666666666666666,0.1111111111111111,0.0,1,10
ZINC000000538362,-6.95409,0.4183160663,6.8402609825,,0.0,0.0,0,1,-6.75476,0.305673182,6.4185557365,,0.1333333333333333,0.2222222222222222,0.0,1,-6.97341,0.2903528512,6.4454655647,,0.0,0.1111111111111111,0,1,-6.66847,0.1851133853,5.6175174713,,0.0,0.0,0.0,1,-6.35383,0.1835999936,5.0938687325,,0.0666666666666666,0.1111111111111111,0,1,-7.55749,0.1727409214,6.0444226265,,0.0666666666666666,0.1111111111111111,0.0,1,-6.27956,0.162193954,5.7748990059,,0.0666666666666666,0.1111111111111111,0.0,1,-5.8068,0.1605230123,5.6253380775,,0.0,0.1111111111111111,0.0,1,-6.51481,0.1419934332,6.1526741982,,0.0666666666666666,0.2222222222222222,0,1,-6.4121,0.1380055398,6.7553844452,,0.4666666666666667,0.7777777777777778,0.0,1,10
ZINC000000538384,-8.88168,0.8902785182,7.3280353546,,0.6666666666666666,0.7777777777777778,0,1,-8.94864,0.7312909365,7.0265545845,,0.4,0.4444444444444444,0.0,1,-7.53332,0.5465223789,6.8153834343,,0.3333333333333333,0.5555555555555556,0,1,-6.96855,0.3949226141,5.0202021599,,0.0666666666666666,0.1111111111111111,0.0,1,-8.54873,0.3927832842,6.2602629662,,0.2,0.3333333333333333,0,1,-7.97403,0.3468043804,5.8769431114,,0.1333333333333333,0.2222222222222222,0.0,1,-8.33832,0.3358256221,5.9576468468,,0.1333333333333333,0.2222222222222222,0.0,1,-7.62843,0.3152581751,5.2081227303,,0.0666666666666666,0.1111111111111111,0.0,1,-7.75791,0.3024623096,6.3107414246,,0.3333333333333333,0.4444444444444444,0,1,-8.28498,0.2976985574,6.2140536308,,0.2666666666666666,0.3333333333333333,0.0,1,10
ZINC000000538392,-5.86744,0.7607221007,6.2320313454,,0.5333333333333333,0.7777777777777778,0,1,-6.38839,0.6039684415,5.7474741936,,0.5333333333333333,0.7777777777777778,0.0,1,-5.99667,0.5048266649,5.5730347633,,0.0,0.1111111111111111,0,1,-6.01939,0.4938500524,4.8911414146,,0.0666666666666666,0.1111111111111111,0.0,1,-5.93544,0.4933522046,5.0864377022,,0.1333333333333333,0.2222222222222222,0,1,-6.32256,0.457054764,5.4399609566,,0.2666666666666666,0.3333333333333333,0.0,1,-6.12162,0.4070698917,5.457218647,,0.0,0.1111111111111111,0.0,1,-6.36241,0.3819263279,5.5256867409,,0.4666666666666667,0.5555555555555556,0.0,1,-6.44715,0.3683233559,5.8934001923,,0.5333333333333333,0.7777777777777778,0,1,-5.78802,0.3501141071,5.072040081,,0.0,0.1111111111111111,0.0,1,10
ZINC000000538404,-9.99234,0.8197419047,6.7552161217,,0.4666666666666667,0.5555555555555556,0,1,-9.4986,0.7164137363,6.7155303955,,0.4,0.5555555555555556,0.0,1,-7.0717,0.6466718316,5.4004073143,,0.0666666666666666,0.1111111111111111,0,1,-7.25526,0.482886821,5.4196662903,,0.0666666666666666,0.2222222222222222,0.0,1,-7.19439,0.4580330849,5.6128754616,,0.1333333333333333,0.1111111111111111,0,1,-7.97339,0.4284864664,5.5607008934,,0.2666666666666666,0.3333333333333333,0.0,1,-8.16165,0.3353576064,5.5423226357,,0.0666666666666666,0.2222222222222222,0.0,1,-7.8833,0.276737541,5.1764340401,,0.2,0.2222222222222222,0.0,1,-7.87835,0.2744427025,5.2010397911,,0.2,0.2222222222222222,0,1,-8.54885,0.2683040798,5.8229598999,,0.2666666666666666,0.4444444444444444,0.0,1,10
ZINC000000538425,-6.74295,0.4889388084,6.4337906837,,0.2,0.3333333333333333,0,1,-8.76798,0.4327899218,6.2865257263,,0.1333333333333333,0.2222222222222222,0.0,1,-7.30764,0.4244610965,5.7390141487,,0.0,0.1111111111111111,0,1,-6.8686,0.3559115529,4.9506425858,,0.0666666666666666,0.1111111111111111,0.0,1,-8.19624,0.3452334404,5.9134278297,,0.0666666666666666,0.2222222222222222,0,1,-6.21575,0.328755796,4.654853344,,0.0666666666666666,0.1111111111111111,0.0,1,-6.98218,0.307356149,5.0521016121,,0.0,0.1111111111111111,0.0,1,-6.66283,0.2997142375,6.1291484833,,0.2,0.2222222222222222,0.0,1,-6.19067,0.2963786721,5.2673954964,,0.0666666666666666,0.1111111111111111,0,1,-6.3652,0.2899853885,4.7813134193,,0.0666666666666666,0.1111111111111111,0.0,1,10
ZINC000000538438,-7.17561,0.9264143109,6.7971611023,,0.4,0.5555555555555556,0,1,-6.80393,0.8844727278,6.3841609955,,0.2666666666666666,0.4444444444444444,0.0,1,-7.88945,0.8838149309,6.6660499573,,0.4666666666666667,0.5555555555555556,0,1,-6.63846,0.7215120196,6.3700327873,,0.0666666666666666,0.1111111111111111,0.0,1,-6.56891,0.5759791732,5.73046875,,0.4,0.5555555555555556,0,1,-6.86129,0.541465044,6.1681437492,,0.3333333333333333,0.3333333333333333,0.0,1,-7.28017,0.5061764717,6.0657868385,,0.4,0.4444444444444444,0.0,1,-6.77712,0.4619114697,6.1032309532,,0.2666666666666666,0.4444444444444444,0.0,1,-7.42806,0.4595637321,6.1444935799,,0.4,0.5555555555555556,0,1,-7.50714,0.4170952737,6.0251708031,,0.4666666666666667,0.5555555555555556,0.0,1,10
ZINC000000538450,-6.24764,0.4246048629,6.0887145996,,0.1333333333333333,0.3333333333333333,0,1,-6.73025,0.3490282893,5.9863910675,,0.2,0.3333333333333333,0.0,1,-6.7664,0.3269125223,5.5211882591,,0.1333333333333333,0.2222222222222222,0,1,-6.05188,0.320209682,6.0214762688,,0.4666666666666667,0.6666666666666666,0.0,1,-6.94398,0.293015182,5.5944137573,,0.0,0.1111111111111111,0,1,-6.33478,0.2879950404,5.7543187141,,0.1333333333333333,0.2222222222222222,0.0,1,-6.45604,0.2576894462,5.1309642792,,0.0,0.0,0.0,1,-7.08445,0.2268510908,5.9315867424,,0.0666666666666666,0.2222222222222222,0.0,1,-7.17362,0.2268291414,5.5167884827,,0.2,0.2222222222222222,0,1,-6.85052,0.2150877863,5.4080867767,,0.1333333333333333,0.2222222222222222,0.0,1,10
ZINC000000538476,-7.9729,0.599848628,6.4583706856,,0.2,0.3333333333333333,0,1,-7.74267,0.5836564302,6.3184170723,,0.1333333333333333,0.2222222222222222,0.0,1,-7.04227,0.3311278522,5.6562080383,,0.1333333333333333,0.2222222222222222,0,1,-6.659,0.3088783622,5.6318669319,,0.0666666666666666,0.2222222222222222,0.0,1,-8.16365,0.304531157,5.3449845314,,0.0,0.1111111111111111,0,1,-7.14866,0.2654797733,5.9937052727,,0.2666666666666666,0.3333333333333333,0.0,1,-7.34174,0.248816058,6.0023283958,,0.2666666666666666,0.3333333333333333,0.0,1,-7.05858,0.2287233174,6.2216143608,,0.3333333333333333,0.4444444444444444,0.0,1,-7.35924,0.2125464529,6.3519225121,,0.3333333333333333,0.4444444444444444,0,1,-6.59096,0.1969045401,5.5871052742,,0.2666666666666666,0.4444444444444444,0.0,1,10
ZINC000000538478,-9.1855,0.7981811762,7.4197673798,,0.4666666666666667,0.6666666666666666,0,1,-9.08237,0.4455275834,7.2437419891,,0.4,0.5555555555555556,0.0,1,-8.11685,0.3514727056,6.8141899109,,0.1333333333333333,0.2222222222222222,0,1,-8.52102,0.3129920065,6.5144410133,,0.1333333333333333,0.2222222222222222,0.0,1,-8.42856,0.2860282362,6.2579455376,,0.1333333333333333,0.2222222222222222,0,1,-8.01806,0.2767687142,6.2696833611,,0.3333333333333333,0.4444444444444444,0.0,1,-8.03557,0.2735888064,5.8906531334,,0.1333333333333333,0.2222222222222222,0.0,1,-8.26555,0.2537139654,5.8935494423,,0.2,0.3333333333333333,0.0,1,-7.44206,0.248871088,5.9424204826,,0.1333333333333333,0.2222222222222222,0,1,-7.75982,0.2394926101,5.3627800941,,0.3333333333333333,0.3333333333333333,0.0,1,10
ZINC000000538488,-5.62712,0.7911924124,4.8981781006,,0.0,0.0,0,1,-6.46615,0.6898311377,5.052836895,,0.0666666666666666,0.1111111111111111,0.0,1,-5.40245,0.6501638293,4.9807758331,,0.0666666666666666,0.1111111111111111,0,1,-6.26898,0.6250269413,5.1143894196,,0.0666666666666666,0.1111111111111111,0.0,1,-5.18383,0.6121618748,4.9231791496,,0.0,0.1111111111111111,0,1,-5.83935,0.586317122,5.0592765808,,0.0666666666666666,0.1111111111111111,0.0,1,-7.00859,0.5832208991,4.7488589287,,0.0666666666666666,0.1111111111111111,0.0,1,-6.35823,0.5831387043,4.8631625175,,0.0,0.1111111111111111,0.0,1,-6.3051,0.5768255591,4.8337407112,,0.0666666666666666,0.1111111111111111,0,1,-6.89364,0.5604044199,4.5607333183,,0.0666666666666666,0.1111111111111111,0.0,1,10
ZINC000000538547,-6.45382,0.7795165777,5.7801971436,,0.0666666666666666,0.1111111111111111,0,1,-6.25039,0.69958359,5.8563270569,,0.0666666666666666,0.1111111111111111,0.0,1,-6.73495,0.6735989451,6.238629818,,0.0666666666666666,0.2222222222222222,0,1,-6.12421,0.6283890605,5.7183642387,,0.1333333333333333,0.2222222222222222,0.0,1,-6.51602,0.6202354431,5.6814370155,,0.1333333333333333,0.3333333333333333,0,1,-6.46181,0.5823221803,5.6580696106,,0.0666666666666666,0.1111111111111111,0.0,1,-6.47384,0.580273509,5.2698864937,,0.2,0.2222222222222222,0.0,1,-5.9761,0.5613152981,5.559194088,,0.0666666666666666,0.1111111111111111,0.0,1,-6.02989,0.5570172071,5.6244940758,,0.0666666666666666,0.1111111111111111,0,1,-5.9313,0.4810581207,4.8225674629,,0.0666666666666666,0.1111111111111111,0.0,1,10
ZINC000000538550,-9.72919,0.3105509281,6.8574538231,,0.2666666666666666,0.4444444444444444,0,1,-7.3064,0.3047536314,5.752676487,,0.0666666666666666,0.2222222222222222,0.0,1,-7.57955,0.2980371118,6.8760681152,,0.4666666666666667,0.5555555555555556,0,1,-7.78226,0.2793343067,5.2138729095,,0.2666666666666666,0.3333333333333333,0.0,1,-7.58541,0.2739904523,5.3871631622,,0.0666666666666666,0.2222222222222222,0,1,-7.9912,0.2497290522,5.3643569946,,0.0666666666666666,0.2222222222222222,0.0,1,-7.62115,0.2496221662,5.2888503075,,0.2,0.2222222222222222,0.0,1,-7.99986,0.2417859584,6.5580334663,,0.2666666666666666,0.3333333333333333,0.0,1,-9.98951,0.2326538414,6.8085746765,,0.3333333333333333,0.4444444444444444,0,1,-7.79561,0.2308355421,6.3378696442,,0.1333333333333333,0.2222222222222222,0.0,1,10
ZINC000000538564,-7.69099,0.8554825187,7.6997051239,,0.5333333333333333,0.6666666666666666,0,1,-7.46308,0.6857540011,7.0753707886,,0.4,0.5555555555555556,0.0,1,-7.41791,0.6842415333,7.1425156593,,0.3333333333333333,0.4444444444444444,0,1,-9.88671,0.5493439436,6.5935339928,,0.4,0.5555555555555556,0.0,1,-10.04175,0.5209481716,6.51527071,,0.3333333333333333,0.4444444444444444,0,1,-7.27156,0.4606187642,6.5223464966,,0.6,0.7777777777777778,0.0,1,-7.15975,0.44506827,6.519695282,,0.4,0.5555555555555556,0.0,1,-7.31588,0.4363923073,6.6738872528,,0.6666666666666666,0.8888888888888888,0.0,1,-8.44059,0.4219640195,6.4306945801,,0.4666666666666667,0.5555555555555556,0,1,-8.57552,0.4200837612,6.3847260475,,0.4,0.5555555555555556,0.0,1,10
ZINC000000538590,-7.88745,0.6831663847,6.9794392586,,0.2,0.2222222222222222,0,1,-8.48355,0.6080383062,6.4857935905,,0.2,0.2222222222222222,0.0,1,-8.65595,0.5470404625,6.2669773102,,0.1333333333333333,0.2222222222222222,0,1,-7.85966,0.5358500481,6.5994467735,,0.2,0.2222222222222222,0.0,1,-8.02945,0.5333686471,6.4931106567,,0.0,0.1111111111111111,0,1,-7.46357,0.4956539571,6.3880496025,,0.0,0.1111111111111111,0.0,1,-7.44388,0.4907409549,6.6274065971,,0.0,0.1111111111111111,0.0,1,-7.64772,0.4671359062,6.5050530434,,0.0666666666666666,0.1111111111111111,0.0,1,-8.54901,0.4205849767,6.0822930336,,0.1333333333333333,0.2222222222222222,0,1,-7.60679,0.389406085,5.7805428505,,0.1333333333333333,0.3333333333333333,0.0,1,10
ZINC000000538596,-7.75653,0.6575903893,6.253508091,,0.5333333333333333,0.6666666666666666,0,1,-7.24127,0.6397873759,6.1241583824,,0.4,0.4444444444444444,0.0,1,-7.24498,0.6282702684,6.0362553596,,0.1333333333333333,0.2222222222222222,0,1,-6.3865,0.4825901687,6.0314040184,,0.4666666666666667,0.5555555555555556,0.0,1,-6.06517,0.2895723283,5.7304062843,,0.3333333333333333,0.4444444444444444,0,1,-6.70604,0.2088330537,4.7447648048,,0.2,0.2222222222222222,0.0,1,-5.7255,0.201044023,4.5294017792,,0.1333333333333333,0.2222222222222222,0.0,1,-5.53208,0.1843682379,5.3105521202,,0.2,0.3333333333333333,0.0,1,-5.6929,0.1836500168,4.8510594368,,0.0,0.1111111111111111,0,1,-5.70058,0.1722133458,4.5214657784,,0.1333333333333333,0.2222222222222222,0.0,1,10
ZINC000000538650,-8.2407,0.5726588964,6.913962841,,0.4,0.5555555555555556,0,1,-7.22117,0.5470820069,6.3220801353,,0.2,0.2222222222222222,0.0,1,-7.57013,0.5185256004,6.7239518166,,0.3333333333333333,0.4444444444444444,0,1,-7.06459,0.503661871,5.7670192719,,0.2,0.2222222222222222,0.0,1,-6.83854,0.4826795757,5.8104100227,,0.0,0.1111111111111111,0,1,-7.98229,0.4803369939,6.5312809944,,0.3333333333333333,0.4444444444444444,0.0,1,-7.91694,0.4613392949,6.665415287,,0.3333333333333333,0.4444444444444444,0.0,1,-7.98724,0.4328946173,6.5967559814,,0.4666666666666667,0.7777777777777778,0.0,1,-8.37626,0.4076992869,6.4729332924,,0.2,0.3333333333333333,0,1,-7.1221,0.3375078142,6.4653892517,,0.2666666666666666,0.4444444444444444,0.0,1,10
ZINC000000542772,-7.27069,0.4118849337,6.5016918182,,0.4666666666666667,0.7777777777777778,0,1,-8.70234,0.3062702715,6.3558616638,,0.4,0.6666666666666666,0.0,1,-8.88421,0.2997666895,6.26410532,,0.2,0.3333333333333333,0,1,-8.34676,0.28412956,6.1855454445,,0.2,0.3333333333333333,0.0,1,-8.12852,0.271502167,6.3819699287,,0.2,0.3333333333333333,0,1,-7.96626,0.24144274,6.230117321,,0.2,0.3333333333333333,0.0,1,-7.82675,0.2028390169,5.8230948448,,0.2,0.3333333333333333,0.0,1,-8.0782,0.1990335584,6.1634917259,,0.4666666666666667,0.5555555555555556,0.0,1,-8.27942,0.1905425191,6.0208268166,,0.4,0.6666666666666666,0,1,-7.37541,0.1573661268,5.6355876923,,0.4,0.5555555555555556,0.0,1,10
ZINC000000543042,-5.81843,0.3790566027,4.5733799934,,0.2,0.2222222222222222,0,1,-6.05145,0.3737970591,4.7866034508,,0.2666666666666666,0.3333333333333333,0.0,1,-6.592,0.342731595,4.8483748436,,0.0666666666666666,0.2222222222222222,0,1,-6.4253,0.309979856,4.6097226143,,0.0666666666666666,0.2222222222222222,0.0,1,-5.67299,0.2704664171,4.6679644585,,0.1333333333333333,0.1111111111111111,0,1,-5.92124,0.2686188221,4.916823864,,0.0666666666666666,0.2222222222222222,0.0,1,-6.41715,0.2685104311,4.6255173683,,0.0666666666666666,0.2222222222222222,0.0,1,-5.60453,0.2667679191,3.9749205112,,0.0,0.1111111111111111,0.0,1,-5.53703,0.2485564947,4.5648236275,,0.1333333333333333,0.2222222222222222,0,1,-5.64463,0.217299208,5.0312829018,,0.3333333333333333,0.4444444444444444,0.0,1,10
ZINC000000543305,-7.89781,0.9128618836,7.1991939545,,0.2666666666666666,0.4444444444444444,0,1,-6.77167,0.812938273,6.6625938416,,0.6,0.6666666666666666,0.0,1,-7.48504,0.7735577822,6.8653292656,,0.4,0.5555555555555556,0,1,-7.32593,0.7605958581,6.6772990227,,0.4,0.6666666666666666,0.0,1,-6.55637,0.7513922453,6.3825745583,,0.6,0.6666666666666666,0,1,-7.14057,0.7099032998,5.9506950378,,0.5333333333333333,0.5555555555555556,0.0,1,-6.55501,0.6967425942,7.0026779175,,0.5333333333333333,0.8888888888888888,0.0,1,-7.74432,0.6564924717,6.6943721771,,0.2666666666666666,0.4444444444444444,0.0,1,-6.3525,0.6557610035,6.1782050133,,0.2666666666666666,0.3333333333333333,0,1,-7.26175,0.6341562271,6.7259407043,,0.2,0.3333333333333333,0.0,1,10
ZINC000000544938,-6.68096,0.5390479565,6.3598079681,,0.4666666666666667,0.6666666666666666,0,1,-6.56738,0.4527367651,6.2210707664,,0.3333333333333333,0.4444444444444444,0.0,1,-7.40177,0.4423574805,5.9372696877,,0.2,0.3333333333333333,0,1,-7.72679,0.3834106624,6.1965575218,,0.4,0.6666666666666666,0.0,1,-6.9069,0.3680131435,5.6332950592,,0.2666666666666666,0.4444444444444444,0,1,-6.63208,0.3654921949,5.782705307,,0.2666666666666666,0.4444444444444444,0.0,1,-7.20176,0.3558426797,5.7130522728,,0.2,0.3333333333333333,0.0,1,-6.52843,0.3280311823,5.0296425819,,0.3333333333333333,0.5555555555555556,0.0,1,-7.69221,0.2866358161,5.9324212074,,0.4,0.6666666666666666,0,1,-7.60866,0.2734547853,5.8119244576,,0.3333333333333333,0.5555555555555556,0.0,1,10
ZINC000000555715,-7.02087,0.5942838788,5.2844824791,,0.0,0.1111111111111111,0,1,-7.08681,0.5431197286,5.4162220955,,0.0,0.1111111111111111,0.0,1,-7.12765,0.5300997496,5.5688385963,,0.0666666666666666,0.2222222222222222,0,1,-7.48543,0.4776056111,5.0689296722,,0.0666666666666666,0.2222222222222222,0.0,1,-7.58131,0.469534725,5.229537487,,0.0,0.1111111111111111,0,1,-7.30276,0.4443984032,5.2024912834,,0.0,0.1111111111111111,0.0,1,-7.03196,0.4323070347,4.9483008385,,0.0,0.1111111111111111,0.0,1,-7.10062,0.4040432572,4.7013878822,,0.0,0.1111111111111111,0.0,1,-7.29941,0.3952105939,4.9209599495,,0.0666666666666666,0.1111111111111111,0,1,-7.1805,0.3898918331,6.9155502319,,0.4,0.5555555555555556,0.0,1,10
ZINC000000556559,-6.16253,0.3223297894,5.3509278297,,0.4,0.5555555555555556,0,1,-6.51099,0.3167729676,5.5534567833,,0.2,0.3333333333333333,0.0,1,-7.01524,0.30373016,6.0166778564,,0.1333333333333333,0.2222222222222222,0,1,-6.16919,0.287399888,5.3844351768,,0.2,0.3333333333333333,0.0,1,-6.61189,0.2818001509,5.5585975647,,0.2,0.2222222222222222,0,1,-6.60946,0.2357878238,4.6249465942,,0.1333333333333333,0.2222222222222222,0.0,1,-6.67104,0.2110278159,4.7545390129,,0.1333333333333333,0.2222222222222222,0.0,1,-7.31482,0.2106867582,4.6503968239,,0.0,0.1111111111111111,0.0,1,-5.91594,0.2014130354,4.4517993927,,0.2,0.3333333333333333,0,1,-7.72187,0.1980549395,4.4967226982,,0.0,0.1111111111111111,0.0,1,10
ZINC000000564186,-6.47416,0.5580466986,5.621327877,,0.3333333333333333,0.3333333333333333,0,1,-7.47476,0.5500398874,5.5131020546,,0.0,0.1111111111111111,0.0,1,-7.69475,0.5481306314,6.6998252869,,0.3333333333333333,0.4444444444444444,0,1,-7.61239,0.4628247619,6.6095962524,,0.2,0.4444444444444444,0.0,1,-7.42502,0.4316341281,6.6243758202,,0.2666666666666666,0.4444444444444444,0,1,-6.54829,0.3956810534,4.985722065,,0.0,0.1111111111111111,0.0,1,-6.30498,0.3706214726,4.4699039459,,0.0666666666666666,0.1111111111111111,0.0,1,-6.0384,0.3574407995,5.0365147591,,0.0666666666666666,0.2222222222222222,0.0,1,-6.75414,0.3053335845,5.5518660545,,0.3333333333333333,0.4444444444444444,0,1,-6.15515,0.3029995561,5.7610564232,,0.4666666666666667,0.5555555555555556,0.0,1,10
ZINC000000568534,-8.19156,0.62240839,6.4033684731,,0.3333333333333333,0.4444444444444444,0,1,-8.37747,0.5643369555,6.0998797417,,0.3333333333333333,0.4444444444444444,0.0,1,-7.18597,0.5629390478,5.6062464714,,0.0,0.1111111111111111,0,1,-7.29965,0.4416379631,6.0294318199,,0.4,0.5555555555555556,0.0,1,-7.49953,0.4278187454,6.082681179,,0.4666666666666667,0.5555555555555556,0,1,-7.00477,0.3485758901,6.0608992577,,0.1333333333333333,0.2222222222222222,0.0,1,-7.13814,0.2788117528,6.5005936623,,0.3333333333333333,0.4444444444444444,0.0,1,-7.28115,0.265283078,6.2335624695,,0.4,0.5555555555555556,0.0,1,-7.55603,0.261313796,5.2676901817,,0.0,0.1111111111111111,0,1,-8.01639,0.2497032881,4.4167695045,,0.0666666666666666,0.2222222222222222,0.0,1,10
ZINC000000575824,-8.68321,0.4366138875,6.2399315834,,0.4666666666666667,0.4444444444444444,0,1,-8.1429,0.425952971,6.1116409302,,0.4666666666666667,0.4444444444444444,0.0,1,-8.04942,0.3933515847,5.6852054596,,0.3333333333333333,0.5555555555555556,0,1,-8.7687,0.3556328714,6.5403866768,,0.2,0.3333333333333333,0.0,1,-8.56206,0.3425610662,6.1622886658,,0.3333333333333333,0.4444444444444444,0,1,-8.92984,0.3216480613,6.5409011841,,0.2,0.3333333333333333,0.0,1,-7.36838,0.2892796397,5.4937701225,,0.0,0.1111111111111111,0.0,1,-7.13139,0.2413589954,5.3755073547,,0.3333333333333333,0.4444444444444444,0.0,1,-10.09529,0.2210463285,5.980943203,,0.3333333333333333,0.4444444444444444,0,1,-7.21243,0.191823706,5.7731704712,,0.3333333333333333,0.3333333333333333,0.0,1,10
ZINC000000576025,-8.06091,0.5074542761,6.5357708931,,0.4666666666666667,0.6666666666666666,0,1,-7.96719,0.4629593492,6.4647102356,,0.4666666666666667,0.6666666666666666,0.0,1,-7.10334,0.4029319584,5.7433552742,,0.0,0.1111111111111111,0,1,-7.04648,0.3458925784,6.2695336342,,0.4,0.6666666666666666,0.0,1,-7.34036,0.3424906731,6.2590470314,,0.4,0.4444444444444444,0,1,-6.86709,0.322612375,5.2830514908,,0.0666666666666666,0.1111111111111111,0.0,1,-7.01172,0.3196773529,5.4465584755,,0.0666666666666666,0.1111111111111111,0.0,1,-6.88604,0.2901208699,5.3640041351,,0.0666666666666666,0.1111111111111111,0.0,1,-7.1997,0.271535188,5.003549099,,0.0666666666666666,0.1111111111111111,0,1,-6.61693,0.2586551607,5.4614720345,,0.0666666666666666,0.1111111111111111,0.0,1,10
ZINC000000576492,-6.97903,0.8245614767,5.8570404053,,0.4666666666666667,0.4444444444444444,0,1,-6.59502,0.6173992753,5.8581500053,,0.3333333333333333,0.3333333333333333,0.0,1,-5.94257,0.5800794363,5.5094261169,,0.0666666666666666,0.1111111111111111,0,1,-6.49008,0.5353588462,4.6486148834,,0.1333333333333333,0.2222222222222222,0.0,1,-6.52752,0.4788359702,5.2566814423,,0.4,0.4444444444444444,0,1,-6.6469,0.4721078873,5.2737727165,,0.5333333333333333,0.4444444444444444,0.0,1,-6.4748,0.4449920058,5.2225651741,,0.4666666666666667,0.5555555555555556,0.0,1,-5.87305,0.3675474823,5.2574372292,,0.3333333333333333,0.4444444444444444,0.0,1,-6.13396,0.3660938442,4.5817379951,,0.0666666666666666,0.2222222222222222,0,1,-7.44059,0.3276757896,5.0432257652,,0.0,0.1111111111111111,0.0,1,10
ZINC000000576615,-7.73663,0.8696118593,7.0405826569,,0.2,0.3333333333333333,0,1,-8.56684,0.7612825036,6.9211177826,,0.2666666666666666,0.4444444444444444,0.0,1,-9.15264,0.7464776039,6.9963855743,,0.4666666666666667,0.6666666666666666,0,1,-9.13049,0.6780896187,6.7405686378,,0.2666666666666666,0.4444444444444444,0.0,1,-7.04477,0.6154883504,6.2474803925,,0.2,0.3333333333333333,0,1,-8.5802,0.5913891792,6.5741667747,,0.1333333333333333,0.2222222222222222,0.0,1,-8.54369,0.5673702955,6.4197249413,,0.2666666666666666,0.4444444444444444,0.0,1,-8.74818,0.5632927418,6.5867371559,,0.3333333333333333,0.5555555555555556,0.0,1,-8.03771,0.4839583933,6.4074444771,,0.3333333333333333,0.5555555555555556,0,1,-7.23783,0.4356538951,6.4288439751,,0.2,0.3333333333333333,0.0,1,10
ZINC000000576666,-6.86395,0.7352560163,5.7493438721,,0.0,0.1111111111111111,0,1,-6.888,0.6985382438,5.2999539375,,0.0666666666666666,0.1111111111111111,0.0,1,-6.5631,0.4698525369,5.86251688,,0.2,0.2222222222222222,0,1,-8.5737,0.4222221375,6.0062084198,,0.2,0.4444444444444444,0.0,1,-6.55612,0.344119966,5.0453047752,,0.0666666666666666,0.1111111111111111,0,1,-6.60507,0.3202780783,6.0765151978,,0.5333333333333333,0.6666666666666666,0.0,1,-6.76593,0.2927086949,5.7760739326,,0.2666666666666666,0.3333333333333333,0.0,1,-6.80367,0.2832747996,5.6939253807,,0.1333333333333333,0.2222222222222222,0.0,1,-7.83189,0.2601312697,5.7269396782,,0.0666666666666666,0.2222222222222222,0,1,-8.04682,0.2459685951,5.4887042046,,0.2,0.2222222222222222,0.0,1,10
ZINC000000576736,-6.93542,0.5941672325,6.4609570503,,0.0666666666666666,0.1111111111111111,0,1,-6.9491,0.4625841081,6.5242977142,,0.0,0.1111111111111111,0.0,1,-7.17149,0.4596054554,6.2464394569,,0.1333333333333333,0.2222222222222222,0,1,-7.35151,0.4496461749,6.338634491,,0.0666666666666666,0.1111111111111111,0.0,1,-6.28592,0.2935514748,5.9652018547,,0.1333333333333333,0.2222222222222222,0,1,-5.98042,0.2927599847,5.8821721077,,0.2,0.2222222222222222,0.0,1,-5.87941,0.2403019369,5.7375483513,,0.0,0.1111111111111111,0.0,1,-6.03322,0.2321507782,5.7846026421,,0.0666666666666666,0.1111111111111111,0.0,1,-6.66692,0.1940141767,5.9123883247,,0.2666666666666666,0.3333333333333333,0,1,-7.074,0.1924464107,5.9064230919,,0.0,0.1111111111111111,0.0,1,10
ZINC000000576956,-5.72861,0.3173913658,6.1037483215,,0.0,0.0,0,1,-6.4444,0.2311565727,5.7290740013,,0.2,0.2222222222222222,0.0,1,-6.01797,0.2283284813,5.8308215141,,0.2,0.2222222222222222,0,1,-6.36469,0.2198065221,5.3369002342,,0.0666666666666666,0.1111111111111111,0.0,1,-6.42584,0.217527315,5.6167168617,,0.2,0.2222222222222222,0,1,-6.39192,0.2091178149,6.0012955666,,0.2,0.3333333333333333,0.0,1,-5.77625,0.2090737671,5.5963253975,,0.0666666666666666,0.1111111111111111,0.0,1,-5.74845,0.1785476655,4.4739193916,,0.0666666666666666,0.1111111111111111,0.0,1,-5.62812,0.1509577334,5.3556365967,,0.1333333333333333,0.2222222222222222,0,1,-6.02245,0.1469596326,5.3691916466,,0.0666666666666666,0.2222222222222222,0.0,1,10
ZINC000000577251,-6.62711,0.4595029354,6.7733206749,,0.0,0.1111111111111111,0,1,-7.24352,0.385620892,7.1238956451,,0.0666666666666666,0.2222222222222222,0.0,1,-6.12926,0.3293141425,6.0973877907,,0.0666666666666666,0.1111111111111111,0,1,-6.28465,0.3211089671,6.0347008705,,0.2,0.2222222222222222,0.0,1,-5.79638,0.300819993,6.135872364,,0.0,0.1111111111111111,0,1,-6.09306,0.2965990305,6.2137145996,,0.0,0.0,0.0,1,-6.66337,0.2801573277,6.5360713005,,0.0666666666666666,0.1111111111111111,0.0,1,-5.90926,0.2725567222,6.3320631981,,0.0,0.0,0.0,1,-6.37063,0.2439152002,6.1821961403,,0.0,0.0,0,1,-6.2497,0.2246079743,5.9833521843,,0.2,0.2222222222222222,0.0,1,10
ZINC000000577263,-7.59305,0.3252150416,5.4915747643,,0.2,0.3333333333333333,0,1,-6.78646,0.3156873882,4.3219065666,,0.0666666666666666,0.2222222222222222,0.0,1,-7.86796,0.3104493618,5.4483580589,,0.0666666666666666,0.1111111111111111,0,1,-5.96451,0.2920998633,4.2539086342,,0.2,0.3333333333333333,0.0,1,-6.66364,0.2730418444,4.0454916954,,0.1333333333333333,0.2222222222222222,0,1,-6.70843,0.249315232,3.9199001789,,0.0666666666666666,0.2222222222222222,0.0,1,-6.57735,0.2396853864,4.3242058754,,0.2,0.3333333333333333,0.0,1,-6.06181,0.237910971,4.2366099358,,0.2,0.3333333333333333,0.0,1,-6.49507,0.2362035811,3.9159374237,,0.0666666666666666,0.2222222222222222,0,1,-6.30381,0.2208525538,5.029876709,,0.3333333333333333,0.4444444444444444,0.0,1,10
ZINC000000578047,-7.19325,0.3761174381,6.166282177,,0.1333333333333333,0.2222222222222222,0,1,-8.01118,0.3118693233,6.2959580421,,0.4,0.5555555555555556,0.0,1,-7.90485,0.2591885924,5.7247333527,,0.2,0.3333333333333333,0,1,-7.01367,0.2364702821,5.9820408821,,0.2666666666666666,0.4444444444444444,0.0,1,-7.19104,0.2357103974,5.1506495476,,0.2,0.3333333333333333,0,1,-7.72756,0.2295123488,5.9761528969,,0.0,0.1111111111111111,0.0,1,-7.56706,0.218326509,5.4285526276,,0.1333333333333333,0.3333333333333333,0.0,1,-6.65245,0.1966583133,5.1172475815,,0.0,0.1111111111111111,0.0,1,-6.86921,0.1948324442,5.2167663574,,0.1333333333333333,0.3333333333333333,0,1,-8.09052,0.1890381426,5.6718783379,,0.2,0.3333333333333333,0.0,1,10
ZINC000000578176,-9.60775,0.8414068818,7.1223168373,,0.3333333333333333,0.4444444444444444,0,1,-9.61022,0.7176433802,6.4459557533,,0.2,0.3333333333333333,0.0,1,-7.49642,0.6197910309,5.9825897217,,0.0666666666666666,0.2222222222222222,0,1,-8.06449,0.5495083928,6.1747574806,,0.1333333333333333,0.2222222222222222,0.0,1,-8.17808,0.4965940118,6.4344830513,,0.3333333333333333,0.5555555555555556,0,1,-9.26628,0.4673577845,6.158144474,,0.1333333333333333,0.2222222222222222,0.0,1,-7.40541,0.4078140855,5.9413933754,,0.2666666666666666,0.4444444444444444,0.0,1,-9.1693,0.3791550994,5.8944296837,,0.1333333333333333,0.2222222222222222,0.0,1,-7.2604,0.3636417985,5.9341959953,,0.4666666666666667,0.5555555555555556,0,1,-9.658,0.3166798949,6.3562202454,,0.2,0.3333333333333333,0.0,1,10
ZINC000000578339,-5.71318,0.2798309326,5.2836499214,,0.0666666666666666,0.1111111111111111,0,1,-5.42692,0.2652605772,5.4937329292,,0.0,0.0,0.0,1,-5.70877,0.2389049232,5.1293392181,,0.1333333333333333,0.1111111111111111,0,1,-5.84305,0.2313067913,4.6566824913,,0.0,0.1111111111111111,0.0,1,-5.36463,0.2274251878,4.977001667,,0.0666666666666666,0.1111111111111111,0,1,-5.84449,0.2228237838,4.7077980042,,0.1333333333333333,0.2222222222222222,0.0,1,-5.72236,0.2190204561,4.8550992012,,0.0666666666666666,0.1111111111111111,0.0,1,-6.0491,0.2188677341,5.1211223602,,0.2666666666666666,0.3333333333333333,0.0,1,-5.63738,0.216329053,4.7572460175,,0.0666666666666666,0.1111111111111111,0,1,-6.20177,0.2093114853,4.9313645363,,0.2,0.3333333333333333,0.0,1,10
ZINC000000578683,-6.36666,0.502986908,6.4360280037,,0.0666666666666666,0.2222222222222222,0,1,-6.34674,0.4370167851,6.2067775726,,0.0666666666666666,0.2222222222222222,0.0,1,-6.38867,0.41978845,6.704436779,,0.0666666666666666,0.1111111111111111,0,1,-5.05385,0.3874192834,6.5352854729,,0.2,0.2222222222222222,0.0,1,-6.71057,0.3696404994,6.2648253441,,0.4,0.6666666666666666,0,1,-6.42945,0.3101720214,6.4380688667,,0.2666666666666666,0.3333333333333333,0.0,1,-6.36785,0.2864716947,6.3743133545,,0.0666666666666666,0.2222222222222222,0.0,1,-6.7807,0.2800404727,6.5392603874,,0.2,0.3333333333333333,0.0,1,-6.54874,0.2789924145,6.1672081947,,0.2,0.2222222222222222,0,1,-6.43159,0.2759467065,6.3528327942,,0.2,0.2222222222222222,0.0,1,10
ZINC000000578779,-8.78513,0.4971190095,6.4229035378,,0.2,0.3333333333333333,0,1,-8.69577,0.3230137229,6.1285042763,,0.4666666666666667,0.5555555555555556,0.0,1,-8.81088,0.318107605,6.3671965599,,0.2666666666666666,0.4444444444444444,0,1,-8.51735,0.3134857118,6.1422486305,,0.2,0.3333333333333333,0.0,1,-7.12052,0.3072033823,5.9978604317,,0.5333333333333333,0.7777777777777778,0,1,-8.21416,0.3014186919,6.0503296852,,0.4666666666666667,0.5555555555555556,0.0,1,-8.47148,0.2861369252,5.9836502075,,0.4,0.4444444444444444,0.0,1,-6.87218,0.283939302,5.8058872223,,0.3333333333333333,0.3333333333333333,0.0,1,-6.6296,0.2675686181,5.7602963448,,0.5333333333333333,0.7777777777777778,0,1,-6.43882,0.2560082078,4.5339112282,,0.0666666666666666,0.2222222222222222,0.0,1,10
ZINC000000580020,-7.75375,0.6054944992,5.9893627167,,0.1333333333333333,0.2222222222222222,0,1,-7.32189,0.3967009187,6.3726220131,,0.0666666666666666,0.1111111111111111,0.0,1,-9.25985,0.3417853117,6.2829566002,,0.3333333333333333,0.4444444444444444,0,1,-7.47599,0.3293747902,6.1441836357,,0.0666666666666666,0.1111111111111111,0.0,1,-8.5793,0.3196746111,6.3036804199,,0.4,0.5555555555555556,0,1,-7.57541,0.2261842638,6.109389782,,0.0666666666666666,0.1111111111111111,0.0,1,-7.96223,0.1988217086,5.4237957001,,0.1333333333333333,0.2222222222222222,0.0,1,-7.27885,0.1842057407,4.6638965607,,0.1333333333333333,0.3333333333333333,0.0,1,-7.61899,0.1803239286,5.1073565483,,0.0666666666666666,0.1111111111111111,0,1,-7.17167,0.1799955964,5.6553225517,,0.2,0.2222222222222222,0.0,1,10
ZINC000000580085,-7.7361,0.4989727437,5.3217148781,,0.0,0.1111111111111111,0,1,-9.0495,0.4905281663,5.6143784523,,0.0666666666666666,0.1111111111111111,0.0,1,-7.38566,0.4706362188,5.1289834976,,0.0,0.0,0,1,-6.88532,0.4451926649,5.6171073914,,0.0,0.1111111111111111,0.0,1,-7.18071,0.3807735443,4.6136012077,,0.0,0.0,0,1,-7.70971,0.3347605765,4.904296875,,0.0666666666666666,0.1111111111111111,0.0,1,-8.71749,0.280222863,4.9213910103,,0.0,0.1111111111111111,0.0,1,-6.72046,0.2662540972,4.9530386925,,0.0,0.0,0.0,1,-6.65023,0.2652470767,5.2489480972,,0.0666666666666666,0.1111111111111111,0,1,-7.03864,0.2486104667,4.6169915199,,0.0,0.0,0.0,1,10
ZINC000000580098,-5.59906,0.5826454163,5.4843878746,,0.0666666666666666,0.2222222222222222,0,1,-5.85562,0.4669180512,5.6982803345,,0.0666666666666666,0.2222222222222222,0.0,1,-5.9767,0.3931675553,5.3786139488,,0.0666666666666666,0.1111111111111111,0,1,-6.28241,0.3929737508,5.9837012291,,0.0,0.1111111111111111,0.0,1,-5.91856,0.3024491072,5.5456767082,,0.0,0.1111111111111111,0,1,-7.0405,0.2567306459,5.4223246574,,0.2,0.2222222222222222,0.0,1,-5.68221,0.226524353,5.3178467751,,0.0,0.1111111111111111,0.0,1,-6.02768,0.1970708966,4.9009895325,,0.0666666666666666,0.1111111111111111,0.0,1,-7.03597,0.1824052632,5.4511756897,,0.4666666666666667,0.6666666666666666,0,1,-7.43985,0.1785689741,4.9795260429,,0.3333333333333333,0.4444444444444444,0.0,1,10
ZINC000000580314,-8.46274,0.6854348183,5.608651638,,0.0,0.1111111111111111,0,1,-7.60026,0.6824691892,5.7870488167,,0.0666666666666666,0.2222222222222222,0.0,1,-9.01679,0.6349884272,6.5964531898,,0.6,0.7777777777777778,0,1,-8.2785,0.5844714642,5.4727740288,,0.0666666666666666,0.1111111111111111,0.0,1,-7.27116,0.5322304964,5.5743255615,,0.1333333333333333,0.2222222222222222,0,1,-8.13602,0.5147544742,5.5866737366,,0.1333333333333333,0.2222222222222222,0.0,1,-7.47398,0.459272176,4.8085122108,,0.0,0.1111111111111111,0.0,1,-7.32254,0.4150399566,5.0633835793,,0.0,0.1111111111111111,0.0,1,-7.8705,0.4127655923,4.9832172394,,0.0666666666666666,0.1111111111111111,0,1,-8.37624,0.3504125774,5.0934743881,,0.0666666666666666,0.1111111111111111,0.0,1,10
ZINC000000580328,-7.20682,0.5236296058,6.4273324013,,0.5333333333333333,0.7777777777777778,0,1,-8.2734,0.3640518486,6.2049193382,,0.3333333333333333,0.4444444444444444,0.0,1,-6.80913,0.3521647751,4.973423481,,0.0666666666666666,0.2222222222222222,0,1,-7.33325,0.3433734179,5.7025561333,,0.2666666666666666,0.4444444444444444,0.0,1,-7.86433,0.3221645057,5.6779952049,,0.1333333333333333,0.2222222222222222,0,1,-7.4882,0.3127436042,6.0498595238,,0.4,0.6666666666666666,0.0,1,-6.79251,0.3023270965,5.9136576653,,0.2,0.3333333333333333,0.0,1,-7.53213,0.2659764588,5.9915165901,,0.2666666666666666,0.4444444444444444,0.0,1,-6.90478,0.2652953565,5.2561020851,,0.1333333333333333,0.2222222222222222,0,1,-7.16853,0.2614358962,5.4858012199,,0.4666666666666667,0.5555555555555556,0.0,1,10
ZINC000000580356,-7.5199,0.7413573265,6.0851721764,,0.0666666666666666,0.1111111111111111,0,1,-6.42452,0.602799654,4.699860096,,0.0666666666666666,0.1111111111111111,0.0,1,-7.00046,0.5232952833,5.3347344398,,0.0,0.1111111111111111,0,1,-6.74084,0.5206103921,5.0213580132,,0.0,0.1111111111111111,0.0,1,-7.1647,0.4609502852,5.6825528145,,0.0666666666666666,0.2222222222222222,0,1,-6.49465,0.3958567083,4.7258911133,,0.0666666666666666,0.1111111111111111,0.0,1,-6.66155,0.3836103678,4.5951080322,,0.0666666666666666,0.2222222222222222,0.0,1,-7.28868,0.3698669076,5.4321799278,,0.0666666666666666,0.1111111111111111,0.0,1,-7.2618,0.3650043905,5.4072036743,,0.0666666666666666,0.1111111111111111,0,1,-7.35182,0.329449594,5.253534317,,0.3333333333333333,0.3333333333333333,0.0,1,10
ZINC000000580402,-9.58077,0.4938669503,6.9427447319,,0.2666666666666666,0.4444444444444444,0,1,-8.52367,0.4429484606,6.5829315186,,0.4666666666666667,0.6666666666666666,0.0,1,-9.20857,0.3546325564,6.7604622841,,0.2,0.3333333333333333,0,1,-9.75506,0.2718830109,6.6439166069,,0.3333333333333333,0.4444444444444444,0.0,1,-7.74015,0.2602026463,5.6295542717,,0.2,0.2222222222222222,0,1,-7.7084,0.252387166,5.6326012611,,0.2,0.2222222222222222,0.0,1,-7.71629,0.2484876812,5.5073418617,,0.0,0.1111111111111111,0.0,1,-10.20147,0.2201106548,6.2829976082,,0.2666666666666666,0.4444444444444444,0.0,1,-8.64198,0.2119009942,6.0440826416,,0.4,0.4444444444444444,0,1,-7.82367,0.2043671757,5.8706221581,,0.2666666666666666,0.3333333333333333,0.0,1,10
ZINC000000580411,-6.23752,0.6745046973,6.0439457893,,0.1333333333333333,0.2222222222222222,0,1,-7.18112,0.5255473852,6.0194206238,,0.0666666666666666,0.2222222222222222,0.0,1,-7.55797,0.471547693,6.0929064751,,0.1333333333333333,0.2222222222222222,0,1,-8.41098,0.3950006664,5.8836135864,,0.2,0.2222222222222222,0.0,1,-7.91685,0.3022178411,5.5082821846,,0.1333333333333333,0.2222222222222222,0,1,-8.22392,0.2905784547,5.9917817116,,0.1333333333333333,0.2222222222222222,0.0,1,-7.12344,0.2834658623,5.9344105721,,0.2666666666666666,0.3333333333333333,0.0,1,-7.86099,0.2796082199,5.5396366119,,0.1333333333333333,0.2222222222222222,0.0,1,-7.59985,0.2753285766,5.4590244293,,0.2,0.2222222222222222,0,1,-6.93454,0.2710338831,5.482852459,,0.0666666666666666,0.1111111111111111,0.0,1,10
ZINC000000581912,-5.59476,0.7810964584,6.0025992393,,0.3333333333333333,0.4444444444444444,0,1,-5.76631,0.7479904294,4.2830123901,,0.0,0.1111111111111111,0.0,1,-4.82736,0.6967151761,5.8733410835,,0.2666666666666666,0.3333333333333333,0,1,-4.86535,0.4951671064,4.2432384491,,0.0,0.1111111111111111,0.0,1,-6.04426,0.4490187764,4.8040084839,,0.0666666666666666,0.1111111111111111,0,1,-6.05227,0.4197829068,4.6012883186,,0.0666666666666666,0.1111111111111111,0.0,1,-5.29149,0.3947398067,4.4151821136,,0.0,0.1111111111111111,0.0,1,-5.15881,0.3926950693,3.9062798023,,0.0666666666666666,0.2222222222222222,0.0,1,-5.12166,0.3778626919,4.904489994,,0.2666666666666666,0.2222222222222222,0,1,-5.27681,0.3723487258,3.7480812073,,0.0,0.1111111111111111,0.0,1,10
ZINC000000581976,-7.45471,0.3932558,6.095304966,,0.6,0.7777777777777778,0,1,-7.44833,0.3813279867,5.6188044548,,0.2666666666666666,0.3333333333333333,0.0,1,-8.37655,0.3595845401,5.8838658333,,0.4,0.4444444444444444,0,1,-6.77595,0.314615041,5.3735046387,,0.4666666666666667,0.5555555555555556,0.0,1,-7.13104,0.2861683369,5.4391674995,,0.1333333333333333,0.2222222222222222,0,1,-6.84033,0.2626461387,5.3546643257,,0.1333333333333333,0.2222222222222222,0.0,1,-7.2346,0.2557603121,5.1498126984,,0.5333333333333333,0.5555555555555556,0.0,1,-7.13107,0.2521063983,5.0196251869,,0.0666666666666666,0.2222222222222222,0.0,1,-7.46981,0.2438886464,4.1954398155,,0.0666666666666666,0.1111111111111111,0,1,-8.41082,0.2406490147,5.1226143837,,0.3333333333333333,0.3333333333333333,0.0,1,10
ZINC000000582726,-5.79026,0.505204618,5.6744303703,,0.0,0.1111111111111111,0,1,-5.61828,0.4214483202,5.5271115303,,0.0666666666666666,0.1111111111111111,0.0,1,-7.17452,0.3683536053,6.086122036,,0.3333333333333333,0.5555555555555556,0,1,-7.56685,0.3489847779,6.0634446144,,0.1333333333333333,0.2222222222222222,0.0,1,-7.17954,0.3401183486,5.4303855896,,0.0,0.1111111111111111,0,1,-7.19686,0.331490308,6.017829895,,0.2,0.3333333333333333,0.0,1,-7.13248,0.3219613135,5.6584358215,,0.3333333333333333,0.4444444444444444,0.0,1,-6.1025,0.3211263418,5.0007629395,,0.1333333333333333,0.2222222222222222,0.0,1,-7.17636,0.3109966815,5.6256918907,,0.5333333333333333,0.6666666666666666,0,1,-5.60048,0.2652964294,5.1673512459,,0.0,0.1111111111111111,0.0,1,10
ZINC000000582742,-6.51186,0.4733079672,5.9456038475,,0.0,0.1111111111111111,0,1,-6.22405,0.4042235017,6.7143993378,,0.5333333333333333,0.6666666666666666,0.0,1,-7.65826,0.3456656635,6.0717983246,,0.6,0.7777777777777778,0,1,-7.55852,0.3160790503,5.9319529533,,0.4666666666666667,0.5555555555555556,0.0,1,-6.43423,0.280908376,5.1240258217,,0.1333333333333333,0.2222222222222222,0,1,-5.85716,0.2784233391,5.7589859962,,0.0,0.1111111111111111,0.0,1,-6.62713,0.2589636743,5.9604434967,,0.3333333333333333,0.5555555555555556,0.0,1,-6.64119,0.2525940537,6.0034980774,,0.2666666666666666,0.4444444444444444,0.0,1,-7.28008,0.2305361181,5.9745230675,,0.2,0.3333333333333333,0,1,-8.05775,0.2230183631,5.9699473381,,0.0666666666666666,0.1111111111111111,0.0,1,10
ZINC000000585159,-8.39876,0.5062715411,6.9066910744,,0.3333333333333333,0.5555555555555556,0,1,-7.73395,0.4289055467,6.8054986,,0.4,0.5555555555555556,0.0,1,-8.35716,0.3722506464,6.6487755775,,0.3333333333333333,0.5555555555555556,0,1,-7.65193,0.2973477542,6.4655189514,,0.3333333333333333,0.5555555555555556,0.0,1,-6.76284,0.2768302262,5.8061738014,,0.2,0.2222222222222222,0,1,-7.63067,0.2762365043,6.5156807899,,0.3333333333333333,0.5555555555555556,0.0,1,-6.71805,0.2133762538,5.0229358673,,0.1333333333333333,0.2222222222222222,0.0,1,-6.60699,0.2130394429,4.9484839439,,0.1333333333333333,0.2222222222222222,0.0,1,-7.95099,0.1953735203,5.8687977791,,0.2,0.2222222222222222,0,1,-7.31926,0.1942799687,6.0165390968,,0.2666666666666666,0.4444444444444444,0.0,1,10
ZINC000000585304,-7.14322,0.7478486896,6.6016407013,,0.2666666666666666,0.4444444444444444,0,1,-7.64858,0.5607324839,6.421022892,,0.2,0.3333333333333333,0.0,1,-8.57837,0.5380036235,6.390103817,,0.4,0.5555555555555556,0,1,-5.97935,0.5247666836,6.1285538673,,0.2,0.3333333333333333,0.0,1,-8.33489,0.518856585,6.375474453,,0.4,0.4444444444444444,0,1,-7.78193,0.399887681,6.2312521935,,0.2,0.3333333333333333,0.0,1,-7.47431,0.38512519,5.7356858253,,0.2666666666666666,0.4444444444444444,0.0,1,-7.80856,0.3707692027,6.0429286957,,0.1333333333333333,0.2222222222222222,0.0,1,-5.99479,0.2588691413,4.5686163902,,0.0,0.1111111111111111,0,1,-6.79908,0.2360655516,5.7611861229,,0.1333333333333333,0.3333333333333333,0.0,1,10
ZINC000000585630,-8.18986,0.2589443922,5.4206109047,,0.2,0.4444444444444444,0,1,-7.05997,0.2378813177,5.9252581596,,0.2,0.3333333333333333,0.0,1,-7.33057,0.228632912,6.0620918274,,0.4666666666666667,0.4444444444444444,0,1,-7.19027,0.2251117975,5.8893332481,,0.4666666666666667,0.4444444444444444,0.0,1,-7.52222,0.2177733779,6.0060944557,,0.1333333333333333,0.2222222222222222,0,1,-8.29877,0.2161245793,5.1557440758,,0.2666666666666666,0.4444444444444444,0.0,1,-7.26465,0.2144682407,6.4026904106,,0.2666666666666666,0.4444444444444444,0.0,1,-7.23524,0.2116733193,5.8088545799,,0.4666666666666667,0.4444444444444444,0.0,1,-8.39882,0.210847348,4.6784796715,,0.2666666666666666,0.4444444444444444,0,1,-7.05492,0.2084852159,5.7956137657,,0.4666666666666667,0.4444444444444444,0.0,1,10
ZINC000000586164,-7.66179,0.8179433346,6.4092516899,,0.3333333333333333,0.4444444444444444,0,1,-7.54423,0.5196678638,6.2256865501,,0.3333333333333333,0.4444444444444444,0.0,1,-7.044,0.4918590486,5.5248012543,,0.2,0.3333333333333333,0,1,-6.79851,0.4037321508,4.3907709122,,0.0,0.1111111111111111,0.0,1,-7.57949,0.3667605519,6.2488589287,,0.3333333333333333,0.4444444444444444,0,1,-7.22784,0.357583046,5.0269284248,,0.1333333333333333,0.2222222222222222,0.0,1,-7.407,0.3284314871,5.0123691559,,0.0666666666666666,0.2222222222222222,0.0,1,-7.39345,0.3197211325,5.0765624046,,0.1333333333333333,0.3333333333333333,0.0,1,-6.65193,0.3164968491,4.7577214241,,0.0666666666666666,0.1111111111111111,0,1,-7.89829,0.2951370776,5.1371712685,,0.2,0.2222222222222222,0.0,1,10
ZINC000000586243,-8.90844,0.6948957443,6.9912810326,,0.4666666666666667,0.6666666666666666,0,1,-8.45575,0.5497224927,6.923681736,,0.6,0.7777777777777778,0.0,1,-9.46183,0.5226788521,6.8084330559,,0.3333333333333333,0.5555555555555556,0,1,-7.04139,0.406983763,5.3136324883,,0.0666666666666666,0.1111111111111111,0.0,1,-7.39923,0.3531852663,5.1263122559,,0.0666666666666666,0.2222222222222222,0,1,-8.6309,0.3120300174,6.3182110786,,0.4,0.3333333333333333,0.0,1,-9.34797,0.2585242987,6.0437397957,,0.4666666666666667,0.5555555555555556,0.0,1,-7.77236,0.2389291227,5.4879646301,,0.0666666666666666,0.2222222222222222,0.0,1,-8.66115,0.2355114073,5.5126013756,,0.3333333333333333,0.3333333333333333,0,1,-6.92585,0.229308486,5.6332306862,,0.0,0.1111111111111111,0.0,1,10
ZINC000000586487,-6.84918,0.3443251252,5.7826919556,,0.1333333333333333,0.2222222222222222,0,1,-6.53538,0.3129794598,5.8952083588,,0.1333333333333333,0.1111111111111111,0.0,1,-7.48107,0.2989768684,5.9895863533,,0.0666666666666666,0.2222222222222222,0,1,-7.33044,0.2426780909,6.2146830559,,0.0,0.1111111111111111,0.0,1,-7.57898,0.2263476998,6.0880513191,,0.1333333333333333,0.2222222222222222,0,1,-7.1627,0.22296983,6.2657237053,,0.4,0.3333333333333333,0.0,1,-6.99768,0.222537607,6.3258571625,,0.4,0.3333333333333333,0.0,1,-6.96332,0.2044555396,5.8859405518,,0.0666666666666666,0.2222222222222222,0.0,1,-7.25695,0.1982683241,5.9407057762,,0.0666666666666666,0.2222222222222222,0,1,-5.92635,0.193612203,5.4308409691,,0.0666666666666666,0.2222222222222222,0.0,1,10
ZINC000000586596,-7.93745,0.607889533,6.5161418915,,0.2666666666666666,0.4444444444444444,0,1,-7.8376,0.459397465,6.5855507851,,0.4666666666666667,0.5555555555555556,0.0,1,-7.68818,0.4108524323,6.5323195457,,0.2,0.3333333333333333,0,1,-6.73043,0.4065620601,5.260196209,,0.0666666666666666,0.2222222222222222,0.0,1,-6.68987,0.3924679756,6.0842680931,,0.3333333333333333,0.4444444444444444,0,1,-6.72531,0.373303026,5.2269902229,,0.0,0.1111111111111111,0.0,1,-6.82908,0.3099235296,5.1849479675,,0.0,0.1111111111111111,0.0,1,-7.9133,0.3069849014,6.2551522255,,0.6,0.6666666666666666,0.0,1,-7.34395,0.2703658044,6.3261065483,,0.3333333333333333,0.4444444444444444,0,1,-7.43955,0.2622195184,6.1635575294,,0.4666666666666667,0.5555555555555556,0.0,1,10
ZINC000000587142,-8.178,0.6034574509,6.0756964684,,0.2,0.3333333333333333,0,1,-7.64365,0.4702011943,5.8838944435,,0.3333333333333333,0.4444444444444444,0.0,1,-7.43561,0.4192284942,5.2201151848,,0.0,0.1111111111111111,0,1,-7.0568,0.4002124071,5.3238139153,,0.1333333333333333,0.2222222222222222,0.0,1,-8.77339,0.3773204684,6.1880135536,,0.3333333333333333,0.3333333333333333,0,1,-8.23524,0.3750164509,6.6326675415,,0.4666666666666667,0.5555555555555556,0.0,1,-8.0459,0.3512550592,6.441008091,,0.4,0.6666666666666666,0.0,1,-8.14315,0.3342126906,6.3815002441,,0.4,0.5555555555555556,0.0,1,-9.47024,0.2745186388,5.902320385,,0.2,0.3333333333333333,0,1,-7.95048,0.2731878459,5.8646636009,,0.0666666666666666,0.1111111111111111,0.0,1,10
ZINC000000587541,-6.58018,0.4476130009,5.9673137665,,0.1333333333333333,0.2222222222222222,0,1,-6.15174,0.4345534146,5.4145884514,,0.1333333333333333,0.2222222222222222,0.0,1,-6.6165,0.4154860973,5.9959874153,,0.0,0.1111111111111111,0,1,-6.4796,0.3712257445,5.2059731483,,0.0666666666666666,0.1111111111111111,0.0,1,-7.25299,0.3618967533,6.0270819664,,0.0666666666666666,0.2222222222222222,0,1,-6.4482,0.3198613226,5.8048644066,,0.0666666666666666,0.1111111111111111,0.0,1,-6.49056,0.3082930744,5.8980727196,,0.0,0.0,0.0,1,-5.95307,0.2800477743,4.9535155296,,0.0,0.1111111111111111,0.0,1,-6.33544,0.2582981586,5.5720982552,,0.0666666666666666,0.1111111111111111,0,1,-6.17867,0.2533588409,5.6954612732,,0.0666666666666666,0.1111111111111111,0.0,1,10
ZINC000000587604,-9.72077,0.6713285446,7.2797083855,,0.5333333333333333,0.5555555555555556,0,1,-8.49209,0.6669046879,6.8353157043,,0.6,0.6666666666666666,0.0,1,-7.89849,0.6370985508,6.7788090706,,0.6,0.6666666666666666,0,1,-9.46663,0.5600939989,6.994076252,,0.4,0.5555555555555556,0.0,1,-8.77106,0.4611855149,6.8789424896,,0.5333333333333333,0.5555555555555556,0,1,-8.82631,0.4226444364,6.5404038429,,0.6666666666666666,0.7777777777777778,0.0,1,-9.24855,0.348970592,6.8900513649,,0.3333333333333333,0.4444444444444444,0.0,1,-9.36212,0.3301026523,6.6456360817,,0.2666666666666666,0.4444444444444444,0.0,1,-7.9047,0.3256014585,6.5126304626,,0.6,0.7777777777777778,0,1,-7.53499,0.2586894035,6.4715800285,,0.3333333333333333,0.6666666666666666,0.0,1,10
ZINC000000587638,-6.26734,0.4988354445,6.3808989525,,0.4666666666666667,0.4444444444444444,0,1,-6.22901,0.3697054982,5.355029583,,0.2,0.2222222222222222,0.0,1,-6.84975,0.306984216,4.7460479736,,0.0666666666666666,0.1111111111111111,0,1,-6.03806,0.2901040018,4.1496562958,,0.0666666666666666,0.1111111111111111,0.0,1,-6.87169,0.285853982,4.5497040749,,0.2,0.3333333333333333,0,1,-6.75951,0.265157938,4.643758297,,0.0666666666666666,0.2222222222222222,0.0,1,-7.36083,0.2539580762,4.7546620369,,0.2,0.2222222222222222,0.0,1,-6.95296,0.2491065413,4.3338699341,,0.1333333333333333,0.2222222222222222,0.0,1,-7.0094,0.248793155,4.8346571922,,0.1333333333333333,0.3333333333333333,0,1,-6.45168,0.232836172,4.8735427856,,0.1333333333333333,0.2222222222222222,0.0,1,10
ZINC000000587656,-7.32938,0.6672418714,6.5027275085,,0.5333333333333333,0.5555555555555556,0,1,-7.55782,0.516471386,6.2708144188,,0.4666666666666667,0.4444444444444444,0.0,1,-7.84325,0.49554196,6.6425919533,,0.3333333333333333,0.4444444444444444,0,1,-6.76162,0.2423737049,5.4749603271,,0.0,0.1111111111111111,0.0,1,-7.2847,0.2401297688,6.2239165306,,0.4,0.4444444444444444,0,1,-8.27705,0.2259496301,6.2833952904,,0.1333333333333333,0.2222222222222222,0.0,1,-7.62756,0.2129084021,6.1678676605,,0.3333333333333333,0.4444444444444444,0.0,1,-6.60314,0.1986543238,6.0386099815,,0.5333333333333333,0.5555555555555556,0.0,1,-7.63871,0.1895977408,5.2820897102,,0.0666666666666666,0.1111111111111111,0,1,-8.16295,0.1862198263,5.4913487434,,0.2,0.3333333333333333,0.0,1,10
ZINC000000587989,-6.14826,0.3739921451,5.2845878601,,0.1333333333333333,0.2222222222222222,0,1,-7.55387,0.3732375205,5.1558403969,,0.5333333333333333,0.6666666666666666,0.0,1,-7.59277,0.3689810634,5.9965748787,,0.3333333333333333,0.3333333333333333,0,1,-6.71292,0.2984564602,5.3116874695,,0.3333333333333333,0.3333333333333333,0.0,1,-7.54726,0.2967237234,5.7499442101,,0.2666666666666666,0.5555555555555556,0,1,-7.30387,0.2923794687,4.6425728798,,0.1333333333333333,0.2222222222222222,0.0,1,-7.82142,0.2810863256,5.2699966431,,0.4,0.4444444444444444,0.0,1,-6.37835,0.2720323503,5.1618328094,,0.0666666666666666,0.1111111111111111,0.0,1,-7.10497,0.2682259679,4.511548996,,0.1333333333333333,0.2222222222222222,0,1,-6.8493,0.2632252276,5.3201212883,,0.5333333333333333,0.5555555555555556,0.0,1,10
ZINC000000588026,-9.12047,0.9023254514,7.2321095467,,0.3333333333333333,0.4444444444444444,0,1,-8.34565,0.8900566697,7.4986176491,,0.6,0.5555555555555556,0.0,1,-8.1404,0.8649713993,7.1193313599,,0.4666666666666667,0.4444444444444444,0,1,-8.32957,0.5690520406,6.8492622375,,0.3333333333333333,0.4444444444444444,0.0,1,-7.74432,0.5546557903,6.8432784081,,0.4666666666666667,0.5555555555555556,0,1,-7.26435,0.5508139133,6.6444396973,,0.3333333333333333,0.4444444444444444,0.0,1,-6.72151,0.5074446797,6.5154061317,,0.4666666666666667,0.6666666666666666,0.0,1,-7.00046,0.4799197018,6.7156090736,,0.3333333333333333,0.5555555555555556,0.0,1,-7.88075,0.402795583,6.7658896446,,0.2666666666666666,0.3333333333333333,0,1,-8.257,0.3549430668,6.5110535622,,0.3333333333333333,0.5555555555555556,0.0,1,10
ZINC000000588134,-6.51142,0.5992124677,5.965593338,,0.0666666666666666,0.1111111111111111,0,1,-5.94864,0.5830182433,5.4655652046,,0.0666666666666666,0.1111111111111111,0.0,1,-6.50453,0.5489221811,5.9249382019,,0.0666666666666666,0.1111111111111111,0,1,-6.02477,0.2950944006,4.8102965355,,0.0,0.1111111111111111,0.0,1,-6.3637,0.2403190136,4.9780707359,,0.2,0.2222222222222222,0,1,-6.98836,0.1998036802,5.3566565514,,0.1333333333333333,0.2222222222222222,0.0,1,-6.41155,0.1864803731,5.2388978004,,0.1333333333333333,0.3333333333333333,0.0,1,-6.13384,0.1803613454,5.1317691803,,0.0,0.1111111111111111,0.0,1,-6.36027,0.1785212308,4.9696598053,,0.1333333333333333,0.2222222222222222,0,1,-7.61647,0.1723393947,5.0858569145,,0.4666666666666667,0.5555555555555556,0.0,1,10
ZINC000000588145,-8.15257,0.7359676361,6.5045371056,,0.4666666666666667,0.5555555555555556,0,1,-7.93825,0.7320200205,6.4076361656,,0.4,0.5555555555555556,0.0,1,-6.75575,0.5826079249,6.4034056664,,0.5333333333333333,0.6666666666666666,0,1,-6.68106,0.3172470331,5.6252064705,,0.0,0.1111111111111111,0.0,1,-7.64177,0.2562141418,4.8883605003,,0.0666666666666666,0.1111111111111111,0,1,-7.45449,0.231869638,5.7575602531,,0.2,0.3333333333333333,0.0,1,-7.61241,0.228798151,5.662545681,,0.2666666666666666,0.4444444444444444,0.0,1,-7.1742,0.1691280603,5.3328099251,,0.1333333333333333,0.2222222222222222,0.0,1,-7.74872,0.1557710022,5.3421325684,,0.0666666666666666,0.1111111111111111,0,1,-7.75462,0.1407111287,4.7589297295,,0.2,0.2222222222222222,0.0,1,10
ZINC000000588307,-8.2799,0.446379602,6.7369709015,,0.1333333333333333,0.2222222222222222,0,1,-9.51856,0.3851821125,6.5756640434,,0.2666666666666666,0.4444444444444444,0.0,1,-9.17737,0.3418629766,6.6333618164,,0.2666666666666666,0.4444444444444444,0,1,-8.11299,0.3193368614,6.737285614,,0.4666666666666667,0.6666666666666666,0.0,1,-9.8584,0.3031940162,6.4010066986,,0.2666666666666666,0.3333333333333333,0,1,-8.50343,0.2626669705,6.3044223785,,0.2666666666666666,0.4444444444444444,0.0,1,-7.63175,0.2494786829,5.4703021049,,0.2,0.3333333333333333,0.0,1,-7.36529,0.2444511652,5.2393660545,,0.1333333333333333,0.3333333333333333,0.0,1,-7.93287,0.2256162018,5.5359749794,,0.0,0.1111111111111111,0,1,-7.65224,0.2252351046,5.8614287376,,0.1333333333333333,0.3333333333333333,0.0,1,10
ZINC000000588904,-7.30308,0.5414372683,5.990342617,,0.2666666666666666,0.4444444444444444,0,1,-6.56629,0.4342660904,6.1980323792,,0.4666666666666667,0.6666666666666666,0.0,1,-6.65945,0.3411434293,5.4357008934,,0.3333333333333333,0.5555555555555556,0,1,-8.21807,0.3250847459,5.7245101929,,0.1333333333333333,0.2222222222222222,0.0,1,-6.3665,0.3155646324,5.2227568626,,0.2,0.3333333333333333,0,1,-8.01711,0.2995868027,5.7296414375,,0.1333333333333333,0.2222222222222222,0.0,1,-7.55412,0.2277583182,5.2209067345,,0.2666666666666666,0.2222222222222222,0.0,1,-6.29543,0.2276199907,4.3442358971,,0.2,0.4444444444444444,0.0,1,-6.66293,0.2204490304,5.1323227882,,0.0666666666666666,0.2222222222222222,0,1,-6.63389,0.2139086127,4.9300971031,,0.2,0.2222222222222222,0.0,1,10
ZINC000000589537,-6.11609,0.6619431973,4.9670300484,,0.1333333333333333,0.3333333333333333,0,1,-6.08353,0.659147203,5.0994486809,,0.0666666666666666,0.1111111111111111,0.0,1,-5.66867,0.590076685,5.2023620605,,0.0666666666666666,0.1111111111111111,0,1,-6.28648,0.3470182717,5.0788178444,,0.0666666666666666,0.1111111111111111,0.0,1,-6.11592,0.3062989414,4.849029541,,0.2,0.2222222222222222,0,1,-5.7951,0.2916027009,5.0423121452,,0.0666666666666666,0.1111111111111111,0.0,1,-5.51485,0.2879723012,4.4569220543,,0.0666666666666666,0.1111111111111111,0.0,1,-6.57105,0.2720206082,4.4899616241,,0.0,0.1111111111111111,0.0,1,-6.14619,0.2554402351,4.7346434593,,0.1333333333333333,0.1111111111111111,0,1,-6.23773,0.2374069691,4.7239279747,,0.0,0.1111111111111111,0.0,1,10
ZINC000000589756,-8.60884,0.8936840892,7.1435580254,,0.1333333333333333,0.2222222222222222,0,1,-8.86059,0.8521236181,7.2978301048,,0.3333333333333333,0.3333333333333333,0.0,1,-8.29587,0.7308238149,6.9589881897,,0.4666666666666667,0.7777777777777778,0,1,-8.18303,0.497612983,6.4700393677,,0.2,0.3333333333333333,0.0,1,-8.35542,0.4645114839,6.2913651466,,0.1333333333333333,0.2222222222222222,0,1,-7.06521,0.4162697792,4.7917404175,,0.0666666666666666,0.2222222222222222,0.0,1,-6.82354,0.4066599905,5.0267901421,,0.1333333333333333,0.2222222222222222,0.0,1,-7.0853,0.3847389519,6.6100869179,,0.4,0.6666666666666666,0.0,1,-6.98541,0.3784259558,6.0418262482,,0.2,0.3333333333333333,0,1,-7.85064,0.3661407232,6.214038372,,0.4,0.4444444444444444,0.0,1,10
ZINC000000589790,-6.77789,0.6508361697,4.7027683258,,0.0,0.1111111111111111,0,1,-7.16217,0.5660997629,4.9936380386,,0.0666666666666666,0.1111111111111111,0.0,1,-7.34087,0.5094489455,4.7306694984,,0.0,0.1111111111111111,0,1,-7.41906,0.5047764778,6.2819466591,,0.3333333333333333,0.5555555555555556,0.0,1,-7.54433,0.4839192927,4.6359214783,,0.0666666666666666,0.2222222222222222,0,1,-7.13383,0.4759806991,4.4608340263,,0.0,0.1111111111111111,0.0,1,-6.91137,0.4589364529,4.9091877937,,0.0666666666666666,0.1111111111111111,0.0,1,-7.4517,0.4409792125,6.0169835091,,0.3333333333333333,0.4444444444444444,0.0,1,-7.7891,0.4333085716,6.0092930794,,0.4,0.4444444444444444,0,1,-7.98895,0.4228635132,5.7555618286,,0.4666666666666667,0.4444444444444444,0.0,1,10
ZINC000000589795,-8.78542,0.7348607779,5.6492710114,,0.2,0.2222222222222222,0,1,-8.52208,0.6645922661,6.7001338005,,0.4666666666666667,0.6666666666666666,0.0,1,-8.65407,0.6122328639,5.4535384178,,0.0666666666666666,0.1111111111111111,0,1,-7.29739,0.604445219,6.6008639336,,0.4666666666666667,0.6666666666666666,0.0,1,-8.26838,0.5778202415,6.1469893456,,0.3333333333333333,0.4444444444444444,0,1,-9.103,0.4940049648,6.5356078148,,0.4,0.6666666666666666,0.0,1,-8.93716,0.4764198959,5.5796055794,,0.2,0.3333333333333333,0.0,1,-8.61546,0.4614437521,5.4763031006,,0.0666666666666666,0.1111111111111111,0.0,1,-8.27401,0.4558414221,5.733063221,,0.4,0.5555555555555556,0,1,-9.5457,0.4344661236,5.4973754883,,0.0,0.1111111111111111,0.0,1,10
ZINC000000589856,-7.87755,0.4981442392,6.2216582298,,0.4,0.5555555555555556,0,1,-7.87904,0.4294796884,6.0795140266,,0.3333333333333333,0.5555555555555556,0.0,1,-5.83159,0.3004711866,5.2547621727,,0.0666666666666666,0.1111111111111111,0,1,-6.2903,0.2838085294,5.2666754723,,0.0,0.1111111111111111,0.0,1,-6.96687,0.211108014,5.1344609261,,0.0,0.1111111111111111,0,1,-7.0201,0.2107394785,5.1323494911,,0.0666666666666666,0.1111111111111111,0.0,1,-6.19704,0.2100779414,4.8758282661,,0.0,0.0,0.0,1,-6.07246,0.1512879878,5.3597168922,,0.0666666666666666,0.1111111111111111,0.0,1,-6.64431,0.1297901422,4.9103360176,,0.0,0.1111111111111111,0,1,-7.16204,0.1293078661,5.0138640404,,0.1333333333333333,0.2222222222222222,0.0,1,10
ZINC000000589891,-8.13477,0.6921717525,7.0037093163,,0.5333333333333333,0.5555555555555556,0,1,-6.77057,0.3842508197,6.7519593239,,0.3333333333333333,0.5555555555555556,0.0,1,-6.86998,0.3286338151,6.1666316986,,0.2666666666666666,0.3333333333333333,0,1,-7.31978,0.3121650517,5.7931265831,,0.1333333333333333,0.2222222222222222,0.0,1,-6.85219,0.307092309,6.1480846405,,0.3333333333333333,0.4444444444444444,0,1,-6.88892,0.2966879904,6.0673861504,,0.2,0.3333333333333333,0.0,1,-6.89229,0.2790227532,5.9448599815,,0.2666666666666666,0.4444444444444444,0.0,1,-6.38273,0.2584414184,6.0876750946,,0.2666666666666666,0.4444444444444444,0.0,1,-6.6261,0.2524382472,6.2092518806,,0.0,0.1111111111111111,0,1,-6.80156,0.2496669143,5.6778349876,,0.0,0.1111111111111111,0.0,1,10
ZINC000000589930,-7.14798,0.7368656397,4.9953770638,,0.0,0.1111111111111111,0,1,-7.97174,0.7097430229,6.6206183434,,0.2666666666666666,0.5555555555555556,0.0,1,-7.40955,0.5717761517,4.6734614372,,0.0,0.1111111111111111,0,1,-7.62709,0.4694170952,6.1817917824,,0.6,0.6666666666666666,0.0,1,-8.69547,0.4564097524,5.881834507,,0.4666666666666667,0.7777777777777778,0,1,-7.29783,0.4381046891,6.0815339088,,0.5333333333333333,0.6666666666666666,0.0,1,-7.61424,0.4296181202,4.7251358032,,0.1333333333333333,0.2222222222222222,0.0,1,-8.28117,0.3966115713,5.8688488007,,0.2,0.3333333333333333,0.0,1,-7.09408,0.3563710451,5.8769698143,,0.2666666666666666,0.4444444444444444,0,1,-7.18281,0.345854342,4.1777853966,,0.0,0.1111111111111111,0.0,1,10
ZINC000000590050,-7.86808,0.6746618748,5.525832653,,0.0,0.1111111111111111,0,1,-8.79718,0.671426177,5.9573245049,,0.4666666666666667,0.5555555555555556,0.0,1,-8.76701,0.6562968493,5.2790064812,,0.1333333333333333,0.2222222222222222,0,1,-8.93454,0.6231259108,5.296939373,,0.0666666666666666,0.1111111111111111,0.0,1,-7.63985,0.5794804692,5.3297476768,,0.0,0.1111111111111111,0,1,-9.02969,0.5682072043,5.3275132179,,0.1333333333333333,0.2222222222222222,0.0,1,-8.10891,0.5650692582,5.2797937393,,0.0,0.1111111111111111,0.0,1,-8.8273,0.5535387397,5.9704494476,,0.2666666666666666,0.3333333333333333,0.0,1,-8.5357,0.5155597329,5.5762939453,,0.2,0.2222222222222222,0,1,-8.95064,0.4690561295,5.2158780098,,0.0,0.1111111111111111,0.0,1,10
ZINC000000590706,-8.02477,0.2698900104,6.4088711739,,0.4,0.5555555555555556,0,1,-8.43852,0.2567532659,5.8823647499,,0.2,0.3333333333333333,0.0,1,-7.40982,0.2461050153,5.7564849854,,0.6,0.6666666666666666,0,1,-7.22141,0.2382110059,5.6631741524,,0.5333333333333333,0.7777777777777778,0.0,1,-7.02333,0.2306071073,5.9351630211,,0.1333333333333333,0.2222222222222222,0,1,-7.27516,0.2044087797,5.9461746216,,0.1333333333333333,0.2222222222222222,0.0,1,-8.14391,0.202892065,6.0942764282,,0.0666666666666666,0.1111111111111111,0.0,1,-8.03038,0.2011039108,5.9289650917,,0.2,0.3333333333333333,0.0,1,-7.71351,0.1922758073,5.953394413,,0.3333333333333333,0.5555555555555556,0,1,-6.65042,0.1862201542,5.2289142609,,0.2666666666666666,0.3333333333333333,0.0,1,10
ZINC000000590905,-7.60497,0.9457474947,7.5004553795,,0.5333333333333333,0.7777777777777778,0,1,-7.1143,0.9414576888,7.1535744667,,0.6,0.6666666666666666,0.0,1,-6.92667,0.8404471874,7.0544700623,,0.6,0.6666666666666666,0,1,-6.89709,0.8182885051,6.770181179,,0.6666666666666666,0.7777777777777778,0.0,1,-8.08053,0.4925665259,6.6104474068,,0.2666666666666666,0.4444444444444444,0,1,-7.6218,0.3552968502,6.3201694489,,0.2666666666666666,0.4444444444444444,0.0,1,-7.55672,0.3535133004,6.3080120087,,0.2,0.3333333333333333,0.0,1,-6.59199,0.310230583,5.7060761452,,0.6,0.6666666666666666,0.0,1,-7.92174,0.2978249788,6.3428292274,,0.3333333333333333,0.4444444444444444,0,1,-7.55601,0.2666332126,6.1772170067,,0.2666666666666666,0.4444444444444444,0.0,1,10
ZINC000000590935,-6.95903,0.742165029,6.1725764275,,0.4666666666666667,0.6666666666666666,0,1,-7.02389,0.3368755281,5.9565520287,,0.4666666666666667,0.5555555555555556,0.0,1,-6.89875,0.3311610818,6.0161972046,,0.5333333333333333,0.5555555555555556,0,1,-7.19744,0.2220870554,6.2774472237,,0.4,0.4444444444444444,0.0,1,-6.75531,0.2141996771,6.0983967781,,0.4,0.4444444444444444,0,1,-7.16241,0.1523797959,5.4606842995,,0.0666666666666666,0.1111111111111111,0.0,1,-6.55944,0.1492000818,5.2268109322,,0.1333333333333333,0.2222222222222222,0.0,1,-8.34459,0.1469665617,4.938267231,,0.1333333333333333,0.2222222222222222,0.0,1,-6.49284,0.1422508657,5.5433468819,,0.0666666666666666,0.1111111111111111,0,1,-6.77764,0.137233451,4.5640254021,,0.0,0.1111111111111111,0.0,1,10
ZINC000000591049,-6.28128,0.8151680827,6.2309508324,,0.4,0.4444444444444444,0,1,-5.63305,0.507201612,5.6791214943,,0.0666666666666666,0.1111111111111111,0.0,1,-4.99679,0.3033241928,4.0245318413,,0.0,0.1111111111111111,0,1,-6.14954,0.2964373529,4.6790657043,,0.0666666666666666,0.1111111111111111,0.0,1,-6.25305,0.2894396186,5.1299366951,,0.1333333333333333,0.2222222222222222,0,1,-5.63019,0.2767917514,4.1930203438,,0.0,0.1111111111111111,0.0,1,-4.80974,0.2722709477,4.5900177956,,0.0,0.0,0.0,1,-5.88116,0.2370230407,4.671081543,,0.0666666666666666,0.2222222222222222,0.0,1,-5.08227,0.2124575227,3.7793338299,,0.0666666666666666,0.1111111111111111,0,1,-5.25199,0.1877513379,4.4786715508,,0.0,0.0,0.0,1,10
ZINC000000591272,-7.7357,0.3846023977,6.2377610207,,0.2666666666666666,0.4444444444444444,0,1,-7.13274,0.3765769005,5.6195006371,,0.3333333333333333,0.3333333333333333,0.0,1,-7.01746,0.3706161976,5.5285491943,,0.3333333333333333,0.3333333333333333,0,1,-7.54058,0.3545728326,5.9892764091,,0.0,0.1111111111111111,0.0,1,-8.21916,0.3504138589,5.9821395874,,0.0666666666666666,0.1111111111111111,0,1,-6.25604,0.3387563825,5.326271534,,0.0666666666666666,0.2222222222222222,0.0,1,-7.31276,0.2982397974,6.1334633827,,0.2,0.2222222222222222,0.0,1,-6.97874,0.2583059072,5.6829228401,,0.2666666666666666,0.3333333333333333,0.0,1,-6.72378,0.2571794987,5.8977909088,,0.1333333333333333,0.2222222222222222,0,1,-6.71012,0.2509655952,5.5575108528,,0.3333333333333333,0.4444444444444444,0.0,1,10
ZINC000000591295,-6.91407,0.8854204416,6.7681193352,,0.0666666666666666,0.1111111111111111,0,1,-8.44594,0.4171784222,6.8576965332,,0.6,0.6666666666666666,0.0,1,-8.30338,0.2255828679,6.2659754753,,0.0666666666666666,0.1111111111111111,0,1,-6.82795,0.1812702268,5.6892681122,,0.0,0.1111111111111111,0.0,1,-6.92535,0.1788333207,5.5470614433,,0.0,0.1111111111111111,0,1,-7.23585,0.1732485145,5.9988026619,,0.0666666666666666,0.2222222222222222,0.0,1,-8.05812,0.1623742878,6.1269783974,,0.1333333333333333,0.2222222222222222,0.0,1,-8.10308,0.1571883112,6.5705246925,,0.6,0.6666666666666666,0.0,1,-7.24379,0.1499302387,5.6786842346,,0.0666666666666666,0.1111111111111111,0,1,-7.18844,0.1476237029,6.1168494225,,0.3333333333333333,0.4444444444444444,0.0,1,10
ZINC000000592271,-7.54306,0.5679268837,6.7832016945,,0.5333333333333333,0.5555555555555556,0,1,-7.01528,0.5367873907,5.8358721733,,0.0,0.0,0.0,1,-6.96293,0.5203864574,6.4601664543,,0.4666666666666667,0.4444444444444444,0,1,-7.08956,0.4811706543,6.2272019386,,0.4666666666666667,0.4444444444444444,0.0,1,-7.49173,0.4096529782,6.1439452171,,0.0666666666666666,0.2222222222222222,0,1,-8.02186,0.3818457425,6.604675293,,0.4666666666666667,0.5555555555555556,0.0,1,-8.71206,0.2608082891,6.6917228699,,0.2,0.4444444444444444,0.0,1,-9.02101,0.2592868805,6.1589617729,,0.1333333333333333,0.2222222222222222,0.0,1,-6.81935,0.2375289947,5.9833168983,,0.2666666666666666,0.4444444444444444,0,1,-7.78774,0.2277538031,4.4446525574,,0.0666666666666666,0.2222222222222222,0.0,1,10
ZINC000000592273,-9.05294,0.3743465543,6.3293933868,,0.2666666666666666,0.4444444444444444,0,1,-9.07941,0.3670435846,6.2906413078,,0.3333333333333333,0.5555555555555556,0.0,1,-8.85488,0.3449247777,6.4028534889,,0.2666666666666666,0.4444444444444444,0,1,-8.30923,0.3179048002,6.3792824745,,0.3333333333333333,0.5555555555555556,0.0,1,-9.05457,0.3096009493,6.1822910309,,0.2,0.3333333333333333,0,1,-8.88175,0.2977143824,6.2565631866,,0.2,0.3333333333333333,0.0,1,-9.02093,0.2972077429,6.0629715919,,0.1333333333333333,0.2222222222222222,0.0,1,-7.20611,0.2625888884,6.0017223358,,0.4,0.4444444444444444,0.0,1,-7.24145,0.2598559856,6.2333378792,,0.2666666666666666,0.4444444444444444,0,1,-7.53142,0.2527242899,4.6628189087,,0.1333333333333333,0.2222222222222222,0.0,1,10
ZINC000000592416,-7.04207,0.4363162816,5.6945075989,,0.4,0.5555555555555556,0,1,-6.09688,0.4344804883,5.8826785088,,0.1333333333333333,0.2222222222222222,0.0,1,-7.07442,0.4120045602,5.6878991127,,0.4,0.5555555555555556,0,1,-6.71488,0.3309005499,5.9129300117,,0.0666666666666666,0.2222222222222222,0.0,1,-6.50109,0.2954321206,6.230342865,,0.8,1.0,0,1,-6.27542,0.288947165,6.3853435516,,0.6666666666666666,0.7777777777777778,0.0,1,-6.17011,0.2796567082,5.6890048981,,0.6,0.6666666666666666,0.0,1,-6.06848,0.2609555423,5.8375267982,,0.5333333333333333,0.7777777777777778,0.0,1,-6.49199,0.2402611077,5.8710904121,,0.0,0.1111111111111111,0,1,-6.13241,0.1979005635,4.8757514954,,0.0666666666666666,0.2222222222222222,0.0,1,10
ZINC000000592653,-6.13879,0.6697116494,5.9341874123,,0.0666666666666666,0.1111111111111111,0,1,-5.94646,0.5918526053,5.8006806374,,0.0,0.1111111111111111,0.0,1,-5.43164,0.4900316298,5.8051261902,,0.0,0.1111111111111111,0,1,-5.62222,0.4308484197,5.8079185486,,0.1333333333333333,0.2222222222222222,0.0,1,-5.72298,0.4279229641,5.8642287254,,0.0666666666666666,0.1111111111111111,0,1,-6.41608,0.4214909971,5.1144890785,,0.0,0.1111111111111111,0.0,1,-5.64924,0.4182823896,5.6974730492,,0.1333333333333333,0.2222222222222222,0.0,1,-6.35813,0.3814602494,5.2289323807,,0.0,0.1111111111111111,0.0,1,-6.48699,0.3605495393,5.3222975731,,0.0,0.1111111111111111,0,1,-6.42668,0.3422107697,5.7757549286,,0.0666666666666666,0.1111111111111111,0.0,1,10
ZINC000000592819,-8.08879,0.797134757,6.6676001549,,0.2666666666666666,0.4444444444444444,0,1,-7.93559,0.7067753077,6.3526835442,,0.2,0.3333333333333333,0.0,1,-7.93463,0.7017328739,6.2529163361,,0.2666666666666666,0.4444444444444444,0,1,-7.20806,0.4193814397,5.9660301208,,0.3333333333333333,0.4444444444444444,0.0,1,-6.69207,0.3710456789,4.7399411201,,0.0666666666666666,0.2222222222222222,0,1,-7.31721,0.3491031528,5.8717651367,,0.2666666666666666,0.3333333333333333,0.0,1,-7.30115,0.3468396068,5.6849131584,,0.1333333333333333,0.2222222222222222,0.0,1,-8.00909,0.335755378,5.355070591,,0.2666666666666666,0.2222222222222222,0.0,1,-8.52401,0.2888540924,5.415178299,,0.3333333333333333,0.3333333333333333,0,1,-6.68826,0.2838301063,5.4579062462,,0.2,0.3333333333333333,0.0,1,10
ZINC000000592822,-7.04273,0.5163936615,5.7070789337,,0.2,0.2222222222222222,0,1,-6.19084,0.3618615568,5.3229088783,,0.1333333333333333,0.3333333333333333,0.0,1,-6.26816,0.3351486623,5.2768769264,,0.2,0.3333333333333333,0,1,-6.28852,0.3002635539,5.1780362129,,0.1333333333333333,0.3333333333333333,0.0,1,-7.18124,0.2932621539,5.8656506538,,0.0,0.1111111111111111,0,1,-6.42395,0.2743262053,5.0001487732,,0.3333333333333333,0.4444444444444444,0.0,1,-6.67635,0.2721808553,5.5225195885,,0.0,0.1111111111111111,0.0,1,-7.09115,0.2563655674,5.3733973503,,0.2,0.3333333333333333,0.0,1,-7.17975,0.2529787421,5.4021983147,,0.2,0.3333333333333333,0,1,-5.68088,0.2435097396,4.952524662,,0.0,0.1111111111111111,0.0,1,10
ZINC000000592944,-5.96301,0.5498265624,5.7677426338,,0.2,0.3333333333333333,0,1,-6.23751,0.4978550971,5.9848771095,,0.0666666666666666,0.2222222222222222,0.0,1,-6.01281,0.4682609439,5.7890129089,,0.1333333333333333,0.2222222222222222,0,1,-7.03734,0.3971096277,6.1104369164,,0.2666666666666666,0.4444444444444444,0.0,1,-7.12057,0.3540688753,5.5525631905,,0.0,0.1111111111111111,0,1,-5.97488,0.3087026477,5.5116939545,,0.1333333333333333,0.2222222222222222,0.0,1,-7.06175,0.3082789481,6.2088160515,,0.1333333333333333,0.3333333333333333,0.0,1,-7.1006,0.2949954569,5.5722174644,,0.1333333333333333,0.2222222222222222,0.0,1,-6.63834,0.2591881752,5.7760810852,,0.2,0.3333333333333333,0,1,-6.43419,0.2327588052,5.7191925049,,0.3333333333333333,0.5555555555555556,0.0,1,10
ZINC000000593091,-8.76903,0.5419235826,6.7430319786,,0.4,0.6666666666666666,0,1,-8.04963,0.5260598063,6.7202792168,,0.6666666666666666,0.7777777777777778,0.0,1,-8.27553,0.3337274194,6.3777828217,,0.6666666666666666,0.7777777777777778,0,1,-7.86034,0.3159530461,6.3316440582,,0.1333333333333333,0.3333333333333333,0.0,1,-8.00185,0.2694221735,6.4909815788,,0.1333333333333333,0.2222222222222222,0,1,-8.31871,0.2684029937,6.6339201927,,0.2,0.3333333333333333,0.0,1,-7.62312,0.2004712522,4.8996872902,,0.2,0.3333333333333333,0.0,1,-8.55285,0.191480428,5.9909420013,,0.0666666666666666,0.1111111111111111,0.0,1,-8.67903,0.1808817983,5.8815975189,,0.1333333333333333,0.2222222222222222,0,1,-8.61975,0.1732800752,5.7018351555,,0.1333333333333333,0.2222222222222222,0.0,1,10
ZINC000000593140,-6.26799,0.667203784,6.0961050987,,0.6,0.8888888888888888,0,1,-5.55796,0.5546193123,4.9339618683,,0.1333333333333333,0.2222222222222222,0.0,1,-5.52556,0.5338563323,4.9840717316,,0.1333333333333333,0.2222222222222222,0,1,-5.33182,0.5336937308,4.695874691,,0.1333333333333333,0.2222222222222222,0.0,1,-6.45804,0.5079094172,5.9681620598,,0.5333333333333333,0.4444444444444444,0,1,-5.20376,0.4632429779,5.3501772881,,0.0666666666666666,0.1111111111111111,0.0,1,-6.46847,0.4326252639,6.008491993,,0.4666666666666667,0.5555555555555556,0.0,1,-5.42448,0.4181999266,5.4276442528,,0.0666666666666666,0.2222222222222222,0.0,1,-5.42313,0.3701152802,4.67197752,,0.1333333333333333,0.3333333333333333,0,1,-5.89128,0.3687416613,4.9849095345,,0.0666666666666666,0.2222222222222222,0.0,1,10
ZINC000000593143,-7.60072,0.7180868387,6.1496543884,,0.4666666666666667,0.6666666666666666,0,1,-6.44368,0.6133468151,5.5779957771,,0.0,0.1111111111111111,0.0,1,-6.24564,0.3558004797,5.8281021118,,0.5333333333333333,0.6666666666666666,1,1,-6.11077,0.3483424187,4.768014431,,0.0,0.1111111111111111,0.0,1,-6.78257,0.3311891556,5.2344360352,,0.3333333333333333,0.4444444444444444,0,1,-6.2214,0.3052712381,5.61850214,,0.1333333333333333,0.2222222222222222,0.0,1,-7.99166,0.2275772244,4.9344725609,,0.0666666666666666,0.1111111111111111,0.0,1,-7.58571,0.2253178954,5.0621337891,,0.1333333333333333,0.2222222222222222,0.0,1,-6.18703,0.2210946679,5.6868042946,,0.3333333333333333,0.5555555555555556,0,1,-8.02133,0.218324393,4.6891255379,,0.1333333333333333,0.2222222222222222,0.0,1,10
ZINC000000593249,-5.91016,0.7958197594,6.3062000275,,0.0,0.1111111111111111,0,1,-6.38546,0.4032995999,6.1262097359,,0.4,0.4444444444444444,0.0,1,-6.52863,0.3401466012,5.6307182312,,0.4,0.5555555555555556,0,1,-6.45753,0.3306718171,6.0118484497,,0.4,0.4444444444444444,0.0,1,-6.63185,0.3292821646,6.2768821716,,0.7333333333333333,1.0,0,1,-7.93133,0.3116926551,5.26065588,,0.2666666666666666,0.2222222222222222,0.0,1,-8.15332,0.3098625839,5.3631248474,,0.2,0.2222222222222222,0.0,1,-7.39827,0.2968949676,6.0638656616,,0.2666666666666666,0.4444444444444444,0.0,1,-6.18238,0.2786145508,5.4914298058,,0.3333333333333333,0.4444444444444444,0,1,-6.12871,0.268130511,5.3544464111,,0.0,0.1111111111111111,0.0,1,10
ZINC000000593410,-8.20875,0.379068166,6.9067440033,,0.2,0.3333333333333333,0,1,-8.49636,0.2834751904,6.2498545647,,0.5333333333333333,0.4444444444444444,0.0,1,-8.39961,0.2760516107,6.6380324364,,0.2,0.3333333333333333,0,1,-7.78519,0.2248562127,5.5311455727,,0.0666666666666666,0.2222222222222222,0.0,1,-7.61382,0.213768214,5.691701889,,0.0666666666666666,0.2222222222222222,0,1,-8.39474,0.2057299763,6.0504798889,,0.4,0.3333333333333333,0.0,1,-8.09107,0.2029675841,5.4497895241,,0.2666666666666666,0.4444444444444444,0.0,1,-7.96872,0.2022697777,6.3729567528,,0.5333333333333333,0.7777777777777778,0.0,1,-7.33376,0.1990175545,5.3213477135,,0.0666666666666666,0.1111111111111111,0,1,-9.28137,0.1980468333,6.1653399467,,0.0666666666666666,0.1111111111111111,0.0,1,10
ZINC000000593839,-6.45594,0.3180517852,4.6623668671,,0.1333333333333333,0.3333333333333333,0,1,-6.14342,0.3084464669,4.6711411476,,0.1333333333333333,0.3333333333333333,0.0,1,-6.7326,0.292912662,4.3493456841,,0.2,0.3333333333333333,0,1,-6.68481,0.2888743281,4.1829242706,,0.2,0.3333333333333333,0.0,1,-6.89212,0.2790715992,5.8911399841,,0.2,0.3333333333333333,0,1,-6.56664,0.2699486017,5.0163803101,,0.1333333333333333,0.2222222222222222,0.0,1,-6.81889,0.255566895,4.7190556526,,0.2,0.3333333333333333,0.0,1,-6.65952,0.2500023842,4.753013134,,0.2,0.3333333333333333,0.0,1,-7.61382,0.2496731281,5.1528301239,,0.2666666666666666,0.3333333333333333,0,1,-6.68,0.2392766625,4.8720793724,,0.0666666666666666,0.2222222222222222,0.0,1,10
ZINC000000593853,-7.13421,0.4601068795,5.5698719025,,0.0666666666666666,0.1111111111111111,0,1,-7.11833,0.3991351426,5.3839244843,,0.0666666666666666,0.1111111111111111,0.0,1,-7.01092,0.3925156891,5.2996296883,,0.0666666666666666,0.1111111111111111,0,1,-7.60102,0.3720129132,5.3542518616,,0.0666666666666666,0.1111111111111111,0.0,1,-8.00655,0.3031996489,6.0601744652,,0.2,0.4444444444444444,0,1,-7.0912,0.2838712633,6.1990771294,,0.3333333333333333,0.5555555555555556,0.0,1,-6.62616,0.2730595469,5.4231877327,,0.0666666666666666,0.1111111111111111,0.0,1,-6.49905,0.2220484614,5.0975441933,,0.0666666666666666,0.1111111111111111,0.0,1,-7.40838,0.1933475882,5.2412133217,,0.0,0.1111111111111111,0,1,-7.69155,0.1785326153,5.1849122047,,0.0666666666666666,0.1111111111111111,0.0,1,10
ZINC000000594114,-6.5928,0.5673843026,4.9210486412,,0.0,0.1111111111111111,0,1,-6.53835,0.4173133969,6.1630759239,,0.2,0.2222222222222222,0.0,1,-6.46231,0.4046074152,5.6037135124,,0.0,0.1111111111111111,0,1,-6.3346,0.3581801355,5.3084874153,,0.0666666666666666,0.1111111111111111,0.0,1,-7.851,0.3190235496,6.3121342659,,0.2666666666666666,0.4444444444444444,0,1,-6.02231,0.3132522702,6.068113327,,0.0666666666666666,0.1111111111111111,0.0,1,-7.75742,0.3110078871,5.7852253914,,0.3333333333333333,0.4444444444444444,0.0,1,-6.60033,0.2839521766,5.107843399,,0.1333333333333333,0.2222222222222222,0.0,1,-7.29271,0.2775326073,4.907476902,,0.0,0.1111111111111111,0,1,-7.64506,0.2760787308,5.6452116966,,0.2,0.3333333333333333,0.0,1,10
ZINC000000594223,-7.32384,0.2272070348,5.2950019836,,0.1333333333333333,0.2222222222222222,0,1,-8.53304,0.2040842026,5.0145030022,,0.1333333333333333,0.2222222222222222,0.0,1,-6.81072,0.2025875151,5.3852934837,,0.0,0.1111111111111111,0,1,-8.32024,0.2014545053,4.9253029823,,0.0666666666666666,0.1111111111111111,0.0,1,-7.03998,0.1935317814,5.0080285072,,0.0,0.1111111111111111,0,1,-6.67071,0.1925965995,5.7645611763,,0.1333333333333333,0.2222222222222222,0.0,1,-8.49465,0.190986827,5.030069828,,0.0,0.1111111111111111,0.0,1,-6.59856,0.1812398583,4.6460633278,,0.1333333333333333,0.2222222222222222,0.0,1,-6.5095,0.1790551543,4.7431511879,,0.0666666666666666,0.1111111111111111,0,1,-9.32323,0.178946957,5.4299244881,,0.0666666666666666,0.2222222222222222,0.0,1,10
ZINC000000594280,-7.06313,0.3986601532,6.7457985878,,0.0666666666666666,0.1111111111111111,0,1,-8.08455,0.3930076659,6.8179550171,,0.3333333333333333,0.5555555555555556,0.0,1,-8.12356,0.2808459103,6.434566021,,0.4666666666666667,0.4444444444444444,0,1,-7.45293,0.230997026,6.355278492,,0.5333333333333333,0.5555555555555556,0.0,1,-6.5498,0.2179414928,6.2889752388,,0.0666666666666666,0.2222222222222222,0,1,-7.61752,0.2173013538,6.1465244293,,0.2666666666666666,0.3333333333333333,0.0,1,-7.12299,0.2170093209,6.2417883873,,0.5333333333333333,0.5555555555555556,0.0,1,-6.48241,0.2017465383,6.2235412598,,0.2666666666666666,0.3333333333333333,0.0,1,-6.95118,0.1883346736,5.794719696,,0.0666666666666666,0.1111111111111111,0,1,-7.98085,0.1789036989,6.0166802406,,0.3333333333333333,0.4444444444444444,0.0,1,10
ZINC000000594347,-8.14967,0.6300228238,6.6973705292,,0.3333333333333333,0.3333333333333333,0,1,-7.89901,0.6126443744,6.6401252747,,0.2666666666666666,0.4444444444444444,0.0,1,-7.79114,0.4325604439,5.9000892639,,0.0,0.1111111111111111,0,1,-7.76043,0.3950416148,5.7712283134,,0.0666666666666666,0.1111111111111111,0.0,1,-7.71381,0.3541754186,6.3560447693,,0.4666666666666667,0.5555555555555556,0,1,-8.19893,0.3364875317,6.4401116371,,0.2666666666666666,0.3333333333333333,0.0,1,-7.87951,0.308634758,6.385995388,,0.3333333333333333,0.5555555555555556,0.0,1,-7.53635,0.2874457836,5.6261982918,,0.0666666666666666,0.2222222222222222,0.0,1,-7.3753,0.2311153263,5.6054472923,,0.1333333333333333,0.2222222222222222,0,1,-7.54281,0.2228933871,5.9532427788,,0.4,0.5555555555555556,0.0,1,10
ZINC000000594538,-8.23449,0.3262379169,5.4016957283,,0.0,0.1111111111111111,0,1,-8.61509,0.324015379,6.0732893944,,0.5333333333333333,0.5555555555555556,0.0,1,-7.2018,0.3121855259,5.4654889107,,0.0,0.1111111111111111,0,1,-7.9908,0.3118940592,5.006421566,,0.1333333333333333,0.2222222222222222,0.0,1,-7.7989,0.3050976992,5.3129935265,,0.0666666666666666,0.1111111111111111,0,1,-8.15227,0.2797266543,5.7609786987,,0.0666666666666666,0.1111111111111111,0.0,1,-7.62269,0.2777500153,4.9933872223,,0.1333333333333333,0.2222222222222222,0.0,1,-7.0051,0.264526099,4.8815293312,,0.0,0.1111111111111111,0.0,1,-7.64012,0.2623446882,5.6380844116,,0.0666666666666666,0.1111111111111111,0,1,-8.12823,0.2551757693,5.7865605354,,0.4666666666666667,0.6666666666666666,0.0,1,10
ZINC000000594687,-7.26033,0.3187723756,6.3554434776,,0.5333333333333333,0.6666666666666666,0,1,-7.16384,0.2583292127,6.604593277,,0.4,0.4444444444444444,0.0,1,-7.7148,0.2326063514,6.1127514839,,0.2,0.3333333333333333,0,1,-7.922,0.2270234227,6.2193703651,,0.4,0.5555555555555556,0.0,1,-6.87052,0.2035213262,5.9404754639,,0.4666666666666667,0.6666666666666666,0,1,-6.93501,0.2008196265,5.6138877869,,0.0666666666666666,0.1111111111111111,0.0,1,-6.91715,0.1933803856,5.0606446266,,0.0666666666666666,0.2222222222222222,0.0,1,-7.28086,0.1791859269,5.9178581238,,0.4,0.5555555555555556,0.0,1,-8.21963,0.1429525614,6.262570858,,0.2,0.3333333333333333,0,1,-6.73064,0.1393870562,5.8488535881,,0.1333333333333333,0.2222222222222222,0.0,1,10
ZINC000000594838,-6.99756,0.5595200062,6.5323576927,,0.2,0.2222222222222222,0,1,-7.16149,0.4722890258,7.1221518517,,0.5333333333333333,0.6666666666666666,0.0,1,-7.86018,0.4699673057,6.3146114349,,0.3333333333333333,0.4444444444444444,0,1,-7.06614,0.4448688626,6.3318762779,,0.2,0.2222222222222222,0.0,1,-7.28181,0.441216439,6.3103938103,,0.0666666666666666,0.2222222222222222,0,1,-8.45619,0.389514029,6.948246479,,0.4,0.5555555555555556,0.0,1,-7.35954,0.388959229,6.4519577026,,0.0666666666666666,0.2222222222222222,0.0,1,-7.3711,0.3728945553,5.9246487617,,0.0666666666666666,0.2222222222222222,0.0,1,-7.0193,0.2600147128,6.0319142342,,0.4666666666666667,0.6666666666666666,0,1,-7.54625,0.2563840151,6.051671505,,0.0,0.1111111111111111,0.0,1,10
ZINC000000595006,-5.78703,0.3364692926,6.2108726501,,0.3333333333333333,0.4444444444444444,0,1,-5.61243,0.2978661358,5.0545115471,,0.0666666666666666,0.1111111111111111,0.0,1,-5.58344,0.2916569114,4.9400415421,,0.0,0.1111111111111111,0,1,-5.59296,0.2698908448,5.1994147301,,0.0,0.0,0.0,1,-6.65426,0.2669814527,5.0046234131,,0.1333333333333333,0.2222222222222222,0,1,-6.35522,0.2657943368,5.0945777893,,0.0666666666666666,0.1111111111111111,0.0,1,-6.71732,0.2643163204,4.9648423195,,0.0666666666666666,0.1111111111111111,0.0,1,-6.13533,0.2637302876,5.272333622,,0.0,0.1111111111111111,0.0,1,-5.29207,0.2298802733,5.6652321815,,0.2,0.3333333333333333,0,1,-5.3832,0.2176279724,5.2538151741,,0.1333333333333333,0.2222222222222222,0.0,1,10
ZINC000000595350,-8.14743,0.4256282151,6.0645332336,,0.1333333333333333,0.2222222222222222,0,1,-7.12862,0.3820148706,5.1061458588,,0.0666666666666666,0.1111111111111111,0.0,1,-7.72375,0.3538944125,5.2540001869,,0.0666666666666666,0.1111111111111111,0,1,-7.77876,0.3398883939,4.5909099579,,0.0,0.1111111111111111,0.0,1,-6.94598,0.338519156,5.4243168831,,0.2,0.2222222222222222,0,1,-7.65018,0.3356257677,4.6710591316,,0.0,0.1111111111111111,0.0,1,-7.72721,0.3102481663,5.4626498222,,0.1333333333333333,0.2222222222222222,0.0,1,-9.36936,0.3085855246,6.2659449577,,0.2666666666666666,0.4444444444444444,0.0,1,-7.51455,0.3049131334,4.7110657692,,0.0,0.1111111111111111,0,1,-7.64688,0.296069026,4.5516338348,,0.0,0.1111111111111111,0.0,1,10
ZINC000000595504,-7.27406,0.5513241291,6.7900156975,,0.6666666666666666,0.7777777777777778,0,1,-6.73216,0.2469205111,6.1567749977,,0.6,0.7777777777777778,0.0,1,-7.47086,0.2273812294,6.36784935,,0.4666666666666667,0.4444444444444444,0,1,-6.40687,0.2247541845,5.4950008392,,0.0666666666666666,0.2222222222222222,0.0,1,-8.558,0.2151596993,5.5152430534,,0.0,0.1111111111111111,0,1,-7.1846,0.2075113058,5.7211260796,,0.2666666666666666,0.4444444444444444,0.0,1,-7.03821,0.2070143521,5.0776591301,,0.1333333333333333,0.2222222222222222,0.0,1,-6.42795,0.2045334578,4.7981133461,,0.0666666666666666,0.1111111111111111,0.0,1,-8.01468,0.2004639804,5.9272208214,,0.1333333333333333,0.2222222222222222,0,1,-6.65704,0.1951812953,4.9786200523,,0.0666666666666666,0.2222222222222222,0.0,1,10
ZINC000000596244,-6.52989,0.6030129194,6.5226535797,,0.2666666666666666,0.4444444444444444,0,1,-6.61307,0.4843562245,6.1870040894,,0.2,0.2222222222222222,0.0,1,-5.66574,0.4710844755,5.3529524803,,0.1333333333333333,0.2222222222222222,0,1,-6.44573,0.4406913817,6.1433830261,,0.2666666666666666,0.4444444444444444,0.0,1,-6.71145,0.4130331576,5.566675663,,0.2,0.3333333333333333,0,1,-6.26966,0.4128448665,5.5944561958,,0.1333333333333333,0.2222222222222222,0.0,1,-6.06712,0.4030159712,5.1035170555,,0.1333333333333333,0.2222222222222222,0.0,1,-6.14825,0.3253521323,5.9015693665,,0.3333333333333333,0.5555555555555556,0.0,1,-6.24204,0.298689872,4.7314753532,,0.1333333333333333,0.2222222222222222,0,1,-6.00832,0.2816455364,4.4575896263,,0.0666666666666666,0.1111111111111111,0.0,1,10
ZINC000000596687,-6.5118,0.7382720709,6.2845363617,,0.2,0.2222222222222222,0,1,-6.47442,0.3148730397,5.9359698296,,0.0,0.1111111111111111,0.0,1,-6.76143,0.2929151058,6.0988402367,,0.1333333333333333,0.2222222222222222,0,1,-6.48729,0.281408608,5.7146811485,,0.2,0.4444444444444444,0.0,1,-6.34056,0.2704013586,5.6502017975,,0.0,0.1111111111111111,0,1,-6.75428,0.2668472528,5.4630680084,,0.0666666666666666,0.1111111111111111,0.0,1,-7.21143,0.2621431351,5.2991251945,,0.0666666666666666,0.1111111111111111,0.0,1,-6.5501,0.2603703439,6.1078109741,,0.2666666666666666,0.4444444444444444,0.0,1,-6.23245,0.2565023899,5.9459776878,,0.2666666666666666,0.4444444444444444,0,1,-6.24811,0.2508250475,5.0519652367,,0.0,0.1111111111111111,0.0,1,10
ZINC000000596731,-6.37312,0.600489974,6.1676883698,,0.2666666666666666,0.4444444444444444,0,1,-6.32368,0.4545997381,6.4084925652,,0.4,0.6666666666666666,0.0,1,-6.7853,0.3147958517,6.0422763824,,0.2666666666666666,0.4444444444444444,0,1,-6.3858,0.3002356291,5.3557181358,,0.1333333333333333,0.2222222222222222,0.0,1,-7.70474,0.2924358249,5.5800595284,,0.2666666666666666,0.3333333333333333,0,1,-6.26532,0.2877972722,5.3050889969,,0.0,0.1111111111111111,0.0,1,-6.59378,0.2795828283,5.0932431221,,0.2666666666666666,0.3333333333333333,0.0,1,-6.19945,0.2482207716,5.5579648018,,0.1333333333333333,0.2222222222222222,0.0,1,-5.66933,0.2472067177,5.590731144,,0.2,0.3333333333333333,0,1,-6.15688,0.2249662876,5.1866927147,,0.2,0.2222222222222222,0.0,1,10
ZINC000000596826,-7.59625,0.3188490272,6.174785614,,0.2666666666666666,0.3333333333333333,0,1,-6.83064,0.3153536022,5.5105571747,,0.0666666666666666,0.1111111111111111,0.0,1,-6.82691,0.2657000124,5.246483326,,0.0666666666666666,0.1111111111111111,0,1,-6.35373,0.2528353631,5.4100089073,,0.0666666666666666,0.1111111111111111,0.0,1,-5.88729,0.2369170785,4.9710907936,,0.0,0.1111111111111111,0,1,-6.40068,0.2367506623,5.4643325806,,0.2,0.2222222222222222,0.0,1,-6.5294,0.233366996,5.4647865295,,0.4666666666666667,0.5555555555555556,0.0,1,-7.62084,0.2222301215,5.7017807961,,0.5333333333333333,0.6666666666666666,0.0,1,-7.1897,0.1983050853,5.3883099556,,0.2,0.3333333333333333,0,1,-6.2711,0.1900437623,4.68009758,,0.0,0.1111111111111111,0.0,1,10
ZINC000000596925,-6.74705,0.666362226,5.9010539055,,0.0666666666666666,0.1111111111111111,0,1,-6.45383,0.6030104756,6.2678623199,,0.0666666666666666,0.1111111111111111,0.0,1,-6.5034,0.5715079308,6.2090907097,,0.0666666666666666,0.1111111111111111,0,1,-5.82032,0.429341495,5.2885808945,,0.0,0.1111111111111111,0.0,1,-6.03465,0.3923584223,5.9926300049,,0.0,0.0,0,1,-6.255,0.2200082541,5.5148658752,,0.2,0.2222222222222222,0.0,1,-5.96742,0.2080508471,5.19992733,,0.2,0.2222222222222222,0.0,1,-6.15402,0.2068557441,5.1070899963,,0.0,0.0,0.0,1,-6.53635,0.1887785196,5.4047684669,,0.2,0.2222222222222222,0,1,-6.32521,0.1492667496,4.473092556,,0.0,0.0,0.0,1,10
ZINC000000596987,-7.87299,0.7557407022,6.2959036827,,0.1333333333333333,0.2222222222222222,0,1,-7.32854,0.7429326177,6.1240200996,,0.1333333333333333,0.2222222222222222,0.0,1,-6.37823,0.7208272815,5.3828024864,,0.0666666666666666,0.1111111111111111,0,1,-6.7271,0.7052804828,5.7858567238,,0.1333333333333333,0.2222222222222222,0.0,1,-6.99849,0.6950500011,6.0150184631,,0.0666666666666666,0.1111111111111111,0,1,-8.1061,0.6139115095,6.1719498634,,0.1333333333333333,0.2222222222222222,0.0,1,-6.67779,0.5375748277,5.7036185265,,0.2,0.2222222222222222,0.0,1,-7.60287,0.5069096088,5.531648159,,0.0,0.1111111111111111,0.0,1,-6.72767,0.4788301885,5.0146450996,,0.0666666666666666,0.1111111111111111,0,1,-7.74062,0.4676579535,5.8777241707,,0.1333333333333333,0.2222222222222222,0.0,1,10
ZINC000000597057,-6.15584,0.5760408044,5.9066195488,,0.2,0.3333333333333333,0,1,-6.70858,0.4588989913,5.7878985405,,0.6,0.7777777777777778,0.0,1,-6.84128,0.3104061186,5.7491288185,,0.2,0.2222222222222222,0,1,-6.72035,0.3045606613,5.7663192749,,0.2666666666666666,0.3333333333333333,0.0,1,-5.58405,0.3020985425,5.6612415314,,0.1333333333333333,0.2222222222222222,0,1,-6.17001,0.2455776334,5.8574461937,,0.2666666666666666,0.3333333333333333,0.0,1,-6.27654,0.2388285995,5.3745102882,,0.2666666666666666,0.3333333333333333,0.0,1,-6.14147,0.233755663,5.5588569641,,0.2,0.3333333333333333,0.0,1,-6.84491,0.2329985201,5.389231205,,0.2666666666666666,0.2222222222222222,0,1,-6.41851,0.2319687307,5.0911245346,,0.3333333333333333,0.4444444444444444,0.0,1,10
ZINC000000597083,-8.53633,0.7128114104,6.2787570953,,0.2,0.3333333333333333,0,1,-6.94585,0.5824400783,5.3739104271,,0.0,0.1111111111111111,0.0,1,-6.80683,0.5267772079,6.7211928368,,0.4666666666666667,0.7777777777777778,0,1,-8.05888,0.3850721121,5.6946568489,,0.1333333333333333,0.2222222222222222,0.0,1,-7.46845,0.3797447681,6.1268773079,,0.2,0.3333333333333333,0,1,-7.86831,0.3785039186,5.6314525604,,0.2,0.3333333333333333,0.0,1,-7.39032,0.3781011701,5.4134712219,,0.1333333333333333,0.2222222222222222,0.0,1,-8.29311,0.3476295769,5.6126389503,,0.2,0.3333333333333333,0.0,1,-6.98916,0.3320823014,5.1183066368,,0.2,0.3333333333333333,0,1,-6.99043,0.307094872,4.8519177437,,0.0666666666666666,0.1111111111111111,0.0,1,10
ZINC000000597292,-9.37929,0.706591785,6.9460635185,,0.2,0.3333333333333333,0,1,-9.85151,0.7037787437,7.1177992821,,0.4,0.5555555555555556,0.0,1,-9.83847,0.6321151853,6.774433136,,0.2,0.3333333333333333,0,1,-8.58984,0.6186776757,7.0277085304,,0.4,0.6666666666666666,0.0,1,-8.55354,0.5438278913,6.461247921,,0.2,0.3333333333333333,0,1,-9.80284,0.4372625053,6.5351443291,,0.2,0.3333333333333333,0.0,1,-8.44188,0.3365849257,6.3359265327,,0.2,0.3333333333333333,0.0,1,-8.85504,0.3280189335,6.0850949287,,0.2,0.3333333333333333,0.0,1,-8.08293,0.3235948086,6.268219471,,0.2666666666666666,0.4444444444444444,0,1,-7.49775,0.2905425727,4.9846158028,,0.0666666666666666,0.1111111111111111,0.0,1,10
ZINC000000597368,-7.43337,0.8100178242,6.657459259,,0.5333333333333333,0.5555555555555556,0,1,-6.95784,0.608420074,4.8896508217,,0.0,0.1111111111111111,0.0,1,-7.08619,0.5472915173,6.2690010071,,0.3333333333333333,0.5555555555555556,0,1,-6.07377,0.3545939326,4.8710412979,,0.0666666666666666,0.1111111111111111,0.0,1,-6.36256,0.337552011,4.2559418678,,0.0666666666666666,0.2222222222222222,0,1,-6.57844,0.3063323796,5.0101013184,,0.0,0.1111111111111111,0.0,1,-7.33561,0.3028097153,5.5078158379,,0.3333333333333333,0.4444444444444444,0.0,1,-7.5425,0.2506464124,5.1591963768,,0.1333333333333333,0.2222222222222222,0.0,1,-7.25485,0.2315228134,5.1491351128,,0.1333333333333333,0.2222222222222222,0,1,-7.08229,0.2217708379,4.8266844749,,0.2,0.3333333333333333,0.0,1,10
ZINC000000597389,-10.28115,0.7443755865,6.5430846214,,0.2,0.3333333333333333,0,1,-9.29852,0.6486446857,6.5513253212,,0.3333333333333333,0.5555555555555556,0.0,1,-8.94093,0.6179403067,6.8501343727,,0.4666666666666667,0.6666666666666666,0,1,-9.32879,0.614533186,6.5354866982,,0.4,0.5555555555555556,0.0,1,-7.74045,0.5975192189,6.3663964272,,0.4666666666666667,0.4444444444444444,0,1,-8.85956,0.5895467997,6.5601849556,,0.1333333333333333,0.2222222222222222,0.0,1,-9.70009,0.5891216397,6.4325499535,,0.4,0.5555555555555556,0.0,1,-9.0952,0.5601847768,6.2986540794,,0.1333333333333333,0.2222222222222222,0.0,1,-9.07613,0.5347886682,6.3891944885,,0.4666666666666667,0.5555555555555556,0,1,-7.7033,0.4944100678,6.6491417885,,0.4666666666666667,0.6666666666666666,0.0,1,10
ZINC000000597477,-7.65321,0.6735135317,5.6789402962,,0.0,0.1111111111111111,0,1,-7.84802,0.6462317109,5.6153793335,,0.0,0.1111111111111111,0.0,1,-7.41261,0.3668289185,5.3076100349,,0.0,0.1111111111111111,0,1,-7.44101,0.3412167728,5.1950206757,,0.0,0.1111111111111111,0.0,1,-7.02507,0.3271860182,4.6233258247,,0.0666666666666666,0.1111111111111111,0,1,-7.72379,0.31271559,5.8913345337,,0.1333333333333333,0.2222222222222222,0.0,1,-8.05231,0.3083768189,4.4072985649,,0.0666666666666666,0.2222222222222222,0.0,1,-7.28997,0.3017421067,5.4428195953,,0.5333333333333333,0.5555555555555556,0.0,1,-7.16939,0.2865245938,5.741147995,,0.4,0.4444444444444444,0,1,-8.23523,0.2553830147,6.0748476982,,0.1333333333333333,0.2222222222222222,0.0,1,10
ZINC000000597502,-6.34639,0.3493435979,5.2802314758,,0.0666666666666666,0.1111111111111111,0,1,-8.70007,0.3007367253,5.577829361,,0.4666666666666667,0.5555555555555556,0.0,1,-6.09587,0.2920827568,4.5624923706,,0.0666666666666666,0.2222222222222222,0,1,-6.03397,0.2829407156,4.7070178986,,0.0,0.1111111111111111,0.0,1,-6.74055,0.2751602232,4.6863265038,,0.0,0.1111111111111111,0,1,-6.81116,0.2646609843,5.5639152527,,0.7333333333333333,0.8888888888888888,0.0,1,-7.02321,0.2645796537,5.3536372185,,0.2,0.3333333333333333,0.0,1,-7.08281,0.2546799183,4.5732617378,,0.0,0.1111111111111111,0.0,1,-7.06059,0.2377019078,5.0515403748,,0.5333333333333333,0.6666666666666666,0,1,-6.34845,0.2251518667,4.4955921173,,0.0,0.1111111111111111,0.0,1,10
ZINC000000597541,-5.90573,0.3104524016,5.6803488731,,0.2,0.2222222222222222,0,1,-6.122,0.302811265,5.6855545044,,0.0666666666666666,0.1111111111111111,0.0,1,-6.58246,0.2698026299,5.9950871468,,0.0666666666666666,0.1111111111111111,0,1,-6.29445,0.2213241905,5.7206177711,,0.0,0.0,0.0,1,-5.94007,0.2045872211,5.8231034279,,0.0666666666666666,0.1111111111111111,0,1,-5.44934,0.2026815265,5.9582362175,,0.0,0.1111111111111111,0.0,1,-6.69448,0.2020496428,5.3257827759,,0.0,0.1111111111111111,0.0,1,-7.53171,0.1959080249,5.6368598938,,0.0666666666666666,0.1111111111111111,0.0,1,-6.00729,0.1928699911,5.7099118233,,0.1333333333333333,0.2222222222222222,0,1,-6.28282,0.1922943294,5.701529026,,0.2,0.2222222222222222,0.0,1,10
ZINC000000597652,-7.21339,0.5796327591,6.1508193016,,0.0,0.1111111111111111,0,1,-7.86349,0.5231026411,6.1968150139,,0.4,0.5555555555555556,0.0,1,-7.85299,0.4697505236,6.153734684,,0.3333333333333333,0.4444444444444444,0,1,-8.01517,0.3540770411,5.5107998848,,0.0666666666666666,0.1111111111111111,0.0,1,-7.73062,0.3270882368,5.5370502472,,0.1333333333333333,0.2222222222222222,0,1,-6.67068,0.3175079525,5.6720852852,,0.1333333333333333,0.3333333333333333,0.0,1,-7.09375,0.305906862,5.9133758545,,0.0,0.1111111111111111,0.0,1,-8.23585,0.2699272931,5.2446770668,,0.0,0.1111111111111111,0.0,1,-7.26906,0.2417995483,5.4455337524,,0.1333333333333333,0.2222222222222222,0,1,-7.49339,0.2317497581,5.9233651161,,0.2,0.2222222222222222,0.0,1,10
ZINC000000597817,-8.03171,0.8231496811,7.0641059875,,0.2,0.3333333333333333,0,1,-6.74629,0.7324927449,6.8602957726,,0.5333333333333333,0.6666666666666666,0.0,1,-7.76946,0.7087551355,6.4162597656,,0.5333333333333333,0.5555555555555556,0,1,-7.51577,0.7087230086,7.2068448067,,0.4,0.4444444444444444,0.0,1,-6.99855,0.6326795816,6.951025486,,0.4666666666666667,0.5555555555555556,0,1,-7.42032,0.5670297146,6.6554012299,,0.4,0.3333333333333333,0.0,1,-6.65089,0.473249048,6.4473366737,,0.4,0.4444444444444444,0.0,1,-6.48902,0.4343983233,6.5274243355,,0.4,0.4444444444444444,0.0,1,-6.80938,0.4082973301,5.2974476814,,0.1333333333333333,0.3333333333333333,0,1,-6.83866,0.3946133852,6.0031108856,,0.3333333333333333,0.5555555555555556,0.0,1,10
ZINC000000597915,-7.7198,0.6791095138,7.1721014977,,0.3333333333333333,0.4444444444444444,0,1,-6.81679,0.3870224059,6.34009552,,0.4,0.5555555555555556,0.0,1,-6.39957,0.2871491313,6.4455475807,,0.2,0.2222222222222222,0,1,-6.13871,0.2049985528,4.6619906425,,0.1333333333333333,0.2222222222222222,0.0,1,-6.04639,0.1942654401,4.9969735146,,0.1333333333333333,0.2222222222222222,0,1,-7.13711,0.1926813126,5.9718089104,,0.4,0.4444444444444444,0.0,1,-6.66779,0.1899045557,5.3974204063,,0.1333333333333333,0.3333333333333333,0.0,1,-6.18938,0.181583479,5.0251584053,,0.0,0.0,0.0,1,-7.23158,0.1772536039,4.9360599518,,0.1333333333333333,0.2222222222222222,0,1,-6.19294,0.1748657972,5.2999472618,,0.0666666666666666,0.2222222222222222,0.0,1,10
ZINC000000598091,-8.01919,0.3563793302,6.0748553276,,0.4,0.5555555555555556,0,1,-6.80966,0.3264883757,5.1438355446,,0.0,0.1111111111111111,0.0,1,-6.73195,0.3210644722,5.274415493,,0.1333333333333333,0.3333333333333333,0,1,-7.40683,0.2991340458,5.5637435913,,0.3333333333333333,0.5555555555555556,0.0,1,-7.16144,0.2904922962,4.9491000175,,0.0666666666666666,0.2222222222222222,0,1,-7.48539,0.2824687064,4.5846767426,,0.0666666666666666,0.2222222222222222,0.0,1,-7.88292,0.275207907,5.9564819336,,0.4666666666666667,0.6666666666666666,0.0,1,-7.36747,0.2670651376,4.6691813469,,0.0666666666666666,0.2222222222222222,0.0,1,-7.00871,0.262675941,5.5163459778,,0.2666666666666666,0.4444444444444444,0,1,-6.88503,0.26047346,4.5850105286,,0.0,0.1111111111111111,0.0,1,10
ZINC000000598189,-6.508,0.5740969181,6.5528531075,,0.1333333333333333,0.2222222222222222,0,1,-6.35717,0.5444383621,6.2778153419,,0.0666666666666666,0.1111111111111111,0.0,1,-6.51604,0.4458679259,5.7001671791,,0.0666666666666666,0.2222222222222222,0,1,-7.22495,0.439114213,6.330947876,,0.1333333333333333,0.2222222222222222,0.0,1,-6.90583,0.4377774596,6.6439728737,,0.1333333333333333,0.2222222222222222,0,1,-6.36515,0.41928038,5.184697628,,0.0,0.1111111111111111,0.0,1,-6.19919,0.36321944,4.8224220276,,0.0666666666666666,0.1111111111111111,0.0,1,-6.70871,0.3292403221,5.4879450798,,0.0666666666666666,0.2222222222222222,0.0,1,-7.50779,0.3081543148,6.1944580078,,0.1333333333333333,0.2222222222222222,0,1,-7.40901,0.3052864969,6.5334954262,,0.2,0.3333333333333333,0.0,1,10
ZINC000000598304,-8.98024,0.5114182234,6.4449462891,,0.6,0.6666666666666666,0,1,-8.40026,0.5006508827,6.4472289085,,0.6,0.6666666666666666,0.0,1,-8.77202,0.4155382216,6.4373531342,,0.3333333333333333,0.4444444444444444,0,1,-8.35653,0.3902736902,6.3558468819,,0.5333333333333333,0.5555555555555556,0.0,1,-8.88081,0.3663685024,6.1582260132,,0.0666666666666666,0.2222222222222222,0,1,-8.04722,0.3606688976,6.2568244934,,0.4666666666666667,0.6666666666666666,0.0,1,-8.39499,0.3577958047,6.4442191124,,0.5333333333333333,0.6666666666666666,0.0,1,-8.00033,0.3286117017,5.8135838509,,0.0666666666666666,0.1111111111111111,0.0,1,-8.33874,0.3193975091,6.5298194885,,0.4,0.3333333333333333,0,1,-8.42445,0.3119722009,6.5758566856,,0.2,0.3333333333333333,0.0,1,10
ZINC000000598360,-7.53307,0.5588254333,6.8820552826,,0.2666666666666666,0.5555555555555556,0,1,-8.86872,0.3433720469,6.9005885124,,0.3333333333333333,0.4444444444444444,0.0,1,-7.97942,0.3186300695,6.597430706,,0.2,0.3333333333333333,0,1,-7.8264,0.2727409899,6.2700634003,,0.3333333333333333,0.4444444444444444,0.0,1,-8.13545,0.2377991676,5.6238574982,,0.2666666666666666,0.4444444444444444,0,1,-7.66355,0.231429413,6.2089180946,,0.4,0.4444444444444444,0.0,1,-7.42266,0.2152097672,6.1267743111,,0.2,0.3333333333333333,0.0,1,-7.28441,0.2084875405,6.1517729759,,0.3333333333333333,0.4444444444444444,0.0,1,-6.89113,0.189622432,5.5457453728,,0.0,0.1111111111111111,0,1,-7.53822,0.1830456704,6.0523962975,,0.2,0.3333333333333333,0.0,1,10
ZINC000000598467,-9.68016,0.9452926517,7.3070673943,,0.3333333333333333,0.4444444444444444,0,1,-9.46808,0.7216987014,6.8622646332,,0.6,0.6666666666666666,0.0,1,-9.14404,0.6860442758,7.0476055145,,0.3333333333333333,0.4444444444444444,0,1,-8.53869,0.6642564535,7.0231938362,,0.4,0.5555555555555556,0.0,1,-8.64532,0.3710879683,6.1907291412,,0.3333333333333333,0.4444444444444444,0,1,-9.75666,0.3619416654,6.5488610268,,0.2,0.3333333333333333,0.0,1,-8.81915,0.3534567952,6.1038308144,,0.4,0.5555555555555556,0.0,1,-8.55027,0.3529307842,6.4859519005,,0.3333333333333333,0.4444444444444444,0.0,1,-9.26629,0.3139816225,6.7703480721,,0.2,0.3333333333333333,0,1,-9.67122,0.2950251698,6.3396811485,,0.2,0.3333333333333333,0.0,1,10
ZINC000000598586,-9.79135,0.765545547,7.0492835045,,0.4666666666666667,0.5555555555555556,0,1,-8.33233,0.6682254076,7.2516136169,,0.4,0.4444444444444444,0.0,1,-9.63247,0.6223042011,6.9422221184,,0.4,0.4444444444444444,0,1,-9.69622,0.504684329,6.8375706673,,0.3333333333333333,0.5555555555555556,0.0,1,-8.87903,0.4807198644,6.4948620796,,0.4,0.5555555555555556,0,1,-8.89915,0.4773004353,6.4964594841,,0.3333333333333333,0.4444444444444444,0.0,1,-9.47148,0.437922895,6.6778621674,,0.3333333333333333,0.6666666666666666,0.0,1,-10.27879,0.3955749869,6.6637253761,,0.4,0.5555555555555556,0.0,1,-9.08623,0.3772993386,6.4441962242,,0.4,0.6666666666666666,0,1,-8.83583,0.3747036159,6.2706112862,,0.2666666666666666,0.3333333333333333,0.0,1,10
ZINC000000598610,-7.99158,0.5927689075,6.0371756554,,0.1333333333333333,0.2222222222222222,0,1,-9.22429,0.4456529617,6.320748806,,0.2666666666666666,0.3333333333333333,0.0,1,-8.48023,0.4425254166,5.8457603455,,0.3333333333333333,0.4444444444444444,0,1,-7.97613,0.4399940968,6.1197314262,,0.0666666666666666,0.1111111111111111,0.0,1,-8.85069,0.4142805338,5.7429690361,,0.3333333333333333,0.4444444444444444,0,1,-9.4741,0.3341449201,6.3111891747,,0.4,0.4444444444444444,0.0,1,-8.60409,0.3284072578,6.124309063,,0.6,0.5555555555555556,0.0,1,-9.29543,0.326053679,5.9859137535,,0.4,0.3333333333333333,0.0,1,-8.11094,0.3155828714,5.5095362663,,0.0666666666666666,0.2222222222222222,0,1,-9.45714,0.293708533,6.008503437,,0.2666666666666666,0.4444444444444444,0.0,1,10
ZINC000000598713,-8.37299,0.7508332133,6.6614933014,,0.4666666666666667,0.6666666666666666,0,1,-7.13919,0.745008409,6.45561409,,0.0666666666666666,0.1111111111111111,0.0,1,-7.3022,0.7151733637,6.1588101387,,0.0,0.1111111111111111,0,1,-7.46681,0.5561130047,6.4215388298,,0.2,0.2222222222222222,0.0,1,-7.15748,0.5425665379,5.8821854591,,0.0666666666666666,0.1111111111111111,0,1,-6.25834,0.5008239746,6.0799026489,,0.0,0.1111111111111111,0.0,1,-6.97799,0.3998147845,5.9680113792,,0.0,0.1111111111111111,0.0,1,-7.11761,0.364256084,5.5664219856,,0.0666666666666666,0.1111111111111111,0.0,1,-8.22213,0.3574085534,6.3123335838,,0.0666666666666666,0.1111111111111111,0,1,-7.81927,0.353877306,6.1495604515,,0.4666666666666667,0.6666666666666666,0.0,1,10
ZINC000000598768,-9.43963,0.8580921292,6.8006896973,,0.2666666666666666,0.4444444444444444,0,1,-8.45028,0.8499506116,6.5927968025,,0.2,0.4444444444444444,0.0,1,-9.52414,0.8346013427,6.9399242401,,0.4,0.5555555555555556,0,1,-8.38275,0.819123745,6.8549804688,,0.3333333333333333,0.4444444444444444,0.0,1,-9.08046,0.8144749403,6.9151873589,,0.3333333333333333,0.4444444444444444,0,1,-9.20149,0.7855815291,7.2000803947,,0.5333333333333333,0.7777777777777778,0.0,1,-9.17406,0.7783101201,6.6679749489,,0.3333333333333333,0.5555555555555556,0.0,1,-9.21342,0.7614308596,6.7641015053,,0.4,0.5555555555555556,0.0,1,-9.66617,0.7396745682,6.9743876457,,0.3333333333333333,0.4444444444444444,0,1,-8.70936,0.7245061398,6.8620657921,,0.4,0.5555555555555556,0.0,1,10
ZINC000000598818,-6.18822,0.4815053642,5.4604587555,,0.1333333333333333,0.3333333333333333,0,1,-5.97756,0.4222082198,5.611395359,,0.0,0.1111111111111111,0.0,1,-6.72449,0.3153912425,5.9090247154,,0.4,0.5555555555555556,0,1,-6.07319,0.2685890496,4.9348378181,,0.0,0.1111111111111111,0.0,1,-6.64323,0.2488497049,5.7612614632,,0.1333333333333333,0.2222222222222222,0,1,-5.96355,0.2461363375,4.8626790047,,0.2,0.3333333333333333,0.0,1,-6.90533,0.2426447272,5.8096556664,,0.2666666666666666,0.3333333333333333,0.0,1,-6.2373,0.2314439118,4.9086318016,,0.0666666666666666,0.1111111111111111,0.0,1,-6.23968,0.229005143,5.0859599113,,0.0,0.1111111111111111,0,1,-6.5606,0.2272036821,4.7338747978,,0.0666666666666666,0.2222222222222222,0.0,1,10
ZINC000000598984,-6.63686,0.6928160191,5.6374340057,,0.4,0.4444444444444444,0,1,-6.92538,0.6379963756,5.8114509583,,0.4,0.3333333333333333,0.0,1,-6.46265,0.5529695153,5.6103363037,,0.4,0.4444444444444444,0,1,-5.8534,0.5445575118,5.6542973518,,0.4,0.4444444444444444,0.0,1,-7.28797,0.5337248445,5.7404994965,,0.4,0.3333333333333333,0,1,-8.23576,0.5076540112,5.8753256798,,0.1333333333333333,0.3333333333333333,0.0,1,-6.19199,0.4510029256,5.5769386292,,0.3333333333333333,0.4444444444444444,0.0,1,-6.54953,0.4463471472,5.3958320618,,0.0,0.1111111111111111,0.0,1,-6.16389,0.4408918619,5.589161396,,0.3333333333333333,0.4444444444444444,0,1,-6.10212,0.4390021861,5.3303151131,,0.0666666666666666,0.1111111111111111,0.0,1,10
ZINC000000599051,-5.97302,0.4845025837,4.8804893494,,0.0,0.0,0,1,-7.94873,0.3947934508,6.0255723,,0.2,0.3333333333333333,0.0,1,-6.18831,0.2541292608,5.1092734337,,0.1333333333333333,0.2222222222222222,0,1,-6.60454,0.2509732842,5.3605980873,,0.0666666666666666,0.2222222222222222,0.0,1,-6.07196,0.2491105795,4.7272982597,,0.0,0.1111111111111111,0,1,-7.01153,0.2403692007,5.2538552284,,0.2666666666666666,0.4444444444444444,0.0,1,-6.73955,0.2266008407,5.2314243317,,0.3333333333333333,0.5555555555555556,0.0,1,-6.68375,0.2260233611,5.117764473,,0.1333333333333333,0.3333333333333333,0.0,1,-6.05269,0.2091878206,3.8405895233,,0.0666666666666666,0.2222222222222222,0,1,-7.20036,0.2081153095,5.5604243279,,0.0666666666666666,0.2222222222222222,0.0,1,10
ZINC000000599226,-7.8647,0.4103495479,5.7679877281,,0.0,0.1111111111111111,0,1,-8.06534,0.3557549119,5.8776073456,,0.0,0.1111111111111111,0.0,1,-7.83576,0.3109127879,5.5405945778,,0.0,0.1111111111111111,0,1,-7.90202,0.306375742,5.7612967491,,0.0,0.1111111111111111,0.0,1,-7.61969,0.2952560186,5.6712813377,,0.0666666666666666,0.2222222222222222,0,1,-7.3313,0.2934014499,5.0187153816,,0.0,0.1111111111111111,0.0,1,-7.72117,0.2849585116,5.4362797737,,0.0,0.1111111111111111,0.0,1,-7.7778,0.2845654786,5.4330201149,,0.0666666666666666,0.2222222222222222,0.0,1,-7.67252,0.2711786926,5.1322712898,,0.0,0.1111111111111111,0,1,-8.22254,0.2637567818,5.9125723839,,0.2666666666666666,0.3333333333333333,0.0,1,10
ZINC000000599401,-6.78217,0.5557440519,6.1073403358,,0.0666666666666666,0.1111111111111111,0,1,-8.05893,0.4687967002,6.2175784111,,0.2,0.3333333333333333,0.0,1,-8.00646,0.3989650011,6.1032643318,,0.4,0.4444444444444444,0,1,-7.38999,0.3871681094,5.7137618065,,0.3333333333333333,0.4444444444444444,0.0,1,-7.66179,0.3836949468,6.0979495049,,0.2,0.3333333333333333,0,1,-7.73249,0.3773717284,6.4286789894,,0.0666666666666666,0.1111111111111111,0.0,1,-7.2762,0.3718850017,5.2943959236,,0.2,0.2222222222222222,0.0,1,-8.18853,0.3512505591,5.9299683571,,0.2,0.3333333333333333,0.0,1,-8.16935,0.3204514384,6.0378136635,,0.3333333333333333,0.3333333333333333,0,1,-8.21641,0.3167366385,6.0154547691,,0.3333333333333333,0.3333333333333333,0.0,1,10
ZINC000000600657,-9.5975,0.5502233505,7.4644284248,,0.3333333333333333,0.5555555555555556,0,1,-9.26196,0.5498851538,6.7446455956,,0.2,0.2222222222222222,0.0,1,-11.58218,0.5062846541,7.3999176025,,0.3333333333333333,0.4444444444444444,0,1,-9.71214,0.4623541832,6.5488801003,,0.1333333333333333,0.2222222222222222,0.0,1,-9.36667,0.3003765643,5.5954813957,,0.0,0.1111111111111111,0,1,-10.19841,0.2715748549,6.2621040344,,0.2,0.3333333333333333,0.0,1,-10.10259,0.2561266422,6.0213475227,,0.2,0.2222222222222222,0.0,1,-9.97167,0.2523418963,6.1570186615,,0.2666666666666666,0.3333333333333333,0.0,1,-8.71264,0.23522304,5.6226286888,,0.1333333333333333,0.3333333333333333,0,1,-8.21406,0.2180193067,5.1431241035,,0.0666666666666666,0.1111111111111111,0.0,1,10
ZINC000000600664,-7.12182,0.7187962532,6.0074467659,,0.1333333333333333,0.1111111111111111,0,1,-6.50394,0.6424382329,5.875726223,,0.0666666666666666,0.1111111111111111,0.0,1,-6.11793,0.5948686004,5.2790665627,,0.0666666666666666,0.2222222222222222,0,1,-7.51111,0.5338858366,6.2500309944,,0.2,0.3333333333333333,0.0,1,-6.55316,0.4945465922,6.3008732796,,0.1333333333333333,0.2222222222222222,0,1,-6.09492,0.4494316578,4.9247760773,,0.0,0.0,0.0,1,-7.27003,0.4372220039,5.9405021667,,0.1333333333333333,0.3333333333333333,0.0,1,-7.37026,0.4307373464,5.3311238289,,0.2,0.2222222222222222,0.0,1,-6.64644,0.4270605743,6.0833973885,,0.2,0.3333333333333333,0,1,-7.35605,0.416330725,5.3482441902,,0.2,0.2222222222222222,0.0,1,10
ZINC000000600676,-8.5715,0.9017316699,6.7225265503,,0.3333333333333333,0.4444444444444444,0,1,-8.83074,0.9004762173,6.705821991,,0.3333333333333333,0.4444444444444444,0.0,1,-7.20412,0.8812717199,6.3399825096,,0.3333333333333333,0.4444444444444444,0,1,-7.96514,0.6958680153,6.0083622932,,0.5333333333333333,0.6666666666666666,0.0,1,-7.79091,0.6002024412,6.27576828,,0.2,0.2222222222222222,0,1,-8.11075,0.5923839808,6.3009223938,,0.3333333333333333,0.4444444444444444,0.0,1,-7.45655,0.5598008633,6.1262116432,,0.2,0.2222222222222222,0.0,1,-7.95396,0.5042227507,6.146490097,,0.3333333333333333,0.4444444444444444,0.0,1,-7.4111,0.466733247,6.2349834442,,0.3333333333333333,0.4444444444444444,0,1,-7.10304,0.3544347584,6.1644730568,,0.3333333333333333,0.5555555555555556,0.0,1,10
ZINC000000600696,-6.68096,0.802893877,6.4054398537,,0.2666666666666666,0.3333333333333333,0,1,-6.3255,0.4953047633,5.8389525414,,0.2,0.3333333333333333,0.0,1,-7.26383,0.4388372898,5.7921013832,,0.2666666666666666,0.2222222222222222,0,1,-6.4638,0.4224861264,5.7948117256,,0.2,0.3333333333333333,0.0,1,-6.61047,0.4055361152,5.6562027931,,0.2,0.2222222222222222,0,1,-7.06581,0.3862719536,5.7742304802,,0.2666666666666666,0.3333333333333333,0.0,1,-6.80802,0.3610492051,5.7524013519,,0.3333333333333333,0.4444444444444444,0.0,1,-6.92352,0.358843267,5.6834311485,,0.3333333333333333,0.3333333333333333,0.0,1,-6.75125,0.2764850557,4.0574278831,,0.0666666666666666,0.1111111111111111,0,1,-6.95161,0.2517585158,5.4451546669,,0.3333333333333333,0.4444444444444444,0.0,1,10
ZINC000000600702,-9.31635,0.5944523811,6.2571578026,,0.3333333333333333,0.5555555555555556,0,1,-9.27605,0.5022729039,6.114364624,,0.4666666666666667,0.7777777777777778,0.0,1,-8.96944,0.4916830659,5.9167456627,,0.4,0.6666666666666666,0,1,-7.56244,0.4172717631,5.5936608315,,0.0666666666666666,0.2222222222222222,0.0,1,-9.22433,0.3853083849,5.7991256714,,0.2,0.3333333333333333,0,1,-8.47061,0.3379116654,5.6927990913,,0.2,0.2222222222222222,0.0,1,-7.71383,0.3174586296,5.2569699287,,0.3333333333333333,0.5555555555555556,0.0,1,-7.5885,0.2608478367,5.1024460793,,0.3333333333333333,0.5555555555555556,0.0,1,-8.8364,0.2465052605,5.9131360054,,0.2666666666666666,0.4444444444444444,0,1,-7.39754,0.2435352057,5.5243258476,,0.4666666666666667,0.7777777777777778,0.0,1,10
ZINC000000600716,-7.83136,0.8672255278,6.7892022133,,0.4666666666666667,0.5555555555555556,0,1,-7.22564,0.7640373707,6.892355442,,0.2666666666666666,0.3333333333333333,0.0,1,-8.03409,0.7190006971,6.5491747856,,0.3333333333333333,0.3333333333333333,0,1,-7.68443,0.533605814,6.6163964272,,0.3333333333333333,0.4444444444444444,0.0,1,-7.15061,0.5332314968,5.6944823265,,0.1333333333333333,0.2222222222222222,0,1,-7.88386,0.3581219912,6.0487785339,,0.3333333333333333,0.5555555555555556,0.0,1,-6.88922,0.3330197632,5.4271655083,,0.3333333333333333,0.4444444444444444,0.0,1,-7.0801,0.2723661959,5.6754851341,,0.3333333333333333,0.5555555555555556,0.0,1,-6.97527,0.2651182413,4.7619915009,,0.0,0.1111111111111111,0,1,-7.6224,0.2304882109,5.5589408875,,0.4666666666666667,0.4444444444444444,0.0,1,10
ZINC000000600748,-7.665,0.9690151811,7.2035923004,,0.5333333333333333,0.6666666666666666,0,1,-7.74319,0.9445083737,7.0176987648,,0.6666666666666666,0.8888888888888888,0.0,1,-7.1756,0.387793541,5.6248016357,,0.0666666666666666,0.1111111111111111,0,1,-7.39699,0.366152972,6.0491890907,,0.3333333333333333,0.4444444444444444,0.0,1,-7.97001,0.3455816805,6.137945652,,0.4,0.4444444444444444,0,1,-7.27103,0.333620131,5.1445007324,,0.2666666666666666,0.4444444444444444,0.0,1,-8.20748,0.324713707,5.088991642,,0.1333333333333333,0.2222222222222222,0.0,1,-7.2099,0.2879075706,5.3303103447,,0.4,0.3333333333333333,0.0,1,-8.38138,0.2788634002,5.6029262543,,0.2,0.3333333333333333,0,1,-8.2979,0.2674839199,5.5720667839,,0.2,0.3333333333333333,0.0,1,10
ZINC000000600761,-9.53676,0.5845103264,7.0217018127,,0.5333333333333333,0.5555555555555556,0,1,-9.59624,0.4564344585,6.7269663811,,0.4,0.5555555555555556,0.0,1,-8.59495,0.3994270861,6.5142607689,,0.4666666666666667,0.6666666666666666,0,1,-8.92756,0.3643041253,6.9280872345,,0.2666666666666666,0.3333333333333333,0.0,1,-9.40269,0.2816760242,6.5111765862,,0.4,0.5555555555555556,0,1,-7.60436,0.2522411048,6.1250882149,,0.4666666666666667,0.4444444444444444,0.0,1,-8.28864,0.2487591952,6.6680617332,,0.4,0.4444444444444444,0.0,1,-8.99237,0.2373374999,6.6494526863,,0.4,0.4444444444444444,0.0,1,-8.09921,0.2182388455,5.519141674,,0.1333333333333333,0.3333333333333333,0,1,-8.49381,0.2092986405,6.2211813927,,0.2666666666666666,0.4444444444444444,0.0,1,10
ZINC000000600803,-5.33031,0.4415112734,5.009803772,,0.0,0.0,0,1,-5.45378,0.3203414679,4.9504599571,,0.0,0.0,0.0,1,-5.5222,0.238673389,4.3282837868,,0.0,0.1111111111111111,0,1,-6.14578,0.2154755145,4.1312088966,,0.2,0.2222222222222222,0.0,1,-5.6976,0.2048776597,4.275408268,,0.0666666666666666,0.1111111111111111,0,1,-5.3222,0.2013286948,4.2387280464,,0.2,0.2222222222222222,0.0,1,-5.63858,0.1904298961,3.9628517628,,0.1333333333333333,0.2222222222222222,0.0,1,-5.52426,0.1899964809,4.7168569565,,0.0666666666666666,0.1111111111111111,0.0,1,-5.22748,0.1885820925,4.1253886223,,0.0666666666666666,0.1111111111111111,0,1,-5.27159,0.1593225747,4.0581679344,,0.0666666666666666,0.1111111111111111,0.0,1,10
ZINC000000600835,-9.97809,0.6391869187,6.6079025269,,0.0666666666666666,0.1111111111111111,0,1,-7.75499,0.4557034671,5.0675272942,,0.0,0.0,0.0,1,-8.61098,0.4358357787,6.56057024,,0.3333333333333333,0.4444444444444444,0,1,-8.70687,0.4242824018,6.6605792046,,0.3333333333333333,0.6666666666666666,0.0,1,-8.14231,0.3904083967,6.7812199593,,0.3333333333333333,0.4444444444444444,0,1,-7.96783,0.3900278509,5.4928340912,,0.0666666666666666,0.2222222222222222,0.0,1,-8.72404,0.3485459089,6.0872001648,,0.1333333333333333,0.2222222222222222,0.0,1,-9.71804,0.3313176334,6.1687607765,,0.2666666666666666,0.4444444444444444,0.0,1,-7.86672,0.3287823796,5.1101732254,,0.0,0.1111111111111111,0,1,-8.28769,0.3041556478,4.5452890396,,0.0666666666666666,0.2222222222222222,0.0,1,10
ZINC000000601196,-6.7256,0.5771031976,6.2662987709,,0.6,0.8888888888888888,0,1,-6.63209,0.5504242182,5.6499009132,,0.0,0.1111111111111111,0.0,1,-6.42077,0.4358781278,6.0677204132,,0.6,0.8888888888888888,0,1,-7.25348,0.3955726027,5.9672703743,,0.3333333333333333,0.4444444444444444,0.0,1,-6.99611,0.387840569,5.3039822578,,0.0666666666666666,0.1111111111111111,0,1,-6.89169,0.3757409453,5.9276614189,,0.2666666666666666,0.3333333333333333,0.0,1,-7.42405,0.3386272192,5.9566731453,,0.2666666666666666,0.3333333333333333,0.0,1,-6.8325,0.3227090836,5.4347977638,,0.0,0.1111111111111111,0.0,1,-6.1421,0.31484887,5.5234489441,,0.1333333333333333,0.3333333333333333,0,1,-6.83896,0.3124361932,5.136882782,,0.2666666666666666,0.3333333333333333,0.0,1,10
ZINC000000601252,-5.65656,0.4762266576,5.0477519035,,0.1333333333333333,0.2222222222222222,0,1,-5.81777,0.4372470379,4.8343482018,,0.0666666666666666,0.1111111111111111,0.0,1,-7.32467,0.3052526414,5.8811836243,,0.2666666666666666,0.4444444444444444,0,1,-6.27732,0.262917757,5.6730918884,,0.2,0.3333333333333333,0.0,1,-5.65457,0.2445922196,5.2611651421,,0.1333333333333333,0.2222222222222222,0,1,-6.07622,0.2068407536,4.8773550987,,0.1333333333333333,0.2222222222222222,0.0,1,-5.48099,0.1868577302,5.1049900055,,0.2666666666666666,0.3333333333333333,0.0,1,-6.16467,0.1741897464,4.4684329033,,0.2,0.1111111111111111,0.0,1,-6.43441,0.1677932143,5.1761260033,,0.1333333333333333,0.2222222222222222,0,1,-5.66165,0.1594355106,4.3175125122,,0.2,0.3333333333333333,0.0,1,10
ZINC000000601254,-5.87725,0.5943562388,5.9962744713,,0.1333333333333333,0.2222222222222222,0,1,-7.27174,0.3489997983,5.4808182716,,0.1333333333333333,0.2222222222222222,0.0,1,-6.3708,0.2808897793,5.7779831886,,0.5333333333333333,0.6666666666666666,0,1,-6.75239,0.2672279477,5.4362015724,,0.2,0.2222222222222222,0.0,1,-6.2709,0.2517445683,5.0861849785,,0.0666666666666666,0.1111111111111111,0,1,-7.81915,0.2460818738,5.3468794823,,0.1333333333333333,0.2222222222222222,0.0,1,-6.90309,0.2443276793,5.4427762032,,0.1333333333333333,0.3333333333333333,0.0,1,-6.68156,0.237781778,5.0055603981,,0.0666666666666666,0.1111111111111111,0.0,1,-6.49752,0.2349270582,4.6229114532,,0.1333333333333333,0.2222222222222222,0,1,-5.8207,0.2215852141,4.0441975594,,0.0666666666666666,0.1111111111111111,0.0,1,10
ZINC000000601275,-9.10793,0.7782340646,6.6308159828,,0.2666666666666666,0.4444444444444444,0,1,-9.60538,0.7427018881,6.5787529945,,0.3333333333333333,0.4444444444444444,0.0,1,-9.30068,0.6382131577,6.5839705467,,0.3333333333333333,0.4444444444444444,0,1,-9.56851,0.6077458262,6.3411421776,,0.1333333333333333,0.2222222222222222,0.0,1,-8.43407,0.4725833237,6.3430194855,,0.3333333333333333,0.4444444444444444,0,1,-9.22307,0.292448163,6.3202319145,,0.7333333333333333,0.7777777777777778,0.0,1,-10.09374,0.2441417277,6.2152018547,,0.3333333333333333,0.5555555555555556,0.0,1,-10.21746,0.2418387979,6.0923380852,,0.3333333333333333,0.4444444444444444,0.0,1,-8.6692,0.2305502892,5.4719500542,,0.2666666666666666,0.3333333333333333,0,1,-8.27766,0.221535027,4.8980522156,,0.1333333333333333,0.3333333333333333,0.0,1,10
ZINC000000601288,-7.93028,0.3485918343,5.000711441,,0.0,0.1111111111111111,0,1,-6.95559,0.337923646,4.9388484955,,0.0,0.1111111111111111,0.0,1,-6.73789,0.3360096812,4.7059073448,,0.0666666666666666,0.1111111111111111,0,1,-6.58858,0.3141811788,5.383330822,,0.1333333333333333,0.2222222222222222,0.0,1,-7.76865,0.3096788824,4.9890713692,,0.0,0.1111111111111111,0,1,-6.78112,0.3068114221,5.5726847649,,0.2,0.3333333333333333,0.0,1,-6.83064,0.2818359733,4.6621108055,,0.0,0.1111111111111111,0.0,1,-6.74418,0.2789353132,4.5847563744,,0.0,0.1111111111111111,0.0,1,-6.60942,0.2761488557,5.4889965057,,0.2,0.3333333333333333,0,1,-6.76354,0.273445189,5.7117466927,,0.2666666666666666,0.3333333333333333,0.0,1,10
ZINC000000601301,-6.51747,0.5697184205,6.3458476067,,0.4,0.5555555555555556,0,1,-6.97156,0.4884015918,5.2870612144,,0.2666666666666666,0.3333333333333333,0.0,1,-8.24738,0.3303635418,5.0084576607,,0.1333333333333333,0.2222222222222222,0,1,-7.516,0.3034466803,6.1105475426,,0.4,0.4444444444444444,0.0,1,-7.25553,0.2890529037,5.7089176178,,0.4,0.6666666666666666,0,1,-7.19493,0.2364463806,4.8164105415,,0.1333333333333333,0.2222222222222222,0.0,1,-7.33363,0.1844504774,4.0991368294,,0.0666666666666666,0.1111111111111111,0.0,1,-8.71605,0.165055424,5.550965786,,0.2666666666666666,0.4444444444444444,0.0,1,-6.98271,0.1621533781,4.6377768517,,0.0666666666666666,0.1111111111111111,0,1,-7.71739,0.1451303959,4.2591147423,,0.0666666666666666,0.2222222222222222,0.0,1,10
ZINC000000601302,-6.52284,0.5481912494,5.4740509987,,0.1333333333333333,0.2222222222222222,0,1,-5.78219,0.5376381278,5.5399270058,,0.0666666666666666,0.1111111111111111,0.0,1,-7.26618,0.5006424785,5.6509461403,,0.1333333333333333,0.2222222222222222,0,1,-6.6093,0.450476259,5.4168968201,,0.2,0.3333333333333333,0.0,1,-7.29146,0.3960449398,5.7043013573,,0.2,0.3333333333333333,0,1,-7.64984,0.3835668266,5.4409775734,,0.2666666666666666,0.4444444444444444,0.0,1,-6.13791,0.3485918343,5.0605397224,,0.1333333333333333,0.2222222222222222,0.0,1,-6.19659,0.3292899728,5.5262999535,,0.3333333333333333,0.5555555555555556,0.0,1,-5.9108,0.3178910017,4.4841170311,,0.0,0.1111111111111111,0,1,-7.34235,0.3038016558,5.2499918938,,0.2666666666666666,0.4444444444444444,0.0,1,10
ZINC000000601314,-7.39353,0.6257361174,6.3132820129,,0.4,0.5555555555555556,0,1,-6.93369,0.5843717456,6.074988842,,0.4,0.4444444444444444,0.0,1,-7.35374,0.5604223609,5.9672951698,,0.4,0.6666666666666666,0,1,-7.37873,0.528437078,5.7931361198,,0.4,0.5555555555555556,0.0,1,-7.10965,0.4756984711,4.3422241211,,0.0666666666666666,0.1111111111111111,0,1,-7.16315,0.4460943043,4.4442200661,,0.0666666666666666,0.1111111111111111,0.0,1,-7.21245,0.3829985261,4.4685535431,,0.0,0.1111111111111111,0.0,1,-7.06392,0.366571188,5.513130188,,0.2666666666666666,0.3333333333333333,0.0,1,-7.19085,0.3583298624,5.3554711342,,0.4666666666666667,0.7777777777777778,0,1,-7.1236,0.3569926023,4.162563324,,0.0666666666666666,0.1111111111111111,0.0,1,10
ZINC000000601317,-9.63777,0.6998328567,7.2961220741,,0.3333333333333333,0.5555555555555556,0,1,-9.70626,0.6942923069,7.3298377991,,0.3333333333333333,0.5555555555555556,0.0,1,-9.67368,0.6863592863,7.3135886192,,0.3333333333333333,0.5555555555555556,0,1,-9.55723,0.6511885524,7.2373900414,,0.4,0.5555555555555556,0.0,1,-9.37521,0.6217013001,7.2110443115,,0.2,0.3333333333333333,0,1,-9.12198,0.5418103933,6.9316306114,,0.3333333333333333,0.5555555555555556,0.0,1,-9.4114,0.4414915442,6.4913659096,,0.2,0.3333333333333333,0.0,1,-8.95113,0.3720349669,6.6352024078,,0.3333333333333333,0.5555555555555556,0.0,1,-8.59105,0.3153267503,6.3216438293,,0.2,0.3333333333333333,0,1,-8.39192,0.2997741103,6.7946777344,,0.2,0.3333333333333333,0.0,1,10
ZINC000000601628,-6.92232,0.6884710193,5.8929619789,,0.5333333333333333,0.6666666666666666,0,1,-7.29107,0.549901545,5.7963328362,,0.2666666666666666,0.4444444444444444,0.0,1,-6.22035,0.4796822071,5.9147391319,,0.2666666666666666,0.3333333333333333,0,1,-6.3594,0.4709551036,5.6536064148,,0.5333333333333333,0.6666666666666666,0.0,1,-6.30682,0.4625985324,6.0448479652,,0.3333333333333333,0.5555555555555556,0,1,-7.25913,0.4165738225,4.6058559418,,0.0666666666666666,0.1111111111111111,0.0,1,-7.09591,0.3711310923,5.2712860107,,0.0666666666666666,0.1111111111111111,0.0,1,-7.48712,0.3701534569,4.8957943916,,0.0,0.1111111111111111,0.0,1,-7.29855,0.3488666415,4.841791153,,0.0,0.1111111111111111,0,1,-6.23784,0.3473750651,5.1788992882,,0.2,0.2222222222222222,0.0,1,10
ZINC000000601652,-9.28292,0.7568504214,6.8458786011,,0.2,0.3333333333333333,0,1,-8.00181,0.6155269146,6.3668160439,,0.5333333333333333,0.6666666666666666,0.0,1,-7.56526,0.5615198612,6.3636183739,,0.5333333333333333,0.6666666666666666,0,1,-8.17748,0.5127775669,6.328810215,,0.4666666666666667,0.6666666666666666,0.0,1,-7.00268,0.2821236551,5.8692555428,,0.4666666666666667,0.6666666666666666,0,1,-7.03724,0.2587585151,5.5797996521,,0.1333333333333333,0.2222222222222222,0.0,1,-10.38893,0.237466827,5.3563976288,,0.2,0.2222222222222222,0.0,1,-7.62822,0.1882252395,4.8681464195,,0.0,0.1111111111111111,0.0,1,-7.56382,0.1794752032,6.0845580101,,0.3333333333333333,0.5555555555555556,0,1,-7.41456,0.1765360087,5.4932055473,,0.0666666666666666,0.2222222222222222,0.0,1,10
ZINC000000601673,-7.11151,0.4785842299,6.6604094505,,0.2,0.2222222222222222,0,1,-7.52374,0.4426684678,6.4599967003,,0.2666666666666666,0.3333333333333333,0.0,1,-6.93473,0.4342541993,5.6101679802,,0.3333333333333333,0.3333333333333333,0,1,-7.15364,0.4259826839,6.3156809807,,0.2666666666666666,0.3333333333333333,0.0,1,-6.92265,0.3851505816,5.5294775963,,0.4,0.4444444444444444,0,1,-7.07548,0.3746852279,6.070499897,,0.3333333333333333,0.4444444444444444,0.0,1,-9.27441,0.354480803,6.2885651588,,0.1333333333333333,0.2222222222222222,0.0,1,-7.69521,0.3449910581,6.1618919373,,0.3333333333333333,0.3333333333333333,0.0,1,-9.15608,0.339348346,6.261156559,,0.1333333333333333,0.2222222222222222,0,1,-6.59394,0.3375982046,6.1285738945,,0.3333333333333333,0.4444444444444444,0.0,1,10
ZINC000000601766,-9.53696,0.8979356885,7.2379412651,,0.3333333333333333,0.5555555555555556,0,1,-8.70494,0.8773834705,7.1654853821,,0.2,0.3333333333333333,0.0,1,-9.48089,0.8391595483,6.9860610962,,0.2666666666666666,0.4444444444444444,0,1,-9.53486,0.7803943157,6.9226856232,,0.3333333333333333,0.5555555555555556,0.0,1,-8.75903,0.7710215449,6.9518017769,,0.4666666666666667,0.6666666666666666,0,1,-9.91779,0.7684944868,7.1479783058,,0.4666666666666667,0.6666666666666666,0.0,1,-8.21197,0.5132280588,6.1456851959,,0.4666666666666667,0.6666666666666666,0.0,1,-7.98225,0.2632622719,6.0602555275,,0.4,0.6666666666666666,0.0,1,-7.51914,0.2349514216,6.0548071861,,0.2666666666666666,0.3333333333333333,0,1,-8.0225,0.2346580327,4.8873195648,,0.1333333333333333,0.2222222222222222,0.0,1,10
ZINC000000601820,-6.61436,0.2294500023,6.0756516457,,0.2,0.3333333333333333,0,1,-7.54921,0.2149946839,5.902785778,,0.4,0.6666666666666666,0.0,1,-7.00623,0.1998442411,5.9475326538,,0.4666666666666667,0.5555555555555556,0,1,-6.64666,0.1878713965,5.7912640572,,0.4666666666666667,0.5555555555555556,0.0,1,-6.28669,0.1582909077,5.3315896988,,0.0666666666666666,0.1111111111111111,0,1,-6.91276,0.1491344273,5.6580471992,,0.6666666666666666,0.8888888888888888,0.0,1,-6.57722,0.1438741982,5.2466378212,,0.0666666666666666,0.1111111111111111,0.0,1,-6.57531,0.1433289647,5.2676067352,,0.0666666666666666,0.1111111111111111,0.0,1,-8.09411,0.1424337775,5.8328094482,,0.2666666666666666,0.4444444444444444,0,1,-7.92663,0.1413541436,5.7675862312,,0.1333333333333333,0.3333333333333333,0.0,1,10
ZINC000000601826,-7.06428,0.6752621531,5.3871598244,,0.0666666666666666,0.1111111111111111,0,1,-7.08542,0.5817081332,5.5519924164,,0.1333333333333333,0.2222222222222222,0.0,1,-6.73861,0.5759996176,5.7433238029,,0.1333333333333333,0.3333333333333333,0,1,-6.60587,0.5611715317,4.9561390877,,0.0666666666666666,0.1111111111111111,0.0,1,-6.73434,0.5204723477,5.2861580849,,0.0,0.1111111111111111,0,1,-6.52577,0.4794972241,5.7977099419,,0.5333333333333333,0.6666666666666666,0.0,1,-9.0723,0.4245269895,5.1578698158,,0.1333333333333333,0.2222222222222222,0.0,1,-9.04821,0.4051154554,5.0991973877,,0.1333333333333333,0.2222222222222222,0.0,1,-6.91712,0.3600700498,4.2562828064,,0.0666666666666666,0.2222222222222222,0,1,-7.30235,0.3358338773,4.2035470009,,0.2,0.3333333333333333,0.0,1,10
ZINC000000601905,-6.58333,0.6818879843,6.6863665581,,0.4,0.4444444444444444,0,1,-6.86637,0.6217980385,6.6409459114,,0.3333333333333333,0.3333333333333333,0.0,1,-5.97717,0.5822694302,6.5143342018,,0.1333333333333333,0.2222222222222222,0,1,-6.97866,0.5032905936,6.5184636116,,0.3333333333333333,0.4444444444444444,0.0,1,-6.37114,0.3657170534,5.9666190147,,0.0,0.1111111111111111,0,1,-6.72414,0.2288220227,5.9153981209,,0.5333333333333333,0.6666666666666666,0.0,1,-6.20305,0.2241786122,5.1877408028,,0.0,0.1111111111111111,0.0,1,-6.48159,0.2185285389,5.1052327156,,0.0,0.1111111111111111,0.0,1,-5.80817,0.2095918059,5.2227873802,,0.1333333333333333,0.2222222222222222,0,1,-5.37422,0.1951667219,4.1447863579,,0.2,0.2222222222222222,0.0,1,10
ZINC000000601958,-7.80398,0.7129897475,7.3319416046,,0.5333333333333333,0.6666666666666666,0,1,-8.11668,0.7095116973,7.0591025352,,0.5333333333333333,0.7777777777777778,0.0,1,-7.92228,0.6979813576,6.9334564209,,0.5333333333333333,0.6666666666666666,0,1,-8.53723,0.6639304757,6.7218680382,,0.1333333333333333,0.2222222222222222,0.0,1,-8.59599,0.5574777126,6.3384480476,,0.1333333333333333,0.2222222222222222,0,1,-8.32374,0.531345129,6.8858571053,,0.4666666666666667,0.6666666666666666,0.0,1,-8.19389,0.4941550493,6.8620181084,,0.3333333333333333,0.4444444444444444,0.0,1,-8.13759,0.4919111729,6.2218894958,,0.1333333333333333,0.2222222222222222,0.0,1,-7.74462,0.4220870733,6.097796917,,0.0666666666666666,0.2222222222222222,0,1,-7.71209,0.38060534,6.3410973549,,0.2666666666666666,0.5555555555555556,0.0,1,10
ZINC000000602044,-6.07094,0.6254881024,6.2471375465,,0.0666666666666666,0.1111111111111111,0,1,-6.16095,0.3632744849,5.8917584419,,0.4,0.6666666666666666,0.0,1,-6.55337,0.2776827514,5.1487731934,,0.2,0.2222222222222222,0,1,-6.51525,0.2659987509,5.3876547813,,0.1333333333333333,0.2222222222222222,0.0,1,-6.91464,0.2610651553,5.7178988457,,0.3333333333333333,0.4444444444444444,0,1,-5.90139,0.2543086708,4.8695468903,,0.0666666666666666,0.1111111111111111,0.0,1,-7.55541,0.2533082664,5.4940013885,,0.1333333333333333,0.2222222222222222,0.0,1,-5.9919,0.2508638203,4.8913898468,,0.0,0.0,0.0,1,-7.36337,0.2437211871,5.4761128426,,0.1333333333333333,0.2222222222222222,0,1,-6.61474,0.2398605198,5.4666962624,,0.2,0.3333333333333333,0.0,1,10
ZINC000000602062,-6.64841,0.6515437365,6.7439937592,,0.1333333333333333,0.2222222222222222,0,1,-7.20415,0.5973252654,6.4398579597,,0.5333333333333333,0.5555555555555556,0.0,1,-8.76961,0.462481916,6.4695739746,,0.3333333333333333,0.4444444444444444,0,1,-8.78157,0.4582319558,6.3584370613,,0.3333333333333333,0.4444444444444444,0.0,1,-6.74682,0.4142790735,5.9825425148,,0.0666666666666666,0.1111111111111111,0,1,-8.44516,0.413459748,6.397995472,,0.3333333333333333,0.4444444444444444,0.0,1,-7.73752,0.4019507766,6.3806004524,,0.5333333333333333,0.6666666666666666,0.0,1,-7.75898,0.367572695,6.0003314018,,0.4,0.5555555555555556,0.0,1,-7.94478,0.3664184511,6.2146105766,,0.2,0.3333333333333333,0,1,-8.38875,0.3653174937,6.3260769844,,0.3333333333333333,0.4444444444444444,0.0,1,10
ZINC000000602073,-6.5646,0.5419971943,6.7367572784,,0.6,0.7777777777777778,0,1,-6.81252,0.5296195745,6.6274027824,,0.4,0.5555555555555556,0.0,1,-7.72827,0.4926725328,6.7660045624,,0.1333333333333333,0.2222222222222222,0,1,-7.99615,0.4356363714,6.7496809959,,0.2666666666666666,0.4444444444444444,0.0,1,-7.70661,0.4341299534,6.8455348015,,0.2,0.3333333333333333,0,1,-7.09353,0.4327784479,6.6715779305,,0.2666666666666666,0.4444444444444444,0.0,1,-6.30746,0.4316154122,6.3391385078,,0.0666666666666666,0.2222222222222222,0.0,1,-6.50401,0.3789768815,6.5591549873,,0.4,0.4444444444444444,0.0,1,-7.40317,0.3358626366,6.6534771919,,0.4,0.6666666666666666,0,1,-6.33502,0.3320037127,6.6485724449,,0.4666666666666667,0.7777777777777778,0.0,1,10
ZINC000000602086,-8.68287,0.8412706256,7.1474914551,,0.4666666666666667,0.5555555555555556,0,1,-7.99144,0.480186373,6.6271953583,,0.4666666666666667,0.4444444444444444,0.0,1,-7.34269,0.37490803,6.6334190369,,0.5333333333333333,0.4444444444444444,0,1,-7.69592,0.3710682392,6.9156336784,,0.5333333333333333,0.5555555555555556,0.0,1,-7.52506,0.289267838,6.6836905479,,0.5333333333333333,0.7777777777777778,0,1,-7.34923,0.2387127876,6.22275877,,0.4,0.4444444444444444,0.0,1,-7.97145,0.230251193,6.4592399597,,0.5333333333333333,0.5555555555555556,0.0,1,-8.24768,0.2009765059,5.5673274994,,0.2,0.2222222222222222,0.0,1,-8.90745,0.1909838915,5.8809494972,,0.2666666666666666,0.2222222222222222,0,1,-7.73862,0.1883970052,6.2797412872,,0.4666666666666667,0.5555555555555556,0.0,1,10
ZINC000000602092,-8.6424,0.5268155932,6.5485243797,,0.4,0.5555555555555556,0,1,-8.35573,0.4871517718,6.3972048759,,0.4,0.4444444444444444,0.0,1,-8.5839,0.3828344643,6.6203694344,,0.6666666666666666,0.8888888888888888,0,1,-10.5313,0.3744705617,6.4385771751,,0.3333333333333333,0.4444444444444444,0.0,1,-8.97318,0.3664380312,6.8745522499,,0.6,0.7777777777777778,0,1,-8.08085,0.3571674228,6.0580773354,,0.4,0.4444444444444444,0.0,1,-8.50863,0.2872179151,6.6541571617,,0.2666666666666666,0.3333333333333333,0.0,1,-8.71348,0.2630788684,6.68947649,,0.2,0.4444444444444444,0.0,1,-7.82315,0.2551834583,6.3946909904,,0.5333333333333333,0.7777777777777778,0,1,-8.52907,0.2518205345,6.4263572693,,0.4666666666666667,0.8888888888888888,0.0,1,10
ZINC000000602119,-7.43449,0.5358548164,6.2449622154,,0.3333333333333333,0.5555555555555556,0,1,-7.85572,0.3697825372,5.89336586,,0.2,0.2222222222222222,0.0,1,-6.03686,0.368375659,5.6889743805,,0.0,0.1111111111111111,0,1,-7.82391,0.3002814054,5.702726841,,0.2,0.2222222222222222,0.0,1,-6.44166,0.2844897211,5.2190375328,,0.1333333333333333,0.2222222222222222,0,1,-7.35771,0.279732585,5.7376408577,,0.2666666666666666,0.3333333333333333,0.0,1,-7.66587,0.2749049366,5.1438121796,,0.0666666666666666,0.2222222222222222,0.0,1,-7.68487,0.2718604803,5.7905745506,,0.2,0.2222222222222222,0.0,1,-6.53353,0.2649256885,4.4986310005,,0.0,0.1111111111111111,0,1,-7.04886,0.2486575842,5.0319886208,,0.0666666666666666,0.1111111111111111,0.0,1,10
ZINC000000602283,-5.71268,0.6464347243,6.5598740578,,0.0666666666666666,0.1111111111111111,0,1,-5.5983,0.3450743258,5.6808972359,,0.1333333333333333,0.2222222222222222,0.0,1,-5.91429,0.3079473078,5.8976402283,,0.0,0.1111111111111111,0,1,-5.72994,0.2702651024,6.0684261322,,0.1333333333333333,0.2222222222222222,0.0,1,-5.55328,0.2231734246,5.7719268799,,0.0,0.1111111111111111,0,1,-6.43268,0.2100083083,5.8683171272,,0.0666666666666666,0.1111111111111111,0.0,1,-6.26715,0.2033343315,5.6901307106,,0.1333333333333333,0.2222222222222222,0.0,1,-6.38779,0.2009227872,5.9422678947,,0.1333333333333333,0.2222222222222222,0.0,1,-6.39134,0.1916546822,5.8184390068,,0.1333333333333333,0.2222222222222222,0,1,-5.72246,0.1873647273,5.7505812645,,0.0666666666666666,0.1111111111111111,0.0,1,10
ZINC000000602437,-7.46787,0.3242895007,5.5290904045,,0.1333333333333333,0.2222222222222222,0,1,-6.60989,0.2589428127,4.9374537468,,0.0666666666666666,0.2222222222222222,0.0,1,-6.88778,0.2176934332,5.0103578568,,0.0666666666666666,0.1111111111111111,0,1,-7.0981,0.2058694959,6.5503749847,,0.4666666666666667,0.6666666666666666,0.0,1,-7.2548,0.2037877589,5.2803874016,,0.0,0.1111111111111111,0,1,-6.70584,0.2017106563,5.0732626915,,0.2666666666666666,0.3333333333333333,0.0,1,-7.07875,0.1627548188,5.2417507172,,0.1333333333333333,0.2222222222222222,0.0,1,-7.08292,0.1607048959,5.7715201378,,0.2666666666666666,0.3333333333333333,0.0,1,-6.90186,0.1542039216,5.6063284874,,0.0666666666666666,0.1111111111111111,0,1,-7.34261,0.1437753886,5.3641037941,,0.1333333333333333,0.2222222222222222,0.0,1,10
ZINC000000602475,-6.33649,0.6441711187,6.5991854668,,0.2,0.2222222222222222,0,1,-6.9892,0.5829823613,5.4749674797,,0.0666666666666666,0.1111111111111111,0.0,1,-7.30026,0.5133261681,5.5111832619,,0.0,0.1111111111111111,0,1,-7.25704,0.495857507,5.4674773216,,0.0,0.1111111111111111,0.0,1,-8.74769,0.3158548176,5.8049263954,,0.4666666666666667,0.4444444444444444,0,1,-7.45589,0.2748826444,5.8006501198,,0.0666666666666666,0.2222222222222222,0.0,1,-7.91629,0.2563269436,5.7084431648,,0.0666666666666666,0.2222222222222222,0.0,1,-7.93807,0.2518243194,5.7097759247,,0.0666666666666666,0.2222222222222222,0.0,1,-6.07512,0.2475542575,4.9932155609,,0.0,0.0,0,1,-7.46631,0.2470696121,5.7440891266,,0.0,0.1111111111111111,0.0,1,10
ZINC000000602593,-6.03339,0.4024502933,5.7684159279,,0.1333333333333333,0.2222222222222222,0,1,-5.54944,0.365799278,5.1258254051,,0.1333333333333333,0.2222222222222222,0.0,1,-6.35376,0.2073132247,5.1748108864,,0.3333333333333333,0.4444444444444444,0,1,-5.67469,0.2072884142,5.1492276192,,0.0666666666666666,0.1111111111111111,0.0,1,-6.29872,0.2062975168,4.4924621582,,0.0666666666666666,0.1111111111111111,0,1,-6.46667,0.2053459585,4.5222792625,,0.0666666666666666,0.1111111111111111,0.0,1,-5.98355,0.199001804,4.6839385033,,0.0666666666666666,0.1111111111111111,0.0,1,-6.95595,0.1778223217,4.982149601,,0.2,0.2222222222222222,0.0,1,-6.14037,0.177407518,5.2311553955,,0.3333333333333333,0.4444444444444444,0,1,-6.2646,0.145982638,4.8877520561,,0.1333333333333333,0.2222222222222222,0.0,1,10
ZINC000000602599,-8.21332,0.4638789594,6.2687067986,,0.5333333333333333,0.6666666666666666,0,1,-8.67541,0.4555277526,6.5597939491,,0.5333333333333333,0.5555555555555556,0.0,1,-8.306,0.4424211979,6.163213253,,0.4,0.5555555555555556,0,1,-8.84729,0.4275330901,6.1465873718,,0.3333333333333333,0.4444444444444444,0.0,1,-8.86054,0.3609341681,6.3518733978,,0.3333333333333333,0.4444444444444444,0,1,-9.0693,0.3607964516,6.4361262321,,0.3333333333333333,0.4444444444444444,0.0,1,-8.88504,0.3292053342,6.354642868,,0.3333333333333333,0.4444444444444444,0.0,1,-7.84696,0.300103426,6.2507176399,,0.4666666666666667,0.5555555555555556,0.0,1,-7.6511,0.2785697579,6.1165847778,,0.3333333333333333,0.4444444444444444,0,1,-7.97172,0.254118681,6.2453918457,,0.3333333333333333,0.4444444444444444,0.0,1,10
ZINC000000602601,-9.51893,0.3750950396,7.1498718262,,0.2666666666666666,0.2222222222222222,0,1,-9.12023,0.267911166,6.978659153,,0.3333333333333333,0.3333333333333333,0.0,1,-7.34892,0.2661550045,6.3839416504,,0.0,0.1111111111111111,0,1,-6.94826,0.2466997057,6.7861361504,,0.1333333333333333,0.2222222222222222,0.0,1,-6.83802,0.2365703285,6.5022149086,,0.3333333333333333,0.3333333333333333,0,1,-8.67582,0.2364572287,6.9648604393,,0.2666666666666666,0.2222222222222222,0.0,1,-8.39017,0.2132830024,6.8988647461,,0.4,0.5555555555555556,0.0,1,-7.53567,0.2112037539,6.9067234993,,0.3333333333333333,0.5555555555555556,0.0,1,-8.78776,0.2102480084,6.5149636269,,0.2666666666666666,0.2222222222222222,0,1,-8.82877,0.2065533549,6.7886996269,,0.3333333333333333,0.3333333333333333,0.0,1,10
ZINC000000602639,-7.26581,0.348580122,5.73696661,,0.0666666666666666,0.1111111111111111,0,1,-7.61963,0.3121373355,6.1513915062,,0.1333333333333333,0.2222222222222222,0.0,1,-6.70648,0.2921619117,5.3811516762,,0.0666666666666666,0.1111111111111111,0,1,-8.18526,0.2687538862,6.1470227242,,0.4666666666666667,0.5555555555555556,0.0,1,-7.92701,0.2538949847,5.1877064705,,0.0,0.1111111111111111,0,1,-8.52415,0.2504154146,6.0764594078,,0.4666666666666667,0.4444444444444444,0.0,1,-7.04414,0.2406963259,5.2227730751,,0.0666666666666666,0.1111111111111111,0.0,1,-7.76439,0.2368998379,5.5955581665,,0.0,0.1111111111111111,0.0,1,-8.4068,0.231176421,5.8463482857,,0.0,0.1111111111111111,0,1,-7.74933,0.2288364023,6.2101302147,,0.2,0.3333333333333333,0.0,1,10
ZINC000000602652,-7.71728,0.7907603979,7.1208014488,,0.5333333333333333,0.6666666666666666,0,1,-8.25566,0.4543904364,6.5726566315,,0.4666666666666667,0.5555555555555556,0.0,1,-7.25383,0.255469799,6.9434275627,,0.6,0.6666666666666666,0,1,-7.16329,0.2499808967,6.5629286766,,0.3333333333333333,0.4444444444444444,0.0,1,-6.98137,0.2366855443,6.4397735596,,0.3333333333333333,0.4444444444444444,0,1,-7.37661,0.2285059541,6.4821228981,,0.4,0.5555555555555556,0.0,1,-6.98417,0.1768207103,6.2118983269,,0.3333333333333333,0.4444444444444444,0.0,1,-7.62609,0.1536182016,4.9823145866,,0.1333333333333333,0.2222222222222222,0.0,1,-6.97261,0.1321648806,5.628256321,,0.2,0.3333333333333333,0,1,-6.83921,0.1302389055,5.2115235329,,0.0666666666666666,0.2222222222222222,0.0,1,10
ZINC000000602661,-5.4946,0.7444546819,5.5685486794,,0.0,0.1111111111111111,0,1,-7.56952,0.6097991467,5.6598567963,,0.0666666666666666,0.1111111111111111,0.0,1,-5.07307,0.6017807126,5.0576725006,,0.0666666666666666,0.1111111111111111,0,1,-5.79537,0.3296024799,5.3721160889,,0.0666666666666666,0.1111111111111111,0.0,1,-5.43012,0.2934512198,4.3152537346,,0.1333333333333333,0.1111111111111111,0,1,-6.0765,0.2784577012,5.0730948448,,0.0666666666666666,0.1111111111111111,0.0,1,-4.46861,0.2772773206,5.0289511681,,0.0666666666666666,0.1111111111111111,0.0,1,-5.65717,0.2649354935,5.2146410942,,0.0666666666666666,0.1111111111111111,0.0,1,-5.49145,0.2532177866,4.6456751823,,0.0666666666666666,0.1111111111111111,0,1,-5.78528,0.2423049062,5.0461850166,,0.0,0.0,0.0,1,10
ZINC000000602685,-8.17632,0.4933434129,6.401617527,,0.4,0.5555555555555556,0,1,-7.74454,0.4459326863,6.3079814911,,0.2,0.2222222222222222,0.0,1,-7.59526,0.4288520515,6.2240314484,,0.2,0.2222222222222222,0,1,-8.11374,0.4100111723,6.311062336,,0.3333333333333333,0.4444444444444444,0.0,1,-6.43659,0.4046773612,5.3177165985,,0.0,0.1111111111111111,0,1,-7.02426,0.3582087755,5.5636925697,,0.1333333333333333,0.3333333333333333,0.0,1,-7.25827,0.3012651801,5.8139343262,,0.0,0.1111111111111111,0.0,1,-8.1558,0.2568332255,5.6633400917,,0.2666666666666666,0.3333333333333333,0.0,1,-7.51102,0.2419727594,5.888999939,,0.4,0.5555555555555556,0,1,-7.20311,0.2157450169,5.9215965271,,0.3333333333333333,0.4444444444444444,0.0,1,10
ZINC000000602716,-6.72415,0.4183508456,5.5173306465,,0.0666666666666666,0.1111111111111111,0,1,-7.76853,0.2773573697,5.4681682587,,0.1333333333333333,0.2222222222222222,0.0,1,-7.34377,0.2754368782,5.5002169609,,0.0666666666666666,0.1111111111111111,0,1,-7.14686,0.2705047727,5.5720615387,,0.0,0.1111111111111111,0.0,1,-6.5882,0.2577603459,5.012149334,,0.0666666666666666,0.1111111111111111,0,1,-7.38676,0.2101438791,5.8490409851,,0.1333333333333333,0.3333333333333333,0.0,1,-6.74246,0.2090765834,5.1676273346,,0.1333333333333333,0.2222222222222222,0.0,1,-7.48018,0.2089531422,5.3182449341,,0.0666666666666666,0.1111111111111111,0.0,1,-6.42015,0.205916062,4.8327851295,,0.1333333333333333,0.2222222222222222,0,1,-6.82197,0.2046816498,5.1518807411,,0.1333333333333333,0.2222222222222222,0.0,1,10
ZINC000000602734,-7.14882,0.3488574922,6.0364933014,,0.5333333333333333,0.6666666666666666,0,1,-6.97334,0.2836779654,5.4453091621,,0.2,0.3333333333333333,0.0,1,-7.01673,0.2334191203,5.9651298523,,0.1333333333333333,0.2222222222222222,0,1,-7.08965,0.22882393,5.672144413,,0.3333333333333333,0.4444444444444444,0.0,1,-6.39866,0.2010791749,5.0800528526,,0.3333333333333333,0.4444444444444444,0,1,-6.19712,0.1844653934,5.0763244629,,0.2,0.3333333333333333,0.0,1,-6.71809,0.182188049,4.0073037148,,0.1333333333333333,0.2222222222222222,0.0,1,-7.04412,0.1801134348,4.0460548401,,0.1333333333333333,0.2222222222222222,0.0,1,-6.53158,0.1744779646,3.9320003986,,0.0,0.1111111111111111,0,1,-7.55507,0.1731773913,4.0389089584,,0.0666666666666666,0.1111111111111111,0.0,1,10
ZINC000000602744,-4.92956,0.4539961219,4.9669570923,,0.0,0.0,0,1,-4.64688,0.4399095774,5.5399222374,,0.0,0.0,0.0,1,-4.61565,0.3368563056,4.7134833336,,0.1333333333333333,0.2222222222222222,0,1,-4.43669,0.3290556073,5.2920060158,,0.0,0.0,0.0,1,-4.46843,0.2842165232,4.3274669647,,0.0666666666666666,0.1111111111111111,0,1,-4.59171,0.2781695426,4.6650605202,,0.0,0.0,0.0,1,-4.91595,0.2742619812,4.9940910339,,0.0,0.0,0.0,1,-4.89555,0.2725141048,4.440322876,,0.0,0.0,0.0,1,-4.41016,0.2557781935,4.4856925011,,0.0,0.0,0,1,-4.43561,0.2299230844,4.2276477814,,0.0666666666666666,0.1111111111111111,0.0,1,10
ZINC000000602848,-7.25035,0.6337780952,6.9740524292,,0.3333333333333333,0.4444444444444444,0,1,-7.1366,0.5137420297,5.8583774567,,0.2666666666666666,0.2222222222222222,0.0,1,-6.59615,0.3901556134,5.6911063194,,0.1333333333333333,0.3333333333333333,0,1,-7.33416,0.3714812398,5.4013962746,,0.0,0.1111111111111111,0.0,1,-6.07366,0.3502269089,5.8165640831,,0.4,0.4444444444444444,0,1,-6.7615,0.3377859294,5.7829451561,,0.1333333333333333,0.3333333333333333,0.0,1,-6.96703,0.3106627762,5.1495451927,,0.0,0.1111111111111111,0.0,1,-7.11116,0.3077175021,5.6731743813,,0.2,0.3333333333333333,0.0,1,-6.75093,0.3052119613,5.6926255226,,0.0666666666666666,0.2222222222222222,0,1,-6.32112,0.2590565979,5.2887010574,,0.4666666666666667,0.5555555555555556,0.0,1,10
ZINC000000602852,-7.16507,0.3681094944,5.7301864624,,0.3333333333333333,0.3333333333333333,0,1,-8.46572,0.2673766911,6.2086639404,,0.1333333333333333,0.2222222222222222,0.0,1,-8.4992,0.2527729273,6.1831893921,,0.0666666666666666,0.2222222222222222,0,1,-7.4369,0.2309891731,4.9943370819,,0.1333333333333333,0.2222222222222222,0.0,1,-6.72362,0.227304697,6.0873227119,,0.2,0.2222222222222222,0,1,-6.47622,0.2245842665,4.3808970451,,0.0666666666666666,0.2222222222222222,0.0,1,-7.49841,0.2227200419,5.9892497063,,0.5333333333333333,0.7777777777777778,0.0,1,-6.98074,0.2083331198,4.5886387825,,0.0,0.1111111111111111,0.0,1,-6.77919,0.197595045,6.0099854469,,0.0666666666666666,0.1111111111111111,0,1,-6.45409,0.1933519691,4.4178843498,,0.0666666666666666,0.1111111111111111,0.0,1,10
ZINC000000602866,-6.61269,0.6324290037,6.7477707863,,0.5333333333333333,0.5555555555555556,0,1,-6.77497,0.4146669209,6.6014866829,,0.6,0.6666666666666666,0.0,1,-5.95311,0.3848443627,5.8597946167,,0.0666666666666666,0.1111111111111111,0,1,-6.14448,0.3553286195,6.2081799507,,0.1333333333333333,0.2222222222222222,0.0,1,-6.02349,0.310716033,6.0966186523,,0.0666666666666666,0.2222222222222222,0,1,-5.7388,0.259419173,4.6884880066,,0.2,0.3333333333333333,0.0,1,-6.13899,0.2357366085,4.7824902534,,0.0666666666666666,0.1111111111111111,0.0,1,-7.06342,0.2319564968,5.0755429268,,0.2,0.3333333333333333,0.0,1,-6.4633,0.2278061807,4.7111563683,,0.0666666666666666,0.1111111111111111,0,1,-7.13019,0.2195581496,5.0318403244,,0.2,0.3333333333333333,0.0,1,10
ZINC000000602904,-7.35637,0.4600264728,7.0920276642,,0.2666666666666666,0.3333333333333333,0,1,-7.52579,0.3882297873,6.6318593025,,0.4,0.5555555555555556,0.0,1,-8.35439,0.3213354945,6.448287487,,0.4,0.5555555555555556,0,1,-7.37285,0.2902577519,6.4597783089,,0.4,0.4444444444444444,0.0,1,-7.2542,0.2846173644,6.5765080452,,0.3333333333333333,0.4444444444444444,0,1,-8.15183,0.2244978696,6.0337576866,,0.2666666666666666,0.3333333333333333,0.0,1,-7.63489,0.2212623507,6.1321921349,,0.1333333333333333,0.2222222222222222,0.0,1,-7.89962,0.2112076432,6.2387766838,,0.2,0.2222222222222222,0.0,1,-7.06747,0.2092426717,5.7647156715,,0.0,0.1111111111111111,0,1,-7.31495,0.2085225582,5.5615901947,,0.1333333333333333,0.2222222222222222,0.0,1,10
ZINC000000602935,-7.58168,0.7293880582,4.7912898064,,0.0,0.1111111111111111,0,1,-7.54688,0.6694728136,5.1621303558,,0.0666666666666666,0.1111111111111111,0.0,1,-7.23393,0.6133131385,4.7419981956,,0.0,0.1111111111111111,0,1,-7.52984,0.6008518934,4.7027263641,,0.0,0.1111111111111111,0.0,1,-7.58154,0.582057476,4.7863125801,,0.0,0.1111111111111111,0,1,-7.11427,0.5416636467,4.6890454292,,0.0,0.1111111111111111,0.0,1,-7.14563,0.4834215343,4.390068531,,0.0,0.1111111111111111,0.0,1,-7.1984,0.4657379985,4.5309085846,,0.0,0.1111111111111111,0.0,1,-6.87217,0.4203941822,4.3613476753,,0.0666666666666666,0.1111111111111111,0,1,-7.27192,0.4150592387,4.4583983421,,0.0666666666666666,0.1111111111111111,0.0,1,10
ZINC000000602938,-6.944,0.6129107475,6.5161309242,,0.5333333333333333,0.6666666666666666,0,1,-7.45461,0.5497324467,5.8984904289,,0.0666666666666666,0.2222222222222222,0.0,1,-8.46948,0.5098059773,6.5261864662,,0.2666666666666666,0.4444444444444444,0,1,-6.77979,0.4963788688,5.9261803627,,0.1333333333333333,0.3333333333333333,0.0,1,-7.00225,0.4833599627,5.5197677612,,0.0666666666666666,0.2222222222222222,0,1,-7.58466,0.4075682759,6.0020232201,,0.0666666666666666,0.2222222222222222,0.0,1,-8.17995,0.3974282146,6.3121185303,,0.4,0.6666666666666666,0.0,1,-7.1494,0.3433668613,5.6099219322,,0.1333333333333333,0.2222222222222222,0.0,1,-8.61918,0.3268586397,6.1789975166,,0.2666666666666666,0.4444444444444444,0,1,-8.69618,0.2991485,6.2439346313,,0.4,0.5555555555555556,0.0,1,10
ZINC000000602967,-9.09844,0.7985072732,7.2785248756,,0.4,0.6666666666666666,0,1,-8.95649,0.7334426045,7.1545734406,,0.3333333333333333,0.5555555555555556,0.0,1,-8.23687,0.7287945151,7.072789669,,0.4666666666666667,0.5555555555555556,0,1,-7.91926,0.6756287813,6.9344220161,,0.6,0.7777777777777778,0.0,1,-9.1041,0.6184960008,6.8440470695,,0.2666666666666666,0.4444444444444444,0,1,-7.33615,0.5878232121,6.6223464012,,0.4,0.5555555555555556,0.0,1,-7.97714,0.5369150639,6.8283905983,,0.2666666666666666,0.4444444444444444,0.0,1,-8.6427,0.4483582079,7.0407967567,,0.2,0.4444444444444444,0.0,1,-9.20446,0.425632447,6.705871582,,0.3333333333333333,0.4444444444444444,0,1,-8.45714,0.3853046,6.3117866516,,0.2666666666666666,0.4444444444444444,0.0,1,10
ZINC000000602985,-7.57453,0.3944784701,5.4939212799,,0.1333333333333333,0.3333333333333333,0,1,-7.72267,0.3725219369,5.8768649101,,0.2,0.3333333333333333,0.0,1,-7.60621,0.3108442128,5.2247142792,,0.2666666666666666,0.3333333333333333,0,1,-8.5883,0.3093416691,5.7448348999,,0.2666666666666666,0.4444444444444444,0.0,1,-7.89758,0.2969189286,5.5866351128,,0.2,0.4444444444444444,0,1,-7.07627,0.2831238806,5.9793429375,,0.3333333333333333,0.3333333333333333,0.0,1,-7.4078,0.2614461482,5.4291133881,,0.4666666666666667,0.5555555555555556,0.0,1,-7.16226,0.2575854063,5.1878566742,,0.1333333333333333,0.3333333333333333,0.0,1,-8.10932,0.2554068863,5.4501738548,,0.3333333333333333,0.4444444444444444,0,1,-7.87317,0.2414394617,5.0475101471,,0.2666666666666666,0.4444444444444444,0.0,1,10
ZINC000000603004,-8.02953,0.3589833081,5.6267399788,,0.4,0.3333333333333333,0,1,-8.48753,0.328564167,5.601878643,,0.2666666666666666,0.2222222222222222,0.0,1,-7.23627,0.3062214553,6.2107481956,,0.3333333333333333,0.5555555555555556,0,1,-6.78475,0.2691365182,5.8090858459,,0.0,0.1111111111111111,0.0,1,-7.12511,0.260161221,6.0992722511,,0.4,0.6666666666666666,0,1,-7.20228,0.2493027896,5.4381947517,,0.2,0.3333333333333333,0.0,1,-7.3275,0.2463901341,5.7570767403,,0.2,0.2222222222222222,0.0,1,-7.3981,0.2450615317,6.2634315491,,0.3333333333333333,0.5555555555555556,0.0,1,-7.25694,0.2435953468,5.4278788567,,0.2,0.2222222222222222,0,1,-7.69144,0.2339930385,5.3302440643,,0.2,0.2222222222222222,0.0,1,10
ZINC000000603064,-7.49726,0.6886178255,6.6490097046,,0.6666666666666666,0.6666666666666666,0,1,-7.38734,0.629924655,6.2095770836,,0.5333333333333333,0.7777777777777778,0.0,1,-7.56154,0.6021719575,6.6333084106,,0.5333333333333333,0.5555555555555556,0,1,-7.06353,0.5625193119,6.1392326355,,0.5333333333333333,0.7777777777777778,0.0,1,-7.40209,0.5247148275,6.1934409142,,0.4666666666666667,0.6666666666666666,0,1,-7.47768,0.4505002797,6.4356331825,,0.5333333333333333,0.6666666666666666,0.0,1,-6.6241,0.4145461023,6.1292071342,,0.5333333333333333,0.7777777777777778,0.0,1,-6.35593,0.3438834846,6.0089440346,,0.5333333333333333,0.5555555555555556,0.0,1,-6.97607,0.2987504303,6.4102520943,,0.7333333333333333,0.8888888888888888,0,1,-6.70521,0.1910533905,5.4100060463,,0.0666666666666666,0.1111111111111111,0.0,1,10
ZINC000000603456,-6.25418,0.5962917805,5.5889983177,,0.0666666666666666,0.1111111111111111,0,1,-7.1775,0.5333762765,6.6134896278,,0.4,0.4444444444444444,0.0,1,-6.29262,0.3957571983,5.5632367134,,0.2,0.3333333333333333,0,1,-6.53856,0.3703177273,5.7264227867,,0.0,0.1111111111111111,0.0,1,-6.85401,0.3287570775,5.4867367744,,0.0666666666666666,0.1111111111111111,0,1,-6.20984,0.3275101781,5.3626141548,,0.2666666666666666,0.4444444444444444,0.0,1,-6.90092,0.2940495312,5.0844249725,,0.0,0.1111111111111111,0.0,1,-7.42198,0.2772454321,5.5911269188,,0.0666666666666666,0.1111111111111111,0.0,1,-6.84414,0.2751075923,6.2794685364,,0.2666666666666666,0.3333333333333333,0,1,-6.96435,0.2675444484,4.9985690117,,0.0666666666666666,0.1111111111111111,0.0,1,10
ZINC000000603464,-6.68643,0.7086800933,5.480047226,,0.0666666666666666,0.1111111111111111,0,1,-5.93844,0.6312572956,5.2882595062,,0.1333333333333333,0.2222222222222222,0.0,1,-5.8441,0.4902600348,5.6443653107,,0.0,0.0,0,1,-5.68712,0.3900485039,5.1472501755,,0.0666666666666666,0.1111111111111111,0.0,1,-5.89796,0.3798756599,4.4959673882,,0.1333333333333333,0.2222222222222222,0,1,-5.55244,0.3576454222,4.847173214,,0.1333333333333333,0.2222222222222222,0.0,1,-6.03327,0.3325810432,5.0381317139,,0.0,0.1111111111111111,0.0,1,-5.92021,0.2576411068,4.9727978706,,0.2,0.2222222222222222,0.0,1,-5.74966,0.2558692694,4.924519062,,0.1333333333333333,0.2222222222222222,0,1,-6.39722,0.2450607568,4.8591690063,,0.0666666666666666,0.1111111111111111,0.0,1,10
ZINC000000603595,-8.00121,0.6044816971,4.9796442986,,0.0,0.1111111111111111,0,1,-7.85422,0.6007542014,5.2616100311,,0.0,0.1111111111111111,0.0,1,-8.07269,0.5579326749,5.0201516151,,0.0,0.1111111111111111,0,1,-7.30554,0.5332325101,4.9347977638,,0.0666666666666666,0.1111111111111111,0.0,1,-8.41661,0.4088223279,4.9911394119,,0.0666666666666666,0.1111111111111111,0,1,-7.33972,0.3795298636,5.0157051086,,0.0,0.1111111111111111,0.0,1,-7.89012,0.3756284118,5.6618914604,,0.2666666666666666,0.4444444444444444,0.0,1,-7.13759,0.3493296206,4.7240672112,,0.0666666666666666,0.1111111111111111,0.0,1,-8.09092,0.3478243351,4.9023442268,,0.0666666666666666,0.1111111111111111,0,1,-7.41841,0.3438809514,5.2083296776,,0.0,0.1111111111111111,0.0,1,10
ZINC000000603723,-6.83259,0.6518251896,6.4348945618,,0.0666666666666666,0.1111111111111111,0,1,-6.52931,0.6139543056,6.3894581795,,0.0666666666666666,0.2222222222222222,0.0,1,-6.37205,0.4586593807,5.7248597145,,0.2,0.3333333333333333,0,1,-6.81278,0.4013428092,5.8657240868,,0.1333333333333333,0.2222222222222222,0.0,1,-6.12414,0.3992576599,5.6170501709,,0.2,0.3333333333333333,0,1,-6.446,0.3437912762,5.6482462883,,0.2666666666666666,0.3333333333333333,0.0,1,-6.33828,0.3229714632,5.8681206703,,0.0666666666666666,0.1111111111111111,0.0,1,-7.44525,0.3158667386,5.3071856499,,0.0666666666666666,0.2222222222222222,0.0,1,-7.46256,0.3129787445,5.4724431038,,0.2,0.3333333333333333,0,1,-6.31138,0.3030302823,5.7633571625,,0.2,0.2222222222222222,0.0,1,10
ZINC000000603726,-6.90275,0.2953364551,5.8503990173,,0.0,0.1111111111111111,0,1,-6.8122,0.2882682085,5.8260235786,,0.0666666666666666,0.1111111111111111,0.0,1,-6.26569,0.2865361273,5.0415744781,,0.0,0.1111111111111111,0,1,-7.07743,0.2698155046,6.2898902893,,0.4,0.5555555555555556,0.0,1,-6.82161,0.2668346167,5.2969017029,,0.0,0.1111111111111111,0,1,-6.9582,0.2590668201,5.4313149452,,0.0,0.1111111111111111,0.0,1,-7.82064,0.2562331557,6.1931629181,,0.5333333333333333,0.5555555555555556,0.0,1,-7.56883,0.2466602623,5.2602591515,,0.0,0.1111111111111111,0.0,1,-7.74499,0.2394629121,5.1582112312,,0.0,0.1111111111111111,0,1,-7.50193,0.2150269896,4.2392234802,,0.2,0.3333333333333333,0.0,1,10
ZINC000000603769,-7.47169,0.5303869247,5.5807170868,,0.0666666666666666,0.2222222222222222,0,1,-7.97002,0.5293132067,6.4810547829,,0.6,0.6666666666666666,0.0,1,-8.63254,0.4258092344,6.1507225037,,0.1333333333333333,0.2222222222222222,0,1,-8.62591,0.3585161567,6.0697631836,,0.2,0.2222222222222222,0.0,1,-7.78809,0.355176568,6.2351379395,,0.1333333333333333,0.2222222222222222,0,1,-8.06338,0.340529114,6.3760719299,,0.0666666666666666,0.2222222222222222,0.0,1,-8.00079,0.3123787642,6.3536124229,,0.0666666666666666,0.2222222222222222,0.0,1,-7.378,0.2974431515,6.1579318047,,0.5333333333333333,0.5555555555555556,0.0,1,-7.74552,0.2679404914,4.8400611877,,0.1333333333333333,0.2222222222222222,0,1,-7.6458,0.2228514552,6.001812458,,0.5333333333333333,0.5555555555555556,0.0,1,10
ZINC000000603833,-7.66955,0.8454890251,7.5885429382,,0.5333333333333333,0.7777777777777778,0,1,-7.67906,0.5530031323,6.9902572632,,0.5333333333333333,0.7777777777777778,0.0,1,-6.40297,0.299144268,4.7352218628,,0.0666666666666666,0.2222222222222222,0,1,-6.99656,0.252168417,6.1155257225,,0.2666666666666666,0.3333333333333333,0.0,1,-6.67815,0.1805341691,4.6570544243,,0.0666666666666666,0.1111111111111111,0,1,-7.71913,0.1707254797,5.2680382729,,0.2,0.4444444444444444,0.0,1,-8.18232,0.1699663252,5.4600429535,,0.2666666666666666,0.4444444444444444,0.0,1,-6.81577,0.1681313068,4.2535853386,,0.0666666666666666,0.2222222222222222,0.0,1,-7.17478,0.1555162668,4.736342907,,0.1333333333333333,0.3333333333333333,0,1,-6.96108,0.1536868364,4.2930226326,,0.0666666666666666,0.2222222222222222,0.0,1,10
ZINC000000604168,-6.58166,0.7453742027,6.4590821266,,0.6,0.6666666666666666,0,1,-5.93357,0.3884996176,5.5119152069,,0.1333333333333333,0.2222222222222222,0.0,1,-6.32506,0.3737660646,4.9803385735,,0.0,0.1111111111111111,0,1,-6.48992,0.3552990556,4.7357983589,,0.0,0.0,0.0,1,-6.73635,0.354408145,5.8057866096,,0.2,0.2222222222222222,0,1,-6.48901,0.3160883784,5.4047818184,,0.0,0.1111111111111111,0.0,1,-6.72312,0.3111714423,5.249812603,,0.3333333333333333,0.4444444444444444,0.0,1,-6.77315,0.3103182316,5.467443943,,0.0,0.1111111111111111,0.0,1,-6.74431,0.2934497893,5.0132789612,,0.2666666666666666,0.4444444444444444,0,1,-6.35798,0.2760533988,5.3898696899,,0.0,0.1111111111111111,0.0,1,10
ZINC000000604176,-7.57306,0.5758543611,5.9993171692,,0.2,0.3333333333333333,0,1,-6.93318,0.4480988085,4.9644465446,,0.0,0.1111111111111111,0.0,1,-7.4432,0.4159904718,6.1866612434,,0.3333333333333333,0.4444444444444444,0,1,-6.97969,0.3990157843,5.9067211151,,0.3333333333333333,0.4444444444444444,0.0,1,-7.75771,0.3048455715,4.9225420952,,0.1333333333333333,0.2222222222222222,0,1,-7.70409,0.292326659,4.8696703911,,0.1333333333333333,0.2222222222222222,0.0,1,-6.77191,0.2885743976,4.4370107651,,0.2666666666666666,0.3333333333333333,0.0,1,-8.27529,0.2824418843,4.1285762787,,0.0,0.1111111111111111,0.0,1,-6.96132,0.2810407877,5.4060997963,,0.4,0.4444444444444444,0,1,-8.29488,0.2602002025,4.1296567917,,0.0,0.1111111111111111,0.0,1,10
ZINC000000604423,-9.91167,0.7269025445,6.5019278526,,0.5333333333333333,0.6666666666666666,0,1,-7.86475,0.6854035258,6.3932948112,,0.0666666666666666,0.1111111111111111,0.0,1,-7.76921,0.6180764437,6.2117347717,,0.0666666666666666,0.1111111111111111,0,1,-8.22133,0.5339537859,6.5088920593,,0.4,0.6666666666666666,0.0,1,-8.06113,0.4927105904,6.1729512215,,0.4666666666666667,0.6666666666666666,0,1,-9.82797,0.485946238,5.9854454994,,0.2,0.3333333333333333,0.0,1,-8.7869,0.4411272109,6.08791399,,0.2,0.4444444444444444,0.0,1,-7.79152,0.3677588999,6.4809608459,,0.6,0.7777777777777778,0.0,1,-9.31825,0.3464539647,6.0568709373,,0.2666666666666666,0.4444444444444444,0,1,-9.97761,0.3263440132,5.9930152893,,0.3333333333333333,0.5555555555555556,0.0,1,10
ZINC000000604740,-7.74763,0.8100704551,7.0862045288,,0.2666666666666666,0.4444444444444444,0,1,-8.52424,0.7901617885,7.1317863464,,0.5333333333333333,0.7777777777777778,0.0,1,-6.52254,0.688082695,5.6844668388,,0.2,0.2222222222222222,0,1,-7.40911,0.6746404767,6.7941093445,,0.2,0.3333333333333333,0.0,1,-8.51873,0.5368510485,6.4377160072,,0.1333333333333333,0.2222222222222222,0,1,-7.38032,0.5251526833,6.7385458946,,0.2666666666666666,0.4444444444444444,0.0,1,-8.08764,0.4974589646,6.3539543152,,0.1333333333333333,0.2222222222222222,0.0,1,-6.42978,0.4737401903,5.2056546211,,0.1333333333333333,0.1111111111111111,0.0,1,-7.47705,0.4726594985,6.5289592743,,0.4666666666666667,0.5555555555555556,0,1,-8.74712,0.4685230851,6.5696148872,,0.3333333333333333,0.5555555555555556,0.0,1,10
ZINC000000604914,-7.75115,0.3084261715,5.8459496498,,0.0666666666666666,0.1111111111111111,0,1,-7.63354,0.2928278744,5.7878379822,,0.0666666666666666,0.1111111111111111,0.0,1,-6.80153,0.2840465009,5.0248994827,,0.0666666666666666,0.1111111111111111,0,1,-6.68398,0.274484992,4.9809074402,,0.0666666666666666,0.1111111111111111,0.0,1,-7.25919,0.2723194361,4.6595077515,,0.0666666666666666,0.1111111111111111,0,1,-7.28544,0.2706458867,5.1409630775,,0.0666666666666666,0.1111111111111111,0.0,1,-7.35496,0.2678618729,5.082918644,,0.0666666666666666,0.1111111111111111,0.0,1,-7.20121,0.2670024633,4.6332135201,,0.0666666666666666,0.1111111111111111,0.0,1,-6.75899,0.2636612654,5.8082923889,,0.2,0.3333333333333333,0,1,-6.92748,0.2622816861,5.431781292,,0.0666666666666666,0.1111111111111111,0.0,1,10
ZINC000000605274,-7.70963,0.3568884432,6.2735972404,,0.1333333333333333,0.3333333333333333,0,1,-7.07118,0.3562930524,6.16740942,,0.5333333333333333,0.6666666666666666,0.0,1,-7.20905,0.2926959097,6.0973815918,,0.5333333333333333,0.6666666666666666,0,1,-6.90191,0.2842687964,5.8870220184,,0.5333333333333333,0.6666666666666666,0.0,1,-7.48289,0.2730181813,5.9352574348,,0.0666666666666666,0.2222222222222222,0,1,-7.60022,0.2599690557,6.0987086296,,0.1333333333333333,0.3333333333333333,0.0,1,-6.1145,0.248635307,5.7866053581,,0.6666666666666666,0.7777777777777778,0.0,1,-6.56325,0.2165569514,5.2677979469,,0.0666666666666666,0.1111111111111111,0.0,1,-6.42399,0.2148803025,5.205663681,,0.2,0.3333333333333333,0,1,-8.1466,0.1993697137,5.9751572609,,0.2666666666666666,0.3333333333333333,0.0,1,10
ZINC000000605457,-6.51381,0.5294725895,4.7720985413,,0.1333333333333333,0.2222222222222222,0,1,-6.53834,0.4796957076,4.4567580223,,0.0666666666666666,0.2222222222222222,0.0,1,-6.0621,0.3799144924,4.5657482147,,0.0666666666666666,0.1111111111111111,0,1,-6.68458,0.3201755881,4.8811392784,,0.0666666666666666,0.1111111111111111,0.0,1,-6.21039,0.3154382408,4.6497693062,,0.3333333333333333,0.4444444444444444,0,1,-5.72927,0.3136650622,4.6803803444,,0.2,0.3333333333333333,0.0,1,-5.46132,0.2796606123,4.7613506317,,0.2,0.2222222222222222,0.0,1,-5.89066,0.2793212831,4.752248764,,0.1333333333333333,0.2222222222222222,0.0,1,-5.9534,0.2632790208,4.515296936,,0.2,0.2222222222222222,0,1,-6.07539,0.2571853697,4.905192852,,0.2,0.2222222222222222,0.0,1,10
ZINC000000605604,-6.80698,0.5867956877,6.2608504295,,0.4666666666666667,0.6666666666666666,0,1,-6.86191,0.4363068938,6.1279373169,,0.4666666666666667,0.6666666666666666,0.0,1,-7.20108,0.418821454,6.5246548653,,0.2666666666666666,0.3333333333333333,0,1,-6.48524,0.3119508624,6.480246067,,0.6666666666666666,0.7777777777777778,0.0,1,-6.47355,0.2671719193,6.2567877769,,0.4666666666666667,0.6666666666666666,0,1,-7.25299,0.2636088133,6.0079898834,,0.2,0.2222222222222222,0.0,1,-7.60474,0.2624162138,5.2422719002,,0.2,0.2222222222222222,0.0,1,-7.58021,0.2562569082,5.1280770302,,0.1333333333333333,0.1111111111111111,0.0,1,-6.28434,0.2482695132,4.7981820107,,0.0666666666666666,0.1111111111111111,0,1,-6.96802,0.2280711681,5.8346390724,,0.0666666666666666,0.2222222222222222,0.0,1,10
ZINC000000605805,-5.3807,0.816292882,4.8045701981,,0.0666666666666666,0.1111111111111111,0,1,-5.74342,0.6788888574,4.8626532555,,0.0666666666666666,0.1111111111111111,0.0,1,-5.42811,0.6557686329,4.8453674316,,0.0,0.0,0,1,-5.94979,0.5419315696,4.5687689781,,0.1333333333333333,0.2222222222222222,0.0,1,-5.3029,0.2816596627,3.7662250996,,0.2,0.2222222222222222,0,1,-5.31213,0.2744739652,4.0769410133,,0.2,0.2222222222222222,0.0,1,-5.95997,0.2720731199,4.3246712685,,0.2,0.3333333333333333,0.0,1,-5.38689,0.2709529996,3.9365749359,,0.1333333333333333,0.2222222222222222,0.0,1,-5.84085,0.2633205354,4.5719885826,,0.0666666666666666,0.1111111111111111,0,1,-5.7601,0.2570236325,4.4208235741,,0.0666666666666666,0.1111111111111111,0.0,1,10
ZINC000000606001,-6.22868,0.3972169161,5.2280669212,,0.1333333333333333,0.2222222222222222,0,1,-6.46188,0.3967147768,4.7081122398,,0.1333333333333333,0.1111111111111111,0.0,1,-6.6957,0.3742723167,5.0032467842,,0.0,0.1111111111111111,0,1,-6.55868,0.3582735062,4.9649729729,,0.0666666666666666,0.2222222222222222,0.0,1,-6.03224,0.3577865362,4.1268806458,,0.0,0.1111111111111111,0,1,-6.89682,0.3351967931,5.792755127,,0.4,0.4444444444444444,0.0,1,-6.24174,0.3196920156,5.0056777,,0.2,0.2222222222222222,0.0,1,-7.18086,0.3184861541,5.4616513252,,0.2,0.3333333333333333,0.0,1,-6.44209,0.3175700307,5.1154651642,,0.1333333333333333,0.2222222222222222,0,1,-7.22141,0.3138597012,5.2565693855,,0.1333333333333333,0.2222222222222222,0.0,1,10
ZINC000000606115,-7.40273,0.7423238158,6.7846388817,,0.4666666666666667,0.6666666666666666,0,1,-8.29135,0.6827400327,6.3129234314,,0.4666666666666667,0.6666666666666666,0.0,1,-7.29317,0.6258066893,5.9549942017,,0.1333333333333333,0.2222222222222222,0,1,-7.44784,0.6026364565,6.8553271294,,0.6,0.6666666666666666,0.0,1,-7.62802,0.5707862973,6.8297028542,,0.6,0.6666666666666666,0,1,-6.64862,0.4672977328,5.4324126244,,0.0,0.1111111111111111,0.0,1,-6.65637,0.4386465251,5.5599269867,,0.4,0.4444444444444444,0.0,1,-9.07998,0.4110764265,5.9588546753,,0.2666666666666666,0.3333333333333333,0.0,1,-9.1007,0.3983228505,6.0741710663,,0.2666666666666666,0.3333333333333333,0,1,-6.66944,0.3586494625,6.4939594269,,0.6,0.7777777777777778,0.0,1,10
ZINC000000606168,-7.75965,0.3486553133,6.2990803719,,0.3333333333333333,0.4444444444444444,0,1,-6.79699,0.2958963215,5.5115952492,,0.0,0.1111111111111111,0.0,1,-6.52429,0.2375263274,5.4885325432,,0.0666666666666666,0.1111111111111111,0,1,-6.95221,0.2119631916,5.8916721344,,0.2,0.3333333333333333,0.0,1,-6.49396,0.2050590217,5.2232174873,,0.1333333333333333,0.2222222222222222,0,1,-7.87983,0.2003368884,5.7476716042,,0.4,0.5555555555555556,0.0,1,-8.40428,0.1886935234,4.962972641,,0.0666666666666666,0.2222222222222222,0.0,1,-6.69235,0.1460108459,5.1797165871,,0.1333333333333333,0.1111111111111111,0.0,1,-7.90195,0.1448545754,4.4133300781,,0.0,0.1111111111111111,0,1,-8.02665,0.1415134072,4.2349729538,,0.1333333333333333,0.2222222222222222,0.0,1,10
ZINC000000606260,-7.067,0.5827131271,6.7813816071,,0.2,0.3333333333333333,0,1,-6.4684,0.3781208098,6.3087620735,,0.0,0.1111111111111111,0.0,1,-7.22689,0.357045114,6.244699955,,0.1333333333333333,0.2222222222222222,0,1,-7.15157,0.3401986957,6.6215744019,,0.1333333333333333,0.2222222222222222,0.0,1,-6.85546,0.3399349451,6.6638565063,,0.4,0.5555555555555556,0,1,-7.11651,0.2690679133,6.1532511711,,0.0666666666666666,0.1111111111111111,0.0,1,-7.443,0.2411879599,6.5134043694,,0.1333333333333333,0.2222222222222222,0.0,1,-6.74063,0.2154514492,6.0791144371,,0.2,0.2222222222222222,0.0,1,-6.62972,0.2131396979,5.8897171021,,0.2,0.2222222222222222,0,1,-7.70645,0.2029399723,5.7776451111,,0.0666666666666666,0.1111111111111111,0.0,1,10
ZINC000000606494,-6.13517,0.3618808091,4.894071579,,0.0,0.1111111111111111,0,1,-7.05875,0.3081327975,5.0424494743,,0.0,0.1111111111111111,0.0,1,-6.27227,0.3009462357,4.9599728584,,0.0666666666666666,0.2222222222222222,0,1,-6.9286,0.2965725958,5.2663021088,,0.0666666666666666,0.2222222222222222,0.0,1,-6.63431,0.2822566032,5.1776051521,,0.0666666666666666,0.2222222222222222,0,1,-6.68948,0.2761834562,5.3915266991,,0.1333333333333333,0.2222222222222222,0.0,1,-6.39502,0.2727553546,5.0718798637,,0.1333333333333333,0.2222222222222222,0.0,1,-7.70688,0.2710442543,5.3871865273,,0.1333333333333333,0.3333333333333333,0.0,1,-7.29456,0.2623458803,5.0656924248,,0.0666666666666666,0.2222222222222222,0,1,-8.19297,0.2486139089,5.2982444763,,0.0666666666666666,0.2222222222222222,0.0,1,10
ZINC000000606754,-6.6315,0.6723499298,5.3484859467,,0.0,0.1111111111111111,0,1,-7.73626,0.4542651772,5.8525137901,,0.5333333333333333,0.5555555555555556,0.0,1,-6.26234,0.352792114,5.0235958099,,0.3333333333333333,0.4444444444444444,0,1,-7.01096,0.3442908227,4.6473317146,,0.1333333333333333,0.2222222222222222,0.0,1,-6.30267,0.3205417991,4.5724124908,,0.1333333333333333,0.3333333333333333,0,1,-6.27791,0.3152729273,4.4155330658,,0.0666666666666666,0.1111111111111111,0.0,1,-4.82589,0.3144289851,4.3757472038,,0.0666666666666666,0.1111111111111111,0.0,1,-6.45461,0.2947139442,4.4302859306,,0.0666666666666666,0.1111111111111111,0.0,1,-6.50017,0.2894710898,4.5349078178,,0.0666666666666666,0.1111111111111111,0,1,-6.66031,0.2721104324,4.7064304352,,0.0,0.1111111111111111,0.0,1,10
ZINC000000607793,-6.32468,0.3344569206,5.7150902748,,0.1333333333333333,0.2222222222222222,0,1,-6.23772,0.2044275552,5.3458542824,,0.2666666666666666,0.4444444444444444,0.0,1,-7.09669,0.1783126146,4.8319306374,,0.0666666666666666,0.2222222222222222,0,1,-7.10537,0.1711942405,4.8894996643,,0.0,0.1111111111111111,0.0,1,-5.88764,0.1556668878,4.7878298759,,0.1333333333333333,0.2222222222222222,0,1,-6.33899,0.1468414515,4.9270453453,,0.2666666666666666,0.3333333333333333,0.0,1,-6.16714,0.1465257108,4.7582745552,,0.1333333333333333,0.2222222222222222,0.0,1,-6.30979,0.1463695019,4.7958545685,,0.0666666666666666,0.2222222222222222,0.0,1,-6.42428,0.1405341923,5.1291160583,,0.3333333333333333,0.4444444444444444,0,1,-8.13896,0.1374240816,4.9897246361,,0.2,0.3333333333333333,0.0,1,10
ZINC000000607900,-6.85866,0.8433434367,6.696516037,,0.3333333333333333,0.5555555555555556,0,1,-7.53445,0.7959100604,7.01994133,,0.4666666666666667,0.6666666666666666,0.0,1,-7.33782,0.6742310524,6.909008503,,0.4666666666666667,0.4444444444444444,0,1,-7.30177,0.5957633257,6.3744835854,,0.6,0.7777777777777778,0.0,1,-7.15117,0.5143806934,5.6795144081,,0.0,0.1111111111111111,0,1,-7.48205,0.5143326521,5.773209095,,0.0666666666666666,0.2222222222222222,0.0,1,-6.9861,0.4339315295,5.7090630531,,0.0,0.1111111111111111,0.0,1,-7.12355,0.3526329994,6.1814236641,,0.2666666666666666,0.4444444444444444,0.0,1,-6.99692,0.3041279018,5.3800263405,,0.0,0.1111111111111111,0,1,-7.66401,0.2302389145,6.202439785,,0.4,0.5555555555555556,0.0,1,10
ZINC000000607910,-6.90098,0.9270990491,6.7737579346,,0.4666666666666667,0.4444444444444444,0,1,-7.15137,0.8572400212,6.7833733559,,0.6666666666666666,0.6666666666666666,0.0,1,-7.09651,0.5813325047,6.1801962852,,0.4,0.5555555555555556,0,1,-7.69448,0.5133972764,5.9870228767,,0.0,0.1111111111111111,0.0,1,-6.83761,0.4087192416,5.583917141,,0.2,0.2222222222222222,0,1,-7.84866,0.3800669611,5.7609696388,,0.3333333333333333,0.5555555555555556,0.0,1,-8.28025,0.297977984,5.6531414986,,0.3333333333333333,0.5555555555555556,0.0,1,-6.59712,0.2917002439,5.3561758995,,0.0,0.1111111111111111,0.0,1,-6.697,0.2841114402,5.0800361633,,0.0666666666666666,0.2222222222222222,0,1,-7.00453,0.2703795433,5.227973938,,0.2,0.2222222222222222,0.0,1,10
ZINC000000607911,-6.17676,0.7963329554,6.124604702,,0.0666666666666666,0.1111111111111111,0,1,-5.46686,0.5893934369,4.8698191643,,0.0666666666666666,0.1111111111111111,0.0,1,-5.26923,0.4955556989,4.2748508453,,0.0666666666666666,0.1111111111111111,0,1,-6.303,0.4394682348,4.683693409,,0.0,0.0,0.0,1,-6.01635,0.4341494739,4.9971060753,,0.0666666666666666,0.1111111111111111,0,1,-5.67141,0.3635321259,4.6995487213,,0.0666666666666666,0.1111111111111111,0.0,1,-6.22027,0.3303783834,5.2496147156,,0.0666666666666666,0.1111111111111111,0.0,1,-5.61611,0.3050554097,4.1608567238,,0.0666666666666666,0.1111111111111111,0.0,1,-6.63634,0.2629974484,5.582256794,,0.4666666666666667,0.6666666666666666,0,1,-5.45435,0.2355797887,4.0030016899,,0.0,0.1111111111111111,0.0,1,10
ZINC000000608010,-5.01425,0.4597997963,4.596675396,,0.0666666666666666,0.1111111111111111,0,1,-5.97508,0.4494920671,4.5382781029,,0.0,0.1111111111111111,0.0,1,-5.30626,0.4055212736,4.1834788322,,0.0666666666666666,0.2222222222222222,0,1,-5.39717,0.3384692669,5.1697106361,,0.0666666666666666,0.1111111111111111,0.0,1,-5.33141,0.3213871717,4.768389225,,0.0666666666666666,0.1111111111111111,0,1,-5.438,0.2667793334,4.7998905182,,0.1333333333333333,0.2222222222222222,0.0,1,-6.30978,0.2636326849,5.6072788239,,0.4,0.5555555555555556,0.0,1,-5.48165,0.2551246285,4.3338255882,,0.0666666666666666,0.2222222222222222,0.0,1,-5.41786,0.2163073719,4.4705796242,,0.0,0.1111111111111111,0,1,-5.48235,0.2093370557,4.3543949127,,0.1333333333333333,0.2222222222222222,0.0,1,10
ZINC000000608032,-9.87142,0.8178665638,6.6584944725,,0.2666666666666666,0.4444444444444444,0,1,-8.82566,0.6061520576,6.2765388489,,0.3333333333333333,0.5555555555555556,0.0,1,-7.61883,0.5811345577,5.5943303108,,0.2666666666666666,0.3333333333333333,0,1,-8.54604,0.4521430433,6.4157752991,,0.4666666666666667,0.5555555555555556,0.0,1,-9.17031,0.371504128,6.1795887947,,0.4666666666666667,0.5555555555555556,0,1,-9.16141,0.3521210551,6.4565968513,,0.4,0.6666666666666666,0.0,1,-8.77717,0.3512014151,6.2303709984,,0.2,0.3333333333333333,0.0,1,-7.89149,0.324267596,6.2670617104,,0.4666666666666667,0.4444444444444444,0.0,1,-8.19272,0.3221058249,5.9583907127,,0.4,0.4444444444444444,0,1,-8.85982,0.3145669699,6.2036323547,,0.3333333333333333,0.5555555555555556,0.0,1,10
ZINC000000608041,-8.23089,0.8179029226,5.8288779259,,0.0666666666666666,0.1111111111111111,0,1,-8.08588,0.7251983881,5.5659980774,,0.0,0.0,0.0,1,-7.38129,0.6107748151,5.2333283424,,0.1333333333333333,0.2222222222222222,0,1,-6.50942,0.609749198,5.2373795509,,0.0666666666666666,0.1111111111111111,0.0,1,-7.7039,0.5256806612,5.2500476837,,0.2,0.2222222222222222,0,1,-6.59993,0.4269666076,5.6153464317,,0.1333333333333333,0.2222222222222222,0.0,1,-6.38479,0.3599425554,5.2380781174,,0.2666666666666666,0.3333333333333333,0.0,1,-8.30097,0.3475693166,5.8410758972,,0.2666666666666666,0.3333333333333333,0.0,1,-7.5354,0.3411529958,5.700650692,,0.2666666666666666,0.3333333333333333,0,1,-7.40759,0.3334112763,5.5339388847,,0.2,0.3333333333333333,0.0,1,10
ZINC000000608085,-6.13593,0.4217224419,5.6970467567,,0.0,0.1111111111111111,0,1,-6.40486,0.3534758091,5.604282856,,0.0,0.1111111111111111,0.0,1,-6.18353,0.3377726078,5.6691813469,,0.0,0.1111111111111111,0,1,-6.43018,0.3132451475,5.7674565315,,0.0,0.1111111111111111,0.0,1,-6.1426,0.2957100868,5.4081439972,,0.0,0.1111111111111111,0,1,-5.99393,0.2852327228,5.570748806,,0.0,0.1111111111111111,0.0,1,-6.4269,0.2264538258,5.4922156334,,0.1333333333333333,0.2222222222222222,0.0,1,-6.66765,0.220795244,5.1987471581,,0.0,0.0,0.0,1,-6.02872,0.2195664644,5.4384841919,,0.0666666666666666,0.1111111111111111,0,1,-6.17502,0.1987951398,5.7913384438,,0.2,0.3333333333333333,0.0,1,10
ZINC000000608130,-6.53165,0.7667536736,5.1541438103,,0.1333333333333333,0.2222222222222222,0,1,-6.36448,0.5350034237,4.7758979797,,0.1333333333333333,0.2222222222222222,0.0,1,-6.1575,0.4905376732,5.1459488869,,0.0666666666666666,0.1111111111111111,0,1,-5.9943,0.4644869566,4.5846862793,,0.0666666666666666,0.1111111111111111,0.0,1,-5.55841,0.2727285326,4.8634324074,,0.0666666666666666,0.1111111111111111,0,1,-6.30277,0.2264227271,4.6426672935,,0.2666666666666666,0.3333333333333333,0.0,1,-6.29086,0.2213983238,4.0100488663,,0.3333333333333333,0.5555555555555556,0.0,1,-5.7491,0.2110572308,4.460313797,,0.1333333333333333,0.2222222222222222,0.0,1,-6.61402,0.2023778111,4.2875671387,,0.2,0.4444444444444444,0,1,-6.39115,0.1976883709,4.4990057945,,0.2,0.3333333333333333,0.0,1,10
ZINC000000608139,-7.19865,0.3655917048,4.719727993,,0.0666666666666666,0.2222222222222222,0,1,-7.17987,0.3570889235,5.0081753731,,0.1333333333333333,0.2222222222222222,0.0,1,-7.66324,0.3558162153,4.7040500641,,0.1333333333333333,0.3333333333333333,0,1,-6.89622,0.3492333293,4.6862459183,,0.1333333333333333,0.2222222222222222,0.0,1,-7.38467,0.3474693596,4.642182827,,0.1333333333333333,0.2222222222222222,0,1,-7.669,0.3014774919,5.5633120537,,0.3333333333333333,0.3333333333333333,0.0,1,-6.61309,0.2983392477,4.7073721886,,0.0666666666666666,0.1111111111111111,0.0,1,-7.49837,0.2942473888,4.3939223289,,0.0,0.1111111111111111,0.0,1,-8.3225,0.2721222043,5.0810112953,,0.1333333333333333,0.2222222222222222,0,1,-8.18066,0.2655528188,5.3679471016,,0.2,0.4444444444444444,0.0,1,10
ZINC000000608150,-9.0391,0.6597144604,6.7554306984,,0.3333333333333333,0.5555555555555556,0,1,-8.39465,0.6000037193,6.8220238686,,0.4,0.5555555555555556,0.0,1,-8.39308,0.5154509544,6.9405856133,,0.3333333333333333,0.4444444444444444,0,1,-8.80878,0.4934991598,6.6110129356,,0.3333333333333333,0.4444444444444444,0.0,1,-8.98245,0.423319608,6.6789317131,,0.3333333333333333,0.4444444444444444,0,1,-7.40943,0.3843089044,6.3936772346,,0.1333333333333333,0.2222222222222222,0.0,1,-8.30492,0.2987729013,6.3293824196,,0.2,0.4444444444444444,0.0,1,-8.44187,0.2805535495,6.2944655418,,0.3333333333333333,0.4444444444444444,0.0,1,-8.55145,0.2639800906,6.2392158508,,0.1333333333333333,0.2222222222222222,0,1,-7.54763,0.2562237382,6.0389170647,,0.4,0.5555555555555556,0.0,1,10
ZINC000000608186,-6.66122,0.552846849,5.0273284912,,0.0666666666666666,0.1111111111111111,0,1,-6.85649,0.5291790366,4.6830506325,,0.0666666666666666,0.1111111111111111,0.0,1,-6.31531,0.510664463,5.2198638916,,0.0666666666666666,0.1111111111111111,0,1,-7.43007,0.4173191488,5.8086409569,,0.6666666666666666,0.7777777777777778,0.0,1,-7.37354,0.346393466,5.0902266502,,0.2,0.3333333333333333,0,1,-6.74182,0.3276056647,4.4644064903,,0.0,0.1111111111111111,0.0,1,-7.74806,0.3045357168,5.3327431679,,0.5333333333333333,0.7777777777777778,0.0,1,-7.52175,0.2879137695,5.1902537346,,0.2,0.3333333333333333,0.0,1,-6.89888,0.262481302,4.6175127029,,0.1333333333333333,0.2222222222222222,0,1,-7.35961,0.2481706887,5.1338162422,,0.0666666666666666,0.2222222222222222,0.0,1,10
ZINC000000608211,-8.74119,0.6892197728,6.9320278168,,0.4,0.5555555555555556,0,1,-7.60096,0.6425061822,6.5401968956,,0.4,0.6666666666666666,0.0,1,-8.26489,0.6017263532,6.4735870361,,0.4666666666666667,0.6666666666666666,0,1,-6.88757,0.5831136703,5.7029128075,,0.1333333333333333,0.2222222222222222,0.0,1,-7.26414,0.5793844461,6.5381398201,,0.1333333333333333,0.2222222222222222,0,1,-7.98361,0.5770587325,5.7645087242,,0.0666666666666666,0.1111111111111111,0.0,1,-8.00848,0.4784234762,6.643907547,,0.4,0.4444444444444444,0.0,1,-8.21172,0.4567092061,6.398897171,,0.0666666666666666,0.1111111111111111,0.0,1,-8.17939,0.4219624698,6.5558872223,,0.3333333333333333,0.5555555555555556,0,1,-7.54813,0.3862829208,5.4938406944,,0.1333333333333333,0.2222222222222222,0.0,1,10
ZINC000000608221,-5.28645,0.8591803908,5.4351215363,,0.6,0.6666666666666666,0,1,-5.06693,0.8478726745,5.3088512421,,0.5333333333333333,0.6666666666666666,0.0,1,-5.59699,0.7505209446,5.1899008751,,0.5333333333333333,0.6666666666666666,0,1,-5.53365,0.7205159068,5.2747650146,,0.5333333333333333,0.6666666666666666,0.0,1,-4.27244,0.4819097817,3.9483633041,,0.0666666666666666,0.1111111111111111,0,1,-5.59606,0.3979417086,4.7453455925,,0.3333333333333333,0.3333333333333333,0.0,1,-4.58527,0.3504877985,3.9357440472,,0.0666666666666666,0.1111111111111111,0.0,1,-4.48833,0.3428838253,5.1390080452,,0.4666666666666667,0.5555555555555556,0.0,1,-4.48131,0.3324552476,4.0389995575,,0.0666666666666666,0.2222222222222222,0,1,-4.89887,0.3248668015,3.7480213642,,0.2,0.2222222222222222,0.0,1,10
ZINC000000608283,-8.16772,0.872829318,5.9491991997,,0.2,0.3333333333333333,0,1,-7.07974,0.8386518955,5.7054972649,,0.2,0.3333333333333333,0.0,1,-8.13537,0.7944840193,5.6931819916,,0.0,0.0,0,1,-7.27968,0.5085493922,5.5099964142,,0.0666666666666666,0.1111111111111111,0.0,1,-6.44932,0.4706018567,5.6291866302,,0.0,0.0,0,1,-6.29905,0.4580487013,5.2176361084,,0.0666666666666666,0.1111111111111111,0.0,1,-6.87872,0.419726491,5.5421175957,,0.1333333333333333,0.2222222222222222,0.0,1,-6.77271,0.3631812334,5.3667473793,,0.0666666666666666,0.1111111111111111,0.0,1,-7.04351,0.2626067698,5.7595539093,,0.2666666666666666,0.3333333333333333,0,1,-6.24858,0.2611943781,5.1671442986,,0.2,0.2222222222222222,0.0,1,10
ZINC000000608382,-7.63079,0.3944004476,6.193353653,,0.2666666666666666,0.3333333333333333,0,1,-7.08094,0.3626090288,5.3017964363,,0.0,0.1111111111111111,0.0,1,-7.15183,0.289735496,4.9266781807,,0.1333333333333333,0.2222222222222222,0,1,-7.07832,0.2680148184,5.592356205,,0.1333333333333333,0.2222222222222222,0.0,1,-7.40789,0.2380688787,6.0540804863,,0.1333333333333333,0.2222222222222222,0,1,-7.74888,0.2322008312,6.0602126122,,0.2,0.3333333333333333,0.0,1,-6.85813,0.2197176069,5.310295105,,0.0666666666666666,0.1111111111111111,0.0,1,-6.90175,0.2066100389,5.3234419823,,0.3333333333333333,0.4444444444444444,0.0,1,-7.10597,0.2046318948,5.2904305458,,0.0,0.1111111111111111,0,1,-8.581,0.2034357041,5.4313526154,,0.1333333333333333,0.2222222222222222,0.0,1,10
ZINC000000612375,-6.28612,0.8782058954,5.8455080986,,0.5333333333333333,0.6666666666666666,0,1,-5.73964,0.7583989501,5.7241835594,,0.5333333333333333,0.7777777777777778,0.0,1,-6.23383,0.6987050772,6.3050112724,,0.3333333333333333,0.5555555555555556,0,1,-6.14371,0.6715991497,4.9150319099,,0.3333333333333333,0.5555555555555556,0.0,1,-5.81888,0.6460601091,6.0329833031,,0.5333333333333333,0.7777777777777778,0,1,-6.33051,0.6124246716,5.4564819336,,0.4666666666666667,0.6666666666666666,0.0,1,-5.91029,0.5152568817,5.547246933,,0.3333333333333333,0.5555555555555556,0.0,1,-5.68555,0.4652533531,6.0080704689,,0.2666666666666666,0.4444444444444444,0.0,1,-6.01749,0.4472205043,5.8821601868,,0.3333333333333333,0.5555555555555556,0,1,-5.91924,0.4154843986,5.0983285904,,0.2,0.3333333333333333,0.0,1,10
ZINC000000612423,-7.7916,0.5416905284,6.824649334,,0.3333333333333333,0.4444444444444444,0,1,-6.36751,0.5382162929,5.3325848579,,0.0,0.1111111111111111,0.0,1,-7.74289,0.4912339449,6.8359508514,,0.4666666666666667,0.6666666666666666,0,1,-7.5424,0.4870752096,6.6815509796,,0.2,0.2222222222222222,0.0,1,-6.66757,0.392896831,5.8359951973,,0.2,0.3333333333333333,0,1,-6.29847,0.3545659184,4.7457060814,,0.0,0.1111111111111111,0.0,1,-6.91637,0.3143607974,5.8008961678,,0.4,0.4444444444444444,0.0,1,-6.43439,0.3092298508,5.3898406029,,0.0666666666666666,0.1111111111111111,0.0,1,-7.10089,0.2702789605,5.8582978249,,0.3333333333333333,0.4444444444444444,0,1,-6.70798,0.257943362,4.2448735237,,0.2,0.3333333333333333,0.0,1,10
ZINC000000614286,-7.46299,0.6084213853,6.8075580597,,0.4,0.5555555555555556,0,1,-5.93439,0.5653008223,6.4085364342,,0.4666666666666667,0.7777777777777778,0.0,1,-7.11379,0.509293437,6.5679163933,,0.2666666666666666,0.4444444444444444,0,1,-7.15086,0.3518570662,6.0637879372,,0.2666666666666666,0.5555555555555556,0.0,1,-6.49202,0.3385426104,6.2163090706,,0.3333333333333333,0.5555555555555556,0,1,-7.25102,0.3372335136,6.0744395256,,0.1333333333333333,0.2222222222222222,0.0,1,-6.12741,0.3057694137,6.1907839775,,0.2,0.3333333333333333,0.0,1,-6.992,0.2859322429,5.8978285789,,0.2,0.3333333333333333,0.0,1,-7.0018,0.2827393711,5.7067694664,,0.0666666666666666,0.1111111111111111,0,1,-7.87917,0.2803292572,5.8228106499,,0.2666666666666666,0.4444444444444444,0.0,1,10
ZINC000000617081,-7.24586,0.7529748678,6.1760516167,,0.4666666666666667,0.5555555555555556,0,1,-6.49056,0.6573243737,5.7776184082,,0.4666666666666667,0.6666666666666666,0.0,1,-7.33582,0.5610103607,5.8988628387,,0.4666666666666667,0.5555555555555556,0,1,-7.01639,0.5256372094,5.8647212982,,0.5333333333333333,0.6666666666666666,0.0,1,-7.08853,0.5075401664,5.9503693581,,0.4,0.4444444444444444,0,1,-6.08021,0.3386181891,4.465941906,,0.0666666666666666,0.2222222222222222,0.0,1,-5.9632,0.3227472901,6.0898590088,,0.6666666666666666,0.6666666666666666,0.0,1,-6.14897,0.3120539486,6.0030002594,,0.5333333333333333,0.6666666666666666,0.0,1,-5.63074,0.2757636607,4.1308131218,,0.0666666666666666,0.1111111111111111,0,1,-6.62701,0.269636631,5.7290587425,,0.4666666666666667,0.5555555555555556,0.0,1,10
ZINC000000621877,-6.70803,0.3674961925,5.549282074,,0.1333333333333333,0.2222222222222222,0,1,-6.657,0.3560553193,5.5576682091,,0.2,0.3333333333333333,0.0,1,-8.10048,0.3152922988,5.5069122314,,0.2,0.2222222222222222,0,1,-7.49304,0.3072423935,5.9348526001,,0.2666666666666666,0.3333333333333333,0.0,1,-7.57499,0.2646365762,5.8426856995,,0.2,0.2222222222222222,0,1,-7.91692,0.2637627125,5.629304409,,0.2,0.3333333333333333,0.0,1,-8.18165,0.2559850812,5.6713905334,,0.1333333333333333,0.2222222222222222,0.0,1,-7.28217,0.2547595799,5.4866700172,,0.1333333333333333,0.2222222222222222,0.0,1,-7.76369,0.2524599731,5.8494205475,,0.2,0.2222222222222222,0,1,-7.24858,0.2514054179,5.5153136253,,0.2,0.2222222222222222,0.0,1,10
ZINC000000621883,-8.08854,0.6297063231,6.4110736847,,0.1333333333333333,0.3333333333333333,0,1,-7.96545,0.6179734468,6.2916922569,,0.2,0.3333333333333333,0.0,1,-8.02274,0.5368613005,6.3160591125,,0.1333333333333333,0.3333333333333333,0,1,-8.00692,0.508510828,6.2774009705,,0.1333333333333333,0.3333333333333333,0.0,1,-8.19545,0.4996504784,6.218937397,,0.2,0.3333333333333333,0,1,-7.12848,0.4053256214,6.174050808,,0.2,0.3333333333333333,0.0,1,-6.50857,0.4019670486,5.0200028419,,0.0666666666666666,0.2222222222222222,0.0,1,-6.57083,0.3852575719,5.0361933708,,0.0666666666666666,0.2222222222222222,0.0,1,-7.07422,0.3514344096,5.809211731,,0.0666666666666666,0.1111111111111111,0,1,-6.80266,0.3386420608,4.9370551109,,0.1333333333333333,0.3333333333333333,0.0,1,10
ZINC000000621941,-7.93598,0.811273396,6.8686518669,,0.4,0.6666666666666666,0,1,-7.73467,0.7829124331,6.5744585991,,0.2666666666666666,0.4444444444444444,0.0,1,-6.65562,0.7748013735,6.9811577797,,0.4,0.4444444444444444,0,1,-7.86576,0.7463421226,6.4961433411,,0.3333333333333333,0.4444444444444444,0.0,1,-8.13913,0.7254944444,6.6155953407,,0.4,0.6666666666666666,0,1,-6.34113,0.6713835001,6.7894425392,,0.4666666666666667,0.7777777777777778,0.0,1,-7.19118,0.5470198989,6.7023034096,,0.3333333333333333,0.5555555555555556,0.0,1,-6.78243,0.4580427706,6.3011436462,,0.4,0.6666666666666666,0.0,1,-6.28491,0.3713070154,5.038620472,,0.0666666666666666,0.2222222222222222,0,1,-8.06923,0.3686813712,6.0849208832,,0.1333333333333333,0.2222222222222222,0.0,1,10
ZINC000000621944,-6.64186,0.5902135968,5.9074759483,,0.0,0.1111111111111111,0,1,-6.00534,0.4173268378,5.4669318199,,0.2,0.2222222222222222,0.0,1,-6.55423,0.3649693131,5.9854216576,,0.0,0.1111111111111111,0,1,-6.55603,0.3390880227,5.2855000496,,0.0,0.1111111111111111,0.0,1,-6.28826,0.3386458158,5.7038884163,,0.0666666666666666,0.2222222222222222,0,1,-6.05993,0.3369491696,5.5815758705,,0.0666666666666666,0.1111111111111111,0.0,1,-6.48895,0.3042644858,5.3973021507,,0.0666666666666666,0.1111111111111111,0.0,1,-6.69953,0.2621500492,5.0352711678,,0.0666666666666666,0.1111111111111111,0.0,1,-5.82622,0.22011967,5.7810707092,,0.1333333333333333,0.3333333333333333,0,1,-5.77245,0.2130563408,5.2972145081,,0.1333333333333333,0.2222222222222222,0.0,1,10
ZINC000000622003,-7.69422,0.9130965471,7.142578125,,0.4,0.5555555555555556,0,1,-7.12136,0.5973383784,6.4544467926,,0.2666666666666666,0.4444444444444444,0.0,1,-6.60185,0.5708152056,6.4700713158,,0.6,0.6666666666666666,0,1,-7.22784,0.4643122852,6.3439998627,,0.5333333333333333,0.6666666666666666,0.0,1,-7.13818,0.4525313377,5.9859519005,,0.2,0.3333333333333333,0,1,-6.56625,0.4025308192,6.3246231079,,0.6,0.6666666666666666,0.0,1,-6.45282,0.3813868463,4.9494681358,,0.0666666666666666,0.2222222222222222,0.0,1,-6.88362,0.3801463246,6.1904907227,,0.4666666666666667,0.5555555555555556,0.0,1,-6.31868,0.3418013453,5.9650287628,,0.4,0.5555555555555556,0,1,-6.66129,0.294772923,5.7018637657,,0.1333333333333333,0.2222222222222222,0.0,1,10
ZINC000000622006,-6.3635,0.3134015799,6.3869037628,,0.5333333333333333,0.6666666666666666,0,1,-6.85234,0.2495787144,6.3011412621,,0.6,0.6666666666666666,0.0,1,-6.28701,0.2070426196,6.209549427,,0.6,0.6666666666666666,0,1,-7.78236,0.1903264076,5.6690039635,,0.1333333333333333,0.2222222222222222,0.0,1,-6.82152,0.1900047809,6.8269515038,,0.4666666666666667,0.5555555555555556,0,1,-7.42022,0.1848181039,6.424053669,,0.5333333333333333,0.6666666666666666,0.0,1,-7.91743,0.1578357518,5.9185776711,,0.3333333333333333,0.3333333333333333,0.0,1,-6.65018,0.1567292362,6.0709629059,,0.5333333333333333,0.6666666666666666,0.0,1,-7.79135,0.1542844921,5.2554240227,,0.1333333333333333,0.1111111111111111,0,1,-7.01617,0.153215304,5.3502326012,,0.2666666666666666,0.3333333333333333,0.0,1,10
ZINC000000622040,-7.38736,0.8831968307,7.2418704033,,0.4666666666666667,0.4444444444444444,0,1,-7.16919,0.8387221098,6.9081110954,,0.4666666666666667,0.4444444444444444,0.0,1,-7.10051,0.8233450055,6.7590355873,,0.4666666666666667,0.4444444444444444,0,1,-7.44375,0.7529287934,6.723651886,,0.0666666666666666,0.1111111111111111,0.0,1,-6.60442,0.7518310547,6.571044445,,0.4,0.4444444444444444,0,1,-7.13533,0.6898487806,6.7548675537,,0.2666666666666666,0.4444444444444444,0.0,1,-6.57054,0.5649333596,6.7391753197,,0.5333333333333333,0.5555555555555556,0.0,1,-6.81988,0.3732115626,5.959777832,,0.2,0.3333333333333333,0.0,1,-5.91499,0.3511648476,5.6052889824,,0.2666666666666666,0.3333333333333333,0,1,-6.29552,0.3427393138,5.9955792427,,0.2666666666666666,0.4444444444444444,0.0,1,10
ZINC000000622047,-8.32373,0.8225590587,7.2516322136,,0.2666666666666666,0.4444444444444444,0,1,-8.14981,0.8051733971,6.8204627037,,0.2666666666666666,0.4444444444444444,0.0,1,-8.49479,0.5901236534,5.7220921516,,0.1333333333333333,0.2222222222222222,0,1,-7.81615,0.5157465935,6.0460591316,,0.3333333333333333,0.5555555555555556,0.0,1,-8.82503,0.4650970697,6.4807434082,,0.3333333333333333,0.4444444444444444,0,1,-7.14412,0.4454059303,5.9019989967,,0.3333333333333333,0.5555555555555556,0.0,1,-8.87351,0.4354360104,6.4287896156,,0.3333333333333333,0.4444444444444444,0.0,1,-7.3025,0.4145700932,5.8268008232,,0.3333333333333333,0.5555555555555556,0.0,1,-7.56907,0.3937641382,5.8898429871,,0.3333333333333333,0.5555555555555556,0,1,-7.64232,0.3499608636,5.327521801,,0.2666666666666666,0.4444444444444444,0.0,1,10
ZINC000000622055,-8.0316,0.8638707995,6.9780135155,,0.5333333333333333,0.6666666666666666,0,1,-7.85017,0.7905590534,7.2138638496,,0.3333333333333333,0.5555555555555556,0.0,1,-6.79524,0.720818162,6.8990368843,,0.3333333333333333,0.4444444444444444,0,1,-6.25131,0.5847386718,6.5038971901,,0.4666666666666667,0.6666666666666666,0.0,1,-7.7047,0.5646269321,6.7389578819,,0.4,0.5555555555555556,0,1,-7.50293,0.5502251387,6.8692231178,,0.2666666666666666,0.4444444444444444,0.0,1,-6.32614,0.5378525257,6.8166594505,,0.4,0.7777777777777778,0.0,1,-7.75733,0.5037223697,6.7960019112,,0.2,0.3333333333333333,0.0,1,-6.28625,0.489813596,6.6428050995,,0.4,0.5555555555555556,0,1,-6.80398,0.3749734163,6.4741568565,,0.3333333333333333,0.4444444444444444,0.0,1,10
ZINC000000622063,-9.65874,0.9494286776,7.668361187,,0.6,0.8888888888888888,0,1,-8.31536,0.7771151066,7.2160038948,,0.4666666666666667,0.7777777777777778,0.0,1,-7.8131,0.680595696,7.2413172722,,0.6,0.6666666666666666,0,1,-9.24675,0.5471183062,6.7325234413,,0.4666666666666667,0.6666666666666666,0.0,1,-7.29904,0.4274290204,6.7447504997,,0.2666666666666666,0.4444444444444444,0,1,-7.0306,0.3069613576,5.8943767548,,0.2,0.3333333333333333,0.0,1,-8.87463,0.3037117124,6.4509129524,,0.3333333333333333,0.4444444444444444,0.0,1,-8.58319,0.284180522,6.5165748596,,0.2666666666666666,0.4444444444444444,0.0,1,-8.54261,0.2702647448,6.3272533417,,0.4,0.5555555555555556,0,1,-8.44052,0.2458951473,6.539334774,,0.2666666666666666,0.4444444444444444,0.0,1,10
ZINC000000622136,-7.66059,0.8985190988,6.6522197723,,0.5333333333333333,0.5555555555555556,0,1,-6.45251,0.8843862414,6.7686481476,,0.3333333333333333,0.4444444444444444,0.0,1,-6.46765,0.8839747906,7.1157240868,,0.5333333333333333,0.5555555555555556,0,1,-7.40727,0.8320761919,7.1070094109,,0.6,0.6666666666666666,0.0,1,-6.25441,0.7282259464,6.4023823738,,0.2,0.3333333333333333,0,1,-7.12584,0.6471007466,6.2248549461,,0.4,0.5555555555555556,0.0,1,-6.37078,0.571187079,6.8114409447,,0.6,0.6666666666666666,0.0,1,-7.16326,0.5700300932,6.8137512207,,0.6,0.6666666666666666,0.0,1,-6.84272,0.5211690664,6.7450346947,,0.6,0.6666666666666666,0,1,-7.25951,0.4269844294,5.9524435997,,0.3333333333333333,0.4444444444444444,0.0,1,10
ZINC000000622145,-8.52074,0.6583618522,6.2467417717,,0.4,0.5555555555555556,0,1,-9.82524,0.654705286,5.6798934937,,0.0666666666666666,0.1111111111111111,0.0,1,-7.29781,0.5985798836,4.6971898079,,0.1333333333333333,0.3333333333333333,0,1,-9.85129,0.5761466622,5.4309382439,,0.2,0.3333333333333333,0.0,1,-9.8297,0.5738561153,5.4184365273,,0.2,0.3333333333333333,0,1,-7.47862,0.5384970307,5.4311528206,,0.4,0.3333333333333333,0.0,1,-8.70235,0.5312517285,4.4075665474,,0.1333333333333333,0.3333333333333333,0.0,1,-7.92015,0.5107722878,4.8540744781,,0.2666666666666666,0.3333333333333333,0.0,1,-7.81919,0.4885614812,4.4661478996,,0.1333333333333333,0.3333333333333333,0,1,-7.34491,0.4683737159,4.1361522675,,0.0666666666666666,0.1111111111111111,0.0,1,10
ZINC000000622201,-6.97713,0.6587839127,6.0508303642,,0.0,0.1111111111111111,0,1,-7.5016,0.6019363403,5.4428973198,,0.5333333333333333,0.6666666666666666,0.0,1,-6.95651,0.4343114495,5.3771114349,,0.0666666666666666,0.1111111111111111,0,1,-6.91365,0.4127494395,5.3097710609,,0.1333333333333333,0.2222222222222222,0.0,1,-7.92413,0.3232827485,6.0949053764,,0.2,0.3333333333333333,0,1,-7.51553,0.3188030422,5.4540557861,,0.0666666666666666,0.1111111111111111,0.0,1,-7.88111,0.3118687272,6.1541714668,,0.4666666666666667,0.4444444444444444,0.0,1,-7.95738,0.3035355806,5.8808150291,,0.2666666666666666,0.3333333333333333,0.0,1,-7.81807,0.2657187581,5.6104297638,,0.1333333333333333,0.2222222222222222,0,1,-6.84178,0.2122700065,5.3553767204,,0.2,0.3333333333333333,0.0,1,10
ZINC000000622221,-5.39939,0.9552108049,6.3317241669,,0.5333333333333333,0.6666666666666666,0,1,-6.08629,0.8321450949,6.2951049805,,0.2,0.3333333333333333,0.0,1,-6.55466,0.7794241309,6.1320991516,,0.4,0.4444444444444444,0,1,-6.11705,0.5676454306,5.8577141762,,0.3333333333333333,0.4444444444444444,0.0,1,-7.23186,0.5273044109,5.7139487267,,0.1333333333333333,0.2222222222222222,0,1,-7.22282,0.5014560819,5.549592495,,0.1333333333333333,0.2222222222222222,0.0,1,-7.00864,0.4528260529,5.3846030235,,0.0666666666666666,0.2222222222222222,0.0,1,-5.77906,0.3455753326,5.2196221352,,0.1333333333333333,0.2222222222222222,0.0,1,-6.40354,0.3371223509,5.4933953285,,0.2,0.3333333333333333,0,1,-6.63922,0.3301292062,4.971013546,,0.0666666666666666,0.1111111111111111,0.0,1,10
ZINC000000622233,-8.56208,0.9351007938,7.6159310341,,0.5333333333333333,0.6666666666666666,0,1,-8.89466,0.934782207,7.7944431305,,0.7333333333333333,0.8888888888888888,0.0,1,-7.05475,0.814789474,7.4931635857,,0.5333333333333333,0.6666666666666666,0,1,-6.40935,0.5647395253,7.0570468903,,0.4666666666666667,0.6666666666666666,0.0,1,-8.67278,0.5551558733,7.235013485,,0.2,0.2222222222222222,0,1,-7.01874,0.4940108955,6.5447540283,,0.2,0.2222222222222222,0.0,1,-7.54925,0.4554941058,6.9461903572,,0.2666666666666666,0.3333333333333333,0.0,1,-7.65029,0.4303032458,6.6743235588,,0.3333333333333333,0.4444444444444444,0.0,1,-6.73674,0.3826776147,6.1683297157,,0.2,0.3333333333333333,0,1,-6.23574,0.3510294855,6.228061676,,0.2666666666666666,0.4444444444444444,0.0,1,10
ZINC000000622249,-6.99018,0.8363659978,7.2625346184,,0.6666666666666666,0.8888888888888888,0,1,-6.66619,0.7944663167,6.6416778564,,0.3333333333333333,0.3333333333333333,0.0,1,-7.53592,0.7230562568,6.0389389992,,0.2666666666666666,0.3333333333333333,0,1,-7.66523,0.6015040278,6.1953806877,,0.2,0.3333333333333333,0.0,1,-6.41744,0.5595627427,6.4499936104,,0.4,0.5555555555555556,0,1,-7.38461,0.5078165531,6.3003258705,,0.2666666666666666,0.4444444444444444,0.0,1,-7.48018,0.4375648797,6.0531907082,,0.2,0.3333333333333333,0.0,1,-6.08474,0.279613018,5.1321983337,,0.2,0.2222222222222222,0.0,1,-7.13938,0.2748898566,5.8706688881,,0.2666666666666666,0.4444444444444444,0,1,-6.24335,0.237990737,4.1663150787,,0.0666666666666666,0.1111111111111111,0.0,1,10
ZINC000000622259,-6.92074,0.824470818,7.172431469,,0.4666666666666667,0.7777777777777778,0,1,-6.90241,0.7952564955,7.3367671967,,0.5333333333333333,0.6666666666666666,0.0,1,-7.05485,0.7299776673,7.1523895264,,0.3333333333333333,0.5555555555555556,0,1,-6.69297,0.4873641431,6.1679339409,,0.4,0.6666666666666666,0.0,1,-6.53059,0.4097156525,6.2086777687,,0.5333333333333333,0.7777777777777778,0,1,-6.76665,0.3395341039,5.9660286903,,0.4,0.4444444444444444,0.0,1,-6.45378,0.3285101652,5.6699676514,,0.1333333333333333,0.3333333333333333,0.0,1,-6.59368,0.3255711496,6.311794281,,0.1333333333333333,0.3333333333333333,0.0,1,-6.58204,0.3209983408,6.2058787346,,0.2,0.3333333333333333,0,1,-6.85281,0.2722033858,5.3436894417,,0.1333333333333333,0.2222222222222222,0.0,1,10
ZINC000000622299,-7.65796,0.6011071801,5.2109332085,,0.0,0.1111111111111111,0,1,-7.12409,0.4837147593,5.1588578224,,0.0,0.1111111111111111,0.0,1,-7.5205,0.4249676168,4.9771323204,,0.0666666666666666,0.2222222222222222,0,1,-7.85117,0.297151804,5.5895133018,,0.2666666666666666,0.3333333333333333,0.0,1,-8.4353,0.2700738907,5.7613883018,,0.2666666666666666,0.3333333333333333,0,1,-6.92106,0.2608915567,4.9829053879,,0.2666666666666666,0.4444444444444444,0.0,1,-7.26319,0.2499982417,5.2333102226,,0.0666666666666666,0.1111111111111111,0.0,1,-7.05311,0.2326404154,5.0099453926,,0.1333333333333333,0.3333333333333333,0.0,1,-8.01225,0.2258063555,5.570980072,,0.2,0.2222222222222222,0,1,-8.34565,0.2210246176,5.5754542351,,0.1333333333333333,0.2222222222222222,0.0,1,10
ZINC000000622325,-7.85212,0.7276343107,7.0647673607,,0.2666666666666666,0.4444444444444444,0,1,-7.69537,0.5652706027,6.7978897095,,0.3333333333333333,0.4444444444444444,0.0,1,-7.21231,0.5189874768,5.8969750404,,0.1333333333333333,0.2222222222222222,0,1,-7.06534,0.4334733188,5.772808075,,0.2666666666666666,0.4444444444444444,0.0,1,-7.1906,0.3614034951,6.2260107994,,0.4,0.5555555555555556,0,1,-7.63136,0.3609088659,5.8762068748,,0.1333333333333333,0.2222222222222222,0.0,1,-7.13174,0.3284882605,6.1061434746,,0.2666666666666666,0.4444444444444444,0.0,1,-8.0474,0.3244349658,5.9562754631,,0.2666666666666666,0.4444444444444444,0.0,1,-7.90443,0.3223387599,5.9160575867,,0.2666666666666666,0.4444444444444444,0,1,-7.69326,0.321713239,6.2561850548,,0.2,0.3333333333333333,0.0,1,10
ZINC000000622340,-7.64939,0.8956442475,6.0977578163,,0.6,0.6666666666666666,0,1,-7.62285,0.8937028646,6.2068514824,,0.6666666666666666,0.7777777777777778,0.0,1,-7.60037,0.8655939698,6.1906471252,,0.6,0.6666666666666666,0,1,-7.29918,0.8649160862,6.1614646912,,0.5333333333333333,0.6666666666666666,0.0,1,-5.76194,0.4037261009,5.0941720009,,0.2666666666666666,0.4444444444444444,0,1,-5.40511,0.3475220203,5.4409241676,,0.3333333333333333,0.3333333333333333,0.0,1,-6.02315,0.3385851979,5.1213297844,,0.3333333333333333,0.5555555555555556,0.0,1,-5.86785,0.3170211315,5.9586029053,,0.5333333333333333,0.5555555555555556,0.0,1,-5.72005,0.2567110658,4.6719927788,,0.0666666666666666,0.1111111111111111,0,1,-7.53957,0.2473906577,3.9925882816,,0.2,0.3333333333333333,0.0,1,10
ZINC000000622348,-6.45615,0.834289968,5.3740954399,,0.3333333333333333,0.4444444444444444,0,1,-7.01107,0.8085708618,5.1955733299,,0.3333333333333333,0.4444444444444444,0.0,1,-7.26855,0.795250237,5.1378974915,,0.2666666666666666,0.4444444444444444,0,1,-7.22086,0.7911208868,5.1706562042,,0.2,0.3333333333333333,0.0,1,-7.06809,0.7893686891,5.2146906853,,0.4,0.5555555555555556,0,1,-6.69542,0.7445049882,4.7424221039,,0.2666666666666666,0.4444444444444444,0.0,1,-7.30504,0.7316542268,5.0551815033,,0.2666666666666666,0.4444444444444444,0.0,1,-5.43737,0.6967308521,5.0566902161,,0.2,0.3333333333333333,0.0,1,-6.39515,0.6861408949,4.8370919228,,0.4,0.4444444444444444,0,1,-5.74836,0.6327860355,4.580927372,,0.1333333333333333,0.2222222222222222,0.0,1,10
ZINC000000622360,-8.62728,0.9388414025,7.5396342278,,0.5333333333333333,0.5555555555555556,0,1,-8.60696,0.7940070033,7.1685032845,,0.2666666666666666,0.4444444444444444,0.0,1,-8.25836,0.5810722709,6.599861145,,0.3333333333333333,0.4444444444444444,0,1,-7.26541,0.5791993141,5.8916511536,,0.2666666666666666,0.3333333333333333,0.0,1,-7.20641,0.5764452815,6.9571499825,,0.6,0.6666666666666666,0,1,-6.96067,0.5290968418,6.112537384,,0.4666666666666667,0.5555555555555556,0.0,1,-8.25181,0.489628166,6.6871643066,,0.3333333333333333,0.4444444444444444,0.0,1,-7.15722,0.4589263797,6.6363272667,,0.4,0.4444444444444444,0.0,1,-7.77211,0.4226529598,6.4758586884,,0.2,0.3333333333333333,0,1,-7.19453,0.3717420697,6.6791729927,,0.5333333333333333,0.6666666666666666,0.0,1,10
ZINC000000622367,-7.23864,0.859844625,6.6505913734,,0.4666666666666667,0.5555555555555556,0,1,-6.20629,0.809963882,6.8653149605,,0.2666666666666666,0.4444444444444444,0.0,1,-6.54365,0.8016095757,6.5945734978,,0.4666666666666667,0.5555555555555556,0,1,-6.35228,0.5478263497,6.2327041626,,0.2666666666666666,0.3333333333333333,0.0,1,-7.33693,0.5362481475,6.5254473686,,0.2666666666666666,0.4444444444444444,0,1,-7.34525,0.5214622617,6.1875739098,,0.2666666666666666,0.4444444444444444,0.0,1,-6.10577,0.4853095114,5.1996078491,,0.0,0.1111111111111111,0.0,1,-6.5594,0.4463094473,5.8351383209,,0.2,0.3333333333333333,0.0,1,-6.24454,0.445576638,6.0970931053,,0.2,0.3333333333333333,0,1,-7.2098,0.4414698184,5.6150126457,,0.2,0.3333333333333333,0.0,1,10
ZINC000000622379,-7.35814,0.4864922464,6.213947773,,0.3333333333333333,0.3333333333333333,0,1,-6.78767,0.4674790502,5.8223323822,,0.0,0.1111111111111111,0.0,1,-7.40792,0.4491721988,5.5005297661,,0.0,0.1111111111111111,0,1,-6.56121,0.4146477878,5.678873539,,0.0,0.1111111111111111,0.0,1,-7.18587,0.3783845901,5.4689993858,,0.0,0.1111111111111111,0,1,-6.86807,0.3334228992,5.4998354912,,0.0666666666666666,0.2222222222222222,0.0,1,-6.86263,0.2846220136,6.0213055611,,0.0666666666666666,0.2222222222222222,0.0,1,-6.77215,0.2826481164,5.4050498009,,0.0666666666666666,0.2222222222222222,0.0,1,-8.15737,0.2713773847,5.6153969765,,0.1333333333333333,0.2222222222222222,0,1,-7.25797,0.2639178634,5.831823349,,0.1333333333333333,0.2222222222222222,0.0,1,10
ZINC000000622393,-7.95747,0.6496389508,6.6999974251,,0.2666666666666666,0.4444444444444444,0,1,-7.90236,0.5837541819,6.6528534889,,0.2,0.3333333333333333,0.0,1,-7.23587,0.3896888196,6.8228840828,,0.4,0.5555555555555556,0,1,-7.20777,0.3531776071,6.4858193398,,0.5333333333333333,0.7777777777777778,0.0,1,-7.31805,0.330635637,6.2669625282,,0.5333333333333333,0.6666666666666666,0,1,-7.54065,0.3291914463,6.4701704979,,0.4,0.6666666666666666,0.0,1,-7.30978,0.2842062414,6.5114688873,,0.4666666666666667,0.6666666666666666,0.0,1,-6.92514,0.2578519881,5.7735848427,,0.5333333333333333,0.7777777777777778,0.0,1,-7.16553,0.2557088733,6.3398718834,,0.4,0.6666666666666666,0,1,-7.34016,0.2475414723,6.2786698341,,0.4,0.6666666666666666,0.0,1,10
ZINC000000622406,-6.83777,0.4212495089,6.698123455,,0.0666666666666666,0.2222222222222222,0,1,-5.99106,0.3436617255,6.3033413887,,0.2666666666666666,0.3333333333333333,0.0,1,-6.19589,0.2864351273,5.9392991066,,0.2,0.2222222222222222,0,1,-7.85164,0.2830432057,6.3995552063,,0.0666666666666666,0.1111111111111111,0.0,1,-6.87881,0.2525606453,5.7473731041,,0.0,0.1111111111111111,0,1,-7.02288,0.2499042451,5.7961959839,,0.0,0.1111111111111111,0.0,1,-6.48307,0.2411689013,5.4845890999,,0.0,0.1111111111111111,0.0,1,-7.31356,0.2382641435,5.7264208794,,0.0666666666666666,0.1111111111111111,0.0,1,-7.19567,0.2285474241,6.4848475456,,0.3333333333333333,0.4444444444444444,0,1,-7.52855,0.2124721408,5.6642475128,,0.1333333333333333,0.2222222222222222,0.0,1,10
ZINC000000622410,-6.0641,0.593285799,6.7654857635,,0.2666666666666666,0.3333333333333333,0,1,-6.58359,0.4189996421,5.6609115601,,0.3333333333333333,0.4444444444444444,0.0,1,-6.68488,0.2715161741,5.0963931084,,0.1333333333333333,0.2222222222222222,0,1,-6.7251,0.2336446345,5.3620762825,,0.2666666666666666,0.3333333333333333,0.0,1,-7.22077,0.2284208536,5.6668066978,,0.2666666666666666,0.3333333333333333,0,1,-7.75248,0.2214628756,5.6388239861,,0.1333333333333333,0.3333333333333333,0.0,1,-6.2057,0.2182145417,5.1097583771,,0.3333333333333333,0.3333333333333333,0.0,1,-6.35259,0.2141238153,4.5875182152,,0.1333333333333333,0.2222222222222222,0.0,1,-6.08286,0.2079770863,4.2222394943,,0.0666666666666666,0.2222222222222222,0,1,-6.11823,0.1998486519,5.1499152184,,0.4,0.4444444444444444,0.0,1,10
ZINC000000622429,-7.99418,0.3179291189,6.3072566986,,0.3333333333333333,0.4444444444444444,0,1,-6.58142,0.2985186279,5.8795895576,,0.1333333333333333,0.2222222222222222,0.0,1,-8.38982,0.2644858956,5.429163456,,0.0666666666666666,0.2222222222222222,0,1,-8.7368,0.2597471774,5.5602626801,,0.0666666666666666,0.2222222222222222,0.0,1,-7.21478,0.2555101216,5.5136475563,,0.0666666666666666,0.2222222222222222,0,1,-8.7155,0.2420514673,5.4902224541,,0.0666666666666666,0.2222222222222222,0.0,1,-8.4533,0.219340995,5.270658493,,0.0666666666666666,0.2222222222222222,0.0,1,-8.64244,0.2172800303,5.4534316063,,0.0,0.1111111111111111,0.0,1,-7.67945,0.1968467385,5.2456326485,,0.1333333333333333,0.3333333333333333,0,1,-7.23008,0.1949975193,5.3556518555,,0.0,0.1111111111111111,0.0,1,10
ZINC000000622430,-6.11685,0.5204822421,4.6568832397,,0.0,0.0,0,1,-6.97909,0.4198025465,4.6896362305,,0.0666666666666666,0.1111111111111111,0.0,1,-6.20372,0.3737643659,4.3876023293,,0.0666666666666666,0.1111111111111111,0,1,-7.35349,0.2695005238,4.4460506439,,0.0,0.1111111111111111,0.0,1,-6.34682,0.2473677844,4.2291874886,,0.2,0.2222222222222222,0,1,-6.49589,0.2380541414,4.6099219322,,0.0,0.1111111111111111,0.0,1,-7.60324,0.2373964489,4.4509282112,,0.0,0.1111111111111111,0.0,1,-6.9356,0.2156787068,4.3030142784,,0.0,0.1111111111111111,0.0,1,-6.80798,0.2019748837,4.3682727814,,0.1333333333333333,0.2222222222222222,0,1,-6.48861,0.1851272732,4.6336994171,,0.0,0.1111111111111111,0.0,1,10
ZINC000000622439,-8.56899,0.7775753736,7.2762932777,,0.4666666666666667,0.7777777777777778,0,1,-7.35197,0.6879845858,6.8471474648,,0.4666666666666667,0.6666666666666666,0.0,1,-8.94149,0.6763832569,7.3382210732,,0.4,0.6666666666666666,0,1,-8.45476,0.6464661956,6.9146857262,,0.4,0.6666666666666666,0.0,1,-8.79494,0.5652377605,6.7924690247,,0.2666666666666666,0.5555555555555556,0,1,-7.74911,0.5585541725,6.9461536407,,0.5333333333333333,0.5555555555555556,0.0,1,-8.3223,0.4652745128,6.7906451225,,0.5333333333333333,0.6666666666666666,0.0,1,-8.48754,0.3792519271,6.5744147301,,0.2,0.3333333333333333,0.0,1,-7.43591,0.341798991,5.4134979248,,0.2,0.2222222222222222,0,1,-8.1861,0.2550736964,5.8335433006,,0.0666666666666666,0.2222222222222222,0.0,1,10
ZINC000000622454,-7.17243,0.6043784618,6.6845536232,,0.6,0.7777777777777778,0,1,-6.83594,0.5453928709,6.5160021782,,0.1333333333333333,0.2222222222222222,0.0,1,-6.60941,0.5337543488,6.5068831444,,0.6,0.7777777777777778,0,1,-6.46249,0.4594694078,6.6916518211,,0.2,0.4444444444444444,0.0,1,-6.77037,0.4328157306,6.2890400887,,0.1333333333333333,0.2222222222222222,0,1,-6.84813,0.3955825567,6.6328101158,,0.4666666666666667,0.4444444444444444,0.0,1,-6.44493,0.3921262324,4.9420399666,,0.0,0.1111111111111111,0.0,1,-6.70957,0.3724664748,6.6446347237,,0.4,0.4444444444444444,0.0,1,-6.79787,0.315595299,5.3628692627,,0.0,0.1111111111111111,0,1,-6.59937,0.3067980111,6.4283332825,,0.4,0.4444444444444444,0.0,1,10
ZINC000000622457,-7.38403,0.8625453711,7.0402393341,,0.4666666666666667,0.5555555555555556,0,1,-6.18437,0.7007520199,6.6653609276,,0.3333333333333333,0.4444444444444444,0.0,1,-6.16467,0.6789553761,6.6607604027,,0.6666666666666666,0.8888888888888888,0,1,-6.20583,0.5040715933,6.3772754669,,0.2666666666666666,0.4444444444444444,0.0,1,-6.26794,0.3756919205,6.3524842262,,0.2,0.3333333333333333,0,1,-6.43575,0.2845402658,6.25633955,,0.3333333333333333,0.5555555555555556,0.0,1,-6.27634,0.2820663154,5.1264967918,,0.1333333333333333,0.2222222222222222,0.0,1,-6.77637,0.2596845925,6.0402884483,,0.3333333333333333,0.5555555555555556,0.0,1,-6.35467,0.2547956109,4.9501566887,,0.1333333333333333,0.2222222222222222,0,1,-6.61427,0.2324228585,6.1367173195,,0.1333333333333333,0.2222222222222222,0.0,1,10
ZINC000000622459,-7.61088,0.7652470469,6.4234809875,,0.5333333333333333,0.5555555555555556,0,1,-6.65,0.6699184775,5.5446572304,,0.0,0.1111111111111111,0.0,1,-6.28944,0.5671535134,5.6894211769,,0.5333333333333333,0.6666666666666666,0,1,-6.28165,0.4860724509,5.5602593422,,0.4,0.4444444444444444,0.0,1,-7.13244,0.4486421049,4.5944285393,,0.0,0.1111111111111111,0,1,-6.81732,0.3707309067,4.9148135185,,0.0666666666666666,0.2222222222222222,0.0,1,-6.33667,0.3426925242,5.2770733833,,0.4666666666666667,0.5555555555555556,0.0,1,-5.99262,0.333866626,4.72914505,,0.4,0.5555555555555556,0.0,1,-6.0481,0.3239632249,4.9765467644,,0.2666666666666666,0.3333333333333333,0,1,-6.56783,0.3179260492,4.6593813896,,0.1333333333333333,0.3333333333333333,0.0,1,10
ZINC000000622461,-5.54863,0.8433232903,6.407307148,,0.4666666666666667,0.6666666666666666,0,1,-5.31409,0.4086005986,5.143497467,,0.0666666666666666,0.2222222222222222,0.0,1,-6.0565,0.3800758719,6.1797032356,,0.4666666666666667,0.4444444444444444,0,1,-5.80179,0.2935676277,4.1913256645,,0.0666666666666666,0.1111111111111111,0.0,1,-5.50995,0.2879486084,5.0517616272,,0.1333333333333333,0.2222222222222222,0,1,-6.42081,0.2738602459,4.6284708977,,0.1333333333333333,0.2222222222222222,0.0,1,-5.497,0.2731442451,4.9256501198,,0.1333333333333333,0.2222222222222222,0.0,1,-6.39537,0.2704783082,4.5528717041,,0.0666666666666666,0.2222222222222222,0.0,1,-5.71822,0.2517953515,4.7074069977,,0.1333333333333333,0.2222222222222222,0,1,-5.7614,0.2511588931,4.6801695824,,0.1333333333333333,0.2222222222222222,0.0,1,10
ZINC000000622462,-7.62107,0.866676867,7.0384688377,,0.4666666666666667,0.6666666666666666,0,1,-6.96762,0.8491714001,6.8517594337,,0.6,0.6666666666666666,0.0,1,-7.36322,0.7599129081,6.7578449249,,0.6,0.8888888888888888,0,1,-7.29249,0.7358025312,6.6452345848,,0.5333333333333333,0.8888888888888888,0.0,1,-7.73713,0.6992735267,6.8731160164,,0.2,0.2222222222222222,0,1,-7.13671,0.690726459,6.6365494728,,0.4,0.5555555555555556,0.0,1,-7.52095,0.6897982955,6.6166157722,,0.3333333333333333,0.4444444444444444,0.0,1,-6.8049,0.46611166,6.037381649,,0.5333333333333333,0.6666666666666666,0.0,1,-7.23145,0.4531414509,6.5722165108,,0.6,0.6666666666666666,0,1,-6.75249,0.4082011282,5.9631180763,,0.2666666666666666,0.3333333333333333,0.0,1,10
ZINC000000622479,-8.90195,0.7742590308,7.6764526367,,0.4,0.4444444444444444,0,1,-9.06194,0.7445484996,7.6152720451,,0.4,0.5555555555555556,0.0,1,-9.80568,0.6914627552,7.5986571312,,0.4,0.5555555555555556,0,1,-7.72913,0.6384353638,7.497525692,,0.5333333333333333,0.6666666666666666,0.0,1,-9.86755,0.6282162666,7.3987746239,,0.4,0.5555555555555556,0,1,-9.74307,0.6256211996,7.3891177177,,0.3333333333333333,0.4444444444444444,0.0,1,-9.93338,0.620944798,7.2253203392,,0.4,0.5555555555555556,0.0,1,-8.82187,0.599322319,7.504301548,,0.4,0.5555555555555556,0.0,1,-9.86195,0.588103354,7.4565529823,,0.3333333333333333,0.4444444444444444,0,1,-7.92796,0.496504128,7.3556919098,,0.2666666666666666,0.3333333333333333,0.0,1,10
ZINC000000622490,-8.17368,0.9301668406,7.6852459908,,0.7333333333333333,0.6666666666666666,0,1,-8.70537,0.7973524928,7.4360752106,,0.5333333333333333,0.5555555555555556,0.0,1,-9.05506,0.7925531864,7.0356183052,,0.4,0.5555555555555556,0,1,-8.97539,0.7679014802,7.0634827614,,0.4666666666666667,0.5555555555555556,0.0,1,-8.50368,0.6882682443,7.3353323936,,0.5333333333333333,0.6666666666666666,0,1,-9.11563,0.6873306632,7.2073988914,,0.6,0.5555555555555556,0.0,1,-8.68356,0.6732642651,7.2572536469,,0.4666666666666667,0.5555555555555556,0.0,1,-8.78274,0.6646635532,7.222386837,,0.5333333333333333,0.6666666666666666,0.0,1,-8.43684,0.6047984362,7.1535210609,,0.6666666666666666,0.7777777777777778,0,1,-8.41318,0.5787499547,7.1879162788,,0.5333333333333333,0.5555555555555556,0.0,1,10
ZINC000000622504,-6.85456,0.5336466432,6.7064528465,,0.4,0.4444444444444444,0,1,-9.97456,0.4669016004,6.7877845764,,0.2666666666666666,0.4444444444444444,0.0,1,-8.45642,0.4448037744,6.8018231392,,0.2666666666666666,0.4444444444444444,0,1,-8.13294,0.4273161888,6.661626339,,0.5333333333333333,0.7777777777777778,0.0,1,-9.94878,0.3997322917,6.6262812614,,0.3333333333333333,0.5555555555555556,0,1,-9.76354,0.3913100958,6.4415931702,,0.2666666666666666,0.4444444444444444,0.0,1,-8.39851,0.3663192391,6.594543457,,0.3333333333333333,0.5555555555555556,0.0,1,-9.71323,0.3588631749,6.2666172981,,0.2666666666666666,0.4444444444444444,0.0,1,-9.4519,0.3457278013,6.1806197166,,0.3333333333333333,0.6666666666666666,0,1,-7.56409,0.2627717853,6.1925888062,,0.2666666666666666,0.5555555555555556,0.0,1,10
ZINC000000622522,-8.02501,0.853423059,7.4779658318,,0.6,0.7777777777777778,0,1,-7.82688,0.8024708033,7.4249119759,,0.4,0.6666666666666666,0.0,1,-8.61966,0.7702386975,7.3277449608,,0.6666666666666666,0.8888888888888888,0,1,-8.87908,0.6784979105,7.2925038338,,0.5333333333333333,0.6666666666666666,0.0,1,-8.51453,0.6476357579,7.1852355003,,0.5333333333333333,0.6666666666666666,0,1,-8.09789,0.5718454123,6.8218765259,,0.4666666666666667,0.5555555555555556,0.0,1,-9.14007,0.540628314,7.0525259972,,0.6,0.6666666666666666,0.0,1,-8.19043,0.4982237518,7.2663340569,,0.5333333333333333,0.5555555555555556,0.0,1,-8.76546,0.4381321967,7.0287022591,,0.3333333333333333,0.4444444444444444,0,1,-7.94208,0.4037926495,6.8325896263,,0.3333333333333333,0.4444444444444444,0.0,1,10
ZINC000000622564,-8.76459,0.7141183615,6.8948025703,,0.4666666666666667,0.5555555555555556,0,1,-8.6033,0.3391541839,6.3827381134,,0.3333333333333333,0.4444444444444444,0.0,1,-8.33124,0.335416615,6.3427987099,,0.2666666666666666,0.4444444444444444,0,1,-8.73463,0.3171652257,6.2350583076,,0.4666666666666667,0.4444444444444444,0.0,1,-8.55584,0.315593183,6.3124451637,,0.1333333333333333,0.2222222222222222,0,1,-7.86563,0.2881842554,5.4567933083,,0.2,0.3333333333333333,0.0,1,-7.44865,0.2751630545,5.1140518188,,0.0666666666666666,0.2222222222222222,0.0,1,-7.95572,0.2748605013,4.9224300385,,0.0,0.1111111111111111,0.0,1,-8.29889,0.2505941987,5.7640385628,,0.2,0.3333333333333333,0,1,-7.5174,0.2287501395,6.1994681358,,0.3333333333333333,0.4444444444444444,0.0,1,10
ZINC000000622618,-7.66981,0.7113128901,7.0300555229,,0.4666666666666667,0.5555555555555556,0,1,-8.10029,0.5942459106,7.1335659027,,0.4666666666666667,0.5555555555555556,0.0,1,-7.80805,0.4855319858,6.7369117737,,0.3333333333333333,0.5555555555555556,0,1,-8.21509,0.4425422847,6.7802176476,,0.4666666666666667,0.5555555555555556,0.0,1,-8.10165,0.4191308022,6.8880667686,,0.2666666666666666,0.3333333333333333,0,1,-8.13293,0.3708296716,6.3052277565,,0.3333333333333333,0.4444444444444444,0.0,1,-7.50538,0.34405756,6.3646030426,,0.3333333333333333,0.4444444444444444,0.0,1,-7.40637,0.3417685926,6.4563784599,,0.2666666666666666,0.3333333333333333,0.0,1,-8.07364,0.2853147388,6.317636013,,0.3333333333333333,0.4444444444444444,0,1,-7.52173,0.254690975,6.4054870605,,0.4,0.5555555555555556,0.0,1,10
ZINC000000622650,-8.58675,0.632166028,7.0812602043,,0.3333333333333333,0.4444444444444444,0,1,-9.10561,0.5656936765,7.2103614807,,0.4,0.4444444444444444,0.0,1,-8.13042,0.5477871895,6.2853622437,,0.4,0.5555555555555556,0,1,-8.39214,0.5149933696,6.7915863991,,0.3333333333333333,0.4444444444444444,0.0,1,-9.31742,0.5120095611,6.7510795593,,0.2,0.3333333333333333,0,1,-8.84522,0.5047544837,6.6394658089,,0.2666666666666666,0.5555555555555556,0.0,1,-8.89614,0.4333501756,6.7783923149,,0.2666666666666666,0.3333333333333333,0.0,1,-8.81289,0.4015879035,6.7263870239,,0.3333333333333333,0.4444444444444444,0.0,1,-8.55757,0.3414678276,5.9951024055,,0.3333333333333333,0.4444444444444444,0,1,-9.46738,0.3322164416,6.4675955772,,0.2,0.3333333333333333,0.0,1,10
ZINC000000622705,-7.56101,0.8066149354,6.9993567467,,0.6,0.6666666666666666,0,1,-9.45824,0.4661467671,6.6756005287,,0.2,0.4444444444444444,0.0,1,-9.51309,0.4644179642,6.6632709503,,0.2,0.4444444444444444,0,1,-8.92327,0.4611109495,6.4601745605,,0.3333333333333333,0.4444444444444444,0.0,1,-8.68668,0.3707085848,6.3972263336,,0.3333333333333333,0.3333333333333333,0,1,-8.78293,0.3315058053,6.4086985588,,0.3333333333333333,0.4444444444444444,0.0,1,-8.59219,0.3249173164,6.3720469475,,0.4,0.4444444444444444,0.0,1,-7.60252,0.2680203617,6.2125244141,,0.3333333333333333,0.5555555555555556,0.0,1,-8.15718,0.266310215,6.2802653313,,0.1333333333333333,0.3333333333333333,0,1,-6.94881,0.2518441975,5.7495427132,,0.0666666666666666,0.2222222222222222,0.0,1,10
ZINC000000622719,-7.06517,0.7571516037,6.7653884888,,0.5333333333333333,0.7777777777777778,0,1,-6.91788,0.5950868726,5.5892028809,,0.3333333333333333,0.4444444444444444,0.0,1,-6.79491,0.578984499,6.7185311317,,0.6666666666666666,0.6666666666666666,0,1,-6.12497,0.5345499516,5.6407985687,,0.0666666666666666,0.1111111111111111,0.0,1,-6.25276,0.4973258972,6.1839928627,,0.1333333333333333,0.1111111111111111,0,1,-6.79407,0.4784805775,6.1141452789,,0.4666666666666667,0.6666666666666666,0.0,1,-6.20322,0.4480065405,6.0872969627,,0.2,0.2222222222222222,0.0,1,-6.14101,0.4101273417,5.5250611305,,0.0666666666666666,0.1111111111111111,0.0,1,-5.98011,0.3324933648,5.9719052315,,0.1333333333333333,0.1111111111111111,0,1,-6.44343,0.3149108291,5.8212542534,,0.1333333333333333,0.2222222222222222,0.0,1,10
ZINC000000622769,-7.11736,0.3798767626,6.082654953,,0.2,0.3333333333333333,0,1,-7.56436,0.3498806059,5.3973002434,,0.2,0.4444444444444444,0.0,1,-6.69598,0.3324767947,4.9683899879,,0.0666666666666666,0.1111111111111111,0,1,-6.67764,0.3157217205,4.7140259743,,0.0666666666666666,0.1111111111111111,0.0,1,-6.7332,0.2884949148,6.1377091408,,0.4,0.4444444444444444,0,1,-6.90842,0.2649842799,4.4922280312,,0.0666666666666666,0.1111111111111111,0.0,1,-6.75201,0.2312603295,4.8873958588,,0.2,0.2222222222222222,0.0,1,-7.03559,0.215517655,5.4542784691,,0.0666666666666666,0.1111111111111111,0.0,1,-6.68071,0.2039320022,5.3982253075,,0.2666666666666666,0.4444444444444444,0,1,-6.70564,0.2003259659,4.1955742836,,0.1333333333333333,0.2222222222222222,0.0,1,10
ZINC000000622783,-7.83412,0.5544382334,5.1453585625,,0.1333333333333333,0.2222222222222222,0,1,-6.87386,0.5448881388,5.114221096,,0.0,0.1111111111111111,0.0,1,-6.64403,0.5201624036,5.0546936989,,0.0,0.1111111111111111,0,1,-6.51851,0.5151665211,4.8572955132,,0.1333333333333333,0.2222222222222222,0.0,1,-6.59075,0.5096023083,5.0117182732,,0.0,0.1111111111111111,0,1,-6.47935,0.4905736744,5.0015525818,,0.0,0.1111111111111111,0.0,1,-7.40054,0.4783014059,5.0284953117,,0.0666666666666666,0.1111111111111111,0.0,1,-6.47978,0.4519247413,4.8398337364,,0.1333333333333333,0.2222222222222222,0.0,1,-7.19516,0.4457463622,5.1320285797,,0.0666666666666666,0.2222222222222222,0,1,-8.45951,0.4443810582,5.2982001305,,0.2,0.3333333333333333,0.0,1,10
ZINC000000622805,-5.83927,0.4743378758,4.8275933266,,0.0666666666666666,0.1111111111111111,0,1,-6.14175,0.3847340047,4.6551609039,,0.0666666666666666,0.1111111111111111,0.0,1,-5.80671,0.3462947309,4.5358204842,,0.0666666666666666,0.1111111111111111,0,1,-6.44725,0.2916962206,4.3345475197,,0.0666666666666666,0.1111111111111111,0.0,1,-6.96592,0.2812854052,4.7981581688,,0.0666666666666666,0.2222222222222222,0,1,-5.49412,0.2421853542,4.3082904816,,0.0,0.1111111111111111,0.0,1,-7.0431,0.236865893,4.5679197311,,0.1333333333333333,0.2222222222222222,0.0,1,-5.81607,0.2167784274,4.4445414543,,0.2,0.2222222222222222,0.0,1,-5.30283,0.2097379118,4.0494866371,,0.0666666666666666,0.1111111111111111,0,1,-5.4344,0.1981900334,4.2715573311,,0.0666666666666666,0.1111111111111111,0.0,1,10
ZINC000000622814,-7.07808,0.8430263996,6.1949114799,,0.6,0.7777777777777778,0,1,-6.69941,0.8298565149,6.5799202919,,0.4666666666666667,0.6666666666666666,0.0,1,-7.14522,0.7168995142,5.9364886284,,0.4,0.4444444444444444,0,1,-6.39865,0.7166324258,5.4362034798,,0.0,0.1111111111111111,0.0,1,-6.82384,0.6900402904,6.0998578072,,0.5333333333333333,0.6666666666666666,0,1,-7.5574,0.5682469606,5.916261673,,0.4666666666666667,0.5555555555555556,0.0,1,-7.82778,0.5321465135,5.9376549721,,0.2666666666666666,0.4444444444444444,0.0,1,-8.24492,0.4943165183,6.0980706215,,0.2,0.3333333333333333,0.0,1,-6.76603,0.4564037025,4.7635250092,,0.0,0.1111111111111111,0,1,-8.01674,0.4422245026,5.939104557,,0.1333333333333333,0.2222222222222222,0.0,1,10
ZINC000000622863,-8.10277,0.4705082178,6.366733551,,0.4,0.5555555555555556,0,1,-7.00266,0.3805423677,6.7271018028,,0.6,0.6666666666666666,0.0,1,-6.99948,0.3775832355,6.8535056114,,0.5333333333333333,0.5555555555555556,0,1,-6.90883,0.3497510254,6.7533793449,,0.6,0.6666666666666666,0.0,1,-6.99515,0.3422603607,6.6840262413,,0.5333333333333333,0.5555555555555556,0,1,-6.74917,0.2692577243,5.6902842522,,0.2,0.2222222222222222,0.0,1,-6.42866,0.2529508471,6.4429116249,,0.5333333333333333,0.5555555555555556,0.0,1,-5.90175,0.1774344891,4.6480355263,,0.0666666666666666,0.1111111111111111,0.0,1,-6.15008,0.1762624383,5.6703028679,,0.1333333333333333,0.2222222222222222,0,1,-6.21075,0.1680116355,5.7996330261,,0.3333333333333333,0.5555555555555556,0.0,1,10
ZINC000000622864,-8.63463,0.905528605,6.8654532433,,0.3333333333333333,0.5555555555555556,0,1,-7.08294,0.7332034707,6.0669708252,,0.4666666666666667,0.5555555555555556,0.0,1,-8.55922,0.6506773233,6.3688926697,,0.2666666666666666,0.3333333333333333,0,1,-6.70854,0.6359207034,6.4239845276,,0.4,0.4444444444444444,0.0,1,-7.33541,0.6312686205,6.3832092285,,0.4,0.5555555555555556,0,1,-8.00142,0.621732831,6.1085352898,,0.2666666666666666,0.4444444444444444,0.0,1,-8.16634,0.5863181949,6.401034832,,0.2666666666666666,0.3333333333333333,0.0,1,-6.96096,0.5755630136,6.1260104179,,0.4,0.5555555555555556,0.0,1,-7.16747,0.541437149,5.8253993988,,0.4,0.5555555555555556,0,1,-7.95891,0.5404615402,6.1382102966,,0.2,0.3333333333333333,0.0,1,10
ZINC000000622877,-6.956,0.7192813158,6.7929501534,,0.2666666666666666,0.3333333333333333,0,1,-6.45976,0.715210259,6.0364880562,,0.2666666666666666,0.3333333333333333,0.0,1,-7.53217,0.6688811779,6.4713916779,,0.1333333333333333,0.2222222222222222,0,1,-6.62211,0.6344860792,6.7910313606,,0.5333333333333333,0.6666666666666666,0.0,1,-7.34821,0.5788808465,6.8122906685,,0.6,0.6666666666666666,0,1,-6.38852,0.4719083011,5.9872069359,,0.3333333333333333,0.5555555555555556,0.0,1,-6.68045,0.4220932722,6.413336277,,0.4,0.5555555555555556,0.0,1,-6.60916,0.4066728354,4.8990139961,,0.0,0.1111111111111111,0.0,1,-7.26338,0.396849215,5.9546523094,,0.3333333333333333,0.4444444444444444,0,1,-7.64773,0.3752574325,5.7601017952,,0.4666666666666667,0.6666666666666666,0.0,1,10
ZINC000000622927,-7.21261,0.3942408562,6.7907004356,,0.6666666666666666,0.6666666666666666,0,1,-6.78163,0.3280172944,6.5516376495,,0.6666666666666666,0.7777777777777778,0.0,1,-6.28126,0.2362958044,5.6461901665,,0.1333333333333333,0.2222222222222222,0,1,-7.56766,0.1899894178,5.7980284691,,0.0666666666666666,0.1111111111111111,0.0,1,-7.72987,0.1864066869,5.8188271523,,0.2666666666666666,0.4444444444444444,0,1,-7.716,0.1856088936,5.8940834999,,0.1333333333333333,0.3333333333333333,0.0,1,-6.89292,0.1823483109,5.1820101738,,0.0,0.1111111111111111,0.0,1,-6.27575,0.1784757972,5.2339034081,,0.1333333333333333,0.2222222222222222,0.0,1,-6.6804,0.1783588976,5.2934384346,,0.2,0.2222222222222222,0,1,-8.83931,0.1659807861,5.7973175049,,0.4666666666666667,0.7777777777777778,0.0,1,10
ZINC000000622930,-6.78782,0.5321683884,5.6804237366,,0.2666666666666666,0.3333333333333333,0,1,-7.48836,0.2638469636,5.2506566048,,0.1333333333333333,0.2222222222222222,0.0,1,-7.66868,0.250077188,4.9232153893,,0.0666666666666666,0.2222222222222222,0,1,-7.69645,0.2488827407,5.1153469086,,0.0666666666666666,0.2222222222222222,0.0,1,-6.94567,0.2378939688,5.4715957642,,0.4666666666666667,0.6666666666666666,0,1,-8.04934,0.2330248505,5.2461891174,,0.0,0.1111111111111111,0.0,1,-6.67547,0.2310233861,4.7116031647,,0.0,0.1111111111111111,0.0,1,-6.60645,0.2262646109,4.6069703102,,0.0,0.1111111111111111,0.0,1,-7.52424,0.2119882703,4.6672148705,,0.0666666666666666,0.1111111111111111,0,1,-6.33572,0.2024091631,4.4909596443,,0.0,0.1111111111111111,0.0,1,10
ZINC000000622937,-6.22546,0.5690139532,5.3423638344,,0.0,0.1111111111111111,0,1,-6.44622,0.566382587,5.1810436249,,0.0666666666666666,0.2222222222222222,0.0,1,-7.23158,0.4917951226,5.2836117744,,0.0,0.1111111111111111,0,1,-7.53448,0.4586942494,4.7202506065,,0.0,0.1111111111111111,0.0,1,-7.00517,0.4578995109,5.2527976036,,0.0666666666666666,0.1111111111111111,0,1,-6.24903,0.4388894737,5.0500965118,,0.0666666666666666,0.2222222222222222,0.0,1,-7.40663,0.4208744466,4.9844002724,,0.0,0.1111111111111111,0.0,1,-6.95387,0.375341326,4.889395237,,0.0,0.1111111111111111,0.0,1,-6.74744,0.3663295507,5.1327147484,,0.1333333333333333,0.2222222222222222,0,1,-6.59734,0.2902268469,4.7387051582,,0.1333333333333333,0.2222222222222222,0.0,1,10
ZINC000000622949,-8.7598,0.7985783219,6.9946465492,,0.5333333333333333,0.6666666666666666,0,1,-8.69704,0.7822371721,6.9588131905,,0.4666666666666667,0.6666666666666666,0.0,1,-8.51736,0.5744535327,6.8575592041,,0.5333333333333333,0.5555555555555556,0,1,-8.27736,0.5323162675,6.4336352348,,0.4,0.5555555555555556,0.0,1,-7.35054,0.3611718416,6.4431304932,,0.6,0.6666666666666666,0,1,-7.31578,0.3504653871,5.74366045,,0.2,0.3333333333333333,0.0,1,-7.21159,0.3336083293,5.9703850746,,0.4,0.5555555555555556,0.0,1,-7.61466,0.326262325,5.9937157631,,0.2666666666666666,0.3333333333333333,0.0,1,-7.69968,0.2960040569,6.3893494606,,0.2,0.2222222222222222,0,1,-7.88627,0.2938210964,6.4150772095,,0.4666666666666667,0.6666666666666666,0.0,1,10
ZINC000000622954,-8.48267,0.5218249559,6.5164356232,,0.0666666666666666,0.1111111111111111,0,1,-7.12542,0.5161063671,6.1691756248,,0.4,0.4444444444444444,0.0,1,-7.87672,0.5092320442,6.2007012367,,0.5333333333333333,0.5555555555555556,0,1,-8.22409,0.401827395,6.6016674042,,0.4,0.4444444444444444,0.0,1,-7.86814,0.3623017669,6.4344534874,,0.4666666666666667,0.5555555555555556,0,1,-7.074,0.3245864511,6.1921424866,,0.5333333333333333,0.5555555555555556,0.0,1,-7.39789,0.3143701255,6.2900619507,,0.5333333333333333,0.6666666666666666,0.0,1,-7.33064,0.2859890461,5.1810450554,,0.1333333333333333,0.2222222222222222,0.0,1,-7.4636,0.2850093842,5.22164011,,0.1333333333333333,0.2222222222222222,0,1,-7.4663,0.2391178161,6.3946838379,,0.5333333333333333,0.5555555555555556,0.0,1,10
ZINC000000622975,-8.63875,0.9352831244,6.9476590157,,0.4666666666666667,0.6666666666666666,0,1,-8.57945,0.9211013913,6.9147872925,,0.4,0.5555555555555556,0.0,1,-8.32493,0.8884105086,7.093044281,,0.4666666666666667,0.6666666666666666,0,1,-8.42648,0.7572888732,6.520216465,,0.2,0.4444444444444444,0.0,1,-8.41707,0.7150112987,6.9524726868,,0.5333333333333333,0.7777777777777778,0,1,-7.21651,0.6465733051,6.2371211052,,0.6,0.6666666666666666,0.0,1,-8.31061,0.6421818137,6.7141861916,,0.4,0.4444444444444444,0.0,1,-8.11831,0.6238904595,6.4397411346,,0.0666666666666666,0.1111111111111111,0.0,1,-6.74753,0.5480653048,6.2659726143,,0.2,0.4444444444444444,0,1,-7.6368,0.5460219979,6.6167926788,,0.4666666666666667,0.6666666666666666,0.0,1,10
ZINC000000622988,-7.11487,0.911179781,6.7705612183,,0.5333333333333333,0.5555555555555556,0,1,-7.71552,0.8874557614,6.8985099792,,0.4666666666666667,0.6666666666666666,0.0,1,-8.17594,0.8790709376,6.9446358681,,0.4,0.5555555555555556,0,1,-8.17148,0.8696709275,6.9227905273,,0.4,0.5555555555555556,0.0,1,-7.95232,0.8160960674,6.8732085228,,0.3333333333333333,0.5555555555555556,0,1,-8.28532,0.8122304678,6.7668843269,,0.4,0.5555555555555556,0.0,1,-7.32226,0.8000854254,6.8296551704,,0.2666666666666666,0.4444444444444444,0.0,1,-8.30169,0.799470067,6.7704596519,,0.4,0.5555555555555556,0.0,1,-8.28736,0.7931600809,6.76876688,,0.4,0.5555555555555556,0,1,-7.53433,0.6905698776,6.443965435,,0.4,0.6666666666666666,0.0,1,10
ZINC000000623032,-6.54989,0.3301263452,4.5768351555,,0.0,0.1111111111111111,0,1,-5.88191,0.3118284047,4.8671326637,,0.0666666666666666,0.1111111111111111,0.0,1,-5.68024,0.3054342568,4.7715821266,,0.0,0.1111111111111111,0,1,-6.82305,0.2781070769,4.8652954102,,0.0666666666666666,0.1111111111111111,0.0,1,-6.07081,0.272547245,4.4754366875,,0.0666666666666666,0.2222222222222222,0,1,-5.90808,0.2455786318,4.7246117592,,0.0666666666666666,0.2222222222222222,0.0,1,-5.81884,0.2422446609,5.2857842445,,0.4,0.5555555555555556,0.0,1,-6.98177,0.2390899658,4.7984380722,,0.0666666666666666,0.1111111111111111,0.0,1,-7.0361,0.2269409746,4.6585030556,,0.0,0.1111111111111111,0,1,-6.25261,0.2189761251,4.294090271,,0.0,0.1111111111111111,0.0,1,10
ZINC000000623057,-6.81467,0.6182966232,5.5760369301,,0.5333333333333333,0.6666666666666666,0,1,-6.8656,0.5656891465,4.8034553528,,0.0666666666666666,0.2222222222222222,0.0,1,-7.47389,0.4979941845,5.8862624168,,0.5333333333333333,0.5555555555555556,0,1,-7.67298,0.4069818258,5.8444633484,,0.4,0.3333333333333333,0.0,1,-6.71066,0.4016596675,4.9652285576,,0.1333333333333333,0.2222222222222222,0,1,-7.40592,0.3939160407,5.6398296356,,0.3333333333333333,0.3333333333333333,0.0,1,-7.15366,0.3832055926,4.4595947266,,0.0666666666666666,0.2222222222222222,0.0,1,-6.98861,0.3592212796,5.1307225227,,0.2,0.3333333333333333,0.0,1,-6.64843,0.3323129416,5.0063686371,,0.1333333333333333,0.2222222222222222,0,1,-6.90198,0.2985610366,4.4421448708,,0.0,0.1111111111111111,0.0,1,10
ZINC000000623062,-7.46444,0.8488693833,6.4808449745,,0.4666666666666667,0.5555555555555556,0,1,-7.11709,0.7886266708,6.7262816429,,0.4,0.4444444444444444,0.0,1,-7.96758,0.5316597819,6.2689194679,,0.0666666666666666,0.2222222222222222,0,1,-7.31795,0.5234041214,6.3586120605,,0.1333333333333333,0.3333333333333333,0.0,1,-7.3414,0.4907841384,6.2856254578,,0.1333333333333333,0.3333333333333333,0,1,-7.13143,0.4411173761,5.9486598969,,0.6666666666666666,0.7777777777777778,0.0,1,-7.91807,0.3976314068,6.152575016,,0.1333333333333333,0.2222222222222222,0.0,1,-6.71663,0.3532892466,6.3106789589,,0.6,0.6666666666666666,0.0,1,-6.34384,0.3143786192,5.7191123962,,0.3333333333333333,0.3333333333333333,0,1,-6.90778,0.3039864302,6.1821331978,,0.5333333333333333,0.5555555555555556,0.0,1,10
ZINC000000623101,-9.47408,0.8864867091,7.4585242271,,0.2666666666666666,0.3333333333333333,0,1,-8.26184,0.8714753985,7.6198439598,,0.5333333333333333,0.6666666666666666,0.0,1,-9.27802,0.7794612646,7.1200623512,,0.4666666666666667,0.5555555555555556,0,1,-8.82426,0.7686684728,7.0432686806,,0.3333333333333333,0.5555555555555556,0.0,1,-8.2874,0.6768782139,7.1036438942,,0.0666666666666666,0.1111111111111111,0,1,-8.90319,0.6351734996,6.8632760048,,0.4666666666666667,0.5555555555555556,0.0,1,-8.40138,0.6080769897,7.0359396935,,0.1333333333333333,0.2222222222222222,0.0,1,-8.4494,0.5476371646,6.9535298347,,0.0666666666666666,0.1111111111111111,0.0,1,-8.24226,0.5134187341,6.8574810028,,0.0666666666666666,0.1111111111111111,0,1,-8.15821,0.4621985853,6.8969340324,,0.0666666666666666,0.1111111111111111,0.0,1,10
ZINC000000623116,-6.70321,0.4900618792,4.6098556519,,0.0,0.1111111111111111,0,1,-6.19156,0.479703635,4.9858913422,,0.0666666666666666,0.2222222222222222,0.0,1,-5.77306,0.4553229809,5.703979969,,0.0666666666666666,0.1111111111111111,0,1,-5.64526,0.3975393474,4.667078495,,0.0666666666666666,0.1111111111111111,0.0,1,-6.13509,0.3817881346,4.9898409843,,0.0666666666666666,0.2222222222222222,0,1,-6.73845,0.3315650821,5.3398442268,,0.2666666666666666,0.3333333333333333,0.0,1,-5.27807,0.3059838414,4.2751994133,,0.0,0.1111111111111111,0.0,1,-5.46929,0.3039146662,4.7720608711,,0.0,0.1111111111111111,0.0,1,-6.03575,0.3020765781,4.6834435463,,0.1333333333333333,0.2222222222222222,0,1,-6.52252,0.2972355187,4.7224712372,,0.1333333333333333,0.2222222222222222,0.0,1,10
ZINC000000623122,-6.43655,0.361645788,6.336660862,,0.4,0.3333333333333333,0,1,-6.4465,0.3528948426,5.72849226,,0.1333333333333333,0.3333333333333333,0.0,1,-6.77174,0.3433398604,6.7625312805,,0.5333333333333333,0.6666666666666666,0,1,-6.53054,0.2239043117,5.8364090919,,0.2,0.3333333333333333,0.0,1,-7.08188,0.2029431611,5.4847297668,,0.0666666666666666,0.2222222222222222,0,1,-7.9889,0.1661454588,5.2543377876,,0.1333333333333333,0.2222222222222222,0.0,1,-7.47895,0.1328984052,5.8406200409,,0.0666666666666666,0.1111111111111111,0.0,1,-6.67098,0.1306872964,4.8175978661,,0.1333333333333333,0.2222222222222222,0.0,1,-6.84704,0.1220239028,5.3810791969,,0.2,0.2222222222222222,0,1,-6.85722,0.1201076657,5.0684118271,,0.3333333333333333,0.4444444444444444,0.0,1,10
ZINC000000623130,-8.5497,0.4522197545,6.6766419411,,0.2666666666666666,0.4444444444444444,0,1,-7.11222,0.3989597261,6.0185637474,,0.0666666666666666,0.2222222222222222,0.0,1,-8.80501,0.3488165736,6.6894173622,,0.2,0.3333333333333333,0,1,-6.99983,0.3244919181,6.2916350365,,0.2,0.3333333333333333,0.0,1,-7.72389,0.3232425451,6.1388573647,,0.2666666666666666,0.4444444444444444,0,1,-7.19775,0.2890864313,5.8944487572,,0.2,0.4444444444444444,0.0,1,-7.15217,0.2667012215,6.4360070229,,0.2666666666666666,0.4444444444444444,0.0,1,-8.07182,0.2368270755,6.3478775024,,0.1333333333333333,0.3333333333333333,0.0,1,-7.52743,0.2366211712,6.4117736816,,0.4,0.5555555555555556,0,1,-7.18786,0.2121423781,5.9730429649,,0.0666666666666666,0.1111111111111111,0.0,1,10
ZINC000000623132,-7.14637,0.6815932989,6.5293593407,,0.2666666666666666,0.3333333333333333,0,1,-7.08372,0.3378685415,5.4946217537,,0.1333333333333333,0.2222222222222222,0.0,1,-6.97469,0.3225306273,6.0772719383,,0.2666666666666666,0.4444444444444444,0,1,-7.76413,0.3065235615,5.821685791,,0.1333333333333333,0.2222222222222222,0.0,1,-7.18035,0.3012099862,6.0496506691,,0.4,0.4444444444444444,0,1,-7.58831,0.2967683673,5.9523072243,,0.2,0.3333333333333333,0.0,1,-6.95598,0.290971756,5.5355801582,,0.0,0.1111111111111111,0.0,1,-8.07561,0.2592785358,5.7777290344,,0.2,0.3333333333333333,0.0,1,-7.7966,0.2534661591,5.487909317,,0.2,0.3333333333333333,0,1,-7.87317,0.2504917085,5.9744582176,,0.4,0.5555555555555556,0.0,1,10
ZINC000000625015,-8.03969,0.9286581874,7.406472683,,0.2666666666666666,0.3333333333333333,0,1,-8.45935,0.9218456745,7.4739727974,,0.4,0.5555555555555556,0.0,1,-7.36609,0.9041452408,7.2327170372,,0.4,0.4444444444444444,0,1,-8.07248,0.8548725247,6.3752017021,,0.4,0.5555555555555556,0.0,1,-8.29144,0.8186877966,6.1858673096,,0.1333333333333333,0.2222222222222222,0,1,-7.11565,0.8175892234,6.655400753,,0.2,0.3333333333333333,0.0,1,-7.05077,0.8048613667,6.9677433968,,0.4666666666666667,0.5555555555555556,0.0,1,-6.96971,0.7737845182,6.601644516,,0.1333333333333333,0.2222222222222222,0.0,1,-6.77411,0.7234033346,6.495847702,,0.4,0.4444444444444444,0,1,-7.77574,0.6200224161,5.925134182,,0.2,0.3333333333333333,0.0,1,10
ZINC000000631124,-7.32091,0.8302188516,6.5303416252,,0.5333333333333333,0.6666666666666666,0,1,-7.2544,0.7663864493,6.4936757088,,0.3333333333333333,0.6666666666666666,0.0,1,-6.89528,0.6378332376,5.4945640564,,0.5333333333333333,0.7777777777777778,0,1,-7.94369,0.4228691459,5.5296974182,,0.0666666666666666,0.1111111111111111,0.0,1,-8.35809,0.3742567897,5.5774989128,,0.0666666666666666,0.1111111111111111,0,1,-6.70702,0.362598002,5.4149246216,,0.2666666666666666,0.4444444444444444,0.0,1,-7.24395,0.2922146022,5.4413166046,,0.6,0.6666666666666666,0.0,1,-8.43583,0.2905311584,4.930557251,,0.1333333333333333,0.2222222222222222,0.0,1,-6.62246,0.2835619152,3.8421018124,,0.0,0.1111111111111111,0,1,-6.8833,0.2816231847,5.1962752342,,0.2,0.3333333333333333,0.0,1,10
ZINC000000637382,-8.65047,0.9274271727,6.953037262,,0.2,0.3333333333333333,0,1,-8.36202,0.8735846877,6.6070466042,,0.0666666666666666,0.1111111111111111,0.0,1,-7.97826,0.8338723183,6.5737686157,,0.2,0.3333333333333333,0,1,-7.56665,0.7677698135,6.4556136131,,0.2,0.3333333333333333,0.0,1,-7.32669,0.6649593115,5.0077037811,,0.1333333333333333,0.2222222222222222,0,1,-7.74596,0.6005066037,5.2037472725,,0.0,0.1111111111111111,0.0,1,-8.10525,0.5927609801,6.0200047493,,0.1333333333333333,0.2222222222222222,0.0,1,-7.32478,0.4759238958,6.1336398125,,0.3333333333333333,0.3333333333333333,0.0,1,-6.46165,0.4269975424,5.236371994,,0.0666666666666666,0.1111111111111111,0,1,-7.40246,0.3558415473,5.7903609276,,0.6,0.6666666666666666,0.0,1,10
ZINC000000639113,-6.48583,0.3015367985,3.7265377045,,0.0,0.1111111111111111,0,1,-6.69456,0.2241950482,3.985584259,,0.0,0.1111111111111111,0.0,1,-7.92349,0.2072393745,4.7605285645,,0.2666666666666666,0.3333333333333333,0,1,-7.98962,0.2028632909,4.1633706093,,0.1333333333333333,0.3333333333333333,0.0,1,-8.2608,0.1848069429,5.5106873512,,0.2,0.4444444444444444,0,1,-6.99886,0.1767667979,5.0867705345,,0.3333333333333333,0.4444444444444444,0.0,1,-7.93863,0.1720483601,3.8447515965,,0.1333333333333333,0.2222222222222222,0.0,1,-6.86132,0.1702359915,5.2611846924,,0.4666666666666667,0.5555555555555556,0.0,1,-8.43583,0.167618081,5.2361884117,,0.2666666666666666,0.4444444444444444,0,1,-8.67776,0.162504971,5.1286931038,,0.3333333333333333,0.4444444444444444,0.0,1,10
ZINC000000639524,-6.56606,0.6202464104,4.7823176384,,0.0666666666666666,0.2222222222222222,0,1,-6.6195,0.5461746454,5.2467308044,,0.0,0.1111111111111111,0.0,1,-7.36946,0.4661644995,6.0043177605,,0.4,0.5555555555555556,0,1,-7.2791,0.4465605021,5.1969685555,,0.1333333333333333,0.2222222222222222,0.0,1,-6.37096,0.4398925602,4.8119320869,,0.0666666666666666,0.2222222222222222,0,1,-7.3582,0.4339811802,5.1931176186,,0.1333333333333333,0.2222222222222222,0.0,1,-6.80068,0.4066916108,5.4070472717,,0.2,0.2222222222222222,0.0,1,-7.16995,0.3552506566,4.6293773651,,0.1333333333333333,0.2222222222222222,0.0,1,-6.36688,0.344242692,5.1516337395,,0.0,0.1111111111111111,0,1,-6.15249,0.3389870524,4.4391055107,,0.0,0.1111111111111111,0.0,1,10
ZINC000000639902,-5.95322,0.4562703669,4.8471832275,,0.1333333333333333,0.2222222222222222,0,1,-5.81903,0.4510816038,4.8339629173,,0.0666666666666666,0.1111111111111111,0.0,1,-5.36014,0.4462504089,5.2369551659,,0.0666666666666666,0.1111111111111111,0,1,-5.49343,0.3816052377,4.6040053368,,0.0666666666666666,0.1111111111111111,0.0,1,-5.17412,0.3168364167,4.4272866249,,0.0,0.1111111111111111,0,1,-5.14188,0.3166040778,4.755941391,,0.0666666666666666,0.2222222222222222,0.0,1,-5.43172,0.3029032946,4.577624321,,0.0,0.1111111111111111,0.0,1,-5.25711,0.2579600513,4.6628289223,,0.0666666666666666,0.1111111111111111,0.0,1,-5.51867,0.2144528031,4.9242157936,,0.1333333333333333,0.2222222222222222,0,1,-5.34652,0.2028947026,4.4892711639,,0.0,0.1111111111111111,0.0,1,10
ZINC000000642655,-6.06126,0.5346896648,5.5120558739,,0.0,0.1111111111111111,0,1,-8.11024,0.4740001559,6.7104763985,,0.4,0.4444444444444444,0.0,1,-6.49599,0.4318307042,5.3510670662,,0.0,0.1111111111111111,0,1,-5.96623,0.3212885857,5.1590981483,,0.0,0.0,0.0,1,-6.13315,0.3104602396,5.1913342476,,0.0,0.0,0,1,-8.05293,0.2898370922,6.4401726723,,0.4,0.4444444444444444,0.0,1,-6.73939,0.2178275138,5.5278935432,,0.1333333333333333,0.2222222222222222,0.0,1,-7.19683,0.190516904,4.6594543457,,0.0,0.1111111111111111,0.0,1,-7.27794,0.1719110906,6.2286419868,,0.2666666666666666,0.4444444444444444,0,1,-6.47758,0.1426633298,6.172472477,,0.2666666666666666,0.4444444444444444,0.0,1,10
ZINC000000642658,-7.07128,0.4089049697,6.1406416893,,0.1333333333333333,0.2222222222222222,0,1,-6.58151,0.4017310143,5.9683208466,,0.1333333333333333,0.2222222222222222,0.0,1,-6.73007,0.3713979125,5.4539875984,,0.0666666666666666,0.2222222222222222,0,1,-6.4725,0.3632226586,6.0066146851,,0.3333333333333333,0.4444444444444444,0.0,1,-7.09794,0.3304472268,6.2595553398,,0.6666666666666666,0.7777777777777778,0,1,-6.78909,0.3283801973,6.0502848625,,0.3333333333333333,0.5555555555555556,0.0,1,-6.46439,0.3105539978,5.9376072884,,0.4666666666666667,0.5555555555555556,0.0,1,-6.75269,0.3063129187,5.4166388512,,0.0,0.1111111111111111,0.0,1,-6.89246,0.2657445669,5.4652113914,,0.0,0.1111111111111111,0,1,-6.85188,0.2477381676,5.7670445442,,0.2666666666666666,0.4444444444444444,0.0,1,10
ZINC000000664885,-6.95872,0.6083306074,5.9180006981,,0.4,0.4444444444444444,0,1,-7.21102,0.6005271077,6.0701904297,,0.4,0.4444444444444444,0.0,1,-6.13752,0.5924002528,5.1711173058,,0.0,0.1111111111111111,0,1,-6.07265,0.5785710216,6.151242733,,0.0666666666666666,0.1111111111111111,0.0,1,-5.85207,0.5198896527,5.0490570068,,0.1333333333333333,0.2222222222222222,0,1,-6.55528,0.4139436483,5.8792128563,,0.4666666666666667,0.5555555555555556,0.0,1,-6.03373,0.3471832275,5.010175705,,0.0666666666666666,0.1111111111111111,0.0,1,-6.39873,0.3290247321,5.7821764946,,0.4666666666666667,0.5555555555555556,0.0,1,-6.09721,0.3256720901,4.5946917534,,0.0,0.1111111111111111,0,1,-6.18488,0.2436841577,5.1903896332,,0.0,0.1111111111111111,0.0,1,10
ZINC000000685362,-5.98189,0.4073041975,5.8351206779,,0.0666666666666666,0.1111111111111111,0,1,-3.99427,0.2605088949,5.1197543144,,0.0,0.0,0.0,1,-5.91369,0.2457710057,5.1247839928,,0.0666666666666666,0.1111111111111111,0,1,-5.88268,0.2248289585,5.5568289757,,0.0666666666666666,0.1111111111111111,0.0,1,-7.30114,0.1949795038,6.2367129326,,0.3333333333333333,0.4444444444444444,0,1,-5.87239,0.1639077365,5.0449986458,,0.0,0.1111111111111111,0.0,1,-8.50768,0.1401357651,5.9581236839,,0.2666666666666666,0.3333333333333333,0.0,1,-7.95857,0.140101552,5.7488598824,,0.2,0.3333333333333333,0.0,1,-7.1725,0.1344358772,6.0281996727,,0.2,0.3333333333333333,0,1,-6.96528,0.1335934103,5.4690823555,,0.1333333333333333,0.3333333333333333,0.0,1,10
ZINC000000791275,-6.7194,0.6130934954,6.1442198753,,0.4666666666666667,0.6666666666666666,0,1,-6.67876,0.5517737269,5.9542107582,,0.4666666666666667,0.7777777777777778,0.0,1,-6.81313,0.45128721,5.7676672935,,0.4,0.6666666666666666,0,1,-6.76447,0.3325101435,5.6102581024,,0.4,0.6666666666666666,0.0,1,-5.8351,0.2252678275,5.2544155121,,0.0666666666666666,0.2222222222222222,0,1,-6.73759,0.220585987,4.7379460335,,0.0,0.1111111111111111,0.0,1,-6.26471,0.2202700526,5.7101516724,,0.5333333333333333,0.6666666666666666,0.0,1,-6.09974,0.2155182511,4.9349455833,,0.5333333333333333,0.6666666666666666,0.0,1,-7.0259,0.2080519497,4.6518273354,,0.2,0.3333333333333333,0,1,-5.83119,0.2072809786,5.4098191261,,0.3333333333333333,0.4444444444444444,0.0,1,10
ZINC000000792504,-7.62014,0.2366933823,5.180167675,,0.2666666666666666,0.2222222222222222,0,1,-7.84065,0.2069141418,5.8285689354,,0.6,0.6666666666666666,0.0,1,-7.38898,0.1898625791,5.3752474785,,0.2,0.3333333333333333,0,1,-7.30115,0.1844084114,5.2358012199,,0.2666666666666666,0.3333333333333333,0.0,1,-8.59243,0.1694712341,5.5750489235,,0.4666666666666667,0.4444444444444444,0,1,-7.88251,0.1649768651,5.1182861328,,0.4,0.4444444444444444,0.0,1,-7.38869,0.1609223336,5.2911047935,,0.2,0.3333333333333333,0.0,1,-8.19304,0.1606549174,5.5576190948,,0.4666666666666667,0.5555555555555556,0.0,1,-7.70814,0.1594176441,5.5868086815,,0.4,0.5555555555555556,0,1,-7.57359,0.1548072845,5.2079567909,,0.4,0.4444444444444444,0.0,1,10
ZINC000000820476,-6.38768,0.0939630121,4.1702809334,,0.0666666666666666,0.1111111111111111,0,1,-7.01744,0.0939352363,5.2349033356,,0.0666666666666666,0.1111111111111111,0.0,1,-6.54127,0.0828229785,4.406332016,,0.0,0.0,0,1,-7.05147,0.0762740597,4.5574569702,,0.0666666666666666,0.1111111111111111,0.0,1,-6.80785,0.0759660825,5.1599202156,,0.1333333333333333,0.2222222222222222,0,1,-7.66947,0.0634925961,4.5916366577,,0.0666666666666666,0.1111111111111111,0.0,1,-7.07949,0.062834084,4.5159626007,,0.0666666666666666,0.1111111111111111,0.0,1,-6.85178,0.0611699969,4.4624590874,,0.0666666666666666,0.1111111111111111,0.0,1,-6.34688,0.0595536493,4.633928299,,0.1333333333333333,0.2222222222222222,0,1,-6.55642,0.0536215715,4.8205971718,,0.1333333333333333,0.2222222222222222,0.0,1,10
ZINC000000947697,-6.09113,0.5195610523,5.6498947144,,0.2,0.3333333333333333,0,1,-6.47677,0.467200458,6.2837181091,,0.4,0.7777777777777778,0.0,1,-7.7318,0.4063763916,5.5730729103,,0.2666666666666666,0.4444444444444444,0,1,-6.34104,0.3838052452,4.9995388985,,0.2,0.3333333333333333,0.0,1,-6.368,0.3654366434,5.7177147865,,0.4,0.6666666666666666,0,1,-6.09406,0.328894496,5.925611496,,0.5333333333333333,0.6666666666666666,0.0,1,-5.63993,0.3083387017,5.3610920906,,0.2,0.3333333333333333,0.0,1,-6.38082,0.3069095314,5.6320667267,,0.5333333333333333,0.6666666666666666,0.0,1,-6.43164,0.2931838036,4.9331016541,,0.2,0.3333333333333333,0,1,-6.31407,0.250385046,5.5084819794,,0.1333333333333333,0.3333333333333333,0.0,1,10
ZINC000001030219,-8.38696,0.9757761955,7.4944515228,,0.5333333333333333,0.5555555555555556,0,1,-7.83944,0.8619639874,7.0071969032,,0.6,0.6666666666666666,0.0,1,-7.48683,0.7743526697,6.822031498,,0.2,0.3333333333333333,0,1,-6.36579,0.6454460621,5.3667888641,,0.0,0.1111111111111111,0.0,1,-8.35347,0.5008507967,6.3139724731,,0.2666666666666666,0.3333333333333333,0,1,-6.6383,0.3460060954,5.8050732613,,0.2,0.3333333333333333,0.0,1,-7.22679,0.3455638289,5.8070178032,,0.0666666666666666,0.2222222222222222,0.0,1,-7.82086,0.343385458,6.017993927,,0.2666666666666666,0.3333333333333333,0.0,1,-7.04718,0.3391909599,5.7763009071,,0.2666666666666666,0.4444444444444444,0,1,-7.19387,0.3241323829,6.048345089,,0.2,0.3333333333333333,0.0,1,10
ZINC000001067665,-7.54444,0.6781474352,6.1304821968,,0.3333333333333333,0.3333333333333333,0,1,-9.09357,0.6474763155,6.6543006897,,0.2,0.3333333333333333,0.0,1,-8.23938,0.5709941983,6.9815707207,,0.4666666666666667,0.5555555555555556,0,1,-8.48879,0.5006442666,6.6110954285,,0.3333333333333333,0.4444444444444444,0.0,1,-7.24602,0.4640004039,6.2555060387,,0.3333333333333333,0.5555555555555556,0,1,-7.57218,0.4194245934,5.8322257996,,0.2666666666666666,0.3333333333333333,0.0,1,-8.2039,0.3779560328,6.2525577545,,0.1333333333333333,0.2222222222222222,0.0,1,-7.39982,0.3482689857,4.8466143608,,0.0666666666666666,0.2222222222222222,0.0,1,-7.22388,0.3480871022,5.781182766,,0.2666666666666666,0.4444444444444444,0,1,-8.08328,0.3436852694,6.2467823029,,0.2,0.3333333333333333,0.0,1,10
ZINC000001154577,-5.31248,0.520386517,5.0664777756,,0.0,0.1111111111111111,0,1,-6.05861,0.4249827564,5.0312485695,,0.0666666666666666,0.1111111111111111,0.0,1,-6.12546,0.3857388794,4.8988337517,,0.0666666666666666,0.1111111111111111,0,1,-6.20152,0.3767204881,5.9162578583,,0.3333333333333333,0.3333333333333333,0.0,1,-6.42516,0.2812494338,5.6631793976,,0.2666666666666666,0.3333333333333333,0,1,-5.90407,0.2770347595,4.5529398918,,0.0,0.0,0.0,1,-5.66302,0.2414901406,5.3870224953,,0.0666666666666666,0.2222222222222222,0.0,1,-5.39562,0.2384916097,5.8253936768,,0.1333333333333333,0.1111111111111111,0.0,1,-5.96152,0.2318404019,5.1856017113,,0.1333333333333333,0.2222222222222222,0,1,-6.44381,0.2191235721,5.7930846214,,0.0666666666666666,0.1111111111111111,0.0,1,10
ZINC000001163852,-7.05862,0.5917115211,6.674803257,,0.2,0.2222222222222222,0,1,-5.92176,0.5733550787,6.2021174431,,0.3333333333333333,0.4444444444444444,0.0,1,-8.54992,0.3081251085,5.8518199921,,0.2,0.3333333333333333,0,1,-6.87476,0.3049144745,6.2608318329,,0.2,0.2222222222222222,0.0,1,-7.09197,0.2538157403,6.3512077332,,0.4666666666666667,0.6666666666666666,0,1,-6.28705,0.2528286278,4.3847498894,,0.0666666666666666,0.2222222222222222,0.0,1,-6.45253,0.2391818464,5.50912714,,0.2,0.3333333333333333,0.0,1,-6.45619,0.2390743047,5.4776978493,,0.2,0.3333333333333333,0.0,1,-7.04248,0.2234672159,5.9070878029,,0.2,0.2222222222222222,0,1,-5.99138,0.2113002539,5.604288578,,0.1333333333333333,0.2222222222222222,0.0,1,10
ZINC000001185724,-8.02539,0.9093259573,6.6649074554,,0.2666666666666666,0.5555555555555556,0,1,-7.10752,0.8553853631,6.7157044411,,0.4,0.5555555555555556,0.0,1,-7.1507,0.7824442387,6.2618775368,,0.4,0.5555555555555556,0,1,-6.74437,0.7613326311,6.5071177483,,0.4,0.5555555555555556,0.0,1,-7.51541,0.7483531833,6.3502984047,,0.2,0.3333333333333333,0,1,-7.12816,0.6809613109,6.4405961037,,0.1333333333333333,0.3333333333333333,0.0,1,-7.16949,0.5241554379,6.1083388329,,0.0666666666666666,0.1111111111111111,0.0,1,-7.24023,0.5142723918,5.9611077309,,0.1333333333333333,0.2222222222222222,0.0,1,-7.38297,0.430744648,5.6558074951,,0.0666666666666666,0.1111111111111111,0,1,-6.9352,0.4293839931,5.8351516724,,0.1333333333333333,0.2222222222222222,0.0,1,10
ZINC000001191645,-6.37866,0.5616807938,5.829726696,,0.4666666666666667,0.5555555555555556,0,1,-6.58081,0.3824162781,5.5396404266,,0.0666666666666666,0.1111111111111111,0.0,1,-6.62302,0.315570116,5.4322853088,,0.0,0.1111111111111111,0,1,-7.11368,0.2700077891,4.8839015961,,0.1333333333333333,0.2222222222222222,0.0,1,-6.4871,0.2539797127,4.7849516869,,0.0666666666666666,0.1111111111111111,0,1,-7.76371,0.2500249743,4.8665366173,,0.1333333333333333,0.2222222222222222,0.0,1,-7.15935,0.2488674074,4.7602648735,,0.2,0.3333333333333333,0.0,1,-6.38337,0.2382469624,4.8795084953,,0.0,0.1111111111111111,0.0,1,-6.65133,0.2353433818,4.7849693298,,0.1333333333333333,0.3333333333333333,0,1,-7.04034,0.2334792614,4.4397873878,,0.0,0.1111111111111111,0.0,1,10
ZINC000001221163,-7.38651,0.6044642925,5.6329789162,,0.4666666666666667,0.4444444444444444,0,1,-7.7442,0.4853943884,6.1925139427,,0.4,0.5555555555555556,0.0,1,-7.89184,0.4556657672,6.1645512581,,0.0666666666666666,0.2222222222222222,0,1,-7.51844,0.4370645285,5.9060535431,,0.3333333333333333,0.5555555555555556,0.0,1,-7.69508,0.4288594425,6.2467226982,,0.4,0.6666666666666666,0,1,-6.94942,0.4195783138,5.3038649559,,0.0666666666666666,0.2222222222222222,0.0,1,-7.02745,0.3797771931,5.3267359734,,0.4,0.3333333333333333,0.0,1,-8.42545,0.3458497524,5.8471245766,,0.1333333333333333,0.2222222222222222,0.0,1,-7.7384,0.3442121446,5.5723195076,,0.1333333333333333,0.2222222222222222,0,1,-7.03459,0.3290291131,5.8914666176,,0.2666666666666666,0.3333333333333333,0.0,1,10
ZINC000001332376,-7.36177,0.5758334994,6.1901378632,,0.2,0.2222222222222222,0,1,-6.64902,0.3795372248,5.0346541405,,0.0,0.0,0.0,1,-6.58931,0.3070505857,5.8448386192,,0.1333333333333333,0.2222222222222222,0,1,-6.3224,0.2097680718,5.0260009766,,0.1333333333333333,0.1111111111111111,0.0,1,-6.28326,0.1761520207,5.3658928871,,0.1333333333333333,0.2222222222222222,0,1,-5.97303,0.1305823624,4.6525402069,,0.0,0.0,0.0,1,-6.94511,0.1301086843,5.0511784554,,0.2,0.2222222222222222,0.0,1,-6.44025,0.1222765893,5.7937870026,,0.3333333333333333,0.5555555555555556,0.0,1,-6.49649,0.1151932776,4.5863037109,,0.0,0.0,0,1,-7.72615,0.1101549491,5.221590519,,0.2,0.3333333333333333,0.0,1,10
ZINC000001532062,-7.16873,0.4368507862,6.1341876984,,0.4666666666666667,0.6666666666666666,0,1,-6.90214,0.4148370028,5.3272614479,,0.2666666666666666,0.4444444444444444,0.0,1,-7.08667,0.395006448,6.0755691528,,0.3333333333333333,0.4444444444444444,0,1,-6.88181,0.3440654874,5.3924598694,,0.2,0.4444444444444444,0.0,1,-7.02193,0.33820647,5.6654872894,,0.1333333333333333,0.3333333333333333,0,1,-6.84485,0.3328048289,5.5613613129,,0.2,0.2222222222222222,0.0,1,-7.22766,0.3170490265,4.7272458076,,0.4,0.6666666666666666,0.0,1,-6.60148,0.2916990817,5.8425126076,,0.4666666666666667,0.6666666666666666,0.0,1,-6.67708,0.2778709233,5.1529140472,,0.2666666666666666,0.4444444444444444,0,1,-6.43694,0.2472214401,4.9310774803,,0.2666666666666666,0.4444444444444444,0.0,1,10
ZINC000001547850,-6.81984,0.4829023182,5.5319714546,,0.3333333333333333,0.3333333333333333,0,1,-6.10677,0.3599652648,5.2151470184,,0.0666666666666666,0.2222222222222222,0.0,1,-6.78866,0.2971934676,5.2524170876,,0.2,0.3333333333333333,0,1,-7.55375,0.283038795,5.274913311,,0.2,0.3333333333333333,0.0,1,-6.08254,0.2809329331,4.9459762573,,0.2666666666666666,0.3333333333333333,0,1,-7.0001,0.27260077,5.5007743835,,0.4666666666666667,0.6666666666666666,0.0,1,-6.12483,0.26369977,4.7016568184,,0.2,0.2222222222222222,0.0,1,-6.24491,0.241900444,5.0172047615,,0.2,0.3333333333333333,0.0,1,-6.41636,0.2385359406,4.894724369,,0.3333333333333333,0.4444444444444444,0,1,-7.36818,0.2376503795,5.1744074821,,0.2666666666666666,0.3333333333333333,0.0,1,10
ZINC000001552803,-6.17732,0.3138760328,4.3943576813,,0.0666666666666666,0.2222222222222222,0,1,-6.40783,0.296789676,5.5674648285,,0.0,0.1111111111111111,0.0,1,-6.17641,0.2121786475,4.3989291191,,0.0,0.1111111111111111,0,1,-6.66145,0.2036437988,4.8236427307,,0.0666666666666666,0.1111111111111111,0.0,1,-7.30539,0.1970653832,5.6808581352,,0.1333333333333333,0.2222222222222222,0,1,-7.29367,0.195695594,4.4464020729,,0.2666666666666666,0.3333333333333333,0.0,1,-6.09036,0.1920544654,4.3044066429,,0.0666666666666666,0.2222222222222222,0.0,1,-6.21719,0.1776532084,4.9170107841,,0.1333333333333333,0.2222222222222222,0.0,1,-6.03955,0.1727419049,4.0608258247,,0.0666666666666666,0.1111111111111111,0,1,-7.21619,0.1686998308,4.3888821602,,0.2,0.2222222222222222,0.0,1,10
ZINC000001569538,-7.07028,0.3414224684,5.0454096794,,0.0666666666666666,0.1111111111111111,0,1,-5.99088,0.292366147,4.6705288887,,0.2,0.2222222222222222,0.0,1,-5.91821,0.2553904057,4.4090805054,,0.3333333333333333,0.3333333333333333,0,1,-7.05688,0.2548117042,4.9327721596,,0.0666666666666666,0.1111111111111111,0.0,1,-5.64917,0.2526673079,4.3237481117,,0.2,0.2222222222222222,0,1,-5.91957,0.2188912034,4.2762751579,,0.2,0.2222222222222222,0.0,1,-7.01585,0.2120330632,4.8739361763,,0.1333333333333333,0.2222222222222222,0.0,1,-5.50593,0.2000016868,4.1051969528,,0.0666666666666666,0.1111111111111111,0.0,1,-5.82257,0.1941433698,5.1466555595,,0.4,0.6666666666666666,0,1,-5.75908,0.1928883046,4.1837716103,,0.2,0.2222222222222222,0.0,1,10
ZINC000001574050,-6.84115,0.5975368619,5.6377887726,,0.2,0.3333333333333333,0,1,-6.70673,0.5391351581,4.9512238503,,0.0666666666666666,0.1111111111111111,0.0,1,-6.8305,0.5191714168,5.4823079109,,0.2,0.3333333333333333,0,1,-6.12623,0.4788349867,4.1712818146,,0.0666666666666666,0.1111111111111111,0.0,1,-5.96882,0.4101524651,5.8018450737,,0.2,0.3333333333333333,0,1,-6.01745,0.3998578489,5.4285349846,,0.3333333333333333,0.5555555555555556,0.0,1,-6.99898,0.3983196616,4.9465579987,,0.0666666666666666,0.1111111111111111,0.0,1,-5.84851,0.3693459928,5.691136837,,0.2666666666666666,0.5555555555555556,0.0,1,-6.35791,0.3668827415,4.6448516846,,0.0666666666666666,0.1111111111111111,0,1,-5.41563,0.3600135148,5.0858197212,,0.0666666666666666,0.1111111111111111,0.0,1,10
ZINC000001579644,-8.09215,0.819886744,7.2407164574,,0.7333333333333333,0.8888888888888888,0,1,-7.5553,0.5197241902,6.5660209656,,0.5333333333333333,0.6666666666666666,0.0,1,-7.89924,0.5181390643,6.806098938,,0.6,0.6666666666666666,0,1,-7.50432,0.4799185991,6.6002964973,,0.4,0.5555555555555556,0.0,1,-7.6353,0.4649456739,6.5231742859,,0.6,0.6666666666666666,0,1,-7.36838,0.405625999,6.6010322571,,0.3333333333333333,0.4444444444444444,0.0,1,-7.60804,0.2975101769,5.7850556374,,0.3333333333333333,0.4444444444444444,0.0,1,-7.99334,0.2558413148,6.2767672539,,0.2,0.4444444444444444,0.0,1,-8.73586,0.2423421592,6.0256977081,,0.4666666666666667,0.5555555555555556,0,1,-7.56599,0.2409269959,5.1578936577,,0.2666666666666666,0.4444444444444444,0.0,1,10
ZINC000001588698,-6.85392,0.3863248527,6.1307873726,,0.0,0.1111111111111111,0,1,-6.64109,0.3775067627,5.7253799438,,0.0,0.1111111111111111,0.0,1,-6.33699,0.3006280363,5.8829669952,,0.0666666666666666,0.1111111111111111,0,1,-7.02191,0.2705388963,6.5727496147,,0.4666666666666667,0.6666666666666666,0.0,1,-5.6174,0.2289653718,5.6228179932,,0.0666666666666666,0.1111111111111111,0,1,-6.34387,0.2060610503,5.4529132843,,0.1333333333333333,0.2222222222222222,0.0,1,-7.16383,0.2049745917,5.6456999779,,0.1333333333333333,0.2222222222222222,0.0,1,-5.5994,0.1940198094,5.3643684387,,0.0666666666666666,0.1111111111111111,0.0,1,-7.01463,0.1830698252,5.8408455849,,0.2,0.3333333333333333,0,1,-7.16314,0.1627105474,5.039150238,,0.2,0.2222222222222222,0.0,1,10
ZINC000001607924,-5.44022,0.2974919081,4.9796257019,,0.0666666666666666,0.1111111111111111,0,1,-5.39165,0.2804033756,5.0108442307,,0.0666666666666666,0.1111111111111111,0.0,1,-4.92335,0.2773257792,4.7909836769,,0.0666666666666666,0.1111111111111111,0,1,-4.94863,0.2616409957,4.8441963196,,0.0666666666666666,0.1111111111111111,0.0,1,-5.4956,0.2483458817,5.1453680992,,0.2666666666666666,0.3333333333333333,0,1,-4.87598,0.2456309348,4.7657690048,,0.0,0.1111111111111111,0.0,1,-5.75646,0.2397534996,4.6262965202,,0.0666666666666666,0.1111111111111111,0.0,1,-5.44696,0.2383850068,5.0766224861,,0.1333333333333333,0.2222222222222222,0.0,1,-5.76368,0.2319104671,4.646633625,,0.0666666666666666,0.1111111111111111,0,1,-5.03214,0.2293007225,4.5409908295,,0.0666666666666666,0.1111111111111111,0.0,1,10
ZINC000001653731,-6.39694,0.6378395557,5.782389164,,0.6,0.6666666666666666,0,1,-7.16538,0.387224257,5.5817642212,,0.4666666666666667,0.5555555555555556,0.0,1,-7.58681,0.324819237,5.684117794,,0.2,0.2222222222222222,0,1,-7.58331,0.3206744492,5.6485843658,,0.4666666666666667,0.5555555555555556,0.0,1,-6.21177,0.3107358813,5.3954048157,,0.4,0.5555555555555556,0,1,-7.1133,0.2990711629,5.1505589485,,0.2,0.2222222222222222,0.0,1,-6.76113,0.2813612819,5.0507903099,,0.0666666666666666,0.1111111111111111,0.0,1,-6.2284,0.2682982087,5.1212263107,,0.5333333333333333,0.5555555555555556,0.0,1,-6.5717,0.2662910819,4.9264469147,,0.2,0.3333333333333333,0,1,-6.50998,0.2653860748,5.7406277657,,0.6,0.5555555555555556,0.0,1,10
ZINC000001663225,-6.72537,0.2715653479,5.7881102562,,0.4666666666666667,0.5555555555555556,0,1,-5.71624,0.2484107316,4.926472187,,0.4,0.4444444444444444,0.0,1,-6.9069,0.2425526083,5.2472691536,,0.2666666666666666,0.3333333333333333,0,1,-6.4994,0.2348443866,4.7818470001,,0.0666666666666666,0.2222222222222222,0.0,1,-6.70034,0.2324227542,4.8203969002,,0.1333333333333333,0.3333333333333333,0,1,-7.02618,0.222846508,5.156621933,,0.2666666666666666,0.3333333333333333,0.0,1,-6.37242,0.2166818678,4.3686957359,,0.0,0.1111111111111111,0.0,1,-7.53012,0.2155651897,5.0550022125,,0.0,0.1111111111111111,0.0,1,-5.85479,0.2132376134,4.6214680672,,0.0,0.1111111111111111,0,1,-6.45355,0.2130768746,5.5784797668,,0.7333333333333333,0.8888888888888888,0.0,1,10
ZINC000001666223,-8.58852,0.6036965847,6.7158184052,,0.4,0.7777777777777778,0,1,-7.83837,0.5942963362,6.6923923492,,0.3333333333333333,0.4444444444444444,0.0,1,-9.27085,0.575070262,6.7445378304,,0.2,0.3333333333333333,0,1,-9.04099,0.4948829412,6.6825423241,,0.2,0.4444444444444444,0.0,1,-8.10855,0.4893223047,6.4449439049,,0.3333333333333333,0.5555555555555556,0,1,-7.70173,0.4703140557,5.9251284599,,0.4666666666666667,0.5555555555555556,0.0,1,-7.98302,0.4228686094,6.3638553619,,0.3333333333333333,0.4444444444444444,0.0,1,-9.25529,0.4022372961,6.4089493752,,0.0666666666666666,0.2222222222222222,0.0,1,-7.61903,0.3720359504,6.3845992088,,0.3333333333333333,0.5555555555555556,0,1,-7.82751,0.3717633188,6.0122828484,,0.4,0.6666666666666666,0.0,1,10
ZINC000001668432,-9.7099,0.4768561721,7.4422678947,,0.4666666666666667,0.6666666666666666,0,1,-8.97157,0.4116523266,6.9140434265,,0.2666666666666666,0.5555555555555556,0.0,1,-9.71698,0.3840163946,7.2384753227,,0.4,0.5555555555555556,0,1,-8.50498,0.2817806005,6.5304970741,,0.3333333333333333,0.4444444444444444,0.0,1,-9.57038,0.2605900168,6.8223381042,,0.3333333333333333,0.4444444444444444,0,1,-9.64776,0.2594602108,6.7962470055,,0.4666666666666667,0.6666666666666666,0.0,1,-8.85219,0.2559794486,6.8066248894,,0.4666666666666667,0.5555555555555556,0.0,1,-8.26153,0.2546416819,6.6824569702,,0.2,0.4444444444444444,0.0,1,-9.10321,0.2469751537,6.8353209496,,0.4,0.5555555555555556,0,1,-9.04793,0.2218517214,6.6956381798,,0.6,0.7777777777777778,0.0,1,10
ZINC000001685586,-5.80416,0.4105634391,5.7832202911,,0.0666666666666666,0.2222222222222222,0,1,-6.72281,0.2982243299,5.8856987953,,0.3333333333333333,0.4444444444444444,0.0,1,-5.13848,0.2928386629,5.4879384041,,0.6,0.6666666666666666,0,1,-6.61807,0.2909560502,5.9227905273,,0.4,0.5555555555555556,0.0,1,-5.38102,0.2895919085,5.7520413399,,0.6,0.7777777777777778,0,1,-5.36608,0.2352893949,5.6959013939,,0.6666666666666666,0.7777777777777778,0.0,1,-5.63959,0.2244348675,5.612967968,,0.0666666666666666,0.2222222222222222,0.0,1,-5.32441,0.2118609548,5.3804283142,,0.2666666666666666,0.3333333333333333,0.0,1,-5.87927,0.2029815465,5.2697296143,,0.0666666666666666,0.1111111111111111,0,1,-7.3971,0.2002568543,5.7523918152,,0.2666666666666666,0.3333333333333333,0.0,1,10
ZINC000001701682,-6.61752,0.2573333979,5.5576286316,,0.4,0.4444444444444444,0,1,-6.43287,0.2031947821,5.3348650932,,0.2,0.2222222222222222,0.0,1,-8.16453,0.183824122,5.136888504,,0.2,0.2222222222222222,0,1,-8.63746,0.181232959,6.0563831329,,0.4,0.5555555555555556,0.0,1,-6.85197,0.1649194956,5.1109681129,,0.2,0.2222222222222222,0,1,-8.77803,0.1610170454,5.9727435112,,0.3333333333333333,0.4444444444444444,0.0,1,-7.53311,0.1506831646,4.917655468,,0.2,0.4444444444444444,0.0,1,-6.85786,0.1465908736,4.2965912819,,0.0666666666666666,0.2222222222222222,0.0,1,-6.77938,0.1415279508,5.0872411728,,0.3333333333333333,0.4444444444444444,0,1,-7.25257,0.1404210925,5.070171833,,0.2,0.3333333333333333,0.0,1,10
ZINC000001703247,-7.79107,0.6175572276,6.6895346642,,0.2666666666666666,0.4444444444444444,0,1,-6.64349,0.5409629345,5.5304341316,,0.4,0.3333333333333333,0.0,1,-7.45943,0.4826177359,6.3055663109,,0.2666666666666666,0.4444444444444444,0,1,-7.66324,0.4799196124,6.382581234,,0.3333333333333333,0.5555555555555556,0.0,1,-7.14782,0.4792208076,6.0388274193,,0.1333333333333333,0.2222222222222222,0,1,-7.17035,0.459148109,6.0755767822,,0.2,0.3333333333333333,0.0,1,-7.72928,0.4264054298,6.3406357765,,0.3333333333333333,0.5555555555555556,0.0,1,-7.22613,0.3950840533,6.0810031891,,0.3333333333333333,0.5555555555555556,0.0,1,-6.7268,0.3733106256,5.1067261696,,0.2,0.2222222222222222,0,1,-7.45143,0.313771069,6.2342262268,,0.2666666666666666,0.4444444444444444,0.0,1,10
ZINC000001896785,-7.68551,0.9329106808,7.3098511696,,0.4,0.4444444444444444,0,1,-7.57561,0.9313085079,7.1737651825,,0.4,0.4444444444444444,0.0,1,-7.68436,0.9078623056,6.0047802925,,0.2,0.4444444444444444,0,1,-7.7681,0.8979231715,6.0312161446,,0.3333333333333333,0.4444444444444444,0.0,1,-8.20586,0.8779329062,6.7769794464,,0.4,0.4444444444444444,0,1,-8.17701,0.8737052679,6.7353215218,,0.4,0.4444444444444444,0.0,1,-7.98333,0.849329114,6.9846787453,,0.4666666666666667,0.5555555555555556,0.0,1,-7.71534,0.8055801988,6.1868395805,,0.2666666666666666,0.5555555555555556,0.0,1,-7.6501,0.7733399868,6.1654171944,,0.3333333333333333,0.6666666666666666,0,1,-7.11281,0.7690580487,6.6397185326,,0.4,0.4444444444444444,0.0,1,10
ZINC000002008984,-8.23913,0.4982759356,5.6841316223,,0.2666666666666666,0.4444444444444444,0,1,-7.84221,0.3717529476,5.4087252617,,0.4,0.5555555555555556,0.0,1,-7.42877,0.2902095616,5.6398034096,,0.4,0.5555555555555556,0,1,-6.89717,0.2764371932,5.2286014557,,0.0,0.1111111111111111,0.0,1,-6.66086,0.2701117396,5.0166630745,,0.0,0.1111111111111111,0,1,-7.73962,0.266995281,5.5258312225,,0.4,0.5555555555555556,0.0,1,-6.93923,0.2623589635,4.9934692383,,0.2,0.2222222222222222,0.0,1,-7.40259,0.2510626316,5.3221173286,,0.2,0.2222222222222222,0.0,1,-6.82207,0.2474679649,4.6215691566,,0.2,0.2222222222222222,0,1,-6.5207,0.2450738698,4.8292598724,,0.0,0.1111111111111111,0.0,1,10
ZINC000002050625,-6.84313,0.7827390432,6.4432168007,,0.6666666666666666,0.8888888888888888,0,1,-5.76992,0.692666173,4.8766655922,,0.0666666666666666,0.1111111111111111,0.0,1,-6.19395,0.5755759478,5.3740973473,,0.1333333333333333,0.2222222222222222,0,1,-5.78424,0.5539204478,5.1471004486,,0.1333333333333333,0.2222222222222222,0.0,1,-5.60581,0.5513179898,4.8779125214,,0.0666666666666666,0.1111111111111111,0,1,-5.83622,0.507699132,5.1477560997,,0.0666666666666666,0.1111111111111111,0.0,1,-5.54775,0.4709041417,4.6544651985,,0.2666666666666666,0.3333333333333333,0.0,1,-6.78682,0.4700856805,5.1548819542,,0.2666666666666666,0.3333333333333333,0.0,1,-6.27311,0.4553632438,5.3142256737,,0.2,0.3333333333333333,0,1,-5.90291,0.4327116311,4.819126606,,0.2,0.2222222222222222,0.0,1,10
ZINC000002090292,-7.50644,0.3274182379,5.5258393288,,0.5333333333333333,0.4444444444444444,0,1,-7.00236,0.3117260933,4.6156229973,,0.2666666666666666,0.3333333333333333,0.0,1,-6.60524,0.3087096214,4.8390903473,,0.5333333333333333,0.5555555555555556,0,1,-7.01787,0.2290837467,5.1876721382,,0.4666666666666667,0.5555555555555556,0.0,1,-7.30597,0.2237885296,4.6927342415,,0.2666666666666666,0.3333333333333333,0,1,-6.9343,0.2206795812,5.047601223,,0.4,0.5555555555555556,0.0,1,-7.20852,0.2106382847,4.7135233879,,0.4,0.4444444444444444,0.0,1,-7.12921,0.2002311945,4.7804331779,,0.4,0.4444444444444444,0.0,1,-6.4119,0.1781391799,4.8083648682,,0.2,0.3333333333333333,0,1,-6.89911,0.1743159443,4.6039738655,,0.1333333333333333,0.1111111111111111,0.0,1,10
ZINC000002120903,-6.98174,0.8115766644,6.3124256134,,0.1333333333333333,0.3333333333333333,0,1,-6.29714,0.7671707273,5.9675107002,,0.2,0.4444444444444444,0.0,1,-7.24619,0.7665592432,6.5127854347,,0.0666666666666666,0.2222222222222222,0,1,-6.74885,0.7199574709,6.2924742699,,0.4666666666666667,0.5555555555555556,0.0,1,-6.536,0.641404748,6.3529305458,,0.2,0.3333333333333333,0,1,-6.83599,0.6410678029,5.3757400513,,0.2,0.2222222222222222,0.0,1,-6.78214,0.5427096486,5.4838032722,,0.2,0.2222222222222222,0.0,1,-6.60801,0.503102541,5.5728359222,,0.2,0.3333333333333333,0.0,1,-6.67724,0.4978595972,5.9546227455,,0.2,0.3333333333333333,0,1,-6.37273,0.4870872796,5.4568209648,,0.2666666666666666,0.3333333333333333,0.0,1,10
ZINC000002122345,-7.04508,0.883592844,5.8427376747,,0.5333333333333333,0.5555555555555556,0,1,-6.13705,0.5891689658,5.8794822693,,0.1333333333333333,0.2222222222222222,0.0,1,-6.67532,0.5868725181,6.0797963142,,0.4666666666666667,0.5555555555555556,0,1,-6.64407,0.5427708626,5.8406758308,,0.2,0.2222222222222222,0.0,1,-5.85591,0.4802087247,5.7832446098,,0.2,0.3333333333333333,0,1,-6.56347,0.4662696123,6.5561089516,,0.2666666666666666,0.4444444444444444,0.0,1,-7.30711,0.442717135,5.7934966087,,0.5333333333333333,0.6666666666666666,0.0,1,-6.52321,0.41228351,5.78895998,,0.5333333333333333,0.6666666666666666,0.0,1,-6.19124,0.4032462537,5.5104212761,,0.2,0.2222222222222222,0,1,-6.17095,0.4025139511,5.4288086891,,0.2666666666666666,0.3333333333333333,0.0,1,10
ZINC000002324876,-8.06414,0.4301256835,6.5409226418,,0.4,0.5555555555555556,0,1,-7.36543,0.4101600349,6.4696140289,,0.2666666666666666,0.5555555555555556,0.0,1,-7.80083,0.3935062289,5.3505554199,,0.0,0.1111111111111111,0,1,-7.44109,0.3244100809,5.6613211632,,0.4,0.4444444444444444,0.0,1,-7.30686,0.3219640553,5.9505667686,,0.3333333333333333,0.5555555555555556,0,1,-8.3952,0.3095746934,6.2522511482,,0.4,0.6666666666666666,0.0,1,-7.80067,0.2901547849,6.1077246666,,0.3333333333333333,0.5555555555555556,0.0,1,-7.39569,0.2835842967,5.1535429955,,0.1333333333333333,0.2222222222222222,0.0,1,-7.5937,0.2675135434,5.3417282104,,0.1333333333333333,0.2222222222222222,0,1,-7.91578,0.2497713417,5.7633228302,,0.2,0.2222222222222222,0.0,1,10
ZINC000002325569,-5.23133,0.2220010608,5.8967442513,,0.1333333333333333,0.2222222222222222,0,1,-5.54193,0.1562205702,5.6405391693,,0.0666666666666666,0.1111111111111111,0.0,1,-5.87169,0.1418493092,5.5009045601,,0.1333333333333333,0.2222222222222222,0,1,-6.11666,0.1190343723,5.4770026207,,0.2666666666666666,0.4444444444444444,0.0,1,-5.94151,0.1025953069,4.5549254417,,0.2666666666666666,0.4444444444444444,0,1,-5.84671,0.0920372754,4.7089309692,,0.2666666666666666,0.2222222222222222,0.0,1,-6.40148,0.0916836634,5.4256033897,,0.0666666666666666,0.1111111111111111,0.0,1,-6.19303,0.0906529054,5.2933211327,,0.1333333333333333,0.2222222222222222,0.0,1,-6.60074,0.0890672803,4.9271812439,,0.2,0.2222222222222222,0,1,-6.13209,0.0815260857,5.235162735,,0.1333333333333333,0.2222222222222222,0.0,1,10
ZINC000002387133,-7.55245,0.6778470278,5.6096553802,,0.2666666666666666,0.3333333333333333,0,1,-6.90746,0.5437823534,5.4875025749,,0.2,0.3333333333333333,0.0,1,-7.6061,0.5256722569,5.2548689842,,0.4,0.5555555555555556,0,1,-6.65529,0.4355173707,5.0928244591,,0.3333333333333333,0.4444444444444444,0.0,1,-6.99205,0.4230789542,5.3349385262,,0.4666666666666667,0.5555555555555556,0,1,-7.3102,0.3898151517,5.4246897697,,0.2,0.3333333333333333,0.0,1,-7.49994,0.3823089302,5.3749370575,,0.3333333333333333,0.5555555555555556,0.0,1,-8.19009,0.3572238982,5.4997158051,,0.2666666666666666,0.3333333333333333,0.0,1,-6.8031,0.3324328959,5.2760300636,,0.1333333333333333,0.3333333333333333,0,1,-8.13325,0.3032884896,5.4998040199,,0.3333333333333333,0.5555555555555556,0.0,1,10
ZINC000002417030,-6.7146,0.4287956953,6.2640442848,,0.4,0.6666666666666666,0,1,-6.82854,0.368516922,6.2141251564,,0.3333333333333333,0.3333333333333333,0.0,1,-6.70612,0.3373061717,6.4153447151,,0.4,0.5555555555555556,0,1,-7.42825,0.3330710828,5.9422149658,,0.4666666666666667,0.6666666666666666,0.0,1,-6.54021,0.3024741411,6.1143951416,,0.2666666666666666,0.5555555555555556,0,1,-8.1316,0.2931906879,5.7539315224,,0.3333333333333333,0.4444444444444444,0.0,1,-7.53667,0.2622818351,6.0412945747,,0.2,0.3333333333333333,0.0,1,-6.84173,0.2618340254,4.3327522278,,0.2,0.2222222222222222,0.0,1,-6.36412,0.2527486682,5.5071525574,,0.4666666666666667,0.6666666666666666,0,1,-7.01263,0.2488918006,5.7670121193,,0.2,0.3333333333333333,0.0,1,10
ZINC000002469581,-7.81147,0.5488612652,5.5596022606,,0.0,0.1111111111111111,0,1,-8.40421,0.4237939417,5.4546904564,,0.0666666666666666,0.2222222222222222,0.0,1,-7.44917,0.3712130189,5.5975451469,,0.0666666666666666,0.2222222222222222,0,1,-7.35063,0.364969939,5.5431656837,,0.0666666666666666,0.2222222222222222,0.0,1,-7.96441,0.3447687626,5.4927349091,,0.1333333333333333,0.2222222222222222,0,1,-8.48668,0.3287538886,5.4310898781,,0.2,0.2222222222222222,0.0,1,-8.06242,0.3095562756,5.6557097435,,0.0666666666666666,0.2222222222222222,0.0,1,-7.35639,0.2759337723,5.3249239922,,0.1333333333333333,0.2222222222222222,0.0,1,-7.92945,0.2680843472,5.0881867409,,0.2,0.3333333333333333,0,1,-7.67117,0.2661754191,5.1536507607,,0.0666666666666666,0.2222222222222222,0.0,1,10
ZINC000002481311,-7.40295,0.8744421601,6.2533555031,,0.5333333333333333,0.5555555555555556,0,1,-7.01126,0.7794491649,6.397711277,,0.2,0.3333333333333333,0.0,1,-7.42543,0.643855989,5.588991642,,0.2666666666666666,0.3333333333333333,0,1,-5.90567,0.534994483,5.2970633507,,0.2,0.2222222222222222,0.0,1,-7.55657,0.4777507484,5.9310297966,,0.3333333333333333,0.4444444444444444,0,1,-6.59025,0.4621252716,5.5512261391,,0.4,0.4444444444444444,0.0,1,-7.16552,0.45134601,6.1037163734,,0.1333333333333333,0.3333333333333333,0.0,1,-6.9743,0.4310764074,6.0831933022,,0.2,0.4444444444444444,0.0,1,-5.84282,0.4023379982,5.0244617462,,0.3333333333333333,0.3333333333333333,0,1,-7.39966,0.391580224,5.7444839478,,0.1333333333333333,0.1111111111111111,0.0,1,10
ZINC000002520868,-9.32674,0.5167603493,6.4306130409,,0.4666666666666667,0.5555555555555556,0,1,-9.05008,0.4172776639,6.6594309807,,0.6,0.7777777777777778,0.0,1,-9.16685,0.3999181092,6.5111985207,,0.4666666666666667,0.6666666666666666,0,1,-9.02136,0.375128746,6.5997710228,,0.6,0.7777777777777778,0.0,1,-8.57675,0.3505347967,6.327111721,,0.6,0.6666666666666666,0,1,-8.55251,0.2008512169,5.7879567146,,0.1333333333333333,0.2222222222222222,0.0,1,-9.15154,0.1943101585,5.4610466957,,0.1333333333333333,0.2222222222222222,0.0,1,-7.84653,0.1769593805,5.5571761131,,0.0666666666666666,0.1111111111111111,0.0,1,-8.63119,0.1720569879,5.550617218,,0.0,0.1111111111111111,0,1,-8.97326,0.1671103239,5.3565392494,,0.1333333333333333,0.2222222222222222,0.0,1,10
ZINC000002522647,-7.81839,0.8823652267,6.4744935036,,0.5333333333333333,0.7777777777777778,0,1,-7.66255,0.5770128369,6.1827735901,,0.4,0.5555555555555556,0.0,1,-8.01997,0.5734887719,6.125895977,,0.3333333333333333,0.5555555555555556,0,1,-7.22719,0.5604082346,5.9977002144,,0.4666666666666667,0.6666666666666666,0.0,1,-7.22447,0.5149130225,6.084842205,,0.5333333333333333,0.7777777777777778,0,1,-7.82423,0.5020877719,5.7598977089,,0.2,0.3333333333333333,0.0,1,-6.84982,0.483587712,6.1069464684,,0.6,0.7777777777777778,0.0,1,-7.1091,0.3073794842,5.6217722893,,0.4,0.5555555555555556,0.0,1,-7.24567,0.2932793796,5.7192649841,,0.6666666666666666,0.7777777777777778,0,1,-6.54199,0.2392952144,5.4700016975,,0.2666666666666666,0.3333333333333333,0.0,1,10
ZINC000002591036,-8.56155,0.7535595894,6.9504847527,,0.6,0.5555555555555556,0,1,-8.25693,0.4818891287,6.8005981445,,0.1333333333333333,0.4444444444444444,0.0,1,-8.33203,0.4606380761,6.5547204018,,0.4,0.5555555555555556,0,1,-7.1852,0.4559320509,6.7865886688,,0.4666666666666667,0.7777777777777778,0.0,1,-8.45396,0.4251326621,6.4269108772,,0.4,0.5555555555555556,0,1,-7.90848,0.4137615263,6.3156867027,,0.6,0.6666666666666666,0.0,1,-8.14115,0.4088002145,6.6645545959,,0.2666666666666666,0.4444444444444444,0.0,1,-7.47654,0.4013867378,5.6688666344,,0.2666666666666666,0.3333333333333333,0.0,1,-8.35554,0.3815456927,6.5847239494,,0.2666666666666666,0.3333333333333333,0,1,-8.48806,0.3550500274,6.5079827309,,0.2666666666666666,0.4444444444444444,0.0,1,10
ZINC000002785743,-6.89219,0.4428188503,4.9463114738,,0.3333333333333333,0.4444444444444444,0,1,-7.35855,0.341460675,4.916074276,,0.4,0.5555555555555556,0.0,1,-6.05149,0.3158114254,6.0778670311,,0.2666666666666666,0.4444444444444444,0,1,-5.633,0.2452335656,5.4077205658,,0.2,0.3333333333333333,0.0,1,-6.09739,0.2340347618,5.0940613747,,0.1333333333333333,0.3333333333333333,0,1,-5.66034,0.2110460848,4.8610291481,,0.1333333333333333,0.2222222222222222,0.0,1,-6.39521,0.2103012204,5.001490593,,0.1333333333333333,0.3333333333333333,0.0,1,-7.12429,0.2025649548,4.8392620087,,0.3333333333333333,0.4444444444444444,0.0,1,-6.0888,0.2018244117,5.7127780914,,0.2,0.3333333333333333,0,1,-5.71943,0.1981822103,4.4026832581,,0.3333333333333333,0.4444444444444444,0.0,1,10
ZINC000002803744,-7.43326,0.8996025324,7.0212626457,,0.4,0.4444444444444444,0,1,-6.5934,0.6629197598,6.49944067,,0.2666666666666666,0.5555555555555556,0.0,1,-6.82301,0.578027606,6.619456768,,0.2666666666666666,0.4444444444444444,0,1,-6.1852,0.4447120428,5.7264766693,,0.2666666666666666,0.3333333333333333,0.0,1,-6.3161,0.4296579957,6.3384346962,,0.2,0.3333333333333333,0,1,-8.28027,0.4215255678,6.1610608101,,0.4666666666666667,0.5555555555555556,0.0,1,-6.25683,0.4183724523,6.1055083275,,0.4,0.4444444444444444,0.0,1,-6.31566,0.3969689608,5.2702178955,,0.2666666666666666,0.3333333333333333,0.0,1,-8.483,0.3923206031,5.7960319519,,0.2,0.3333333333333333,0,1,-6.74444,0.3843574822,5.9229521751,,0.3333333333333333,0.4444444444444444,0.0,1,10
ZINC000002804093,-6.009,0.5762438774,6.0244555473,,0.4666666666666667,0.5555555555555556,0,1,-6.19702,0.5188153386,6.3877258301,,0.5333333333333333,0.7777777777777778,0.0,1,-6.27259,0.3841053843,5.8336539268,,0.4,0.4444444444444444,0,1,-5.92344,0.3448443413,5.8561329842,,0.4666666666666667,0.5555555555555556,0.0,1,-6.10196,0.3153807223,5.7594985962,,0.2,0.2222222222222222,0,1,-6.60585,0.3091169298,5.3226389885,,0.2,0.2222222222222222,0.0,1,-5.92181,0.2851265669,5.6452980042,,0.4,0.6666666666666666,0.0,1,-7.22534,0.2147206515,4.5387711525,,0.1333333333333333,0.2222222222222222,0.0,1,-6.50902,0.1948893815,4.7075309753,,0.4,0.5555555555555556,0,1,-6.74394,0.1770054102,4.6999645233,,0.2666666666666666,0.3333333333333333,0.0,1,10
ZINC000002879196,-6.7141,0.6556385756,6.3404555321,,0.4666666666666667,0.4444444444444444,0,1,-6.9188,0.6498857737,5.8010025024,,0.4,0.5555555555555556,0.0,1,-7.07076,0.5665906668,5.8114628792,,0.4,0.5555555555555556,0,1,-6.53783,0.4987497926,6.2894496918,,0.4,0.5555555555555556,0.0,1,-6.33195,0.4129208922,6.2852396965,,0.4,0.6666666666666666,0,1,-7.12202,0.3815623522,4.4603800774,,0.1333333333333333,0.2222222222222222,0.0,1,-6.52621,0.3603389561,5.031167984,,0.1333333333333333,0.3333333333333333,0.0,1,-5.87583,0.353708595,4.5438284874,,0.2666666666666666,0.3333333333333333,0.0,1,-6.02444,0.3468838632,4.4316124916,,0.0666666666666666,0.2222222222222222,0,1,-6.08796,0.3439885676,5.3668017387,,0.5333333333333333,0.5555555555555556,0.0,1,10
ZINC000002918269,-6.85018,0.8559237123,5.7157859802,,0.2666666666666666,0.4444444444444444,0,1,-6.75826,0.7970656753,6.528857708,,0.3333333333333333,0.4444444444444444,0.0,1,-6.29458,0.367697984,5.4964165688,,0.2666666666666666,0.4444444444444444,0,1,-6.56542,0.3587016463,5.0892825127,,0.0666666666666666,0.2222222222222222,0.0,1,-7.28464,0.2896805406,4.7492194176,,0.2,0.2222222222222222,0,1,-6.42086,0.2852502763,5.1223101616,,0.2,0.2222222222222222,0.0,1,-6.36753,0.2811388373,4.7291083336,,0.2666666666666666,0.3333333333333333,0.0,1,-6.02241,0.2618276179,5.2073478699,,0.1333333333333333,0.1111111111111111,0.0,1,-6.51607,0.2482222915,5.3460850716,,0.2,0.2222222222222222,0,1,-5.87023,0.241535902,5.2376308441,,0.2,0.2222222222222222,0.0,1,10
ZINC000003007083,-6.19357,0.2416824847,6.0764164925,,0.2666666666666666,0.2222222222222222,0,1,-6.17707,0.1990635842,6.0037651062,,0.2666666666666666,0.4444444444444444,0.0,1,-6.29701,0.1988339275,5.8151435852,,0.2666666666666666,0.3333333333333333,0,1,-5.9484,0.183359921,5.9502472878,,0.2666666666666666,0.3333333333333333,0.0,1,-6.41096,0.1826342046,5.638566494,,0.0,0.1111111111111111,0,1,-6.84922,0.1771637201,5.6417326927,,0.2,0.2222222222222222,0.0,1,-5.88432,0.1681111157,5.6519665718,,0.1333333333333333,0.2222222222222222,0.0,1,-6.56805,0.1425763518,5.6235280037,,0.2666666666666666,0.3333333333333333,0.0,1,-6.59059,0.1297985464,6.4417037964,,0.4,0.5555555555555556,0,1,-6.03144,0.1294354349,5.0809464455,,0.2666666666666666,0.3333333333333333,0.0,1,10
ZINC000003007137,-6.11913,0.3411200643,5.7659554482,,0.0,0.1111111111111111,0,1,-7.53166,0.3055073321,6.212688446,,0.2666666666666666,0.4444444444444444,0.0,1,-6.25476,0.2796055377,5.9510130882,,0.2,0.4444444444444444,0,1,-6.48912,0.2744467258,6.0021247864,,0.2666666666666666,0.3333333333333333,0.0,1,-7.79674,0.2656255364,5.9298014641,,0.2,0.3333333333333333,0,1,-6.33666,0.2355905324,5.9036898613,,0.2666666666666666,0.3333333333333333,0.0,1,-6.66644,0.2237564176,5.9271388054,,0.0666666666666666,0.2222222222222222,0.0,1,-6.1051,0.2195265293,5.2556948662,,0.1333333333333333,0.2222222222222222,0.0,1,-6.12147,0.2191023678,5.6690821648,,0.0666666666666666,0.2222222222222222,0,1,-7.24459,0.2091655284,5.7538218498,,0.4,0.4444444444444444,0.0,1,10
ZINC000003066996,-7.30317,0.5451184511,6.5053272247,,0.2666666666666666,0.4444444444444444,0,1,-8.3261,0.4752597809,6.7185320854,,0.3333333333333333,0.5555555555555556,0.0,1,-7.67455,0.4334029555,6.9304223061,,0.4666666666666667,0.7777777777777778,0,1,-8.05122,0.3763605356,6.6675238609,,0.3333333333333333,0.6666666666666666,0.0,1,-8.17083,0.3702323437,6.4918513298,,0.3333333333333333,0.6666666666666666,0,1,-7.93023,0.2958499789,6.1976428032,,0.3333333333333333,0.6666666666666666,0.0,1,-7.43392,0.2756999433,5.8506188393,,0.2,0.2222222222222222,0.0,1,-7.33226,0.2706189156,6.124601841,,0.3333333333333333,0.4444444444444444,0.0,1,-7.26543,0.2669622004,5.6968646049,,0.2666666666666666,0.4444444444444444,0,1,-7.18905,0.2659521997,5.6025185585,,0.2666666666666666,0.4444444444444444,0.0,1,10
ZINC000003279508,-6.59687,0.4468035996,6.1535782814,,0.2666666666666666,0.4444444444444444,0,1,-6.73992,0.338324964,6.0612945557,,0.1333333333333333,0.2222222222222222,0.0,1,-5.29242,0.3367431164,4.5376648903,,0.0666666666666666,0.1111111111111111,0,1,-6.59345,0.3152570426,6.2619013786,,0.2,0.3333333333333333,0.0,1,-6.50906,0.3061439395,6.1894850731,,0.1333333333333333,0.2222222222222222,0,1,-5.14329,0.2230869383,4.8349571228,,0.2,0.3333333333333333,0.0,1,-6.53656,0.2082619965,5.7775530815,,0.2,0.3333333333333333,0.0,1,-5.25048,0.1980094314,4.1713027954,,0.0666666666666666,0.1111111111111111,0.0,1,-5.06066,0.192692697,5.1153035164,,0.1333333333333333,0.2222222222222222,0,1,-5.65482,0.1891656518,5.0526909828,,0.0666666666666666,0.1111111111111111,0.0,1,10
ZINC000003325315,-6.31769,0.5563386679,4.718603611,,0.0666666666666666,0.1111111111111111,0,1,-6.81126,0.4847065806,5.2958908081,,0.0666666666666666,0.2222222222222222,0.0,1,-7.53061,0.4640098214,5.81194067,,0.4,0.5555555555555556,0,1,-7.44701,0.4639733732,5.3860239983,,0.1333333333333333,0.2222222222222222,0.0,1,-6.27341,0.369014442,5.0540442467,,0.3333333333333333,0.4444444444444444,0,1,-6.52901,0.3221335411,5.0213084221,,0.0666666666666666,0.2222222222222222,0.0,1,-7.61036,0.2653819323,5.6020126343,,0.2,0.3333333333333333,0.0,1,-6.48093,0.224241972,4.8718142509,,0.2,0.3333333333333333,0.0,1,-7.12838,0.2120594829,4.6744418144,,0.2,0.3333333333333333,0,1,-6.85778,0.2108965814,4.7243847847,,0.1333333333333333,0.2222222222222222,0.0,1,10
ZINC000003581407,-7.69969,0.5540785789,6.7401766777,,0.4,0.3333333333333333,0,1,-6.88879,0.5381932259,6.7993330956,,0.2,0.3333333333333333,0.0,1,-7.63781,0.4042712748,6.577665329,,0.3333333333333333,0.3333333333333333,0,1,-6.20179,0.395493716,6.4522705078,,0.3333333333333333,0.3333333333333333,0.0,1,-6.984,0.275008738,5.8580708504,,0.2,0.1111111111111111,0,1,-6.79595,0.2686019838,6.0668063164,,0.4666666666666667,0.4444444444444444,0.0,1,-6.412,0.2627327442,5.9083709717,,0.2,0.3333333333333333,0.0,1,-7.16151,0.2268717885,5.3385195732,,0.4,0.5555555555555556,0.0,1,-7.29698,0.2265438437,6.1512527466,,0.2666666666666666,0.3333333333333333,0,1,-6.51202,0.2233844846,5.8129115105,,0.1333333333333333,0.1111111111111111,0.0,1,10
ZINC000003830351,-6.30948,0.1842442751,5.0725274086,,0.0,0.1111111111111111,0,1,-5.75369,0.164738223,6.0713181496,,0.1333333333333333,0.2222222222222222,0.0,1,-6.84094,0.1608190387,5.3128552437,,0.0666666666666666,0.2222222222222222,0,1,-6.39649,0.1538286358,5.777659893,,0.2666666666666666,0.3333333333333333,0.0,1,-6.51684,0.1500683129,5.490650177,,0.1333333333333333,0.2222222222222222,0,1,-7.16319,0.147057876,6.2989630699,,0.0666666666666666,0.2222222222222222,0.0,1,-6.63689,0.1452198327,5.8154435158,,0.2,0.3333333333333333,0.0,1,-6.43,0.1433002055,5.1700978279,,0.0,0.1111111111111111,0.0,1,-7.08402,0.1431175917,5.674030304,,0.2,0.3333333333333333,0,1,-5.87291,0.1419725865,5.4983382225,,0.0,0.0,0.0,1,10
ZINC000003886166,-5.69897,0.5861020088,5.1082177162,,0.0666666666666666,0.1111111111111111,0,1,-6.00843,0.5414139032,5.1982307434,,0.0666666666666666,0.1111111111111111,0.0,1,-5.98218,0.424919337,5.1137547493,,0.0666666666666666,0.1111111111111111,0,1,-6.29296,0.2474363744,5.0433468819,,0.2,0.3333333333333333,0.0,1,-5.98678,0.2440184206,5.0115466118,,0.1333333333333333,0.2222222222222222,0,1,-6.09514,0.2234779,4.9130711555,,0.0666666666666666,0.2222222222222222,0.0,1,-6.46593,0.2108540237,5.1761679649,,0.2,0.3333333333333333,0.0,1,-7.26196,0.2046229839,4.8881378174,,0.3333333333333333,0.3333333333333333,0.0,1,-5.87461,0.2005470544,3.9351308346,,0.2666666666666666,0.3333333333333333,0,1,-6.13883,0.1974025071,4.7395496368,,0.1333333333333333,0.2222222222222222,0.0,1,10
ZINC000003887231,-5.79365,0.7167960405,5.4743599892,,0.2,0.3333333333333333,0,1,-6.69102,0.3183261454,4.8883795738,,0.2666666666666666,0.3333333333333333,0.0,1,-6.70935,0.2980017066,4.9994282722,,0.3333333333333333,0.3333333333333333,0,1,-5.93754,0.2766317427,4.9295716286,,0.0666666666666666,0.1111111111111111,0.0,1,-5.733,0.2347490191,4.9052462578,,0.2,0.4444444444444444,0,1,-5.73037,0.2326525152,4.3263249397,,0.2,0.2222222222222222,0.0,1,-5.95213,0.2160059661,5.0663647652,,0.2666666666666666,0.3333333333333333,0.0,1,-6.73464,0.2140685469,5.007997036,,0.1333333333333333,0.2222222222222222,0.0,1,-5.69639,0.212674439,4.2333111763,,0.1333333333333333,0.2222222222222222,0,1,-6.03406,0.2057296336,4.93298769,,0.2666666666666666,0.3333333333333333,0.0,1,10
ZINC000003940643,-10.65107,0.6476745605,7.6519565582,,0.4,0.5555555555555556,0,1,-8.58963,0.5196024776,6.8594856262,,0.3333333333333333,0.4444444444444444,0.0,1,-8.59048,0.5100580454,7.0337257385,,0.4,0.4444444444444444,0,1,-9.37712,0.4555491507,7.1368222237,,0.4666666666666667,0.5555555555555556,0.0,1,-7.96873,0.3858104944,5.7177910805,,0.0,0.1111111111111111,0,1,-8.62425,0.3852288723,6.7500128746,,0.4666666666666667,0.6666666666666666,0.0,1,-8.44608,0.3645734787,6.1607031822,,0.1333333333333333,0.2222222222222222,0.0,1,-8.85083,0.3550248444,7.0548787117,,0.4666666666666667,0.7777777777777778,0.0,1,-9.30413,0.3370519578,6.0725631714,,0.2,0.3333333333333333,0,1,-9.25408,0.3287909627,6.4079055786,,0.1333333333333333,0.3333333333333333,0.0,1,10
ZINC000003993831,-8.27072,0.5517862439,7.0045132637,,0.2666666666666666,0.4444444444444444,0,1,-9.20095,0.4394710362,6.9608302116,,0.2,0.3333333333333333,0.0,1,-8.04431,0.420099318,6.5294823647,,0.4,0.5555555555555556,0,1,-6.8886,0.2366154194,6.122273922,,0.2,0.3333333333333333,0.0,1,-8.06742,0.2357723713,6.4306874275,,0.2666666666666666,0.3333333333333333,0,1,-7.81837,0.2199648023,5.7465777397,,0.2666666666666666,0.3333333333333333,0.0,1,-7.1541,0.1949681193,5.7505202293,,0.2666666666666666,0.4444444444444444,0.0,1,-8.42385,0.1714007407,6.1925692558,,0.4,0.6666666666666666,0.0,1,-6.87635,0.1713085771,4.943608284,,0.0666666666666666,0.2222222222222222,0,1,-7.61159,0.1673936099,5.9602637291,,0.3333333333333333,0.5555555555555556,0.0,1,10
ZINC000003995701,-7.44657,0.8941636086,6.8981342316,,0.5333333333333333,0.5555555555555556,0,1,-6.93287,0.6085826755,6.0203099251,,0.3333333333333333,0.3333333333333333,0.0,1,-7.14667,0.5502643585,5.8183703423,,0.2666666666666666,0.3333333333333333,0,1,-7.84355,0.5180927515,5.9871163368,,0.2,0.3333333333333333,0.0,1,-6.47881,0.4224334359,5.205842495,,0.2,0.3333333333333333,0,1,-6.60974,0.4130664468,5.6992545128,,0.1333333333333333,0.2222222222222222,0.0,1,-6.70327,0.4057781398,5.5321679115,,0.3333333333333333,0.3333333333333333,0.0,1,-6.55312,0.3852241039,4.9386639595,,0.2,0.2222222222222222,0.0,1,-6.72537,0.3771444559,5.4161834717,,0.0,0.1111111111111111,0,1,-8.27756,0.3295657337,5.1071529388,,0.2,0.3333333333333333,0.0,1,10
ZINC000004096210,-8.31911,0.6582050323,5.7054114342,,0.5333333333333333,0.7777777777777778,0,1,-6.69273,0.4816767871,4.4534463882,,0.0666666666666666,0.2222222222222222,0.0,1,-9.02668,0.4643972516,5.1347270012,,0.4,0.6666666666666666,0,1,-7.34909,0.4553674161,4.3325438499,,0.2,0.3333333333333333,0.0,1,-7.80691,0.4460793436,5.1113467216,,0.3333333333333333,0.4444444444444444,0,1,-8.72377,0.4458616078,4.8067317009,,0.4,0.5555555555555556,0.0,1,-7.01051,0.4251928926,3.9169025421,,0.1333333333333333,0.2222222222222222,0.0,1,-6.68705,0.4162116051,4.4634418488,,0.2,0.3333333333333333,0.0,1,-8.7244,0.4084407389,4.2966041565,,0.3333333333333333,0.4444444444444444,0,1,-7.87817,0.3848954141,4.8619742393,,0.2666666666666666,0.4444444444444444,0.0,1,10
ZINC000004197586,-6.82474,0.5985897779,6.1010584831,,0.2,0.3333333333333333,0,1,-6.827,0.5790615082,6.6619281769,,0.4666666666666667,0.6666666666666666,0.0,1,-6.48097,0.5300315022,6.0162329674,,0.2,0.2222222222222222,0,1,-6.71597,0.4524897933,5.9863071442,,0.2666666666666666,0.3333333333333333,0.0,1,-6.19462,0.4505346119,6.209127903,,0.0666666666666666,0.1111111111111111,0,1,-6.97461,0.4201828539,5.8422756195,,0.0666666666666666,0.1111111111111111,0.0,1,-7.08577,0.4140719771,6.2703194618,,0.0666666666666666,0.1111111111111111,0.0,1,-7.12913,0.4061539769,6.0226340294,,0.0666666666666666,0.1111111111111111,0.0,1,-6.34869,0.3654873669,6.2608890533,,0.2,0.3333333333333333,0,1,-5.99985,0.3578923345,5.7923049927,,0.2,0.3333333333333333,0.0,1,10
ZINC000004237057,-6.44212,0.5369836092,6.1563200951,,0.5333333333333333,0.6666666666666666,0,1,-6.27706,0.5169042945,6.1296725273,,0.6,0.5555555555555556,0.0,1,-6.39988,0.4573512673,5.9816117287,,0.5333333333333333,0.6666666666666666,0,1,-6.86129,0.3952020109,5.95281744,,0.2,0.2222222222222222,0.0,1,-7.14465,0.3826713264,5.8358364105,,0.2,0.2222222222222222,0,1,-5.96136,0.3775088191,6.2502026558,,0.4666666666666667,0.4444444444444444,0.0,1,-5.94664,0.3696492314,5.6539721489,,0.5333333333333333,0.5555555555555556,0.0,1,-5.77534,0.3340271413,5.8218741417,,0.5333333333333333,0.6666666666666666,0.0,1,-5.84439,0.3255024552,5.7791905403,,0.4666666666666667,0.4444444444444444,0,1,-6.57207,0.3246824443,5.733399868,,0.1333333333333333,0.3333333333333333,0.0,1,10
ZINC000004328827,-6.70488,0.6967731714,7.3013558388,,0.5333333333333333,0.5555555555555556,0,1,-6.51633,0.4353898466,6.6892571449,,0.3333333333333333,0.4444444444444444,0.0,1,-8.07475,0.3556026518,6.0087857246,,0.3333333333333333,0.5555555555555556,0,1,-6.40922,0.3415661156,6.3211188316,,0.4,0.5555555555555556,0.0,1,-5.96269,0.2988292277,5.0929737091,,0.2,0.3333333333333333,0,1,-6.32661,0.2773146331,4.6821599007,,0.0666666666666666,0.2222222222222222,0.0,1,-7.19224,0.2700932622,5.783010006,,0.2,0.3333333333333333,0.0,1,-6.82204,0.2692027986,5.9296245575,,0.3333333333333333,0.5555555555555556,0.0,1,-6.12687,0.2631235719,5.7697272301,,0.2,0.2222222222222222,0,1,-6.88335,0.2436685562,4.8598456383,,0.2,0.3333333333333333,0.0,1,10
ZINC000004337253,-7.21737,0.9721556306,6.9060950279,,0.4666666666666667,0.5555555555555556,0,1,-7.42102,0.8575620055,6.4255290031,,0.4,0.5555555555555556,0.0,1,-7.96102,0.8326935768,6.89818573,,0.4666666666666667,0.4444444444444444,0,1,-6.57721,0.7374154925,5.6138057709,,0.4,0.4444444444444444,0.0,1,-7.41346,0.5153787136,5.9506392479,,0.6,0.5555555555555556,0,1,-7.44614,0.4665938616,5.1820788383,,0.1333333333333333,0.2222222222222222,0.0,1,-7.61836,0.4203772843,6.3163318634,,0.2,0.3333333333333333,0.0,1,-6.70374,0.3957386613,5.2149605751,,0.4,0.4444444444444444,0.0,1,-6.75265,0.3204810619,5.8413047791,,0.1333333333333333,0.2222222222222222,0,1,-7.32793,0.3179069161,4.683116436,,0.0666666666666666,0.1111111111111111,0.0,1,10
ZINC000004409144,-7.02978,0.535385251,6.3954939842,,0.1333333333333333,0.2222222222222222,0,1,-6.87931,0.3894053102,6.221382618,,0.2,0.3333333333333333,0.0,1,-5.73248,0.292296499,5.1398997307,,0.1333333333333333,0.2222222222222222,0,1,-5.77578,0.2474537045,4.9738821983,,0.0666666666666666,0.1111111111111111,0.0,1,-5.78734,0.2465118766,5.4519143105,,0.0666666666666666,0.1111111111111111,0,1,-6.22761,0.2348769754,5.5294837952,,0.1333333333333333,0.2222222222222222,0.0,1,-6.64103,0.2210714519,5.5973744392,,0.0666666666666666,0.1111111111111111,0.0,1,-5.91504,0.2145911306,5.5132522583,,0.1333333333333333,0.2222222222222222,0.0,1,-6.07861,0.208117798,4.8310647011,,0.2,0.3333333333333333,0,1,-7.24698,0.204196468,4.549434185,,0.0666666666666666,0.1111111111111111,0.0,1,10
ZINC000004699152,-7.13668,0.8498312831,7.2161808014,,0.5333333333333333,0.7777777777777778,0,1,-6.82845,0.7232926488,6.9025769234,,0.4666666666666667,0.5555555555555556,0.0,1,-6.90641,0.5113779902,6.8725161552,,0.5333333333333333,0.7777777777777778,0,1,-4.98161,0.3599709868,5.8753643036,,0.4666666666666667,0.5555555555555556,0.0,1,-5.38947,0.3241581619,5.4499931335,,0.0666666666666666,0.2222222222222222,0,1,-5.29998,0.2658009529,4.4782295227,,0.0666666666666666,0.2222222222222222,0.0,1,-5.75796,0.2454034686,5.7577309608,,0.4666666666666667,0.5555555555555556,0.0,1,-6.35786,0.2110460997,5.4710202217,,0.4,0.5555555555555556,0.0,1,-5.72795,0.2001225501,5.8049559593,,0.6,0.7777777777777778,0,1,-5.44873,0.1884286255,4.5537700653,,0.0666666666666666,0.1111111111111111,0.0,1,10
ZINC000004784435,-8.30307,0.9061920643,7.6819329262,,0.6,0.7777777777777778,0,1,-8.25249,0.7250366807,7.0530738831,,0.4,0.5555555555555556,0.0,1,-8.53563,0.6807187796,7.345199585,,0.3333333333333333,0.4444444444444444,0,1,-8.92012,0.5999456644,7.0947990417,,0.3333333333333333,0.4444444444444444,0.0,1,-6.85435,0.5893076658,6.615377903,,0.4666666666666667,0.5555555555555556,0,1,-7.52262,0.5863024592,6.548242569,,0.4,0.4444444444444444,0.0,1,-7.93575,0.5835613608,6.8333854675,,0.3333333333333333,0.4444444444444444,0.0,1,-7.14407,0.5728089809,6.1551070213,,0.4666666666666667,0.5555555555555556,0.0,1,-7.00878,0.5354757905,6.6444983482,,0.4,0.4444444444444444,0,1,-7.72012,0.5151188374,6.8420352936,,0.2,0.3333333333333333,0.0,1,10
ZINC000004789732,-8.072,0.8509424925,6.3669571877,,0.4,0.6666666666666666,0,1,-6.4206,0.8189057708,6.2934288979,,0.2,0.3333333333333333,0.0,1,-6.72638,0.7748931646,6.153699398,,0.1333333333333333,0.2222222222222222,0,1,-8.21283,0.7075259089,5.7819900513,,0.3333333333333333,0.5555555555555556,0.0,1,-8.19745,0.6129240394,5.7266535759,,0.5333333333333333,0.7777777777777778,0,1,-5.47383,0.5758398771,6.3399620056,,0.1333333333333333,0.2222222222222222,0.0,1,-7.71463,0.5523300171,5.4895777702,,0.2666666666666666,0.4444444444444444,0.0,1,-7.51518,0.5468735695,6.1253266335,,0.3333333333333333,0.5555555555555556,0.0,1,-7.71694,0.496318996,5.3326730728,,0.4,0.5555555555555556,0,1,-7.05932,0.4929266274,5.6489472389,,0.4,0.5555555555555556,0.0,1,10
ZINC000004936481,-8.14313,0.551584065,6.745677948,,0.5333333333333333,0.7777777777777778,0,1,-7.93044,0.5257371664,6.9525146484,,0.2666666666666666,0.4444444444444444,0.0,1,-7.23598,0.3297605217,6.2081656456,,0.2666666666666666,0.4444444444444444,0,1,-7.52555,0.2680025399,6.416454792,,0.4666666666666667,0.6666666666666666,0.0,1,-7.3769,0.1815104038,5.9998450279,,0.2,0.3333333333333333,0,1,-8.92404,0.1557891518,6.3306641579,,0.2666666666666666,0.2222222222222222,0.0,1,-6.78437,0.1460487098,4.9886574745,,0.1333333333333333,0.2222222222222222,0.0,1,-6.79349,0.1340830922,5.9219322205,,0.2666666666666666,0.4444444444444444,0.0,1,-6.75103,0.1319759488,4.9943223,,0.0666666666666666,0.1111111111111111,0,1,-7.26693,0.1304100454,5.5529856682,,0.0666666666666666,0.1111111111111111,0.0,1,10
ZINC000004977198,-6.89269,0.4199078977,5.0058655739,,0.1333333333333333,0.2222222222222222,0,1,-6.2161,0.3080509305,6.0709071159,,0.2,0.3333333333333333,0.0,1,-6.31407,0.2778454423,5.6245436668,,0.2666666666666666,0.4444444444444444,0,1,-5.6536,0.2455188185,4.4725556374,,0.0666666666666666,0.1111111111111111,0.0,1,-6.33947,0.2430597246,4.7123656273,,0.0666666666666666,0.1111111111111111,0,1,-6.14173,0.2373986095,5.1191821098,,0.0,0.0,0.0,1,-6.32199,0.2350187153,4.8506217003,,0.0666666666666666,0.1111111111111111,0.0,1,-6.67008,0.2311267704,4.5468249321,,0.1333333333333333,0.2222222222222222,0.0,1,-5.57704,0.2304651886,4.4570527077,,0.0666666666666666,0.1111111111111111,0,1,-5.60461,0.2299065143,4.6231455803,,0.0666666666666666,0.1111111111111111,0.0,1,10
ZINC000005055847,-8.90534,0.763858676,7.7578501701,,0.4666666666666667,0.5555555555555556,0,1,-8.30556,0.5521162748,7.2510371208,,0.6,0.6666666666666666,0.0,1,-8.16049,0.4914204776,7.1035652161,,0.3333333333333333,0.4444444444444444,0,1,-7.25894,0.3816290796,6.6198425293,,0.4666666666666667,0.4444444444444444,0.0,1,-8.25081,0.2547344565,6.3703808784,,0.3333333333333333,0.4444444444444444,0,1,-7.4301,0.2459532917,6.5922374725,,0.5333333333333333,0.6666666666666666,0.0,1,-7.12962,0.2299248725,4.9348864555,,0.0666666666666666,0.1111111111111111,0.0,1,-7.61492,0.2229150683,5.094479084,,0.0,0.1111111111111111,0.0,1,-7.80069,0.2206244022,6.1151871681,,0.1333333333333333,0.2222222222222222,0,1,-7.40204,0.2077698112,6.1313185692,,0.2,0.3333333333333333,0.0,1,10
ZINC000005069934,-8.09935,0.6351190805,7.0611395836,,0.4,0.5555555555555556,0,1,-8.27005,0.6193731427,6.8943500519,,0.4666666666666667,0.5555555555555556,0.0,1,-7.42779,0.6081395745,7.2581634521,,0.4666666666666667,0.5555555555555556,0,1,-7.71705,0.5376201868,6.7276272774,,0.5333333333333333,0.7777777777777778,0.0,1,-8.35371,0.4850237668,7.1690278053,,0.4,0.4444444444444444,0,1,-8.83164,0.4433844984,6.6169409752,,0.2,0.3333333333333333,0.0,1,-7.76071,0.4204755723,6.9440140724,,0.2666666666666666,0.3333333333333333,0.0,1,-8.55899,0.4158373177,7.0103130341,,0.3333333333333333,0.4444444444444444,0.0,1,-7.09937,0.3970405459,5.9286441803,,0.4666666666666667,0.6666666666666666,0,1,-7.13803,0.3724888861,6.7598757744,,0.3333333333333333,0.5555555555555556,0.0,1,10
ZINC000005258424,-5.12683,0.3452695608,5.3419184685,,0.1333333333333333,0.2222222222222222,0,1,-5.22507,0.3424867392,5.7101192474,,0.1333333333333333,0.2222222222222222,0.0,1,-5.14243,0.3417218626,5.6775193214,,0.1333333333333333,0.2222222222222222,0,1,-5.37297,0.2524395287,4.9985733032,,0.0666666666666666,0.1111111111111111,0.0,1,-5.50923,0.2463511825,6.3610725403,,0.4,0.6666666666666666,0,1,-5.30247,0.2314570844,6.5994963646,,0.4666666666666667,0.7777777777777778,0.0,1,-4.9066,0.2054754347,6.0131239891,,0.2666666666666666,0.4444444444444444,0.0,1,-5.18989,0.204339385,6.2087650299,,0.4,0.6666666666666666,0.0,1,-5.28169,0.1785550267,5.4581336975,,0.1333333333333333,0.2222222222222222,0,1,-5.01061,0.1769232601,4.7751336098,,0.0,0.0,0.0,1,10
ZINC000005271646,-7.42122,0.9264965057,6.9393343925,,0.4666666666666667,0.4444444444444444,0,1,-7.07998,0.8910996318,6.9251270294,,0.4,0.4444444444444444,0.0,1,-6.90962,0.7620062232,6.6541514397,,0.4,0.6666666666666666,0,1,-6.39086,0.7343931198,6.4666233063,,0.4666666666666667,0.4444444444444444,0.0,1,-6.79558,0.7245740294,6.5483474731,,0.4,0.3333333333333333,0,1,-7.18923,0.697124958,6.6966900826,,0.3333333333333333,0.4444444444444444,0.0,1,-6.41358,0.5831921101,6.1451263428,,0.4666666666666667,0.4444444444444444,0.0,1,-6.93729,0.5818092227,6.1774010658,,0.4,0.5555555555555556,0.0,1,-6.79439,0.5294700861,6.3392925262,,0.3333333333333333,0.5555555555555556,0,1,-6.71351,0.489336431,6.3198161125,,0.4666666666666667,0.4444444444444444,0.0,1,10
ZINC000005346078,-5.3817,0.2158953696,4.6546320915,,0.0,0.0,0,1,-5.62336,0.17793715,5.1259894371,,0.1333333333333333,0.2222222222222222,0.0,1,-5.46724,0.1559771597,4.2922687531,,0.0666666666666666,0.1111111111111111,0,1,-5.37781,0.1441718787,5.054485321,,0.0,0.0,0.0,1,-5.81947,0.1415631473,4.6870121956,,0.0,0.0,0,1,-6.06179,0.139796108,4.5718388557,,0.0666666666666666,0.1111111111111111,0.0,1,-6.19851,0.1379120946,4.6776137352,,0.1333333333333333,0.2222222222222222,0.0,1,-6.08457,0.1324214637,5.0335907936,,0.0666666666666666,0.1111111111111111,0.0,1,-5.673,0.1130407527,4.695625782,,0.0666666666666666,0.1111111111111111,0,1,-6.21656,0.1114299223,5.077278614,,0.0666666666666666,0.1111111111111111,0.0,1,10
ZINC000005510071,-6.49235,0.2492491156,4.4821696281,,0.1333333333333333,0.2222222222222222,0,1,-6.53018,0.2343706191,4.6990809441,,0.2,0.3333333333333333,0.0,1,-6.50347,0.2155755162,4.5042891502,,0.1333333333333333,0.2222222222222222,0,1,-5.6582,0.2147447169,4.5855498314,,0.0666666666666666,0.1111111111111111,0.0,1,-6.15388,0.213626951,5.1343617439,,0.1333333333333333,0.2222222222222222,0,1,-6.5694,0.2009344697,4.4753451347,,0.2,0.3333333333333333,0.0,1,-5.58681,0.2003800273,4.5662407875,,0.1333333333333333,0.2222222222222222,0.0,1,-6.62703,0.1977353841,4.5339331627,,0.2,0.3333333333333333,0.0,1,-6.48772,0.1972735226,3.8877437115,,0.1333333333333333,0.2222222222222222,0,1,-6.59731,0.1953452528,4.1291313171,,0.1333333333333333,0.2222222222222222,0.0,1,10
ZINC000005554480,-8.77949,0.5504076481,7.2181396484,,0.0,0.1111111111111111,0,1,-8.02715,0.4924198687,7.6573195457,,0.3333333333333333,0.5555555555555556,0.0,1,-7.94199,0.4464869797,7.4960198402,,0.3333333333333333,0.4444444444444444,0,1,-7.85706,0.3114139438,7.0886502266,,0.3333333333333333,0.5555555555555556,0.0,1,-8.1814,0.3011279702,6.2334938049,,0.1333333333333333,0.3333333333333333,0,1,-8.22075,0.296453625,6.8685016632,,0.2,0.3333333333333333,0.0,1,-8.40737,0.29589957,6.6847434044,,0.0666666666666666,0.2222222222222222,0.0,1,-7.63947,0.2950727344,6.2431836128,,0.0666666666666666,0.1111111111111111,0.0,1,-8.57322,0.2827996016,6.6063599586,,0.2666666666666666,0.3333333333333333,0,1,-7.75838,0.2754757106,6.3315696716,,0.1333333333333333,0.2222222222222222,0.0,1,10
ZINC000005561359,-7.12748,0.5951334834,6.5590782166,,0.2,0.3333333333333333,0,1,-6.89798,0.3301238716,5.4935154915,,0.2,0.2222222222222222,0.0,1,-6.08132,0.2837044597,5.489792347,,0.1333333333333333,0.1111111111111111,0,1,-6.35704,0.2599970102,5.3995404243,,0.2,0.2222222222222222,0.0,1,-6.10765,0.2512550056,4.4272341728,,0.1333333333333333,0.2222222222222222,0,1,-5.9563,0.2428271025,4.7707457542,,0.2666666666666666,0.3333333333333333,0.0,1,-7.44691,0.2324742526,4.7198843956,,0.1333333333333333,0.2222222222222222,0.0,1,-6.48633,0.2293436527,4.8622670174,,0.1333333333333333,0.2222222222222222,0.0,1,-6.01229,0.2190876603,4.1976733208,,0.2666666666666666,0.3333333333333333,0,1,-6.03635,0.193237558,5.2631917,,0.2,0.2222222222222222,0.0,1,10
ZINC000005600388,-7.12925,0.77956599,6.1695785522,,0.1333333333333333,0.2222222222222222,0,1,-7.1439,0.7379441261,6.2639908791,,0.2,0.3333333333333333,0.0,1,-5.54658,0.705365181,6.0864920616,,0.4,0.6666666666666666,0,1,-6.27412,0.6719601154,6.270087719,,0.2666666666666666,0.4444444444444444,0.0,1,-6.15376,0.6390904188,6.3954873085,,0.2,0.3333333333333333,0,1,-7.20188,0.6216062903,5.982945919,,0.2,0.3333333333333333,0.0,1,-5.71571,0.5968260169,5.7098135948,,0.2,0.3333333333333333,0.0,1,-5.64337,0.5466713905,6.2216868401,,0.4,0.6666666666666666,0.0,1,-6.52268,0.4993833601,6.2231621742,,0.1333333333333333,0.2222222222222222,0,1,-6.77742,0.4920969903,5.6327280998,,0.3333333333333333,0.5555555555555556,0.0,1,10
ZINC000005812036,-6.195,0.5841219425,5.410721302,,0.0666666666666666,0.2222222222222222,0,1,-6.20524,0.5488843322,5.2781701088,,0.1333333333333333,0.3333333333333333,0.0,1,-6.00228,0.4962818325,5.1429409981,,0.0,0.1111111111111111,0,1,-6.52008,0.4713424444,6.1517887115,,0.1333333333333333,0.2222222222222222,0.0,1,-6.40514,0.3826208115,5.8346309662,,0.2666666666666666,0.3333333333333333,0,1,-6.40607,0.34959355,4.9095458984,,0.2666666666666666,0.3333333333333333,0.0,1,-7.19829,0.3448687792,6.2869853973,,0.4,0.6666666666666666,0.0,1,-6.30675,0.3411814868,5.9985957146,,0.1333333333333333,0.2222222222222222,0.0,1,-6.37896,0.3382003605,5.1348204613,,0.0666666666666666,0.1111111111111111,0,1,-6.03096,0.3219549358,5.1447892189,,0.0666666666666666,0.1111111111111111,0.0,1,10
ZINC000006068536,-6.88246,0.8907804489,6.2411575317,,0.4666666666666667,0.6666666666666666,0,1,-6.85768,0.8163979053,6.004940033,,0.3333333333333333,0.4444444444444444,0.0,1,-5.96314,0.7558618188,5.7524628639,,0.4666666666666667,0.6666666666666666,0,1,-6.38155,0.7302206159,5.9656872749,,0.3333333333333333,0.5555555555555556,0.0,1,-6.80179,0.5932940841,5.8407478333,,0.4,0.4444444444444444,0,1,-6.83588,0.5649655461,5.9016661644,,0.3333333333333333,0.4444444444444444,0.0,1,-6.64712,0.5282334089,5.6660423279,,0.4,0.6666666666666666,0.0,1,-5.96941,0.4805153608,5.7541308403,,0.0666666666666666,0.1111111111111111,0.0,1,-6.55539,0.4694205523,5.6391944885,,0.3333333333333333,0.4444444444444444,0,1,-6.39981,0.4586062133,6.0359997749,,0.3333333333333333,0.4444444444444444,0.0,1,10
ZINC000006452623,-8.72922,0.813990891,6.8040909767,,0.4666666666666667,0.5555555555555556,0,1,-8.35139,0.5062531233,6.1688861847,,0.2666666666666666,0.4444444444444444,0.0,1,-8.85499,0.3348193765,5.9821648598,,0.5333333333333333,0.5555555555555556,0,1,-8.23155,0.3124333024,5.9258170128,,0.4,0.5555555555555556,0.0,1,-8.24943,0.2864879072,5.6813316345,,0.4,0.4444444444444444,0,1,-8.23753,0.2772822678,5.4095320702,,0.0666666666666666,0.1111111111111111,0.0,1,-8.00347,0.2598157227,4.6170811653,,0.2,0.2222222222222222,0.0,1,-8.55222,0.2465944737,5.7871603966,,0.4,0.5555555555555556,0.0,1,-8.19366,0.2426157445,5.4707717896,,0.1333333333333333,0.2222222222222222,0,1,-7.60743,0.2372658551,4.8314604759,,0.2,0.2222222222222222,0.0,1,10
ZINC000006623325,-6.52019,0.8313992023,6.7164940834,,0.5333333333333333,0.5555555555555556,0,1,-7.27483,0.557267189,5.4197487831,,0.0666666666666666,0.1111111111111111,0.0,1,-7.34455,0.4690170586,5.7538928986,,0.3333333333333333,0.5555555555555556,0,1,-6.31398,0.4316391647,5.1783747673,,0.0,0.1111111111111111,0.0,1,-6.50341,0.4288802147,4.5632739067,,0.1333333333333333,0.3333333333333333,0,1,-7.6851,0.3663315475,5.3331551552,,0.2,0.3333333333333333,0.0,1,-7.3428,0.3573447764,5.0558743477,,0.2,0.3333333333333333,0.0,1,-7.49907,0.3212915361,5.3368873596,,0.2,0.3333333333333333,0.0,1,-7.74548,0.3077557683,5.232749939,,0.2666666666666666,0.3333333333333333,0,1,-8.05415,0.2914122343,5.4349269867,,0.2666666666666666,0.4444444444444444,0.0,1,10
ZINC000006787586,-8.6687,0.9398208857,7.0471043587,,0.4666666666666667,0.5555555555555556,0,1,-8.56054,0.8908862472,7.3068332672,,0.6,0.7777777777777778,0.0,1,-7.42757,0.7816664577,6.6790370941,,0.4666666666666667,0.4444444444444444,0,1,-8.70978,0.7599045634,6.8142528534,,0.2666666666666666,0.4444444444444444,0.0,1,-8.66575,0.7078092098,6.5522580147,,0.4666666666666667,0.4444444444444444,0,1,-8.66018,0.6179521084,6.5343856812,,0.4,0.6666666666666666,0.0,1,-8.65317,0.592895627,6.3907217979,,0.2,0.4444444444444444,0.0,1,-8.68122,0.5790131688,6.3291130066,,0.1333333333333333,0.2222222222222222,0.0,1,-8.47241,0.5634224415,6.5517010689,,0.3333333333333333,0.4444444444444444,0,1,-7.46397,0.5610002875,6.4450316429,,0.2666666666666666,0.4444444444444444,0.0,1,10
ZINC000006894709,-8.7752,0.3459740281,6.8630232811,,0.3333333333333333,0.4444444444444444,0,1,-6.51995,0.3307192922,4.7103304863,,0.0,0.0,0.0,1,-7.08904,0.2772525549,4.996295929,,0.0,0.1111111111111111,0,1,-7.63193,0.215291664,5.6414971352,,0.0,0.0,0.0,1,-7.59557,0.211550191,5.540289402,,0.1333333333333333,0.2222222222222222,0,1,-7.84938,0.1927163005,5.3227081299,,0.0666666666666666,0.1111111111111111,0.0,1,-7.53905,0.1839817762,5.3226532936,,0.1333333333333333,0.2222222222222222,0.0,1,-7.73967,0.1793731451,4.9765219688,,0.0666666666666666,0.2222222222222222,0.0,1,-7.17832,0.1783988923,4.7109508514,,0.0666666666666666,0.2222222222222222,0,1,-7.35019,0.1671442091,5.2171788216,,0.0666666666666666,0.1111111111111111,0.0,1,10
ZINC000007002074,-7.29827,0.4357847571,6.7257022858,,0.3333333333333333,0.4444444444444444,0,1,-5.95198,0.3662791848,6.2394909859,,0.0666666666666666,0.2222222222222222,0.0,1,-6.65212,0.3138212562,5.4585762024,,0.2,0.4444444444444444,0,1,-6.15464,0.3066509366,5.9941134453,,0.1333333333333333,0.2222222222222222,0.0,1,-7.33938,0.2933376729,6.3628692627,,0.3333333333333333,0.4444444444444444,0,1,-6.69694,0.2921051681,5.9075398445,,0.1333333333333333,0.2222222222222222,0.0,1,-6.69017,0.2853454053,5.6889710426,,0.0666666666666666,0.2222222222222222,0.0,1,-6.18786,0.1791383475,5.0507082939,,0.0,0.0,0.0,1,-6.1477,0.1560636908,4.9133262634,,0.0666666666666666,0.1111111111111111,0,1,-6.41753,0.155537799,4.9520950317,,0.0666666666666666,0.1111111111111111,0.0,1,10
ZINC000007053645,-6.8094,0.7356911898,5.580804348,,0.3333333333333333,0.3333333333333333,0,1,-7.59374,0.7295190096,6.3174109459,,0.5333333333333333,0.7777777777777778,0.0,1,-6.63888,0.6337085962,5.7123818398,,0.3333333333333333,0.4444444444444444,0,1,-7.7047,0.4345816374,5.3656096458,,0.3333333333333333,0.4444444444444444,0.0,1,-6.95061,0.4161840379,5.2760486603,,0.3333333333333333,0.4444444444444444,0,1,-7.40964,0.3931288719,5.3310813904,,0.3333333333333333,0.4444444444444444,0.0,1,-6.84525,0.3472346663,4.926378727,,0.2,0.2222222222222222,0.0,1,-6.85108,0.3443742394,5.4001755714,,0.2666666666666666,0.4444444444444444,0.0,1,-7.67678,0.3389744163,5.2568087578,,0.2,0.3333333333333333,0,1,-6.5922,0.3383681774,4.8211598396,,0.2666666666666666,0.3333333333333333,0.0,1,10
ZINC000008627192,-7.29182,0.905803144,7.4753909111,,0.3333333333333333,0.5555555555555556,0,1,-7.2929,0.6808040738,6.3228378296,,0.2666666666666666,0.4444444444444444,0.0,1,-7.55197,0.6483553052,6.5399513245,,0.2666666666666666,0.4444444444444444,0,1,-7.815,0.6425611973,6.6033167839,,0.6,0.8888888888888888,0.0,1,-6.39442,0.6207920909,6.5533556938,,0.6,0.7777777777777778,0,1,-8.65688,0.5556012392,6.5445075035,,0.3333333333333333,0.5555555555555556,0.0,1,-6.62919,0.5501303673,6.2336611748,,0.3333333333333333,0.3333333333333333,0.0,1,-6.76011,0.5330783129,6.6564640999,,0.4,0.6666666666666666,0.0,1,-7.22288,0.4935244322,6.0592041016,,0.3333333333333333,0.4444444444444444,0,1,-7.29195,0.4484568238,5.3826880455,,0.2,0.3333333333333333,0.0,1,10
ZINC000008643757,-7.17548,0.9236810207,7.6953158379,,0.5333333333333333,0.6666666666666666,0,1,-7.34122,0.8305604458,7.0623130798,,0.4,0.5555555555555556,0.0,1,-7.09736,0.6516822577,7.0794997215,,0.4,0.3333333333333333,0,1,-6.52524,0.6275314689,6.8417096138,,0.6666666666666666,0.8888888888888888,0.0,1,-6.76959,0.5143609643,6.2540307045,,0.4666666666666667,0.6666666666666666,0,1,-7.76757,0.4776391089,5.9210305214,,0.5333333333333333,0.6666666666666666,0.0,1,-7.04468,0.4417692423,6.3844885826,,0.4666666666666667,0.6666666666666666,0.0,1,-6.62566,0.3661436439,6.4467597008,,0.4666666666666667,0.6666666666666666,0.0,1,-8.03307,0.3584166169,5.108148098,,0.2666666666666666,0.3333333333333333,0,1,-6.72558,0.3111042678,6.0441288948,,0.4,0.5555555555555556,0.0,1,10
ZINC000008655814,-8.39392,0.6213351488,6.7196698189,,0.6,0.7777777777777778,0,1,-7.31492,0.4409870505,6.4143047333,,0.4666666666666667,0.6666666666666666,0.0,1,-8.55918,0.3714482486,6.6796016693,,0.4,0.4444444444444444,0,1,-7.34874,0.35263744,6.1162834167,,0.5333333333333333,0.7777777777777778,0.0,1,-7.15346,0.3506715894,6.8037452698,,0.5333333333333333,0.7777777777777778,0,1,-8.34201,0.3418798447,6.1018109322,,0.5333333333333333,0.7777777777777778,0.0,1,-7.18047,0.3368795812,6.9447760582,,0.4,0.6666666666666666,0.0,1,-8.44568,0.3235760927,6.3535513878,,0.2666666666666666,0.4444444444444444,0.0,1,-7.99309,0.3155414462,5.9906773567,,0.5333333333333333,0.7777777777777778,0,1,-7.22278,0.3117679358,6.2638034821,,0.5333333333333333,0.7777777777777778,0.0,1,10
ZINC000008740221,-9.10199,0.9443079233,7.9982972145,,0.4666666666666667,0.7777777777777778,0,1,-8.87799,0.8511491418,7.2245316505,,0.4,0.6666666666666666,0.0,1,-8.1885,0.8491729498,6.7963881493,,0.4666666666666667,0.6666666666666666,0,1,-8.38678,0.5931696892,6.5237259865,,0.4,0.6666666666666666,0.0,1,-7.52997,0.4699099362,6.5411663055,,0.4,0.5555555555555556,0,1,-7.43887,0.3164232969,6.1853861809,,0.3333333333333333,0.5555555555555556,0.0,1,-7.97859,0.3158025444,5.9085097313,,0.2,0.2222222222222222,0.0,1,-7.99519,0.3085003793,6.0062375069,,0.3333333333333333,0.5555555555555556,0.0,1,-8.40741,0.2953193188,6.2481207848,,0.3333333333333333,0.5555555555555556,0,1,-7.55301,0.270650059,6.4328732491,,0.3333333333333333,0.5555555555555556,0.0,1,10
ZINC000008779737,-8.1165,0.3787038326,6.7601108551,,0.4,0.5555555555555556,0,1,-7.42696,0.2857565582,6.2891421318,,0.4,0.5555555555555556,0.0,1,-8.37252,0.2536782622,6.3476448059,,0.3333333333333333,0.5555555555555556,0,1,-7.37748,0.2073342353,5.6265568733,,0.2,0.3333333333333333,0.0,1,-7.95749,0.1987782121,6.209625721,,0.5333333333333333,0.7777777777777778,0,1,-7.92155,0.185118407,5.5252108574,,0.1333333333333333,0.2222222222222222,0.0,1,-6.20967,0.1754143238,5.0956225395,,0.1333333333333333,0.2222222222222222,0.0,1,-6.19934,0.1727348119,4.8757753372,,0.0666666666666666,0.1111111111111111,0.0,1,-6.08473,0.1683385074,4.8880181313,,0.2,0.3333333333333333,0,1,-6.04097,0.1625718176,4.6982531548,,0.0666666666666666,0.1111111111111111,0.0,1,10
ZINC000008830315,-6.39793,0.410528481,6.5239281654,,0.2,0.3333333333333333,0,1,-6.28892,0.2421579361,5.1721572876,,0.2,0.2222222222222222,0.0,1,-6.5257,0.2300598919,4.8533935547,,0.0666666666666666,0.2222222222222222,0,1,-6.086,0.2197828144,5.3526768684,,0.2666666666666666,0.3333333333333333,0.0,1,-6.31206,0.2081421018,5.4154057503,,0.1333333333333333,0.2222222222222222,0,1,-7.14763,0.2028305978,5.0410428047,,0.1333333333333333,0.2222222222222222,0.0,1,-7.15446,0.1977476925,5.3307185173,,0.2,0.2222222222222222,0.0,1,-6.97353,0.1950014234,5.269739151,,0.2666666666666666,0.3333333333333333,0.0,1,-6.34648,0.1861849427,5.4330215454,,0.2666666666666666,0.3333333333333333,0,1,-6.80132,0.1794781238,6.0238156319,,0.2666666666666666,0.3333333333333333,0.0,1,10
ZINC000008917847,-8.19963,0.8310951591,7.5902848244,,0.4,0.5555555555555556,0,1,-9.17369,0.7107285261,7.4947090149,,0.4666666666666667,0.6666666666666666,0.0,1,-9.61958,0.7045996189,7.1762866974,,0.4666666666666667,0.5555555555555556,0,1,-8.88197,0.6751352549,7.2963237762,,0.2666666666666666,0.5555555555555556,0.0,1,-8.95212,0.4579955637,6.8590312004,,0.2666666666666666,0.4444444444444444,0,1,-9.22747,0.4532836974,6.8594069481,,0.3333333333333333,0.5555555555555556,0.0,1,-7.83078,0.3015392125,5.0965561867,,0.0666666666666666,0.2222222222222222,0.0,1,-7.28533,0.2480900735,4.5582509041,,0.0666666666666666,0.2222222222222222,0.0,1,-8.13538,0.2480128556,5.0221786499,,0.0666666666666666,0.2222222222222222,0,1,-8.34097,0.245701611,6.1671853065,,0.3333333333333333,0.5555555555555556,0.0,1,10
ZINC000009265090,-8.95616,0.1587251574,5.7557969093,,0.4,0.5555555555555556,0,1,-7.28986,0.1369893998,5.2382416725,,0.1333333333333333,0.2222222222222222,0.0,1,-6.80126,0.1309667826,5.1955037117,,0.0666666666666666,0.2222222222222222,0,1,-7.01044,0.1207640618,5.4424972534,,0.2,0.3333333333333333,0.0,1,-8.23872,0.1126704216,5.6168074608,,0.0666666666666666,0.2222222222222222,0,1,-7.08458,0.1090633124,5.5174603462,,0.2666666666666666,0.4444444444444444,0.0,1,-7.20479,0.1031908169,5.0173721313,,0.2,0.3333333333333333,0.0,1,-8.55306,0.1029493809,5.866191864,,0.4666666666666667,0.6666666666666666,0.0,1,-6.85723,0.0982484147,5.1800580025,,0.2,0.4444444444444444,0,1,-8.23435,0.0969107002,5.672270298,,0.2666666666666666,0.4444444444444444,0.0,1,10
ZINC000009265763,-6.54614,0.2546865046,5.6830310822,,0.1333333333333333,0.2222222222222222,0,1,-6.14747,0.2518720925,5.5425438881,,0.1333333333333333,0.3333333333333333,0.0,1,-6.47567,0.2347677797,5.5491652489,,0.2666666666666666,0.4444444444444444,0,1,-6.36358,0.2304343283,5.7165322304,,0.2,0.3333333333333333,0.0,1,-6.22943,0.1772534996,6.2035412788,,0.0666666666666666,0.1111111111111111,0,1,-6.85488,0.1689628065,5.3564267159,,0.2666666666666666,0.4444444444444444,0.0,1,-6.26782,0.1566624045,5.5197300911,,0.0,0.1111111111111111,0.0,1,-8.02372,0.1561057866,6.1374869347,,0.2,0.2222222222222222,0.0,1,-6.38836,0.1475229263,5.2656216621,,0.0666666666666666,0.2222222222222222,0,1,-8.58571,0.1368397474,6.0347061157,,0.1333333333333333,0.1111111111111111,0.0,1,10
ZINC000009500475,-7.8736,0.7373258471,6.9600758553,,0.2666666666666666,0.4444444444444444,0,1,-7.73414,0.6057401299,6.7429375648,,0.2666666666666666,0.4444444444444444,0.0,1,-6.77611,0.5095461011,6.6661314964,,0.4,0.6666666666666666,0,1,-6.88877,0.4993081093,6.8013114929,,0.1333333333333333,0.2222222222222222,0.0,1,-7.78757,0.4637528956,6.8658714294,,0.2666666666666666,0.4444444444444444,0,1,-7.66048,0.4627016783,6.6824398041,,0.2,0.3333333333333333,0.0,1,-7.59681,0.4267222285,6.2796783447,,0.2666666666666666,0.4444444444444444,0.0,1,-7.71152,0.3402813971,5.9680256844,,0.2,0.3333333333333333,0.0,1,-7.59316,0.309281081,5.8113923073,,0.1333333333333333,0.2222222222222222,0,1,-7.60005,0.2791702449,5.6328487396,,0.2666666666666666,0.3333333333333333,0.0,1,10
ZINC000009742635,-8.25583,0.3714851141,6.7323460579,,0.4666666666666667,0.7777777777777778,0,1,-9.22596,0.2696722746,6.2432732582,,0.1333333333333333,0.2222222222222222,0.0,1,-7.31577,0.2689422369,6.6264438629,,0.3333333333333333,0.5555555555555556,0,1,-8.52461,0.2498289794,6.2052102089,,0.2,0.4444444444444444,0.0,1,-7.47604,0.2450852543,6.7439422607,,0.4666666666666667,0.6666666666666666,0,1,-7.05001,0.2346639037,5.7610821724,,0.1333333333333333,0.1111111111111111,0.0,1,-6.9258,0.2342126817,6.2550945282,,0.4,0.5555555555555556,0.0,1,-7.32874,0.2221317589,5.3885421753,,0.0666666666666666,0.2222222222222222,0.0,1,-6.98682,0.2194813341,6.404592514,,0.0666666666666666,0.2222222222222222,0,1,-7.16004,0.2067418694,5.2138361931,,0.2,0.2222222222222222,0.0,1,10
ZINC000009887216,-6.03594,0.2225190103,5.068502903,,0.2,0.3333333333333333,0,1,-6.62542,0.2098582536,5.0384049416,,0.0,0.1111111111111111,0.0,1,-6.42293,0.1885537505,4.1977500916,,0.0,0.1111111111111111,0,1,-6.01903,0.1687323749,4.793405056,,0.1333333333333333,0.2222222222222222,0.0,1,-5.97921,0.163525939,4.4277434349,,0.0,0.0,0,1,-5.88291,0.1592022926,4.4078507423,,0.0,0.1111111111111111,0.0,1,-6.92685,0.1512580067,5.1579246521,,0.2,0.3333333333333333,0.0,1,-6.15943,0.1465011835,4.3633360863,,0.2,0.2222222222222222,0.0,1,-6.42872,0.1404327303,4.5782017708,,0.0666666666666666,0.2222222222222222,0,1,-6.72357,0.140144065,4.5251326561,,0.2,0.3333333333333333,0.0,1,10
ZINC000009933461,-7.42517,0.5062973499,5.9628925323,,0.0666666666666666,0.1111111111111111,0,1,-9.95901,0.3840698302,6.6426692009,,0.4666666666666667,0.6666666666666666,0.0,1,-10.10624,0.3327155411,6.6717014313,,0.4,0.6666666666666666,0,1,-9.8912,0.3029728234,6.4937729836,,0.3333333333333333,0.4444444444444444,0.0,1,-7.53449,0.2787797451,6.0659537315,,0.2,0.2222222222222222,0,1,-8.71005,0.2577164769,6.4760665894,,0.4666666666666667,0.6666666666666666,0.0,1,-9.06048,0.2573636174,6.5399384499,,0.3333333333333333,0.4444444444444444,0.0,1,-7.54793,0.231007725,5.8728499413,,0.3333333333333333,0.4444444444444444,0.0,1,-7.19031,0.2147216499,4.4473133087,,0.0666666666666666,0.2222222222222222,0,1,-7.49787,0.2031123042,6.0925192833,,0.1333333333333333,0.2222222222222222,0.0,1,10
ZINC000011004701,-6.54227,0.2356645167,4.8446135521,,0.1333333333333333,0.3333333333333333,0,1,-7.03659,0.2322631776,5.5972232819,,0.0666666666666666,0.1111111111111111,0.0,1,-7.23638,0.2306925505,5.4547820091,,0.1333333333333333,0.2222222222222222,0,1,-6.93784,0.2139395326,5.312523365,,0.1333333333333333,0.2222222222222222,0.0,1,-6.88768,0.2078846991,5.8670964241,,0.2666666666666666,0.4444444444444444,0,1,-6.80547,0.2028072774,5.5442962646,,0.0666666666666666,0.1111111111111111,0.0,1,-6.6646,0.1972680986,5.5986809731,,0.1333333333333333,0.2222222222222222,0.0,1,-6.28339,0.1768688858,5.0884833336,,0.1333333333333333,0.2222222222222222,0.0,1,-7.78559,0.1598287821,5.5986347198,,0.1333333333333333,0.2222222222222222,0,1,-6.28099,0.1562170386,4.8152699471,,0.2,0.3333333333333333,0.0,1,10
ZINC000011661668,-8.60912,0.8982040882,7.8429341316,,0.4666666666666667,0.5555555555555556,0,1,-8.47796,0.8668035865,7.6875700951,,0.4,0.5555555555555556,0.0,1,-8.12273,0.8584061265,7.375644207,,0.2666666666666666,0.4444444444444444,0,1,-7.28029,0.8424444795,7.1992850304,,0.3333333333333333,0.3333333333333333,0.0,1,-7.64567,0.7608783841,7.0726542473,,0.4,0.4444444444444444,0,1,-7.88104,0.7096031308,6.9625573158,,0.2666666666666666,0.3333333333333333,0.0,1,-7.16829,0.4114737511,6.1822810173,,0.1333333333333333,0.2222222222222222,0.0,1,-6.73223,0.3827272058,6.331237793,,0.4,0.4444444444444444,0.0,1,-7.10202,0.342934221,6.6092281342,,0.4666666666666667,0.6666666666666666,0,1,-6.8547,0.3138493299,6.4671092033,,0.4666666666666667,0.6666666666666666,0.0,1,10
ZINC000011663392,-9.69944,0.8234195113,7.691368103,,0.4,0.6666666666666666,0,1,-9.59871,0.6348178387,7.4901766777,,0.3333333333333333,0.4444444444444444,0.0,1,-9.47466,0.4335196018,7.1867370605,,0.2,0.3333333333333333,0,1,-8.67779,0.4078792036,7.0632996559,,0.3333333333333333,0.5555555555555556,0.0,1,-9.76511,0.3224827349,6.8586964607,,0.3333333333333333,0.4444444444444444,0,1,-8.93916,0.3034850359,6.6568903923,,0.2666666666666666,0.3333333333333333,0.0,1,-7.07024,0.2747680247,5.7025017738,,0.0666666666666666,0.2222222222222222,0.0,1,-7.50153,0.2631491721,6.6852016449,,0.0666666666666666,0.1111111111111111,0.0,1,-9.22667,0.2587116659,6.2930145264,,0.2666666666666666,0.4444444444444444,0,1,-6.90563,0.2441591024,5.9505648613,,0.0666666666666666,0.1111111111111111,0.0,1,10
ZINC000011664980,-7.29854,0.6934490204,7.1072430611,,0.4,0.6666666666666666,0,1,-7.09404,0.4003868401,6.1123099327,,0.2666666666666666,0.4444444444444444,0.0,1,-7.55448,0.3753993213,6.4941315651,,0.4,0.5555555555555556,0,1,-6.80496,0.3660563231,6.7139639854,,0.4666666666666667,0.7777777777777778,0.0,1,-6.75699,0.3417946398,6.2764015198,,0.3333333333333333,0.4444444444444444,0,1,-6.50565,0.3207437396,6.5690956116,,0.4,0.6666666666666666,0.0,1,-6.93275,0.2951157391,6.1277389526,,0.2,0.3333333333333333,0.0,1,-7.29371,0.2899820805,6.0996937752,,0.4666666666666667,0.5555555555555556,0.0,1,-7.57119,0.2891424298,6.1292324066,,0.4,0.5555555555555556,0,1,-7.0793,0.279956758,6.0926260948,,0.4,0.4444444444444444,0.0,1,10
ZINC000011753643,-8.04001,0.6349173188,7.0609970093,,0.4666666666666667,0.6666666666666666,0,1,-7.18447,0.3778014779,6.5004124641,,0.3333333333333333,0.3333333333333333,0.0,1,-7.20994,0.3543272913,6.9004693031,,0.4,0.5555555555555556,0,1,-7.25493,0.3093229532,6.8491129875,,0.3333333333333333,0.4444444444444444,0.0,1,-7.37804,0.2984224856,6.2167153358,,0.1333333333333333,0.2222222222222222,0,1,-7.78145,0.2950659394,6.4943785667,,0.2,0.3333333333333333,0.0,1,-7.34239,0.254789114,5.2351813316,,0.0666666666666666,0.1111111111111111,0.0,1,-6.86862,0.2480716109,6.1335029602,,0.2666666666666666,0.4444444444444444,0.0,1,-8.06173,0.2429381609,6.6183695793,,0.3333333333333333,0.5555555555555556,0,1,-7.21433,0.2342642397,6.8796496391,,0.4666666666666667,0.5555555555555556,0.0,1,10
ZINC000011767740,-7.90739,0.8125079274,7.5548343658,,0.5333333333333333,0.7777777777777778,0,1,-7.93576,0.5762577653,7.000436306,,0.6,0.7777777777777778,0.0,1,-7.37469,0.1954008639,4.7040934563,,0.0666666666666666,0.2222222222222222,0,1,-7.52757,0.175840646,4.4926490784,,0.0666666666666666,0.2222222222222222,0.0,1,-7.43745,0.1725827903,4.3171133995,,0.0666666666666666,0.1111111111111111,0,1,-8.23021,0.1574576199,4.5060706139,,0.0666666666666666,0.2222222222222222,0.0,1,-7.45265,0.1547448337,4.1179513931,,0.0666666666666666,0.2222222222222222,0.0,1,-7.95774,0.1525643319,4.4014601707,,0.1333333333333333,0.2222222222222222,0.0,1,-7.67488,0.1512570083,4.3803792,,0.0666666666666666,0.2222222222222222,0,1,-8.35487,0.1497936696,4.906229496,,0.2,0.3333333333333333,0.0,1,10
ZINC000011788831,-6.73936,0.7896197438,7.7941155434,,0.4,0.4444444444444444,0,1,-7.14226,0.6017378569,6.7223658562,,0.2666666666666666,0.3333333333333333,0.0,1,-7.78472,0.5240824819,6.7610588074,,0.4,0.5555555555555556,0,1,-6.95093,0.4328354299,7.0779042244,,0.4666666666666667,0.4444444444444444,0.0,1,-7.04555,0.4252749085,6.8636608124,,0.5333333333333333,0.5555555555555556,0,1,-6.78745,0.4017516375,6.4039330482,,0.2666666666666666,0.3333333333333333,0.0,1,-8.19858,0.3600192368,6.6468868256,,0.4,0.5555555555555556,0.0,1,-8.64017,0.3289022148,6.7798161507,,0.5333333333333333,0.5555555555555556,0.0,1,-7.45873,0.2883717716,6.6074905396,,0.1333333333333333,0.2222222222222222,0,1,-7.04071,0.2603285015,6.6725296974,,0.6,0.6666666666666666,0.0,1,10
ZINC000011814823,-6.04882,0.418125242,7.1015639305,,0.4,0.5555555555555556,0,1,-6.03543,0.2804352045,5.1709933281,,0.3333333333333333,0.3333333333333333,0.0,1,-6.87969,0.2751614451,5.9401683807,,0.0666666666666666,0.1111111111111111,0,1,-5.99548,0.259493798,5.077984333,,0.0666666666666666,0.1111111111111111,0.0,1,-6.36555,0.2455775738,6.0455303192,,0.3333333333333333,0.4444444444444444,0,1,-6.8396,0.2303721607,5.8459095955,,0.3333333333333333,0.3333333333333333,0.0,1,-7.10687,0.2220976502,4.6992912292,,0.1333333333333333,0.2222222222222222,0.0,1,-6.12835,0.2218316495,5.1580557823,,0.0,0.1111111111111111,0.0,1,-7.46811,0.2128812224,5.8993372917,,0.1333333333333333,0.2222222222222222,0,1,-6.27366,0.2012075037,4.7265586853,,0.0666666666666666,0.1111111111111111,0.0,1,10
ZINC000011819395,-9.34406,0.8618562222,7.5879416466,,0.5333333333333333,0.8888888888888888,0,1,-9.10753,0.538297832,7.1394057274,,0.4,0.5555555555555556,0.0,1,-8.54535,0.3572535813,6.564309597,,0.2666666666666666,0.3333333333333333,0,1,-7.11478,0.3197743595,6.3870887756,,0.2666666666666666,0.4444444444444444,0.0,1,-8.63612,0.2929470837,6.7253723145,,0.2,0.3333333333333333,0,1,-6.24091,0.2752690315,5.971057415,,0.0666666666666666,0.1111111111111111,0.0,1,-9.01878,0.2715103328,6.335996151,,0.0666666666666666,0.2222222222222222,0.0,1,-8.2739,0.2473765165,6.0449519157,,0.2,0.3333333333333333,0.0,1,-8.87189,0.2469524294,6.2984395027,,0.1333333333333333,0.2222222222222222,0,1,-8.70662,0.242394492,6.2460799217,,0.1333333333333333,0.3333333333333333,0.0,1,10
ZINC000011821302,-8.27345,0.6410284638,7.4370441437,,0.3333333333333333,0.3333333333333333,0,1,-7.72056,0.5900872946,7.0918526649,,0.3333333333333333,0.4444444444444444,0.0,1,-6.93072,0.5897167921,7.3768773079,,0.2,0.3333333333333333,0,1,-8.01974,0.4580581188,6.5301613808,,0.2666666666666666,0.4444444444444444,0.0,1,-7.65444,0.4068274796,6.731361866,,0.2666666666666666,0.4444444444444444,0,1,-6.77884,0.3607460856,6.8029932976,,0.2666666666666666,0.3333333333333333,0.0,1,-7.69435,0.3551903963,6.8095898628,,0.4,0.6666666666666666,0.0,1,-7.20709,0.2932772934,6.367919445,,0.2666666666666666,0.4444444444444444,0.0,1,-7.17772,0.2901956737,6.1427931786,,0.2,0.3333333333333333,0,1,-7.87406,0.2790675759,6.6051573753,,0.3333333333333333,0.5555555555555556,0.0,1,10
ZINC000011821434,-7.50547,0.5043533444,6.8859705925,,0.4,0.4444444444444444,0,1,-7.4883,0.4500023127,7.0430755615,,0.4,0.4444444444444444,0.0,1,-6.30342,0.3601794839,6.6701397896,,0.4,0.4444444444444444,0,1,-6.03627,0.3355129361,5.8721981049,,0.1333333333333333,0.1111111111111111,0.0,1,-7.04145,0.3332723975,6.4258627892,,0.2666666666666666,0.3333333333333333,0,1,-6.6365,0.3075219989,6.2180743217,,0.2,0.3333333333333333,0.0,1,-7.10612,0.3036804497,6.3868808746,,0.2666666666666666,0.3333333333333333,0.0,1,-8.09343,0.2806625664,6.6989474297,,0.4,0.6666666666666666,0.0,1,-6.48675,0.2792758644,6.1094551086,,0.2,0.3333333333333333,0,1,-5.84643,0.2714357674,5.9575018883,,0.2,0.3333333333333333,0.0,1,10
ZINC000011821842,-7.82192,0.7511587143,7.012368679,,0.3333333333333333,0.4444444444444444,0,1,-8.09065,0.6061814427,7.006111145,,0.1333333333333333,0.2222222222222222,0.0,1,-7.00766,0.3152438402,6.2885661125,,0.2666666666666666,0.4444444444444444,0,1,-6.96989,0.3122219443,6.0626263618,,0.2,0.3333333333333333,0.0,1,-6.53681,0.3064651787,6.0570983887,,0.3333333333333333,0.4444444444444444,0,1,-6.48124,0.2984306216,6.039545536,,0.2666666666666666,0.3333333333333333,0.0,1,-6.94688,0.2757008374,6.0818500519,,0.2666666666666666,0.3333333333333333,0.0,1,-7.44941,0.2713509202,6.0777478218,,0.2,0.3333333333333333,0.0,1,-6.99858,0.2570044696,5.7638049126,,0.3333333333333333,0.4444444444444444,0,1,-6.85798,0.2566609979,5.6588959694,,0.3333333333333333,0.3333333333333333,0.0,1,10
ZINC000011839426,-7.22697,0.419467777,6.2101130486,,0.4,0.4444444444444444,0,1,-7.35788,0.3607652187,5.8268113136,,0.1333333333333333,0.2222222222222222,0.0,1,-7.3645,0.3454749286,5.9667992592,,0.1333333333333333,0.2222222222222222,0,1,-6.70677,0.32386446,5.4360880852,,0.2666666666666666,0.2222222222222222,0.0,1,-6.31641,0.2993117273,5.3214783669,,0.0666666666666666,0.2222222222222222,0,1,-6.24809,0.2790059745,5.0963997841,,0.3333333333333333,0.4444444444444444,0.0,1,-6.9146,0.2693839669,5.178504467,,0.1333333333333333,0.2222222222222222,0.0,1,-6.03247,0.2677421868,4.6418595314,,0.1333333333333333,0.2222222222222222,0.0,1,-6.46702,0.2520659268,5.8444137573,,0.4,0.4444444444444444,0,1,-6.10145,0.2518775165,5.0995140076,,0.1333333333333333,0.3333333333333333,0.0,1,10
ZINC000011842566,-6.56107,0.450653255,6.7297406197,,0.4,0.4444444444444444,0,1,-7.58372,0.4296222329,6.5431284904,,0.2666666666666666,0.2222222222222222,0.0,1,-7.57241,0.3948899209,6.3331413269,,0.2666666666666666,0.4444444444444444,0,1,-6.23778,0.3210344613,6.4285354614,,0.3333333333333333,0.4444444444444444,0.0,1,-6.74859,0.3146305382,6.7671222687,,0.5333333333333333,0.6666666666666666,0,1,-6.96461,0.287766844,5.9621677399,,0.2666666666666666,0.2222222222222222,0.0,1,-7.49102,0.286462605,6.0283284187,,0.2666666666666666,0.4444444444444444,0.0,1,-7.10154,0.2756975293,5.5619034767,,0.2666666666666666,0.2222222222222222,0.0,1,-7.30011,0.2728226185,6.3095874786,,0.4,0.5555555555555556,0,1,-6.05974,0.2681902647,5.5555768013,,0.3333333333333333,0.4444444444444444,0.0,1,10
ZINC000011843598,-9.03285,0.2562590837,6.3807082176,,0.2666666666666666,0.4444444444444444,0,1,-6.79759,0.2207283378,4.7502923012,,0.0666666666666666,0.2222222222222222,0.0,1,-7.56939,0.2160823494,5.3640608788,,0.3333333333333333,0.4444444444444444,0,1,-6.80187,0.2123790383,5.2708525658,,0.1333333333333333,0.2222222222222222,0.0,1,-6.87541,0.2042379826,5.2422828674,,0.1333333333333333,0.2222222222222222,0,1,-7.05222,0.1950494349,4.8577213287,,0.0,0.1111111111111111,0.0,1,-7.95788,0.1846892536,5.5485572815,,0.2666666666666666,0.3333333333333333,0.0,1,-7.13314,0.1821276546,4.5439014435,,0.1333333333333333,0.2222222222222222,0.0,1,-7.72596,0.1811480373,5.2294483185,,0.3333333333333333,0.4444444444444444,0,1,-6.85934,0.1791788638,4.6203875542,,0.1333333333333333,0.2222222222222222,0.0,1,10
ZINC000011873941,-7.23441,0.5501928926,6.8737196922,,0.4,0.4444444444444444,0,1,-7.89075,0.4195257127,6.3606057167,,0.4,0.6666666666666666,0.0,1,-6.89686,0.395642668,6.0705523491,,0.3333333333333333,0.4444444444444444,0,1,-7.82087,0.3934358954,6.7400479317,,0.4,0.5555555555555556,0.0,1,-7.7832,0.3794449866,6.2545542717,,0.3333333333333333,0.4444444444444444,0,1,-8.20961,0.3693288565,6.3233132362,,0.2666666666666666,0.4444444444444444,0.0,1,-7.11402,0.3297563791,5.9180693626,,0.3333333333333333,0.4444444444444444,0.0,1,-6.69765,0.2963883281,6.1775078773,,0.3333333333333333,0.5555555555555556,0.0,1,-6.89537,0.2954240143,6.4349265099,,0.5333333333333333,0.6666666666666666,0,1,-6.55181,0.295198828,5.9472336769,,0.4,0.4444444444444444,0.0,1,10
ZINC000011879972,-8.26115,0.6748928428,7.0774893761,,0.5333333333333333,0.6666666666666666,0,1,-7.43229,0.2472171336,6.3972382545,,0.5333333333333333,0.6666666666666666,0.0,1,-6.71917,0.2432408631,6.0598282814,,0.4666666666666667,0.5555555555555556,0,1,-9.5077,0.239528358,5.5967183113,,0.2,0.3333333333333333,0.0,1,-6.16204,0.2382305264,4.0997266769,,0.0666666666666666,0.1111111111111111,0,1,-9.04815,0.219611451,5.4818692207,,0.1333333333333333,0.2222222222222222,0.0,1,-6.97203,0.2195901126,4.5078639984,,0.0666666666666666,0.1111111111111111,0.0,1,-9.0697,0.1942188144,5.365568161,,0.1333333333333333,0.2222222222222222,0.0,1,-7.09918,0.1849464178,5.8225264549,,0.4,0.6666666666666666,0,1,-7.38286,0.1797973663,5.354403019,,0.1333333333333333,0.2222222222222222,0.0,1,10
ZINC000011880053,-8.07601,0.7187772393,7.098555088,,0.3333333333333333,0.4444444444444444,0,1,-8.28605,0.5412520766,7.0450534821,,0.3333333333333333,0.3333333333333333,0.0,1,-7.35517,0.4562427402,6.3364672661,,0.0666666666666666,0.1111111111111111,0,1,-9.00654,0.3139387667,6.2391586304,,0.2,0.3333333333333333,0.0,1,-7.03543,0.2927550077,6.2546868324,,0.4666666666666667,0.5555555555555556,0,1,-8.05263,0.2725986838,5.3655371666,,0.0,0.1111111111111111,0.0,1,-7.07913,0.2688938677,6.0753188133,,0.3333333333333333,0.5555555555555556,0.0,1,-9.37197,0.2241142839,6.1387062073,,0.2,0.3333333333333333,0.0,1,-8.21173,0.2241076976,4.9217085838,,0.0666666666666666,0.2222222222222222,0,1,-7.54669,0.2069427818,6.0714039803,,0.2666666666666666,0.4444444444444444,0.0,1,10
ZINC000011932866,-8.08296,0.8529136777,7.515812397,,0.6,0.7777777777777778,0,1,-7.28618,0.5527820587,6.7044391632,,0.5333333333333333,0.6666666666666666,0.0,1,-6.64326,0.4973277748,5.2362389565,,0.0666666666666666,0.1111111111111111,0,1,-6.39071,0.4477511048,6.4248099327,,0.5333333333333333,0.6666666666666666,0.0,1,-6.55207,0.432048589,6.1793618202,,0.0666666666666666,0.2222222222222222,0,1,-6.66248,0.410102874,5.9090743065,,0.2,0.3333333333333333,0.0,1,-6.30596,0.3919835091,5.2321681976,,0.0666666666666666,0.1111111111111111,0.0,1,-6.1761,0.3599002063,5.8961620331,,0.1333333333333333,0.2222222222222222,0.0,1,-6.70833,0.3578385711,5.4446086884,,0.1333333333333333,0.2222222222222222,0,1,-6.48041,0.2838142812,4.5916666985,,0.0,0.1111111111111111,0.0,1,10
ZINC000011946607,-7.8399,0.7585582137,7.0324287415,,0.4,0.5555555555555556,0,1,-7.92647,0.4944067299,6.5802307129,,0.5333333333333333,0.5555555555555556,0.0,1,-7.63525,0.4087169766,5.6228337288,,0.2666666666666666,0.3333333333333333,0,1,-6.11484,0.3662951291,5.5092582703,,0.1333333333333333,0.2222222222222222,0.0,1,-7.5531,0.3584229946,5.2885890007,,0.2,0.3333333333333333,0,1,-6.88568,0.3113327026,5.4374885559,,0.0666666666666666,0.2222222222222222,0.0,1,-7.62481,0.3088674247,5.7521724701,,0.2666666666666666,0.3333333333333333,0.0,1,-7.68522,0.2785434127,5.5176138878,,0.2,0.3333333333333333,0.0,1,-6.98995,0.2782948911,5.2948384285,,0.2,0.2222222222222222,0,1,-7.49548,0.2693705857,5.1686058044,,0.1333333333333333,0.3333333333333333,0.0,1,10
ZINC000011967933,-6.63469,0.4270859957,6.0300526619,,0.0,0.1111111111111111,0,1,-6.5756,0.3920185864,6.309317112,,0.0666666666666666,0.2222222222222222,0.0,1,-7.24329,0.3442710042,6.2704672813,,0.0666666666666666,0.1111111111111111,0,1,-6.53354,0.3281153142,6.1891040802,,0.0666666666666666,0.2222222222222222,0.0,1,-7.37363,0.26678285,6.2260785103,,0.2,0.3333333333333333,0,1,-8.36887,0.2647593319,6.5605740547,,0.1333333333333333,0.2222222222222222,0.0,1,-6.58209,0.2302558273,5.53343153,,0.1333333333333333,0.1111111111111111,0.0,1,-7.69197,0.2145593464,6.2686772346,,0.1333333333333333,0.2222222222222222,0.0,1,-8.8341,0.1924608201,5.4975352287,,0.2,0.2222222222222222,0,1,-6.94105,0.1835227013,5.1227831841,,0.0666666666666666,0.1111111111111111,0.0,1,10
ZINC000011971482,-6.52558,0.2099180669,4.8182873726,,0.0666666666666666,0.2222222222222222,0,1,-6.60894,0.2032816261,4.5360074043,,0.0666666666666666,0.2222222222222222,0.0,1,-6.93947,0.1829535961,5.0662026405,,0.2,0.3333333333333333,0,1,-6.39296,0.1585840881,4.4332642555,,0.0666666666666666,0.1111111111111111,0.0,1,-7.20309,0.1567957103,4.953192234,,0.2666666666666666,0.3333333333333333,0,1,-9.11034,0.1536804289,6.2994513512,,0.2666666666666666,0.4444444444444444,0.0,1,-7.255,0.1461625546,5.6851801872,,0.3333333333333333,0.5555555555555556,0.0,1,-6.24559,0.1377959996,4.8192734718,,0.2666666666666666,0.3333333333333333,0.0,1,-7.22973,0.1375849098,4.7090358734,,0.1333333333333333,0.2222222222222222,0,1,-6.47064,0.1322476119,4.1106085777,,0.0666666666666666,0.1111111111111111,0.0,1,10
ZINC000011976134,-6.75184,0.3017504513,4.2817282677,,0.0,0.1111111111111111,0,1,-7.11481,0.2859358788,5.0933551788,,0.0666666666666666,0.2222222222222222,0.0,1,-6.19858,0.2575558126,5.3301539421,,0.0666666666666666,0.2222222222222222,0,1,-6.48654,0.2409394234,5.0545201302,,0.1333333333333333,0.2222222222222222,0.0,1,-7.0305,0.2331714183,4.3260598183,,0.0666666666666666,0.2222222222222222,0,1,-7.30076,0.2089598775,5.8755040169,,0.1333333333333333,0.2222222222222222,0.0,1,-7.44944,0.2013876438,4.3030743599,,0.1333333333333333,0.3333333333333333,0.0,1,-6.84529,0.1749381125,3.7004852295,,0.0,0.1111111111111111,0.0,1,-6.77626,0.1709438264,4.6849160194,,0.1333333333333333,0.3333333333333333,0,1,-7.67125,0.166710645,5.1400065422,,0.1333333333333333,0.2222222222222222,0.0,1,10
ZINC000011996695,-7.0636,0.7474479675,7.3667855263,,0.4666666666666667,0.5555555555555556,0,1,-7.37917,0.5518634319,6.8507828712,,0.4,0.4444444444444444,0.0,1,-6.93447,0.4962007403,6.9857025146,,0.4,0.4444444444444444,0,1,-7.09544,0.4440193176,6.4930377007,,0.4,0.4444444444444444,0.0,1,-7.74824,0.4400767684,6.7460837364,,0.3333333333333333,0.3333333333333333,0,1,-7.43071,0.424851656,6.3695869446,,0.0666666666666666,0.2222222222222222,0.0,1,-7.08675,0.4045733213,6.7198376656,,0.4,0.4444444444444444,0.0,1,-7.54839,0.3716848493,5.990650177,,0.1333333333333333,0.3333333333333333,0.0,1,-7.70216,0.3205668032,6.7514967918,,0.4666666666666667,0.5555555555555556,0,1,-6.9874,0.3202556968,5.4059510231,,0.0666666666666666,0.2222222222222222,0.0,1,10
ZINC000011999114,-8.0761,0.5143046379,6.5236458778,,0.2666666666666666,0.3333333333333333,0,1,-7.46167,0.5083311796,6.8365745544,,0.4,0.5555555555555556,0.0,1,-6.36405,0.4628765583,6.1803011894,,0.4666666666666667,0.5555555555555556,0,1,-7.1024,0.4602303505,6.6135654449,,0.2666666666666666,0.3333333333333333,0.0,1,-6.7868,0.419824779,6.3434176445,,0.4666666666666667,0.5555555555555556,0,1,-7.64818,0.4018552601,6.4647192955,,0.3333333333333333,0.5555555555555556,0.0,1,-6.69187,0.3962850571,4.849729538,,0.0,0.1111111111111111,0.0,1,-7.58717,0.3943715692,6.4000229836,,0.3333333333333333,0.3333333333333333,0.0,1,-6.92971,0.3933784366,6.2963528633,,0.2666666666666666,0.3333333333333333,0,1,-7.07086,0.3896814883,6.0200409889,,0.4666666666666667,0.5555555555555556,0.0,1,10
ZINC000012002041,-7.09854,0.2655213177,5.5998835564,,0.1333333333333333,0.2222222222222222,0,1,-5.82829,0.213378489,4.8735480309,,0.0666666666666666,0.1111111111111111,0.0,1,-5.82869,0.2084385753,5.0585756302,,0.0,0.0,0,1,-7.06296,0.2036413252,5.5550498962,,0.2,0.3333333333333333,0.0,1,-7.26194,0.1999278963,5.6509318352,,0.1333333333333333,0.2222222222222222,0,1,-7.197,0.1983925998,5.6320433617,,0.1333333333333333,0.2222222222222222,0.0,1,-7.0773,0.195830375,5.5272212029,,0.2,0.3333333333333333,0.0,1,-6.89317,0.1916153729,5.3561549187,,0.0666666666666666,0.1111111111111111,0.0,1,-5.7111,0.1831221282,4.5486941338,,0.0666666666666666,0.1111111111111111,0,1,-6.1715,0.1812812388,5.1182551384,,0.1333333333333333,0.2222222222222222,0.0,1,10
ZINC000012029652,-7.85427,0.5960413814,7.4647483826,,0.4,0.5555555555555556,0,1,-8.57134,0.5680449009,6.8857645988,,0.4,0.4444444444444444,0.0,1,-7.6249,0.5471522808,7.0382246971,,0.4666666666666667,0.5555555555555556,0,1,-7.73614,0.5174979568,7.0612959862,,0.3333333333333333,0.5555555555555556,0.0,1,-9.04347,0.4272051454,6.3578286171,,0.4,0.5555555555555556,0,1,-8.42109,0.3324972391,6.571231842,,0.2,0.3333333333333333,0.0,1,-7.15416,0.3320736885,6.775285244,,0.5333333333333333,0.6666666666666666,0.0,1,-8.70149,0.3166038096,5.8628544807,,0.4,0.5555555555555556,0.0,1,-7.8575,0.3053242862,6.1505699158,,0.4666666666666667,0.5555555555555556,0,1,-7.54772,0.2964108884,6.0658798218,,0.1333333333333333,0.2222222222222222,0.0,1,10
ZINC000012051372,-8.00609,0.8578294516,7.353767395,,0.5333333333333333,0.6666666666666666,0,1,-7.45375,0.6553803086,7.2263827324,,0.3333333333333333,0.3333333333333333,0.0,1,-7.58299,0.5772037506,7.0612316132,,0.2666666666666666,0.2222222222222222,0,1,-6.74942,0.5330655575,6.5460891724,,0.4666666666666667,0.5555555555555556,0.0,1,-6.90151,0.4664445221,6.6733226776,,0.3333333333333333,0.3333333333333333,0,1,-6.89684,0.3801449537,6.5585751534,,0.3333333333333333,0.3333333333333333,0.0,1,-7.14901,0.3737893999,6.7145576477,,0.3333333333333333,0.3333333333333333,0.0,1,-6.63723,0.3280465007,6.3444600105,,0.3333333333333333,0.3333333333333333,0.0,1,-8.0341,0.2969641685,5.3184313774,,0.2666666666666666,0.3333333333333333,0,1,-6.3141,0.2967705727,4.6460032463,,0.2666666666666666,0.3333333333333333,0.0,1,10
ZINC000012054062,-6.53022,0.3278242052,6.5019574165,,0.4,0.6666666666666666,0,1,-8.09712,0.2600525916,6.3995475769,,0.4666666666666667,0.5555555555555556,0.0,1,-7.97365,0.2493431717,6.3012862206,,0.3333333333333333,0.3333333333333333,0,1,-6.63642,0.24747774,5.9377160072,,0.4666666666666667,0.5555555555555556,0.0,1,-7.67574,0.2274067551,6.3985729218,,0.5333333333333333,0.6666666666666666,0,1,-7.13301,0.2188466042,5.8083438873,,0.4,0.4444444444444444,0.0,1,-7.41545,0.2163960487,5.9333491325,,0.4666666666666667,0.5555555555555556,0.0,1,-7.75624,0.2084606886,6.1522636414,,0.2666666666666666,0.2222222222222222,0.0,1,-7.25053,0.195136711,5.5439333916,,0.2,0.3333333333333333,0,1,-7.40429,0.1874167025,6.2158951759,,0.3333333333333333,0.4444444444444444,0.0,1,10
ZINC000012072352,-6.42202,0.4644819498,5.6984210014,,0.1333333333333333,0.2222222222222222,0,1,-6.38833,0.4449086189,5.7868847847,,0.1333333333333333,0.2222222222222222,0.0,1,-6.14172,0.3785128891,5.4280400276,,0.1333333333333333,0.2222222222222222,0,1,-6.85599,0.3608359993,5.6276907921,,0.4,0.5555555555555556,0.0,1,-6.43405,0.3023315072,6.7961421013,,0.2,0.3333333333333333,0,1,-6.17653,0.2999747097,5.2981648445,,0.0,0.1111111111111111,0.0,1,-6.32433,0.2883280516,5.9335007668,,0.5333333333333333,0.6666666666666666,0.0,1,-7.11471,0.2803452909,5.9614481926,,0.4,0.5555555555555556,0.0,1,-7.39256,0.2642373443,5.8477759361,,0.4,0.5555555555555556,0,1,-6.09095,0.2560991049,4.4361176491,,0.1333333333333333,0.3333333333333333,0.0,1,10
ZINC000012074973,-7.01133,0.4237368107,6.3873653412,,0.2,0.3333333333333333,0,1,-6.49181,0.3871091604,5.877243042,,0.1333333333333333,0.2222222222222222,0.0,1,-6.34356,0.2311456501,5.5662078857,,0.2,0.2222222222222222,0,1,-7.66884,0.2011154592,5.9211058617,,0.3333333333333333,0.3333333333333333,0.0,1,-7.98573,0.2007833123,6.1040763855,,0.2666666666666666,0.3333333333333333,0,1,-6.23488,0.1995378584,5.3150749207,,0.2,0.3333333333333333,0.0,1,-7.44511,0.1783215851,5.7034511566,,0.2,0.2222222222222222,0.0,1,-6.24393,0.1756494194,6.008951664,,0.2666666666666666,0.3333333333333333,0.0,1,-6.31696,0.1753005981,5.7903895378,,0.1333333333333333,0.2222222222222222,0,1,-7.44992,0.1708751023,5.8944225311,,0.2666666666666666,0.3333333333333333,0.0,1,10
ZINC000012112080,-6.34441,0.6006526947,5.9979548454,,0.4,0.6666666666666666,0,1,-7.43125,0.5291754603,7.0057735443,,0.2,0.4444444444444444,0.0,1,-7.74045,0.5046201348,6.8770942688,,0.2666666666666666,0.5555555555555556,0,1,-7.34101,0.4353511631,6.644777298,,0.4,0.3333333333333333,0.0,1,-7.46154,0.317874819,6.5669155121,,0.4,0.5555555555555556,0,1,-7.2202,0.3140630424,6.101911068,,0.2666666666666666,0.4444444444444444,0.0,1,-7.07949,0.2786090672,6.1391768456,,0.2666666666666666,0.4444444444444444,0.0,1,-6.88487,0.2729520202,6.2424750328,,0.2666666666666666,0.3333333333333333,0.0,1,-7.38732,0.2638137639,6.3529047966,,0.2666666666666666,0.4444444444444444,0,1,-6.27277,0.2445413023,4.9806332588,,0.1333333333333333,0.2222222222222222,0.0,1,10
ZINC000012182527,-8.63651,0.7485642433,6.7394719124,,0.1333333333333333,0.2222222222222222,0,1,-7.90274,0.6087439656,6.698577404,,0.1333333333333333,0.2222222222222222,0.0,1,-7.56308,0.405585438,6.6502819061,,0.2666666666666666,0.3333333333333333,0,1,-7.57999,0.2593672574,6.1648178101,,0.1333333333333333,0.2222222222222222,0.0,1,-7.01754,0.2512466609,5.5729823112,,0.2666666666666666,0.4444444444444444,0,1,-7.7197,0.2434796989,4.5870690346,,0.2,0.3333333333333333,0.0,1,-7.22839,0.214972347,6.1897964478,,0.5333333333333333,0.5555555555555556,0.0,1,-7.17142,0.2012570202,5.9964003563,,0.1333333333333333,0.2222222222222222,0.0,1,-7.36696,0.2006152421,4.6907782555,,0.1333333333333333,0.2222222222222222,0,1,-8.52082,0.1751202345,5.8358268738,,0.2666666666666666,0.4444444444444444,0.0,1,10
ZINC000012196472,-7.56005,0.743344903,6.7375411987,,0.4,0.4444444444444444,0,1,-6.22513,0.6286655068,6.4325504303,,0.5333333333333333,0.7777777777777778,0.0,1,-7.46173,0.5949792266,6.5178012848,,0.4666666666666667,0.4444444444444444,0,1,-7.19615,0.5528672934,7.036441803,,0.4,0.6666666666666666,0.0,1,-6.94826,0.5130257607,6.592353344,,0.6,0.7777777777777778,0,1,-7.21474,0.4907689095,6.8178520203,,0.4666666666666667,0.6666666666666666,0.0,1,-7.06407,0.4899897277,6.8796992302,,0.4666666666666667,0.6666666666666666,0.0,1,-7.574,0.4845208228,6.7806892395,,0.6666666666666666,0.7777777777777778,0.0,1,-7.08735,0.4766507745,6.4724888802,,0.6,0.7777777777777778,0,1,-6.24663,0.4050511122,6.0737628937,,0.4,0.5555555555555556,0.0,1,10
ZINC000012199342,-6.18374,0.3824954331,5.3603873253,,0.1333333333333333,0.3333333333333333,0,1,-5.9392,0.3067114949,5.2808990479,,0.2666666666666666,0.3333333333333333,0.0,1,-6.26732,0.3042568564,4.4567403793,,0.0666666666666666,0.2222222222222222,0,1,-6.3664,0.2403600216,3.9636032581,,0.0666666666666666,0.2222222222222222,0.0,1,-7.38867,0.2158616036,5.535223484,,0.2666666666666666,0.4444444444444444,0,1,-6.07531,0.1998235881,4.1282944679,,0.0666666666666666,0.2222222222222222,0.0,1,-6.74429,0.1971306205,4.6564974785,,0.0,0.1111111111111111,0.0,1,-6.04273,0.1831140071,4.8180851936,,0.1333333333333333,0.2222222222222222,0.0,1,-6.15372,0.1707576364,4.100030899,,0.0666666666666666,0.1111111111111111,0,1,-6.87577,0.1679591984,4.8132185936,,0.1333333333333333,0.2222222222222222,0.0,1,10
ZINC000012204418,-9.48778,0.357034415,6.8233017921,,0.2666666666666666,0.3333333333333333,0,1,-7.49956,0.2175560594,4.7312893867,,0.0666666666666666,0.1111111111111111,0.0,1,-7.17731,0.2095934004,6.300216198,,0.2666666666666666,0.2222222222222222,0,1,-8.54277,0.2020499557,6.2655768394,,0.4,0.4444444444444444,0.0,1,-7.95638,0.2001914978,6.2773795128,,0.3333333333333333,0.3333333333333333,0,1,-8.00474,0.1908296496,6.6350307465,,0.4,0.5555555555555556,0.0,1,-7.00303,0.1768526882,6.1723742485,,0.3333333333333333,0.3333333333333333,0.0,1,-8.72125,0.1704381406,5.8845996857,,0.2666666666666666,0.4444444444444444,0.0,1,-7.95682,0.1669952273,4.6982808113,,0.0666666666666666,0.2222222222222222,0,1,-9.92567,0.1560187489,6.1099853516,,0.2,0.3333333333333333,0.0,1,10
ZINC000012210634,-8.48396,0.5572531223,7.0710372925,,0.3333333333333333,0.5555555555555556,0,1,-7.94351,0.2648677826,6.0987648964,,0.2,0.2222222222222222,0.0,1,-7.57238,0.217261523,5.7518258095,,0.2,0.2222222222222222,0,1,-7.29113,0.2003673166,5.2062897682,,0.1333333333333333,0.2222222222222222,0.0,1,-7.63501,0.1966170222,5.4715442657,,0.2,0.2222222222222222,0,1,-7.23911,0.1865754277,5.5133919716,,0.2,0.3333333333333333,0.0,1,-9.39599,0.1808144748,5.6755261421,,0.2666666666666666,0.4444444444444444,0.0,1,-7.4047,0.1584594101,5.6211867332,,0.4,0.5555555555555556,0.0,1,-7.13328,0.153586477,5.5873856544,,0.2666666666666666,0.4444444444444444,0,1,-7.23247,0.1454049647,4.1353955269,,0.1333333333333333,0.3333333333333333,0.0,1,10
ZINC000012304272,-6.36888,0.801209867,7.3930497169,,0.4666666666666667,0.6666666666666666,0,1,-6.61313,0.767203927,7.1928858757,,0.4,0.5555555555555556,0.0,1,-6.68775,0.6532384753,7.4369101524,,0.4666666666666667,0.5555555555555556,0,1,-6.66237,0.5379000902,6.8330760002,,0.2666666666666666,0.3333333333333333,0.0,1,-8.2533,0.5268661976,6.4002056122,,0.3333333333333333,0.5555555555555556,0,1,-6.49402,0.4439503551,7.1593537331,,0.3333333333333333,0.5555555555555556,0.0,1,-6.4713,0.3776646852,6.6407380104,,0.3333333333333333,0.4444444444444444,0.0,1,-6.89635,0.3747210801,7.0984721184,,0.3333333333333333,0.3333333333333333,0.0,1,-6.3014,0.3328630328,6.5411963463,,0.2666666666666666,0.4444444444444444,0,1,-7.76379,0.2089176476,5.5370392799,,0.1333333333333333,0.2222222222222222,0.0,1,10
ZINC000012305532,-8.02107,0.6429634094,7.2398891449,,0.4666666666666667,0.6666666666666666,0,1,-9.40841,0.5291953087,6.7962379456,,0.3333333333333333,0.5555555555555556,0.0,1,-9.16673,0.4679040909,6.6765255928,,0.3333333333333333,0.5555555555555556,0,1,-8.62018,0.4273220897,5.7833447456,,0.2666666666666666,0.3333333333333333,0.0,1,-6.95029,0.4155520201,5.8562445641,,0.0666666666666666,0.1111111111111111,0,1,-7.85592,0.3975297511,6.5600395203,,0.2,0.3333333333333333,0.0,1,-6.75258,0.3620859385,6.5135159492,,0.1333333333333333,0.2222222222222222,0.0,1,-7.37835,0.3429940641,5.7313742638,,0.0666666666666666,0.1111111111111111,0.0,1,-7.4106,0.3374715745,6.3566303253,,0.4,0.4444444444444444,0,1,-6.98004,0.3196943998,5.5600509644,,0.1333333333333333,0.2222222222222222,0.0,1,10
ZINC000012314980,-6.11711,0.3038975596,4.8730435371,,0.0666666666666666,0.1111111111111111,0,1,-6.06426,0.2632726729,5.1132049561,,0.0,0.0,0.0,1,-6.09006,0.2512723505,5.6184430122,,0.2,0.3333333333333333,0,1,-6.2735,0.2399455756,6.0090165138,,0.1333333333333333,0.2222222222222222,0.0,1,-6.72383,0.2391405553,5.632024765,,0.0666666666666666,0.1111111111111111,0,1,-6.61098,0.2311557084,6.006758213,,0.1333333333333333,0.2222222222222222,0.0,1,-6.94143,0.2193363458,4.6572704315,,0.2666666666666666,0.3333333333333333,0.0,1,-6.65857,0.2099401653,5.6752753258,,0.1333333333333333,0.2222222222222222,0.0,1,-6.73197,0.2069054693,5.3059725761,,0.0666666666666666,0.1111111111111111,0,1,-6.57182,0.2007453591,4.8359894753,,0.0666666666666666,0.1111111111111111,0.0,1,10
ZINC000012316013,-10.06577,0.476334691,6.9464364052,,0.4,0.6666666666666666,0,1,-7.38431,0.3386927545,6.6453251839,,0.5333333333333333,0.5555555555555556,0.0,1,-7.41809,0.2777456641,6.2023148537,,0.4666666666666667,0.5555555555555556,0,1,-8.00197,0.2554985583,6.560233593,,0.4,0.3333333333333333,0.0,1,-8.60964,0.2509351075,6.5674190521,,0.4,0.6666666666666666,0,1,-7.67549,0.218555361,6.2360215187,,0.2666666666666666,0.3333333333333333,0.0,1,-7.19975,0.2148304582,6.2989039421,,0.4666666666666667,0.7777777777777778,0.0,1,-8.08181,0.2092242539,6.398255825,,0.4,0.6666666666666666,0.0,1,-8.38253,0.1978431046,5.6399130821,,0.3333333333333333,0.4444444444444444,0,1,-7.49504,0.1958944947,5.7678050995,,0.0,0.1111111111111111,0.0,1,10
ZINC000012504132,-7.68694,0.6428955197,7.3224906921,,0.5333333333333333,0.7777777777777778,0,1,-8.59346,0.6374413967,7.1689743996,,0.2,0.3333333333333333,0.0,1,-7.35892,0.5981994271,7.0370063782,,0.3333333333333333,0.4444444444444444,0,1,-7.8657,0.5579057932,6.9504203796,,0.3333333333333333,0.3333333333333333,0.0,1,-8.74306,0.454933852,6.8246765137,,0.2666666666666666,0.4444444444444444,0,1,-7.04675,0.3864905238,6.8761658669,,0.4666666666666667,0.6666666666666666,0.0,1,-7.77632,0.3196879327,6.717607975,,0.4666666666666667,0.5555555555555556,0.0,1,-8.11689,0.2827502191,6.4404320717,,0.2,0.3333333333333333,0.0,1,-6.87676,0.2810810208,6.5426082611,,0.4,0.4444444444444444,0,1,-7.55002,0.2241199166,5.4313817024,,0.3333333333333333,0.3333333333333333,0.0,1,10
ZINC000012570440,-5.83439,0.1989282668,4.4628047943,,0.0666666666666666,0.1111111111111111,0,1,-7.29028,0.1940175295,5.1470456123,,0.4666666666666667,0.7777777777777778,0.0,1,-7.51332,0.1909300685,4.8542556763,,0.4666666666666667,0.7777777777777778,0,1,-5.8052,0.1843137145,4.3804211617,,0.1333333333333333,0.2222222222222222,0.0,1,-6.11812,0.1819168329,5.1929545403,,0.2,0.3333333333333333,0,1,-5.57568,0.180952996,4.2093815804,,0.0666666666666666,0.1111111111111111,0.0,1,-5.62008,0.1805119216,4.2164406776,,0.1333333333333333,0.2222222222222222,0.0,1,-7.30374,0.1672263443,4.633939743,,0.3333333333333333,0.4444444444444444,0.0,1,-5.54499,0.1659724414,4.8046841621,,0.1333333333333333,0.2222222222222222,0,1,-5.7634,0.1608439833,5.1971068382,,0.2666666666666666,0.4444444444444444,0.0,1,10
ZINC000012574390,-6.91086,0.5838149786,6.6716599464,,0.3333333333333333,0.4444444444444444,0,1,-7.80774,0.3182072639,5.9348373413,,0.2,0.4444444444444444,0.0,1,-6.95299,0.2768050134,4.2852430344,,0.0666666666666666,0.2222222222222222,0,1,-6.89403,0.2762317657,6.1378192902,,0.4666666666666667,0.6666666666666666,0.0,1,-9.21703,0.2703554034,5.7925019264,,0.2,0.3333333333333333,0,1,-8.81651,0.2682540417,5.5068950653,,0.2,0.3333333333333333,0.0,1,-6.87526,0.2564950883,5.1602802277,,0.2666666666666666,0.3333333333333333,0.0,1,-6.92849,0.2417029142,4.9850993156,,0.2,0.2222222222222222,0.0,1,-6.58274,0.2405825108,5.475025177,,0.1333333333333333,0.1111111111111111,0,1,-6.66356,0.2401385903,4.7166671753,,0.1333333333333333,0.3333333333333333,0.0,1,10
ZINC000012592674,-7.14181,0.7007256746,6.9062480927,,0.2666666666666666,0.3333333333333333,0,1,-6.7942,0.4059078991,6.3520064354,,0.4,0.5555555555555556,0.0,1,-7.77405,0.3835035563,5.5935821533,,0.4666666666666667,0.5555555555555556,0,1,-6.49916,0.3537349999,5.4534034729,,0.4,0.5555555555555556,0.0,1,-5.74774,0.3425187469,5.712126255,,0.4,0.5555555555555556,0,1,-5.9328,0.3202370405,6.3454265594,,0.2,0.3333333333333333,0.0,1,-6.10111,0.3069086671,6.5170531273,,0.2666666666666666,0.3333333333333333,0.0,1,-6.52116,0.3026996553,5.8739852905,,0.4666666666666667,0.6666666666666666,0.0,1,-6.61357,0.2997378707,6.0918631554,,0.2666666666666666,0.4444444444444444,0,1,-6.18566,0.2770658135,6.1176123619,,0.0666666666666666,0.2222222222222222,0.0,1,10
ZINC000012603955,-8.41927,0.9906097651,7.867149353,,0.5333333333333333,0.5555555555555556,0,1,-8.43179,0.9841030836,7.4958386421,,0.4666666666666667,0.5555555555555556,0.0,1,-7.35379,0.9603856802,7.6088757515,,0.6,0.7777777777777778,0,1,-7.1902,0.9342582822,7.2828922272,,0.5333333333333333,0.6666666666666666,0.0,1,-8.12438,0.8927226663,6.7374477386,,0.4,0.5555555555555556,0,1,-7.64886,0.888458252,6.8385891914,,0.4666666666666667,0.5555555555555556,0.0,1,-7.39315,0.8768310547,7.0310459137,,0.4666666666666667,0.5555555555555556,0.0,1,-7.42871,0.8362191916,7.2389678955,,0.4666666666666667,0.5555555555555556,0.0,1,-7.55932,0.7323947549,5.7082481384,,0.4,0.5555555555555556,0,1,-7.70762,0.715683341,6.9027099609,,0.4666666666666667,0.5555555555555556,0.0,1,10
ZINC000012706751,-8.11008,0.4044228196,6.7761712074,,0.4,0.5555555555555556,0,1,-8.73135,0.3805672228,6.8136582375,,0.4,0.6666666666666666,0.0,1,-7.72002,0.3724456131,6.7909584045,,0.3333333333333333,0.4444444444444444,0,1,-8.45698,0.3195998669,6.5948529243,,0.2666666666666666,0.4444444444444444,0.0,1,-8.50252,0.2956515849,6.3259010315,,0.2,0.2222222222222222,0,1,-8.05157,0.2944913507,6.69880867,,0.2666666666666666,0.4444444444444444,0.0,1,-7.20779,0.2456529886,4.5815691948,,0.0,0.1111111111111111,0.0,1,-7.33414,0.2358269095,4.4875187874,,0.0666666666666666,0.2222222222222222,0.0,1,-7.4537,0.2211270928,5.1923713684,,0.0666666666666666,0.2222222222222222,0,1,-7.23522,0.2163930982,5.4096465111,,0.0,0.1111111111111111,0.0,1,10
ZINC000012983901,-7.60345,0.4494884312,6.6914272308,,0.4,0.4444444444444444,0,1,-8.6254,0.3467463851,6.2841582298,,0.2666666666666666,0.3333333333333333,0.0,1,-8.26091,0.3330253363,6.2786612511,,0.2666666666666666,0.3333333333333333,0,1,-8.13173,0.2824789882,6.4026350975,,0.2666666666666666,0.3333333333333333,0.0,1,-7.61821,0.2123595625,5.9405932426,,0.2,0.2222222222222222,0,1,-7.39698,0.1907832175,5.0670046806,,0.2666666666666666,0.3333333333333333,0.0,1,-7.60598,0.1873485297,5.491546154,,0.3333333333333333,0.4444444444444444,0.0,1,-8.63353,0.1691625863,4.7874121666,,0.2,0.3333333333333333,0.0,1,-7.45143,0.1678624153,5.1952309608,,0.1333333333333333,0.2222222222222222,0,1,-8.08001,0.1675541997,4.5893044472,,0.2666666666666666,0.4444444444444444,0.0,1,10
ZINC000013451231,-8.05899,0.8906101584,6.6059041023,,0.2666666666666666,0.4444444444444444,0,1,-7.92145,0.7819977403,6.7409396172,,0.4,0.5555555555555556,0.0,1,-7.90642,0.7657200098,6.9578585625,,0.3333333333333333,0.5555555555555556,0,1,-7.93462,0.7255598307,6.6044692993,,0.2666666666666666,0.4444444444444444,0.0,1,-7.53631,0.7043914795,6.9470996857,,0.4,0.6666666666666666,0,1,-8.27067,0.6847712994,6.7324237823,,0.3333333333333333,0.5555555555555556,0.0,1,-7.53776,0.6602172852,6.8387889862,,0.4,0.5555555555555556,0.0,1,-8.1523,0.6530724764,6.514693737,,0.4,0.6666666666666666,0.0,1,-6.91008,0.6507552862,7.0553646088,,0.4666666666666667,0.4444444444444444,0,1,-7.37594,0.6439356208,6.658475399,,0.3333333333333333,0.4444444444444444,0.0,1,10
ZINC000013517967,-7.22564,0.5445507765,5.5466828346,,0.3333333333333333,0.5555555555555556,0,1,-6.74674,0.5054249763,5.4358353615,,0.2666666666666666,0.3333333333333333,0.0,1,-6.2884,0.35361588,5.6796593666,,0.3333333333333333,0.4444444444444444,0,1,-7.32748,0.2804905474,4.6578731537,,0.3333333333333333,0.5555555555555556,0.0,1,-7.06771,0.2664081454,5.616689682,,0.3333333333333333,0.5555555555555556,0,1,-6.76716,0.2090721428,4.5610804558,,0.1333333333333333,0.3333333333333333,0.0,1,-7.37076,0.1834911704,4.7189626694,,0.2,0.3333333333333333,0.0,1,-6.66903,0.1809797138,5.5622558594,,0.4666666666666667,0.5555555555555556,0.0,1,-6.57197,0.1778828204,4.861011982,,0.2,0.4444444444444444,0,1,-6.9872,0.1720393449,4.8642702103,,0.1333333333333333,0.2222222222222222,0.0,1,10
ZINC000013779738,-6.8911,0.221127212,5.4794516563,,0.2,0.3333333333333333,0,1,-7.68471,0.1674606502,5.3189506531,,0.1333333333333333,0.2222222222222222,0.0,1,-7.91541,0.1597056538,6.6485004425,,0.2,0.3333333333333333,0,1,-8.07668,0.1338684559,5.6602044106,,0.2666666666666666,0.3333333333333333,0.0,1,-7.4257,0.1131226569,4.5796279907,,0.0666666666666666,0.1111111111111111,0,1,-6.16129,0.1116699576,4.7158107758,,0.0666666666666666,0.1111111111111111,0.0,1,-6.95301,0.1053071991,4.3872132301,,0.2666666666666666,0.3333333333333333,0.0,1,-7.0401,0.1038068458,4.7803292274,,0.0666666666666666,0.1111111111111111,0.0,1,-6.29087,0.0993775502,5.1517753601,,0.1333333333333333,0.2222222222222222,0,1,-6.74575,0.0952657387,5.184129715,,0.1333333333333333,0.2222222222222222,0.0,1,10
ZINC000014531507,-8.04268,0.6537414789,7.3054594994,,0.5333333333333333,0.6666666666666666,0,1,-8.02358,0.6375374198,7.0887627602,,0.6,0.5555555555555556,0.0,1,-7.45272,0.4250470996,6.6324806213,,0.6,0.5555555555555556,0,1,-7.18013,0.3628504276,6.7185435295,,0.6,0.6666666666666666,0.0,1,-7.24221,0.3566860855,6.8154220581,,0.4,0.4444444444444444,0,1,-6.67291,0.2954239845,5.6915459633,,0.5333333333333333,0.5555555555555556,0.0,1,-7.62193,0.2903266251,5.7282700539,,0.2666666666666666,0.3333333333333333,0.0,1,-7.58265,0.2851101756,5.6416954994,,0.2666666666666666,0.3333333333333333,0.0,1,-7.19594,0.2702296376,5.7987575531,,0.2,0.3333333333333333,0,1,-7.39359,0.2600815892,5.5698857307,,0.1333333333333333,0.3333333333333333,0.0,1,10
ZINC000014536079,-8.94263,0.6113277674,6.9537806511,,0.2666666666666666,0.4444444444444444,0,1,-8.49747,0.586595118,7.0856246948,,0.2666666666666666,0.4444444444444444,0.0,1,-7.97863,0.4518662393,6.8502955437,,0.2666666666666666,0.4444444444444444,0,1,-7.68453,0.4514142871,6.861468792,,0.2666666666666666,0.4444444444444444,0.0,1,-8.95061,0.4240884781,6.9675140381,,0.4666666666666667,0.6666666666666666,0,1,-8.17739,0.4010716081,6.8846759796,,0.2,0.3333333333333333,0.0,1,-8.27646,0.3872559667,7.0113101006,,0.2,0.3333333333333333,0.0,1,-8.45578,0.344786495,6.721118927,,0.2666666666666666,0.4444444444444444,0.0,1,-8.44924,0.2655772269,6.834833622,,0.2666666666666666,0.3333333333333333,0,1,-9.6187,0.223334685,6.3577237129,,0.2,0.2222222222222222,0.0,1,10
ZINC000014537599,-7.1266,0.8501306772,8.0356998444,,0.5333333333333333,0.5555555555555556,0,1,-7.7341,0.847543478,7.7288341522,,0.6,0.8888888888888888,0.0,1,-7.31879,0.7225970626,7.3096237183,,0.4666666666666667,0.4444444444444444,0,1,-7.26759,0.6997350454,7.4490895271,,0.2666666666666666,0.3333333333333333,0.0,1,-6.97706,0.6306036115,7.3077487946,,0.2,0.3333333333333333,0,1,-7.36561,0.5034214854,7.0763611794,,0.4,0.4444444444444444,0.0,1,-7.4806,0.4970066845,7.378092289,,0.4,0.5555555555555556,0.0,1,-7.01905,0.3035587668,6.8982582092,,0.4666666666666667,0.5555555555555556,0.0,1,-6.94468,0.2961309254,6.4621257782,,0.4,0.5555555555555556,0,1,-7.26696,0.2344467193,6.2735075951,,0.4666666666666667,0.3333333333333333,0.0,1,10
ZINC000014731604,-7.48347,0.7992248535,7.1275925636,,0.1333333333333333,0.2222222222222222,0,1,-8.48371,0.7809342146,7.0242938995,,0.4,0.6666666666666666,0.0,1,-7.99833,0.7455274463,7.0524315834,,0.6,0.8888888888888888,0,1,-9.66082,0.6407353878,7.0252327919,,0.4666666666666667,0.7777777777777778,0.0,1,-9.17989,0.6364719868,7.021446228,,0.4,0.6666666666666666,0,1,-7.11157,0.5605288148,6.4763832092,,0.4,0.5555555555555556,0.0,1,-7.97721,0.5501321554,7.0621542931,,0.4666666666666667,0.6666666666666666,0.0,1,-7.65713,0.5105826855,6.6793913841,,0.5333333333333333,0.6666666666666666,0.0,1,-8.20406,0.501765132,6.5344281197,,0.2,0.4444444444444444,0,1,-7.24007,0.4955177307,6.7750353813,,0.4666666666666667,0.6666666666666666,0.0,1,10
ZINC000014741635,-9.40228,0.4196594954,7.3186097145,,0.3333333333333333,0.3333333333333333,0,1,-8.16408,0.3763387203,6.4940867424,,0.2666666666666666,0.4444444444444444,0.0,1,-7.32979,0.3596536517,6.4480042458,,0.4666666666666667,0.4444444444444444,0,1,-7.98564,0.3045679629,6.959795475,,0.4666666666666667,0.6666666666666666,0.0,1,-8.34782,0.2359392047,6.5323472023,,0.4,0.4444444444444444,0,1,-7.47282,0.2355246991,5.7030854225,,0.1333333333333333,0.2222222222222222,0.0,1,-7.84367,0.2223668545,6.1505026817,,0.2,0.4444444444444444,0.0,1,-8.33293,0.214454338,6.5570425987,,0.2666666666666666,0.5555555555555556,0.0,1,-7.62902,0.2070243061,6.7177467346,,0.4,0.5555555555555556,0,1,-7.32797,0.2060643137,6.6963748932,,0.4666666666666667,0.5555555555555556,0.0,1,10
ZINC000014741772,-6.62865,0.2829369605,4.9833741188,,0.1333333333333333,0.2222222222222222,0,1,-6.73861,0.255956769,6.5423941612,,0.3333333333333333,0.5555555555555556,0.0,1,-6.22472,0.2380958796,4.563313961,,0.1333333333333333,0.2222222222222222,0,1,-6.65922,0.2176392823,5.5975308418,,0.1333333333333333,0.2222222222222222,0.0,1,-6.21576,0.2138338536,4.825199604,,0.1333333333333333,0.3333333333333333,0,1,-6.15054,0.211786598,6.3110523224,,0.2666666666666666,0.4444444444444444,0.0,1,-5.90762,0.2049452513,4.6844449043,,0.2,0.3333333333333333,0.0,1,-6.34821,0.2014953196,5.6613616943,,0.1333333333333333,0.2222222222222222,0.0,1,-6.09495,0.1997190118,4.8967461586,,0.1333333333333333,0.2222222222222222,0,1,-6.80867,0.193347156,6.4939403534,,0.4,0.6666666666666666,0.0,1,10
ZINC000014742908,-7.68418,0.3863141537,6.8985824585,,0.1333333333333333,0.2222222222222222,0,1,-7.47663,0.3803868294,6.7179698944,,0.1333333333333333,0.2222222222222222,0.0,1,-7.13056,0.2844846845,5.7153878212,,0.2666666666666666,0.3333333333333333,0,1,-6.11458,0.2784953117,4.802532196,,0.1333333333333333,0.3333333333333333,0.0,1,-6.5236,0.256370604,5.1280155182,,0.0666666666666666,0.2222222222222222,0,1,-6.14581,0.246325165,4.8527507782,,0.0666666666666666,0.2222222222222222,0.0,1,-6.78525,0.2454609275,5.2414736748,,0.1333333333333333,0.2222222222222222,0.0,1,-6.61725,0.2384351343,5.3484082222,,0.2,0.3333333333333333,0.0,1,-6.51268,0.2273664623,4.4815173149,,0.1333333333333333,0.2222222222222222,0,1,-6.2457,0.2108852863,5.13773489,,0.0666666666666666,0.2222222222222222,0.0,1,10
ZINC000014747560,-8.1381,0.7991682887,7.0815291405,,0.2,0.3333333333333333,0,1,-7.59124,0.6584905386,7.0653114319,,0.4666666666666667,0.5555555555555556,0.0,1,-7.41141,0.5015549064,6.342564106,,0.1333333333333333,0.2222222222222222,0,1,-7.05822,0.2990859151,6.0760197639,,0.2,0.3333333333333333,0.0,1,-7.08527,0.2550179064,5.6106829643,,0.2666666666666666,0.3333333333333333,0,1,-7.48944,0.2478735298,5.5350093842,,0.2666666666666666,0.3333333333333333,0.0,1,-7.44137,0.1991699934,3.7583494186,,0.1333333333333333,0.3333333333333333,0.0,1,-6.92006,0.1932969689,3.9462058544,,0.0666666666666666,0.1111111111111111,0.0,1,-7.16714,0.1753327698,4.0796904564,,0.0666666666666666,0.2222222222222222,0,1,-6.96612,0.1713717431,5.2658448219,,0.1333333333333333,0.2222222222222222,0.0,1,10
ZINC000014747980,-6.78861,0.6604500413,7.1051387787,,0.3333333333333333,0.5555555555555556,0,1,-7.43656,0.2300599664,6.0198421478,,0.3333333333333333,0.5555555555555556,0.0,1,-7.32284,0.2126274407,4.7676463127,,0.2666666666666666,0.3333333333333333,0,1,-7.05941,0.1986292154,4.8874688148,,0.1333333333333333,0.3333333333333333,0.0,1,-6.16391,0.1975245774,4.5507512093,,0.2666666666666666,0.3333333333333333,0,1,-6.39357,0.1957586259,4.4792327881,,0.1333333333333333,0.2222222222222222,0.0,1,-7.84169,0.1880480796,4.8193507195,,0.4,0.5555555555555556,0.0,1,-7.16754,0.1838706881,4.6897187233,,0.2666666666666666,0.3333333333333333,0.0,1,-7.41413,0.182396993,4.5344920158,,0.2,0.2222222222222222,0,1,-6.98663,0.1802169681,4.7472820282,,0.2666666666666666,0.3333333333333333,0.0,1,10
ZINC000014945632,-9.15614,0.4851964414,7.7064852715,,0.3333333333333333,0.5555555555555556,0,1,-9.19733,0.3884123862,7.6457285881,,0.2,0.3333333333333333,0.0,1,-9.99696,0.3829751909,7.633377552,,0.4,0.5555555555555556,0,1,-9.94625,0.2968455255,7.6286644936,,0.4666666666666667,0.6666666666666666,0.0,1,-8.67866,0.2155131996,6.5485649109,,0.1333333333333333,0.3333333333333333,0,1,-7.64729,0.2081832141,6.9271316528,,0.2,0.3333333333333333,0.0,1,-8.89323,0.197683841,6.8917517662,,0.6,0.7777777777777778,0.0,1,-7.86673,0.1825021207,5.6440944672,,0.2,0.3333333333333333,0.0,1,-7.43866,0.1794955134,5.7354927063,,0.2,0.3333333333333333,0,1,-8.9487,0.177345261,5.5868191719,,0.2666666666666666,0.2222222222222222,0.0,1,10
ZINC000014960811,-7.34326,0.4243253767,6.9166550636,,0.3333333333333333,0.4444444444444444,0,1,-6.82054,0.2916283309,6.6114864349,,0.3333333333333333,0.4444444444444444,0.0,1,-6.65384,0.2734112144,6.6700806618,,0.3333333333333333,0.4444444444444444,0,1,-7.05519,0.2716576755,6.9113469124,,0.3333333333333333,0.4444444444444444,0.0,1,-7.05697,0.250826627,6.6264195442,,0.2666666666666666,0.4444444444444444,0,1,-7.57364,0.2227618545,6.0591721535,,0.4,0.5555555555555556,0.0,1,-6.43772,0.2085151523,4.8833642006,,0.1333333333333333,0.2222222222222222,0.0,1,-7.81649,0.1994664073,5.9283256531,,0.2,0.3333333333333333,0.0,1,-6.76351,0.197656557,6.484380722,,0.2666666666666666,0.4444444444444444,0,1,-6.64977,0.1873633415,6.6893906593,,0.3333333333333333,0.4444444444444444,0.0,1,10
ZINC000015077475,-8.33623,0.8473936319,7.4989089966,,0.5333333333333333,0.6666666666666666,0,1,-8.6944,0.7459118962,6.6443171501,,0.4666666666666667,0.5555555555555556,0.0,1,-7.65415,0.7386695147,7.3384604454,,0.5333333333333333,0.7777777777777778,0,1,-7.93817,0.6255854368,6.4785079956,,0.4666666666666667,0.6666666666666666,0.0,1,-8.05491,0.6085238457,7.0468850136,,0.4666666666666667,0.5555555555555556,0,1,-7.51104,0.5424040556,6.8022403717,,0.3333333333333333,0.3333333333333333,0.0,1,-7.18854,0.4989191294,6.6925168037,,0.5333333333333333,0.8888888888888888,0.0,1,-7.45295,0.4731245339,6.7067432404,,0.4666666666666667,0.4444444444444444,0.0,1,-7.28686,0.422029525,6.7633481026,,0.4666666666666667,0.5555555555555556,0,1,-7.25612,0.371290952,6.3008408546,,0.4,0.5555555555555556,0.0,1,10
ZINC000015707529,-7.07665,0.6298743486,6.7652659416,,0.2,0.3333333333333333,0,1,-6.26007,0.4634183645,6.3289637566,,0.2,0.3333333333333333,0.0,1,-6.78229,0.4037491679,5.8709521294,,0.1333333333333333,0.2222222222222222,0,1,-6.88268,0.3473318219,6.3721137047,,0.2,0.3333333333333333,0.0,1,-7.07624,0.2870548368,6.019323349,,0.3333333333333333,0.5555555555555556,0,1,-6.27371,0.2815338671,6.0529465675,,0.4,0.4444444444444444,0.0,1,-5.90017,0.2610452473,5.4403958321,,0.2666666666666666,0.3333333333333333,0.0,1,-6.66075,0.2380250096,5.5371284485,,0.1333333333333333,0.2222222222222222,0.0,1,-6.7709,0.2269607186,5.5903019905,,0.4,0.4444444444444444,0,1,-5.78993,0.2189038247,5.2104144096,,0.2,0.3333333333333333,0.0,1,10
ZINC000015778137,-8.23821,0.2836292386,6.5791220665,,0.2666666666666666,0.4444444444444444,0,1,-8.06715,0.2591400743,6.4271550179,,0.2666666666666666,0.4444444444444444,0.0,1,-5.75086,0.2361155897,4.9148197174,,0.1333333333333333,0.2222222222222222,0,1,-7.78178,0.2340024561,6.3450388908,,0.2,0.3333333333333333,0.0,1,-7.78508,0.1930612326,6.1893105507,,0.2666666666666666,0.4444444444444444,0,1,-6.6701,0.1889646053,4.9404063225,,0.2,0.3333333333333333,0.0,1,-7.47426,0.1850981861,6.2251267433,,0.2666666666666666,0.4444444444444444,0.0,1,-6.99654,0.1836145371,5.6080517769,,0.2,0.3333333333333333,0.0,1,-7.65741,0.161970377,5.822807312,,0.2,0.3333333333333333,0,1,-6.5673,0.1615735739,4.5767264366,,0.1333333333333333,0.1111111111111111,0.0,1,10
ZINC000016999879,-6.18085,0.4747013748,6.4253692627,,0.2,0.3333333333333333,0,1,-7.39026,0.3942432106,5.7865223885,,0.2,0.3333333333333333,0.0,1,-6.87775,0.3091415167,5.2887291908,,0.1333333333333333,0.2222222222222222,0,1,-6.58729,0.2951551676,5.3415522575,,0.1333333333333333,0.2222222222222222,0.0,1,-6.33934,0.2835991085,5.1187195778,,0.0666666666666666,0.1111111111111111,0,1,-7.44718,0.2570233941,5.4189624786,,0.1333333333333333,0.2222222222222222,0.0,1,-7.0615,0.2517279088,5.1828098297,,0.1333333333333333,0.2222222222222222,0.0,1,-6.24492,0.2475295812,5.2570643425,,0.1333333333333333,0.2222222222222222,0.0,1,-7.32643,0.2459809035,5.0066981316,,0.0666666666666666,0.1111111111111111,0,1,-6.0411,0.2436007708,5.4383864403,,0.1333333333333333,0.2222222222222222,0.0,1,10
ZINC000019110893,-7.40076,0.4146989584,6.6793198586,,0.4666666666666667,0.6666666666666666,0,1,-7.36033,0.3942877054,5.9425177574,,0.2,0.3333333333333333,0.0,1,-6.87928,0.381552875,6.4345145226,,0.2,0.3333333333333333,0,1,-6.46977,0.2321329117,4.5631279945,,0.2,0.2222222222222222,0.0,1,-6.53994,0.227884531,4.1290016174,,0.0666666666666666,0.2222222222222222,0,1,-8.21617,0.2178962231,4.619644165,,0.0,0.1111111111111111,0.0,1,-6.76933,0.1965257972,4.317741394,,0.2,0.3333333333333333,0.0,1,-7.25185,0.1932174265,4.6925020218,,0.1333333333333333,0.2222222222222222,0.0,1,-7.54096,0.1844743341,5.4635186195,,0.2,0.2222222222222222,0,1,-6.62794,0.1816333532,5.9111838341,,0.4666666666666667,0.4444444444444444,0.0,1,10
ZINC000019148908,-8.70032,0.4822999239,6.8735198975,,0.4,0.5555555555555556,0,1,-8.01741,0.4640839398,6.8680224419,,0.2666666666666666,0.3333333333333333,0.0,1,-6.95152,0.3663574755,6.0936026573,,0.1333333333333333,0.2222222222222222,0,1,-7.11428,0.3632491231,6.5476131439,,0.2666666666666666,0.4444444444444444,0.0,1,-8.76439,0.3553693295,6.3779225349,,0.1333333333333333,0.2222222222222222,0,1,-8.20985,0.325306803,6.2830748558,,0.2,0.3333333333333333,0.0,1,-6.81876,0.3173732162,5.8186359406,,0.0,0.1111111111111111,0.0,1,-6.54383,0.290330857,5.5376362801,,0.0,0.1111111111111111,0.0,1,-7.084,0.2848087549,5.5817170143,,0.0666666666666666,0.2222222222222222,0,1,-7.09172,0.2734681666,5.9016213417,,0.0,0.1111111111111111,0.0,1,10
ZINC000019288007,-6.66977,0.3587331474,6.3036599159,,0.2,0.3333333333333333,0,1,-7.11809,0.355566144,6.1998047829,,0.4,0.6666666666666666,0.0,1,-7.56203,0.279381305,5.7308249474,,0.1333333333333333,0.2222222222222222,0,1,-6.75499,0.2673845887,6.2953186035,,0.4,0.5555555555555556,0.0,1,-7.62796,0.2229339182,5.6341757774,,0.0666666666666666,0.1111111111111111,0,1,-6.96135,0.2144268751,5.2149386406,,0.1333333333333333,0.2222222222222222,0.0,1,-6.92417,0.2117669433,5.3439211845,,0.3333333333333333,0.4444444444444444,0.0,1,-7.35752,0.2059572786,6.8167896271,,0.2,0.2222222222222222,0.0,1,-6.48384,0.1970095932,4.9611964226,,0.2666666666666666,0.3333333333333333,0,1,-6.79471,0.190762803,5.744869709,,0.2,0.2222222222222222,0.0,1,10
ZINC000019338350,-6.86475,0.5579294562,6.6559295654,,0.3333333333333333,0.5555555555555556,0,1,-6.14675,0.3443278372,6.340982914,,0.2,0.3333333333333333,0.0,1,-6.12586,0.3075642586,4.877286911,,0.1333333333333333,0.2222222222222222,0,1,-5.99104,0.3069466054,4.8641681671,,0.1333333333333333,0.2222222222222222,0.0,1,-5.94269,0.289365828,5.2842459679,,0.1333333333333333,0.2222222222222222,0,1,-6.07254,0.287298739,4.8443393707,,0.1333333333333333,0.3333333333333333,0.0,1,-5.80361,0.2832637429,4.5035319328,,0.2,0.2222222222222222,0.0,1,-6.81913,0.2632889748,5.4836554527,,0.0666666666666666,0.1111111111111111,0.0,1,-6.32231,0.2531452179,4.6900238991,,0.0666666666666666,0.2222222222222222,0,1,-5.58994,0.2478993982,5.0991911888,,0.0666666666666666,0.1111111111111111,0.0,1,10
ZINC000019361903,-8.17678,0.2652097344,6.6077084541,,0.2666666666666666,0.4444444444444444,0,1,-7.75828,0.2502529621,5.9736542702,,0.3333333333333333,0.4444444444444444,0.0,1,-6.60385,0.2408705205,6.1299777031,,0.2666666666666666,0.4444444444444444,0,1,-7.66299,0.2168192416,6.1521983147,,0.4,0.7777777777777778,0.0,1,-7.25888,0.2164050788,5.965200901,,0.2666666666666666,0.4444444444444444,0,1,-7.31953,0.2153553963,5.7156777382,,0.3333333333333333,0.5555555555555556,0.0,1,-7.50324,0.2029010803,6.1068406105,,0.2,0.3333333333333333,0.0,1,-6.78446,0.167100817,6.2131271362,,0.6,0.8888888888888888,0.0,1,-6.60889,0.1657054573,5.3592619896,,0.3333333333333333,0.4444444444444444,0,1,-6.58091,0.1645820588,6.1719050407,,0.6,0.7777777777777778,0.0,1,10
ZINC000019496883,-9.51126,0.6200439334,7.2408442497,,0.4,0.5555555555555556,0,1,-8.13147,0.3777408898,6.2684569359,,0.4,0.6666666666666666,0.0,1,-8.88375,0.2847406864,6.1740241051,,0.2666666666666666,0.4444444444444444,0,1,-6.955,0.2744060755,6.1792578697,,0.3333333333333333,0.3333333333333333,0.0,1,-7.92126,0.2664274275,6.3541321754,,0.4666666666666667,0.4444444444444444,0,1,-8.3559,0.2569531202,6.1674156189,,0.2666666666666666,0.3333333333333333,0.0,1,-7.84091,0.2521000504,6.3224110603,,0.4666666666666667,0.4444444444444444,0.0,1,-7.12299,0.2515976429,5.789434433,,0.4666666666666667,0.4444444444444444,0.0,1,-6.67677,0.2503968775,5.6519942284,,0.3333333333333333,0.4444444444444444,0,1,-7.17868,0.2358761579,5.62641716,,0.3333333333333333,0.3333333333333333,0.0,1,10
ZINC000019526394,-7.85395,0.3407061398,6.6481995583,,0.2,0.3333333333333333,0,1,-7.77617,0.3340589106,6.5762467384,,0.1333333333333333,0.2222222222222222,0.0,1,-6.22646,0.3208072484,5.348637104,,0.0,0.1111111111111111,0,1,-6.57941,0.3107312024,5.971601963,,0.2,0.1111111111111111,0.0,1,-7.83269,0.2996122837,6.5694317818,,0.0666666666666666,0.1111111111111111,0,1,-6.27252,0.2964589596,5.154706955,,0.0666666666666666,0.1111111111111111,0.0,1,-7.26059,0.2788738906,6.9782085419,,0.2666666666666666,0.3333333333333333,0.0,1,-6.3278,0.2485242486,4.5889754295,,0.0666666666666666,0.1111111111111111,0.0,1,-6.33107,0.2477471232,4.3776044846,,0.0666666666666666,0.1111111111111111,0,1,-6.75521,0.2406691909,4.8819394112,,0.1333333333333333,0.2222222222222222,0.0,1,10
ZINC000019589771,-8.37287,0.3066976666,6.863878727,,0.4,0.5555555555555556,0,1,-8.35408,0.2901522517,6.8647975922,,0.2666666666666666,0.3333333333333333,0.0,1,-7.96896,0.2346675843,6.4235644341,,0.3333333333333333,0.5555555555555556,0,1,-8.49911,0.2245647013,6.881111145,,0.4,0.4444444444444444,0.0,1,-9.0614,0.2078446448,6.8462853432,,0.3333333333333333,0.4444444444444444,0,1,-8.29608,0.1853817552,5.8286437988,,0.2666666666666666,0.4444444444444444,0.0,1,-9.20469,0.1672435254,5.4737372398,,0.1333333333333333,0.2222222222222222,0.0,1,-7.85161,0.1671053022,5.9506950378,,0.3333333333333333,0.3333333333333333,0.0,1,-7.89187,0.1599764675,6.3213801384,,0.2666666666666666,0.4444444444444444,0,1,-8.62261,0.1571634263,5.3261275291,,0.1333333333333333,0.2222222222222222,0.0,1,10
ZINC000019608473,-7.3694,0.2484538704,5.8286418915,,0.3333333333333333,0.5555555555555556,0,1,-7.69258,0.2371262163,6.033891201,,0.4,0.6666666666666666,0.0,1,-7.11878,0.2043168396,5.6234016418,,0.4,0.4444444444444444,0,1,-6.06693,0.1871691197,5.4716053009,,0.2666666666666666,0.4444444444444444,0.0,1,-6.16254,0.1775859892,6.285861969,,0.6,0.6666666666666666,0,1,-6.29224,0.166007176,4.3967213631,,0.3333333333333333,0.4444444444444444,0.0,1,-7.34979,0.153568849,5.4142479897,,0.2666666666666666,0.3333333333333333,0.0,1,-7.66011,0.1433151215,5.5608706474,,0.2,0.3333333333333333,0.0,1,-6.88904,0.1421008408,5.1994071007,,0.2666666666666666,0.4444444444444444,0,1,-6.40345,0.1405222416,4.6780781746,,0.2,0.3333333333333333,0.0,1,10
ZINC000019707161,-6.29509,0.2755053341,6.4885005951,,0.2666666666666666,0.4444444444444444,0,1,-6.57095,0.2621060908,6.3704972267,,0.2666666666666666,0.4444444444444444,0.0,1,-5.9022,0.238270402,6.2514834404,,0.2666666666666666,0.4444444444444444,0,1,-6.32918,0.2212982178,6.2199282646,,0.2666666666666666,0.4444444444444444,0.0,1,-7.62887,0.215705201,4.9345154762,,0.1333333333333333,0.3333333333333333,0,1,-6.71174,0.2081630081,6.3632979393,,0.2,0.3333333333333333,0.0,1,-6.90349,0.1921344995,6.5627856255,,0.2666666666666666,0.4444444444444444,0.0,1,-7.48038,0.1813549697,5.1319851875,,0.1333333333333333,0.3333333333333333,0.0,1,-6.93416,0.1773458868,4.3019633293,,0.1333333333333333,0.2222222222222222,0,1,-6.21544,0.1728933156,6.4304757118,,0.2,0.3333333333333333,0.0,1,10
ZINC000019709206,-8.73694,0.7227218747,7.420085907,,0.2666666666666666,0.4444444444444444,0,1,-8.48922,0.3446777165,6.6979007721,,0.2666666666666666,0.4444444444444444,0.0,1,-7.9915,0.3310818374,6.6749186516,,0.2666666666666666,0.4444444444444444,0,1,-7.63032,0.294921726,5.7702579498,,0.1333333333333333,0.2222222222222222,0.0,1,-7.62202,0.2510205507,5.9900836945,,0.4,0.5555555555555556,0,1,-7.84253,0.2468366623,5.8332648277,,0.1333333333333333,0.2222222222222222,0.0,1,-7.26804,0.216852054,5.9681963921,,0.3333333333333333,0.4444444444444444,0.0,1,-7.70148,0.2069949657,5.5401558876,,0.3333333333333333,0.3333333333333333,0.0,1,-7.77982,0.1945351511,4.3634152412,,0.0,0.1111111111111111,0,1,-7.35814,0.1893017441,5.5884747505,,0.2,0.2222222222222222,0.0,1,10
ZINC000019760491,-5.29002,0.6595512629,4.9402894974,,0.0,0.0,0,1,-5.96426,0.2105161548,5.368598938,,0.2666666666666666,0.3333333333333333,0.0,1,-4.96994,0.1823374331,4.0859484673,,0.0666666666666666,0.1111111111111111,0,1,-5.44868,0.1784927547,5.1814055443,,0.0666666666666666,0.1111111111111111,0.0,1,-5.07886,0.1771452874,4.7520284653,,0.0666666666666666,0.1111111111111111,0,1,-4.98625,0.1605348587,3.946313858,,0.0,0.1111111111111111,0.0,1,-5.65182,0.1519128978,4.3008971214,,0.1333333333333333,0.2222222222222222,0.0,1,-6.15915,0.1369541734,5.4423351288,,0.3333333333333333,0.5555555555555556,0.0,1,-5.03029,0.110913761,4.0737104416,,0.2,0.3333333333333333,0,1,-5.25707,0.1086728275,5.0234656334,,0.1333333333333333,0.2222222222222222,0.0,1,10
ZINC000020166463,-6.87202,0.3011058271,5.9429283142,,0.2,0.3333333333333333,0,1,-5.70754,0.2811146975,3.7545909882,,0.0,0.0,0.0,1,-5.52335,0.2672093213,3.8208072186,,0.0,0.0,0,1,-5.9997,0.2505099177,4.5377402306,,0.0666666666666666,0.1111111111111111,0.0,1,-5.54555,0.2410456091,5.0753307343,,0.0666666666666666,0.1111111111111111,0,1,-5.42852,0.2390961498,4.5328578949,,0.0,0.0,0.0,1,-5.81916,0.2348361313,5.1086769104,,0.2,0.3333333333333333,0.0,1,-6.87356,0.2254659086,5.952545166,,0.1333333333333333,0.2222222222222222,0.0,1,-5.87588,0.2205000222,3.942939043,,0.0666666666666666,0.1111111111111111,0,1,-5.53066,0.2171879262,5.0124363899,,0.0666666666666666,0.1111111111111111,0.0,1,10
ZINC000020436792,-8.02223,0.6614307761,6.5776228905,,0.3333333333333333,0.3333333333333333,0,1,-7.5251,0.5744125247,6.4522490501,,0.2666666666666666,0.3333333333333333,0.0,1,-7.22025,0.5695104599,6.1230659485,,0.2666666666666666,0.4444444444444444,0,1,-7.9684,0.5321164131,6.3293204308,,0.1333333333333333,0.2222222222222222,0.0,1,-8.1075,0.4859145582,6.3519206047,,0.1333333333333333,0.2222222222222222,0,1,-8.0718,0.4773168266,6.22930336,,0.0666666666666666,0.1111111111111111,0.0,1,-7.09644,0.4431803524,5.8437247276,,0.2666666666666666,0.3333333333333333,0.0,1,-6.67594,0.3806860745,6.1820812225,,0.2,0.3333333333333333,0.0,1,-8.01855,0.3443100452,5.9341235161,,0.1333333333333333,0.2222222222222222,0,1,-7.79235,0.3373906016,5.8776335716,,0.0666666666666666,0.1111111111111111,0.0,1,10
ZINC000020453024,-7.42192,0.7998476028,6.3615665436,,0.2666666666666666,0.4444444444444444,0,1,-7.24512,0.7599640489,6.3031163216,,0.2666666666666666,0.4444444444444444,0.0,1,-7.36595,0.6068100929,7.0265674591,,0.6666666666666666,0.8888888888888888,0,1,-7.42197,0.5144115686,6.4613728523,,0.4,0.5555555555555556,0.0,1,-6.67804,0.3854199946,5.7015895844,,0.4,0.6666666666666666,0,1,-6.57557,0.3638440669,5.7878775597,,0.2,0.3333333333333333,0.0,1,-6.42728,0.3228259087,5.9316978455,,0.4,0.5555555555555556,0.0,1,-7.22999,0.3217969835,5.8472504616,,0.2,0.3333333333333333,0.0,1,-6.56749,0.2509256601,4.5059247017,,0.1333333333333333,0.2222222222222222,0,1,-6.29445,0.2370462418,5.4860987663,,0.4,0.6666666666666666,0.0,1,10
ZINC000020455443,-8.08697,0.5757263899,6.3959527016,,0.2666666666666666,0.4444444444444444,0,1,-6.9073,0.3657116294,6.4158706665,,0.2,0.3333333333333333,0.0,1,-6.77398,0.3457345665,4.7377848625,,0.0,0.1111111111111111,0,1,-7.92304,0.3016962111,6.5917434692,,0.2,0.2222222222222222,0.0,1,-7.04827,0.2928985357,6.1138744354,,0.2,0.2222222222222222,0,1,-8.10499,0.2430926263,5.4037537575,,0.1333333333333333,0.2222222222222222,0.0,1,-7.65391,0.2332227379,6.3107123375,,0.4,0.6666666666666666,0.0,1,-7.10302,0.231499806,5.6176986694,,0.0666666666666666,0.1111111111111111,0.0,1,-6.85966,0.2292943895,5.1821103096,,0.1333333333333333,0.2222222222222222,0,1,-6.47181,0.2266136408,4.3806433678,,0.0666666666666666,0.2222222222222222,0.0,1,10
ZINC000020465045,-6.8585,0.4922257066,6.3572821617,,0.1333333333333333,0.2222222222222222,0,1,-6.54976,0.2555916011,5.4151248932,,0.1333333333333333,0.2222222222222222,0.0,1,-6.81015,0.2035840452,5.2756838799,,0.1333333333333333,0.2222222222222222,0,1,-5.73339,0.1945970953,4.8194365501,,0.2666666666666666,0.4444444444444444,0.0,1,-5.86364,0.1839491129,5.0817241669,,0.0666666666666666,0.1111111111111111,0,1,-6.50203,0.1776802093,5.327299118,,0.1333333333333333,0.2222222222222222,0.0,1,-5.63852,0.1731723249,5.4604911804,,0.2666666666666666,0.4444444444444444,0.0,1,-5.93841,0.1613008231,5.6378350258,,0.2666666666666666,0.3333333333333333,0.0,1,-6.13046,0.1540450901,4.8014435768,,0.1333333333333333,0.2222222222222222,0,1,-5.82566,0.1462076455,4.106821537,,0.1333333333333333,0.2222222222222222,0.0,1,10
ZINC000020485429,-6.58277,0.5856811404,6.1936359406,,0.2,0.3333333333333333,0,1,-7.12657,0.5495483875,6.6165213585,,0.1333333333333333,0.2222222222222222,0.0,1,-7.68813,0.3985920548,6.2008252144,,0.2,0.3333333333333333,0,1,-7.39678,0.3484162688,5.9929885864,,0.2,0.3333333333333333,0.0,1,-7.59645,0.3406484723,6.1381392479,,0.2666666666666666,0.3333333333333333,0,1,-6.13583,0.3368051052,5.8550896645,,0.2,0.3333333333333333,0.0,1,-6.81764,0.334790498,5.6792607307,,0.0666666666666666,0.1111111111111111,0.0,1,-7.60479,0.321826756,5.9995479584,,0.2,0.3333333333333333,0.0,1,-7.25505,0.3182109892,5.4440608025,,0.2,0.3333333333333333,0,1,-6.36697,0.3067879975,5.6798005104,,0.0,0.0,0.0,1,10
ZINC000020503901,-8.70425,0.8045484424,7.1833519936,,0.1333333333333333,0.3333333333333333,0,1,-8.69416,0.7786840796,7.1044006348,,0.1333333333333333,0.3333333333333333,0.0,1,-8.27692,0.482965976,6.5662226677,,0.2,0.3333333333333333,0,1,-7.99718,0.4772228599,6.2555689812,,0.1333333333333333,0.3333333333333333,0.0,1,-9.11422,0.4491197467,6.9186043739,,0.3333333333333333,0.5555555555555556,0,1,-7.67343,0.4034053683,5.9981918335,,0.1333333333333333,0.3333333333333333,0.0,1,-8.10425,0.3924088776,5.9678092003,,0.1333333333333333,0.3333333333333333,0.0,1,-7.10612,0.3673996329,6.3085956573,,0.1333333333333333,0.3333333333333333,0.0,1,-8.10854,0.3646048307,6.1784586906,,0.2,0.3333333333333333,0,1,-8.9876,0.3588088751,6.0353069305,,0.2,0.2222222222222222,0.0,1,10
ZINC000020539340,-5.48431,0.3870003223,5.4843058586,,0.0666666666666666,0.1111111111111111,0,1,-6.50892,0.3775179386,6.7567782402,,0.3333333333333333,0.4444444444444444,0.0,1,-7.33802,0.3404220641,6.8331513405,,0.4666666666666667,0.5555555555555556,0,1,-6.51001,0.2696766257,6.778693676,,0.5333333333333333,0.5555555555555556,0.0,1,-5.82106,0.2294493467,5.3511352539,,0.1333333333333333,0.2222222222222222,0,1,-5.60745,0.2286981046,5.4851398468,,0.1333333333333333,0.2222222222222222,0.0,1,-5.86832,0.2238103598,6.2077240944,,0.4666666666666667,0.6666666666666666,0.0,1,-5.57672,0.2113279402,5.7699108124,,0.1333333333333333,0.2222222222222222,0.0,1,-5.85128,0.2069667727,5.2783379555,,0.0666666666666666,0.1111111111111111,0,1,-7.28384,0.205256775,6.4417319298,,0.4666666666666667,0.6666666666666666,0.0,1,10
ZINC000020565465,-6.56912,0.2569344342,5.7764701843,,0.2666666666666666,0.4444444444444444,0,1,-6.4457,0.2205347866,4.9633021355,,0.3333333333333333,0.4444444444444444,0.0,1,-6.34052,0.2155482471,6.4049811363,,0.2666666666666666,0.4444444444444444,0,1,-6.63375,0.2114112228,5.4886450768,,0.3333333333333333,0.5555555555555556,0.0,1,-6.29242,0.1632005572,5.2522678375,,0.2,0.2222222222222222,0,1,-6.35605,0.1630721092,4.8096909523,,0.3333333333333333,0.4444444444444444,0.0,1,-5.66311,0.158651337,4.4499168396,,0.3333333333333333,0.4444444444444444,0.0,1,-5.67153,0.1417582631,4.9534201622,,0.2,0.3333333333333333,0.0,1,-5.83349,0.1378177255,5.0445713997,,0.2,0.3333333333333333,0,1,-5.84976,0.1305844784,5.0845355988,,0.1333333333333333,0.2222222222222222,0.0,1,10
ZINC000020575055,-6.73318,0.37399894,5.9722962379,,0.0,0.1111111111111111,0,1,-6.76233,0.2651329041,5.6497459412,,0.1333333333333333,0.2222222222222222,0.0,1,-6.5616,0.2186855078,5.1655979156,,0.2,0.3333333333333333,0,1,-7.19281,0.2005697638,5.5141048431,,0.1333333333333333,0.2222222222222222,0.0,1,-6.70408,0.182628423,5.6845297813,,0.2666666666666666,0.4444444444444444,0,1,-6.54442,0.1752832979,5.7764472961,,0.0666666666666666,0.1111111111111111,0.0,1,-7.99073,0.1729421467,5.6466636658,,0.0666666666666666,0.1111111111111111,0.0,1,-6.68158,0.1494150609,4.4020447731,,0.2666666666666666,0.4444444444444444,0.0,1,-6.27885,0.1282827854,5.4889206886,,0.0,0.1111111111111111,0,1,-6.45341,0.1254931837,4.8263993263,,0.0666666666666666,0.1111111111111111,0.0,1,10
ZINC000020939651,-6.8929,0.7847540379,6.4524025917,,0.2,0.3333333333333333,0,1,-6.98197,0.7143370509,6.5272827148,,0.2,0.3333333333333333,0.0,1,-7.05097,0.4816548824,6.588739872,,0.2,0.3333333333333333,0,1,-6.60784,0.4795515239,6.1935691833,,0.2,0.3333333333333333,0.0,1,-5.75728,0.3957336545,5.1836695671,,0.2,0.3333333333333333,0,1,-5.93933,0.3580286205,4.2855639458,,0.0,0.1111111111111111,0.0,1,-6.29121,0.3567471504,4.4415163994,,0.0666666666666666,0.1111111111111111,0.0,1,-6.54125,0.3060909212,5.6046161652,,0.1333333333333333,0.2222222222222222,0.0,1,-6.35401,0.2821567357,5.6404919624,,0.2666666666666666,0.4444444444444444,0,1,-6.20009,0.2408904731,4.0804190636,,0.0,0.1111111111111111,0.0,1,10
ZINC000021838479,-7.71895,0.7008407116,5.2726883888,,0.2666666666666666,0.4444444444444444,0,1,-6.73604,0.5489117503,4.7031106949,,0.2,0.2222222222222222,0.0,1,-7.79106,0.4953346252,5.0117740631,,0.2,0.3333333333333333,0,1,-6.60304,0.4898337424,4.9770970345,,0.1333333333333333,0.2222222222222222,0.0,1,-6.1738,0.4354961216,4.2564148903,,0.0,0.1111111111111111,0,1,-7.4566,0.4296518266,4.9552016258,,0.1333333333333333,0.2222222222222222,0.0,1,-6.37916,0.4035212398,5.4888014793,,0.5333333333333333,0.7777777777777778,0.0,1,-5.97125,0.4001666605,5.0058970451,,0.2666666666666666,0.4444444444444444,0.0,1,-7.76717,0.3981401324,4.8386158943,,0.2,0.3333333333333333,0,1,-7.00421,0.3923988044,4.7246146202,,0.2,0.2222222222222222,0.0,1,10
ZINC000021870618,-7.17576,0.4316604137,6.8842139244,,0.4666666666666667,0.6666666666666666,0,1,-7.17473,0.2676866055,6.4178862572,,0.4,0.5555555555555556,0.0,1,-7.64816,0.2673950493,4.836359024,,0.0666666666666666,0.2222222222222222,0,1,-7.27854,0.2264593542,4.7538819313,,0.2,0.3333333333333333,0.0,1,-7.50747,0.2163824141,5.7323417664,,0.2666666666666666,0.4444444444444444,0,1,-8.50092,0.2103172094,5.3927578926,,0.2,0.3333333333333333,0.0,1,-7.24286,0.2102043778,5.98361063,,0.2666666666666666,0.4444444444444444,0.0,1,-7.07378,0.2079927474,4.5569214821,,0.2,0.3333333333333333,0.0,1,-9.20562,0.2028548867,5.5493044853,,0.2,0.3333333333333333,0,1,-7.53992,0.1937692016,4.9043669701,,0.2,0.4444444444444444,0.0,1,10
ZINC000022048332,-6.96104,0.87216717,6.1855044365,,0.5333333333333333,0.6666666666666666,0,1,-6.54542,0.655900836,5.978249073,,0.6,0.7777777777777778,0.0,1,-6.2369,0.3831552267,5.4736771584,,0.4,0.4444444444444444,0,1,-6.55822,0.2521855533,5.3677711487,,0.4,0.5555555555555556,0.0,1,-6.23798,0.23581855,5.43273592,,0.5333333333333333,0.7777777777777778,0,1,-6.40163,0.2357154638,5.4104733467,,0.5333333333333333,0.7777777777777778,0.0,1,-5.47004,0.2118185908,5.0059332848,,0.4,0.5555555555555556,0.0,1,-5.8072,0.1811998934,4.1237111092,,0.2,0.3333333333333333,0.0,1,-6.03246,0.1619330049,5.0273032188,,0.3333333333333333,0.4444444444444444,0,1,-5.93336,0.1608769745,3.9563891888,,0.0666666666666666,0.1111111111111111,0.0,1,10
ZINC000022220946,-7.38309,0.8611555696,6.1764798164,,0.5333333333333333,0.6666666666666666,0,1,-7.26144,0.7955215573,5.822663784,,0.3333333333333333,0.4444444444444444,0.0,1,-6.64588,0.7389518619,5.5168471336,,0.4666666666666667,0.6666666666666666,0,1,-6.07597,0.6489576697,5.3859839439,,0.4666666666666667,0.5555555555555556,0.0,1,-7.39184,0.6262358427,6.3094553947,,0.5333333333333333,0.6666666666666666,0,1,-6.45383,0.6026163101,5.95277071,,0.5333333333333333,0.5555555555555556,0.0,1,-6.27915,0.5263206959,5.4005699158,,0.4666666666666667,0.6666666666666666,0.0,1,-6.27292,0.5163567066,5.647506237,,0.5333333333333333,0.6666666666666666,0.0,1,-6.16901,0.4909591377,5.6600666046,,0.4,0.4444444444444444,0,1,-6.28242,0.3636134267,5.0152664185,,0.2,0.3333333333333333,0.0,1,10
ZINC000022852947,-6.87037,0.6336901188,6.6912631989,,0.4666666666666667,0.5555555555555556,0,1,-7.18916,0.4674038887,6.6756834984,,0.5333333333333333,0.6666666666666666,0.0,1,-6.94047,0.434340179,6.7900867462,,0.5333333333333333,0.7777777777777778,0,1,-6.68267,0.3849793673,5.9018120766,,0.3333333333333333,0.5555555555555556,0.0,1,-6.92381,0.3693465889,5.9647402763,,0.4,0.6666666666666666,0,1,-7.17306,0.3013785481,6.0892176628,,0.5333333333333333,0.7777777777777778,0.0,1,-6.8518,0.2882304788,5.992351532,,0.2,0.3333333333333333,0.0,1,-7.20491,0.225163728,5.5563006401,,0.1333333333333333,0.2222222222222222,0.0,1,-8.43691,0.177572459,5.7815337181,,0.0666666666666666,0.1111111111111111,0,1,-7.54331,0.1591897309,5.4920063019,,0.1333333333333333,0.2222222222222222,0.0,1,10
ZINC000022923279,-8.45965,0.3045331836,5.8933501244,,0.1333333333333333,0.2222222222222222,0,1,-8.80957,0.2576223016,5.5369973183,,0.0666666666666666,0.1111111111111111,0.0,1,-6.66004,0.2434673309,5.4080352783,,0.2,0.3333333333333333,0,1,-6.99558,0.2057283968,4.9405360222,,0.0,0.0,0.0,1,-7.88581,0.2026948333,5.4340138435,,0.2,0.2222222222222222,0,1,-7.46696,0.1997495145,5.2973256111,,0.2,0.2222222222222222,0.0,1,-7.21715,0.1915182024,5.2129206657,,0.1333333333333333,0.2222222222222222,0.0,1,-7.42364,0.1722382903,4.9896388054,,0.0666666666666666,0.1111111111111111,0.0,1,-6.48189,0.1601642519,5.4727425575,,0.0666666666666666,0.1111111111111111,0,1,-6.59518,0.1422968209,4.9364032745,,0.2,0.3333333333333333,0.0,1,10
ZINC000022926217,-6.96194,0.8020806313,7.2392354012,,0.2666666666666666,0.3333333333333333,0,1,-7.09488,0.7403330207,7.3813686371,,0.4,0.4444444444444444,0.0,1,-6.71505,0.689812243,7.3894562721,,0.3333333333333333,0.3333333333333333,0,1,-7.56092,0.6752916574,7.154446125,,0.4666666666666667,0.5555555555555556,0.0,1,-6.77794,0.5232357979,6.8616447449,,0.4,0.5555555555555556,0,1,-6.84097,0.3630914986,6.1306557655,,0.0666666666666666,0.1111111111111111,0.0,1,-6.75771,0.3268396258,6.245241642,,0.0,0.1111111111111111,0.0,1,-6.86514,0.3161665797,6.7324848175,,0.5333333333333333,0.6666666666666666,0.0,1,-9.02543,0.306137085,6.4967980385,,0.2666666666666666,0.4444444444444444,0,1,-7.10987,0.2681429088,6.1982498169,,0.4,0.5555555555555556,0.0,1,10
ZINC000022926955,-7.38537,0.8959867358,7.671043396,,0.4,0.4444444444444444,0,1,-7.44263,0.8709490299,6.9880442619,,0.2,0.3333333333333333,0.0,1,-6.86311,0.6841468215,6.6065382957,,0.4666666666666667,0.5555555555555556,0,1,-7.11765,0.6425708532,6.3995075226,,0.2666666666666666,0.3333333333333333,0.0,1,-7.08664,0.6356673241,6.6931567192,,0.4666666666666667,0.4444444444444444,0,1,-6.74226,0.6288706064,6.4951300621,,0.4666666666666667,0.5555555555555556,0.0,1,-7.09156,0.4286885262,6.5302634239,,0.4666666666666667,0.5555555555555556,0.0,1,-8.66571,0.3796172738,6.5239949226,,0.4,0.5555555555555556,0.0,1,-6.74979,0.2862590551,5.4235243797,,0.4,0.5555555555555556,0,1,-6.74034,0.2835711837,5.3301067352,,0.2,0.3333333333333333,0.0,1,10
ZINC000022929958,-7.82371,0.7581160069,6.9313902855,,0.4,0.4444444444444444,0,1,-8.60939,0.7402824163,7.1774563789,,0.3333333333333333,0.3333333333333333,0.0,1,-8.66445,0.5031160712,7.0091347694,,0.5333333333333333,0.6666666666666666,0,1,-7.97338,0.4174878001,6.8184361458,,0.3333333333333333,0.3333333333333333,0.0,1,-7.17223,0.3653495908,6.8584294319,,0.3333333333333333,0.3333333333333333,0,1,-8.1048,0.3344732523,6.5049862862,,0.4,0.5555555555555556,0.0,1,-6.98135,0.3237293363,5.9075779915,,0.2666666666666666,0.2222222222222222,0.0,1,-6.93562,0.3006100655,6.5537343025,,0.3333333333333333,0.3333333333333333,0.0,1,-7.22949,0.2878512144,6.2458424568,,0.3333333333333333,0.3333333333333333,0,1,-8.26865,0.2850669026,6.2221827507,,0.4,0.5555555555555556,0.0,1,10
ZINC000022931044,-8.00898,0.3248482347,6.1353569031,,0.0666666666666666,0.1111111111111111,0,1,-7.51449,0.3246155679,6.0140080452,,0.0666666666666666,0.1111111111111111,0.0,1,-8.48983,0.3227002919,6.5360884666,,0.0666666666666666,0.1111111111111111,0,1,-8.02282,0.3191820979,6.1963000298,,0.0666666666666666,0.1111111111111111,0.0,1,-7.67028,0.3094705641,6.0557408333,,0.0666666666666666,0.1111111111111111,0,1,-7.60203,0.3046837747,6.2728652954,,0.0666666666666666,0.1111111111111111,0.0,1,-7.99589,0.3012663722,6.2344403267,,0.0666666666666666,0.1111111111111111,0.0,1,-8.83809,0.288715452,6.2878899574,,0.2,0.2222222222222222,0.0,1,-8.78326,0.2871618867,6.3835425377,,0.1333333333333333,0.2222222222222222,0,1,-8.19208,0.2689082026,6.0136508942,,0.0666666666666666,0.1111111111111111,0.0,1,10
ZINC000023338862,-8.44262,0.3062086105,5.8533992767,,0.0666666666666666,0.2222222222222222,0,1,-6.4357,0.2694066465,5.4632124901,,0.0666666666666666,0.2222222222222222,0.0,1,-7.79039,0.2233216614,5.835515976,,0.1333333333333333,0.2222222222222222,0,1,-8.48133,0.2138666362,5.9095005989,,0.2666666666666666,0.4444444444444444,0.0,1,-6.58774,0.2025951445,5.1917462349,,0.0666666666666666,0.1111111111111111,0,1,-6.18941,0.2018631846,5.7899918556,,0.2,0.3333333333333333,0.0,1,-6.60651,0.1819679588,5.4312252998,,0.2,0.2222222222222222,0.0,1,-6.3524,0.1818974912,4.14802742,,0.0666666666666666,0.2222222222222222,0.0,1,-6.43544,0.173338756,5.2936244011,,0.2,0.2222222222222222,0,1,-8.19624,0.1706088483,5.2994999886,,0.0666666666666666,0.1111111111111111,0.0,1,10
ZINC000023353747,-8.22394,0.4408937693,7.0534176826,,0.4666666666666667,0.5555555555555556,0,1,-8.56411,0.371285677,6.9801750183,,0.3333333333333333,0.4444444444444444,0.0,1,-7.7624,0.3352851868,6.3315730095,,0.4,0.6666666666666666,0,1,-7.5672,0.2790105045,6.5636239052,,0.3333333333333333,0.4444444444444444,0.0,1,-7.46876,0.2547520399,6.9009742737,,0.4,0.5555555555555556,0,1,-7.21468,0.2413643152,6.3329982758,,0.2,0.3333333333333333,0.0,1,-7.46045,0.2214826196,6.4100680351,,0.2,0.4444444444444444,0.0,1,-7.17744,0.2021638453,6.1352543831,,0.2,0.3333333333333333,0.0,1,-7.51643,0.1864498109,5.2929821014,,0.1333333333333333,0.2222222222222222,0,1,-7.44472,0.1839752942,5.3128314018,,0.0666666666666666,0.1111111111111111,0.0,1,10
ZINC000023353780,-7.1272,0.3647894263,6.8130059242,,0.3333333333333333,0.4444444444444444,0,1,-6.19607,0.2262382656,5.8681197166,,0.2,0.4444444444444444,0.0,1,-6.86905,0.2258133143,6.3581624031,,0.3333333333333333,0.4444444444444444,0,1,-6.9725,0.224079296,6.084651947,,0.4666666666666667,0.6666666666666666,0.0,1,-6.9704,0.1959565282,6.2295279503,,0.2666666666666666,0.3333333333333333,0,1,-7.2212,0.1772079468,6.2371401787,,0.3333333333333333,0.4444444444444444,0.0,1,-7.31239,0.1576490104,4.6576480865,,0.3333333333333333,0.3333333333333333,0.0,1,-6.51147,0.1534989029,4.9992690086,,0.3333333333333333,0.4444444444444444,0.0,1,-6.59021,0.1414589584,6.0178489685,,0.4666666666666667,0.5555555555555556,0,1,-6.69698,0.1389883906,5.7884159088,,0.4666666666666667,0.5555555555555556,0.0,1,10
ZINC000023478524,-7.74959,0.1955883354,5.2929606438,,0.4,0.4444444444444444,0,1,-8.02304,0.1942734122,5.8438396454,,0.2666666666666666,0.2222222222222222,0.0,1,-8.0358,0.167923525,5.6716427803,,0.2666666666666666,0.2222222222222222,0,1,-8.18967,0.1545766145,5.7713069916,,0.2666666666666666,0.3333333333333333,0.0,1,-8.17364,0.1545477509,5.8285574913,,0.2666666666666666,0.3333333333333333,0,1,-7.33811,0.1499797851,4.7354626656,,0.2,0.3333333333333333,0.0,1,-7.12342,0.1421930343,4.9640784264,,0.3333333333333333,0.4444444444444444,0.0,1,-7.24291,0.1410844922,5.230474472,,0.2666666666666666,0.3333333333333333,0.0,1,-7.87091,0.1357850879,4.6964159012,,0.0,0.1111111111111111,0,1,-7.31557,0.1350944042,5.0845527649,,0.2666666666666666,0.3333333333333333,0.0,1,10
ZINC000025962762,-6.25802,0.3579598069,6.8596434593,,0.1333333333333333,0.2222222222222222,0,1,-6.78153,0.2161412239,5.1706428528,,0.0,0.1111111111111111,0.0,1,-5.86774,0.2119366825,5.779984951,,0.1333333333333333,0.1111111111111111,0,1,-5.52935,0.2027040571,4.3921065331,,0.0,0.0,0.0,1,-6.09969,0.2026457787,4.5193066597,,0.0,0.0,0,1,-7.35345,0.1991159469,5.2345309258,,0.0666666666666666,0.1111111111111111,0.0,1,-6.44535,0.1927260906,6.3173103333,,0.2666666666666666,0.3333333333333333,0.0,1,-7.46894,0.1851304919,5.4490280151,,0.0,0.1111111111111111,0.0,1,-6.06116,0.1829975098,4.8646388054,,0.2,0.3333333333333333,0,1,-8.81419,0.177364096,5.6510214806,,0.0,0.1111111111111111,0.0,1,10
ZINC000026819167,-8.50653,0.5417447686,7.2303199768,,0.4666666666666667,0.7777777777777778,0,1,-8.45439,0.4062374234,6.906979084,,0.4666666666666667,0.7777777777777778,0.0,1,-8.10975,0.3892570138,6.3472504616,,0.0666666666666666,0.1111111111111111,0,1,-7.85223,0.3321312964,6.271584034,,0.0666666666666666,0.1111111111111111,0.0,1,-8.57847,0.3203353584,6.4366784096,,0.2,0.3333333333333333,0,1,-7.00943,0.3056359887,7.0747261047,,0.4,0.6666666666666666,0.0,1,-8.58302,0.2733894885,6.3447022438,,0.2,0.3333333333333333,0.0,1,-7.60337,0.2699963152,6.0293140411,,0.1333333333333333,0.2222222222222222,0.0,1,-9.11781,0.2434118092,6.879544735,,0.2666666666666666,0.3333333333333333,0,1,-7.14633,0.2302109003,5.0953292847,,0.0666666666666666,0.2222222222222222,0.0,1,10
ZINC000026974036,-10.16119,0.6720517278,7.2598376274,,0.4666666666666667,0.6666666666666666,0,1,-9.61194,0.6694063544,7.0406432152,,0.3333333333333333,0.5555555555555556,0.0,1,-9.00754,0.6381707788,6.9920229912,,0.5333333333333333,0.7777777777777778,0,1,-9.13407,0.5504937768,6.7534446716,,0.5333333333333333,0.6666666666666666,0.0,1,-8.62387,0.4081759155,6.5072612762,,0.4666666666666667,0.6666666666666666,0,1,-9.91565,0.4018874764,6.6860842705,,0.4666666666666667,0.5555555555555556,0.0,1,-9.13955,0.4014352858,6.8455939293,,0.6,0.7777777777777778,0.0,1,-8.03922,0.3709914088,6.2120056152,,0.6666666666666666,0.7777777777777778,0.0,1,-8.72459,0.3395956755,6.5865902901,,0.5333333333333333,0.6666666666666666,0,1,-8.3618,0.3259879947,6.3448824883,,0.6666666666666666,0.7777777777777778,0.0,1,10
ZINC000027982735,-5.90293,0.7844429016,5.52495718,,0.1333333333333333,0.2222222222222222,0,1,-5.87181,0.6486722231,5.5299167633,,0.0666666666666666,0.2222222222222222,0.0,1,-7.37672,0.6321488619,6.3223853111,,0.2666666666666666,0.4444444444444444,0,1,-6.46667,0.5916336179,6.0615062714,,0.2666666666666666,0.3333333333333333,0.0,1,-6.70321,0.5834608078,6.0291695595,,0.2,0.3333333333333333,0,1,-6.13231,0.4341523647,5.4825935364,,0.0666666666666666,0.1111111111111111,0.0,1,-7.24976,0.407871753,6.2254118919,,0.1333333333333333,0.2222222222222222,0.0,1,-6.72907,0.4075655937,5.9617595673,,0.2,0.3333333333333333,0.0,1,-6.99112,0.3977555931,6.3567576408,,0.2,0.3333333333333333,0,1,-7.18808,0.3890629709,5.7235584259,,0.2,0.2222222222222222,0.0,1,10
ZINC000028386470,-7.38323,0.3780216277,7.2396302223,,0.5333333333333333,0.5555555555555556,0,1,-6.93465,0.3020177484,6.825155735,,0.5333333333333333,0.4444444444444444,0.0,1,-7.81034,0.2979245186,6.6587367058,,0.4666666666666667,0.4444444444444444,0,1,-7.24603,0.2560555339,6.7792229652,,0.5333333333333333,0.5555555555555556,0.0,1,-7.86277,0.2533892989,5.8306946754,,0.2,0.2222222222222222,0,1,-8.16463,0.2039303631,6.5821323395,,0.1333333333333333,0.2222222222222222,0.0,1,-7.79694,0.1943353862,5.5499062538,,0.2,0.2222222222222222,0.0,1,-7.14847,0.1783511192,6.3572654724,,0.5333333333333333,0.6666666666666666,0.0,1,-7.85607,0.1778285801,5.6291294098,,0.3333333333333333,0.3333333333333333,0,1,-8.17805,0.1765142232,5.7109494209,,0.3333333333333333,0.3333333333333333,0.0,1,10
ZINC000028524177,-7.48456,0.3027771413,6.6250691414,,0.3333333333333333,0.5555555555555556,0,1,-8.29065,0.258566916,6.5994439125,,0.2,0.3333333333333333,0.0,1,-7.26755,0.2381862402,5.7384886742,,0.2,0.3333333333333333,0,1,-8.86761,0.1972227544,6.6885275841,,0.6666666666666666,0.7777777777777778,0.0,1,-7.16852,0.1941054463,5.6905150414,,0.2,0.3333333333333333,0,1,-6.89228,0.1886944026,5.4837360382,,0.1333333333333333,0.2222222222222222,0.0,1,-6.64029,0.173630178,5.0762214661,,0.1333333333333333,0.2222222222222222,0.0,1,-6.62719,0.1626735926,4.9014239311,,0.0,0.1111111111111111,0.0,1,-7.24433,0.1529359221,5.2394165993,,0.0666666666666666,0.2222222222222222,0,1,-7.33121,0.152155593,5.6446213722,,0.0,0.1111111111111111,0.0,1,10
ZINC000028764700,-8.98053,0.5521701574,7.6367797852,,0.3333333333333333,0.4444444444444444,0,1,-8.68597,0.4597733617,7.466565609,,0.2666666666666666,0.4444444444444444,0.0,1,-8.65512,0.4201290607,7.3075242043,,0.2666666666666666,0.4444444444444444,0,1,-7.56733,0.364143163,7.6184487343,,0.4666666666666667,0.5555555555555556,0.0,1,-8.46786,0.3309523761,7.2674078941,,0.3333333333333333,0.4444444444444444,0,1,-7.24392,0.3115053773,7.2412838936,,0.3333333333333333,0.4444444444444444,0.0,1,-7.39159,0.3059711456,7.233145237,,0.4,0.6666666666666666,0.0,1,-7.7225,0.2708132863,7.127117157,,0.4,0.5555555555555556,0.0,1,-7.76987,0.2455429137,5.9270038605,,0.2,0.3333333333333333,0,1,-8.72109,0.2454517931,7.1045355797,,0.3333333333333333,0.3333333333333333,0.0,1,10
ZINC000028817508,-7.12462,0.2558090389,5.8611221313,,0.0666666666666666,0.1111111111111111,0,1,-7.1661,0.2348814756,6.4925556183,,0.0,0.1111111111111111,0.0,1,-8.43756,0.2290653586,6.4299278259,,0.1333333333333333,0.2222222222222222,0,1,-7.29958,0.2283708155,6.514770031,,0.0666666666666666,0.2222222222222222,0.0,1,-8.21362,0.2259885073,5.9880390167,,0.2,0.2222222222222222,0,1,-7.92478,0.2162325531,6.4485144615,,0.1333333333333333,0.2222222222222222,0.0,1,-7.4995,0.2071672827,6.4892272949,,0.0666666666666666,0.2222222222222222,0.0,1,-8.50502,0.20325692,6.5683822632,,0.0666666666666666,0.2222222222222222,0.0,1,-8.10419,0.2026470006,6.3101840019,,0.1333333333333333,0.3333333333333333,0,1,-7.38173,0.2017060816,6.6927890778,,0.3333333333333333,0.4444444444444444,0.0,1,10
ZINC000028822414,-9.26401,0.3830090761,7.0803189278,,0.4666666666666667,0.6666666666666666,0,1,-8.52776,0.2755183876,6.3687152863,,0.5333333333333333,0.5555555555555556,0.0,1,-9.17414,0.1863540113,6.8118915558,,0.4,0.6666666666666666,0,1,-7.52921,0.1706338376,6.3094043732,,0.2,0.3333333333333333,0.0,1,-8.36274,0.1484137475,6.3532562256,,0.2,0.2222222222222222,0,1,-8.80844,0.1446219385,6.9993567467,,0.2666666666666666,0.3333333333333333,0.0,1,-9.08179,0.1441979557,6.3453793526,,0.2,0.4444444444444444,0.0,1,-8.9272,0.1397729367,6.5855689049,,0.4,0.5555555555555556,0.0,1,-9.32468,0.1291159987,6.2209682465,,0.1333333333333333,0.3333333333333333,0,1,-9.06309,0.1266510785,6.2104849815,,0.1333333333333333,0.3333333333333333,0.0,1,10
ZINC000029059851,-6.50808,0.3909522295,5.2852797508,,0.0,0.1111111111111111,0,1,-7.10471,0.2959201336,4.5903587341,,0.2,0.3333333333333333,0.0,1,-6.87314,0.2711939216,4.9879608154,,0.1333333333333333,0.2222222222222222,0,1,-7.31211,0.2584995031,5.3856658936,,0.2,0.3333333333333333,0.0,1,-6.21151,0.2529524863,4.975455761,,0.1333333333333333,0.2222222222222222,0,1,-7.01341,0.2429433614,4.9673647881,,0.3333333333333333,0.4444444444444444,0.0,1,-7.63264,0.2361712903,5.67827034,,0.4,0.5555555555555556,0.0,1,-6.64148,0.2302091867,4.721675396,,0.0,0.1111111111111111,0.0,1,-6.41241,0.2280141413,5.3416805267,,0.1333333333333333,0.2222222222222222,0,1,-6.62431,0.2254227996,4.6588835716,,0.1333333333333333,0.3333333333333333,0.0,1,10
ZINC000029134087,-6.13569,0.2886537611,5.2274456024,,0.3333333333333333,0.3333333333333333,0,1,-6.5415,0.2360974103,6.4416890144,,0.1333333333333333,0.2222222222222222,0.0,1,-6.39915,0.2010654211,5.2804851532,,0.0666666666666666,0.1111111111111111,0,1,-7.06969,0.1753742546,6.4997906685,,0.0666666666666666,0.1111111111111111,0.0,1,-6.65295,0.1629742831,5.6290798187,,0.1333333333333333,0.2222222222222222,0,1,-7.33414,0.1448422372,6.0839390755,,0.2,0.2222222222222222,0.0,1,-7.33847,0.1423565447,6.3730978966,,0.4,0.4444444444444444,0.0,1,-8.00629,0.1300093681,6.1462512016,,0.4,0.3333333333333333,0.0,1,-7.16554,0.117786184,4.3240346909,,0.2,0.2222222222222222,0,1,-6.32387,0.1107920855,4.9357151985,,0.0,0.0,0.0,1,10
ZINC000029224047,-8.9996,0.9211470485,8.0231161118,,0.4666666666666667,0.4444444444444444,0,1,-9.81884,0.8998186588,7.9372463226,,0.5333333333333333,0.6666666666666666,0.0,1,-8.58457,0.8928028345,7.6881866455,,0.6666666666666666,0.7777777777777778,0,1,-9.92344,0.7508692145,7.6855273247,,0.6,0.6666666666666666,0.0,1,-9.13523,0.7239189148,7.7970600128,,0.4666666666666667,0.5555555555555556,0,1,-9.9353,0.7172346711,7.6384906769,,0.5333333333333333,0.6666666666666666,0.0,1,-7.96536,0.5983145833,7.6607894897,,0.4666666666666667,0.5555555555555556,0.0,1,-8.92279,0.5371354818,7.4585852623,,0.6,0.6666666666666666,0.0,1,-9.42083,0.4590899944,7.2082843781,,0.4666666666666667,0.5555555555555556,0,1,-8.80304,0.4582598507,7.4066104889,,0.4,0.4444444444444444,0.0,1,10
ZINC000032117924,-7.90333,0.8450508118,6.4177680016,,0.2666666666666666,0.3333333333333333,0,1,-6.88806,0.4222408235,6.0391974449,,0.1333333333333333,0.2222222222222222,0.0,1,-7.26999,0.3984862268,5.9219093323,,0.4,0.5555555555555556,0,1,-6.11619,0.3393163979,4.7621722221,,0.2666666666666666,0.3333333333333333,0.0,1,-6.63008,0.3024304211,5.1487383842,,0.2666666666666666,0.3333333333333333,0,1,-6.59785,0.279979229,5.8850512505,,0.2666666666666666,0.4444444444444444,0.0,1,-6.80421,0.2770358622,5.7617402077,,0.4,0.5555555555555556,0.0,1,-5.78153,0.2663777173,5.0529427528,,0.0666666666666666,0.1111111111111111,0.0,1,-5.78226,0.231071651,5.0739207268,,0.3333333333333333,0.3333333333333333,0,1,-6.5172,0.2296611965,4.959089756,,0.1333333333333333,0.2222222222222222,0.0,1,10
ZINC000034790644,-6.8637,0.376588881,5.8700737953,,0.2,0.3333333333333333,0,1,-5.56215,0.3171792626,6.1494026184,,0.0666666666666666,0.1111111111111111,0.0,1,-5.69187,0.2943114936,5.6672625542,,0.2666666666666666,0.3333333333333333,0,1,-5.51676,0.2885901034,4.8062820435,,0.0666666666666666,0.1111111111111111,0.0,1,-5.90588,0.2534265518,4.9111037254,,0.2,0.3333333333333333,0,1,-6.87445,0.2471849024,5.9492087364,,0.1333333333333333,0.2222222222222222,0.0,1,-6.71313,0.245539695,5.9986615181,,0.2,0.3333333333333333,0.0,1,-6.64849,0.2389515489,5.9870109558,,0.1333333333333333,0.2222222222222222,0.0,1,-7.10452,0.2186640352,5.4262337685,,0.1333333333333333,0.2222222222222222,0,1,-5.69396,0.2174286246,5.1104884148,,0.2,0.3333333333333333,0.0,1,10
ZINC000034912391,-5.80001,0.331591934,6.0145459175,,0.0666666666666666,0.1111111111111111,0,1,-6.14797,0.1859952211,4.9216713905,,0.0666666666666666,0.1111111111111111,0.0,1,-6.55611,0.1820648462,5.9578475952,,0.1333333333333333,0.2222222222222222,0,1,-6.67879,0.1814427376,6.1316070557,,0.1333333333333333,0.2222222222222222,0.0,1,-6.56695,0.1814260185,5.7786507607,,0.1333333333333333,0.2222222222222222,0,1,-6.63017,0.1710958332,5.7158083916,,0.1333333333333333,0.2222222222222222,0.0,1,-6.81898,0.1708762199,5.9872279167,,0.1333333333333333,0.2222222222222222,0.0,1,-7.44376,0.1595917046,5.9473586082,,0.0666666666666666,0.1111111111111111,0.0,1,-6.24237,0.1593396813,4.890745163,,0.0666666666666666,0.2222222222222222,0,1,-6.60175,0.1555268019,6.0186572075,,0.1333333333333333,0.2222222222222222,0.0,1,10
ZINC000035047856,-6.91864,0.939550221,6.6811885834,,0.3333333333333333,0.5555555555555556,0,1,-6.35038,0.9357918501,6.7915511131,,0.2666666666666666,0.4444444444444444,0.0,1,-7.11611,0.9306143522,6.7290267944,,0.3333333333333333,0.5555555555555556,0,1,-6.32515,0.893299818,5.987007618,,0.4666666666666667,0.6666666666666666,0.0,1,-5.87861,0.882450223,5.5996069908,,0.2666666666666666,0.4444444444444444,0,1,-6.69796,0.8635951877,6.2603878975,,0.3333333333333333,0.5555555555555556,0.0,1,-5.94085,0.8506451249,6.0818352699,,0.2666666666666666,0.4444444444444444,0.0,1,-5.76462,0.8362061977,5.7881684303,,0.2666666666666666,0.3333333333333333,0.0,1,-6.36215,0.8223317862,5.842236042,,0.3333333333333333,0.4444444444444444,0,1,-6.1951,0.8081794381,6.3020896912,,0.2666666666666666,0.3333333333333333,0.0,1,10
ZINC000035401363,-5.89156,0.5243343115,6.480653286,,0.2666666666666666,0.3333333333333333,0,1,-6.23651,0.3239479661,5.8378529549,,0.2666666666666666,0.3333333333333333,0.0,1,-5.89244,0.322460413,6.0882058144,,0.1333333333333333,0.2222222222222222,0,1,-7.67449,0.3104582727,5.9049649239,,0.3333333333333333,0.5555555555555556,0.0,1,-5.8082,0.2709584832,4.7015585899,,0.2666666666666666,0.3333333333333333,0,1,-5.90597,0.2527182996,5.9127926826,,0.1333333333333333,0.2222222222222222,0.0,1,-5.86005,0.2312245667,5.8099861145,,0.2,0.2222222222222222,0.0,1,-6.08569,0.230480969,5.050163269,,0.4666666666666667,0.5555555555555556,0.0,1,-6.12571,0.2287546247,4.169274807,,0.2,0.3333333333333333,0,1,-6.06831,0.2219965756,4.4447207451,,0.1333333333333333,0.2222222222222222,0.0,1,10
ZINC000035401515,-7.37005,0.7756988406,7.403799057,,0.5333333333333333,0.6666666666666666,0,1,-7.43577,0.6973899007,7.2483534813,,0.4666666666666667,0.5555555555555556,0.0,1,-6.66306,0.5967355967,7.0442681313,,0.4666666666666667,0.5555555555555556,0,1,-6.74115,0.326374948,6.4859728813,,0.4,0.5555555555555556,0.0,1,-7.33184,0.3244470954,6.8376312256,,0.4666666666666667,0.6666666666666666,0,1,-6.87086,0.3143762648,6.6529755592,,0.5333333333333333,0.6666666666666666,0.0,1,-7.69662,0.2837144136,6.6409339905,,0.4,0.5555555555555556,0.0,1,-6.87247,0.2733180821,6.5268054008,,0.4666666666666667,0.6666666666666666,0.0,1,-6.5785,0.2491687238,5.0739779472,,0.0666666666666666,0.1111111111111111,0,1,-6.9972,0.2437942624,4.8801159859,,0.0666666666666666,0.1111111111111111,0.0,1,10
ZINC000037539369,-5.65874,0.3745730519,5.092438221,,0.0,0.0,0,1,-5.3569,0.3202828467,5.2352204323,,0.0,0.0,0.0,1,-5.51977,0.3180759251,4.5090441704,,0.0666666666666666,0.1111111111111111,0,1,-5.38892,0.3032144904,5.1279902458,,0.0,0.0,0.0,1,-5.50142,0.2711232007,4.8342227936,,0.1333333333333333,0.2222222222222222,0,1,-5.6436,0.2673463821,5.0531630516,,0.0,0.0,0.0,1,-5.55946,0.258594662,4.3273682594,,0.0,0.1111111111111111,0.0,1,-5.83322,0.2572553158,4.9563956261,,0.0,0.1111111111111111,0.0,1,-5.5434,0.2524796128,4.4307818413,,0.0666666666666666,0.1111111111111111,0,1,-5.68245,0.2514774799,4.88702631,,0.1333333333333333,0.2222222222222222,0.0,1,10
ZINC000037623000,-7.22516,0.861550808,6.1351628304,,0.2,0.4444444444444444,0,1,-6.29989,0.8026123643,6.3393740654,,0.2,0.4444444444444444,0.0,1,-7.56527,0.7326833606,5.8536849022,,0.2666666666666666,0.4444444444444444,0,1,-7.87347,0.6912895441,5.8987503052,,0.2,0.3333333333333333,0.0,1,-6.20674,0.6193034649,5.3210959435,,0.2,0.3333333333333333,0,1,-5.85615,0.5621351004,6.0378556252,,0.4666666666666667,0.6666666666666666,0.0,1,-7.77776,0.5590091944,5.7429237366,,0.2,0.3333333333333333,0.0,1,-6.59433,0.5496154428,5.8201060295,,0.4,0.6666666666666666,0.0,1,-6.16654,0.4791084826,5.5263648033,,0.3333333333333333,0.5555555555555556,0,1,-5.80103,0.3725193441,5.4190559387,,0.3333333333333333,0.5555555555555556,0.0,1,10
ZINC000037820657,-5.95965,0.5104289055,6.6210536957,,0.4666666666666667,0.6666666666666666,0,1,-6.49818,0.4879544377,6.5499854088,,0.4,0.6666666666666666,0.0,1,-6.026,0.4127776921,6.5570335388,,0.4,0.6666666666666666,0,1,-4.94824,0.2625308633,4.9844288826,,0.0666666666666666,0.1111111111111111,0.0,1,-6.11843,0.2379254699,5.6890354156,,0.1333333333333333,0.2222222222222222,0,1,-6.88537,0.2354538441,5.8797245026,,0.0666666666666666,0.1111111111111111,0.0,1,-5.10125,0.2178076804,4.0965800285,,0.1333333333333333,0.2222222222222222,0.0,1,-5.00612,0.216055721,4.6122956276,,0.0,0.0,0.0,1,-5.85986,0.2154768556,4.4850707054,,0.0666666666666666,0.1111111111111111,0,1,-5.98271,0.2006966621,4.8855247498,,0.2,0.2222222222222222,0.0,1,10
ZINC000037826062,-5.24597,0.6412194967,5.2561278343,,0.0666666666666666,0.1111111111111111,0,1,-5.5225,0.397102803,4.8660640717,,0.0666666666666666,0.1111111111111111,0.0,1,-5.28019,0.3773403764,5.0428643227,,0.0,0.0,0,1,-5.82428,0.3461871743,5.0893826485,,0.0666666666666666,0.2222222222222222,0.0,1,-5.48203,0.3300638795,4.9295406342,,0.0666666666666666,0.1111111111111111,0,1,-5.90243,0.3111256063,4.9603118896,,0.0666666666666666,0.1111111111111111,0.0,1,-5.28616,0.2940711081,4.8736376762,,0.0666666666666666,0.1111111111111111,0.0,1,-5.8302,0.2753692567,4.7397356033,,0.0666666666666666,0.1111111111111111,0.0,1,-6.0214,0.2615023255,4.7790255547,,0.1333333333333333,0.2222222222222222,0,1,-5.73099,0.2185759991,4.9144377708,,0.1333333333333333,0.2222222222222222,0.0,1,10
ZINC000037826847,-6.24506,0.8448124528,5.9655528069,,0.4,0.6666666666666666,0,1,-6.37133,0.7663049102,5.6932768822,,0.3333333333333333,0.4444444444444444,0.0,1,-6.63369,0.7619169354,5.988088131,,0.3333333333333333,0.4444444444444444,0,1,-6.90995,0.5476382971,5.5910358429,,0.4666666666666667,0.4444444444444444,0.0,1,-6.25464,0.5432853699,5.6683659554,,0.4,0.4444444444444444,0,1,-5.41625,0.3483646214,4.1230945587,,0.0666666666666666,0.1111111111111111,0.0,1,-5.63545,0.3477538824,4.8734817505,,0.0666666666666666,0.1111111111111111,0.0,1,-5.83098,0.3135471344,3.4851315022,,0.0,0.1111111111111111,0.0,1,-6.60382,0.2680272162,3.6390984058,,0.1333333333333333,0.2222222222222222,0,1,-6.02543,0.2594429851,3.3975346088,,0.0666666666666666,0.2222222222222222,0.0,1,10
ZINC000038098288,-6.00677,0.4120459259,5.8830475807,,0.2666666666666666,0.4444444444444444,0,1,-6.03815,0.356682539,6.0724925995,,0.2666666666666666,0.4444444444444444,0.0,1,-5.84192,0.3409054577,5.1820201874,,0.2666666666666666,0.3333333333333333,0,1,-5.08306,0.3298639357,4.9625039101,,0.1333333333333333,0.2222222222222222,0.0,1,-5.99453,0.3293722272,5.718729496,,0.2666666666666666,0.4444444444444444,0,1,-6.21902,0.3098033071,5.7110390663,,0.2,0.3333333333333333,0.0,1,-5.15563,0.3022411168,4.7629804611,,0.2,0.3333333333333333,0.0,1,-6.00956,0.2952984869,5.7107195854,,0.2,0.3333333333333333,0.0,1,-5.72464,0.2908052504,4.9899134636,,0.1333333333333333,0.2222222222222222,0,1,-6.03531,0.2892267704,5.7412619591,,0.2,0.3333333333333333,0.0,1,10
ZINC000039960625,-7.67093,0.7907058001,6.910074234,,0.5333333333333333,0.8888888888888888,0,1,-6.53489,0.6128363609,6.5362305641,,0.6,0.8888888888888888,0.0,1,-6.49857,0.4178762734,5.0462708473,,0.2666666666666666,0.4444444444444444,0,1,-7.07044,0.4170952737,5.6174960136,,0.1333333333333333,0.2222222222222222,0.0,1,-6.4349,0.3067140579,5.0065231323,,0.2666666666666666,0.3333333333333333,0,1,-7.99934,0.2766342461,5.6893081665,,0.1333333333333333,0.3333333333333333,0.0,1,-6.1508,0.2407063842,5.2877864838,,0.2666666666666666,0.3333333333333333,0.0,1,-6.47173,0.2266421914,5.2830166817,,0.3333333333333333,0.3333333333333333,0.0,1,-7.32342,0.2164204717,5.3401565552,,0.1333333333333333,0.2222222222222222,0,1,-6.51362,0.207840547,4.6925144196,,0.0666666666666666,0.2222222222222222,0.0,1,10
ZINC000040405789,-6.45533,0.8875676394,6.2326350212,,0.3333333333333333,0.3333333333333333,0,1,-5.95461,0.678821981,5.9313087463,,0.4666666666666667,0.5555555555555556,0.0,1,-6.59344,0.5500310659,6.0780582428,,0.2666666666666666,0.4444444444444444,0,1,-5.38152,0.4762628078,5.8698124886,,0.2,0.3333333333333333,0.0,1,-5.60174,0.4735838473,6.1255269051,,0.4666666666666667,0.5555555555555556,0,1,-5.27013,0.2807227373,5.7499051094,,0.4,0.4444444444444444,0.0,1,-5.55861,0.2727443576,5.3818793297,,0.2,0.3333333333333333,0.0,1,-5.36708,0.2655732632,4.2847652435,,0.2,0.3333333333333333,0.0,1,-6.01629,0.2513717413,5.3823661804,,0.2666666666666666,0.3333333333333333,0,1,-5.75173,0.2477308959,4.3016028404,,0.2,0.4444444444444444,0.0,1,10
ZINC000040429134,-7.64621,0.6313672066,7.1207880974,,0.6,0.7777777777777778,0,1,-6.90626,0.5008699298,6.8372268677,,0.5333333333333333,0.6666666666666666,0.0,1,-8.38915,0.4231624305,6.670691967,,0.5333333333333333,0.6666666666666666,0,1,-7.32737,0.3965012729,7.1104950905,,0.1333333333333333,0.2222222222222222,0.0,1,-8.16493,0.3783503175,6.429090023,,0.6,0.7777777777777778,0,1,-8.53148,0.2545704544,6.3164172173,,0.5333333333333333,0.6666666666666666,0.0,1,-8.09127,0.2461203784,6.6904139519,,0.6,0.6666666666666666,0.0,1,-6.7162,0.2230685055,5.3962287903,,0.0,0.1111111111111111,0.0,1,-7.17557,0.1577947289,6.4856910706,,0.6,0.6666666666666666,0,1,-7.02746,0.1506852806,6.1729946136,,0.4,0.4444444444444444,0.0,1,10
ZINC000040440468,-6.38454,0.6594360471,7.0226745605,,0.3333333333333333,0.4444444444444444,0,1,-6.6539,0.3522135019,6.3070044518,,0.2,0.4444444444444444,0.0,1,-6.48941,0.3158835769,6.529979229,,0.2666666666666666,0.3333333333333333,0,1,-6.81107,0.3122421503,5.4909806252,,0.1333333333333333,0.2222222222222222,0.0,1,-6.75035,0.2989174724,5.2278761864,,0.4,0.4444444444444444,0,1,-6.85434,0.2877991498,5.9576721191,,0.3333333333333333,0.5555555555555556,0.0,1,-7.00615,0.2759673893,6.2608380318,,0.2,0.3333333333333333,0.0,1,-7.33501,0.2740240097,5.3881092072,,0.2,0.3333333333333333,0.0,1,-6.25333,0.2721289396,5.104434967,,0.2,0.3333333333333333,0,1,-6.24852,0.2714616954,5.1811642647,,0.2,0.3333333333333333,0.0,1,10
ZINC000040824733,-6.09783,0.8473242521,6.0965285301,,0.4,0.6666666666666666,0,1,-6.3877,0.7521557808,5.4683585167,,0.3333333333333333,0.5555555555555556,0.0,1,-6.41417,0.7405825853,5.5817584991,,0.2666666666666666,0.4444444444444444,0,1,-6.91268,0.7284107804,5.8258051872,,0.4666666666666667,0.6666666666666666,0.0,1,-5.62449,0.639018476,5.6096129417,,0.4,0.5555555555555556,0,1,-6.57143,0.5511310697,5.3552088737,,0.3333333333333333,0.5555555555555556,0.0,1,-6.54023,0.522161901,5.342238903,,0.2666666666666666,0.4444444444444444,0.0,1,-5.86146,0.4991341531,5.4436626434,,0.4,0.6666666666666666,0.0,1,-6.24607,0.4886509478,5.1214413643,,0.2666666666666666,0.5555555555555556,0,1,-5.44664,0.4610390663,5.543612957,,0.3333333333333333,0.5555555555555556,0.0,1,10
ZINC000041719253,-5.39957,0.492580384,6.635363102,,0.4,0.5555555555555556,0,1,-5.58926,0.2715186477,4.3593907356,,0.1333333333333333,0.2222222222222222,0.0,1,-5.69295,0.2674216628,4.725736618,,0.1333333333333333,0.2222222222222222,0,1,-6.22119,0.1922016591,5.0976366997,,0.0666666666666666,0.2222222222222222,0.0,1,-5.34807,0.1832670867,4.3620343208,,0.2,0.2222222222222222,0,1,-7.55559,0.1760697365,4.5744190216,,0.2,0.3333333333333333,0.0,1,-5.63057,0.1716341674,4.2641301155,,0.2666666666666666,0.4444444444444444,0.0,1,-7.05082,0.1684623361,4.7144737244,,0.2,0.2222222222222222,0.0,1,-6.2599,0.1618742943,4.6794333458,,0.0666666666666666,0.2222222222222222,0,1,-6.13781,0.1598738283,4.269390583,,0.2,0.2222222222222222,0.0,1,10
ZINC000042286521,-6.74294,0.4676740766,6.2211265564,,0.4,0.3333333333333333,0,1,-5.39831,0.3952804208,5.310104847,,0.2666666666666666,0.4444444444444444,0.0,1,-7.48773,0.3838767707,6.4227852821,,0.2,0.3333333333333333,0,1,-6.90547,0.3745849133,6.0010399818,,0.2,0.3333333333333333,0.0,1,-7.10194,0.2704696655,5.6698851585,,0.2,0.3333333333333333,0,1,-6.29727,0.267364502,4.8330864906,,0.3333333333333333,0.4444444444444444,0.0,1,-7.19087,0.2549559772,5.9792308807,,0.1333333333333333,0.2222222222222222,0.0,1,-6.34256,0.2514380813,5.572201252,,0.1333333333333333,0.2222222222222222,0.0,1,-5.87966,0.2444181293,4.5467963219,,0.2,0.3333333333333333,0,1,-5.64831,0.2367800623,4.8312678337,,0.1333333333333333,0.2222222222222222,0.0,1,10
ZINC000043335429,-7.87367,0.226950556,5.6053051949,,0.0666666666666666,0.1111111111111111,0,1,-7.56497,0.1986381859,6.3171801567,,0.1333333333333333,0.2222222222222222,0.0,1,-6.89799,0.1900615692,5.8478722572,,0.2666666666666666,0.3333333333333333,0,1,-7.30522,0.1781731248,5.8260970116,,0.2666666666666666,0.4444444444444444,0.0,1,-7.743,0.160776332,5.5024738312,,0.1333333333333333,0.2222222222222222,0,1,-6.71528,0.1480395049,5.486852169,,0.1333333333333333,0.2222222222222222,0.0,1,-7.12278,0.1444506347,5.8186531067,,0.3333333333333333,0.5555555555555556,0.0,1,-6.86397,0.1433597505,5.7570271492,,0.3333333333333333,0.4444444444444444,0.0,1,-7.75869,0.1396671236,5.853489399,,0.4666666666666667,0.5555555555555556,0,1,-7.08207,0.129219085,6.0263581276,,0.2,0.3333333333333333,0.0,1,10
ZINC000044431253,-7.10064,0.5524185896,7.2296299934,,0.6666666666666666,0.7777777777777778,0,1,-7.45527,0.3950949013,7.1502509117,,0.7333333333333333,0.8888888888888888,0.0,1,-7.63532,0.3398737013,6.6562161446,,0.4,0.4444444444444444,0,1,-8.48774,0.2998058498,7.6173615456,,0.3333333333333333,0.4444444444444444,0.0,1,-7.80319,0.2996647954,7.2435584068,,0.6666666666666666,0.7777777777777778,0,1,-7.58016,0.275175184,6.4625105858,,0.4,0.4444444444444444,0.0,1,-7.13093,0.2449937314,5.9566483498,,0.0,0.0,0.0,1,-6.94651,0.2389952838,5.7125439644,,0.0,0.0,0.0,1,-8.07952,0.2060463876,6.0580635071,,0.4,0.4444444444444444,0,1,-6.7675,0.1835787296,5.4388985634,,0.0666666666666666,0.1111111111111111,0.0,1,10
ZINC000045945039,-6.45673,0.6076351404,6.6386609077,,0.2666666666666666,0.4444444444444444,0,1,-6.93636,0.4599094093,6.4259066582,,0.3333333333333333,0.4444444444444444,0.0,1,-6.73353,0.307557106,5.9069705009,,0.3333333333333333,0.4444444444444444,0,1,-6.47027,0.2333593071,5.7232704163,,0.3333333333333333,0.5555555555555556,0.0,1,-5.4458,0.2222740054,5.3999876976,,0.3333333333333333,0.5555555555555556,0,1,-6.82112,0.2091873884,6.0147457123,,0.1333333333333333,0.2222222222222222,0.0,1,-5.46917,0.2071941644,4.8875842094,,0.2,0.3333333333333333,0.0,1,-6.18934,0.1883666217,6.0800728798,,0.3333333333333333,0.5555555555555556,0.0,1,-6.72543,0.1641464531,5.9613537788,,0.2666666666666666,0.4444444444444444,0,1,-6.3256,0.1591648608,5.6711125374,,0.2,0.2222222222222222,0.0,1,10
ZINC000045966794,-6.94772,0.4280583858,5.2759094238,,0.0666666666666666,0.2222222222222222,0,1,-7.67321,0.3092112541,5.5558056831,,0.2666666666666666,0.3333333333333333,0.0,1,-6.66865,0.2940349579,5.3333764076,,0.0,0.1111111111111111,0,1,-7.892,0.2936757505,5.4197211266,,0.2,0.3333333333333333,0.0,1,-6.77215,0.2690095603,5.3745861053,,0.0666666666666666,0.1111111111111111,0,1,-7.01941,0.2530540824,6.1534276009,,0.2666666666666666,0.4444444444444444,0.0,1,-7.67817,0.247282207,5.544418335,,0.0,0.1111111111111111,0.0,1,-6.76046,0.2371581793,5.6111431122,,0.2666666666666666,0.3333333333333333,0.0,1,-7.31154,0.2345354259,5.1671586037,,0.0666666666666666,0.2222222222222222,0,1,-6.45731,0.2318724096,4.4530873299,,0.1333333333333333,0.2222222222222222,0.0,1,10
ZINC000046141040,-7.0314,0.6255533695,7.2712798119,,0.4666666666666667,0.6666666666666666,0,1,-7.53893,0.50569731,6.9217300415,,0.4,0.5555555555555556,0.0,1,-6.63999,0.4501827955,6.8952941895,,0.4,0.6666666666666666,0,1,-7.12767,0.4236302376,6.7641029358,,0.4666666666666667,0.6666666666666666,0.0,1,-6.64904,0.4017723799,6.0985245705,,0.2666666666666666,0.4444444444444444,0,1,-7.04604,0.3854189217,6.5639719963,,0.4666666666666667,0.6666666666666666,0.0,1,-7.2906,0.3537974358,6.3694453239,,0.3333333333333333,0.4444444444444444,0.0,1,-7.34206,0.3254928291,6.6234607697,,0.2666666666666666,0.4444444444444444,0.0,1,-7.12829,0.2919796109,5.4746537209,,0.0666666666666666,0.1111111111111111,0,1,-6.85761,0.2778186202,5.1246609688,,0.1333333333333333,0.3333333333333333,0.0,1,10
ZINC000046141067,-7.19731,0.7707654238,7.0592002869,,0.4666666666666667,0.5555555555555556,0,1,-7.63657,0.4016265571,6.8931927681,,0.4666666666666667,0.6666666666666666,0.0,1,-7.04627,0.3817712665,6.6191468239,,0.4666666666666667,0.5555555555555556,0,1,-7.33414,0.3420542777,6.7128214836,,0.5333333333333333,0.6666666666666666,0.0,1,-6.74977,0.3326941133,6.3293786049,,0.1333333333333333,0.1111111111111111,0,1,-7.15942,0.2362989485,5.0606684685,,0.1333333333333333,0.2222222222222222,0.0,1,-7.30703,0.2046248466,5.9721341133,,0.5333333333333333,0.7777777777777778,0.0,1,-7.07272,0.1932690889,4.4250197411,,0.0,0.1111111111111111,0.0,1,-7.72112,0.1803772449,5.3389186859,,0.1333333333333333,0.3333333333333333,0,1,-6.85644,0.1799185127,4.1136054993,,0.0666666666666666,0.2222222222222222,0.0,1,10
ZINC000046312641,-8.39982,0.6395187378,6.3801121712,,0.1333333333333333,0.2222222222222222,0,1,-7.86333,0.5786886215,6.2072453499,,0.2666666666666666,0.3333333333333333,0.0,1,-6.48601,0.3973671794,6.4298267365,,0.3333333333333333,0.3333333333333333,0,1,-6.15596,0.332452327,4.8254027367,,0.1333333333333333,0.2222222222222222,0.0,1,-6.28399,0.3079351187,5.3028125763,,0.2,0.2222222222222222,0,1,-7.05529,0.3007299006,6.0415673256,,0.2,0.3333333333333333,0.0,1,-6.17095,0.2969802618,4.9828791618,,0.0,0.0,0.0,1,-7.76439,0.2831216753,5.0733618736,,0.2,0.3333333333333333,0.0,1,-8.18765,0.2575696111,5.1181111336,,0.2666666666666666,0.3333333333333333,0,1,-7.29543,0.2497166991,4.7094626427,,0.2,0.3333333333333333,0.0,1,10
ZINC000047597440,-6.41312,0.6517472863,5.8509449959,,0.3333333333333333,0.4444444444444444,0,1,-6.4474,0.6227853894,5.7898068428,,0.3333333333333333,0.4444444444444444,0.0,1,-6.83374,0.6092782617,6.1076564789,,0.3333333333333333,0.4444444444444444,0,1,-6.94094,0.4987342656,5.6012444496,,0.3333333333333333,0.4444444444444444,0.0,1,-6.65835,0.4481908679,5.5869522095,,0.3333333333333333,0.4444444444444444,0,1,-6.76955,0.398134768,5.5457649231,,0.2,0.3333333333333333,0.0,1,-5.73833,0.3852005601,5.4073066711,,0.4,0.5555555555555556,0.0,1,-5.65434,0.3703039587,5.192773819,,0.0,0.0,0.0,1,-6.66853,0.3647206426,5.2778458595,,0.2666666666666666,0.4444444444444444,0,1,-6.13719,0.3389872909,5.5718860626,,0.3333333333333333,0.4444444444444444,0.0,1,10
ZINC000047973070,-7.42552,0.6204599738,6.2597332001,,0.1333333333333333,0.3333333333333333,0,1,-7.67241,0.5681003928,6.1959271431,,0.2,0.3333333333333333,0.0,1,-6.02854,0.4083884656,5.2028574944,,0.2,0.2222222222222222,0,1,-6.18783,0.3563420177,5.4579219818,,0.2666666666666666,0.4444444444444444,0.0,1,-6.35628,0.3189586997,5.4025988579,,0.2,0.3333333333333333,0,1,-7.14654,0.2822237313,5.2716178894,,0.2,0.2222222222222222,0.0,1,-6.26075,0.2752197981,5.1362948418,,0.1333333333333333,0.1111111111111111,0.0,1,-7.30718,0.2494495213,5.5731921196,,0.0666666666666666,0.1111111111111111,0.0,1,-5.93261,0.2488979697,4.8395648003,,0.2,0.3333333333333333,0,1,-6.91459,0.2480542213,5.164706707,,0.1333333333333333,0.1111111111111111,0.0,1,10
ZINC000048547449,-5.44547,0.3128798306,4.8059229851,,0.0666666666666666,0.1111111111111111,0,1,-6.61259,0.3104812503,4.6533799171,,0.0666666666666666,0.2222222222222222,0.0,1,-6.78082,0.2887440622,4.5254640579,,0.0666666666666666,0.2222222222222222,0,1,-6.75034,0.2803791761,4.4546046257,,0.0666666666666666,0.2222222222222222,0.0,1,-6.47388,0.2741987705,4.4427571297,,0.0666666666666666,0.2222222222222222,0,1,-6.673,0.2361411005,4.1320133209,,0.0,0.1111111111111111,0.0,1,-5.08422,0.2260432094,4.5031714439,,0.0666666666666666,0.1111111111111111,0.0,1,-5.12348,0.2228898704,5.6015696526,,0.4,0.5555555555555556,0.0,1,-6.74034,0.2161381394,4.4059033394,,0.0,0.1111111111111111,0,1,-6.2605,0.1893626004,4.4366726875,,0.0666666666666666,0.1111111111111111,0.0,1,10
ZINC000049560697,-6.00747,0.8698755503,6.2666935921,,0.4666666666666667,0.6666666666666666,0,1,-5.71831,0.8489127159,6.1492247581,,0.4666666666666667,0.6666666666666666,0.0,1,-6.38476,0.8180006146,6.5069789886,,0.4666666666666667,0.6666666666666666,0,1,-5.71756,0.7981727123,5.8881545067,,0.4,0.6666666666666666,0.0,1,-5.95506,0.7494936585,5.9680466652,,0.5333333333333333,0.7777777777777778,0,1,-5.9732,0.7478067875,5.6948504448,,0.4,0.6666666666666666,0.0,1,-5.60016,0.7349906564,5.9718756676,,0.3333333333333333,0.5555555555555556,0.0,1,-5.04935,0.6226290464,5.4415822029,,0.4,0.5555555555555556,0.0,1,-5.25998,0.5733245611,5.859105587,,0.2666666666666666,0.3333333333333333,0,1,-5.68927,0.5259804726,5.7381167412,,0.4666666666666667,0.6666666666666666,0.0,1,10
ZINC000049627252,-10.07381,0.5135924816,6.828183651,,0.4,0.5555555555555556,0,1,-8.76951,0.4594274759,6.935854435,,0.3333333333333333,0.5555555555555556,0.0,1,-9.05141,0.4255665243,7.0052266121,,0.2,0.3333333333333333,0,1,-8.84252,0.3760268986,6.5049595833,,0.2666666666666666,0.4444444444444444,0.0,1,-8.03828,0.3667402267,6.9856929779,,0.4,0.5555555555555556,0,1,-8.23198,0.3550708592,7.1499466896,,0.3333333333333333,0.5555555555555556,0.0,1,-9.10615,0.3492020071,6.3288826942,,0.4666666666666667,0.6666666666666666,0.0,1,-9.51774,0.3312797248,6.3865275383,,0.3333333333333333,0.5555555555555556,0.0,1,-8.64843,0.329536885,6.4370293617,,0.4666666666666667,0.7777777777777778,0,1,-7.40293,0.3037693799,5.309278965,,0.0666666666666666,0.2222222222222222,0.0,1,10
ZINC000052442351,-7.29359,0.577727735,6.3427147865,,0.2666666666666666,0.4444444444444444,0,1,-6.67709,0.522038579,6.6163787842,,0.2,0.3333333333333333,0.0,1,-6.80084,0.514308691,6.2169265747,,0.1333333333333333,0.2222222222222222,0,1,-7.0281,0.376686722,6.1786875725,,0.1333333333333333,0.2222222222222222,0.0,1,-7.2233,0.3108565509,5.3547611237,,0.0666666666666666,0.1111111111111111,0,1,-5.59912,0.2711220682,4.8298678398,,0.1333333333333333,0.2222222222222222,0.0,1,-5.90593,0.2654361427,4.7803001404,,0.0666666666666666,0.1111111111111111,0.0,1,-5.63291,0.2494727075,5.1113238335,,0.2,0.3333333333333333,0.0,1,-7.27851,0.2491936684,5.2020525932,,0.1333333333333333,0.2222222222222222,0,1,-5.89255,0.2477870733,4.86064291,,0.2,0.2222222222222222,0.0,1,10
ZINC000056523801,-5.57104,0.6318568587,6.668920517,,0.4,0.6666666666666666,0,1,-6.61986,0.4987106025,6.378080368,,0.2,0.3333333333333333,0.0,1,-6.49919,0.3810279369,5.6244072914,,0.1333333333333333,0.3333333333333333,0,1,-5.33882,0.3357356787,5.1070485115,,0.1333333333333333,0.2222222222222222,0.0,1,-5.30518,0.2924696505,5.5671038628,,0.2,0.3333333333333333,0,1,-5.20569,0.2814359367,5.0966248512,,0.2,0.3333333333333333,0.0,1,-5.30151,0.2745671868,5.7739958763,,0.3333333333333333,0.4444444444444444,0.0,1,-6.39188,0.2641646266,6.0227565765,,0.2,0.3333333333333333,0.0,1,-5.99834,0.2567607462,5.9292449951,,0.2666666666666666,0.3333333333333333,0,1,-5.75171,0.2502484024,4.9887294769,,0.2,0.3333333333333333,0.0,1,10
ZINC000057698651,-7.89417,0.8431998491,6.9803013802,,0.4,0.5555555555555556,0,1,-8.40249,0.801532805,7.0916800499,,0.4666666666666667,0.5555555555555556,0.0,1,-7.74462,0.778190434,6.7302951813,,0.5333333333333333,0.6666666666666666,0,1,-8.12635,0.723498702,6.7915625572,,0.4,0.5555555555555556,0.0,1,-7.64923,0.7207066417,6.7324852943,,0.4,0.5555555555555556,0,1,-7.26841,0.6886674762,6.6508903503,,0.4,0.4444444444444444,0.0,1,-8.01906,0.6710868478,5.9023070335,,0.3333333333333333,0.3333333333333333,0.0,1,-7.58463,0.6524068117,6.6676120758,,0.2666666666666666,0.5555555555555556,0.0,1,-7.47783,0.6523243189,6.3213272095,,0.2666666666666666,0.4444444444444444,0,1,-7.92656,0.6237131953,6.7066893578,,0.2666666666666666,0.3333333333333333,0.0,1,10
ZINC000057744957,-5.64023,0.3941584229,5.0558586121,,0.2,0.2222222222222222,0,1,-6.45225,0.3788523674,5.7367787361,,0.2,0.3333333333333333,0.0,1,-5.51564,0.3456774652,4.2791843414,,0.2666666666666666,0.3333333333333333,0,1,-6.21021,0.2481771708,4.2544198036,,0.0666666666666666,0.1111111111111111,0.0,1,-5.98718,0.2429350615,5.6348190308,,0.3333333333333333,0.4444444444444444,0,1,-5.48635,0.2406582087,4.5541605949,,0.0666666666666666,0.1111111111111111,0.0,1,-5.70567,0.2370901108,5.734152317,,0.0666666666666666,0.1111111111111111,0.0,1,-5.43323,0.2301283032,3.9904124737,,0.0666666666666666,0.2222222222222222,0.0,1,-5.42159,0.2291562408,5.6778712273,,0.4,0.5555555555555556,0,1,-5.30853,0.2268401831,4.5076060295,,0.1333333333333333,0.2222222222222222,0.0,1,10
ZINC000058325547,-7.40298,0.4522058368,6.6993694305,,0.5333333333333333,0.6666666666666666,0,1,-6.66523,0.2319123,6.4034552574,,0.2666666666666666,0.4444444444444444,0.0,1,-7.27265,0.229758203,5.5964331627,,0.0666666666666666,0.2222222222222222,0,1,-6.81708,0.2225457281,4.7938494682,,0.2,0.2222222222222222,0.0,1,-8.85656,0.2183984369,5.4434561729,,0.2,0.3333333333333333,0,1,-6.80603,0.2176355422,4.9385719299,,0.2,0.2222222222222222,0.0,1,-6.94222,0.2158153653,4.4074549675,,0.0666666666666666,0.1111111111111111,0.0,1,-6.88712,0.2120931,5.6945691109,,0.3333333333333333,0.4444444444444444,0.0,1,-6.7464,0.2087280899,5.0019435883,,0.1333333333333333,0.2222222222222222,0,1,-8.95686,0.1986871213,5.8057637215,,0.2666666666666666,0.5555555555555556,0.0,1,10
ZINC000058660668,-8.65205,0.3325845301,7.1897330284,,0.2666666666666666,0.3333333333333333,0,1,-7.93263,0.1499094814,5.9685473442,,0.3333333333333333,0.5555555555555556,0.0,1,-7.96253,0.1406739801,5.9754385948,,0.3333333333333333,0.5555555555555556,0,1,-7.5646,0.1404963881,6.9054732323,,0.1333333333333333,0.2222222222222222,0.0,1,-7.99616,0.1384784728,6.0632534027,,0.2666666666666666,0.3333333333333333,0,1,-8.0779,0.1382414252,5.8615131378,,0.3333333333333333,0.4444444444444444,0.0,1,-8.03645,0.132683441,5.9701218605,,0.2666666666666666,0.3333333333333333,0.0,1,-8.71803,0.1259223372,5.9014053345,,0.1333333333333333,0.2222222222222222,0.0,1,-8.27241,0.1219667494,6.4015812874,,0.1333333333333333,0.2222222222222222,0,1,-7.83285,0.1193274856,5.5384287834,,0.2,0.2222222222222222,0.0,1,10
ZINC000061997233,-8.02664,0.6969772577,7.0811114311,,0.4666666666666667,0.5555555555555556,0,1,-8.0767,0.6805850863,6.9406681061,,0.2666666666666666,0.5555555555555556,0.0,1,-7.73704,0.5976991057,6.8528957367,,0.3333333333333333,0.3333333333333333,0,1,-7.97079,0.5699067116,6.6809067726,,0.3333333333333333,0.4444444444444444,0.0,1,-7.34637,0.5694177747,6.9792504311,,0.3333333333333333,0.4444444444444444,0,1,-7.91969,0.4498194158,6.588789463,,0.2666666666666666,0.5555555555555556,0.0,1,-7.46492,0.4283835292,6.7217774391,,0.3333333333333333,0.6666666666666666,0.0,1,-7.19167,0.4196643233,6.7827892303,,0.2,0.3333333333333333,0.0,1,-7.42359,0.4169573784,6.6075210571,,0.4666666666666667,0.8888888888888888,0,1,-8.86058,0.3781529963,6.6854338646,,0.4,0.5555555555555556,0.0,1,10
ZINC000065210945,-8.44176,0.4313906729,7.0732250214,,0.4666666666666667,0.6666666666666666,0,1,-7.8757,0.3411172032,6.9190349579,,0.3333333333333333,0.4444444444444444,0.0,1,-6.72553,0.3110657334,6.7964129448,,0.5333333333333333,0.6666666666666666,0,1,-8.00554,0.2870058119,6.3569607735,,0.4,0.5555555555555556,0.0,1,-6.94202,0.25565207,5.7350716591,,0.1333333333333333,0.2222222222222222,0,1,-6.9495,0.2284601033,6.3459830284,,0.3333333333333333,0.4444444444444444,0.0,1,-7.50874,0.2280199826,6.3309173584,,0.4,0.5555555555555556,0.0,1,-6.77264,0.2105354667,5.6092886925,,0.0666666666666666,0.1111111111111111,0.0,1,-7.37634,0.2010817528,5.9511227608,,0.3333333333333333,0.4444444444444444,0,1,-7.38239,0.2007781267,6.1378922462,,0.4,0.5555555555555556,0.0,1,10
ZINC000065403368,-8.41288,0.3425583541,5.7406001091,,0.2,0.3333333333333333,0,1,-7.85975,0.3136875629,6.0175628662,,0.2,0.3333333333333333,0.0,1,-6.40319,0.2560745776,6.0391888618,,0.6,0.6666666666666666,0,1,-6.13753,0.2431458682,4.3349499702,,0.2,0.2222222222222222,0.0,1,-7.72457,0.2368386537,4.86546278,,0.1333333333333333,0.2222222222222222,0,1,-7.89397,0.2350171655,5.0864582062,,0.2,0.3333333333333333,0.0,1,-7.11432,0.2281734943,4.8574910164,,0.2666666666666666,0.3333333333333333,0.0,1,-6.8877,0.2123803794,4.7469244003,,0.2666666666666666,0.4444444444444444,0.0,1,-6.20288,0.2113183588,4.9771761894,,0.1333333333333333,0.1111111111111111,0,1,-7.13534,0.2098341584,5.7303409576,,0.2,0.2222222222222222,0.0,1,10
ZINC000065460443,-5.72545,0.3609647155,4.1174659729,,0.0,0.1111111111111111,0,1,-5.91483,0.3387298584,5.6167559624,,0.3333333333333333,0.4444444444444444,0.0,1,-5.96804,0.3182410002,4.02125597,,0.0,0.1111111111111111,0,1,-6.48564,0.2482594252,4.5176992416,,0.2,0.2222222222222222,0.0,1,-6.37582,0.2456319481,4.5070786476,,0.1333333333333333,0.2222222222222222,0,1,-6.22935,0.2257455438,5.6141891479,,0.0666666666666666,0.1111111111111111,0.0,1,-6.62997,0.1973892301,4.6120839119,,0.1333333333333333,0.2222222222222222,0.0,1,-5.64658,0.1971452087,4.1948018074,,0.2666666666666666,0.3333333333333333,0.0,1,-6.63504,0.1954215467,4.5146594048,,0.0,0.1111111111111111,0,1,-6.14647,0.1871741861,4.113255024,,0.2,0.2222222222222222,0.0,1,10
ZINC000065508301,-7.25994,0.4573230445,5.9988765717,,0.3333333333333333,0.3333333333333333,0,1,-7.24048,0.4564959407,6.0007419586,,0.3333333333333333,0.3333333333333333,0.0,1,-7.14807,0.2912406325,5.3125452995,,0.3333333333333333,0.3333333333333333,0,1,-6.4998,0.2745741904,4.438398838,,0.0666666666666666,0.1111111111111111,0.0,1,-6.40138,0.2707879841,4.4440059662,,0.0,0.1111111111111111,0,1,-6.77958,0.2679732442,5.046295166,,0.3333333333333333,0.3333333333333333,0.0,1,-6.47359,0.265532583,4.4516015053,,0.0,0.1111111111111111,0.0,1,-6.19311,0.2640968859,5.3600583076,,0.2666666666666666,0.3333333333333333,0.0,1,-6.46107,0.2615877688,4.4442391396,,0.0666666666666666,0.1111111111111111,0,1,-5.90573,0.2487635016,4.3603215218,,0.0,0.1111111111111111,0.0,1,10
ZINC000066073769,-8.571,0.7543659806,8.061419487,,0.4666666666666667,0.5555555555555556,0,1,-7.37278,0.5896010995,7.4867281914,,0.4666666666666667,0.6666666666666666,0.0,1,-8.24526,0.5092506409,7.6343989372,,0.4666666666666667,0.5555555555555556,0,1,-8.55795,0.5076091886,7.6883263588,,0.4,0.5555555555555556,0.0,1,-8.2943,0.3833083212,7.4785480499,,0.4,0.6666666666666666,0,1,-8.2887,0.3660211563,7.426214695,,0.3333333333333333,0.4444444444444444,0.0,1,-7.21465,0.2848418653,6.469745636,,0.2,0.3333333333333333,0.0,1,-8.64083,0.2778361142,7.2130084038,,0.5333333333333333,0.6666666666666666,0.0,1,-8.4091,0.255238831,7.2682261467,,0.4,0.5555555555555556,0,1,-7.14438,0.2520918846,7.4252295494,,0.4666666666666667,0.5555555555555556,0.0,1,10
ZINC000066077081,-7.27257,0.2192585468,6.0092959404,,0.1333333333333333,0.3333333333333333,0,1,-8.15443,0.1811088771,6.2205653191,,0.2,0.3333333333333333,0.0,1,-6.50495,0.177375868,5.8465919495,,0.1333333333333333,0.2222222222222222,0,1,-7.21164,0.1679908037,5.0345301628,,0.0666666666666666,0.1111111111111111,0.0,1,-6.81481,0.1524989456,5.0396695137,,0.0,0.1111111111111111,0,1,-6.91391,0.1411542743,5.2877187729,,0.2,0.2222222222222222,0.0,1,-7.0233,0.1288435757,5.7903161049,,0.1333333333333333,0.2222222222222222,0.0,1,-7.56493,0.1286185086,5.5405521393,,0.1333333333333333,0.2222222222222222,0.0,1,-6.85564,0.1268845797,4.8794121742,,0.2,0.3333333333333333,0,1,-7.25138,0.1224874631,5.0222792625,,0.2666666666666666,0.4444444444444444,0.0,1,10
ZINC000066128480,-9.52297,0.5420062542,6.8978862762,,0.3333333333333333,0.4444444444444444,0,1,-9.28934,0.5303238034,7.1129951477,,0.3333333333333333,0.4444444444444444,0.0,1,-9.39238,0.5039433241,6.9688792229,,0.3333333333333333,0.4444444444444444,0,1,-8.72512,0.4117575586,6.8576207161,,0.2,0.2222222222222222,0.0,1,-9.13232,0.3609402478,6.807226181,,0.4,0.5555555555555556,0,1,-8.89583,0.3474304974,6.8277835846,,0.4,0.5555555555555556,0.0,1,-7.51895,0.3187932968,6.7010521889,,0.1333333333333333,0.2222222222222222,0.0,1,-8.17296,0.31195122,6.6830000877,,0.3333333333333333,0.5555555555555556,0.0,1,-8.34626,0.3045479357,6.2459597588,,0.2,0.4444444444444444,0,1,-8.49632,0.3040929735,6.5883584023,,0.3333333333333333,0.5555555555555556,0.0,1,10
ZINC000066259511,-8.63527,0.2988354564,6.9203834534,,0.2666666666666666,0.3333333333333333,0,1,-8.39219,0.273388654,6.8631062508,,0.0666666666666666,0.2222222222222222,0.0,1,-9.3328,0.2555495799,6.7708587646,,0.2666666666666666,0.3333333333333333,0,1,-8.62415,0.2391835302,6.5785574913,,0.1333333333333333,0.2222222222222222,0.0,1,-7.75116,0.2148695886,6.491897583,,0.0666666666666666,0.2222222222222222,0,1,-9.06276,0.2053082734,6.361972332,,0.0666666666666666,0.2222222222222222,0.0,1,-7.72068,0.1932976842,6.2595424652,,0.0666666666666666,0.1111111111111111,0.0,1,-7.71295,0.1867756546,6.0835285187,,0.0666666666666666,0.2222222222222222,0.0,1,-7.95863,0.1813626438,5.7755646706,,0.2,0.2222222222222222,0,1,-8.0656,0.1646206677,6.2074046135,,0.1333333333333333,0.3333333333333333,0.0,1,10
ZINC000066568210,-8.39539,0.7159366608,6.8147730827,,0.2666666666666666,0.4444444444444444,0,1,-7.99039,0.6175978184,6.7346053123,,0.4,0.6666666666666666,0.0,1,-7.67113,0.439779669,6.4577775002,,0.4,0.6666666666666666,0,1,-7.34665,0.4075421989,6.0151576996,,0.3333333333333333,0.5555555555555556,0.0,1,-7.43404,0.4046168327,6.4997291565,,0.0666666666666666,0.1111111111111111,0,1,-7.33927,0.3562566638,5.9598908424,,0.2,0.3333333333333333,0.0,1,-7.55158,0.3546875417,6.6635756493,,0.3333333333333333,0.5555555555555556,0.0,1,-6.35033,0.3468028307,5.6834464073,,0.3333333333333333,0.5555555555555556,0.0,1,-7.38711,0.3053054512,6.4378399849,,0.3333333333333333,0.5555555555555556,0,1,-7.34073,0.2710871398,6.7032623291,,0.2,0.3333333333333333,0.0,1,10
ZINC000067870864,-7.12553,0.4197236598,6.3248715401,,0.2,0.3333333333333333,0,1,-6.25141,0.4028013349,5.8206944466,,0.1333333333333333,0.2222222222222222,0.0,1,-7.56329,0.4024802148,6.3770179749,,0.2,0.3333333333333333,0,1,-7.44497,0.3790816963,6.288175106,,0.2666666666666666,0.4444444444444444,0.0,1,-6.81154,0.353934586,5.5999054909,,0.3333333333333333,0.5555555555555556,0,1,-7.41026,0.3452763855,6.1827640533,,0.4,0.5555555555555556,0.0,1,-6.62561,0.2753553987,5.7436814308,,0.1333333333333333,0.3333333333333333,0.0,1,-7.32742,0.2706212699,5.6081976891,,0.1333333333333333,0.2222222222222222,0.0,1,-7.0966,0.2632819116,5.3782744408,,0.3333333333333333,0.4444444444444444,0,1,-6.45704,0.2419665158,5.5074410439,,0.1333333333333333,0.2222222222222222,0.0,1,10
ZINC000067870884,-6.71312,0.8648920655,6.8494620323,,0.2666666666666666,0.5555555555555556,0,1,-6.55433,0.4149766862,6.4318833351,,0.3333333333333333,0.4444444444444444,0.0,1,-6.90058,0.365594089,6.3009495735,,0.1333333333333333,0.3333333333333333,0,1,-6.61653,0.3399195671,6.3211517334,,0.2666666666666666,0.4444444444444444,0.0,1,-6.345,0.3291074038,5.8934521675,,0.2,0.3333333333333333,0,1,-6.48256,0.3186968863,5.7820644379,,0.2666666666666666,0.4444444444444444,0.0,1,-6.32112,0.3111229539,6.1151657104,,0.4,0.6666666666666666,0.0,1,-7.00151,0.3092153072,6.2296347618,,0.1333333333333333,0.2222222222222222,0.0,1,-5.93956,0.2798783779,5.8320374489,,0.1333333333333333,0.2222222222222222,0,1,-6.43348,0.2763923407,5.6075348854,,0.2,0.3333333333333333,0.0,1,10
ZINC000068080569,-5.32059,0.379403919,5.2569556236,,0.1333333333333333,0.2222222222222222,0,1,-7.32549,0.3473041356,5.7069664001,,0.2,0.3333333333333333,0.0,1,-5.77028,0.2949835062,6.0367259979,,0.2,0.3333333333333333,0,1,-6.004,0.2857082784,5.6080737114,,0.0666666666666666,0.1111111111111111,0.0,1,-7.31773,0.2753188312,5.9050636292,,0.1333333333333333,0.2222222222222222,0,1,-7.02593,0.2547417283,6.025249958,,0.1333333333333333,0.2222222222222222,0.0,1,-6.87177,0.2259961218,6.0025143623,,0.2,0.2222222222222222,0.0,1,-6.32658,0.2240110487,5.6512699127,,0.2666666666666666,0.4444444444444444,0.0,1,-5.55852,0.2195013165,4.8608789444,,0.1333333333333333,0.2222222222222222,0,1,-6.56297,0.2123986185,5.4880404472,,0.0666666666666666,0.1111111111111111,0.0,1,10
ZINC000069370624,-6.98692,0.3735950887,6.3141875267,,0.4,0.6666666666666666,0,1,-6.94663,0.3453985751,6.254216671,,0.4,0.6666666666666666,0.0,1,-6.12642,0.3318514526,4.5176696777,,0.1333333333333333,0.2222222222222222,0,1,-6.85081,0.2989712954,5.9205799103,,0.3333333333333333,0.5555555555555556,0.0,1,-6.34152,0.2437892854,5.8360404968,,0.0666666666666666,0.1111111111111111,0,1,-5.86544,0.2223577946,5.583574295,,0.4,0.6666666666666666,0.0,1,-5.69881,0.212501362,4.272793293,,0.1333333333333333,0.3333333333333333,0.0,1,-6.7238,0.2096399069,5.793607235,,0.3333333333333333,0.5555555555555556,0.0,1,-6.78073,0.2087162733,4.8247723579,,0.0666666666666666,0.1111111111111111,0,1,-5.60694,0.2081818581,5.0295996666,,0.1333333333333333,0.1111111111111111,0.0,1,10
ZINC000069442916,-8.19704,0.6552857757,6.8229775429,,0.2,0.3333333333333333,0,1,-7.55157,0.3936622441,6.2848033905,,0.2,0.3333333333333333,0.0,1,-7.44702,0.3029955626,6.2207069397,,0.1333333333333333,0.2222222222222222,0,1,-5.61301,0.2236898541,5.182946682,,0.0666666666666666,0.1111111111111111,0.0,1,-6.10417,0.2198504657,4.7006669044,,0.1333333333333333,0.2222222222222222,0,1,-5.55406,0.2124040723,4.4521975517,,0.1333333333333333,0.2222222222222222,0.0,1,-6.56568,0.1991400421,4.8175320625,,0.1333333333333333,0.2222222222222222,0.0,1,-5.76997,0.1959165484,4.5690426826,,0.1333333333333333,0.2222222222222222,0.0,1,-5.79009,0.1946019232,4.3585133553,,0.0666666666666666,0.1111111111111111,0,1,-6.08272,0.1822250485,4.7560939789,,0.1333333333333333,0.2222222222222222,0.0,1,10
ZINC000069820311,-6.76867,0.8118321896,6.3255019188,,0.2,0.2222222222222222,0,1,-6.85003,0.5544002056,6.309835434,,0.2,0.2222222222222222,0.0,1,-7.0666,0.5003644824,6.3327832222,,0.2,0.2222222222222222,0,1,-6.31645,0.4466225207,6.0034966469,,0.0666666666666666,0.1111111111111111,0.0,1,-6.02988,0.3554394245,6.1145625114,,0.2,0.3333333333333333,0,1,-6.17612,0.3260648847,5.6681594849,,0.2,0.3333333333333333,0.0,1,-5.44972,0.3174960315,4.7471241951,,0.3333333333333333,0.5555555555555556,0.0,1,-5.75231,0.3048225641,5.9168567657,,0.2666666666666666,0.4444444444444444,0.0,1,-5.57071,0.2909352779,4.432115078,,0.2666666666666666,0.4444444444444444,0,1,-6.69448,0.2693814933,4.4663600922,,0.2,0.3333333333333333,0.0,1,10
ZINC000071317885,-6.58302,0.1747544855,6.1787991524,,0.0,0.1111111111111111,0,1,-7.8116,0.1116259694,6.2359042168,,0.3333333333333333,0.4444444444444444,0.0,1,-7.4762,0.1035587192,5.3079895973,,0.2666666666666666,0.4444444444444444,0,1,-7.67468,0.0983464718,5.141890049,,0.4,0.5555555555555556,0.0,1,-6.85549,0.0979849994,4.9293174744,,0.0666666666666666,0.1111111111111111,0,1,-9.24169,0.0930280387,5.151825428,,0.2666666666666666,0.2222222222222222,0.0,1,-6.83091,0.0731274933,5.2071194649,,0.1333333333333333,0.2222222222222222,0.0,1,-7.3353,0.07107272,5.8781504631,,0.2,0.3333333333333333,0.0,1,-8.17021,0.0706202164,6.2476363182,,0.3333333333333333,0.5555555555555556,0,1,-6.99536,0.0699272603,4.7799553871,,0.2,0.3333333333333333,0.0,1,10
ZINC000071416216,-7.06343,0.4433792531,6.2385344505,,0.2,0.2222222222222222,0,1,-6.85478,0.3954262137,5.7374005318,,0.0,0.0,0.0,1,-7.85213,0.3906489015,6.2490611076,,0.0666666666666666,0.1111111111111111,0,1,-7.41688,0.2466534674,6.2727808952,,0.2,0.1111111111111111,0.0,1,-7.32724,0.2234152555,5.2786750793,,0.1333333333333333,0.2222222222222222,0,1,-6.99125,0.2196810693,6.0624928474,,0.1333333333333333,0.2222222222222222,0.0,1,-5.45984,0.2027458847,4.7978515625,,0.0,0.0,0.0,1,-6.97259,0.2021377534,5.0689868927,,0.1333333333333333,0.2222222222222222,0.0,1,-6.51818,0.2017334998,5.5658717155,,0.2,0.1111111111111111,0,1,-7.5623,0.1894799471,5.2914876938,,0.0666666666666666,0.1111111111111111,0.0,1,10
ZINC000071747160,-6.90678,0.2480682433,5.4623718262,,0.2,0.3333333333333333,0,1,-6.94667,0.2377611846,4.9602818489,,0.0,0.1111111111111111,0.0,1,-7.16967,0.2266943604,4.7810258865,,0.0666666666666666,0.1111111111111111,0,1,-7.15051,0.2106341273,5.0421061516,,0.1333333333333333,0.2222222222222222,0.0,1,-7.01505,0.198168993,5.3483085632,,0.1333333333333333,0.2222222222222222,0,1,-7.28735,0.1766072363,5.3637833595,,0.1333333333333333,0.2222222222222222,0.0,1,-7.00103,0.1743668169,5.4699707031,,0.2666666666666666,0.3333333333333333,0.0,1,-7.5016,0.1650979966,5.9434762001,,0.1333333333333333,0.2222222222222222,0.0,1,-7.09118,0.1627263427,5.771320343,,0.3333333333333333,0.4444444444444444,0,1,-6.96661,0.1590200216,4.50978899,,0.0666666666666666,0.1111111111111111,0.0,1,10
ZINC000071754399,-8.15532,0.330247879,5.9012093544,,0.3333333333333333,0.4444444444444444,0,1,-7.5779,0.2819371521,5.1512813568,,0.0,0.0,0.0,1,-7.17265,0.2477599084,5.9563441277,,0.4,0.4444444444444444,0,1,-7.00702,0.2445266098,5.5357413292,,0.4,0.4444444444444444,0.0,1,-7.08858,0.2308065444,5.7265496254,,0.5333333333333333,0.6666666666666666,0,1,-7.54496,0.2275487781,5.8716487885,,0.2,0.3333333333333333,0.0,1,-7.47635,0.1945887506,4.9577541351,,0.2,0.2222222222222222,0.0,1,-7.0538,0.1916100532,5.8150019646,,0.4,0.4444444444444444,0.0,1,-8.21345,0.189250499,5.8325295448,,0.3333333333333333,0.4444444444444444,0,1,-7.46789,0.1865389496,5.8583750725,,0.1333333333333333,0.2222222222222222,0.0,1,10
ZINC000071773625,-6.29484,0.6191046834,4.7456741333,,0.0666666666666666,0.1111111111111111,0,1,-7.6651,0.5829560757,5.9969573021,,0.1333333333333333,0.2222222222222222,0.0,1,-6.66438,0.5825867057,5.090236187,,0.0666666666666666,0.1111111111111111,0,1,-7.73478,0.4411625266,5.9128022194,,0.2,0.3333333333333333,0.0,1,-7.71275,0.3656612933,5.7237668037,,0.1333333333333333,0.2222222222222222,0,1,-7.69127,0.347864598,5.7061729431,,0.1333333333333333,0.2222222222222222,0.0,1,-7.32653,0.3444497585,6.3756108284,,0.6666666666666666,0.8888888888888888,0.0,1,-7.22046,0.3438357115,6.0035157204,,0.2,0.3333333333333333,0.0,1,-6.31,0.3235661685,5.654779911,,0.0666666666666666,0.1111111111111111,0,1,-6.47919,0.3197037578,5.7958016396,,0.2666666666666666,0.3333333333333333,0.0,1,10
ZINC000071877131,-7.07024,0.7535482049,6.5065922737,,0.2,0.3333333333333333,0,1,-6.93076,0.7202201486,6.8103785515,,0.4666666666666667,0.6666666666666666,0.0,1,-6.83434,0.6239639521,6.7144818306,,0.5333333333333333,0.7777777777777778,0,1,-7.0345,0.5126440525,6.5990219116,,0.2,0.3333333333333333,0.0,1,-6.7544,0.4830581248,6.1372661591,,0.4,0.5555555555555556,0,1,-7.32201,0.4713526964,6.4046206474,,0.2666666666666666,0.4444444444444444,0.0,1,-6.35395,0.4061258435,3.9770717621,,0.0666666666666666,0.2222222222222222,0.0,1,-5.94929,0.3500750661,4.2594008446,,0.0666666666666666,0.1111111111111111,0.0,1,-6.13284,0.3015803695,3.5019853115,,0.0,0.1111111111111111,0,1,-6.54283,0.2914596796,5.9109978676,,0.5333333333333333,0.7777777777777778,0.0,1,10
ZINC000072139923,-8.13244,0.6382502317,6.7418627739,,0.3333333333333333,0.4444444444444444,0,1,-8.16189,0.5563915968,6.5490760803,,0.3333333333333333,0.4444444444444444,0.0,1,-8.36144,0.457364291,6.4375243187,,0.1333333333333333,0.2222222222222222,0,1,-8.2309,0.4395317733,6.4758038521,,0.1333333333333333,0.2222222222222222,0.0,1,-8.3068,0.4110271335,6.6904606819,,0.1333333333333333,0.2222222222222222,0,1,-8.44689,0.3929037154,6.5507512093,,0.1333333333333333,0.2222222222222222,0.0,1,-8.22259,0.3580735028,6.3516573906,,0.1333333333333333,0.2222222222222222,0.0,1,-6.9749,0.328252852,6.5716605186,,0.3333333333333333,0.3333333333333333,0.0,1,-6.77721,0.3140491843,6.1986484528,,0.1333333333333333,0.2222222222222222,0,1,-8.02162,0.2808656991,6.7508788109,,0.4,0.6666666666666666,0.0,1,10
ZINC000072156559,-5.84482,0.3999825716,6.4214758873,,0.4,0.6666666666666666,0,1,-5.86366,0.3339630663,5.1345038414,,0.1333333333333333,0.2222222222222222,0.0,1,-6.1531,0.3178133667,6.1176071167,,0.2,0.3333333333333333,0,1,-5.61332,0.2996365726,5.6249918938,,0.4,0.6666666666666666,0.0,1,-6.88917,0.2841744125,5.1650485992,,0.1333333333333333,0.2222222222222222,0,1,-5.7502,0.2763706446,5.1417541504,,0.1333333333333333,0.3333333333333333,0.0,1,-6.20763,0.2734612226,5.7014198303,,0.2666666666666666,0.4444444444444444,0.0,1,-6.64809,0.2668272257,5.0857367516,,0.3333333333333333,0.3333333333333333,0.0,1,-6.08397,0.2631605864,5.6482906342,,0.2,0.3333333333333333,0,1,-5.88662,0.2611475587,4.2867388725,,0.1333333333333333,0.2222222222222222,0.0,1,10
ZINC000072177819,-7.21514,0.4172717333,6.0122990608,,0.2,0.2222222222222222,0,1,-7.79491,0.3539072275,6.2951416969,,0.2,0.3333333333333333,0.0,1,-8.37494,0.3503160477,6.3480315208,,0.1333333333333333,0.2222222222222222,0,1,-6.88313,0.2656194568,5.6971411705,,0.2,0.2222222222222222,0.0,1,-9.28086,0.224372074,6.4063620567,,0.2666666666666666,0.4444444444444444,0,1,-8.13608,0.2153752595,5.8494038582,,0.0666666666666666,0.1111111111111111,0.0,1,-9.32529,0.1964517236,6.1775536537,,0.0666666666666666,0.2222222222222222,0.0,1,-7.2638,0.1955436468,5.6690831184,,0.2666666666666666,0.3333333333333333,0.0,1,-7.97426,0.1875822246,5.5772833824,,0.0666666666666666,0.1111111111111111,0,1,-7.59135,0.1834396124,5.7443656921,,0.1333333333333333,0.2222222222222222,0.0,1,10
ZINC000072179783,-8.7069,0.5884780288,7.4526581764,,0.2,0.3333333333333333,0,1,-9.52576,0.4996652603,7.2055244446,,0.4666666666666667,0.6666666666666666,0.0,1,-9.33903,0.4066869617,6.9627051353,,0.2,0.2222222222222222,0,1,-8.11033,0.3728961647,6.895670414,,0.4,0.5555555555555556,0.0,1,-8.37962,0.3565978706,6.9141526222,,0.2666666666666666,0.3333333333333333,0,1,-8.50398,0.3351847827,6.869946003,,0.2,0.2222222222222222,0.0,1,-9.33581,0.2514754236,6.8298211098,,0.2666666666666666,0.4444444444444444,0.0,1,-8.32683,0.2454527318,6.5787930489,,0.2,0.2222222222222222,0.0,1,-9.33711,0.2363544852,6.2770380974,,0.1333333333333333,0.2222222222222222,0,1,-9.35578,0.2294105887,6.167620182,,0.4666666666666667,0.5555555555555556,0.0,1,10
ZINC000072181362,-7.26308,0.232352823,5.7867913246,,0.2,0.3333333333333333,0,1,-8.00276,0.2272493243,6.6462759972,,0.2,0.4444444444444444,0.0,1,-8.08719,0.1434566677,6.1871948242,,0.1333333333333333,0.2222222222222222,0,1,-7.08912,0.0795499757,4.2742228508,,0.0666666666666666,0.2222222222222222,0.0,1,-7.75693,0.0633484796,5.3952584267,,0.1333333333333333,0.2222222222222222,0,1,-7.65303,0.0603763536,4.8696818352,,0.4,0.4444444444444444,0.0,1,-7.66815,0.0536884554,4.4644393921,,0.0666666666666666,0.2222222222222222,0.0,1,-7.58711,0.0494823679,4.9502468109,,0.2,0.2222222222222222,0.0,1,-7.69519,0.0487557091,3.965225935,,0.2666666666666666,0.3333333333333333,0,1,-8.03176,0.0468754619,5.066136837,,0.2,0.2222222222222222,0.0,1,10
ZINC000072296497,-8.45726,0.52957201,7.0538048744,,0.3333333333333333,0.4444444444444444,0,1,-6.3539,0.4609502554,5.976995945,,0.2666666666666666,0.3333333333333333,0.0,1,-7.99473,0.4574705362,7.1758518219,,0.4666666666666667,0.5555555555555556,0,1,-8.20856,0.455444783,7.0039792061,,0.4,0.5555555555555556,0.0,1,-6.37218,0.2298229486,6.0615620613,,0.3333333333333333,0.4444444444444444,0,1,-6.89729,0.1972722709,4.8195095062,,0.0666666666666666,0.2222222222222222,0.0,1,-5.8968,0.1847057492,4.2678418159,,0.0666666666666666,0.2222222222222222,0.0,1,-6.50268,0.1816430986,5.0528893471,,0.0,0.1111111111111111,0.0,1,-6.00189,0.1796913296,4.2694168091,,0.0,0.1111111111111111,0,1,-6.72509,0.1727420837,4.8582215309,,0.0666666666666666,0.2222222222222222,0.0,1,10
ZINC000072310861,-8.76723,0.8948093057,7.2652263641,,0.3333333333333333,0.4444444444444444,0,1,-8.06489,0.5241408348,6.702791214,,0.4666666666666667,0.5555555555555556,0.0,1,-7.50992,0.4339686036,6.4447021484,,0.4,0.4444444444444444,0,1,-8.8014,0.4051533937,6.4933648109,,0.2,0.4444444444444444,0.0,1,-7.09274,0.3122302592,6.4205265045,,0.4,0.5555555555555556,0,1,-8.73494,0.2688149512,6.0637302399,,0.2,0.4444444444444444,0.0,1,-6.99374,0.2591187656,6.2069802284,,0.2,0.2222222222222222,0.0,1,-8.7882,0.2466100305,5.9023227692,,0.3333333333333333,0.5555555555555556,0.0,1,-7.04638,0.2398427129,5.0838904381,,0.1333333333333333,0.2222222222222222,0,1,-7.07045,0.2392078787,4.8455562592,,0.0666666666666666,0.2222222222222222,0.0,1,10
ZINC000072372382,-7.61509,0.7833743691,6.9342522621,,0.3333333333333333,0.4444444444444444,0,1,-7.41875,0.6469303966,6.8893184662,,0.4666666666666667,0.6666666666666666,0.0,1,-7.94432,0.5794417262,7.1026701927,,0.2666666666666666,0.4444444444444444,0,1,-7.55121,0.4981217086,6.7218494415,,0.6,0.6666666666666666,0.0,1,-7.12867,0.3759414852,6.3755879402,,0.2,0.2222222222222222,0,1,-7.02365,0.3449845612,6.4567742348,,0.5333333333333333,0.6666666666666666,0.0,1,-6.15087,0.2947486341,6.8810200691,,0.2666666666666666,0.4444444444444444,0.0,1,-6.71229,0.2809669077,6.2996177673,,0.4,0.5555555555555556,0.0,1,-7.86189,0.2434472442,6.5781593323,,0.3333333333333333,0.5555555555555556,0,1,-6.50288,0.2362512648,5.9174008369,,0.0666666666666666,0.1111111111111111,0.0,1,10
ZINC000072474304,-5.99021,0.3239437342,5.2841134071,,0.0666666666666666,0.1111111111111111,0,1,-6.35489,0.2591808438,4.752020359,,0.0666666666666666,0.1111111111111111,0.0,1,-6.1196,0.2413748503,4.8434624672,,0.1333333333333333,0.2222222222222222,0,1,-5.83754,0.2376813591,5.7412047386,,0.1333333333333333,0.2222222222222222,0.0,1,-5.88009,0.2298169881,4.9731025696,,0.0,0.0,0,1,-7.49908,0.2218813151,5.8861269951,,0.1333333333333333,0.2222222222222222,0.0,1,-6.53609,0.208677426,4.97138834,,0.1333333333333333,0.2222222222222222,0.0,1,-6.6038,0.206613943,5.1176915169,,0.0666666666666666,0.1111111111111111,0.0,1,-6.98265,0.2049964666,5.398496151,,0.2,0.3333333333333333,0,1,-6.59837,0.1974607408,4.8142662048,,0.1333333333333333,0.2222222222222222,0.0,1,10
ZINC000072825795,-5.40514,0.3269461393,4.5680098534,,0.1333333333333333,0.2222222222222222,0,1,-6.86445,0.3118102849,5.7793793678,,0.1333333333333333,0.2222222222222222,0.0,1,-6.01212,0.2502057254,4.378057003,,0.1333333333333333,0.2222222222222222,0,1,-5.05125,0.2479939759,4.8407459259,,0.2,0.3333333333333333,0.0,1,-6.69858,0.2474192083,5.7722716331,,0.2666666666666666,0.4444444444444444,0,1,-5.18777,0.2290613502,4.5418205261,,0.0666666666666666,0.1111111111111111,0.0,1,-5.31966,0.2247891277,4.5886383057,,0.0666666666666666,0.1111111111111111,0.0,1,-5.22723,0.215465799,5.0781035423,,0.2,0.3333333333333333,0.0,1,-6.63943,0.2094044536,5.0749974251,,0.0666666666666666,0.1111111111111111,0,1,-5.61733,0.1955441982,4.4209361076,,0.0666666666666666,0.1111111111111111,0.0,1,10
ZINC000073223150,-9.27728,0.3808861673,7.1906151772,,0.2666666666666666,0.3333333333333333,0,1,-6.86384,0.1804444045,5.8539099693,,0.2666666666666666,0.3333333333333333,0.0,1,-6.46397,0.1753347218,6.0916862488,,0.2,0.3333333333333333,0,1,-6.62517,0.1558853984,5.3889756203,,0.0666666666666666,0.2222222222222222,0.0,1,-6.43331,0.1394996047,5.3327393532,,0.2,0.3333333333333333,0,1,-7.26274,0.1347917765,5.6779847145,,0.2,0.2222222222222222,0.0,1,-8.05939,0.1257734299,5.8476543427,,0.2666666666666666,0.3333333333333333,0.0,1,-7.03003,0.1100181863,6.3966269493,,0.4,0.5555555555555556,0.0,1,-7.05935,0.1025470942,6.2268357277,,0.4,0.6666666666666666,0,1,-8.82436,0.1005797014,6.0612106323,,0.2666666666666666,0.4444444444444444,0.0,1,10
ZINC000073639798,-6.55108,0.6763430834,6.5741653442,,0.4,0.4444444444444444,0,1,-7.05481,0.633739531,6.5078444481,,0.2666666666666666,0.4444444444444444,0.0,1,-7.06581,0.480369091,5.9884924889,,0.3333333333333333,0.4444444444444444,0,1,-7.13537,0.4446240067,6.2670416832,,0.3333333333333333,0.3333333333333333,0.0,1,-6.84831,0.363753736,5.4633030891,,0.2,0.3333333333333333,0,1,-6.15202,0.338889122,5.9927964211,,0.3333333333333333,0.4444444444444444,0.0,1,-6.5774,0.3375942409,5.9983382225,,0.2,0.3333333333333333,0.0,1,-6.38048,0.3156256378,6.0728321075,,0.2666666666666666,0.4444444444444444,0.0,1,-6.41232,0.2795238495,5.9533023834,,0.3333333333333333,0.5555555555555556,0,1,-7.10576,0.2674876451,6.0145840645,,0.3333333333333333,0.4444444444444444,0.0,1,10
ZINC000074677964,-5.08355,0.2439846545,4.6442804337,,0.0666666666666666,0.1111111111111111,0,1,-5.13655,0.2303117216,4.5569319725,,0.2,0.3333333333333333,0.0,1,-6.37302,0.1999135315,5.1211237907,,0.2,0.3333333333333333,0,1,-5.33511,0.1948479563,4.5471172333,,0.1333333333333333,0.2222222222222222,0.0,1,-5.44204,0.1865819693,4.5792479515,,0.0666666666666666,0.2222222222222222,0,1,-6.07224,0.1783754379,4.4863600731,,0.2,0.3333333333333333,0.0,1,-5.51668,0.1733601242,4.7295126915,,0.1333333333333333,0.2222222222222222,0.0,1,-5.62014,0.1661514342,4.7458376884,,0.2,0.3333333333333333,0.0,1,-5.44944,0.1654302478,4.2197766304,,0.0666666666666666,0.1111111111111111,0,1,-5.95993,0.1634982526,4.3312001228,,0.2,0.4444444444444444,0.0,1,10
ZINC000075645035,-7.6743,0.8333807588,6.1405091286,,0.4,0.5555555555555556,0,1,-7.64112,0.7580100894,5.9115982056,,0.3333333333333333,0.5555555555555556,0.0,1,-6.97126,0.6568364501,5.700688839,,0.2,0.4444444444444444,0,1,-6.95195,0.5199907422,5.5548911095,,0.2,0.3333333333333333,0.0,1,-6.41406,0.4455039501,5.947259903,,0.2666666666666666,0.4444444444444444,0,1,-7.15989,0.345218122,5.6808853149,,0.0666666666666666,0.1111111111111111,0.0,1,-6.07461,0.3442630768,5.1882586479,,0.2666666666666666,0.4444444444444444,0.0,1,-5.63005,0.3251102865,5.2909255028,,0.2,0.3333333333333333,0.0,1,-5.81363,0.3185361922,5.4181647301,,0.2,0.3333333333333333,0,1,-6.2053,0.3145326674,5.1484007835,,0.6,0.6666666666666666,0.0,1,10
ZINC000077408144,-8.72842,0.8881976604,6.8496947289,,0.4,0.6666666666666666,0,1,-7.69131,0.7589408755,6.3896164894,,0.2,0.3333333333333333,0.0,1,-8.66908,0.6648783088,5.9382205009,,0.2666666666666666,0.4444444444444444,0,1,-8.2366,0.6386740804,5.9910144806,,0.2,0.4444444444444444,0.0,1,-7.55782,0.5672823191,6.8127408028,,0.3333333333333333,0.4444444444444444,0,1,-6.81308,0.5047144294,5.6417994499,,0.3333333333333333,0.4444444444444444,0.0,1,-6.82224,0.4166475534,6.4303226471,,0.3333333333333333,0.5555555555555556,0.0,1,-7.23143,0.414776206,5.385869503,,0.3333333333333333,0.4444444444444444,0.0,1,-7.02472,0.3865193129,5.8725738525,,0.2666666666666666,0.4444444444444444,0,1,-8.25844,0.3779014051,5.623360157,,0.1333333333333333,0.3333333333333333,0.0,1,10
ZINC000082120495,-10.12787,0.372874409,6.5934062004,,0.4,0.6666666666666666,0,1,-8.3215,0.3060161769,6.2842793465,,0.2666666666666666,0.4444444444444444,0.0,1,-8.761,0.2665459812,6.1761879921,,0.2666666666666666,0.4444444444444444,0,1,-9.04858,0.2106793672,4.6683650017,,0.2666666666666666,0.4444444444444444,0.0,1,-7.59429,0.2087527215,6.0550065041,,0.2,0.3333333333333333,0,1,-8.06079,0.2059596181,6.2187728882,,0.4666666666666667,0.7777777777777778,0.0,1,-8.03561,0.1978861988,4.3281650543,,0.0,0.1111111111111111,0.0,1,-7.74662,0.1918789297,4.0150675774,,0.0,0.1111111111111111,0.0,1,-7.63884,0.1901824027,6.2810072899,,0.2666666666666666,0.3333333333333333,0,1,-8.28827,0.1820889711,5.9952178001,,0.2666666666666666,0.4444444444444444,0.0,1,10
ZINC000084596921,-9.38062,0.3195947111,7.3528113365,,0.3333333333333333,0.5555555555555556,0,1,-9.34092,0.3061428666,7.3582587242,,0.3333333333333333,0.5555555555555556,0.0,1,-7.82639,0.29441908,7.4761829376,,0.2666666666666666,0.4444444444444444,0,1,-7.6035,0.2380052507,5.6730151176,,0.2666666666666666,0.2222222222222222,0.0,1,-7.68091,0.2340986878,6.1661658287,,0.1333333333333333,0.2222222222222222,0,1,-7.7392,0.2142051905,6.0363965034,,0.1333333333333333,0.2222222222222222,0.0,1,-7.02787,0.2110204846,6.4148097038,,0.1333333333333333,0.2222222222222222,0.0,1,-8.75482,0.2094523609,7.0320830345,,0.2666666666666666,0.5555555555555556,0.0,1,-7.81049,0.204936251,6.4835591316,,0.2,0.2222222222222222,0,1,-9.14271,0.1800458282,7.0487942696,,0.2,0.3333333333333333,0.0,1,10
ZINC000084653458,-7.06725,0.257167697,6.1715826988,,0.4666666666666667,0.5555555555555556,0,1,-8.44769,0.2383566797,5.2143554688,,0.2666666666666666,0.3333333333333333,0.0,1,-7.35133,0.220507592,5.9793362617,,0.2,0.3333333333333333,0,1,-7.43501,0.2029768676,5.6736607552,,0.1333333333333333,0.2222222222222222,0.0,1,-7.84338,0.2009635419,6.2978796959,,0.2666666666666666,0.3333333333333333,0,1,-7.01091,0.1962817758,5.7526631355,,0.1333333333333333,0.2222222222222222,0.0,1,-6.7921,0.1863375157,4.8417649269,,0.0,0.1111111111111111,0.0,1,-7.0372,0.1847586483,5.6789112091,,0.2666666666666666,0.3333333333333333,0.0,1,-7.25356,0.1812463254,5.4487419128,,0.2666666666666666,0.3333333333333333,0,1,-7.9761,0.1762291789,5.6037349701,,0.1333333333333333,0.2222222222222222,0.0,1,10
ZINC000084655427,-7.60798,0.0758660287,5.1902709007,,0.0666666666666666,0.1111111111111111,0,1,-7.88285,0.0692051947,5.027610302,,0.0666666666666666,0.1111111111111111,0.0,1,-8.29527,0.0655122548,5.256210804,,0.0666666666666666,0.2222222222222222,0,1,-8.24748,0.0627524182,5.4821286201,,0.0666666666666666,0.1111111111111111,0.0,1,-7.58689,0.0589076206,5.9453969002,,0.3333333333333333,0.4444444444444444,0,1,-8.55688,0.0557014346,5.3856773376,,0.2666666666666666,0.3333333333333333,0.0,1,-8.45786,0.0551059358,5.1338763237,,0.0666666666666666,0.1111111111111111,0.0,1,-8.65274,0.0510625243,5.2786412239,,0.2666666666666666,0.3333333333333333,0.0,1,-7.35823,0.0401191786,4.8959350586,,0.0666666666666666,0.1111111111111111,0,1,-9.11271,0.039471902,6.0167732239,,0.2666666666666666,0.4444444444444444,0.0,1,10
ZINC000085877933,-8.43443,0.2945498526,6.9172005653,,0.4,0.6666666666666666,0,1,-7.48267,0.2924391329,7.0812211037,,0.4666666666666667,0.6666666666666666,0.0,1,-8.96059,0.2865060568,7.057498455,,0.4,0.5555555555555556,0,1,-9.32555,0.2758910656,7.0019116402,,0.3333333333333333,0.5555555555555556,0.0,1,-8.68088,0.2746664286,6.5617690086,,0.4,0.4444444444444444,0,1,-9.43541,0.2631425261,6.4753460884,,0.3333333333333333,0.5555555555555556,0.0,1,-8.83611,0.2622990012,6.8943505287,,0.4,0.5555555555555556,0.0,1,-8.73609,0.2594826818,6.9875206947,,0.2,0.3333333333333333,0.0,1,-7.90944,0.2505893707,5.8657035828,,0.2,0.2222222222222222,0,1,-8.08087,0.2153315544,6.815372467,,0.1333333333333333,0.2222222222222222,0.0,1,10
ZINC000090372875,-7.55619,0.8285971284,6.806974411,,0.4,0.6666666666666666,0,1,-7.02083,0.622181654,6.6526360512,,0.2,0.3333333333333333,0.0,1,-6.79488,0.5926268697,7.145591259,,0.4666666666666667,0.5555555555555556,0,1,-6.34423,0.5514006019,6.3516106606,,0.5333333333333333,0.6666666666666666,0.0,1,-7.23312,0.4727627337,6.4153461456,,0.2666666666666666,0.5555555555555556,0,1,-7.31493,0.4706538022,6.8179783821,,0.4,0.5555555555555556,0.0,1,-6.43906,0.4289726913,6.4288005829,,0.4666666666666667,0.5555555555555556,0.0,1,-6.57914,0.4287266135,6.8327689171,,0.3333333333333333,0.5555555555555556,0.0,1,-7.03458,0.383045882,6.6858139038,,0.3333333333333333,0.4444444444444444,0,1,-7.1429,0.3609747291,6.2838139534,,0.2666666666666666,0.4444444444444444,0.0,1,10
ZINC000095570176,-6.55298,0.2795696259,6.1597695351,,0.0666666666666666,0.1111111111111111,0,1,-6.89839,0.1780401319,4.8855762482,,0.2,0.3333333333333333,0.0,1,-6.52394,0.1695150286,5.0592608452,,0.0666666666666666,0.2222222222222222,0,1,-6.6243,0.1387504488,5.3691754341,,0.1333333333333333,0.1111111111111111,0.0,1,-6.84329,0.1108614355,6.1989479065,,0.2,0.3333333333333333,0,1,-7.25212,0.1088091731,4.3453707695,,0.0666666666666666,0.1111111111111111,0.0,1,-7.80378,0.100246802,5.2743010521,,0.2,0.2222222222222222,0.0,1,-7.95858,0.0977176055,5.3338356018,,0.1333333333333333,0.2222222222222222,0.0,1,-7.23782,0.0958148688,4.7012820244,,0.2666666666666666,0.3333333333333333,0,1,-8.1937,0.0929620713,5.7884793282,,0.2,0.3333333333333333,0.0,1,10
ZINC000095574675,-6.86627,0.2678891718,6.5373368263,,0.2666666666666666,0.3333333333333333,0,1,-6.67093,0.2426858097,5.8523507118,,0.1333333333333333,0.3333333333333333,0.0,1,-7.04978,0.2291355282,6.3678097725,,0.0666666666666666,0.1111111111111111,0,1,-7.91369,0.2124627382,5.9118423462,,0.1333333333333333,0.2222222222222222,0.0,1,-6.87916,0.211748749,6.1163697243,,0.2,0.2222222222222222,0,1,-6.49994,0.2072500288,6.2688808441,,0.2666666666666666,0.3333333333333333,0.0,1,-7.0101,0.2057967186,6.6502547264,,0.1333333333333333,0.2222222222222222,0.0,1,-6.56307,0.1766063869,5.8751196861,,0.1333333333333333,0.2222222222222222,0.0,1,-7.61836,0.1692976356,6.177590847,,0.1333333333333333,0.2222222222222222,0,1,-7.8978,0.1610962749,6.4148488045,,0.4666666666666667,0.7777777777777778,0.0,1,10
ZINC000095584058,-8.64461,0.7481330037,7.7212901115,,0.2666666666666666,0.3333333333333333,0,1,-8.47354,0.7147903442,7.7751693726,,0.2,0.3333333333333333,0.0,1,-10.5614,0.6761741042,7.6337227821,,0.2,0.3333333333333333,0,1,-10.18599,0.6060992479,7.6229896545,,0.3333333333333333,0.5555555555555556,0.0,1,-9.87548,0.4508969486,7.2713513374,,0.4,0.4444444444444444,0,1,-8.78821,0.2868646085,6.8516364098,,0.3333333333333333,0.6666666666666666,0.0,1,-10.96086,0.2508134544,6.9000453949,,0.2666666666666666,0.5555555555555556,0.0,1,-8.49425,0.2366930395,6.4678368568,,0.1333333333333333,0.2222222222222222,0.0,1,-8.6624,0.2285474241,6.7026972771,,0.4666666666666667,0.6666666666666666,0,1,-9.09475,0.1969870776,6.691722393,,0.2666666666666666,0.4444444444444444,0.0,1,10
ZINC000095605716,-7.08024,0.3601801395,5.3902840614,,0.0666666666666666,0.1111111111111111,0,1,-5.82655,0.3334886134,5.8486523628,,0.1333333333333333,0.1111111111111111,0.0,1,-5.75028,0.3118217587,5.7043681145,,0.0666666666666666,0.1111111111111111,0,1,-6.1171,0.2806765139,5.441631794,,0.0666666666666666,0.1111111111111111,0.0,1,-4.87137,0.2637845874,4.9477419853,,0.1333333333333333,0.2222222222222222,0,1,-7.59139,0.2605585158,6.1825790405,,0.4,0.4444444444444444,0.0,1,-5.54728,0.2357378304,4.8824315071,,0.2,0.3333333333333333,0.0,1,-7.14378,0.2142587453,6.0439667702,,0.0666666666666666,0.1111111111111111,0.0,1,-6.07451,0.2071628571,5.0277833939,,0.2666666666666666,0.3333333333333333,0,1,-5.53496,0.1974726319,4.9858832359,,0.2666666666666666,0.3333333333333333,0.0,1,10
ZINC000096173630,-10.04743,0.9164215326,8.2552690506,,0.5333333333333333,0.6666666666666666,0,1,-9.85394,0.7743124962,7.8279681206,,0.6,0.8888888888888888,0.0,1,-7.77657,0.2661725879,6.8490185738,,0.6,0.7777777777777778,0,1,-7.77486,0.2660007775,6.6831526756,,0.4666666666666667,0.6666666666666666,0.0,1,-8.16357,0.2433444709,6.6773934364,,0.6666666666666666,0.8888888888888888,0,1,-7.66937,0.2306620926,7.0657248497,,0.4,0.5555555555555556,0.0,1,-8.29985,0.2285535038,6.9589939117,,0.6,0.7777777777777778,0.0,1,-8.38794,0.2236450166,6.9411988258,,0.5333333333333333,0.6666666666666666,0.0,1,-7.66621,0.2179325521,6.2399735451,,0.2666666666666666,0.4444444444444444,0,1,-7.53364,0.2148768008,6.378824234,,0.5333333333333333,0.6666666666666666,0.0,1,10
ZINC000096285295,-10.19105,0.7701806426,7.9913253784,,0.4666666666666667,0.6666666666666666,0,1,-10.94128,0.7612835765,8.0308456421,,0.4,0.5555555555555556,0.0,1,-10.83396,0.7501280904,8.0027666092,,0.4666666666666667,0.6666666666666666,0,1,-10.54417,0.5360277891,7.8379936218,,0.4666666666666667,0.5555555555555556,0.0,1,-9.06144,0.4120238423,7.7308850288,,0.4666666666666667,0.6666666666666666,0,1,-9.24949,0.3918909132,7.3278408051,,0.4666666666666667,0.5555555555555556,0.0,1,-9.09389,0.2651645541,6.6077742577,,0.3333333333333333,0.4444444444444444,0.0,1,-9.26401,0.2609997094,6.8402934074,,0.2666666666666666,0.4444444444444444,0.0,1,-7.95194,0.257707566,7.1456580162,,0.5333333333333333,0.7777777777777778,0,1,-8.96743,0.2495810986,6.9063014984,,0.3333333333333333,0.5555555555555556,0.0,1,10
ZINC000096318692,-7.32269,0.6305131912,5.9463887215,,0.3333333333333333,0.5555555555555556,0,1,-6.88295,0.6211881638,6.4150986671,,0.3333333333333333,0.5555555555555556,0.0,1,-7.34962,0.4531626999,6.5296001434,,0.2666666666666666,0.4444444444444444,0,1,-7.71396,0.4517259002,6.8381576538,,0.3333333333333333,0.4444444444444444,0.0,1,-7.01103,0.4274935722,6.2493681908,,0.4,0.5555555555555556,0,1,-7.73078,0.372539252,6.6184477806,,0.5333333333333333,0.4444444444444444,0.0,1,-8.66765,0.3699961603,6.4740414619,,0.4,0.5555555555555556,0.0,1,-7.31801,0.2388023436,5.7794241905,,0.2666666666666666,0.3333333333333333,0.0,1,-8.014,0.2254427373,5.5210876465,,0.2,0.3333333333333333,0,1,-6.79621,0.1777275056,4.5055408478,,0.3333333333333333,0.3333333333333333,0.0,1,10
ZINC000097956590,-9.81928,0.8923895359,8.2104434967,,0.4666666666666667,0.7777777777777778,0,1,-9.14474,0.2800756693,6.1081199646,,0.3333333333333333,0.3333333333333333,0.0,1,-8.04186,0.2587694526,6.4071764946,,0.2,0.4444444444444444,0,1,-8.35682,0.2491693944,6.945291996,,0.4666666666666667,0.6666666666666666,0.0,1,-7.32865,0.2411264777,5.8748087883,,0.0666666666666666,0.1111111111111111,0,1,-9.27639,0.2337455004,6.3792080879,,0.2666666666666666,0.3333333333333333,0.0,1,-8.57185,0.231565848,6.8286194801,,0.2,0.4444444444444444,0.0,1,-8.30051,0.2253874838,6.6176071167,,0.4,0.4444444444444444,0.0,1,-8.92138,0.1940459013,5.8933997154,,0.2,0.2222222222222222,0,1,-7.27278,0.1922216117,6.2394661903,,0.0666666666666666,0.2222222222222222,0.0,1,10
ZINC000097993331,-10.40168,0.8428833485,7.5442867279,,0.5333333333333333,0.5555555555555556,0,1,-9.46351,0.8117813468,7.2515258789,,0.4,0.5555555555555556,0.0,1,-9.88702,0.7346610427,7.3504757881,,0.4,0.5555555555555556,0,1,-7.95187,0.6012198329,6.8280677795,,0.3333333333333333,0.4444444444444444,0.0,1,-8.74947,0.5568394661,7.017226696,,0.2,0.3333333333333333,0,1,-10.53448,0.5024384856,6.773414135,,0.5333333333333333,0.6666666666666666,0.0,1,-9.10455,0.4810312688,6.6804060936,,0.4,0.5555555555555556,0.0,1,-8.00829,0.478884995,7.0606956482,,0.5333333333333333,0.5555555555555556,0.0,1,-9.49807,0.3977101147,6.9315662384,,0.6,0.6666666666666666,0,1,-9.28915,0.3315488398,6.848098278,,0.6,0.6666666666666666,0.0,1,10
ZINC000100802337,-7.97798,0.2671628892,7.0260310173,,0.2666666666666666,0.4444444444444444,0,1,-7.79834,0.2585274279,5.2730851173,,0.0666666666666666,0.1111111111111111,0.0,1,-9.88624,0.2280260623,6.7795066833,,0.3333333333333333,0.4444444444444444,0,1,-9.93012,0.2261606008,6.3846945763,,0.2666666666666666,0.4444444444444444,0.0,1,-8.643,0.2238863707,5.5883693695,,0.2,0.2222222222222222,0,1,-8.02914,0.2218103558,4.5395741463,,0.1333333333333333,0.2222222222222222,0.0,1,-7.86252,0.2182811499,5.3102650642,,0.0666666666666666,0.1111111111111111,0.0,1,-8.16602,0.2126021534,5.0235915184,,0.1333333333333333,0.3333333333333333,0.0,1,-8.19098,0.2087752968,4.750064373,,0.0,0.1111111111111111,0,1,-8.10277,0.1961230785,4.5583500862,,0.1333333333333333,0.2222222222222222,0.0,1,10
ZINC000100861784,-7.89735,0.8652735353,6.9058890343,,0.1333333333333333,0.3333333333333333,0,1,-7.93322,0.754237771,6.7012996674,,0.2,0.3333333333333333,0.0,1,-7.78489,0.6423655748,7.1055579185,,0.2,0.4444444444444444,0,1,-7.39556,0.5666105747,6.8571391106,,0.6,0.6666666666666666,0.0,1,-7.27453,0.4261896312,6.6797614098,,0.3333333333333333,0.4444444444444444,0,1,-7.5604,0.3985815644,7.1812329292,,0.3333333333333333,0.4444444444444444,0.0,1,-7.17262,0.3637261093,6.1491703987,,0.0666666666666666,0.2222222222222222,0.0,1,-8.09414,0.28749457,7.0709500313,,0.2666666666666666,0.3333333333333333,0.0,1,-7.88357,0.2777734101,6.5732674599,,0.4,0.4444444444444444,0,1,-7.10228,0.2543869019,6.7541980743,,0.3333333333333333,0.5555555555555556,0.0,1,10
ZINC000101128796,-9.21234,0.3633577526,6.8520145416,,0.2666666666666666,0.3333333333333333,0,1,-8.66504,0.3544599414,7.1615729332,,0.4,0.6666666666666666,0.0,1,-9.54443,0.3017399013,7.3101906776,,0.5333333333333333,0.5555555555555556,0,1,-8.0303,0.2588648796,6.4296112061,,0.0,0.1111111111111111,0.0,1,-7.62809,0.1942053139,6.1428551674,,0.2666666666666666,0.4444444444444444,0,1,-7.89486,0.1810707152,6.1397719383,,0.4,0.5555555555555556,0.0,1,-8.41323,0.1630627066,7.0053362846,,0.5333333333333333,0.6666666666666666,0.0,1,-6.77396,0.1299285889,5.7555351257,,0.1333333333333333,0.2222222222222222,0.0,1,-6.73481,0.1225386485,5.2481637001,,0.2666666666666666,0.3333333333333333,0,1,-7.91239,0.1158424467,6.6479320526,,0.4,0.4444444444444444,0.0,1,10
ZINC000102728817,-9.03307,0.4180189073,7.2459068298,,0.4666666666666667,0.6666666666666666,0,1,-8.05362,0.348764658,7.0144562721,,0.4,0.5555555555555556,0.0,1,-8.05843,0.3037575185,6.8795084953,,0.4666666666666667,0.5555555555555556,0,1,-7.4881,0.3037199974,6.3072953224,,0.2,0.3333333333333333,0.0,1,-7.5223,0.2895684242,6.7655158043,,0.4666666666666667,0.5555555555555556,0,1,-9.01726,0.2704630196,6.8171849251,,0.1333333333333333,0.2222222222222222,0.0,1,-7.40991,0.2087080777,6.657333374,,0.3333333333333333,0.4444444444444444,0.0,1,-8.45924,0.2060676217,5.8097214699,,0.2,0.3333333333333333,0.0,1,-8.23893,0.1948578954,6.5356144905,,0.2666666666666666,0.3333333333333333,0,1,-8.87997,0.1857043952,6.7200393677,,0.3333333333333333,0.4444444444444444,0.0,1,10
ZINC000103322873,-8.70516,0.5551894903,7.642800808,,0.4,0.5555555555555556,0,1,-8.6398,0.2684539855,6.5899291039,,0.2666666666666666,0.4444444444444444,0.0,1,-10.02801,0.2527791262,6.7945942879,,0.4666666666666667,0.7777777777777778,0,1,-10.13204,0.2293139547,6.585665226,,0.3333333333333333,0.4444444444444444,0.0,1,-9.82321,0.2097768486,6.4683423042,,0.3333333333333333,0.5555555555555556,0,1,-10.28174,0.2064999193,6.8578228951,,0.4,0.5555555555555556,0.0,1,-8.90987,0.1981822252,5.5855593681,,0.2,0.3333333333333333,0.0,1,-8.27445,0.1974099278,6.0349030495,,0.1333333333333333,0.2222222222222222,0.0,1,-8.34457,0.1928606778,5.2262325287,,0.1333333333333333,0.2222222222222222,0,1,-7.72834,0.1889415681,5.1324687004,,0.1333333333333333,0.3333333333333333,0.0,1,10
ZINC000143350905,-8.30155,0.4535467923,7.0456318855,,0.3333333333333333,0.5555555555555556,0,1,-8.62619,0.3591000438,6.9198856354,,0.2666666666666666,0.5555555555555556,0.0,1,-8.46269,0.2979866266,6.885822773,,0.4666666666666667,0.5555555555555556,0,1,-7.96178,0.2868244052,6.9459052086,,0.5333333333333333,0.6666666666666666,0.0,1,-9.52685,0.2582986951,7.041809082,,0.4666666666666667,0.6666666666666666,0,1,-8.10441,0.2519723773,6.4324817657,,0.2666666666666666,0.4444444444444444,0.0,1,-7.44859,0.2499950379,6.236497879,,0.4,0.5555555555555556,0.0,1,-8.57027,0.2311340421,6.7772927284,,0.4,0.6666666666666666,0.0,1,-7.43979,0.2234141231,6.5396065712,,0.3333333333333333,0.5555555555555556,0,1,-8.3073,0.2232695967,6.7059884071,,0.4666666666666667,0.6666666666666666,0.0,1,10
ZINC000148252156,-7.8276,0.1881367266,5.5742454529,,0.0666666666666666,0.2222222222222222,0,1,-8.06386,0.1802188605,5.5427269936,,0.1333333333333333,0.3333333333333333,0.0,1,-8.18273,0.179929018,6.6492943764,,0.2666666666666666,0.3333333333333333,0,1,-7.75979,0.1763639897,5.8467788696,,0.1333333333333333,0.3333333333333333,0.0,1,-7.41318,0.1758886874,5.3683285713,,0.0666666666666666,0.1111111111111111,0,1,-8.50575,0.1622367799,6.2396941185,,0.0666666666666666,0.1111111111111111,0.0,1,-8.77203,0.1617338806,6.3062949181,,0.2,0.3333333333333333,0.0,1,-7.69974,0.1563393474,5.5684642792,,0.0666666666666666,0.2222222222222222,0.0,1,-7.71036,0.1561355144,5.6538105011,,0.0666666666666666,0.2222222222222222,0,1,-7.58139,0.1552942097,6.1458888054,,0.2,0.4444444444444444,0.0,1,10
ZINC000168803840,-9.62091,0.2472188175,6.8558826447,,0.2666666666666666,0.4444444444444444,0,1,-7.72059,0.2293521315,6.0155596733,,0.0666666666666666,0.2222222222222222,0.0,1,-7.75747,0.1724452972,6.534968853,,0.6,0.5555555555555556,0,1,-7.98889,0.1520089954,7.1928305626,,0.2,0.3333333333333333,0.0,1,-8.51577,0.1393965483,6.0274319649,,0.4,0.4444444444444444,0,1,-8.32775,0.1376278698,6.4241142273,,0.6,0.6666666666666666,0.0,1,-8.05026,0.1325970292,5.7244586945,,0.4,0.5555555555555556,0.0,1,-7.70255,0.1294319183,6.224085331,,0.1333333333333333,0.2222222222222222,0.0,1,-8.39236,0.1265923828,5.717610836,,0.1333333333333333,0.2222222222222222,0,1,-8.85776,0.1258590966,6.7587742805,,0.2666666666666666,0.4444444444444444,0.0,1,10
ZINC000169330658,-9.92313,0.5504213572,7.4158573151,,0.2,0.3333333333333333,0,1,-9.9496,0.4864729643,7.3042016029,,0.4,0.5555555555555556,0.0,1,-8.74844,0.3089538217,6.839548111,,0.4666666666666667,0.6666666666666666,0,1,-8.81354,0.2659913301,6.6297283173,,0.6,0.6666666666666666,0.0,1,-8.71846,0.2554661632,6.8535876274,,0.5333333333333333,0.6666666666666666,0,1,-8.77604,0.2212260962,6.2125110626,,0.2666666666666666,0.5555555555555556,0.0,1,-8.19191,0.2187631577,5.9389061928,,0.4,0.4444444444444444,0.0,1,-9.16359,0.2137335986,6.3360424042,,0.3333333333333333,0.4444444444444444,0.0,1,-9.31108,0.2101028115,6.2467670441,,0.3333333333333333,0.4444444444444444,0,1,-9.08247,0.1911707222,6.2365527153,,0.4,0.6666666666666666,0.0,1,10
ZINC000169334831,-7.9151,0.60193187,7.1065735817,,0.2,0.3333333333333333,0,1,-8.53863,0.563447237,7.4856133461,,0.4,0.5555555555555556,0.0,1,-9.26441,0.3384766579,6.9984612465,,0.5333333333333333,0.7777777777777778,0,1,-8.95821,0.3099804223,6.960665226,,0.5333333333333333,0.7777777777777778,0.0,1,-7.14533,0.2560314834,6.0559048653,,0.1333333333333333,0.2222222222222222,0,1,-7.64399,0.2164248526,6.4774069786,,0.2666666666666666,0.3333333333333333,0.0,1,-7.46315,0.2049962729,5.7642054558,,0.2666666666666666,0.4444444444444444,0.0,1,-7.39936,0.2011977881,5.8677539825,,0.2666666666666666,0.4444444444444444,0.0,1,-7.29191,0.1962614805,6.5058817863,,0.2,0.3333333333333333,0,1,-7.50684,0.1811355352,6.6504974365,,0.4666666666666667,0.6666666666666666,0.0,1,10
ZINC000205720524,-7.86384,0.3467978537,6.8250164986,,0.3333333333333333,0.5555555555555556,0,1,-8.07366,0.2670704126,6.8930754662,,0.4,0.5555555555555556,0.0,1,-8.01045,0.2562652528,6.9109396935,,0.6666666666666666,0.7777777777777778,0,1,-7.32782,0.2452899665,6.8040108681,,0.4,0.4444444444444444,0.0,1,-7.61163,0.2187242508,5.1900553703,,0.0666666666666666,0.1111111111111111,0,1,-8.04685,0.2146071494,6.6999664307,,0.2666666666666666,0.4444444444444444,0.0,1,-7.4646,0.1954990774,5.2524333,,0.0666666666666666,0.1111111111111111,0.0,1,-7.7389,0.1936376244,6.6673202515,,0.6666666666666666,0.7777777777777778,0.0,1,-7.23285,0.1835993975,5.4813866615,,0.2,0.2222222222222222,0,1,-7.80127,0.1794451326,6.1083703041,,0.4,0.3333333333333333,0.0,1,10
ZINC000225515870,-8.44314,0.8688923717,5.3623814583,,0.2,0.2222222222222222,0,1,-7.87878,0.7982702851,5.7148814201,,0.1333333333333333,0.2222222222222222,0.0,1,-7.46893,0.7458880544,5.5242581367,,0.2,0.2222222222222222,0,1,-6.40799,0.7079077363,6.6920056343,,0.3333333333333333,0.5555555555555556,0.0,1,-7.5897,0.666056335,5.9408326149,,0.1333333333333333,0.2222222222222222,0,1,-7.62671,0.6230516434,6.0905108452,,0.0,0.0,0.0,1,-6.48364,0.5688040257,5.4454841614,,0.2666666666666666,0.3333333333333333,0.0,1,-6.87829,0.5178975463,5.4674706459,,0.2666666666666666,0.4444444444444444,0.0,1,-6.82565,0.4926481247,5.4563593864,,0.1333333333333333,0.1111111111111111,0,1,-6.97404,0.4714331031,4.709066391,,0.2,0.3333333333333333,0.0,1,10
ZINC000256001915,-6.50154,0.681443572,6.7248902321,,0.5333333333333333,0.6666666666666666,0,1,-6.48183,0.5845176578,6.6624617577,,0.4,0.6666666666666666,0.0,1,-6.08957,0.5681858063,6.5558876991,,0.3333333333333333,0.4444444444444444,0,1,-7.48125,0.4752328694,6.6001911163,,0.3333333333333333,0.5555555555555556,0.0,1,-6.35846,0.4624319077,5.4065642357,,0.0666666666666666,0.1111111111111111,0,1,-6.25805,0.3501476943,6.3094477654,,0.2,0.3333333333333333,0.0,1,-6.78295,0.3210253716,6.5408129692,,0.2666666666666666,0.4444444444444444,0.0,1,-6.99246,0.30013147,5.9745392799,,0.1333333333333333,0.2222222222222222,0.0,1,-6.92453,0.2627759874,6.0154471397,,0.1333333333333333,0.2222222222222222,0,1,-7.33811,0.2580232918,6.6265654564,,0.4666666666666667,0.6666666666666666,0.0,1,10
ZINC000257256493,-7.64477,0.6828681827,5.1801142693,,0.1333333333333333,0.3333333333333333,0,1,-7.2525,0.5772693753,5.2083454132,,0.1333333333333333,0.2222222222222222,0.0,1,-7.56879,0.5551933646,5.8252339363,,0.3333333333333333,0.4444444444444444,0,1,-6.57205,0.513974607,5.8866429329,,0.4666666666666667,0.7777777777777778,0.0,1,-7.13569,0.5129617453,6.0156917572,,0.3333333333333333,0.5555555555555556,0,1,-7.09628,0.3587613106,5.2367291451,,0.2,0.3333333333333333,0.0,1,-6.27216,0.3315615058,6.0228667259,,0.3333333333333333,0.5555555555555556,0.0,1,-6.55087,0.2947280407,4.8557496071,,0.3333333333333333,0.5555555555555556,0.0,1,-6.7638,0.2814427614,4.5337777138,,0.2,0.2222222222222222,0,1,-7.52484,0.2583425045,4.5301599503,,0.1333333333333333,0.2222222222222222,0.0,1,10
ZINC000257314815,-7.99492,0.6181263328,6.6873450279,,0.3333333333333333,0.4444444444444444,0,1,-7.33689,0.3569852114,5.9753861427,,0.2666666666666666,0.4444444444444444,0.0,1,-6.69676,0.3561250567,5.4352917671,,0.2666666666666666,0.3333333333333333,0,1,-7.77807,0.3404163122,5.8903560638,,0.2666666666666666,0.4444444444444444,0.0,1,-6.95591,0.2581220567,5.2988533974,,0.2,0.2222222222222222,0,1,-7.57322,0.2580994964,5.6356167793,,0.2,0.3333333333333333,0.0,1,-8.11641,0.2505888343,5.365834713,,0.2,0.2222222222222222,0.0,1,-7.08344,0.2361144423,5.2960953712,,0.3333333333333333,0.5555555555555556,0.0,1,-8.148,0.2357304394,5.0741763115,,0.0666666666666666,0.1111111111111111,0,1,-6.81388,0.235717088,5.4130749702,,0.2666666666666666,0.4444444444444444,0.0,1,10
ZINC000331571272,-5.95583,0.3883552551,5.0865783691,,0.3333333333333333,0.5555555555555556,0,1,-7.23912,0.2962681949,6.0372753143,,0.2,0.3333333333333333,0.0,1,-6.92286,0.2609139979,5.9526953697,,0.3333333333333333,0.5555555555555556,0,1,-6.4823,0.1864824891,5.604408741,,0.0666666666666666,0.1111111111111111,0.0,1,-5.74893,0.1860748678,5.4426550865,,0.4666666666666667,0.6666666666666666,0,1,-6.60786,0.1738516688,6.0753655434,,0.0666666666666666,0.1111111111111111,0.0,1,-6.64773,0.1653593183,5.9396519661,,0.2,0.2222222222222222,0.0,1,-5.93686,0.1448919773,5.2111134529,,0.2666666666666666,0.3333333333333333,0.0,1,-5.97095,0.1428145468,4.9043440819,,0.1333333333333333,0.2222222222222222,0,1,-6.75661,0.1344071329,5.5605940819,,0.4,0.5555555555555556,0.0,1,10
ZINC000349503671,-5.42148,0.3245940208,5.6582913399,,0.3333333333333333,0.3333333333333333,0,1,-6.24359,0.2294809222,6.2166857719,,0.2,0.3333333333333333,0.0,1,-6.27735,0.2284299433,6.2200012207,,0.2666666666666666,0.3333333333333333,0,1,-5.2009,0.2186874896,5.1494016647,,0.1333333333333333,0.2222222222222222,0.0,1,-6.42329,0.2114328146,6.1701464653,,0.2,0.3333333333333333,0,1,-5.3891,0.1918768585,5.1397132874,,0.0666666666666666,0.1111111111111111,0.0,1,-5.03648,0.1708059013,4.6646962166,,0.1333333333333333,0.2222222222222222,0.0,1,-4.97601,0.1568922549,4.4041032791,,0.1333333333333333,0.2222222222222222,0.0,1,-6.31214,0.1484319419,5.8582615852,,0.2,0.3333333333333333,0,1,-5.57981,0.1399156153,5.7158699036,,0.1333333333333333,0.2222222222222222,0.0,1,10
ZINC000362907595,-6.41297,0.3598743975,5.4366493225,,0.2,0.3333333333333333,0,1,-6.31729,0.3114234507,4.9363055229,,0.1333333333333333,0.2222222222222222,0.0,1,-6.59133,0.3074873388,5.5879435539,,0.0666666666666666,0.1111111111111111,0,1,-5.87874,0.2807851136,4.8939919472,,0.2,0.3333333333333333,0.0,1,-6.66847,0.2765986919,4.9088330269,,0.0666666666666666,0.1111111111111111,0,1,-6.27843,0.2633756399,5.1197066307,,0.2,0.3333333333333333,0.0,1,-5.75663,0.2574113905,5.3460655212,,0.3333333333333333,0.4444444444444444,0.0,1,-6.79551,0.2550860047,5.4289665222,,0.1333333333333333,0.2222222222222222,0.0,1,-6.54859,0.2521883845,5.1376919746,,0.1333333333333333,0.2222222222222222,0,1,-6.07936,0.2489922643,4.3034176826,,0.0666666666666666,0.1111111111111111,0.0,1,10
ZINC000363615034,-5.4209,0.6865865588,5.8661780357,,0.0666666666666666,0.1111111111111111,0,1,-7.07082,0.6281602979,6.0362963676,,0.0666666666666666,0.1111111111111111,0.0,1,-6.99155,0.5740878582,5.9892792702,,0.1333333333333333,0.2222222222222222,0,1,-5.16452,0.3951688111,4.8968548775,,,,,0,-5.38231,0.3607591689,5.5612430573,,0.0,0.0,0,1,-6.78418,0.3344442844,5.0228285789,,0.1333333333333333,0.2222222222222222,0.0,1,-5.69555,0.3332880735,5.6266770363,,0.0666666666666666,0.1111111111111111,0.0,1,-5.81155,0.3054761589,5.4838376045,,0.0666666666666666,0.1111111111111111,0.0,1,-4.96766,0.3024287522,4.7491059303,,0.2,0.3333333333333333,0,1,-6.28055,0.2880955935,5.7149906158,,0.0666666666666666,0.1111111111111111,0.0,1,9
ZINC000365010852,-5.78777,0.4200401902,6.9417729378,,0.2,0.3333333333333333,0,1,-5.86503,0.402633965,5.8235282898,,0.2,0.3333333333333333,0.0,1,-6.27526,0.3808805943,5.5891590118,,0.1333333333333333,0.2222222222222222,0,1,-6.53808,0.357678324,6.1883811951,,0.1333333333333333,0.2222222222222222,0.0,1,-5.70252,0.3043132722,5.9653091431,,0.2,0.3333333333333333,0,1,-5.76158,0.298561722,5.9261856079,,0.2666666666666666,0.3333333333333333,0.0,1,-5.61826,0.2805833519,5.1287150383,,0.1333333333333333,0.2222222222222222,0.0,1,-5.8713,0.2351340353,6.1094512939,,0.2,0.3333333333333333,0.0,1,-6.26331,0.2256172746,5.1091194153,,0.1333333333333333,0.2222222222222222,0,1,-6.25694,0.2228523344,5.2240796089,,0.1333333333333333,0.2222222222222222,0.0,1,10
ZINC000365397011,-6.3434,0.3393481076,6.0902447701,,0.2,0.3333333333333333,0,1,-6.08992,0.3316674829,6.2162690163,,0.2,0.3333333333333333,0.0,1,-6.63364,0.2946908176,5.8091068268,,0.2666666666666666,0.4444444444444444,0,1,-5.24154,0.2746599913,5.3917922974,,0.0666666666666666,0.1111111111111111,0.0,1,-5.55205,0.2737363875,6.0338816643,,0.2666666666666666,0.3333333333333333,0,1,-5.98001,0.2545211911,5.9629273415,,0.2,0.3333333333333333,0.0,1,-5.84694,0.2508785725,5.5674042702,,0.2,0.3333333333333333,0.0,1,-6.43146,0.2467118204,4.5637364388,,0.2,0.2222222222222222,0.0,1,-5.75653,0.2441802025,4.9783244133,,0.0666666666666666,0.1111111111111111,0,1,-5.75884,0.2183471024,5.2355446815,,0.1333333333333333,0.2222222222222222,0.0,1,10
ZINC000365793997,-6.74894,0.7727786303,6.5675787926,,0.2666666666666666,0.4444444444444444,0,1,-5.50307,0.3566893637,4.545984745,,0.0666666666666666,0.1111111111111111,0.0,1,-6.40754,0.3414690793,6.2130055428,,0.3333333333333333,0.5555555555555556,0,1,-6.89537,0.323405683,6.4255833626,,0.2666666666666666,0.3333333333333333,0.0,1,-5.56934,0.3166435063,5.2751102448,,0.2666666666666666,0.4444444444444444,0,1,-6.7215,0.307538569,6.4895997047,,0.1333333333333333,0.2222222222222222,0.0,1,-6.23006,0.2499661148,5.1912231445,,0.1333333333333333,0.2222222222222222,0.0,1,-5.6905,0.233723253,4.5916080475,,0.1333333333333333,0.2222222222222222,0.0,1,-6.8582,0.2321547121,5.0915164948,,0.1333333333333333,0.2222222222222222,0,1,-5.91734,0.2156137675,4.4622735977,,0.1333333333333333,0.2222222222222222,0.0,1,10
ZINC000365796644,-5.24407,0.3836629987,5.0561232567,,0.0,0.0,0,1,-5.45444,0.3817440867,5.1242756844,,0.0666666666666666,0.1111111111111111,0.0,1,-6.58782,0.3141147792,5.9836769104,,0.0666666666666666,0.1111111111111111,0,1,-5.31555,0.3014811277,5.119661808,,0.0666666666666666,0.1111111111111111,0.0,1,-5.09632,0.2712824941,5.1495623589,,0.1333333333333333,0.2222222222222222,0,1,-5.34401,0.2552415729,5.6863331795,,0.2666666666666666,0.4444444444444444,0.0,1,-6.65863,0.2154762894,5.9123001099,,0.1333333333333333,0.2222222222222222,0.0,1,-5.06761,0.2058888525,4.5323252678,,0.1333333333333333,0.2222222222222222,0.0,1,-5.43882,0.1885742247,4.5020022392,,0.1333333333333333,0.2222222222222222,0,1,-6.52734,0.1871154606,5.6063842773,,0.1333333333333333,0.2222222222222222,0.0,1,10
ZINC000367374425,-7.27857,0.6407763958,5.7840867043,,0.2,0.3333333333333333,0,1,-6.83217,0.5601336956,5.819914341,,0.1333333333333333,0.2222222222222222,0.0,1,-5.53268,0.485442549,4.8314614296,,0.0666666666666666,0.1111111111111111,0,1,-7.23562,0.4232231677,5.2163691521,,0.2,0.3333333333333333,0.0,1,-6.64311,0.4006715715,5.1298747063,,0.1333333333333333,0.2222222222222222,0,1,-6.81278,0.3914022446,5.8078112602,,0.1333333333333333,0.2222222222222222,0.0,1,-6.46946,0.3743624687,5.7573418617,,0.1333333333333333,0.2222222222222222,0.0,1,-6.18238,0.3627297878,6.1230826378,,0.2,0.2222222222222222,0.0,1,-5.72359,0.3178870678,5.4270477295,,0.1333333333333333,0.1111111111111111,0,1,-6.78209,0.3159989119,5.5530319214,,0.1333333333333333,0.2222222222222222,0.0,1,10
ZINC000367509521,-6.46833,0.4648194015,6.0523438454,,0.2666666666666666,0.4444444444444444,0,1,-6.15375,0.4442727864,5.8423542976,,0.1333333333333333,0.2222222222222222,0.0,1,-5.7807,0.4403031468,6.3580889702,,0.2666666666666666,0.4444444444444444,0,1,-6.18669,0.4072214961,5.6069927216,,0.2666666666666666,0.3333333333333333,0.0,1,-5.57032,0.3893094063,5.8469538689,,0.1333333333333333,0.2222222222222222,0,1,-6.12874,0.3492793441,5.1585431099,,0.1333333333333333,0.2222222222222222,0.0,1,-6.41783,0.2967581451,5.5775542259,,0.1333333333333333,0.2222222222222222,0.0,1,-6.33369,0.2871578932,5.6334838867,,0.2,0.3333333333333333,0.0,1,-6.28817,0.2599309087,6.1348805428,,0.2666666666666666,0.3333333333333333,0,1,-6.18604,0.2480356097,5.6622390747,,0.2,0.3333333333333333,0.0,1,10
ZINC000370381206,-6.03083,0.3116088212,5.887075901,,0.2,0.3333333333333333,0,1,-5.34233,0.2983990014,4.7696413994,,0.0,0.0,0.0,1,-5.35682,0.2516761422,4.9436202049,,0.0,0.0,0,1,-6.25248,0.2323727459,5.4217147827,,0.3333333333333333,0.4444444444444444,0.0,1,-5.46557,0.226917848,5.1514611244,,0.1333333333333333,0.2222222222222222,0,1,-5.72636,0.2105792165,5.6405072212,,0.1333333333333333,0.2222222222222222,0.0,1,-5.85055,0.2095849365,4.5317769051,,0.1333333333333333,0.2222222222222222,0.0,1,-5.83582,0.1848129481,5.8884143829,,0.3333333333333333,0.5555555555555556,0.0,1,-6.0217,0.1810364574,5.4447956085,,0.2,0.3333333333333333,0,1,-5.21517,0.1804507077,4.6564974785,,0.0666666666666666,0.1111111111111111,0.0,1,10
ZINC000371426063,-5.89021,0.6008471251,6.7644667625,,0.3333333333333333,0.4444444444444444,0,1,-6.00778,0.5826711059,5.5376853943,,0.1333333333333333,0.2222222222222222,0.0,1,-5.78094,0.5778945088,6.5821418762,,0.2666666666666666,0.4444444444444444,0,1,-5.46888,0.4527217448,5.9099841118,,0.2666666666666666,0.4444444444444444,0.0,1,-6.2782,0.4221304953,6.2522201538,,0.1333333333333333,0.2222222222222222,0,1,-5.6334,0.3124011457,6.1908764839,,0.1333333333333333,0.2222222222222222,0.0,1,-6.10866,0.2661628425,5.9885425568,,0.2666666666666666,0.3333333333333333,0.0,1,-5.58808,0.2639658451,5.0257148743,,0.1333333333333333,0.2222222222222222,0.0,1,-6.08547,0.2243320942,5.8746190071,,0.1333333333333333,0.2222222222222222,0,1,-5.71676,0.21874924,4.3434462547,,0.1333333333333333,0.2222222222222222,0.0,1,10
ZINC000372731902,-6.0272,0.5978215933,5.5150742531,,0.2,0.3333333333333333,0,1,-5.80569,0.417249918,5.3904185295,,0.3333333333333333,0.4444444444444444,0.0,1,-5.82695,0.30209288,5.3840308189,,0.2,0.3333333333333333,0,1,-5.60644,0.2736048698,5.0327925682,,0.2,0.2222222222222222,0.0,1,-5.87835,0.2686625719,4.6923379898,,0.2,0.2222222222222222,0,1,-5.86041,0.2462091297,5.4958910942,,0.2,0.3333333333333333,0.0,1,-5.84793,0.2319060713,4.7239403725,,0.0666666666666666,0.1111111111111111,0.0,1,-5.51754,0.2314295173,4.9866204262,,0.4,0.6666666666666666,0.0,1,-5.85092,0.2152907401,4.9640927315,,0.2,0.3333333333333333,0,1,-5.51858,0.2127531171,4.9264564514,,0.3333333333333333,0.4444444444444444,0.0,1,10
ZINC000417358444,-7.33987,0.6056439877,6.4465785027,,0.4,0.6666666666666666,0,1,-6.84123,0.5998750329,5.9557032585,,0.2666666666666666,0.4444444444444444,0.0,1,-6.2626,0.562140584,6.4777369499,,0.2666666666666666,0.4444444444444444,0,1,-7.51726,0.5042357445,6.3878235817,,0.4,0.6666666666666666,0.0,1,-5.85618,0.4315149784,5.8782792091,,0.2,0.3333333333333333,0,1,-5.55574,0.3110197783,5.4293761253,,0.2,0.3333333333333333,0.0,1,-6.26583,0.3087529838,5.412378788,,0.1333333333333333,0.2222222222222222,0.0,1,-5.57075,0.2932217419,5.6015853882,,0.3333333333333333,0.5555555555555556,0.0,1,-6.05116,0.286837548,5.387409687,,0.1333333333333333,0.3333333333333333,0,1,-6.61756,0.2685062289,4.7425937653,,0.2666666666666666,0.3333333333333333,0.0,1,10
ZINC000418257193,-5.90083,0.61731112,5.2695097923,,0.3333333333333333,0.5555555555555556,0,1,-6.42483,0.3113410175,5.5399932861,,0.2666666666666666,0.4444444444444444,0.0,1,-6.42211,0.3028082252,4.9029126167,,0.2666666666666666,0.3333333333333333,0,1,-6.11619,0.286013931,5.0807795525,,0.2,0.3333333333333333,0.0,1,-5.86021,0.2688531876,4.9224114418,,0.2666666666666666,0.3333333333333333,0,1,-6.55748,0.2638898194,5.3812851906,,0.2,0.3333333333333333,0.0,1,-5.86209,0.2470176667,5.000556469,,0.2,0.3333333333333333,0.0,1,-5.93334,0.2372476012,5.1229457855,,0.1333333333333333,0.1111111111111111,0.0,1,-5.57524,0.2184819877,5.0040106773,,0.1333333333333333,0.2222222222222222,0,1,-5.66989,0.2149505168,5.3484158516,,0.2,0.3333333333333333,0.0,1,10
ZINC000419130903,-8.14689,0.957932353,7.4325823784,,0.5333333333333333,0.6666666666666666,0,1,-8.30018,0.9355966449,6.9881606102,,0.2666666666666666,0.4444444444444444,0.0,1,-7.56736,0.9352422357,6.969233036,,0.4,0.5555555555555556,0,1,-7.49685,0.9158661962,7.48934412,,0.6,0.8888888888888888,0.0,1,-8.28261,0.9083316922,6.8501830101,,0.3333333333333333,0.5555555555555556,0,1,-7.99959,0.8891434669,6.7928862572,,0.2666666666666666,0.4444444444444444,0.0,1,-8.27445,0.8757104278,6.201921463,,0.2666666666666666,0.4444444444444444,0.0,1,-6.68265,0.825645566,6.0222096443,,0.2,0.3333333333333333,0.0,1,-7.52485,0.7969672084,6.7277159691,,0.2,0.3333333333333333,0,1,-8.34499,0.7907376885,6.6809439659,,0.2,0.3333333333333333,0.0,1,10
ZINC000419489026,-5.9562,0.7314947844,6.4668884277,,0.4,0.5555555555555556,0,1,-6.01848,0.7170205116,7.1210923195,,0.4666666666666667,0.5555555555555556,0.0,1,-6.04837,0.6928172112,6.6600456238,,0.4666666666666667,0.5555555555555556,0,1,-6.48218,0.6541618109,7.0094227791,,0.3333333333333333,0.4444444444444444,0.0,1,-5.86109,0.5724427104,6.2289905548,,0.2,0.3333333333333333,0,1,-7.41874,0.5554814935,5.9172224998,,0.3333333333333333,0.5555555555555556,0.0,1,-6.58621,0.5532050133,5.5693163872,,0.3333333333333333,0.6666666666666666,0.0,1,-5.78419,0.5479342937,6.8051013947,,0.4,0.5555555555555556,0.0,1,-6.31897,0.4918870926,6.0307469368,,0.3333333333333333,0.4444444444444444,0,1,-7.4522,0.4724794924,6.0912890434,,0.3333333333333333,0.5555555555555556,0.0,1,10
ZINC000428802684,-6.46109,0.3811564744,5.5351390839,,0.0666666666666666,0.1111111111111111,0,1,-6.20923,0.3323800564,5.4314732552,,0.1333333333333333,0.2222222222222222,0.0,1,-5.46587,0.3039104044,5.4013104439,,0.1333333333333333,0.2222222222222222,0,1,-6.08644,0.2872200906,5.4625468254,,0.1333333333333333,0.2222222222222222,0.0,1,-6.09302,0.2616101205,5.0126957893,,0.2,0.3333333333333333,0,1,-5.92788,0.2433039695,5.5097022057,,0.1333333333333333,0.2222222222222222,0.0,1,-5.95339,0.2425663322,5.3644576073,,0.0666666666666666,0.1111111111111111,0.0,1,-5.72982,0.229344219,4.9606189728,,0.2,0.3333333333333333,0.0,1,-5.56475,0.220985502,4.9440217018,,0.2,0.3333333333333333,0,1,-6.19742,0.2147079408,4.9625163078,,0.2,0.3333333333333333,0.0,1,10
ZINC000431583390,-6.64318,0.5994205475,6.5879020691,,0.3333333333333333,0.5555555555555556,0,1,-6.70911,0.5347298384,6.3361754417,,0.3333333333333333,0.5555555555555556,0.0,1,-6.48021,0.4318044186,6.0028004646,,0.2,0.3333333333333333,0,1,-6.87642,0.3863490224,5.8079543114,,0.2,0.3333333333333333,0.0,1,-6.61723,0.3514546454,6.0170311928,,0.3333333333333333,0.5555555555555556,0,1,-6.815,0.3317083418,5.6304469109,,0.2666666666666666,0.3333333333333333,0.0,1,-6.33921,0.3195022047,4.9402775764,,0.1333333333333333,0.2222222222222222,0.0,1,-6.5131,0.2760571539,6.00041008,,0.2666666666666666,0.4444444444444444,0.0,1,-6.63324,0.2728895843,5.3285012245,,0.1333333333333333,0.2222222222222222,0,1,-5.70252,0.2602053285,5.4791851044,,0.1333333333333333,0.2222222222222222,0.0,1,10
ZINC000432316336,-7.34267,0.5517346263,5.8935599327,,0.3333333333333333,0.5555555555555556,0,1,-6.31267,0.4539807737,5.8896651268,,0.2,0.3333333333333333,0.0,1,-6.76513,0.4360307455,5.6113524437,,0.2,0.3333333333333333,0,1,-5.37844,0.2679753304,5.1335134506,,0.1333333333333333,0.2222222222222222,0.0,1,-5.62755,0.2366807312,4.3862290382,,0.1333333333333333,0.2222222222222222,0,1,-6.41805,0.2293275148,4.4068126678,,0.2,0.3333333333333333,0.0,1,-6.58806,0.226313889,4.9287819862,,0.1333333333333333,0.2222222222222222,0.0,1,-5.68889,0.2140816301,4.7360539436,,0.1333333333333333,0.2222222222222222,0.0,1,-5.53746,0.2030769885,4.4234414101,,0.2,0.3333333333333333,0,1,-6.21888,0.2019190639,4.9086585045,,0.2,0.2222222222222222,0.0,1,10
ZINC000434315956,-6.18132,0.5113360882,6.0052475929,,0.2666666666666666,0.4444444444444444,0,1,-5.78391,0.4948433638,6.0114784241,,0.2666666666666666,0.4444444444444444,0.0,1,-5.6679,0.4677962959,6.2675151825,,0.2,0.2222222222222222,0,1,-5.90207,0.4288590252,5.9663681984,,0.1333333333333333,0.2222222222222222,0.0,1,-6.00097,0.3729480803,5.5576548576,,0.3333333333333333,0.3333333333333333,0,1,-6.08802,0.3660126328,6.0162005424,,0.2,0.3333333333333333,0.0,1,-6.313,0.3375355303,5.6890931129,,0.2,0.3333333333333333,0.0,1,-6.06786,0.3314255178,5.44414711,,0.4,0.4444444444444444,0.0,1,-6.01087,0.3061494529,5.7667102814,,0.1333333333333333,0.2222222222222222,0,1,-6.47563,0.2826656699,5.7124214172,,0.2,0.3333333333333333,0.0,1,10
ZINC000440349386,-7.09651,0.7759413719,6.6063404083,,0.1333333333333333,0.2222222222222222,0,1,-6.89487,0.7026275396,6.4558854103,,0.2,0.3333333333333333,0.0,1,-6.51021,0.4984942079,5.7542796135,,0.3333333333333333,0.3333333333333333,0,1,-5.5393,0.4000904858,4.7013287544,,0.2666666666666666,0.3333333333333333,0.0,1,-5.99483,0.3488413393,5.9791297913,,0.2666666666666666,0.4444444444444444,0,1,-6.83375,0.3453443944,5.2055354118,,0.0666666666666666,0.2222222222222222,0.0,1,-5.43685,0.342338264,5.5102028847,,0.2666666666666666,0.4444444444444444,0.0,1,-5.88632,0.3257955313,5.9404754639,,0.2666666666666666,0.3333333333333333,0.0,1,-5.86511,0.305518806,5.4988365173,,0.3333333333333333,0.3333333333333333,0,1,-6.46082,0.2943019569,6.2193617821,,0.2,0.3333333333333333,0.0,1,10
ZINC000443023587,-6.87785,0.5240165591,7.0616455078,,0.3333333333333333,0.4444444444444444,0,1,-7.08417,0.4766179621,6.214225769,,0.2,0.3333333333333333,0.0,1,-5.99546,0.3954848349,6.1790385246,,0.2,0.3333333333333333,0,1,-6.8646,0.3191292584,6.4710631371,,0.2,0.3333333333333333,0.0,1,-6.79007,0.2561628222,6.1926159859,,0.2,0.3333333333333333,0,1,-6.64993,0.2539696395,5.8145771027,,0.2,0.3333333333333333,0.0,1,-6.09118,0.2526418269,6.2249073982,,0.4,0.6666666666666666,0.0,1,-6.02887,0.2397585511,6.1371097565,,0.2666666666666666,0.3333333333333333,0.0,1,-6.89021,0.2176810652,5.4509072304,,0.2,0.3333333333333333,0,1,-6.41545,0.2170393169,5.8654441833,,0.2,0.3333333333333333,0.0,1,10
ZINC000443289464,-5.99614,0.224622041,4.774269104,,0.0666666666666666,0.1111111111111111,0,1,-5.62604,0.2128324211,4.3678236008,,0.1333333333333333,0.2222222222222222,0.0,1,-6.85951,0.195467338,5.5692563057,,0.2,0.3333333333333333,0,1,-6.98338,0.1541485041,5.2219548225,,0.3333333333333333,0.5555555555555556,0.0,1,-5.85133,0.1528469473,5.315366745,,0.0666666666666666,0.1111111111111111,0,1,-5.96569,0.1474540234,5.3628501892,,0.2,0.3333333333333333,0.0,1,-5.72385,0.1395258904,5.282377243,,0.2,0.3333333333333333,0.0,1,-6.75082,0.1331480294,5.3338699341,,0.3333333333333333,0.5555555555555556,0.0,1,-5.9445,0.1311374903,5.3150138855,,0.1333333333333333,0.2222222222222222,0,1,-6.88801,0.1255427599,5.100194931,,0.1333333333333333,0.2222222222222222,0.0,1,10
ZINC000443306117,-8.28165,0.5460020304,6.3544411659,,0.1333333333333333,0.2222222222222222,0,1,-6.03089,0.387034446,4.9338593483,,0.1333333333333333,0.3333333333333333,0.0,1,-7.11605,0.2785829008,4.9121394157,,0.2666666666666666,0.3333333333333333,0,1,-6.01629,0.2665556669,4.9661483765,,0.0666666666666666,0.1111111111111111,0.0,1,-7.35931,0.2613121271,5.826145649,,0.2666666666666666,0.4444444444444444,0,1,-5.76891,0.2522532344,4.8530745506,,0.2666666666666666,0.3333333333333333,0.0,1,-6.92517,0.2493716925,5.4140586853,,0.1333333333333333,0.3333333333333333,0.0,1,-6.12472,0.2461270392,4.4173760414,,0.0,0.1111111111111111,0.0,1,-5.70954,0.2432575375,4.8532619476,,0.2666666666666666,0.3333333333333333,0,1,-6.19635,0.2405892462,4.6131949425,,0.0666666666666666,0.2222222222222222,0.0,1,10
ZINC000443465335,-7.37188,0.7248564363,6.216146946,,0.2666666666666666,0.4444444444444444,0,1,-7.55891,0.6314112544,6.0826873779,,0.2666666666666666,0.4444444444444444,0.0,1,-6.35701,0.5436238647,6.5024952888,,0.2,0.3333333333333333,0,1,-6.56113,0.5013845563,6.2901000977,,0.1333333333333333,0.2222222222222222,0.0,1,-5.99145,0.4563177824,5.2296490669,,0.0666666666666666,0.1111111111111111,0,1,-5.95677,0.351365447,5.0073184967,,0.1333333333333333,0.2222222222222222,0.0,1,-5.99314,0.3269031048,4.8815937042,,0.2,0.3333333333333333,0.0,1,-6.73078,0.3259846568,5.6414928436,,0.2,0.3333333333333333,0.0,1,-5.88384,0.2820468247,5.9173340797,,0.1333333333333333,0.2222222222222222,0,1,-6.77157,0.2456676513,4.8826828003,,0.1333333333333333,0.2222222222222222,0.0,1,10
ZINC000443467883,-6.95569,0.6685637236,6.6059947014,,0.0666666666666666,0.1111111111111111,0,1,-6.5041,0.5551233292,6.4998869896,,0.1333333333333333,0.2222222222222222,0.0,1,-6.84345,0.5045125484,6.3527960777,,0.2,0.3333333333333333,0,1,-6.02552,0.3040807247,4.9174742699,,0.2,0.3333333333333333,0.0,1,-6.19163,0.2733201385,5.5898489952,,0.2,0.3333333333333333,0,1,-5.71803,0.2720361352,5.3762130737,,0.1333333333333333,0.2222222222222222,0.0,1,-5.96129,0.2619649768,5.2363142967,,0.2666666666666666,0.4444444444444444,0.0,1,-6.6395,0.259796232,4.7597050667,,0.2,0.3333333333333333,0.0,1,-5.56697,0.257330507,5.0838031769,,0.2,0.2222222222222222,0,1,-5.34621,0.2400767058,4.6619567871,,0.0,0.0,0.0,1,10
ZINC000443472339,-5.96037,0.5448301435,6.4701595306,,0.2666666666666666,0.4444444444444444,0,1,-6.45675,0.4949740171,6.431784153,,0.0666666666666666,0.1111111111111111,0.0,1,-6.54687,0.3911660016,5.6358027458,,0.1333333333333333,0.2222222222222222,0,1,-5.49316,0.3713154793,4.7984447479,,0.0,0.0,0.0,1,-5.5384,0.3493352532,5.3896212578,,0.2666666666666666,0.3333333333333333,0,1,-5.8109,0.2518207133,5.0469470024,,0.1333333333333333,0.2222222222222222,0.0,1,-5.52942,0.2441756427,5.8501057625,,0.2,0.2222222222222222,0.0,1,-5.75769,0.2360207587,4.4029426575,,0.0666666666666666,0.1111111111111111,0.0,1,-6.67367,0.233914718,5.5132083893,,0.2666666666666666,0.4444444444444444,0,1,-5.41518,0.2318850756,5.3107914925,,0.2666666666666666,0.4444444444444444,0.0,1,10
ZINC000447189224,-7.09589,0.5324442387,6.3377876282,,0.1333333333333333,0.2222222222222222,0,1,-6.97769,0.4406554103,5.901216507,,0.1333333333333333,0.2222222222222222,0.0,1,-6.79463,0.3902032971,5.9082450867,,0.2,0.3333333333333333,0,1,-5.90668,0.3660871089,5.7844109535,,0.2,0.3333333333333333,0.0,1,-5.56368,0.3326462805,4.9656643867,,0.0666666666666666,0.1111111111111111,0,1,-6.88369,0.2971336842,5.9502110481,,0.1333333333333333,0.2222222222222222,0.0,1,-7.00712,0.2874750793,5.9014220238,,0.2666666666666666,0.3333333333333333,0.0,1,-5.97779,0.2759965658,5.0608000755,,0.2,0.3333333333333333,0.0,1,-5.8722,0.268710196,5.4411220551,,0.1333333333333333,0.2222222222222222,0,1,-6.53691,0.2590664327,5.6148700714,,0.2666666666666666,0.3333333333333333,0.0,1,10
ZINC000447197265,-6.17205,0.5241985321,6.2389216423,,0.2666666666666666,0.4444444444444444,0,1,-6.21633,0.4787380099,6.0043945312,,0.1333333333333333,0.2222222222222222,0.0,1,-5.45681,0.4012596309,5.2963833809,,0.1333333333333333,0.2222222222222222,0,1,-5.67866,0.380456686,5.5596985817,,0.1333333333333333,0.2222222222222222,0.0,1,-5.57774,0.3798097968,5.7242417336,,0.2666666666666666,0.4444444444444444,0,1,-6.10249,0.3379363716,5.7339539528,,0.2,0.3333333333333333,0.0,1,-6.01964,0.3272226155,5.6536097527,,0.2666666666666666,0.4444444444444444,0.0,1,-6.04904,0.3140002489,5.4648704529,,0.0666666666666666,0.1111111111111111,0.0,1,-6.31721,0.2627697587,5.0469899178,,0.1333333333333333,0.2222222222222222,0,1,-6.63314,0.255296737,5.4547953606,,0.2,0.2222222222222222,0.0,1,10
ZINC000447754356,-6.42703,0.6565760374,6.3616814613,,0.2,0.3333333333333333,0,1,-6.70877,0.6062838435,6.4077301025,,0.2666666666666666,0.4444444444444444,0.0,1,-6.60755,0.3361906409,5.7560253143,,0.3333333333333333,0.5555555555555556,0,1,-5.27409,0.3047589064,5.3557524681,,0.2666666666666666,0.4444444444444444,0.0,1,-5.34739,0.2695763111,5.0410580635,,0.4,0.6666666666666666,0,1,-4.90484,0.236709699,4.7200064659,,0.0666666666666666,0.2222222222222222,0.0,1,-6.34881,0.1869151294,5.463886261,,0.1333333333333333,0.2222222222222222,0.0,1,-5.72585,0.1807783842,4.4919610023,,0.1333333333333333,0.2222222222222222,0.0,1,-6.64131,0.1784798354,5.0549163818,,0.2,0.2222222222222222,0,1,-6.14496,0.1758565903,5.5913062096,,0.2666666666666666,0.3333333333333333,0.0,1,10
ZINC000447759550,-5.93918,0.5639024973,6.5693264008,,0.4,0.6666666666666666,0,1,-5.86964,0.4831052423,6.3949661255,,0.2,0.2222222222222222,0.0,1,-6.10024,0.4573361874,6.2448887825,,0.2666666666666666,0.4444444444444444,0,1,-5.53707,0.3671667278,6.179374218,,0.2666666666666666,0.3333333333333333,0.0,1,-6.16765,0.3425282836,6.1077246666,,0.2,0.3333333333333333,0,1,-5.05234,0.2716331184,4.7565612793,,0.0666666666666666,0.1111111111111111,0.0,1,-5.51454,0.2594043612,5.9485187531,,0.2666666666666666,0.4444444444444444,0.0,1,-5.9571,0.2508280277,4.8415818214,,0.2,0.3333333333333333,0.0,1,-5.36099,0.2455883026,5.1418151855,,0.1333333333333333,0.2222222222222222,0,1,-6.06028,0.2417605072,5.0668005943,,0.1333333333333333,0.2222222222222222,0.0,1,10
ZINC000467639106,-6.01937,0.5529825091,5.7834601402,,0.2666666666666666,0.4444444444444444,0,1,-5.81045,0.5007321835,5.9981422424,,0.1333333333333333,0.2222222222222222,0.0,1,-5.6311,0.4886680841,5.0278053284,,0.0666666666666666,0.1111111111111111,0,1,-5.40989,0.4529377222,4.9570088387,,0.4,0.5555555555555556,0.0,1,-5.99302,0.439317435,5.3844761848,,0.3333333333333333,0.4444444444444444,0,1,-5.21687,0.4382483065,6.0019249916,,0.0666666666666666,0.1111111111111111,0.0,1,-5.43587,0.4237468541,5.1719279289,,0.2666666666666666,0.4444444444444444,0.0,1,-5.3957,0.4073999226,5.8966298103,,0.2666666666666666,0.3333333333333333,0.0,1,-5.91631,0.3987193704,5.0247750282,,0.2666666666666666,0.3333333333333333,0,1,-5.67005,0.3472217023,4.8765907288,,0.2,0.3333333333333333,0.0,1,10
ZINC000468414022,-5.32039,0.3754690588,6.2397022247,,0.2,0.3333333333333333,0,1,-5.95211,0.3376074433,5.8510298729,,0.3333333333333333,0.5555555555555556,0.0,1,-6.36696,0.313627094,4.9830498695,,0.2,0.3333333333333333,0,1,-6.20699,0.2953752875,5.3836212158,,0.2,0.3333333333333333,0.0,1,-5.64744,0.2849889994,4.8377151489,,0.2,0.3333333333333333,0,1,-5.48202,0.2679230571,5.6786136627,,0.1333333333333333,0.2222222222222222,0.0,1,-5.75546,0.2524707615,5.4536857605,,0.0666666666666666,0.2222222222222222,0.0,1,-5.07267,0.2277453095,4.760242939,,0.1333333333333333,0.3333333333333333,0.0,1,-4.96586,0.2259847373,4.9056391716,,0.0,0.1111111111111111,0,1,-6.34819,0.2126724422,4.577893734,,0.1333333333333333,0.2222222222222222,0.0,1,10
ZINC000469326875,-6.69393,0.6732890606,6.640733242,,0.2666666666666666,0.4444444444444444,0,1,-6.261,0.619346559,6.5594353676,,0.2,0.3333333333333333,0.0,1,-5.67555,0.3746605515,4.7998175621,,0.1333333333333333,0.2222222222222222,0,1,-6.07628,0.3652327955,5.3046965599,,0.0666666666666666,0.1111111111111111,0.0,1,-6.10088,0.3637652099,6.0680909157,,0.2666666666666666,0.4444444444444444,0,1,-6.56564,0.3482483625,5.8537163734,,0.2,0.3333333333333333,0.0,1,-6.27403,0.3206829727,5.6306376457,,0.3333333333333333,0.4444444444444444,0.0,1,-6.26049,0.3128219843,5.0339269638,,0.1333333333333333,0.2222222222222222,0.0,1,-6.25176,0.2825349271,5.3401527405,,0.2666666666666666,0.4444444444444444,0,1,-6.37769,0.2793554068,5.2302298546,,0.2,0.3333333333333333,0.0,1,10
ZINC000472731067,-6.58071,0.4491567612,6.5714173317,,0.1333333333333333,0.2222222222222222,0,1,-6.30168,0.4307395816,6.3923201561,,0.2,0.3333333333333333,0.0,1,-5.64774,0.3357446492,6.0050640106,,0.2666666666666666,0.4444444444444444,0,1,-5.85234,0.2639907002,5.917289257,,0.1333333333333333,0.2222222222222222,0.0,1,-5.54319,0.2386350334,5.0562362671,,0.1333333333333333,0.2222222222222222,0,1,-5.32555,0.2143520564,5.0477910042,,0.2,0.2222222222222222,0.0,1,-5.05788,0.1804907024,5.8103542328,,0.1333333333333333,0.2222222222222222,0.0,1,-5.63755,0.1803879142,5.4546027184,,0.2,0.3333333333333333,0.0,1,-5.47419,0.1680117697,4.6805062294,,0.0666666666666666,0.1111111111111111,0,1,-5.82416,0.1613228321,5.0337085724,,0.2,0.3333333333333333,0.0,1,10
ZINC000477581497,-5.85315,0.4911423922,5.7840843201,,0.2666666666666666,0.3333333333333333,0,1,-6.76755,0.490572542,6.5267696381,,0.2,0.3333333333333333,0.0,1,-5.62184,0.4779456854,5.7776756287,,0.1333333333333333,0.2222222222222222,0,1,-6.2727,0.4641290903,5.6544289589,,0.2666666666666666,0.4444444444444444,0.0,1,-5.77117,0.3434698284,4.4257102013,,0.1333333333333333,0.2222222222222222,0,1,-6.56312,0.3332351446,6.0649337769,,0.2,0.3333333333333333,0.0,1,-7.17577,0.319904387,5.5160689354,,0.0666666666666666,0.1111111111111111,0.0,1,-7.25312,0.2896724939,5.6986384392,,0.1333333333333333,0.2222222222222222,0.0,1,-5.64822,0.2610185742,5.8012070656,,0.2,0.3333333333333333,0,1,-6.62097,0.2123274952,5.5572280884,,0.2,0.3333333333333333,0.0,1,10
ZINC000481871384,-5.96181,0.3355087638,5.5506100655,,0.1333333333333333,0.2222222222222222,0,1,-5.95206,0.2821106017,5.6538586617,,0.2666666666666666,0.4444444444444444,0.0,1,-5.4367,0.2554350793,5.5439038277,,0.0666666666666666,0.1111111111111111,0,1,-6.19855,0.2489384115,5.3302388191,,0.2,0.3333333333333333,0.0,1,-5.66564,0.2330687642,4.7965893745,,0.2,0.3333333333333333,0,1,-6.6255,0.2301627249,4.7476978302,,0.2,0.3333333333333333,0.0,1,-5.31311,0.2252694815,4.9886975288,,0.1333333333333333,0.2222222222222222,0.0,1,-5.28014,0.2239583135,5.5541491508,,0.2,0.3333333333333333,0.0,1,-5.66095,0.2219747454,4.9555277824,,0.1333333333333333,0.2222222222222222,0,1,-5.73701,0.220463559,5.485414505,,0.2,0.3333333333333333,0.0,1,10
ZINC000489289080,-5.76019,0.4492476583,5.6728711128,,0.2,0.3333333333333333,0,1,-5.57531,0.364657402,4.8787531853,,0.2,0.3333333333333333,0.0,1,-5.71788,0.3535513878,5.2397704124,,0.1333333333333333,0.2222222222222222,0,1,-5.95278,0.3512493074,5.4929013252,,0.2,0.3333333333333333,0.0,1,-5.89837,0.2985871434,5.0367941856,,0.2,0.3333333333333333,0,1,-5.77477,0.2964834273,5.3183426857,,0.2,0.3333333333333333,0.0,1,-5.46454,0.2495329529,4.9786701202,,0.2,0.3333333333333333,0.0,1,-5.67009,0.2348997295,4.7723026276,,0.1333333333333333,0.2222222222222222,0.0,1,-5.42906,0.2225466967,5.0825762749,,0.0666666666666666,0.1111111111111111,0,1,-5.74146,0.2173943222,5.0517930984,,0.1333333333333333,0.2222222222222222,0.0,1,10
ZINC000489661702,-6.26207,0.4605445266,5.3526511192,,0.2,0.3333333333333333,0,1,-5.43865,0.4489899874,6.0284233093,,0.2666666666666666,0.4444444444444444,0.0,1,-5.61895,0.3663772941,5.9034495354,,0.1333333333333333,0.2222222222222222,0,1,-5.68719,0.3128943443,4.5822296143,,0.2666666666666666,0.4444444444444444,0.0,1,-6.45746,0.2944944501,5.810426712,,0.2,0.3333333333333333,0,1,-5.85417,0.2870624065,4.9283499718,,0.1333333333333333,0.2222222222222222,0.0,1,-5.5631,0.2859036028,5.4998474121,,0.2,0.3333333333333333,0.0,1,-6.31587,0.2473494858,4.5473151207,,0.1333333333333333,0.2222222222222222,0.0,1,-5.61034,0.2434611171,4.388053894,,0.2,0.2222222222222222,0,1,-6.08365,0.2409957498,5.6337814331,,0.2,0.3333333333333333,0.0,1,10
ZINC000489709376,-6.5384,0.419385463,6.5945630074,,0.2,0.3333333333333333,0,1,-6.06646,0.3745391369,5.8591370583,,0.2,0.3333333333333333,0.0,1,-6.06437,0.3678255975,5.262365818,,0.2,0.3333333333333333,0,1,-6.24328,0.3310861588,5.2585053444,,0.1333333333333333,0.2222222222222222,0.0,1,-6.31241,0.3187003136,5.1794109344,,0.1333333333333333,0.2222222222222222,0,1,-5.92428,0.2884706259,5.6728377342,,0.2666666666666666,0.4444444444444444,0.0,1,-6.0836,0.2542279959,5.4698624611,,0.1333333333333333,0.2222222222222222,0.0,1,-5.98726,0.2513439357,5.3279452324,,0.2,0.3333333333333333,0.0,1,-6.39693,0.2427904606,5.9512867928,,0.2,0.3333333333333333,0,1,-6.3675,0.2285457104,5.4667162895,,0.2,0.3333333333333333,0.0,1,10
ZINC000510764899,-6.63006,0.6727992296,6.1671185493,,0.2,0.3333333333333333,0,1,-5.45329,0.5021106005,6.031150341,,0.2,0.3333333333333333,0.0,1,-6.1993,0.4575050175,5.6811556816,,0.1333333333333333,0.2222222222222222,0,1,-6.67819,0.2671996951,5.3950667381,,0.2,0.3333333333333333,0.0,1,-5.35052,0.2316448092,4.5808930397,,0.1333333333333333,0.2222222222222222,0,1,-5.35542,0.2240861505,4.4429073334,,0.1333333333333333,0.2222222222222222,0.0,1,-5.66954,0.2139997333,4.9500265121,,0.2,0.3333333333333333,0.0,1,-6.46284,0.2136859149,4.790473938,,0.2,0.3333333333333333,0.0,1,-6.38525,0.2105443627,4.7462100983,,0.0666666666666666,0.1111111111111111,0,1,-5.32683,0.209747836,4.6673622131,,0.2666666666666666,0.4444444444444444,0.0,1,10
ZINC000532666909,-5.57038,0.353592664,5.7335319519,,0.1333333333333333,0.2222222222222222,0,1,-6.3181,0.3270290196,5.6458039284,,0.1333333333333333,0.2222222222222222,0.0,1,-5.53687,0.2646431327,5.3007435799,,0.1333333333333333,0.2222222222222222,0,1,-6.05334,0.2464849949,5.2427425385,,0.2,0.3333333333333333,0.0,1,-5.98465,0.2383560687,4.8036460876,,0.1333333333333333,0.2222222222222222,0,1,-6.29734,0.2297701985,5.3095765114,,0.2666666666666666,0.4444444444444444,0.0,1,-5.39117,0.2233794779,4.3381142616,,0.2,0.3333333333333333,0.0,1,-5.10527,0.2179246694,5.0303721428,,0.2666666666666666,0.3333333333333333,0.0,1,-5.14192,0.2087722421,5.3458418846,,0.2,0.2222222222222222,0,1,-5.10433,0.2002159059,5.0530052185,,0.1333333333333333,0.2222222222222222,0.0,1,10
ZINC000540464449,-6.46905,0.6568081379,6.4229984283,,0.2666666666666666,0.3333333333333333,0,1,-6.20415,0.4704940021,6.2902541161,,0.2,0.3333333333333333,0.0,1,-6.23189,0.4193347692,6.0624775887,,0.2,0.3333333333333333,0,1,-6.29526,0.4159397483,6.3306622505,,0.2666666666666666,0.3333333333333333,0.0,1,-6.27594,0.2849199772,5.5996055603,,0.2666666666666666,0.3333333333333333,0,1,-5.95206,0.2274639457,5.0302810669,,0.3333333333333333,0.5555555555555556,0.0,1,-5.52521,0.2216591984,3.9519309998,,0.2666666666666666,0.3333333333333333,0.0,1,-5.23489,0.2140979022,4.4749102592,,0.3333333333333333,0.4444444444444444,0.0,1,-5.29696,0.1988312602,4.1181740761,,0.2,0.3333333333333333,0,1,-6.59336,0.1696568877,4.9824752808,,0.3333333333333333,0.3333333333333333,0.0,1,10
ZINC000543439597,-6.41433,0.4521358907,5.8987212181,,0.2,0.3333333333333333,0,1,-6.71099,0.2844687998,5.5015244484,,0.2666666666666666,0.4444444444444444,0.0,1,-5.81203,0.2673422992,5.0116467476,,0.1333333333333333,0.2222222222222222,0,1,-6.20877,0.2447466105,4.8170280457,,0.2,0.3333333333333333,0.0,1,-6.15581,0.2218020707,5.1601319313,,0.4,0.4444444444444444,0,1,-6.28019,0.22122024,4.6093935966,,0.2666666666666666,0.3333333333333333,0.0,1,-6.58412,0.21283108,5.0918831825,,0.2,0.3333333333333333,0.0,1,-6.3303,0.2126237303,4.7131171227,,0.1333333333333333,0.2222222222222222,0.0,1,-6.70526,0.2110569179,5.227915287,,0.2,0.3333333333333333,0,1,-6.3398,0.2019692659,4.1566662788,,0.2666666666666666,0.3333333333333333,0.0,1,10
ZINC000546071145,-5.84392,0.4048719108,5.8564314842,,0.2,0.3333333333333333,0,1,-6.20225,0.3579947054,5.7256827354,,0.2,0.3333333333333333,0.0,1,-6.44524,0.3353285491,5.6686553955,,0.2,0.3333333333333333,0,1,-6.16405,0.2809788585,6.184533596,,0.6,0.6666666666666666,0.0,1,-6.34136,0.2797808945,5.3657016754,,0.2,0.3333333333333333,0,1,-5.28319,0.2753096521,5.3789029121,,0.2666666666666666,0.4444444444444444,0.0,1,-6.22982,0.2523579895,5.0094285011,,0.2,0.3333333333333333,0.0,1,-6.0231,0.2366891801,4.8753108978,,0.2666666666666666,0.3333333333333333,0.0,1,-5.76009,0.2226595134,5.088198185,,0.1333333333333333,0.2222222222222222,0,1,-6.2659,0.2113908082,5.4972515106,,0.2666666666666666,0.4444444444444444,0.0,1,10
ZINC000562358645,-5.96592,0.3179987073,5.2475895882,,0.1333333333333333,0.2222222222222222,0,1,-5.37573,0.3072096407,5.593275547,,0.1333333333333333,0.1111111111111111,0.0,1,-6.04918,0.2551204562,5.4927000999,,0.0666666666666666,0.1111111111111111,0,1,-6.11773,0.2484588325,5.8743262291,,0.1333333333333333,0.2222222222222222,0.0,1,-6.90916,0.2426536679,5.4176774025,,0.2,0.3333333333333333,0,1,-5.20405,0.2080235332,4.6908745766,,0.2,0.3333333333333333,0.0,1,-6.03491,0.2019814849,5.927546978,,0.1333333333333333,0.2222222222222222,0.0,1,-5.37662,0.1995941401,4.698451519,,0.2,0.2222222222222222,0.0,1,-5.9383,0.1931219548,5.6693782806,,0.3333333333333333,0.3333333333333333,0,1,-6.28473,0.1886634976,5.0600848198,,0.3333333333333333,0.5555555555555556,0.0,1,10
ZINC000564374315,-6.22038,0.7515887618,6.8920340538,,0.0,0.0,0,1,-6.3698,0.6429904699,6.649576664,,0.0666666666666666,0.1111111111111111,0.0,1,-5.67876,0.5364053845,6.4002056122,,0.1333333333333333,0.2222222222222222,0,1,-5.72029,0.4424038827,5.1292424202,,0.1333333333333333,0.2222222222222222,0.0,1,-5.67539,0.3109886944,5.4646968842,,0.2,0.3333333333333333,0,1,-5.80446,0.2967089713,6.0685162544,,0.2,0.3333333333333333,0.0,1,-5.4735,0.2896386385,4.8142943382,,0.1333333333333333,0.2222222222222222,0.0,1,-5.23113,0.2774147093,5.9792704582,,0.2,0.2222222222222222,0.0,1,-5.45462,0.2544243634,5.2703475952,,0.1333333333333333,0.2222222222222222,0,1,-5.53812,0.2446961701,5.1948437691,,0.2,0.3333333333333333,0.0,1,10
ZINC000567306177,-6.1323,0.599945128,6.6476502419,,0.2666666666666666,0.4444444444444444,0,1,-6.39877,0.581520021,6.7815213203,,0.3333333333333333,0.3333333333333333,0.0,1,-5.5158,0.5715749264,6.4935588837,,0.2,0.2222222222222222,0,1,-6.10334,0.353630513,5.9934425354,,0.1333333333333333,0.2222222222222222,0.0,1,-5.83464,0.3187376261,5.8093514442,,0.1333333333333333,0.2222222222222222,0,1,-5.53391,0.3111579418,5.1521720886,,0.2,0.3333333333333333,0.0,1,-5.31108,0.2871543765,5.8808274269,,0.2,0.3333333333333333,0.0,1,-6.1477,0.2538822293,5.768892765,,0.4,0.4444444444444444,0.0,1,-5.34678,0.2459608316,4.8492622375,,0.2,0.2222222222222222,0,1,-5.20552,0.2360377312,5.2691159248,,0.2666666666666666,0.4444444444444444,0.0,1,10
ZINC000568392319,-6.64886,0.7526330352,6.2778143883,,0.4,0.5555555555555556,0,1,-6.55191,0.74773103,6.0186810493,,0.3333333333333333,0.5555555555555556,0.0,1,-6.25671,0.6107798815,5.3825244904,,0.4,0.5555555555555556,0,1,-6.15038,0.5950145721,6.2036528587,,0.2666666666666666,0.4444444444444444,0.0,1,-5.89965,0.5686600208,6.3963336945,,0.3333333333333333,0.5555555555555556,0,1,-6.47677,0.5192574859,5.820959568,,0.3333333333333333,0.4444444444444444,0.0,1,-5.83229,0.5153921843,6.1134223938,,0.3333333333333333,0.5555555555555556,0.0,1,-5.52472,0.3769213259,5.5666537285,,0.2,0.3333333333333333,0.0,1,-6.22973,0.3427492082,5.9005084038,,0.4,0.5555555555555556,0,1,-5.88898,0.3371126056,5.26973629,,0.1333333333333333,0.2222222222222222,0.0,1,10
ZINC000570101725,-6.3758,0.3484650552,5.7947430611,,0.2666666666666666,0.4444444444444444,0,1,-5.57427,0.3057570159,6.4813933372,,0.2,0.3333333333333333,0.0,1,-5.73329,0.2790126503,5.5994734764,,0.1333333333333333,0.2222222222222222,0,1,-5.83459,0.2693647146,5.3465819359,,0.2666666666666666,0.4444444444444444,0.0,1,-6.53607,0.2299085855,4.6838765144,,0.1333333333333333,0.3333333333333333,0,1,-6.46529,0.2258507311,5.0278840065,,0.1333333333333333,0.2222222222222222,0.0,1,-6.23546,0.225558728,4.6327519417,,0.2,0.2222222222222222,0.0,1,-5.7061,0.218958348,4.7935314178,,0.1333333333333333,0.2222222222222222,0.0,1,-6.39794,0.2123645246,4.4539451599,,0.1333333333333333,0.2222222222222222,0,1,-6.28168,0.2051111609,4.6781668663,,0.2,0.3333333333333333,0.0,1,10
ZINC000570822124,-5.73432,0.2921405137,5.7948660851,,0.2666666666666666,0.3333333333333333,0,1,-6.7192,0.2895495892,5.7291293144,,0.3333333333333333,0.4444444444444444,0.0,1,-6.38471,0.2806871533,5.5877914429,,0.4,0.5555555555555556,0,1,-5.64706,0.2669842243,3.6788682938,,0.1333333333333333,0.2222222222222222,0.0,1,-6.38347,0.261583358,5.4272236824,,0.2666666666666666,0.3333333333333333,0,1,-7.05503,0.2442019433,4.8722858429,,0.1333333333333333,0.2222222222222222,0.0,1,-5.65741,0.2439029366,4.1942648888,,0.1333333333333333,0.2222222222222222,0.0,1,-7.51231,0.2323357016,5.5065498352,,0.4,0.7777777777777778,0.0,1,-5.90504,0.2220679075,4.5268249512,,0.0,0.1111111111111111,0,1,-6.00541,0.2188945562,4.25126791,,0.3333333333333333,0.4444444444444444,0.0,1,10
ZINC000575420192,-6.56467,0.4081912041,4.8857440948,,0.2,0.3333333333333333,0,1,-6.07738,0.2424195409,4.5423197746,,0.2,0.3333333333333333,0.0,1,-6.02638,0.226893127,4.925845623,,0.0666666666666666,0.2222222222222222,0,1,-5.88754,0.2167363316,3.8593654633,,0.3333333333333333,0.4444444444444444,0.0,1,-6.09931,0.2074349672,4.424893856,,0.2666666666666666,0.3333333333333333,0,1,-6.22544,0.1937068254,5.0454611778,,0.1333333333333333,0.2222222222222222,0.0,1,-7.21057,0.1929782033,5.1616921425,,0.0666666666666666,0.2222222222222222,0.0,1,-6.65694,0.1904611439,4.9127659798,,0.2666666666666666,0.3333333333333333,0.0,1,-7.40326,0.1858305335,5.1933555603,,0.2,0.3333333333333333,0,1,-6.89852,0.1781430542,4.5576367378,,0.3333333333333333,0.4444444444444444,0.0,1,10
ZINC000578668638,-5.25442,0.6092509031,5.0019946098,,0.3333333333333333,0.4444444444444444,0,1,-5.80221,0.4037573636,4.8674302101,,0.3333333333333333,0.3333333333333333,0.0,1,-5.11819,0.3190396726,4.6409626007,,0.2,0.2222222222222222,0,1,-5.17198,0.2928394079,4.6633238792,,0.2,0.2222222222222222,0.0,1,-5.05329,0.2679722309,4.7931346893,,0.2,0.3333333333333333,0,1,-4.99005,0.2452462912,4.4333496094,,0.2666666666666666,0.3333333333333333,0.0,1,-5.64486,0.2348371297,4.797624588,,0.2666666666666666,0.3333333333333333,0.0,1,-5.53838,0.2239893079,4.1164259911,,0.2,0.2222222222222222,0.0,1,-5.64505,0.2235106379,4.9172649384,,0.4666666666666667,0.5555555555555556,0,1,-4.17435,0.1988328695,4.0460977554,,0.2,0.4444444444444444,0.0,1,10
ZINC000582695013,-6.9968,0.6596675515,6.2419753075,,0.1333333333333333,0.2222222222222222,0,1,-6.95892,0.6594332457,6.2918872833,,0.1333333333333333,0.2222222222222222,0.0,1,-7.09696,0.6538204551,6.4292678833,,0.2,0.3333333333333333,0,1,-6.71598,0.5795684457,6.335041523,,0.4,0.6666666666666666,0.0,1,-5.76472,0.42821154,4.8042464256,,0.2666666666666666,0.3333333333333333,0,1,-5.69997,0.391271174,5.6417860985,,0.1333333333333333,0.2222222222222222,0.0,1,-6.26043,0.3042430878,5.7445793152,,0.0666666666666666,0.1111111111111111,0.0,1,-6.00769,0.2554010153,5.4242348671,,0.0666666666666666,0.1111111111111111,0.0,1,-5.28485,0.2505057156,4.5407757759,,0.1333333333333333,0.2222222222222222,0,1,-6.29965,0.2489077151,5.4311480522,,0.2,0.3333333333333333,0.0,1,10
ZINC000585270814,-8.93363,0.8176495433,6.0820713043,,0.1333333333333333,0.2222222222222222,0,1,-8.47518,0.5200908184,5.8735775948,,0.1333333333333333,0.2222222222222222,0.0,1,-7.75671,0.4130247235,5.4741892815,,0.2,0.3333333333333333,0,1,-6.6852,0.3742969632,5.9068961143,,0.2,0.3333333333333333,0.0,1,-8.37111,0.3527185619,5.3230528831,,0.1333333333333333,0.2222222222222222,0,1,-7.25319,0.3467606306,6.4234752655,,0.2,0.3333333333333333,0.0,1,-6.29169,0.3162633777,5.1079955101,,0.1333333333333333,0.3333333333333333,0.0,1,-7.22821,0.3114017248,5.6401462555,,0.3333333333333333,0.4444444444444444,0.0,1,-7.91726,0.2680192292,5.3706078529,,0.2,0.3333333333333333,0,1,-6.65433,0.2303000242,5.1683778763,,0.1333333333333333,0.2222222222222222,0.0,1,10
ZINC000585291245,-7.86589,0.7679517269,7.4443259239,,0.3333333333333333,0.5555555555555556,0,1,-6.97857,0.7578108907,6.7782611847,,0.3333333333333333,0.5555555555555556,0.0,1,-7.82516,0.6918812394,7.2600765228,,0.2666666666666666,0.4444444444444444,0,1,-8.08076,0.5038336515,6.7327289581,,0.2666666666666666,0.4444444444444444,0.0,1,-7.10111,0.4951023757,6.5731067657,,0.4,0.6666666666666666,0,1,-8.67995,0.447603792,6.3921980858,,0.4666666666666667,0.5555555555555556,0.0,1,-7.14983,0.4371656477,6.4681510925,,0.4,0.4444444444444444,0.0,1,-7.61482,0.4287228286,5.8385834694,,0.4,0.6666666666666666,0.0,1,-8.16436,0.3824726343,6.2095036507,,0.2666666666666666,0.4444444444444444,0,1,-7.59459,0.3732408881,6.6127114296,,0.3333333333333333,0.5555555555555556,0.0,1,10
ZINC000607151186,-6.73837,0.334452033,5.9268965721,,0.2,0.2222222222222222,0,1,-6.42789,0.2905997038,4.8111157417,,0.2,0.3333333333333333,0.0,1,-5.77637,0.2753719091,5.159570694,,0.1333333333333333,0.2222222222222222,0,1,-6.5856,0.2699035704,6.0354180336,,0.1333333333333333,0.2222222222222222,0.0,1,-6.76884,0.2567550242,5.6405529976,,0.2,0.2222222222222222,0,1,-6.44137,0.2380609959,5.2031726837,,0.2,0.3333333333333333,0.0,1,-6.32399,0.2290067375,5.9134674072,,0.3333333333333333,0.5555555555555556,0.0,1,-6.53262,0.2095667571,5.3352484703,,0.1333333333333333,0.2222222222222222,0.0,1,-6.48586,0.2018914819,5.6520810127,,0.2666666666666666,0.4444444444444444,0,1,-6.05117,0.1921395957,5.2494907379,,0.0666666666666666,0.1111111111111111,0.0,1,10
ZINC000613011809,-6.21116,0.5254496336,6.8767027855,,0.1333333333333333,0.2222222222222222,0,1,-6.00481,0.5143467188,6.3750534058,,0.2,0.3333333333333333,0.0,1,-6.39426,0.4700228274,6.316092968,,0.3333333333333333,0.3333333333333333,0,1,-6.11405,0.4614623487,6.1444115639,,0.2666666666666666,0.3333333333333333,0.0,1,-6.16591,0.3678875268,5.8177304268,,0.4,0.5555555555555556,0,1,-6.30761,0.3638329506,6.1060142517,,0.1333333333333333,0.2222222222222222,0.0,1,-5.61437,0.3487678766,5.9694538116,,0.1333333333333333,0.2222222222222222,0.0,1,-6.41064,0.3475019038,6.0059242249,,0.2,0.3333333333333333,0.0,1,-5.92934,0.3471107781,6.0383219719,,0.3333333333333333,0.3333333333333333,0,1,-5.28064,0.2889415324,6.0607762337,,0.1333333333333333,0.2222222222222222,0.0,1,10
ZINC000621267983,-5.5748,0.4817803502,5.456193924,,0.1333333333333333,0.2222222222222222,0,1,-5.98257,0.365988642,5.0420145988,,0.2,0.3333333333333333,0.0,1,-6.94739,0.3650673628,5.76846838,,0.2,0.3333333333333333,0,1,-6.13922,0.3621051311,5.4195461273,,0.1333333333333333,0.2222222222222222,0.0,1,-5.69033,0.3275600374,4.7829546928,,0.0,0.0,0,1,-6.71984,0.2854799032,6.0970020294,,0.2,0.3333333333333333,0.0,1,-6.52931,0.2773288488,5.1858963966,,0.2,0.3333333333333333,0.0,1,-5.43437,0.2639816999,5.2205619812,,0.1333333333333333,0.2222222222222222,0.0,1,-6.59374,0.2500032187,6.0539469719,,0.4,0.6666666666666666,0,1,-6.0169,0.2499468476,4.8183689117,,0.2666666666666666,0.3333333333333333,0.0,1,10
ZINC000621296310,-5.49952,0.5046889186,5.356197834,,0.1333333333333333,0.2222222222222222,0,1,-5.54978,0.4529160857,4.8204169273,,0.1333333333333333,0.2222222222222222,0.0,1,-5.32598,0.4322380722,5.129509449,,0.0,0.0,0,1,-5.28132,0.3271174729,5.1390223503,,0.0,0.0,0.0,1,-5.72105,0.2410514206,5.5216727257,,0.2,0.3333333333333333,0,1,-5.75376,0.2336013168,5.344083786,,0.1333333333333333,0.2222222222222222,0.0,1,-6.49936,0.231430307,5.2813982964,,0.0666666666666666,0.1111111111111111,0.0,1,-6.46741,0.2305595726,5.7463316917,,0.2,0.3333333333333333,0.0,1,-5.30838,0.2225835025,5.3648171425,,0.1333333333333333,0.2222222222222222,0,1,-6.38325,0.2203935087,5.4494571686,,0.2666666666666666,0.4444444444444444,0.0,1,10
ZINC000621298788,-5.58959,0.4066127837,5.4474806786,,0.0,0.0,0,1,-6.07598,0.4002508819,5.5339736938,,0.1333333333333333,0.2222222222222222,0.0,1,-6.08939,0.3521564901,6.00415802,,0.2666666666666666,0.4444444444444444,0,1,-6.81303,0.3429742754,5.6740679741,,0.1333333333333333,0.2222222222222222,0.0,1,-5.56509,0.3062943816,5.4172406197,,0.2,0.2222222222222222,0,1,-6.03899,0.298697561,5.5069842339,,0.1333333333333333,0.2222222222222222,0.0,1,-6.64917,0.2947863042,5.3238778114,,0.1333333333333333,0.2222222222222222,0.0,1,-5.40596,0.2770567834,4.6795239449,,0.0,0.0,0.0,1,-6.54898,0.273581028,5.2087287903,,0.1333333333333333,0.2222222222222222,0,1,-5.75378,0.2687830925,4.9726166725,,0.2,0.3333333333333333,0.0,1,10
ZINC000625379001,-6.72728,0.4253972173,5.6548600197,,0.2666666666666666,0.4444444444444444,0,1,-5.74769,0.4011404216,5.4331765175,,0.1333333333333333,0.2222222222222222,0.0,1,-5.53573,0.378388077,6.0239777565,,0.6,0.8888888888888888,0,1,-6.85232,0.3007271886,5.7114930153,,0.2,0.3333333333333333,0.0,1,-6.09241,0.2091984451,5.3471469879,,0.2,0.3333333333333333,0,1,-5.72,0.2075999826,4.5212655067,,0.1333333333333333,0.2222222222222222,0.0,1,-5.61659,0.2016964853,4.6954874992,,0.2666666666666666,0.4444444444444444,0.0,1,-5.46056,0.1982788891,4.9748077393,,0.1333333333333333,0.2222222222222222,0.0,1,-5.70544,0.1930642277,4.3043227196,,0.2,0.3333333333333333,0,1,-5.85307,0.1892012656,4.9155502319,,0.2666666666666666,0.4444444444444444,0.0,1,10
ZINC000627386532,-5.71626,0.8322336078,6.0381126404,,0.3333333333333333,0.4444444444444444,0,1,-5.55947,0.8225586414,6.370798111,,0.3333333333333333,0.3333333333333333,0.0,1,-5.83867,0.786649406,6.372862339,,0.6,0.7777777777777778,0,1,-5.61143,0.7522459626,5.9261889458,,0.2,0.3333333333333333,0.0,1,-5.36422,0.7339708209,5.7490196228,,0.4,0.5555555555555556,0,1,-5.28074,0.7319049239,6.0690665245,,0.3333333333333333,0.4444444444444444,0.0,1,-5.66996,0.6379209757,6.3489570618,,0.3333333333333333,0.4444444444444444,0.0,1,-5.9047,0.6286042333,5.8707108498,,0.4666666666666667,0.5555555555555556,0.0,1,-6.02707,0.5331382751,6.0499043465,,0.4666666666666667,0.7777777777777778,0,1,-5.54881,0.3972963691,5.4598960876,,0.2,0.3333333333333333,0.0,1,10
ZINC000631728085,-5.8366,0.3294332922,5.3249435425,,0.1333333333333333,0.2222222222222222,0,1,-6.70863,0.3031332195,6.1968250275,,0.3333333333333333,0.5555555555555556,0.0,1,-5.05068,0.2611488402,5.1508440971,,0.0666666666666666,0.1111111111111111,0,1,-5.38193,0.1981896758,4.7253699303,,0.1333333333333333,0.2222222222222222,0.0,1,-5.59664,0.1868796498,4.9349265099,,0.2666666666666666,0.4444444444444444,0,1,-5.58277,0.1858493984,4.6313033104,,0.1333333333333333,0.2222222222222222,0.0,1,-5.8381,0.1841064692,5.4882378578,,0.4,0.6666666666666666,0.0,1,-6.22676,0.1759368777,5.2754616737,,0.2666666666666666,0.4444444444444444,0.0,1,-5.78368,0.1717279851,4.4691185951,,0.2,0.3333333333333333,0,1,-6.61247,0.1707437932,5.3425312042,,0.2666666666666666,0.4444444444444444,0.0,1,10
ZINC000631731846,-6.48375,0.5240274668,6.847307682,,0.1333333333333333,0.2222222222222222,0,1,-6.29807,0.2681493461,5.5627684593,,0.1333333333333333,0.2222222222222222,0.0,1,-5.56225,0.2454122454,5.946835041,,0.2,0.3333333333333333,0,1,-5.89048,0.2307742536,5.8418402672,,0.2,0.3333333333333333,0.0,1,-6.28313,0.2284626663,5.0169258118,,0.1333333333333333,0.2222222222222222,0,1,-5.30795,0.2130800784,4.7750887871,,0.2,0.2222222222222222,0.0,1,-5.7462,0.2077328414,5.4612078667,,0.2,0.2222222222222222,0.0,1,-5.50943,0.2034512758,4.8609747887,,0.0666666666666666,0.1111111111111111,0.0,1,-5.78815,0.20281744,5.3768219948,,0.1333333333333333,0.2222222222222222,0,1,-5.79694,0.202037856,5.3563270569,,0.2,0.3333333333333333,0.0,1,10
ZINC000632040725,-5.87702,0.331245333,5.5639305115,,0.2,0.2222222222222222,0,1,-6.34463,0.3223866224,6.138818264,,0.3333333333333333,0.5555555555555556,0.0,1,-5.81134,0.2743568122,5.0405864716,,0.0666666666666666,0.1111111111111111,0,1,-5.7075,0.2651653588,6.1140522957,,0.0666666666666666,0.1111111111111111,0.0,1,-6.72838,0.2581019104,5.9627585411,,0.2,0.3333333333333333,0,1,-6.0639,0.2514465153,5.0068974495,,0.2,0.2222222222222222,0.0,1,-5.785,0.2338473201,5.6490597725,,0.1333333333333333,0.2222222222222222,0.0,1,-6.15716,0.2255410254,5.0067629814,,0.1333333333333333,0.3333333333333333,0.0,1,-5.88441,0.2253147811,5.5512566566,,0.0666666666666666,0.1111111111111111,0,1,-6.4908,0.2169423997,5.4714331627,,0.1333333333333333,0.2222222222222222,0.0,1,10
ZINC000632304631,-6.04149,0.4397905171,5.0462174416,,0.1333333333333333,0.2222222222222222,0,1,-5.61959,0.2913213372,5.3228936195,,0.1333333333333333,0.2222222222222222,0.0,1,-5.29774,0.2542613149,5.0693573952,,0.2,0.3333333333333333,0,1,-6.422,0.2535030246,5.502099514,,0.3333333333333333,0.4444444444444444,0.0,1,-6.46443,0.2466022819,5.1031184196,,0.2666666666666666,0.4444444444444444,0,1,-5.52911,0.2390913963,4.9068846703,,0.3333333333333333,0.3333333333333333,0.0,1,-6.62939,0.214304477,5.4086418152,,0.2,0.3333333333333333,0.0,1,-6.4318,0.212208569,5.1992211342,,0.3333333333333333,0.4444444444444444,0.0,1,-5.44892,0.2012103796,4.1466851234,,0.1333333333333333,0.2222222222222222,0,1,-6.00308,0.1796837598,4.4734387398,,0.2666666666666666,0.3333333333333333,0.0,1,10
ZINC000632337436,-6.78194,0.4911804795,6.1839585304,,0.2,0.3333333333333333,0,1,-7.02112,0.3961203098,6.2081623077,,0.0666666666666666,0.1111111111111111,0.0,1,-6.47018,0.357247144,6.1223888397,,0.1333333333333333,0.2222222222222222,0,1,-6.68865,0.3350049555,5.5223269463,,0.1333333333333333,0.2222222222222222,0.0,1,-6.97066,0.2540483773,5.3560967445,,0.2,0.3333333333333333,0,1,-5.45445,0.2451420426,5.4770655632,,0.0666666666666666,0.1111111111111111,0.0,1,-5.64001,0.2258980274,5.8579273224,,0.2666666666666666,0.3333333333333333,0.0,1,-6.96198,0.2236341536,5.7006115913,,0.2,0.3333333333333333,0.0,1,-5.56923,0.2230979651,5.3012366295,,0.2,0.2222222222222222,0,1,-5.83689,0.2216582298,4.893037796,,0.1333333333333333,0.2222222222222222,0.0,1,10
ZINC000632499405,-5.85408,0.5742931366,5.2715620995,,0.1333333333333333,0.1111111111111111,0,1,-5.99708,0.391025871,4.9735321999,,0.1333333333333333,0.2222222222222222,0.0,1,-6.85464,0.3803211749,5.9262866974,,0.5333333333333333,0.7777777777777778,0,1,-6.07884,0.3714835942,5.9482998848,,0.2,0.3333333333333333,0.0,1,-5.60867,0.3073411882,5.8717575073,,0.1333333333333333,0.2222222222222222,0,1,-6.12185,0.3041833937,5.2175307274,,0.2,0.3333333333333333,0.0,1,-6.92763,0.3012406528,5.4448699951,,0.4,0.6666666666666666,0.0,1,-6.59256,0.2732416689,5.6949195862,,0.2666666666666666,0.4444444444444444,0.0,1,-6.76658,0.2692134678,5.4813346863,,0.4666666666666667,0.7777777777777778,0,1,-5.53363,0.2556191981,5.1478443146,,0.2,0.2222222222222222,0.0,1,10
ZINC000632548774,-5.60026,0.4744786024,6.7368645668,,0.2,0.2222222222222222,0,1,-5.01353,0.3231540322,5.1512961388,,0.1333333333333333,0.2222222222222222,0.0,1,-5.52366,0.3226640821,6.0919032097,,0.1333333333333333,0.2222222222222222,0,1,-5.44269,0.3181357682,6.0029754639,,0.2,0.3333333333333333,0.0,1,-5.9826,0.307746917,6.2973308563,,0.0666666666666666,0.1111111111111111,0,1,-4.8254,0.303042531,5.3577542305,,0.0666666666666666,0.1111111111111111,0.0,1,-5.26981,0.2790151834,5.8427329063,,0.0666666666666666,0.1111111111111111,0.0,1,-5.16643,0.217961967,4.9275250435,,0.0666666666666666,0.1111111111111111,0.0,1,-5.54683,0.1852916628,5.9979176521,,0.4,0.4444444444444444,0,1,-5.6226,0.1848867238,5.4295172691,,0.2666666666666666,0.4444444444444444,0.0,1,10
ZINC000632556348,-5.42294,0.4459460378,5.4888362885,,0.2,0.3333333333333333,0,1,-6.10578,0.2393870503,5.010679245,,0.1333333333333333,0.2222222222222222,0.0,1,-5.48364,0.2087280154,4.9856162071,,0.2666666666666666,0.4444444444444444,0,1,-5.47204,0.1872745752,4.3941445351,,0.0666666666666666,0.2222222222222222,0.0,1,-5.88766,0.174058944,4.9788551331,,0.1333333333333333,0.2222222222222222,0,1,-5.2976,0.1646388471,4.7421078682,,0.1333333333333333,0.2222222222222222,0.0,1,-5.52949,0.1630695611,4.7320055962,,0.2666666666666666,0.3333333333333333,0.0,1,-5.22418,0.1572313458,4.6834244728,,0.2,0.2222222222222222,0.0,1,-5.25103,0.1467308253,5.3150839806,,0.3333333333333333,0.5555555555555556,0,1,-5.903,0.1403561831,4.8153066635,,0.1333333333333333,0.2222222222222222,0.0,1,10
ZINC000632595761,-6.20165,0.3259817958,5.9423809052,,0.2666666666666666,0.3333333333333333,0,1,-5.44922,0.2885284126,5.362341404,,0.2666666666666666,0.4444444444444444,0.0,1,-6.11108,0.2713349462,6.3656163216,,0.2666666666666666,0.4444444444444444,0,1,-6.55083,0.2468420565,5.7224006653,,0.2,0.3333333333333333,0.0,1,-5.53388,0.2468234301,4.2782306671,,0.1333333333333333,0.2222222222222222,0,1,-5.75147,0.2458358258,6.1849007607,,0.2666666666666666,0.4444444444444444,0.0,1,-5.50224,0.2223569453,4.1188521385,,0.0,0.0,0.0,1,-6.26731,0.2131744772,4.9434609413,,0.0666666666666666,0.1111111111111111,0.0,1,-5.67257,0.1865309328,6.0154709816,,0.2666666666666666,0.3333333333333333,0,1,-6.37649,0.185730502,4.5810294151,,0.0666666666666666,0.1111111111111111,0.0,1,10
ZINC000638562602,-5.57159,0.3881335557,4.7942581177,,0.0666666666666666,0.1111111111111111,0,1,-6.27043,0.3333963752,5.727039814,,0.2,0.3333333333333333,0.0,1,-6.26673,0.3308972716,5.7445015907,,0.2,0.3333333333333333,0,1,-5.94255,0.3284640908,4.766313076,,0.2,0.3333333333333333,0.0,1,-5.26469,0.2461562902,5.5959649086,,0.1333333333333333,0.2222222222222222,0,1,-5.45779,0.2459182739,4.9622282982,,0.1333333333333333,0.2222222222222222,0.0,1,-6.26716,0.2355526239,4.9046459198,,0.1333333333333333,0.2222222222222222,0.0,1,-6.46471,0.2348279357,5.0893845558,,0.1333333333333333,0.2222222222222222,0.0,1,-6.13663,0.2142196298,4.9760818481,,0.1333333333333333,0.2222222222222222,0,1,-5.27881,0.2054783702,4.7937579155,,0.1333333333333333,0.2222222222222222,0.0,1,10
ZINC000640049552,-5.65255,0.8056918979,6.8522777557,,0.2666666666666666,0.4444444444444444,0,1,-6.23136,0.6451640129,6.1402726173,,0.2,0.3333333333333333,0.0,1,-6.04105,0.6297380328,5.7707180977,,0.2,0.3333333333333333,0,1,-5.63225,0.6216911077,6.6606535912,,0.2666666666666666,0.4444444444444444,0.0,1,-5.62796,0.5680266619,5.9881138802,,0.3333333333333333,0.5555555555555556,0,1,-5.90826,0.4703970551,5.0830740929,,0.0666666666666666,0.1111111111111111,0.0,1,-6.12794,0.4586767852,5.1050486565,,0.0666666666666666,0.1111111111111111,0.0,1,-5.74324,0.4402626157,5.3242268562,,0.2,0.3333333333333333,0.0,1,-5.66421,0.4047972858,5.6783280373,,0.2666666666666666,0.4444444444444444,0,1,-5.92025,0.3265959024,5.215446949,,0.2,0.3333333333333333,0.0,1,10
ZINC000641650762,-7.23436,0.5605289936,6.3964347839,,0.2666666666666666,0.4444444444444444,0,1,-6.47249,0.5521859527,6.0885443687,,0.2666666666666666,0.4444444444444444,0.0,1,-6.79059,0.4288413227,5.8344035149,,0.2,0.3333333333333333,0,1,-5.50036,0.3973267674,5.5143909454,,0.1333333333333333,0.2222222222222222,0.0,1,-6.07496,0.3780902624,6.0086936951,,0.2,0.3333333333333333,0,1,-6.44179,0.3533861041,5.4806289673,,0.2,0.3333333333333333,0.0,1,-6.48666,0.2942628264,5.1412568092,,0.2,0.3333333333333333,0.0,1,-5.84915,0.2891512811,4.8373913765,,0.1333333333333333,0.2222222222222222,0.0,1,-6.39406,0.2871257961,5.409072876,,0.1333333333333333,0.2222222222222222,0,1,-6.35887,0.2681527734,4.9450964928,,0.2,0.3333333333333333,0.0,1,10
ZINC000647081360,-6.51974,0.7372408509,6.5123343468,,0.2666666666666666,0.3333333333333333,0,1,-6.18941,0.5847780704,6.505651474,,0.2666666666666666,0.4444444444444444,0.0,1,-6.99381,0.549821198,6.3609871864,,0.2,0.3333333333333333,0,1,-7.50236,0.53711164,6.4363236427,,0.2666666666666666,0.3333333333333333,0.0,1,-7.13685,0.4450294077,6.3254966736,,0.3333333333333333,0.4444444444444444,0,1,-5.76095,0.3991551995,5.7511200905,,0.2666666666666666,0.4444444444444444,0.0,1,-7.56785,0.3608471453,5.7444243431,,0.2,0.3333333333333333,0.0,1,-7.10901,0.3345056474,5.7230696678,,0.4,0.6666666666666666,0.0,1,-7.53838,0.3098265827,5.8261666298,,0.2666666666666666,0.4444444444444444,0,1,-5.85671,0.2179523855,5.0164227486,,0.1333333333333333,0.2222222222222222,0.0,1,10
ZINC000648178397,-7.3814,0.5399190187,6.4741034508,,0.2666666666666666,0.4444444444444444,0,1,-7.12713,0.47784096,6.5892653465,,0.3333333333333333,0.5555555555555556,0.0,1,-6.59295,0.3987087011,5.9833855629,,0.2,0.3333333333333333,0,1,-6.62648,0.3528136909,5.8716473579,,0.2666666666666666,0.3333333333333333,0.0,1,-5.89834,0.3269983232,5.3535995483,,0.4,0.4444444444444444,0,1,-5.64945,0.2986544371,5.2198882103,,0.1333333333333333,0.2222222222222222,0.0,1,-6.11974,0.2970382273,5.6872220039,,0.3333333333333333,0.3333333333333333,0.0,1,-5.48954,0.2933407128,5.0537829399,,0.2,0.2222222222222222,0.0,1,-6.21427,0.2787482142,5.1132950783,,0.2,0.3333333333333333,0,1,-5.75834,0.2623938024,4.7588977814,,0.0666666666666666,0.1111111111111111,0.0,1,10
ZINC000656999806,-5.67386,0.4504296184,5.3987030983,,0.0666666666666666,0.1111111111111111,0,1,-7.0511,0.3302979469,5.9363918304,,0.0666666666666666,0.1111111111111111,0.0,1,-6.26169,0.306625843,6.1721382141,,0.3333333333333333,0.5555555555555556,0,1,-6.99198,0.267939806,5.6573104858,,0.2,0.3333333333333333,0.0,1,-6.90742,0.247229293,5.2817091942,,0.1333333333333333,0.2222222222222222,0,1,-5.54107,0.2428357303,4.9141392708,,0.2666666666666666,0.3333333333333333,0.0,1,-5.54691,0.2236464322,4.3031954765,,0.0666666666666666,0.1111111111111111,0.0,1,-5.81961,0.2015018314,5.5375390053,,0.1333333333333333,0.2222222222222222,0.0,1,-6.65187,0.189776659,4.2888965607,,0.1333333333333333,0.2222222222222222,0,1,-6.70763,0.1881912202,4.7398066521,,0.1333333333333333,0.2222222222222222,0.0,1,10
ZINC000657123287,-6.4532,0.315833509,6.0911879539,,0.2,0.3333333333333333,0,1,-6.24626,0.286711216,6.0819544792,,0.2,0.3333333333333333,0.0,1,-5.9917,0.2741446197,6.0426659584,,0.1333333333333333,0.2222222222222222,0,1,-5.26281,0.2426100075,5.8032345772,,0.2,0.3333333333333333,0.0,1,-6.18705,0.2235903442,5.8438611031,,0.0666666666666666,0.2222222222222222,0,1,-6.13938,0.2069261521,5.4811415672,,0.1333333333333333,0.2222222222222222,0.0,1,-5.64542,0.2035337836,5.3028316498,,0.1333333333333333,0.2222222222222222,0.0,1,-5.45966,0.1816360354,5.5931663513,,0.1333333333333333,0.2222222222222222,0.0,1,-5.48509,0.1788174063,4.2742118835,,0.2666666666666666,0.3333333333333333,0,1,-5.36102,0.1715674847,4.3543300629,,0.0666666666666666,0.1111111111111111,0.0,1,10
ZINC000660158893,-7.05092,0.4668810666,6.3052811623,,0.2,0.3333333333333333,0,1,-6.67397,0.3631586432,5.9214673042,,0.1333333333333333,0.2222222222222222,0.0,1,-6.8116,0.3060235679,5.2538504601,,0.2,0.3333333333333333,0,1,-6.13228,0.2767369747,5.2077388763,,0.2,0.2222222222222222,0.0,1,-5.63738,0.2512043417,5.0853657722,,0.0666666666666666,0.1111111111111111,0,1,-5.5879,0.2475434542,4.4774537086,,0.0666666666666666,0.1111111111111111,0.0,1,-5.41148,0.2432712466,4.5100574493,,0.0666666666666666,0.1111111111111111,0.0,1,-5.19249,0.2314221859,4.8508915901,,0.0666666666666666,0.1111111111111111,0.0,1,-5.9435,0.2214713246,5.1808371544,,0.0666666666666666,0.1111111111111111,0,1,-5.29817,0.2132663429,4.6492323875,,0.2,0.3333333333333333,0.0,1,10
ZINC000669624812,-6.71888,0.260583818,5.8595099449,,0.2666666666666666,0.4444444444444444,0,1,-6.97833,0.2069076002,5.8375015259,,0.2,0.3333333333333333,0.0,1,-5.6641,0.2058580965,6.2730984688,,0.2666666666666666,0.4444444444444444,0,1,-7.5098,0.1970343441,5.5980796814,,0.2,0.3333333333333333,0.0,1,-6.3044,0.1966125369,5.8942675591,,0.3333333333333333,0.5555555555555556,0,1,-6.99734,0.1847407222,5.5534667969,,0.1333333333333333,0.2222222222222222,0.0,1,-5.91419,0.1794719249,5.29215765,,0.2,0.3333333333333333,0.0,1,-6.80418,0.1582522243,5.4306073189,,0.2666666666666666,0.4444444444444444,0.0,1,-6.52053,0.1569592804,4.7325415611,,0.2,0.3333333333333333,0,1,-6.44403,0.1509585381,5.1398053169,,0.3333333333333333,0.4444444444444444,0.0,1,10
ZINC000674495815,-5.88881,0.5904220939,6.3454780579,,0.3333333333333333,0.5555555555555556,0,1,-5.61139,0.5804559588,6.7191085815,,0.4666666666666667,0.7777777777777778,0.0,1,-5.52842,0.5588939786,5.9426369667,,0.3333333333333333,0.5555555555555556,0,1,-5.10812,0.3617708683,5.4784736633,,0.0,0.0,0.0,1,-5.76984,0.3601821363,5.937063694,,0.1333333333333333,0.2222222222222222,0,1,-5.48144,0.3452589214,5.5293316841,,0.2,0.3333333333333333,0.0,1,-5.59267,0.3268318772,5.6887927055,,0.1333333333333333,0.2222222222222222,0.0,1,-5.91467,0.2668893337,5.3092837334,,0.2,0.3333333333333333,0.0,1,-5.84196,0.2652958632,5.1305155754,,0.2,0.3333333333333333,0,1,-5.20959,0.247698307,5.5555386543,,0.2,0.3333333333333333,0.0,1,10
ZINC000674889450,-5.82982,0.4846587777,6.0067844391,,0.4,0.6666666666666666,0,1,-5.86116,0.3524207473,6.1915302277,,0.4,0.6666666666666666,0.0,1,-6.20903,0.296705246,5.7905449867,,0.2666666666666666,0.4444444444444444,0,1,-6.55627,0.2720575631,5.6592450142,,0.1333333333333333,0.2222222222222222,0.0,1,-5.8121,0.2549233735,5.9948039055,,0.3333333333333333,0.5555555555555556,0,1,-6.27953,0.250980705,5.6122603416,,0.2666666666666666,0.4444444444444444,0.0,1,-6.83362,0.2396571636,5.5258827209,,0.1333333333333333,0.2222222222222222,0.0,1,-5.7538,0.2065039277,4.8591094017,,0.0,0.0,0.0,1,-6.11833,0.2062164843,4.5482554436,,0.1333333333333333,0.2222222222222222,0,1,-6.94238,0.2055576146,5.0643315315,,0.1333333333333333,0.2222222222222222,0.0,1,10
