Compounds,Affinity_rank1,CNNpose_rank1,CNNaffinity_rank1,Solvation_rank1,Similarity-type1_rank1,Similarity-type2_rank1,Clashing<1.5A_rank1,Final_rank1,Affinity_rank2,CNNpose_rank2,CNNaffinity_rank2,Solvation_rank2,Similarity-type1_rank2,Similarity-type2_rank2,Clashing<1.5A_rank2,Final_rank2,Affinity_rank3,CNNpose_rank3,CNNaffinity_rank3,Solvation_rank3,Similarity-type1_rank3,Similarity-type2_rank3,Clashing<1.5A_rank3,Final_rank3,Affinity_rank4,CNNpose_rank4,CNNaffinity_rank4,Solvation_rank4,Similarity-type1_rank4,Similarity-type2_rank4,Clashing<1.5A_rank4,Final_rank4,Affinity_rank5,CNNpose_rank5,CNNaffinity_rank5,Solvation_rank5,Similarity-type1_rank5,Similarity-type2_rank5,Clashing<1.5A_rank5,Final_rank5,Affinity_rank6,CNNpose_rank6,CNNaffinity_rank6,Solvation_rank6,Similarity-type1_rank6,Similarity-type2_rank6,Clashing<1.5A_rank6,Final_rank6,Affinity_rank7,CNNpose_rank7,CNNaffinity_rank7,Solvation_rank7,Similarity-type1_rank7,Similarity-type2_rank7,Clashing<1.5A_rank7,Final_rank7,Affinity_rank8,CNNpose_rank8,CNNaffinity_rank8,Solvation_rank8,Similarity-type1_rank8,Similarity-type2_rank8,Clashing<1.5A_rank8,Final_rank8,Affinity_rank9,CNNpose_rank9,CNNaffinity_rank9,Solvation_rank9,Similarity-type1_rank9,Similarity-type2_rank9,Clashing<1.5A_rank9,Final_rank9,Affinity_rank10,CNNpose_rank10,CNNaffinity_rank10,Solvation_rank10,Similarity-type1_rank10,Similarity-type2_rank10,Clashing<1.5A_rank10,Final_rank10,Satisfied_count
CHEMBL117353,-8.63458,0.8654259443,7.343146801,,0.6956521739130435,0.8461538461538461,0,1,-8.56387,0.8172448277,7.1220040321,,0.6956521739130435,0.8461538461538461,0,1,-7.61767,0.7925004363,7.1758422852,,0.5217391304347826,0.6153846153846154,0,1,-9.54006,0.7582822442,6.8073506355,,0.5652173913043478,0.6923076923076923,0,1,-8.34846,0.7548423409,7.3197197914,,0.5652173913043478,0.6923076923076923,0,1,-8.01426,0.7462302446,7.1209931374,,0.6086956521739131,0.7692307692307693,0,1,-9.04945,0.7368519306,6.8214640617,,0.5217391304347826,0.6923076923076923,0,1,-8.53931,0.7034990191,7.203163147,,0.5652173913043478,0.7692307692307693,0,1,-8.66118,0.6932495236,6.9497141838,,0.6086956521739131,0.7692307692307693,0,1,-9.41294,0.6536778808,6.6981911659,,0.6086956521739131,0.7692307692307693,0,1,10
CHEMBL140170,-8.05252,0.8791071773,7.3747401237,,0.7391304347826086,0.8461538461538461,0,1,-7.55964,0.7418416142,7.1215057373,,0.6521739130434783,0.7692307692307693,0,1,-7.90968,0.7017012239,7.0871047974,,0.782608695652174,0.8461538461538461,0,1,-7.25434,0.6666769385,7.1422142982,,0.6956521739130435,0.8461538461538461,0,1,-7.16458,0.4887872934,6.7665066719,,0.6086956521739131,0.6923076923076923,0,1,-7.05764,0.4875710011,6.7054004669,,0.5652173913043478,0.7692307692307693,0,1,-7.25745,0.4701198339,6.6574501991,,0.6086956521739131,0.6923076923076923,0,1,-7.38418,0.4078428447,6.5921587944,,0.5652173913043478,0.7692307692307693,0,1,-8.55646,0.3900406361,6.6593723297,,0.6086956521739131,0.6923076923076923,0,1,-8.63859,0.3823013604,6.3652176857,,0.7391304347826086,0.8461538461538461,0,1,10
CHEMBL142806,-8.0729,0.802421689,7.1197524071,,0.6521739130434783,0.7692307692307693,0,1,-7.98521,0.7284428477,6.992910862,,0.5652173913043478,0.6923076923076923,0,1,-8.28217,0.7279553413,7.1357731819,,0.6521739130434783,0.7692307692307693,0,1,-8.17548,0.722222209,6.9315905571,,0.782608695652174,0.8461538461538461,0,1,-8.07455,0.6452316046,6.8507971764,,0.6956521739130435,0.7692307692307693,0,1,-7.95196,0.6389232278,6.8239059448,,0.5652173913043478,0.6923076923076923,0,1,-7.7203,0.6374041438,6.8078217506,,0.5652173913043478,0.6923076923076923,0,1,-7.74625,0.5975415111,6.9394931793,,0.6956521739130435,0.7692307692307693,0,1,-7.74815,0.5585405827,6.8659949303,,0.6521739130434783,0.7692307692307693,0,1,-7.94559,0.5163952708,6.823287487,,0.5217391304347826,0.7692307692307693,0,1,10
CHEMBL167304,-7.4501,0.7805623412,6.9523692131,,0.6086956521739131,0.7692307692307693,0,1,-8.06599,0.7093934417,6.8290157318,,0.6956521739130435,0.7692307692307693,0,1,-7.68949,0.6565496325,6.931704998,,0.6086956521739131,0.7692307692307693,0,1,-7.03524,0.63962394,6.7881236076,,0.5652173913043478,0.6923076923076923,0,1,-7.36531,0.6170651913,6.6211090088,,0.5652173913043478,0.7692307692307693,0,1,-7.26928,0.6003349423,6.8449196815,,0.4782608695652174,0.6923076923076923,0,1,-7.23489,0.5572255254,6.6401667595,,0.5217391304347826,0.6153846153846154,0,1,-7.18719,0.5563365817,6.6342358589,,0.5217391304347826,0.7692307692307693,0,1,-7.18536,0.5176727772,6.4588580132,,0.5217391304347826,0.6923076923076923,0,1,-7.27596,0.4564855993,6.7121720314,,0.4782608695652174,0.6923076923076923,0,1,10
CHEMBL170101,-7.36898,0.7673434019,7.0619015694,,0.5652173913043478,0.7692307692307693,0,1,-7.43938,0.6412432194,6.9104137421,,0.7391304347826086,0.8461538461538461,0,1,-7.46226,0.6355253458,6.9984345436,,0.6086956521739131,0.7692307692307693,0,1,-8.40822,0.5069077611,6.6452279091,,0.5652173913043478,0.6923076923076923,0,1,-8.1753,0.4483308494,6.6026382446,,0.5217391304347826,0.6153846153846154,0,1,-7.23164,0.3712605834,6.4056110382,,0.4347826086956521,0.5384615384615384,0,1,-7.33659,0.3347981274,6.6126961708,,0.4782608695652174,0.6153846153846154,0,1,-7.30569,0.1865321249,6.3928775787,,0.4782608695652174,0.6153846153846154,0,1,-7.05783,0.1523108333,6.1545233727,,0.4782608695652174,0.6923076923076923,0,1,-7.28957,0.1483853906,6.4561886787,,0.5652173913043478,0.6923076923076923,0,1,10
CHEMBL170874,-8.87222,0.9471948147,7.3659420013,,0.7391304347826086,0.8461538461538461,0,1,-8.15381,0.9341751337,7.1245274544,,0.7391304347826086,0.8461538461538461,0,1,-7.78402,0.892616868,7.2151236534,,0.6956521739130435,0.7692307692307693,0,1,-9.4443,0.8917627931,7.0779042244,,0.6956521739130435,0.8461538461538461,0,1,-9.25593,0.8864156604,7.0373282433,,0.6521739130434783,0.7692307692307693,0,1,-7.98883,0.8647935987,6.9159469604,,0.6521739130434783,0.7692307692307693,0,1,-8.80552,0.8640550971,7.0773563385,,0.6521739130434783,0.7692307692307693,0,1,-8.21716,0.8573430777,6.9883885384,,0.8260869565217391,0.8461538461538461,0,1,-8.07329,0.852024734,6.9678268433,,0.6521739130434783,0.7692307692307693,0,1,-7.99995,0.8493148088,7.0750999451,,0.6521739130434783,0.7692307692307693,0,1,10
CHEMBL192632,-8.05763,0.9456795454,7.0543150902,,0.782608695652174,0.8461538461538461,0,1,-7.91229,0.9367533326,7.1069889069,,0.5652173913043478,0.6923076923076923,0,1,-8.52409,0.9313933849,6.8583016396,,0.8260869565217391,0.8461538461538461,0,1,-8.16984,0.9266369343,7.1425395012,,0.782608695652174,0.8461538461538461,0,1,-7.95408,0.8890982866,7.0401320457,,0.6086956521739131,0.7692307692307693,0,1,-8.21282,0.8781169057,7.1915669441,,0.6521739130434783,0.7692307692307693,0,1,-7.87091,0.8727054,6.7537612915,,0.6521739130434783,0.7692307692307693,0,1,-9.20186,0.8612402081,6.8223595619,,0.4782608695652174,0.6153846153846154,0,1,-7.57667,0.8538686633,6.8135209084,,0.6521739130434783,0.7692307692307693,0,1,-8.54921,0.8474938869,6.7084212303,,0.782608695652174,0.8461538461538461,0,1,10
CHEMBL225072,-7.66838,0.9231985807,7.111240387,,0.7391304347826086,0.7692307692307693,0,1,-7.73472,0.9015877843,7.1084008217,,0.6521739130434783,0.7692307692307693,0,1,-9.14944,0.8241831064,6.8366165161,,0.6956521739130435,0.7692307692307693,0,1,-8.021,0.8205880523,6.9689126015,,0.6521739130434783,0.7692307692307693,0,1,-7.81264,0.7963264585,6.815472126,,0.6521739130434783,0.7692307692307693,0,1,-8.36767,0.7955935597,6.8129181862,,0.7391304347826086,0.8461538461538461,0,1,-8.26882,0.7943707108,6.7324099541,,0.6521739130434783,0.7692307692307693,0,1,-8.1122,0.7377275229,6.6334891319,,0.6086956521739131,0.7692307692307693,0,1,-9.03305,0.7240419388,6.6155657768,,0.6956521739130435,0.7692307692307693,0,1,-8.32693,0.688960433,6.6400132179,,0.6521739130434783,0.7692307692307693,0,1,10
CHEMBL23278,-8.5928,0.9885767698,7.7150712013,,0.8695652173913043,0.9230769230769232,0,1,-8.5881,0.9869703054,7.7838683128,,0.8695652173913043,0.9230769230769232,0,1,-8.55339,0.986723125,7.8002295494,,0.6956521739130435,0.7692307692307693,0,1,-8.33417,0.9804522991,7.4367790222,,0.8260869565217391,0.9230769230769232,0,1,-8.48588,0.9762205482,7.4369673729,,0.7391304347826086,0.8461538461538461,0,1,-8.11164,0.9656233788,7.6510868073,,0.782608695652174,0.9230769230769232,0,1,-8.568,0.9650735259,7.6046290398,,0.8260869565217391,0.9230769230769232,0,1,-7.44094,0.9646623731,7.6616230011,,0.6521739130434783,0.7692307692307693,0,1,-9.71931,0.9487191439,7.5716910362,,0.6956521739130435,0.8461538461538461,0,1,-8.2991,0.9438502789,7.4924292564,,0.6956521739130435,0.7692307692307693,0,1,10
CHEMBL23388,-8.4919,0.9855336547,7.7693710327,,0.7391304347826086,0.8461538461538461,0,1,-8.60306,0.9811846018,7.7785973549,,0.782608695652174,0.8461538461538461,0,1,-8.43468,0.9779000282,7.8025741577,,0.6521739130434783,0.7692307692307693,0,1,-8.02563,0.9705919623,7.493019104,,0.782608695652174,0.8461538461538461,0,1,-8.32617,0.9596424699,7.4994697571,,0.6956521739130435,0.9230769230769232,0,1,-8.62487,0.9583892822,7.541929245,,0.6956521739130435,0.8461538461538461,0,1,-9.69783,0.9573335648,7.2959675789,,0.6956521739130435,0.8461538461538461,0,1,-7.92265,0.9512431622,7.8283214569,,0.6521739130434783,0.7692307692307693,0,1,-8.37199,0.946960032,7.5419716835,,0.7391304347826086,0.8461538461538461,0,1,-8.14871,0.9376713037,7.5208911896,,0.6086956521739131,0.7692307692307693,0,1,10
CHEMBL23699,-8.60712,0.9210283756,7.8319354057,,0.6521739130434783,0.7692307692307693,0,1,-8.28987,0.9177481532,7.6601319313,,0.6521739130434783,0.7692307692307693,0,1,-7.77066,0.8741999269,7.7796797752,,0.5217391304347826,0.6923076923076923,0,1,-8.15966,0.8648999929,7.7848701477,,0.6086956521739131,0.8461538461538461,0,1,-9.16425,0.8581643105,7.4706349373,,0.5217391304347826,0.6923076923076923,0,1,-7.71843,0.8580616713,7.5553951263,,0.5652173913043478,0.6923076923076923,0,1,-9.27206,0.8376179338,7.5647654533,,0.5217391304347826,0.6923076923076923,0,1,-7.10738,0.8369086385,7.5010056496,,0.4782608695652174,0.6923076923076923,0,1,-9.27966,0.8354141712,7.4614028931,,0.5652173913043478,0.7692307692307693,0,1,-7.3982,0.8279897571,7.5484771729,,0.5652173913043478,0.6923076923076923,0,1,10
CHEMBL257691,-7.68906,0.0073454441,2.6777858734,,0.5652173913043478,0.6923076923076923,0,1,-11.22374,0.005870719,2.7548007965,,0.6086956521739131,0.7692307692307693,0,1,-8.94626,0.0020107401,2.639414072,,0.4347826086956521,0.5384615384615384,0,1,-8.93671,0.0018999858,2.8857097626,,0.2608695652173913,0.3846153846153846,0,1,-9.57195,0.0018242686,2.6287076473,,0.391304347826087,0.4615384615384615,0,1,-9.48964,0.0018224474,2.7457675934,,0.2608695652173913,0.3076923076923077,0,1,-9.83685,0.0016817673,2.2323579788,,0.391304347826087,0.4615384615384615,0,1,-9.83553,0.001663906,2.6375191212,,0.4347826086956521,0.5384615384615384,0,1,-9.93547,0.0016621321,2.7113075256,,0.5652173913043478,0.6923076923076923,0,1,-9.85025,0.0016249155,2.4384806156,,0.391304347826087,0.5384615384615384,0,1,10
CHEMBL267890,-8.15263,0.7162948847,6.9254817963,,0.5652173913043478,0.7692307692307693,0,1,-6.91248,0.7161316276,7.4031033516,,0.8260869565217391,0.8461538461538461,0,1,-7.69034,0.6870294213,7.0427498817,,0.6086956521739131,0.7692307692307693,0,1,-7.46274,0.5043979287,6.8735141754,,0.6086956521739131,0.8461538461538461,0,1,-8.13041,0.4577341974,6.8602275848,,0.5217391304347826,0.7692307692307693,0,1,-7.56251,0.4390797019,6.7506890297,,0.5652173913043478,0.6923076923076923,0,1,-7.50765,0.4087300003,6.6552405357,,0.6521739130434783,0.7692307692307693,0,1,-6.83569,0.4049419761,6.6608638763,,0.5652173913043478,0.6923076923076923,0,1,-7.43674,0.3744726181,6.673722744,,0.6086956521739131,0.6923076923076923,0,1,-7.457,0.3611605465,6.5736279488,,0.5217391304347826,0.6153846153846154,0,1,10
CHEMBL279302,-8.76396,0.9835509658,7.7980613708,,0.7391304347826086,0.8461538461538461,0,1,-8.71713,0.9829204679,7.7870821953,,0.7391304347826086,0.8461538461538461,0,1,-8.15877,0.9788466692,7.9002361298,,0.782608695652174,0.8461538461538461,0,1,-8.51974,0.976366818,7.622399807,,0.7391304347826086,0.8461538461538461,0,1,-8.05121,0.9760953784,7.6648387909,,0.782608695652174,0.8461538461538461,0,1,-8.52804,0.9724090695,7.6398715973,,0.7391304347826086,0.8461538461538461,0,1,-7.74627,0.9704868793,7.8767952919,,0.6521739130434783,0.7692307692307693,0,1,-8.37944,0.9646877646,7.7623176575,,0.7391304347826086,0.8461538461538461,0,1,-7.338,0.9591332078,7.3098220825,,0.5652173913043478,0.6923076923076923,0,1,-8.12115,0.9568716288,7.5948605537,,0.7391304347826086,0.8461538461538461,0,1,10
CHEMBL279508,-7.67308,0.799449265,7.2154045105,,0.8260869565217391,0.8461538461538461,0,1,-7.96117,0.771453321,7.1084904671,,0.6086956521739131,0.6923076923076923,0,1,-7.64562,0.7634145021,6.8524069786,,0.4782608695652174,0.6153846153846154,0,1,-7.47552,0.7536425591,7.046599865,,0.6956521739130435,0.7692307692307693,0,1,-7.71158,0.7430558205,7.0665774345,,0.5652173913043478,0.6923076923076923,0,1,-7.4567,0.6728397012,6.7612557411,,0.4782608695652174,0.6153846153846154,0,1,-7.74886,0.6351706982,6.6850686073,,0.4782608695652174,0.6153846153846154,0,1,-7.51832,0.6207126379,6.869228363,,0.4782608695652174,0.6153846153846154,0,1,-7.74823,0.5796951056,6.6894874573,,0.4782608695652174,0.6153846153846154,0,1,-7.21435,0.5639491081,6.9405121803,,0.6521739130434783,0.7692307692307693,0,1,10
CHEMBL309415,-7.83202,0.6929059625,6.988861084,,0.6521739130434783,0.8461538461538461,0,1,-8.15148,0.67134583,7.1855163574,,0.5652173913043478,0.7692307692307693,0,1,-6.31066,0.6437931061,7.3477478027,,0.5217391304347826,0.7692307692307693,0,1,-8.93973,0.6078521609,6.9208431244,,0.6086956521739131,0.7692307692307693,0,1,-8.94457,0.5796405673,6.8711066246,,0.6521739130434783,0.8461538461538461,0,1,-8.69665,0.5404090881,6.9658560753,,0.6956521739130435,0.8461538461538461,0,1,-9.03511,0.5362296104,6.8705635071,,0.6521739130434783,0.8461538461538461,0,1,-8.84212,0.5331193209,6.9080967903,,0.5652173913043478,0.7692307692307693,0,1,-8.40055,0.5305640101,6.8755736351,,0.6086956521739131,0.8461538461538461,0,1,-6.62946,0.5171453953,7.1824855804,,0.5652173913043478,0.7692307692307693,0,1,10
CHEMBL314116,-7.91626,0.9138790369,7.2512097359,,0.391304347826087,0.5384615384615384,0,1,-8.19305,0.8927041292,7.210893631,,0.5217391304347826,0.6153846153846154,0,1,-8.07778,0.8916437626,7.1958479881,,0.6086956521739131,0.6923076923076923,0,1,-7.69653,0.8246073127,7.15473032,,0.4782608695652174,0.6923076923076923,0,1,-7.60054,0.7906711698,7.0401301384,,0.391304347826087,0.5384615384615384,0,1,-7.0575,0.7893161774,7.1846690178,,0.391304347826087,0.5384615384615384,0,1,-7.01615,0.7446269393,7.1556034088,,0.4347826086956521,0.5384615384615384,0,1,-7.6085,0.7150408626,6.9195113182,,0.4782608695652174,0.6153846153846154,0,1,-7.59274,0.6778565049,6.8191413879,,0.391304347826087,0.5384615384615384,0,1,-7.00353,0.6577919126,6.824213028,,0.391304347826087,0.5384615384615384,0,1,10
CHEMBL315076,-8.00791,0.7514262795,7.2369894981,,0.782608695652174,0.8461538461538461,0,1,-6.9078,0.7032738924,7.2489013672,,0.6521739130434783,0.8461538461538461,0,1,-7.68137,0.6960713863,7.2704806328,,0.6956521739130435,0.9230769230769232,0,1,-7.55711,0.6814543009,7.2011909485,,0.7391304347826086,0.8461538461538461,0,1,-8.54507,0.6742016077,6.8218765259,,0.6086956521739131,0.7692307692307693,0,1,-8.70697,0.6074216366,6.8828959465,,0.5652173913043478,0.6923076923076923,0,1,-8.3279,0.5767468214,6.9029998779,,0.5652173913043478,0.6923076923076923,0,1,-7.17568,0.541462481,6.8983592987,,0.5217391304347826,0.7692307692307693,0,1,-7.34872,0.5271998644,6.9666976929,,0.5217391304347826,0.7692307692307693,0,1,-7.08013,0.5215878487,6.9090805054,,0.5652173913043478,0.7692307692307693,0,1,10
CHEMBL315627,-7.08085,0.8947330713,7.1915154457,,0.7391304347826086,0.8461538461538461,0,1,-7.11534,0.8941656351,7.2841620445,,0.8260869565217391,0.8461538461538461,0,1,-6.9401,0.8709742427,7.0695590973,,0.782608695652174,0.9230769230769232,0,1,-7.43234,0.8667350411,7.344810009,,0.6956521739130435,0.8461538461538461,0,1,-7.08547,0.8572332263,7.0853042603,,0.6956521739130435,0.7692307692307693,0,1,-7.41621,0.8447637558,7.0634632111,,0.782608695652174,0.9230769230769232,0,1,-6.93242,0.7529641986,6.7910881042,,0.6956521739130435,0.7692307692307693,0,1,-7.87155,0.740537703,6.8947234154,,0.6521739130434783,0.6923076923076923,0,1,-8.39427,0.7029238939,6.8401312828,,0.6521739130434783,0.6923076923076923,0,1,-8.40418,0.6692596078,6.7546577454,,0.6521739130434783,0.7692307692307693,0,1,10
CHEMBL326511,-8.91514,0.8253291845,6.9011058807,,0.6521739130434783,0.7692307692307693,0,1,-9.69338,0.7929316163,6.8210868835,,0.5652173913043478,0.6923076923076923,0,1,-8.11892,0.7587852478,6.6824588776,,0.6086956521739131,0.7692307692307693,0,1,-9.06478,0.7441185117,6.7795143127,,0.5217391304347826,0.6923076923076923,0,1,-7.60898,0.5289345384,6.6306862831,,0.4782608695652174,0.6923076923076923,0,1,-6.92227,0.4797881246,6.7374863625,,0.5652173913043478,0.6923076923076923,0,1,-8.69221,0.4309183061,6.5033164024,,0.5652173913043478,0.6923076923076923,0,1,-7.36928,0.4096745551,6.4961028099,,0.4782608695652174,0.6923076923076923,0,1,-6.99367,0.406958133,6.3871650696,,0.391304347826087,0.5384615384615384,0,1,-6.74969,0.3828712106,6.3125634193,,0.391304347826087,0.5384615384615384,0,1,10
CHEMBL365307,-8.41384,0.9728475809,7.4818840027,,0.8260869565217391,0.8461538461538461,0,1,-8.23548,0.9367573261,7.0982842445,,0.782608695652174,0.8461538461538461,0,1,-8.17888,0.9358555675,7.330324173,,0.8260869565217391,0.8461538461538461,0,1,-8.36224,0.9351463914,7.3293895721,,0.8260869565217391,0.8461538461538461,0,1,-8.02139,0.9327405691,7.115831852,,0.782608695652174,0.8461538461538461,0,1,-9.79144,0.9197140336,6.9903273582,,0.6956521739130435,0.8461538461538461,0,1,-7.47641,0.9083118439,6.9152932167,,0.6956521739130435,0.8461538461538461,0,1,-7.54446,0.8905284405,7.0077323914,,0.6956521739130435,0.7692307692307693,0,1,-7.93714,0.8880603313,7.0845694542,,0.6956521739130435,0.7692307692307693,0,1,-9.38825,0.8724597096,6.8449401855,,0.6521739130434783,0.7692307692307693,0,1,10
CHEMBL378704,-7.35795,0.719827354,6.8458704948,,0.6086956521739131,0.7692307692307693,0,1,-7.48309,0.6446121931,6.7351737022,,0.6086956521739131,0.8461538461538461,0,1,-6.75207,0.6420749426,6.7623133659,,0.5652173913043478,0.6923076923076923,0,1,-7.18819,0.6356624365,6.6719908714,,0.4347826086956521,0.6923076923076923,0,1,-7.03601,0.609847784,6.7060112953,,0.391304347826087,0.5384615384615384,0,1,-6.78832,0.5976814628,6.7564082146,,0.4782608695652174,0.6153846153846154,0,1,-7.21103,0.5665698647,6.4919261932,,0.4347826086956521,0.6153846153846154,0,1,-6.73836,0.5500218868,6.5356388092,,0.4782608695652174,0.6153846153846154,0,1,-7.38137,0.5292810798,6.6321864128,,0.4782608695652174,0.6923076923076923,0,1,-7.66579,0.4912680686,6.4237570763,,0.4782608695652174,0.6923076923076923,0,1,10
CHEMBL379094,-9.24691,0.0213115122,2.4972033501,,0.6086956521739131,0.7692307692307693,0,1,-11.05255,0.017109599,2.5580570698,,0.6086956521739131,0.6153846153846154,0,1,-10.08715,0.0168935768,2.6433477402,,0.5217391304347826,0.6153846153846154,0,1,-11.03971,0.0156261642,2.4979169369,,0.5652173913043478,0.6153846153846154,0,1,-10.19168,0.0136362389,2.5113356113,,0.5217391304347826,0.6923076923076923,0,1,-10.08041,0.0109683415,2.7829062939,,0.4347826086956521,0.5384615384615384,0,1,-9.41071,0.0093592489,2.5023508072,,0.6086956521739131,0.7692307692307693,0,1,-8.83709,0.0086560333,2.7035377026,,0.4782608695652174,0.6153846153846154,0,1,-8.15357,0.0081727151,2.4468853474,,0.5217391304347826,0.7692307692307693,0,1,-9.06344,0.0072683757,2.6572220325,,0.3043478260869565,0.4615384615384615,0,1,10
CHEMBL38902,-8.09645,0.9312500954,7.2090287209,,0.6956521739130435,0.7692307692307693,0,1,-8.69199,0.8646813035,7.1214604378,,0.6521739130434783,0.7692307692307693,0,1,-8.24662,0.8588890433,7.1495952606,,0.782608695652174,0.9230769230769232,0,1,-9.14161,0.8432115316,7.1254906654,,0.8260869565217391,0.8461538461538461,0,1,-8.85999,0.823217988,6.9680800438,,0.8260869565217391,0.8461538461538461,0,1,-9.3191,0.7354348898,6.5750803947,,0.6086956521739131,0.7692307692307693,0,1,-8.37212,0.7243168354,6.8332715034,,0.6956521739130435,0.7692307692307693,0,1,-7.60274,0.7087439299,6.9067168236,,0.6086956521739131,0.6923076923076923,0,1,-7.70907,0.6842842698,6.8574490547,,0.6956521739130435,0.7692307692307693,0,1,-7.7109,0.6669427156,6.9485516548,,0.6521739130434783,0.8461538461538461,0,1,10
CHEMBL417696,-8.33368,0.8648593426,7.0603122711,,0.7391304347826086,0.8461538461538461,0,1,-7.81963,0.8548347354,7.019048214,,0.6521739130434783,0.8461538461538461,0,1,-8.87373,0.8505470157,7.23153162,,0.782608695652174,0.9230769230769232,0,1,-8.03188,0.8405351043,7.082968235,,0.7391304347826086,0.8461538461538461,0,1,-8.71537,0.8127534986,7.1529555321,,0.7391304347826086,0.8461538461538461,0,1,-7.97339,0.8025248051,6.9508318901,,0.6521739130434783,0.7692307692307693,0,1,-7.99377,0.7535591125,6.871673584,,0.6521739130434783,0.7692307692307693,0,1,-7.80167,0.74074018,7.0001282692,,0.6521739130434783,0.7692307692307693,0,1,-7.94576,0.7379050851,6.826072216,,0.5217391304347826,0.6153846153846154,0,1,-7.99262,0.7117730975,6.9230709076,,0.5217391304347826,0.6153846153846154,0,1,10
CHEMBL424683,-9.61884,0.011282065,2.8146038055,,0.6956521739130435,0.7692307692307693,0,1,-11.51997,0.0110598793,2.7873001099,,0.6521739130434783,0.7692307692307693,0,1,-10.96432,0.0100979311,2.9328091145,,0.6956521739130435,0.6923076923076923,0,1,-11.62767,0.0088460874,2.9006798267,,0.6521739130434783,0.6923076923076923,0,1,-9.88048,0.0081126988,2.6554949284,,0.6086956521739131,0.7692307692307693,0,1,-10.23423,0.0077748112,2.7676036358,,0.5217391304347826,0.6153846153846154,0,1,-10.73696,0.007523777,2.8214085102,,0.5652173913043478,0.6923076923076923,0,1,-8.75854,0.0074986792,2.8583424091,,0.4782608695652174,0.6153846153846154,0,1,-9.35409,0.0067562247,2.5175344944,,0.391304347826087,0.6923076923076923,0,1,-10.24428,0.0063676843,2.81483531,,0.5652173913043478,0.7692307692307693,0,1,10
CHEMBL452322,-7.56285,0.8704354167,7.0689024925,,0.6521739130434783,0.7692307692307693,0,1,-7.87707,0.8452497721,6.9689369202,,0.8260869565217391,0.8461538461538461,0,1,-7.83087,0.8388197422,7.0537257195,,0.6521739130434783,0.7692307692307693,0,1,-7.60329,0.8250342607,7.0075078011,,0.6521739130434783,0.7692307692307693,0,1,-7.87572,0.8238216043,7.075466156,,0.6086956521739131,0.7692307692307693,0,1,-7.44736,0.8125433326,6.8214631081,,0.6956521739130435,0.7692307692307693,0,1,-7.96735,0.7876520753,6.7777919769,,0.6956521739130435,0.8461538461538461,0,1,-7.91807,0.7170333266,6.6800217628,,0.6521739130434783,0.7692307692307693,0,1,-7.76017,0.7160884142,6.5881237984,,0.6086956521739131,0.6923076923076923,0,1,-6.83588,0.6791912317,6.7385864258,,0.6956521739130435,0.7692307692307693,0,1,10
CHEMBL452324,-7.44351,0.8644505739,7.0289597511,,0.6086956521739131,0.7692307692307693,0,1,-8.27998,0.8594872355,7.0874495506,,0.7391304347826086,0.8461538461538461,0,1,-7.97899,0.8504446149,7.1347808838,,0.7391304347826086,0.7692307692307693,0,1,-7.90898,0.8369696736,6.9854125977,,0.6086956521739131,0.7692307692307693,0,1,-7.73125,0.8132978678,6.9681649208,,0.6521739130434783,0.7692307692307693,0,1,-7.58996,0.7478883266,6.8505439758,,0.6086956521739131,0.7692307692307693,0,1,-7.58788,0.7319931984,6.9868855476,,0.6086956521739131,0.6923076923076923,0,1,-8.48739,0.7056902647,6.8704018593,,0.6086956521739131,0.7692307692307693,0,1,-8.34291,0.6984333992,6.427169323,,0.5217391304347826,0.6923076923076923,0,1,-7.72948,0.6935392022,6.5248818398,,0.5652173913043478,0.6923076923076923,0,1,10
CHEMBL453090,-8.28076,0.9401741028,7.4166283607,,0.8260869565217391,0.9230769230769232,0,1,-8.18867,0.9096825719,7.2778220177,,0.6521739130434783,0.7692307692307693,0,1,-7.63734,0.908408463,7.03023386,,0.6521739130434783,0.7692307692307693,0,1,-7.97099,0.8825224638,7.155520916,,0.6521739130434783,0.7692307692307693,0,1,-8.20625,0.8320663571,6.9625148773,,0.7391304347826086,0.8461538461538461,0,1,-8.20085,0.8201268911,7.0825667381,,0.6086956521739131,0.7692307692307693,0,1,-7.62205,0.8098356128,7.0167031288,,0.6521739130434783,0.7692307692307693,0,1,-7.7773,0.7957512736,6.808069706,,0.6521739130434783,0.7692307692307693,0,1,-7.62782,0.7006565332,6.7013244629,,0.5652173913043478,0.7692307692307693,0,1,-7.28489,0.691853404,6.4835619926,,0.4782608695652174,0.6153846153846154,0,1,10
CHEMBL490934,-8.29049,0.9518209696,7.5310702324,,0.782608695652174,0.8461538461538461,0,1,-8.30302,0.9499301314,7.5311741829,,0.782608695652174,0.8461538461538461,0,1,-8.14555,0.9466691017,7.4804706573,,0.782608695652174,0.8461538461538461,0,1,-7.94017,0.9345135093,7.3153614998,,0.6086956521739131,0.6923076923076923,0,1,-8.12554,0.9262766242,7.1618485451,,0.8260869565217391,0.8461538461538461,0,1,-8.03787,0.8996254206,7.3437657356,,0.6956521739130435,0.8461538461538461,0,1,-9.34388,0.888696909,6.9582004547,,0.6521739130434783,0.7692307692307693,0,1,-8.19786,0.8838040233,7.2791428566,,0.8260869565217391,0.9230769230769232,0,1,-6.93717,0.8604400158,7.1245408058,,0.6521739130434783,0.7692307692307693,0,1,-7.78133,0.8292737007,7.0934638977,,0.782608695652174,0.9230769230769232,0,1,10
CHEMBL491104,-8.20942,0.9521466494,7.4985756874,,0.782608695652174,0.9230769230769232,0,1,-7.63943,0.9382349849,7.2261452675,,0.7391304347826086,0.8461538461538461,0,1,-7.87267,0.9175233245,7.2105135918,,0.782608695652174,0.8461538461538461,0,1,-9.09855,0.8933489323,7.2412948608,,0.6521739130434783,0.7692307692307693,0,1,-7.06966,0.8802492619,7.1209621429,,0.6086956521739131,0.7692307692307693,0,1,-7.95303,0.8705725074,7.2916235924,,0.6956521739130435,0.9230769230769232,0,1,-7.70897,0.8601961732,7.1401619911,,0.6956521739130435,0.8461538461538461,0,1,-7.07051,0.8554711342,7.1351776123,,0.5652173913043478,0.6923076923076923,0,1,-7.47537,0.8527184725,7.0002727509,,0.6956521739130435,0.8461538461538461,0,1,-8.18069,0.8355177045,7.2346000671,,0.7391304347826086,0.8461538461538461,0,1,10
CHEMBL491129,-7.49077,0.8849846125,7.0920996666,,0.6521739130434783,0.8461538461538461,0,1,-7.80053,0.8739328384,7.2883839607,,0.782608695652174,0.9230769230769232,0,1,-7.48896,0.8627032638,7.1554017067,,0.8260869565217391,0.9230769230769232,0,1,-7.84665,0.8270413876,7.2166557312,,0.782608695652174,0.9230769230769232,0,1,-8.294,0.8054293394,7.110804081,,0.6086956521739131,0.7692307692307693,0,1,-7.55257,0.7911840677,6.8453884125,,0.6956521739130435,0.7692307692307693,0,1,-7.6078,0.779624939,7.0913829803,,0.782608695652174,0.9230769230769232,0,1,-7.00103,0.7626082897,6.7915840149,,0.6086956521739131,0.7692307692307693,0,1,-6.71266,0.7298260927,6.7004542351,,0.6956521739130435,0.7692307692307693,0,1,-7.05741,0.7112218738,6.93095541,,0.6956521739130435,0.8461538461538461,0,1,10
CHEMBL522455,-7.87132,0.9499402642,7.2328028679,,0.6956521739130435,0.7692307692307693,0,1,-8.38555,0.9434965849,7.318031311,,0.8260869565217391,0.8461538461538461,0,1,-8.48281,0.9083517194,6.9591994286,,0.7391304347826086,0.8461538461538461,0,1,-8.02627,0.890039444,7.1198239326,,0.6956521739130435,0.7692307692307693,0,1,-8.44198,0.8707538843,6.9263682365,,0.7391304347826086,0.8461538461538461,0,1,-7.79313,0.8526390791,6.8674545288,,0.8260869565217391,0.8461538461538461,0,1,-7.817,0.816211462,6.7811470032,,0.6521739130434783,0.7692307692307693,0,1,-7.85669,0.8031950593,6.8568415642,,0.7391304347826086,0.7692307692307693,0,1,-7.61919,0.8007958531,6.9317240715,,0.5652173913043478,0.6923076923076923,0,1,-7.31052,0.798284173,6.7528786659,,0.6086956521739131,0.6923076923076923,0,1,10
CHEMBL590740,-7.82968,0.9630651474,7.4872250557,,0.782608695652174,0.8461538461538461,0,1,-7.43377,0.9589088559,7.4208331108,,0.7391304347826086,0.8461538461538461,0,1,-7.96744,0.950176239,7.4780106544,,0.6956521739130435,0.8461538461538461,0,1,-8.20617,0.9442029595,7.2292747498,,0.782608695652174,0.8461538461538461,0,1,-7.89372,0.939534843,7.246735096,,0.7391304347826086,0.7692307692307693,0,1,-7.51021,0.9101448059,7.1719841957,,0.7391304347826086,0.8461538461538461,0,1,-7.42023,0.8990692496,6.7416672707,,0.6521739130434783,0.7692307692307693,0,1,-8.84978,0.8915937543,6.8932347298,,0.6521739130434783,0.7692307692307693,0,1,-7.90558,0.8876757622,6.9413580894,,0.782608695652174,0.9230769230769232,0,1,-8.90619,0.88686198,7.0048089027,,0.6521739130434783,0.7692307692307693,0,1,10
CHEMBL66389,-8.00024,0.8950275183,7.4384007454,,0.6956521739130435,0.8461538461538461,0,1,-8.1833,0.8932546973,7.3988442421,,0.7391304347826086,0.9230769230769232,0,1,-8.11522,0.8796867728,7.381799221,,0.782608695652174,0.9230769230769232,0,1,-7.90516,0.8483331203,7.407605648,,0.782608695652174,0.9230769230769232,0,1,-7.34219,0.7912086248,7.3735160828,,0.6521739130434783,0.9230769230769232,0,1,-7.80452,0.7906203866,7.2305412292,,0.6086956521739131,0.8461538461538461,0,1,-7.51352,0.7463842034,7.1199355125,,0.6086956521739131,0.8461538461538461,0,1,-7.8659,0.7044634819,7.0010623932,,0.6086956521739131,0.7692307692307693,0,1,-7.26042,0.693087697,7.2331604958,,0.6956521739130435,0.8461538461538461,0,1,-6.98017,0.6700695157,7.1940689087,,0.5652173913043478,0.8461538461538461,0,1,10
CHEMBL82181,-8.07874,0.970125854,7.1593031883,,0.7391304347826086,0.7692307692307693,0,1,-7.72324,0.9538903236,7.3917803764,,0.6521739130434783,0.6923076923076923,0,1,-7.95256,0.9405395389,7.1979298592,,0.6521739130434783,0.6923076923076923,0,1,-7.50817,0.9402012229,7.3257145882,,0.6521739130434783,0.6923076923076923,0,1,-7.8191,0.9367073774,7.3463745117,,0.6956521739130435,0.7692307692307693,0,1,-7.2952,0.9029691219,7.2251200676,,0.6521739130434783,0.6923076923076923,0,1,-7.54016,0.8898341656,7.0626387596,,0.7391304347826086,0.7692307692307693,0,1,-8.47675,0.8748924732,7.0928969383,,0.6956521739130435,0.7692307692307693,0,1,-7.53743,0.8620689511,6.9681830406,,0.6521739130434783,0.6923076923076923,0,1,-8.57487,0.8592860699,7.2075901031,,0.6521739130434783,0.7692307692307693,0,1,10
CHEMBL82261,-7.28024,0.9550492764,7.3031592369,,0.7391304347826086,0.8461538461538461,0,1,-8.00635,0.9304500818,7.3546433449,,0.782608695652174,0.8461538461538461,0,1,-7.02624,0.9247695804,7.3909974098,,0.6956521739130435,0.6923076923076923,0,1,-6.92533,0.9065792561,7.3438854218,,0.7391304347826086,0.7692307692307693,0,1,-7.14949,0.9051415324,7.0155100822,,0.6956521739130435,0.7692307692307693,0,1,-7.28698,0.9045074582,7.1340727806,,0.7391304347826086,0.8461538461538461,0,1,-7.52548,0.8912767172,6.9893689156,,0.6086956521739131,0.6923076923076923,0,1,-7.07167,0.8788059354,7.2116084099,,0.5652173913043478,0.7692307692307693,0,1,-8.19394,0.8305578232,7.2171149254,,0.6956521739130435,0.7692307692307693,0,1,-8.04491,0.8214939833,7.2478504181,,0.6956521739130435,0.7692307692307693,0,1,10
CHEMBL82390,-10.83296,0.012089178,1.8076754808,,0.4347826086956521,0.5384615384615384,0,1,-9.33984,0.0078919008,1.8157330751,,0.4782608695652174,0.6153846153846154,0,1,-10.38497,0.00788566,1.7746447325,,0.4347826086956521,0.6153846153846154,0,1,-11.2356,0.0077275741,1.8735508919,,0.4782608695652174,0.5384615384615384,0,1,-10.55614,0.0066068755,1.8786264658,,0.5217391304347826,0.6153846153846154,0,1,-9.83372,0.0057290643,1.7506523132,,0.5217391304347826,0.5384615384615384,0,1,-11.10108,0.0051499829,1.5917950869,,0.3043478260869565,0.5384615384615384,0,1,-11.1599,0.0044912081,1.8176659346,,0.391304347826087,0.4615384615384615,0,1,-11.36757,0.0041210647,1.9480806589,,0.391304347826087,0.5384615384615384,0,1,-10.917,0.0037610133,1.720117569,,0.391304347826087,0.4615384615384615,0,1,10
CHEMBL84163,-7.78469,0.9465096593,7.1734423637,,0.782608695652174,0.8461538461538461,0,1,-7.40962,0.9440191388,7.4177117348,,0.782608695652174,0.8461538461538461,0,1,-7.00735,0.882173121,7.2274875641,,0.7391304347826086,0.7692307692307693,0,1,-7.01807,0.867561996,7.0759067535,,0.6956521739130435,0.7692307692307693,0,1,-6.78843,0.8571248055,7.0359091759,,0.6956521739130435,0.7692307692307693,0,1,-7.16534,0.8297097087,6.9332904816,,0.6521739130434783,0.7692307692307693,0,1,-7.02568,0.8190725446,7.3125591278,,0.6956521739130435,0.7692307692307693,0,1,-7.88761,0.7613139749,7.0738406181,,0.5217391304347826,0.6923076923076923,0,1,-7.12634,0.75560534,6.9844169617,,0.6521739130434783,0.7692307692307693,0,1,-7.02926,0.7356905937,6.9921326637,,0.6956521739130435,0.7692307692307693,0,1,10
CHEMBL85436,-7.86993,0.9509506822,7.2189764977,,0.7391304347826086,0.7692307692307693,0,1,-7.56708,0.9397286773,7.3507728577,,0.6521739130434783,0.6923076923076923,0,1,-8.29599,0.9349995852,7.3326873779,,0.7391304347826086,0.7692307692307693,0,1,-9.09577,0.9257138968,7.4080395699,,0.6521739130434783,0.6923076923076923,0,1,-7.22481,0.9225142598,7.4863886833,,0.6521739130434783,0.6923076923076923,0,1,-7.70883,0.9072627425,7.207277298,,0.6086956521739131,0.6923076923076923,0,1,-7.84512,0.8957495689,7.1892924309,,0.6086956521739131,0.6923076923076923,0,1,-9.12545,0.8920155168,7.3189835548,,0.6956521739130435,0.7692307692307693,0,1,-7.54437,0.8885820508,7.1212296486,,0.6956521739130435,0.7692307692307693,0,1,-7.68441,0.8753014207,7.205488205,,0.6956521739130435,0.7692307692307693,0,1,10
ZINC000000001396,-4.74999,0.6875524521,4.1364250183,,0.2608695652173913,0.3076923076923077,0,1,-6.80908,0.6396332979,5.65041399,,0.391304347826087,0.6923076923076923,0,1,-6.67974,0.5798788667,5.7480683327,,0.391304347826087,0.6153846153846154,0,1,-6.84787,0.5778498054,5.6499114037,,0.391304347826087,0.6923076923076923,0,1,-6.63047,0.5236031413,5.7356338501,,0.391304347826087,0.6923076923076923,0,1,-4.58738,0.4976608753,4.1974434853,,0.3043478260869565,0.3846153846153846,0,1,-4.65142,0.3280366659,4.0019545555,,0.3478260869565217,0.3846153846153846,0,1,-4.52666,0.3182291687,4.0375313759,,0.2608695652173913,0.3076923076923077,0,1,-4.57323,0.2657819688,3.7639148235,,0.3478260869565217,0.3846153846153846,0,1,-4.80762,0.1890982985,4.3142161369,,0.1304347826086956,0.1538461538461538,0,1,10
ZINC000000041301,-4.81698,0.6905451417,3.9402477741,,0.3478260869565217,0.3846153846153846,0,1,-5.03853,0.6790703535,3.8391275406,,0.3478260869565217,0.3846153846153846,0,1,-4.76324,0.5975716114,3.5598258972,,0.3478260869565217,0.3846153846153846,0,1,-5.82132,0.5765718222,3.999579668,,0.0869565217391304,0.0769230769230769,0,1,-6.73843,0.5700778365,4.3514275551,,0.1739130434782608,0.1538461538461538,0,1,-4.38535,0.544315815,3.903470993,,0.0434782608695652,0.0769230769230769,0,1,-4.51649,0.4974141419,3.3618736267,,0.3043478260869565,0.3076923076923077,0,1,-4.71061,0.488001585,3.6498706341,,0.3478260869565217,0.3846153846153846,0,1,-4.3876,0.4312408268,3.3172340393,,0.3043478260869565,0.3076923076923077,0,1,-4.6189,0.4069978595,4.3128299713,,0.3043478260869565,0.4615384615384615,0,1,10
ZINC000000052549,-5.68889,0.4987156689,5.6286129951,,0.1739130434782608,0.2307692307692307,0,1,-6.21678,0.3684621751,5.9560990334,,0.3043478260869565,0.6153846153846154,0,1,-5.67092,0.3656293154,5.2526874542,,0.3478260869565217,0.4615384615384615,0,1,-5.66261,0.3497416973,4.9819355011,,0.3478260869565217,0.4615384615384615,0,1,-7.07243,0.3324840963,5.3330397606,,0.3043478260869565,0.3846153846153846,0,1,-6.04766,0.3297537565,5.6551833153,,0.4347826086956521,0.6923076923076923,0,1,-7.03386,0.3218517303,5.3634619713,,0.2608695652173913,0.3846153846153846,0,1,-5.45264,0.2820353508,5.5348620415,,0.3043478260869565,0.3846153846153846,0,1,-6.81207,0.2766866684,5.1893458366,,0.3478260869565217,0.3846153846153846,0,1,-7.04233,0.2762814462,5.0446763039,,0.1739130434782608,0.3076923076923077,0,1,10
ZINC000000053282,-5.86297,0.4626577199,4.8879966736,,0.3478260869565217,0.3846153846153846,0,1,-5.69441,0.3320234716,4.4507656097,,0.4347826086956521,0.4615384615384615,0,1,-6.27933,0.3162890077,5.4582152367,,0.4782608695652174,0.7692307692307693,0,1,-5.46997,0.2487037033,4.1549649239,,0.391304347826087,0.3846153846153846,0,1,-6.09549,0.2243418545,4.6453623772,,0.391304347826087,0.3846153846153846,0,1,-5.44364,0.1936486065,4.1963825226,,0.391304347826087,0.4615384615384615,0,1,-4.78458,0.1518962681,3.5932075977,,0.3478260869565217,0.3076923076923077,0,1,-5.72395,0.1180102676,4.3135728836,,0.0869565217391304,0.0769230769230769,0,1,-4.78853,0.1044534296,3.6272199154,,0.217391304347826,0.3076923076923077,0,1,-6.48435,0.1039381102,4.5703654289,,0.3043478260869565,0.3846153846153846,0,1,10
ZINC000000056570,-7.0831,0.6006172299,5.0715022087,,0.391304347826087,0.5384615384615384,0,1,-5.19512,0.4509178996,3.3881895542,,0.3043478260869565,0.3076923076923077,0,1,-4.70064,0.3811690211,3.6970188618,,0.3043478260869565,0.3076923076923077,0,1,-5.07816,0.3763575554,3.3402988911,,0.3478260869565217,0.3846153846153846,0,1,-5.0906,0.3354873955,3.3744773865,,0.3043478260869565,0.3076923076923077,0,1,-5.91327,0.3336725235,4.7452979088,,0.217391304347826,0.3076923076923077,0,1,-6.66937,0.3335104883,5.1303973198,,0.391304347826087,0.4615384615384615,0,1,-6.27818,0.3295811415,4.6542825699,,0.217391304347826,0.3076923076923077,0,1,-4.69977,0.3141228557,3.3793170452,,0.391304347826087,0.3846153846153846,0,1,-4.66162,0.3098739386,3.3551933765,,0.3043478260869565,0.3076923076923077,0,1,10
ZINC000000062576,-5.10203,0.4129112065,3.1932895184,,0.3043478260869565,0.3076923076923077,0,1,-6.26693,0.3979331851,4.2703113556,,0.5652173913043478,0.7692307692307693,0,1,-6.60519,0.3974873424,4.4460091591,,0.5652173913043478,0.6153846153846154,0,1,-5.33363,0.3769721687,4.2152791023,,0.391304347826087,0.5384615384615384,0,1,-5.44267,0.3607193828,3.778339386,,0.217391304347826,0.2307692307692307,0,1,-7.38302,0.3573285937,4.3166823387,,0.5652173913043478,0.6923076923076923,0,1,-5.03185,0.3526073992,3.5981829166,,0.3043478260869565,0.3076923076923077,0,1,-4.9238,0.3291105628,3.0876140594,,0.3478260869565217,0.3076923076923077,0,1,-4.71565,0.3210556507,3.093599081,,0.3043478260869565,0.3076923076923077,0,1,-5.08137,0.304725945,3.5681362152,,0.217391304347826,0.2307692307692307,0,1,10
ZINC000000070256,-5.71004,0.6832349896,5.2648615837,,0.5217391304347826,0.5384615384615384,0,1,-5.8881,0.5353458524,5.1708273888,,0.1739130434782608,0.2307692307692307,0,1,-5.09019,0.4735083878,5.0081877708,,0.391304347826087,0.4615384615384615,0,1,-5.13228,0.3900191784,3.7729713917,,0.391304347826087,0.3846153846153846,0,1,-6.40047,0.3896390498,4.8812966347,,0.4782608695652174,0.6153846153846154,0,1,-5.79151,0.3790334165,4.5432982445,,0.3043478260869565,0.3076923076923077,0,1,-5.45317,0.3746314347,4.0117993355,,0.391304347826087,0.3846153846153846,0,1,-6.93061,0.3740381896,4.8240318298,,0.1739130434782608,0.1538461538461538,0,1,-5.49107,0.3730990589,4.8127951622,,0.1304347826086956,0.2307692307692307,0,1,-5.55778,0.3508160412,3.8634388447,,0.3478260869565217,0.3076923076923077,0,1,10
ZINC000000082754,-4.5437,0.6126126051,4.5804476738,,0.217391304347826,0.3076923076923077,0,1,-4.53879,0.5487940907,4.2537555695,,0.3043478260869565,0.3076923076923077,0,1,-6.91748,0.4738028049,4.6910824776,,0.0869565217391304,0.0769230769230769,0,1,-5.77411,0.4684396684,4.4928603172,,0.1739130434782608,0.1538461538461538,0,1,-5.27899,0.4651361704,4.316172123,,0.3043478260869565,0.3076923076923077,0,1,-5.00226,0.4452206492,3.847243309,,0.3043478260869565,0.3076923076923077,0,1,-5.2489,0.43591699,4.2585473061,,0.3043478260869565,0.3076923076923077,0,1,-4.96776,0.4349249601,4.3113255501,,0.3043478260869565,0.3076923076923077,0,1,-5.25796,0.4030692875,3.9519386292,,0.3478260869565217,0.3846153846153846,0,1,-4.83099,0.3976062536,4.0503692627,,0.217391304347826,0.2307692307692307,0,1,10
ZINC000000090317,-6.83971,0.7143337727,5.5101475716,,0.3043478260869565,0.3076923076923077,0,1,-7.21458,0.6577610373,5.0900683403,,0.391304347826087,0.6153846153846154,0,1,-5.12921,0.6015089154,5.2763991356,,0.4347826086956521,0.6153846153846154,0,1,-5.64623,0.5781213045,6.1847653389,,0.5652173913043478,0.6923076923076923,0,1,-7.39906,0.5283813477,5.20181036,,0.4782608695652174,0.6923076923076923,0,1,-5.9256,0.5176631212,5.112139225,,0.2608695652173913,0.3076923076923077,0,1,-6.34263,0.5124708414,5.1915545464,,0.5217391304347826,0.6923076923076923,0,1,-6.5965,0.5109487772,5.2692523003,,0.217391304347826,0.3846153846153846,0,1,-6.02671,0.3530842364,5.0250248909,,0.2608695652173913,0.3076923076923077,0,1,-4.61566,0.3480691314,3.7200241089,,0.1739130434782608,0.2307692307692307,0,1,10
ZINC000000096651,-6.35426,0.4909664392,5.2480168343,,0.3043478260869565,0.5384615384615384,0,1,-7.11356,0.4685756564,5.7212386131,,0.3478260869565217,0.3846153846153846,0,1,-6.42025,0.4551459253,5.2418379784,,0.3478260869565217,0.5384615384615384,0,1,-5.82757,0.4332928658,5.1004447937,,0.2608695652173913,0.3076923076923077,0,1,-6.42941,0.4229117334,5.3276133537,,0.2608695652173913,0.4615384615384615,0,1,-6.15515,0.4021520317,5.1820216179,,0.3478260869565217,0.5384615384615384,0,1,-6.57212,0.3819648623,4.6217093468,,0.3478260869565217,0.3846153846153846,0,1,-6.15217,0.377859056,5.1842575073,,0.3043478260869565,0.3846153846153846,0,1,-6.72843,0.3704216778,4.9188513756,,0.217391304347826,0.3846153846153846,0,1,-6.10376,0.3695709109,4.9713273048,,0.3043478260869565,0.4615384615384615,0,1,10
ZINC000000125574,-5.07143,0.7685329318,4.0126519203,,0.3478260869565217,0.3846153846153846,0,1,-5.18774,0.7377818823,4.147758007,,0.3478260869565217,0.3846153846153846,0,1,-5.48746,0.6454200149,4.0749878883,,0.3478260869565217,0.3846153846153846,0,1,-6.46071,0.5363399982,5.1393303871,,0.3043478260869565,0.4615384615384615,0,1,-5.43236,0.4943140149,3.9873092175,,0.2608695652173913,0.3076923076923077,0,1,-4.69135,0.4762085378,3.8272235394,,0.3043478260869565,0.3846153846153846,0,1,-7.37894,0.4322133362,5.5104808807,,0.217391304347826,0.3846153846153846,0,1,-4.72763,0.4235016108,3.7943565845,,0.1739130434782608,0.2307692307692307,0,1,-4.43267,0.3992109299,3.7258312702,,0.3478260869565217,0.3846153846153846,0,1,-7.3078,0.3966665268,5.3913445473,,0.217391304347826,0.3846153846153846,0,1,10
ZINC000000142323,-4.75809,0.6816223264,5.6389651299,,0.2608695652173913,0.6153846153846154,0,1,-6.93767,0.5890263915,6.4002614021,,0.2608695652173913,0.4615384615384615,0,1,-7.10023,0.51514256,6.0332932472,,0.3043478260869565,0.4615384615384615,0,1,-7.06185,0.5080992579,6.067337513,,0.3043478260869565,0.4615384615384615,0,1,-5.9363,0.3649094105,5.5294761658,,0.1304347826086956,0.2307692307692307,0,1,-5.03972,0.3454195857,5.3663210869,,0.3043478260869565,0.5384615384615384,0,1,-5.05127,0.3400397897,5.4042263031,,0.3478260869565217,0.6923076923076923,0,1,-6.7129,0.2979111373,5.2548604012,,0.1739130434782608,0.2307692307692307,0,1,-6.87495,0.2608323693,5.1411991119,,0.1739130434782608,0.3076923076923077,0,1,-6.83758,0.2573709488,5.0866675377,,0.1304347826086956,0.2307692307692307,0,1,10
ZINC000000147856,-6.73061,0.5019727349,5.4456458092,,0.3043478260869565,0.3846153846153846,0,1,-5.30321,0.4829914272,5.0355987549,,0.1304347826086956,0.1538461538461538,0,1,-7.06149,0.4557803571,5.5304970741,,0.217391304347826,0.3846153846153846,0,1,-5.59444,0.3184580207,4.601108551,,0.4782608695652174,0.4615384615384615,0,1,-6.26755,0.2750219107,5.1643071175,,0.2608695652173913,0.4615384615384615,0,1,-5.18247,0.2741457522,5.2458844185,,0.391304347826087,0.6153846153846154,0,1,-6.54112,0.2081390917,4.9857363701,,0.2608695652173913,0.3076923076923077,0,1,-5.80274,0.205071345,4.9483866692,,0.4347826086956521,0.5384615384615384,0,1,-4.82437,0.1711243391,4.2469325066,,0.1739130434782608,0.2307692307692307,0,1,-6.33704,0.1628769636,5.270919323,,0.4347826086956521,0.6153846153846154,0,1,10
ZINC000000147857,-6.0308,0.7771315575,5.4962706566,,0.4782608695652174,0.5384615384615384,0,1,-5.88356,0.5190033317,5.1222076416,,0.2608695652173913,0.3846153846153846,0,1,-6.16685,0.4595189691,4.591688633,,0.2608695652173913,0.3076923076923077,0,1,-6.28922,0.2478146106,4.7886109352,,0.1304347826086956,0.2307692307692307,0,1,-5.75671,0.2212680578,4.6130318642,,0.391304347826087,0.5384615384615384,0,1,-4.66916,0.2141830027,4.2211956978,,0.217391304347826,0.3076923076923077,0,1,-6.55516,0.2067648917,4.37601614,,0.3478260869565217,0.3846153846153846,0,1,-4.74489,0.2012316287,4.1850209236,,0.217391304347826,0.3076923076923077,0,1,-5.69879,0.1956292689,4.1948394775,,0.3478260869565217,0.3846153846153846,0,1,-4.75475,0.1865475327,3.686596632,,0.1304347826086956,0.1538461538461538,0,1,10
ZINC000000147859,-5.33436,0.5559985638,5.0426087379,,0.4782608695652174,0.7692307692307693,0,1,-5.72131,0.4866310358,4.088868618,,0.2608695652173913,0.3846153846153846,0,1,-5.74287,0.3201218247,5.1061048508,,0.5652173913043478,0.8461538461538461,0,1,-6.07502,0.3133278489,4.0789132118,,0.217391304347826,0.3076923076923077,0,1,-5.25263,0.3130546808,4.4665408134,,0.3043478260869565,0.5384615384615384,0,1,-5.00393,0.3076683879,4.7560706139,,0.3478260869565217,0.4615384615384615,0,1,-4.92311,0.3008204997,3.4214084148,,0.2608695652173913,0.3076923076923077,0,1,-5.15954,0.292670399,3.5255601406,,0.3043478260869565,0.3846153846153846,0,1,-4.64941,0.2594591975,3.8985977173,,0.4782608695652174,0.4615384615384615,0,1,-6.25411,0.2578044832,4.4995498657,,0.391304347826087,0.3846153846153846,0,1,10
ZINC000000167142,-7.23701,0.6268782616,6.1663498878,,0.5652173913043478,0.6923076923076923,0,1,-8.28205,0.5549892187,5.5022239685,,0.4782608695652174,0.5384615384615384,0,1,-7.56602,0.5524043441,5.3488669395,,0.4782608695652174,0.5384615384615384,0,1,-6.84375,0.4957229793,5.4044208527,,0.6086956521739131,0.8461538461538461,0,1,-7.4376,0.4818270802,5.233812809,,0.4782608695652174,0.6153846153846154,0,1,-6.32173,0.4792568088,4.5077700615,,0.217391304347826,0.2307692307692307,0,1,-7.63844,0.4709890783,5.1975154877,,0.4347826086956521,0.5384615384615384,0,1,-6.72525,0.4419157505,5.0906682014,,0.3043478260869565,0.3076923076923077,0,1,-6.88434,0.4360256791,4.9670729637,,0.3478260869565217,0.3846153846153846,0,1,-7.7432,0.4269003868,5.4426455498,,0.4782608695652174,0.6153846153846154,0,1,10
ZINC000000167151,-7.49792,0.712508142,5.9070682526,,0.4347826086956521,0.6153846153846154,0,1,-6.35646,0.7021720409,5.6241927147,,0.5217391304347826,0.6923076923076923,1,1,-7.60059,0.555807054,5.6907544136,,0.5217391304347826,0.6153846153846154,0,1,-6.78486,0.5321949124,4.6624584198,,0.217391304347826,0.2307692307692307,0,1,-8.13174,0.531075418,5.5336017609,,0.5217391304347826,0.6153846153846154,0,1,-7.09048,0.5277130604,5.6667132378,,0.5652173913043478,0.8461538461538461,0,1,-6.31714,0.5264849067,5.5407118797,,0.5652173913043478,0.6923076923076923,0,1,-6.85922,0.4603964984,5.8814339638,,0.4782608695652174,0.6153846153846154,0,1,-7.61277,0.4516559839,5.3314876556,,0.391304347826087,0.6153846153846154,0,1,-7.17142,0.4239978194,5.5455169678,,0.4782608695652174,0.6153846153846154,0,1,10
ZINC000000176896,-7.10855,0.6488929391,6.1077232361,,0.2608695652173913,0.3846153846153846,0,1,-5.99903,0.5794740319,6.0151343346,,0.2608695652173913,0.3846153846153846,0,1,-4.8869,0.4736714363,5.7314834595,,0.4347826086956521,0.6153846153846154,0,1,-6.2747,0.407662034,5.6158671379,,0.1304347826086956,0.1538461538461538,0,1,-4.58557,0.3682723641,4.1212553978,,0.3043478260869565,0.3076923076923077,0,1,-6.3401,0.3585926294,5.6578345299,,0.1304347826086956,0.1538461538461538,0,1,-4.80208,0.353450954,4.2097859383,,0.217391304347826,0.2307692307692307,0,1,-4.62464,0.3223472238,4.1941814423,,0.217391304347826,0.3076923076923077,0,1,-5.48757,0.3111258447,5.5342202187,,0.217391304347826,0.3846153846153846,0,1,-5.21905,0.2956808805,4.6700325012,,0.4347826086956521,0.4615384615384615,0,1,10
ZINC000000189868,-7.91763,0.7396144271,5.4811396599,,0.4782608695652174,0.5384615384615384,0,1,-7.61924,0.7373624444,5.7349896431,,0.4347826086956521,0.5384615384615384,0,1,-7.13881,0.4171429873,4.969429493,,0.391304347826087,0.5384615384615384,0,1,-5.86527,0.4085424244,4.0616297722,,0.3478260869565217,0.3076923076923077,0,1,-6.743,0.4029974937,4.7828974724,,0.3043478260869565,0.3076923076923077,0,1,-8.25477,0.3675415814,5.2393364906,,0.4782608695652174,0.6153846153846154,0,1,-6.68957,0.3521951437,5.2022309303,,0.391304347826087,0.4615384615384615,0,1,-8.35421,0.3298847675,5.3004794121,,0.5217391304347826,0.6923076923076923,0,1,-5.909,0.3289176226,4.1045765877,,0.2608695652173913,0.3076923076923077,0,1,-8.30676,0.3255144954,4.9287838936,,0.391304347826087,0.5384615384615384,0,1,10
ZINC000000190691,-5.87533,0.4204418659,5.6376414299,,0.391304347826087,0.5384615384615384,0,1,-5.7274,0.3935275078,5.5786762238,,0.4347826086956521,0.5384615384615384,0,1,-6.2949,0.2983891964,5.5594305992,,0.5652173913043478,0.6923076923076923,0,1,-6.55194,0.2845921218,5.4760451317,,0.5217391304347826,0.6923076923076923,0,1,-6.89465,0.2748710811,5.3600463867,,0.4347826086956521,0.5384615384615384,0,1,-5.49015,0.269485116,4.2273850441,,0.4347826086956521,0.3846153846153846,0,1,-5.85191,0.2358061373,5.2288799286,,0.4347826086956521,0.6153846153846154,0,1,-6.35294,0.2322730273,5.2468266487,,0.4347826086956521,0.6153846153846154,0,1,-5.0989,0.2283788323,4.6313071251,,0.3478260869565217,0.3846153846153846,0,1,-6.72965,0.2215017974,5.0199642181,,0.217391304347826,0.3076923076923077,0,1,10
ZINC000000213867,-5.06374,0.4349868298,4.9701719284,,0.391304347826087,0.4615384615384615,0,1,-5.56893,0.3910645843,5.004591465,,0.4782608695652174,0.7692307692307693,0,1,-5.24118,0.3300163746,5.44911623,,0.6086956521739131,0.7692307692307693,0,1,-5.339,0.3192127645,3.9720363617,,0.3043478260869565,0.3076923076923077,0,1,-5.72905,0.3173312247,4.8976111412,,0.5217391304347826,0.6153846153846154,0,1,-6.25436,0.301623702,4.5435595512,,0.4782608695652174,0.5384615384615384,0,1,-5.45906,0.2768293321,4.7255744934,,0.5217391304347826,0.6923076923076923,0,1,-6.08043,0.2690536678,5.426170826,,0.3478260869565217,0.5384615384615384,0,1,-5.14734,0.2489066422,4.4940514565,,0.1739130434782608,0.2307692307692307,0,1,-5.05824,0.2471310347,4.1537222862,,0.217391304347826,0.2307692307692307,0,1,10
ZINC000000243910,-5.1145,0.4977091551,3.2442996502,,0.3043478260869565,0.3076923076923077,0,1,-6.93089,0.4909963012,4.8226256371,,0.4782608695652174,0.7692307692307693,0,1,-7.22459,0.4453333616,4.6161632538,,0.1304347826086956,0.1538461538461538,0,1,-4.85863,0.4182089567,3.0947620869,,0.1739130434782608,0.2307692307692307,0,1,-7.26393,0.3794348836,4.6061644554,,0.1304347826086956,0.1538461538461538,0,1,-7.25041,0.3387934566,4.3916039467,,0.1304347826086956,0.1538461538461538,0,1,-4.8419,0.333340615,3.3314778805,,0.2608695652173913,0.3076923076923077,0,1,-6.2498,0.3269616067,3.6812913418,,0.3478260869565217,0.3846153846153846,0,1,-7.08671,0.3248870969,4.2439675331,,0.0869565217391304,0.0769230769230769,0,1,-6.45519,0.3169085681,4.5563716888,,0.217391304347826,0.3076923076923077,0,1,10
ZINC000000243912,-4.71656,0.7726160288,4.3383402824,,0.3043478260869565,0.3076923076923077,0,1,-5.56714,0.5057983398,3.7446582317,,0.3043478260869565,0.3076923076923077,0,1,-6.52603,0.4060803354,5.0629792213,,0.3478260869565217,0.4615384615384615,0,1,-7.56455,0.4031507373,4.9223499298,,0.1304347826086956,0.1538461538461538,0,1,-5.92862,0.3912475109,4.8910503387,,0.391304347826087,0.5384615384615384,0,1,-4.76389,0.3819682598,4.0554594994,,0.2608695652173913,0.2307692307692307,0,1,-7.63772,0.315373987,4.9131741524,,0.1304347826086956,0.1538461538461538,0,1,-4.65013,0.3142412603,3.922465086,,0.1739130434782608,0.2307692307692307,0,1,-5.96262,0.3115909398,5.0406346321,,0.4347826086956521,0.5384615384615384,0,1,-7.97946,0.3106196523,4.7054686546,,0.1739130434782608,0.2307692307692307,0,1,10
ZINC000000268348,-6.82158,0.5331678391,5.4131317139,,0.4782608695652174,0.6153846153846154,0,1,-6.35248,0.5128517151,5.4429526329,,0.391304347826087,0.3846153846153846,0,1,-6.75285,0.4500062764,5.291738987,,0.4782608695652174,0.5384615384615384,0,1,-6.47092,0.4391438365,5.6873645782,,0.391304347826087,0.4615384615384615,0,1,-6.47198,0.3800436556,4.8100686073,,0.4782608695652174,0.5384615384615384,0,1,-6.34322,0.3651908636,4.7290320396,,0.4347826086956521,0.4615384615384615,0,1,-6.78328,0.356793195,5.222345829,,0.4347826086956521,0.5384615384615384,0,1,-6.21291,0.339931041,4.6666073799,,0.3043478260869565,0.3846153846153846,0,1,-6.01871,0.3374517858,5.2332081795,,0.3043478260869565,0.3846153846153846,0,1,-6.14216,0.307189554,5.125023365,,0.3478260869565217,0.5384615384615384,0,1,10
ZINC000000287839,-5.46624,0.5835001469,5.1631188393,,0.4347826086956521,0.6923076923076923,0,1,-5.56677,0.4322383702,5.2606081963,,0.391304347826087,0.5384615384615384,0,1,-7.44318,0.3498375416,4.8446178436,,0.4347826086956521,0.5384615384615384,0,1,-5.44352,0.3440007567,5.2184152603,,0.391304347826087,0.5384615384615384,0,1,-7.60978,0.3152167797,4.8492732048,,0.3478260869565217,0.3846153846153846,0,1,-7.6487,0.303684175,4.8623833656,,0.3478260869565217,0.3846153846153846,0,1,-5.60288,0.2823460698,4.876868248,,0.217391304347826,0.2307692307692307,0,1,-6.87005,0.2655809522,4.7731432915,,0.217391304347826,0.2307692307692307,0,1,-7.85777,0.2503561378,5.0251488686,,0.1739130434782608,0.3076923076923077,0,1,-7.84782,0.2437293828,5.0625324249,,0.2608695652173913,0.3076923076923077,0,1,10
ZINC000000298399,-6.817,0.7874651551,5.6846199036,,0.6521739130434783,0.7692307692307693,1,1,-7.27709,0.7251883149,6.3551898003,,0.5652173913043478,0.6923076923076923,0,1,-7.03863,0.5881061554,5.8122520447,,0.4782608695652174,0.6153846153846154,0,1,-7.00607,0.5762028694,5.6777358055,,0.5652173913043478,0.7692307692307693,0,1,-6.9257,0.570204854,5.7229881287,,0.5652173913043478,0.7692307692307693,0,1,-8.35818,0.557154119,5.7889504433,,0.5217391304347826,0.6923076923076923,0,1,-8.55993,0.5322204232,5.709581852,,0.5217391304347826,0.6153846153846154,0,1,-7.41616,0.4411439598,5.7893180847,,0.4782608695652174,0.6923076923076923,0,1,-7.74096,0.4069166481,5.6528449059,,0.217391304347826,0.2307692307692307,0,1,-7.87686,0.3806766272,5.8136000633,,0.4782608695652174,0.6153846153846154,0,1,10
ZINC000000314860,-6.44517,0.5698711276,5.4570345879,,0.391304347826087,0.3846153846153846,0,1,-6.46953,0.5007354021,4.9607605934,,0.4347826086956521,0.4615384615384615,0,1,-7.14955,0.4967134893,4.7926015854,,0.4347826086956521,0.3846153846153846,0,1,-7.89487,0.4667056501,5.7682266235,,0.5652173913043478,0.6153846153846154,0,1,-7.4585,0.4637089372,5.9099287987,,0.5652173913043478,0.6923076923076923,0,1,-7.24932,0.4292583168,5.645219326,,0.391304347826087,0.4615384615384615,0,1,-7.72913,0.4174835384,5.6814141273,,0.6086956521739131,0.6923076923076923,0,1,-6.70171,0.4138773978,5.4673614502,,0.3478260869565217,0.4615384615384615,0,1,-7.71787,0.3943991959,5.4888014793,,0.3043478260869565,0.4615384615384615,0,1,-6.56056,0.3932602108,4.7651467323,,0.3043478260869565,0.3076923076923077,0,1,10
ZINC000000450747,-7.49327,0.5728917122,5.881550312,,0.6086956521739131,0.7692307692307693,0,1,-7.54002,0.4692364037,5.7083306313,,0.6086956521739131,0.7692307692307693,0,1,-7.57152,0.3810831606,5.5681519508,,0.4347826086956521,0.6153846153846154,0,1,-5.52405,0.316652894,4.363325119,,0.3043478260869565,0.3846153846153846,0,1,-7.19317,0.2999209166,5.6561408043,,0.5217391304347826,0.6923076923076923,0,1,-7.54518,0.2593474686,5.47625494,,0.5652173913043478,0.7692307692307693,0,1,-5.77817,0.2486278564,4.7673692703,,0.3043478260869565,0.2307692307692307,0,1,-5.53002,0.2390019596,4.1656312943,,0.3478260869565217,0.3846153846153846,0,1,-5.8044,0.2360903025,4.6546282768,,0.5217391304347826,0.6153846153846154,0,1,-5.86944,0.235177502,3.829240799,,0.1739130434782608,0.2307692307692307,0,1,10
ZINC000000509917,-7.10758,0.7267482281,5.4273524284,,0.391304347826087,0.4615384615384615,0,1,-7.2032,0.7219723463,5.6207733154,,0.391304347826087,0.4615384615384615,0,1,-6.52855,0.6912053823,5.6082777977,,0.5217391304347826,0.6153846153846154,0,1,-7.10872,0.6824615002,5.3842148781,,0.391304347826087,0.4615384615384615,0,1,-6.42318,0.64967978,5.1545929909,,0.4782608695652174,0.5384615384615384,0,1,-7.51302,0.6305041909,5.5111804008,,0.3043478260869565,0.4615384615384615,0,1,-7.3524,0.6044714451,5.3023724556,,0.4782608695652174,0.6153846153846154,0,1,-7.52598,0.5642549396,5.4431519508,,0.3478260869565217,0.5384615384615384,0,1,-6.54458,0.5590549707,5.2212252617,,0.5652173913043478,0.6153846153846154,0,1,-6.51939,0.4693984687,4.4895939827,,0.2608695652173913,0.2307692307692307,0,1,10
ZINC000000516632,-6.24138,0.5614051223,5.567548275,,0.5652173913043478,0.7692307692307693,0,1,-6.44304,0.501691401,5.3828568459,,0.4347826086956521,0.6923076923076923,0,1,-6.75357,0.4063592255,5.7884178162,,0.5652173913043478,0.8461538461538461,0,1,-6.6556,0.4001060426,5.8330512047,,0.4782608695652174,0.6153846153846154,0,1,-6.60756,0.3745226264,5.2575545311,,0.5217391304347826,0.6923076923076923,0,1,-5.97909,0.3587292135,5.0166912079,,0.3478260869565217,0.4615384615384615,0,1,-6.14332,0.335649699,4.5333848,,0.3043478260869565,0.3076923076923077,0,1,-5.60078,0.3292981088,5.0259690285,,0.3043478260869565,0.3076923076923077,0,1,-6.25585,0.3239939809,5.2343344688,,0.217391304347826,0.3076923076923077,0,1,-7.15864,0.3130016625,4.7929086685,,0.6086956521739131,0.6923076923076923,0,1,10
ZINC000000519227,-6.92449,0.6561089754,4.8389019966,,0.1304347826086956,0.1538461538461538,0,1,-4.50996,0.5830273032,4.0293755531,,0.2608695652173913,0.3076923076923077,0,1,-6.01359,0.5752871633,4.4297060966,,0.0869565217391304,0.0769230769230769,0,1,-4.78898,0.5593159199,3.9092299938,,0.3043478260869565,0.3076923076923077,0,1,-6.21408,0.5556701422,5.0333533287,,0.4347826086956521,0.5384615384615384,0,1,-4.99662,0.5472593307,3.5737829208,,0.3478260869565217,0.3846153846153846,0,1,-6.94589,0.5397620201,4.5140919685,,0.4782608695652174,0.5384615384615384,0,1,-5.00094,0.4884993136,4.3323764801,,0.5217391304347826,0.6923076923076923,0,1,-4.47552,0.4711815119,3.631357193,,0.3043478260869565,0.3076923076923077,0,1,-5.88584,0.4559631944,4.4182815552,,0.4347826086956521,0.6153846153846154,0,1,10
ZINC000000537957,-6.73784,0.8312386274,5.9647278786,,0.3478260869565217,0.5384615384615384,0,1,-7.07354,0.6479607224,5.9140930176,,0.4347826086956521,0.6923076923076923,0,1,-4.86437,0.5016171336,4.5731863976,,0.217391304347826,0.3076923076923077,0,1,-5.24546,0.302923739,5.5960450172,,0.3043478260869565,0.4615384615384615,0,1,-5.28295,0.2682274282,4.6545948982,,0.3043478260869565,0.3846153846153846,0,1,-5.17491,0.2602468729,5.5402216911,,0.391304347826087,0.6153846153846154,0,1,-4.63366,0.2593668997,3.6981153488,,0.3043478260869565,0.3076923076923077,0,1,-5.50392,0.2542799711,5.6544418335,,0.3478260869565217,0.4615384615384615,0,1,-6.01504,0.2049817741,5.3058280945,,0.5652173913043478,0.7692307692307693,0,1,-4.6455,0.1943539679,3.3841631413,,0.3043478260869565,0.3076923076923077,0,1,10
ZINC000000538102,-4.55366,0.3276647925,4.2846684456,,0.0869565217391304,0.1538461538461538,0,1,-4.98005,0.228812322,4.1715312004,,0.2608695652173913,0.2307692307692307,0,1,-5.37617,0.1783280671,4.4753575325,,0.0869565217391304,0.0769230769230769,0,1,-5.19509,0.1762676388,4.0103297234,,0.2608695652173913,0.2307692307692307,0,1,-4.96914,0.1710897535,4.1126112938,,0.217391304347826,0.3076923076923077,0,1,-5.40388,0.1676784754,4.3399219513,,0.3478260869565217,0.4615384615384615,0,1,-6.11273,0.160917744,4.8963160515,,0.1304347826086956,0.1538461538461538,0,1,-4.96181,0.1607446074,3.7544586658,,0.217391304347826,0.2307692307692307,0,1,-4.77907,0.1506982893,4.0056724548,,0.217391304347826,0.3076923076923077,0,1,-5.78342,0.1455459297,4.3037228584,,0.1304347826086956,0.2307692307692307,0,1,10
ZINC000000633915,-6.55525,0.4752158821,5.4070286751,,0.4782608695652174,0.6923076923076923,0,1,-6.61139,0.4394998252,5.6560745239,,0.5217391304347826,0.6923076923076923,0,1,-6.26894,0.3387774825,4.8185901642,,0.391304347826087,0.4615384615384615,0,1,-6.40416,0.3229031265,4.4423828125,,0.3478260869565217,0.4615384615384615,0,1,-6.15068,0.3083159029,4.9374337196,,0.5652173913043478,0.6923076923076923,0,1,-6.44799,0.2873707712,5.0279450417,,0.5217391304347826,0.6923076923076923,0,1,-6.53712,0.2667809725,4.1204724312,,0.3478260869565217,0.4615384615384615,0,1,-6.07022,0.2491097152,4.3886685371,,0.2608695652173913,0.3846153846153846,0,1,-6.375,0.2367159277,5.1494941711,,0.5217391304347826,0.6923076923076923,0,1,-6.20966,0.2321607172,4.4594049454,,0.4347826086956521,0.5384615384615384,0,1,10
ZINC000000644320,-7.57302,0.4864420593,5.9465374947,,0.3478260869565217,0.4615384615384615,0,1,-7.43844,0.4459642768,5.6656036377,,0.391304347826087,0.5384615384615384,0,1,-7.92229,0.4046621323,5.7480340004,,0.391304347826087,0.5384615384615384,0,1,-7.65148,0.3447988629,5.200357914,,0.391304347826087,0.5384615384615384,0,1,-7.21105,0.3381375074,5.4660830498,,0.3478260869565217,0.4615384615384615,0,1,-7.27965,0.3209965825,5.4674372673,,0.3043478260869565,0.4615384615384615,0,1,-7.61792,0.3126532137,5.5023570061,,0.4347826086956521,0.6153846153846154,0,1,-7.38036,0.3040666878,5.1877880096,,0.3478260869565217,0.4615384615384615,0,1,-7.31878,0.2930923998,5.7430229187,,0.4347826086956521,0.6153846153846154,0,1,-7.78009,0.287458837,5.4994983673,,0.4782608695652174,0.6153846153846154,0,1,10
ZINC000000715666,-5.45036,0.5357179642,3.8525772095,,0.217391304347826,0.3076923076923077,0,1,-6.77145,0.5157269239,5.3252162933,,0.2608695652173913,0.3076923076923077,0,1,-6.9241,0.3839594424,5.8649806976,,0.6956521739130435,0.8461538461538461,0,1,-5.21817,0.3315955698,3.7412712574,,0.1739130434782608,0.2307692307692307,0,1,-7.31461,0.3256286681,5.4875216484,,0.391304347826087,0.4615384615384615,0,1,-5.20268,0.3095687628,3.8987452984,,0.3043478260869565,0.3076923076923077,0,1,-5.95711,0.2936416864,5.1884856224,,0.391304347826087,0.6153846153846154,0,1,-5.91157,0.2430570424,4.5243477821,,0.2608695652173913,0.3076923076923077,0,1,-6.0408,0.2343757451,5.1599330902,,0.3478260869565217,0.4615384615384615,0,1,-5.07828,0.2200393826,4.3965306282,,0.0869565217391304,0.0769230769230769,0,1,10
ZINC000000754154,-5.34121,0.4924116731,4.4056286812,,0.1304347826086956,0.1538461538461538,0,1,-4.92801,0.4531875551,4.4771494865,,0.1304347826086956,0.1538461538461538,0,1,-5.03777,0.4033447802,4.2938475609,,0.1304347826086956,0.1538461538461538,0,1,-4.6919,0.3712397218,3.7910602093,,0.217391304347826,0.3076923076923077,0,1,-4.88479,0.3695221841,4.3396472931,,0.217391304347826,0.3076923076923077,0,1,-5.19321,0.3425493836,4.2177186012,,0.0869565217391304,0.1538461538461538,0,1,-5.47995,0.3275634646,3.987433672,,0.1304347826086956,0.1538461538461538,0,1,-4.62954,0.2955445051,3.7786128521,,0.1739130434782608,0.2307692307692307,0,1,-4.97049,0.2802270353,3.6155788898,,0.217391304347826,0.2307692307692307,0,1,-5.36271,0.2773887217,4.0016727448,,0.1304347826086956,0.1538461538461538,0,1,10
ZINC000000754489,-6.02998,0.4802076221,3.6355950832,,0.3043478260869565,0.3846153846153846,0,1,-7.24258,0.4581344724,4.6945700645,,0.3043478260869565,0.3846153846153846,0,1,-6.32353,0.4180921614,4.5717163086,,0.5652173913043478,0.6923076923076923,0,1,-7.26963,0.3952844143,4.5909123421,,0.3043478260869565,0.3846153846153846,0,1,-6.07349,0.3848331571,3.6491165161,,0.217391304347826,0.3076923076923077,0,1,-6.29317,0.3833430707,4.8903489113,,0.3043478260869565,0.3846153846153846,0,1,-6.23207,0.355902344,5.1763072014,,0.5217391304347826,0.6923076923076923,0,1,-7.14615,0.3397608101,5.1749482155,,0.4782608695652174,0.6923076923076923,0,1,-6.56394,0.3339832127,4.4897918701,,0.3478260869565217,0.3846153846153846,0,1,-6.38166,0.3130642176,4.8684573174,,0.4347826086956521,0.6923076923076923,0,1,10
ZINC000000783178,-8.24234,0.4642485082,6.0186448097,,0.4782608695652174,0.6153846153846154,0,1,-8.33958,0.4468176663,5.8691802025,,0.5217391304347826,0.6153846153846154,0,1,-8.1533,0.4161564112,5.8552150726,,0.3478260869565217,0.4615384615384615,0,1,-7.78461,0.3926375806,5.8040370941,,0.5652173913043478,0.7692307692307693,0,1,-7.62931,0.3671090901,5.4869289398,,0.4782608695652174,0.6153846153846154,0,1,-7.73631,0.3417357802,5.7411746979,,0.391304347826087,0.5384615384615384,0,1,-7.92346,0.3208448887,5.7918515205,,0.5217391304347826,0.6923076923076923,0,1,-8.07293,0.3195540905,5.8337922096,,0.391304347826087,0.5384615384615384,0,1,-7.24687,0.3158814013,5.3830857277,,0.5217391304347826,0.6923076923076923,0,1,-7.55867,0.3084078133,5.8456997871,,0.6086956521739131,0.7692307692307693,0,1,10
ZINC000000784773,-7.69614,0.3520466089,5.7179045677,,0.6956521739130435,0.7692307692307693,0,1,-7.73017,0.2905684114,5.536157608,,0.6521739130434783,0.6923076923076923,0,1,-7.60982,0.2768069804,5.5653071404,,0.6956521739130435,0.7692307692307693,0,1,-8.41841,0.2640440762,5.8181433678,,0.6521739130434783,0.7692307692307693,0,1,-8.57849,0.2632323205,5.8660869598,,0.6521739130434783,0.7692307692307693,0,1,-7.84608,0.1978058219,5.5418028831,,0.5217391304347826,0.6153846153846154,0,1,-8.11422,0.195977658,5.6061558723,,0.5652173913043478,0.6923076923076923,0,1,-7.89962,0.192692101,5.1613221169,,0.4347826086956521,0.6153846153846154,0,1,-8.94404,0.1807493418,5.4135055542,,0.6086956521739131,0.6923076923076923,0,1,-8.79716,0.1663129628,5.3227782249,,0.4782608695652174,0.5384615384615384,0,1,10
ZINC000000799486,-5.86089,0.6360117793,6.2043991089,,0.5217391304347826,0.6923076923076923,0,1,-5.83861,0.6243920326,6.1929421425,,0.5217391304347826,0.6923076923076923,0,1,-6.04429,0.5476683378,6.0466704369,,0.6521739130434783,0.7692307692307693,0,1,-6.3851,0.5108030438,5.9666390419,,0.4782608695652174,0.6923076923076923,0,1,-6.40355,0.5058538318,5.9243950844,,0.4782608695652174,0.6923076923076923,0,1,-5.13653,0.5015292168,4.76303339,,0.1739130434782608,0.2307692307692307,0,1,-7.82252,0.4041190147,4.9664745331,,0.3043478260869565,0.4615384615384615,0,1,-5.58656,0.4005439878,5.246049881,,0.217391304347826,0.3076923076923077,0,1,-7.75601,0.3788671494,4.9201455116,,0.2608695652173913,0.3846153846153846,0,1,-5.31187,0.3778912723,5.17445755,,0.4782608695652174,0.5384615384615384,0,1,10
ZINC000000833024,-5.87085,0.5828858018,5.4325795174,,0.2608695652173913,0.3076923076923077,0,1,-6.89306,0.5706400275,6.2000432014,,0.4347826086956521,0.5384615384615384,0,1,-4.31202,0.4678992927,4.1862316132,,0.0869565217391304,0.0769230769230769,0,1,-4.40832,0.4159023166,4.0674834251,,0.0869565217391304,0.0769230769230769,0,1,-5.55149,0.3702190518,4.6608600616,,0.217391304347826,0.2307692307692307,0,1,-5.35725,0.3603608608,4.9419617653,,0.217391304347826,0.2307692307692307,0,1,-5.12843,0.3541785181,4.7922687531,,0.217391304347826,0.2307692307692307,0,1,-5.29086,0.3397817612,4.7621283531,,0.217391304347826,0.2307692307692307,0,1,-5.32543,0.3211881518,4.5870895386,,0.217391304347826,0.2307692307692307,0,1,-5.05847,0.3173078895,4.8622894287,,0.217391304347826,0.2307692307692307,0,1,10
ZINC000000833230,-6.60876,0.4744923413,5.7709488869,,0.6086956521739131,0.6923076923076923,0,1,-7.41439,0.3956055045,5.2158946991,,0.391304347826087,0.3846153846153846,0,1,-7.2682,0.3647177219,5.1635742188,,0.391304347826087,0.3846153846153846,0,1,-6.71019,0.233677268,5.0753321648,,0.3043478260869565,0.3846153846153846,0,1,-7.14907,0.2322707921,5.4199528694,,0.2608695652173913,0.3076923076923077,0,1,-6.83405,0.2210673094,4.9690213203,,0.2608695652173913,0.3076923076923077,0,1,-7.18719,0.2196218371,5.3099479675,,0.6086956521739131,0.7692307692307693,0,1,-6.67281,0.2106373757,6.1739630699,,0.4782608695652174,0.6923076923076923,0,1,-6.83878,0.205018416,5.4462571144,,0.5217391304347826,0.6923076923076923,0,1,-6.01848,0.1982117891,3.9564316273,,0.217391304347826,0.3076923076923077,0,1,10
ZINC000000835985,-6.88483,0.4089719057,5.8073196411,,0.6086956521739131,0.7692307692307693,0,1,-6.02045,0.3231674433,5.6880450249,,0.5217391304347826,0.7692307692307693,0,1,-7.14887,0.2911084592,4.913248539,,0.217391304347826,0.2307692307692307,0,1,-6.70829,0.29002437,5.5877194405,,0.3043478260869565,0.3076923076923077,0,1,-7.25087,0.2862675786,4.9044818878,,0.2608695652173913,0.3076923076923077,0,1,-6.89228,0.2531033158,5.045747757,,0.3043478260869565,0.3076923076923077,0,1,-6.48877,0.2184845209,4.9936280251,,0.2608695652173913,0.3076923076923077,0,1,-6.51487,0.2089133114,4.9610314369,,0.2608695652173913,0.3076923076923077,0,1,-7.06035,0.204559058,5.2974696159,,0.5652173913043478,0.6923076923076923,0,1,-6.55534,0.2031374425,5.0162787437,,0.217391304347826,0.2307692307692307,0,1,10
ZINC000000836017,-6.43176,0.4726881683,5.4389853477,,0.5217391304347826,0.6923076923076923,0,1,-7.19656,0.4260357916,5.4529051781,,0.5652173913043478,0.6153846153846154,0,1,-5.73089,0.3181049526,4.8493380547,,0.3043478260869565,0.3846153846153846,0,1,-6.42993,0.2887437046,5.3019256592,,0.1739130434782608,0.3076923076923077,0,1,-5.68398,0.275832355,5.0501155853,,0.0869565217391304,0.1538461538461538,0,1,-6.48248,0.2556767464,4.7593302727,,0.3478260869565217,0.3846153846153846,0,1,-7.13105,0.2503443956,4.572924614,,0.5217391304347826,0.6923076923076923,0,1,-6.76785,0.2410833091,5.1243805885,,0.2608695652173913,0.2307692307692307,0,1,-6.18117,0.2409534156,4.668861866,,0.3478260869565217,0.3846153846153846,0,1,-6.06946,0.2396948934,5.0004048347,,0.2608695652173913,0.3846153846153846,0,1,10
ZINC000000854323,-5.9811,0.4651305974,5.3800354004,,0.3478260869565217,0.4615384615384615,0,1,-5.85399,0.3830909133,4.9516015053,,0.3478260869565217,0.4615384615384615,0,1,-6.29869,0.3756589293,5.3846340179,,0.4782608695652174,0.6153846153846154,0,1,-7.21514,0.3322178423,5.5720405579,,0.5217391304347826,0.6923076923076923,0,1,-5.86586,0.3291599452,5.0829234123,,0.3478260869565217,0.4615384615384615,0,1,-7.94071,0.2451817989,5.2958846092,,0.4347826086956521,0.6153846153846154,0,1,-6.51051,0.2320164889,5.3594512939,,0.5217391304347826,0.6923076923076923,0,1,-6.81658,0.2185154706,5.0030913353,,0.3043478260869565,0.3076923076923077,0,1,-5.61577,0.2169055492,4.4919524193,,0.0869565217391304,0.0769230769230769,0,1,-6.06762,0.2050438672,4.8716378212,,0.3043478260869565,0.3846153846153846,0,1,10
ZINC000000860055,-6.30127,0.4398710728,5.5684299469,,0.5652173913043478,0.6153846153846154,0,1,-6.84144,0.3063522279,4.9287428856,,0.391304347826087,0.3076923076923077,0,1,-6.68124,0.3049494028,5.470351696,,0.4782608695652174,0.6153846153846154,0,1,-6.54798,0.2468942851,5.3684649467,,0.2608695652173913,0.3076923076923077,0,1,-6.47043,0.233403489,5.3784503937,,0.4347826086956521,0.6923076923076923,0,1,-7.00528,0.2193211317,5.0203185081,,0.4782608695652174,0.5384615384615384,0,1,-6.64502,0.2184842974,5.3088417053,,0.3043478260869565,0.3846153846153846,0,1,-7.7523,0.2134195268,5.1046228409,,0.3478260869565217,0.4615384615384615,0,1,-7.71068,0.2088124752,4.9141278267,,0.2608695652173913,0.3076923076923077,0,1,-7.73936,0.2033406645,5.3047413826,,0.3478260869565217,0.5384615384615384,0,1,10
ZINC000000898158,-6.97147,0.3835839629,5.027367115,,0.5652173913043478,0.6923076923076923,0,1,-6.86873,0.351469636,4.8970322609,,0.2608695652173913,0.3076923076923077,0,1,-6.80539,0.3414330482,5.0119156837,,0.2608695652173913,0.3076923076923077,0,1,-6.19128,0.3355700672,4.3253788948,,0.3478260869565217,0.3846153846153846,0,1,-6.67075,0.3239504695,5.0119967461,,0.5217391304347826,0.6923076923076923,0,1,-6.50891,0.3215111494,4.0656929016,,0.391304347826087,0.3846153846153846,0,1,-6.73033,0.3164563775,5.4661278725,,0.5217391304347826,0.5384615384615384,0,1,-6.93935,0.3107641935,5.1824860573,,0.5217391304347826,0.6923076923076923,0,1,-6.75242,0.3062880933,5.3611712456,,0.4782608695652174,0.5384615384615384,0,1,-6.47252,0.3054852784,4.129524231,,0.3043478260869565,0.3076923076923077,0,1,10
ZINC000000942393,-5.18505,0.5771430731,5.1795744896,,0.0869565217391304,0.0769230769230769,0,1,-5.03428,0.5263957977,3.8951818943,,0.3043478260869565,0.3076923076923077,0,1,-4.94862,0.447021693,4.3595480919,,0.3043478260869565,0.3076923076923077,0,1,-6.81698,0.4274343252,4.805079937,,0.1739130434782608,0.1538461538461538,0,1,-4.77184,0.3981918693,3.8494319916,,0.2608695652173913,0.2307692307692307,0,1,-4.49422,0.3572285175,4.3639698029,,0.217391304347826,0.3076923076923077,0,1,-5.23521,0.3477855623,4.7520828247,,0.1739130434782608,0.1538461538461538,0,1,-4.59763,0.3431438208,3.5249271393,,0.217391304347826,0.2307692307692307,0,1,-4.39831,0.3293651938,4.0286259651,,0.0434782608695652,0.0769230769230769,0,1,-5.36197,0.3215864301,3.867162466,,0.3043478260869565,0.3076923076923077,0,1,10
ZINC000000949298,-6.7898,0.461648494,6.2352371216,,0.4347826086956521,0.6153846153846154,0,1,-7.1629,0.4319020212,6.332857132,,0.5217391304347826,0.6153846153846154,0,1,-6.70024,0.4309633076,5.3983426094,,0.3043478260869565,0.3076923076923077,0,1,-6.73556,0.4147450924,5.6460137367,,0.391304347826087,0.5384615384615384,0,1,-6.68899,0.3401663601,5.4224224091,,0.3478260869565217,0.3846153846153846,0,1,-7.60768,0.3093523979,5.5218815804,,0.5217391304347826,0.6153846153846154,0,1,-6.8649,0.3090237081,5.5148220062,,0.4347826086956521,0.6153846153846154,0,1,-7.44323,0.2990174592,5.7946815491,,0.3043478260869565,0.3846153846153846,0,1,-6.6355,0.2858379483,5.8867034912,,0.4347826086956521,0.6153846153846154,0,1,-6.14488,0.28171435,4.0615415573,,0.217391304347826,0.3076923076923077,0,1,10
ZINC000001028678,-6.17912,0.4603372812,5.8731079102,,0.5217391304347826,0.6153846153846154,0,1,-7.39014,0.2614118755,5.6281952858,,0.5652173913043478,0.6923076923076923,0,1,-6.96205,0.222359091,4.9449791908,,0.4347826086956521,0.3846153846153846,0,1,-7.46595,0.2019070536,5.0152068138,,0.5652173913043478,0.6153846153846154,0,1,-6.13128,0.1862736344,4.9342718124,,0.3043478260869565,0.3076923076923077,0,1,-6.27736,0.1807326376,5.4510440826,,0.3043478260869565,0.4615384615384615,0,1,-7.37628,0.1796731353,4.9140543938,,0.6086956521739131,0.6923076923076923,0,1,-7.30533,0.1702138186,5.1756825447,,0.217391304347826,0.5384615384615384,0,1,-7.3267,0.1677684039,5.1921429634,,0.217391304347826,0.3846153846153846,0,1,-6.2963,0.1646286547,5.0226020813,,0.391304347826087,0.3846153846153846,0,1,10
ZINC000001050063,-6.23237,0.6792891026,5.9812393188,,0.5652173913043478,0.7692307692307693,0,1,-6.10733,0.5330780745,5.3882966042,,0.6521739130434783,0.7692307692307693,0,1,-6.71001,0.500480473,4.883541584,,0.3043478260869565,0.3846153846153846,0,1,-6.65122,0.4003986418,4.7668185234,,0.3043478260869565,0.3846153846153846,0,1,-5.52593,0.370870471,3.9954731464,,0.0869565217391304,0.0769230769230769,0,1,-6.26032,0.3657542467,5.2164888382,,0.4347826086956521,0.6153846153846154,0,1,-6.9769,0.3404152989,5.436290741,,0.5652173913043478,0.6923076923076923,0,1,-6.193,0.3399805129,5.2710785866,,0.4347826086956521,0.6153846153846154,0,1,-5.6761,0.3358914554,4.6109175682,,0.3043478260869565,0.4615384615384615,0,1,-5.78213,0.335380435,4.6063761711,,0.2608695652173913,0.3846153846153846,0,1,10
ZINC000001050066,-5.36477,0.4195075631,3.695555687,,0.217391304347826,0.2307692307692307,0,1,-6.69068,0.3572027683,4.9419631958,,0.3043478260869565,0.3846153846153846,0,1,-5.33918,0.3162427545,4.6204547882,,0.5217391304347826,0.6923076923076923,0,1,-6.1843,0.3092807233,4.702562809,,0.4347826086956521,0.5384615384615384,0,1,-7.76785,0.3068050444,5.4337992668,,0.5217391304347826,0.6153846153846154,0,1,-5.16132,0.2961059511,4.9485373497,,0.6956521739130435,0.8461538461538461,0,1,-5.08042,0.2906796932,3.2283763885,,0.2608695652173913,0.3076923076923077,0,1,-5.28593,0.2854140103,3.8207435608,,0.1739130434782608,0.2307692307692307,0,1,-7.52897,0.2822435498,5.1709756851,,0.6521739130434783,0.6923076923076923,0,1,-5.53109,0.2592438161,4.1611685753,,0.3043478260869565,0.3076923076923077,0,1,10
ZINC000001087381,-7.03483,0.5618909597,5.9765839577,,0.7391304347826086,0.7692307692307693,0,1,-5.9935,0.2850560546,4.9114460945,,0.217391304347826,0.3076923076923077,0,1,-7.82786,0.2290732116,5.5963249207,,0.6086956521739131,0.6923076923076923,0,1,-7.07362,0.2158305645,5.2320456505,,0.4347826086956521,0.4615384615384615,0,1,-6.52902,0.2007668763,5.375310421,,0.2608695652173913,0.3076923076923077,0,1,-7.12347,0.1986746937,5.3340210915,,0.5217391304347826,0.5384615384615384,0,1,-6.41657,0.1955988705,5.3126811981,,0.1739130434782608,0.1538461538461538,0,1,-6.38086,0.1728928983,5.3087697029,,0.217391304347826,0.2307692307692307,0,1,-6.57189,0.1708016396,5.3446316719,,0.5652173913043478,0.7692307692307693,0,1,-6.56956,0.161125645,4.9028358459,,0.217391304347826,0.3076923076923077,0,1,10
ZINC000001114057,-5.77194,0.4802868366,5.8591599464,,0.6521739130434783,0.7692307692307693,0,1,-7.03701,0.44116804,5.7891254425,,0.217391304347826,0.3076923076923077,0,1,-6.08515,0.389749825,5.8166794777,,0.217391304347826,0.3076923076923077,0,1,-6.54309,0.304626286,5.768930912,,0.1739130434782608,0.2307692307692307,0,1,-5.15967,0.2711644471,5.1386961937,,0.3478260869565217,0.3846153846153846,0,1,-5.76015,0.2693480551,5.7371807098,,0.391304347826087,0.4615384615384615,0,1,-5.29719,0.2552113533,5.5636410713,,0.5652173913043478,0.7692307692307693,0,1,-4.14167,0.2369746864,4.9520893097,,0.217391304347826,0.3076923076923077,0,1,-5.20683,0.2069853991,4.9945788383,,0.3478260869565217,0.4615384615384615,0,1,-4.33538,0.2059013098,4.0270810127,,0.3043478260869565,0.3076923076923077,0,1,10
ZINC000001122314,-6.87653,0.4428919852,5.351392746,,0.6521739130434783,0.7692307692307693,0,1,-7.62426,0.3961794376,4.9189281464,,0.3478260869565217,0.3846153846153846,0,1,-7.81116,0.3868966103,5.3954730034,,0.4782608695652174,0.6153846153846154,0,1,-7.73089,0.3814592063,5.4015331268,,0.4347826086956521,0.6153846153846154,0,1,-7.56223,0.3803221583,4.8933582306,,0.4347826086956521,0.6153846153846154,0,1,-7.33067,0.3802559674,4.7703857422,,0.5217391304347826,0.6923076923076923,0,1,-6.70171,0.3495678306,4.5002102852,,0.391304347826087,0.5384615384615384,0,1,-6.34126,0.347817719,4.5154881477,,0.3478260869565217,0.4615384615384615,0,1,-6.16911,0.3474633098,4.0585727692,,0.3043478260869565,0.3076923076923077,0,1,-6.80637,0.3457301557,4.5262985229,,0.391304347826087,0.5384615384615384,0,1,10
ZINC000001155637,-8.16709,0.3737621009,6.0116782188,,0.391304347826087,0.5384615384615384,0,1,-7.03205,0.3630816638,6.2980294228,,0.3478260869565217,0.4615384615384615,0,1,-8.16084,0.3514750302,6.0221171379,,0.4347826086956521,0.6153846153846154,0,1,-6.05891,0.3468919992,5.9556179047,,0.4347826086956521,0.6923076923076923,0,1,-8.07546,0.3386908174,6.1727566719,,0.4347826086956521,0.6923076923076923,0,1,-6.5753,0.3348328769,6.1830353737,,0.5217391304347826,0.7692307692307693,0,1,-6.00232,0.3000845611,6.0311455727,,0.5217391304347826,0.7692307692307693,0,1,-5.95156,0.2537319064,5.3147168159,,0.2608695652173913,0.3076923076923077,0,1,-5.51834,0.2531168759,4.9480228424,,0.4347826086956521,0.3846153846153846,0,1,-5.85528,0.2341176867,5.9339566231,,0.5217391304347826,0.6923076923076923,0,1,10
ZINC000001170452,-5.61266,0.3505026102,5.1509180069,,0.3043478260869565,0.3076923076923077,0,1,-6.04903,0.3173939884,5.2855410576,,0.4782608695652174,0.5384615384615384,0,1,-4.95934,0.3097757697,3.6330344677,,0.217391304347826,0.2307692307692307,0,1,-4.70374,0.2953757942,3.302904129,,0.217391304347826,0.2307692307692307,0,1,-5.2133,0.2459882498,3.9646599293,,0.3043478260869565,0.3076923076923077,0,1,-6.04974,0.2424402535,5.4379935265,,0.391304347826087,0.6153846153846154,1,1,-4.93465,0.2276662439,3.3458826542,,0.1304347826086956,0.1538461538461538,0,1,-5.14078,0.223659277,4.4633216858,,0.217391304347826,0.1538461538461538,0,1,-5.10905,0.219859004,3.4348773956,,0.1739130434782608,0.2307692307692307,0,1,-5.22688,0.2148119062,5.4366149902,,0.217391304347826,0.3076923076923077,0,1,10
ZINC000001189225,-5.23282,0.6186279655,4.1740779877,,0.3043478260869565,0.3076923076923077,0,1,-4.8262,0.5789037347,5.3225421906,,0.217391304347826,0.2307692307692307,0,1,-4.55932,0.3654021025,5.2645144463,,0.1739130434782608,0.3076923076923077,0,1,-5.06242,0.3536969423,4.6971111298,,0.3478260869565217,0.4615384615384615,0,1,-4.86261,0.3360339403,5.0216355324,,0.1304347826086956,0.1538461538461538,0,1,-4.81586,0.3206985891,3.5190308094,,0.1304347826086956,0.2307692307692307,0,1,-4.71746,0.3189179599,3.5110785961,,0.1739130434782608,0.2307692307692307,0,1,-4.62206,0.2898199558,4.9527544975,,0.391304347826087,0.6153846153846154,0,1,-5.24696,0.28000471,4.0177369118,,0.391304347826087,0.3846153846153846,0,1,-5.54725,0.2789933085,3.9536647797,,0.3043478260869565,0.3846153846153846,0,1,10
ZINC000001218713,-6.65737,0.2332899123,5.4273343086,,0.4782608695652174,0.5384615384615384,0,1,-5.58674,0.2147375643,5.0042080879,,0.3043478260869565,0.3076923076923077,0,1,-5.53974,0.21452941,4.3896708488,,0.1739130434782608,0.3076923076923077,0,1,-6.06853,0.1938138306,4.206609726,,0.1739130434782608,0.3076923076923077,0,1,-6.2356,0.1903427541,5.1143631935,,0.3478260869565217,0.3076923076923077,0,1,-7.53135,0.1900228709,5.0262956619,,0.391304347826087,0.4615384615384615,0,1,-7.30078,0.1690285206,5.1946101189,,0.2608695652173913,0.3076923076923077,0,1,-7.87028,0.166757375,4.8834848404,,0.3478260869565217,0.4615384615384615,0,1,-7.12242,0.1602813452,5.2013993263,,0.2608695652173913,0.3076923076923077,0,1,-6.74091,0.159557268,4.9124412537,,0.4347826086956521,0.6153846153846154,0,1,10
ZINC000001259772,-5.97807,0.7026876807,4.7822318077,,0.4347826086956521,0.5384615384615384,0,1,-5.95785,0.7001815438,4.596924305,,0.4347826086956521,0.6153846153846154,0,1,-6.02212,0.6926388144,4.507724762,,0.3478260869565217,0.5384615384615384,0,1,-6.09539,0.5831972361,4.575325489,,0.4347826086956521,0.6153846153846154,0,1,-5.92506,0.4396617413,4.3215322495,,0.5217391304347826,0.6153846153846154,0,1,-5.83229,0.3805914819,3.9697399139,,0.391304347826087,0.5384615384615384,0,1,-6.08096,0.3589106202,4.2741770744,,0.217391304347826,0.2307692307692307,0,1,-5.22744,0.347961247,3.8061811924,,0.1304347826086956,0.1538461538461538,0,1,-5.3916,0.327034384,4.1012291908,,0.391304347826087,0.5384615384615384,0,1,-5.55373,0.3221241832,4.1377353668,,0.391304347826087,0.6153846153846154,0,1,10
ZINC000001296761,-5.92159,0.6157816648,6.036262989,,0.6086956521739131,0.7692307692307693,0,1,-5.40174,0.3480065763,5.3911833763,,0.7391304347826086,0.8461538461538461,0,1,-6.82675,0.3223730326,5.2739276886,,0.4782608695652174,0.6153846153846154,0,1,-6.32658,0.2986181974,5.3496665955,,0.3043478260869565,0.3846153846153846,0,1,-5.90167,0.2642526031,4.5626168251,,0.391304347826087,0.3846153846153846,0,1,-6.64626,0.2184812725,4.6597366333,,0.391304347826087,0.4615384615384615,0,1,-6.67137,0.2167011797,5.933321476,,0.4347826086956521,0.6153846153846154,0,1,-6.00968,0.2068774104,4.7608561516,,0.2608695652173913,0.3076923076923077,0,1,-5.94263,0.2017034888,4.732011795,,0.217391304347826,0.3076923076923077,0,1,-6.80853,0.194570452,5.0145249367,,0.4347826086956521,0.6153846153846154,0,1,10
ZINC000001314226,-5.99292,0.3921485245,5.8434238434,,0.3478260869565217,0.5384615384615384,0,1,-7.31374,0.2585473955,4.9379520416,,0.2608695652173913,0.3076923076923077,0,1,-6.46225,0.2434326112,5.0708861351,,0.2608695652173913,0.3076923076923077,0,1,-6.53438,0.2238318473,4.9379611015,,0.2608695652173913,0.3076923076923077,0,1,-7.07701,0.1997529119,5.7399144173,,0.4347826086956521,0.6153846153846154,0,1,-6.41686,0.1984612793,5.3270277977,,0.2608695652173913,0.3076923076923077,0,1,-7.07368,0.1978931576,4.8147273064,,0.3043478260869565,0.3076923076923077,0,1,-6.76085,0.1960068643,6.1142430305,,0.4347826086956521,0.6153846153846154,0,1,-5.90441,0.1850932837,3.9663441181,,0.1739130434782608,0.2307692307692307,0,1,-6.49539,0.1828913391,4.7498316765,,0.2608695652173913,0.3076923076923077,0,1,10
ZINC000001424197,-7.31868,0.4536881447,5.5055561066,,0.4782608695652174,0.6923076923076923,0,1,-7.15155,0.3825826049,5.384988308,,0.3043478260869565,0.3846153846153846,0,1,-5.70509,0.3610615432,4.6135840416,,0.3043478260869565,0.3076923076923077,0,1,-5.79532,0.2780140638,4.6546487808,,0.3043478260869565,0.3076923076923077,0,1,-5.9709,0.2759418488,5.0404295921,,0.3478260869565217,0.4615384615384615,0,1,-7.14469,0.2714719474,5.4938354492,,0.4782608695652174,0.6153846153846154,0,1,-5.91143,0.256159097,4.9347481728,,0.217391304347826,0.3076923076923077,0,1,-6.37326,0.2522903979,5.3279738426,,0.4782608695652174,0.6153846153846154,0,1,-5.26329,0.233785525,5.1484456062,,0.6086956521739131,0.8461538461538461,0,1,-7.30479,0.2128204107,4.7751088142,,0.217391304347826,0.2307692307692307,0,1,10
ZINC000001467762,-4.97641,0.7797805667,5.0621547699,,0.3478260869565217,0.3076923076923077,0,1,-6.66452,0.5186217427,5.8207278252,,0.6086956521739131,0.6923076923076923,0,1,-4.98295,0.4691203833,4.8252859116,,0.3478260869565217,0.3076923076923077,0,1,-5.90616,0.4530181885,5.2607531548,,0.4782608695652174,0.6923076923076923,0,1,-7.01425,0.3969465792,5.7406897545,,0.5652173913043478,0.7692307692307693,0,1,-7.05656,0.3038909435,5.4887180328,,0.4347826086956521,0.6153846153846154,0,1,-6.97294,0.3024762273,5.4140000343,,0.5652173913043478,0.7692307692307693,0,1,-6.61155,0.2941405773,5.2487750053,,0.6521739130434783,0.8461538461538461,0,1,-5.08232,0.2897025347,3.6509444714,,0.2608695652173913,0.2307692307692307,0,1,-6.58252,0.265350908,5.1388735771,,0.5217391304347826,0.6153846153846154,0,1,10
ZINC000001470128,-7.10517,0.6759546995,5.7039351463,,0.2608695652173913,0.3076923076923077,0,1,-6.89777,0.4561453164,5.1657581329,,0.3043478260869565,0.3076923076923077,0,1,-7.40823,0.3643800318,5.6945362091,,0.3478260869565217,0.4615384615384615,0,1,-7.21268,0.317828387,5.6995463371,,0.6086956521739131,0.7692307692307693,0,1,-6.54913,0.2921558022,5.5979747772,,0.391304347826087,0.4615384615384615,0,1,-6.65686,0.2841761708,5.741707325,,0.6956521739130435,0.8461538461538461,0,1,-5.66134,0.2819499373,4.231025219,,0.3043478260869565,0.3846153846153846,0,1,-5.58908,0.273409009,4.8028416634,,0.4347826086956521,0.3846153846153846,0,1,-5.93493,0.2497238666,4.537712574,,0.3043478260869565,0.3846153846153846,0,1,-7.54618,0.2470455319,5.1947588921,,0.4347826086956521,0.5384615384615384,0,1,10
ZINC000001529513,-6.33472,0.6885054111,5.3384804726,,0.5652173913043478,0.7692307692307693,0,1,-6.53277,0.5294559002,4.5657992363,,0.5217391304347826,0.6923076923076923,0,1,-5.58278,0.5041932464,4.7313570976,,0.4782608695652174,0.6153846153846154,0,1,-6.74321,0.4648648798,4.0205168724,,0.4782608695652174,0.4615384615384615,0,1,-6.51457,0.433973968,4.5681195259,,0.4347826086956521,0.6923076923076923,0,1,-6.74265,0.4212459624,4.5616612434,,0.391304347826087,0.6153846153846154,0,1,-6.69973,0.4113886058,3.8100669384,,0.4782608695652174,0.4615384615384615,0,1,-5.78264,0.3703767061,4.2373490334,,0.1739130434782608,0.1538461538461538,0,1,-5.54355,0.3449311256,4.130343914,,0.1739130434782608,0.1538461538461538,0,1,-5.55357,0.3034826517,4.1045403481,,0.1304347826086956,0.1538461538461538,0,1,10
ZINC000001529553,-6.46731,0.5201585293,4.2219090462,,0.4347826086956521,0.4615384615384615,0,1,-6.09028,0.4960375726,5.4758453369,,0.4347826086956521,0.4615384615384615,0,1,-6.54453,0.4842811227,5.2712197304,,0.4347826086956521,0.5384615384615384,0,1,-6.73046,0.4543417692,5.4967608452,,0.5217391304347826,0.6923076923076923,0,1,-7.7928,0.4357722998,4.7621073723,,0.4347826086956521,0.5384615384615384,0,1,-5.98147,0.4319658875,4.1517076492,,0.4782608695652174,0.5384615384615384,0,1,-6.26101,0.4088837504,5.1934075356,,0.5652173913043478,0.7692307692307693,0,1,-6.28126,0.3494237363,4.7055583,,0.4782608695652174,0.6153846153846154,1,1,-7.43879,0.3488046825,4.576944828,,0.6521739130434783,0.8461538461538461,0,1,-5.99788,0.3454221785,3.9165945053,,0.4782608695652174,0.5384615384615384,0,1,10
ZINC000001530324,-4.72928,0.4772734344,3.4410712719,,0.0,0.0,0,1,-5.6996,0.3766709268,4.4079351425,,0.0869565217391304,0.0769230769230769,0,1,-5.37982,0.3372654021,3.7785232067,,0.0869565217391304,0.0769230769230769,0,1,-4.51347,0.3302744329,3.4809958935,,0.1304347826086956,0.1538461538461538,0,1,-6.702,0.3172041774,4.21311903,,0.0869565217391304,0.0769230769230769,0,1,-5.16414,0.3127758503,3.3046267033,,0.217391304347826,0.2307692307692307,0,1,-4.85347,0.3069739938,3.4049320221,,0.3478260869565217,0.3846153846153846,0,1,-4.41967,0.2801918089,3.4267091751,,0.3043478260869565,0.3076923076923077,0,1,-4.78965,0.2755824924,3.712939024,,0.1739130434782608,0.2307692307692307,0,1,-4.80168,0.2704364359,3.4740550518,,0.217391304347826,0.1538461538461538,0,1,10
ZINC000001530702,-4.79809,0.7177676558,5.0038485527,,0.3478260869565217,0.3076923076923077,0,1,-4.96466,0.5634471178,5.0461673737,,0.3043478260869565,0.3076923076923077,0,1,-4.68737,0.4460597932,4.6867775917,,0.217391304347826,0.2307692307692307,0,1,-4.63019,0.2931066751,4.8265171051,,0.3043478260869565,0.3076923076923077,0,1,-4.77856,0.2730219066,4.083463192,,0.1304347826086956,0.1538461538461538,0,1,-6.45416,0.2619149387,5.6338877678,,0.4347826086956521,0.6153846153846154,0,1,-4.38159,0.2588043809,3.9325463772,,0.2608695652173913,0.3076923076923077,0,1,-4.24878,0.2459881306,4.1095519066,,0.2608695652173913,0.3076923076923077,0,1,-4.31161,0.243241623,3.888664484,,0.0869565217391304,0.0769230769230769,0,1,-4.73734,0.215827018,4.11936903,,0.3043478260869565,0.3076923076923077,0,1,10
ZINC000001531221,-7.06187,0.6284587383,6.1434288025,,0.4782608695652174,0.6923076923076923,0,1,-4.92025,0.2944281399,3.5562069416,,0.2608695652173913,0.3076923076923077,0,1,-5.76299,0.2930696905,5.2597637177,,0.5217391304347826,0.7692307692307693,0,1,-5.9114,0.2343396842,5.0557837486,,0.3043478260869565,0.3846153846153846,0,1,-5.06627,0.1807543039,4.2651972771,,0.3043478260869565,0.3846153846153846,0,1,-4.67564,0.1652552336,3.0775063038,,0.2608695652173913,0.3076923076923077,0,1,-4.77059,0.1607186645,3.4003231525,,0.217391304347826,0.2307692307692307,0,1,-4.62749,0.1478286088,2.8263032436,,0.2608695652173913,0.3846153846153846,0,1,-6.44076,0.1422655731,4.656850338,,0.5652173913043478,0.8461538461538461,0,1,-4.72258,0.1097062007,4.8604226112,,0.2608695652173913,0.3846153846153846,0,1,10
ZINC000001532334,-6.95433,0.3986992836,5.884411335,,0.391304347826087,0.5384615384615384,0,1,-6.54678,0.3869242966,5.4554481506,,0.2608695652173913,0.5384615384615384,0,1,-5.97959,0.3627014756,5.7306346893,,0.6086956521739131,0.7692307692307693,0,1,-5.78407,0.3547526896,5.8767008781,,0.6086956521739131,0.7692307692307693,0,1,-6.84565,0.3519359529,5.4124736786,,0.5652173913043478,0.6923076923076923,0,1,-7.38265,0.3434398174,5.9083390236,,0.391304347826087,0.6153846153846154,0,1,-6.50187,0.3284724951,5.898203373,,0.3478260869565217,0.5384615384615384,0,1,-7.13143,0.3014865816,5.8951802254,,0.391304347826087,0.5384615384615384,0,1,-6.01811,0.295735091,5.907845974,,0.391304347826087,0.5384615384615384,0,1,-6.87348,0.2322418094,5.5368208885,,0.3478260869565217,0.5384615384615384,0,1,10
ZINC000001532343,-6.25955,0.5144558549,5.7585220337,,0.4782608695652174,0.7692307692307693,0,1,-6.27045,0.3734203279,5.3344845772,,0.1739130434782608,0.2307692307692307,0,1,-6.68268,0.315263629,5.1396250725,,0.4782608695652174,0.6153846153846154,0,1,-6.39737,0.2918162942,4.5306339264,,0.4782608695652174,0.4615384615384615,0,1,-6.56716,0.2633772194,5.9217853546,,0.4347826086956521,0.6153846153846154,0,1,-5.89457,0.2484431416,5.0901203156,,0.5217391304347826,0.6923076923076923,0,1,-5.59537,0.2432224751,5.0231251717,,0.3043478260869565,0.3076923076923077,0,1,-5.18661,0.2394410819,4.6775741577,,0.2608695652173913,0.3076923076923077,0,1,-6.7759,0.2215444744,4.5833668709,,0.6521739130434783,0.6923076923076923,0,1,-6.09007,0.2183770388,5.0336871147,,0.3043478260869565,0.3076923076923077,0,1,10
ZINC000001533470,-6.45789,0.9121640325,6.1032967567,,0.6086956521739131,0.9230769230769232,0,1,-6.11854,0.7621818781,5.4890193939,,0.391304347826087,0.6153846153846154,0,1,-6.29321,0.7559736371,5.7760491371,,0.391304347826087,0.6153846153846154,0,1,-5.90513,0.699629426,5.3026237488,,0.391304347826087,0.6153846153846154,0,1,-7.24213,0.6604893208,5.3035087585,,0.4347826086956521,0.6923076923076923,0,1,-6.61262,0.6040959954,5.5239982605,,0.4347826086956521,0.6153846153846154,0,1,-6.73657,0.5988696814,5.2322454453,,0.4782608695652174,0.6923076923076923,0,1,-6.93398,0.5589802265,5.1893868446,,0.3478260869565217,0.3846153846153846,0,1,-6.38784,0.5563184023,5.2289633751,,0.4347826086956521,0.6153846153846154,0,1,-6.26427,0.5450073481,5.7554240227,,0.4782608695652174,0.6153846153846154,0,1,10
ZINC000001534069,-6.99804,0.9733891487,6.0090851784,,0.5652173913043478,0.7692307692307693,0,1,-7.07935,0.9470083714,5.8339972496,,0.3478260869565217,0.5384615384615384,0,1,-7.70552,0.9100222588,5.9915180206,,0.6086956521739131,0.7692307692307693,0,1,-7.31083,0.7803244591,6.0230965614,,0.5217391304347826,0.6923076923076923,0,1,-7.60742,0.7676903605,5.8612613678,,0.4782608695652174,0.6153846153846154,0,1,-7.77916,0.7534585595,5.7957215309,,0.4782608695652174,0.6153846153846154,0,1,-6.18657,0.6680824161,6.1476955414,,0.4782608695652174,0.6153846153846154,0,1,-7.62169,0.6249345541,5.5967488289,,0.5217391304347826,0.6923076923076923,0,1,-7.7578,0.6051738858,5.5411105156,,0.4782608695652174,0.6153846153846154,0,1,-7.14086,0.543236196,4.7023854256,,0.217391304347826,0.2307692307692307,0,1,10
ZINC000001534881,-5.81883,0.6444408298,4.9746417999,,0.3043478260869565,0.3076923076923077,0,1,-6.12772,0.4073634148,4.7034702301,,0.3478260869565217,0.3846153846153846,0,1,-8.45818,0.3473276794,5.859817028,,0.4782608695652174,0.6153846153846154,0,1,-7.43968,0.340972811,6.0000038147,,0.217391304347826,0.3076923076923077,0,1,-8.4026,0.330912143,5.9017729759,,0.5652173913043478,0.7692307692307693,0,1,-8.40204,0.3255851865,5.9137091637,,0.5652173913043478,0.7692307692307693,0,1,-5.61005,0.2973553538,4.4283680916,,0.3043478260869565,0.3076923076923077,0,1,-7.35576,0.2708800137,6.0673332214,,0.5652173913043478,0.7692307692307693,0,1,-7.05295,0.2560874522,5.5635523796,,0.391304347826087,0.4615384615384615,0,1,-7.06721,0.2479456067,5.7200202942,,0.5217391304347826,0.6923076923076923,0,1,10
ZINC000001540174,-8.09896,0.7011950612,6.5623230934,,0.5217391304347826,0.6923076923076923,0,1,-8.04804,0.6857436299,6.5275626183,,0.5217391304347826,0.6923076923076923,0,1,-8.09896,0.6517072916,6.3802032471,,0.6086956521739131,0.7692307692307693,0,1,-6.09339,0.5766022801,5.2791056633,,0.391304347826087,0.3846153846153846,0,1,-7.90268,0.458001107,6.1206564903,,0.4782608695652174,0.6153846153846154,0,1,-7.89113,0.3861227632,6.0436806679,,0.4782608695652174,0.6153846153846154,0,1,-5.58193,0.3011487126,4.5350737572,,0.3478260869565217,0.3846153846153846,0,1,-6.98515,0.2890635729,5.8056759834,,0.6521739130434783,0.8461538461538461,0,1,-7.91538,0.2771578431,5.9484062195,,0.5217391304347826,0.6923076923076923,0,1,-7.05094,0.2491350621,5.9912075996,,0.4782608695652174,0.6923076923076923,0,1,10
ZINC000001546561,-6.1379,0.8995780945,6.5260205269,,0.6521739130434783,0.8461538461538461,0,1,-6.50944,0.8803283572,6.8674836159,,0.5652173913043478,0.7692307692307693,0,1,-6.84786,0.8578670025,6.6084651947,,0.6086956521739131,0.7692307692307693,0,1,-6.33332,0.7125592232,6.3050074577,,0.5652173913043478,0.7692307692307693,0,1,-6.43644,0.6997081041,7.1360411644,,0.6521739130434783,0.7692307692307693,0,1,-6.30007,0.661131978,6.0764641762,,0.3043478260869565,0.3846153846153846,0,1,-6.50834,0.5602599978,6.3440032005,,0.391304347826087,0.5384615384615384,0,1,-6.76932,0.4877077937,6.3222193718,,0.391304347826087,0.5384615384615384,0,1,-7.14183,0.4724124074,6.0624604225,,0.217391304347826,0.2307692307692307,0,1,-6.62556,0.4552429616,6.0976142883,,0.5217391304347826,0.7692307692307693,0,1,10
ZINC000001547487,-6.66442,0.2835572958,6.1195240021,,0.4782608695652174,0.5384615384615384,0,1,-6.82684,0.2527957559,5.8245215416,,0.4782608695652174,0.5384615384615384,0,1,-7.09628,0.2427363992,5.8668560982,,0.2608695652173913,0.3076923076923077,0,1,-7.21863,0.2322947979,6.0126342773,,0.391304347826087,0.5384615384615384,0,1,-8.05026,0.2023314983,5.6921386719,,0.4782608695652174,0.6923076923076923,0,1,-7.73709,0.1840644181,5.8764166832,,0.3478260869565217,0.5384615384615384,0,1,-7.75348,0.1689213812,5.8401618004,,0.4347826086956521,0.6153846153846154,0,1,-6.71036,0.1606615186,5.4689693451,,0.217391304347826,0.2307692307692307,0,1,-6.94167,0.1586170793,5.4898896217,,0.217391304347826,0.3076923076923077,0,1,-7.72205,0.1573368013,5.5143380165,,0.4782608695652174,0.6923076923076923,0,1,10
ZINC000001554970,-6.32525,0.9280400276,5.2930035591,,0.391304347826087,0.6153846153846154,0,1,-6.20453,0.8243808746,5.3111343384,,0.4347826086956521,0.5384615384615384,0,1,-6.54964,0.6597884893,4.8934645653,,0.4782608695652174,0.6923076923076923,0,1,-6.33466,0.6444854736,4.8265838623,,0.6086956521739131,0.8461538461538461,0,1,-6.42396,0.6137721539,5.0326919556,,0.4347826086956521,0.6153846153846154,0,1,-6.73868,0.5424086452,4.7296404839,,0.4347826086956521,0.6153846153846154,0,1,-5.95229,0.4757528603,4.9617886543,,0.391304347826087,0.5384615384615384,0,1,-6.39745,0.4729781151,4.1851673126,,0.1739130434782608,0.2307692307692307,0,1,-5.81502,0.4614124,4.7817168236,,0.3478260869565217,0.3846153846153846,0,1,-6.1344,0.2695827186,4.6718845367,,0.4347826086956521,0.6153846153846154,0,1,10
ZINC000001562441,-6.27365,0.9361709356,5.216917038,,0.5217391304347826,0.7692307692307693,0,1,-6.68839,0.8073747158,4.9803566933,,0.3043478260869565,0.3076923076923077,0,1,-6.26636,0.7315102816,4.7941975594,,0.4347826086956521,0.5384615384615384,0,1,-7.1328,0.6819422841,4.9608073235,,0.3478260869565217,0.4615384615384615,0,1,-6.23556,0.6431962252,4.9211163521,,0.391304347826087,0.6923076923076923,0,1,-6.75414,0.5828585625,4.8465361595,,0.391304347826087,0.6153846153846154,0,1,-6.9146,0.5494686365,5.0717067719,,0.391304347826087,0.6153846153846154,0,1,-6.56102,0.5367090702,4.5262966156,,0.4347826086956521,0.6923076923076923,0,1,-7.1368,0.5297811031,5.0670742989,,0.4347826086956521,0.5384615384615384,0,1,-7.32516,0.48614344,4.4115605354,,0.2608695652173913,0.3846153846153846,0,1,10
ZINC000001570968,-5.32157,0.624673605,5.850479126,,0.5217391304347826,0.7692307692307693,0,1,-6.77719,0.4979127049,5.510863781,,0.5217391304347826,0.6923076923076923,0,1,-6.47301,0.3517737687,5.6107563972,,0.5217391304347826,0.7692307692307693,0,1,-5.81434,0.3221866786,5.3880372047,,0.4782608695652174,0.5384615384615384,0,1,-6.01419,0.3201987147,5.2112674713,,0.4347826086956521,0.6153846153846154,0,1,-5.12097,0.2584998012,4.6866345406,,0.391304347826087,0.5384615384615384,0,1,-6.48551,0.257291913,5.3667240143,,0.3478260869565217,0.5384615384615384,0,1,-6.02666,0.2425741702,4.988049984,,0.6086956521739131,0.7692307692307693,0,1,-6.16323,0.2416426837,5.0092039108,,0.5217391304347826,0.7692307692307693,0,1,-6.46383,0.2371239513,4.8969378471,,0.391304347826087,0.5384615384615384,0,1,10
ZINC000001575530,-7.03236,0.4592883587,5.3536267281,,0.4347826086956521,0.6153846153846154,0,1,-6.84608,0.4257515073,5.6932563782,,0.3478260869565217,0.3846153846153846,0,1,-6.95191,0.4224662185,5.5029163361,,0.2608695652173913,0.4615384615384615,0,1,-7.36695,0.3637371063,5.544280529,,0.3478260869565217,0.5384615384615384,0,1,-6.30669,0.3561178446,5.7222480774,,0.6521739130434783,0.8461538461538461,0,1,-6.76222,0.3030049205,5.3983306885,,0.391304347826087,0.6153846153846154,0,1,-6.46988,0.2853931487,5.6255450249,,0.3478260869565217,0.4615384615384615,0,1,-6.95964,0.2848987281,5.2448801994,,0.5652173913043478,0.7692307692307693,0,1,-7.03248,0.2597784996,5.038084507,,0.1739130434782608,0.2307692307692307,0,1,-5.93502,0.2317685038,4.7970428467,,0.217391304347826,0.2307692307692307,0,1,10
ZINC000001579707,-5.71601,0.9056382775,5.5800871849,,0.4347826086956521,0.4615384615384615,0,1,-6.40601,0.8606581688,5.3449249268,,0.4347826086956521,0.6153846153846154,0,1,-6.02637,0.8571209311,5.2874293327,,0.4347826086956521,0.6153846153846154,0,1,-6.57104,0.6654833555,4.7735462189,,0.3478260869565217,0.3846153846153846,0,1,-5.23023,0.5877268314,4.1905612946,,0.3478260869565217,0.3846153846153846,0,1,-6.77346,0.5475310087,4.3860244751,,0.1739130434782608,0.2307692307692307,0,1,-5.81438,0.5092084408,5.2550253868,,0.4782608695652174,0.6153846153846154,0,1,-5.47709,0.4921147823,5.08984375,,0.4782608695652174,0.6923076923076923,0,1,-5.59354,0.4844886363,4.1802592278,,0.4782608695652174,0.4615384615384615,0,1,-5.46372,0.4187415838,3.4796078205,,0.2608695652173913,0.3076923076923077,0,1,10
ZINC000001579830,-7.81224,0.7848305106,6.5561804771,,0.3478260869565217,0.5384615384615384,0,1,-6.47972,0.6813519001,6.1664962769,,0.4782608695652174,0.7692307692307693,0,1,-7.04477,0.6472207904,5.9949755669,,0.4347826086956521,0.6153846153846154,0,1,-6.7259,0.594350636,5.880756855,,0.3478260869565217,0.6153846153846154,0,1,-7.62106,0.5813682079,6.0146422386,,0.4347826086956521,0.6923076923076923,0,1,-7.18687,0.5684268475,6.2015647888,,0.3043478260869565,0.5384615384615384,0,1,-7.15554,0.557664752,5.7858142853,,0.3478260869565217,0.3846153846153846,0,1,-7.41293,0.5462456346,6.2181544304,,0.3478260869565217,0.4615384615384615,0,1,-6.10277,0.4699022174,5.2254958153,,0.2608695652173913,0.3846153846153846,0,1,-6.03769,0.4494930506,5.9536566734,,0.3043478260869565,0.6153846153846154,0,1,10
ZINC000001582169,-7.42634,0.3125774264,5.1210727692,,0.782608695652174,0.9230769230769232,0,1,-7.36392,0.3113719821,5.0979976654,,0.782608695652174,0.9230769230769232,0,1,-7.58701,0.3074250817,5.1556620598,,0.6956521739130435,0.7692307692307693,0,1,-7.59352,0.3023322225,5.0905642509,,0.7391304347826086,0.8461538461538461,0,1,-7.49331,0.290954262,5.1611213684,,0.5217391304347826,0.6153846153846154,0,1,-7.1937,0.2893272042,5.1361422539,,0.5217391304347826,0.6153846153846154,0,1,-7.01514,0.2886675894,4.9750771523,,0.6521739130434783,0.7692307692307693,0,1,-7.15914,0.2805208564,5.0596837997,,0.5217391304347826,0.6923076923076923,0,1,-5.82371,0.2758367658,4.7358417511,,0.217391304347826,0.3846153846153846,0,1,-7.07047,0.2670607865,5.0035605431,,0.6086956521739131,0.6923076923076923,0,1,10
ZINC000001585251,-8.11833,0.4124781787,5.6559963226,,0.6956521739130435,0.7692307692307693,0,1,-7.51067,0.3426167965,5.6824831963,,0.5652173913043478,0.7692307692307693,0,1,-8.953,0.2699585557,5.2720675468,,0.6521739130434783,0.7692307692307693,0,1,-8.63362,0.2588255703,5.2470479012,,0.6956521739130435,0.7692307692307693,0,1,-8.89099,0.251560837,5.3028798103,,0.6956521739130435,0.7692307692307693,0,1,-8.35261,0.2392204553,5.0154623985,,0.6086956521739131,0.6923076923076923,0,1,-7.65751,0.2293062359,5.4159045219,,0.4782608695652174,0.5384615384615384,0,1,-6.1327,0.191684261,4.9378170967,,0.3478260869565217,0.5384615384615384,0,1,-7.45805,0.1863640845,5.3676543236,,0.5652173913043478,0.6923076923076923,0,1,-8.00814,0.1797723621,4.608291626,,0.4347826086956521,0.5384615384615384,0,1,10
ZINC000001585671,-7.01673,0.3824641705,5.4987521172,,0.4347826086956521,0.4615384615384615,0,1,-7.35232,0.3243342936,5.5890727043,,0.4782608695652174,0.6153846153846154,0,1,-6.80377,0.3165675104,5.323117733,,0.391304347826087,0.5384615384615384,0,1,-7.96107,0.2839976549,5.5389475822,,0.4782608695652174,0.6153846153846154,0,1,-6.96816,0.2514609098,5.3035926819,,0.4347826086956521,0.6153846153846154,0,1,-7.12186,0.2368210405,5.1565871239,,0.1304347826086956,0.1538461538461538,0,1,-7.58573,0.2221760005,5.403219223,,0.391304347826087,0.6153846153846154,0,1,-7.04321,0.1992716938,5.2226486206,,0.4347826086956521,0.6923076923076923,0,1,-7.02743,0.1978395879,5.4527468681,,0.2608695652173913,0.3076923076923077,0,1,-7.8548,0.1956748664,5.3849024773,,0.4347826086956521,0.5384615384615384,0,1,10
ZINC000001588716,-5.84969,0.3900610805,5.4215698242,,0.3478260869565217,0.3846153846153846,0,1,-6.69873,0.3137046099,5.3557815552,,0.5217391304347826,0.6153846153846154,0,1,-6.37991,0.2801638842,5.2840418816,,0.3478260869565217,0.4615384615384615,0,1,-7.14733,0.2311110497,5.3961138725,,0.5217391304347826,0.5384615384615384,0,1,-6.3365,0.2275950611,5.334394455,,0.391304347826087,0.4615384615384615,0,1,-7.09933,0.2237713635,5.1979928017,,0.5652173913043478,0.6153846153846154,0,1,-6.38532,0.2108244747,5.3485469818,,0.3478260869565217,0.3846153846153846,0,1,-6.37181,0.2084898055,5.5868420601,,0.217391304347826,0.2307692307692307,0,1,-7.04999,0.1956634372,5.3008575439,,0.5217391304347826,0.6153846153846154,0,1,-5.98186,0.1906693727,5.196931839,,0.3043478260869565,0.3846153846153846,0,1,10
ZINC000001589617,-5.53072,0.3298931718,5.0191712379,,0.391304347826087,0.4615384615384615,0,1,-6.27237,0.3122378588,6.4821834564,,0.6086956521739131,0.8461538461538461,0,1,-5.38616,0.295078516,5.0029082298,,0.4347826086956521,0.3846153846153846,0,1,-4.82585,0.2792600691,4.7679934502,,0.4347826086956521,0.3846153846153846,0,1,-5.28246,0.274502635,6.7204246521,,0.5652173913043478,0.6923076923076923,0,1,-4.66783,0.2534932792,4.6552834511,,0.3043478260869565,0.2307692307692307,0,1,-6.54269,0.2433881313,6.6955971718,,0.5217391304347826,0.6153846153846154,0,1,-5.30973,0.2381789684,4.8755316734,,0.4347826086956521,0.3846153846153846,0,1,-5.59524,0.2373337746,4.8121266365,,0.4347826086956521,0.3846153846153846,0,1,-7.09867,0.2335420549,6.6057753563,,0.4347826086956521,0.6923076923076923,0,1,10
ZINC000001590383,-5.48874,0.8268617392,5.2455186844,,0.4347826086956521,0.4615384615384615,0,1,-5.6086,0.69158113,5.9921779633,,0.4782608695652174,0.6153846153846154,1,1,-6.99282,0.5878998637,5.594807148,,0.5652173913043478,0.6153846153846154,0,1,-5.4368,0.5610530972,4.6658344269,,0.3043478260869565,0.3846153846153846,0,1,-9.03551,0.5142853856,5.9187855721,,0.7391304347826086,0.8461538461538461,0,1,-5.46864,0.4695006311,3.8532187939,,0.2608695652173913,0.3076923076923077,0,1,-4.92941,0.4604985118,5.3359665871,,0.4347826086956521,0.4615384615384615,0,1,-6.71173,0.4189099669,5.399456501,,0.3478260869565217,0.4615384615384615,0,1,-7.12047,0.4153624773,5.6571578979,,0.6086956521739131,0.7692307692307693,0,1,-5.19005,0.3611555696,4.2978720665,,0.2608695652173913,0.3076923076923077,0,1,10
ZINC000001592503,-6.41052,0.7812620401,5.7950019836,,0.4782608695652174,0.6153846153846154,0,1,-6.16514,0.7187895179,5.8091845512,,0.4347826086956521,0.4615384615384615,0,1,-6.32335,0.622633636,5.7018589973,,0.4347826086956521,0.5384615384615384,0,1,-6.36243,0.6145462394,5.6366958618,,0.5652173913043478,0.7692307692307693,0,1,-5.25123,0.5664146543,5.5088920593,,0.3043478260869565,0.5384615384615384,0,1,-5.76299,0.5528008342,5.3421607018,,0.391304347826087,0.5384615384615384,0,1,-5.07582,0.5344100595,5.4535040855,,0.4347826086956521,0.6923076923076923,0,1,-5.25803,0.525493443,5.2863101959,,0.4782608695652174,0.6923076923076923,0,1,-6.06455,0.3573919535,5.4892654419,,0.3478260869565217,0.3846153846153846,0,1,-5.83039,0.3343038559,4.8208303452,,0.3043478260869565,0.3846153846153846,0,1,10
ZINC000001594169,-4.96197,0.6668432355,5.0703697205,,0.5652173913043478,0.6923076923076923,0,1,-4.58234,0.6321594715,4.8962731361,,0.5652173913043478,0.6923076923076923,0,1,-4.55352,0.5495222807,4.6694321632,,0.6521739130434783,0.7692307692307693,0,1,-5.98625,0.4033353329,4.1011619568,,0.391304347826087,0.3846153846153846,0,1,-4.70429,0.3894797564,4.869389534,,0.6086956521739131,0.6923076923076923,0,1,-6.12072,0.3332057893,4.1039175987,,0.391304347826087,0.3846153846153846,0,1,-5.29077,0.3086621761,4.5001182556,,0.5652173913043478,0.6923076923076923,0,1,-4.97736,0.2811651826,3.5056936741,,0.217391304347826,0.2307692307692307,0,1,-5.60916,0.2215175331,4.2865200043,,0.3478260869565217,0.3846153846153846,0,1,-6.63276,0.219314158,4.4992179871,,0.3478260869565217,0.3846153846153846,0,1,10
ZINC000001594999,-4.64399,0.7545429468,3.9238293171,,0.3043478260869565,0.3076923076923077,0,1,-4.76017,0.7287236452,3.8488521576,,0.3043478260869565,0.3076923076923077,0,1,-4.2038,0.6487801671,3.7723293304,,0.3043478260869565,0.3076923076923077,0,1,-4.82462,0.6164715886,5.4641594887,,0.5652173913043478,0.6923076923076923,0,1,-5.86276,0.5999736786,5.3612914085,,0.5652173913043478,0.6153846153846154,0,1,-5.53702,0.5906125307,5.3487639427,,0.6086956521739131,0.6923076923076923,0,1,-4.82104,0.5366606712,3.7594022751,,0.3043478260869565,0.3076923076923077,0,1,-4.96979,0.5013535619,3.8627233505,,0.3043478260869565,0.3076923076923077,0,1,-4.3711,0.4964757562,4.8827171326,,0.5217391304347826,0.6153846153846154,0,1,-4.96473,0.4333684742,5.0190701485,,0.5652173913043478,0.6923076923076923,0,1,10
ZINC000001595870,-4.80599,0.7125160098,4.9283223152,,0.3478260869565217,0.3076923076923077,0,1,-4.58901,0.5201830268,3.8364303112,,0.2608695652173913,0.2307692307692307,0,1,-6.93838,0.4678125679,5.1752996445,,0.391304347826087,0.5384615384615384,0,1,-6.89238,0.4580276906,5.1612858772,,0.391304347826087,0.5384615384615384,0,1,-5.21979,0.4523127079,4.4102749825,,0.3478260869565217,0.3076923076923077,0,1,-4.98978,0.3988038599,4.5648784637,,0.2608695652173913,0.3076923076923077,0,1,-5.52251,0.3108071089,4.3472380638,,0.3478260869565217,0.3846153846153846,0,1,-5.49153,0.3043082356,4.2664680481,,0.3478260869565217,0.3846153846153846,0,1,-6.11631,0.2908904552,4.6768937111,,0.217391304347826,0.2307692307692307,0,1,-5.32608,0.2580220699,5.2731671333,,0.391304347826087,0.5384615384615384,0,1,10
ZINC000001598432,-5.80038,0.6592738628,4.763677597,,0.4347826086956521,0.4615384615384615,0,1,-5.11128,0.6125538349,6.0407319069,,0.6086956521739131,0.6923076923076923,0,1,-6.7949,0.4820481837,5.448343277,,0.3478260869565217,0.4615384615384615,0,1,-6.77633,0.4415767789,5.6882681847,,0.4782608695652174,0.6923076923076923,0,1,-5.20354,0.3608769178,4.5629343987,,0.3043478260869565,0.3846153846153846,0,1,-5.78855,0.3504662812,5.2530961037,,0.3043478260869565,0.3846153846153846,0,1,-4.87093,0.3102545738,4.1849479675,,0.217391304347826,0.3076923076923077,0,1,-5.64234,0.2983185053,4.323656559,,0.1304347826086956,0.1538461538461538,0,1,-5.20015,0.2703143954,4.7594237328,,0.3478260869565217,0.3846153846153846,0,1,-5.21513,0.2606014311,4.1047720909,,0.2608695652173913,0.3076923076923077,0,1,10
ZINC000001603747,-6.18292,0.469922632,4.735537529,,0.2608695652173913,0.3076923076923077,0,1,-6.19966,0.4518526196,4.7616562843,,0.3043478260869565,0.3846153846153846,0,1,-6.09693,0.4116419852,4.5161547661,,0.2608695652173913,0.3076923076923077,0,1,-6.03684,0.324257493,4.92040205,,0.3478260869565217,0.3076923076923077,0,1,-6.177,0.2780526578,4.8102231026,,0.1739130434782608,0.2307692307692307,0,1,-6.22181,0.2750200331,4.4536452293,,0.2608695652173913,0.3846153846153846,0,1,-5.73405,0.2692120671,4.5393366814,,0.2608695652173913,0.3076923076923077,0,1,-6.0355,0.2479023784,4.3222680092,,0.217391304347826,0.3846153846153846,0,1,-5.93752,0.2351275384,4.6961293221,,0.1739130434782608,0.3076923076923077,0,1,-6.18975,0.2273999453,4.7061901093,,0.2608695652173913,0.3076923076923077,0,1,10
ZINC000001607422,-8.37222,0.9243283272,7.3969302177,,0.7391304347826086,0.7692307692307693,0,1,-8.21847,0.9175636172,7.3127398491,,0.7391304347826086,0.7692307692307693,0,1,-7.20237,0.874491334,7.2296938896,,0.7391304347826086,0.7692307692307693,0,1,-7.22649,0.8642855287,7.3269920349,,0.6956521739130435,0.7692307692307693,0,1,-7.74995,0.8521634936,7.2699990273,,0.6086956521739131,0.6923076923076923,0,1,-7.69288,0.8520389795,7.3132858276,,0.6086956521739131,0.6923076923076923,0,1,-8.34417,0.8500763774,7.3265604973,,0.6956521739130435,0.7692307692307693,0,1,-8.27888,0.817420125,6.9122385979,,0.7391304347826086,0.8461538461538461,0,1,-7.53029,0.8151397109,7.2643032074,,0.7391304347826086,0.8461538461538461,0,1,-8.7806,0.7904917598,6.8725438118,,0.6521739130434783,0.7692307692307693,0,1,10
ZINC000001608326,-4.3862,0.6670404077,4.2071008682,,0.3043478260869565,0.3076923076923077,0,1,-5.4726,0.6465129852,4.2425427437,,0.3478260869565217,0.3846153846153846,0,1,-5.13447,0.5988278985,4.1670527458,,0.3478260869565217,0.3076923076923077,0,1,-4.69424,0.5929524899,4.0128235817,,0.3478260869565217,0.3846153846153846,0,1,-5.0438,0.5659921765,3.9182751179,,0.3478260869565217,0.3076923076923077,0,1,-6.32313,0.5602818131,5.2635731697,,0.3043478260869565,0.4615384615384615,0,1,-5.49935,0.4550474286,3.8617115021,,0.391304347826087,0.3846153846153846,0,1,-5.76041,0.4302558899,3.9950678349,,0.3478260869565217,0.3846153846153846,0,1,-5.96539,0.3531318307,3.9385664463,,0.3043478260869565,0.3076923076923077,0,1,-4.48342,0.3389009535,3.5428619385,,0.2608695652173913,0.3076923076923077,0,1,10
ZINC000001612144,-7.24293,0.2622909248,4.7181715965,,0.217391304347826,0.5384615384615384,0,1,-7.54815,0.2271447927,4.5901470184,,0.3043478260869565,0.5384615384615384,0,1,-7.07538,0.2181616426,4.4103965759,,0.3043478260869565,0.6153846153846154,0,1,-7.39381,0.2179977447,4.1783308983,,0.3478260869565217,0.6153846153846154,0,1,-6.83987,0.2032159418,4.5514831543,,0.3478260869565217,0.6153846153846154,0,1,-7.5812,0.1933754086,4.3121409416,,0.3043478260869565,0.5384615384615384,0,1,-6.86912,0.1801046431,4.53393507,,0.217391304347826,0.3846153846153846,0,1,-7.40956,0.1761388034,4.489379406,,0.3043478260869565,0.5384615384615384,0,1,-7.29722,0.1698076576,4.5101714134,,0.3478260869565217,0.6153846153846154,0,1,-6.92922,0.1667844355,4.4088039398,,0.4347826086956521,0.6923076923076923,0,1,10
ZINC000001614319,-6.40818,0.5566128492,4.7186703682,,0.4347826086956521,0.4615384615384615,0,1,-6.39185,0.3854510486,4.5595755577,,0.217391304347826,0.2307692307692307,0,1,-6.35849,0.3222550154,4.3885521889,,0.4347826086956521,0.6153846153846154,0,1,-6.87755,0.3169727623,4.1473960876,,0.2608695652173913,0.4615384615384615,0,1,-6.63416,0.3064190149,4.1905741692,,0.4347826086956521,0.4615384615384615,0,1,-5.95503,0.3037152886,4.0618233681,,0.391304347826087,0.3846153846153846,0,1,-6.15054,0.2740977407,3.9077837467,,0.4347826086956521,0.5384615384615384,0,1,-6.78287,0.2514560223,4.0890002251,,0.3478260869565217,0.4615384615384615,0,1,-6.80135,0.2507137954,4.1371684074,,0.4347826086956521,0.4615384615384615,0,1,-6.4966,0.2488546968,4.1851425171,,0.4347826086956521,0.5384615384615384,0,1,10
ZINC000001616624,-6.0921,0.5315926075,5.8689022064,,0.4347826086956521,0.6923076923076923,0,1,-5.73776,0.4804488719,5.1892018318,,0.391304347826087,0.6153846153846154,0,1,-6.61304,0.4153374732,5.4907841682,,0.2608695652173913,0.3076923076923077,0,1,-6.00229,0.3646077812,5.2427306175,,0.1739130434782608,0.2307692307692307,0,1,-6.46766,0.3439204693,5.0471215248,,0.1304347826086956,0.3076923076923077,0,1,-7.13396,0.3343741,5.3681869507,,0.0869565217391304,0.1538461538461538,0,1,-5.55017,0.307839483,4.1200261116,,0.2608695652173913,0.3076923076923077,0,1,-5.74566,0.3052493632,5.1558270454,,0.1739130434782608,0.3076923076923077,0,1,-5.41007,0.293682754,4.3939871788,,0.391304347826087,0.4615384615384615,0,1,-5.70407,0.2551733255,5.1319403648,,0.0869565217391304,0.2307692307692307,0,1,10
ZINC000001618908,-6.64703,0.3204893768,4.8539223671,,0.1739130434782608,0.1538461538461538,0,1,-7.09785,0.3025141656,5.4807014465,,0.4782608695652174,0.7692307692307693,0,1,-6.8488,0.2834861279,4.9344830513,,0.1304347826086956,0.1538461538461538,0,1,-7.1567,0.2813664079,5.2939391136,,0.4782608695652174,0.7692307692307693,0,1,-7.33554,0.2568917572,5.128683567,,0.5217391304347826,0.7692307692307693,0,1,-6.7471,0.1960185319,4.4600119591,,0.217391304347826,0.3076923076923077,0,1,-5.89801,0.1600252986,3.9490549564,,0.2608695652173913,0.2307692307692307,0,1,-5.91917,0.1444538832,4.0497055054,,0.3043478260869565,0.3846153846153846,0,1,-6.04727,0.1406072527,4.0300269127,,0.3478260869565217,0.3846153846153846,0,1,-5.75296,0.1399280578,4.6291747093,,0.5217391304347826,0.6153846153846154,0,1,10
ZINC000001621018,-6.75751,0.4193118513,5.4325633049,,0.5217391304347826,0.6923076923076923,0,1,-5.60167,0.3859896362,5.8125629425,,0.5652173913043478,0.6153846153846154,0,1,-5.91365,0.3795900941,4.7953925133,,0.3478260869565217,0.3076923076923077,0,1,-6.42105,0.2946478128,5.6012568474,,0.6521739130434783,0.8461538461538461,0,1,-6.73491,0.2883841991,5.4097418785,,0.5217391304347826,0.7692307692307693,0,1,-7.24438,0.2634013295,5.272359848,,0.3478260869565217,0.5384615384615384,0,1,-7.11689,0.2628362477,4.8241991997,,0.3043478260869565,0.3846153846153846,0,1,-5.22171,0.2317301631,3.6590492725,,0.3478260869565217,0.3846153846153846,0,1,-5.54714,0.2244334519,4.2525758743,,0.3478260869565217,0.3846153846153846,0,1,-6.4889,0.2243843526,5.9277687073,,0.217391304347826,0.3076923076923077,0,1,10
ZINC000001622132,-6.29353,0.5843421221,6.4455332756,,0.6086956521739131,0.6923076923076923,0,1,-6.45908,0.5333030224,6.3905110359,,0.5652173913043478,0.6923076923076923,0,1,-5.56311,0.465628624,5.2431235313,,0.217391304347826,0.2307692307692307,0,1,-5.70588,0.4085028172,5.4339842796,,0.2608695652173913,0.3846153846153846,0,1,-5.46247,0.3845406473,5.0598320961,,0.1739130434782608,0.1538461538461538,0,1,-5.14586,0.341909498,4.7176232338,,0.217391304347826,0.2307692307692307,0,1,-6.57382,0.3317016959,5.4748535156,,0.3043478260869565,0.3846153846153846,0,1,-6.05717,0.3036499918,5.207218647,,0.3478260869565217,0.3846153846153846,0,1,-6.46223,0.2743688226,5.6853294373,,0.3478260869565217,0.3846153846153846,0,1,-5.01251,0.2522397339,4.0489854813,,0.2608695652173913,0.3846153846153846,0,1,10
ZINC000001624306,-6.25285,0.676345408,5.6327114105,,0.4782608695652174,0.7692307692307693,0,1,-5.85732,0.6465241313,5.2174429893,,0.4782608695652174,0.7692307692307693,0,1,-5.19276,0.6439132094,3.9241199493,,0.3043478260869565,0.3076923076923077,0,1,-6.91436,0.5161929131,5.5182189941,,0.5652173913043478,0.6923076923076923,0,1,-6.39556,0.4866960049,4.1573843956,,0.4782608695652174,0.4615384615384615,0,1,-6.25138,0.4860417843,4.2551188469,,0.3043478260869565,0.3076923076923077,0,1,-5.76962,0.4576698542,5.1134076118,,0.4782608695652174,0.6923076923076923,0,1,-5.14949,0.4103471935,3.6583049297,,0.2608695652173913,0.2307692307692307,0,1,-6.26587,0.4081820548,5.0233850479,,0.5217391304347826,0.8461538461538461,0,1,-7.46934,0.3953803778,5.0947499275,,0.5217391304347826,0.6153846153846154,0,1,10
ZINC000001626683,-5.10695,0.7338680029,4.1827354431,,0.2608695652173913,0.3076923076923077,0,1,-4.98232,0.6685573459,5.2180438042,,0.3043478260869565,0.3076923076923077,0,1,-4.9538,0.6620676517,4.7665753365,,0.217391304347826,0.3076923076923077,0,1,-5.19324,0.6398890615,4.4333491325,,0.2608695652173913,0.3076923076923077,0,1,-6.10079,0.5592256784,6.1545128822,,0.391304347826087,0.6153846153846154,0,1,-4.79261,0.5023648739,4.3472485542,,0.217391304347826,0.3076923076923077,0,1,-6.96644,0.4019901752,5.99391222,,0.6086956521739131,0.7692307692307693,0,1,-4.86878,0.3845711052,4.3799090385,,0.3043478260869565,0.3846153846153846,0,1,-5.11815,0.3797757924,5.8160042763,,0.5652173913043478,0.6923076923076923,0,1,-4.78594,0.3128761649,3.7154128551,,0.217391304347826,0.2307692307692307,0,1,10
ZINC000001626688,-5.28552,0.5034984946,4.4438300133,,0.3478260869565217,0.3846153846153846,0,1,-5.48893,0.3944893777,5.8491253853,,0.391304347826087,0.5384615384615384,0,1,-5.54284,0.3481675088,4.6380610466,,0.3478260869565217,0.3076923076923077,0,1,-5.61962,0.3349691927,5.790409565,,0.391304347826087,0.5384615384615384,0,1,-5.7382,0.3336862028,4.5579051971,,0.3478260869565217,0.3076923076923077,0,1,-5.77218,0.3184106946,5.0538477898,,0.391304347826087,0.3846153846153846,1,1,-4.8552,0.3083842099,5.8304333687,,0.4347826086956521,0.6923076923076923,0,1,-4.87199,0.291282624,4.2874436378,,0.3478260869565217,0.3846153846153846,0,1,-6.80875,0.2335304916,5.5952887535,,0.3478260869565217,0.3846153846153846,0,1,-4.97472,0.2253813297,3.935667038,,0.217391304347826,0.2307692307692307,0,1,10
ZINC000001630332,-6.95253,0.3364537954,5.1119976044,,0.5652173913043478,0.6153846153846154,0,1,-5.6817,0.3263814449,4.7162299156,,0.2608695652173913,0.4615384615384615,0,1,-7.34491,0.28853333,5.1565361023,,0.2608695652173913,0.3076923076923077,0,1,-5.90941,0.2754826844,4.9504532814,,0.3478260869565217,0.3846153846153846,0,1,-6.80177,0.2606343925,4.9820961952,,0.5217391304347826,0.6153846153846154,0,1,-8.2093,0.2591114938,5.0881495476,,0.4347826086956521,0.4615384615384615,1,1,-7.24934,0.2581471205,5.0862708092,,0.5217391304347826,0.5384615384615384,0,1,-8.28776,0.2514227927,5.3308200836,,0.391304347826087,0.4615384615384615,0,1,-7.07451,0.2336955965,4.6240859032,,0.5217391304347826,0.6153846153846154,0,1,-7.41128,0.2222209573,5.1702094078,,0.217391304347826,0.3076923076923077,0,1,10
ZINC000001637231,-9.00093,0.7894873023,6.954334259,,0.5217391304347826,0.6153846153846154,0,1,-8.73548,0.7272835374,6.8332533836,,0.4347826086956521,0.5384615384615384,0,1,-8.81763,0.6997641921,6.9067883492,,0.5217391304347826,0.6153846153846154,0,1,-8.91941,0.695463419,6.8626894951,,0.391304347826087,0.4615384615384615,0,1,-8.8905,0.6786206961,6.8863639832,,0.4347826086956521,0.5384615384615384,0,1,-8.52587,0.6130570769,6.9516282082,,0.4782608695652174,0.6923076923076923,0,1,-8.30633,0.5975364447,6.8307642937,,0.5217391304347826,0.6153846153846154,0,1,-9.11942,0.574157238,6.8378882408,,0.5652173913043478,0.6153846153846154,0,1,-9.22027,0.566391468,6.7489757538,,0.4347826086956521,0.5384615384615384,0,1,-9.37508,0.5573656559,6.6506943703,,0.4782608695652174,0.5384615384615384,0,1,10
ZINC000001637582,-8.56921,0.7104901075,6.8243498802,,0.4347826086956521,0.5384615384615384,0,1,-8.4022,0.7055666447,6.886651516,,0.4782608695652174,0.5384615384615384,0,1,-8.3603,0.67676121,6.633556366,,0.4782608695652174,0.6153846153846154,0,1,-8.28161,0.6373133659,6.6102294922,,0.4782608695652174,0.5384615384615384,0,1,-8.24975,0.6212492585,6.5597720146,,0.5217391304347826,0.6153846153846154,0,1,-8.54924,0.5465838313,6.5101943016,,0.391304347826087,0.4615384615384615,0,1,-8.44618,0.5443308353,6.5487942696,,0.391304347826087,0.4615384615384615,0,1,-7.45804,0.4993095398,6.6988010406,,0.4347826086956521,0.6153846153846154,0,1,-7.21125,0.490480423,6.4938197136,,0.4347826086956521,0.6153846153846154,0,1,-8.47671,0.4574717283,6.4823527336,,0.4347826086956521,0.5384615384615384,0,1,10
ZINC000001637841,-7.30966,0.2178604603,6.1221351624,,0.5217391304347826,0.6153846153846154,0,1,-7.06364,0.1591456383,5.655395031,,0.2608695652173913,0.3076923076923077,0,1,-5.70153,0.1566256881,4.086889267,,0.1739130434782608,0.2307692307692307,0,1,-5.48366,0.145690158,4.2969679832,,0.2608695652173913,0.3076923076923077,0,1,-7.13871,0.1120075658,5.5607256889,,0.3478260869565217,0.4615384615384615,0,1,-7.36243,0.1054563522,5.1951713562,,0.2608695652173913,0.3076923076923077,0,1,-6.73136,0.094483301,3.9382088184,,0.3478260869565217,0.3846153846153846,0,1,-6.51044,0.0894239917,3.9128887653,,0.3478260869565217,0.3076923076923077,0,1,-7.39929,0.0889773667,4.0617861748,,0.4782608695652174,0.5384615384615384,0,1,-6.02306,0.0886532888,3.5775969028,,0.1739130434782608,0.2307692307692307,0,1,10
ZINC000001638033,-6.50028,0.1710892916,5.0802865028,,0.3478260869565217,0.3076923076923077,0,1,-6.53643,0.139182508,4.015229702,,0.4347826086956521,0.4615384615384615,0,1,-6.79353,0.1311821193,4.8144087791,,0.3478260869565217,0.5384615384615384,0,1,-7.4125,0.1287283301,5.4030137062,,0.2608695652173913,0.3076923076923077,0,1,-6.49387,0.11944139,3.9859979153,,0.3043478260869565,0.3846153846153846,0,1,-7.28923,0.0954464078,4.4263176918,,0.3478260869565217,0.3076923076923077,0,1,-6.08769,0.0954403952,3.862172842,,0.1739130434782608,0.2307692307692307,0,1,-7.48286,0.0935241207,4.5772280693,,0.217391304347826,0.2307692307692307,0,1,-7.01985,0.0909013525,5.0266518593,,0.1739130434782608,0.2307692307692307,0,1,-8.18558,0.0813559517,4.651447773,,0.4347826086956521,0.5384615384615384,0,1,10
ZINC000001641318,-5.98492,0.4236087501,5.4074864388,,0.5217391304347826,0.6923076923076923,0,1,-6.10576,0.3732527494,5.3511452675,,0.2608695652173913,0.3076923076923077,0,1,-6.01246,0.3561546206,5.136785984,,0.2608695652173913,0.3076923076923077,0,1,-6.42076,0.3298115432,5.2932910919,,0.5652173913043478,0.6923076923076923,0,1,-6.39622,0.2296311855,4.8505940437,,0.4347826086956521,0.3846153846153846,0,1,-6.94143,0.2148847282,4.8350200653,,0.4347826086956521,0.5384615384615384,0,1,-5.67385,0.2064999193,4.8661212921,,0.217391304347826,0.2307692307692307,0,1,-6.82993,0.1975344568,4.8294920921,,0.2608695652173913,0.3076923076923077,0,1,-5.8341,0.1958375722,4.7117552757,,0.3043478260869565,0.3846153846153846,0,1,-6.55667,0.1859387308,5.3052229881,,0.5652173913043478,0.8461538461538461,0,1,10
ZINC000001641321,-5.97203,0.420930177,6.28505373,,0.5652173913043478,0.6923076923076923,0,1,-6.59962,0.3520560861,5.4018511772,,0.2608695652173913,0.3076923076923077,0,1,-6.12243,0.3334236145,5.8525938988,,0.4347826086956521,0.6923076923076923,0,1,-6.65071,0.2885551453,5.3600635529,,0.2608695652173913,0.3076923076923077,0,1,-5.76968,0.2881688476,5.3715763092,,0.1739130434782608,0.2307692307692307,0,1,-6.65116,0.2604203224,5.3332982063,,0.2608695652173913,0.3076923076923077,0,1,-6.41054,0.2569717169,5.458940506,,0.217391304347826,0.3076923076923077,0,1,-7.34193,0.2331846058,5.6168274879,,0.5217391304347826,0.5384615384615384,0,1,-7.72653,0.226151675,5.4449391365,,0.5217391304347826,0.5384615384615384,0,1,-7.68049,0.219823584,5.2795844078,,0.4782608695652174,0.5384615384615384,0,1,10
ZINC000001642793,-7.43532,0.6260166764,6.1693053246,,0.5217391304347826,0.6923076923076923,0,1,-7.23413,0.414393127,6.3763027191,,0.4347826086956521,0.6153846153846154,0,1,-7.71212,0.3518534005,5.6370882988,,0.6086956521739131,0.6923076923076923,0,1,-7.06458,0.3498191833,5.5137443542,,0.2608695652173913,0.4615384615384615,0,1,-6.93932,0.3224907517,5.4020609856,,0.3043478260869565,0.4615384615384615,0,1,-6.95974,0.319694221,5.728536129,,0.4347826086956521,0.6153846153846154,0,1,-7.49909,0.3171133399,5.6439208984,,0.3478260869565217,0.4615384615384615,0,1,-6.55231,0.316893667,5.4418525696,,0.4782608695652174,0.6923076923076923,0,1,-7.45763,0.3083607554,5.6950106621,,0.3043478260869565,0.3846153846153846,0,1,-7.41811,0.3061329424,5.3744983673,,0.6086956521739131,0.7692307692307693,0,1,10
ZINC000001643982,-6.18815,0.564873755,5.388273716,,0.391304347826087,0.5384615384615384,0,1,-6.32819,0.5469117165,5.4512805939,,0.4782608695652174,0.6923076923076923,0,1,-7.01476,0.5188544989,5.2794952393,,0.5652173913043478,0.6923076923076923,0,1,-7.35891,0.5182988644,5.3094754219,,0.4782608695652174,0.7692307692307693,0,1,-7.34069,0.5055708885,5.2702622414,,0.4782608695652174,0.6923076923076923,0,1,-7.21445,0.4856750369,5.3595347404,,0.6086956521739131,0.8461538461538461,0,1,-6.87943,0.4006078541,5.3530635834,,0.217391304347826,0.3846153846153846,0,1,-7.19978,0.3807371259,5.259803772,,0.6086956521739131,0.7692307692307693,0,1,-7.14464,0.3750069737,5.3616099358,,0.4782608695652174,0.6153846153846154,0,1,-6.89006,0.3610140383,5.7586531639,,0.2608695652173913,0.4615384615384615,0,1,10
ZINC000001649356,-5.2874,0.6397660375,4.138010025,,0.2608695652173913,0.2307692307692307,0,1,-4.75409,0.6212692261,3.9984900951,,0.2608695652173913,0.2307692307692307,0,1,-4.77863,0.5849059224,4.1296215057,,0.2608695652173913,0.2307692307692307,0,1,-4.5534,0.531927228,3.7604351044,,0.2608695652173913,0.3076923076923077,0,1,-4.90503,0.5262086987,3.9639708996,,0.1304347826086956,0.1538461538461538,0,1,-4.72392,0.5094071031,4.1186757088,,0.2608695652173913,0.2307692307692307,0,1,-5.1245,0.4894720018,4.3679480553,,0.217391304347826,0.3846153846153846,0,1,-4.57094,0.4794389307,4.1380839348,,0.217391304347826,0.1538461538461538,0,1,-4.6123,0.4078640044,3.4680907726,,0.1739130434782608,0.2307692307692307,0,1,-4.80678,0.402915746,3.694272995,,0.0,0.0,0,1,10
ZINC000001649652,-4.86651,0.5337036252,4.9358325005,,0.3043478260869565,0.3076923076923077,0,1,-4.76518,0.4014287293,4.9242167473,,0.217391304347826,0.2307692307692307,0,1,-5.00457,0.3950539529,5.0429873466,,0.3043478260869565,0.3076923076923077,0,1,-5.12713,0.3812795579,4.5537333488,,0.3043478260869565,0.3076923076923077,0,1,-5.4277,0.3302417696,4.8446249962,,0.1739130434782608,0.2307692307692307,0,1,-5.61646,0.3152632117,4.3372139931,,0.0434782608695652,0.0769230769230769,0,1,-4.86607,0.3055436015,4.5606632233,,0.0,0.0,0,1,-5.64556,0.3048056662,4.2539916039,,0.0434782608695652,0.0769230769230769,0,1,-4.77948,0.2575972378,4.6600265503,,0.217391304347826,0.2307692307692307,0,1,-5.26987,0.2337598205,4.2053079605,,0.0434782608695652,0.0769230769230769,0,1,10
ZINC000001650481,-8.4006,0.658629775,6.7433447838,,0.391304347826087,0.5384615384615384,0,1,-5.80782,0.5550937057,6.5935001373,,0.4347826086956521,0.6153846153846154,0,1,-7.53864,0.5246405005,6.3867154121,,0.4347826086956521,0.6153846153846154,0,1,-7.40384,0.4793013334,6.7825760841,,0.5217391304347826,0.7692307692307693,0,1,-6.00351,0.4484653771,6.4017481804,,0.391304347826087,0.5384615384615384,0,1,-7.26107,0.3265217841,6.7151083946,,0.3043478260869565,0.4615384615384615,0,1,-7.90034,0.3034910262,6.4501166344,,0.4347826086956521,0.6923076923076923,0,1,-7.88252,0.2949326634,6.4466719627,,0.4347826086956521,0.6923076923076923,0,1,-5.51251,0.2545596063,4.9915390015,,0.2608695652173913,0.3076923076923077,0,1,-5.15631,0.2457452267,6.1747078896,,0.4782608695652174,0.6153846153846154,0,1,10
ZINC000001650506,-6.66192,0.5273343325,6.2607154846,,0.391304347826087,0.4615384615384615,0,1,-7.72585,0.5106948018,6.1728100777,,0.4782608695652174,0.5384615384615384,0,1,-7.32178,0.5068260431,6.1201095581,,0.391304347826087,0.6153846153846154,0,1,-7.76823,0.4450649023,6.1682543755,,0.4347826086956521,0.5384615384615384,0,1,-5.34023,0.3861585259,4.414785862,,0.3478260869565217,0.3846153846153846,0,1,-5.24799,0.3786610067,4.3610157967,,0.2608695652173913,0.3076923076923077,0,1,-7.53468,0.3066504896,5.9053936005,,0.391304347826087,0.5384615384615384,0,1,-5.59244,0.2914109528,4.2857379913,,0.2608695652173913,0.3846153846153846,0,1,-6.84752,0.2354882658,6.0759930611,,0.2608695652173913,0.3846153846153846,0,1,-6.13498,0.2297766507,4.4864621162,,0.3043478260869565,0.3846153846153846,0,1,10
ZINC000001651089,-9.74579,0.2928098738,6.5508322716,,0.5652173913043478,0.6923076923076923,0,1,-9.44787,0.24879767,6.6980910301,,0.5652173913043478,0.7692307692307693,0,1,-7.20189,0.2182127088,5.5042271614,,0.217391304347826,0.2307692307692307,0,1,-7.33253,0.2069340348,6.0966324806,,0.6521739130434783,0.7692307692307693,0,1,-7.18694,0.2051417679,5.5827345848,,0.3043478260869565,0.3076923076923077,0,1,-8.66365,0.2023475319,6.4617848396,,0.4347826086956521,0.5384615384615384,0,1,-8.33746,0.1988917291,6.6754031181,,0.4347826086956521,0.4615384615384615,0,1,-7.23503,0.1827407777,6.1179490089,,0.6521739130434783,0.7692307692307693,0,1,-8.0722,0.1752664596,4.7578735352,,0.391304347826087,0.5384615384615384,0,1,-7.89675,0.1635443568,5.8720908165,,0.3043478260869565,0.3076923076923077,0,1,10
ZINC000001651090,-6.85024,0.1840622276,5.7510418892,,0.3043478260869565,0.3076923076923077,0,1,-7.16592,0.1701174527,5.2056617737,,0.2608695652173913,0.3076923076923077,0,1,-7.82509,0.1586502641,5.4021244049,,0.5652173913043478,0.6923076923076923,0,1,-7.61377,0.1586178988,5.8131422997,,0.6086956521739131,0.7692307692307693,0,1,-7.35916,0.1516122371,5.2871813774,,0.4347826086956521,0.5384615384615384,0,1,-8.40779,0.1465869397,5.6062636375,,0.6521739130434783,0.6923076923076923,0,1,-7.61313,0.1463668644,5.1008009911,,0.6086956521739131,0.6923076923076923,0,1,-6.69701,0.1454249024,5.7153458595,,0.3043478260869565,0.3076923076923077,0,1,-7.38482,0.1430608332,5.3021888733,,0.5652173913043478,0.6923076923076923,0,1,-6.8464,0.1421203166,5.4386086464,,0.2608695652173913,0.3076923076923077,0,1,10
ZINC000001651093,-6.57936,0.1840142161,5.1191935539,,0.2608695652173913,0.3076923076923077,0,1,-5.37439,0.181195274,4.9604167938,,0.1304347826086956,0.2307692307692307,0,1,-5.71046,0.172669813,4.806248188,,0.1739130434782608,0.2307692307692307,0,1,-6.37438,0.1599271297,5.0666999817,,0.3043478260869565,0.3846153846153846,0,1,-5.96161,0.1589862853,4.8365783691,,0.217391304347826,0.3076923076923077,0,1,-6.18604,0.1561240852,5.0289721489,,0.3478260869565217,0.3846153846153846,0,1,-7.56351,0.1548103094,5.5459837914,,0.2608695652173913,0.3076923076923077,0,1,-6.97283,0.1534033865,5.1133861542,,0.3478260869565217,0.4615384615384615,0,1,-7.09469,0.1526072621,4.6437735558,,0.391304347826087,0.4615384615384615,0,1,-5.76332,0.1489280164,4.9405016899,,0.1739130434782608,0.2307692307692307,0,1,10
ZINC000001652386,-5.18882,0.7479982972,5.7596588135,,0.5217391304347826,0.6153846153846154,0,1,-5.3308,0.7452127934,5.7607007027,,0.4347826086956521,0.5384615384615384,0,1,-5.27054,0.73386693,5.7925429344,,0.4782608695652174,0.5384615384615384,0,1,-5.51814,0.7175845504,5.5661759377,,0.5217391304347826,0.6153846153846154,0,1,-5.47067,0.5093190074,5.6612391472,,0.5217391304347826,0.5384615384615384,0,1,-5.51122,0.5062078238,5.5955376625,,0.5217391304347826,0.5384615384615384,0,1,-5.38381,0.4887443483,4.9830570221,,0.3478260869565217,0.3846153846153846,0,1,-5.75234,0.4432529807,5.4661536217,,0.5217391304347826,0.5384615384615384,0,1,-5.65253,0.3929703236,5.4118380547,,0.5217391304347826,0.5384615384615384,0,1,-5.19787,0.3909408748,5.2213625908,,0.391304347826087,0.4615384615384615,0,1,10
ZINC000001654736,-8.20615,0.6537274718,8.166759491,,0.782608695652174,0.9230769230769232,0,1,-8.68031,0.6214189529,7.9514012337,,0.7391304347826086,0.9230769230769232,0,1,-8.68416,0.6063349247,7.9671120644,,0.6086956521739131,0.7692307692307693,0,1,-8.71572,0.5854286551,7.8896713257,,0.782608695652174,0.9230769230769232,0,1,-8.61116,0.4630129933,7.925983429,,0.6086956521739131,0.8461538461538461,0,1,-8.57901,0.4548816383,7.6729149818,,0.6521739130434783,0.9230769230769232,0,1,-7.95309,0.4389035106,7.6468734741,,0.6956521739130435,0.9230769230769232,0,1,-7.92498,0.3798952103,7.607199192,,0.6521739130434783,0.8461538461538461,0,1,-8.50116,0.363484323,7.6803665161,,0.7391304347826086,0.9230769230769232,0,1,-8.02664,0.3494593501,7.4525527954,,0.5652173913043478,0.8461538461538461,0,1,10
ZINC000001655052,-8.62556,0.5028858185,6.2319340706,,0.6086956521739131,0.6153846153846154,0,1,-7.60882,0.4829057753,6.1514015198,,0.3478260869565217,0.4615384615384615,0,1,-7.91213,0.4614783823,6.1259064674,,0.391304347826087,0.5384615384615384,0,1,-7.67888,0.4076910019,5.8824424744,,0.4782608695652174,0.6153846153846154,0,1,-7.6993,0.4019477963,6.2852463722,,0.391304347826087,0.5384615384615384,0,1,-8.96611,0.3986970782,6.0727620125,,0.7391304347826086,0.7692307692307693,0,1,-7.16722,0.365324229,5.8852257729,,0.5652173913043478,0.8461538461538461,0,1,-6.61199,0.3368356526,6.0111479759,,0.5217391304347826,0.5384615384615384,0,1,-8.09844,0.3273152113,5.6722846031,,0.4782608695652174,0.5384615384615384,0,1,-7.89949,0.2995964587,6.0657553673,,0.5217391304347826,0.6153846153846154,0,1,10
ZINC000001658289,-5.51566,0.7922720313,4.6553044319,,0.3478260869565217,0.3076923076923077,0,1,-5.87461,0.7359401584,4.7484221458,,0.4347826086956521,0.4615384615384615,0,1,-7.39583,0.7147655487,5.1614394188,,0.4782608695652174,0.6153846153846154,0,1,-7.38231,0.6464897394,5.1992211342,,0.4782608695652174,0.5384615384615384,0,1,-7.18053,0.6076914668,5.2125210762,,0.391304347826087,0.5384615384615384,0,1,-7.46418,0.6002961397,4.6279044151,,0.391304347826087,0.5384615384615384,0,1,-5.67245,0.569755137,4.1241965294,,0.3478260869565217,0.3846153846153846,0,1,-5.44094,0.5513157845,5.0762543678,,0.6521739130434783,0.7692307692307693,0,1,-5.22234,0.4875898361,3.930740118,,0.217391304347826,0.2307692307692307,0,1,-5.97712,0.4509555101,4.853331089,,0.3043478260869565,0.3846153846153846,0,1,10
ZINC000001664666,-7.02657,0.4677729309,5.4813008308,,0.4347826086956521,0.5384615384615384,0,1,-6.52867,0.4279362559,5.9627556801,,0.5652173913043478,0.7692307692307693,0,1,-6.54156,0.3804530501,4.5635867119,,0.217391304347826,0.3076923076923077,0,1,-6.75104,0.3582507074,4.5890851021,,0.2608695652173913,0.2307692307692307,0,1,-6.96991,0.3181897998,4.6737446785,,0.2608695652173913,0.3076923076923077,0,1,-6.59614,0.3172338307,5.1907310486,,0.391304347826087,0.5384615384615384,0,1,-6.67252,0.3159788251,4.4451203346,,0.217391304347826,0.3076923076923077,0,1,-6.5106,0.3151968718,4.3388867378,,0.217391304347826,0.3076923076923077,0,1,-6.97457,0.2823423147,4.3508739471,,0.391304347826087,0.3846153846153846,0,1,-6.43322,0.2458108962,4.2271747589,,0.391304347826087,0.3076923076923077,0,1,10
ZINC000001667072,-7.12062,0.624843657,5.9499053955,,0.6086956521739131,0.7692307692307693,0,1,-5.90111,0.6161510944,5.9409031868,,0.6086956521739131,0.6923076923076923,0,1,-6.93039,0.6001002192,6.1476187706,,0.5652173913043478,0.6923076923076923,0,1,-6.00512,0.5889821053,5.8361587524,,0.6521739130434783,0.7692307692307693,0,1,-7.45748,0.5845884681,6.1792731285,,0.5217391304347826,0.6923076923076923,0,1,-7.51158,0.5820071101,5.7596626282,,0.5652173913043478,0.6153846153846154,0,1,-7.54526,0.5724613667,5.8541197777,,0.5652173913043478,0.6153846153846154,0,1,-6.00148,0.5571745634,5.5656204224,,0.5217391304347826,0.6153846153846154,0,1,-7.29693,0.5340982676,5.9548354149,,0.6086956521739131,0.7692307692307693,0,1,-7.00264,0.5201094747,5.527557373,,0.4347826086956521,0.6153846153846154,0,1,10
ZINC000001669766,-5.38824,0.727134943,5.9610629082,,0.5217391304347826,0.6153846153846154,0,1,-5.31264,0.6990008354,5.9989075661,,0.5652173913043478,0.6923076923076923,0,1,-5.65767,0.5955277681,5.6691193581,,0.4347826086956521,0.6153846153846154,0,1,-5.56679,0.5571714044,4.8896584511,,0.3478260869565217,0.3846153846153846,0,1,-6.16416,0.4642079175,4.0717015266,,0.1739130434782608,0.2307692307692307,0,1,-5.87074,0.4439915419,5.3970608711,,0.5217391304347826,0.7692307692307693,0,1,-6.35986,0.4080762863,4.6203365326,,0.3478260869565217,0.3846153846153846,0,1,-6.11754,0.4028199017,3.8744051456,,0.1739130434782608,0.2307692307692307,0,1,-5.92866,0.3826635778,4.8313755989,,0.3478260869565217,0.3846153846153846,0,1,-5.73699,0.3792112172,4.7806010246,,0.391304347826087,0.3846153846153846,0,1,10
ZINC000001670414,-8.1847,0.3952973485,4.8749890327,,0.4782608695652174,0.6923076923076923,0,1,-7.51905,0.3848608732,5.6602897644,,0.4347826086956521,0.6153846153846154,0,1,-8.05805,0.3668192029,4.9465017319,,0.4782608695652174,0.6153846153846154,0,1,-7.12627,0.3527381122,4.8787770271,,0.4347826086956521,0.5384615384615384,0,1,-7.01349,0.3504601717,5.3881397247,,0.4347826086956521,0.6153846153846154,0,1,-6.97103,0.2957020104,5.3184008598,,0.391304347826087,0.5384615384615384,0,1,-6.79416,0.2942253053,5.6673636436,,0.4782608695652174,0.6923076923076923,0,1,-7.38258,0.2231794149,5.0238175392,,0.4347826086956521,0.6153846153846154,0,1,-7.52825,0.2228578776,5.4153447151,,0.391304347826087,0.6153846153846154,0,1,-7.67806,0.2130215913,5.1899871826,,0.4347826086956521,0.6923076923076923,0,1,10
ZINC000001670886,-6.82807,0.269187361,5.9082202911,,0.5652173913043478,0.6923076923076923,0,1,-6.41019,0.2593864501,5.279258728,,0.4782608695652174,0.4615384615384615,0,1,-6.09061,0.2582097054,5.6126236916,,0.1739130434782608,0.3076923076923077,0,1,-6.17095,0.2392026633,5.5671958923,,0.5652173913043478,0.6923076923076923,0,1,-6.28869,0.2192062438,4.9814276695,,0.4347826086956521,0.3846153846153846,0,1,-6.47735,0.214309901,5.5807037354,,0.4782608695652174,0.6153846153846154,0,1,-5.65782,0.2022095025,5.5130629539,,0.2608695652173913,0.3846153846153846,0,1,-6.84736,0.2017165571,5.0209155083,,0.5652173913043478,0.6923076923076923,0,1,-5.84187,0.1797662973,5.4755663872,,0.391304347826087,0.5384615384615384,0,1,-6.56992,0.1656179279,4.9346737862,,0.5217391304347826,0.6153846153846154,0,1,10
ZINC000001672323,-4.5495,0.8072429895,4.6207661629,,0.2608695652173913,0.3076923076923077,0,1,-4.48878,0.6792097092,4.14868927,,0.3043478260869565,0.3076923076923077,0,1,-4.69063,0.5183050632,4.4393935204,,0.4347826086956521,0.4615384615384615,0,1,-4.34462,0.4468562901,3.6969444752,,0.0434782608695652,0.0769230769230769,0,1,-4.38758,0.3497195244,3.9872434139,,0.217391304347826,0.3076923076923077,0,1,-4.41529,0.2669612467,3.6569912434,,0.1739130434782608,0.3076923076923077,0,1,-5.56437,0.2666416764,4.0955123901,,0.1304347826086956,0.2307692307692307,0,1,-5.74829,0.2245447934,4.1956858635,,0.3043478260869565,0.4615384615384615,0,1,-5.35282,0.2079580575,3.9394218922,,0.3043478260869565,0.3846153846153846,0,1,-6.10474,0.1999061257,4.0941267014,,0.1304347826086956,0.1538461538461538,0,1,10
ZINC000001672633,-5.24089,0.598418951,4.2564311028,,0.3478260869565217,0.3076923076923077,0,1,-7.82863,0.5933312178,5.6076807976,,0.5217391304347826,0.6923076923076923,0,1,-7.58407,0.54148525,5.5911374092,,0.4782608695652174,0.6153846153846154,0,1,-5.70049,0.4898000658,5.7394957542,,0.3043478260869565,0.4615384615384615,0,1,-7.89379,0.4604216516,5.5302863121,,0.5217391304347826,0.6153846153846154,0,1,-6.18441,0.4359179437,5.364713192,,0.3478260869565217,0.5384615384615384,0,1,-5.9893,0.3586512804,5.5946240425,,0.217391304347826,0.3846153846153846,0,1,-7.00893,0.3242705464,5.2035074234,,0.4347826086956521,0.6923076923076923,0,1,-7.49585,0.29648453,5.2305731773,,0.5217391304347826,0.6923076923076923,0,1,-5.47495,0.2945364416,3.6678798199,,0.3478260869565217,0.3846153846153846,0,1,10
ZINC000001676297,-6.80317,0.3844579756,5.4381966591,,0.3043478260869565,0.4615384615384615,0,1,-5.85398,0.357335031,4.8588786125,,0.391304347826087,0.5384615384615384,0,1,-5.65812,0.3424559236,3.982339859,,0.391304347826087,0.4615384615384615,0,1,-6.33587,0.3185616732,5.2674255371,,0.391304347826087,0.6153846153846154,0,1,-5.93865,0.3097890913,5.1979174614,,0.217391304347826,0.2307692307692307,0,1,-6.90849,0.2901284993,5.6099071503,,0.391304347826087,0.5384615384615384,0,1,-6.18345,0.2820081413,5.0631504059,,0.217391304347826,0.2307692307692307,0,1,-5.77751,0.2813716829,5.2306780815,,0.5217391304347826,0.6153846153846154,0,1,-6.94803,0.2733599246,5.2856259346,,0.3478260869565217,0.5384615384615384,0,1,-7.04945,0.2640475929,5.1179842949,,0.4782608695652174,0.5384615384615384,0,1,10
ZINC000001678958,-8.40569,0.2238813788,5.1614899635,,0.391304347826087,0.3846153846153846,0,1,-8.29025,0.1833209097,4.7065916061,,0.5217391304347826,0.5384615384615384,0,1,-8.27811,0.1630805284,4.6318273544,,0.5217391304347826,0.5384615384615384,0,1,-7.86764,0.162953645,4.8472805023,,0.3478260869565217,0.3846153846153846,0,1,-8.37068,0.1580557674,5.0064110756,,0.4347826086956521,0.4615384615384615,0,1,-8.27579,0.1449731737,5.2849087715,,0.4347826086956521,0.4615384615384615,0,1,-8.34069,0.1413777918,4.7906727791,,0.5217391304347826,0.5384615384615384,0,1,-8.27963,0.1360910684,5.2423672676,,0.4347826086956521,0.4615384615384615,0,1,-8.18644,0.134956032,4.7846217155,,0.5217391304347826,0.5384615384615384,0,1,-7.4981,0.1268664598,4.4392476082,,0.2608695652173913,0.3076923076923077,0,1,10
ZINC000001679079,-8.00937,0.3001894057,4.9328961372,,0.391304347826087,0.4615384615384615,0,1,-5.53426,0.2883759737,4.710501194,,0.217391304347826,0.2307692307692307,0,1,-4.76708,0.2522265613,4.5750484467,,0.217391304347826,0.2307692307692307,0,1,-5.49218,0.2505283654,4.6193242073,,0.1739130434782608,0.2307692307692307,0,1,-5.20164,0.2480414957,4.3156285286,,0.217391304347826,0.2307692307692307,0,1,-6.26597,0.2406594604,4.4563975334,,0.217391304347826,0.3076923076923077,0,1,-5.56603,0.1835879982,4.5524058342,,0.217391304347826,0.2307692307692307,0,1,-4.84898,0.164578557,4.6575865746,,0.3043478260869565,0.3846153846153846,0,1,-8.07097,0.161689654,4.7678694725,,0.2608695652173913,0.3076923076923077,0,1,-7.85782,0.1594997793,4.7479395866,,0.3043478260869565,0.3846153846153846,0,1,10
ZINC000001679097,-6.2422,0.5688485503,5.8684487343,,0.3478260869565217,0.4615384615384615,0,1,-5.84564,0.4083170295,5.6941642761,,0.2608695652173913,0.4615384615384615,0,1,-7.94577,0.3543356061,5.1762709618,,0.2608695652173913,0.3846153846153846,0,1,-4.62487,0.285692662,3.7559025288,,0.1304347826086956,0.1538461538461538,0,1,-4.81554,0.2710643113,4.3527140617,,0.1739130434782608,0.2307692307692307,0,1,-5.27332,0.2664997578,5.4337043762,,0.391304347826087,0.4615384615384615,0,1,-6.01409,0.2644028068,4.9812684059,,0.3478260869565217,0.3846153846153846,0,1,-5.97676,0.2473185956,5.0395007133,,0.3043478260869565,0.4615384615384615,0,1,-7.72089,0.2390320897,5.3305430412,,0.2608695652173913,0.3076923076923077,0,1,-4.81196,0.2193684429,4.2620472908,,0.2608695652173913,0.3846153846153846,0,1,10
ZINC000001679105,-4.38259,0.4981378317,4.1735801697,,0.3043478260869565,0.3076923076923077,0,1,-5.16587,0.4871530831,3.8285095692,,0.3043478260869565,0.3076923076923077,0,1,-4.4705,0.4382181168,3.765663147,,0.3043478260869565,0.3076923076923077,0,1,-7.36085,0.4229464829,5.517560482,,0.2608695652173913,0.3846153846153846,0,1,-4.35819,0.4039079547,4.0828719139,,0.2608695652173913,0.3076923076923077,0,1,-4.69715,0.3761825264,4.0376620293,,0.217391304347826,0.2307692307692307,0,1,-7.13789,0.3654860258,5.4154868126,,0.217391304347826,0.3076923076923077,0,1,-7.4555,0.3473858535,5.4560832977,,0.2608695652173913,0.3846153846153846,0,1,-4.40635,0.3086448908,3.8009996414,,0.217391304347826,0.2307692307692307,0,1,-4.32161,0.2771498561,4.0669021606,,0.1304347826086956,0.1538461538461538,0,1,10
ZINC000001679295,-7.43971,0.2946195602,6.2652621269,,0.6521739130434783,0.6923076923076923,0,1,-8.32376,0.2759461105,5.9916844368,,0.6086956521739131,0.7692307692307693,0,1,-7.98206,0.2552812099,6.1298384666,,0.5217391304347826,0.6153846153846154,0,1,-7.49706,0.2397658676,6.1309733391,,0.6521739130434783,0.7692307692307693,0,1,-7.9621,0.2278102338,5.5450286865,,0.3043478260869565,0.3846153846153846,0,1,-7.70841,0.1817084551,6.0204825401,,0.6086956521739131,0.6923076923076923,0,1,-8.23853,0.1764069796,5.7932949066,,0.6521739130434783,0.7692307692307693,0,1,-7.65992,0.1697323918,6.0256729126,,0.6521739130434783,0.7692307692307693,0,1,-7.59316,0.1683200449,5.7256093025,,0.6086956521739131,0.7692307692307693,0,1,-8.18518,0.1657916456,5.5179901123,,0.5217391304347826,0.6153846153846154,0,1,10
ZINC000001682070,-5.51816,0.5873336196,5.0228304863,,0.3478260869565217,0.6153846153846154,0,1,-6.17394,0.5344372392,4.8671107292,,0.3043478260869565,0.3846153846153846,0,1,-6.26196,0.5267833471,4.7026276588,,0.3043478260869565,0.3846153846153846,0,1,-5.81735,0.5138924122,4.48523283,,0.3478260869565217,0.4615384615384615,0,1,-5.79622,0.5124089718,4.9118618965,,0.5652173913043478,0.7692307692307693,0,1,-5.86567,0.4630437195,4.4708328247,,0.4347826086956521,0.6923076923076923,0,1,-5.46154,0.4217925668,4.1266083717,,0.3478260869565217,0.3076923076923077,0,1,-6.70354,0.3941012621,4.3079676628,,0.1304347826086956,0.2307692307692307,0,1,-5.59233,0.3920630217,4.0993494987,,0.3478260869565217,0.3846153846153846,0,1,-5.43415,0.3859637082,4.8461413383,,0.5217391304347826,0.6923076923076923,0,1,10
ZINC000001699070,-5.21564,0.4938279986,4.44272995,,0.1739130434782608,0.3076923076923077,0,1,-5.37903,0.3381710052,5.3851661682,,0.5652173913043478,0.7692307692307693,0,1,-5.92865,0.3261333108,6.0452976227,,0.5217391304347826,0.6153846153846154,0,1,-5.06219,0.2811147869,4.5078263283,,0.2608695652173913,0.3076923076923077,0,1,-5.10735,0.2804548144,4.3480000496,,0.217391304347826,0.2307692307692307,0,1,-6.2385,0.2654466033,5.0617566109,,0.2608695652173913,0.2307692307692307,0,1,-5.85198,0.2633906305,5.3249392509,,0.1739130434782608,0.3076923076923077,0,1,-6.60377,0.2464224845,5.0956959724,,0.5217391304347826,0.6923076923076923,0,1,-6.23658,0.2452272177,4.5796971321,,0.3478260869565217,0.3076923076923077,0,1,-5.45951,0.2279664129,4.2777848244,,0.217391304347826,0.2307692307692307,0,1,10
ZINC000001700760,-7.2714,0.2670027614,5.5727028847,,0.391304347826087,0.5384615384615384,0,1,-5.87038,0.2281983197,4.5600776672,,0.217391304347826,0.3846153846153846,0,1,-5.62418,0.2200386822,4.4900507927,,0.1304347826086956,0.2307692307692307,0,1,-8.94567,0.2184095383,5.5126852989,,0.4347826086956521,0.6153846153846154,0,1,-5.41798,0.1828366965,4.0017914772,,0.217391304347826,0.3076923076923077,0,1,-8.44043,0.1734099388,5.3178272247,,0.4347826086956521,0.5384615384615384,0,1,-5.41113,0.1648318619,4.4364433289,,0.1304347826086956,0.3076923076923077,0,1,-8.51381,0.150500223,4.9308133125,,0.4782608695652174,0.6153846153846154,0,1,-5.54666,0.14521043,4.355407238,,0.0869565217391304,0.2307692307692307,0,1,-7.98728,0.1403075159,5.3258976936,,0.4347826086956521,0.6153846153846154,0,1,10
ZINC000001703775,-7.59461,0.2093220055,5.3008546829,,0.4782608695652174,0.6153846153846154,0,1,-8.47114,0.1939367205,5.8706626892,,0.4782608695652174,0.5384615384615384,0,1,-7.2244,0.1924250275,5.3147616386,,0.5217391304347826,0.6153846153846154,0,1,-8.57436,0.1909280717,5.8514409065,,0.5652173913043478,0.6153846153846154,0,1,-7.8064,0.1893944591,5.3641486168,,0.5652173913043478,0.6923076923076923,0,1,-8.11187,0.1803929806,4.9792895317,,0.4347826086956521,0.5384615384615384,0,1,-7.80165,0.1778596193,5.5591359138,,0.5652173913043478,0.7692307692307693,0,1,-7.68106,0.1741327047,5.1541080475,,0.4347826086956521,0.6153846153846154,0,1,-6.96397,0.1719329953,5.447991848,,0.5217391304347826,0.6153846153846154,0,1,-7.8566,0.1666074842,4.9946351051,,0.4347826086956521,0.6153846153846154,0,1,10
ZINC000001705179,-6.64229,0.5890408158,5.5808048248,,0.4347826086956521,0.6923076923076923,0,1,-5.54428,0.5197926164,4.2412261963,,0.391304347826087,0.3846153846153846,0,1,-7.00497,0.4042775631,5.3636035919,,0.3478260869565217,0.5384615384615384,0,1,-5.07581,0.3919243515,3.8197107315,,0.391304347826087,0.4615384615384615,0,1,-6.00989,0.365403533,4.9748268127,,0.3043478260869565,0.4615384615384615,0,1,-5.39108,0.3435532451,4.2346539497,,0.3478260869565217,0.3846153846153846,0,1,-5.68746,0.3387732208,5.2127022743,,0.5652173913043478,0.7692307692307693,0,1,-5.36594,0.3155134618,3.9292571545,,0.4347826086956521,0.4615384615384615,0,1,-5.46672,0.296613276,4.7696061134,,0.6086956521739131,0.8461538461538461,0,1,-6.03059,0.2782245874,4.9211935997,,0.391304347826087,0.6153846153846154,0,1,10
ZINC000001707617,-5.39571,0.5422726274,5.6920456886,,0.6086956521739131,0.7692307692307693,0,1,-5.61605,0.462154001,4.9397296906,,0.3478260869565217,0.3846153846153846,0,1,-5.37178,0.4076154232,5.1153731346,,0.2608695652173913,0.3076923076923077,0,1,-5.85865,0.4028540254,4.8084645271,,0.1739130434782608,0.2307692307692307,0,1,-6.10075,0.3999616504,5.5522122383,,0.5652173913043478,0.6923076923076923,0,1,-7.26138,0.3321548402,5.4704318047,,0.4782608695652174,0.6153846153846154,0,1,-7.09907,0.3245172203,5.4180521965,,0.5652173913043478,0.7692307692307693,0,1,-4.86873,0.3132983446,4.1561627388,,0.3043478260869565,0.3076923076923077,0,1,-5.5988,0.3126936555,4.441473484,,0.2608695652173913,0.3846153846153846,0,1,-4.81231,0.2771260738,4.1954441071,,0.217391304347826,0.3076923076923077,0,1,10
ZINC000001715379,-5.43888,0.3508506715,5.3154964447,,0.2608695652173913,0.3076923076923077,0,1,-5.92761,0.3486036956,5.3227543831,,0.3478260869565217,0.3076923076923077,0,1,-5.15732,0.3066869676,4.5977082253,,0.0869565217391304,0.0769230769230769,0,1,-5.81764,0.277464509,4.9227004051,,0.217391304347826,0.3846153846153846,0,1,-5.08493,0.266238004,4.7474918365,,0.3043478260869565,0.4615384615384615,0,1,-5.8285,0.2342643589,4.4144749641,,0.3478260869565217,0.5384615384615384,0,1,-6.27535,0.2258528769,4.9037289619,,0.217391304347826,0.4615384615384615,0,1,-4.33902,0.2165138721,3.3639762402,,0.2608695652173913,0.3076923076923077,0,1,-4.83869,0.2092766762,4.5673265457,,0.0869565217391304,0.0769230769230769,0,1,-5.29342,0.2068690807,3.928550005,,0.3478260869565217,0.5384615384615384,0,1,10
ZINC000001722822,-4.73375,0.4911100566,4.0478153229,,0.3043478260869565,0.3076923076923077,0,1,-5.50443,0.4760226011,4.3966355324,,0.217391304347826,0.3076923076923077,0,1,-4.70447,0.4507344663,4.0585575104,,0.217391304347826,0.3076923076923077,0,1,-5.09775,0.4370835125,4.3236441612,,0.3043478260869565,0.3076923076923077,0,1,-6.73711,0.3827560246,5.2511315346,,0.217391304347826,0.2307692307692307,0,1,-5.09029,0.3758946657,4.1440958977,,0.3043478260869565,0.3076923076923077,0,1,-7.46428,0.3601750433,5.551003933,,0.3043478260869565,0.4615384615384615,0,1,-7.08592,0.3263316453,5.0692405701,,0.3478260869565217,0.4615384615384615,0,1,-4.83191,0.3162133396,3.8269703388,,0.217391304347826,0.3076923076923077,0,1,-4.19414,0.3036574125,4.1062178612,,0.3043478260869565,0.3846153846153846,0,1,10
ZINC000001726992,-5.86185,0.5333458185,5.8407173157,,0.5217391304347826,0.5384615384615384,0,1,-6.19927,0.46956864,6.1184458733,,0.5217391304347826,0.5384615384615384,0,1,-6.1094,0.3379394114,5.6635146141,,0.4347826086956521,0.4615384615384615,0,1,-6.79492,0.3324355483,5.4817562103,,0.5652173913043478,0.6153846153846154,0,1,-6.43349,0.3139250576,5.1327762604,,0.6086956521739131,0.6923076923076923,0,1,-6.83202,0.2948666215,5.4344649315,,0.5217391304347826,0.6153846153846154,0,1,-6.82995,0.2635135055,5.411002636,,0.5652173913043478,0.6923076923076923,0,1,-6.1769,0.2476651371,5.4530272484,,0.5652173913043478,0.7692307692307693,0,1,-5.677,0.2298051715,5.3313469887,,0.391304347826087,0.6153846153846154,0,1,-6.61232,0.22704494,5.2783207893,,0.5652173913043478,0.6923076923076923,0,1,10
ZINC000001730677,-5.73947,0.6917157769,4.3619475365,,0.2608695652173913,0.2307692307692307,0,1,-5.36625,0.6019853354,5.8738155365,,0.4782608695652174,0.6923076923076923,0,1,-5.53263,0.5505321026,4.3414497375,,0.3043478260869565,0.3076923076923077,0,1,-5.5506,0.535718143,5.6740913391,,0.4347826086956521,0.6923076923076923,0,1,-6.55288,0.5327715278,5.1600251198,,0.4347826086956521,0.5384615384615384,0,1,-6.84171,0.4406521618,5.2244706154,,0.4347826086956521,0.5384615384615384,0,1,-5.94529,0.4395285547,4.2856793404,,0.1739130434782608,0.2307692307692307,0,1,-5.98551,0.3500805497,4.0294470787,,0.1304347826086956,0.2307692307692307,0,1,-5.63583,0.3409469128,5.5052266121,,0.1304347826086956,0.1538461538461538,0,1,-5.61158,0.3136639595,5.1569180489,,0.1739130434782608,0.3076923076923077,0,1,10
ZINC000001731321,-7.55775,0.8782969117,7.3835196495,,0.6956521739130435,0.7692307692307693,0,1,-7.31841,0.8254031539,7.3173618317,,0.6086956521739131,0.6923076923076923,0,1,-7.3939,0.8221954703,7.3168029785,,0.6086956521739131,0.6923076923076923,0,1,-7.5272,0.7016773224,6.9356122017,,0.6956521739130435,0.8461538461538461,0,1,-6.71321,0.6887140274,6.8581500053,,0.5652173913043478,0.6923076923076923,0,1,-8.20463,0.6798430085,6.8642029762,,0.6521739130434783,0.7692307692307693,0,1,-6.81433,0.6308469176,6.9265751839,,0.5652173913043478,0.6923076923076923,0,1,-6.20576,0.6195126772,7.1572499275,,0.6956521739130435,0.7692307692307693,0,1,-6.76773,0.6019652486,6.8835406303,,0.5217391304347826,0.6153846153846154,0,1,-6.89694,0.5659188628,6.8462276459,,0.5652173913043478,0.6923076923076923,0,1,10
ZINC000001731663,-5.97326,0.5859419107,3.9699428082,,0.3043478260869565,0.3076923076923077,0,1,-5.74041,0.5775905252,4.0294561386,,0.3043478260869565,0.3076923076923077,0,1,-6.25387,0.5220514536,4.2437520027,,0.3043478260869565,0.3076923076923077,0,1,-5.90379,0.5076647997,5.3494238853,,0.4782608695652174,0.6923076923076923,0,1,-5.87154,0.4996940196,5.4491386414,,0.4782608695652174,0.6923076923076923,0,1,-6.19196,0.4911316633,4.0661449432,,0.3043478260869565,0.3076923076923077,0,1,-6.45498,0.4751310349,5.0571894646,,0.4782608695652174,0.6153846153846154,0,1,-5.67177,0.4524757862,4.6266384125,,0.3478260869565217,0.4615384615384615,0,1,-6.79046,0.4013929069,4.9705181122,,0.5217391304347826,0.6923076923076923,0,1,-6.65238,0.3881277144,4.8342380524,,0.3043478260869565,0.3846153846153846,0,1,10
ZINC000001732343,-7.36638,0.4437098503,5.4913215637,,0.4782608695652174,0.6153846153846154,0,1,-6.97597,0.4289672375,5.6432189941,,0.5652173913043478,0.6923076923076923,0,1,-7.16018,0.4073030353,5.1083545685,,0.391304347826087,0.5384615384615384,0,1,-6.50408,0.4067909718,5.2218279839,,0.391304347826087,0.6153846153846154,0,1,-6.49245,0.3700706363,5.6062998772,,0.217391304347826,0.4615384615384615,0,1,-7.15293,0.3279386461,5.3849511147,,0.5652173913043478,0.6923076923076923,0,1,-6.54276,0.3023289144,5.3478794098,,0.391304347826087,0.4615384615384615,0,1,-6.23038,0.2997227907,5.4473080635,,0.391304347826087,0.4615384615384615,0,1,-7.27813,0.2932883203,5.3148026466,,0.5652173913043478,0.6923076923076923,0,1,-6.2028,0.2905174494,5.7161622047,,0.391304347826087,0.5384615384615384,0,1,10
ZINC000001733688,-5.95699,0.3547851145,5.6092953682,,0.4782608695652174,0.6153846153846154,0,1,-6.39479,0.3277038932,5.3434672356,,0.391304347826087,0.5384615384615384,0,1,-6.23286,0.255374819,5.3147277832,,0.4347826086956521,0.5384615384615384,0,1,-6.8172,0.2357334495,5.0398278236,,0.3043478260869565,0.5384615384615384,0,1,-6.8408,0.2224059105,5.4922428131,,0.4782608695652174,0.6923076923076923,0,1,-6.9199,0.2130188793,5.3788380623,,0.4782608695652174,0.6153846153846154,0,1,-5.54718,0.1949651688,3.9868803024,,0.2608695652173913,0.3076923076923077,0,1,-6.41657,0.193644926,4.6649317741,,0.391304347826087,0.4615384615384615,0,1,-6.37316,0.1801185608,4.9758677483,,0.4347826086956521,0.5384615384615384,0,1,-6.66032,0.1785521358,4.8448987007,,0.5652173913043478,0.6923076923076923,0,1,10
ZINC000001735869,-4.26379,0.3108201921,4.0222287178,,0.217391304347826,0.3076923076923077,0,1,-4.39794,0.3026033342,4.4367976189,,0.1739130434782608,0.1538461538461538,0,1,-4.85939,0.2834830284,4.7691383362,,0.1739130434782608,0.3076923076923077,0,1,-4.38978,0.2671251893,4.4305076599,,0.217391304347826,0.2307692307692307,0,1,-4.50807,0.234280467,5.7721133232,,0.4782608695652174,0.7692307692307693,0,1,-4.19203,0.2280462086,5.7693786621,,0.3478260869565217,0.3846153846153846,0,1,-4.56421,0.2251681387,4.3059744835,,0.0434782608695652,0.0769230769230769,0,1,-7.18929,0.2235917896,5.7105984688,,0.217391304347826,0.3076923076923077,0,1,-4.33052,0.2220348269,3.9175434113,,0.217391304347826,0.2307692307692307,0,1,-4.64213,0.2127189636,4.5699415207,,0.1304347826086956,0.2307692307692307,0,1,10
ZINC000001737511,-6.70129,0.611743331,5.1092433929,,0.5652173913043478,0.7692307692307693,0,1,-6.73799,0.6065627337,5.0888805389,,0.6086956521739131,0.8461538461538461,0,1,-4.76107,0.5578687787,4.8637909889,,0.4782608695652174,0.6153846153846154,0,1,-4.86498,0.5005559325,5.0671486855,,0.4782608695652174,0.6923076923076923,0,1,-4.46772,0.4460857213,3.7103531361,,0.3043478260869565,0.3076923076923077,0,1,-6.08149,0.4434828758,4.958137989,,0.5217391304347826,0.6153846153846154,0,1,-6.17622,0.4119948447,4.8890500069,,0.5217391304347826,0.6153846153846154,0,1,-4.39484,0.3945688605,3.4604346752,,0.3043478260869565,0.3076923076923077,0,1,-4.93307,0.3920738101,4.3670754433,,0.3043478260869565,0.4615384615384615,0,1,-5.31499,0.3784843087,3.9999229908,,0.3478260869565217,0.3076923076923077,0,1,10
ZINC000001737600,-9.01254,0.4094344974,6.1730513573,,0.3478260869565217,0.3846153846153846,0,1,-7.98607,0.3702993691,6.1880383492,,0.4347826086956521,0.5384615384615384,0,1,-7.45606,0.3081115186,6.2347130775,,0.217391304347826,0.3846153846153846,0,1,-7.23851,0.3077456057,5.6651091576,,0.4347826086956521,0.5384615384615384,0,1,-7.57614,0.2929944694,5.3754191399,,0.1304347826086956,0.1538461538461538,0,1,-8.48656,0.280336827,5.9757447243,,0.2608695652173913,0.4615384615384615,0,1,-6.42233,0.2775366604,4.5740208626,,0.2608695652173913,0.3846153846153846,0,1,-7.57452,0.2584764659,5.8047699928,,0.391304347826087,0.5384615384615384,0,1,-7.11192,0.2497452945,5.5801391602,,0.1304347826086956,0.2307692307692307,0,1,-7.2289,0.2344560474,5.270257473,,0.6521739130434783,0.6923076923076923,0,1,10
ZINC000001737856,-5.85553,0.4598538876,4.7581062317,,0.391304347826087,0.6153846153846154,0,1,-5.79151,0.4355439544,5.2496395111,,0.4782608695652174,0.6923076923076923,0,1,-5.2455,0.4292766154,4.8278336525,,0.4347826086956521,0.6153846153846154,0,1,-5.68157,0.417986393,5.3287830353,,0.4347826086956521,0.6153846153846154,0,1,-5.64434,0.4136214256,4.9390029907,,0.4782608695652174,0.6923076923076923,0,1,-5.1611,0.4086164236,5.1701846123,,0.4782608695652174,0.6153846153846154,0,1,-5.44872,0.3900146484,5.1524777412,,0.4347826086956521,0.6153846153846154,0,1,-5.94138,0.3847679496,4.0459542274,,0.1739130434782608,0.2307692307692307,0,1,-5.20558,0.3774717152,4.4401192665,,0.1739130434782608,0.2307692307692307,0,1,-5.39831,0.3343405128,5.1723403931,,0.3043478260869565,0.4615384615384615,0,1,10
ZINC000001740263,-7.45347,0.6277925968,5.7215781212,,0.3478260869565217,0.4615384615384615,0,1,-7.26936,0.5351592302,5.8763842583,,0.217391304347826,0.3846153846153846,0,1,-4.82714,0.5116280317,4.661216259,,0.4347826086956521,0.4615384615384615,0,1,-7.04319,0.5037531853,5.5862731934,,0.3478260869565217,0.4615384615384615,0,1,-5.3107,0.4785801768,4.4027576447,,0.4347826086956521,0.4615384615384615,0,1,-7.21062,0.4377520382,5.4000124931,,0.4782608695652174,0.6153846153846154,0,1,-7.51648,0.3878209889,5.2742447853,,0.391304347826087,0.5384615384615384,0,1,-5.67216,0.3775921166,4.3435072899,,0.2608695652173913,0.3846153846153846,0,1,-5.80034,0.3773366213,5.1617808342,,0.6086956521739131,0.8461538461538461,0,1,-6.73023,0.3346546888,4.9345650673,,0.391304347826087,0.6923076923076923,0,1,10
ZINC000001746503,-6.34142,0.6042208076,5.267578125,,0.3478260869565217,0.3846153846153846,0,1,-6.73826,0.4035952985,5.1727633476,,0.2608695652173913,0.3846153846153846,0,1,-6.65741,0.3946027458,5.1427989006,,0.3043478260869565,0.4615384615384615,0,1,-6.73572,0.3491973281,4.9908099174,,0.3478260869565217,0.3846153846153846,0,1,-5.56532,0.3468627036,4.7607569695,,0.2608695652173913,0.3076923076923077,0,1,-6.40568,0.3447723687,5.0687332153,,0.3043478260869565,0.4615384615384615,0,1,-5.15952,0.3376615047,5.3358249664,,0.4782608695652174,0.7692307692307693,0,1,-5.81173,0.333729893,5.2361950874,,0.5217391304347826,0.6153846153846154,0,1,-7.10762,0.3268995583,4.9021945,,0.391304347826087,0.5384615384615384,0,1,-6.05092,0.2838942707,5.5092396736,,0.391304347826087,0.4615384615384615,0,1,10
ZINC000001747332,-7.03272,0.7911691666,5.6308302879,,0.5217391304347826,0.6153846153846154,0,1,-7.10794,0.7668100595,5.6047329903,,0.6086956521739131,0.6923076923076923,0,1,-6.86016,0.7462391853,5.5377998352,,0.6086956521739131,0.6923076923076923,0,1,-6.94507,0.7250451446,5.5493755341,,0.6086956521739131,0.6923076923076923,0,1,-7.32079,0.697327435,5.4264922142,,0.6521739130434783,0.8461538461538461,0,1,-7.07962,0.6940800548,5.4521660805,,0.6521739130434783,0.8461538461538461,0,1,-7.07771,0.690746665,5.4476122856,,0.6521739130434783,0.8461538461538461,0,1,-7.19978,0.6872169971,5.4415354729,,0.6521739130434783,0.8461538461538461,0,1,-7.15492,0.6760084033,5.4250621796,,0.6521739130434783,0.8461538461538461,0,1,-7.05483,0.6674569249,5.4962048531,,0.6521739130434783,0.8461538461538461,0,1,10
ZINC000001747565,-7.25965,0.814099133,5.5664310455,,0.5652173913043478,0.6153846153846154,0,1,-7.55822,0.7984426618,5.6219520569,,0.5217391304347826,0.6923076923076923,0,1,-7.45106,0.7623165846,5.5975604057,,0.5217391304347826,0.6923076923076923,0,1,-7.20959,0.7437027693,5.5350928307,,0.5217391304347826,0.5384615384615384,0,1,-7.16291,0.7432966828,5.7889666557,,0.3478260869565217,0.3846153846153846,0,1,-7.31844,0.7154898047,6.0660881996,,0.4782608695652174,0.6153846153846154,0,1,-6.91378,0.6767001152,5.3848996162,,0.5217391304347826,0.6153846153846154,0,1,-6.89997,0.6374590397,5.4726319313,,0.391304347826087,0.3846153846153846,0,1,-6.43196,0.6218197942,5.5315995216,,0.3478260869565217,0.3846153846153846,0,1,-7.06148,0.6026249528,5.736000061,,0.391304347826087,0.5384615384615384,0,1,10
ZINC000001748569,-8.17508,0.8695214391,6.6181778908,,0.5217391304347826,0.5384615384615384,0,1,-8.22423,0.8678891063,6.6325035095,,0.5217391304347826,0.6153846153846154,0,1,-8.18727,0.8189240098,6.7148623466,,0.5652173913043478,0.6923076923076923,0,1,-8.55076,0.7723492384,6.5990347862,,0.3478260869565217,0.4615384615384615,0,1,-7.6448,0.758549571,6.5781855583,,0.5217391304347826,0.6923076923076923,0,1,-7.98001,0.686978817,6.3947281837,,0.5217391304347826,0.6923076923076923,0,1,-7.9897,0.6493523717,6.3245968819,,0.6086956521739131,0.7692307692307693,0,1,-7.5912,0.5876479745,6.4048843384,,0.4347826086956521,0.6153846153846154,0,1,-8.3412,0.5844499469,6.4562625885,,0.3478260869565217,0.4615384615384615,0,1,-7.88419,0.5377686024,5.9388389587,,0.5217391304347826,0.6153846153846154,0,1,10
ZINC000001748574,-8.37873,0.7819191813,6.5994415283,,0.3478260869565217,0.3846153846153846,0,1,-8.38063,0.777485311,6.5871033669,,0.3478260869565217,0.3846153846153846,0,1,-7.87375,0.7707390785,6.3399219513,,0.5217391304347826,0.6153846153846154,0,1,-8.42909,0.7141287327,6.1556339264,,0.5217391304347826,0.6153846153846154,0,1,-8.37405,0.69640553,6.1046161652,,0.4347826086956521,0.5384615384615384,0,1,-7.9546,0.5503876805,6.3743233681,,0.3478260869565217,0.3846153846153846,0,1,-8.02801,0.5325759649,5.9849448204,,0.4782608695652174,0.5384615384615384,0,1,-7.25904,0.5220487714,6.1099319458,,0.4347826086956521,0.5384615384615384,0,1,-8.45045,0.513846457,5.8797492981,,0.4782608695652174,0.6153846153846154,0,1,-7.24989,0.4818758965,6.0955524445,,0.6521739130434783,0.8461538461538461,0,1,10
ZINC000001748679,-7.88198,0.3074456155,6.2682366371,,0.5652173913043478,0.6923076923076923,0,1,-7.46053,0.2657466829,6.0285339355,,0.5652173913043478,0.6923076923076923,0,1,-7.87688,0.2620263994,6.1534371376,,0.5652173913043478,0.6923076923076923,0,1,-7.77154,0.2607015967,5.9647107124,,0.6086956521739131,0.7692307692307693,0,1,-7.66301,0.2602686286,6.2452087402,,0.5652173913043478,0.6923076923076923,0,1,-7.58731,0.2535429895,5.8744320869,,0.5652173913043478,0.6923076923076923,0,1,-7.51996,0.2357526869,5.9880127907,,0.5652173913043478,0.6923076923076923,0,1,-6.93939,0.2349539995,5.1826934814,,0.4347826086956521,0.4615384615384615,0,1,-7.66534,0.2289054841,5.7994952202,,0.6086956521739131,0.7692307692307693,0,1,-7.63739,0.2267470807,6.1517291069,,0.5652173913043478,0.6923076923076923,0,1,10
ZINC000001749673,-3.4761,0.644307971,5.9026761055,,0.5217391304347826,0.6153846153846154,0,1,-4.79202,0.5351644754,5.7555956841,,0.6086956521739131,0.8461538461538461,0,1,-5.12925,0.5258461237,5.7290120125,,0.5217391304347826,0.7692307692307693,0,1,-4.54153,0.5204399824,5.8820381165,,0.5652173913043478,0.8461538461538461,0,1,-4.71566,0.4925281703,5.794936657,,0.5652173913043478,0.8461538461538461,0,1,-4.64215,0.3415929079,4.2064070702,,0.391304347826087,0.3846153846153846,0,1,-6.01792,0.3087826967,5.297662735,,0.4782608695652174,0.6923076923076923,0,1,-6.1371,0.2762848139,4.2513537407,,0.2608695652173913,0.3846153846153846,0,1,-6.32305,0.274744153,4.2933278084,,0.2608695652173913,0.3846153846153846,0,1,-5.39363,0.2673325539,5.114798069,,0.4782608695652174,0.6923076923076923,0,1,10
ZINC000001752236,-4.60917,0.5228483677,5.8276329041,,0.391304347826087,0.6153846153846154,0,1,-3.99994,0.4163887799,5.5381398201,,0.391304347826087,0.6923076923076923,0,1,-4.15836,0.4064062834,4.0852723122,,0.3043478260869565,0.3076923076923077,0,1,-4.08209,0.3897676766,5.4704318047,,0.391304347826087,0.6153846153846154,1,1,-4.97779,0.3697187603,5.1477842331,,0.3043478260869565,0.4615384615384615,0,1,-4.41679,0.3621749282,5.1711173058,,0.3043478260869565,0.4615384615384615,0,1,-5.3217,0.3027799726,5.3511033058,,0.3478260869565217,0.4615384615384615,0,1,-3.84736,0.2859583497,3.9219820499,,0.217391304347826,0.1538461538461538,0,1,-4.22195,0.2653802037,4.4232468605,,0.217391304347826,0.3076923076923077,0,1,-5.18161,0.2402691692,4.9867758751,,0.1304347826086956,0.1538461538461538,0,1,10
ZINC000001759661,-5.50791,0.6599748135,5.2865843773,,0.2608695652173913,0.3846153846153846,0,1,-4.68001,0.6150595546,4.9750142097,,0.1739130434782608,0.3076923076923077,0,1,-4.2185,0.5673464537,4.9260578156,,0.3478260869565217,0.6153846153846154,0,1,-5.0895,0.5429335833,5.522251606,,0.2608695652173913,0.3846153846153846,0,1,-5.54105,0.5332602262,5.1509246826,,0.2608695652173913,0.4615384615384615,0,1,-4.77338,0.5274595618,4.6163263321,,0.1739130434782608,0.1538461538461538,0,1,-5.43358,0.5268625021,5.1499724388,,0.3043478260869565,0.4615384615384615,0,1,-4.86224,0.5230228305,5.278301239,,0.1739130434782608,0.3076923076923077,0,1,-5.21381,0.5185109973,5.0825123787,,0.217391304347826,0.3846153846153846,0,1,-5.2303,0.4993225932,5.3535542488,,0.4782608695652174,0.5384615384615384,0,1,10
ZINC000001760205,-7.21603,0.5758341551,6.1569194794,,0.4782608695652174,0.6153846153846154,0,1,-7.57174,0.569801271,6.1532301903,,0.5652173913043478,0.7692307692307693,0,1,-8.17594,0.5446380973,6.2811579704,,0.4782608695652174,0.6153846153846154,0,1,-7.70759,0.5245435238,6.1173114777,,0.6086956521739131,0.7692307692307693,0,1,-7.43212,0.5076211691,6.2101569176,,0.5217391304347826,0.6923076923076923,0,1,-7.25034,0.486497283,6.1280350685,,0.5652173913043478,0.7692307692307693,0,1,-8.06429,0.4495851994,6.1820731163,,0.4782608695652174,0.6153846153846154,0,1,-7.19814,0.4280159175,5.8301005363,,0.6086956521739131,0.6923076923076923,0,1,-7.48156,0.3728108406,5.8265976906,,0.5652173913043478,0.6923076923076923,0,1,-6.36415,0.361287564,6.1550240517,,0.6086956521739131,0.6923076923076923,0,1,10
ZINC000001782151,-7.14087,0.5017620325,5.0132408142,,0.4347826086956521,0.6153846153846154,0,1,-5.88835,0.4889371693,5.0819721222,,0.391304347826087,0.5384615384615384,0,1,-7.08749,0.3977117836,5.1855602264,,0.4347826086956521,0.6153846153846154,0,1,-5.91218,0.3760451078,5.0450015068,,0.391304347826087,0.5384615384615384,0,1,-6.41226,0.3594086468,5.1489338875,,0.391304347826087,0.4615384615384615,0,1,-7.14185,0.3401404917,5.0147681236,,0.391304347826087,0.5384615384615384,0,1,-6.34736,0.3213243783,4.9603824615,,0.3043478260869565,0.3846153846153846,0,1,-6.81328,0.3177776933,5.1519465446,,0.391304347826087,0.6153846153846154,0,1,-6.70276,0.313937366,4.895532608,,0.3478260869565217,0.5384615384615384,0,1,-6.92245,0.3097408116,5.0222172737,,0.391304347826087,0.6153846153846154,0,1,10
ZINC000001786832,-6.30431,0.7193327546,6.2601752281,,0.7391304347826086,0.8461538461538461,0,1,-7.78258,0.7151901722,6.2820563316,,0.4782608695652174,0.5384615384615384,0,1,-7.70224,0.7012015581,6.2122206688,,0.5217391304347826,0.6153846153846154,0,1,-4.51744,0.4181170464,5.0135579109,,0.3043478260869565,0.3076923076923077,0,1,-6.61208,0.2695950568,5.7763075829,,0.5652173913043478,0.7692307692307693,0,1,-4.41127,0.2433762848,4.8392658234,,0.217391304347826,0.3076923076923077,0,1,-6.19866,0.2395939529,5.7490086555,,0.5217391304347826,0.6923076923076923,0,1,-4.58304,0.2119795084,4.7334241867,,0.3043478260869565,0.3846153846153846,0,1,-5.6919,0.1851343513,4.640832901,,0.391304347826087,0.4615384615384615,0,1,-5.65425,0.1698010266,4.6120371819,,0.391304347826087,0.4615384615384615,0,1,10
ZINC000001795886,-7.37684,0.4635282159,6.6129150391,,0.4347826086956521,0.6153846153846154,0,1,-8.15374,0.3423340619,5.8351111412,,0.5652173913043478,0.7692307692307693,0,1,-7.27855,0.3070861399,5.7355952263,,0.5217391304347826,0.6153846153846154,0,1,-7.02101,0.2976171076,5.460773468,,0.391304347826087,0.4615384615384615,0,1,-7.35222,0.2818838656,6.0500006676,,0.2608695652173913,0.2307692307692307,0,1,-7.71896,0.2494238615,5.4779434204,,0.2608695652173913,0.3846153846153846,0,1,-7.326,0.2472456098,6.2034950256,,0.4782608695652174,0.6153846153846154,0,1,-7.82029,0.2427154779,5.8741722107,,0.3043478260869565,0.4615384615384615,0,1,-7.3168,0.2377025634,5.4324603081,,0.2608695652173913,0.3076923076923077,0,1,-7.80988,0.2209164947,6.2250628471,,0.4347826086956521,0.6153846153846154,0,1,10
ZINC000001802773,-8.25297,0.4768311977,6.3647503853,,0.5652173913043478,0.6923076923076923,0,1,-7.73048,0.4469882548,6.3002591133,,0.6086956521739131,0.6923076923076923,0,1,-7.73763,0.4032655954,6.1822295189,,0.5652173913043478,0.6923076923076923,0,1,-7.68218,0.3693585098,6.0480179787,,0.6086956521739131,0.6923076923076923,0,1,-7.63944,0.3681625724,6.2100529671,,0.5652173913043478,0.6923076923076923,0,1,-7.79049,0.3679786026,5.9090676308,,0.4782608695652174,0.5384615384615384,0,1,-8.11812,0.3620030284,6.0912051201,,0.6086956521739131,0.6923076923076923,0,1,-7.7433,0.3555033505,5.801466465,,0.4782608695652174,0.6153846153846154,0,1,-7.49692,0.352974385,5.9989972115,,0.5652173913043478,0.6923076923076923,0,1,-8.19771,0.338701129,5.9893608093,,0.5652173913043478,0.6923076923076923,0,1,10
ZINC000001811793,-7.08196,0.6133474708,6.0466475487,,0.5652173913043478,0.6923076923076923,0,1,-7.4841,0.5896040201,5.8924365044,,0.5652173913043478,0.7692307692307693,0,1,-7.15811,0.5625665784,5.7548995018,,0.4782608695652174,0.5384615384615384,0,1,-7.04542,0.5445305109,5.8442730904,,0.5217391304347826,0.7692307692307693,0,1,-6.82917,0.4972258806,5.2665171623,,0.391304347826087,0.3076923076923077,0,1,-7.11178,0.4402495325,5.9174442291,,0.6086956521739131,0.6923076923076923,0,1,-7.92507,0.4116442204,5.5830464363,,0.391304347826087,0.5384615384615384,0,1,-7.72116,0.3909330666,5.6099390984,,0.391304347826087,0.5384615384615384,0,1,-8.0062,0.3789348602,6.115383625,,0.5652173913043478,0.6923076923076923,0,1,-7.49273,0.3469294012,5.859582901,,0.4782608695652174,0.6153846153846154,0,1,10
ZINC000001814192,-8.15341,0.2491502911,5.6754355431,,0.217391304347826,0.2307692307692307,0,1,-8.17067,0.2479680777,5.6311130524,,0.2608695652173913,0.3076923076923077,0,1,-7.35438,0.2028958499,5.229183197,,0.391304347826087,0.5384615384615384,0,1,-7.08188,0.174894914,5.1219754219,,0.3043478260869565,0.3846153846153846,0,1,-6.30745,0.1640687138,5.5722556114,,0.3043478260869565,0.5384615384615384,0,1,-7.57088,0.1490451396,4.9619688988,,0.2608695652173913,0.4615384615384615,0,1,-8.02734,0.1459529102,5.1689548492,,0.3043478260869565,0.4615384615384615,0,1,-5.99033,0.1339445114,4.7087101936,,0.1739130434782608,0.2307692307692307,0,1,-5.97088,0.130934462,4.9162139893,,0.4347826086956521,0.4615384615384615,0,1,-5.75716,0.1276644617,4.7249674797,,0.4347826086956521,0.4615384615384615,0,1,10
ZINC000001825234,-6.08669,0.3411645889,4.4700636864,,0.217391304347826,0.3076923076923077,0,1,-6.8478,0.2691911757,5.9867739677,,0.6086956521739131,0.6923076923076923,0,1,-8.37471,0.2656928003,6.0320892334,,0.5652173913043478,0.6923076923076923,0,1,-6.32729,0.2290209085,4.6275219917,,0.217391304347826,0.2307692307692307,0,1,-8.2966,0.227142185,5.5478577614,,0.4347826086956521,0.6153846153846154,0,1,-7.31223,0.2137656063,5.8358941078,,0.5217391304347826,0.6923076923076923,0,1,-6.55718,0.2094150037,5.2504110336,,0.5217391304347826,0.6153846153846154,0,1,-7.46965,0.2052509785,5.4658970833,,0.3043478260869565,0.3076923076923077,0,1,-7.62487,0.1963499486,5.6057581902,,0.391304347826087,0.5384615384615384,0,1,-6.91145,0.1881405115,5.9248161316,,0.6956521739130435,0.7692307692307693,0,1,10
ZINC000001842771,-5.18361,0.6421083212,5.3827109337,,0.3478260869565217,0.3076923076923077,0,1,-7.40621,0.5960494876,5.8716907501,,0.6086956521739131,0.7692307692307693,0,1,-7.42164,0.5817314982,6.1334519386,,0.391304347826087,0.6153846153846154,0,1,-6.12707,0.4947748482,6.3105273247,,0.4782608695652174,0.7692307692307693,0,1,-5.51619,0.4881462455,6.1521325111,,0.391304347826087,0.6153846153846154,0,1,-7.57465,0.430267632,5.9585824013,,0.5652173913043478,0.6923076923076923,0,1,-6.13452,0.3287984729,6.0942668915,,0.4347826086956521,0.6153846153846154,0,1,-5.5043,0.2455804199,4.0755982399,,0.391304347826087,0.3846153846153846,0,1,-6.77052,0.2421799451,6.2525582314,,0.391304347826087,0.6923076923076923,0,1,-6.88008,0.1997959018,6.1186299324,,0.4347826086956521,0.6923076923076923,0,1,10
ZINC000001844982,-6.26359,0.5604310632,5.4419670105,,0.5652173913043478,0.6923076923076923,0,1,-6.63431,0.4224417806,5.4608025551,,0.3043478260869565,0.4615384615384615,0,1,-6.99887,0.402484566,4.9813284874,,0.391304347826087,0.5384615384615384,0,1,-6.32954,0.3818913996,5.0539793968,,0.4347826086956521,0.5384615384615384,0,1,-6.58547,0.3483917117,5.5626540184,,0.3043478260869565,0.3846153846153846,0,1,-5.41897,0.3481854498,4.3707375526,,0.3478260869565217,0.3846153846153846,0,1,-5.93077,0.3179422021,5.1770472527,,0.3043478260869565,0.3846153846153846,0,1,-6.47103,0.2890732288,4.4784245491,,0.0434782608695652,0.0769230769230769,0,1,-5.72604,0.2760637105,5.0280022621,,0.391304347826087,0.6153846153846154,0,1,-6.78947,0.2689822018,5.0849251747,,0.391304347826087,0.5384615384615384,0,1,10
ZINC000001849543,-5.79334,0.5871055126,4.9126696587,,0.3478260869565217,0.3846153846153846,0,1,-5.66116,0.5415670276,5.0012907982,,0.391304347826087,0.3846153846153846,0,1,-8.3189,0.4584907591,6.1651077271,,0.5652173913043478,0.6923076923076923,0,1,-6.23549,0.4570664763,5.8554439545,,0.3043478260869565,0.3076923076923077,0,1,-5.60134,0.4274761081,6.4360675812,,0.6086956521739131,0.7692307692307693,0,1,-5.58719,0.3995290101,6.4342026711,,0.5217391304347826,0.6923076923076923,0,1,-5.63585,0.3761336207,4.6348233223,,0.2608695652173913,0.3076923076923077,0,1,-5.29396,0.3211097121,4.6027436256,,0.3043478260869565,0.2307692307692307,0,1,-5.44391,0.320196867,4.5804333687,,0.391304347826087,0.3846153846153846,0,1,-6.45813,0.3150091767,6.1425385475,,0.5652173913043478,0.6923076923076923,0,1,10
ZINC000001868549,-6.95072,0.4835471809,5.6335811615,,0.4782608695652174,0.6923076923076923,0,1,-6.55763,0.4714871347,5.3171610832,,0.3478260869565217,0.6153846153846154,0,1,-5.45501,0.4605610967,3.7822520733,,0.217391304347826,0.2307692307692307,0,1,-7.24703,0.4463603199,4.7167744637,,0.3478260869565217,0.4615384615384615,0,1,-6.15533,0.4410016835,4.9282870293,,0.4347826086956521,0.5384615384615384,0,1,-6.42005,0.419049263,3.882119894,,0.3043478260869565,0.3076923076923077,0,1,-5.95808,0.3945358098,3.7662935257,,0.3478260869565217,0.3076923076923077,0,1,-7.39698,0.3853108585,4.8227229118,,0.391304347826087,0.4615384615384615,0,1,-6.23098,0.3733461201,3.7412593365,,0.2608695652173913,0.3076923076923077,0,1,-6.54177,0.3559264541,4.0626440048,,0.4347826086956521,0.4615384615384615,0,1,10
ZINC000001868866,-7.09379,0.4078865647,6.1113648415,,0.4782608695652174,0.5384615384615384,0,1,-4.16257,0.242138207,4.0823025703,,0.391304347826087,0.3846153846153846,0,1,-4.16886,0.2359300852,4.3675808907,,0.1739130434782608,0.1538461538461538,0,1,-6.58392,0.2152051628,5.8962268829,,0.2608695652173913,0.3076923076923077,0,1,-4.2992,0.1965058446,4.2429203987,,0.2608695652173913,0.3846153846153846,0,1,-4.52546,0.1764138043,4.3540058136,,0.217391304347826,0.2307692307692307,0,1,-5.6031,0.1747623086,5.2208790779,,0.391304347826087,0.6153846153846154,0,1,-4.26692,0.164967671,4.1963267326,,0.217391304347826,0.2307692307692307,0,1,-4.41664,0.1644816697,3.7342712879,,0.2608695652173913,0.3076923076923077,0,1,-4.21164,0.1587186307,4.3799395561,,0.217391304347826,0.3076923076923077,0,1,10
ZINC000001870363,-7.97401,0.9130293727,7.3328957558,,0.6956521739130435,0.7692307692307693,0,1,-7.54747,0.8986618519,7.4858374596,,0.7391304347826086,0.7692307692307693,0,1,-7.75897,0.8685052395,7.3200926781,,0.6956521739130435,0.7692307692307693,0,1,-8.78666,0.8576316833,6.9955935478,,0.6956521739130435,0.8461538461538461,0,1,-7.77668,0.8221349716,7.1117610931,,0.7391304347826086,0.7692307692307693,0,1,-7.23043,0.8134155869,7.2727437019,,0.5652173913043478,0.6923076923076923,0,1,-7.39909,0.7996563315,7.1491312981,,0.6956521739130435,0.7692307692307693,0,1,-7.79015,0.7975965738,6.973461628,,0.5652173913043478,0.6923076923076923,0,1,-7.41763,0.7929552794,7.2565402985,,0.5652173913043478,0.6923076923076923,0,1,-7.85111,0.7845688462,6.9640851021,,0.6086956521739131,0.7692307692307693,0,1,10
ZINC000001884569,-6.89483,0.6074972749,5.3057727814,,0.4782608695652174,0.4615384615384615,0,1,-6.7271,0.5103877187,5.9519629478,,0.1739130434782608,0.1538461538461538,0,1,-6.39333,0.4059715271,5.6290817261,,0.4782608695652174,0.6153846153846154,0,1,-7.0704,0.3941712976,5.1346812248,,0.3043478260869565,0.3076923076923077,0,1,-6.54645,0.3823646009,4.8213839531,,0.2608695652173913,0.3076923076923077,0,1,-7.07012,0.3821052313,5.2405481339,,0.4782608695652174,0.4615384615384615,0,1,-7.37576,0.3800556362,5.1279931068,,0.2608695652173913,0.3076923076923077,0,1,-7.04002,0.3716943264,5.1021037102,,0.391304347826087,0.3846153846153846,0,1,-6.16767,0.3372972608,5.0377697945,,0.2608695652173913,0.3076923076923077,0,1,-6.27595,0.3319260478,5.077144146,,0.4782608695652174,0.5384615384615384,0,1,10
ZINC000001886300,-6.34134,0.5240410566,5.1812124252,,0.4347826086956521,0.6153846153846154,0,1,-5.45666,0.4139224589,3.957126379,,0.3478260869565217,0.3076923076923077,0,1,-5.7422,0.3671025038,4.8823418617,,0.4782608695652174,0.6923076923076923,0,1,-5.73306,0.3601799011,3.7545120716,,0.391304347826087,0.3846153846153846,0,1,-5.59029,0.3338171542,3.7424499989,,0.391304347826087,0.4615384615384615,0,1,-6.89143,0.3272524178,5.0640053749,,0.4347826086956521,0.6923076923076923,0,1,-6.89452,0.3248768151,5.0395665169,,0.391304347826087,0.5384615384615384,0,1,-5.48907,0.3110272884,3.7228918076,,0.4347826086956521,0.4615384615384615,0,1,-6.4744,0.3035833538,5.1581783295,,0.3478260869565217,0.4615384615384615,0,1,-5.01066,0.293776989,3.7070922852,,0.3478260869565217,0.3846153846153846,0,1,10
ZINC000001893659,-7.33912,0.7964929342,6.1718535423,,0.5217391304347826,0.6153846153846154,0,1,-5.74481,0.6331578493,6.1098399162,,0.5217391304347826,0.7692307692307693,0,1,-5.78653,0.5435392857,6.072101593,,0.3478260869565217,0.4615384615384615,0,1,-5.99357,0.5301162601,5.5933527946,,0.4347826086956521,0.6153846153846154,1,1,-5.67578,0.4642386436,5.0560708046,,0.217391304347826,0.2307692307692307,0,1,-5.47109,0.4635552764,5.9263768196,,0.6086956521739131,0.8461538461538461,0,1,-5.86277,0.4391178787,5.191567421,,0.217391304347826,0.2307692307692307,0,1,-5.56445,0.4350407124,5.889362812,,0.3478260869565217,0.4615384615384615,0,1,-4.88711,0.4114353061,5.9730525017,,0.4347826086956521,0.6153846153846154,0,1,-5.33807,0.3732682765,5.8602523804,,0.4782608695652174,0.7692307692307693,0,1,10
ZINC000001902850,-5.78267,0.392311275,4.6699542999,,0.3478260869565217,0.3846153846153846,0,1,-7.84447,0.3376468718,6.0049424171,,0.4782608695652174,0.5384615384615384,0,1,-8.07319,0.3370423317,6.1655888557,,0.4347826086956521,0.6153846153846154,0,1,-6.22694,0.2966209054,4.8556323051,,0.3478260869565217,0.3846153846153846,0,1,-7.74778,0.2859957516,6.0420036316,,0.391304347826087,0.4615384615384615,0,1,-6.98353,0.2763542235,6.1301727295,,0.5217391304347826,0.6153846153846154,0,1,-7.34536,0.2695769966,5.8985009193,,0.4347826086956521,0.5384615384615384,0,1,-8.29157,0.2372396737,6.2386889458,,0.4347826086956521,0.5384615384615384,0,1,-7.66644,0.2351107895,6.0573945045,,0.5217391304347826,0.6153846153846154,0,1,-6.25475,0.2273545861,4.7393245697,,0.3478260869565217,0.3846153846153846,0,1,10
ZINC000001907966,-6.56887,0.1585784853,5.2009797096,,0.6521739130434783,0.6923076923076923,0,1,-8.53096,0.1017500609,4.4236526489,,0.391304347826087,0.6153846153846154,0,1,-8.67001,0.0965414867,4.8302631378,,0.3043478260869565,0.5384615384615384,0,1,-6.47714,0.08936847,4.7821831703,,0.5217391304347826,0.6153846153846154,0,1,-6.11005,0.0835129097,4.8199458122,,0.782608695652174,0.8461538461538461,0,1,-5.67092,0.0809110254,5.0042901039,,0.0869565217391304,0.0769230769230769,0,1,-6.67642,0.0806863457,4.0726113319,,0.1739130434782608,0.3076923076923077,0,1,-6.63357,0.076729022,4.487329483,,0.4347826086956521,0.6923076923076923,0,1,-5.75734,0.0731973425,4.6627573967,,0.0869565217391304,0.0769230769230769,0,1,-6.08862,0.0731348395,3.9620540142,,0.2608695652173913,0.3076923076923077,0,1,10
ZINC000001911357,-5.62554,0.1977618486,4.8533062935,,0.1739130434782608,0.3076923076923077,0,1,-5.73289,0.1784471422,3.8767101765,,0.1304347826086956,0.2307692307692307,0,1,-5.81743,0.1749987602,4.4397273064,,0.217391304347826,0.3846153846153846,0,1,-5.80397,0.1729640365,3.8935918808,,0.2608695652173913,0.3076923076923077,0,1,-7.28389,0.1631550342,5.0754098892,,0.1739130434782608,0.3846153846153846,0,1,-7.06192,0.1578622013,4.70885849,,0.2608695652173913,0.3846153846153846,0,1,-6.7197,0.153822124,4.7345633507,,0.217391304347826,0.3846153846153846,0,1,-5.40538,0.1538148671,4.3817081451,,0.1739130434782608,0.3076923076923077,0,1,-6.74676,0.1447335184,4.8915348053,,0.217391304347826,0.3846153846153846,0,1,-6.33679,0.1433545649,5.0758662224,,0.1304347826086956,0.3076923076923077,0,1,10
ZINC000001926221,-8.1827,0.6836337447,5.8324561119,,0.5652173913043478,0.6923076923076923,0,1,-8.15015,0.6753532887,5.8094596863,,0.5652173913043478,0.6923076923076923,0,1,-5.57098,0.6579999924,3.6249675751,,0.3043478260869565,0.3076923076923077,0,1,-5.53435,0.5312024355,3.4692041874,,0.3043478260869565,0.3076923076923077,0,1,-7.35193,0.4081902802,5.1102771759,,0.5217391304347826,0.6153846153846154,0,1,-6.34448,0.3911571205,4.5930113792,,0.3043478260869565,0.3076923076923077,0,1,-7.4034,0.37552315,5.0640878677,,0.5652173913043478,0.6153846153846154,0,1,-6.03042,0.3589844704,5.4559555054,,0.5652173913043478,0.7692307692307693,0,1,-6.7036,0.3367454708,5.4116816521,,0.4347826086956521,0.6153846153846154,0,1,-5.38658,0.3161403537,3.7656638622,,0.217391304347826,0.3076923076923077,0,1,10
ZINC000001958085,-7.88802,0.8543613553,6.4923815727,,0.3043478260869565,0.3846153846153846,0,1,-5.20556,0.7679615617,5.6484203339,,0.3478260869565217,0.4615384615384615,0,1,-6.18162,0.6458086371,6.3820328712,,0.4782608695652174,0.5384615384615384,0,1,-6.50707,0.5786967874,6.2340750694,,0.3043478260869565,0.4615384615384615,0,1,-5.68139,0.268340826,4.9248285294,,0.4347826086956521,0.5384615384615384,0,1,-5.79153,0.2604527771,4.8374481201,,0.4347826086956521,0.4615384615384615,0,1,-6.10924,0.2405040264,4.6321396828,,0.391304347826087,0.4615384615384615,0,1,-5.84347,0.2399364263,5.4937705994,,0.1304347826086956,0.1538461538461538,0,1,-5.11447,0.2350040972,4.1143531799,,0.3043478260869565,0.3846153846153846,0,1,-5.08756,0.1925708055,4.1504540443,,0.217391304347826,0.2307692307692307,0,1,10
ZINC000002013687,-6.81933,0.7091201544,5.3861451149,,0.4347826086956521,0.5384615384615384,0,1,-7.1165,0.4714023769,5.3520202637,,0.1304347826086956,0.1538461538461538,0,1,-5.31439,0.4383548498,4.8020210266,,0.217391304347826,0.3846153846153846,0,1,-5.4623,0.4165531993,5.5891318321,,0.4347826086956521,0.6153846153846154,0,1,-6.6482,0.3973296285,4.8399214745,,0.1304347826086956,0.1538461538461538,0,1,-7.47581,0.3840760589,6.0435009003,,0.4782608695652174,0.5384615384615384,0,1,-6.62575,0.3675681949,5.1433138847,,0.0869565217391304,0.0769230769230769,0,1,-5.89541,0.2992975414,5.2297959328,,0.2608695652173913,0.3846153846153846,0,1,-4.41845,0.2789982855,5.1232438087,,0.217391304347826,0.3076923076923077,0,1,-7.20714,0.2765953541,5.6720404625,,0.3478260869565217,0.4615384615384615,0,1,10
ZINC000002013691,-7.11555,0.7389615178,5.4108939171,,0.391304347826087,0.4615384615384615,0,1,-5.78787,0.6609831452,5.6609077454,,0.5217391304347826,0.7692307692307693,0,1,-7.3911,0.6103925705,5.7605118752,,0.4347826086956521,0.6153846153846154,0,1,-6.77208,0.4819868207,4.9712352753,,0.1739130434782608,0.2307692307692307,0,1,-7.26076,0.4614767432,4.8551082611,,0.1304347826086956,0.1538461538461538,0,1,-5.21759,0.3161370456,5.2411570549,,0.5652173913043478,0.6923076923076923,0,1,-5.2491,0.3110767603,4.0804190636,,0.3043478260869565,0.3076923076923077,0,1,-7.32397,0.2682666183,5.3800396919,,0.391304347826087,0.4615384615384615,0,1,-6.07738,0.2644484937,5.0085530281,,0.5217391304347826,0.6153846153846154,0,1,-6.45043,0.2421862483,4.9842948914,,0.3043478260869565,0.4615384615384615,0,1,10
ZINC000002014094,-5.91514,0.7631640434,5.7197442055,,0.6086956521739131,0.8461538461538461,0,1,-6.27979,0.6614840627,5.7325763702,,0.5217391304347826,0.6153846153846154,0,1,-6.93233,0.6288622618,5.4234213829,,0.6956521739130435,0.8461538461538461,0,1,-5.97014,0.6111354828,4.9521141052,,0.3043478260869565,0.3076923076923077,0,1,-6.73357,0.544355154,5.3566474915,,0.5652173913043478,0.6923076923076923,0,1,-6.82014,0.5091688037,5.1341552734,,0.3478260869565217,0.3846153846153846,0,1,-5.41884,0.4258879721,4.632712841,,0.3478260869565217,0.3076923076923077,0,1,-5.979,0.4219284058,5.2099709511,,0.782608695652174,0.9230769230769232,0,1,-5.23678,0.4088860452,4.0618662834,,0.3043478260869565,0.3076923076923077,0,1,-5.47435,0.3716105819,4.602748394,,0.2608695652173913,0.3076923076923077,0,1,10
ZINC000002015558,-7.81397,0.8868075609,7.1584229469,,0.6086956521739131,0.6923076923076923,0,1,-7.65995,0.8744660616,6.8303775787,,0.5652173913043478,0.7692307692307693,0,1,-6.95342,0.8418236971,7.2378678322,,0.6956521739130435,0.7692307692307693,0,1,-6.18563,0.8302672505,7.0552315712,,0.6956521739130435,0.8461538461538461,0,1,-7.16415,0.8113985062,6.6173577309,,0.6086956521739131,0.7692307692307693,0,1,-7.02129,0.7885769606,6.917242527,,0.6956521739130435,0.7692307692307693,0,1,-6.41202,0.7549764514,6.4864325523,,0.6521739130434783,0.7692307692307693,0,1,-6.41269,0.7113489509,6.6452345848,,0.5217391304347826,0.6923076923076923,0,1,-5.8224,0.482708931,5.0842933655,,0.391304347826087,0.3846153846153846,0,1,-6.54032,0.3493350446,5.5962538719,,0.3478260869565217,0.3846153846153846,0,1,10
ZINC000002020014,-6.16259,0.5632041097,6.178440094,,0.5652173913043478,0.7692307692307693,0,1,-7.25845,0.4520823061,5.8688416481,,0.6521739130434783,0.7692307692307693,0,1,-7.78058,0.3187897205,5.2486763,,0.5652173913043478,0.6153846153846154,0,1,-7.30793,0.304731518,5.3642749786,,0.5652173913043478,0.6923076923076923,0,1,-7.81451,0.2912377715,5.4353022575,,0.5652173913043478,0.6153846153846154,0,1,-6.91001,0.278640002,5.1141414642,,0.4347826086956521,0.4615384615384615,0,1,-6.73694,0.2062625885,5.370455265,,0.391304347826087,0.4615384615384615,0,1,-6.72928,0.2032573521,5.2608680725,,0.5652173913043478,0.6923076923076923,0,1,-6.87227,0.1928289533,5.0304093361,,0.4782608695652174,0.5384615384615384,0,1,-7.01472,0.1837201566,5.2417488098,,0.4782608695652174,0.4615384615384615,0,1,10
ZINC000002022558,-6.44001,0.5508756638,5.0766720772,,0.5652173913043478,0.7692307692307693,0,1,-6.90262,0.481780082,5.1277461052,,0.4782608695652174,0.6153846153846154,0,1,-6.87374,0.4778124392,5.3365530968,,0.3478260869565217,0.4615384615384615,0,1,-5.86697,0.4613570869,4.869222641,,0.3478260869565217,0.3846153846153846,0,1,-6.44363,0.3938237131,5.0190525055,,0.4347826086956521,0.5384615384615384,0,1,-6.51127,0.3491117954,5.2505245209,,0.391304347826087,0.5384615384615384,0,1,-6.811,0.337952733,4.421421051,,0.5652173913043478,0.6923076923076923,0,1,-6.80631,0.2552574873,4.6697354317,,0.4347826086956521,0.4615384615384615,0,1,-5.71266,0.2490471452,4.6369051933,,0.391304347826087,0.5384615384615384,0,1,-6.62897,0.234029606,4.9423565865,,0.4782608695652174,0.5384615384615384,0,1,10
ZINC000002024211,-5.51109,0.5444783568,5.2084903717,,0.1739130434782608,0.3076923076923077,0,1,-5.62807,0.4938097298,5.138835907,,0.1739130434782608,0.2307692307692307,0,1,-6.16106,0.466822207,5.7280921936,,0.4347826086956521,0.6923076923076923,0,1,-6.13143,0.4386256039,5.7573933601,,0.391304347826087,0.6923076923076923,0,1,-6.06933,0.4179503024,5.1098179817,,0.1304347826086956,0.1538461538461538,0,1,-5.26074,0.3990910947,5.5902748108,,0.4347826086956521,0.6153846153846154,0,1,-6.06198,0.3824461997,5.478559494,,0.4782608695652174,0.6923076923076923,0,1,-4.49452,0.3769032061,3.5857791901,,0.2608695652173913,0.3076923076923077,0,1,-6.06371,0.3767542243,5.3978943825,,0.3478260869565217,0.5384615384615384,0,1,-5.70969,0.361602515,5.1946721077,,0.1739130434782608,0.2307692307692307,0,1,10
ZINC000002026809,-6.20311,0.4281476736,5.7787265778,,0.217391304347826,0.2307692307692307,0,1,-8.70327,0.3458864987,6.1190910339,,0.5217391304347826,0.5384615384615384,0,1,-8.94806,0.3268498778,6.0579409599,,0.5217391304347826,0.5384615384615384,0,1,-8.56326,0.3225008249,6.1959815025,,0.5217391304347826,0.5384615384615384,0,1,-6.51615,0.2847637832,6.0169091225,,0.5652173913043478,0.6923076923076923,0,1,-5.65164,0.2802929282,5.4962997437,,0.2608695652173913,0.3076923076923077,0,1,-5.76075,0.2756814361,4.8354740143,,0.1739130434782608,0.2307692307692307,0,1,-8.81242,0.2738204896,5.9843153954,,0.5217391304347826,0.5384615384615384,0,1,-5.93989,0.2692836225,4.7190690041,,0.217391304347826,0.3076923076923077,0,1,-5.45976,0.229595691,4.7728323936,,0.217391304347826,0.3076923076923077,0,1,10
ZINC000002046955,-6.74496,0.9016204476,6.9488754272,,0.6956521739130435,0.7692307692307693,0,1,-6.37429,0.7460948825,6.8817315102,,0.6086956521739131,0.6153846153846154,0,1,-7.13738,0.6531537771,6.7332606316,,0.6086956521739131,0.6923076923076923,0,1,-6.5208,0.6429355741,6.3906326294,,0.5652173913043478,0.6153846153846154,0,1,-6.49988,0.5575450659,6.6861872673,,0.4782608695652174,0.6923076923076923,0,1,-6.26132,0.4183312654,6.3491764069,,0.5652173913043478,0.7692307692307693,0,1,-7.30147,0.3952769637,6.6644744873,,0.5652173913043478,0.7692307692307693,0,1,-6.41016,0.3837404847,6.4013271332,,0.4782608695652174,0.6923076923076923,0,1,-7.60173,0.3358142972,6.4723181725,,0.391304347826087,0.6153846153846154,0,1,-6.4579,0.3320790529,6.1540222168,,0.4347826086956521,0.6923076923076923,0,1,10
ZINC000002046990,-5.60778,0.5185252428,4.8941307068,,0.4347826086956521,0.5384615384615384,0,1,-5.67146,0.4482951164,4.1516919136,,0.3478260869565217,0.3076923076923077,0,1,-7.1582,0.419152528,5.024225235,,0.1739130434782608,0.3846153846153846,0,1,-4.86597,0.4115665853,3.8218479156,,0.3043478260869565,0.3076923076923077,0,1,-5.02936,0.3802038431,3.8486754894,,0.3478260869565217,0.3846153846153846,0,1,-5.58381,0.3682260215,3.9626262188,,0.3478260869565217,0.3076923076923077,0,1,-5.99348,0.3671999276,4.6892237663,,0.391304347826087,0.3846153846153846,0,1,-4.68846,0.2953934968,3.5181663036,,0.217391304347826,0.2307692307692307,0,1,-6.90891,0.2935337722,4.8714985847,,0.3043478260869565,0.4615384615384615,0,1,-5.97284,0.2929166555,4.9007539749,,0.3478260869565217,0.4615384615384615,0,1,10
ZINC000002047163,-4.77855,0.592684567,3.9499418736,,0.3478260869565217,0.3846153846153846,0,1,-4.76363,0.5608156323,4.0898890495,,0.3043478260869565,0.3076923076923077,0,1,-5.15726,0.5410127044,4.0599579811,,0.3043478260869565,0.3076923076923077,0,1,-5.12152,0.472974509,3.9906971455,,0.3478260869565217,0.3846153846153846,0,1,-5.27576,0.4187989831,4.7508912086,,0.3043478260869565,0.3076923076923077,0,1,-4.58445,0.4036746919,3.7313041687,,0.3043478260869565,0.3846153846153846,0,1,-6.12886,0.3948110342,4.3506197929,,0.1304347826086956,0.1538461538461538,0,1,-6.02748,0.3148725331,4.8507008553,,0.3043478260869565,0.4615384615384615,0,1,-5.14844,0.308423847,3.7611999512,,0.391304347826087,0.3846153846153846,0,1,-4.93657,0.3068540394,3.8607037067,,0.2608695652173913,0.2307692307692307,0,1,10
ZINC000002047684,-4.14547,0.5369130373,4.0519576073,,0.217391304347826,0.2307692307692307,0,1,-4.29375,0.457608819,4.077278614,,0.2608695652173913,0.3076923076923077,0,1,-4.36077,0.4372820258,3.9958965778,,0.1739130434782608,0.1538461538461538,0,1,-4.30048,0.4008516669,5.3216376305,,0.5217391304347826,0.7692307692307693,0,1,-4.42929,0.3579055071,3.9127902985,,0.1304347826086956,0.1538461538461538,0,1,-4.4167,0.3533687294,3.576177597,,0.3043478260869565,0.3076923076923077,0,1,-4.78087,0.313926965,4.0799942017,,0.3043478260869565,0.3076923076923077,0,1,-4.5822,0.2760985792,3.7805030346,,0.2608695652173913,0.3076923076923077,0,1,-4.787,0.2134698629,4.0679965019,,0.217391304347826,0.2307692307692307,0,1,-4.37922,0.2033789903,3.4087896347,,0.217391304347826,0.2307692307692307,0,1,10
ZINC000002047762,-6.41838,0.7704571486,5.3244013786,,0.4782608695652174,0.6153846153846154,0,1,-5.0897,0.6628168821,3.9905292988,,0.391304347826087,0.3846153846153846,0,1,-4.68705,0.4652247131,4.084792614,,0.3478260869565217,0.3846153846153846,0,1,-5.00519,0.4141523838,3.5693130493,,0.391304347826087,0.3846153846153846,0,1,-5.03267,0.4100061357,3.8434398174,,0.4347826086956521,0.4615384615384615,0,1,-4.50212,0.3635969162,3.5808601379,,0.1304347826086956,0.1538461538461538,0,1,-5.16567,0.3559029102,3.8249397278,,0.391304347826087,0.3846153846153846,0,1,-5.64269,0.3434831202,3.5289337635,,0.3478260869565217,0.3846153846153846,0,1,-4.97642,0.3395207822,3.6559855938,,0.2608695652173913,0.2307692307692307,0,1,-4.7912,0.3284251094,3.598862648,,0.2608695652173913,0.3076923076923077,0,1,10
ZINC000002047809,-7.61109,0.8722051382,5.2894010544,,0.5652173913043478,0.6153846153846154,0,1,-7.79584,0.8330370188,5.1555542946,,0.5652173913043478,0.6153846153846154,0,1,-7.71345,0.7051681876,5.0270037651,,0.5217391304347826,0.6153846153846154,0,1,-7.77292,0.5906304121,5.2068858147,,0.4782608695652174,0.6153846153846154,0,1,-7.43063,0.5840132236,5.2002468109,,0.5217391304347826,0.6923076923076923,0,1,-6.37188,0.560765624,4.6365799904,,0.2608695652173913,0.3846153846153846,0,1,-7.10618,0.5303127766,4.6943011284,,0.6086956521739131,0.6923076923076923,0,1,-7.65296,0.4962272644,4.8452248573,,0.4782608695652174,0.5384615384615384,0,1,-7.09121,0.4736170173,4.9756603241,,0.4347826086956521,0.6153846153846154,0,1,-7.3933,0.4646036029,5.1166954041,,0.6086956521739131,0.6923076923076923,0,1,10
ZINC000002047885,-5.6511,0.6473987699,4.0772843361,,0.391304347826087,0.3846153846153846,0,1,-5.5724,0.646101594,4.2070059776,,0.3043478260869565,0.3076923076923077,0,1,-5.40437,0.6450383663,4.0984215736,,0.391304347826087,0.3846153846153846,0,1,-4.94521,0.483642906,4.2094349861,,0.3478260869565217,0.3076923076923077,0,1,-5.28409,0.4627470672,3.7537438869,,0.3478260869565217,0.3846153846153846,0,1,-4.96226,0.4560367763,3.7528088093,,0.3043478260869565,0.3076923076923077,0,1,-4.70806,0.4288232923,4.0128560066,,0.3043478260869565,0.3076923076923077,0,1,-4.44689,0.4076149166,3.5565795898,,0.3043478260869565,0.3076923076923077,0,1,-4.56399,0.3942499757,3.5892031193,,0.2608695652173913,0.2307692307692307,0,1,-4.64636,0.3784044385,3.7035541534,,0.3043478260869565,0.3076923076923077,0,1,10
ZINC000002051863,-6.01617,0.6976406574,5.601621151,,0.5217391304347826,0.6923076923076923,0,1,-5.91154,0.6580893993,5.562374115,,0.5652173913043478,0.7692307692307693,0,1,-5.60173,0.6037399769,5.7960276604,,0.5652173913043478,0.6923076923076923,0,1,-4.52176,0.4608626366,3.8889915943,,0.3043478260869565,0.3076923076923077,0,1,-4.54628,0.4312435091,4.2329258919,,0.3478260869565217,0.3076923076923077,0,1,-5.10882,0.3937729001,4.4085116386,,0.1739130434782608,0.2307692307692307,0,1,-5.11967,0.3482475877,4.3329348564,,0.1739130434782608,0.2307692307692307,0,1,-5.55035,0.2888561487,4.8850035667,,0.1739130434782608,0.2307692307692307,0,1,-4.55683,0.281942904,4.0542531013,,0.2608695652173913,0.2307692307692307,0,1,-5.71685,0.2136405557,4.7942547798,,0.391304347826087,0.5384615384615384,0,1,10
ZINC000002053458,-6.07946,0.551384449,5.6788802147,,0.4347826086956521,0.6153846153846154,0,1,-5.83287,0.4667976797,5.4320940971,,0.4347826086956521,0.5384615384615384,0,1,-6.19014,0.4091599882,5.5198493004,,0.391304347826087,0.5384615384615384,0,1,-6.07926,0.3453658521,5.6931567192,,0.217391304347826,0.2307692307692307,0,1,-6.91396,0.313152492,5.3120398521,,0.217391304347826,0.3076923076923077,0,1,-5.8061,0.2965225577,5.3179659843,,0.3478260869565217,0.3846153846153846,0,1,-5.96345,0.2645761669,5.1604514122,,0.3478260869565217,0.3076923076923077,0,1,-6.15141,0.2506769598,4.99908638,,0.3478260869565217,0.3846153846153846,0,1,-5.59022,0.2443995327,5.0714564323,,0.2608695652173913,0.3076923076923077,0,1,-5.94232,0.2434184104,5.2166175842,,0.2608695652173913,0.3846153846153846,0,1,10
ZINC000002059773,-8.17577,0.4209722281,6.2421092987,,0.6521739130434783,0.6923076923076923,0,1,-8.09877,0.3433588445,6.2979183197,,0.5652173913043478,0.6923076923076923,0,1,-8.19152,0.3335714042,6.2450757027,,0.5652173913043478,0.6923076923076923,0,1,-7.78359,0.2970640361,6.0116562843,,0.6086956521739131,0.6923076923076923,0,1,-7.828,0.2948345244,5.9890704155,,0.6521739130434783,0.6923076923076923,0,1,-7.60483,0.2519573867,5.9138827324,,0.6086956521739131,0.6923076923076923,0,1,-7.93443,0.2428193986,6.1782798767,,0.6086956521739131,0.6923076923076923,0,1,-7.53219,0.2236880362,6.0412240028,,0.6086956521739131,0.6923076923076923,0,1,-7.30768,0.2087580562,6.0490932465,,0.6086956521739131,0.6923076923076923,0,1,-6.93852,0.181451425,4.9450950623,,0.2608695652173913,0.3076923076923077,0,1,10
ZINC000002060541,-7.55402,0.6598122716,6.3698234558,,0.6086956521739131,0.8461538461538461,0,1,-7.60781,0.5822811127,5.9417090416,,0.6086956521739131,0.7692307692307693,0,1,-6.9256,0.3954708278,6.2094140053,,0.6521739130434783,0.7692307692307693,0,1,-7.75162,0.3745178282,6.1568455696,,0.4782608695652174,0.6153846153846154,0,1,-6.49722,0.3710441291,6.2147345543,,0.5652173913043478,0.6923076923076923,0,1,-7.70611,0.3645757437,6.074596405,,0.6086956521739131,0.6923076923076923,0,1,-6.99287,0.3145180345,6.0270233154,,0.391304347826087,0.5384615384615384,0,1,-7.48208,0.3133957982,5.9183387756,,0.391304347826087,0.5384615384615384,0,1,-7.58154,0.3071279228,5.8880486488,,0.5652173913043478,0.6923076923076923,0,1,-8.26644,0.3059854507,5.5699543953,,0.6086956521739131,0.7692307692307693,0,1,10
ZINC000002060544,-7.90004,0.3058478534,5.9989967346,,0.5217391304347826,0.6923076923076923,0,1,-7.61316,0.2435142845,5.5979423523,,0.3478260869565217,0.5384615384615384,0,1,-7.45461,0.242151767,5.3858761787,,0.4347826086956521,0.6153846153846154,0,1,-7.56361,0.2409243286,5.4322142601,,0.3478260869565217,0.4615384615384615,0,1,-6.98248,0.2339870185,5.5126075745,,0.391304347826087,0.5384615384615384,0,1,-7.7971,0.2328358591,5.5999031067,,0.4782608695652174,0.6153846153846154,0,1,-7.69501,0.2321321517,6.282356739,,0.5217391304347826,0.6153846153846154,0,1,-7.96048,0.223757118,6.2846102715,,0.5217391304347826,0.6153846153846154,0,1,-7.073,0.2236053646,5.2879905701,,0.3478260869565217,0.3076923076923077,0,1,-7.47668,0.2208851129,5.5026054382,,0.3478260869565217,0.5384615384615384,0,1,10
ZINC000002060545,-7.79048,0.2733834982,5.4165186882,,0.4782608695652174,0.5384615384615384,0,1,-7.31165,0.2690243125,5.5609812737,,0.4782608695652174,0.6153846153846154,0,1,-7.7268,0.2689269781,5.6202673912,,0.5217391304347826,0.6153846153846154,0,1,-7.58967,0.265656054,5.4838194847,,0.4347826086956521,0.6923076923076923,0,1,-7.48525,0.2395804822,5.6406912804,,0.391304347826087,0.5384615384615384,0,1,-7.42299,0.2389314324,5.5179944038,,0.4347826086956521,0.6153846153846154,0,1,-7.26977,0.2260798514,5.2103524208,,0.4782608695652174,0.6153846153846154,0,1,-7.00053,0.2225285769,5.8216400146,,0.5652173913043478,0.6923076923076923,0,1,-6.97898,0.2153324932,5.4031004906,,0.3478260869565217,0.5384615384615384,0,1,-7.06749,0.2102406323,5.16695261,,0.391304347826087,0.5384615384615384,0,1,10
ZINC000002072492,-5.18453,0.6348088384,5.1911406517,,0.3043478260869565,0.3076923076923077,0,1,-5.33202,0.513587296,5.2083439827,,0.4782608695652174,0.4615384615384615,0,1,-5.31994,0.4838065803,6.2076745033,,0.4347826086956521,0.6153846153846154,0,1,-4.5281,0.4168097079,4.6044602394,,0.1739130434782608,0.2307692307692307,0,1,-4.29638,0.3861709237,4.2393937111,,0.3043478260869565,0.3076923076923077,0,1,-4.64677,0.3643806577,4.9592380524,,0.391304347826087,0.3846153846153846,0,1,-4.72655,0.2618519366,4.6489486694,,0.391304347826087,0.3846153846153846,0,1,-4.34825,0.2587380111,4.2805690765,,0.1304347826086956,0.1538461538461538,0,1,-4.87464,0.2438251674,4.4989261627,,0.3043478260869565,0.3076923076923077,0,1,-3.86825,0.2386023998,4.5006327629,,0.0434782608695652,0.0769230769230769,0,1,10
ZINC000002088701,-6.24972,0.6462244391,5.3209233284,,0.5652173913043478,0.6923076923076923,0,1,-5.70336,0.5948493481,5.6105446815,,0.5217391304347826,0.6153846153846154,0,1,-5.89321,0.5163000822,4.6571598053,,0.5217391304347826,0.6153846153846154,0,1,-6.22759,0.5101724863,4.5508694649,,0.1739130434782608,0.2307692307692307,0,1,-6.0888,0.4874626398,4.7698979378,,0.2608695652173913,0.3076923076923077,0,1,-5.45834,0.4755511284,5.3259468079,,0.5217391304347826,0.6153846153846154,0,1,-5.29668,0.4140908122,4.0733132362,,0.391304347826087,0.6153846153846154,0,1,-6.59421,0.411949724,4.8045787811,,0.4347826086956521,0.5384615384615384,0,1,-6.78953,0.4013211727,4.3435821533,,0.4782608695652174,0.6153846153846154,0,1,-5.78396,0.3641038835,4.5615496635,,0.5217391304347826,0.6153846153846154,0,1,10
ZINC000002096142,-7.82458,0.5753118396,5.7979297638,,0.4347826086956521,0.6923076923076923,0,1,-8.2446,0.4890263677,5.6332011223,,0.3478260869565217,0.5384615384615384,0,1,-6.56767,0.4348700345,5.8084492683,,0.5217391304347826,0.6923076923076923,0,1,-7.01228,0.426890105,5.8482971191,,0.4347826086956521,0.6923076923076923,0,1,-7.74459,0.416998148,5.5997204781,,0.3478260869565217,0.4615384615384615,0,1,-7.73215,0.4034918845,5.289855957,,0.4347826086956521,0.6923076923076923,0,1,-6.75412,0.4015704989,5.7797379494,,0.4782608695652174,0.6923076923076923,0,1,-7.54352,0.3816556931,5.8848872185,,0.391304347826087,0.4615384615384615,0,1,-7.83746,0.3720999658,5.6407141685,,0.391304347826087,0.5384615384615384,0,1,-8.23009,0.3418834507,5.3357281685,,0.391304347826087,0.4615384615384615,0,1,10
ZINC000002098214,-5.97914,0.6392606497,5.6625123024,,0.1739130434782608,0.2307692307692307,0,1,-6.77211,0.6059090495,5.7278723717,,0.2608695652173913,0.3076923076923077,0,1,-6.82256,0.5473816395,6.0397934914,,0.6521739130434783,0.7692307692307693,0,1,-6.46279,0.5411427617,5.8908228874,,0.6086956521739131,0.8461538461538461,0,1,-5.75563,0.5352110863,5.8581633568,,0.6086956521739131,0.7692307692307693,0,1,-6.98699,0.4790706336,5.1633849144,,0.2608695652173913,0.3076923076923077,0,1,-6.4591,0.4472350776,5.6384739876,,0.5217391304347826,0.7692307692307693,0,1,-6.73334,0.4439821243,5.9365959167,,0.6086956521739131,0.7692307692307693,0,1,-5.6075,0.4297245741,5.0499987602,,0.0869565217391304,0.0769230769230769,0,1,-6.35995,0.4254181981,5.2024617195,,0.1739130434782608,0.3076923076923077,0,1,10
ZINC000002098866,-6.87403,0.5413402319,5.7366423607,,0.6086956521739131,0.9230769230769232,0,1,-6.07793,0.4661688209,5.5585408211,,0.5217391304347826,0.6153846153846154,0,1,-5.07747,0.4067543447,4.0008435249,,0.391304347826087,0.3846153846153846,0,1,-7.08256,0.3995422125,5.8734226227,,0.391304347826087,0.5384615384615384,0,1,-6.06172,0.3768182695,4.2305355072,,0.3043478260869565,0.2307692307692307,0,1,-5.66752,0.3601748645,5.5140156746,,0.2608695652173913,0.5384615384615384,0,1,-7.17765,0.3530337512,5.6561465263,,0.5217391304347826,0.7692307692307693,0,1,-5.29656,0.3292114437,3.3350760937,,0.2608695652173913,0.3076923076923077,0,1,-7.08195,0.3194980621,5.6928329468,,0.391304347826087,0.5384615384615384,0,1,-5.62495,0.3015766144,5.555123806,,0.4782608695652174,0.6923076923076923,0,1,10
ZINC000002102770,-5.41926,0.303450942,4.1073517799,,0.3043478260869565,0.3076923076923077,0,1,-4.55313,0.2984935343,4.2975668907,,0.3043478260869565,0.3076923076923077,0,1,-4.81241,0.2783918381,4.1188263893,,0.1304347826086956,0.1538461538461538,0,1,-7.0386,0.2723551095,5.7554917336,,0.3478260869565217,0.5384615384615384,0,1,-4.97366,0.2609775364,4.3496556282,,0.2608695652173913,0.2307692307692307,0,1,-4.82314,0.2531763315,3.9687099457,,0.217391304347826,0.2307692307692307,0,1,-4.91367,0.2303433567,4.2062330246,,0.1739130434782608,0.3076923076923077,0,1,-5.05248,0.2286483943,3.8446786404,,0.0869565217391304,0.1538461538461538,0,1,-5.15358,0.2263272107,3.7942485809,,0.2608695652173913,0.3076923076923077,0,1,-5.16117,0.2240070999,4.1742610931,,0.217391304347826,0.2307692307692307,0,1,10
ZINC000002102910,-5.78921,0.4474760592,4.6834774017,,0.3478260869565217,0.3076923076923077,0,1,-6.48416,0.4070315659,6.0640788078,,0.391304347826087,0.6153846153846154,0,1,-6.54491,0.3764803708,5.6367068291,,0.2608695652173913,0.4615384615384615,0,1,-7.20763,0.3664037287,5.4167838097,,0.4782608695652174,0.7692307692307693,0,1,-7.39231,0.3409584165,5.8864607811,,0.3043478260869565,0.5384615384615384,0,1,-7.096,0.3390408754,5.4107422829,,0.1304347826086956,0.1538461538461538,0,1,-7.14033,0.3295973837,6.2784981728,,0.391304347826087,0.5384615384615384,0,1,-7.06069,0.3095471263,6.2123088837,,0.3043478260869565,0.3846153846153846,0,1,-6.57962,0.2935941219,5.4944629669,,0.4347826086956521,0.6153846153846154,0,1,-7.01667,0.2784423828,5.3460402489,,0.4782608695652174,0.6153846153846154,0,1,10
ZINC000002103417,-6.10339,0.6518743038,5.654460907,,0.1739130434782608,0.2307692307692307,0,1,-7.22648,0.5416052341,6.0814590454,,0.6521739130434783,0.7692307692307693,0,1,-5.63173,0.5351085663,4.2852535248,,0.4782608695652174,0.4615384615384615,0,1,-6.8597,0.4916335344,6.2524704933,,0.5652173913043478,0.6923076923076923,0,1,-5.5302,0.4837864637,4.2831997871,,0.2608695652173913,0.3076923076923077,0,1,-5.55327,0.4749596119,4.1355404854,,0.3478260869565217,0.4615384615384615,0,1,-7.31629,0.4555214047,5.3144140244,,0.1304347826086956,0.2307692307692307,0,1,-7.05284,0.4498410821,5.6532802582,,0.217391304347826,0.3076923076923077,0,1,-7.38637,0.4057916105,5.5893268585,,0.1739130434782608,0.1538461538461538,0,1,-6.22155,0.3866938055,6.1574063301,,0.5652173913043478,0.7692307692307693,0,1,10
ZINC000002104260,-7.87015,0.7489196658,7.1237807274,,0.5652173913043478,0.7692307692307693,0,1,-7.49909,0.7196214199,7.2407126427,,0.5652173913043478,0.6923076923076923,0,1,-9.43941,0.6446208954,6.8021512032,,0.6521739130434783,0.7692307692307693,0,1,-8.14853,0.6424052715,6.3484764099,,0.6086956521739131,0.6153846153846154,0,1,-9.45495,0.6371238232,6.6992192268,,0.4782608695652174,0.6153846153846154,0,1,-9.67483,0.6088849306,6.5677623749,,0.6521739130434783,0.7692307692307693,0,1,-9.29972,0.590307653,6.9195194244,,0.5217391304347826,0.5384615384615384,0,1,-7.61305,0.5031192303,6.4895329475,,0.6086956521739131,0.7692307692307693,0,1,-9.35415,0.4304873347,6.3665699959,,0.4347826086956521,0.5384615384615384,0,1,-7.92234,0.4116587639,6.3698611259,,0.3043478260869565,0.3846153846153846,0,1,10
ZINC000002104999,-8.14677,0.811234951,6.704513073,,0.4347826086956521,0.7692307692307693,0,1,-8.50974,0.7069195509,6.6889052391,,0.3478260869565217,0.4615384615384615,0,1,-7.84734,0.5347775221,6.5645623207,,0.3478260869565217,0.4615384615384615,0,1,-7.90383,0.474378705,6.5922527313,,0.3478260869565217,0.5384615384615384,0,1,-8.2504,0.4386015832,6.4670147896,,0.3043478260869565,0.3846153846153846,0,1,-8.16812,0.4343165755,6.2773151398,,0.3478260869565217,0.4615384615384615,0,1,-6.85472,0.4315807223,6.6135754585,,0.3043478260869565,0.4615384615384615,0,1,-7.33789,0.3759655356,6.4353699684,,0.1304347826086956,0.1538461538461538,0,1,-7.00642,0.3231844306,6.4591345787,,0.3478260869565217,0.4615384615384615,0,1,-7.43511,0.2680711746,6.0273971558,,0.4782608695652174,0.5384615384615384,0,1,10
ZINC000002105518,-6.7936,0.3712761402,6.1878695488,,0.391304347826087,0.6153846153846154,0,1,-8.30855,0.3125319183,6.0589709282,,0.3478260869565217,0.4615384615384615,0,1,-5.84385,0.2433774173,4.6486544609,,0.1304347826086956,0.1538461538461538,0,1,-6.11414,0.2353190929,6.4804234505,,0.3478260869565217,0.3846153846153846,0,1,-7.19208,0.2244421542,5.4629349709,,0.4347826086956521,0.6153846153846154,0,1,-7.11332,0.1946130842,5.8716163635,,0.217391304347826,0.3076923076923077,0,1,-7.33386,0.1811061502,4.9621872902,,0.2608695652173913,0.3076923076923077,0,1,-5.7458,0.1684142798,4.0695333481,,0.3478260869565217,0.3846153846153846,0,1,-7.1298,0.1650209278,5.1399822235,,0.217391304347826,0.2307692307692307,0,1,-6.64573,0.1634137183,5.0403995514,,0.217391304347826,0.3076923076923077,0,1,10
ZINC000002107328,-7.00695,0.6076129675,6.1349563599,,0.6521739130434783,0.8461538461538461,0,1,-6.76811,0.5275511742,6.2464089394,,0.5652173913043478,0.7692307692307693,0,1,-6.54842,0.5266826153,6.2074379921,,0.6086956521739131,0.7692307692307693,0,1,-6.75415,0.4555822015,6.0529465675,,0.6086956521739131,0.7692307692307693,0,1,-7.51632,0.3773278594,5.6920337677,,0.3478260869565217,0.5384615384615384,0,1,-6.46926,0.3352247775,5.4864959717,,0.1304347826086956,0.1538461538461538,0,1,-7.28143,0.2657630444,5.9376854897,,0.2608695652173913,0.5384615384615384,0,1,-7.65873,0.2577669322,5.2313742638,,0.3043478260869565,0.4615384615384615,0,1,-6.84829,0.2414337695,5.4110107422,,0.391304347826087,0.6153846153846154,0,1,-7.30845,0.2407170385,5.5833392143,,0.1739130434782608,0.2307692307692307,0,1,10
ZINC000002107849,-6.8495,0.5595776439,6.0399723053,,0.6086956521739131,0.6923076923076923,0,1,-6.08777,0.4962339401,5.4741210938,,0.4347826086956521,0.6923076923076923,0,1,-6.21096,0.4350064397,5.0926423073,,0.1304347826086956,0.1538461538461538,0,1,-6.94169,0.4140023291,5.3035969734,,0.2608695652173913,0.3846153846153846,0,1,-7.28923,0.386277616,5.7401356697,,0.1739130434782608,0.3076923076923077,0,1,-6.75192,0.3683718443,5.3764843941,,0.3043478260869565,0.6153846153846154,0,1,-6.97524,0.3312057555,5.4813857079,,0.2608695652173913,0.3846153846153846,0,1,-6.11685,0.3149908781,4.0772852898,,0.1739130434782608,0.2307692307692307,0,1,-7.34515,0.2642612159,5.4807667732,,0.217391304347826,0.3846153846153846,0,1,-6.65933,0.2625915408,5.3595643044,,0.3043478260869565,0.3846153846153846,0,1,10
ZINC000002108761,-6.97216,0.6103365421,6.0380706787,,0.6521739130434783,0.8461538461538461,0,1,-6.7974,0.5100974441,6.154417038,,0.7391304347826086,0.8461538461538461,0,1,-6.62918,0.455373317,5.9452738762,,0.5652173913043478,0.7692307692307693,0,1,-6.99166,0.3493434191,5.8118252754,,0.391304347826087,0.4615384615384615,0,1,-5.48723,0.3345351219,4.2117710114,,0.4347826086956521,0.5384615384615384,0,1,-6.40302,0.3278382123,5.7417373657,,0.1304347826086956,0.1538461538461538,0,1,-6.44162,0.3227568269,5.7481255531,,0.4347826086956521,0.6153846153846154,0,1,-5.96945,0.3201973438,5.5079536438,,0.6086956521739131,0.8461538461538461,0,1,-6.30583,0.253428936,5.437766552,,0.4782608695652174,0.6153846153846154,0,1,-5.86764,0.2448960692,4.8606772423,,0.4782608695652174,0.6923076923076923,0,1,10
ZINC000002109807,-7.48293,0.7940660119,6.9065489769,,0.3478260869565217,0.6153846153846154,0,1,-7.66804,0.7719020247,6.8034667969,,0.3478260869565217,0.4615384615384615,0,1,-7.0983,0.7245081067,6.7029514313,,0.3478260869565217,0.3846153846153846,0,1,-7.51471,0.6607087255,6.7227377892,,0.2608695652173913,0.5384615384615384,0,1,-7.63864,0.6081827879,6.515352726,,0.3478260869565217,0.4615384615384615,0,1,-6.84039,0.5422928929,6.5284104347,,0.4347826086956521,0.6923076923076923,0,1,-7.42051,0.4608353972,6.3565115929,,0.6086956521739131,0.7692307692307693,0,1,-6.24493,0.4538699389,6.5543828011,,0.4782608695652174,0.6153846153846154,0,1,-7.23234,0.402051419,6.298576355,,0.5652173913043478,0.7692307692307693,0,1,-6.83796,0.3529560864,6.2670702934,,0.6521739130434783,0.9230769230769232,0,1,10
ZINC000002111254,-8.10804,0.430162251,6.451312542,,0.6521739130434783,0.8461538461538461,0,1,-7.71813,0.3477935791,6.3802571297,,0.4347826086956521,0.6153846153846154,0,1,-6.66113,0.3206209838,5.4931735992,,0.2608695652173913,0.3076923076923077,0,1,-8.58552,0.3047942817,6.3754959106,,0.4347826086956521,0.4615384615384615,0,1,-7.21709,0.279378891,6.1957039833,,0.5652173913043478,0.6923076923076923,0,1,-8.2056,0.2629695535,5.966738224,,0.4347826086956521,0.4615384615384615,0,1,-8.43459,0.2395673692,5.6091885567,,0.3478260869565217,0.5384615384615384,0,1,-8.69681,0.2338473797,5.8595576286,,0.3478260869565217,0.5384615384615384,0,1,-7.32648,0.2297047526,6.0206208229,,0.4782608695652174,0.5384615384615384,0,1,-6.32562,0.2089021653,6.0251574516,,0.5217391304347826,0.6923076923076923,0,1,10
ZINC000002111570,-7.94175,0.3689571917,6.3908934593,,0.6086956521739131,0.7692307692307693,0,1,-6.89338,0.2474482358,6.2986030579,,0.4347826086956521,0.6153846153846154,0,1,-7.83557,0.2228234559,6.3476405144,,0.4347826086956521,0.5384615384615384,0,1,-7.09734,0.2221027166,5.9000992775,,0.5652173913043478,0.6923076923076923,0,1,-8.61516,0.2202330381,5.6860527992,,0.3043478260869565,0.5384615384615384,0,1,-8.68284,0.2150355875,5.9387841225,,0.4347826086956521,0.5384615384615384,0,1,-8.19392,0.2124423981,5.8335728645,,0.5217391304347826,0.6153846153846154,0,1,-8.0376,0.2004396766,6.209959507,,0.4782608695652174,0.6153846153846154,0,1,-7.25374,0.1796459109,5.3583889008,,0.3478260869565217,0.4615384615384615,0,1,-6.82404,0.1789550632,5.4500904083,,0.4347826086956521,0.6153846153846154,0,1,10
ZINC000002113288,-5.9443,0.3972823322,5.4567317963,,0.2608695652173913,0.3846153846153846,0,1,-7.25785,0.3476155102,5.8765983582,,0.217391304347826,0.3076923076923077,0,1,-5.67307,0.3404869735,4.6721172333,,0.4347826086956521,0.3846153846153846,0,1,-6.42199,0.339471221,5.6506881714,,0.3478260869565217,0.5384615384615384,0,1,-7.41712,0.2911745012,5.7123551369,,0.1739130434782608,0.1538461538461538,0,1,-5.39125,0.284953922,5.5067734718,,0.391304347826087,0.5384615384615384,0,1,-5.52409,0.2759135962,5.6949577332,,0.4782608695652174,0.6153846153846154,0,1,-5.70842,0.2693672478,4.6752800941,,0.3043478260869565,0.3076923076923077,0,1,-5.70878,0.2638469338,5.5482640266,,0.3478260869565217,0.6153846153846154,0,1,-6.85247,0.2592598498,5.6512589455,,0.3478260869565217,0.6153846153846154,0,1,10
ZINC000002113418,-6.94133,0.2428398728,6.0791516304,,0.2608695652173913,0.3076923076923077,0,1,-8.07203,0.236789152,6.3434271812,,0.4782608695652174,0.6153846153846154,0,1,-7.47664,0.2342596948,6.1407322884,,0.2608695652173913,0.3846153846153846,0,1,-8.51017,0.2298665643,6.0678734779,,0.3478260869565217,0.5384615384615384,0,1,-6.51031,0.2246144712,5.6467514038,,0.2608695652173913,0.3076923076923077,0,1,-8.61769,0.22150141,5.9535903931,,0.4782608695652174,0.5384615384615384,0,1,-7.52619,0.2175372839,5.6560764313,,0.4782608695652174,0.6153846153846154,0,1,-8.36884,0.2018336356,5.899017334,,0.5217391304347826,0.6153846153846154,0,1,-7.18923,0.1973104328,6.1899762154,,0.5217391304347826,0.7692307692307693,0,1,-7.89778,0.1929961592,5.828704834,,0.391304347826087,0.6153846153846154,0,1,10
ZINC000002113856,-7.81941,0.6211066246,6.1932959557,,0.3043478260869565,0.3846153846153846,0,1,-6.73955,0.601318121,6.340947628,,0.1739130434782608,0.2307692307692307,0,1,-7.83807,0.5467618704,6.3586711884,,0.217391304347826,0.3846153846153846,0,1,-7.46794,0.4272779226,5.8858356476,,0.4347826086956521,0.6923076923076923,0,1,-7.19277,0.3496498168,6.0581812859,,0.3043478260869565,0.3846153846153846,0,1,-6.71993,0.313092798,5.5784993172,,0.217391304347826,0.2307692307692307,0,1,-7.7918,0.2644614577,5.6634421349,,0.2608695652173913,0.3076923076923077,0,1,-6.86868,0.2617655396,5.6651997566,,0.2608695652173913,0.3076923076923077,0,1,-7.11217,0.250353992,5.7246189117,,0.217391304347826,0.2307692307692307,0,1,-8.09585,0.2436711788,6.0612983704,,0.2608695652173913,0.2307692307692307,0,1,10
ZINC000002114310,-7.42914,0.5212163925,6.4744319916,,0.3043478260869565,0.4615384615384615,0,1,-6.33104,0.3998312056,6.2527213097,,0.5217391304347826,0.8461538461538461,0,1,-6.84864,0.3830087781,6.1807422638,,0.3478260869565217,0.6923076923076923,0,1,-8.23825,0.3698391318,6.4422011375,,0.3478260869565217,0.5384615384615384,0,1,-7.72306,0.355897963,6.5738997459,,0.4347826086956521,0.6923076923076923,0,1,-7.4229,0.2435893118,5.887567997,,0.4347826086956521,0.6153846153846154,0,1,-6.52164,0.240413025,6.0484604836,,0.4782608695652174,0.6923076923076923,0,1,-8.07282,0.2336954921,6.1659207344,,0.2608695652173913,0.3846153846153846,0,1,-6.81319,0.2159336358,6.0545554161,,0.391304347826087,0.4615384615384615,0,1,-6.20388,0.2059917301,6.1522784233,,0.6086956521739131,0.8461538461538461,0,1,10
ZINC000002116266,-7.57,0.332801044,5.5292568207,,0.6521739130434783,0.7692307692307693,0,1,-7.66523,0.3234516978,5.2945041656,,0.6956521739130435,0.7692307692307693,0,1,-7.43496,0.3064754307,5.4304294586,,0.6521739130434783,0.7692307692307693,0,1,-7.11458,0.3060091734,5.428794384,,0.3478260869565217,0.6153846153846154,0,1,-7.36002,0.2790293097,5.3243031502,,0.5652173913043478,0.6923076923076923,0,1,-7.43644,0.2767952681,5.0113348961,,0.6086956521739131,0.7692307692307693,0,1,-7.39933,0.2755053937,5.2700629234,,0.5652173913043478,0.6923076923076923,0,1,-7.57014,0.2593714297,4.9835739136,,0.6086956521739131,0.7692307692307693,0,1,-7.03428,0.2516451776,5.1923470497,,0.5217391304347826,0.6923076923076923,0,1,-7.02241,0.2297930717,5.5969452858,,0.5652173913043478,0.6923076923076923,0,1,10
ZINC000002116851,-7.10966,0.5087013245,6.2036719322,,0.6086956521739131,0.7692307692307693,0,1,-8.42562,0.4737612009,5.7970662117,,0.3478260869565217,0.5384615384615384,0,1,-8.01715,0.365003556,5.5296492577,,0.4347826086956521,0.6923076923076923,0,1,-8.93794,0.3593881726,5.9482302666,,0.3043478260869565,0.3846153846153846,0,1,-8.7144,0.3423716426,5.7147278786,,0.3043478260869565,0.3846153846153846,0,1,-8.36894,0.3296713233,5.4641132355,,0.4347826086956521,0.6153846153846154,0,1,-7.80914,0.3256143034,5.7738556862,,0.4782608695652174,0.6923076923076923,0,1,-8.56743,0.3209190369,5.8268604279,,0.2608695652173913,0.3846153846153846,0,1,-8.07157,0.317964524,5.5099124908,,0.3478260869565217,0.3846153846153846,0,1,-7.80941,0.3046664,5.9837117195,,0.391304347826087,0.6923076923076923,0,1,10
ZINC000002121707,-5.93294,0.7078692317,5.7626452446,,0.5217391304347826,0.6923076923076923,0,1,-6.57162,0.6983371377,5.7742619514,,0.5217391304347826,0.6923076923076923,0,1,-5.57692,0.6432852149,5.7891635895,,0.5217391304347826,0.7692307692307693,0,1,-5.62909,0.6047294736,5.9341483116,,0.5652173913043478,0.6923076923076923,0,1,-5.90913,0.5575655699,5.5578923225,,0.4782608695652174,0.5384615384615384,0,1,0.5878,0.4850786924,4.5345115662,,0.1739130434782608,0.2307692307692307,1,0,-6.39623,0.4244813919,5.6065583229,,0.3043478260869565,0.4615384615384615,0,1,-6.96554,0.4227924347,5.5725159645,,0.4347826086956521,0.5384615384615384,0,1,-6.84712,0.3797772825,5.4658560753,,0.3478260869565217,0.5384615384615384,0,1,-4.99188,0.3579750359,5.4254398346,,0.4347826086956521,0.6153846153846154,0,1,9
ZINC000002122226,-7.51508,0.5162609816,5.7181134224,,0.3478260869565217,0.4615384615384615,0,1,-6.9419,0.3880273998,5.8604693413,,0.4347826086956521,0.6153846153846154,0,1,-7.97822,0.3459632695,5.7655525208,,0.391304347826087,0.3846153846153846,0,1,-6.95116,0.2751175165,5.3282055855,,0.3478260869565217,0.5384615384615384,0,1,-6.84153,0.2711761296,5.7018303871,,0.391304347826087,0.4615384615384615,0,1,-6.08595,0.2696924508,5.6075568199,,0.4347826086956521,0.6153846153846154,0,1,-7.38939,0.2493304908,5.6888027191,,0.3043478260869565,0.4615384615384615,0,1,-6.9683,0.2433449626,5.6248588562,,0.2608695652173913,0.3076923076923077,0,1,-7.96105,0.2239608169,5.2957501411,,0.217391304347826,0.3076923076923077,0,1,-6.86598,0.2233389467,5.9599204063,,0.217391304347826,0.3846153846153846,0,1,10
ZINC000002123639,-6.14292,0.5202835202,6.1824040413,,0.5217391304347826,0.6923076923076923,0,1,-6.10605,0.4911130071,6.0976758003,,0.5652173913043478,0.6923076923076923,0,1,-6.47672,0.4140316248,5.6657223701,,0.4782608695652174,0.6153846153846154,0,1,-6.48917,0.4027284384,5.5605373383,,0.3478260869565217,0.5384615384615384,0,1,-6.3307,0.3953214586,5.0936737061,,0.391304347826087,0.3846153846153846,0,1,-6.04932,0.3606212437,5.0562334061,,0.4782608695652174,0.5384615384615384,0,1,-7.31786,0.2818999887,5.4870300293,,0.217391304347826,0.3076923076923077,0,1,-7.39159,0.2539117336,5.0629405975,,0.2608695652173913,0.5384615384615384,0,1,-7.52868,0.2429987788,4.5392928123,,0.1739130434782608,0.2307692307692307,0,1,-6.71931,0.228243798,5.0220074654,,0.1739130434782608,0.3076923076923077,0,1,10
ZINC000002126055,-7.81289,0.4611790776,6.3827462196,,0.2608695652173913,0.4615384615384615,0,1,-7.5541,0.3480668366,6.1366772652,,0.4347826086956521,0.5384615384615384,0,1,-7.72974,0.3465607464,6.094707489,,0.3478260869565217,0.4615384615384615,0,1,-7.79936,0.2944329083,5.8250489235,,0.3478260869565217,0.4615384615384615,0,1,-5.83789,0.2431929111,5.8358626366,,0.4347826086956521,0.6153846153846154,1,1,-7.23236,0.2415939122,5.9235692024,,0.4347826086956521,0.5384615384615384,0,1,-5.55523,0.2395404875,4.5852942467,,0.1304347826086956,0.2307692307692307,0,1,-6.41422,0.2383750975,5.7219824791,,0.4782608695652174,0.6923076923076923,0,1,-7.82688,0.2098597437,6.0757164955,,0.3043478260869565,0.4615384615384615,0,1,-5.475,0.1981325746,4.4769687653,,0.217391304347826,0.3076923076923077,0,1,10
ZINC000002127954,-5.96792,0.7946450114,5.3782958984,,0.4347826086956521,0.6923076923076923,0,1,-5.66249,0.6197716594,5.6815471649,,0.5652173913043478,0.6923076923076923,0,1,-6.35663,0.610010922,5.7192969322,,0.6521739130434783,0.6923076923076923,0,1,-5.9129,0.5888702273,4.3467955589,,0.4782608695652174,0.5384615384615384,0,1,-6.10455,0.5691719055,6.077483654,,0.5652173913043478,0.6923076923076923,0,1,-5.77337,0.5063432455,3.960842371,,0.217391304347826,0.3076923076923077,0,1,-6.14424,0.4640792012,5.6287307739,,0.6086956521739131,0.6923076923076923,0,1,-5.87918,0.4084202647,5.3726406097,,0.5217391304347826,0.6923076923076923,0,1,-6.61548,0.3863200247,5.3619637489,,0.0869565217391304,0.0769230769230769,0,1,-6.78772,0.3725673854,5.0241503716,,0.0869565217391304,0.0769230769230769,0,1,10
ZINC000002128162,-7.31287,0.6937575936,5.9355187416,,0.5652173913043478,0.6923076923076923,0,1,-7.83808,0.5812456012,5.5105614662,,0.4347826086956521,0.6153846153846154,0,1,-7.22929,0.5612908602,5.8451514244,,0.5217391304347826,0.6153846153846154,0,1,-7.27903,0.4835992455,5.494410038,,0.391304347826087,0.6153846153846154,0,1,-7.3585,0.4475988746,5.2399821281,,0.217391304347826,0.3076923076923077,0,1,-7.06571,0.4421349764,5.3899941444,,0.3478260869565217,0.4615384615384615,0,1,-7.28194,0.3599528968,5.1527495384,,0.4782608695652174,0.6923076923076923,0,1,-6.30561,0.3454676569,5.4612908363,,0.2608695652173913,0.5384615384615384,0,1,-7.3801,0.3447348177,5.2543110847,,0.4782608695652174,0.6923076923076923,0,1,-7.33835,0.3181664348,5.3117656708,,0.391304347826087,0.3846153846153846,0,1,10
ZINC000002132703,-7.78538,0.4537758231,5.2327766418,,0.391304347826087,0.4615384615384615,0,1,-6.65474,0.4510130882,5.5506825447,,0.5217391304347826,0.7692307692307693,0,1,-6.80278,0.4458956718,5.4256167412,,0.4347826086956521,0.6153846153846154,0,1,-7.68708,0.4241933823,5.4426560402,,0.391304347826087,0.5384615384615384,0,1,-8.00859,0.4173568487,5.1129460335,,0.3043478260869565,0.4615384615384615,0,1,-7.69371,0.4026556313,5.2710652351,,0.3043478260869565,0.4615384615384615,0,1,-7.85914,0.3943345547,5.0331845284,,0.3043478260869565,0.3846153846153846,0,1,-7.25518,0.3828550577,4.8923363686,,0.391304347826087,0.5384615384615384,0,1,-8.21544,0.3644371629,5.1006951332,,0.391304347826087,0.3846153846153846,0,1,-7.73551,0.3411480784,4.8691630363,,0.4347826086956521,0.6153846153846154,0,1,10
ZINC000002139774,-4.74047,0.662609458,4.2052383423,,0.2608695652173913,0.3076923076923077,0,1,-4.68526,0.5815951824,4.0829892159,,0.391304347826087,0.3846153846153846,0,1,-4.84976,0.5705224872,4.0589160919,,0.2608695652173913,0.3076923076923077,0,1,-6.81631,0.4547118545,5.0214180946,,0.391304347826087,0.5384615384615384,0,1,-5.12875,0.4363172054,4.3187675476,,0.391304347826087,0.3846153846153846,0,1,-5.50534,0.4266091883,5.4445915222,,0.4782608695652174,0.6923076923076923,0,1,-5.78146,0.4124806523,5.481575489,,0.4782608695652174,0.6923076923076923,0,1,-5.89832,0.3721710145,4.8010354042,,0.1304347826086956,0.1538461538461538,0,1,-5.72129,0.3288671076,4.617123127,,0.3043478260869565,0.3846153846153846,0,1,-5.14957,0.3277182579,4.9775028229,,0.217391304347826,0.3076923076923077,0,1,10
ZINC000002139919,-6.76813,0.6605780721,5.4001870155,,0.217391304347826,0.3846153846153846,0,1,-7.0629,0.6051894426,5.5527915955,,0.4782608695652174,0.6153846153846154,0,1,-6.10061,0.5842772722,5.6560077667,,0.391304347826087,0.6153846153846154,0,1,-6.91811,0.5284312367,5.5539069176,,0.3478260869565217,0.3846153846153846,0,1,-7.2179,0.498747915,5.1678195,,0.5217391304347826,0.6153846153846154,0,1,-5.53675,0.4517484605,5.0172190666,,0.3478260869565217,0.4615384615384615,0,1,-4.94857,0.4513855875,5.1538748741,,0.3043478260869565,0.3846153846153846,0,1,-6.73355,0.4441277981,5.2005381584,,0.4347826086956521,0.5384615384615384,0,1,-7.17078,0.4365614653,5.1703696251,,0.5652173913043478,0.6923076923076923,0,1,-6.6217,0.4321072996,5.2151255608,,0.4347826086956521,0.6153846153846154,0,1,10
ZINC000002149479,-6.57264,0.4406748116,5.1671833992,,0.8260869565217391,0.9230769230769232,0,1,-6.77951,0.3737863302,4.48178339,,0.6086956521739131,0.6923076923076923,0,1,-7.17244,0.3440676332,4.0866904259,,0.5217391304347826,0.6923076923076923,0,1,-6.57945,0.3237188458,4.5928630829,,0.5217391304347826,0.6153846153846154,0,1,-6.37002,0.3164270222,4.4624047279,,0.4782608695652174,0.6923076923076923,0,1,-6.25958,0.3031218052,4.3005466461,,0.4347826086956521,0.6153846153846154,0,1,-6.68065,0.2940017581,3.9823524952,,0.5217391304347826,0.6923076923076923,0,1,-7.05818,0.286659658,4.6857161522,,0.5652173913043478,0.6923076923076923,0,1,-6.67208,0.2866158485,4.4463324547,,0.5652173913043478,0.6923076923076923,0,1,-7.05633,0.2633914649,4.2517647743,,0.6086956521739131,0.6153846153846154,0,1,10
ZINC000002152388,-5.85199,0.4623627067,4.6126227379,,0.3043478260869565,0.3076923076923077,0,1,-5.6151,0.3400865793,4.2687711716,,0.3043478260869565,0.3076923076923077,0,1,-5.57786,0.2743403018,4.4087204933,,0.2608695652173913,0.3076923076923077,0,1,-4.98436,0.2718592882,4.1153082848,,0.3043478260869565,0.3076923076923077,0,1,-5.35846,0.2264601588,4.080871582,,0.1304347826086956,0.1538461538461538,0,1,-5.17108,0.2133921087,4.5536956787,,0.217391304347826,0.3076923076923077,0,1,-7.48546,0.1957541257,5.5214729309,,0.1304347826086956,0.1538461538461538,0,1,-5.25613,0.1916878223,3.9606659412,,0.2608695652173913,0.3076923076923077,0,1,-5.06419,0.1906766742,4.1077589989,,0.2608695652173913,0.3076923076923077,0,1,-5.57217,0.1903998554,3.6480493546,,0.217391304347826,0.3076923076923077,0,1,10
ZINC000002152659,-7.25567,0.5195022225,6.4174995422,,0.6521739130434783,0.7692307692307693,0,1,-8.4822,0.5047526956,6.3112092018,,0.6086956521739131,0.6923076923076923,0,1,-9.43886,0.4855940938,6.4960188866,,0.5217391304347826,0.5384615384615384,0,1,-7.66794,0.4834974706,6.5780444145,,0.6956521739130435,0.8461538461538461,0,1,-8.45432,0.4742523432,6.2229056358,,0.4782608695652174,0.6153846153846154,0,1,-7.50661,0.4643951654,6.6646156311,,0.6521739130434783,0.7692307692307693,0,1,-7.71905,0.4557931423,6.4223952293,,0.6521739130434783,0.7692307692307693,0,1,-8.50187,0.4434037805,6.3437809944,,0.391304347826087,0.5384615384615384,0,1,-8.09062,0.4133601785,6.4175438881,,0.5652173913043478,0.6923076923076923,0,1,-7.46749,0.4039573669,6.2848591805,,0.4782608695652174,0.6153846153846154,0,1,10
ZINC000002152699,-6.66365,0.4896722138,6.0604186058,,0.6086956521739131,0.7692307692307693,0,1,-5.99788,0.4437281191,5.651652813,,0.1304347826086956,0.2307692307692307,0,1,-7.01028,0.4400793612,6.1595654488,,0.5217391304347826,0.7692307692307693,0,1,-7.0557,0.4135377407,5.9528026581,,0.217391304347826,0.2307692307692307,0,1,-7.29763,0.4105681181,5.6019387245,,0.391304347826087,0.6923076923076923,0,1,-6.49493,0.3946550786,6.188211441,,0.5217391304347826,0.7692307692307693,0,1,-6.68923,0.3080921471,5.7744007111,,0.5652173913043478,0.7692307692307693,0,1,-7.00672,0.3029980063,5.4303951263,,0.1304347826086956,0.1538461538461538,0,1,-5.99043,0.2876244187,5.7807078362,,0.6086956521739131,0.8461538461538461,0,1,-5.70755,0.2770655751,6.0023398399,,0.5652173913043478,0.7692307692307693,0,1,10
ZINC000002154347,-7.66339,0.6737648249,6.1147446632,,0.217391304347826,0.3846153846153846,0,1,-6.50447,0.6570281386,5.9432663918,,0.1739130434782608,0.2307692307692307,0,1,-7.61869,0.6454179287,5.9040298462,,0.3043478260869565,0.3846153846153846,0,1,-6.30196,0.4849224389,5.5188045502,,0.3478260869565217,0.4615384615384615,0,1,-7.30422,0.4142951071,5.413918972,,0.217391304347826,0.3846153846153846,0,1,-8.02397,0.3792322874,6.0072646141,,0.2608695652173913,0.3076923076923077,0,1,-7.01329,0.3753677309,5.1690921783,,0.1304347826086956,0.1538461538461538,0,1,-7.7165,0.3343041241,5.521627903,,0.4347826086956521,0.6923076923076923,0,1,-6.42227,0.3311291933,4.9669699669,,0.217391304347826,0.2307692307692307,0,1,-6.43026,0.317086488,4.8743648529,,0.2608695652173913,0.2307692307692307,0,1,10
ZINC000002154432,-5.43084,0.3488301933,5.4973435402,,0.3478260869565217,0.3846153846153846,0,1,-5.54066,0.3426899016,5.7720103264,,0.217391304347826,0.3076923076923077,0,1,-5.14041,0.245229885,5.449775219,,0.1739130434782608,0.3076923076923077,0,1,-4.72348,0.2210691124,4.054125309,,0.2608695652173913,0.2307692307692307,0,1,-4.48292,0.2025394887,3.9714889526,,0.1304347826086956,0.1538461538461538,0,1,-5.85979,0.1960484684,5.5189318657,,0.391304347826087,0.3846153846153846,0,1,-4.71484,0.1900878847,4.0720329285,,0.2608695652173913,0.3076923076923077,0,1,-4.47647,0.1872162223,3.9841499329,,0.1304347826086956,0.1538461538461538,0,1,-4.85061,0.1824450791,4.1582317352,,0.217391304347826,0.2307692307692307,0,1,-6.32937,0.1813753545,5.2776255608,,0.6086956521739131,0.7692307692307693,0,1,10
ZINC000002156415,-6.35936,0.3112201691,4.9188847542,,0.217391304347826,0.3846153846153846,0,1,-6.75666,0.2605196238,6.0222506523,,0.3478260869565217,0.4615384615384615,0,1,-7.16494,0.2564904094,5.6484923363,,0.3043478260869565,0.5384615384615384,0,1,-4.94956,0.2351219505,4.2971367836,,0.2608695652173913,0.3846153846153846,0,1,-5.04652,0.2304241955,4.2060570717,,0.2608695652173913,0.3076923076923077,0,1,-7.47722,0.2265720069,5.0670700073,,0.0869565217391304,0.1538461538461538,0,1,-5.39851,0.2185133696,3.6744582653,,0.1739130434782608,0.2307692307692307,0,1,-5.28993,0.2169256955,3.7715842724,,0.1739130434782608,0.2307692307692307,0,1,-5.92326,0.1960142404,5.1479468346,,0.3043478260869565,0.3846153846153846,0,1,-5.52944,0.1841602474,3.7048301697,,0.2608695652173913,0.3076923076923077,0,1,10
ZINC000002171497,-4.80104,0.3658485711,3.7385098934,,0.3478260869565217,0.3076923076923077,0,1,-4.25407,0.2322735339,3.5374825001,,0.1304347826086956,0.2307692307692307,0,1,-4.2997,0.2309712172,3.975528717,,0.217391304347826,0.2307692307692307,0,1,-4.35862,0.2250415534,4.0103797913,,0.3043478260869565,0.3076923076923077,0,1,-4.82964,0.2196612358,3.5445575714,,0.1739130434782608,0.2307692307692307,0,1,-4.32622,0.2196407914,3.6145451069,,0.0434782608695652,0.0769230769230769,0,1,-4.22291,0.2138588578,3.716558218,,0.2608695652173913,0.3076923076923077,0,1,-4.17274,0.2119586915,3.3737945557,,0.0869565217391304,0.2307692307692307,0,1,-4.19436,0.1872479916,3.706309557,,0.2608695652173913,0.3076923076923077,0,1,-4.41292,0.1593255401,3.9323952198,,0.3478260869565217,0.3076923076923077,0,1,10
ZINC000002182515,-8.36642,0.5210323334,6.4436702728,,0.6086956521739131,0.6923076923076923,0,1,-8.32885,0.4719172418,6.3864731789,,0.6086956521739131,0.6923076923076923,0,1,-7.87103,0.452275008,6.1913399696,,0.6086956521739131,0.6923076923076923,0,1,-7.74223,0.4381353557,6.3106284142,,0.6086956521739131,0.6923076923076923,0,1,-8.28471,0.4103501141,6.2279925346,,0.6086956521739131,0.6923076923076923,0,1,-7.70963,0.378982991,6.1009249687,,0.5652173913043478,0.6923076923076923,0,1,-7.79625,0.3779521286,6.0505423546,,0.6086956521739131,0.6923076923076923,0,1,-8.32738,0.3750513494,6.0895009041,,0.6086956521739131,0.7692307692307693,0,1,-7.86017,0.3656791449,5.8067555428,,0.5217391304347826,0.5384615384615384,0,1,-7.68333,0.3627450764,6.0735492706,,0.5652173913043478,0.6153846153846154,0,1,10
ZINC000002184603,-6.56003,0.3190536201,5.1873755455,,0.217391304347826,0.2307692307692307,0,1,-5.74258,0.3128307462,4.8631062508,,0.217391304347826,0.2307692307692307,0,1,-6.03901,0.2856226861,5.8834533691,,0.391304347826087,0.5384615384615384,1,1,-6.76462,0.2629556656,4.7987618446,,0.3043478260869565,0.3846153846153846,0,1,-5.80614,0.2591093183,5.093398571,,0.217391304347826,0.2307692307692307,0,1,-5.83185,0.2317563742,4.5733704567,,0.1739130434782608,0.2307692307692307,0,1,-6.73334,0.2313024849,6.066432476,,0.5652173913043478,0.7692307692307693,0,1,-5.60038,0.2290312201,4.7314124107,,0.1739130434782608,0.2307692307692307,0,1,-7.62683,0.2196269035,5.8324608803,,0.6086956521739131,0.7692307692307693,0,1,-7.22454,0.2102748752,6.0424180031,,0.2608695652173913,0.3076923076923077,0,1,10
ZINC000002202568,-6.72858,0.3938260376,6.1056580544,,0.5217391304347826,0.7692307692307693,0,1,-7.56402,0.3358497322,5.9694132805,,0.5217391304347826,0.6923076923076923,0,1,-7.98988,0.2934117019,6.0004191399,,0.391304347826087,0.6153846153846154,0,1,-7.50631,0.2155748606,5.7739853859,,0.5217391304347826,0.6923076923076923,0,1,-7.14461,0.2126577646,5.8856387138,,0.4782608695652174,0.6923076923076923,0,1,-5.82179,0.2075882852,4.8531703949,,0.2608695652173913,0.3076923076923077,0,1,-7.35747,0.201920718,5.7534689903,,0.2608695652173913,0.3076923076923077,0,1,-7.85037,0.1954761893,5.8261437416,,0.4782608695652174,0.5384615384615384,0,1,-6.58485,0.1944697201,5.187002182,,0.1739130434782608,0.1538461538461538,0,1,-7.48932,0.1922664344,5.7473654747,,0.4347826086956521,0.5384615384615384,0,1,10
ZINC000002202919,-5.91681,0.4716670811,5.2147159576,,0.2608695652173913,0.3076923076923077,0,1,-6.00805,0.4405250251,4.8294816017,,0.3478260869565217,0.3076923076923077,0,1,-5.91753,0.3711099923,4.4094510078,,0.3478260869565217,0.3846153846153846,0,1,-7.30562,0.3344786763,5.6788787842,,0.5217391304347826,0.6923076923076923,0,1,-5.8397,0.3303424716,4.2785191536,,0.3478260869565217,0.3846153846153846,0,1,-5.48168,0.2761190236,4.4495396614,,0.2608695652173913,0.3076923076923077,0,1,-7.08439,0.2670770288,6.0009765625,,0.5652173913043478,0.6923076923076923,0,1,-7.42541,0.2635363042,5.8669896126,,0.4782608695652174,0.6153846153846154,0,1,-5.54366,0.2624491155,4.4742965698,,0.1739130434782608,0.2307692307692307,0,1,-5.63683,0.2346330881,4.5801496506,,0.217391304347826,0.1538461538461538,0,1,10
ZINC000002208273,-8.30405,0.559173286,6.1942667961,,0.5652173913043478,0.7692307692307693,0,1,-8.00944,0.4551212788,6.0317587852,,0.5652173913043478,0.6923076923076923,0,1,-7.62173,0.4394652545,6.0629558563,,0.391304347826087,0.5384615384615384,0,1,-7.93633,0.4323408008,5.7816672325,,0.4782608695652174,0.6923076923076923,0,1,-8.05024,0.4291400611,5.9628429413,,0.5652173913043478,0.6923076923076923,0,1,-7.01902,0.3960287571,5.9034767151,,0.4782608695652174,0.5384615384615384,0,1,-7.45491,0.3805039227,5.8022818565,,0.5217391304347826,0.6153846153846154,0,1,-7.32326,0.3764215708,5.4652571678,,0.5217391304347826,0.6153846153846154,0,1,-7.62768,0.3526618183,5.2497134209,,0.391304347826087,0.6153846153846154,0,1,-7.76978,0.3499252796,5.5672912598,,0.5217391304347826,0.6923076923076923,0,1,10
ZINC000002213833,-7.17889,0.6576960683,5.9782519341,,0.5652173913043478,0.7692307692307693,0,1,-7.32293,0.5870705247,5.654943943,,0.5217391304347826,0.6923076923076923,0,1,-7.11706,0.5824320912,5.8942642212,,0.6086956521739131,0.7692307692307693,0,1,-7.2333,0.568041563,5.9045128822,,0.5652173913043478,0.7692307692307693,0,1,-7.89234,0.5555846095,5.8831877708,,0.3478260869565217,0.4615384615384615,0,1,-7.17215,0.5389977098,6.0066761971,,0.391304347826087,0.5384615384615384,0,1,-6.96516,0.5234878063,5.8880524635,,0.6086956521739131,0.8461538461538461,0,1,-7.66824,0.501141727,5.7429423332,,0.3478260869565217,0.3846153846153846,0,1,-7.70459,0.4812030196,5.6258225441,,0.5217391304347826,0.6923076923076923,0,1,-7.28368,0.4424346685,5.6092395782,,0.391304347826087,0.4615384615384615,0,1,10
ZINC000002251343,-7.52043,0.6743354797,5.6514759064,,0.5217391304347826,0.6153846153846154,0,1,-6.62003,0.5901857018,5.4260597229,,0.5217391304347826,0.6153846153846154,0,1,-7.79601,0.5242467523,5.5342521667,,0.6086956521739131,0.7692307692307693,0,1,-7.24557,0.3475956917,5.1703357697,,0.5652173913043478,0.6923076923076923,0,1,-7.34071,0.3139074147,5.5019860268,,0.4347826086956521,0.4615384615384615,0,1,-5.56001,0.3021670878,5.4635543823,,0.4347826086956521,0.6153846153846154,0,1,-6.68441,0.2862906158,5.1065216064,,0.3043478260869565,0.4615384615384615,0,1,-6.36283,0.2697061598,5.0626649857,,0.4782608695652174,0.6923076923076923,0,1,-5.91101,0.2599078417,5.2048048973,,0.3043478260869565,0.4615384615384615,0,1,-7.24412,0.2518101037,4.5831503868,,0.4782608695652174,0.6923076923076923,0,1,10
ZINC000002281291,-5.40811,0.3883554339,4.8831377029,,0.3043478260869565,0.3076923076923077,0,1,-7.57834,0.3406044245,5.7106938362,,0.6086956521739131,0.7692307692307693,0,1,-5.54554,0.3004544377,4.6784338951,,0.217391304347826,0.2307692307692307,0,1,-5.10522,0.2242385596,4.2873420715,,0.1739130434782608,0.2307692307692307,0,1,-5.15058,0.2073983699,4.3664774895,,0.1304347826086956,0.2307692307692307,0,1,-5.02019,0.2073982209,4.5643868446,,0.0869565217391304,0.0769230769230769,0,1,-5.46854,0.2002404779,4.5767359734,,0.1739130434782608,0.2307692307692307,0,1,-7.39728,0.1996877789,5.4592499733,,0.391304347826087,0.5384615384615384,0,1,-5.06671,0.1907102168,4.5552253723,,0.3043478260869565,0.3846153846153846,0,1,-5.71056,0.1818330288,4.3752646446,,0.2608695652173913,0.3076923076923077,0,1,10
ZINC000002285453,-5.93008,0.5873724818,5.5739274025,,0.5217391304347826,0.6153846153846154,0,1,-6.6932,0.3488511145,5.5767974854,,0.3478260869565217,0.6153846153846154,0,1,-5.16265,0.3257958889,5.1667361259,,0.391304347826087,0.5384615384615384,0,1,-6.05055,0.2410785556,5.0140705109,,0.5217391304347826,0.6923076923076923,0,1,-6.8216,0.2373746783,4.6721987724,,0.1304347826086956,0.1538461538461538,0,1,-5.73718,0.2373394817,4.8398990631,,0.391304347826087,0.5384615384615384,0,1,-5.54946,0.2371247858,4.3996806145,,0.217391304347826,0.2307692307692307,0,1,-4.57514,0.2186718732,3.7094905376,,0.1304347826086956,0.1538461538461538,0,1,-6.46243,0.2179867327,4.8581237793,,0.0869565217391304,0.0769230769230769,0,1,-4.32706,0.2166990936,3.7653796673,,0.2608695652173913,0.3076923076923077,0,1,10
ZINC000002286530,-4.49407,0.2850385904,4.1255373955,,0.3043478260869565,0.3076923076923077,0,1,-4.40976,0.2545107603,3.9903781414,,0.3043478260869565,0.3076923076923077,0,1,-4.54431,0.2524605691,3.6735591888,,0.3043478260869565,0.3076923076923077,0,1,-4.6972,0.2345702201,3.5643856525,,0.3043478260869565,0.3076923076923077,0,1,-5.06889,0.1845163852,3.9571545124,,0.3043478260869565,0.3076923076923077,0,1,-4.68152,0.1570157409,4.3164153099,,0.3043478260869565,0.3076923076923077,0,1,-4.62494,0.1441958547,3.3468215466,,0.0434782608695652,0.0769230769230769,0,1,-4.91307,0.1422334313,3.9522819519,,0.3043478260869565,0.3076923076923077,0,1,-7.05801,0.1403532922,4.8737602234,,0.4347826086956521,0.5384615384615384,0,1,-4.49872,0.1368251592,3.920661211,,0.3043478260869565,0.3076923076923077,0,1,10
ZINC000002287437,-5.44288,0.5081994534,4.8968086243,,0.3478260869565217,0.3076923076923077,0,1,-6.25236,0.343341887,5.7716827393,,0.5652173913043478,0.7692307692307693,0,1,-5.41052,0.3250230849,4.8254113197,,0.3478260869565217,0.3846153846153846,0,1,-7.55871,0.323033452,5.4185562134,,0.5652173913043478,0.6923076923076923,0,1,-7.59356,0.3084329367,5.7117385864,,0.6956521739130435,0.7692307692307693,0,1,-6.01235,0.2807053328,4.8705506325,,0.3043478260869565,0.3846153846153846,0,1,-5.42569,0.2405881584,4.0198707581,,0.3478260869565217,0.3846153846153846,0,1,-5.3066,0.225197643,4.2194113731,,0.2608695652173913,0.3076923076923077,0,1,-6.94025,0.2199879885,5.1824531555,,0.5217391304347826,0.6153846153846154,0,1,-6.1654,0.1963352263,5.505841732,,0.5652173913043478,0.7692307692307693,0,1,10
ZINC000002288388,-6.32589,0.5782925487,5.5612359047,,0.4347826086956521,0.6153846153846154,0,1,-5.22385,0.5202689767,5.501285553,,0.5652173913043478,0.7692307692307693,0,1,-6.7125,0.4392459691,5.5024313927,,0.4347826086956521,0.6923076923076923,0,1,-6.26949,0.3983576298,5.4425120354,,0.3043478260869565,0.4615384615384615,0,1,-6.37282,0.3925008178,5.3886303902,,0.391304347826087,0.5384615384615384,0,1,-6.72782,0.327350378,5.392013073,,0.391304347826087,0.5384615384615384,0,1,-4.83747,0.3096902966,3.9706764221,,0.1739130434782608,0.2307692307692307,0,1,-5.554,0.3014752865,4.683119297,,0.391304347826087,0.3846153846153846,0,1,-6.15794,0.2915248275,4.8412823677,,0.391304347826087,0.3846153846153846,0,1,-6.71107,0.2700772583,5.0678119659,,0.1739130434782608,0.2307692307692307,0,1,10
ZINC000002290714,-5.87688,0.7014672756,5.6314730644,,0.3478260869565217,0.5384615384615384,0,1,-5.70202,0.5368386507,5.4050097466,,0.4782608695652174,0.6923076923076923,0,1,-5.65342,0.4819138646,5.4446926117,,0.217391304347826,0.2307692307692307,0,1,-5.87979,0.4667946398,5.1096496582,,0.391304347826087,0.4615384615384615,0,1,-6.3465,0.4276587665,5.3799438477,,0.4782608695652174,0.6153846153846154,0,1,-5.96578,0.4094408154,5.557495594,,0.391304347826087,0.4615384615384615,0,1,-5.29854,0.3692646027,5.0392985344,,0.1304347826086956,0.2307692307692307,0,1,-5.94248,0.3532353044,5.1628146172,,0.3478260869565217,0.5384615384615384,0,1,-5.72701,0.3519158065,5.1534881592,,0.391304347826087,0.5384615384615384,0,1,-5.96008,0.3273440003,5.1323471069,,0.5217391304347826,0.6923076923076923,0,1,10
ZINC000002299482,-4.34525,0.4371113181,3.8478629589,,0.3043478260869565,0.3076923076923077,0,1,-4.09751,0.3374253511,3.663066864,,0.1739130434782608,0.2307692307692307,0,1,-3.30452,0.3229848444,4.2646374702,,0.2608695652173913,0.3076923076923077,0,1,-4.51766,0.3062667251,3.8847105503,,0.2608695652173913,0.3076923076923077,0,1,-4.03499,0.2936401665,4.3167953491,,0.1304347826086956,0.1538461538461538,0,1,-4.1036,0.2849459052,4.0839686394,,0.0434782608695652,0.1538461538461538,0,1,-4.34718,0.2818247676,3.5689477921,,0.3043478260869565,0.3076923076923077,0,1,-4.86218,0.2662569582,3.8075668812,,0.1739130434782608,0.2307692307692307,0,1,-4.09869,0.2356202155,3.8633525372,,0.217391304347826,0.3076923076923077,0,1,-4.64917,0.2312453538,3.6391327381,,0.3043478260869565,0.3076923076923077,0,1,10
ZINC000002308869,-6.0097,0.6618806124,6.4568004608,,0.6521739130434783,0.6923076923076923,0,1,-6.01965,0.5944258571,6.4277262688,,0.6521739130434783,0.6923076923076923,0,1,-6.50468,0.5410085917,6.3458347321,,0.6086956521739131,0.6923076923076923,0,1,-7.03135,0.538176775,6.2128815651,,0.6086956521739131,0.8461538461538461,0,1,-6.94722,0.5155917406,6.3892397881,,0.4782608695652174,0.6923076923076923,0,1,-8.2884,0.4773487151,6.2755680084,,0.4782608695652174,0.7692307692307693,0,1,-5.89473,0.4577500224,5.9860267639,,0.4782608695652174,0.6153846153846154,1,1,-4.89405,0.3868313432,4.948009491,,0.217391304347826,0.2307692307692307,0,1,-5.3264,0.2099716663,4.2652420998,,0.2608695652173913,0.3846153846153846,0,1,-5.26642,0.2089351416,5.1460471153,,0.217391304347826,0.2307692307692307,0,1,10
ZINC000002311996,-6.28971,0.521912694,6.0206255913,,0.4347826086956521,0.6153846153846154,0,1,-6.50735,0.4758379161,5.8541693687,,0.4782608695652174,0.6153846153846154,0,1,-6.41588,0.4656489193,6.1666274071,,0.391304347826087,0.6153846153846154,0,1,-6.84536,0.4413235188,5.3290176392,,0.3478260869565217,0.3846153846153846,0,1,-6.27944,0.4283927977,6.1206264496,,0.6086956521739131,0.6923076923076923,0,1,-6.26327,0.3947775662,5.963912487,,0.6086956521739131,0.7692307692307693,0,1,-6.97908,0.374039799,5.6324825287,,0.3478260869565217,0.4615384615384615,0,1,-7.20916,0.3687949181,5.3189587593,,0.5652173913043478,0.7692307692307693,0,1,-8.00427,0.3575204909,6.1655278206,,0.6521739130434783,0.7692307692307693,0,1,-7.06913,0.3326923847,5.6464266777,,0.5217391304347826,0.6153846153846154,0,1,10
ZINC000002316003,-5.01196,0.2632305324,4.4523005486,,0.3478260869565217,0.4615384615384615,0,1,-6.17023,0.2271655202,4.5193934441,,0.3043478260869565,0.4615384615384615,0,1,-5.99485,0.1967743337,4.9094715118,,0.4782608695652174,0.7692307692307693,0,1,-4.68633,0.1400170475,3.3349163532,,0.3043478260869565,0.3076923076923077,0,1,-6.22766,0.1243710592,4.335817337,,0.3478260869565217,0.4615384615384615,0,1,-4.80242,0.1099054068,4.0135593414,,0.3478260869565217,0.3076923076923077,0,1,-4.67823,0.1032862812,3.429567337,,0.2608695652173913,0.3076923076923077,0,1,-6.26183,0.1023903117,3.9265825748,,0.1304347826086956,0.1538461538461538,0,1,-4.59378,0.099590838,3.7468235493,,0.3043478260869565,0.3076923076923077,0,1,-4.7837,0.0959138721,4.0614981651,,0.2608695652173913,0.3076923076923077,0,1,10
ZINC000002318497,-7.73048,0.1740412712,5.0131449699,,0.391304347826087,0.4615384615384615,0,1,-6.4441,0.1534345001,5.4767508507,,0.391304347826087,0.5384615384615384,0,1,-7.03762,0.1483308226,5.0585155487,,0.4347826086956521,0.4615384615384615,0,1,-6.41386,0.1482100785,5.085709095,,0.4347826086956521,0.4615384615384615,0,1,-6.82675,0.1467124224,4.9266242981,,0.4347826086956521,0.4615384615384615,0,1,-8.37022,0.1427396387,5.7215914726,,0.4347826086956521,0.5384615384615384,0,1,-6.70654,0.1404480487,5.108150959,,0.4347826086956521,0.4615384615384615,0,1,-6.64674,0.1345944405,5.2939019203,,0.391304347826087,0.4615384615384615,0,1,-6.96204,0.1333826929,4.9286284447,,0.3478260869565217,0.4615384615384615,0,1,-6.55961,0.1250159144,4.9185347557,,0.3043478260869565,0.4615384615384615,0,1,10
ZINC000002319537,-7.21978,0.7201004028,6.2994790077,,0.5217391304347826,0.6923076923076923,0,1,-8.18896,0.6130371094,5.8292937279,,0.3043478260869565,0.5384615384615384,0,1,-4.73749,0.6078092456,6.2652435303,,0.5217391304347826,0.6923076923076923,0,1,-7.66584,0.4994844198,5.9671359062,,0.5652173913043478,0.6923076923076923,0,1,-7.66558,0.3409884572,5.614262104,,0.5217391304347826,0.6923076923076923,0,1,-5.00678,0.3103973567,3.8167340755,,0.1739130434782608,0.2307692307692307,0,1,-4.87235,0.2737908661,4.0423402786,,0.1739130434782608,0.2307692307692307,0,1,-7.20402,0.2730811238,5.3190531731,,0.4782608695652174,0.6153846153846154,0,1,-7.4177,0.269520998,5.3308582306,,0.4347826086956521,0.5384615384615384,0,1,-6.61427,0.2558822036,5.4834551811,,0.5217391304347826,0.6923076923076923,0,1,10
ZINC000002328680,-7.70483,0.23128362,5.5079483986,,0.391304347826087,0.3846153846153846,0,1,-7.35931,0.1820570379,4.8429198265,,0.391304347826087,0.4615384615384615,0,1,-6.8694,0.1576833874,5.2855143547,,0.3043478260869565,0.3846153846153846,0,1,-6.402,0.1566199362,4.9820833206,,0.3043478260869565,0.3846153846153846,0,1,-6.00135,0.1536900252,4.5961112976,,0.2608695652173913,0.3076923076923077,0,1,-7.63587,0.1494686902,4.7755589485,,0.5217391304347826,0.6153846153846154,0,1,-7.28239,0.1480145156,5.4042906761,,0.3043478260869565,0.3846153846153846,0,1,-6.47418,0.1458316296,4.7839221954,,0.391304347826087,0.4615384615384615,0,1,-5.86691,0.1416700184,4.492099762,,0.2608695652173913,0.3076923076923077,0,1,-7.57999,0.1392538399,4.7437396049,,0.5652173913043478,0.6923076923076923,0,1,10
ZINC000002334250,-4.86256,0.3213148713,4.5296802521,,0.2608695652173913,0.2307692307692307,0,1,-5.87894,0.3028686047,5.5433335304,,0.217391304347826,0.3076923076923077,0,1,-7.18202,0.2978485823,5.1841816902,,0.4347826086956521,0.6153846153846154,0,1,-5.30867,0.287761718,4.5737586021,,0.2608695652173913,0.2307692307692307,0,1,-6.14052,0.2847275138,5.3778948784,,0.4782608695652174,0.5384615384615384,0,1,-5.42507,0.2591587007,5.4894065857,,0.217391304347826,0.2307692307692307,0,1,-5.58433,0.2315344512,4.4772391319,,0.3478260869565217,0.3076923076923077,0,1,-6.25672,0.2106865048,5.1398639679,,0.391304347826087,0.5384615384615384,0,1,-4.7039,0.20266065,4.339858532,,0.2608695652173913,0.3076923076923077,0,1,-5.12828,0.1973455548,4.7864127159,,0.217391304347826,0.2307692307692307,0,1,10
ZINC000002337050,-4.98378,0.6337723732,4.3955245018,,0.1304347826086956,0.2307692307692307,0,1,-5.04715,0.6053715944,4.0750217438,,0.3478260869565217,0.3846153846153846,0,1,-5.24907,0.4550664723,3.8512427807,,0.3043478260869565,0.3846153846153846,0,1,-6.44213,0.4139159918,5.5373101234,,0.4347826086956521,0.5384615384615384,0,1,-5.74631,0.4127140939,5.5893321037,,0.5217391304347826,0.6153846153846154,0,1,-5.78975,0.3783573508,5.3057818413,,0.6086956521739131,0.6923076923076923,0,1,-5.97264,0.3617064953,5.3932094574,,0.3043478260869565,0.3076923076923077,0,1,-5.98754,0.3403722644,5.3244333267,,0.3043478260869565,0.3076923076923077,0,1,-5.14261,0.2857839465,4.329228878,,0.3478260869565217,0.3076923076923077,0,1,-6.02145,0.2568624318,5.020178318,,0.391304347826087,0.4615384615384615,0,1,10
ZINC000002342396,-5.59037,0.4949023128,5.3105196953,,0.3043478260869565,0.4615384615384615,0,1,-6.30524,0.4328764379,5.5763397217,,0.3043478260869565,0.3846153846153846,0,1,-7.10634,0.3797965348,5.7212619781,,0.217391304347826,0.3846153846153846,0,1,-5.456,0.3530244529,5.7538933754,,0.391304347826087,0.5384615384615384,0,1,-7.29199,0.3438504636,5.6605529785,,0.1739130434782608,0.3846153846153846,0,1,-6.05862,0.3337791264,5.1278181076,,0.217391304347826,0.2307692307692307,0,1,-5.70316,0.3178073168,5.3292908669,,0.4782608695652174,0.6923076923076923,0,1,-5.52474,0.3060567081,4.8365607262,,0.2608695652173913,0.3076923076923077,0,1,-4.80819,0.3027924299,4.3265051842,,0.2608695652173913,0.3076923076923077,0,1,-6.41803,0.3005925417,5.3610720634,,0.391304347826087,0.4615384615384615,0,1,10
ZINC000002343837,-7.66638,0.4731669128,5.9687056541,,0.6086956521739131,0.7692307692307693,0,1,-7.6088,0.3176656067,5.8273758888,,0.5217391304347826,0.6153846153846154,0,1,-7.72431,0.30788064,5.7922210693,,0.4782608695652174,0.6153846153846154,0,1,-7.88466,0.2968233824,5.6818790436,,0.3478260869565217,0.4615384615384615,0,1,-7.85909,0.2914466858,5.6454968452,,0.4782608695652174,0.6153846153846154,0,1,-7.59137,0.2792303562,5.8362355232,,0.4782608695652174,0.6153846153846154,0,1,-8.31186,0.2539535463,5.216155529,,0.391304347826087,0.4615384615384615,0,1,-6.73503,0.2493334711,5.9848809242,,0.6521739130434783,0.8461538461538461,0,1,-7.31272,0.2349781841,5.2960796356,,0.5217391304347826,0.5384615384615384,0,1,-8.85193,0.2247602046,5.1953568459,,0.4347826086956521,0.5384615384615384,0,1,10
ZINC000002354784,-6.45777,0.862555027,6.2688999176,,0.4782608695652174,0.6923076923076923,0,1,-7.08857,0.8506070375,6.1978492737,,0.4347826086956521,0.6923076923076923,0,1,-7.1127,0.6914229393,5.4214091301,,0.3043478260869565,0.4615384615384615,0,1,-6.06562,0.6711627245,5.0276608467,,0.3043478260869565,0.3846153846153846,0,1,-7.03563,0.6438261271,5.4234786034,,0.4347826086956521,0.6153846153846154,0,1,-5.68559,0.6067952514,5.6472611427,,0.4782608695652174,0.7692307692307693,0,1,-7.23251,0.6029052734,5.5787391663,,0.4347826086956521,0.5384615384615384,0,1,-6.46746,0.5723187327,5.9079422951,,0.3478260869565217,0.6153846153846154,0,1,-6.06502,0.5646985769,5.4702401161,,0.391304347826087,0.6923076923076923,0,1,-7.44379,0.5615326762,5.3799958229,,0.3478260869565217,0.5384615384615384,0,1,10
ZINC000002355836,-6.46736,0.3728431165,5.5125107765,,0.3043478260869565,0.3846153846153846,0,1,-5.51077,0.3688087165,3.5460193157,,0.3478260869565217,0.3846153846153846,0,1,-5.98732,0.3627583981,5.4061889648,,0.5652173913043478,0.7692307692307693,0,1,-4.75465,0.3594218493,3.6310596466,,0.1739130434782608,0.2307692307692307,0,1,-6.49854,0.3530443609,5.3564343452,,0.3478260869565217,0.4615384615384615,0,1,-6.16171,0.3499390185,5.2768378258,,0.6086956521739131,0.8461538461538461,0,1,-5.42602,0.2951681614,3.7415077686,,0.1739130434782608,0.2307692307692307,0,1,-5.32031,0.2934578061,3.8831920624,,0.3478260869565217,0.3846153846153846,0,1,-5.49313,0.2834176719,3.7117841244,,0.1304347826086956,0.1538461538461538,0,1,-4.71241,0.2814808786,3.4840767384,,0.1304347826086956,0.2307692307692307,0,1,10
ZINC000002368284,-7.01797,0.4724511504,5.5127520561,,0.5217391304347826,0.6153846153846154,0,1,-6.28526,0.3000724018,4.9457163811,,0.5652173913043478,0.6923076923076923,0,1,-7.14754,0.2875889838,5.0001239777,,0.391304347826087,0.6153846153846154,0,1,-6.95356,0.2858171463,5.0853905678,,0.391304347826087,0.6153846153846154,0,1,-5.54442,0.1956063658,4.3622698784,,0.1304347826086956,0.1538461538461538,0,1,-5.55812,0.1784367412,4.7745871544,,0.3478260869565217,0.3076923076923077,0,1,-6.24446,0.1693353206,4.5102152824,,0.4347826086956521,0.3846153846153846,0,1,-6.10187,0.134766534,4.6262111664,,0.4782608695652174,0.4615384615384615,0,1,-6.15087,0.1295132786,4.8202013969,,0.2608695652173913,0.3076923076923077,0,1,-5.48311,0.123048529,4.2106781006,,0.3478260869565217,0.3846153846153846,0,1,10
ZINC000002387115,-7.68804,0.6030315161,5.1258983612,,0.2608695652173913,0.3076923076923077,0,1,-6.62588,0.370557487,5.2337384224,,0.3478260869565217,0.3846153846153846,0,1,-6.89184,0.3039659858,5.1085715294,,0.1739130434782608,0.3076923076923077,0,1,-6.16243,0.2972035408,4.627436161,,0.217391304347826,0.2307692307692307,0,1,-5.85797,0.2529720962,4.4800019264,,0.3043478260869565,0.3076923076923077,0,1,-6.16633,0.2505527735,5.0656342506,,0.217391304347826,0.3076923076923077,0,1,-6.96753,0.2403020263,5.0126152039,,0.217391304347826,0.3076923076923077,0,1,-6.49539,0.2395627052,4.4193892479,,0.3478260869565217,0.3846153846153846,0,1,-5.90755,0.2327765524,5.0649533272,,0.1304347826086956,0.2307692307692307,0,1,-6.9226,0.2274635136,5.1687970161,,0.3043478260869565,0.4615384615384615,0,1,10
ZINC000002389682,-6.02394,0.4063111544,4.6626501083,,0.2608695652173913,0.3076923076923077,0,1,-6.26397,0.3738388419,5.8620257378,,0.4782608695652174,0.5384615384615384,0,1,-6.69181,0.3402400315,5.8564453125,,0.5217391304347826,0.7692307692307693,0,1,-5.92772,0.3338552117,4.4831066132,,0.2608695652173913,0.3076923076923077,0,1,-6.27458,0.2627752423,4.9599165916,,0.5652173913043478,0.6923076923076923,0,1,-6.95665,0.2032227814,5.1885743141,,0.3043478260869565,0.3846153846153846,0,1,-5.73405,0.1820303053,3.7202663422,,0.3043478260869565,0.3846153846153846,0,1,-6.32581,0.1699312329,4.8625583649,,0.391304347826087,0.5384615384615384,0,1,-6.31742,0.1492396444,4.7385907173,,0.217391304347826,0.2307692307692307,0,1,-6.21026,0.1472333074,4.1749663353,,0.1739130434782608,0.2307692307692307,0,1,10
ZINC000002394055,-7.33599,0.4941285551,5.9688773155,,0.3043478260869565,0.3846153846153846,0,1,-6.24752,0.3849877715,5.7390503883,,0.217391304347826,0.3846153846153846,0,1,-8.23783,0.3573824465,6.5579619408,,0.6086956521739131,0.8461538461538461,0,1,-5.95985,0.3506797552,5.6112179756,,0.2608695652173913,0.3846153846153846,0,1,-8.9373,0.3369393945,5.9806780815,,0.2608695652173913,0.3076923076923077,0,1,-6.88431,0.3337252736,6.0163521767,,0.6956521739130435,0.7692307692307693,0,1,-8.00946,0.3087336421,6.207005024,,0.5652173913043478,0.7692307692307693,0,1,-8.30055,0.3076942265,5.894657135,,0.2608695652173913,0.3076923076923077,0,1,-6.37262,0.2827191651,4.8685779572,,0.3478260869565217,0.4615384615384615,0,1,-8.5939,0.2791793942,5.6591439247,,0.3478260869565217,0.4615384615384615,0,1,10
ZINC000002408551,-6.22679,0.390071243,4.3794794083,,0.4782608695652174,0.5384615384615384,0,1,-6.29321,0.3342687488,4.7803444862,,0.391304347826087,0.3846153846153846,0,1,-6.24181,0.3294608891,4.7525229454,,0.4347826086956521,0.4615384615384615,0,1,-6.09654,0.3237138987,4.9834442139,,0.3478260869565217,0.3846153846153846,0,1,-6.18372,0.2946957648,4.8790373802,,0.3043478260869565,0.3846153846153846,0,1,-6.79875,0.2811562717,4.9790024757,,0.3043478260869565,0.3846153846153846,0,1,-6.06797,0.2587997913,5.1494674683,,0.5217391304347826,0.6923076923076923,0,1,-6.83124,0.2437229306,4.7320308685,,0.3478260869565217,0.3846153846153846,0,1,-5.85298,0.2431423515,4.3894000053,,0.4347826086956521,0.5384615384615384,0,1,-6.7488,0.2393329889,4.7738666534,,0.391304347826087,0.5384615384615384,0,1,10
ZINC000002428287,-5.90288,0.8463888764,6.8033776283,,0.5652173913043478,0.6153846153846154,0,1,-6.01592,0.5874466896,6.6433048248,,0.6086956521739131,0.6923076923076923,0,1,-6.1592,0.5225729346,6.1237335205,,0.6521739130434783,0.6923076923076923,0,1,-6.75421,0.5073701739,6.1982865334,,0.6086956521739131,0.7692307692307693,0,1,-6.7412,0.4745023251,5.9359278679,,0.6086956521739131,0.8461538461538461,0,1,-7.58999,0.4419873059,6.1074767113,,0.391304347826087,0.5384615384615384,0,1,-4.4873,0.2317072153,4.50918293,,0.1739130434782608,0.2307692307692307,0,1,-5.49932,0.2302100062,5.3969559669,,0.3478260869565217,0.4615384615384615,0,1,-4.9514,0.1941173375,4.1943702698,,0.3043478260869565,0.3846153846153846,0,1,-4.83307,0.1911173463,4.2046046257,,0.2608695652173913,0.3846153846153846,0,1,10
ZINC000002428843,-6.9372,0.4611926973,6.2364268303,,0.6521739130434783,0.6923076923076923,1,1,-4.84734,0.4339971244,5.1527066231,,0.217391304347826,0.2307692307692307,0,1,-5.13067,0.4237445295,6.7432136536,,0.391304347826087,0.6923076923076923,0,1,-5.20385,0.4168809354,4.8589954376,,0.3478260869565217,0.3846153846153846,0,1,-5.12608,0.3929712772,5.6671261787,,0.3043478260869565,0.3076923076923077,0,1,-6.51008,0.3433988392,6.1947460175,,0.5217391304347826,0.6153846153846154,0,1,-6.97545,0.3250257969,6.0574302673,,0.4782608695652174,0.5384615384615384,1,1,-5.29478,0.3229032755,5.1328907013,,0.4782608695652174,0.4615384615384615,0,1,-5.40163,0.317794919,4.5355033875,,0.3043478260869565,0.3076923076923077,0,1,-6.53884,0.2348979414,5.9873633385,,0.2608695652173913,0.5384615384615384,0,1,10
ZINC000002440513,-5.95632,0.5207102895,4.4326548576,,0.4347826086956521,0.4615384615384615,0,1,-8.30249,0.448160708,6.0888710022,,0.4782608695652174,0.6923076923076923,0,1,-7.76043,0.4125930965,5.8671860695,,0.4782608695652174,0.6923076923076923,0,1,-5.57239,0.3239478171,4.4085597992,,0.3043478260869565,0.3076923076923077,0,1,-8.15487,0.3084909618,5.4349117279,,0.391304347826087,0.3846153846153846,0,1,-5.01675,0.3041298985,4.3816976547,,0.2608695652173913,0.3076923076923077,0,1,-4.90935,0.3029146791,4.1129302979,,0.2608695652173913,0.3846153846153846,0,1,-5.61833,0.294083178,4.4895730019,,0.3043478260869565,0.3076923076923077,0,1,-7.5906,0.2596241832,5.5232334137,,0.3478260869565217,0.3846153846153846,0,1,-5.73124,0.2464237958,4.2156758308,,0.4782608695652174,0.4615384615384615,0,1,10
ZINC000002441455,-5.6282,0.7670528889,5.7462596893,,0.391304347826087,0.4615384615384615,0,1,-6.68157,0.7161567807,5.5586280823,,0.4782608695652174,0.6923076923076923,0,1,-6.98155,0.6672082543,5.6211590767,,0.391304347826087,0.6153846153846154,0,1,-6.82415,0.6555017233,5.6997475624,,0.2608695652173913,0.4615384615384615,0,1,-5.77483,0.5636184216,5.1793375015,,0.4782608695652174,0.6153846153846154,0,1,-6.84237,0.5326356888,5.1189084053,,0.5652173913043478,0.6923076923076923,0,1,-6.54111,0.5198728442,5.3090896606,,0.2608695652173913,0.3846153846153846,0,1,-7.12101,0.4743632674,5.1937756538,,0.3478260869565217,0.6153846153846154,0,1,-5.21961,0.4733242095,4.5848698616,,0.2608695652173913,0.3076923076923077,0,1,-4.80871,0.4253144264,4.1099886894,,0.3043478260869565,0.3076923076923077,0,1,10
ZINC000002451263,-5.93698,0.4333757758,5.3874583244,,0.3478260869565217,0.3846153846153846,0,1,-5.38334,0.4139824808,4.9383659363,,0.217391304347826,0.2307692307692307,0,1,-6.01135,0.3315842152,5.1110582352,,0.1739130434782608,0.2307692307692307,0,1,-6.26221,0.3282561898,4.9485545158,,0.391304347826087,0.5384615384615384,0,1,-4.69689,0.2893613279,5.2521348,,0.2608695652173913,0.3846153846153846,0,1,-4.79977,0.2755607963,4.2879796028,,0.217391304347826,0.3076923076923077,0,1,-4.9278,0.2725841403,5.0763840675,,0.3043478260869565,0.5384615384615384,0,1,-6.44042,0.2720713913,4.7048544884,,0.4347826086956521,0.6153846153846154,0,1,-4.81998,0.263228327,3.1779181957,,0.1739130434782608,0.3076923076923077,0,1,-4.9854,0.2615899444,3.9598186016,,0.1739130434782608,0.2307692307692307,0,1,10
ZINC000002453230,-6.24202,0.2941009402,6.1928906441,,0.5217391304347826,0.6923076923076923,0,1,-6.21765,0.2442536652,5.2747325897,,0.217391304347826,0.3076923076923077,0,1,-6.45481,0.2420126796,4.4599642754,,0.2608695652173913,0.3076923076923077,0,1,-6.05013,0.2305609584,4.16603899,,0.1304347826086956,0.1538461538461538,0,1,-6.03721,0.2225540876,4.2704176903,,0.1304347826086956,0.2307692307692307,0,1,-6.76672,0.1755450666,5.1195054054,,0.4347826086956521,0.4615384615384615,0,1,-6.7026,0.1739651263,5.4295711517,,0.217391304347826,0.3076923076923077,0,1,-6.02755,0.1703039259,4.3515963554,,0.217391304347826,0.3076923076923077,0,1,-7.1688,0.1676876843,5.9426293373,,0.4782608695652174,0.5384615384615384,0,1,-8.45211,0.1632177383,5.6167221069,,0.5217391304347826,0.6923076923076923,0,1,10
ZINC000002468967,-6.05288,0.3175138533,4.3848538399,,0.4782608695652174,0.6153846153846154,0,1,-5.70917,0.281575501,4.4845232964,,0.5652173913043478,0.6923076923076923,0,1,-6.20561,0.2025268674,3.9927520752,,0.3478260869565217,0.3076923076923077,0,1,-6.63078,0.2000393122,4.3477101326,,0.3478260869565217,0.5384615384615384,0,1,-5.51211,0.1823318005,3.3074085712,,0.3478260869565217,0.3846153846153846,0,1,-6.43816,0.1736177206,3.9153232574,,0.391304347826087,0.5384615384615384,0,1,-6.12701,0.1709178835,3.3568389416,,0.391304347826087,0.3846153846153846,0,1,-6.43776,0.1620776802,4.2837338448,,0.3043478260869565,0.4615384615384615,0,1,-5.63327,0.1618331969,3.8894577026,,0.391304347826087,0.3846153846153846,0,1,-6.21141,0.1617649943,3.8427073956,,0.3043478260869565,0.3076923076923077,0,1,10
ZINC000002478879,-7.22374,0.5110919476,6.4252548218,,0.391304347826087,0.4615384615384615,0,1,-8.36876,0.2964010239,6.0483651161,,0.4347826086956521,0.5384615384615384,0,1,-8.07325,0.286935091,5.7280297279,,0.4347826086956521,0.5384615384615384,0,1,-7.92263,0.2756657898,6.2681407928,,0.4782608695652174,0.5384615384615384,0,1,-6.97639,0.2538023591,5.9047446251,,0.217391304347826,0.3076923076923077,0,1,-6.8303,0.2336519063,5.4947037697,,0.2608695652173913,0.3076923076923077,0,1,-8.01968,0.2177332342,5.6669325829,,0.5217391304347826,0.5384615384615384,0,1,-6.82286,0.1892669648,6.0382838249,,0.3478260869565217,0.4615384615384615,0,1,-8.3859,0.1848161966,5.8576264381,,0.4347826086956521,0.5384615384615384,0,1,-7.52512,0.1836239696,6.0886731148,,0.4347826086956521,0.6153846153846154,0,1,10
ZINC000002516938,-6.38131,0.7242611647,5.8155026436,,0.4347826086956521,0.5384615384615384,0,1,-6.4628,0.7030562162,5.8323178291,,0.391304347826087,0.6153846153846154,0,1,-5.9892,0.6388493776,5.7787995338,,0.4347826086956521,0.5384615384615384,0,1,-6.0888,0.6255863309,5.8543543816,,0.391304347826087,0.6923076923076923,0,1,-5.69925,0.4825939536,5.455637455,,0.6086956521739131,0.8461538461538461,0,1,-5.7679,0.3379693627,5.0832519531,,0.3478260869565217,0.5384615384615384,0,1,-7.13511,0.299887836,4.9588618279,,0.4782608695652174,0.5384615384615384,0,1,-6.32308,0.2949416637,4.9235954285,,0.7391304347826086,0.9230769230769232,0,1,-4.91248,0.2810914516,3.5755767822,,0.3478260869565217,0.3846153846153846,0,1,-6.82717,0.2766600549,4.9846186638,,0.4782608695652174,0.6153846153846154,0,1,10
ZINC000002541730,-4.74907,0.7067655921,4.4834647179,,0.3478260869565217,0.3076923076923077,0,1,-4.79067,0.6407676935,4.2218174934,,0.391304347826087,0.4615384615384615,0,1,-4.73356,0.5700210333,4.7079958916,,0.3478260869565217,0.3846153846153846,0,1,-4.45873,0.4564875066,4.4962325096,,0.217391304347826,0.3076923076923077,0,1,-5.26675,0.4540123045,4.2555584908,,0.3478260869565217,0.3846153846153846,0,1,-4.52905,0.3953813612,4.3448896408,,0.3478260869565217,0.3846153846153846,0,1,-5.50774,0.3804823458,4.4476108551,,0.391304347826087,0.3846153846153846,0,1,-5.20355,0.3760258555,5.4007754326,,0.3478260869565217,0.5384615384615384,0,1,-4.46464,0.3324732184,4.4790530205,,0.217391304347826,0.3076923076923077,0,1,-5.0873,0.3319453001,5.4171738625,,0.391304347826087,0.6153846153846154,0,1,10
ZINC000002556664,-7.38003,0.5261360407,5.8693885803,,0.391304347826087,0.5384615384615384,0,1,-7.09071,0.4297836423,6.0223622322,,0.4782608695652174,0.6923076923076923,0,1,-7.55403,0.4113436937,5.8115668297,,0.4347826086956521,0.6153846153846154,0,1,-6.40121,0.4026783109,5.662706852,,0.3478260869565217,0.6153846153846154,0,1,-7.44893,0.4016106725,5.6524887085,,0.4782608695652174,0.6153846153846154,0,1,-7.81993,0.3940068483,5.7086467743,,0.3043478260869565,0.4615384615384615,0,1,-7.07482,0.3870521486,5.8319211006,,0.391304347826087,0.4615384615384615,0,1,-8.1987,0.369718194,5.5720100403,,0.5217391304347826,0.6923076923076923,0,1,-7.66363,0.3464396596,5.7487068176,,0.4347826086956521,0.4615384615384615,0,1,-7.40948,0.33287099,5.7172107697,,0.5652173913043478,0.7692307692307693,0,1,10
ZINC000002560836,-6.77463,0.7238309979,5.9492592812,,0.391304347826087,0.4615384615384615,0,1,-6.49577,0.6872771382,5.5270943642,,0.3478260869565217,0.6153846153846154,0,1,-5.45652,0.6617110372,5.3452548981,,0.3478260869565217,0.6923076923076923,0,1,-6.69974,0.576954186,5.5114579201,,0.3043478260869565,0.5384615384615384,0,1,-6.27151,0.5171383023,5.8221859932,,0.4347826086956521,0.6923076923076923,0,1,-6.00668,0.4041435719,5.7181072235,,0.4347826086956521,0.6923076923076923,0,1,-5.87138,0.380335182,5.4366893768,,0.217391304347826,0.3076923076923077,0,1,-5.26761,0.3726709485,5.2272934914,,0.217391304347826,0.4615384615384615,0,1,-4.77784,0.360458523,4.6987533569,,0.1304347826086956,0.1538461538461538,0,1,-6.09656,0.3539191186,5.3540935516,,0.3478260869565217,0.4615384615384615,0,1,10
ZINC000002564515,-3.87936,0.4037508368,5.2876815796,,0.217391304347826,0.3076923076923077,1,1,-4.85929,0.3645555377,3.5558955669,,0.1304347826086956,0.1538461538461538,0,1,-5.26855,0.3579700589,4.2948002815,,0.3043478260869565,0.3846153846153846,0,1,-5.27465,0.3243085742,4.1300148964,,0.3478260869565217,0.3846153846153846,0,1,-5.15706,0.3128521442,4.2291321754,,0.3043478260869565,0.3076923076923077,0,1,-4.77698,0.3020735681,3.7197296619,,0.0869565217391304,0.1538461538461538,0,1,-6.32454,0.3008323908,5.472946167,,0.3478260869565217,0.4615384615384615,0,1,-4.83497,0.2993242443,4.0184254646,,0.3043478260869565,0.3846153846153846,0,1,-5.00775,0.2913265824,3.8922708035,,0.2608695652173913,0.3076923076923077,0,1,-5.292,0.2786672711,4.825984478,,0.1739130434782608,0.2307692307692307,0,1,10
ZINC000002567652,-5.2454,0.6213354468,4.0667796135,,0.3478260869565217,0.3846153846153846,0,1,-6.72695,0.4996404052,5.2769737244,,0.3043478260869565,0.3846153846153846,0,1,-6.87962,0.423063308,5.3195323944,,0.4347826086956521,0.4615384615384615,0,1,-7.40356,0.3825159669,5.3528423309,,0.3478260869565217,0.3846153846153846,0,1,-7.23549,0.3132048845,5.438501358,,0.2608695652173913,0.3076923076923077,0,1,-4.79469,0.2934428751,4.1586484909,,0.3043478260869565,0.3076923076923077,0,1,-5.00926,0.2702135146,3.7602131367,,0.2608695652173913,0.3076923076923077,0,1,-6.83049,0.2640972435,5.6064434052,,0.217391304347826,0.4615384615384615,0,1,-6.79197,0.2458187342,5.405374527,,0.3043478260869565,0.3846153846153846,0,1,-5.01218,0.2361562252,4.0569629669,,0.2608695652173913,0.3076923076923077,0,1,10
ZINC000002569523,-6.23566,0.9034089446,4.9829192162,,0.4347826086956521,0.6153846153846154,0,1,-5.66072,0.8931584954,4.9740900993,,0.3478260869565217,0.6153846153846154,0,1,-6.62496,0.8576808572,5.0019221306,,0.4782608695652174,0.6923076923076923,0,1,-5.53769,0.7572988272,4.6528096199,,0.4347826086956521,0.4615384615384615,0,1,-5.68881,0.690741837,4.6582865715,,0.3478260869565217,0.4615384615384615,0,1,-5.79852,0.6616951823,4.7808227539,,0.3478260869565217,0.3846153846153846,0,1,-5.36901,0.4344181716,4.4131512642,,0.3478260869565217,0.4615384615384615,0,1,-6.33448,0.4166402817,4.4627017975,,0.4347826086956521,0.6153846153846154,0,1,-6.44075,0.3850868642,4.6353797913,,0.4347826086956521,0.6153846153846154,0,1,-5.95177,0.3090519309,4.3986811638,,0.3478260869565217,0.3846153846153846,0,1,10
ZINC000002579058,-5.20917,0.3829244971,4.1402449608,,0.4347826086956521,0.4615384615384615,0,1,-4.94515,0.3758940101,4.1552529335,,0.3478260869565217,0.3846153846153846,0,1,-5.52271,0.3559087217,4.0690522194,,0.391304347826087,0.3846153846153846,0,1,-4.82363,0.3220477402,3.8946273327,,0.1304347826086956,0.1538461538461538,0,1,-5.30931,0.3208360672,4.0810742378,,0.391304347826087,0.3846153846153846,0,1,-4.57074,0.3060592413,3.866559267,,0.3478260869565217,0.3846153846153846,0,1,-4.87634,0.3042548001,4.0019335747,,0.3478260869565217,0.3076923076923077,0,1,-4.8989,0.3023352623,3.9755935669,,0.2608695652173913,0.3076923076923077,0,1,-5.43324,0.2953714728,4.3276133537,,0.4347826086956521,0.4615384615384615,0,1,-4.9155,0.2927779853,3.669052124,,0.3478260869565217,0.3846153846153846,0,1,10
ZINC000002591036,-7.22977,0.4685402215,6.6712646484,,0.6521739130434783,0.8461538461538461,0,1,-7.72362,0.4517403245,6.5159707069,,0.6086956521739131,0.8461538461538461,0,1,-6.47578,0.4253330231,6.3560433388,,0.6086956521739131,0.7692307692307693,0,1,-6.11493,0.3555954695,5.33867836,,0.3478260869565217,0.3076923076923077,0,1,-6.26341,0.2420536578,5.730550766,,0.4782608695652174,0.6153846153846154,0,1,-6.36625,0.2390916795,5.2253537178,,0.391304347826087,0.4615384615384615,0,1,-6.08704,0.2229475379,5.7866387367,,0.4782608695652174,0.6923076923076923,0,1,-6.05408,0.2157347649,4.5806365013,,0.3478260869565217,0.3846153846153846,0,1,-7.33621,0.2025258243,5.6719794273,,0.3478260869565217,0.3846153846153846,0,1,-6.97495,0.1798709929,5.307097435,,0.3478260869565217,0.4615384615384615,0,1,10
ZINC000002593335,-5.68568,0.7976779342,7.4519324303,,0.6521739130434783,0.7692307692307693,0,1,-5.90336,0.4167315066,6.3290162086,,0.5652173913043478,0.6923076923076923,0,1,-5.50968,0.4030924439,6.2771487236,,0.6956521739130435,0.9230769230769232,0,1,-4.68485,0.2284432948,3.8450405598,,0.3478260869565217,0.3846153846153846,0,1,-4.85278,0.2279442549,4.7043991089,,0.3478260869565217,0.4615384615384615,0,1,-6.91326,0.2130093127,5.4579863548,,0.2608695652173913,0.3076923076923077,0,1,-4.94957,0.1870158613,4.0530257225,,0.217391304347826,0.2307692307692307,0,1,-4.77878,0.1794907153,4.3835082054,,0.217391304347826,0.3076923076923077,0,1,-3.97012,0.1716472954,4.0093922615,,0.217391304347826,0.3076923076923077,0,1,-4.66818,0.1681529731,4.2340559959,,0.217391304347826,0.3076923076923077,0,1,10
ZINC000002637905,-4.45858,0.4561730027,3.5671947002,,0.3478260869565217,0.3846153846153846,0,1,-4.41075,0.4292945862,3.3648974895,,0.3043478260869565,0.3076923076923077,0,1,-5.21174,0.4051700234,4.969894886,,0.1739130434782608,0.1538461538461538,0,1,-4.56035,0.399333775,3.7637004852,,0.3043478260869565,0.3076923076923077,0,1,-4.69604,0.318885237,3.6852810383,,0.1739130434782608,0.2307692307692307,0,1,-4.88772,0.3065141141,3.5114612579,,0.217391304347826,0.2307692307692307,0,1,-6.17426,0.2837836146,5.2514958382,,0.391304347826087,0.6153846153846154,0,1,-6.04213,0.2790823281,4.5721459389,,0.3043478260869565,0.4615384615384615,0,1,-4.46019,0.2495829761,3.2472302914,,0.217391304347826,0.3076923076923077,0,1,-5.84298,0.2472143471,4.9486865997,,0.4347826086956521,0.6153846153846154,0,1,10
ZINC000002637979,-4.97583,0.3117182255,5.7512683868,,0.6086956521739131,0.7692307692307693,0,1,-5.10096,0.2978327572,5.7103404999,,0.5652173913043478,0.7692307692307693,0,1,-5.20002,0.2619977593,5.6398925781,,0.391304347826087,0.4615384615384615,0,1,-6.13729,0.2431429029,5.0466599464,,0.2608695652173913,0.3076923076923077,0,1,-4.68572,0.2295112312,5.0120716095,,0.0434782608695652,0.0769230769230769,0,1,-4.57411,0.2194020301,3.5135784149,,0.1739130434782608,0.1538461538461538,0,1,-6.88362,0.2179524601,5.4450526237,,0.4347826086956521,0.5384615384615384,0,1,-5.9895,0.2147360891,5.5933418274,,0.5652173913043478,0.7692307692307693,0,1,-6.28553,0.2014241666,5.1408638954,,0.5217391304347826,0.7692307692307693,0,1,-5.95143,0.1911976486,5.4517054558,,0.5217391304347826,0.6153846153846154,0,1,10
ZINC000002641475,-7.32765,0.3382703662,6.0460791588,,0.391304347826087,0.4615384615384615,0,1,-7.07665,0.334228307,6.0200695992,,0.6086956521739131,0.8461538461538461,0,1,-5.57378,0.1617046446,5.1092963219,,0.1304347826086956,0.1538461538461538,0,1,-5.73677,0.161229372,5.7047348022,,0.5217391304347826,0.6923076923076923,0,1,-6.1177,0.1611658186,6.0053634644,,0.4347826086956521,0.6153846153846154,0,1,-5.23523,0.1546104699,4.1230678558,,0.3043478260869565,0.3846153846153846,0,1,-6.86644,0.145480141,5.6571044922,,0.5652173913043478,0.6153846153846154,0,1,-6.93681,0.1400372386,5.8207631111,,0.5217391304347826,0.6153846153846154,0,1,-5.64253,0.1333245635,5.0430502892,,0.2608695652173913,0.3076923076923077,0,1,-6.15265,0.130162105,5.1672844887,,0.217391304347826,0.3076923076923077,0,1,10
ZINC000002641545,-5.62922,0.5574164391,4.4315552711,,0.391304347826087,0.3846153846153846,0,1,-5.501,0.4777967334,4.2035427094,,0.3043478260869565,0.3076923076923077,0,1,-5.32192,0.4747378826,4.0926470757,,0.1304347826086956,0.1538461538461538,0,1,-5.59184,0.3891385198,4.1883320808,,0.3478260869565217,0.3076923076923077,0,1,-6.4854,0.3597706854,4.6045594215,,0.217391304347826,0.3076923076923077,0,1,-5.62691,0.3406984508,3.8647639751,,0.217391304347826,0.2307692307692307,0,1,-7.29,0.3331743479,5.2084317207,,0.5217391304347826,0.7692307692307693,0,1,-8.00192,0.3148778081,5.1334280968,,0.391304347826087,0.4615384615384615,0,1,-5.45468,0.3046255112,3.9354553223,,0.2608695652173913,0.3846153846153846,0,1,-6.94304,0.2823470533,4.9948749542,,0.5652173913043478,0.7692307692307693,0,1,10
ZINC000002654117,-7.41719,0.7446212769,6.167371273,,0.391304347826087,0.4615384615384615,0,1,-7.44453,0.712884903,6.1818070412,,0.4347826086956521,0.5384615384615384,0,1,-6.14771,0.5175918341,5.6393332481,,0.217391304347826,0.3076923076923077,0,1,-6.26139,0.4935637414,5.6584072113,,0.217391304347826,0.3076923076923077,0,1,-6.63946,0.4638603926,5.754629612,,0.1739130434782608,0.2307692307692307,0,1,-6.25363,0.4228488803,5.1814727783,,0.217391304347826,0.2307692307692307,0,1,-6.84887,0.3753635287,5.595199585,,0.1739130434782608,0.2307692307692307,0,1,-6.38846,0.3115046024,5.3885207176,,0.2608695652173913,0.2307692307692307,0,1,-6.3409,0.2825572193,5.1774802208,,0.217391304347826,0.2307692307692307,0,1,-6.59246,0.2655551434,5.4622797966,,0.5217391304347826,0.6153846153846154,0,1,10
ZINC000002663539,-7.99904,0.4318355024,6.0682067871,,0.5217391304347826,0.6923076923076923,0,1,-8.16271,0.3049658537,6.039961338,,0.4782608695652174,0.6153846153846154,0,1,-6.10667,0.2937090993,5.3934588432,,0.217391304347826,0.3076923076923077,0,1,-6.13861,0.293284297,5.3416671753,,0.3043478260869565,0.3846153846153846,0,1,-6.03017,0.2874135673,4.4840035439,,0.1739130434782608,0.2307692307692307,0,1,-8.23826,0.2833610773,6.1143898964,,0.391304347826087,0.4615384615384615,0,1,-8.32831,0.2641664743,6.0304627419,,0.3478260869565217,0.4615384615384615,0,1,-8.28003,0.263639003,6.053375721,,0.4347826086956521,0.5384615384615384,0,1,-6.14332,0.2209214717,5.4928913116,,0.391304347826087,0.6153846153846154,0,1,-6.66648,0.2169396579,4.5962753296,,0.2608695652173913,0.3076923076923077,0,1,10
ZINC000002665412,-6.31397,0.3851726949,5.9304308891,,0.391304347826087,0.5384615384615384,0,1,-5.24923,0.3421508074,5.0382022858,,0.4782608695652174,0.6153846153846154,0,1,-6.71598,0.3414953947,5.3176188469,,0.3043478260869565,0.3076923076923077,0,1,-5.41312,0.3358758986,4.1324110031,,0.391304347826087,0.3846153846153846,0,1,-5.71951,0.3304917812,4.7656435966,,0.0869565217391304,0.0769230769230769,0,1,-6.05108,0.3206329048,5.1155028343,,0.217391304347826,0.3076923076923077,0,1,-6.34216,0.3194909692,5.337272644,,0.4782608695652174,0.6153846153846154,0,1,-6.94059,0.3146542013,5.1419286728,,0.3478260869565217,0.4615384615384615,0,1,-6.53455,0.2890340388,5.2757720947,,0.3043478260869565,0.4615384615384615,0,1,-5.9301,0.2838874161,5.3546700478,,0.4782608695652174,0.6923076923076923,0,1,10
ZINC000002665584,-7.7939,0.6454057097,6.1718621254,,0.6956521739130435,0.7692307692307693,0,1,-6.69217,0.6013652682,5.4425225258,,0.217391304347826,0.2307692307692307,0,1,-6.90695,0.5788811445,5.7202315331,,0.3478260869565217,0.4615384615384615,0,1,-7.95451,0.3647248745,5.6172766685,,0.5217391304347826,0.6153846153846154,0,1,-6.07808,0.3431479633,4.6087584496,,0.3043478260869565,0.3846153846153846,0,1,-7.42253,0.3162297606,5.4371609688,,0.5217391304347826,0.6153846153846154,0,1,-6.56463,0.2928288281,4.9930176735,,0.3478260869565217,0.4615384615384615,0,1,-6.18403,0.2856215239,5.6651515961,,0.4347826086956521,0.5384615384615384,0,1,-6.1327,0.2853588462,4.569457531,,0.3043478260869565,0.3076923076923077,0,1,-5.99346,0.278716594,4.2271537781,,0.391304347826087,0.3846153846153846,0,1,10
ZINC000002680047,-5.96032,0.2992735803,6.4700698853,,0.3478260869565217,0.3846153846153846,0,1,-5.37179,0.1991269439,4.8499279022,,0.3043478260869565,0.3076923076923077,0,1,-5.22228,0.1800215244,4.8008136749,,0.3043478260869565,0.3076923076923077,0,1,-6.31625,0.1797143817,5.0095729828,,0.391304347826087,0.3846153846153846,0,1,-5.64118,0.1792578995,6.1317615509,,0.6956521739130435,0.8461538461538461,0,1,-5.21457,0.1193953007,5.1740207672,,0.2608695652173913,0.3076923076923077,0,1,-5.39877,0.1104779914,4.6146154404,,0.217391304347826,0.2307692307692307,0,1,-5.42173,0.1093764454,4.5579414368,,0.3043478260869565,0.3076923076923077,0,1,-5.21068,0.1032084376,5.0629534721,,0.217391304347826,0.2307692307692307,0,1,-5.74543,0.0888037011,4.6159796715,,0.217391304347826,0.2307692307692307,0,1,10
ZINC000002687670,-6.62181,0.6395528316,5.9436898232,,0.5217391304347826,0.7692307692307693,0,1,-5.91881,0.5320058465,5.5594859123,,0.5217391304347826,0.7692307692307693,0,1,-6.75319,0.4796013534,5.8193459511,,0.5652173913043478,0.6923076923076923,0,1,-7.03245,0.4731192887,5.9777941704,,0.5217391304347826,0.6923076923076923,0,1,-6.53461,0.3828718662,5.5322189331,,0.5652173913043478,0.7692307692307693,0,1,-5.89808,0.370087713,5.4349555969,,0.5217391304347826,0.7692307692307693,0,1,-5.6019,0.3651293516,5.2048306465,,0.4347826086956521,0.5384615384615384,0,1,-6.43088,0.3344715834,5.3349628448,,0.391304347826087,0.5384615384615384,0,1,-6.87004,0.2811208665,5.7825508118,,0.5217391304347826,0.6153846153846154,0,1,-6.17252,0.2267367542,4.9904613495,,0.4347826086956521,0.5384615384615384,0,1,10
ZINC000002687675,-6.72762,0.7839892507,6.1294903755,,0.4347826086956521,0.6153846153846154,0,1,-6.19139,0.7693203092,6.1859488487,,0.4782608695652174,0.6923076923076923,0,1,-6.39843,0.6993613243,5.4483046532,,0.4782608695652174,0.6153846153846154,0,1,-5.93947,0.679091692,4.9556255341,,0.2608695652173913,0.3846153846153846,0,1,-5.52913,0.595410347,4.9071154594,,0.391304347826087,0.5384615384615384,0,1,-5.95401,0.4991081357,5.4101524353,,0.4782608695652174,0.6923076923076923,0,1,-6.02361,0.38777107,4.6396193504,,0.217391304347826,0.3076923076923077,0,1,-6.32186,0.3518373966,5.3381342888,,0.2608695652173913,0.3076923076923077,0,1,-5.19956,0.3179947734,4.5789585114,,0.1739130434782608,0.2307692307692307,0,1,-4.29261,0.2970835268,5.2877025604,,0.4347826086956521,0.5384615384615384,0,1,10
ZINC000002688870,-6.95173,0.30789873,5.7701325417,,0.6086956521739131,0.6153846153846154,0,1,-8.01667,0.2727326155,5.9892411232,,0.391304347826087,0.5384615384615384,0,1,-7.77763,0.2499330491,5.5171618462,,0.391304347826087,0.5384615384615384,0,1,-6.44347,0.2370034605,5.614151001,,0.2608695652173913,0.3846153846153846,0,1,-8.28546,0.2314563841,5.7704110146,,0.4782608695652174,0.5384615384615384,0,1,-8.71209,0.228472203,5.8561205864,,0.4347826086956521,0.4615384615384615,0,1,-7.22239,0.2282815874,5.6092762947,,0.4347826086956521,0.5384615384615384,0,1,-6.38603,0.226502046,5.6795082092,,0.3478260869565217,0.4615384615384615,0,1,-8.74167,0.220610857,5.9000115395,,0.4782608695652174,0.5384615384615384,0,1,-6.76394,0.2005350292,5.7089118958,,0.3478260869565217,0.5384615384615384,0,1,10
ZINC000002690033,-7.67163,0.3563963771,5.625234127,,0.5217391304347826,0.5384615384615384,0,1,-7.61267,0.2177199721,5.2288918495,,0.4347826086956521,0.5384615384615384,0,1,-6.54496,0.2066362798,5.2243704796,,0.3043478260869565,0.4615384615384615,0,1,-6.93385,0.2019732744,4.9519329071,,0.3478260869565217,0.3846153846153846,0,1,-6.52148,0.1623299569,4.6268353462,,0.391304347826087,0.5384615384615384,0,1,-6.79737,0.1607320011,4.8776879311,,0.3043478260869565,0.3076923076923077,0,1,-6.72541,0.1448866874,4.8312187195,,0.4782608695652174,0.6153846153846154,0,1,-6.60096,0.1386404485,4.611787796,,0.2608695652173913,0.3076923076923077,0,1,-6.60979,0.1322270781,4.5018296242,,0.3043478260869565,0.3846153846153846,0,1,-7.60717,0.1292921454,4.8404903412,,0.3043478260869565,0.5384615384615384,0,1,10
ZINC000002710628,-7.35445,0.3051493764,6.6038970947,,0.4782608695652174,0.7692307692307693,0,1,-7.60884,0.2731985152,6.0758070946,,0.4347826086956521,0.4615384615384615,0,1,-7.42269,0.2546082139,6.3736381531,,0.6956521739130435,0.8461538461538461,0,1,-7.63657,0.2332975268,6.3508777618,,0.4782608695652174,0.7692307692307693,0,1,-7.21629,0.2189972997,6.0042862892,,0.1739130434782608,0.3076923076923077,0,1,-7.31841,0.1955744326,6.2610993385,,0.4782608695652174,0.6923076923076923,0,1,-7.3069,0.1758641005,6.3694252968,,0.4782608695652174,0.6923076923076923,0,1,-7.53575,0.1685871482,6.1961283684,,0.2608695652173913,0.3846153846153846,0,1,-6.94257,0.1660949886,6.080291748,,0.2608695652173913,0.3846153846153846,0,1,-7.12675,0.1648476124,6.2509045601,,0.4782608695652174,0.7692307692307693,0,1,10
ZINC000002710650,-6.18548,0.4874818325,4.2626881599,,0.4782608695652174,0.5384615384615384,0,1,-7.11281,0.4559610188,4.5509104729,,0.391304347826087,0.3846153846153846,0,1,-7.10832,0.4249351621,5.4620127678,,0.5217391304347826,0.6153846153846154,0,1,-6.92344,0.4184367359,5.362467289,,0.391304347826087,0.4615384615384615,0,1,-7.98986,0.4093099833,4.9820232391,,0.5217391304347826,0.6923076923076923,0,1,-7.12655,0.4092996418,4.372903347,,0.4347826086956521,0.4615384615384615,0,1,-7.60411,0.4076837599,4.9515075684,,0.4347826086956521,0.5384615384615384,0,1,-7.40222,0.3929102421,5.4378457069,,0.1739130434782608,0.3076923076923077,0,1,-6.25669,0.3786852658,4.1354503632,,0.3043478260869565,0.3076923076923077,0,1,-7.49132,0.371129334,5.4181351662,,0.3043478260869565,0.3076923076923077,0,1,10
ZINC000002749179,-6.985,0.2307752371,5.2297844887,,0.3043478260869565,0.3846153846153846,0,1,-7.31605,0.2246594876,5.0753679276,,0.3478260869565217,0.4615384615384615,0,1,-6.79645,0.211853534,4.9327144623,,0.2608695652173913,0.3076923076923077,0,1,-7.28386,0.1927519441,5.1112351418,,0.3478260869565217,0.5384615384615384,0,1,-7.37042,0.192626074,5.257516861,,0.4347826086956521,0.6153846153846154,0,1,-6.84087,0.1910963058,4.8667140007,,0.217391304347826,0.3076923076923077,0,1,-6.76739,0.1895564944,5.926586628,,0.4347826086956521,0.6923076923076923,0,1,-7.34214,0.1874896437,5.0814681053,,0.391304347826087,0.5384615384615384,0,1,-6.69809,0.1859268695,4.9187569618,,0.3478260869565217,0.5384615384615384,0,1,-6.86081,0.1843303889,4.5960063934,,0.3478260869565217,0.3846153846153846,0,1,10
ZINC000002786648,-6.68478,0.4314945936,6.2719922066,,0.5217391304347826,0.6153846153846154,0,1,-6.79149,0.4119718671,6.2012686729,,0.6086956521739131,0.7692307692307693,0,1,-7.25459,0.2624515295,5.2509531975,,0.4347826086956521,0.5384615384615384,0,1,-7.28128,0.2521248162,5.2556595802,,0.5217391304347826,0.5384615384615384,0,1,-6.93637,0.1910338849,5.1185660362,,0.3478260869565217,0.4615384615384615,0,1,-6.94819,0.1766867191,4.9229016304,,0.5217391304347826,0.6153846153846154,0,1,-7.44496,0.1626431197,5.0814452171,,0.391304347826087,0.5384615384615384,0,1,-7.39707,0.1595128477,5.0736103058,,0.391304347826087,0.5384615384615384,0,1,-7.12527,0.1561308801,5.3530635834,,0.2608695652173913,0.3846153846153846,0,1,-8.08654,0.1498253793,5.2412009239,,0.3043478260869565,0.3846153846153846,0,1,10
ZINC000002788409,-6.9206,0.3994857073,4.9957880974,,0.4782608695652174,0.5384615384615384,0,1,-8.38278,0.329256773,6.1563324928,,0.5217391304347826,0.6923076923076923,0,1,-6.7547,0.2804513574,5.8539948463,,0.6086956521739131,0.6923076923076923,1,1,-7.65105,0.2522516549,5.9692940712,,0.6521739130434783,0.7692307692307693,0,1,-6.76486,0.2435100079,5.9077439308,,0.6086956521739131,0.8461538461538461,0,1,-8.09085,0.2345859408,5.5153136253,,0.5652173913043478,0.7692307692307693,0,1,-7.12664,0.2315186709,4.7913341522,,0.4347826086956521,0.3846153846153846,0,1,-8.21249,0.2248050869,5.9676041603,,0.5652173913043478,0.6923076923076923,0,1,-6.62047,0.2114916295,5.551887989,,0.3043478260869565,0.3846153846153846,0,1,-6.92822,0.1854384094,5.5291275978,,0.4782608695652174,0.6923076923076923,0,1,10
ZINC000002802808,-7.03099,0.8300389051,5.9736952782,,0.5652173913043478,0.6153846153846154,0,1,-6.6464,0.5703185797,5.8949027061,,0.5217391304347826,0.6923076923076923,0,1,-6.85669,0.5429265499,5.9448280334,,0.4347826086956521,0.6923076923076923,0,1,-6.15488,0.5049703717,5.9449653625,,0.391304347826087,0.4615384615384615,0,1,-6.12566,0.4929481149,5.8109107018,,0.3478260869565217,0.4615384615384615,0,1,-5.93317,0.48081249,5.6611819267,,0.5652173913043478,0.6923076923076923,1,1,-6.41354,0.3182183802,5.0674629211,,0.3043478260869565,0.3076923076923077,0,1,-5.99828,0.2947223186,5.4787859917,,0.391304347826087,0.4615384615384615,0,1,-5.98135,0.2861774564,5.4565968513,,0.4347826086956521,0.4615384615384615,0,1,-6.40655,0.2852951586,5.5356917381,,0.391304347826087,0.4615384615384615,0,1,10
ZINC000002810835,-4.54329,0.5205800533,3.8716316223,,0.1739130434782608,0.2307692307692307,0,1,-5.21546,0.4884596765,3.9344997406,,0.1304347826086956,0.1538461538461538,0,1,-4.71311,0.442239821,3.8024711609,,0.0869565217391304,0.1538461538461538,0,1,-4.53247,0.4322098196,4.1185622215,,0.3043478260869565,0.3076923076923077,0,1,-4.68875,0.3725634515,3.7810268402,,0.1304347826086956,0.1538461538461538,0,1,-5.40289,0.3725169599,4.1734800339,,0.2608695652173913,0.3076923076923077,0,1,-4.65846,0.368997395,3.9191741943,,0.0434782608695652,0.1538461538461538,0,1,-4.53653,0.3532324731,3.6845290661,,0.1739130434782608,0.2307692307692307,0,1,-4.84396,0.3471370339,3.6930122375,,0.1739130434782608,0.2307692307692307,0,1,-5.04124,0.32259354,4.1676807404,,0.2608695652173913,0.3846153846153846,0,1,10
ZINC000002814456,-5.07173,0.3275133371,4.3142895699,,0.2608695652173913,0.3846153846153846,0,1,-7.3937,0.3093600273,5.7797837257,,0.5652173913043478,0.7692307692307693,0,1,-6.34142,0.2787783742,5.3839726448,,0.4782608695652174,0.6153846153846154,0,1,-6.58393,0.2587364018,5.2478346825,,0.3478260869565217,0.4615384615384615,0,1,-5.7991,0.2211972028,5.180305481,,0.3478260869565217,0.4615384615384615,0,1,-5.16528,0.2130188644,3.7919528484,,0.3043478260869565,0.3076923076923077,0,1,-4.94632,0.2042453587,3.7618515491,,0.1304347826086956,0.2307692307692307,0,1,-4.69664,0.1948091537,4.7349333763,,0.2608695652173913,0.3076923076923077,0,1,-5.10435,0.1881932616,3.6817348003,,0.0869565217391304,0.0769230769230769,0,1,-4.90709,0.1835179776,3.9817335606,,0.217391304347826,0.2307692307692307,0,1,10
ZINC000002836076,-6.46075,0.2383997887,4.5461387634,,0.5652173913043478,0.6923076923076923,0,1,-6.52943,0.2080868632,4.6298537254,,0.2608695652173913,0.3846153846153846,0,1,-6.53241,0.2053946555,4.647210598,,0.3478260869565217,0.5384615384615384,0,1,-6.44915,0.1902355254,4.7597289085,,0.3478260869565217,0.5384615384615384,0,1,-6.1933,0.1746870577,4.5643482208,,0.3478260869565217,0.3846153846153846,0,1,-6.83406,0.1741402,4.357899189,,0.3478260869565217,0.5384615384615384,0,1,-5.57509,0.173860237,3.7734394073,,0.3478260869565217,0.3846153846153846,0,1,-6.00373,0.1641646773,4.37140131,,0.3478260869565217,0.3846153846153846,0,1,-5.84211,0.1641257852,4.2302269936,,0.4347826086956521,0.6153846153846154,0,1,-7.36776,0.1488767415,4.3819365501,,0.3478260869565217,0.4615384615384615,0,1,10
ZINC000002837213,-7.25134,0.3975686133,6.7331981659,,0.4782608695652174,0.6923076923076923,0,1,-8.15018,0.3177469969,6.0043888092,,0.4782608695652174,0.6923076923076923,0,1,-7.46134,0.2833940089,5.8217563629,,0.5217391304347826,0.6153846153846154,0,1,-7.05938,0.2608802319,5.8741469383,,0.217391304347826,0.3076923076923077,0,1,-7.16906,0.2513526976,5.4592990875,,0.3043478260869565,0.3076923076923077,0,1,-7.817,0.2400600612,6.2709403038,,0.4347826086956521,0.4615384615384615,0,1,-7.85511,0.2278624624,6.2221589088,,0.391304347826087,0.5384615384615384,0,1,-7.60615,0.22733441,5.8608455658,,0.2608695652173913,0.3076923076923077,0,1,-7.98464,0.2145214528,5.9982395172,,0.391304347826087,0.5384615384615384,0,1,-7.5509,0.2131481469,5.8030467033,,0.5217391304347826,0.6153846153846154,0,1,10
ZINC000002855812,-8.05143,0.3087147176,6.4564833641,,0.4782608695652174,0.6153846153846154,0,1,-7.45761,0.283105582,6.1551709175,,0.5217391304347826,0.6923076923076923,0,1,-7.43711,0.268260628,5.9319434166,,0.3478260869565217,0.4615384615384615,0,1,-8.46968,0.2371593118,5.8686614037,,0.6086956521739131,0.7692307692307693,0,1,-7.80001,0.2295103967,5.9448165894,,0.5652173913043478,0.6923076923076923,0,1,-7.91954,0.2279714197,6.3304271698,,0.6086956521739131,0.7692307692307693,0,1,-7.0253,0.2277917266,5.2266559601,,0.2608695652173913,0.3846153846153846,0,1,-7.8273,0.2233277708,6.2959227562,,0.5652173913043478,0.6923076923076923,0,1,-7.13502,0.2169725895,5.289604187,,0.4347826086956521,0.5384615384615384,0,1,-7.71482,0.2103203684,5.876958847,,0.6086956521739131,0.7692307692307693,0,1,10
ZINC000002879561,-5.8952,0.5813661218,4.9505038261,,0.391304347826087,0.3846153846153846,0,1,-5.83176,0.4237617552,5.7208251953,,0.4782608695652174,0.7692307692307693,0,1,-5.4779,0.3053511083,4.2913432121,,0.391304347826087,0.4615384615384615,0,1,-6.02549,0.292766571,5.3906059265,,0.3043478260869565,0.3846153846153846,0,1,-7.3054,0.2634674907,6.201315403,,0.4782608695652174,0.5384615384615384,0,1,-6.10279,0.2535028458,4.6885046959,,0.1304347826086956,0.2307692307692307,0,1,-5.67947,0.2373330891,4.2793421745,,0.4347826086956521,0.4615384615384615,0,1,-5.63236,0.2271437943,3.8827552795,,0.3478260869565217,0.3076923076923077,0,1,-6.89637,0.2260865271,5.8227348328,,0.391304347826087,0.6153846153846154,0,1,-7.46789,0.2250414044,6.2464828491,,0.3478260869565217,0.5384615384615384,0,1,10
ZINC000002892008,-6.64461,0.5687648654,5.4977898598,,0.4347826086956521,0.6153846153846154,0,1,-5.98739,0.4998354912,5.84167099,,0.2608695652173913,0.3846153846153846,0,1,-6.78609,0.4479531646,5.5467681885,,0.1304347826086956,0.1538461538461538,0,1,-5.03726,0.3409596086,3.9789819717,,0.1739130434782608,0.2307692307692307,0,1,-5.18736,0.3285765648,5.264362812,,0.1739130434782608,0.2307692307692307,0,1,-7.38636,0.2682147622,5.3885073662,,0.1304347826086956,0.1538461538461538,0,1,-5.77357,0.2627274692,4.8993988037,,0.3478260869565217,0.3846153846153846,0,1,-6.61151,0.2528877854,5.252114296,,0.1304347826086956,0.1538461538461538,0,1,-5.59267,0.2347145677,5.1149687767,,0.2608695652173913,0.3846153846153846,0,1,-5.12402,0.2211845368,5.0606236458,,0.1739130434782608,0.2307692307692307,0,1,10
ZINC000002897286,-6.95027,0.3151809871,5.609369278,,0.4782608695652174,0.6153846153846154,0,1,-7.70998,0.2986332774,5.9847369194,,0.5217391304347826,0.7692307692307693,0,1,-8.25924,0.2565602362,5.4814987183,,0.4347826086956521,0.6153846153846154,0,1,-8.03196,0.2252196819,5.3748130798,,0.5217391304347826,0.6923076923076923,0,1,-7.33017,0.1955692619,5.3668079376,,0.3478260869565217,0.4615384615384615,0,1,-6.48072,0.1872233897,5.3738918304,,0.4347826086956521,0.5384615384615384,0,1,-8.03918,0.1757548004,5.2568612099,,0.391304347826087,0.5384615384615384,0,1,-6.68392,0.1661595851,5.7212791443,,0.391304347826087,0.5384615384615384,0,1,-8.11652,0.1351802498,5.5871558189,,0.5217391304347826,0.8461538461538461,0,1,-7.06557,0.1304007173,5.4093322754,,0.391304347826087,0.6923076923076923,0,1,10
ZINC000002899978,-5.46638,0.7144242525,6.8600382805,,0.6086956521739131,0.6923076923076923,0,1,-5.2234,0.6750202179,6.8340244293,,0.6086956521739131,0.6923076923076923,0,1,-8.14361,0.6114245057,6.483397007,,0.5217391304347826,0.6923076923076923,0,1,-6.98074,0.5484193563,6.3984999657,,0.4782608695652174,0.6923076923076923,0,1,-4.36126,0.4010242224,6.2378659248,,0.6086956521739131,0.8461538461538461,0,1,-4.54511,0.2455464154,4.5468931198,,0.1739130434782608,0.3076923076923077,0,1,-4.48711,0.2151930183,4.5854182243,,0.1304347826086956,0.1538461538461538,0,1,-6.94431,0.2149733901,5.8809890747,,0.391304347826087,0.5384615384615384,0,1,-5.63046,0.2024903297,5.7847790718,,0.391304347826087,0.5384615384615384,0,1,-5.44297,0.1932882369,5.5605049133,,0.4782608695652174,0.6153846153846154,0,1,10
ZINC000002900666,-6.51564,0.5179749727,5.9827065468,,0.5217391304347826,0.5384615384615384,0,1,-6.55451,0.4225723445,5.9817137718,,0.4782608695652174,0.5384615384615384,0,1,-6.57262,0.3792804182,6.0258402824,,0.5652173913043478,0.6153846153846154,0,1,-6.52608,0.3730753064,5.9010148048,,0.5217391304347826,0.5384615384615384,0,1,-5.16356,0.3253576756,4.0894713402,,0.3478260869565217,0.3846153846153846,0,1,-5.16993,0.3158919513,4.0079045296,,0.3043478260869565,0.3076923076923077,0,1,-5.05072,0.305860728,4.0989513397,,0.391304347826087,0.4615384615384615,0,1,-6.51995,0.2875855565,5.7587628365,,0.3478260869565217,0.5384615384615384,0,1,-6.31302,0.2872029245,5.6570658684,,0.391304347826087,0.6923076923076923,0,1,-5.49534,0.2652395368,3.7861583233,,0.3043478260869565,0.3846153846153846,0,1,10
ZINC000002904942,-5.39188,0.6760402322,5.6135277748,,0.6521739130434783,0.6923076923076923,0,1,-6.51457,0.6174623966,5.6200714111,,0.5217391304347826,0.7692307692307693,0,1,-5.40566,0.545447886,5.1460027695,,0.5652173913043478,0.7692307692307693,0,1,-5.53216,0.5321848989,4.5978417397,,0.217391304347826,0.3846153846153846,0,1,-5.67269,0.5213968158,4.5571198463,,0.5217391304347826,0.7692307692307693,0,1,-5.49632,0.4675859511,4.6853375435,,0.5652173913043478,0.7692307692307693,0,1,-5.98059,0.4626801312,4.4526386261,,0.5652173913043478,0.7692307692307693,0,1,-6.81532,0.4605969191,4.8423075676,,0.6086956521739131,0.6923076923076923,0,1,-6.22084,0.4539425969,5.2440705299,,0.6956521739130435,0.8461538461538461,0,1,-6.78125,0.4467495084,4.7609400749,,0.5217391304347826,0.6923076923076923,0,1,10
ZINC000002934290,-6.89055,0.4773328304,5.6922893524,,0.391304347826087,0.4615384615384615,0,1,-6.39851,0.3805813193,5.9914684296,,0.4782608695652174,0.6923076923076923,0,1,-5.6666,0.3098990023,4.5333456993,,0.2608695652173913,0.3846153846153846,0,1,-5.74686,0.275763303,4.6440634727,,0.2608695652173913,0.3846153846153846,0,1,-7.5976,0.2571699917,5.3368835449,,0.4347826086956521,0.5384615384615384,0,1,-5.74027,0.2544090748,4.6551036835,,0.2608695652173913,0.3076923076923077,0,1,-7.46592,0.2537135184,5.3202614784,,0.4347826086956521,0.5384615384615384,0,1,-6.74935,0.2344435453,4.8515439034,,0.3043478260869565,0.3076923076923077,0,1,-5.63201,0.2269915938,4.3959217072,,0.217391304347826,0.3076923076923077,0,1,-6.91373,0.2263020426,5.3957695961,,0.5217391304347826,0.6153846153846154,0,1,10
ZINC000002934761,-7.02669,0.8125441074,6.4993052483,,0.4347826086956521,0.5384615384615384,0,1,-7.98586,0.6456656456,5.9016838074,,0.391304347826087,0.3846153846153846,0,1,-8.18563,0.63971591,5.8618502617,,0.391304347826087,0.3846153846153846,0,1,-7.92976,0.6090299487,5.7685775757,,0.3043478260869565,0.3076923076923077,0,1,-7.83192,0.5394588709,5.893725872,,0.391304347826087,0.3846153846153846,0,1,-7.90952,0.4658687115,5.9422593117,,0.391304347826087,0.3846153846153846,0,1,-7.90444,0.4444094598,5.5076999664,,0.391304347826087,0.4615384615384615,0,1,-6.8739,0.4364871383,6.2217288017,,0.391304347826087,0.4615384615384615,0,1,-6.83721,0.4353715479,6.0746102333,,0.4782608695652174,0.5384615384615384,0,1,-8.6646,0.4132691324,5.8901290894,,0.3478260869565217,0.4615384615384615,0,1,10
ZINC000002948696,-6.61625,0.6440899372,5.6531224251,,0.4347826086956521,0.5384615384615384,0,1,-6.73296,0.6282629371,5.520172596,,0.5217391304347826,0.6153846153846154,0,1,-6.70644,0.6137128472,5.6865057945,,0.5217391304347826,0.6153846153846154,0,1,-6.85682,0.6014597416,5.2755141258,,0.5652173913043478,0.6153846153846154,0,1,-7.72512,0.6012672782,5.7760624886,,0.391304347826087,0.5384615384615384,0,1,-6.4821,0.593423605,5.5039162636,,0.4782608695652174,0.5384615384615384,0,1,-7.72159,0.5704165101,5.7073020935,,0.391304347826087,0.5384615384615384,0,1,-8.52653,0.5200991035,5.0621643066,,0.3478260869565217,0.4615384615384615,0,1,-6.50402,0.5094949007,5.2169070244,,0.5652173913043478,0.7692307692307693,0,1,-8.5067,0.4984730184,5.0607686043,,0.2608695652173913,0.3846153846153846,0,1,10
ZINC000002949343,-7.10121,0.6193282604,5.6081199646,,0.5217391304347826,0.6153846153846154,0,1,-7.00435,0.6107007265,5.5373325348,,0.4782608695652174,0.5384615384615384,0,1,-6.69935,0.5477901101,5.408806324,,0.4347826086956521,0.6153846153846154,0,1,-6.92793,0.5381983519,4.9922747612,,0.2608695652173913,0.2307692307692307,0,1,-6.65044,0.5096654892,6.0035099983,,0.5652173913043478,0.6923076923076923,0,1,-7.20344,0.4685798585,5.2353949547,,0.4782608695652174,0.6153846153846154,0,1,-6.73636,0.448589325,4.9185824394,,0.2608695652173913,0.2307692307692307,0,1,-7.79839,0.4230462611,5.711824894,,0.391304347826087,0.5384615384615384,0,1,-7.53339,0.4082065821,5.5755271912,,0.4347826086956521,0.5384615384615384,0,1,-7.72853,0.3797803819,5.7121911049,,0.3478260869565217,0.4615384615384615,0,1,10
ZINC000002972325,-6.02548,0.4205340445,5.3949241638,,0.391304347826087,0.5384615384615384,0,1,-6.69273,0.3517437875,5.0333576202,,0.1739130434782608,0.2307692307692307,0,1,-6.48702,0.3394418359,5.0579380989,,0.391304347826087,0.5384615384615384,0,1,-5.78935,0.2620522678,4.358543396,,0.1739130434782608,0.1538461538461538,0,1,-5.83642,0.2582571208,4.4576659203,,0.0869565217391304,0.1538461538461538,0,1,-5.71758,0.2510379553,4.2559151649,,0.1739130434782608,0.2307692307692307,0,1,-6.31098,0.2479699105,5.3009867668,,0.5652173913043478,0.6923076923076923,0,1,-6.02217,0.2438754737,4.6318736076,,0.1304347826086956,0.1538461538461538,0,1,-5.54536,0.2369044423,3.8557503223,,0.4347826086956521,0.4615384615384615,0,1,-5.90346,0.2342683673,4.5707583427,,0.1739130434782608,0.1538461538461538,0,1,10
ZINC000002976911,-6.69888,0.6416937113,6.1245236397,,0.5217391304347826,0.6153846153846154,0,1,-6.90519,0.5853575468,5.9500060081,,0.391304347826087,0.5384615384615384,0,1,-6.82658,0.4946591854,5.9172763824,,0.5652173913043478,0.6923076923076923,0,1,-6.91653,0.4114156365,5.4042835236,,0.217391304347826,0.3076923076923077,0,1,-6.72942,0.3123316765,5.0000557899,,0.2608695652173913,0.3076923076923077,0,1,-6.25513,0.306412369,4.7252941132,,0.2608695652173913,0.2307692307692307,0,1,-7.13915,0.3007779121,5.7882156372,,0.391304347826087,0.4615384615384615,0,1,-6.64662,0.2428937554,5.0902080536,,0.3478260869565217,0.3846153846153846,0,1,-6.09322,0.1752663553,4.7890892029,,0.2608695652173913,0.3076923076923077,0,1,-5.59296,0.1739723533,3.7998034954,,0.2608695652173913,0.3076923076923077,0,1,10
ZINC000002978198,-6.30186,0.710000813,6.2159481049,,0.4347826086956521,0.6923076923076923,0,1,-6.4646,0.5872958899,5.8108515739,,0.5652173913043478,0.6923076923076923,0,1,-6.14155,0.5415355563,5.16832304,,0.4347826086956521,0.6153846153846154,0,1,-4.7477,0.5217978954,3.9412066936,,0.3478260869565217,0.3076923076923077,0,1,-4.44031,0.5028377771,3.9601156712,,0.0869565217391304,0.1538461538461538,0,1,-5.78825,0.4683355391,5.2305817604,,0.3478260869565217,0.4615384615384615,0,1,-4.38318,0.4000516236,4.0666060448,,0.217391304347826,0.2307692307692307,0,1,-5.69883,0.3671908677,4.7213377953,,0.1304347826086956,0.1538461538461538,0,1,-6.08801,0.3520781994,4.8892464638,,0.1304347826086956,0.1538461538461538,0,1,-4.65076,0.3517683446,3.4893894196,,0.1739130434782608,0.2307692307692307,0,1,10
ZINC000002979200,-6.56212,0.5551065207,5.9330897331,,0.5652173913043478,0.7692307692307693,0,1,-6.47583,0.5264342427,5.5315279961,,0.4782608695652174,0.5384615384615384,0,1,-7.89633,0.4252694547,5.3447051048,,0.5217391304347826,0.6153846153846154,0,1,-7.89884,0.3668082058,5.4054164886,,0.4782608695652174,0.6153846153846154,0,1,-7.37006,0.3661581278,5.313305378,,0.391304347826087,0.5384615384615384,0,1,-6.65619,0.3576024175,5.4356503487,,0.4347826086956521,0.6923076923076923,0,1,-6.66528,0.3552767336,5.4549546242,,0.391304347826087,0.6153846153846154,0,1,-7.41838,0.3359480798,5.2268247604,,0.391304347826087,0.5384615384615384,0,1,-6.96878,0.2982061803,5.234228611,,0.4347826086956521,0.6923076923076923,0,1,-6.70733,0.2776283324,5.2749114037,,0.4782608695652174,0.7692307692307693,0,1,10
ZINC000002995024,-4.41787,0.3595676124,6.2541561127,,0.6521739130434783,0.7692307692307693,0,1,-5.99657,0.2185968757,5.5647206306,,0.391304347826087,0.4615384615384615,0,1,-4.53469,0.1734465063,3.9695503712,,0.3043478260869565,0.3076923076923077,0,1,-5.8262,0.1699193418,5.7534942627,,0.1739130434782608,0.1538461538461538,0,1,-5.60266,0.1680857986,4.9356398582,,0.3478260869565217,0.4615384615384615,0,1,-4.68994,0.1638611406,4.3965401649,,0.1739130434782608,0.2307692307692307,0,1,-5.49777,0.1621508449,5.8875918388,,0.391304347826087,0.5384615384615384,0,1,-5.0968,0.1572421044,3.7456805706,,0.3043478260869565,0.3076923076923077,0,1,-5.21886,0.1544224918,4.4560322762,,0.1304347826086956,0.2307692307692307,0,1,-4.62363,0.1478304416,5.0204429626,,0.217391304347826,0.3076923076923077,0,1,10
ZINC000002996479,-5.55411,0.4461920559,6.1144886017,,0.4347826086956521,0.5384615384615384,0,1,-6.87382,0.4390842319,6.0038414001,,0.4347826086956521,0.6923076923076923,0,1,-6.10574,0.3002890348,5.8303647041,,0.391304347826087,0.4615384615384615,0,1,-5.85312,0.2960460484,5.0441336632,,0.4347826086956521,0.5384615384615384,0,1,-5.72071,0.273881942,5.8020806313,,0.5217391304347826,0.6923076923076923,0,1,-4.50011,0.2036378384,4.8458194733,,0.217391304347826,0.2307692307692307,0,1,-4.53126,0.1916706413,3.9819309711,,0.2608695652173913,0.2307692307692307,0,1,-4.51935,0.1892199814,4.7618403435,,0.2608695652173913,0.3076923076923077,0,1,-4.92746,0.1776630431,4.5936050415,,0.3043478260869565,0.3076923076923077,0,1,-4.29757,0.1738162637,4.1432833672,,0.3043478260869565,0.3076923076923077,0,1,10
ZINC000003011939,-7.51292,0.2471260279,5.9315724373,,0.5217391304347826,0.7692307692307693,0,1,-7.45082,0.2344733775,6.1117324829,,0.4347826086956521,0.5384615384615384,0,1,-7.27725,0.2128836811,6.238547802,,0.6956521739130435,0.7692307692307693,0,1,-7.5052,0.2107228488,6.0097808838,,0.5652173913043478,0.7692307692307693,0,1,-7.37061,0.197909981,5.6776242256,,0.6086956521739131,0.7692307692307693,0,1,-7.20313,0.1820636541,5.8086075783,,0.4347826086956521,0.5384615384615384,0,1,-7.83171,0.1656556427,5.7035079002,,0.6521739130434783,0.7692307692307693,0,1,-7.19519,0.1589219868,4.8751034737,,0.3478260869565217,0.3846153846153846,0,1,-7.13722,0.1504558772,4.8279891014,,0.3478260869565217,0.3846153846153846,0,1,-7.0309,0.1332541555,5.3252773285,,0.3043478260869565,0.3076923076923077,0,1,10
ZINC000003025095,-8.54885,0.5550967455,6.4908461571,,0.5652173913043478,0.7692307692307693,0,1,-7.97117,0.5111706257,6.7351932526,,0.5217391304347826,0.7692307692307693,0,1,-8.14533,0.4826902747,6.457005024,,0.5217391304347826,0.7692307692307693,0,1,-6.23193,0.4709255397,5.5475420952,,0.4347826086956521,0.4615384615384615,0,1,-8.29506,0.4518491626,6.473921299,,0.5217391304347826,0.7692307692307693,0,1,-7.53489,0.4370279312,6.4238295555,,0.6086956521739131,0.6923076923076923,0,1,-7.91865,0.4029949903,6.5330467224,,0.5652173913043478,0.6153846153846154,0,1,-6.23853,0.380201906,5.4232153893,,0.3478260869565217,0.3846153846153846,0,1,-7.09576,0.3723024428,6.4824414253,,0.4782608695652174,0.5384615384615384,0,1,-7.71454,0.3536340892,6.5230565071,,0.5652173913043478,0.7692307692307693,0,1,10
ZINC000003025846,-7.81949,0.7603680491,6.4391598701,,0.4347826086956521,0.6153846153846154,0,1,-8.15075,0.6572459936,6.0271224976,,0.3478260869565217,0.4615384615384615,0,1,-7.88339,0.5773797631,6.2465953827,,0.4347826086956521,0.6153846153846154,0,1,-7.90748,0.5728237629,6.2449841499,,0.4347826086956521,0.6153846153846154,0,1,-7.65891,0.5334830284,5.5932736397,,0.3478260869565217,0.5384615384615384,0,1,-7.94148,0.4956223369,5.8233089447,,0.4347826086956521,0.6153846153846154,0,1,-7.19692,0.4550262988,5.6856818199,,0.4782608695652174,0.5384615384615384,0,1,-7.97172,0.4154583514,5.5916957855,,0.3043478260869565,0.3846153846153846,0,1,-6.85093,0.3913239539,6.2825584412,,0.3043478260869565,0.4615384615384615,0,1,-6.79967,0.2524696589,6.0333409309,,0.3043478260869565,0.4615384615384615,0,1,10
ZINC000003032823,-4.77774,0.3477147222,4.6865544319,,0.1739130434782608,0.2307692307692307,0,1,-4.9734,0.3316930532,5.1324257851,,0.391304347826087,0.5384615384615384,0,1,-5.62124,0.3125311136,4.7556219101,,0.217391304347826,0.2307692307692307,0,1,-5.48427,0.249468416,4.647840023,,0.1739130434782608,0.1538461538461538,0,1,-7.91677,0.2260613292,4.9518837929,,0.2608695652173913,0.3076923076923077,0,1,-5.25567,0.1840928942,4.5034775734,,0.217391304347826,0.2307692307692307,0,1,-5.59973,0.1676663011,4.8368606567,,0.1304347826086956,0.1538461538461538,0,1,-5.35216,0.1658795327,4.2740807533,,0.217391304347826,0.2307692307692307,0,1,-5.09118,0.1588202417,4.4968318939,,0.2608695652173913,0.3076923076923077,0,1,-6.5339,0.1523856819,4.5282263756,,0.3043478260869565,0.3076923076923077,0,1,10
ZINC000003091213,-6.08196,0.487801671,4.9946112633,,0.1739130434782608,0.3846153846153846,0,1,-6.45026,0.4532284141,5.4503555298,,0.217391304347826,0.5384615384615384,0,1,-6.10719,0.4174269736,5.221944809,,0.2608695652173913,0.4615384615384615,0,1,-7.26706,0.375487566,5.5545005798,,0.1739130434782608,0.3076923076923077,0,1,-6.4819,0.3689993322,5.5356106758,,0.3043478260869565,0.4615384615384615,0,1,-7.02122,0.3328373432,5.4790692329,,0.1739130434782608,0.4615384615384615,0,1,-6.89253,0.3019585311,5.5320491791,,0.217391304347826,0.3846153846153846,0,1,-6.33653,0.2989372909,5.1004633904,,0.1739130434782608,0.4615384615384615,0,1,-6.34411,0.2394993454,5.0622668266,,0.3478260869565217,0.6153846153846154,0,1,-6.21858,0.2295100987,5.5335240364,,0.217391304347826,0.3846153846153846,0,1,10
ZINC000003091275,-6.2895,0.9149618745,6.247191906,,0.6521739130434783,0.6923076923076923,0,1,-6.23887,0.7552732825,6.1869559288,,0.4782608695652174,0.6153846153846154,0,1,-6.31038,0.7446758747,6.2207341194,,0.5217391304347826,0.6153846153846154,0,1,-7.3072,0.6525967121,5.6377925873,,0.6521739130434783,0.6923076923076923,0,1,-6.66772,0.6439715028,5.918399334,,0.5652173913043478,0.6153846153846154,0,1,-6.3016,0.4021302164,5.5268359184,,0.4347826086956521,0.6153846153846154,0,1,-5.95937,0.401750803,5.4626116753,,0.5217391304347826,0.6923076923076923,0,1,-5.05697,0.3979847431,5.3864536285,,0.5217391304347826,0.6923076923076923,0,1,-5.89329,0.3946745098,5.3798999786,,0.391304347826087,0.5384615384615384,0,1,-6.92407,0.380911082,5.6680989265,,0.5217391304347826,0.6153846153846154,0,1,10
ZINC000003098798,-4.58777,0.7062363029,4.2060036659,,0.217391304347826,0.2307692307692307,0,1,-4.48383,0.6783283949,4.0245718956,,0.0434782608695652,0.0769230769230769,0,1,-4.67603,0.6761652231,5.3766727448,,0.6521739130434783,0.7692307692307693,0,1,-4.34734,0.6724668741,4.2233738899,,0.217391304347826,0.2307692307692307,0,1,-6.49322,0.6265982389,4.9318828583,,0.1739130434782608,0.2307692307692307,0,1,-4.33257,0.610021472,4.1182451248,,0.1739130434782608,0.2307692307692307,0,1,-4.20219,0.5860105753,4.0998458862,,0.3043478260869565,0.3076923076923077,0,1,-6.46775,0.5702955127,4.8073353767,,0.1304347826086956,0.2307692307692307,0,1,-4.20378,0.4838371873,4.0920329094,,0.0,0.0769230769230769,0,1,-4.43431,0.4625306726,4.0863575935,,0.217391304347826,0.2307692307692307,0,1,10
ZINC000003108344,-9.00844,0.6274083853,5.8697147369,,0.5652173913043478,0.6923076923076923,0,1,-8.33221,0.5047926903,6.2571411133,,0.3478260869565217,0.3846153846153846,0,1,-7.80824,0.4282070398,5.8223404884,,0.4782608695652174,0.6153846153846154,0,1,-6.06314,0.4171112776,4.6535887718,,0.1739130434782608,0.1538461538461538,0,1,-7.14236,0.3642655909,5.5535473824,,0.6086956521739131,0.8461538461538461,0,1,-6.03358,0.3507706821,5.8153414726,,0.6086956521739131,0.8461538461538461,0,1,-7.42583,0.3301325142,5.8365960121,,0.3478260869565217,0.4615384615384615,0,1,-7.11513,0.2960933447,5.62342453,,0.3478260869565217,0.5384615384615384,0,1,-6.62174,0.2697968483,4.8722548485,,0.3043478260869565,0.3846153846153846,0,1,-5.93306,0.2477465421,5.8220710754,,0.391304347826087,0.6153846153846154,0,1,10
ZINC000003117445,-6.73085,0.88390553,6.2072863579,,0.391304347826087,0.5384615384615384,0,1,-7.4703,0.8767715693,5.6215577126,,0.5217391304347826,0.6153846153846154,0,1,-7.36781,0.8377396464,5.7320513725,,0.4347826086956521,0.6153846153846154,0,1,-6.14725,0.8229250908,5.8890414238,,0.5652173913043478,0.6153846153846154,0,1,-7.32658,0.8164083958,6.1133537292,,0.4347826086956521,0.6153846153846154,0,1,-6.74249,0.7966436148,5.8493175507,,0.4347826086956521,0.4615384615384615,0,1,-7.2066,0.7799274325,5.4064421654,,0.5217391304347826,0.5384615384615384,0,1,-5.92438,0.7662223577,5.867620945,,0.6086956521739131,0.6923076923076923,0,1,-6.54733,0.683082521,5.8312220573,,0.4347826086956521,0.5384615384615384,0,1,-6.14376,0.6171990633,5.3340511322,,0.5217391304347826,0.5384615384615384,0,1,10
ZINC000003147643,-7.08866,0.5304694176,5.5577931404,,0.5217391304347826,0.6153846153846154,0,1,-5.34144,0.4511545897,4.5622582436,,0.3478260869565217,0.3846153846153846,0,1,-6.95036,0.4506620467,5.5120024681,,0.3043478260869565,0.3846153846153846,0,1,-5.4883,0.3827771246,4.7024645805,,0.1304347826086956,0.1538461538461538,0,1,-6.81504,0.3392003179,5.6272315979,,0.1739130434782608,0.2307692307692307,0,1,-5.07046,0.332182169,5.3638529778,,0.2608695652173913,0.3846153846153846,0,1,-4.9956,0.2698504031,3.5806081295,,0.1304347826086956,0.1538461538461538,0,1,-5.04458,0.2647858262,4.0327219963,,0.2608695652173913,0.3846153846153846,0,1,-6.78523,0.2337082922,5.2340931892,,0.3478260869565217,0.5384615384615384,0,1,-6.39151,0.2317004055,5.1893119812,,0.3478260869565217,0.4615384615384615,0,1,10
ZINC000003149136,-5.48115,0.3709998429,5.421558857,,0.4782608695652174,0.5384615384615384,0,1,-5.83272,0.3699004948,4.7026443481,,0.3478260869565217,0.3846153846153846,0,1,-4.98152,0.353118062,5.1295952797,,0.3043478260869565,0.3846153846153846,0,1,-5.89987,0.3529164195,4.8497600555,,0.4347826086956521,0.5384615384615384,0,1,-4.75513,0.3525520563,4.7584900856,,0.391304347826087,0.5384615384615384,0,1,-5.95758,0.3332216442,4.7596206665,,0.3478260869565217,0.4615384615384615,0,1,-4.98674,0.3202727735,4.3068518639,,0.3478260869565217,0.3846153846153846,0,1,-5.08413,0.2912331522,4.74041605,,0.3043478260869565,0.4615384615384615,0,1,-4.95553,0.2640197277,4.9064106941,,0.2608695652173913,0.3846153846153846,0,1,-5.87914,0.2597059608,4.6710834503,,0.217391304347826,0.2307692307692307,0,1,10
ZINC000003151676,-4.71141,0.6001950502,4.2654685974,,0.2608695652173913,0.3846153846153846,0,1,-4.73525,0.586697042,4.473115921,,0.3478260869565217,0.5384615384615384,0,1,-4.90787,0.5355041623,3.4217989445,,0.0869565217391304,0.1538461538461538,0,1,-5.07891,0.5014696121,4.3943572044,,0.217391304347826,0.4615384615384615,0,1,-4.80839,0.5002655983,4.8784165382,,0.4782608695652174,0.6923076923076923,0,1,-5.33207,0.4854427278,3.5090343952,,0.2608695652173913,0.3846153846153846,0,1,-4.82304,0.4839825034,4.8848223686,,0.3043478260869565,0.4615384615384615,0,1,-5.01183,0.4752787948,4.0737080574,,0.3043478260869565,0.3846153846153846,0,1,-5.19418,0.4525683224,4.0526785851,,0.3043478260869565,0.3846153846153846,0,1,-4.84219,0.4287561774,3.1955845356,,0.0869565217391304,0.2307692307692307,0,1,10
ZINC000003152645,-6.47672,0.7447082996,5.4789166451,,0.3043478260869565,0.6153846153846154,0,1,-5.8038,0.6290950775,4.9189267159,,0.3478260869565217,0.6153846153846154,0,1,-6.4463,0.5217280388,5.332839489,,0.3478260869565217,0.6923076923076923,0,1,-6.54894,0.4781084061,5.3316817284,,0.3043478260869565,0.6153846153846154,0,1,-5.90863,0.4668321311,5.6555876732,,0.391304347826087,0.6153846153846154,0,1,-6.4771,0.4306532145,5.077319622,,0.3043478260869565,0.6923076923076923,0,1,-7.00955,0.4303867519,5.0760893822,,0.3043478260869565,0.5384615384615384,0,1,-5.79325,0.4166154265,4.8920998573,,0.217391304347826,0.3076923076923077,0,1,-6.67972,0.4102759063,5.1904940605,,0.217391304347826,0.3846153846153846,0,1,-7.13125,0.3955007493,4.9914054871,,0.3043478260869565,0.4615384615384615,0,1,10
ZINC000003172559,-6.51562,0.4886016548,6.1047825813,,0.6521739130434783,0.7692307692307693,0,1,-6.3445,0.3550920784,6.0079016685,,0.6956521739130435,0.8461538461538461,0,1,0.29607,0.335588932,3.7715036869,,0.1304347826086956,0.1538461538461538,0,0,-6.10715,0.3232393265,5.7692642212,,0.6086956521739131,0.7692307692307693,0,1,-6.80411,0.2841178179,4.5771751404,,0.391304347826087,0.3846153846153846,0,1,-6.20622,0.2658371925,5.2274990082,,0.391304347826087,0.6153846153846154,0,1,-6.59406,0.2577146292,4.694416523,,0.3478260869565217,0.4615384615384615,0,1,-6.85512,0.253403157,5.2184548378,,0.4782608695652174,0.6923076923076923,0,1,-7.39627,0.2520907223,5.0821881294,,0.5217391304347826,0.5384615384615384,0,1,-6.08988,0.2389982939,5.4293045998,,0.4782608695652174,0.6153846153846154,0,1,9
ZINC000003172560,-6.43584,0.4215112329,5.4614844322,,0.1739130434782608,0.3076923076923077,0,1,-5.20167,0.4110351503,4.7652873993,,0.3478260869565217,0.3846153846153846,0,1,-6.47424,0.3253810108,5.4485087395,,0.2608695652173913,0.3846153846153846,0,1,-5.33065,0.302603811,4.5030384064,,0.3478260869565217,0.3846153846153846,0,1,-5.11757,0.2887307703,4.2114710808,,0.3478260869565217,0.3846153846153846,0,1,-6.04476,0.2827309072,5.6923441887,,0.2608695652173913,0.3846153846153846,0,1,-5.50019,0.2805108428,4.4789814949,,0.3478260869565217,0.3846153846153846,0,1,-4.84015,0.2785801291,4.3591918945,,0.3478260869565217,0.3846153846153846,0,1,-6.22179,0.2684569359,5.4183974266,,0.3043478260869565,0.3846153846153846,0,1,-5.31024,0.2642038465,4.3513069153,,0.3478260869565217,0.3846153846153846,0,1,10
ZINC000003174174,-5.48506,0.5034175515,6.3588237762,,0.5652173913043478,0.7692307692307693,0,1,-5.5699,0.3131397963,5.8586478233,,0.5217391304347826,0.6153846153846154,0,1,-5.70834,0.2938624322,5.8197388649,,0.5652173913043478,0.6153846153846154,0,1,-5.55853,0.274669081,5.8936085701,,0.4347826086956521,0.4615384615384615,0,1,-5.33909,0.2518738508,5.8495426178,,0.4347826086956521,0.5384615384615384,0,1,-5.49168,0.2514505088,6.0608077049,,0.5652173913043478,0.8461538461538461,0,1,-4.86473,0.2409133315,4.4877429008,,0.1304347826086956,0.2307692307692307,0,1,-5.31829,0.2268582731,4.4504146576,,0.1739130434782608,0.3076923076923077,0,1,-5.23158,0.2251516879,3.9199821949,,0.217391304347826,0.2307692307692307,0,1,-5.79895,0.2116787732,6.004181385,,0.5217391304347826,0.6923076923076923,0,1,10
ZINC000003174233,-7.02855,0.2736437917,6.1100840569,,0.5217391304347826,0.6923076923076923,0,1,-7.27535,0.2705929279,5.7959442139,,0.5652173913043478,0.6923076923076923,0,1,-7.0677,0.2704530656,6.4058442116,,0.6521739130434783,0.6923076923076923,0,1,-7.62357,0.1996671706,5.119140625,,0.4782608695652174,0.5384615384615384,0,1,-7.71758,0.1956409514,5.2745776176,,0.4782608695652174,0.5384615384615384,0,1,-7.56984,0.1930350959,5.2700557709,,0.391304347826087,0.5384615384615384,0,1,-7.61682,0.1899678707,5.2024421692,,0.6086956521739131,0.6923076923076923,0,1,-7.20787,0.1881301105,5.2170548439,,0.5217391304347826,0.6923076923076923,0,1,-7.0375,0.1858303398,4.837038517,,0.5217391304347826,0.6153846153846154,0,1,-7.88727,0.1850667596,5.470477581,,0.5217391304347826,0.6153846153846154,0,1,10
ZINC000003190305,-6.76799,0.4423290491,5.7098259926,,0.391304347826087,0.4615384615384615,0,1,-8.19162,0.4397227168,5.6550173759,,0.217391304347826,0.4615384615384615,0,1,-8.38507,0.3430245519,5.3311004639,,0.4782608695652174,0.5384615384615384,0,1,-6.95223,0.3293243647,5.1719083786,,0.217391304347826,0.2307692307692307,0,1,-6.3936,0.310326308,5.5357232094,,0.3478260869565217,0.5384615384615384,0,1,-8.12693,0.2944681048,5.5583891869,,0.3043478260869565,0.4615384615384615,0,1,-6.53691,0.2714295089,5.3844304085,,0.3478260869565217,0.5384615384615384,0,1,-7.93952,0.2587243617,5.6043171883,,0.391304347826087,0.6923076923076923,0,1,-6.71255,0.2576006651,5.4097881317,,0.391304347826087,0.5384615384615384,0,1,-7.5537,0.250328362,5.4143404961,,0.4782608695652174,0.6153846153846154,0,1,10
ZINC000003191873,-6.72419,0.538228631,5.5125594139,,0.4782608695652174,0.6923076923076923,0,1,-5.60112,0.4177684486,5.1329541206,,0.5652173913043478,0.7692307692307693,0,1,-6.4739,0.4107476175,5.0456008911,,0.4782608695652174,0.6923076923076923,0,1,-6.90936,0.4065957069,5.1652550697,,0.4782608695652174,0.6923076923076923,0,1,-5.33562,0.397487402,4.0573940277,,0.4347826086956521,0.4615384615384615,0,1,-5.82663,0.353792876,4.8551054001,,0.6086956521739131,0.6923076923076923,0,1,-5.23643,0.3525112569,4.0014266968,,0.3478260869565217,0.3076923076923077,0,1,-5.88198,0.3396033049,5.3036694527,,0.3478260869565217,0.5384615384615384,0,1,-6.31468,0.3166328669,5.2235121727,,0.391304347826087,0.6153846153846154,0,1,-5.16071,0.3033835888,4.0929369926,,0.4347826086956521,0.4615384615384615,0,1,10
ZINC000003193170,-5.9087,0.5039063692,4.7412872314,,0.391304347826087,0.5384615384615384,0,1,-6.63224,0.4327984452,4.9586110115,,0.5217391304347826,0.6923076923076923,0,1,-5.86934,0.422396183,5.0583405495,,0.5217391304347826,0.6923076923076923,0,1,-6.29907,0.411934644,4.9456295967,,0.5217391304347826,0.6923076923076923,0,1,-5.68874,0.4069681168,4.776986599,,0.3478260869565217,0.5384615384615384,0,1,-6.39073,0.3950608671,4.8630771637,,0.4782608695652174,0.6153846153846154,0,1,-5.16096,0.3267692029,4.4723892212,,0.391304347826087,0.5384615384615384,0,1,-4.83981,0.3208536506,3.4003582001,,0.1739130434782608,0.2307692307692307,0,1,-5.918,0.3196464181,4.7748141289,,0.5652173913043478,0.6923076923076923,0,1,-5.69897,0.3159446418,4.882586956,,0.391304347826087,0.5384615384615384,0,1,10
ZINC000003202302,-6.29041,0.6662687659,5.7919654846,,0.5217391304347826,0.6923076923076923,0,1,-5.61967,0.5746617317,5.6064782143,,0.5652173913043478,0.8461538461538461,0,1,-5.90692,0.5380650759,5.4477863312,,0.6086956521739131,0.7692307692307693,0,1,-6.37677,0.4933908582,5.6348986626,,0.5217391304347826,0.6153846153846154,0,1,-6.24533,0.4764725566,4.6365299225,,0.391304347826087,0.4615384615384615,0,1,-6.32534,0.4694239199,5.3895010948,,0.4782608695652174,0.6923076923076923,0,1,-6.35082,0.381696403,4.8147106171,,0.3478260869565217,0.4615384615384615,0,1,-5.37492,0.3398765922,4.968149662,,0.5217391304347826,0.6923076923076923,0,1,-5.79628,0.338796258,5.4353961945,,0.4782608695652174,0.6153846153846154,0,1,-5.35954,0.2857700288,4.7619304657,,0.3043478260869565,0.4615384615384615,0,1,10
ZINC000003205172,-5.21446,0.6151664257,3.8073413372,,0.3043478260869565,0.3076923076923077,0,1,-6.15396,0.4985367358,5.8201770782,,0.6086956521739131,0.8461538461538461,0,1,-6.44067,0.3196141124,5.7812771797,,0.4782608695652174,0.6153846153846154,0,1,-6.50287,0.311096549,5.3235182762,,0.4782608695652174,0.7692307692307693,0,1,-6.23197,0.2913943231,4.9450592995,,0.391304347826087,0.4615384615384615,0,1,-5.36201,0.270432055,5.4867682457,,0.4782608695652174,0.6923076923076923,0,1,-5.63693,0.2473451793,4.6809687614,,0.4347826086956521,0.5384615384615384,0,1,-5.39343,0.2217208743,5.6108756065,,0.5652173913043478,0.6923076923076923,0,1,-6.11404,0.2132335454,5.2848219872,,0.2608695652173913,0.3076923076923077,0,1,-5.99369,0.210051924,5.0917744637,,0.3043478260869565,0.3846153846153846,0,1,10
ZINC000003205664,-6.72199,0.3615271151,5.6748433113,,0.6956521739130435,0.7692307692307693,0,1,-7.54507,0.325682193,5.6879577637,,0.5652173913043478,0.6153846153846154,0,1,-8.53914,0.3144294024,5.8033752441,,0.6521739130434783,0.6923076923076923,0,1,-5.66006,0.3071255684,4.7160601616,,0.2608695652173913,0.3076923076923077,0,1,-6.97003,0.2631956637,5.6485095024,,0.3043478260869565,0.3846153846153846,0,1,-6.50627,0.2559455633,5.6422095299,,0.391304347826087,0.6153846153846154,0,1,-5.64607,0.2519376576,4.4614434242,,0.391304347826087,0.3846153846153846,0,1,-6.85103,0.2325620949,5.723136425,,0.4782608695652174,0.6153846153846154,0,1,-6.48234,0.2149447948,5.3133020401,,0.6086956521739131,0.8461538461538461,0,1,-7.74151,0.200238198,5.2151193619,,0.391304347826087,0.5384615384615384,0,1,10
ZINC000003205669,-4.94502,0.4861992598,3.8052053452,,0.3043478260869565,0.3076923076923077,0,1,-5.915,0.3186199963,4.9058842659,,0.391304347826087,0.4615384615384615,0,1,-6.57962,0.2822573483,5.5621256828,,0.5652173913043478,0.8461538461538461,0,1,-5.87529,0.2572096586,5.6032791138,,0.4782608695652174,0.6923076923076923,0,1,-5.04086,0.2548512518,3.8442771435,,0.217391304347826,0.2307692307692307,0,1,-6.4281,0.2406617701,5.1582612991,,0.5217391304347826,0.7692307692307693,0,1,-5.97329,0.2206507474,5.3327293396,,0.4347826086956521,0.6923076923076923,0,1,-5.56461,0.2196437418,5.5837264061,,0.4782608695652174,0.6153846153846154,0,1,-4.96923,0.2069623023,3.9770081043,,0.2608695652173913,0.3076923076923077,0,1,-6.13668,0.1979757994,5.0966715813,,0.2608695652173913,0.3076923076923077,0,1,10
ZINC000003205677,-7.49424,0.5006982088,6.0511307716,,0.4782608695652174,0.5384615384615384,0,1,-7.38451,0.4227898121,6.0518875122,,0.6521739130434783,0.8461538461538461,0,1,-7.70436,0.4057433903,5.9426102638,,0.4782608695652174,0.7692307692307693,0,1,-8.53014,0.3381479383,5.844180584,,0.6521739130434783,0.6923076923076923,0,1,-7.15993,0.3309698999,5.9566497803,,0.5652173913043478,0.8461538461538461,0,1,-7.83848,0.3229066432,5.7866921425,,0.6521739130434783,0.8461538461538461,0,1,-7.45208,0.3201811016,5.8687367439,,0.4347826086956521,0.6153846153846154,0,1,-6.96067,0.3120438457,6.1953511238,,0.4782608695652174,0.6153846153846154,0,1,-6.09808,0.3005958498,4.6919498444,,0.2608695652173913,0.3076923076923077,0,1,-6.88051,0.2946644723,5.5367107391,,0.6521739130434783,0.7692307692307693,0,1,10
ZINC000003206981,-6.36005,0.621232748,5.9718899727,,0.6956521739130435,0.7692307692307693,0,1,-6.67445,0.5034860969,5.6748366356,,0.2608695652173913,0.3076923076923077,0,1,-6.37543,0.4829498529,5.3000025749,,0.3043478260869565,0.4615384615384615,0,1,-7.42673,0.466096133,5.9013867378,,0.5217391304347826,0.6923076923076923,0,1,-6.61097,0.4549736381,5.9937644005,,0.4347826086956521,0.5384615384615384,0,1,-6.28201,0.3930585682,5.241191864,,0.2608695652173913,0.3076923076923077,0,1,-6.66967,0.38854599,5.9776148796,,0.4347826086956521,0.5384615384615384,0,1,-6.64237,0.3739151657,5.6975989342,,0.5652173913043478,0.7692307692307693,0,1,-7.05907,0.3319121003,5.2997136116,,0.391304347826087,0.5384615384615384,0,1,-7.00252,0.3168203235,5.4223861694,,0.4782608695652174,0.6923076923076923,0,1,10
ZINC000003212935,-7.55611,0.5869194269,5.4830360413,,0.3043478260869565,0.3076923076923077,0,1,-7.23234,0.5446817279,5.4216856956,,0.217391304347826,0.2307692307692307,0,1,-7.506,0.5403338075,5.465444088,,0.3043478260869565,0.3076923076923077,0,1,-7.59024,0.5390632153,5.5166740417,,0.1739130434782608,0.1538461538461538,0,1,-7.57961,0.5256456137,5.474527359,,0.1739130434782608,0.1538461538461538,0,1,-6.44509,0.3938255906,5.4524292946,,0.5652173913043478,0.7692307692307693,0,1,-7.11065,0.3892468512,5.1989245415,,0.217391304347826,0.2307692307692307,0,1,-7.05169,0.3563575745,5.5541934967,,0.5217391304347826,0.7692307692307693,0,1,-7.59131,0.355073303,5.5067257881,,0.5217391304347826,0.6153846153846154,0,1,-8.41634,0.3488684297,5.6662259102,,0.391304347826087,0.4615384615384615,0,1,10
ZINC000003238191,-5.08705,0.6604337692,4.5378417969,,0.3043478260869565,0.3076923076923077,0,1,-5.69371,0.5041888356,5.1117358208,,0.2608695652173913,0.3846153846153846,0,1,-6.12336,0.4941501915,5.73605299,,0.5652173913043478,0.6923076923076923,0,1,-6.70875,0.4826227725,5.5771698952,,0.3478260869565217,0.3846153846153846,0,1,-6.06799,0.4578989446,4.9828286171,,0.2608695652173913,0.3846153846153846,0,1,-5.83313,0.4080718458,5.5334968567,,0.4347826086956521,0.6153846153846154,0,1,-5.20586,0.3992422223,5.1642775536,,0.5217391304347826,0.7692307692307693,0,1,-6.38291,0.3884142935,5.4877967834,,0.391304347826087,0.5384615384615384,0,1,-6.27497,0.387491554,4.9141726494,,0.3043478260869565,0.3846153846153846,0,1,-6.8428,0.3577848971,5.3822588921,,0.3478260869565217,0.4615384615384615,0,1,10
ZINC000003258203,-5.56383,0.6409057975,6.2813262939,,0.5652173913043478,0.6923076923076923,0,1,-5.7136,0.4737873971,5.8606700897,,0.5652173913043478,0.6153846153846154,0,1,-5.40526,0.4381076396,5.9063339233,,0.5652173913043478,0.7692307692307693,0,1,-5.7825,0.2903017402,5.7731432915,,0.5217391304347826,0.7692307692307693,0,1,-6.91944,0.2360168248,5.0807337761,,0.3478260869565217,0.4615384615384615,0,1,-7.01106,0.227440536,4.9980807304,,0.391304347826087,0.4615384615384615,0,1,-6.7392,0.2220936716,5.0741753578,,0.4347826086956521,0.5384615384615384,0,1,-6.53944,0.2216988206,5.029542923,,0.4347826086956521,0.5384615384615384,0,1,-6.72139,0.2095983028,5.0468859673,,0.4347826086956521,0.5384615384615384,0,1,-6.37677,0.2077614814,5.0814824104,,0.4347826086956521,0.5384615384615384,0,1,10
ZINC000003276841,-6.08684,0.3889575899,4.9335784912,,0.391304347826087,0.5384615384615384,0,1,-6.74505,0.3811138868,5.3340783119,,0.5652173913043478,0.6923076923076923,0,1,-7.30185,0.3537701666,5.1991214752,,0.391304347826087,0.4615384615384615,0,1,-5.30801,0.3051948249,4.9190216064,,0.2608695652173913,0.3846153846153846,0,1,-6.35093,0.3036594689,5.0907473564,,0.4782608695652174,0.6153846153846154,0,1,-5.69926,0.3009190559,4.8581032753,,0.4782608695652174,0.6153846153846154,0,1,-5.04854,0.2874123752,4.7795872688,,0.3043478260869565,0.5384615384615384,0,1,-6.66666,0.263589561,5.382540226,,0.5217391304347826,0.6923076923076923,0,1,-6.00234,0.2412023544,5.0521302223,,0.391304347826087,0.5384615384615384,0,1,-6.13415,0.2249581814,5.3569374084,,0.4347826086956521,0.5384615384615384,0,1,10
ZINC000003287680,-7.09516,0.8631660342,4.9649195671,,0.391304347826087,0.4615384615384615,0,1,-6.28145,0.7819564939,5.2547736168,,0.4782608695652174,0.6153846153846154,0,1,-7.06339,0.7675125003,5.1212143898,,0.4782608695652174,0.6153846153846154,0,1,-7.24662,0.7473640442,5.2795906067,,0.5652173913043478,0.6923076923076923,0,1,-6.86024,0.7050559521,4.7479519844,,0.3478260869565217,0.4615384615384615,0,1,-6.0615,0.6997932196,5.4665393829,,0.4782608695652174,0.6923076923076923,0,1,-7.2171,0.6781576872,4.7783846855,,0.3478260869565217,0.4615384615384615,0,1,-6.79511,0.6680543423,5.4094161987,,0.5217391304347826,0.6153846153846154,0,1,-6.23332,0.6605853438,5.0774102211,,0.3478260869565217,0.5384615384615384,0,1,-6.21158,0.6587343812,4.5074577332,,0.5217391304347826,0.6153846153846154,0,1,10
ZINC000003290182,-6.89228,0.4989085495,5.1720280647,,0.4782608695652174,0.6153846153846154,0,1,-7.04039,0.4188181758,4.9386954308,,0.5652173913043478,0.7692307692307693,0,1,-6.57449,0.4119378626,5.4652495384,,0.5217391304347826,0.6923076923076923,0,1,-7.40434,0.3912284374,5.6302685738,,0.6956521739130435,0.7692307692307693,0,1,-6.92542,0.3757911623,5.1692881584,,0.6086956521739131,0.7692307692307693,0,1,-7.76489,0.3689081669,5.6036725044,,0.5652173913043478,0.7692307692307693,0,1,-7.66286,0.347856611,5.3306498528,,0.4347826086956521,0.5384615384615384,0,1,-7.55801,0.3411238492,5.3539280891,,0.4782608695652174,0.6153846153846154,0,1,-7.62133,0.3316874504,4.9887628555,,0.5652173913043478,0.6923076923076923,0,1,-6.35195,0.3278198838,5.0295805931,,0.391304347826087,0.5384615384615384,0,1,10
ZINC000003299570,-7.5787,0.3020711243,5.8881726265,,0.4782608695652174,0.6153846153846154,0,1,-7.48542,0.2865068614,6.0150828362,,0.4782608695652174,0.5384615384615384,0,1,-7.16299,0.2422091514,5.8444066048,,0.4782608695652174,0.5384615384615384,0,1,-6.24607,0.2387025952,5.3813209534,,0.4347826086956521,0.5384615384615384,0,1,-7.51127,0.2317296863,5.8597912788,,0.4782608695652174,0.5384615384615384,0,1,-6.01424,0.2029514909,5.2837567329,,0.3478260869565217,0.5384615384615384,0,1,-6.89868,0.1993608773,5.6393036842,,0.5217391304347826,0.6923076923076923,0,1,-6.19409,0.179968521,5.5434627533,,0.391304347826087,0.6153846153846154,0,1,-7.15201,0.1788215041,5.4917035103,,0.4782608695652174,0.6923076923076923,0,1,-5.74412,0.1586864293,4.5868964195,,0.1739130434782608,0.2307692307692307,0,1,10
ZINC000003306722,-4.59083,0.54778409,3.5876610279,,0.3043478260869565,0.3076923076923077,0,1,-4.44535,0.4736539721,3.4204025269,,0.1739130434782608,0.2307692307692307,0,1,-6.1138,0.4320883155,5.3194451332,,0.391304347826087,0.6153846153846154,0,1,-6.428,0.4270593524,5.7442498207,,0.5217391304347826,0.6923076923076923,0,1,-4.80979,0.3720541596,5.1035141945,,0.1739130434782608,0.2307692307692307,0,1,-4.52974,0.344854176,4.045363903,,0.2608695652173913,0.3076923076923077,0,1,-4.40673,0.3291121125,3.8668739796,,0.217391304347826,0.3076923076923077,0,1,-6.33602,0.3239115179,5.4119415283,,0.4782608695652174,0.6923076923076923,0,1,-6.21375,0.2903673947,4.9087452888,,0.3043478260869565,0.4615384615384615,0,1,-6.35144,0.2580239475,4.8939595222,,0.5217391304347826,0.7692307692307693,0,1,10
ZINC000003329647,-7.30499,0.2118453085,5.3161520958,,0.3478260869565217,0.3846153846153846,0,1,-7.14641,0.1840751618,5.4181342125,,0.391304347826087,0.4615384615384615,0,1,-7.62354,0.1816568226,5.2116928101,,0.391304347826087,0.4615384615384615,0,1,-7.48755,0.1681069583,4.5103912354,,0.3043478260869565,0.3846153846153846,0,1,-6.45541,0.1596945077,5.7294068336,,0.391304347826087,0.4615384615384615,0,1,-7.63781,0.1535842866,4.9873023033,,0.3478260869565217,0.5384615384615384,0,1,-7.48758,0.1504459828,4.5509257317,,0.3043478260869565,0.3846153846153846,0,1,-6.54743,0.1265199482,4.5439419746,,0.3043478260869565,0.4615384615384615,0,1,-6.44136,0.1224652901,4.9468827248,,0.4782608695652174,0.5384615384615384,0,1,-6.86248,0.1203170642,4.542983532,,0.3043478260869565,0.4615384615384615,0,1,10
ZINC000003356180,-7.27778,0.4941584468,5.668282032,,0.4347826086956521,0.4615384615384615,0,1,-7.44234,0.4137226641,5.8016562462,,0.391304347826087,0.5384615384615384,0,1,-5.82759,0.3961628079,3.8290760517,,0.3478260869565217,0.3846153846153846,0,1,-6.87811,0.3898007572,5.5601191521,,0.217391304347826,0.3076923076923077,0,1,-5.89275,0.363342762,5.1422805786,,0.3043478260869565,0.3846153846153846,0,1,-6.5577,0.3516872525,4.7259001732,,0.217391304347826,0.2307692307692307,0,1,-6.32667,0.351537019,5.5154957771,,0.5652173913043478,0.7692307692307693,0,1,-7.22318,0.3457757533,5.657087326,,0.4782608695652174,0.5384615384615384,0,1,-7.51356,0.3327811658,5.6980614662,,0.4782608695652174,0.6923076923076923,0,1,-7.60338,0.3263381422,5.6050534248,,0.5217391304347826,0.6923076923076923,0,1,10
ZINC000003358672,-6.38081,0.543946147,5.4154334068,,0.3478260869565217,0.5384615384615384,0,1,-6.77019,0.4582021236,5.4460701942,,0.4782608695652174,0.6153846153846154,0,1,-6.07819,0.4072179496,5.2862744331,,0.3478260869565217,0.4615384615384615,0,1,-6.76516,0.4006504416,5.6347584724,,0.4347826086956521,0.5384615384615384,0,1,-5.22127,0.3617352843,3.6071147919,,0.3043478260869565,0.3076923076923077,0,1,-5.14484,0.3576558232,3.8171463013,,0.3478260869565217,0.3846153846153846,0,1,-6.68786,0.3568722904,5.6047978401,,0.4347826086956521,0.6153846153846154,0,1,-5.01433,0.334092766,3.7099106312,,0.3043478260869565,0.3846153846153846,0,1,-6.68566,0.3178046644,5.5168337822,,0.5217391304347826,0.5384615384615384,0,1,-6.07843,0.3141010404,5.2731075287,,0.3043478260869565,0.3846153846153846,0,1,10
ZINC000003358825,-4.86013,0.5336278677,5.0950837135,,0.6521739130434783,0.7692307692307693,0,1,-4.83273,0.4651764631,5.2507781982,,0.6521739130434783,0.7692307692307693,0,1,-5.15868,0.3588426113,3.8913891315,,0.3478260869565217,0.3846153846153846,0,1,-6.69552,0.3522074521,5.4580702782,,0.391304347826087,0.5384615384615384,0,1,-6.05884,0.3217534423,5.1549572945,,0.3043478260869565,0.3846153846153846,0,1,-4.861,0.2975281179,3.4606602192,,0.391304347826087,0.3846153846153846,0,1,-6.99858,0.2883150876,4.9604721069,,0.3043478260869565,0.3846153846153846,0,1,-6.14035,0.2671548128,5.1369767189,,0.5652173913043478,0.6923076923076923,0,1,-7.05349,0.2626183927,4.9077501297,,0.5652173913043478,0.6923076923076923,0,1,-5.19437,0.2623105347,3.583990097,,0.3478260869565217,0.3846153846153846,0,1,10
ZINC000003407717,-6.2858,0.4992108643,6.0055527687,,0.4782608695652174,0.6923076923076923,0,1,-7.2631,0.4213148952,5.7771658897,,0.6521739130434783,0.7692307692307693,0,1,-7.84149,0.4187500179,5.6249222755,,0.4347826086956521,0.5384615384615384,0,1,-6.73642,0.3679715395,5.4255919456,,0.217391304347826,0.3076923076923077,0,1,-7.72252,0.3676872849,5.6367931366,,0.4782608695652174,0.6153846153846154,0,1,-5.70827,0.3608258963,5.3058414459,,0.3043478260869565,0.3846153846153846,0,1,-8.17441,0.3330290914,5.431292057,,0.5217391304347826,0.6153846153846154,0,1,-8.07056,0.3245451152,5.5658531189,,0.217391304347826,0.4615384615384615,0,1,-7.70212,0.3159689307,5.7645440102,,0.5652173913043478,0.6153846153846154,0,1,-8.10722,0.299069941,5.4598145485,,0.2608695652173913,0.4615384615384615,0,1,10
ZINC000003409025,-7.3269,0.3041379452,5.4341220856,,0.3478260869565217,0.4615384615384615,0,1,-6.7169,0.2929054201,4.4399647713,,0.217391304347826,0.2307692307692307,0,1,-7.67446,0.2883326113,5.2768874168,,0.217391304347826,0.3076923076923077,0,1,-7.14646,0.283344686,4.6503615379,,0.3478260869565217,0.3846153846153846,0,1,-7.26774,0.2575362027,5.2225584984,,0.4347826086956521,0.6153846153846154,0,1,-7.71945,0.2508916557,5.3173141479,,0.4782608695652174,0.4615384615384615,0,1,-6.56471,0.2228197902,4.4379725456,,0.217391304347826,0.2307692307692307,0,1,-8.0468,0.2045409679,5.1825370789,,0.3043478260869565,0.3846153846153846,0,1,-6.94047,0.1958677471,4.8879008293,,0.217391304347826,0.3076923076923077,0,1,-6.71062,0.1955159754,4.9333481789,,0.3043478260869565,0.3076923076923077,0,1,10
ZINC000003423533,-6.2925,0.5947179794,6.7481226921,,0.5652173913043478,0.7692307692307693,0,1,-6.77417,0.5346639156,6.9297509193,,0.6086956521739131,0.7692307692307693,0,1,-6.54014,0.4634438753,6.5925593376,,0.5652173913043478,0.6923076923076923,0,1,-6.83512,0.4438353777,6.3562259674,,0.5217391304347826,0.7692307692307693,0,1,-6.862,0.4367418289,6.5425038338,,0.5217391304347826,0.7692307692307693,0,1,-6.61438,0.4156973958,6.3874239922,,0.5652173913043478,0.7692307692307693,0,1,-7.69244,0.2659765482,5.5793681145,,0.391304347826087,0.4615384615384615,0,1,-5.83604,0.257204622,4.2338232994,,0.1739130434782608,0.2307692307692307,0,1,-7.5111,0.2545994818,5.5255732536,,0.391304347826087,0.4615384615384615,0,1,-6.92977,0.2408946902,5.3625302315,,0.3043478260869565,0.3076923076923077,0,1,10
ZINC000003587269,-7.15088,0.6807616949,6.2311110497,,0.6521739130434783,0.9230769230769232,0,1,-5.65295,0.4699063301,5.2173218727,,0.391304347826087,0.3846153846153846,0,1,-6.52351,0.2593915761,4.7016487122,,0.3478260869565217,0.3846153846153846,0,1,-5.52073,0.2332088202,4.2703542709,,0.3478260869565217,0.4615384615384615,0,1,-6.96232,0.2139705718,5.3428878784,,0.3043478260869565,0.3076923076923077,0,1,-6.11229,0.2121763527,4.9208455086,,0.3478260869565217,0.4615384615384615,0,1,-6.07389,0.170874685,4.7885107994,,0.391304347826087,0.4615384615384615,0,1,-6.36601,0.1686311662,4.1772437096,,0.391304347826087,0.3846153846153846,0,1,-5.84819,0.1582908779,3.889891386,,0.217391304347826,0.2307692307692307,0,1,-7.30137,0.1527362913,5.3173899651,,0.3043478260869565,0.4615384615384615,0,1,10
ZINC000003587388,-8.21561,0.8941938281,7.3942642212,,0.7391304347826086,0.8461538461538461,0,1,-8.62423,0.8657320738,7.3007640839,,0.6521739130434783,0.7692307692307693,0,1,-7.69758,0.6958445907,6.4865193367,,0.391304347826087,0.3846153846153846,0,1,-7.71542,0.6841176748,6.3782773018,,0.4347826086956521,0.4615384615384615,0,1,-7.37046,0.5907353759,6.2434821129,,0.391304347826087,0.3846153846153846,0,1,-7.95596,0.5501386523,6.7777562141,,0.5217391304347826,0.6923076923076923,0,1,-7.85441,0.5378203988,6.473256588,,0.4782608695652174,0.5384615384615384,0,1,-7.55546,0.4833017588,6.1939849854,,0.391304347826087,0.3846153846153846,0,1,-8.15399,0.4618144929,6.7966284752,,0.5217391304347826,0.6923076923076923,0,1,-7.24589,0.4411686361,6.6913180351,,0.4782608695652174,0.6153846153846154,0,1,10
ZINC000003587450,-6.90795,0.4200619459,6.4701352119,,0.4347826086956521,0.5384615384615384,0,1,-7.22776,0.417792052,6.1721663475,,0.2608695652173913,0.3076923076923077,0,1,-8.18353,0.4154583812,6.1728701591,,0.4347826086956521,0.4615384615384615,0,1,-6.96153,0.3832755089,6.4799494743,,0.4347826086956521,0.5384615384615384,0,1,-7.26084,0.3408914804,6.4258575439,,0.4347826086956521,0.5384615384615384,0,1,-7.82312,0.283046931,6.1035561562,,0.217391304347826,0.3076923076923077,0,1,-7.90964,0.2632862031,6.2500190735,,0.4347826086956521,0.5384615384615384,0,1,-8.07446,0.2565028965,5.9414486885,,0.3478260869565217,0.4615384615384615,0,1,-6.95396,0.2560787201,6.2272105217,,0.4347826086956521,0.5384615384615384,0,1,-7.62184,0.2502968311,5.5980529785,,0.217391304347826,0.3076923076923077,0,1,10
ZINC000003587536,-8.01978,0.3592244685,6.1950936317,,0.3478260869565217,0.3076923076923077,0,1,-6.75133,0.3188619018,6.8483119011,,0.782608695652174,0.9230769230769232,0,1,-6.98817,0.1883215308,5.7017035484,,0.4782608695652174,0.6923076923076923,0,1,-7.11174,0.1847810745,5.9433898926,,0.391304347826087,0.4615384615384615,0,1,-6.56071,0.1820346862,5.3365511894,,0.3043478260869565,0.3846153846153846,0,1,-6.48455,0.1800108254,6.0197119713,,0.5652173913043478,0.7692307692307693,0,1,-7.94669,0.1788967252,5.5152611732,,0.3478260869565217,0.3076923076923077,0,1,-7.47111,0.1774261892,5.7797074318,,0.5652173913043478,0.6923076923076923,0,1,-7.73104,0.1478041559,5.7796912193,,0.4782608695652174,0.6923076923076923,0,1,-7.0353,0.1160177514,5.1355977058,,0.2608695652173913,0.3076923076923077,0,1,10
ZINC000003587678,-8.24806,0.5938401818,6.6522955894,,0.4347826086956521,0.4615384615384615,0,1,-7.7896,0.4431780577,6.4195475578,,0.4782608695652174,0.5384615384615384,0,1,-8.12332,0.3334028125,6.2156143188,,0.5217391304347826,0.6153846153846154,0,1,-8.3175,0.2968212962,6.2218270302,,0.5217391304347826,0.6153846153846154,0,1,-7.2759,0.2912898064,6.1992888451,,0.2608695652173913,0.4615384615384615,0,1,-7.64601,0.255122751,6.2257142067,,0.3043478260869565,0.3846153846153846,0,1,-7.34833,0.229907304,6.1890296936,,0.3478260869565217,0.3846153846153846,0,1,-6.94823,0.2109064162,6.045027256,,0.3043478260869565,0.3846153846153846,0,1,-7.1704,0.208741039,6.1186904907,,0.217391304347826,0.3076923076923077,0,1,-7.64477,0.2079451829,6.1373419762,,0.217391304347826,0.3076923076923077,0,1,10
ZINC000003587796,-8.03061,0.7124547958,6.1437659264,,0.391304347826087,0.3846153846153846,0,1,-7.96894,0.5826331377,6.1235327721,,0.4347826086956521,0.4615384615384615,0,1,-7.99262,0.4260302782,5.8382344246,,0.4347826086956521,0.4615384615384615,0,1,-7.91742,0.343762368,5.7664752007,,0.391304347826087,0.3846153846153846,0,1,-6.89906,0.2522799373,5.4938397408,,0.217391304347826,0.3076923076923077,0,1,-8.06128,0.2509580255,5.5989871025,,0.3478260869565217,0.3076923076923077,0,1,-7.564,0.1978341788,4.999809742,,0.4782608695652174,0.5384615384615384,0,1,-7.38536,0.1596710235,5.4912109375,,0.4782608695652174,0.5384615384615384,0,1,-7.14996,0.1572405845,5.2188181877,,0.4347826086956521,0.6153846153846154,0,1,-7.5596,0.1569419354,5.6222405434,,0.3478260869565217,0.3846153846153846,0,1,10
ZINC000003587896,-8.2195,0.5536881089,6.5502300262,,0.391304347826087,0.3846153846153846,0,1,-7.5493,0.4179380536,6.3944716454,,0.391304347826087,0.3846153846153846,0,1,-8.27621,0.4163148999,6.3888034821,,0.3478260869565217,0.3076923076923077,0,1,-8.13998,0.4035578966,6.2887911797,,0.391304347826087,0.3846153846153846,0,1,-7.29333,0.3579885364,6.1352820396,,0.2608695652173913,0.3846153846153846,0,1,-7.3505,0.3316938877,6.1940979958,,0.391304347826087,0.4615384615384615,0,1,-7.43347,0.3014794886,6.5620751381,,0.6086956521739131,0.7692307692307693,0,1,-7.3499,0.2931319475,6.0457248688,,0.2608695652173913,0.3846153846153846,0,1,-6.76809,0.2899311185,5.6950135231,,0.3043478260869565,0.3846153846153846,0,1,-7.89051,0.2738780379,6.2697072029,,0.391304347826087,0.3846153846153846,0,1,10
ZINC000003592628,-5.52357,0.3490566611,5.4113335609,,0.4782608695652174,0.6923076923076923,0,1,-6.13025,0.1921499223,4.0009226799,,0.217391304347826,0.3076923076923077,0,1,-5.70633,0.1837479174,4.1806445122,,0.2608695652173913,0.3846153846153846,0,1,-5.16011,0.1765369028,3.9101994038,,0.2608695652173913,0.3076923076923077,0,1,-5.43887,0.1738832146,3.7618675232,,0.217391304347826,0.2307692307692307,0,1,-6.20456,0.1654141098,4.0873889923,,0.3043478260869565,0.3846153846153846,0,1,-5.97787,0.1608451605,4.5452613831,,0.3043478260869565,0.3846153846153846,0,1,-5.31905,0.136088714,4.012198925,,0.1304347826086956,0.2307692307692307,0,1,-5.75975,0.1357629299,4.4680423737,,0.3043478260869565,0.3846153846153846,0,1,-5.75788,0.1251470745,4.2232689857,,0.3043478260869565,0.3846153846153846,0,1,10
ZINC000003593609,-7.23213,0.8447839618,5.5566425323,,0.6521739130434783,0.8461538461538461,0,1,-7.14658,0.7197913527,5.3946456909,,0.5652173913043478,0.8461538461538461,0,1,-6.99975,0.691736877,5.6873822212,,0.5217391304347826,0.6923076923076923,0,1,-6.2628,0.6297819018,5.5550041199,,0.4782608695652174,0.6153846153846154,0,1,-7.41948,0.3015212417,4.7484612465,,0.6521739130434783,0.8461538461538461,0,1,-5.7888,0.1980307102,4.1957211494,,0.4347826086956521,0.4615384615384615,0,1,-8.74849,0.195210129,4.9898943901,,0.6086956521739131,0.6923076923076923,0,1,-6.05564,0.1304290146,4.3167614937,,0.3478260869565217,0.4615384615384615,0,1,-7.56786,0.114886798,4.2449421883,,0.3478260869565217,0.4615384615384615,0,1,-6.42554,0.1067849398,3.9552528858,,0.3478260869565217,0.5384615384615384,0,1,10
ZINC000003598303,-4.43412,0.5929664373,4.4105949402,,0.3478260869565217,0.3846153846153846,0,1,-6.46059,0.5538321137,6.0286140442,,0.391304347826087,0.6923076923076923,0,1,-5.82448,0.5469070673,6.1763825417,,0.4347826086956521,0.6923076923076923,0,1,-4.55029,0.5023661852,4.7034182549,,0.3478260869565217,0.3846153846153846,0,1,-4.7718,0.459618032,4.8343405724,,0.3478260869565217,0.3846153846153846,0,1,-4.39117,0.4436579943,4.7139701843,,0.217391304347826,0.3076923076923077,0,1,-5.05072,0.3863563538,4.9360909462,,0.3478260869565217,0.3846153846153846,0,1,-4.41821,0.3597865403,4.6734428406,,0.2608695652173913,0.3076923076923077,0,1,-5.09384,0.3305881917,5.6158766747,,0.391304347826087,0.6923076923076923,0,1,-4.2736,0.3190342486,4.6509985924,,0.217391304347826,0.3076923076923077,0,1,10
ZINC000003609266,-4.4288,0.6978477836,5.0758042336,,0.3043478260869565,0.3076923076923077,0,1,-4.41868,0.6626728177,4.9035563469,,0.3043478260869565,0.3076923076923077,0,1,-4.86807,0.6486987472,5.2676949501,,0.3043478260869565,0.3076923076923077,0,1,-4.4229,0.5383896232,5.244600296,,0.3043478260869565,0.3076923076923077,0,1,-4.90326,0.5296216607,5.0556178093,,0.391304347826087,0.3846153846153846,0,1,-4.49464,0.4744006097,4.8755512238,,0.3478260869565217,0.3076923076923077,0,1,-4.2922,0.4249259233,4.8836727142,,0.3043478260869565,0.3076923076923077,0,1,-4.38379,0.4011459351,4.8694109917,,0.3043478260869565,0.3076923076923077,0,1,-5.10476,0.3836025894,4.1368923187,,0.1304347826086956,0.2307692307692307,0,1,-4.8717,0.3756507635,4.7151846886,,0.3478260869565217,0.3846153846153846,0,1,10
ZINC000003611263,-5.26215,0.3253979087,5.2320055962,,0.391304347826087,0.4615384615384615,0,1,-6.19053,0.2845786214,6.2461590767,,0.6086956521739131,0.7692307692307693,0,1,-4.9772,0.2310535461,4.8768591881,,0.3478260869565217,0.3846153846153846,0,1,-7.52135,0.2276107818,5.9339127541,,0.4782608695652174,0.5384615384615384,0,1,-5.29943,0.2250296474,4.8819289207,,0.3478260869565217,0.4615384615384615,0,1,-5.92357,0.207439959,5.8447704315,,0.391304347826087,0.6923076923076923,0,1,-5.37804,0.2063162774,4.8637051582,,0.391304347826087,0.4615384615384615,0,1,-5.40969,0.174295783,5.8059844971,,0.391304347826087,0.6153846153846154,0,1,-5.72366,0.1685235798,5.8122601509,,0.6086956521739131,0.7692307692307693,0,1,-5.04101,0.1656847298,4.7204532623,,0.2608695652173913,0.3076923076923077,0,1,10
ZINC000003624046,-4.12147,0.6936520934,4.8418498039,,0.2608695652173913,0.3076923076923077,0,1,-4.7308,0.6230989695,4.745701313,,0.2608695652173913,0.3076923076923077,0,1,-4.5972,0.5704299212,4.6961960793,,0.1739130434782608,0.2307692307692307,0,1,-4.22436,0.559427321,4.8482060432,,0.217391304347826,0.3076923076923077,0,1,-4.14878,0.5190175772,4.4231858253,,0.1304347826086956,0.2307692307692307,0,1,-4.03467,0.5044773817,4.2419424057,,0.217391304347826,0.3076923076923077,0,1,-4.66113,0.4665249884,5.9028148651,,0.3043478260869565,0.4615384615384615,0,1,-4.13677,0.4647417963,4.192592144,,0.1304347826086956,0.2307692307692307,0,1,-4.3267,0.422580272,4.7526488304,,0.1739130434782608,0.2307692307692307,0,1,-4.13427,0.421492368,4.1454348564,,0.1739130434782608,0.2307692307692307,0,1,10
ZINC000003627246,-7.20587,0.5436050296,5.8791904449,,0.217391304347826,0.3076923076923077,0,1,-7.18712,0.5367380381,5.8567237854,,0.217391304347826,0.3076923076923077,0,1,-4.4491,0.5252184868,3.8797187805,,0.3043478260869565,0.3076923076923077,0,1,-6.49489,0.2912951112,5.5246052742,,0.3043478260869565,0.3846153846153846,0,1,-5.56448,0.2262605876,5.3689723015,,0.3478260869565217,0.5384615384615384,0,1,-6.35866,0.2074241936,5.3940691948,,0.3043478260869565,0.3846153846153846,0,1,-5.78585,0.1903282255,5.2787928581,,0.3478260869565217,0.5384615384615384,0,1,-4.50322,0.1883667707,3.6841306686,,0.217391304347826,0.3076923076923077,0,1,-7.02774,0.180308044,5.197701931,,0.1739130434782608,0.2307692307692307,0,1,-4.55961,0.1693537682,3.6401929855,,0.217391304347826,0.3076923076923077,0,1,10
ZINC000003636935,-6.48545,0.8056002855,5.1531801224,,0.6086956521739131,0.7692307692307693,0,1,-6.39719,0.719088614,5.0821690559,,0.5217391304347826,0.6923076923076923,0,1,-6.5341,0.6152003407,5.0705456734,,0.3043478260869565,0.5384615384615384,0,1,-6.27249,0.5748533607,5.2235884666,,0.4347826086956521,0.6153846153846154,0,1,-6.0261,0.339707613,4.3966522217,,0.0869565217391304,0.0769230769230769,0,1,-5.91135,0.2925641835,4.3886408806,,0.4347826086956521,0.4615384615384615,0,1,-5.84577,0.2644654512,4.4855074883,,0.3478260869565217,0.4615384615384615,0,1,-5.89537,0.2205598354,4.8333501816,,0.4782608695652174,0.6153846153846154,0,1,-6.15434,0.1863390505,4.5971975327,,0.391304347826087,0.4615384615384615,0,1,-6.73551,0.1623072326,4.79500103,,0.3478260869565217,0.4615384615384615,0,1,10
ZINC000003636938,-5.84262,0.6878142953,5.0300126076,,0.5652173913043478,0.8461538461538461,0,1,-6.23439,0.5309876204,5.6223359108,,0.4782608695652174,0.6153846153846154,0,1,-5.95006,0.5133844018,4.9463210106,,0.4347826086956521,0.6153846153846154,0,1,-5.43135,0.4851548374,4.7293066978,,0.6086956521739131,0.8461538461538461,0,1,-6.43243,0.4291788042,4.7291874886,,0.217391304347826,0.2307692307692307,0,1,-6.05125,0.3962326348,5.1689720154,,0.391304347826087,0.6153846153846154,0,1,-6.01571,0.2978432178,4.4054570198,,0.3478260869565217,0.3846153846153846,0,1,-5.32137,0.2246548831,4.0417098999,,0.3478260869565217,0.3846153846153846,0,1,-5.79428,0.2214155346,4.3729271889,,0.3478260869565217,0.3846153846153846,0,1,-6.07292,0.2145565152,4.5073971748,,0.3478260869565217,0.3846153846153846,0,1,10
ZINC000003636940,-6.25367,0.7052417397,5.1182684898,,0.4347826086956521,0.5384615384615384,0,1,-5.83497,0.6614206433,4.6291222572,,0.5652173913043478,0.6923076923076923,0,1,-5.77215,0.6411486864,4.7701206207,,0.3478260869565217,0.3846153846153846,0,1,-6.32549,0.6213791966,4.9064655304,,0.5652173913043478,0.6153846153846154,0,1,-5.87392,0.6196441054,4.9669861794,,0.5217391304347826,0.6923076923076923,0,1,-5.84563,0.6075475216,4.7484703064,,0.3478260869565217,0.3846153846153846,0,1,-6.27263,0.5954910517,5.0225872993,,0.5217391304347826,0.6153846153846154,0,1,-6.0869,0.5590629578,4.4647908211,,0.3478260869565217,0.3846153846153846,0,1,-5.3134,0.3457197845,4.4174118042,,0.5652173913043478,0.7692307692307693,0,1,-5.0151,0.3050748408,4.9322471619,,0.391304347826087,0.5384615384615384,0,1,10
ZINC000003645734,-7.14446,0.673268795,5.7501049042,,0.5217391304347826,0.6923076923076923,0,1,-7.37852,0.5928783417,5.8267035484,,0.6956521739130435,0.7692307692307693,0,1,-7.21194,0.5894681215,5.8785367012,,0.5652173913043478,0.6923076923076923,0,1,-6.83296,0.5659311414,5.5363221169,,0.3478260869565217,0.6153846153846154,0,1,-7.05554,0.558934629,5.7444062233,,0.5217391304347826,0.6153846153846154,0,1,-7.48084,0.5230508447,5.3441390991,,0.4782608695652174,0.6923076923076923,0,1,-6.86345,0.5218351483,5.5952301025,,0.4782608695652174,0.6153846153846154,0,1,-7.86929,0.5100747347,5.3611569405,,0.6086956521739131,0.6923076923076923,0,1,-7.54432,0.4904677868,5.6828937531,,0.6956521739130435,0.7692307692307693,0,1,-7.84087,0.463440299,5.3068413734,,0.6086956521739131,0.6923076923076923,0,1,10
ZINC000003651246,-5.09964,0.8090068102,4.3942360878,,0.2608695652173913,0.3076923076923077,0,1,-4.57314,0.7387760282,4.0809693336,,0.2608695652173913,0.3076923076923077,0,1,-5.05418,0.7060818672,3.9358508587,,0.217391304347826,0.2307692307692307,0,1,-5.00233,0.684253335,3.9151554108,,0.2608695652173913,0.3076923076923077,0,1,-5.19601,0.6673890352,3.7079441547,,0.3043478260869565,0.3076923076923077,0,1,-4.26747,0.6515466571,3.8001163006,,0.2608695652173913,0.2307692307692307,0,1,-5.39118,0.6464339495,5.0822234154,,0.4347826086956521,0.4615384615384615,0,1,-5.61514,0.617166996,5.245923996,,0.4782608695652174,0.5384615384615384,0,1,-4.85095,0.6001136303,4.6140666008,,0.3478260869565217,0.3846153846153846,0,1,-4.89163,0.5912860632,3.8181240559,,0.3478260869565217,0.3076923076923077,0,1,10
ZINC000003653400,-7.83514,0.713444531,6.1186199188,,0.5652173913043478,0.6923076923076923,0,1,-8.38632,0.5342615843,5.9423584938,,0.391304347826087,0.5384615384615384,0,1,-7.55352,0.3810881972,5.9554820061,,0.6521739130434783,0.7692307692307693,0,1,-7.85379,0.3657007813,5.952539444,,0.6086956521739131,0.6923076923076923,0,1,-7.63976,0.2877083421,5.6198420525,,0.391304347826087,0.6153846153846154,0,1,-7.31026,0.28336972,5.5270133018,,0.4347826086956521,0.6153846153846154,0,1,-6.5506,0.2657867074,4.8782877922,,0.3478260869565217,0.3846153846153846,0,1,-7.39699,0.2561075091,5.60232687,,0.4782608695652174,0.6923076923076923,0,1,-7.247,0.2481235564,5.7984108925,,0.5652173913043478,0.7692307692307693,0,1,-6.91093,0.2412144393,5.870247364,,0.4347826086956521,0.5384615384615384,0,1,10
ZINC000003791295,-8.21319,0.6104620695,7.0084228516,,0.6956521739130435,0.7692307692307693,0,1,-7.20539,0.352273494,6.4895310402,,0.6521739130434783,0.7692307692307693,0,1,-8.27853,0.2864921689,6.1440901756,,0.6521739130434783,0.7692307692307693,0,1,-7.77938,0.2642216682,6.2223496437,,0.6086956521739131,0.6923076923076923,0,1,-6.51766,0.2458052486,5.70571661,,0.6521739130434783,0.6923076923076923,0,1,-7.23295,0.2317930758,6.1158127785,,0.5217391304347826,0.6923076923076923,0,1,-6.79196,0.22841838,5.6592545509,,0.6956521739130435,0.7692307692307693,0,1,-7.65492,0.2033479661,6.098256588,,0.4782608695652174,0.6153846153846154,0,1,-7.82097,0.1983086467,4.9420380592,,0.4347826086956521,0.5384615384615384,0,1,-7.62434,0.1931040287,6.1310367584,,0.217391304347826,0.3846153846153846,0,1,10
ZINC000003799963,-6.23415,0.8675587177,5.8357682228,,0.391304347826087,0.6153846153846154,0,1,-6.99972,0.8007270694,5.9565601349,,0.4347826086956521,0.6923076923076923,0,1,-6.81359,0.5111539364,5.1224112511,,0.5652173913043478,0.7692307692307693,0,1,-6.06602,0.4515679777,5.028318882,,0.391304347826087,0.4615384615384615,0,1,-6.35841,0.435279429,4.2164731026,,0.217391304347826,0.2307692307692307,0,1,-6.37184,0.3627708256,5.4211306572,,0.4347826086956521,0.6153846153846154,0,1,-6.57657,0.3527581394,5.3441810608,,0.4782608695652174,0.6923076923076923,0,1,-6.88779,0.3052113652,5.2522506714,,0.4782608695652174,0.6923076923076923,0,1,-6.08647,0.215784356,4.3754439354,,0.217391304347826,0.2307692307692307,0,1,-6.24031,0.1992914975,4.9458699226,,0.4782608695652174,0.6153846153846154,0,1,10
ZINC000003807151,-8.74492,0.6264192462,8.0555725098,,0.6521739130434783,0.7692307692307693,0,1,-8.78511,0.4926793575,8.1809825897,,0.6956521739130435,0.7692307692307693,0,1,-7.44262,0.4776908457,7.7225337029,,0.5217391304347826,0.7692307692307693,0,1,-7.99785,0.4507004619,7.8806290627,,0.7391304347826086,0.8461538461538461,0,1,-8.96838,0.4151588082,7.7996344566,,0.6086956521739131,0.7692307692307693,0,1,-7.5119,0.4074067175,7.4793357849,,0.6086956521739131,0.7692307692307693,0,1,-7.0989,0.4009647667,7.1448616982,,0.4782608695652174,0.6153846153846154,0,1,-7.05945,0.3980152607,7.2688803673,,0.5217391304347826,0.6923076923076923,0,1,-7.79917,0.3776184022,7.5845732689,,0.6521739130434783,0.8461538461538461,0,1,-7.01452,0.329174459,7.5533518791,,0.6086956521739131,0.6153846153846154,0,1,10
ZINC000003814175,-8.41586,0.5848408937,6.5899620056,,0.391304347826087,0.5384615384615384,0,1,-5.65716,0.3607768714,4.8503608704,,0.391304347826087,0.3846153846153846,0,1,-8.29138,0.3085980415,6.5039000511,,0.4347826086956521,0.5384615384615384,0,1,-8.03217,0.257465899,6.3491635323,,0.5217391304347826,0.6153846153846154,0,1,-5.80788,0.2505621612,4.4670863152,,0.391304347826087,0.3846153846153846,0,1,-6.60969,0.197128281,6.1253314018,,0.4782608695652174,0.6153846153846154,0,1,-5.7762,0.1904993951,4.3165626526,,0.2608695652173913,0.3076923076923077,0,1,-7.59926,0.1896773726,6.4618415833,,0.4782608695652174,0.6153846153846154,0,1,-8.23167,0.189056471,6.2528090477,,0.3478260869565217,0.4615384615384615,0,1,-8.40585,0.1878979802,5.8022065163,,0.4347826086956521,0.5384615384615384,0,1,10
ZINC000003814188,-6.2014,0.3278993964,6.1018466949,,0.4347826086956521,0.5384615384615384,0,1,-7.94191,0.2732573748,5.9750714302,,0.3043478260869565,0.6153846153846154,0,1,-6.12416,0.2539850175,5.6824417114,,0.3478260869565217,0.4615384615384615,0,1,-6.72104,0.2520752251,6.0074954033,,0.217391304347826,0.2307692307692307,0,1,-6.1398,0.2252163589,6.285674572,,0.4347826086956521,0.6153846153846154,0,1,-6.82187,0.2193030417,6.3308939934,,0.4782608695652174,0.5384615384615384,0,1,-6.61317,0.1947126091,5.7109389305,,0.3478260869565217,0.5384615384615384,0,1,-6.95348,0.1932676136,5.5886483192,,0.4782608695652174,0.6153846153846154,0,1,-6.06271,0.1932651252,5.7860598564,,0.4347826086956521,0.6923076923076923,0,1,-7.17537,0.1879414916,5.8387513161,,0.3043478260869565,0.4615384615384615,0,1,10
ZINC000003830422,-7.58716,0.6150240898,7.6136221886,,0.7391304347826086,0.8461538461538461,0,1,-7.69112,0.3132297099,7.2169208527,,0.5652173913043478,0.6923076923076923,0,1,-6.78864,0.2810980082,7.042327404,,0.4782608695652174,0.5384615384615384,0,1,-6.92804,0.2780564427,6.9964032173,,0.6086956521739131,0.7692307692307693,0,1,-7.17193,0.2552950382,6.6357388496,,0.6086956521739131,0.7692307692307693,0,1,-5.97126,0.2084074467,6.6727199554,,0.4782608695652174,0.5384615384615384,0,1,-7.4779,0.1811358631,6.846965313,,0.5652173913043478,0.6923076923076923,0,1,-6.65784,0.1738221645,5.5617070198,,0.3043478260869565,0.3846153846153846,0,1,-6.07074,0.1709361374,6.6942372322,,0.5217391304347826,0.6153846153846154,0,1,-6.35761,0.1595696956,6.660759449,,0.5217391304347826,0.6153846153846154,0,1,10
ZINC000003832380,-8.07428,0.6475597024,7.9798378944,,0.6086956521739131,0.8461538461538461,0,1,-7.87487,0.6190401912,7.8434901237,,0.6521739130434783,0.8461538461538461,0,1,-7.99064,0.478559345,7.7807106972,,0.6521739130434783,0.8461538461538461,0,1,-8.50761,0.444298923,7.7561511993,,0.782608695652174,0.9230769230769232,0,1,-8.37538,0.4422625303,7.921857357,,0.782608695652174,0.9230769230769232,0,1,-8.16693,0.3454618752,7.6982102394,,0.7391304347826086,0.9230769230769232,0,1,-7.78779,0.3223468661,7.6532249451,,0.6086956521739131,0.8461538461538461,0,1,-7.67798,0.3114485443,7.3779435158,,0.5652173913043478,0.8461538461538461,0,1,-9.19979,0.2822903395,7.808701992,,0.5652173913043478,0.7692307692307693,0,1,-7.78419,0.2792565227,7.5575356483,,0.6521739130434783,0.8461538461538461,0,1,10
ZINC000003832381,-8.37911,0.7218754888,8.09715271,,0.6956521739130435,0.8461538461538461,0,1,-8.38577,0.5996655822,7.9980926514,,0.782608695652174,0.9230769230769232,0,1,-8.71461,0.5208665729,7.922044754,,0.6521739130434783,0.8461538461538461,0,1,-7.80493,0.4670403302,7.7474498749,,0.6521739130434783,0.8461538461538461,0,1,-9.60114,0.4054507315,7.991756916,,0.6521739130434783,0.8461538461538461,0,1,-8.06276,0.3243182302,7.662853241,,0.7391304347826086,0.9230769230769232,0,1,-8.25496,0.2988501489,7.163848877,,0.391304347826087,0.5384615384615384,0,1,-8.29164,0.2926050425,7.6514759064,,0.6521739130434783,0.8461538461538461,0,1,-8.22838,0.2912004292,7.5937290192,,0.7391304347826086,0.9230769230769232,0,1,-8.83727,0.275001049,7.8532409668,,0.6521739130434783,0.8461538461538461,0,1,10
ZINC000003838320,-5.26566,0.3491947353,4.8525362015,,0.2608695652173913,0.3076923076923077,0,1,-5.65884,0.1695465446,4.4022774696,,0.217391304347826,0.2307692307692307,0,1,-5.15711,0.1388827115,4.1789755821,,0.1304347826086956,0.2307692307692307,0,1,-5.12589,0.1328603327,4.1336607933,,0.1739130434782608,0.2307692307692307,0,1,-5.75085,0.1223887354,4.4790153503,,0.391304347826087,0.4615384615384615,0,1,-5.26111,0.0940844119,4.4214987755,,0.3043478260869565,0.3076923076923077,0,1,-5.81833,0.0938948169,4.1655707359,,0.4347826086956521,0.4615384615384615,0,1,-5.90088,0.0889319032,4.1638007164,,0.391304347826087,0.4615384615384615,0,1,-5.38734,0.0873703882,4.0534939766,,0.217391304347826,0.2307692307692307,0,1,-5.44604,0.0858887732,4.2534542084,,0.3043478260869565,0.3076923076923077,0,1,10
ZINC000003842667,-6.08517,0.9099985957,5.386071682,,0.4347826086956521,0.6153846153846154,0,1,-6.6509,0.8915262222,5.0546498299,,0.5217391304347826,0.7692307692307693,0,1,-5.63951,0.7897807956,4.8594722748,,0.391304347826087,0.4615384615384615,0,1,-7.17253,0.7721642256,4.7427368164,,0.5652173913043478,0.7692307692307693,0,1,-7.12653,0.7523192167,4.9604182243,,0.6086956521739131,0.8461538461538461,0,1,-6.08983,0.536801815,4.8590626717,,0.391304347826087,0.5384615384615384,0,1,-6.31219,0.5263066292,3.9799721241,,0.1739130434782608,0.1538461538461538,0,1,-6.77626,0.4975728393,4.8741364479,,0.4782608695652174,0.6923076923076923,0,1,-5.89192,0.4575091004,4.1051077843,,0.4347826086956521,0.4615384615384615,0,1,-5.63249,0.3374986351,4.8116855621,,0.4347826086956521,0.6153846153846154,0,1,10
ZINC000003842993,-6.85217,0.9517982602,6.0564265251,,0.5217391304347826,0.6923076923076923,0,1,-6.90025,0.6188549995,5.6101531982,,0.5217391304347826,0.6923076923076923,0,1,-7.34497,0.5300770998,5.1461262703,,0.4347826086956521,0.6153846153846154,0,1,-6.58887,0.5278898478,4.5790100098,,0.1739130434782608,0.2307692307692307,0,1,-6.69291,0.4196606576,5.3172569275,,0.4347826086956521,0.6153846153846154,0,1,-6.40205,0.4189518988,5.1561479568,,0.4782608695652174,0.6923076923076923,0,1,-5.89788,0.3508260548,4.5865116119,,0.217391304347826,0.3076923076923077,0,1,-7.52232,0.3294640779,5.1146030426,,0.5652173913043478,0.7692307692307693,0,1,-6.42371,0.3247053623,5.0320096016,,0.5217391304347826,0.7692307692307693,0,1,-5.97605,0.2592146397,4.8943667412,,0.3043478260869565,0.3846153846153846,0,1,10
ZINC000003843349,-6.43526,0.8204191327,6.0712971687,,0.6086956521739131,0.7692307692307693,0,1,-5.55332,0.3242790401,5.2298226357,,0.5652173913043478,0.6923076923076923,0,1,-6.48706,0.2706391215,4.4834895134,,0.391304347826087,0.5384615384615384,0,1,-5.96617,0.2537895143,4.9966182709,,0.391304347826087,0.5384615384615384,0,1,-6.13754,0.2256995887,4.4849381447,,0.391304347826087,0.5384615384615384,0,1,-6.05726,0.2150670737,4.4996013641,,0.2608695652173913,0.2307692307692307,0,1,-6.82942,0.2119998038,4.4344468117,,0.391304347826087,0.4615384615384615,0,1,-6.98861,0.1650142968,4.7159838676,,0.1304347826086956,0.1538461538461538,0,1,-5.47328,0.1567888558,4.4264545441,,0.3043478260869565,0.3076923076923077,0,1,-6.02079,0.1488185078,4.5312151909,,0.2608695652173913,0.3076923076923077,0,1,10
ZINC000003861001,-5.48448,0.5267356038,5.9718432426,,0.2608695652173913,0.4615384615384615,0,1,-5.41233,0.5087460876,4.2130889893,,0.2608695652173913,0.3076923076923077,0,1,-5.74119,0.3524169624,3.5324261189,,0.3043478260869565,0.3076923076923077,0,1,-5.27455,0.3119853735,3.7371222973,,0.3043478260869565,0.3076923076923077,0,1,-5.79127,0.304273665,3.6856734753,,0.3478260869565217,0.3846153846153846,0,1,-6.29225,0.2928996086,4.8103146553,,0.2608695652173913,0.3846153846153846,0,1,-5.76823,0.2877623737,3.4562647343,,0.3478260869565217,0.3846153846153846,0,1,-5.48625,0.2766197324,3.3915634155,,0.3043478260869565,0.3076923076923077,0,1,-5.70278,0.2500237226,4.94754076,,0.217391304347826,0.3076923076923077,0,1,-6.5329,0.2251879275,5.2734808922,,0.391304347826087,0.5384615384615384,0,1,10
ZINC000003869303,-6.80143,0.7956784964,6.1810164452,,0.3043478260869565,0.5384615384615384,0,1,-6.37425,0.7608057261,5.5952887535,,0.3478260869565217,0.5384615384615384,0,1,-6.09027,0.7369493246,5.9814352989,,0.3043478260869565,0.6153846153846154,0,1,-6.57267,0.5882563591,5.6877779961,,0.3478260869565217,0.4615384615384615,0,1,-5.37292,0.5158601999,4.4787287712,,0.2608695652173913,0.3846153846153846,0,1,-5.89881,0.4345831275,5.2904849052,,0.391304347826087,0.5384615384615384,0,1,-5.50101,0.4131441712,5.1936016083,,0.3043478260869565,0.4615384615384615,0,1,-6.79952,0.4073889852,5.5852026939,,0.217391304347826,0.3846153846153846,0,1,-5.41577,0.2791930735,4.4498763084,,0.2608695652173913,0.3846153846153846,0,1,-5.45012,0.2645995617,4.3710494041,,0.3043478260869565,0.3846153846153846,0,1,10
ZINC000003869330,-6.2374,0.6359151602,4.6134233475,,0.4347826086956521,0.6923076923076923,0,1,-5.26487,0.6109933853,4.4238533974,,0.3478260869565217,0.4615384615384615,0,1,-6.7059,0.5472803712,4.6757216454,,0.1304347826086956,0.2307692307692307,0,1,-6.34575,0.5232598186,4.6018309593,,0.391304347826087,0.6153846153846154,0,1,-6.83796,0.4934436679,5.0389690399,,0.1739130434782608,0.2307692307692307,0,1,-5.65067,0.49319911,4.4420619011,,0.3478260869565217,0.6153846153846154,0,1,-6.64605,0.4886801243,4.4775385857,,0.1304347826086956,0.2307692307692307,0,1,-5.80875,0.4791983962,4.2821621895,,0.2608695652173913,0.3076923076923077,0,1,-6.08303,0.4443876743,4.6833138466,,0.217391304347826,0.3076923076923077,0,1,-5.62087,0.4407514334,3.8560192585,,0.1304347826086956,0.2307692307692307,0,1,10
ZINC000003869393,-6.14981,0.9070823193,5.1506934166,,0.5217391304347826,0.8461538461538461,0,1,-6.48572,0.849588275,5.3118815422,,0.391304347826087,0.3846153846153846,0,1,-7.13892,0.8420317173,5.0034689903,,0.5652173913043478,0.7692307692307693,0,1,-5.83836,0.8064214587,4.107984066,,0.3478260869565217,0.4615384615384615,0,1,-5.92926,0.6944743991,4.2504611015,,0.391304347826087,0.4615384615384615,0,1,-5.95755,0.6620362997,4.7874488831,,0.2608695652173913,0.3846153846153846,0,1,-6.61046,0.628698647,4.5169072151,,0.4347826086956521,0.6153846153846154,0,1,-5.16531,0.5747933984,4.8182601929,,0.3478260869565217,0.6153846153846154,0,1,-6.35032,0.5611108541,5.091275692,,0.3043478260869565,0.5384615384615384,0,1,-7.05278,0.546156168,4.7132439613,,0.4347826086956521,0.6153846153846154,0,1,10
ZINC000003869909,-5.86956,0.4599826932,5.3927454948,,0.3478260869565217,0.3846153846153846,0,1,-6.10776,0.3945949376,5.433221817,,0.3478260869565217,0.3846153846153846,0,1,-6.12888,0.2680062354,4.6001763344,,0.2608695652173913,0.3076923076923077,0,1,-6.81249,0.2472837567,5.1522307396,,0.3478260869565217,0.3846153846153846,0,1,-5.91957,0.2261481583,4.9064769745,,0.2608695652173913,0.3076923076923077,0,1,-5.9871,0.1981161833,4.9475269318,,0.217391304347826,0.3076923076923077,0,1,-5.7891,0.1758315116,4.3070468903,,0.3478260869565217,0.3846153846153846,0,1,-5.93262,0.1740097404,4.4992651939,,0.2608695652173913,0.3076923076923077,0,1,-6.18527,0.1671551913,4.9329257011,,0.391304347826087,0.4615384615384615,0,1,-9.05194,0.1619876176,5.1313672066,,0.1304347826086956,0.1538461538461538,0,1,10
ZINC000003869926,-7.21151,0.810228467,6.0528235435,,0.3478260869565217,0.4615384615384615,0,1,-7.44955,0.6043242812,6.0593285561,,0.391304347826087,0.6153846153846154,0,1,-6.64312,0.4398696423,5.9325079918,,0.3043478260869565,0.6153846153846154,0,1,-7.06015,0.3069894016,5.2120800018,,0.391304347826087,0.7692307692307693,0,1,-8.44759,0.2972171307,5.14478302,,0.1304347826086956,0.3076923076923077,0,1,-7.24416,0.2888727188,5.2168745995,,0.217391304347826,0.4615384615384615,0,1,-6.61675,0.2791990936,4.8300552368,,0.3043478260869565,0.6153846153846154,0,1,-7.08328,0.272276938,5.3936600685,,0.3478260869565217,0.6923076923076923,0,1,-8.61519,0.2715287805,4.7344346046,,0.3043478260869565,0.5384615384615384,0,1,-6.91024,0.251996696,4.1563429832,,0.0,0.0769230769230769,0,1,10
ZINC000003870068,-5.07395,0.7184644341,4.0005545616,,0.3043478260869565,0.3076923076923077,0,1,-5.53527,0.709389627,4.0708241463,,0.3043478260869565,0.3076923076923077,0,1,-7.47316,0.6926426888,5.3591442108,,0.5652173913043478,0.6153846153846154,0,1,-7.00565,0.6866503358,5.3159070015,,0.4782608695652174,0.6923076923076923,0,1,-5.64377,0.6386938095,4.0579509735,,0.3478260869565217,0.3076923076923077,0,1,-4.95527,0.5759411454,4.221850872,,0.217391304347826,0.3076923076923077,0,1,-6.52509,0.5502803922,5.1762561798,,0.5652173913043478,0.7692307692307693,0,1,-6.9013,0.5021290779,4.947368145,,0.2608695652173913,0.4615384615384615,0,1,-6.73023,0.4768686295,5.1935095787,,0.391304347826087,0.6153846153846154,0,1,-7.1388,0.4650823474,5.0199151039,,0.5217391304347826,0.6153846153846154,0,1,10
ZINC000003870117,-6.92596,0.7172184587,4.3954768181,,0.4782608695652174,0.6153846153846154,0,1,-7.49008,0.6856313348,4.6700730324,,0.391304347826087,0.6153846153846154,0,1,-6.7519,0.6357012987,4.6735157967,,0.217391304347826,0.4615384615384615,0,1,-7.01334,0.6237461567,4.4575533867,,0.391304347826087,0.4615384615384615,0,1,-6.33309,0.5562934875,4.6477398872,,0.5217391304347826,0.7692307692307693,0,1,-6.29421,0.5417767167,4.0731320381,,0.1304347826086956,0.1538461538461538,0,1,-6.44164,0.5380215645,4.424759388,,0.2608695652173913,0.3846153846153846,0,1,-5.78723,0.5237344503,4.15132761,,0.1304347826086956,0.1538461538461538,0,1,-6.51973,0.5099521279,3.5642898083,,0.3478260869565217,0.3846153846153846,0,1,-5.70501,0.5015258193,3.8750298023,,0.391304347826087,0.4615384615384615,0,1,10
ZINC000003870157,-6.53008,0.7035560012,5.0244579315,,0.4347826086956521,0.5384615384615384,0,1,-5.63675,0.6903675199,4.0936832428,,0.3043478260869565,0.3076923076923077,0,1,-7.12315,0.6478111148,4.8816456795,,0.391304347826087,0.5384615384615384,0,1,-6.80175,0.6238471866,4.9942507744,,0.3043478260869565,0.4615384615384615,0,1,-6.95,0.6040824652,4.9451522827,,0.4347826086956521,0.6153846153846154,0,1,-5.44984,0.5914098024,4.5464968681,,0.4782608695652174,0.5384615384615384,0,1,-6.85269,0.5827338696,5.0906772614,,0.3478260869565217,0.4615384615384615,0,1,-6.46422,0.4902800024,4.978579998,,0.5217391304347826,0.8461538461538461,0,1,-6.0303,0.4439327121,4.6673722267,,0.5217391304347826,0.6923076923076923,0,1,-6.76777,0.4355612695,4.5697607994,,0.5652173913043478,0.8461538461538461,0,1,10
ZINC000003870394,-5.02089,0.8226876855,3.414683342,,0.2608695652173913,0.3076923076923077,0,1,-4.73752,0.5997363329,3.7733123302,,0.2608695652173913,0.3076923076923077,0,1,-4.34679,0.5783153176,3.9281065464,,0.1739130434782608,0.2307692307692307,0,1,-4.81375,0.5380576849,3.3720901012,,0.2608695652173913,0.3076923076923077,0,1,-4.67375,0.3960238099,3.2791278362,,0.217391304347826,0.3076923076923077,0,1,-4.84279,0.3580420017,3.0954396725,,0.2608695652173913,0.3076923076923077,0,1,-4.62759,0.3465778232,2.9414844513,,0.1739130434782608,0.2307692307692307,0,1,-4.34292,0.3448444605,3.2403886318,,0.217391304347826,0.2307692307692307,0,1,-4.45693,0.3372315764,3.2899067402,,0.0434782608695652,0.0769230769230769,0,1,-5.14942,0.2850689888,4.3460249901,,0.3478260869565217,0.6153846153846154,0,1,10
ZINC000003870864,-6.66738,0.5330713987,4.951218605,,0.3043478260869565,0.3076923076923077,0,1,-6.52898,0.4872018397,4.8294067383,,0.1739130434782608,0.1538461538461538,0,1,-6.15467,0.4802279174,5.462697506,,0.3043478260869565,0.3846153846153846,0,1,-6.53112,0.4794210494,4.834051609,,0.2608695652173913,0.3076923076923077,0,1,-6.94382,0.4748335481,4.8097443581,,0.391304347826087,0.4615384615384615,0,1,-7.18168,0.4547304511,5.4073557854,,0.5652173913043478,0.6923076923076923,0,1,-5.21228,0.4289287031,4.7081599236,,0.2608695652173913,0.3076923076923077,0,1,-7.65242,0.4281143248,5.3192481995,,0.391304347826087,0.5384615384615384,0,1,-7.01472,0.4047309756,4.8089880943,,0.1304347826086956,0.2307692307692307,0,1,-7.12252,0.3819572926,4.8971552849,,0.1304347826086956,0.1538461538461538,0,1,10
ZINC000003871967,-5.33375,0.4002064466,4.7220377922,,0.3478260869565217,0.3076923076923077,0,1,-5.46465,0.3823898733,5.2077960968,,0.3478260869565217,0.3076923076923077,0,1,-6.02869,0.2580187619,5.0521426201,,0.1739130434782608,0.3076923076923077,0,1,-5.28846,0.226683557,4.6111607552,,0.391304347826087,0.3846153846153846,0,1,-5.04917,0.2135206014,4.35998106,,0.3478260869565217,0.3076923076923077,0,1,-5.06432,0.1952505112,4.2324223518,,0.0869565217391304,0.1538461538461538,0,1,-5.10031,0.1897486001,4.3284087181,,0.2608695652173913,0.3076923076923077,0,1,-7.63016,0.1763486266,5.4650454521,,0.3043478260869565,0.5384615384615384,0,1,-6.25475,0.1741973758,4.7010865211,,0.4347826086956521,0.4615384615384615,0,1,-7.21636,0.1733934283,5.7241997719,,0.3478260869565217,0.5384615384615384,0,1,10
ZINC000003873855,-6.94441,0.5184223652,5.1802921295,,0.6086956521739131,0.7692307692307693,0,1,-7.42028,0.3530688286,4.9538154602,,0.3478260869565217,0.5384615384615384,0,1,-7.04298,0.3472215533,4.8994479179,,0.2608695652173913,0.4615384615384615,0,1,-7.58335,0.3132933676,4.869410038,,0.391304347826087,0.5384615384615384,0,1,-5.70518,0.2863664925,3.8202369213,,0.2608695652173913,0.3076923076923077,0,1,-6.82524,0.2776925862,4.1618084908,,0.3043478260869565,0.3846153846153846,0,1,-5.47553,0.2747477591,3.7986781597,,0.2608695652173913,0.2307692307692307,0,1,-5.51174,0.2601961792,4.2830996513,,0.2608695652173913,0.3076923076923077,0,1,-7.27994,0.2228191495,4.6144022942,,0.3043478260869565,0.4615384615384615,0,1,-6.22683,0.2165715694,5.0093464851,,0.4782608695652174,0.6923076923076923,0,1,10
ZINC000003874386,-7.46873,0.5323286057,5.8428988457,,0.4782608695652174,0.6153846153846154,0,1,-6.62102,0.3933749497,5.5266919136,,0.4782608695652174,0.6153846153846154,0,1,-5.46041,0.3859269023,5.5229735374,,0.5217391304347826,0.8461538461538461,0,1,-7.7892,0.3409916461,5.7150893211,,0.5217391304347826,0.5384615384615384,0,1,-7.15159,0.3407967687,6.0168895721,,0.6086956521739131,0.6923076923076923,0,1,-7.2396,0.3267218471,5.6049251556,,0.3478260869565217,0.4615384615384615,0,1,-6.13108,0.3212201297,5.5171737671,,0.6086956521739131,0.6153846153846154,0,1,-6.76329,0.3165310323,5.7125992775,,0.5652173913043478,0.7692307692307693,0,1,-7.24499,0.295639962,5.5551719666,,0.6521739130434783,0.7692307692307693,0,1,-7.3479,0.2853569984,5.2964997292,,0.3043478260869565,0.4615384615384615,0,1,10
ZINC000003875033,-5.8263,0.6108672619,6.4712510109,,0.6521739130434783,0.7692307692307693,0,1,-4.61852,0.4438614845,4.4877305031,,0.0869565217391304,0.1538461538461538,0,1,-5.03254,0.4076041877,4.0511636734,,0.3043478260869565,0.3846153846153846,0,1,-4.63785,0.4044694304,3.9962761402,,0.1304347826086956,0.1538461538461538,0,1,-5.07363,0.3842156827,3.9702241421,,0.1739130434782608,0.1538461538461538,0,1,-5.33681,0.3658009171,3.8658554554,,0.3478260869565217,0.3846153846153846,0,1,-5.1355,0.3507499397,4.7974338531,,0.3478260869565217,0.3076923076923077,0,1,-4.57167,0.3286673725,3.9946758747,,0.2608695652173913,0.2307692307692307,0,1,-4.52447,0.3213805258,4.1064124107,,0.0869565217391304,0.1538461538461538,0,1,-4.46724,0.283675611,4.2066936493,,0.0434782608695652,0.0769230769230769,0,1,10
ZINC000003881283,-6.23863,0.4798415303,4.4284625053,,0.1739130434782608,0.2307692307692307,0,1,-6.2307,0.4577717781,5.518643856,,0.5652173913043478,0.7692307692307693,0,1,-6.08305,0.40305233,5.0520997047,,0.5652173913043478,0.7692307692307693,0,1,-6.59477,0.3781544268,5.2233872414,,0.5652173913043478,0.7692307692307693,0,1,-6.09756,0.3198442459,4.8563594818,,0.5217391304347826,0.6923076923076923,0,1,-5.87366,0.3179015219,4.77206707,,0.217391304347826,0.2307692307692307,0,1,-4.96842,0.3120036125,3.9971456528,,0.3043478260869565,0.3846153846153846,0,1,-6.22687,0.3010022044,5.0704092979,,0.2608695652173913,0.2307692307692307,0,1,-5.69629,0.2971962094,4.0779623985,,0.2608695652173913,0.3076923076923077,0,1,-6.48524,0.292140156,4.2385601997,,0.4782608695652174,0.6153846153846154,0,1,10
ZINC000003885827,-7.77903,0.4050878882,5.7570433617,,0.4782608695652174,0.6923076923076923,0,1,-7.46924,0.3790550828,5.9254202843,,0.6086956521739131,0.8461538461538461,0,1,-7.98185,0.357278198,5.7324728966,,0.4782608695652174,0.7692307692307693,0,1,-6.31973,0.2685621083,4.9302506447,,0.391304347826087,0.3846153846153846,0,1,-7.2599,0.2660333514,5.5118598938,,0.391304347826087,0.5384615384615384,0,1,-7.18976,0.2289443761,5.3769869804,,0.4347826086956521,0.6153846153846154,0,1,-8.04645,0.212835595,5.3950705528,,0.4782608695652174,0.7692307692307693,0,1,-7.23468,0.1995836645,5.2102680206,,0.5652173913043478,0.6923076923076923,0,1,-6.78331,0.1967813671,5.0523014069,,0.4347826086956521,0.5384615384615384,0,1,-7.29488,0.1918314099,5.2642154694,,0.6086956521739131,0.7692307692307693,0,1,10
ZINC000003886749,-7.40546,0.2754548192,5.8942742348,,0.3043478260869565,0.3846153846153846,0,1,-7.29892,0.232601732,5.6546721458,,0.3043478260869565,0.3846153846153846,0,1,-5.62197,0.184158355,4.1129002571,,0.1739130434782608,0.2307692307692307,0,1,-5.55661,0.1629214883,3.8009092808,,0.217391304347826,0.3076923076923077,0,1,-5.68943,0.1500357389,4.161485672,,0.217391304347826,0.2307692307692307,0,1,-6.43181,0.1464283913,4.1977753639,,0.217391304347826,0.3076923076923077,0,1,-5.62629,0.1446373165,4.629585743,,0.3478260869565217,0.4615384615384615,0,1,-7.19301,0.1410553753,5.1105670929,,0.2608695652173913,0.2307692307692307,0,1,-5.60848,0.1290030032,3.7720711231,,0.3043478260869565,0.3076923076923077,0,1,-5.6423,0.1267640293,5.1196169853,,0.3478260869565217,0.4615384615384615,0,1,10
ZINC000003888294,-8.19104,0.5080657601,6.0474243164,,0.5652173913043478,0.7692307692307693,0,1,-7.73972,0.4989533722,5.6423492432,,0.5217391304347826,0.5384615384615384,0,1,-7.7984,0.4889161587,5.5963511467,,0.5217391304347826,0.5384615384615384,0,1,-7.69279,0.4362734854,6.3589749336,,0.4782608695652174,0.6923076923076923,0,1,-7.75784,0.4204362333,6.380979538,,0.5652173913043478,0.6923076923076923,0,1,-8.58909,0.420265466,6.4840202332,,0.6956521739130435,0.8461538461538461,0,1,-6.29018,0.4107828438,6.3640007973,,0.5652173913043478,0.7692307692307693,0,1,-7.68637,0.3889347017,5.9096179008,,0.6521739130434783,0.7692307692307693,0,1,-8.48767,0.3871304989,6.4139580727,,0.7391304347826086,0.8461538461538461,0,1,-7.80428,0.3791482151,6.2354335785,,0.5217391304347826,0.6923076923076923,0,1,10
ZINC000003894860,-6.4577,0.5109021664,4.6844482422,,0.1739130434782608,0.2307692307692307,0,1,-5.44593,0.4372791052,4.7982673645,,0.1304347826086956,0.1538461538461538,0,1,-5.48453,0.433265239,4.50076437,,0.2608695652173913,0.3076923076923077,0,1,-5.35831,0.4121812582,4.5961594582,,0.217391304347826,0.3076923076923077,0,1,-5.19786,0.4120577276,4.4260048866,,0.1304347826086956,0.2307692307692307,0,1,-5.6062,0.4103584886,4.8978133202,,0.2608695652173913,0.3846153846153846,0,1,-6.54759,0.406060487,4.9554862976,,0.1739130434782608,0.2307692307692307,0,1,-5.47809,0.3952183127,4.9518380165,,0.217391304347826,0.3846153846153846,0,1,-5.16235,0.3943017423,4.8854432106,,0.217391304347826,0.3076923076923077,0,1,-5.74621,0.3862296641,4.471973896,,0.1739130434782608,0.2307692307692307,0,1,10
ZINC000003913972,-6.20456,0.5450105667,6.1900773048,,0.4782608695652174,0.6923076923076923,0,1,-4.88459,0.5236416459,4.2106537819,,0.1739130434782608,0.1538461538461538,0,1,-4.84841,0.4912202954,6.0439605713,,0.2608695652173913,0.3076923076923077,0,1,-6.3231,0.4850529432,6.218764782,,0.4782608695652174,0.6923076923076923,0,1,-6.1933,0.3998913169,6.0178909302,,0.391304347826087,0.6153846153846154,0,1,-5.0296,0.3948036432,3.9225142002,,0.2608695652173913,0.3846153846153846,0,1,-4.89362,0.3266526461,3.8145046234,,0.217391304347826,0.2307692307692307,0,1,-5.67367,0.2951034904,5.4431490898,,0.5217391304347826,0.7692307692307693,0,1,-5.65861,0.2700161934,4.9850296974,,0.1739130434782608,0.3076923076923077,0,1,-5.19879,0.2095677406,3.5992023945,,0.2608695652173913,0.3846153846153846,0,1,10
ZINC000003914208,-8.52166,0.2267450839,6.5201420784,,0.4782608695652174,0.5384615384615384,0,1,-8.25297,0.200543046,6.3188095093,,0.4782608695652174,0.5384615384615384,0,1,-6.17795,0.1927422732,5.3620791435,,0.391304347826087,0.3846153846153846,0,1,-6.24914,0.1836120039,5.2054162025,,0.4782608695652174,0.4615384615384615,0,1,-7.3845,0.1337973326,5.6986250877,,0.3478260869565217,0.4615384615384615,0,1,-7.68136,0.1306014359,6.3775887489,,0.3478260869565217,0.5384615384615384,0,1,-6.61089,0.1247266755,5.7592263222,,0.391304347826087,0.6153846153846154,0,1,-6.74096,0.1233565882,5.9529004097,,0.391304347826087,0.5384615384615384,0,1,-6.31206,0.1167892739,4.8534283638,,0.2608695652173913,0.3846153846153846,0,1,-6.8073,0.1008186489,5.3217754364,,0.2608695652173913,0.3846153846153846,0,1,10
ZINC000003914212,-6.70163,0.1663192362,4.9756989479,,0.3478260869565217,0.5384615384615384,0,1,-6.89269,0.1509479582,4.8159823418,,0.4347826086956521,0.6153846153846154,0,1,-8.00301,0.1369482428,6.0035271645,,0.3478260869565217,0.3846153846153846,0,1,-7.65745,0.1186279729,6.2135124207,,0.3478260869565217,0.3846153846153846,0,1,-7.02523,0.113711372,4.9951195717,,0.1739130434782608,0.2307692307692307,0,1,-7.68985,0.1120464057,6.1214585304,,0.3478260869565217,0.3846153846153846,0,1,-6.29219,0.1101027429,4.2921652794,,0.1304347826086956,0.1538461538461538,0,1,-7.8506,0.0999368876,4.8164253235,,0.5217391304347826,0.6153846153846154,0,1,-6.52488,0.0940080136,5.9317793846,,0.391304347826087,0.4615384615384615,0,1,-6.28291,0.0926413983,4.4715342522,,0.3043478260869565,0.3076923076923077,0,1,10
ZINC000003915526,-5.56793,0.4300486743,5.021777153,,0.2608695652173913,0.3846153846153846,0,1,-6.38844,0.2567234635,6.3562483788,,0.6086956521739131,0.6923076923076923,0,1,-5.58004,0.1824790984,5.1920399666,,0.3478260869565217,0.3846153846153846,0,1,-7.71971,0.1423212439,5.9671902657,,0.5652173913043478,0.7692307692307693,0,1,-6.19086,0.1337143779,4.9465184212,,0.3043478260869565,0.3846153846153846,0,1,-8.06221,0.120638676,5.3609442711,,0.5652173913043478,0.7692307692307693,0,1,-6.88394,0.1193009391,4.9211325645,,0.0869565217391304,0.1538461538461538,0,1,-5.99481,0.1000918895,4.9684882164,,0.217391304347826,0.3076923076923077,0,1,-5.79896,0.0984862894,4.9128966331,,0.391304347826087,0.4615384615384615,0,1,-8.28294,0.0978675187,5.544564724,,0.5652173913043478,0.7692307692307693,0,1,10
ZINC000003917949,-6.7322,0.8119954467,5.1078648567,,0.6521739130434783,0.7692307692307693,0,1,-5.27376,0.6416615844,3.8768560886,,0.391304347826087,0.3846153846153846,0,1,-6.59665,0.5910871625,4.7639813423,,0.4347826086956521,0.6153846153846154,0,1,-5.71018,0.5720926523,5.3080773354,,0.5652173913043478,0.7692307692307693,0,1,-6.23153,0.5374459028,4.3976969719,,0.391304347826087,0.3846153846153846,0,1,-5.47016,0.4900616407,3.7614393234,,0.391304347826087,0.3846153846153846,0,1,-6.74325,0.4754772186,4.9736170769,,0.6956521739130435,0.9230769230769232,0,1,-5.5585,0.4050275087,3.4034366608,,0.391304347826087,0.3846153846153846,0,1,-6.94859,0.3947904706,4.804983139,,0.6086956521739131,0.7692307692307693,0,1,-6.58754,0.2954379022,4.739757061,,0.3478260869565217,0.4615384615384615,0,1,10
ZINC000003926200,-6.62567,0.3319621384,6.3469109535,,0.3043478260869565,0.3846153846153846,0,1,-7.66521,0.2364102155,6.7162575722,,0.3043478260869565,0.3846153846153846,0,1,-6.627,0.2060271055,4.9256672859,,0.1739130434782608,0.2307692307692307,0,1,-7.67013,0.1984423697,5.8994579315,,0.3478260869565217,0.3846153846153846,0,1,-6.80743,0.1840555221,6.4662938118,,0.2608695652173913,0.3076923076923077,0,1,-5.90527,0.1748540699,5.1802897453,,0.217391304347826,0.2307692307692307,0,1,-6.27964,0.1578489542,4.4640026093,,0.1739130434782608,0.2307692307692307,0,1,-6.19202,0.1544747949,4.6528344154,,0.0869565217391304,0.1538461538461538,0,1,-6.39778,0.1482271105,5.3394145966,,0.0,0.0,0,1,-5.91289,0.134328872,4.7831821442,,0.1739130434782608,0.1538461538461538,0,1,10
ZINC000003927198,-5.26222,0.5803648829,5.6542878151,,0.3478260869565217,0.3076923076923077,0,1,-5.90114,0.5499839187,5.1859941483,,0.3043478260869565,0.3076923076923077,0,1,-5.98212,0.4983330667,6.4165377617,,0.6086956521739131,0.7692307692307693,0,1,-6.67148,0.3339677453,6.2263150215,,0.4347826086956521,0.6153846153846154,0,1,-5.82361,0.2898198366,5.3813710213,,0.217391304347826,0.3076923076923077,0,1,-4.91164,0.2805728316,5.0113253593,,0.1739130434782608,0.3076923076923077,0,1,-5.57624,0.2549691498,4.6001868248,,0.3043478260869565,0.3076923076923077,0,1,-4.99634,0.2291761339,4.0534453392,,0.217391304347826,0.2307692307692307,0,1,-6.82648,0.2286532521,5.5723700523,,0.4782608695652174,0.6923076923076923,0,1,-4.88433,0.2243002355,5.0341110229,,0.2608695652173913,0.3846153846153846,0,1,10
ZINC000003929890,-5.31592,0.3193284273,4.6773486137,,0.1739130434782608,0.1538461538461538,0,1,-5.33767,0.307955265,5.0423035622,,0.3478260869565217,0.3076923076923077,0,1,-5.26547,0.2252883762,5.3550543785,,0.1739130434782608,0.2307692307692307,0,1,-5.23815,0.187918663,5.156109333,,0.217391304347826,0.3076923076923077,0,1,-6.10174,0.1682980657,4.4745826721,,0.3043478260869565,0.3076923076923077,0,1,-7.23883,0.1560947895,5.6455140114,,0.4347826086956521,0.6923076923076923,0,1,-5.60282,0.1390208304,5.1112537384,,0.1304347826086956,0.2307692307692307,0,1,-6.89552,0.1345012635,5.7555465698,,0.3478260869565217,0.4615384615384615,0,1,-5.22062,0.1225648522,4.2959103584,,0.1739130434782608,0.3076923076923077,0,1,-5.54507,0.1116414666,5.3134040833,,0.217391304347826,0.2307692307692307,0,1,10
ZINC000003929898,-5.15269,0.2517496645,5.401611805,,0.1304347826086956,0.2307692307692307,0,1,-5.35026,0.1864247471,4.3463406563,,0.2608695652173913,0.3076923076923077,0,1,-6.74466,0.1449260563,5.8634438515,,0.3478260869565217,0.4615384615384615,0,1,-6.5646,0.1214529946,5.8141283989,,0.4347826086956521,0.6153846153846154,0,1,-5.26311,0.1136623621,4.9681892395,,0.217391304347826,0.3076923076923077,0,1,-5.98052,0.1110302284,4.5720496178,,0.217391304347826,0.3846153846153846,0,1,-5.6768,0.1051041037,4.5893788338,,0.2608695652173913,0.3076923076923077,0,1,-5.40243,0.10173136,4.4859347343,,0.217391304347826,0.3846153846153846,0,1,-6.01358,0.0985556021,4.542766571,,0.1739130434782608,0.3076923076923077,0,1,-7.02552,0.0970556736,5.2526535988,,0.4347826086956521,0.6153846153846154,0,1,10
ZINC000003930073,-7.60545,0.5069802403,5.0664010048,,0.6086956521739131,0.6153846153846154,0,1,-7.28332,0.3404023647,4.9284439087,,0.217391304347826,0.2307692307692307,0,1,-9.62387,0.2904921174,4.7681269646,,0.5217391304347826,0.7692307692307693,0,1,-7.45013,0.2260803878,4.9282717705,,0.217391304347826,0.2307692307692307,0,1,-7.37074,0.2135410458,4.7965140343,,0.391304347826087,0.6153846153846154,0,1,-6.7442,0.2080673724,3.7573709488,,0.1304347826086956,0.2307692307692307,0,1,-8.2181,0.2029773146,4.9655213356,,0.3478260869565217,0.6153846153846154,0,1,-8.5096,0.2010458112,4.0427098274,,0.2608695652173913,0.3846153846153846,0,1,-6.81401,0.1979262829,3.6725158691,,0.3043478260869565,0.3846153846153846,0,1,-7.03343,0.196617648,3.4832408428,,0.2608695652173913,0.3076923076923077,0,1,10
ZINC000003933036,-6.52474,0.6305782795,6.8479919434,,0.4347826086956521,0.6923076923076923,0,1,-6.72882,0.599173665,6.3568224907,,0.6521739130434783,0.7692307692307693,0,1,-6.64775,0.5081115961,6.3529148102,,0.391304347826087,0.6153846153846154,0,1,-7.57372,0.4877823889,6.3762612343,,0.4782608695652174,0.7692307692307693,0,1,-8.00385,0.3689116836,6.4740309715,,0.391304347826087,0.6923076923076923,0,1,-7.134,0.3311141133,5.7409229279,,0.391304347826087,0.6153846153846154,0,1,-6.65622,0.2450476587,5.637316227,,0.391304347826087,0.5384615384615384,0,1,-7.11424,0.2251276523,6.0801463127,,0.5217391304347826,0.6153846153846154,0,1,-8.22431,0.1890866011,6.033059597,,0.5652173913043478,0.6923076923076923,0,1,-6.73542,0.1695302725,5.1818108559,,0.6521739130434783,0.7692307692307693,0,1,10
ZINC000003935497,-7.00549,0.5269095302,5.7844600677,,0.1739130434782608,0.4615384615384615,0,1,-6.38605,0.4889997542,6.1514658928,,0.2608695652173913,0.4615384615384615,0,1,-6.10514,0.4793307483,5.9197864532,,0.2608695652173913,0.5384615384615384,0,1,-6.99364,0.4536133707,5.6358399391,,0.3478260869565217,0.6153846153846154,0,1,-6.63985,0.4453785121,5.935362339,,0.3043478260869565,0.5384615384615384,0,1,-6.10546,0.424936682,6.0087943077,,0.391304347826087,0.6923076923076923,0,1,-6.94687,0.4187076092,5.8700356483,,0.3478260869565217,0.6923076923076923,0,1,-5.81737,0.4007049203,5.8224205971,,0.3043478260869565,0.5384615384615384,0,1,-6.71231,0.3955721557,6.0280652046,,0.391304347826087,0.6153846153846154,0,1,-5.83962,0.3761944473,5.4700665474,,0.3043478260869565,0.6923076923076923,0,1,10
ZINC000003939238,-6.26399,0.2107550055,5.8132896423,,0.1739130434782608,0.3076923076923077,0,1,-6.41334,0.183456108,5.5577025414,,0.2608695652173913,0.3076923076923077,0,1,-6.83411,0.1375216097,5.0634651184,,0.3478260869565217,0.3846153846153846,0,1,-6.373,0.1116792411,5.3754959106,,0.2608695652173913,0.3076923076923077,0,1,-6.3171,0.1054388657,5.3296046257,,0.2608695652173913,0.3076923076923077,0,1,-6.36962,0.0856090561,5.3929805756,,0.3478260869565217,0.4615384615384615,0,1,-6.89853,0.0721321926,4.9857349396,,0.217391304347826,0.3076923076923077,0,1,-6.4467,0.0702867508,4.4743475914,,0.1739130434782608,0.2307692307692307,0,1,-6.82435,0.0660286918,4.7306404114,,0.217391304347826,0.3076923076923077,0,1,-7.28607,0.0608967058,5.2460160255,,0.3043478260869565,0.3846153846153846,0,1,10
ZINC000003940328,-5.96673,0.2881105542,5.6467113495,,0.2608695652173913,0.3076923076923077,0,1,-8.59425,0.2066325843,5.8512940407,,0.3478260869565217,0.4615384615384615,0,1,-9.04527,0.2018910646,6.3919467926,,0.4782608695652174,0.5384615384615384,0,1,-7.99717,0.1993048489,6.2832598686,,0.5217391304347826,0.6153846153846154,0,1,-8.49383,0.1824067235,6.1198139191,,0.6086956521739131,0.6923076923076923,0,1,-6.79194,0.1792069376,6.1195311546,,0.2608695652173913,0.4615384615384615,0,1,-6.05909,0.1771486253,6.0024657249,,0.2608695652173913,0.4615384615384615,0,1,-8.10556,0.1659516841,6.3176875114,,0.5217391304347826,0.6153846153846154,0,1,-9.17238,0.1620413214,6.3422012329,,0.5652173913043478,0.7692307692307693,0,1,-6.24112,0.1428075731,6.0815176964,,0.3478260869565217,0.4615384615384615,0,1,10
ZINC000003941829,-5.30246,0.5779827833,6.1733818054,,0.3478260869565217,0.3846153846153846,0,1,-6.24851,0.4214213789,5.8338828087,,0.391304347826087,0.3846153846153846,0,1,-5.77704,0.3740566671,5.6419453621,,0.3043478260869565,0.3846153846153846,0,1,-5.62141,0.3205116391,5.6937274933,,0.391304347826087,0.3846153846153846,0,1,-5.72839,0.2766210437,5.4697937965,,0.391304347826087,0.3846153846153846,0,1,-6.97614,0.2677499056,5.4358801842,,0.7391304347826086,0.8461538461538461,0,1,-6.2199,0.2341275066,5.2371191978,,0.4347826086956521,0.4615384615384615,0,1,-5.94534,0.2331901193,5.4520206451,,0.3478260869565217,0.3846153846153846,0,1,-5.66187,0.2309134007,5.1832871437,,0.391304347826087,0.3846153846153846,0,1,-5.10245,0.2203625143,5.0929188728,,0.3043478260869565,0.3076923076923077,0,1,10
ZINC000003943127,-7.571,0.3020374477,7.4147772789,,0.6956521739130435,0.8461538461538461,0,1,-7.67796,0.2920899391,7.080078125,,0.5652173913043478,0.6153846153846154,0,1,-8.16791,0.272650063,6.8492546082,,0.5217391304347826,0.6153846153846154,0,1,-7.88792,0.2441490591,6.8071975708,,0.4347826086956521,0.6153846153846154,0,1,-7.61351,0.2379439175,7.3355870247,,0.6086956521739131,0.7692307692307693,0,1,-8.38625,0.2102144659,6.8338494301,,0.391304347826087,0.5384615384615384,0,1,-8.63678,0.1894691885,6.9914135933,,0.391304347826087,0.4615384615384615,0,1,-7.91709,0.1499250382,6.4954581261,,0.4782608695652174,0.6153846153846154,0,1,-8.71169,0.1375660896,6.674059391,,0.5652173913043478,0.6153846153846154,0,1,-8.19447,0.1293366849,6.5835738182,,0.2608695652173913,0.4615384615384615,0,1,10
ZINC000003952953,-7.31906,0.233697176,6.2973198891,,0.6086956521739131,0.8461538461538461,0,1,-6.70424,0.1808442026,6.1221413612,,0.5217391304347826,0.6923076923076923,0,1,-5.85497,0.1724225134,4.9577488899,,0.3043478260869565,0.3846153846153846,0,1,-8.31469,0.1420082301,5.8204674721,,0.4347826086956521,0.5384615384615384,0,1,-7.30552,0.1414018571,5.7472400665,,0.391304347826087,0.5384615384615384,0,1,-6.03737,0.1370276064,5.4613513947,,0.3478260869565217,0.3846153846153846,0,1,-6.83375,0.1353086531,4.8263130188,,0.2608695652173913,0.2307692307692307,0,1,-7.79899,0.1282416433,5.7749714851,,0.4782608695652174,0.6923076923076923,0,1,-5.73735,0.127516225,4.6870875359,,0.3478260869565217,0.3846153846153846,0,1,-4.42635,0.1265839785,4.5927481651,,0.1739130434782608,0.2307692307692307,0,1,10
ZINC000003977942,-8.45694,0.5221230984,6.3512787819,,0.5217391304347826,0.6923076923076923,0,1,-8.35796,0.4738936722,6.1906371117,,0.5217391304347826,0.6923076923076923,0,1,-8.76091,0.4228339195,6.3223013878,,0.5652173913043478,0.7692307692307693,0,1,-8.23735,0.4064692855,6.3043036461,,0.5217391304347826,0.6923076923076923,0,1,-7.81585,0.3715186119,6.0086598396,,0.5217391304347826,0.6923076923076923,0,1,-5.83335,0.3626631796,5.3779921532,,0.2608695652173913,0.3076923076923077,0,1,-6.19277,0.3580573201,5.2971587181,,0.2608695652173913,0.3076923076923077,0,1,-6.69009,0.3546342254,5.9806671143,,0.2608695652173913,0.3076923076923077,0,1,-7.37299,0.3412763774,5.8646798134,,0.3043478260869565,0.3076923076923077,0,1,-8.13345,0.2726703286,5.7290959358,,0.4782608695652174,0.6923076923076923,1,1,10
ZINC000003978033,-5.14835,0.7987959385,4.9659962654,,0.3043478260869565,0.3076923076923077,0,1,-5.07,0.4514484406,3.8743674755,,0.0869565217391304,0.1538461538461538,0,1,-4.63761,0.4233617783,4.77339077,,0.3043478260869565,0.3076923076923077,0,1,-4.60808,0.4184782505,3.9721851349,,0.3478260869565217,0.3846153846153846,0,1,-6.89669,0.3630338311,6.0122933388,,0.5652173913043478,0.7692307692307693,0,1,-5.05228,0.3597871661,4.2610077858,,0.2608695652173913,0.3076923076923077,0,1,-4.80774,0.3369733095,4.089823246,,0.1739130434782608,0.2307692307692307,0,1,-5.13269,0.2943863571,4.6637425423,,0.1739130434782608,0.3076923076923077,0,1,-4.63705,0.2781546712,4.103849411,,0.1739130434782608,0.2307692307692307,0,1,-4.63709,0.2643698454,3.9359281063,,0.3043478260869565,0.3076923076923077,0,1,10
ZINC000003979746,-4.66975,0.3838546276,4.5869488716,,0.2608695652173913,0.3076923076923077,0,1,-6.04923,0.3291874528,5.3215670586,,0.4347826086956521,0.5384615384615384,0,1,-6.0391,0.3068310916,5.6014885902,,0.391304347826087,0.6153846153846154,0,1,-4.34124,0.3001735806,3.9533112049,,0.3043478260869565,0.3076923076923077,0,1,-4.14344,0.2768762112,3.4884233475,,0.3043478260869565,0.3076923076923077,0,1,-4.41673,0.2758715451,4.1630501747,,0.3043478260869565,0.3076923076923077,0,1,-4.56924,0.2613791823,4.814098835,,0.3478260869565217,0.3846153846153846,0,1,-4.58726,0.2477244586,5.8165068626,,0.4782608695652174,0.6923076923076923,0,1,-4.82179,0.2448009998,5.639125824,,0.4347826086956521,0.6153846153846154,0,1,-4.97004,0.2124198675,3.7863380909,,0.2608695652173913,0.3846153846153846,0,1,10
ZINC000003982720,-6.93169,0.2955726385,5.2292456627,,0.3043478260869565,0.3076923076923077,0,1,-7.07429,0.2440723032,5.3461556435,,0.5217391304347826,0.7692307692307693,0,1,-7.09557,0.2436819524,5.0622768402,,0.3478260869565217,0.3846153846153846,0,1,-6.1368,0.1962835342,5.2126965523,,0.2608695652173913,0.3076923076923077,0,1,-6.07192,0.1929690391,4.0921912193,,0.3043478260869565,0.3846153846153846,0,1,-6.47835,0.1578079015,5.290743351,,0.3043478260869565,0.3846153846153846,0,1,-7.23646,0.1527181417,5.8900809288,,0.4347826086956521,0.6923076923076923,0,1,-6.88536,0.1497435421,5.8087768555,,0.391304347826087,0.6153846153846154,0,1,-6.54147,0.1468308866,5.2243180275,,0.2608695652173913,0.3846153846153846,0,1,-5.41444,0.1465725899,5.3011403084,,0.2608695652173913,0.3846153846153846,0,1,10
ZINC000003985781,-6.84325,0.2867082059,6.0297513008,,0.4347826086956521,0.5384615384615384,0,1,-7.8915,0.1992923319,5.7459826469,,0.3043478260869565,0.4615384615384615,0,1,-6.43691,0.1582966596,6.5575451851,,0.391304347826087,0.6153846153846154,0,1,-7.47446,0.1453615725,5.6538352966,,0.3043478260869565,0.4615384615384615,0,1,-6.74908,0.1135583892,5.3822493553,,0.2608695652173913,0.4615384615384615,0,1,-7.66291,0.1115105748,5.71789217,,0.3043478260869565,0.4615384615384615,0,1,-7.72822,0.1094053611,5.9247908592,,0.3043478260869565,0.3846153846153846,0,1,-7.03321,0.1071119532,6.4235100746,,0.4782608695652174,0.7692307692307693,0,1,-7.94936,0.1028608903,5.5517897606,,0.3478260869565217,0.4615384615384615,0,1,-7.24391,0.1019379348,5.1553702354,,0.3478260869565217,0.5384615384615384,0,1,10
ZINC000003989111,-7.86094,0.8283511996,6.3220267296,,0.782608695652174,0.8461538461538461,0,1,-8.24219,0.7766007781,6.2441101074,,0.7391304347826086,0.9230769230769232,0,1,-7.4416,0.7347998023,5.6161408424,,0.4782608695652174,0.5384615384615384,0,1,-7.47356,0.6647500396,5.5204224586,,0.4782608695652174,0.5384615384615384,0,1,-7.3394,0.6324533224,5.722278595,,0.6956521739130435,0.8461538461538461,0,1,-7.65069,0.4929516315,5.6518268585,,0.6086956521739131,0.7692307692307693,0,1,-7.24191,0.4910045266,5.6215991974,,0.6086956521739131,0.7692307692307693,0,1,-7.23151,0.4634000957,5.6103367805,,0.6086956521739131,0.7692307692307693,0,1,-8.16248,0.4616955519,4.9321722984,,0.391304347826087,0.4615384615384615,0,1,-8.43223,0.431309104,5.594165802,,0.6086956521739131,0.7692307692307693,0,1,10
ZINC000003989112,-7.79473,0.7844052315,5.6538558006,,0.391304347826087,0.4615384615384615,0,1,-7.56306,0.7099903226,6.2093453407,,0.6956521739130435,0.8461538461538461,0,1,-7.34448,0.5738275051,4.9374957085,,0.2608695652173913,0.3846153846153846,0,1,-7.26922,0.4818130732,4.8282132149,,0.3478260869565217,0.4615384615384615,0,1,-7.52509,0.4208314717,5.1364274025,,0.217391304347826,0.3846153846153846,0,1,-8.26693,0.3078740239,4.6623153687,,0.391304347826087,0.4615384615384615,0,1,-7.43833,0.2798662484,5.7281837463,,0.6086956521739131,0.7692307692307693,0,1,-8.13674,0.2608527541,5.1190295219,,0.391304347826087,0.4615384615384615,0,1,-8.93541,0.236311838,4.4737610817,,0.391304347826087,0.4615384615384615,0,1,-7.61756,0.2278820872,4.5853309631,,0.217391304347826,0.3076923076923077,0,1,10
ZINC000003991776,-7.81337,0.6698049903,6.3418307304,,0.8260869565217391,0.8461538461538461,0,1,-7.72371,0.5436292291,6.1026492119,,0.6521739130434783,0.6923076923076923,0,1,-8.08795,0.4948324263,6.1195831299,,0.4782608695652174,0.6153846153846154,0,1,-7.56086,0.4584394991,6.3096461296,,0.5652173913043478,0.6923076923076923,0,1,-6.38225,0.4499402642,6.1744456291,,0.4347826086956521,0.6153846153846154,0,1,-8.04832,0.4422335923,5.9744949341,,0.4782608695652174,0.5384615384615384,0,1,-8.05315,0.4103697836,5.9838447571,,0.4782608695652174,0.5384615384615384,0,1,-7.20123,0.4005910158,6.0721774101,,0.6086956521739131,0.6923076923076923,0,1,-7.14075,0.3970654309,6.2175369263,,0.5652173913043478,0.6923076923076923,0,1,-7.35589,0.3823406994,6.1361484528,,0.5652173913043478,0.6923076923076923,0,1,10
ZINC000003991779,-5.44264,0.3799073398,4.8646559715,,0.1739130434782608,0.3076923076923077,0,1,-5.22024,0.3277642131,4.3570799828,,0.217391304347826,0.2307692307692307,0,1,-5.86085,0.3253692389,5.3471579552,,0.4782608695652174,0.6923076923076923,0,1,-6.82113,0.3142761886,5.3955516815,,0.3478260869565217,0.4615384615384615,0,1,-5.74664,0.246190235,4.7977976799,,0.2608695652173913,0.3076923076923077,0,1,-7.12653,0.2239576876,5.0856804848,,0.4347826086956521,0.5384615384615384,0,1,-5.32463,0.2090927064,4.7485833168,,0.217391304347826,0.3076923076923077,0,1,-6.03274,0.2033413202,5.2595877647,,0.3043478260869565,0.3076923076923077,0,1,-6.78875,0.1932442188,5.4135475159,,0.3478260869565217,0.5384615384615384,0,1,-7.2067,0.1893378794,5.2378497124,,0.391304347826087,0.4615384615384615,0,1,10
ZINC000004001816,-6.65211,0.4835700095,6.0843529701,,0.4782608695652174,0.6923076923076923,0,1,-6.74644,0.4620643556,6.04946661,,0.5217391304347826,0.6923076923076923,0,1,-6.79872,0.3693804443,5.1453704834,,0.217391304347826,0.2307692307692307,0,1,-6.66956,0.3554792106,5.4844641685,,0.4347826086956521,0.6153846153846154,0,1,-5.93477,0.3269476891,4.0640444756,,0.2608695652173913,0.3846153846153846,0,1,-7.39528,0.3186475039,5.5486941338,,0.3043478260869565,0.4615384615384615,0,1,-7.57768,0.2755140662,5.314248085,,0.4782608695652174,0.6923076923076923,0,1,-7.41875,0.2621116042,5.3519330025,,0.4782608695652174,0.6923076923076923,0,1,-6.56841,0.255602628,5.625105381,,0.3478260869565217,0.5384615384615384,0,1,-8.23258,0.2419085205,5.4503312111,,0.4782608695652174,0.6153846153846154,0,1,10
ZINC000004015774,-5.94236,0.6714022756,5.2403082848,,0.2608695652173913,0.3846153846153846,0,1,-6.63542,0.5548502803,5.4562625885,,0.3478260869565217,0.4615384615384615,0,1,-6.5054,0.4825514853,5.4543838501,,0.391304347826087,0.5384615384615384,0,1,-5.94316,0.4452496171,5.3662409782,,0.217391304347826,0.3076923076923077,0,1,-6.05482,0.3955782056,5.3907046318,,0.2608695652173913,0.3846153846153846,0,1,-6.52267,0.3801677227,5.4994549751,,0.217391304347826,0.3846153846153846,0,1,-6.16435,0.3766637146,5.2917342186,,0.2608695652173913,0.3846153846153846,0,1,-6.04349,0.3660025001,5.2952227592,,0.3478260869565217,0.4615384615384615,0,1,-6.06258,0.3482284248,5.6104984283,,0.2608695652173913,0.6153846153846154,0,1,-6.36283,0.3103762865,5.1614089012,,0.2608695652173913,0.6153846153846154,0,1,10
ZINC000004037732,-5.14782,0.5664014816,5.0142941475,,0.3043478260869565,0.3846153846153846,0,1,-5.11782,0.4605963528,4.7191338539,,0.2608695652173913,0.3076923076923077,0,1,-5.21791,0.458784461,4.7257819176,,0.217391304347826,0.3076923076923077,0,1,-5.45228,0.4344600439,4.7500696182,,0.2608695652173913,0.3076923076923077,0,1,-5.09899,0.3793717623,4.5648460388,,0.2608695652173913,0.3846153846153846,0,1,-5.30559,0.3740755022,4.5233120918,,0.217391304347826,0.3076923076923077,0,1,-5.17997,0.3308643103,3.961884737,,0.3043478260869565,0.3076923076923077,0,1,-6.49314,0.3047720194,5.7818169594,,0.4347826086956521,0.6153846153846154,0,1,-5.75642,0.2885538042,5.7121295929,,0.4782608695652174,0.6153846153846154,0,1,-5.47099,0.2827312052,4.5560631752,,0.2608695652173913,0.2307692307692307,0,1,10
ZINC000004040674,-5.09534,0.6200259328,4.7251281738,,0.3478260869565217,0.3846153846153846,0,1,-5.01145,0.5414435863,4.0877594948,,0.3478260869565217,0.3846153846153846,0,1,-4.75362,0.4590575397,4.4543728828,,0.0869565217391304,0.1538461538461538,0,1,-5.40264,0.4489023685,3.9802582264,,0.3478260869565217,0.3846153846153846,0,1,-5.59835,0.3837039471,4.4534649849,,0.3478260869565217,0.3846153846153846,0,1,-4.98911,0.3679805994,3.9984366894,,0.3478260869565217,0.3076923076923077,0,1,-5.19711,0.3299360871,3.9880831242,,0.3478260869565217,0.3846153846153846,0,1,-5.07342,0.3249213398,4.2647271156,,0.3043478260869565,0.3076923076923077,0,1,-5.29274,0.3234386444,4.2316422462,,0.391304347826087,0.3846153846153846,0,1,-4.59204,0.2844343483,4.0137076378,,0.0434782608695652,0.0769230769230769,0,1,10
ZINC000004090302,-7.99615,0.5177302361,6.213121891,,0.3478260869565217,0.5384615384615384,0,1,-8.58288,0.5153515935,6.2360138893,,0.391304347826087,0.5384615384615384,0,1,-8.27431,0.4526315629,6.4211201668,,0.391304347826087,0.5384615384615384,0,1,-7.69326,0.4195434451,6.0160503387,,0.1304347826086956,0.2307692307692307,0,1,-7.39992,0.341081351,6.1737990379,,0.391304347826087,0.5384615384615384,0,1,-7.21271,0.3177547753,6.7372431755,,0.3043478260869565,0.4615384615384615,0,1,-8.60403,0.2901564538,6.386826992,,0.3478260869565217,0.4615384615384615,0,1,-8.13105,0.2362462431,6.0295753479,,0.391304347826087,0.4615384615384615,0,1,-6.62011,0.2324091047,5.3322710991,,0.1739130434782608,0.2307692307692307,0,1,-7.17017,0.2317978144,5.7391853333,,0.6086956521739131,0.7692307692307693,0,1,10
ZINC000004092193,-5.29703,0.7232619524,5.6637020111,,0.4782608695652174,0.6923076923076923,1,1,-5.56236,0.5236480832,5.8521552086,,0.391304347826087,0.6153846153846154,0,1,-5.96029,0.3190903366,5.8947987556,,0.4782608695652174,0.6923076923076923,0,1,-6.92384,0.1552546918,5.2546386719,,0.5217391304347826,0.6923076923076923,0,1,-6.5009,0.1306712329,4.6655578613,,0.4347826086956521,0.6923076923076923,0,1,-6.98977,0.128169477,4.6863436699,,0.391304347826087,0.6153846153846154,0,1,-7.46678,0.1262289584,4.6861491203,,0.391304347826087,0.6153846153846154,0,1,-7.60049,0.1139330715,5.1154494286,,0.3478260869565217,0.4615384615384615,0,1,-7.26419,0.0955394208,4.7539458275,,0.2608695652173913,0.3076923076923077,0,1,-6.36319,0.0954461917,4.677541256,,0.4347826086956521,0.5384615384615384,0,1,10
ZINC000004095944,-6.09506,0.5474655032,4.9253182411,,0.4782608695652174,0.7692307692307693,0,1,-5.79032,0.5370849371,4.8805994987,,0.3043478260869565,0.4615384615384615,0,1,-5.47728,0.5155664682,4.5843939781,,0.3043478260869565,0.3846153846153846,0,1,-5.81205,0.3795806468,3.9547843933,,0.2608695652173913,0.4615384615384615,0,1,-5.87089,0.3613242209,4.5714640617,,0.3478260869565217,0.4615384615384615,0,1,-5.43851,0.3149619997,3.844219923,,0.391304347826087,0.5384615384615384,0,1,-5.35404,0.2724805176,3.9156134129,,0.1304347826086956,0.1538461538461538,0,1,-5.5057,0.2494692057,4.3894290924,,0.3478260869565217,0.3846153846153846,0,1,-6.42036,0.2083440423,3.728613615,,0.3043478260869565,0.5384615384615384,0,1,-5.75078,0.2079282701,4.069337368,,0.2608695652173913,0.4615384615384615,0,1,10
ZINC000004096005,-6.90919,0.3899269402,5.1244568825,,0.391304347826087,0.5384615384615384,0,1,-7.44577,0.3518609107,4.7082190514,,0.5652173913043478,0.7692307692307693,0,1,-7.96494,0.3129749596,4.619998455,,0.3478260869565217,0.5384615384615384,0,1,-8.60437,0.2974454463,4.9130091667,,0.6086956521739131,0.7692307692307693,0,1,-8.9813,0.2808346748,4.5488152504,,0.6086956521739131,0.7692307692307693,0,1,-8.56362,0.2802803814,4.4097995758,,0.6086956521739131,0.8461538461538461,0,1,-7.47724,0.2800987065,4.7955245972,,0.4782608695652174,0.5384615384615384,0,1,-8.20121,0.2708368003,4.9619164467,,0.2608695652173913,0.3846153846153846,0,1,-7.37525,0.2701072097,4.3493208885,,0.6521739130434783,0.7692307692307693,0,1,-8.14527,0.2412990332,4.7412800789,,0.391304347826087,0.5384615384615384,0,1,10
ZINC000004096180,-7.07225,0.3481250107,5.4476394653,,0.5217391304347826,0.7692307692307693,0,1,-7.28489,0.1757552326,5.4687857628,,0.5652173913043478,0.6153846153846154,0,1,-8.30298,0.1672633737,5.1664557457,,0.3043478260869565,0.3846153846153846,0,1,-7.29362,0.1505947262,4.6199088097,,0.3043478260869565,0.3846153846153846,0,1,-7.99393,0.14961721,5.54255867,,0.6086956521739131,0.7692307692307693,0,1,-7.82257,0.146760866,5.1899981499,,0.4782608695652174,0.6923076923076923,0,1,-8.49275,0.1306153685,4.740486145,,0.5652173913043478,0.7692307692307693,0,1,-7.82278,0.1199171916,5.5981650352,,0.5652173913043478,0.6923076923076923,0,1,-9.07765,0.1016372517,5.0511660576,,0.7391304347826086,0.8461538461538461,0,1,-9.00549,0.0988076627,5.2622966766,,0.6086956521739131,0.6923076923076923,0,1,10
ZINC000004096206,-4.7863,0.8489423394,5.4063415527,,0.2608695652173913,0.3076923076923077,0,1,-4.95264,0.7318729162,4.1037564278,,0.2608695652173913,0.3076923076923077,0,1,-4.49516,0.7076376081,3.7286303043,,0.217391304347826,0.2307692307692307,0,1,-4.98492,0.6976524591,3.9600303173,,0.217391304347826,0.2307692307692307,0,1,-5.00917,0.6336736679,5.3340582848,,0.2608695652173913,0.4615384615384615,0,1,-4.66997,0.6228595972,4.1047844887,,0.2608695652173913,0.3076923076923077,0,1,-4.58316,0.5831609964,3.9571435452,,0.0869565217391304,0.2307692307692307,0,1,-4.58948,0.5781108141,3.6808917522,,0.217391304347826,0.2307692307692307,0,1,-4.49037,0.5695614815,3.8102958202,,0.0,0.0,0,1,-5.39172,0.5033570528,5.0738983154,,0.2608695652173913,0.4615384615384615,0,1,10
ZINC000004096230,-6.5538,0.576662004,3.2732131481,,0.3478260869565217,0.5384615384615384,0,1,-6.07678,0.5284358859,3.4919888973,,0.217391304347826,0.3076923076923077,0,1,-6.08449,0.4980027378,3.7862911224,,0.3043478260869565,0.6153846153846154,0,1,-6.49903,0.4601286948,3.5547037125,,0.391304347826087,0.6153846153846154,0,1,-6.75107,0.4589202404,3.5409338474,,0.4347826086956521,0.6923076923076923,0,1,-5.68732,0.4458229244,3.4878787994,,0.3043478260869565,0.5384615384615384,0,1,-6.32504,0.4164799452,3.1300973892,,0.3043478260869565,0.5384615384615384,0,1,-6.3109,0.3896841407,3.0206871033,,0.2608695652173913,0.3846153846153846,0,1,-6.36363,0.3388946652,3.4034252167,,0.4347826086956521,0.6153846153846154,0,1,-6.29262,0.3203155994,3.2058048248,,0.1739130434782608,0.2307692307692307,0,1,10
ZINC000004096253,-6.27815,0.7497009039,6.5902919769,,0.4782608695652174,0.7692307692307693,0,1,-6.94154,0.7238997221,5.8045787811,,0.4347826086956521,0.7692307692307693,0,1,-7.06084,0.6737909913,5.0647373199,,0.3478260869565217,0.6923076923076923,0,1,-6.82282,0.5848809481,5.6056733131,,0.391304347826087,0.6923076923076923,0,1,-6.94168,0.5496461391,5.5001525879,,0.391304347826087,0.6153846153846154,0,1,-7.08289,0.415015012,5.6456279755,,0.3478260869565217,0.6923076923076923,0,1,-6.21779,0.3874730766,5.9125905037,,0.5217391304347826,0.8461538461538461,0,1,-6.96753,0.3520145416,5.414662838,,0.4782608695652174,0.8461538461538461,0,1,-5.96966,0.2856311798,5.2650127411,,0.217391304347826,0.4615384615384615,0,1,-7.07132,0.2839203477,5.2120118141,,0.3478260869565217,0.5384615384615384,0,1,10
ZINC000004096385,-5.97568,0.6539982557,4.8035597801,,0.3478260869565217,0.3846153846153846,0,1,-4.56162,0.5440746546,3.4866220951,,0.217391304347826,0.2307692307692307,0,1,-5.84359,0.515231967,4.5978198051,,0.3478260869565217,0.6923076923076923,0,1,-5.79477,0.4733057022,4.5237956047,,0.3478260869565217,0.4615384615384615,0,1,-5.25594,0.4413867891,4.6142511368,,0.3043478260869565,0.5384615384615384,0,1,-6.23589,0.4407230914,4.4263110161,,0.217391304347826,0.3846153846153846,0,1,-5.92504,0.4038977623,3.6772601604,,0.1304347826086956,0.2307692307692307,0,1,-6.94712,0.4037007689,4.3988051414,,0.217391304347826,0.3846153846153846,0,1,-5.27503,0.4014167786,3.9461252689,,0.2608695652173913,0.3076923076923077,0,1,-5.12144,0.3585305214,4.1835131645,,0.2608695652173913,0.3846153846153846,0,1,10
ZINC000004096415,-6.01562,0.7391613126,5.0175423622,,0.6086956521739131,0.8461538461538461,0,1,-6.34091,0.6431229711,3.7200419903,,0.3043478260869565,0.3076923076923077,0,1,-5.5566,0.6214371324,4.0741729736,,0.4347826086956521,0.4615384615384615,0,1,-7.15281,0.5915604234,4.2514882088,,0.2608695652173913,0.4615384615384615,0,1,-7.19991,0.5579632521,4.5026531219,,0.2608695652173913,0.3846153846153846,0,1,-6.5679,0.5563700795,4.3772902489,,0.4347826086956521,0.6153846153846154,0,1,-6.98501,0.5246076584,3.658066988,,0.391304347826087,0.4615384615384615,0,1,-6.72644,0.4587222636,3.3081228733,,0.391304347826087,0.4615384615384615,0,1,-7.3444,0.45759359,4.3705105782,,0.391304347826087,0.6923076923076923,0,1,-6.47462,0.4436024129,3.7276580334,,0.3043478260869565,0.3846153846153846,0,1,10
ZINC000004096483,-7.32679,0.7697992325,5.138478756,,0.3043478260869565,0.6153846153846154,0,1,-6.95608,0.722556591,5.1592001915,,0.217391304347826,0.2307692307692307,0,1,-5.60375,0.710191071,5.081846714,,0.217391304347826,0.3076923076923077,0,1,-7.01589,0.6726229787,5.6419329643,,0.3043478260869565,0.5384615384615384,0,1,-6.98051,0.6167117953,5.0432472229,,0.2608695652173913,0.4615384615384615,0,1,-6.01652,0.6098196507,4.2246508598,,0.2608695652173913,0.3846153846153846,0,1,-6.10932,0.5315272212,4.4779062271,,0.2608695652173913,0.5384615384615384,0,1,-6.1904,0.5077118874,4.9111881256,,0.217391304347826,0.3846153846153846,0,1,-6.65087,0.4941373467,4.7318949699,,0.3043478260869565,0.4615384615384615,0,1,-7.00122,0.492872715,5.3319187164,,0.3043478260869565,0.4615384615384615,0,1,10
ZINC000004096516,-6.51013,0.8304514885,4.48772192,,0.2608695652173913,0.3846153846153846,0,1,-6.23478,0.7575939894,4.1318302155,,0.3478260869565217,0.4615384615384615,0,1,-5.32015,0.5462781787,3.6996803284,,0.3478260869565217,0.4615384615384615,0,1,-6.36633,0.4886184633,4.0665516853,,0.2608695652173913,0.3846153846153846,0,1,-6.21039,0.4582508802,3.459900856,,0.1304347826086956,0.2307692307692307,0,1,-6.02495,0.4522150755,3.9258244038,,0.391304347826087,0.6153846153846154,0,1,-6.44624,0.4518584013,4.4581055641,,0.2608695652173913,0.3846153846153846,0,1,-5.64751,0.4053235054,3.2915122509,,0.2608695652173913,0.4615384615384615,0,1,-7.57622,0.3981486857,3.5655772686,,0.391304347826087,0.6923076923076923,0,1,-5.99208,0.3728981316,3.9574000835,,0.391304347826087,0.6153846153846154,0,1,10
ZINC000004097048,-5.40077,0.8511954546,4.5035700798,,0.4347826086956521,0.4615384615384615,0,1,-6.65349,0.7970427871,4.9446134567,,0.2608695652173913,0.3846153846153846,0,1,-7.97271,0.766380012,4.6831612587,,0.5217391304347826,0.6923076923076923,0,1,-5.08849,0.703563869,3.8575294018,,0.3478260869565217,0.4615384615384615,0,1,-5.16288,0.7033611536,4.1615886688,,0.2608695652173913,0.3076923076923077,0,1,-5.87009,0.7024264932,4.124733448,,0.3478260869565217,0.3846153846153846,0,1,-8.07446,0.6901446581,4.7051692009,,0.5652173913043478,0.6923076923076923,0,1,-5.59356,0.6835927963,4.257900238,,0.4347826086956521,0.4615384615384615,0,1,-6.59606,0.6392585039,4.4200491905,,0.4782608695652174,0.6153846153846154,0,1,-4.87306,0.6127756834,4.006711483,,0.217391304347826,0.3076923076923077,0,1,10
ZINC000004097049,-7.07286,0.722486496,4.3290982246,,0.3043478260869565,0.3846153846153846,0,1,-7.34721,0.677626729,4.4446196556,,0.2608695652173913,0.3076923076923077,0,1,-6.99246,0.6247342229,3.7521133423,,0.1304347826086956,0.1538461538461538,0,1,-6.54328,0.6180366278,3.8684139252,,0.0869565217391304,0.1538461538461538,0,1,-7.20777,0.6053233743,3.8812103271,,0.0869565217391304,0.0769230769230769,0,1,-7.07249,0.4518348277,4.2977938652,,0.5217391304347826,0.7692307692307693,0,1,-8.29505,0.4390749633,4.3649868965,,0.5652173913043478,0.7692307692307693,0,1,-6.58707,0.4317958951,4.0756998062,,0.3043478260869565,0.3846153846153846,0,1,-6.99446,0.4283236563,4.5961346626,,0.391304347826087,0.5384615384615384,0,1,-6.92681,0.4186354876,3.4360058308,,0.217391304347826,0.3076923076923077,0,1,10
ZINC000004097065,-5.61159,0.6674585342,4.3107252121,,0.3043478260869565,0.3846153846153846,0,1,-6.58622,0.6231762171,4.8091106415,,0.217391304347826,0.4615384615384615,0,1,-6.31879,0.6009532213,5.0982871056,,0.3478260869565217,0.4615384615384615,0,1,-7.44355,0.5040494204,5.0581908226,,0.3478260869565217,0.6153846153846154,0,1,-7.37285,0.4927392006,4.8140010834,,0.1739130434782608,0.3846153846153846,0,1,-5.69695,0.4922833741,4.2997174263,,0.3043478260869565,0.3846153846153846,0,1,-7.09653,0.4767092764,4.9028010368,,0.3043478260869565,0.5384615384615384,0,1,-6.83329,0.4241844714,4.9549446106,,0.3043478260869565,0.6153846153846154,0,1,-7.26015,0.4054213166,4.6619281769,,0.4347826086956521,0.6923076923076923,0,1,-6.08991,0.3907857835,4.5577158928,,0.4347826086956521,0.6923076923076923,0,1,10
ZINC000004097585,-5.915,0.6856426001,5.0840115547,,0.5217391304347826,0.6923076923076923,0,1,-7.12586,0.6165249944,5.0227255821,,0.391304347826087,0.6153846153846154,0,1,-7.22123,0.5736706257,4.6324725151,,0.3478260869565217,0.4615384615384615,0,1,-7.53314,0.5141782165,3.6674449444,,0.2608695652173913,0.3076923076923077,0,1,-6.63197,0.4613047242,4.6204166412,,0.5217391304347826,0.6923076923076923,0,1,-7.74593,0.4489188492,3.8794314861,,0.2608695652173913,0.3076923076923077,0,1,-6.86282,0.4368577898,4.6678037643,,0.6086956521739131,0.8461538461538461,0,1,-6.88779,0.4041906595,4.2463450432,,0.4782608695652174,0.6153846153846154,0,1,-6.7608,0.3684225082,3.9538934231,,0.3043478260869565,0.3846153846153846,0,1,-7.3566,0.3661059737,4.2363448143,,0.3043478260869565,0.3846153846153846,0,1,10
ZINC000004098726,-9.48748,0.5530940294,6.4361796379,,0.5652173913043478,0.6923076923076923,0,1,-8.41785,0.3337996304,5.2902030945,,0.4347826086956521,0.4615384615384615,0,1,-8.30296,0.2991146445,5.6205692291,,0.4782608695652174,0.5384615384615384,0,1,-9.36086,0.2907666564,5.373960495,,0.6521739130434783,0.8461538461538461,0,1,-9.38718,0.2780092657,5.8171906471,,0.782608695652174,0.9230769230769232,0,1,-9.85432,0.2654486895,5.3607749939,,0.6956521739130435,0.8461538461538461,0,1,-8.22608,0.2591727376,5.1302933693,,0.5652173913043478,0.7692307692307693,0,1,-9.4595,0.2568794787,5.8737716675,,0.7391304347826086,0.9230769230769232,0,1,-8.63594,0.2462009788,5.1677699089,,0.6086956521739131,0.7692307692307693,0,1,-7.85757,0.2397985458,5.2604966164,,0.6086956521739131,0.7692307692307693,0,1,10
ZINC000004098744,-5.68895,0.854115665,4.4429969788,,0.3043478260869565,0.4615384615384615,0,1,-5.18781,0.8040006757,3.6891901493,,0.3043478260869565,0.4615384615384615,0,1,-6.08419,0.746966362,3.6019268036,,0.2608695652173913,0.3846153846153846,0,1,-5.95164,0.6936358213,4.19952631,,0.1739130434782608,0.3076923076923077,0,1,-6.16472,0.685131371,3.2433433533,,0.3043478260869565,0.4615384615384615,0,1,-6.19307,0.6655690074,4.2308192253,,0.2608695652173913,0.3846153846153846,0,1,-6.953,0.6509646177,4.1788334846,,0.2608695652173913,0.3846153846153846,0,1,-6.1893,0.6348152161,3.4795086384,,0.217391304347826,0.3846153846153846,0,1,-5.54613,0.6337818503,3.5892345905,,0.1739130434782608,0.3076923076923077,0,1,-5.53445,0.624143362,3.1121490002,,0.2608695652173913,0.3846153846153846,0,1,10
ZINC000004098883,-6.17164,0.6592579484,4.1288161278,,0.391304347826087,0.4615384615384615,0,1,-6.74934,0.6564741731,5.1286087036,,0.5217391304347826,0.7692307692307693,0,1,-8.74431,0.5759049654,5.0522379875,,0.4782608695652174,0.6153846153846154,0,1,-9.7305,0.4831952155,4.5749688148,,0.4347826086956521,0.5384615384615384,0,1,-9.73301,0.474763751,4.5592951775,,0.4782608695652174,0.6153846153846154,0,1,-7.00264,0.4746347964,4.9845066071,,0.217391304347826,0.3846153846153846,0,1,-6.03406,0.4527327716,4.7237358093,,0.3478260869565217,0.3846153846153846,0,1,-8.92016,0.4330791235,4.8213729858,,0.5217391304347826,0.7692307692307693,0,1,-5.99144,0.4213042259,4.4653353691,,0.2608695652173913,0.4615384615384615,0,1,-7.82271,0.3925930858,4.6220188141,,0.2608695652173913,0.3076923076923077,0,1,10
ZINC000004099150,-4.83366,0.6770808697,4.3409633636,,0.3043478260869565,0.4615384615384615,0,1,-6.08788,0.6468132734,4.071492672,,0.3478260869565217,0.4615384615384615,0,1,-5.55902,0.5604925156,3.4456284046,,0.217391304347826,0.3076923076923077,0,1,-5.10054,0.5296570063,3.6213781834,,0.2608695652173913,0.4615384615384615,0,1,-5.83172,0.5288537741,3.5017697811,,0.217391304347826,0.3076923076923077,0,1,-5.85622,0.5284619927,4.0766296387,,0.1739130434782608,0.2307692307692307,0,1,-6.01375,0.515647471,4.6491603851,,0.4782608695652174,0.6923076923076923,0,1,-5.87426,0.4954702854,3.6843812466,,0.217391304347826,0.3076923076923077,0,1,-5.25047,0.4915071726,4.2845234871,,0.391304347826087,0.6923076923076923,0,1,-5.45684,0.488067627,4.124288559,,0.3478260869565217,0.6153846153846154,0,1,10
ZINC000004102292,-8.55557,0.3710299134,5.4650588036,,0.4782608695652174,0.4615384615384615,0,1,-6.82225,0.2756944895,6.3257522583,,0.4782608695652174,0.6153846153846154,0,1,-8.5728,0.2457238585,6.2241539955,,0.4782608695652174,0.6153846153846154,0,1,-7.64686,0.2017873824,5.3612632751,,0.217391304347826,0.2307692307692307,0,1,-7.21665,0.198016271,6.10328722,,0.1739130434782608,0.2307692307692307,0,1,-8.36028,0.181733042,5.4772510529,,0.6521739130434783,0.7692307692307693,0,1,-7.7411,0.1585785598,5.4213638306,,0.391304347826087,0.3846153846153846,0,1,-6.78317,0.1431576759,5.2464337349,,0.3043478260869565,0.3076923076923077,0,1,-7.54032,0.1353235692,5.107843399,,0.391304347826087,0.5384615384615384,0,1,-6.89728,0.1347754449,5.6061038971,,0.391304347826087,0.3846153846153846,0,1,10
ZINC000004106679,-5.73783,0.5631512403,6.1899447441,,0.4782608695652174,0.6923076923076923,0,1,-5.27017,0.5460249186,4.6400847435,,0.3478260869565217,0.3846153846153846,0,1,-5.34615,0.4683960676,6.0979018211,,0.5217391304347826,0.6923076923076923,0,1,-4.76501,0.3593632877,4.0907073021,,0.2608695652173913,0.2307692307692307,0,1,-4.97566,0.3212271035,4.3012108803,,0.3043478260869565,0.3076923076923077,0,1,-4.62575,0.2809213102,4.2952976227,,0.2608695652173913,0.3076923076923077,0,1,-4.44288,0.2659808099,4.0970320702,,0.3478260869565217,0.3846153846153846,0,1,-4.63516,0.2626644075,3.715471983,,0.3043478260869565,0.3076923076923077,0,1,-4.69469,0.2203515768,4.02079916,,0.2608695652173913,0.3076923076923077,0,1,-4.6953,0.2082766891,5.1751217842,,0.1304347826086956,0.1538461538461538,0,1,10
ZINC000004159856,-7.61349,0.5565313101,5.7959666252,,0.1739130434782608,0.2307692307692307,0,1,-7.6175,0.4072211981,5.5925636292,,0.6521739130434783,0.7692307692307693,0,1,-7.05804,0.4056794047,5.6067771912,,0.391304347826087,0.4615384615384615,0,1,-7.67786,0.4001890123,5.4199357033,,0.3478260869565217,0.4615384615384615,0,1,-7.4579,0.3146737218,5.1825642586,,0.1739130434782608,0.3076923076923077,0,1,-7.97382,0.2849643528,5.258005619,,0.5652173913043478,0.7692307692307693,0,1,-8.40224,0.2818150818,5.4155478477,,0.5217391304347826,0.6923076923076923,0,1,-7.22432,0.2593291402,5.3453469276,,0.3043478260869565,0.5384615384615384,0,1,-7.72002,0.2435908914,5.4258537292,,0.3478260869565217,0.4615384615384615,0,1,-6.45918,0.2349770963,3.7968680859,,0.3043478260869565,0.3076923076923077,0,1,10
ZINC000004173580,-6.93113,0.5304980874,5.0224227905,,0.391304347826087,0.6153846153846154,0,1,-6.83855,0.4622293711,4.9432663918,,0.391304347826087,0.6153846153846154,0,1,-5.86092,0.4387299418,5.220849514,,0.2608695652173913,0.3846153846153846,0,1,-5.94398,0.4168458879,5.0990262032,,0.4782608695652174,0.5384615384615384,0,1,-5.85763,0.4092937112,4.8530597687,,0.3043478260869565,0.3846153846153846,0,1,-6.98632,0.4080744982,4.9027485847,,0.391304347826087,0.6153846153846154,0,1,-6.1568,0.4054202437,5.0313305855,,0.3478260869565217,0.4615384615384615,0,1,-7.17245,0.3315744996,4.9928221703,,0.3478260869565217,0.4615384615384615,0,1,-6.07435,0.3202683628,4.846309185,,0.4347826086956521,0.4615384615384615,0,1,-6.53859,0.3172625601,5.4263110161,,0.391304347826087,0.5384615384615384,0,1,10
ZINC000004185934,-7.89536,0.2505244017,5.6797766685,,0.217391304347826,0.4615384615384615,0,1,-6.63366,0.2504904866,5.7268447876,,0.391304347826087,0.6923076923076923,0,1,-7.12565,0.2477924675,5.7995834351,,0.3043478260869565,0.6153846153846154,0,1,-7.61986,0.2388399243,5.5994715691,,0.3043478260869565,0.5384615384615384,0,1,-6.24428,0.2309979498,5.6019024849,,0.3478260869565217,0.6923076923076923,0,1,-6.91708,0.2145136297,5.6691699028,,0.391304347826087,0.6923076923076923,0,1,-7.8445,0.2133427709,5.7002310753,,0.3478260869565217,0.6923076923076923,0,1,-7.36709,0.2002772093,5.9268422127,,0.3043478260869565,0.6153846153846154,0,1,-8.09397,0.1987784058,5.5990796089,,0.217391304347826,0.4615384615384615,0,1,-6.70363,0.1893959343,5.4719395638,,0.2608695652173913,0.4615384615384615,0,1,10
ZINC000004204802,-6.40452,0.399212867,5.9277915955,,0.4347826086956521,0.6153846153846154,0,1,-6.79255,0.3341616392,5.6090941429,,0.4347826086956521,0.5384615384615384,0,1,-6.29117,0.3027703166,5.6367239952,,0.4347826086956521,0.4615384615384615,0,1,-6.73555,0.2524469197,4.972214222,,0.5652173913043478,0.6923076923076923,0,1,-4.9871,0.2420968711,3.634125948,,0.217391304347826,0.2307692307692307,0,1,-4.88582,0.2418331504,4.5485191345,,0.2608695652173913,0.3076923076923077,0,1,-6.49343,0.2408372909,5.0418434143,,0.391304347826087,0.4615384615384615,0,1,-6.91256,0.2297375053,4.9059658051,,0.391304347826087,0.5384615384615384,0,1,-5.73099,0.2276300341,4.920217514,,0.5652173913043478,0.6923076923076923,0,1,-6.61258,0.2198608965,5.1824622154,,0.4347826086956521,0.5384615384615384,0,1,10
ZINC000004212489,-6.69909,0.3516693711,6.1019482613,,0.2608695652173913,0.3846153846153846,0,1,-5.40546,0.302985996,6.2323265076,,0.3043478260869565,0.6153846153846154,0,1,-5.56379,0.2786169052,4.7352385521,,0.3043478260869565,0.3076923076923077,0,1,-5.69065,0.2457308173,6.0162258148,,0.6956521739130435,0.8461538461538461,0,1,-5.2496,0.2215033174,6.0585179329,,0.4347826086956521,0.6153846153846154,0,1,-5.07678,0.21423316,4.4043402672,,0.3478260869565217,0.3846153846153846,0,1,-4.96551,0.1941939443,3.5010070801,,0.3478260869565217,0.3076923076923077,0,1,-5.2272,0.187490195,4.5472655296,,0.3043478260869565,0.3846153846153846,0,1,-4.92667,0.1770152003,4.1457424164,,0.3478260869565217,0.3846153846153846,0,1,-4.82043,0.1768759936,3.6539471149,,0.2608695652173913,0.3076923076923077,0,1,10
ZINC000004214391,-4.6604,0.7622492909,5.1085438728,,0.3043478260869565,0.3076923076923077,0,1,-4.4427,0.6795046329,4.764837265,,0.3043478260869565,0.3076923076923077,0,1,-4.72595,0.6051889658,5.2671074867,,0.217391304347826,0.3076923076923077,0,1,-5.83119,0.5529743433,6.5809149742,,0.6521739130434783,0.9230769230769232,0,1,-4.18815,0.3785102069,3.9584188461,,0.1739130434782608,0.2307692307692307,0,1,-4.67192,0.3782522976,3.7002747059,,0.0869565217391304,0.1538461538461538,0,1,-4.46964,0.3744417727,3.433961153,,0.1739130434782608,0.2307692307692307,0,1,-5.0446,0.3581797481,4.7503275871,,0.2608695652173913,0.3076923076923077,0,1,-4.14443,0.3195877075,4.2388801575,,0.2608695652173913,0.3846153846153846,0,1,-4.33157,0.2790004909,3.4536788464,,0.3478260869565217,0.3846153846153846,0,1,10
ZINC000004214881,-7.67358,0.8373108506,6.4638104439,,0.4347826086956521,0.6923076923076923,0,1,-7.74516,0.746696949,6.5809502602,,0.3478260869565217,0.3846153846153846,0,1,-7.14845,0.7126854658,6.2401118279,,0.4782608695652174,0.5384615384615384,0,1,-6.54396,0.5206137896,6.3754138947,,0.391304347826087,0.5384615384615384,0,1,-6.88968,0.5152439475,6.1909365654,,0.3478260869565217,0.4615384615384615,0,1,-7.14354,0.4976815283,6.4859104156,,0.4347826086956521,0.6153846153846154,0,1,-5.86106,0.4427707791,4.2814621925,,0.3478260869565217,0.3846153846153846,0,1,-5.77935,0.4313960969,4.7339053154,,0.3478260869565217,0.3846153846153846,0,1,-5.914,0.4281897843,3.9158704281,,0.3478260869565217,0.3846153846153846,0,1,-6.21052,0.4065082669,4.9459042549,,0.3478260869565217,0.3846153846153846,0,1,10
ZINC000004215255,-6.72129,0.2943372726,5.9681410789,,0.5217391304347826,0.5384615384615384,0,1,-6.15938,0.2287557423,5.512409687,,0.3478260869565217,0.5384615384615384,0,1,-6.14531,0.1832993776,5.6428375244,,0.3478260869565217,0.4615384615384615,0,1,-6.71482,0.1775569618,6.4256711006,,0.4782608695652174,0.6923076923076923,0,1,-3.41413,0.1614149362,4.8119549751,,0.3478260869565217,0.4615384615384615,0,1,-6.30707,0.152845338,5.2066841125,,0.2608695652173913,0.3846153846153846,0,1,-6.30661,0.1524496973,4.9921350479,,0.3478260869565217,0.4615384615384615,0,1,-7.13799,0.148872599,5.516728878,,0.4782608695652174,0.4615384615384615,0,1,-6.40038,0.1324340254,4.6177339554,,0.391304347826087,0.4615384615384615,0,1,-6.14397,0.1315525919,5.0962276459,,0.3043478260869565,0.3846153846153846,0,1,10
ZINC000004221470,-6.38664,0.4515263736,5.7652163506,,0.3478260869565217,0.4615384615384615,0,1,-6.14889,0.2281297296,6.2362213135,,0.391304347826087,0.5384615384615384,1,1,-5.10792,0.2129921168,4.0714697838,,0.3043478260869565,0.3076923076923077,0,1,-6.05841,0.1793521345,3.2630536556,,0.217391304347826,0.2307692307692307,0,1,-6.29267,0.163162142,5.6224360466,,0.6086956521739131,0.7692307692307693,1,1,-7.49948,0.1557449996,6.1659607887,,0.5217391304347826,0.7692307692307693,0,1,-5.04243,0.1548566073,3.147195816,,0.217391304347826,0.3076923076923077,0,1,-5.0659,0.1540961862,3.6479671001,,0.2608695652173913,0.3076923076923077,0,1,-5.50463,0.1463998556,3.231672287,,0.1304347826086956,0.2307692307692307,0,1,-4.94056,0.1393001974,2.8760452271,,0.1304347826086956,0.1538461538461538,0,1,10
ZINC000004221488,-4.67328,0.2536448538,4.1355443001,,0.217391304347826,0.3076923076923077,0,1,-4.98837,0.2189494967,6.241809845,,0.4347826086956521,0.6923076923076923,0,1,-5.46934,0.2027972937,5.6950821877,,0.3478260869565217,0.6153846153846154,0,1,-5.80639,0.1883982271,5.2839074135,,0.3478260869565217,0.6153846153846154,0,1,-4.82389,0.1843087971,3.6634304523,,0.1739130434782608,0.2307692307692307,0,1,-6.01691,0.1815420538,5.6791548729,,0.391304347826087,0.6923076923076923,0,1,-6.33336,0.1805188656,5.818939209,,0.391304347826087,0.5384615384615384,0,1,-4.89883,0.1795682609,5.1954174042,,0.3043478260869565,0.3846153846153846,0,1,-4.80787,0.1767476052,3.3049857616,,0.1739130434782608,0.2307692307692307,0,1,-6.62618,0.1739360541,5.5753769875,,0.5217391304347826,0.6153846153846154,0,1,10
ZINC000004221493,-5.65953,0.2939165831,6.4971489906,,0.6521739130434783,0.8461538461538461,0,1,-6.47339,0.2558819652,6.1641845703,,0.3478260869565217,0.4615384615384615,0,1,-6.55298,0.1965583265,5.7657227516,,0.3478260869565217,0.4615384615384615,0,1,-7.18282,0.193537131,6.4923663139,,0.5217391304347826,0.7692307692307693,0,1,-7.84517,0.1900905669,6.7412724495,,0.4347826086956521,0.6153846153846154,0,1,-5.81761,0.189235732,5.8123092651,,0.4347826086956521,0.5384615384615384,0,1,-6.85889,0.1868821532,5.7030410767,,0.3478260869565217,0.4615384615384615,0,1,-7.08386,0.1776854396,5.7665324211,,0.3478260869565217,0.4615384615384615,0,1,-6.66768,0.1763554513,5.7286705971,,0.3478260869565217,0.4615384615384615,0,1,-6.33979,0.1652867943,5.5117917061,,0.5217391304347826,0.6923076923076923,0,1,10
ZINC000004221512,-6.24882,0.2180482894,5.8707594872,,0.3043478260869565,0.3846153846153846,0,1,-6.18454,0.2154006064,6.1622099876,,0.4347826086956521,0.4615384615384615,0,1,-7.614,0.1935692281,6.6698889732,,0.6521739130434783,0.8461538461538461,0,1,-6.83998,0.1720388085,6.510494709,,0.5652173913043478,0.6923076923076923,0,1,-6.21625,0.1710419804,6.3971915245,,0.5652173913043478,0.6923076923076923,0,1,-7.95421,0.1537101567,5.8595089912,,0.4347826086956521,0.6153846153846154,0,1,-7.20201,0.1495732963,6.737388134,,0.5652173913043478,0.6923076923076923,0,1,-8.73476,0.1457758248,5.6838726997,,0.4782608695652174,0.6153846153846154,0,1,-5.51631,0.1368685812,4.162665844,,0.2608695652173913,0.3076923076923077,0,1,-8.33148,0.1359584183,5.7790312767,,0.391304347826087,0.5384615384615384,0,1,10
ZINC000004221527,-8.0228,0.2717855573,6.3379001617,,0.5217391304347826,0.7692307692307693,0,1,-5.07072,0.2452765852,3.304571867,,0.2608695652173913,0.3846153846153846,0,1,-9.45292,0.2313552797,5.7763953209,,0.4782608695652174,0.7692307692307693,0,1,-8.76656,0.2160936892,5.9085693359,,0.4782608695652174,0.6923076923076923,0,1,-7.80145,0.2158952355,6.1588897705,,0.4782608695652174,0.7692307692307693,0,1,-5.347,0.1783114374,3.0726232529,,0.0434782608695652,0.0769230769230769,0,1,-5.53845,0.1779866219,3.1845467091,,0.2608695652173913,0.3076923076923077,0,1,-6.19881,0.1690597534,4.1339874268,,0.217391304347826,0.3076923076923077,0,1,-5.37809,0.1665850729,3.3670361042,,0.1739130434782608,0.3076923076923077,0,1,-5.43941,0.1608385444,4.321706295,,0.2608695652173913,0.3076923076923077,0,1,10
ZINC000004221825,-8.01402,0.7241825461,6.6371273994,,0.391304347826087,0.7692307692307693,0,1,-7.21812,0.7053471208,6.1835722923,,0.5217391304347826,0.8461538461538461,0,1,-7.65507,0.6924117804,6.3177876472,,0.5217391304347826,0.6923076923076923,0,1,-7.07161,0.5245047808,6.1691269875,,0.4347826086956521,0.5384615384615384,0,1,-8.09368,0.5238714814,6.500685215,,0.4347826086956521,0.8461538461538461,0,1,-7.32133,0.5161859393,6.194621563,,0.4347826086956521,0.6153846153846154,0,1,-6.7494,0.5038365126,6.194984436,,0.4782608695652174,0.7692307692307693,0,1,-6.8542,0.501447022,6.0906829834,,0.4347826086956521,0.6923076923076923,0,1,-7.35798,0.4561558068,6.3222661018,,0.3478260869565217,0.6153846153846154,0,1,-7.68957,0.4299149215,6.169418335,,0.5217391304347826,0.8461538461538461,0,1,10
ZINC000004235240,-6.44795,0.6360166073,4.6448636055,,0.4347826086956521,0.4615384615384615,0,1,-5.88706,0.5732916594,5.7642426491,,0.6521739130434783,0.6923076923076923,0,1,-4.91476,0.563379705,4.0459294319,,0.217391304347826,0.2307692307692307,0,1,-6.05434,0.5578920841,5.2514610291,,0.6956521739130435,0.8461538461538461,0,1,-6.16263,0.5292273164,4.5982308388,,0.391304347826087,0.4615384615384615,0,1,-5.9811,0.5214808583,5.3060956001,,0.6956521739130435,0.8461538461538461,0,1,-5.4077,0.5167992711,4.1448702812,,0.217391304347826,0.2307692307692307,0,1,-5.75268,0.4427939653,4.6208949089,,0.3478260869565217,0.3846153846153846,0,1,-6.44359,0.3957936168,5.7354645729,,0.6086956521739131,0.6153846153846154,0,1,-5.06803,0.3839066029,3.8075344563,,0.3043478260869565,0.3076923076923077,0,1,10
ZINC000004235308,-8.24332,0.5082730651,5.8380570412,,0.4347826086956521,0.6923076923076923,0,1,-7.79036,0.4584293067,5.1255683899,,0.217391304347826,0.3076923076923077,0,1,-7.41294,0.4390676022,5.1480336189,,0.5652173913043478,0.6923076923076923,0,1,-8.34538,0.4387212396,5.7007102966,,0.4347826086956521,0.6923076923076923,0,1,-7.70974,0.4180875421,5.0341696739,,0.2608695652173913,0.3076923076923077,0,1,-6.99356,0.4159964025,5.4356560707,,0.391304347826087,0.5384615384615384,0,1,-7.29901,0.4016824663,4.9261798859,,0.217391304347826,0.3076923076923077,0,1,-7.4063,0.363371253,5.0867362022,,0.5652173913043478,0.7692307692307693,0,1,-7.79675,0.3459686935,5.2219114304,,0.5652173913043478,0.6923076923076923,0,1,-6.77408,0.2665150762,4.586145401,,0.3043478260869565,0.4615384615384615,0,1,10
ZINC000004244705,-7.30165,0.4547183514,6.2289848328,,0.6521739130434783,0.6923076923076923,0,1,-7.25537,0.443677932,6.1292948723,,0.6086956521739131,0.6923076923076923,0,1,-7.34128,0.434399426,6.1091713905,,0.6521739130434783,0.6923076923076923,0,1,-8.02135,0.4244638085,5.9187636375,,0.6086956521739131,0.6923076923076923,0,1,-7.79361,0.381551832,5.7552223206,,0.5652173913043478,0.6923076923076923,0,1,-6.39573,0.3790385127,5.3180451393,,0.3043478260869565,0.3076923076923077,0,1,-6.7545,0.3632282019,5.9391040802,,0.5652173913043478,0.6923076923076923,0,1,-7.06848,0.3488134444,5.9377083778,,0.5652173913043478,0.6923076923076923,0,1,-7.00859,0.3416334689,6.040813446,,0.6086956521739131,0.6923076923076923,0,1,-5.4755,0.2651720643,4.619550705,,0.217391304347826,0.2307692307692307,0,1,10
ZINC000004261886,-6.18359,0.527490139,5.1085534096,,0.217391304347826,0.4615384615384615,0,1,-6.19294,0.4679315984,5.0515351295,,0.391304347826087,0.6923076923076923,0,1,-6.08798,0.4226884544,5.0967388153,,0.2608695652173913,0.6153846153846154,0,1,-5.91753,0.4184206426,5.185049057,,0.2608695652173913,0.4615384615384615,0,1,-5.78801,0.3652153015,4.7124099731,,0.3043478260869565,0.5384615384615384,0,1,-5.80166,0.2873429656,4.1842808723,,0.2608695652173913,0.3076923076923077,0,1,-5.8643,0.2869765162,4.7660450935,,0.2608695652173913,0.6153846153846154,0,1,-5.75869,0.2723049819,5.1479525566,,0.2608695652173913,0.5384615384615384,0,1,-5.78479,0.2602518797,5.1268343925,,0.391304347826087,0.6923076923076923,0,1,-5.93548,0.2520318627,4.7918214798,,0.391304347826087,0.6923076923076923,0,1,10
ZINC000004265700,-7.05748,0.3305297196,5.8407330513,,0.3043478260869565,0.3846153846153846,0,1,-8.33609,0.2974601686,5.1450228691,,0.5217391304347826,0.5384615384615384,0,1,-8.17413,0.2495330274,5.0432181358,,0.5652173913043478,0.6153846153846154,0,1,-8.19216,0.2432522625,5.1943097115,,0.4782608695652174,0.5384615384615384,0,1,-8.59447,0.2326780856,5.0895352364,,0.5652173913043478,0.6153846153846154,0,1,-7.70614,0.2026568353,4.8655633926,,0.4347826086956521,0.5384615384615384,0,1,-8.14555,0.1870147586,5.4300384521,,0.2608695652173913,0.4615384615384615,0,1,-8.23872,0.18146047,4.6564488411,,0.6086956521739131,0.6153846153846154,0,1,-7.50165,0.1787525713,5.058827877,,0.5217391304347826,0.5384615384615384,0,1,-7.48902,0.1621928215,4.5144925117,,0.4347826086956521,0.4615384615384615,0,1,10
ZINC000004293610,-7.45614,0.6467427015,6.8208231926,,0.3478260869565217,0.3846153846153846,0,1,-7.70909,0.5611985326,6.5578303337,,0.3478260869565217,0.3846153846153846,0,1,-7.46798,0.5002038479,5.9011478424,,0.391304347826087,0.6923076923076923,0,1,-8.26284,0.4280960262,6.12855196,,0.2608695652173913,0.4615384615384615,0,1,-8.2901,0.3679316938,5.9284291267,,0.3478260869565217,0.5384615384615384,0,1,-7.96486,0.3554849625,5.6031665802,,0.3478260869565217,0.5384615384615384,0,1,-7.6429,0.338224113,6.1133322716,,0.391304347826087,0.6153846153846154,0,1,-7.11953,0.3241125643,5.7233462334,,0.6086956521739131,0.7692307692307693,0,1,-7.91561,0.3167015314,5.4577827454,,0.3043478260869565,0.5384615384615384,0,1,-6.77649,0.3162505627,6.0958328247,,0.2608695652173913,0.4615384615384615,0,1,10
ZINC000004317147,-8.11969,0.4058986306,5.6646733284,,0.3043478260869565,0.3846153846153846,0,1,-6.70323,0.3931560218,5.2184672356,,0.2608695652173913,0.3846153846153846,0,1,-7.93597,0.3838342428,5.504070282,,0.4347826086956521,0.5384615384615384,0,1,-7.74117,0.3268258274,5.76273489,,0.6521739130434783,0.8461538461538461,0,1,-6.6798,0.3183425069,5.2495918274,,0.2608695652173913,0.3076923076923077,0,1,-7.3957,0.3088490963,5.9290747643,,0.2608695652173913,0.3846153846153846,0,1,-6.94283,0.2965178192,5.2745146751,,0.217391304347826,0.3076923076923077,0,1,-7.4714,0.2952625453,5.5546994209,,0.3043478260869565,0.4615384615384615,0,1,-6.54947,0.287960887,5.0343050957,,0.1304347826086956,0.2307692307692307,0,1,-7.44374,0.2779350877,5.3295044899,,0.4347826086956521,0.5384615384615384,0,1,10
ZINC000004317168,-6.50703,0.6542773843,6.4592432976,,0.4347826086956521,0.5384615384615384,0,1,-7.644,0.4753503501,6.142267704,,0.4782608695652174,0.6153846153846154,0,1,-7.67683,0.4300997257,6.0897483826,,0.6956521739130435,0.8461538461538461,0,1,-8.27503,0.3354444802,5.7803750038,,0.391304347826087,0.4615384615384615,0,1,-6.91098,0.3224004507,5.715341568,,0.217391304347826,0.3076923076923077,0,1,-8.24304,0.3058606982,5.5959057808,,0.3043478260869565,0.3846153846153846,0,1,-7.09923,0.2815738022,5.4414696693,,0.1739130434782608,0.2307692307692307,0,1,-7.70109,0.2670036852,5.6554031372,,0.5652173913043478,0.6923076923076923,0,1,-8.45862,0.2627444267,5.6613211632,,0.3043478260869565,0.3846153846153846,0,1,-8.03843,0.2511544824,5.4290060997,,0.391304347826087,0.4615384615384615,0,1,10
ZINC000004324933,-6.15275,0.3305763304,4.9203343391,,0.3478260869565217,0.5384615384615384,0,1,-5.19733,0.2944740355,4.8808999062,,0.1304347826086956,0.1538461538461538,0,1,-5.01958,0.2706018686,4.1389136314,,0.217391304347826,0.2307692307692307,0,1,-6.13426,0.2461739033,5.4368648529,,0.4782608695652174,0.6923076923076923,0,1,-5.75367,0.2182175517,4.9094133377,,0.1304347826086956,0.1538461538461538,0,1,-5.94951,0.2149446011,3.9468739033,,0.217391304347826,0.3846153846153846,0,1,-5.03013,0.1975589991,3.5618431568,,0.217391304347826,0.2307692307692307,0,1,-5.96374,0.1917214394,4.3163480759,,0.3478260869565217,0.3076923076923077,0,1,-5.47661,0.1871809065,3.9248459339,,0.1304347826086956,0.2307692307692307,0,1,-5.07713,0.183839485,3.9553692341,,0.1739130434782608,0.2307692307692307,0,1,10
ZINC000004324935,-5.81053,0.3851853907,4.8241696358,,0.3478260869565217,0.4615384615384615,0,1,-5.85617,0.2745318115,4.3615007401,,0.3478260869565217,0.3846153846153846,0,1,-6.18642,0.2408083379,4.137573719,,0.0869565217391304,0.0769230769230769,0,1,-5.02736,0.2276756763,4.6026573181,,0.0869565217391304,0.0769230769230769,0,1,-6.1984,0.2262128294,4.3972811699,,0.3043478260869565,0.3846153846153846,0,1,-5.83647,0.2189975977,4.6425147057,,0.4347826086956521,0.5384615384615384,0,1,-5.3669,0.2174586356,4.6762194633,,0.3043478260869565,0.3846153846153846,0,1,-5.21535,0.1934458315,5.0456271172,,0.3043478260869565,0.3846153846153846,0,1,-6.22645,0.178872779,4.7040896416,,0.4782608695652174,0.4615384615384615,0,1,-4.90681,0.1785291135,3.9920711517,,0.1739130434782608,0.1538461538461538,0,1,10
ZINC000004384946,-6.46144,0.568428576,5.8684678078,,0.5217391304347826,0.6923076923076923,0,1,-6.69332,0.5029139519,5.4272842407,,0.3478260869565217,0.6153846153846154,0,1,-6.27354,0.4763292074,5.2899727821,,0.3043478260869565,0.6153846153846154,0,1,-6.36172,0.4658713043,5.9803442955,,0.4782608695652174,0.6923076923076923,0,1,-5.98357,0.4558595717,5.3694672585,,0.1739130434782608,0.3076923076923077,0,1,-5.81583,0.429014504,6.0112280846,,0.4347826086956521,0.7692307692307693,0,1,-6.31777,0.3637655675,5.8148651123,,0.4347826086956521,0.6923076923076923,0,1,-4.21069,0.3051751256,4.1626038551,,0.2608695652173913,0.3076923076923077,0,1,-4.3604,0.2902219594,3.6775398254,,0.1739130434782608,0.1538461538461538,0,1,-4.31896,0.252492398,3.5799300671,,0.2608695652173913,0.3076923076923077,0,1,10
ZINC000004388894,-5.1188,0.1225055382,3.199598074,,0.0434782608695652,0.0769230769230769,0,1,-5.40967,0.1138908789,3.4668138027,,0.0869565217391304,0.1538461538461538,0,1,-7.55545,0.1094842553,4.7020325661,,0.3478260869565217,0.4615384615384615,0,1,-5.24954,0.1054851562,4.3300971985,,0.1739130434782608,0.1538461538461538,0,1,-6.23415,0.1027848125,4.6814484596,,0.2608695652173913,0.3846153846153846,0,1,-7.23925,0.0939029381,4.6030707359,,0.3043478260869565,0.3846153846153846,0,1,-6.05477,0.0851740614,4.1080207825,,0.4347826086956521,0.3846153846153846,0,1,-5.15116,0.0797216743,4.0137495995,,0.2608695652173913,0.3076923076923077,0,1,-6.52985,0.0765916556,4.4761977196,,0.3043478260869565,0.3846153846153846,0,1,-5.85427,0.0732961819,3.9318161011,,0.3478260869565217,0.4615384615384615,0,1,10
ZINC000004426055,-7.37229,0.3693062365,7.3115525246,,0.5652173913043478,0.7692307692307693,0,1,-7.19119,0.1853073239,6.7978100777,,0.6521739130434783,0.8461538461538461,0,1,-7.16,0.1813402176,6.6511187553,,0.5217391304347826,0.7692307692307693,0,1,-6.44251,0.1801180989,6.8449401855,,0.5652173913043478,0.7692307692307693,0,1,-6.46365,0.1328503191,5.4802470207,,0.3478260869565217,0.4615384615384615,0,1,-6.67595,0.1069223583,5.5897059441,,0.3043478260869565,0.4615384615384615,0,1,-5.71134,0.0933614224,4.7028260231,,0.391304347826087,0.4615384615384615,0,1,-5.51354,0.0910262764,4.9228496552,,0.217391304347826,0.2307692307692307,0,1,-5.83251,0.0842940435,4.9215373993,,0.3478260869565217,0.3076923076923077,0,1,-6.59825,0.082625553,4.9080061913,,0.3478260869565217,0.4615384615384615,0,1,10
ZINC000004429427,-6.30992,0.7159662247,5.632938385,,0.7391304347826086,0.8461538461538461,0,1,-6.60577,0.3624192178,4.9940104485,,0.4347826086956521,0.6153846153846154,0,1,-6.32818,0.3406300545,4.4629654884,,0.391304347826087,0.3846153846153846,0,1,-6.26058,0.319398284,4.4173960686,,0.391304347826087,0.4615384615384615,0,1,-6.28215,0.2869873047,4.1629986763,,0.3043478260869565,0.3846153846153846,0,1,-7.03064,0.2839373946,4.902566433,,0.5217391304347826,0.5384615384615384,0,1,-6.66056,0.2792152762,4.6546134949,,0.3043478260869565,0.3846153846153846,0,1,-7.35878,0.2588132024,4.5623803139,,0.4782608695652174,0.5384615384615384,0,1,-5.85229,0.2513109148,4.1811203957,,0.217391304347826,0.3846153846153846,0,1,-6.53007,0.2425280362,3.8366010189,,0.391304347826087,0.4615384615384615,0,1,10
ZINC000004517465,-5.52248,0.6736450195,4.3768029213,,0.3478260869565217,0.3076923076923077,0,1,-5.38644,0.6382743716,4.3825974464,,0.391304347826087,0.3846153846153846,0,1,-5.10686,0.5940085649,4.3633351326,,0.2608695652173913,0.3076923076923077,0,1,-4.87866,0.5932337046,4.1350855827,,0.3043478260869565,0.3076923076923077,0,1,-4.84942,0.579172492,5.5639228821,,0.4347826086956521,0.6153846153846154,0,1,-5.08302,0.5782111883,4.6029815674,,0.2608695652173913,0.3846153846153846,0,1,-5.59268,0.5484974384,5.4315752983,,0.4782608695652174,0.6923076923076923,0,1,-5.46544,0.5371004939,5.3426060677,,0.3478260869565217,0.5384615384615384,0,1,-5.95097,0.5185885429,4.8493189812,,0.4782608695652174,0.7692307692307693,0,1,-5.62905,0.4864140153,4.4297299385,,0.0869565217391304,0.0769230769230769,0,1,10
ZINC000004526154,-5.60886,0.7148250341,6.607688427,,0.217391304347826,0.4615384615384615,0,1,-6.47149,0.6579509377,5.8771114349,,0.3478260869565217,0.4615384615384615,0,1,-6.53249,0.5061619282,5.9275631905,,0.1739130434782608,0.3076923076923077,0,1,-6.30465,0.456350714,5.2237877846,,0.217391304347826,0.3076923076923077,0,1,-4.64879,0.400036335,5.4963622093,,0.217391304347826,0.3076923076923077,0,1,-5.47017,0.3601280749,5.2512412071,,0.3043478260869565,0.4615384615384615,0,1,-6.59092,0.3422997296,5.3177371025,,0.2608695652173913,0.3846153846153846,0,1,-6.73316,0.3361437619,5.296025753,,0.2608695652173913,0.4615384615384615,0,1,-4.90242,0.2427431047,5.1934933662,,0.217391304347826,0.4615384615384615,0,1,-6.0091,0.2210855931,5.0214176178,,0.217391304347826,0.3076923076923077,0,1,10
ZINC000004533551,-5.82364,0.7032447457,4.8442230225,,0.6521739130434783,0.7692307692307693,0,1,-6.38538,0.6104815006,4.7356300354,,0.391304347826087,0.5384615384615384,0,1,-6.56321,0.6102178097,4.6824126244,,0.391304347826087,0.5384615384615384,0,1,-6.40207,0.5615537763,4.8163237572,,0.5217391304347826,0.6923076923076923,0,1,-5.97858,0.5443108678,4.9467539787,,0.6086956521739131,0.8461538461538461,0,1,-6.24203,0.5329568982,4.8301758766,,0.217391304347826,0.3846153846153846,0,1,-5.84499,0.4833872616,4.1513600349,,0.3478260869565217,0.3846153846153846,0,1,-5.55997,0.4655269384,4.6562752724,,0.4782608695652174,0.6923076923076923,0,1,-5.32198,0.3868869841,4.9480881691,,0.3478260869565217,0.5384615384615384,0,1,-5.53086,0.3246639073,4.6337814331,,0.4782608695652174,0.6153846153846154,0,1,10
ZINC000004576929,-5.08138,0.7129548192,4.6030116081,,0.391304347826087,0.3846153846153846,0,1,-4.89226,0.673869133,5.2020859718,,0.217391304347826,0.3076923076923077,0,1,-5.00356,0.5400108099,4.2270431519,,0.3478260869565217,0.3846153846153846,0,1,-5.55368,0.447360456,6.1436195374,,0.3478260869565217,0.5384615384615384,0,1,-4.77356,0.4255670905,4.1609244347,,0.3478260869565217,0.3846153846153846,0,1,-6.72331,0.3946058154,6.2741522789,,0.3478260869565217,0.4615384615384615,0,1,-6.73909,0.3829930723,5.9162120819,,0.5217391304347826,0.7692307692307693,0,1,-4.87461,0.3388464749,3.7611033916,,0.1304347826086956,0.1538461538461538,0,1,-4.92884,0.3065853417,3.6237647533,,0.0434782608695652,0.0769230769230769,0,1,-7.05827,0.2991510928,5.8302726746,,0.391304347826087,0.5384615384615384,0,1,10
ZINC000004592346,-6.53774,0.4787828624,6.2611618042,,0.4782608695652174,0.7692307692307693,0,1,-6.48312,0.3046012521,5.9968223572,,0.391304347826087,0.6153846153846154,0,1,-6.21309,0.2595046461,5.9315910339,,0.4782608695652174,0.5384615384615384,0,1,-6.44998,0.1986516416,5.4784502983,,0.4782608695652174,0.6153846153846154,0,1,-6.94457,0.1690703183,5.411567688,,0.4347826086956521,0.6153846153846154,0,1,-7.59005,0.1663033515,5.5396690369,,0.391304347826087,0.4615384615384615,0,1,-7.1969,0.1629887968,5.4315934181,,0.4347826086956521,0.5384615384615384,0,1,-8.08097,0.1515647024,5.3520245552,,0.217391304347826,0.3076923076923077,0,1,-6.34567,0.1480117142,5.2587742805,,0.4347826086956521,0.6153846153846154,0,1,-6.51783,0.1477278322,5.2702393532,,0.4347826086956521,0.5384615384615384,0,1,10
ZINC000004598860,-5.39582,0.2842839658,4.3832497597,,0.1739130434782608,0.2307692307692307,0,1,-5.228,0.2735823095,4.2562584877,,0.3043478260869565,0.3076923076923077,0,1,-4.94399,0.1958646625,4.0325474739,,0.0869565217391304,0.1538461538461538,0,1,-4.86615,0.186609447,4.0360546112,,0.1304347826086956,0.1538461538461538,0,1,-6.99314,0.1792892218,5.6030640602,,0.391304347826087,0.4615384615384615,0,1,-5.34157,0.1778089702,5.0701165199,,0.217391304347826,0.3076923076923077,0,1,-5.18687,0.1450214684,3.9406979084,,0.1304347826086956,0.2307692307692307,0,1,-6.35292,0.1211278811,5.1368999481,,0.391304347826087,0.6153846153846154,0,1,-5.61727,0.1202256158,4.6375460625,,0.217391304347826,0.3076923076923077,0,1,-7.25041,0.1189356372,5.294775486,,0.2608695652173913,0.3076923076923077,0,1,10
ZINC000004643893,-5.31554,0.6767401099,5.8331356049,,0.5217391304347826,0.6923076923076923,0,1,-5.85969,0.5852099657,5.9705634117,,0.4782608695652174,0.6153846153846154,0,1,-6.95342,0.5135998726,5.6185965538,,0.5217391304347826,0.6923076923076923,0,1,-7.4647,0.4854893684,5.6177201271,,0.1304347826086956,0.1538461538461538,0,1,-5.99662,0.3747838438,5.3307499886,,0.3478260869565217,0.3846153846153846,0,1,-6.68221,0.3721364439,5.5495934486,,0.1739130434782608,0.2307692307692307,0,1,-5.51376,0.3446688652,5.4870085716,,0.4347826086956521,0.6923076923076923,0,1,-5.97004,0.2842071056,5.3724780083,,0.1739130434782608,0.2307692307692307,0,1,-5.74716,0.2643379271,5.2502479553,,0.2608695652173913,0.3076923076923077,0,1,-6.33179,0.2409289926,5.6794791222,,0.3478260869565217,0.3846153846153846,0,1,10
ZINC000004650637,-7.55054,0.1429784298,6.5784053802,,0.217391304347826,0.3076923076923077,0,1,-8.96369,0.120780468,6.7646050453,,0.4347826086956521,0.3846153846153846,0,1,-9.29319,0.1172180474,6.3100495338,,0.4782608695652174,0.4615384615384615,0,1,-8.0873,0.1061806381,6.3214898109,,0.6086956521739131,0.9230769230769232,0,1,-9.05458,0.1000563428,6.4967198372,,0.391304347826087,0.5384615384615384,0,1,-7.4476,0.0928386673,6.9417281151,,0.2608695652173913,0.3076923076923077,0,1,-7.98693,0.0855205879,6.8511958122,,0.3043478260869565,0.5384615384615384,0,1,-8.21439,0.0806420967,6.6438641548,,0.3478260869565217,0.4615384615384615,0,1,-8.56847,0.0778984353,5.9588603973,,0.2608695652173913,0.3076923076923077,0,1,-8.20552,0.0771820098,6.1554713249,,0.3478260869565217,0.3076923076923077,0,1,10
ZINC000004668697,-6.76087,0.4326313138,6.3447432518,,0.4782608695652174,0.6923076923076923,0,1,-6.93584,0.3255673647,5.5663280487,,0.2608695652173913,0.3076923076923077,0,1,-5.90022,0.3223465979,5.7115364075,,0.1739130434782608,0.2307692307692307,0,1,-6.74117,0.2816688716,5.8694596291,,0.6086956521739131,0.8461538461538461,1,1,-5.44415,0.2800913751,5.1962800026,,0.3043478260869565,0.3076923076923077,0,1,-5.75899,0.25837183,5.3517022133,,0.2608695652173913,0.2307692307692307,0,1,-6.63448,0.2251854092,5.8292961121,,0.5217391304347826,0.6923076923076923,1,1,-6.43378,0.2228761315,5.1273784637,,0.391304347826087,0.4615384615384615,0,1,-5.9061,0.2106407285,5.1627578735,,0.217391304347826,0.3076923076923077,0,1,-6.71362,0.2041705996,5.7632241249,,0.2608695652173913,0.2307692307692307,0,1,10
ZINC000004676362,-5.36865,0.4570243955,5.2424650192,,0.3478260869565217,0.4615384615384615,0,1,-6.32445,0.4170228541,6.381275177,,0.3478260869565217,0.6923076923076923,0,1,-6.32037,0.3812198639,5.0312476158,,0.391304347826087,0.4615384615384615,0,1,-6.64004,0.3030507267,5.7736392021,,0.3043478260869565,0.5384615384615384,0,1,-6.15016,0.2675649226,4.6367144585,,0.391304347826087,0.5384615384615384,0,1,-5.94358,0.2646532059,4.3712954521,,0.3043478260869565,0.3846153846153846,0,1,-5.65936,0.2643937767,4.4922728539,,0.2608695652173913,0.3076923076923077,0,1,-5.62552,0.2380925715,4.9764943123,,0.3043478260869565,0.4615384615384615,0,1,-5.95625,0.2208179533,4.3148393631,,0.2608695652173913,0.3846153846153846,0,1,-5.67375,0.2091792226,4.6611924171,,0.391304347826087,0.3846153846153846,0,1,10
ZINC000004678732,-7.15647,0.6357042193,6.080426693,,0.6086956521739131,0.7692307692307693,0,1,-6.50426,0.4379305542,5.9463133812,,0.4782608695652174,0.6153846153846154,1,1,-7.2729,0.2322161645,5.6590619087,,0.217391304347826,0.2307692307692307,0,1,-8.12515,0.2181767374,5.5165991783,,0.3043478260869565,0.2307692307692307,0,1,-6.32953,0.1942797452,5.1599059105,,0.1739130434782608,0.1538461538461538,0,1,-8.16758,0.1857399195,5.249042511,,0.2608695652173913,0.3076923076923077,0,1,-9.17855,0.1746112257,5.115093708,,0.5652173913043478,0.7692307692307693,0,1,-6.83789,0.1488197297,5.1882472038,,0.5217391304347826,0.6923076923076923,0,1,-7.26695,0.1247778982,5.1195492744,,0.2608695652173913,0.3076923076923077,0,1,-6.02847,0.1184058711,4.975692749,,0.217391304347826,0.2307692307692307,0,1,10
ZINC000004683837,-4.98443,0.6034927964,3.7773189545,,0.2608695652173913,0.3076923076923077,0,1,-5.05071,0.5352692604,3.7843353748,,0.217391304347826,0.3076923076923077,0,1,-5.05522,0.5270498991,3.8368060589,,0.2608695652173913,0.3076923076923077,0,1,-6.43119,0.4884933233,4.4659590721,,0.3478260869565217,0.5384615384615384,0,1,-5.93289,0.4706784487,4.4108595848,,0.3478260869565217,0.4615384615384615,0,1,-5.17463,0.4664384127,4.0132493973,,0.1739130434782608,0.1538461538461538,0,1,-6.47005,0.459189713,4.4858107567,,0.3478260869565217,0.5384615384615384,0,1,-6.08126,0.451785326,4.1230912209,,0.391304347826087,0.5384615384615384,0,1,-6.36585,0.4111178517,4.3372206688,,0.391304347826087,0.5384615384615384,0,1,-5.00533,0.4076013565,3.8836882114,,0.217391304347826,0.2307692307692307,0,1,10
ZINC000004700902,-7.81272,0.7993223667,6.0998673439,,0.3478260869565217,0.4615384615384615,0,1,-7.04796,0.7720451355,6.0330681801,,0.391304347826087,0.6923076923076923,0,1,-4.91032,0.4705036581,3.9252808094,,0.3043478260869565,0.3076923076923077,0,1,-4.91533,0.4165693521,3.9515006542,,0.1304347826086956,0.2307692307692307,0,1,-6.22971,0.3107137978,5.7641091347,,0.391304347826087,0.6923076923076923,0,1,-6.09344,0.2635036111,5.7781605721,,0.2608695652173913,0.4615384615384615,0,1,-5.87027,0.2498452365,5.6224913597,,0.3043478260869565,0.3846153846153846,0,1,-7.61571,0.2472744882,5.4208903313,,0.4347826086956521,0.6153846153846154,0,1,-6.9635,0.2257989347,5.2190289497,,0.4782608695652174,0.6153846153846154,0,1,-7.04556,0.2200407088,5.3550853729,,0.5652173913043478,0.6153846153846154,0,1,10
ZINC000004704470,-6.83725,0.5070487857,6.0715308189,,0.5217391304347826,0.7692307692307693,0,1,-6.09179,0.3331246972,5.3188762665,,0.4782608695652174,0.6923076923076923,0,1,-5.89854,0.3028108478,4.998436451,,0.1739130434782608,0.2307692307692307,0,1,-5.22224,0.2997897863,5.0974903107,,0.3478260869565217,0.3846153846153846,0,1,-6.10159,0.2933680713,4.5474972725,,0.2608695652173913,0.3076923076923077,0,1,-4.71429,0.2658165097,4.101088047,,0.3043478260869565,0.3076923076923077,0,1,-7.53067,0.2592035234,5.2271747589,,0.1304347826086956,0.1538461538461538,0,1,-6.76873,0.2568795085,5.4546456337,,0.1739130434782608,0.2307692307692307,0,1,-5.05722,0.2391292155,4.9994487762,,0.3043478260869565,0.3846153846153846,0,1,-6.88999,0.2329973429,5.2328829765,,0.1304347826086956,0.1538461538461538,0,1,10
ZINC000004715053,-6.27352,0.4924118221,4.0996642113,,0.1739130434782608,0.2307692307692307,0,1,-6.41635,0.4752160609,6.8354582787,,0.1739130434782608,0.2307692307692307,1,1,-6.06172,0.4490717053,3.7053039074,,0.1304347826086956,0.2307692307692307,0,1,-8.24574,0.4367840886,5.599029541,,0.4347826086956521,0.5384615384615384,0,1,-7.82614,0.256513387,4.9183712006,,0.3478260869565217,0.3846153846153846,0,1,-7.94367,0.2564583719,5.2979331017,,0.217391304347826,0.3076923076923077,0,1,-7.69703,0.2430424541,5.0397658348,,0.3043478260869565,0.3846153846153846,0,1,-8.20397,0.2264557928,4.9342899323,,0.2608695652173913,0.3846153846153846,0,1,-7.98871,0.217248112,4.3135819435,,0.2608695652173913,0.3846153846153846,0,1,-6.51489,0.2161074132,3.914901495,,0.2608695652173913,0.3076923076923077,0,1,10
ZINC000004723952,-5.26235,0.7479889989,5.5915265083,,0.4347826086956521,0.4615384615384615,0,1,-5.54547,0.5980219841,6.2998929024,,0.6086956521739131,0.9230769230769232,0,1,-6.23529,0.5938980579,5.779191494,,0.4347826086956521,0.6153846153846154,0,1,-5.70921,0.4880567491,5.4848804474,,0.4782608695652174,0.6153846153846154,0,1,-6.17861,0.3991111219,5.5653815269,,0.4347826086956521,0.5384615384615384,0,1,-4.61818,0.3265553117,4.9163417816,,0.1304347826086956,0.1538461538461538,0,1,-5.72778,0.3176428676,5.3047785759,,0.3478260869565217,0.3076923076923077,0,1,-5.78191,0.2884261608,4.8568878174,,0.0869565217391304,0.0769230769230769,0,1,-5.90472,0.2807838023,5.1145806313,,0.1304347826086956,0.1538461538461538,0,1,-6.10383,0.2700515091,4.9864387512,,0.0869565217391304,0.0769230769230769,0,1,10
ZINC000004739814,-6.23723,0.5369641185,6.0162849426,,0.5652173913043478,0.7692307692307693,0,1,-7.06159,0.5300419927,5.7990851402,,0.4782608695652174,0.6923076923076923,0,1,-6.76949,0.5180751085,5.7269134521,,0.6086956521739131,0.8461538461538461,0,1,-6.0911,0.3327912986,5.8636684418,,0.4347826086956521,0.5384615384615384,0,1,-6.61524,0.3317444623,5.5374922752,,0.5652173913043478,0.8461538461538461,0,1,-7.85289,0.2199679464,5.4523358345,,0.4782608695652174,0.6153846153846154,0,1,-6.91505,0.2050266713,5.358569622,,0.391304347826087,0.4615384615384615,0,1,-8.62475,0.1818943173,5.5020413399,,0.4347826086956521,0.4615384615384615,0,1,-7.48355,0.1764578074,5.3092799187,,0.2608695652173913,0.3076923076923077,0,1,-6.61074,0.1652059108,4.8568897247,,0.3478260869565217,0.3846153846153846,0,1,10
ZINC000004742309,-5.57424,0.3235340118,4.283203125,,0.3043478260869565,0.6153846153846154,0,1,-5.33206,0.295805186,4.0189523697,,0.2608695652173913,0.3846153846153846,0,1,-6.80566,0.2470942587,3.8526010513,,0.3478260869565217,0.5384615384615384,0,1,-5.6867,0.2429577261,4.0450186729,,0.2608695652173913,0.4615384615384615,0,1,-5.80551,0.2335280925,4.204492569,,0.3043478260869565,0.6153846153846154,0,1,-5.33262,0.189467743,4.0451846123,,0.2608695652173913,0.3846153846153846,0,1,-5.12814,0.1872988641,3.6666343212,,0.0869565217391304,0.2307692307692307,0,1,-5.11606,0.1850473732,3.7416770458,,0.3043478260869565,0.3846153846153846,0,1,-5.46564,0.1792861372,3.5909979343,,0.3478260869565217,0.6923076923076923,0,1,-5.28962,0.1381520331,3.3680698872,,0.1739130434782608,0.2307692307692307,0,1,10
ZINC000004755244,-6.03263,0.735727191,5.6830868721,,0.5652173913043478,0.7692307692307693,0,1,-5.23716,0.5209239721,5.7868332863,,0.4347826086956521,0.6153846153846154,0,1,-7.51692,0.4391469061,5.4502677917,,0.217391304347826,0.3076923076923077,0,1,-5.293,0.4191050828,5.3868603706,,0.4782608695652174,0.6923076923076923,0,1,-4.9154,0.3841944933,4.2425875664,,0.3043478260869565,0.3076923076923077,0,1,-5.79441,0.3823220134,5.3959121704,,0.1739130434782608,0.3076923076923077,0,1,-5.68284,0.3711933494,5.3287353516,,0.6521739130434783,0.8461538461538461,0,1,-6.42821,0.3079362512,5.7662863731,,0.4347826086956521,0.6923076923076923,0,1,-5.81209,0.3037254214,4.956589222,,0.2608695652173913,0.3846153846153846,0,1,-7.54465,0.2743305266,5.5621318817,,0.391304347826087,0.6153846153846154,0,1,10
ZINC000004769284,-7.9186,0.3657081127,4.8990459442,,0.4347826086956521,0.4615384615384615,0,1,-7.06383,0.3533485234,4.8257002831,,0.4347826086956521,0.4615384615384615,0,1,-7.5539,0.3499845564,4.8150863647,,0.3478260869565217,0.3076923076923077,0,1,-7.09555,0.3444439769,4.8336949348,,0.1739130434782608,0.2307692307692307,0,1,-6.77646,0.3384454548,5.0615744591,,0.3043478260869565,0.3076923076923077,0,1,-6.48312,0.3329853714,5.8491196632,,0.6086956521739131,0.8461538461538461,0,1,-7.45698,0.3281106353,4.944896698,,0.391304347826087,0.3846153846153846,0,1,-7.26133,0.2959404588,4.5396194458,,0.217391304347826,0.2307692307692307,0,1,-6.98663,0.2887281775,4.8021068573,,0.217391304347826,0.3076923076923077,0,1,-7.03392,0.2862334251,4.9591050148,,0.217391304347826,0.2307692307692307,0,1,10
ZINC000004776053,-7.72905,0.5894765854,6.7882399559,,0.4347826086956521,0.6153846153846154,0,1,-6.25824,0.5312253237,5.5396542549,,0.4782608695652174,0.5384615384615384,0,1,-7.72782,0.3580569327,6.4594459534,,0.4347826086956521,0.7692307692307693,0,1,-7.34666,0.3492671847,6.2703642845,,0.391304347826087,0.6153846153846154,0,1,-7.79692,0.3441498578,6.5388903618,,0.3043478260869565,0.5384615384615384,0,1,-7.27346,0.3259071708,6.1362519264,,0.5217391304347826,0.7692307692307693,0,1,-8.17542,0.3021807373,5.9099845886,,0.5217391304347826,0.7692307692307693,0,1,-6.62647,0.2928645015,6.4027581215,,0.5217391304347826,0.6153846153846154,0,1,-7.3082,0.2823795974,6.3127536774,,0.3478260869565217,0.4615384615384615,0,1,-6.66085,0.2629332244,5.8240237236,,0.1739130434782608,0.3846153846153846,0,1,10
ZINC000004776570,-7.78506,0.6262531877,6.2516670227,,0.5217391304347826,0.6153846153846154,0,1,-6.40598,0.6066061854,6.2916741371,,0.2608695652173913,0.3076923076923077,0,1,-8.41351,0.5537980199,6.7839188576,,0.6521739130434783,0.6923076923076923,0,1,-8.37831,0.5187489986,6.7569098473,,0.6521739130434783,0.6923076923076923,0,1,-7.99709,0.4103986919,6.3709397316,,0.5217391304347826,0.6923076923076923,0,1,-8.01936,0.3514085412,6.563855648,,0.5652173913043478,0.7692307692307693,0,1,-8.55387,0.3254205585,5.6897068024,,0.4347826086956521,0.5384615384615384,0,1,-8.47867,0.3122687042,5.5409817696,,0.4782608695652174,0.4615384615384615,0,1,-8.8616,0.3099229634,5.5295090675,,0.4347826086956521,0.6153846153846154,0,1,-7.8737,0.2933593094,5.3897781372,,0.3478260869565217,0.3076923076923077,0,1,10
ZINC000004802055,-7.35192,0.7206268311,5.3302302361,,0.4782608695652174,0.5384615384615384,0,1,-6.44968,0.4660906196,5.6620597839,,0.391304347826087,0.4615384615384615,0,1,-6.15673,0.377810508,4.6215052605,,0.4347826086956521,0.5384615384615384,0,1,-6.79092,0.3396937549,4.9594483376,,0.3043478260869565,0.4615384615384615,0,1,-7.15839,0.3174641728,4.9914011955,,0.4347826086956521,0.5384615384615384,0,1,-6.53669,0.2548990846,4.5046668053,,0.5217391304347826,0.5384615384615384,0,1,-5.93812,0.2531582117,5.0130038261,,0.5217391304347826,0.6153846153846154,0,1,-5.9505,0.2424422204,4.0306963921,,0.217391304347826,0.3076923076923077,0,1,-6.69489,0.2353735864,5.0684680939,,0.391304347826087,0.4615384615384615,0,1,-5.89193,0.2294758111,4.2684230804,,0.217391304347826,0.3076923076923077,0,1,10
ZINC000004806467,-7.0143,0.7183490992,6.0868849754,,0.4347826086956521,0.6153846153846154,0,1,-6.95027,0.6675418019,6.1555938721,,0.391304347826087,0.6153846153846154,0,1,-4.74342,0.4572665393,4.3372397423,,0.391304347826087,0.3846153846153846,0,1,-6.01322,0.3390179574,5.9506931305,,0.3478260869565217,0.5384615384615384,0,1,-5.25279,0.3174341321,5.5334382057,,0.4782608695652174,0.6923076923076923,0,1,-5.93484,0.2865279019,5.3625874519,,0.2608695652173913,0.3076923076923077,0,1,-5.25685,0.2830536962,5.4458498955,,0.391304347826087,0.5384615384615384,0,1,-5.09312,0.277651757,5.4287114143,,0.5217391304347826,0.7692307692307693,0,1,-6.11077,0.2582893372,5.6885757446,,0.2608695652173913,0.3076923076923077,0,1,-6.64705,0.2427661717,5.3129811287,,0.5652173913043478,0.7692307692307693,0,1,10
ZINC000004812199,-8.07944,0.7400587201,8.048623085,,0.6521739130434783,0.8461538461538461,0,1,-8.23622,0.6832770705,7.858150959,,0.6521739130434783,0.8461538461538461,0,1,-8.32675,0.6428027153,7.9644432068,,0.6521739130434783,0.8461538461538461,0,1,-8.30485,0.4884215593,7.718313694,,0.6956521739130435,0.9230769230769232,0,1,-7.4794,0.4717929065,7.6603984833,,0.6956521739130435,0.9230769230769232,0,1,-7.81016,0.4631928802,7.5764451027,,0.6521739130434783,0.8461538461538461,0,1,-7.8447,0.4530516565,7.6092562675,,0.6086956521739131,0.8461538461538461,0,1,-7.68856,0.4400626719,7.6343092918,,0.6521739130434783,0.8461538461538461,0,1,-7.83265,0.4303834438,7.5959281921,,0.6521739130434783,0.9230769230769232,0,1,-7.8738,0.4192161262,7.6238036156,,0.6521739130434783,0.8461538461538461,0,1,10
ZINC000004812222,-8.17964,0.6365957856,8.1703529358,,0.6086956521739131,0.8461538461538461,0,1,-8.45346,0.4312247038,7.8293209076,,0.782608695652174,0.9230769230769232,0,1,-7.43629,0.3748622239,7.7490344048,,0.6086956521739131,0.8461538461538461,0,1,-7.55217,0.3504315019,7.7276511192,,0.6086956521739131,0.8461538461538461,0,1,-7.74378,0.3464214802,7.3970427513,,0.6086956521739131,0.8461538461538461,0,1,-8.74381,0.3293592632,7.4751067162,,0.4782608695652174,0.6923076923076923,0,1,-8.56943,0.3256224692,7.5478730202,,0.6086956521739131,0.7692307692307693,0,1,-7.95906,0.300339967,7.5187149048,,0.6086956521739131,0.8461538461538461,0,1,-7.47537,0.2978560627,7.5863838196,,0.6086956521739131,0.8461538461538461,0,1,-8.13047,0.2728267312,7.2696690559,,0.5652173913043478,0.6153846153846154,0,1,10
ZINC000004812229,-7.96421,0.401948899,7.6817874908,,0.6086956521739131,0.8461538461538461,0,1,-8.11577,0.3070707917,7.6945128441,,0.6086956521739131,0.7692307692307693,0,1,-8.42577,0.2998756468,7.5280270576,,0.5652173913043478,0.6923076923076923,0,1,-8.26409,0.2992708981,7.859603405,,0.7391304347826086,0.9230769230769232,0,1,-7.98008,0.2931325138,7.6825871468,,0.5652173913043478,0.6923076923076923,0,1,-9.96335,0.2753117979,7.863348484,,0.5652173913043478,0.7692307692307693,0,1,-8.13163,0.2668315172,7.6430206299,,0.7391304347826086,0.9230769230769232,0,1,-8.08439,0.2666076422,7.3204894066,,0.5652173913043478,0.8461538461538461,0,1,-7.99767,0.2660577297,7.556245327,,0.6956521739130435,0.9230769230769232,0,1,-8.27622,0.2643410563,7.3736262321,,0.5652173913043478,0.6153846153846154,0,1,10
ZINC000004896006,-4.44611,0.2527896762,3.8463618755,,0.3478260869565217,0.3076923076923077,0,1,-4.87445,0.2157506198,3.9173266888,,0.391304347826087,0.3846153846153846,0,1,-4.87012,0.2102179825,4.0169548988,,0.4347826086956521,0.4615384615384615,0,1,-5.74005,0.2061573416,4.3145503998,,0.2608695652173913,0.3076923076923077,0,1,-5.66297,0.1931618601,4.5452256203,,0.3043478260869565,0.3076923076923077,0,1,-6.02742,0.1738689691,4.3192591667,,0.3043478260869565,0.3076923076923077,0,1,-5.94302,0.1716773212,4.2012329102,,0.3043478260869565,0.3846153846153846,0,1,-4.95944,0.1698240936,4.0062394142,,0.3478260869565217,0.3076923076923077,0,1,-5.04827,0.165079087,3.9812443256,,0.3043478260869565,0.2307692307692307,0,1,-4.3848,0.1637039781,3.75624156,,0.3478260869565217,0.3076923076923077,0,1,10
ZINC000004899819,-6.13017,0.3934844732,6.3817672729,,0.3043478260869565,0.4615384615384615,0,1,-6.06824,0.3809756041,6.2873558998,,0.3478260869565217,0.3846153846153846,0,1,-7.48936,0.2949227691,6.0719814301,,0.391304347826087,0.4615384615384615,0,1,-6.55447,0.2871409655,6.1898970604,,0.217391304347826,0.3846153846153846,0,1,-7.8901,0.2544047534,6.0562119484,,0.4782608695652174,0.5384615384615384,0,1,-6.01385,0.251686573,5.6768307686,,0.3043478260869565,0.5384615384615384,0,1,-7.20273,0.2391687483,6.0619735718,,0.4347826086956521,0.4615384615384615,0,1,-5.63949,0.2302919924,3.9505984783,,0.3478260869565217,0.3846153846153846,0,1,-6.6507,0.22044909,5.8250832558,,0.5217391304347826,0.8461538461538461,0,1,-6.62351,0.2055124342,5.6105885506,,0.2608695652173913,0.2307692307692307,0,1,10
ZINC000004915437,-7.82886,0.62399894,6.8788313866,,0.4782608695652174,0.6153846153846154,0,1,-7.40401,0.584724009,6.4210572243,,0.3043478260869565,0.3846153846153846,0,1,-7.80747,0.5660780072,6.6680207253,,0.5217391304347826,0.6153846153846154,0,1,-6.98259,0.5427011847,6.766895771,,0.391304347826087,0.3846153846153846,0,1,-6.93505,0.4937223494,6.7944450378,,0.3043478260869565,0.3846153846153846,0,1,-8.17802,0.4856882691,6.9626202583,,0.5652173913043478,0.6153846153846154,0,1,-7.902,0.3983071148,6.4027314186,,0.5217391304347826,0.6153846153846154,0,1,-6.85844,0.2938783467,6.0619778633,,0.2608695652173913,0.3076923076923077,0,1,-7.11781,0.2788671553,6.2335677147,,0.4782608695652174,0.6923076923076923,0,1,-6.69595,0.2362719923,5.4839897156,,0.391304347826087,0.4615384615384615,0,1,10
ZINC000004952950,-6.01108,0.5657137632,5.2314109802,,0.5217391304347826,0.6923076923076923,0,1,-6.73806,0.5224575996,5.0679135323,,0.4782608695652174,0.6153846153846154,0,1,-4.27124,0.4982169271,4.3132839203,,0.3043478260869565,0.3076923076923077,0,1,-5.99126,0.46896258,5.139485836,,0.4782608695652174,0.5384615384615384,0,1,-6.66965,0.4622214139,5.2953104973,,0.3478260869565217,0.5384615384615384,0,1,-6.10672,0.4443507195,5.3776755333,,0.6086956521739131,0.6923076923076923,0,1,-6.91618,0.4350101054,4.9131007195,,0.4347826086956521,0.5384615384615384,0,1,-6.91376,0.4238567948,4.9061412811,,0.4347826086956521,0.5384615384615384,0,1,-5.82348,0.3576884568,4.9501342773,,0.2608695652173913,0.3076923076923077,0,1,-4.39621,0.3320209682,3.6507072449,,0.217391304347826,0.2307692307692307,0,1,10
ZINC000004962389,-8.23261,0.693456471,6.1853890419,,0.391304347826087,0.4615384615384615,0,1,-7.77544,0.5435629487,6.1390953064,,0.5217391304347826,0.7692307692307693,0,1,-6.93552,0.4003071785,5.6498961449,,0.3043478260869565,0.3846153846153846,0,1,-7.88665,0.362036854,6.0036101341,,0.6956521739130435,0.8461538461538461,0,1,-8.04753,0.3261006773,5.7155470848,,0.3043478260869565,0.4615384615384615,0,1,-7.08149,0.3236285746,5.6022171974,,0.5217391304347826,0.6153846153846154,0,1,-6.82595,0.3213504553,5.7646789551,,0.4347826086956521,0.5384615384615384,0,1,-8.18491,0.314250201,5.7084174156,,0.3478260869565217,0.6153846153846154,0,1,-7.78529,0.3071217835,5.6328043938,,0.5652173913043478,0.7692307692307693,0,1,-6.81704,0.2986856997,5.4753661156,,0.4782608695652174,0.6153846153846154,0,1,10
ZINC000004964613,-6.14944,0.4993172884,6.0195865631,,0.5217391304347826,0.7692307692307693,0,1,-6.22609,0.4544722736,5.1984314919,,0.3478260869565217,0.3076923076923077,0,1,-6.3711,0.404486388,4.8216671944,,0.3478260869565217,0.4615384615384615,0,1,-6.19324,0.3518897295,4.6826663017,,0.3478260869565217,0.4615384615384615,0,1,-5.31255,0.3425725102,5.2711548805,,0.3043478260869565,0.3076923076923077,0,1,-6.24913,0.2904243767,4.7577476501,,0.2608695652173913,0.3846153846153846,0,1,-5.79865,0.2513470948,4.7796287537,,0.217391304347826,0.3076923076923077,0,1,-5.7548,0.2481885105,5.064426899,,0.217391304347826,0.3846153846153846,0,1,-6.02164,0.2467264384,4.7696986198,,0.2608695652173913,0.3076923076923077,0,1,-5.14032,0.2323040366,4.3643136024,,0.217391304347826,0.3076923076923077,0,1,10
ZINC000005052354,-5.5762,0.7648075819,5.0736274719,,0.3043478260869565,0.5384615384615384,0,1,-5.58962,0.7513795495,4.922624588,,0.3478260869565217,0.5384615384615384,0,1,-5.08707,0.6782073975,4.7019176483,,0.1739130434782608,0.2307692307692307,0,1,-5.81089,0.6478899121,4.6390080452,,0.3478260869565217,0.6923076923076923,0,1,-5.71918,0.6236884594,5.0001182556,,0.391304347826087,0.6923076923076923,0,1,-5.79055,0.5168004036,4.7517666817,,0.3043478260869565,0.4615384615384615,0,1,-5.90818,0.5066309571,5.1150913239,,0.3043478260869565,0.4615384615384615,0,1,-5.33944,0.4565720558,4.6360740662,,0.217391304347826,0.3846153846153846,0,1,-5.24179,0.4250326455,4.5917544365,,0.3478260869565217,0.6153846153846154,0,1,-6.13028,0.4092260003,4.3128662109,,0.3478260869565217,0.5384615384615384,0,1,10
ZINC000005082076,-7.3243,0.8886540532,6.013903141,,0.5217391304347826,0.6153846153846154,0,1,-7.99931,0.5969852209,6.1402058601,,0.5652173913043478,0.6923076923076923,0,1,-5.79895,0.4858251214,5.8080420494,,0.5217391304347826,0.6923076923076923,0,1,-7.88012,0.4186071157,5.8774962425,,0.5652173913043478,0.6923076923076923,0,1,-6.78828,0.3741758466,5.6362128258,,0.5652173913043478,0.6923076923076923,0,1,-7.50162,0.2640247345,5.3000073433,,0.4782608695652174,0.6923076923076923,0,1,-5.05568,0.2417501509,4.5653758049,,0.3478260869565217,0.3076923076923077,0,1,-5.8988,0.2016234398,4.6491737366,,0.1739130434782608,0.2307692307692307,0,1,-7.95945,0.1987677366,5.291079998,,0.4782608695652174,0.7692307692307693,0,1,-7.29306,0.1958272755,5.3522601128,,0.4347826086956521,0.5384615384615384,0,1,10
ZINC000005082078,-7.12568,0.8116862178,6.2175602913,,0.5217391304347826,0.7692307692307693,0,1,-8.06524,0.5672497153,6.2081618309,,0.5652173913043478,0.6923076923076923,0,1,-5.6602,0.4594856203,5.9373116493,,0.5652173913043478,0.6923076923076923,0,1,-6.31154,0.3725079894,5.7502040863,,0.6086956521739131,0.8461538461538461,0,1,-8.01198,0.3542119861,5.9457149506,,0.5652173913043478,0.6923076923076923,0,1,-5.96428,0.298079282,5.1011757851,,0.217391304347826,0.2307692307692307,0,1,-8.19798,0.2242617458,5.6194243431,,0.4782608695652174,0.6923076923076923,0,1,-7.62275,0.2145742178,5.3945012093,,0.4782608695652174,0.6923076923076923,0,1,-5.23982,0.2137715518,4.6549091339,,0.3478260869565217,0.3076923076923077,0,1,-7.49309,0.212467134,5.7597279549,,0.5652173913043478,0.6923076923076923,0,1,10
ZINC000005112894,-5.96102,0.6971091032,4.3393769264,,0.3043478260869565,0.4615384615384615,0,1,-5.6865,0.6142560244,4.3428177834,,0.3043478260869565,0.3846153846153846,0,1,-5.46081,0.5915009379,4.6490440369,,0.391304347826087,0.5384615384615384,0,1,-6.32073,0.5862726569,4.6584877968,,0.391304347826087,0.6153846153846154,0,1,-5.50273,0.5549471974,4.3265180588,,0.2608695652173913,0.5384615384615384,0,1,-5.88278,0.4834285378,4.3673005104,,0.3478260869565217,0.5384615384615384,0,1,-5.27001,0.4619782567,3.8849306107,,0.0869565217391304,0.1538461538461538,0,1,-5.60412,0.409599334,3.7564790249,,0.2608695652173913,0.4615384615384615,0,1,-6.14314,0.4029816091,3.6565997601,,0.1739130434782608,0.3846153846153846,0,1,-5.3547,0.3919774592,4.22732687,,0.1739130434782608,0.2307692307692307,0,1,10
ZINC000005157186,-7.07928,0.6659166217,6.3126788139,,0.391304347826087,0.6153846153846154,0,1,-6.5435,0.4266904891,5.6562075615,,0.2608695652173913,0.3846153846153846,0,1,-6.26944,0.2941991687,5.2584252357,,0.391304347826087,0.3846153846153846,0,1,-6.21006,0.2592392862,5.0875697136,,0.2608695652173913,0.3076923076923077,0,1,-6.1742,0.2503186166,5.7195544243,,0.3043478260869565,0.6153846153846154,0,1,-6.00452,0.2447783649,4.8765301704,,0.3478260869565217,0.3846153846153846,0,1,-6.36837,0.2211709321,5.0737895966,,0.391304347826087,0.3846153846153846,0,1,-6.34626,0.2155103981,5.4700584412,,0.391304347826087,0.6923076923076923,0,1,-6.53357,0.1957309544,5.1215872765,,0.4347826086956521,0.5384615384615384,0,1,-5.82001,0.1944632083,4.8583054543,,0.2608695652173913,0.3076923076923077,0,1,10
ZINC000005157221,-6.27416,0.7737845778,5.6158947945,,0.3043478260869565,0.4615384615384615,0,1,-6.16809,0.7037386894,5.7106971741,,0.2608695652173913,0.4615384615384615,0,1,-5.16965,0.6671856046,5.1254577637,,0.2608695652173913,0.4615384615384615,0,1,-6.05075,0.66381675,5.7624855042,,0.2608695652173913,0.3846153846153846,0,1,-5.72099,0.6475716829,5.5985794067,,0.2608695652173913,0.4615384615384615,0,1,-5.56461,0.6430063844,5.5952839851,,0.2608695652173913,0.3846153846153846,0,1,-5.51911,0.6304085255,5.1812300682,,0.217391304347826,0.4615384615384615,0,1,-5.43543,0.611908555,4.332046032,,0.1304347826086956,0.3076923076923077,0,1,-6.09183,0.5934745073,4.8359384537,,0.0869565217391304,0.3076923076923077,0,1,-6.60429,0.5734139681,5.0361409187,,0.3043478260869565,0.4615384615384615,0,1,10
ZINC000005178454,-5.30172,0.8448428512,5.6346449852,,0.6086956521739131,0.7692307692307693,0,1,-4.93639,0.7963749766,5.1239070892,,0.391304347826087,0.6153846153846154,0,1,-5.03233,0.7739582658,4.9254717827,,0.5217391304347826,0.6923076923076923,0,1,-5.10207,0.7606907487,5.5159573555,,0.4347826086956521,0.5384615384615384,0,1,-5.22821,0.6967709661,5.0549502373,,0.4347826086956521,0.5384615384615384,0,1,-4.95781,0.6440235376,5.2065205574,,0.4347826086956521,0.6153846153846154,0,1,-5.24678,0.633237958,5.3902640343,,0.391304347826087,0.4615384615384615,0,1,-4.82996,0.6292066574,5.0001559258,,0.3043478260869565,0.5384615384615384,0,1,-4.88983,0.6154814363,5.5684132576,,0.5217391304347826,0.6923076923076923,0,1,-5.11133,0.5864786506,5.0439491272,,0.391304347826087,0.4615384615384615,0,1,10
ZINC000005201211,-6.85378,0.6877076626,6.501604557,,0.5217391304347826,0.7692307692307693,0,1,-7.32748,0.3716198802,5.2058644295,,0.0869565217391304,0.0769230769230769,0,1,-6.03981,0.321642071,5.5801372528,,0.3478260869565217,0.3846153846153846,0,1,-5.81565,0.2811742127,5.6005206108,,0.391304347826087,0.4615384615384615,0,1,-6.57422,0.2702623606,5.0320849419,,0.1304347826086956,0.1538461538461538,0,1,-5.46622,0.2601411045,5.2012367249,,0.5217391304347826,0.7692307692307693,0,1,-4.76338,0.2573908269,4.9758586884,,0.3478260869565217,0.3846153846153846,0,1,-5.29059,0.2534527779,5.3479156494,,0.1304347826086956,0.1538461538461538,0,1,-5.08634,0.2326755077,5.0563282967,,0.3043478260869565,0.3846153846153846,0,1,-5.35628,0.2296165526,5.0285916328,,0.3043478260869565,0.3076923076923077,0,1,10
ZINC000005332517,-6.30671,0.4350759089,5.6379647255,,0.6086956521739131,0.6153846153846154,0,1,-7.36266,0.2704539895,5.4583668709,,0.2608695652173913,0.3076923076923077,0,1,-7.87535,0.2636083066,5.1899356842,,0.5652173913043478,0.6153846153846154,0,1,-6.53192,0.2570543587,5.2597193718,,0.3043478260869565,0.3846153846153846,0,1,-6.31192,0.2333205938,5.52399683,,0.2608695652173913,0.3076923076923077,0,1,-6.82457,0.2303882092,5.4441695213,,0.4782608695652174,0.6153846153846154,0,1,-7.11786,0.2255436927,4.9026470184,,0.4347826086956521,0.4615384615384615,0,1,-7.46031,0.2147847563,4.9119429588,,0.3043478260869565,0.3846153846153846,0,1,-6.65241,0.2092783451,5.9114785194,,0.5217391304347826,0.6923076923076923,0,1,-6.47182,0.2089640051,4.9997577667,,0.3478260869565217,0.3846153846153846,0,1,10
ZINC000005345122,-7.28532,0.4824510813,6.9024391174,,0.5217391304347826,0.7692307692307693,0,1,-8.50752,0.3078306615,6.6504096985,,0.5217391304347826,0.6923076923076923,0,1,-8.0755,0.3033261597,6.1080570221,,0.6086956521739131,0.7692307692307693,0,1,-8.08006,0.2703528702,6.4994773865,,0.5652173913043478,0.6923076923076923,0,1,-8.49172,0.2632053792,6.5316576958,,0.5217391304347826,0.6923076923076923,1,1,-8.29696,0.2327430695,6.5738091469,,0.4347826086956521,0.6153846153846154,0,1,-7.18604,0.2243614793,5.5093078613,,0.5652173913043478,0.6923076923076923,0,1,-6.87441,0.2191776037,5.452111721,,0.2608695652173913,0.4615384615384615,0,1,-8.58727,0.2170498222,5.9442257881,,0.4782608695652174,0.6923076923076923,0,1,-7.7184,0.1859793365,5.2751808167,,0.3043478260869565,0.3076923076923077,0,1,10
ZINC000005345393,-5.63777,0.1780155301,5.0588965416,,0.3043478260869565,0.4615384615384615,0,1,-5.86912,0.1706516892,4.9428172112,,0.217391304347826,0.2307692307692307,0,1,-6.26468,0.1481104791,4.984893322,,0.3043478260869565,0.3076923076923077,0,1,-7.73275,0.1305513382,5.1210899353,,0.391304347826087,0.6153846153846154,0,1,-6.76501,0.1158040166,4.9003658295,,0.3043478260869565,0.3076923076923077,0,1,-5.83396,0.1002961546,4.7278690338,,0.2608695652173913,0.3076923076923077,0,1,-5.40217,0.0977008417,4.8978176117,,0.391304347826087,0.7692307692307693,0,1,-6.01449,0.091428645,4.7605628967,,0.2608695652173913,0.3076923076923077,0,1,-5.98481,0.0853949785,4.479367733,,0.3043478260869565,0.6153846153846154,0,1,-6.08203,0.0820613652,4.743080616,,0.217391304347826,0.4615384615384615,0,1,10
ZINC000005377930,-6.22446,0.6533636451,5.3621292114,,0.2608695652173913,0.4615384615384615,0,1,-6.86966,0.5442022681,5.4206485748,,0.217391304347826,0.3076923076923077,0,1,-6.74488,0.4344075918,4.925693512,,0.3043478260869565,0.5384615384615384,0,1,-7.0046,0.3914265931,4.8327641487,,0.3043478260869565,0.4615384615384615,0,1,-6.69187,0.3484392762,5.2274308205,,0.1304347826086956,0.3076923076923077,0,1,-6.67819,0.3437039852,4.9389462471,,0.3043478260869565,0.4615384615384615,0,1,-6.30537,0.291485101,5.3659114838,,0.2608695652173913,0.4615384615384615,0,1,-6.87605,0.2869987786,5.4094939232,,0.1739130434782608,0.3846153846153846,0,1,-7.02498,0.2776574194,5.3491344452,,0.217391304347826,0.4615384615384615,0,1,-6.27399,0.2741488218,5.1483273506,,0.217391304347826,0.3846153846153846,0,1,10
ZINC000005379446,-5.94366,0.3572693467,5.5297408104,,0.1304347826086956,0.3076923076923077,0,1,-6.4297,0.2655165792,5.652867794,,0.2608695652173913,0.4615384615384615,0,1,-7.54122,0.2368240803,5.5991606712,,0.0869565217391304,0.2307692307692307,0,1,-6.21454,0.2305185795,5.2114081383,,0.2608695652173913,0.5384615384615384,0,1,-5.79737,0.2111361921,5.3434672356,,0.2608695652173913,0.5384615384615384,0,1,-6.37938,0.2088222653,4.7960572243,,0.1739130434782608,0.3846153846153846,0,1,-6.62237,0.207945466,4.9865665436,,0.3043478260869565,0.6153846153846154,0,1,-6.28871,0.2068080753,5.6036458015,,0.1739130434782608,0.3846153846153846,0,1,-7.01534,0.2061976939,5.8105940819,,0.3043478260869565,0.4615384615384615,0,1,-7.49077,0.2030120343,5.668030262,,0.1304347826086956,0.3076923076923077,0,1,10
ZINC000005410881,-4.90153,0.61319381,5.9004225731,,0.3043478260869565,0.5384615384615384,0,1,-5.25528,0.5260831714,5.6233353615,,0.391304347826087,0.6923076923076923,0,1,-4.93871,0.5124830604,5.0042328835,,0.3478260869565217,0.5384615384615384,0,1,-4.88643,0.4984783232,5.3309426308,,0.4347826086956521,0.6923076923076923,0,1,-4.69334,0.4893473089,5.4939370155,,0.391304347826087,0.5384615384615384,0,1,-4.86449,0.4746282995,4.9419579506,,0.4347826086956521,0.4615384615384615,0,1,-4.92789,0.4601583481,4.8123984337,,0.391304347826087,0.4615384615384615,0,1,-5.77498,0.4482069016,4.9123644829,,0.5217391304347826,0.5384615384615384,0,1,-4.95314,0.4271959364,5.4295520782,,0.5652173913043478,0.6923076923076923,0,1,-4.67062,0.4045568705,5.1865057945,,0.4347826086956521,0.4615384615384615,0,1,10
ZINC000005412158,-6.99956,0.7023227811,5.1426272392,,0.3043478260869565,0.4615384615384615,0,1,-7.65518,0.493824482,5.3092341423,,0.217391304347826,0.2307692307692307,0,1,-6.58,0.4320937991,4.6446061134,,0.3043478260869565,0.3076923076923077,0,1,-6.85164,0.3775518239,4.7464699745,,0.4347826086956521,0.4615384615384615,0,1,-7.07555,0.3600622714,4.9898304939,,0.3478260869565217,0.5384615384615384,0,1,-6.87826,0.245586589,4.7225990295,,0.4347826086956521,0.6153846153846154,0,1,-6.85642,0.2334215194,4.760327816,,0.3478260869565217,0.4615384615384615,0,1,-6.65308,0.2023492306,4.421482563,,0.2608695652173913,0.3846153846153846,0,1,-7.29422,0.1906642169,5.0310435295,,0.6956521739130435,0.9230769230769232,0,1,-7.95103,0.1801353097,4.738117218,,0.391304347826087,0.4615384615384615,0,1,10
ZINC000005417945,-5.97563,0.1578694284,5.1464123726,,0.5217391304347826,0.6923076923076923,0,1,-7.03977,0.1471514702,5.470685482,,0.4782608695652174,0.6153846153846154,0,1,-7.0452,0.1205585897,5.4553904533,,0.4782608695652174,0.6153846153846154,0,1,-6.989,0.1167724952,5.3513436317,,0.3043478260869565,0.5384615384615384,0,1,-6.8199,0.1034569666,5.4038147926,,0.5217391304347826,0.6153846153846154,0,1,-6.73663,0.1007659882,5.355615139,,0.3043478260869565,0.5384615384615384,0,1,-7.01601,0.0951011255,5.2593460083,,0.3043478260869565,0.5384615384615384,0,1,-7.02513,0.0881946832,5.2001214027,,0.3043478260869565,0.5384615384615384,0,1,-4.81385,0.085402973,4.1644530296,,0.3043478260869565,0.3846153846153846,0,1,-6.53878,0.0825845823,5.2953720093,,0.3043478260869565,0.5384615384615384,0,1,10
ZINC000005432465,-6.71102,0.7155872583,5.1076722145,,0.4347826086956521,0.4615384615384615,0,1,-6.81962,0.6743426919,4.6492738724,,0.4782608695652174,0.6153846153846154,0,1,-6.4516,0.6005919576,4.490380764,,0.3043478260869565,0.3076923076923077,0,1,-7.73838,0.4817678332,5.4671325684,,0.6521739130434783,0.8461538461538461,0,1,-6.67439,0.451256305,5.4676132202,,0.6086956521739131,0.7692307692307693,0,1,-6.80174,0.2633623779,5.1124882698,,0.2608695652173913,0.3076923076923077,0,1,-6.92444,0.263271153,4.2034573555,,0.4347826086956521,0.5384615384615384,0,1,-7.16146,0.2533638179,4.8023171425,,0.217391304347826,0.2307692307692307,0,1,-6.37828,0.2025990188,5.0837798119,,0.3043478260869565,0.3846153846153846,0,1,-7.10573,0.1740068048,4.6010856628,,0.4347826086956521,0.6153846153846154,0,1,10
ZINC000005450922,-6.27316,0.2747303247,4.7786188126,,0.2608695652173913,0.2307692307692307,0,1,-3.77801,0.2396082878,3.6157121658,,0.0869565217391304,0.2307692307692307,0,1,-4.97471,0.1936270297,3.5667641163,,0.1304347826086956,0.2307692307692307,0,1,-4.24089,0.1762771308,3.7618472576,,0.217391304347826,0.2307692307692307,0,1,-4.27567,0.1756071001,3.6716556549,,0.1739130434782608,0.2307692307692307,0,1,-4.3071,0.1745878607,3.6793758869,,0.217391304347826,0.3076923076923077,0,1,-4.47391,0.1707897931,3.5905427933,,0.1739130434782608,0.2307692307692307,0,1,-4.88298,0.1523740292,3.3195960522,,0.1304347826086956,0.2307692307692307,0,1,-4.78877,0.1515168697,4.1785817146,,0.0,0.0,0,1,-4.15775,0.1493253112,3.2023379803,,0.1739130434782608,0.3076923076923077,0,1,10
ZINC000005492928,-6.79806,0.2864060104,4.3460998535,,0.4782608695652174,0.6153846153846154,0,1,-8.13587,0.2442691624,5.0560817719,,0.4347826086956521,0.5384615384615384,0,1,-6.58216,0.2032120973,3.9449341297,,0.4782608695652174,0.5384615384615384,0,1,-6.38876,0.1717069447,4.1237740517,,0.4347826086956521,0.4615384615384615,0,1,-6.63425,0.1660137922,4.9381871223,,0.391304347826087,0.4615384615384615,0,1,-6.25501,0.1655848026,3.8932392597,,0.3478260869565217,0.3846153846153846,0,1,-6.46166,0.1527492404,5.0167946815,,0.391304347826087,0.4615384615384615,0,1,-6.53169,0.1513323635,4.4426002502,,0.3043478260869565,0.4615384615384615,0,1,-8.40851,0.1433555484,4.8011364937,,0.391304347826087,0.5384615384615384,0,1,-6.62667,0.1429880261,4.6497154236,,0.3043478260869565,0.4615384615384615,0,1,10
ZINC000005502399,-8.06475,0.43464908,6.5694746971,,0.5652173913043478,0.6923076923076923,0,1,-9.02874,0.325067997,6.0028591156,,0.4782608695652174,0.6153846153846154,0,1,-8.64566,0.276148349,6.3092589378,,0.4782608695652174,0.6153846153846154,0,1,-7.52176,0.2746548355,6.0048537254,,0.5652173913043478,0.6923076923076923,0,1,-8.51836,0.2718509436,6.4497413635,,0.4347826086956521,0.5384615384615384,0,1,-8.97487,0.2646213472,6.4068522453,,0.4347826086956521,0.5384615384615384,0,1,-8.30092,0.2606881261,6.2414650917,,0.3478260869565217,0.4615384615384615,0,1,-8.12371,0.2597362995,6.3199219704,,0.391304347826087,0.4615384615384615,0,1,-7.91654,0.2528681457,6.4671254158,,0.4782608695652174,0.6153846153846154,0,1,-7.44414,0.2397287786,5.5894808769,,0.5217391304347826,0.6923076923076923,0,1,10
ZINC000005525236,-6.93555,0.3815092742,5.9829611778,,0.217391304347826,0.3846153846153846,0,1,-6.96898,0.2854228616,5.5930047035,,0.3478260869565217,0.5384615384615384,0,1,-6.44146,0.2824718058,5.6505150795,,0.3478260869565217,0.5384615384615384,0,1,-5.7131,0.2665694952,5.6191058159,,0.3043478260869565,0.4615384615384615,0,1,-6.7853,0.2428172976,5.6914577484,,0.4347826086956521,0.4615384615384615,0,1,-5.97931,0.2384742647,5.4452400208,,0.3478260869565217,0.4615384615384615,0,1,-6.93784,0.232688576,5.6011815071,,0.3478260869565217,0.5384615384615384,0,1,-6.55197,0.2265455574,5.4930148125,,0.217391304347826,0.3076923076923077,0,1,-6.93853,0.2162957937,5.5185623169,,0.3478260869565217,0.4615384615384615,0,1,-6.71576,0.206348151,5.7373347282,,0.1739130434782608,0.3076923076923077,0,1,10
ZINC000005525243,-5.26136,0.3442657292,5.1229152679,,0.391304347826087,0.6923076923076923,0,1,-5.03148,0.227404356,4.4317202568,,0.2608695652173913,0.3846153846153846,0,1,-5.82867,0.2055681199,4.8465466499,,0.3043478260869565,0.4615384615384615,0,1,-5.13844,0.2026647627,5.0284137726,,0.217391304347826,0.3846153846153846,0,1,-5.23288,0.1924588531,4.277797699,,0.2608695652173913,0.3076923076923077,0,1,-5.13054,0.1861225069,4.1591687202,,0.217391304347826,0.3076923076923077,0,1,-6.23076,0.1736906767,4.7080273628,,0.0869565217391304,0.1538461538461538,0,1,-4.85843,0.1668307483,4.0285081863,,0.1304347826086956,0.2307692307692307,0,1,-7.6029,0.1531441808,5.0020256042,,0.2608695652173913,0.3846153846153846,0,1,-5.98382,0.1527442634,4.9465641975,,0.3478260869565217,0.4615384615384615,0,1,10
ZINC000005554212,-9.14882,0.1608517766,5.9496388435,,0.3478260869565217,0.5384615384615384,0,1,-6.71633,0.159803316,5.5860009193,,0.3043478260869565,0.3846153846153846,0,1,-9.68482,0.1591709554,5.7955002785,,0.2608695652173913,0.4615384615384615,0,1,-6.99294,0.1511396468,5.1925187111,,0.2608695652173913,0.3076923076923077,0,1,-7.09858,0.145779267,5.2114777565,,0.2608695652173913,0.3846153846153846,0,1,-7.0943,0.1381243914,5.3055377007,,0.217391304347826,0.3076923076923077,0,1,-7.30616,0.1340513378,5.0167293549,,0.217391304347826,0.3076923076923077,0,1,-8.03621,0.125659138,5.069934845,,0.1739130434782608,0.3076923076923077,0,1,-8.86679,0.1181816012,5.6877875328,,0.391304347826087,0.6153846153846154,0,1,-6.9376,0.1127451509,5.3380069733,,0.217391304347826,0.3076923076923077,0,1,10
ZINC000005568569,-6.26995,0.6628724337,5.5543503761,,0.4782608695652174,0.6153846153846154,0,1,-6.91768,0.6396864653,5.3568997383,,0.3478260869565217,0.4615384615384615,0,1,-6.68291,0.5264370441,5.1317043304,,0.4347826086956521,0.5384615384615384,0,1,-7.39516,0.5196107626,5.3882622719,,0.391304347826087,0.5384615384615384,0,1,-6.14289,0.5089746118,5.4834651947,,0.3043478260869565,0.3076923076923077,0,1,-6.2639,0.490853548,5.4883780479,,0.391304347826087,0.5384615384615384,0,1,-6.8525,0.4780525267,5.4297652245,,0.5217391304347826,0.6153846153846154,0,1,-7.51156,0.4289285839,5.2287387848,,0.3478260869565217,0.5384615384615384,0,1,-5.63672,0.3953188956,5.0326595306,,0.217391304347826,0.3076923076923077,0,1,-6.08251,0.3937578201,5.3224749565,,0.3478260869565217,0.4615384615384615,0,1,10
ZINC000005570021,-5.49336,0.4948649406,5.2996048927,,0.6086956521739131,0.7692307692307693,0,1,-6.78635,0.4219864011,5.6035017967,,0.3478260869565217,0.5384615384615384,0,1,-6.77634,0.3500031531,5.1843018532,,0.6086956521739131,0.7692307692307693,0,1,-6.68615,0.3488759398,5.4869513512,,0.4347826086956521,0.5384615384615384,0,1,-5.36506,0.3435583115,5.3851895332,,0.5652173913043478,0.6923076923076923,0,1,-5.88338,0.3400878012,5.5137710571,,0.3478260869565217,0.5384615384615384,0,1,-5.82569,0.3293215334,5.3053207397,,0.5217391304347826,0.7692307692307693,0,1,-5.83903,0.322571665,5.0975899696,,0.6086956521739131,0.8461538461538461,0,1,-6.60788,0.2690725625,5.3925094604,,0.4782608695652174,0.5384615384615384,0,1,-6.14216,0.2666708529,4.8006343842,,0.4347826086956521,0.6923076923076923,0,1,10
ZINC000005581855,-5.07506,0.4041222632,4.8014259338,,0.2608695652173913,0.3076923076923077,0,1,-4.98737,0.3680752516,5.0896086693,,0.3478260869565217,0.3846153846153846,0,1,-4.45683,0.3496263325,4.9298872948,,0.2608695652173913,0.2307692307692307,0,1,-4.60309,0.349475354,5.075732708,,0.217391304347826,0.3076923076923077,0,1,-4.99248,0.3425906003,4.9575424194,,0.3478260869565217,0.3846153846153846,0,1,-4.90199,0.2682244182,4.7979354858,,0.217391304347826,0.2307692307692307,0,1,-4.52127,0.2632828951,5.4180550575,,0.217391304347826,0.2307692307692307,0,1,-4.82686,0.2511666119,4.8608026505,,0.217391304347826,0.2307692307692307,0,1,-4.44883,0.2494475245,4.8416981697,,0.3478260869565217,0.3846153846153846,0,1,-4.65561,0.2483739406,5.0570158958,,0.217391304347826,0.3076923076923077,0,1,10
ZINC000005600375,-6.6594,0.6095600128,5.5083503723,,0.3478260869565217,0.3846153846153846,0,1,-7.18325,0.4954838753,5.5436286926,,0.2608695652173913,0.4615384615384615,0,1,-6.59325,0.4883063734,5.8410181999,,0.217391304347826,0.4615384615384615,0,1,-5.88039,0.3801211417,5.7008366585,,0.391304347826087,0.3846153846153846,0,1,-6.81856,0.3779333532,5.8061881065,,0.4347826086956521,0.6153846153846154,0,1,-7.00397,0.3643430769,5.5788898468,,0.3043478260869565,0.4615384615384615,0,1,-6.83281,0.3577880263,5.4533691406,,0.2608695652173913,0.3076923076923077,0,1,-6.39943,0.349624753,5.2588973045,,0.1739130434782608,0.3076923076923077,0,1,-6.4718,0.3429862857,5.5870652199,,0.3043478260869565,0.3846153846153846,0,1,-6.61419,0.3423375785,5.3054614067,,0.1739130434782608,0.3846153846153846,0,1,10
ZINC000005602897,-5.24269,0.5007783175,3.5389823914,,0.3043478260869565,0.3076923076923077,0,1,-4.91166,0.4097708166,4.0119042397,,0.3478260869565217,0.3846153846153846,0,1,-6.61731,0.34562096,5.1344337463,,0.4347826086956521,0.6923076923076923,0,1,-4.98605,0.2764380574,3.5570533276,,0.3478260869565217,0.3846153846153846,0,1,-7.14566,0.2489534914,5.0271377563,,0.4782608695652174,0.7692307692307693,0,1,-6.88584,0.2424710691,5.3059325218,,0.5652173913043478,0.7692307692307693,0,1,-6.57474,0.2347261608,5.1844143867,,0.4782608695652174,0.6923076923076923,0,1,-5.41542,0.2135516405,4.0401024818,,0.391304347826087,0.3846153846153846,0,1,-6.58885,0.1890319437,4.9240269661,,0.4782608695652174,0.6153846153846154,0,1,-5.71835,0.1881576329,5.1353974342,,0.5217391304347826,0.6923076923076923,0,1,10
ZINC000005665367,-6.86552,0.6249418259,5.3208770752,,0.4347826086956521,0.4615384615384615,0,1,-7.43756,0.5499228239,5.4066357613,,0.3478260869565217,0.4615384615384615,0,1,-6.70046,0.4114687145,5.1903591156,,0.217391304347826,0.3846153846153846,0,1,-8.0335,0.2719150484,5.0719566345,,0.4347826086956521,0.5384615384615384,0,1,-7.84136,0.2667964101,5.1677031517,,0.4347826086956521,0.6153846153846154,0,1,-7.12546,0.1875507832,4.5445809364,,0.2608695652173913,0.4615384615384615,0,1,-8.06539,0.1657351404,4.4186034203,,0.3478260869565217,0.5384615384615384,0,1,-7.40809,0.1539221406,4.2665138245,,0.2608695652173913,0.3846153846153846,0,1,-8.21777,0.1496319175,4.272134304,,0.3478260869565217,0.5384615384615384,0,1,-8.1896,0.1494238526,4.186384201,,0.3043478260869565,0.3846153846153846,0,1,10
ZINC000005707379,-5.84964,0.9138920903,5.702902317,,0.3043478260869565,0.3846153846153846,0,1,-5.42959,0.6205388308,5.1528077126,,0.2608695652173913,0.3076923076923077,0,1,-6.04595,0.6143555641,5.5220012665,,0.391304347826087,0.5384615384615384,0,1,-5.72342,0.5844897628,5.5087809563,,0.3043478260869565,0.3846153846153846,0,1,-5.78995,0.5696181059,5.1763558388,,0.391304347826087,0.4615384615384615,0,1,-6.47798,0.5552651882,5.0539660454,,0.391304347826087,0.4615384615384615,0,1,-5.69001,0.4508892,4.9171481133,,0.3043478260869565,0.5384615384615384,0,1,-5.51891,0.4344185591,5.0991921425,,0.391304347826087,0.5384615384615384,0,1,-5.85711,0.4277542531,5.0462241173,,0.4347826086956521,0.5384615384615384,0,1,-7.69044,0.4226617217,5.7417778969,,0.391304347826087,0.6153846153846154,0,1,10
ZINC000005809456,-5.17026,0.4816893637,5.2054491043,,0.3478260869565217,0.3076923076923077,0,1,-4.74224,0.3829556704,4.7163386345,,0.3478260869565217,0.3846153846153846,0,1,-4.8366,0.3768670857,5.3464369774,,0.217391304347826,0.3076923076923077,0,1,-4.64384,0.3625299037,4.7388958931,,0.2608695652173913,0.3076923076923077,0,1,-4.75157,0.3596340716,5.0700535774,,0.3043478260869565,0.3076923076923077,0,1,-5.05859,0.3269719481,4.8263950348,,0.3478260869565217,0.3846153846153846,0,1,-4.83232,0.2770749927,4.6189770699,,0.3478260869565217,0.3076923076923077,0,1,-4.77198,0.2735502124,4.7740693092,,0.2608695652173913,0.2307692307692307,0,1,-4.70768,0.2397736311,4.5539608002,,0.3043478260869565,0.3076923076923077,0,1,-4.50541,0.2377138585,4.1497817039,,0.1304347826086956,0.1538461538461538,0,1,10
ZINC000005811877,-5.88161,0.6611469984,5.8378195763,,0.4347826086956521,0.6153846153846154,0,1,-6.85757,0.6237824559,5.9224247932,,0.5652173913043478,0.7692307692307693,0,1,-6.69437,0.5697665215,5.761859417,,0.4347826086956521,0.5384615384615384,0,1,-6.79674,0.4888428152,5.7741522789,,0.5652173913043478,0.6923076923076923,0,1,-6.76659,0.4805307984,5.7615828514,,0.4347826086956521,0.4615384615384615,0,1,-6.57234,0.4528728127,5.7972183228,,0.4782608695652174,0.6153846153846154,0,1,-6.39303,0.4071438611,5.6025710106,,0.5217391304347826,0.6153846153846154,0,1,-6.21865,0.3698620498,5.6033978462,,0.5652173913043478,0.7692307692307693,0,1,-5.97837,0.3669513464,5.5518488884,,0.3478260869565217,0.4615384615384615,0,1,-5.91565,0.2627966106,5.1569924355,,0.4347826086956521,0.6153846153846154,0,1,10
ZINC000005845174,-8.47871,0.6234523654,6.1494288445,,0.4347826086956521,0.6153846153846154,0,1,-5.69729,0.5941393375,6.502494812,,0.391304347826087,0.5384615384615384,0,1,-7.77882,0.5527487993,6.6522941589,,0.4347826086956521,0.6153846153846154,0,1,-5.55398,0.4757182002,4.8032684326,,0.3043478260869565,0.3846153846153846,0,1,-5.39064,0.41320467,4.4442706108,,0.2608695652173913,0.3846153846153846,0,1,-6.96472,0.4022050202,6.1085677147,,0.391304347826087,0.6153846153846154,0,1,-7.96175,0.3373530507,6.0250911713,,0.5217391304347826,0.6153846153846154,0,1,-5.72109,0.2893069386,4.6047406197,,0.3043478260869565,0.3846153846153846,0,1,-7.9727,0.2846258283,5.9849495888,,0.3478260869565217,0.5384615384615384,0,1,-7.33822,0.2632192671,5.9321570396,,0.391304347826087,0.4615384615384615,0,1,10
ZINC000005847011,-9.82962,0.1540404111,6.1371731758,,0.3043478260869565,0.3846153846153846,0,1,-9.84376,0.13946338,6.0810508728,,0.3478260869565217,0.4615384615384615,0,1,-9.85157,0.1267911196,5.7597632408,,0.3043478260869565,0.3846153846153846,0,1,-9.83599,0.1206390858,5.908633709,,0.4347826086956521,0.5384615384615384,0,1,-9.90841,0.1114278212,5.6935806274,,0.3043478260869565,0.3846153846153846,0,1,-9.85739,0.1050970927,5.7229142189,,0.3043478260869565,0.3846153846153846,0,1,-9.3518,0.1026903689,6.3023586273,,0.5217391304347826,0.6923076923076923,0,1,-9.00878,0.0940691903,5.9948983192,,0.6086956521739131,0.7692307692307693,0,1,-9.85199,0.0905045569,5.6907711029,,0.4347826086956521,0.5384615384615384,0,1,-9.29079,0.0902712718,5.7731499672,,0.3043478260869565,0.4615384615384615,0,1,10
ZINC000005920602,-6.46932,0.5394043922,5.3359360695,,0.391304347826087,0.3846153846153846,0,1,-6.7262,0.3393217325,5.2291622162,,0.4782608695652174,0.6153846153846154,0,1,-6.65236,0.3286505342,4.4214076996,,0.4782608695652174,0.4615384615384615,0,1,-5.993,0.3076524138,4.3863453865,,0.4347826086956521,0.3846153846153846,0,1,-7.52878,0.2631735802,5.081389904,,0.2608695652173913,0.3846153846153846,0,1,-5.64818,0.2602888942,4.5131187439,,0.217391304347826,0.3076923076923077,0,1,-6.87548,0.2573946118,4.6057419777,,0.4347826086956521,0.5384615384615384,0,1,-8.01091,0.2548675835,4.9442634583,,0.3478260869565217,0.5384615384615384,0,1,-6.35035,0.2214592993,4.7050309181,,0.391304347826087,0.4615384615384615,0,1,-6.54908,0.1841598004,5.1922988892,,0.2608695652173913,0.3846153846153846,0,1,10
ZINC000005920604,-6.2651,0.3174602091,5.0631313324,,0.2608695652173913,0.3076923076923077,0,1,-6.39124,0.2752041519,4.6200809479,,0.3043478260869565,0.3076923076923077,0,1,-6.31007,0.247654438,5.1561384201,,0.2608695652173913,0.3846153846153846,0,1,-6.01949,0.2078328133,4.7172756195,,0.5217391304347826,0.6923076923076923,0,1,-6.15587,0.1991323829,5.0830211639,,0.217391304347826,0.2307692307692307,0,1,-7.46148,0.1962415129,5.0222859383,,0.217391304347826,0.3846153846153846,0,1,-6.77963,0.1905849427,4.6308608055,,0.4782608695652174,0.5384615384615384,0,1,-6.88004,0.1796678305,4.6654372215,,0.4347826086956521,0.5384615384615384,0,1,-6.30242,0.16437608,4.6170864105,,0.1739130434782608,0.2307692307692307,0,1,-7.09555,0.1619991362,5.1638760567,,0.3478260869565217,0.5384615384615384,0,1,10
ZINC000005928728,-6.54539,0.5376594067,5.3230276108,,0.3478260869565217,0.5384615384615384,0,1,-6.3744,0.4873326123,5.3517174721,,0.1739130434782608,0.3076923076923077,0,1,-8.02961,0.424487561,5.4097704887,,0.3043478260869565,0.3846153846153846,0,1,-7.5252,0.411904335,5.3298039436,,0.3043478260869565,0.3846153846153846,0,1,-7.18712,0.4071887136,5.5394396782,,0.4347826086956521,0.5384615384615384,0,1,-8.23684,0.3753561676,5.2892208099,,0.4782608695652174,0.6153846153846154,0,1,-6.91611,0.3645197153,5.4686646461,,0.2608695652173913,0.4615384615384615,0,1,-6.57166,0.3582108617,5.7213120461,,0.3478260869565217,0.6153846153846154,0,1,-7.35598,0.3547821343,5.4213867188,,0.391304347826087,0.5384615384615384,0,1,-8.25242,0.3393589556,5.2957959175,,0.4782608695652174,0.6153846153846154,0,1,10
ZINC000005939127,-6.81886,0.8199445009,5.5637741089,,0.6086956521739131,0.6923076923076923,0,1,-7.14421,0.807687521,5.7320790291,,0.4782608695652174,0.6153846153846154,0,1,-6.65996,0.7891156673,5.6179032326,,0.5217391304347826,0.6153846153846154,0,1,-6.94725,0.7824273109,5.449444294,,0.391304347826087,0.6153846153846154,0,1,-6.71949,0.7086853981,5.427438736,,0.4782608695652174,0.6153846153846154,0,1,-7.04916,0.6532507539,5.3295903206,,0.5217391304347826,0.6153846153846154,0,1,-6.53789,0.6152325273,4.664288044,,0.3478260869565217,0.3846153846153846,0,1,-6.05822,0.6134377718,4.2273917198,,0.3478260869565217,0.3076923076923077,0,1,-6.34678,0.5385421515,5.2924542427,,0.4347826086956521,0.5384615384615384,0,1,-6.84492,0.4999909699,4.9585604668,,0.5217391304347826,0.7692307692307693,0,1,10
ZINC000005947188,-8.29087,0.4556189179,6.2540512085,,0.6521739130434783,0.6153846153846154,0,1,-8.79412,0.4324997663,6.2709541321,,0.6521739130434783,0.6923076923076923,0,1,-8.23677,0.4041801989,6.359401226,,0.6521739130434783,0.6923076923076923,0,1,-6.89126,0.340672642,6.3705067635,,0.4782608695652174,0.5384615384615384,0,1,-7.91735,0.3186652064,5.9218783379,,0.6521739130434783,0.6923076923076923,0,1,-7.01254,0.2235698402,5.8697242737,,0.4782608695652174,0.5384615384615384,0,1,-7.66563,0.1831147671,5.4812054634,,0.3478260869565217,0.3846153846153846,0,1,-7.26148,0.1655164957,5.3391056061,,0.391304347826087,0.5384615384615384,0,1,-7.03257,0.1611314118,5.3044986725,,0.3043478260869565,0.3846153846153846,0,1,-7.2063,0.1604972929,5.3278069496,,0.391304347826087,0.5384615384615384,0,1,10
ZINC000005963857,-7.11387,0.6110532284,6.1865768433,,0.6086956521739131,0.7692307692307693,0,1,-5.39194,0.603423655,4.3458571434,,0.3043478260869565,0.3076923076923077,0,1,-5.6321,0.5486879349,4.5534081459,,0.3478260869565217,0.3076923076923077,0,1,-7.8442,0.4811225832,6.1835422516,,0.6086956521739131,0.6923076923076923,0,1,-5.48037,0.4767302275,4.7906908989,,0.3478260869565217,0.3846153846153846,0,1,-8.25322,0.4595816731,6.0575008392,,0.5652173913043478,0.7692307692307693,0,1,-7.37696,0.428799063,6.1823029518,,0.5217391304347826,0.8461538461538461,0,1,-6.12685,0.4210894108,5.6574244499,,0.3043478260869565,0.4615384615384615,0,1,-7.18699,0.3228465915,5.8871746063,,0.6086956521739131,0.6923076923076923,0,1,-7.12841,0.3089575768,6.2965621948,,0.3478260869565217,0.5384615384615384,0,1,10
ZINC000005999168,-6.63023,0.7114681602,4.2318878174,,0.4347826086956521,0.4615384615384615,0,1,-5.8748,0.6999045014,3.6445949078,,0.3478260869565217,0.3846153846153846,0,1,-6.06935,0.5825404525,5.365375042,,0.4782608695652174,0.7692307692307693,0,1,-6.11553,0.5647234917,3.905226469,,0.4347826086956521,0.4615384615384615,0,1,-6.01421,0.4425221384,4.5365009308,,0.391304347826087,0.4615384615384615,0,1,-7.16625,0.4229041636,4.346930027,,0.391304347826087,0.5384615384615384,0,1,-6.03486,0.3921388388,3.6916968822,,0.4347826086956521,0.4615384615384615,0,1,-6.05603,0.3603150249,4.5500454903,,0.3043478260869565,0.4615384615384615,0,1,-7.47266,0.3526366055,4.0896334648,,0.2608695652173913,0.3076923076923077,0,1,-6.91976,0.3466061354,4.3786478043,,0.391304347826087,0.5384615384615384,0,1,10
ZINC000006016462,-7.70725,0.6631115079,6.1016578674,,0.4347826086956521,0.6923076923076923,0,1,-6.11784,0.3609281182,5.7961945534,,0.4347826086956521,0.6153846153846154,0,1,-4.38439,0.330157578,5.1042613983,,0.1739130434782608,0.1538461538461538,0,1,-4.76328,0.2241856158,5.6761569977,,0.5652173913043478,0.6923076923076923,0,1,-5.1794,0.1768410355,4.0874752998,,0.2608695652173913,0.2307692307692307,0,1,-4.33576,0.1653903276,4.1700444221,,0.0869565217391304,0.2307692307692307,0,1,-4.49028,0.1612960696,4.1480755806,,0.2608695652173913,0.3076923076923077,0,1,-4.42822,0.1583601832,4.5219731331,,0.1739130434782608,0.3076923076923077,0,1,-4.72336,0.155145824,3.9822375774,,0.1304347826086956,0.2307692307692307,0,1,-4.65975,0.1547501087,3.7452394962,,0.217391304347826,0.3076923076923077,0,1,10
ZINC000006018771,-7.18426,0.199144721,6.0048165321,,0.4347826086956521,0.5384615384615384,0,1,-5.6334,0.1846351027,4.6973023415,,0.3043478260869565,0.3076923076923077,0,1,-5.50356,0.1812229156,4.6263237,,0.217391304347826,0.3076923076923077,0,1,-8.82564,0.1539106667,5.6252989769,,0.1304347826086956,0.2307692307692307,0,1,-5.46651,0.1498585492,4.8743476868,,0.3043478260869565,0.3846153846153846,0,1,-6.23419,0.129998669,5.1605815887,,0.2608695652173913,0.3076923076923077,0,1,-5.49702,0.1276965141,4.0088353157,,0.3478260869565217,0.3846153846153846,0,1,-6.57072,0.1247681305,5.1043386459,,0.391304347826087,0.4615384615384615,0,1,-5.86244,0.1215729788,4.4335770607,,0.3043478260869565,0.3846153846153846,0,1,-7.38087,0.115454644,5.3353514671,,0.3043478260869565,0.4615384615384615,0,1,10
ZINC000006088981,-6.99805,0.4174490571,6.2973365784,,0.5652173913043478,0.7692307692307693,0,1,-7.0657,0.4059708714,5.8595542908,,0.4347826086956521,0.5384615384615384,0,1,-7.10794,0.3961679339,6.282971859,,0.5217391304347826,0.7692307692307693,0,1,-6.93495,0.3697829843,5.8471150398,,0.4782608695652174,0.5384615384615384,0,1,-7.24788,0.2813175619,5.4154410362,,0.3043478260869565,0.3076923076923077,0,1,-7.28957,0.2513540685,5.7251796722,,0.5652173913043478,0.7692307692307693,0,1,-6.43506,0.2448827177,5.7959194183,,0.4347826086956521,0.6153846153846154,0,1,-7.44944,0.2441890985,4.8218111992,,0.6086956521739131,0.7692307692307693,0,1,-6.77124,0.2424818724,5.6366477013,,0.5217391304347826,0.6923076923076923,0,1,-6.66371,0.2390885353,5.3726792336,,0.3478260869565217,0.3846153846153846,0,1,10
ZINC000006136093,-6.03499,0.7618904114,5.574280262,,0.4347826086956521,0.4615384615384615,0,1,-5.67205,0.6805474758,5.4869503975,,0.391304347826087,0.4615384615384615,0,1,-5.28285,0.5990627408,5.4871921539,,0.4782608695652174,0.6153846153846154,0,1,-5.82413,0.5890792608,5.4273409843,,0.4347826086956521,0.5384615384615384,0,1,-4.68385,0.5826157331,3.9763667583,,0.3043478260869565,0.3076923076923077,0,1,-5.83367,0.5495166183,4.985440731,,0.0869565217391304,0.0769230769230769,0,1,-5.11359,0.537894845,4.6422095299,,0.0869565217391304,0.0769230769230769,0,1,-5.21142,0.5300905108,4.8699908257,,0.0869565217391304,0.0769230769230769,0,1,-4.25887,0.5000091791,3.7757942677,,0.217391304347826,0.2307692307692307,0,1,-5.68033,0.4869594872,4.8534560204,,0.0869565217391304,0.0769230769230769,0,1,10
ZINC000006190737,-8.42845,0.2243260145,5.695458889,,0.4347826086956521,0.5384615384615384,0,1,-8.53527,0.1760217547,5.607026577,,0.391304347826087,0.5384615384615384,0,1,-7.67805,0.1704057008,4.8416309357,,0.391304347826087,0.4615384615384615,0,1,-7.75708,0.1685369164,4.7537631989,,0.4347826086956521,0.4615384615384615,0,1,-6.37438,0.1614207476,5.4353256226,,0.2608695652173913,0.3076923076923077,0,1,-6.58899,0.1607832015,5.019993782,,0.391304347826087,0.4615384615384615,0,1,-6.8567,0.1558377147,5.0492076874,,0.391304347826087,0.5384615384615384,0,1,-6.1805,0.154666841,5.3001027107,,0.4782608695652174,0.5384615384615384,0,1,-6.28288,0.1522517353,4.894548893,,0.3043478260869565,0.3846153846153846,0,1,-6.47896,0.1487145126,4.739335537,,0.4782608695652174,0.5384615384615384,0,1,10
ZINC000006389756,-5.5817,0.6771674752,5.7051239014,,0.6956521739130435,0.8461538461538461,0,1,-5.76018,0.5934175253,5.316054821,,0.5652173913043478,0.7692307692307693,0,1,-6.03451,0.3880468011,5.2803092003,,0.5652173913043478,0.6923076923076923,0,1,-5.41918,0.3262174428,4.9489188194,,0.3478260869565217,0.3846153846153846,0,1,-6.95988,0.3175338805,5.1773476601,,0.3478260869565217,0.5384615384615384,0,1,-6.91499,0.3169892132,5.6149806976,,0.217391304347826,0.3846153846153846,0,1,-6.9965,0.2977866828,4.9031248093,,0.2608695652173913,0.3846153846153846,0,1,-6.07371,0.2775292695,5.462872982,,0.4347826086956521,0.4615384615384615,0,1,-7.19691,0.2519198656,5.1568255424,,0.391304347826087,0.6923076923076923,0,1,-5.63188,0.2337698191,5.0723938942,,0.3043478260869565,0.3076923076923077,0,1,10
ZINC000006456840,-7.53134,0.6431128979,6.2582468987,,0.4782608695652174,0.6153846153846154,0,1,-7.05484,0.6173590422,6.0744404793,,0.5217391304347826,0.7692307692307693,0,1,-7.68845,0.5124841332,6.268676281,,0.5652173913043478,0.7692307692307693,0,1,-8.28461,0.4923984408,5.7737793922,,0.5217391304347826,0.7692307692307693,0,1,-8.34242,0.4591010511,6.3721632957,,0.6086956521739131,0.6923076923076923,0,1,-6.52235,0.4288502038,5.7806773186,,0.6521739130434783,0.7692307692307693,0,1,-7.58783,0.4247775674,5.2606296539,,0.5217391304347826,0.5384615384615384,0,1,-7.94662,0.4091861248,6.0011749268,,0.4347826086956521,0.6923076923076923,0,1,-7.34422,0.3900519311,5.5836014748,,0.391304347826087,0.5384615384615384,0,1,-7.57201,0.3873833418,6.0473194122,,0.4347826086956521,0.6153846153846154,0,1,10
ZINC000006575091,-6.79123,0.5057957172,4.9420490265,,0.3478260869565217,0.4615384615384615,0,1,-6.19321,0.4553397894,5.3774552345,,0.3478260869565217,0.4615384615384615,0,1,-5.30595,0.4531036317,5.3101243973,,0.3478260869565217,0.4615384615384615,0,1,-5.45962,0.3793410659,5.6505694389,,0.3043478260869565,0.6153846153846154,0,1,-5.36692,0.3649052083,4.3087859154,,0.2608695652173913,0.3076923076923077,0,1,-6.10672,0.3558694422,5.3901762962,,0.391304347826087,0.6923076923076923,0,1,-5.44837,0.3553460538,5.2802414894,,0.3478260869565217,0.6153846153846154,0,1,-5.70849,0.3101188838,5.0011572838,,0.3043478260869565,0.4615384615384615,0,1,-6.96383,0.309882015,5.3950037956,,0.1739130434782608,0.3076923076923077,0,1,-6.01065,0.304641813,5.4146194458,,0.2608695652173913,0.3846153846153846,0,1,10
ZINC000006585599,-6.22134,0.2355375737,5.2285494804,,0.391304347826087,0.5384615384615384,0,1,-5.84604,0.2347505838,4.9261455536,,0.217391304347826,0.3076923076923077,0,1,-5.91986,0.1768808365,5.1750311852,,0.4782608695652174,0.6153846153846154,0,1,-6.5286,0.1746132672,5.1486115456,,0.2608695652173913,0.3846153846153846,0,1,-5.45723,0.1510380358,4.4289512634,,0.3043478260869565,0.3076923076923077,0,1,-7.24054,0.119949162,5.2751984596,,0.4782608695652174,0.6153846153846154,0,1,-5.76548,0.1175888404,4.8776106834,,0.3478260869565217,0.4615384615384615,0,1,-6.64217,0.1108614579,4.5179710388,,0.4347826086956521,0.4615384615384615,0,1,-5.36292,0.105512239,4.5567498207,,0.2608695652173913,0.3846153846153846,0,1,-5.98247,0.100371033,4.0112304688,,0.4347826086956521,0.5384615384615384,0,1,10
ZINC000006603501,-6.21908,0.5328329802,5.4302330017,,0.5652173913043478,0.6923076923076923,0,1,-7.1866,0.4922207594,5.2980513573,,0.4347826086956521,0.5384615384615384,0,1,-5.54131,0.4766926169,5.6396803856,,0.6086956521739131,0.7692307692307693,0,1,-7.46983,0.4048632979,5.5225243568,,0.5217391304347826,0.6153846153846154,0,1,-6.32974,0.3820554018,4.0637731552,,0.1739130434782608,0.2307692307692307,0,1,-7.53382,0.3654492497,5.4480443001,,0.5217391304347826,0.6153846153846154,0,1,-7.57986,0.3379695117,5.2939209938,,0.5652173913043478,0.6923076923076923,0,1,-5.9559,0.3352755904,4.8526191711,,0.3478260869565217,0.4615384615384615,0,1,-6.97729,0.3296413124,5.4912109375,,0.3478260869565217,0.5384615384615384,0,1,-5.61056,0.3246569633,4.8924770355,,0.5217391304347826,0.6153846153846154,0,1,10
ZINC000006717370,-5.24667,0.7316924334,3.6341049671,,0.4347826086956521,0.4615384615384615,0,1,-6.14072,0.6833018064,4.3386573792,,0.3043478260869565,0.3076923076923077,0,1,-4.89782,0.6206882,3.6416270733,,0.391304347826087,0.3846153846153846,0,1,-6.30694,0.6016730666,4.8678536415,,0.4782608695652174,0.5384615384615384,0,1,-5.69512,0.4554323554,4.0967307091,,0.1739130434782608,0.3076923076923077,0,1,-4.61476,0.4530502856,3.8620052338,,0.2608695652173913,0.3076923076923077,0,1,-5.13059,0.4410320222,3.9808228016,,0.1304347826086956,0.2307692307692307,0,1,-6.97189,0.3957228959,4.4963383675,,0.4347826086956521,0.5384615384615384,0,1,-6.4968,0.3392958939,4.0711612701,,0.4782608695652174,0.6153846153846154,0,1,-5.64482,0.3053843975,4.2322649956,,0.2608695652173913,0.3846153846153846,0,1,10
ZINC000006794641,-9.20457,0.3023512959,6.2065200806,,0.5217391304347826,0.6153846153846154,0,1,-9.9465,0.177390933,5.9652934074,,0.5217391304347826,0.6153846153846154,0,1,-7.54849,0.177191481,5.9788441658,,0.4782608695652174,0.6153846153846154,0,1,-9.36236,0.1724198759,5.8448462486,,0.4782608695652174,0.6153846153846154,0,1,-9.71209,0.1675669402,5.9136681557,,0.4782608695652174,0.6153846153846154,0,1,-8.85771,0.1587759703,5.8045973778,,0.5217391304347826,0.6153846153846154,0,1,-9.00335,0.1554500014,6.0961689949,,0.4782608695652174,0.6153846153846154,0,1,-8.72697,0.1412842572,5.7934269905,,0.3478260869565217,0.4615384615384615,0,1,-7.53858,0.1349912286,5.5295753479,,0.5652173913043478,0.7692307692307693,0,1,-6.77474,0.1304955333,5.3801827431,,0.391304347826087,0.4615384615384615,0,1,10
ZINC000006884948,-8.17798,0.3550798595,5.8750076294,,0.3043478260869565,0.3076923076923077,0,1,-7.96671,0.3361890018,5.7616295815,,0.5652173913043478,0.7692307692307693,0,1,-7.73715,0.3264842033,5.6275367737,,0.3478260869565217,0.4615384615384615,0,1,-7.93722,0.313121289,5.9027180672,,0.3043478260869565,0.3076923076923077,0,1,-7.93552,0.2931703627,5.6646475792,,0.6521739130434783,0.8461538461538461,0,1,-7.02005,0.2588692605,5.7036690712,,0.217391304347826,0.3076923076923077,0,1,-7.6275,0.2211592346,5.8132929802,,0.217391304347826,0.2307692307692307,0,1,-7.54224,0.2095046043,5.7842001915,,0.3043478260869565,0.3846153846153846,0,1,-6.69549,0.2028376758,5.6594786644,,0.217391304347826,0.2307692307692307,0,1,-7.05947,0.184934333,4.7427020073,,0.391304347826087,0.4615384615384615,0,1,10
ZINC000006975126,-7.83956,0.4207420349,6.0571341515,,0.6086956521739131,0.8461538461538461,0,1,-7.23906,0.3849754632,6.0693593025,,0.4782608695652174,0.6923076923076923,0,1,-8.40901,0.3701831698,5.5814499855,,0.5652173913043478,0.6923076923076923,0,1,-7.46239,0.2431883067,5.3288025856,,0.1304347826086956,0.2307692307692307,0,1,-7.58429,0.2373082042,5.2565207481,,0.3043478260869565,0.5384615384615384,0,1,-6.86415,0.2350690216,5.7275919914,,0.3043478260869565,0.4615384615384615,0,1,-8.4894,0.2186103165,5.6652665138,,0.5652173913043478,0.7692307692307693,0,1,-7.6632,0.2132778913,5.8130230904,,0.5217391304347826,0.6923076923076923,0,1,-7.17207,0.2027955055,5.0918021202,,0.3478260869565217,0.4615384615384615,0,1,-6.78159,0.1932281405,5.1498603821,,0.217391304347826,0.2307692307692307,0,1,10
ZINC000008214364,-8.0738,0.4510781467,5.4475135803,,0.6956521739130435,0.8461538461538461,0,1,-7.82805,0.4324226081,5.6310119629,,0.6956521739130435,0.8461538461538461,0,1,-6.99497,0.4158327281,5.6121926308,,0.6086956521739131,0.8461538461538461,0,1,-7.80917,0.3839712143,5.4181609154,,0.6086956521739131,0.7692307692307693,0,1,-7.06392,0.3735842407,5.6483492851,,0.5217391304347826,0.6153846153846154,0,1,-7.2047,0.3636780083,5.4653525352,,0.6086956521739131,0.7692307692307693,0,1,-8.02751,0.3518348932,5.6854634285,,0.6521739130434783,0.8461538461538461,0,1,-6.99702,0.3087517023,5.0919308662,,0.3478260869565217,0.3846153846153846,0,1,-7.65895,0.29907462,5.3351597786,,0.4782608695652174,0.6923076923076923,0,1,-6.63048,0.298045814,4.1884179115,,0.1739130434782608,0.2307692307692307,0,1,10
ZINC000008215517,-7.32715,0.8960300088,6.5073237419,,0.5217391304347826,0.6923076923076923,0,1,-6.24219,0.7737494707,5.9608440399,,0.5652173913043478,0.6923076923076923,0,1,-6.92514,0.7610776424,5.5715622902,,0.4347826086956521,0.5384615384615384,0,1,-6.71184,0.7488731742,5.9906630516,,0.391304347826087,0.5384615384615384,0,1,-6.16511,0.6649780273,6.0183777809,,0.4782608695652174,0.6923076923076923,0,1,-6.37577,0.6373496652,5.8365359306,,0.4782608695652174,0.7692307692307693,0,1,-7.55842,0.6372534037,5.8120942116,,0.3478260869565217,0.4615384615384615,0,1,-6.34097,0.5815951228,5.7356343269,,0.391304347826087,0.5384615384615384,0,1,-6.84779,0.5767611861,5.9282135963,,0.3043478260869565,0.4615384615384615,0,1,-7.26573,0.5626893044,5.8951411247,,0.391304347826087,0.5384615384615384,0,1,10
ZINC000008217113,-6.58737,0.5857133269,4.4598674774,,0.4347826086956521,0.6153846153846154,0,1,-8.14089,0.3672074676,4.4511461258,,0.391304347826087,0.4615384615384615,0,1,-7.61885,0.2934207618,4.8256454468,,0.3043478260869565,0.4615384615384615,0,1,-6.43584,0.2680177391,4.8851809502,,0.5652173913043478,0.7692307692307693,0,1,-6.48949,0.2332809716,3.8377697468,,0.217391304347826,0.2307692307692307,0,1,-6.56041,0.1592402607,3.5529587269,,0.217391304347826,0.2307692307692307,0,1,-6.76958,0.1591418684,3.8346271515,,0.217391304347826,0.2307692307692307,0,1,-7.71512,0.1440850645,4.1415390968,,0.3478260869565217,0.4615384615384615,0,1,-7.09853,0.1396617591,4.6300063133,,0.6521739130434783,0.8461538461538461,0,1,-6.85368,0.128966853,4.2918610573,,0.2608695652173913,0.3846153846153846,0,1,10
ZINC000008217123,-7.36404,0.7698074579,5.4775748253,,0.4347826086956521,0.6153846153846154,0,1,-7.6516,0.7631433606,5.5397715569,,0.4782608695652174,0.6923076923076923,0,1,-6.10465,0.6522009373,4.6294407845,,0.3043478260869565,0.3076923076923077,0,1,-6.50515,0.6100786924,4.4667277336,,0.3478260869565217,0.3846153846153846,0,1,-6.16003,0.5117154717,4.3437695503,,0.2608695652173913,0.3076923076923077,0,1,-5.98641,0.4776078463,4.6671853065,,0.3043478260869565,0.3846153846153846,0,1,-6.88668,0.4695013762,4.4855823517,,0.4782608695652174,0.5384615384615384,0,1,-7.74284,0.4447510242,4.6688885689,,0.391304347826087,0.4615384615384615,0,1,-6.55785,0.4227100909,5.1639938354,,0.391304347826087,0.5384615384615384,0,1,-7.03241,0.3584427834,4.7406983376,,0.391304347826087,0.4615384615384615,0,1,10
ZINC000008217150,-7.30843,0.6816930771,5.2345294952,,0.5217391304347826,0.5384615384615384,0,1,-6.71938,0.6272706985,5.0180706978,,0.3043478260869565,0.3846153846153846,0,1,-7.17611,0.557944119,5.3011555672,,0.5217391304347826,0.6153846153846154,0,1,-7.57145,0.4983797967,5.0150809288,,0.4782608695652174,0.6153846153846154,0,1,-7.59853,0.4619839191,5.3042187691,,0.5217391304347826,0.6923076923076923,0,1,-7.60117,0.429969728,5.253839016,,0.5652173913043478,0.6923076923076923,0,1,-7.17861,0.403498888,4.8640646935,,0.3043478260869565,0.4615384615384615,0,1,-7.0463,0.3094502985,3.7949562073,,0.3043478260869565,0.3076923076923077,0,1,-6.70843,0.3038631082,4.5977711678,,0.391304347826087,0.4615384615384615,0,1,-7.16895,0.2901208401,5.4367213249,,0.6086956521739131,0.8461538461538461,0,1,10
ZINC000008219122,-6.66149,0.6337959766,5.3712654114,,0.5217391304347826,0.6153846153846154,0,1,-6.18841,0.5578861833,5.2049622536,,0.6521739130434783,0.7692307692307693,0,1,-7.94261,0.4726438224,4.9546961784,,0.4347826086956521,0.6153846153846154,0,1,-7.88272,0.3905405104,4.9877486229,,0.391304347826087,0.5384615384615384,0,1,-7.02046,0.3786287904,4.8859500885,,0.4347826086956521,0.6153846153846154,0,1,-7.1896,0.3744577467,4.9862513542,,0.391304347826087,0.5384615384615384,0,1,-7.2133,0.3385924399,4.7870202065,,0.217391304347826,0.3846153846153846,0,1,-6.20471,0.3144436181,3.9811599255,,0.3043478260869565,0.3846153846153846,0,1,-6.40965,0.2892636657,4.6555962563,,0.3478260869565217,0.4615384615384615,0,1,-6.04071,0.2242669612,3.9771258831,,0.2608695652173913,0.3076923076923077,0,1,10
ZINC000008219744,-7.59692,0.957549572,6.9010314941,,0.5652173913043478,0.6923076923076923,0,1,-7.16249,0.9428396225,6.6593761444,,0.5652173913043478,0.6923076923076923,0,1,-7.2537,0.8376098871,6.4193954468,,0.6521739130434783,0.7692307692307693,0,1,-7.0558,0.8200093508,6.4548478127,,0.4347826086956521,0.6153846153846154,0,1,-6.58924,0.7643749118,6.2996449471,,0.4347826086956521,0.6153846153846154,0,1,-6.4466,0.72938627,6.5425868034,,0.4347826086956521,0.6153846153846154,0,1,-6.53211,0.6495725513,6.4148654938,,0.4347826086956521,0.6153846153846154,0,1,-6.84804,0.6425577998,6.1937179565,,0.4347826086956521,0.6153846153846154,0,1,-6.84144,0.5327683687,5.9958000183,,0.391304347826087,0.5384615384615384,0,1,-6.58047,0.513060987,6.0274682045,,0.5217391304347826,0.7692307692307693,0,1,10
ZINC000008386438,-4.45825,0.2210789323,3.3632259369,,0.3478260869565217,0.3846153846153846,0,1,-4.6663,0.2101935297,3.212975502,,0.2608695652173913,0.2307692307692307,0,1,-4.66095,0.2073305547,3.5249960423,,0.1739130434782608,0.2307692307692307,0,1,-4.64907,0.190816313,3.4161441326,,0.217391304347826,0.2307692307692307,0,1,-5.02332,0.18036066,3.1706326008,,0.2608695652173913,0.3076923076923077,0,1,-4.55188,0.1761454791,2.8432388306,,0.1304347826086956,0.1538461538461538,0,1,-4.61719,0.1684309989,2.9146754742,,0.3043478260869565,0.3076923076923077,0,1,-5.05223,0.1673954576,3.2110145092,,0.3043478260869565,0.3846153846153846,0,1,-4.62051,0.1666824967,3.0741560459,,0.3043478260869565,0.3846153846153846,0,1,-4.4787,0.1658682972,3.1611840725,,0.3478260869565217,0.3076923076923077,0,1,10
ZINC000008399509,-6.15714,0.3374339938,5.3469715118,,0.3478260869565217,0.6923076923076923,0,1,-6.37988,0.332675159,5.3415150642,,0.2608695652173913,0.5384615384615384,0,1,-6.71131,0.2973029912,5.3894906044,,0.3043478260869565,0.4615384615384615,0,1,-6.31671,0.2517609596,5.3086338043,,0.391304347826087,0.6153846153846154,0,1,-5.9928,0.2369163185,5.3399543762,,0.2608695652173913,0.4615384615384615,0,1,-5.82913,0.2149104923,5.1702699661,,0.217391304347826,0.3846153846153846,0,1,-6.56261,0.2106413841,5.1219916344,,0.3043478260869565,0.4615384615384615,0,1,-6.70057,0.1663076878,4.9740824699,,0.3043478260869565,0.4615384615384615,0,1,-6.33966,0.1627370417,4.9015231133,,0.2608695652173913,0.5384615384615384,0,1,-7.04502,0.1243586466,5.1014299393,,0.2608695652173913,0.4615384615384615,0,1,10
ZINC000008425085,-7.50586,0.3193466067,6.6037669182,,0.4347826086956521,0.6153846153846154,0,1,-6.21978,0.2743599117,6.4128475189,,0.4782608695652174,0.6923076923076923,0,1,-7.08102,0.2095110714,6.3497862816,,0.5652173913043478,0.6153846153846154,0,1,-6.87879,0.2039465606,6.1896719933,,0.5217391304347826,0.5384615384615384,0,1,-6.18361,0.1866036206,6.0258669853,,0.6086956521739131,0.6923076923076923,0,1,-6.08019,0.1804276556,6.1725502014,,0.5652173913043478,0.6153846153846154,0,1,-7.29348,0.1759640723,6.1038537025,,0.5217391304347826,0.7692307692307693,0,1,-6.09766,0.170036003,6.453496933,,0.5652173913043478,0.6153846153846154,0,1,-6.152,0.1681869179,5.3588066101,,0.5652173913043478,0.7692307692307693,0,1,-6.34816,0.1480815262,6.1999835968,,0.5652173913043478,0.6153846153846154,0,1,10
ZINC000008437137,-5.65078,0.6227916479,4.4436435699,,0.2608695652173913,0.3846153846153846,0,1,-5.5494,0.5058003068,4.2408390045,,0.1304347826086956,0.2307692307692307,0,1,-5.49843,0.4892113209,4.3072628975,,0.0869565217391304,0.2307692307692307,0,1,-5.46733,0.4769766927,4.1631217003,,0.1304347826086956,0.2307692307692307,0,1,-5.47052,0.4084091485,4.2420139313,,0.217391304347826,0.3846153846153846,0,1,-5.55511,0.3939936161,4.0012254715,,0.217391304347826,0.3846153846153846,0,1,-5.86741,0.3577159643,3.5244884491,,0.5217391304347826,0.7692307692307693,0,1,-6.12346,0.3530486822,3.5724098682,,0.391304347826087,0.6923076923076923,0,1,-6.53421,0.3362058997,3.4247951508,,0.4347826086956521,0.6923076923076923,0,1,-6.42039,0.3324068487,3.4728367329,,0.4782608695652174,0.6923076923076923,0,1,10
ZINC000008551105,-5.45275,0.2940010726,4.9341487885,,0.2608695652173913,0.3076923076923077,0,1,-5.4841,0.2424156368,4.4976859093,,0.1304347826086956,0.1538461538461538,0,1,-5.7536,0.2080124617,4.4229178429,,0.3478260869565217,0.3846153846153846,0,1,-5.56601,0.1954478025,5.3126511574,,0.0434782608695652,0.0769230769230769,0,1,-5.76528,0.1888325959,4.883743763,,0.217391304347826,0.2307692307692307,0,1,-5.51231,0.1787456721,4.2547211647,,0.2608695652173913,0.3076923076923077,0,1,-5.77608,0.1736929417,4.036488533,,0.3043478260869565,0.3076923076923077,0,1,-5.32506,0.1645508409,4.5193247795,,0.217391304347826,0.3076923076923077,0,1,-4.75831,0.158249557,5.0191197395,,0.391304347826087,0.4615384615384615,0,1,-7.39669,0.1462498009,5.1203584671,,0.1304347826086956,0.1538461538461538,0,1,10
ZINC000008551702,-6.75437,0.203298524,4.8006534576,,0.3043478260869565,0.4615384615384615,0,1,-6.26916,0.1855096668,4.7291254997,,0.2608695652173913,0.4615384615384615,0,1,-6.69123,0.1626152396,4.6375794411,,0.4347826086956521,0.6153846153846154,0,1,-6.79404,0.1622883081,4.7926425934,,0.391304347826087,0.6153846153846154,0,1,-7.0427,0.1547529846,4.8505172729,,0.6521739130434783,0.8461538461538461,0,1,-6.7791,0.1465989798,4.6246185303,,0.4347826086956521,0.5384615384615384,0,1,-6.88842,0.1386705637,4.8410363197,,0.2608695652173913,0.3846153846153846,0,1,-6.40382,0.1271529198,4.4687829018,,0.3043478260869565,0.4615384615384615,0,1,-6.17077,0.1241410151,4.6357245445,,0.3043478260869565,0.5384615384615384,0,1,-6.89982,0.1222101599,4.4518213272,,0.4782608695652174,0.6153846153846154,0,1,10
ZINC000008618622,-7.30516,0.5106325746,5.5371799469,,0.5217391304347826,0.6923076923076923,0,1,-6.82904,0.4889903963,5.4383354187,,0.4782608695652174,0.6923076923076923,0,1,-6.9026,0.2619981766,5.3074893951,,0.4347826086956521,0.6923076923076923,0,1,-7.06456,0.1417470872,4.861389637,,0.3043478260869565,0.3846153846153846,0,1,-5.54084,0.1205338612,3.450710535,,0.217391304347826,0.3076923076923077,0,1,-7.20644,0.0854076743,3.1718480587,,0.3043478260869565,0.3846153846153846,0,1,-6.66963,0.082595095,3.8180561066,,0.3043478260869565,0.4615384615384615,0,1,-7.643,0.0816899538,4.1262073517,,0.3478260869565217,0.4615384615384615,0,1,-6.49948,0.0759709254,4.2031178474,,0.3043478260869565,0.4615384615384615,0,1,-7.51168,0.0693994313,3.1659326553,,0.2608695652173913,0.3076923076923077,0,1,10
ZINC000008626489,-8.12994,0.9482201338,7.1795601845,,0.6956521739130435,0.7692307692307693,0,1,-7.92202,0.9404973984,7.0597128868,,0.6956521739130435,0.8461538461538461,0,1,-7.73419,0.9308941364,7.0059924126,,0.6956521739130435,0.7692307692307693,0,1,-9.20267,0.9280253649,6.9280962944,,0.6956521739130435,0.8461538461538461,0,1,-8.47482,0.9278329015,7.1479926109,,0.7391304347826086,0.8461538461538461,0,1,-8.03687,0.9211381078,7.1164588928,,0.6956521739130435,0.8461538461538461,0,1,-7.60455,0.9148311615,6.9074459076,,0.6521739130434783,0.7692307692307693,0,1,-9.36847,0.9041306376,6.7849774361,,0.6956521739130435,0.8461538461538461,0,1,-8.00826,0.9021503925,7.044444561,,0.6956521739130435,0.9230769230769232,0,1,-7.67965,0.8818095922,6.9254589081,,0.6956521739130435,0.7692307692307693,0,1,10
ZINC000008627722,-8.20999,0.9510705471,7.2185454369,,0.6956521739130435,0.7692307692307693,0,1,-7.30505,0.9392977953,6.9547233582,,0.6521739130434783,0.7692307692307693,0,1,-8.49662,0.934746623,7.1619391441,,0.6086956521739131,0.6923076923076923,0,1,-8.01022,0.9280240536,7.2474350929,,0.6956521739130435,0.8461538461538461,0,1,-7.77622,0.9152024388,7.0797533989,,0.6956521739130435,0.8461538461538461,0,1,-9.13855,0.9089382887,6.8348250389,,0.6956521739130435,0.8461538461538461,0,1,-9.48275,0.9020909667,6.8801498413,,0.6956521739130435,0.9230769230769232,0,1,-7.84897,0.8773813844,6.9307188988,,0.6956521739130435,0.7692307692307693,0,1,-7.96307,0.8702449203,6.953994751,,0.5652173913043478,0.6923076923076923,0,1,-7.42127,0.8610141873,6.8047976494,,0.7391304347826086,0.8461538461538461,0,1,10
ZINC000008694652,-8.20241,0.6283732653,6.9146513939,,0.6521739130434783,0.8461538461538461,0,1,-8.26965,0.510776639,6.8384299278,,0.6521739130434783,0.7692307692307693,0,1,-8.67272,0.447675854,7.1560740471,,0.6086956521739131,0.6923076923076923,0,1,-7.82429,0.4174996614,6.6352286339,,0.6521739130434783,0.8461538461538461,0,1,-7.94944,0.4115202725,6.8441772461,,0.3478260869565217,0.4615384615384615,0,1,-9.06238,0.398560524,6.8410320282,,0.6521739130434783,0.7692307692307693,0,1,-7.75037,0.3625393808,6.7866454124,,0.6521739130434783,0.7692307692307693,0,1,-8.25825,0.3499492109,6.8719687462,,0.5652173913043478,0.7692307692307693,0,1,-8.38772,0.3431906402,6.5612010956,,0.4782608695652174,0.5384615384615384,0,1,-8.54121,0.3425755799,7.0088310242,,0.4347826086956521,0.5384615384615384,0,1,10
ZINC000008717915,-6.69237,0.7632608414,6.0182747841,,0.4782608695652174,0.6153846153846154,0,1,-6.58707,0.7582480311,6.0164165497,,0.4347826086956521,0.6153846153846154,0,1,-5.32472,0.5025545359,4.6226506233,,0.2608695652173913,0.3846153846153846,0,1,-6.05863,0.4549891353,5.4380168915,,0.5652173913043478,0.6153846153846154,0,1,-5.8511,0.4131235778,5.422185421,,0.4782608695652174,0.6153846153846154,0,1,-5.73246,0.410515964,5.6536097527,,0.391304347826087,0.5384615384615384,0,1,-5.93619,0.4025431871,5.3335876465,,0.391304347826087,0.4615384615384615,0,1,-5.19991,0.3954589367,5.3119568825,,0.4347826086956521,0.5384615384615384,0,1,-5.672,0.3949393034,5.4868798256,,0.5652173913043478,0.6923076923076923,0,1,-6.11179,0.3804290295,5.4724965096,,0.5652173913043478,0.6153846153846154,0,1,10
ZINC000008754112,-4.43335,0.4059363008,4.3400402069,,0.3478260869565217,0.3076923076923077,0,1,-4.55024,0.3752240837,3.8027775288,,0.3043478260869565,0.3076923076923077,0,1,-4.7968,0.2690934837,3.7124509811,,0.3043478260869565,0.3076923076923077,0,1,-4.82898,0.244017899,4.1161375046,,0.217391304347826,0.3076923076923077,0,1,-4.11559,0.2439017892,4.1410055161,,0.1739130434782608,0.2307692307692307,0,1,-4.88759,0.2167316973,3.461304903,,0.3043478260869565,0.3076923076923077,0,1,-4.61424,0.2024374008,3.3591861725,,0.3043478260869565,0.3076923076923077,0,1,-4.54814,0.1935658008,3.4630782604,,0.217391304347826,0.3076923076923077,0,1,-6.56189,0.1921232045,5.2460331917,,0.1739130434782608,0.2307692307692307,0,1,-4.51945,0.1871861219,3.5511541367,,0.217391304347826,0.2307692307692307,0,1,10
ZINC000008767458,-5.18024,0.6707312465,4.2806382179,,0.2608695652173913,0.3076923076923077,0,1,-5.0421,0.550794065,5.4533658028,,0.391304347826087,0.6923076923076923,0,1,-4.65544,0.507986784,4.1456842422,,0.2608695652173913,0.3846153846153846,0,1,-4.67486,0.5067088008,4.1192479134,,0.2608695652173913,0.3076923076923077,0,1,-4.84208,0.4946549833,4.0158686638,,0.2608695652173913,0.3076923076923077,0,1,-4.40694,0.395706594,3.8783016205,,0.2608695652173913,0.3846153846153846,0,1,-4.44471,0.3640001118,4.0152907372,,0.2608695652173913,0.3846153846153846,0,1,-4.52518,0.3491671383,3.97940135,,0.2608695652173913,0.3076923076923077,0,1,-4.92814,0.3483339548,3.6718432903,,0.2608695652173913,0.3846153846153846,0,1,-4.35063,0.3409050703,3.435562849,,0.2608695652173913,0.3846153846153846,0,1,10
ZINC000008789975,-7.1104,0.273058176,5.2711257935,,0.2608695652173913,0.3076923076923077,0,1,-7.48796,0.2468069196,6.2360930443,,0.4347826086956521,0.4615384615384615,0,1,-6.52881,0.2401706874,4.6973781586,,0.1304347826086956,0.1538461538461538,0,1,-7.8326,0.2195722312,5.7611451149,,0.391304347826087,0.4615384615384615,0,1,-6.65082,0.2195259184,5.2111477852,,0.2608695652173913,0.3076923076923077,0,1,-8.12362,0.2145820111,5.4910349846,,0.391304347826087,0.6153846153846154,0,1,-7.46741,0.2014511228,5.4495482445,,0.391304347826087,0.6153846153846154,0,1,-7.88799,0.1982832998,5.9164395332,,0.4347826086956521,0.4615384615384615,0,1,-6.39026,0.1953971833,5.7956213951,,0.3043478260869565,0.4615384615384615,0,1,-6.66057,0.1873322427,5.7292246819,,0.391304347826087,0.4615384615384615,0,1,10
ZINC000008790310,-7.05514,0.3511834741,6.6243128777,,0.3478260869565217,0.4615384615384615,0,1,-7.02214,0.2441941351,6.647175312,,0.391304347826087,0.5384615384615384,0,1,-6.64946,0.2146289796,5.3387618065,,0.3043478260869565,0.4615384615384615,0,1,-7.43778,0.1906668395,6.4229340553,,0.391304347826087,0.4615384615384615,0,1,-7.88315,0.1814545542,6.2356991768,,0.3043478260869565,0.3076923076923077,0,1,-7.27931,0.1754955798,6.4600090981,,0.3478260869565217,0.5384615384615384,0,1,-8.17769,0.1735117882,6.1841826439,,0.217391304347826,0.3846153846153846,0,1,-7.37946,0.1705389768,6.4536266327,,0.391304347826087,0.4615384615384615,0,1,-6.51712,0.1606805772,6.295689106,,0.2608695652173913,0.3076923076923077,0,1,-8.08823,0.156626597,6.5397491455,,0.2608695652173913,0.2307692307692307,0,1,10
ZINC000008790607,-8.15006,0.6892419457,6.3463096619,,0.4347826086956521,0.4615384615384615,0,1,-8.462,0.4758034348,5.8456511497,,0.3478260869565217,0.4615384615384615,0,1,-7.89109,0.4592044055,5.6137294769,,0.4347826086956521,0.6153846153846154,0,1,-7.49925,0.4511188567,5.969438076,,0.391304347826087,0.3846153846153846,0,1,-7.99288,0.4379171431,5.7797055244,,0.391304347826087,0.5384615384615384,0,1,-7.19082,0.3476390243,5.8989892006,,0.391304347826087,0.4615384615384615,0,1,-7.36765,0.2663586438,5.3540897369,,0.3478260869565217,0.3846153846153846,0,1,-7.43235,0.2517294288,5.5820655823,,0.4347826086956521,0.6153846153846154,0,1,-7.80322,0.2478897721,5.7569041252,,0.4347826086956521,0.5384615384615384,0,1,-7.81671,0.2446614355,5.5285339355,,0.217391304347826,0.2307692307692307,0,1,10
ZINC000008791179,-7.9804,0.4627369642,5.6988167763,,0.391304347826087,0.6153846153846154,0,1,-7.79605,0.3792999089,5.9160990715,,0.391304347826087,0.5384615384615384,0,1,-8.17054,0.3612393439,5.9414906502,,0.391304347826087,0.5384615384615384,0,1,-7.83041,0.3280035853,5.9502072334,,0.391304347826087,0.5384615384615384,0,1,-7.22864,0.3085380197,6.1735572815,,0.3478260869565217,0.3846153846153846,0,1,-6.71429,0.2404581159,4.8078460693,,0.217391304347826,0.3076923076923077,0,1,-7.85611,0.2263936549,5.8167209625,,0.2608695652173913,0.4615384615384615,0,1,-7.6667,0.198155269,5.7593255043,,0.3478260869565217,0.6153846153846154,0,1,-6.41552,0.1972459257,4.6446461678,,0.1739130434782608,0.3076923076923077,0,1,-7.08807,0.186237067,5.9255981445,,0.5652173913043478,0.6923076923076923,0,1,10
ZINC000008791511,-7.98575,0.2767744064,6.8287816048,,0.6956521739130435,0.9230769230769232,0,1,-7.85209,0.2761955261,6.7383503914,,0.6521739130434783,0.7692307692307693,0,1,-7.79777,0.2468487024,6.7689723969,,0.5217391304347826,0.5384615384615384,0,1,-7.49238,0.230464682,6.4263157845,,0.6086956521739131,0.6923076923076923,0,1,-8.1891,0.2099963874,6.778339386,,0.5652173913043478,0.7692307692307693,0,1,-7.63229,0.1696813107,6.1148796082,,0.5652173913043478,0.6923076923076923,0,1,-7.62538,0.1638667434,6.1785144806,,0.5652173913043478,0.6153846153846154,0,1,-7.77267,0.1512078792,6.0880465508,,0.6086956521739131,0.7692307692307693,0,1,-7.54242,0.1510490775,5.7874045372,,0.4782608695652174,0.5384615384615384,0,1,-8.61341,0.1453025639,5.6907773018,,0.5652173913043478,0.5384615384615384,0,1,10
ZINC000008817748,-5.12636,0.4317734241,4.716814518,,0.217391304347826,0.1538461538461538,0,1,-6.45836,0.3869811893,4.8296217918,,0.3478260869565217,0.3846153846153846,0,1,-5.76918,0.3686773777,4.9989795685,,0.3478260869565217,0.3846153846153846,0,1,-5.53384,0.3569338024,4.8461260796,,0.3478260869565217,0.3076923076923077,0,1,-6.27206,0.3528775275,4.9484014511,,0.3478260869565217,0.3846153846153846,0,1,-6.17654,0.2947995365,4.6169624329,,0.3043478260869565,0.3076923076923077,0,1,-7.08732,0.286149323,5.4241867065,,0.3478260869565217,0.3846153846153846,0,1,-5.15552,0.2579860091,4.5082573891,,0.2608695652173913,0.3076923076923077,0,1,-5.37922,0.2467280328,4.9308791161,,0.2608695652173913,0.2307692307692307,0,1,-5.84626,0.2401181906,5.0336956978,,0.2608695652173913,0.2307692307692307,0,1,10
ZINC000008876451,-9.51185,0.3839729428,6.4027957916,,0.6521739130434783,0.6923076923076923,0,1,-9.12236,0.3304820657,6.5117154121,,0.6086956521739131,0.6923076923076923,0,1,-9.19699,0.2798446715,6.2811164856,,0.6086956521739131,0.6923076923076923,0,1,-7.78656,0.2546915114,6.2184214592,,0.5652173913043478,0.7692307692307693,0,1,-8.64608,0.2465295792,6.42486763,,0.5217391304347826,0.5384615384615384,0,1,-8.46419,0.2296600789,6.1528568268,,0.5217391304347826,0.5384615384615384,0,1,-7.7755,0.2030896991,5.9972138405,,0.5652173913043478,0.7692307692307693,0,1,-7.56226,0.1746536046,5.504635334,,0.391304347826087,0.5384615384615384,0,1,-8.54456,0.1719741821,5.9568500519,,0.6956521739130435,0.8461538461538461,0,1,-7.47821,0.170136556,5.8176865578,,0.4782608695652174,0.5384615384615384,0,1,10
ZINC000008876706,-8.49766,0.6392464042,7.039080143,,0.4347826086956521,0.4615384615384615,0,1,-7.38415,0.5335313678,7.1345515251,,0.6521739130434783,0.7692307692307693,0,1,-7.862,0.4731283784,7.1472287178,,0.4347826086956521,0.5384615384615384,0,1,-7.6207,0.4268712401,6.9961676598,,0.391304347826087,0.5384615384615384,0,1,-7.68068,0.3828800321,6.5154604912,,0.391304347826087,0.6153846153846154,0,1,-8.18532,0.3142407238,6.9546737671,,0.3043478260869565,0.4615384615384615,0,1,-5.86674,0.2871665061,4.9227585793,,0.217391304347826,0.3076923076923077,0,1,-8.24072,0.2416123599,6.6021924019,,0.3478260869565217,0.3846153846153846,0,1,-7.48384,0.2217374742,6.3344120979,,0.4782608695652174,0.7692307692307693,0,1,-6.45806,0.2172295898,5.4915866852,,0.3043478260869565,0.4615384615384615,0,1,10
ZINC000008894054,-6.71053,0.8602024913,6.8956875801,,0.6086956521739131,0.8461538461538461,0,1,-7.52014,0.7971221805,6.6619143486,,0.5217391304347826,0.7692307692307693,0,1,-6.82554,0.7190769911,6.6222462654,,0.5652173913043478,0.7692307692307693,0,1,-6.63562,0.4836801589,6.2327346802,,0.391304347826087,0.5384615384615384,0,1,-8.11363,0.4763248861,6.2301878929,,0.6086956521739131,0.8461538461538461,0,1,-7.33576,0.4255574942,6.1547045708,,0.4347826086956521,0.6153846153846154,0,1,-7.12237,0.4104423523,5.9179024696,,0.391304347826087,0.5384615384615384,0,1,-7.03472,0.3731155992,6.1972498894,,0.4347826086956521,0.6153846153846154,0,1,-6.92337,0.3401789069,6.0999541283,,0.5217391304347826,0.6923076923076923,0,1,-7.16291,0.3341514766,6.0027575493,,0.5652173913043478,0.6923076923076923,0,1,10
ZINC000008918256,-7.11907,0.4138161242,6.1649823189,,0.5217391304347826,0.6923076923076923,0,1,-7.99639,0.3650342226,6.4593930244,,0.6086956521739131,0.7692307692307693,0,1,-6.83576,0.3248807788,6.133928299,,0.4347826086956521,0.6923076923076923,0,1,-8.24309,0.2993093729,6.3086490631,,0.5652173913043478,0.7692307692307693,0,1,-7.69198,0.2604078054,6.2473282814,,0.6956521739130435,0.7692307692307693,0,1,-8.62239,0.2541110516,6.237724781,,0.6956521739130435,0.7692307692307693,0,1,-8.45057,0.2534478605,5.8293170929,,0.6521739130434783,0.8461538461538461,0,1,-8.03131,0.1925523579,5.4764227867,,0.5652173913043478,0.6923076923076923,0,1,-8.01972,0.1911922693,6.0175495148,,0.4782608695652174,0.6153846153846154,0,1,-7.15111,0.1910202503,5.8397140503,,0.4347826086956521,0.6153846153846154,0,1,10
ZINC000008952692,-7.3607,0.6511603594,6.422601223,,0.5217391304347826,0.5384615384615384,0,1,-6.86486,0.4684105217,6.0818557739,,0.217391304347826,0.3076923076923077,0,1,-7.91424,0.3232153952,6.2775559425,,0.5217391304347826,0.6923076923076923,0,1,-6.76308,0.3060055673,6.1732010841,,0.3043478260869565,0.3846153846153846,0,1,-7.88749,0.281336993,6.2493643761,,0.5217391304347826,0.6153846153846154,0,1,-7.00256,0.2613935173,6.0616092682,,0.391304347826087,0.4615384615384615,0,1,-6.74978,0.2581711709,5.7343382835,,0.2608695652173913,0.3076923076923077,0,1,-7.4803,0.253185302,6.2660384178,,0.391304347826087,0.5384615384615384,0,1,-7.92155,0.2474662066,6.1871094704,,0.3478260869565217,0.5384615384615384,0,1,-7.14434,0.238369748,5.7872314453,,0.4782608695652174,0.4615384615384615,0,1,10
ZINC000008972180,-8.54006,0.4393059909,6.7179760933,,0.3043478260869565,0.3846153846153846,0,1,-7.9501,0.438854754,6.9165458679,,0.3043478260869565,0.4615384615384615,0,1,-6.01989,0.3439353406,6.4611625671,,0.4347826086956521,0.5384615384615384,0,1,-5.84258,0.3153605461,6.3754277229,,0.5217391304347826,0.6153846153846154,0,1,-6.16975,0.250780344,5.7332825661,,0.4347826086956521,0.5384615384615384,0,1,-6.1839,0.2465815842,5.521958828,,0.3478260869565217,0.3846153846153846,0,1,-8.15352,0.2199124992,5.827899456,,0.4347826086956521,0.4615384615384615,0,1,-5.69207,0.1962842643,4.2799601555,,0.3043478260869565,0.3076923076923077,0,1,-5.96094,0.1945587397,5.6620426178,,0.391304347826087,0.4615384615384615,0,1,-7.73186,0.1937819123,5.6405262947,,0.4782608695652174,0.5384615384615384,0,1,10
ZINC000009113597,-6.72837,0.5581133366,5.9063720703,,0.3478260869565217,0.4615384615384615,0,1,-7.65055,0.5360262394,6.1033263206,,0.8260869565217391,0.8461538461538461,0,1,-7.82572,0.4113028944,5.7632660866,,0.5652173913043478,0.6923076923076923,0,1,-8.02831,0.4095135629,5.9127869606,,0.4782608695652174,0.5384615384615384,0,1,-7.18069,0.4079924822,6.0203900337,,0.5652173913043478,0.6923076923076923,0,1,-7.97493,0.4027996659,5.9456677437,,0.4782608695652174,0.5384615384615384,0,1,-8.02647,0.374692142,5.6246695518,,0.5217391304347826,0.6153846153846154,0,1,-7.64045,0.3668580055,6.0243782997,,0.5652173913043478,0.6923076923076923,0,1,-7.24985,0.362560302,6.072496891,,0.5652173913043478,0.6923076923076923,0,1,-7.23454,0.3591275215,6.0422320366,,0.5652173913043478,0.6923076923076923,0,1,10
ZINC000009163371,-7.89776,0.561158061,7.0849776268,,0.6086956521739131,0.8461538461538461,0,1,-6.67416,0.3700550795,5.6918101311,,0.217391304347826,0.3076923076923077,0,1,-7.71331,0.3415380716,6.6147227287,,0.4782608695652174,0.6153846153846154,0,1,-5.734,0.2854064107,5.335703373,,0.217391304347826,0.2307692307692307,0,1,-5.90931,0.2743660808,5.499227047,,0.217391304347826,0.3076923076923077,0,1,-5.78852,0.2252547294,4.8660297394,,0.3478260869565217,0.3846153846153846,0,1,-5.67994,0.183040306,5.0886192322,,0.1739130434782608,0.3076923076923077,0,1,-6.94065,0.1721177548,6.1483902931,,0.5217391304347826,0.6923076923076923,0,1,-6.78095,0.1531834304,5.236849308,,0.3478260869565217,0.4615384615384615,0,1,-5.564,0.1365997344,4.7414226532,,0.217391304347826,0.3076923076923077,0,1,10
ZINC000009164112,-7.65516,0.3548134863,6.5691304207,,0.5217391304347826,0.6923076923076923,0,1,-7.32881,0.2506161928,6.4981384277,,0.4782608695652174,0.6153846153846154,0,1,-7.48169,0.2123079896,6.5291342735,,0.6521739130434783,0.8461538461538461,0,1,-5.70268,0.2035746127,5.2535252571,,0.217391304347826,0.2307692307692307,0,1,-5.99613,0.1743451208,5.425327301,,0.3478260869565217,0.3846153846153846,0,1,-5.4651,0.1686971188,5.3841056824,,0.1739130434782608,0.2307692307692307,0,1,-5.6337,0.1483728439,4.3491663933,,0.1304347826086956,0.2307692307692307,0,1,-5.56064,0.1457953751,4.6917247772,,0.217391304347826,0.2307692307692307,0,1,-8.09192,0.1303318441,5.1660995483,,0.3043478260869565,0.3846153846153846,0,1,-6.2135,0.1299523562,5.8690104485,,0.3043478260869565,0.3846153846153846,0,1,10
ZINC000009184712,-6.39774,0.2800629139,6.0721344948,,0.3478260869565217,0.3076923076923077,0,1,-6.96849,0.2379404902,6.5841002464,,0.3478260869565217,0.3846153846153846,0,1,-6.54765,0.1992391497,6.4928474426,,0.391304347826087,0.4615384615384615,0,1,-6.3907,0.1552844495,4.413233757,,0.3043478260869565,0.4615384615384615,0,1,-6.24303,0.1434134096,5.7581734657,,0.4347826086956521,0.6153846153846154,0,1,-6.3446,0.1323095411,6.2633957863,,0.4347826086956521,0.6153846153846154,1,1,-7.18876,0.1277066767,5.2724919319,,0.2608695652173913,0.3846153846153846,0,1,-7.45176,0.1271166503,5.674469471,,0.3478260869565217,0.4615384615384615,0,1,-6.58436,0.1256720573,5.9833340645,,0.391304347826087,0.5384615384615384,1,1,-6.56881,0.1238714457,5.6577849388,,0.391304347826087,0.6153846153846154,0,1,10
ZINC000009310796,-8.9337,0.2390773892,6.1873812675,,0.4347826086956521,0.6153846153846154,0,1,-8.86552,0.2343695313,6.1927142143,,0.4347826086956521,0.6153846153846154,0,1,-8.11005,0.1919570416,6.1246743202,,0.4782608695652174,0.6923076923076923,0,1,-9.19527,0.1873905063,6.0404009819,,0.4347826086956521,0.6153846153846154,0,1,-9.15992,0.1758028865,5.972840786,,0.4347826086956521,0.6153846153846154,0,1,-6.94507,0.0730277896,4.8786692619,,0.391304347826087,0.5384615384615384,0,1,-8.08159,0.06678918,5.4348807335,,0.4782608695652174,0.6153846153846154,0,1,-8.25332,0.0610230193,5.4874873161,,0.3478260869565217,0.5384615384615384,0,1,-8.23515,0.0564522035,5.4268450737,,0.4347826086956521,0.6153846153846154,0,1,-8.37492,0.0518716052,5.4241962433,,0.4347826086956521,0.6153846153846154,0,1,10
ZINC000009329394,-6.68327,0.6821878552,5.324048996,,0.4782608695652174,0.6923076923076923,0,1,-5.67694,0.6450618505,4.3437933922,,0.391304347826087,0.3846153846153846,0,1,-6.87573,0.5423869491,4.8162665367,,0.217391304347826,0.3846153846153846,0,1,-5.6715,0.4840245247,3.8482666016,,0.2608695652173913,0.3076923076923077,0,1,-5.97776,0.4803303182,5.1198935509,,0.4347826086956521,0.6153846153846154,0,1,-5.79276,0.4231951833,5.0171432495,,0.3478260869565217,0.5384615384615384,0,1,-6.36568,0.3791590929,3.8245689869,,0.4347826086956521,0.5384615384615384,0,1,-5.99694,0.3682752252,3.893695116,,0.391304347826087,0.4615384615384615,0,1,-6.02913,0.352363646,4.6072096825,,0.2608695652173913,0.3076923076923077,0,1,-7.94317,0.338074863,4.7576622963,,0.3478260869565217,0.6153846153846154,0,1,10
ZINC000009344581,-7.83714,0.3614177704,6.5615992546,,0.217391304347826,0.3076923076923077,0,1,-7.18832,0.2859245837,6.5703468323,,0.3043478260869565,0.3846153846153846,0,1,-6.21691,0.2854706347,5.1624546051,,0.4347826086956521,0.5384615384615384,0,1,-6.3365,0.2506594956,5.1578083038,,0.2608695652173913,0.3076923076923077,0,1,-7.34923,0.2361925095,6.3749089241,,0.3478260869565217,0.3846153846153846,0,1,-7.27541,0.229424715,6.6980156898,,0.4347826086956521,0.5384615384615384,0,1,-7.36697,0.2245694995,6.5312438011,,0.391304347826087,0.3846153846153846,0,1,-5.99219,0.1891023368,5.2139601707,,0.3043478260869565,0.3846153846153846,0,1,-7.50011,0.1743018627,6.5305862427,,0.217391304347826,0.3076923076923077,0,1,-6.53502,0.1606197059,4.8654456139,,0.391304347826087,0.4615384615384615,0,1,10
ZINC000009345168,-6.97866,0.3479424715,5.8137040138,,0.217391304347826,0.2307692307692307,0,1,-7.64818,0.2926632166,6.1670284271,,0.2608695652173913,0.3076923076923077,0,1,-7.77334,0.2762966454,5.9576573372,,0.5652173913043478,0.7692307692307693,0,1,-8.22162,0.2745197117,5.8322319984,,0.4782608695652174,0.6923076923076923,0,1,-7.0832,0.2609024346,5.9738483429,,0.2608695652173913,0.3076923076923077,0,1,-7.88344,0.2527985871,5.7698349953,,0.5217391304347826,0.6923076923076923,0,1,-6.89485,0.2513422966,5.6194195747,,0.217391304347826,0.3076923076923077,0,1,-7.73735,0.2492301166,5.9433269501,,0.4782608695652174,0.6923076923076923,0,1,-8.60376,0.2465713918,5.7007470131,,0.4782608695652174,0.6923076923076923,0,1,-8.28597,0.2227196842,5.6725039482,,0.4347826086956521,0.6153846153846154,0,1,10
ZINC000009580830,-6.93792,0.3497899473,5.9313607216,,0.5217391304347826,0.6153846153846154,0,1,-6.60351,0.2500878274,5.9259643555,,0.5652173913043478,0.6153846153846154,0,1,-5.23273,0.2465054691,5.776403904,,0.4347826086956521,0.6153846153846154,0,1,-7.59438,0.1963988245,5.9182333946,,0.4782608695652174,0.6153846153846154,0,1,-6.32062,0.1536655426,5.0690689087,,0.5217391304347826,0.6153846153846154,0,1,-6.2673,0.1363832653,5.3660430908,,0.4347826086956521,0.5384615384615384,0,1,-6.52746,0.1355995685,4.6996889114,,0.217391304347826,0.2307692307692307,0,1,-6.25449,0.1222404763,5.5048718452,,0.5217391304347826,0.7692307692307693,0,1,-6.70462,0.1087918729,5.6190142632,,0.4782608695652174,0.6153846153846154,0,1,-6.17812,0.1003314331,5.442460537,,0.2608695652173913,0.3076923076923077,0,1,10
ZINC000009631560,-7.05601,0.648214519,6.3921837807,,0.5217391304347826,0.6153846153846154,0,1,-7.13748,0.6401128769,6.1798443794,,0.5217391304347826,0.6153846153846154,0,1,-6.98503,0.6372866631,6.317343235,,0.5217391304347826,0.6923076923076923,0,1,-7.10538,0.5672935843,6.1196198463,,0.391304347826087,0.6153846153846154,0,1,-6.63056,0.3552280366,6.0978455544,,0.5652173913043478,0.6923076923076923,0,1,-6.53889,0.3460068107,5.7919754982,,0.3478260869565217,0.4615384615384615,0,1,-6.52946,0.306317836,5.8477725983,,0.4347826086956521,0.5384615384615384,0,1,-6.41815,0.2479233891,5.4941353798,,0.4782608695652174,0.6153846153846154,0,1,-6.35327,0.2222693115,5.655418396,,0.1304347826086956,0.1538461538461538,0,1,-6.89877,0.1724533439,5.1956715584,,0.1739130434782608,0.2307692307692307,0,1,10
ZINC000009640596,-6.55273,0.1728415787,5.3019394875,,0.391304347826087,0.3846153846153846,0,1,-6.67265,0.1501396447,4.9661259651,,0.4347826086956521,0.4615384615384615,0,1,-7.47629,0.1420446336,4.9990420341,,0.4347826086956521,0.4615384615384615,0,1,-6.91374,0.1406198889,5.5370612144,,0.3043478260869565,0.4615384615384615,0,1,-6.14101,0.1382523924,4.7972297668,,0.4782608695652174,0.6153846153846154,0,1,-6.12099,0.1343021244,4.9848680496,,0.391304347826087,0.4615384615384615,0,1,-6.47356,0.1300783306,4.747780323,,0.3478260869565217,0.3846153846153846,0,1,-6.26343,0.1290184855,4.8880577087,,0.4347826086956521,0.4615384615384615,0,1,-6.64375,0.128784433,5.0278549194,,0.3478260869565217,0.4615384615384615,0,1,-6.18845,0.1277732849,5.3322906494,,0.3043478260869565,0.3846153846153846,0,1,10
ZINC000009698202,-7.89393,0.8567764759,6.6791100502,,0.6521739130434783,0.6923076923076923,0,1,-7.08022,0.7897806168,6.7116699219,,0.4347826086956521,0.4615384615384615,0,1,-7.54227,0.7297604084,6.6562609673,,0.4347826086956521,0.5384615384615384,0,1,-7.91359,0.7068460584,6.5684533119,,0.4782608695652174,0.5384615384615384,0,1,-7.11604,0.6820136905,6.5954856873,,0.5217391304347826,0.6923076923076923,0,1,-7.494,0.6647127271,6.5422382355,,0.6521739130434783,0.6153846153846154,0,1,-7.97491,0.6507624388,6.6031761169,,0.5217391304347826,0.6153846153846154,0,1,-7.84573,0.6500362754,6.5006847382,,0.6086956521739131,0.6923076923076923,0,1,-8.6447,0.6315594912,6.3800868988,,0.6521739130434783,0.7692307692307693,0,1,-8.30689,0.542083621,6.3848547935,,0.5652173913043478,0.6923076923076923,0,1,10
ZINC000009775114,-8.12665,0.5350013375,6.799097538,,0.6086956521739131,0.7692307692307693,0,1,-7.78295,0.5276795626,6.7541847229,,0.6086956521739131,0.7692307692307693,0,1,-8.03744,0.5240001678,6.9029583931,,0.6086956521739131,0.7692307692307693,0,1,-7.06643,0.4932669103,7.0304875374,,0.4782608695652174,0.6153846153846154,0,1,-7.80227,0.4721327126,6.6480445862,,0.5652173913043478,0.6923076923076923,0,1,-7.47138,0.4713187516,6.5068778992,,0.6086956521739131,0.7692307692307693,0,1,-7.62404,0.4448018074,6.2759823799,,0.6086956521739131,0.7692307692307693,0,1,-7.8854,0.4195552468,6.5238471031,,0.6521739130434783,0.8461538461538461,0,1,-7.7819,0.4105257392,6.5418720245,,0.6521739130434783,0.8461538461538461,0,1,-8.20591,0.4082459807,6.2317204475,,0.5652173913043478,0.6923076923076923,0,1,10
ZINC000010159647,-9.00668,0.2488355637,5.9499492645,,0.391304347826087,0.6153846153846154,0,1,-8.22488,0.204840526,6.0629372597,,0.6521739130434783,0.8461538461538461,0,1,-9.20675,0.1947771013,6.0046463013,,0.3043478260869565,0.5384615384615384,0,1,-8.71226,0.1490907073,6.2697196007,,0.4782608695652174,0.7692307692307693,0,1,-7.73249,0.1482512951,5.009519577,,0.2608695652173913,0.3076923076923077,0,1,-7.88048,0.1415021271,5.0878844261,,0.5217391304347826,0.6923076923076923,0,1,-7.93638,0.1292884052,5.1058468819,,0.4347826086956521,0.5384615384615384,0,1,-7.75101,0.1269576102,4.4993424416,,0.217391304347826,0.3076923076923077,0,1,-7.94963,0.1268599182,5.0955591202,,0.5652173913043478,0.6923076923076923,0,1,-7.44485,0.1243903488,5.5845627785,,0.5652173913043478,0.6923076923076923,0,1,10
ZINC000010160023,-8.63456,0.3157938719,5.9580249786,,0.391304347826087,0.5384615384615384,0,1,-7.10851,0.2282085866,5.3524508476,,0.4782608695652174,0.5384615384615384,0,1,-9.11275,0.2070765346,5.5270695686,,0.391304347826087,0.5384615384615384,0,1,-7.19028,0.2052164376,5.2318668365,,0.4347826086956521,0.6153846153846154,0,1,-7.58029,0.1908385903,4.9742927551,,0.217391304347826,0.3076923076923077,0,1,-7.48026,0.1876627952,5.2333340645,,0.3478260869565217,0.4615384615384615,0,1,-8.71782,0.1778016388,5.8854842186,,0.4347826086956521,0.6153846153846154,0,1,-8.40046,0.1686549187,5.00791502,,0.5217391304347826,0.6153846153846154,0,1,-7.24656,0.1639470309,5.7475056648,,0.4347826086956521,0.6153846153846154,0,1,-7.99874,0.1573754847,5.227648735,,0.4347826086956521,0.6153846153846154,0,1,10
ZINC000010188268,-7.55251,0.505459249,6.2117142677,,0.6086956521739131,0.7692307692307693,0,1,-7.77733,0.3617357016,5.6993889809,,0.5652173913043478,0.6153846153846154,0,1,-7.30586,0.3551050425,5.9868798256,,0.3478260869565217,0.5384615384615384,0,1,-7.3798,0.3073889017,6.1183791161,,0.4347826086956521,0.6153846153846154,0,1,-7.1537,0.3053392172,6.0533032417,,0.3478260869565217,0.5384615384615384,0,1,-7.55478,0.2900136411,5.9739508629,,0.4347826086956521,0.6153846153846154,0,1,-7.43071,0.269207567,5.9027457237,,0.3478260869565217,0.5384615384615384,0,1,-7.46026,0.2473908067,5.7360267639,,0.2608695652173913,0.3076923076923077,0,1,-7.04665,0.245462209,5.9105505943,,0.391304347826087,0.6153846153846154,0,1,-7.22483,0.2253877223,5.8569016457,,0.4347826086956521,0.6153846153846154,0,1,10
ZINC000010494680,-6.11459,0.6138342619,6.056043148,,0.217391304347826,0.2307692307692307,0,1,-6.89462,0.4581610858,6.2325739861,,0.6086956521739131,0.7692307692307693,0,1,-5.45785,0.4250537753,5.1746516228,,0.1739130434782608,0.1538461538461538,0,1,-6.33828,0.3029542863,5.5578742027,,0.2608695652173913,0.3076923076923077,0,1,-5.89961,0.2438900918,6.3741784096,,0.5652173913043478,0.6153846153846154,0,1,-5.67437,0.1953444183,5.4320912361,,0.2608695652173913,0.2307692307692307,0,1,-5.46058,0.1773168147,4.6293144226,,0.3478260869565217,0.3846153846153846,0,1,-5.64966,0.1632103622,4.7110085487,,0.217391304347826,0.2307692307692307,0,1,-5.51543,0.143145442,5.3416228294,,0.391304347826087,0.3846153846153846,0,1,-6.28922,0.1297357678,4.9022212029,,0.2608695652173913,0.3076923076923077,0,1,10
ZINC000011865442,-7.50545,0.7620044947,6.626470089,,0.391304347826087,0.5384615384615384,0,1,-6.32337,0.5986019969,6.6258239746,,0.6956521739130435,0.9230769230769232,0,1,-6.53042,0.5604948401,6.5587582588,,0.6086956521739131,0.8461538461538461,0,1,-7.81387,0.5224588513,6.8570656776,,0.391304347826087,0.6153846153846154,0,1,-7.72981,0.4939688444,6.6815924644,,0.6521739130434783,0.8461538461538461,0,1,-6.28804,0.4768268764,6.6883101463,,0.6086956521739131,0.7692307692307693,0,1,-6.63835,0.4497659206,6.4498076439,,0.6086956521739131,0.8461538461538461,0,1,-7.60838,0.4478012919,6.2082848549,,0.2608695652173913,0.4615384615384615,0,1,-6.32611,0.4346898794,6.3306469917,,0.2608695652173913,0.4615384615384615,0,1,-7.77241,0.417099297,6.1834492683,,0.391304347826087,0.4615384615384615,0,1,10
ZINC000012347386,-7.8019,0.7362241745,6.0971503258,,0.4347826086956521,0.6153846153846154,0,1,-8.02183,0.7067795992,6.2383971214,,0.4347826086956521,0.6923076923076923,0,1,-7.37797,0.6398074031,5.975194931,,0.5217391304347826,0.6923076923076923,0,1,-7.93303,0.6040551662,6.1733379364,,0.391304347826087,0.6153846153846154,0,1,-8.22023,0.5755504966,6.1226272583,,0.4347826086956521,0.6923076923076923,0,1,-6.24526,0.5355898142,6.0518436432,,0.3478260869565217,0.5384615384615384,0,1,-6.61963,0.5069696307,5.7999386787,,0.1739130434782608,0.3076923076923077,0,1,-6.44073,0.4411410391,5.4572405815,,0.4347826086956521,0.4615384615384615,0,1,-7.95643,0.4357681274,5.873468399,,0.4347826086956521,0.6153846153846154,0,1,-6.2409,0.414182812,5.9124507904,,0.5652173913043478,0.6923076923076923,0,1,10
ZINC000012368465,-5.55642,0.5962634683,6.1079883575,,0.2608695652173913,0.3846153846153846,0,1,-6.29945,0.5456713438,5.525282383,,0.1739130434782608,0.3076923076923077,0,1,-6.29416,0.5062026978,5.6314659119,,0.1739130434782608,0.3846153846153846,0,1,-6.32783,0.4897690713,5.8466029167,,0.3478260869565217,0.5384615384615384,0,1,-6.19342,0.4710385799,5.7055516243,,0.3043478260869565,0.3076923076923077,0,1,-6.12268,0.4441777766,5.8327441216,,0.3478260869565217,0.5384615384615384,0,1,-6.11591,0.4417769313,5.7990136147,,0.4347826086956521,0.6923076923076923,0,1,-6.66302,0.4302770495,5.6963810921,,0.4347826086956521,0.4615384615384615,0,1,-6.37775,0.4095497727,5.8051943779,,0.391304347826087,0.6153846153846154,0,1,-5.75583,0.396566987,4.8819675446,,0.217391304347826,0.2307692307692307,0,1,10
ZINC000012371427,-8.26308,0.6841270924,6.8301997185,,0.7391304347826086,0.8461538461538461,0,1,-8.44152,0.5253500342,5.7834715843,,0.5217391304347826,0.5384615384615384,0,1,-7.45047,0.3880163729,6.2953724861,,0.4782608695652174,0.6153846153846154,0,1,-8.32495,0.3613173366,6.1573443413,,0.4782608695652174,0.6153846153846154,0,1,-7.3799,0.3403780758,6.3992519379,,0.5652173913043478,0.7692307692307693,0,1,-7.51333,0.3335823715,6.2885804176,,0.5652173913043478,0.6923076923076923,0,1,-6.52462,0.3290601075,6.2476935387,,0.6086956521739131,0.6153846153846154,0,1,-7.50323,0.2958467603,6.2072997093,,0.6086956521739131,0.8461538461538461,0,1,-8.5813,0.2803631723,5.6766986847,,0.4782608695652174,0.6153846153846154,0,1,-6.12735,0.2788650095,5.2263760567,,0.3478260869565217,0.3846153846153846,0,1,10
ZINC000012473103,-5.26213,0.2207753807,5.3137030602,,0.1739130434782608,0.1538461538461538,0,1,-6.71159,0.1859840453,4.9419951439,,0.4347826086956521,0.4615384615384615,0,1,-7.20263,0.177624926,4.6154232025,,0.4782608695652174,0.5384615384615384,0,1,-7.07084,0.1765077263,4.8481583595,,0.4347826086956521,0.5384615384615384,0,1,-5.11989,0.1757628322,4.0133109093,,0.391304347826087,0.3846153846153846,0,1,-6.96831,0.1621961743,4.7374329567,,0.4347826086956521,0.5384615384615384,0,1,-5.83291,0.1563180834,5.2232785225,,0.5217391304347826,0.6923076923076923,0,1,-5.95439,0.1511612684,4.9987711906,,0.4782608695652174,0.5384615384615384,0,1,-5.1935,0.1466017365,3.9706103802,,0.391304347826087,0.3846153846153846,0,1,-6.61685,0.1460327804,4.9100589752,,0.391304347826087,0.4615384615384615,0,1,10
ZINC000012494415,-4.26652,0.7767369747,3.9544346333,,0.0,0.0,0,1,-4.67319,0.7513536215,4.4783473015,,0.2608695652173913,0.3076923076923077,0,1,-4.13195,0.7486849427,3.9173619747,,0.217391304347826,0.2307692307692307,0,1,-5.04872,0.7203652859,4.1897912025,,0.2608695652173913,0.3076923076923077,0,1,-4.61431,0.6769940853,4.562019825,,0.217391304347826,0.2307692307692307,0,1,-5.38049,0.6525310874,3.4718768597,,0.2608695652173913,0.3076923076923077,0,1,-5.32197,0.59344244,3.3256714344,,0.217391304347826,0.2307692307692307,0,1,-4.07332,0.5833556652,3.6669073105,,0.2608695652173913,0.3076923076923077,0,1,-4.53615,0.5696629286,3.5021774769,,0.2608695652173913,0.3076923076923077,0,1,-4.85493,0.5621235371,3.5687246323,,0.2608695652173913,0.3076923076923077,0,1,10
ZINC000012494556,-7.53214,0.7099827528,4.8358960152,,0.5217391304347826,0.5384615384615384,0,1,-7.53049,0.5529405475,4.5118556023,,0.4782608695652174,0.4615384615384615,0,1,-7.51697,0.3759928048,4.9977889061,,0.1739130434782608,0.2307692307692307,0,1,-7.43297,0.3705804348,4.4298844337,,0.4782608695652174,0.6153846153846154,0,1,-6.73288,0.3273701668,4.5051445961,,0.2608695652173913,0.3846153846153846,0,1,-6.84264,0.3180132508,5.0563402176,,0.1739130434782608,0.2307692307692307,0,1,-8.06427,0.2689876258,4.7183589935,,0.217391304347826,0.3076923076923077,0,1,-6.61868,0.2580214143,4.9816660881,,0.1304347826086956,0.1538461538461538,0,1,-6.68681,0.2571807206,4.850789547,,0.4347826086956521,0.5384615384615384,0,1,-7.06426,0.2495368272,4.5420002937,,0.3043478260869565,0.4615384615384615,0,1,10
ZINC000012495122,-5.45806,0.8657527566,5.7224211693,,0.3043478260869565,0.3846153846153846,0,1,-5.73887,0.8473395109,5.8153300285,,0.3043478260869565,0.5384615384615384,0,1,-5.94444,0.7404357195,6.5068593025,,0.3043478260869565,0.6153846153846154,0,1,-5.32178,0.6965764761,5.4068069458,,0.3043478260869565,0.4615384615384615,0,1,-5.97751,0.6905119419,6.238348484,,0.3043478260869565,0.6153846153846154,0,1,-5.82243,0.6697356105,5.6422743797,,0.2608695652173913,0.4615384615384615,0,1,-5.68676,0.6595028639,4.7711415291,,0.3478260869565217,0.4615384615384615,0,1,-5.33234,0.5584042072,4.8982992172,,0.2608695652173913,0.3846153846153846,0,1,-5.66999,0.4837375879,5.341211319,,0.3478260869565217,0.6153846153846154,0,1,-5.7264,0.3533907533,4.7695994377,,0.1304347826086956,0.2307692307692307,0,1,10
ZINC000012501405,-8.09094,0.2236030251,5.060772419,,0.6956521739130435,0.8461538461538461,0,1,-7.6441,0.2178445458,5.5751457214,,0.6086956521739131,0.6923076923076923,0,1,-7.07237,0.1974249482,4.84755373,,0.3478260869565217,0.3846153846153846,0,1,-7.58937,0.1931496263,5.2850236893,,0.4782608695652174,0.6153846153846154,0,1,-6.40484,0.1657696813,5.131942749,,0.4782608695652174,0.6923076923076923,0,1,-8.18785,0.1438334137,5.3408150673,,0.4347826086956521,0.5384615384615384,0,1,-8.09005,0.1380583942,4.8391222954,,0.6521739130434783,0.8461538461538461,0,1,-7.45809,0.1147810519,4.5792503357,,0.4782608695652174,0.6923076923076923,0,1,-7.54124,0.1136389226,5.0431675911,,0.4782608695652174,0.6153846153846154,0,1,-7.33768,0.1012902483,4.4906964302,,0.5217391304347826,0.7692307692307693,0,1,10
ZINC000012501842,-5.76142,0.6617815495,4.6981062889,,0.4347826086956521,0.4615384615384615,0,1,-7.96021,0.5086100101,5.2119393349,,0.1739130434782608,0.2307692307692307,0,1,-6.04103,0.3424337804,4.9514708519,,0.3478260869565217,0.4615384615384615,0,1,-8.02218,0.289119482,5.0769939423,,0.3478260869565217,0.5384615384615384,0,1,-6.13679,0.2731697261,5.0117483139,,0.6086956521739131,0.7692307692307693,0,1,-6.60813,0.2726276219,4.4759755135,,0.4347826086956521,0.4615384615384615,0,1,-6.65285,0.1328326017,4.1307907104,,0.3478260869565217,0.3846153846153846,0,1,-6.10534,0.1287214905,4.4255695343,,0.4347826086956521,0.6923076923076923,0,1,-7.97494,0.1268520355,4.8052659035,,0.2608695652173913,0.3846153846153846,0,1,-7.65051,0.1172889397,4.6313385963,,0.217391304347826,0.3076923076923077,0,1,10
ZINC000012502783,-8.19489,0.2567531466,4.9606308937,,0.3478260869565217,0.4615384615384615,0,1,-8.19074,0.2563948333,4.9640164375,,0.6086956521739131,0.7692307692307693,0,1,-8.07811,0.223473981,5.1120862961,,0.391304347826087,0.5384615384615384,0,1,-6.64591,0.2201655209,5.4043960571,,0.5217391304347826,0.6153846153846154,0,1,-7.66799,0.1525197625,4.8563427925,,0.3478260869565217,0.4615384615384615,0,1,-6.83391,0.1480011493,4.4011483192,,0.4347826086956521,0.6923076923076923,0,1,-6.28608,0.1370972097,4.7234358788,,0.217391304347826,0.3076923076923077,0,1,-7.06935,0.0971640125,4.6788954735,,0.3043478260869565,0.4615384615384615,0,1,-6.63672,0.0806322992,4.5596251488,,0.4782608695652174,0.6923076923076923,0,1,-7.14469,0.0701405555,4.3545050621,,0.4347826086956521,0.6153846153846154,0,1,10
ZINC000012503702,-7.29062,0.3170359135,4.8874325752,,0.3478260869565217,0.3846153846153846,0,1,-6.52885,0.3160244823,5.3402352333,,0.5217391304347826,0.6923076923076923,0,1,-6.84904,0.212230131,4.5022544861,,0.391304347826087,0.4615384615384615,0,1,-6.53375,0.1913640946,4.3393669128,,0.2608695652173913,0.3846153846153846,0,1,-7.03579,0.1549631953,5.1659531593,,0.4782608695652174,0.6923076923076923,0,1,-6.71812,0.1231693774,5.1131281853,,0.6521739130434783,0.8461538461538461,0,1,-6.82785,0.114292115,4.3352355957,,0.391304347826087,0.5384615384615384,0,1,-7.14404,0.0793615282,4.8098692894,,0.4347826086956521,0.6923076923076923,0,1,-7.406,0.0755880028,4.4477372169,,0.3478260869565217,0.5384615384615384,0,1,-6.36495,0.0741771162,4.3218789101,,0.3043478260869565,0.4615384615384615,0,1,10
ZINC000012508355,-5.97835,0.2173797041,5.4385581017,,0.2608695652173913,0.3846153846153846,0,1,-6.24824,0.2148791254,5.4454274178,,0.217391304347826,0.3076923076923077,0,1,-7.36474,0.2066111267,4.7510733604,,0.5217391304347826,0.5384615384615384,0,1,-6.62478,0.2005581558,5.3439927101,,0.2608695652173913,0.3076923076923077,0,1,-7.47285,0.1993870884,4.8307814598,,0.5217391304347826,0.5384615384615384,0,1,-5.65044,0.1855090708,4.7082266808,,0.3478260869565217,0.4615384615384615,0,1,-5.47707,0.1714253873,4.2766489983,,0.217391304347826,0.2307692307692307,0,1,-6.16117,0.1585420817,4.7071442604,,0.3478260869565217,0.3846153846153846,0,1,-6.65843,0.1576029211,4.8700451851,,0.6086956521739131,0.6153846153846154,0,1,-6.73818,0.1571046114,4.6146526337,,0.391304347826087,0.4615384615384615,0,1,10
ZINC000012654785,-5.36237,0.4012280107,4.665412426,,0.1739130434782608,0.2307692307692307,0,1,-5.83538,0.2974921763,4.7195110321,,0.3478260869565217,0.3846153846153846,0,1,-7.57013,0.2934366465,6.4191093445,,0.4782608695652174,0.6153846153846154,0,1,-5.11751,0.2388666123,5.0594658852,,0.3043478260869565,0.3076923076923077,0,1,-5.29387,0.2079997361,4.90315485,,0.3478260869565217,0.3846153846153846,0,1,-5.21111,0.1960421354,4.3100204468,,0.3043478260869565,0.3846153846153846,0,1,-5.65147,0.1735645831,4.2450680733,,0.2608695652173913,0.2307692307692307,0,1,-5.15041,0.1687284261,4.5889821053,,0.2608695652173913,0.3846153846153846,0,1,-8.35636,0.1673102677,6.432867527,,0.3478260869565217,0.3846153846153846,0,1,-5.63633,0.1651427448,4.3801651001,,0.1304347826086956,0.1538461538461538,0,1,10
ZINC000012866590,-6.70974,0.3845230341,6.1428260803,,0.4347826086956521,0.4615384615384615,0,1,-8.74427,0.3700560927,6.8208141327,,0.6956521739130435,0.8461538461538461,0,1,-8.2407,0.3361195922,6.7613296509,,0.6521739130434783,0.7692307692307693,0,1,-8.13873,0.2058194876,6.4306030273,,0.6521739130434783,0.7692307692307693,0,1,-7.1654,0.1751922667,5.7134985924,,0.6956521739130435,0.8461538461538461,0,1,-7.13364,0.1709161103,5.7759876251,,0.5217391304347826,0.5384615384615384,0,1,-7.25877,0.1614201814,5.9163608551,,0.7391304347826086,0.8461538461538461,0,1,-6.92993,0.1455729455,5.7976093292,,0.3478260869565217,0.3846153846153846,0,1,-6.50904,0.1407275051,5.2636942863,,0.5652173913043478,0.6923076923076923,0,1,-6.99882,0.1348885596,5.3761029243,,0.4347826086956521,0.4615384615384615,0,1,10
ZINC000012866884,-7.41878,0.486979574,6.1298007965,,0.4782608695652174,0.6153846153846154,0,1,-6.78313,0.379565835,5.9539437294,,0.4347826086956521,0.5384615384615384,0,1,-5.51307,0.3651739061,5.9571681023,,0.4782608695652174,0.6923076923076923,0,1,-7.06505,0.3644636869,6.0204148293,,0.391304347826087,0.5384615384615384,0,1,-6.21821,0.2016734779,5.4295592308,,0.1739130434782608,0.2307692307692307,0,1,-6.26523,0.1702011377,5.4473366737,,0.3043478260869565,0.4615384615384615,0,1,-6.61798,0.1458126456,6.1630821228,,0.2608695652173913,0.4615384615384615,0,1,-5.51935,0.1191394776,5.3604111671,,0.2608695652173913,0.3846153846153846,0,1,-6.71052,0.1162940934,5.4071383476,,0.2608695652173913,0.3076923076923077,0,1,-5.18414,0.1042342484,5.331176281,,0.3043478260869565,0.4615384615384615,0,1,10
ZINC000012866975,-6.41584,0.2048586607,6.3052401543,,0.5217391304347826,0.6923076923076923,0,1,-7.01824,0.10132806,6.2019047737,,0.4347826086956521,0.6923076923076923,0,1,-5.55191,0.0946649536,5.9453759193,,0.391304347826087,0.5384615384615384,0,1,-6.72162,0.0924431458,5.532430172,,0.391304347826087,0.6153846153846154,0,1,-6.52605,0.0871984139,5.1782841682,,0.391304347826087,0.4615384615384615,0,1,-6.24306,0.085871689,5.6779856682,,0.4347826086956521,0.6153846153846154,0,1,-5.97559,0.0829034969,5.7023100853,,0.3478260869565217,0.6153846153846154,0,1,-6.12044,0.0807365924,5.2679066658,,0.391304347826087,0.4615384615384615,0,1,-6.25125,0.0804272369,5.7563843727,,0.2608695652173913,0.4615384615384615,0,1,-7.52881,0.0801574364,5.6678791046,,0.5217391304347826,0.6923076923076923,0,1,10
ZINC000012870295,-6.7139,0.4710532129,6.7281432152,,0.5217391304347826,0.7692307692307693,0,1,-7.10052,0.4470154047,6.5599932671,,0.5217391304347826,0.6923076923076923,0,1,-7.28725,0.4453400373,6.8182029724,,0.5217391304347826,0.7692307692307693,0,1,-8.44337,0.2523464561,6.1951160431,,0.391304347826087,0.5384615384615384,0,1,-7.01414,0.2336671054,6.1940879822,,0.3478260869565217,0.4615384615384615,0,1,-7.81237,0.1835456342,6.3873901367,,0.391304347826087,0.5384615384615384,0,1,-6.61247,0.1774171591,6.5261816978,,0.391304347826087,0.5384615384615384,0,1,-6.72417,0.1680933535,6.0320587158,,0.391304347826087,0.5384615384615384,0,1,-7.50608,0.1675474346,5.8146557808,,0.391304347826087,0.5384615384615384,0,1,-7.43616,0.1560358703,5.9130039215,,0.3478260869565217,0.4615384615384615,0,1,10
ZINC000012889917,-5.07722,0.4842174351,4.8567967415,,0.3478260869565217,0.3846153846153846,0,1,-8.24744,0.4825689495,6.7253627777,,0.3043478260869565,0.4615384615384615,0,1,-6.42303,0.4686425924,6.8306121826,,0.391304347826087,0.4615384615384615,0,1,-7.3023,0.4606922269,6.7939896584,,0.3043478260869565,0.4615384615384615,0,1,-5.91942,0.2686335146,5.6948833466,,0.4782608695652174,0.6153846153846154,0,1,-5.55853,0.2371558845,4.2810206413,,0.391304347826087,0.3846153846153846,0,1,-5.40528,0.2135296315,4.336458683,,0.3478260869565217,0.3846153846153846,0,1,-5.37203,0.1857322007,4.126411438,,0.2608695652173913,0.2307692307692307,0,1,-5.48044,0.1831025779,5.4045791626,,0.3043478260869565,0.3846153846153846,0,1,-5.15659,0.1757436544,4.4519705772,,0.3043478260869565,0.3076923076923077,0,1,10
ZINC000012902007,-7.37451,0.7258663774,6.1574826241,,0.4782608695652174,0.6153846153846154,0,1,-7.58892,0.6638444066,6.1518435478,,0.5217391304347826,0.6923076923076923,0,1,-6.55912,0.6134874225,5.8801593781,,0.4347826086956521,0.5384615384615384,0,1,-8.13489,0.5896840692,5.6781234741,,0.4782608695652174,0.6923076923076923,0,1,-6.99603,0.4817664325,5.8876376152,,0.4782608695652174,0.6923076923076923,0,1,-6.72148,0.2701308727,4.4895935059,,0.1739130434782608,0.3076923076923077,0,1,-8.63246,0.269097358,5.6239657402,,0.3478260869565217,0.5384615384615384,0,1,-8.31368,0.2349677682,5.2988524437,,0.4347826086956521,0.6153846153846154,0,1,-6.34404,0.2307306528,4.5156569481,,0.1304347826086956,0.2307692307692307,0,1,-7.31722,0.2260723114,5.6356778145,,0.2608695652173913,0.4615384615384615,0,1,10
ZINC000013027983,-5.8914,0.4051174819,3.7656219006,,0.2608695652173913,0.3076923076923077,0,1,-7.45149,0.4043545425,5.5340542793,,0.4782608695652174,0.5384615384615384,0,1,-7.5019,0.3967156112,5.5259270668,,0.4782608695652174,0.5384615384615384,0,1,-6.82838,0.3893886805,4.4654016495,,0.391304347826087,0.4615384615384615,0,1,-6.30601,0.3560468554,4.4666404724,,0.3478260869565217,0.3846153846153846,0,1,-6.54759,0.3547346592,4.9363360405,,0.5217391304347826,0.6153846153846154,0,1,-6.72135,0.3427948952,4.3422865868,,0.4347826086956521,0.4615384615384615,0,1,-6.34514,0.334474206,4.9495697021,,0.391304347826087,0.5384615384615384,0,1,-6.76513,0.3109169304,5.3594450951,,0.5652173913043478,0.7692307692307693,0,1,-7.01167,0.3041508198,5.3196845055,,0.5217391304347826,0.6923076923076923,0,1,10
ZINC000013031662,-5.64399,0.2224869281,4.9998245239,,0.4782608695652174,0.6923076923076923,0,1,-6.43244,0.2161354274,4.988629818,,0.217391304347826,0.2307692307692307,0,1,-5.97955,0.214636296,4.7211894989,,0.0869565217391304,0.0769230769230769,0,1,-5.58056,0.2144151479,3.7921009064,,0.217391304347826,0.2307692307692307,0,1,-5.86901,0.1982987374,4.9726600647,,0.4347826086956521,0.6153846153846154,0,1,-6.00368,0.1975697577,4.3278470039,,0.3043478260869565,0.4615384615384615,0,1,-5.61286,0.1718531549,4.1066498756,,0.217391304347826,0.3076923076923077,0,1,-5.46259,0.1645413786,3.7629215717,,0.3043478260869565,0.3076923076923077,0,1,-5.30936,0.1579212844,3.4106044769,,0.1739130434782608,0.2307692307692307,0,1,-5.78898,0.1569937766,4.0601630211,,0.3478260869565217,0.3846153846153846,0,1,10
ZINC000013032096,-6.96374,0.2195093185,5.4871087074,,0.391304347826087,0.5384615384615384,0,1,-6.22331,0.2143226564,4.9115791321,,0.3043478260869565,0.3846153846153846,0,1,-6.55527,0.1861541718,5.1428599358,,0.2608695652173913,0.3076923076923077,0,1,-7.20681,0.1771236062,5.0722155571,,0.217391304347826,0.3076923076923077,0,1,-7.41742,0.1768330038,4.8119320869,,0.4782608695652174,0.5384615384615384,0,1,-7.19846,0.1753733009,4.9686365128,,0.5217391304347826,0.5384615384615384,0,1,-6.92811,0.1750457138,5.0268268585,,0.4782608695652174,0.5384615384615384,0,1,-7.10253,0.1700383276,4.7256464958,,0.391304347826087,0.4615384615384615,0,1,-6.56085,0.1645053029,4.6594009399,,0.3478260869565217,0.4615384615384615,0,1,-6.13226,0.1621071845,4.8722271919,,0.3478260869565217,0.4615384615384615,0,1,10
ZINC000013032120,-6.74707,0.3194338977,5.7578339577,,0.4782608695652174,0.6153846153846154,0,1,-7.22233,0.3004645109,5.725725174,,0.5217391304347826,0.6923076923076923,0,1,-6.95052,0.299369812,5.4397406578,,0.6086956521739131,0.7692307692307693,0,1,-6.72908,0.2912868261,5.3600344658,,0.3478260869565217,0.3846153846153846,0,1,-6.70945,0.2884996831,5.1138749123,,0.391304347826087,0.3076923076923077,0,1,-6.67692,0.2568611503,5.2073111534,,0.1739130434782608,0.2307692307692307,0,1,-6.372,0.255295217,5.1485500336,,0.2608695652173913,0.3846153846153846,0,1,-6.66989,0.2548562884,4.9476494789,,0.3043478260869565,0.3076923076923077,0,1,-6.29751,0.2401543558,5.0173282623,,0.3478260869565217,0.3846153846153846,0,1,-6.58088,0.2368008494,5.8038544655,,0.5217391304347826,0.6153846153846154,0,1,10
ZINC000013059061,-5.52318,0.4069133997,5.4117445946,,0.3478260869565217,0.3846153846153846,0,1,-6.97901,0.3899070919,5.2752404213,,0.2608695652173913,0.3076923076923077,0,1,-6.76027,0.3462348878,5.5961265564,,0.3043478260869565,0.5384615384615384,0,1,-5.76443,0.3297448754,5.4924278259,,0.3478260869565217,0.4615384615384615,0,1,-5.61341,0.3294907808,4.3556642532,,0.4347826086956521,0.4615384615384615,0,1,-5.10347,0.3160363138,4.3050193787,,0.217391304347826,0.3076923076923077,0,1,-5.44692,0.3144523501,4.854947567,,0.2608695652173913,0.3076923076923077,0,1,-5.99815,0.3024373055,5.0823955536,,0.1739130434782608,0.1538461538461538,0,1,-6.73671,0.2890890539,5.5698032379,,0.2608695652173913,0.4615384615384615,0,1,-6.45919,0.2784039974,5.4341425896,,0.3043478260869565,0.3846153846153846,0,1,10
ZINC000013078865,-5.19938,0.4754781425,4.1644711494,,0.217391304347826,0.3076923076923077,0,1,-6.68777,0.4024394751,5.2295303345,,0.3043478260869565,0.3846153846153846,0,1,-5.61762,0.3173727095,4.1148724556,,0.217391304347826,0.3076923076923077,0,1,-6.86348,0.2872444391,5.2713389397,,0.3478260869565217,0.4615384615384615,0,1,-6.33413,0.2455159575,5.2869853973,,0.3478260869565217,0.5384615384615384,0,1,-6.79686,0.2325013876,4.9716663361,,0.217391304347826,0.3846153846153846,0,1,-5.30914,0.221092537,4.5948905945,,0.217391304347826,0.2307692307692307,0,1,-5.95093,0.2093871236,5.1865296364,,0.4347826086956521,0.6153846153846154,0,1,-5.51654,0.1913091987,4.5855250359,,0.391304347826087,0.5384615384615384,0,1,-6.22848,0.190433234,5.1005077362,,0.391304347826087,0.6923076923076923,0,1,10
ZINC000013078866,-6.87412,0.6429230571,5.7125983238,,0.4782608695652174,0.5384615384615384,0,1,-6.93389,0.5428239107,5.7215676308,,0.3043478260869565,0.4615384615384615,0,1,-7.18885,0.5288872123,5.5012564659,,0.3478260869565217,0.4615384615384615,0,1,-6.34959,0.4456016421,5.3756814003,,0.5217391304347826,0.6153846153846154,0,1,-6.98766,0.3780945241,5.7854409218,,0.3043478260869565,0.4615384615384615,0,1,-6.55611,0.3736684322,5.7204298973,,0.3478260869565217,0.4615384615384615,0,1,-6.90036,0.3611479104,5.4250798225,,0.3478260869565217,0.3846153846153846,0,1,-7.18119,0.3458616436,5.7499146461,,0.2608695652173913,0.3076923076923077,0,1,-7.04606,0.3344017565,5.4849777222,,0.391304347826087,0.5384615384615384,0,1,-5.92839,0.3128555119,5.1000819206,,0.4782608695652174,0.6923076923076923,0,1,10
ZINC000013082299,-8.60864,0.1930580139,5.2982077599,,0.3043478260869565,0.3846153846153846,0,1,-7.67584,0.1921135634,4.9659104347,,0.1739130434782608,0.2307692307692307,0,1,-8.02794,0.1501026899,6.0912690163,,0.391304347826087,0.5384615384615384,0,1,-7.57947,0.1456257999,4.6260848045,,0.2608695652173913,0.3846153846153846,0,1,-7.63543,0.1302053481,5.0768508911,,0.4782608695652174,0.6153846153846154,0,1,-8.75641,0.1244253665,5.7821831703,,0.4782608695652174,0.6153846153846154,0,1,-8.15131,0.1225933209,5.132584095,,0.3478260869565217,0.4615384615384615,0,1,-8.18187,0.1208717376,4.8739724159,,0.4782608695652174,0.6153846153846154,0,1,-7.48796,0.1205018908,5.0760455132,,0.3043478260869565,0.3846153846153846,0,1,-9.41229,0.1162915081,5.8512196541,,0.3478260869565217,0.4615384615384615,0,1,10
ZINC000013093547,-8.91633,0.3516440988,6.1594352722,,0.5652173913043478,0.7692307692307693,0,1,-8.90605,0.3398725688,6.1428236961,,0.5217391304347826,0.6923076923076923,0,1,-7.43091,0.2776915729,6.0767879486,,0.4782608695652174,0.6153846153846154,0,1,-7.93127,0.2560883462,5.8417701721,,0.6086956521739131,0.7692307692307693,0,1,-7.98345,0.2447628081,5.7917618752,,0.5652173913043478,0.7692307692307693,0,1,-8.22704,0.2169777006,5.5347037315,,0.5652173913043478,0.7692307692307693,0,1,-8.89948,0.2029387653,5.2958111763,,0.6086956521739131,0.7692307692307693,0,1,-7.92956,0.191399917,5.3292541504,,0.5652173913043478,0.6923076923076923,0,1,-7.14773,0.1912740618,5.5370745659,,0.3043478260869565,0.3846153846153846,0,1,-7.80159,0.1890234649,5.6775107384,,0.4782608695652174,0.6153846153846154,0,1,10
ZINC000013239514,-6.49675,0.6656997204,5.033633709,,0.4347826086956521,0.4615384615384615,0,1,-6.96539,0.6282270551,4.9536299706,,0.391304347826087,0.4615384615384615,0,1,-7.04918,0.6146687865,5.0099406242,,0.4347826086956521,0.4615384615384615,0,1,-7.29551,0.6107463837,6.1501426697,,0.4782608695652174,0.6153846153846154,0,1,-7.35198,0.6014187336,6.1621074677,,0.5217391304347826,0.6153846153846154,0,1,-6.53059,0.548227787,4.9707012177,,0.3478260869565217,0.3846153846153846,0,1,-7.29476,0.5107274055,5.8957190514,,0.4347826086956521,0.6153846153846154,0,1,-7.2936,0.5088028312,5.8743419647,,0.4347826086956521,0.6153846153846154,0,1,-6.76985,0.492462635,4.8080859184,,0.391304347826087,0.4615384615384615,0,1,-6.84965,0.4512394667,4.4687075615,,0.4347826086956521,0.4615384615384615,0,1,10
ZINC000013262008,-7.676,0.3964522183,6.2634835243,,0.4782608695652174,0.6923076923076923,0,1,-8.21891,0.3707325161,5.7589411736,,0.5217391304347826,0.5384615384615384,0,1,-7.30879,0.3658452928,6.0545487404,,0.4782608695652174,0.5384615384615384,0,1,-8.19885,0.3185077012,5.3319993019,,0.5217391304347826,0.5384615384615384,0,1,-6.72492,0.309856683,6.2290816307,,0.5652173913043478,0.6923076923076923,0,1,-7.55744,0.2835970223,5.4265713692,,0.4782608695652174,0.4615384615384615,0,1,-7.48363,0.2789366543,6.0486130714,,0.4347826086956521,0.6153846153846154,0,1,-8.22813,0.2690429091,5.2847218513,,0.5217391304347826,0.5384615384615384,0,1,-6.95781,0.2640058994,6.0490794182,,0.4782608695652174,0.6923076923076923,0,1,-7.33538,0.2494634092,6.2669100761,,0.5652173913043478,0.6923076923076923,0,1,10
ZINC000013310244,-7.3737,0.5257143378,6.1889462471,,0.6086956521739131,0.6923076923076923,0,1,-6.92281,0.339989841,5.7530694008,,0.4782608695652174,0.6153846153846154,0,1,-7.39985,0.3312915862,5.8026924133,,0.5652173913043478,0.7692307692307693,0,1,-7.71168,0.30895558,5.3814034462,,0.3478260869565217,0.5384615384615384,0,1,-7.10991,0.3006439507,5.7985234261,,0.6086956521739131,0.6923076923076923,0,1,-7.78971,0.2960625589,5.2791471481,,0.4782608695652174,0.6153846153846154,0,1,-7.10665,0.2930709124,5.8009872437,,0.391304347826087,0.3846153846153846,0,1,-7.67116,0.2915089428,5.7873954773,,0.391304347826087,0.6153846153846154,0,1,-6.95569,0.2763028145,5.3355097771,,0.4347826086956521,0.4615384615384615,0,1,-6.26881,0.2558069527,5.2571029663,,0.391304347826087,0.3846153846153846,0,1,10
ZINC000013359468,-5.56804,0.4057585895,5.423801899,,0.3478260869565217,0.6923076923076923,0,1,-6.44668,0.3546926081,4.9640870094,,0.217391304347826,0.3076923076923077,0,1,-5.4956,0.3522052169,3.8729670048,,0.217391304347826,0.3076923076923077,0,1,-5.62978,0.3359923065,4.4015488625,,0.0869565217391304,0.0769230769230769,0,1,-5.73583,0.3017136455,5.0507779121,,0.4347826086956521,0.6153846153846154,0,1,-7.02559,0.293335706,4.7797055244,,0.2608695652173913,0.3846153846153846,0,1,-6.8949,0.2868159413,4.8081321716,,0.3478260869565217,0.4615384615384615,0,1,-5.51252,0.2815521061,5.2762241364,,0.3478260869565217,0.5384615384615384,0,1,-6.30096,0.2531037033,4.6109137535,,0.5217391304347826,0.6153846153846154,0,1,-5.85071,0.2483145446,4.354783535,,0.217391304347826,0.2307692307692307,0,1,10
ZINC000013368554,-6.19782,0.7580285668,6.3919615746,,0.4347826086956521,0.7692307692307693,0,1,-7.09814,0.6498568058,6.3545060158,,0.4782608695652174,0.7692307692307693,0,1,-6.3069,0.5333905816,6.6075158119,,0.391304347826087,0.5384615384615384,0,1,-6.36906,0.409999311,5.8419184685,,0.391304347826087,0.6153846153846154,0,1,-6.00477,0.3965883255,6.195579052,,0.4347826086956521,0.6153846153846154,0,1,-7.30928,0.3882936239,6.0383071899,,0.4347826086956521,0.7692307692307693,0,1,-6.34525,0.3713752031,5.1847834587,,0.5217391304347826,0.6153846153846154,0,1,-5.67242,0.3271663785,4.2830281258,,0.0869565217391304,0.1538461538461538,0,1,-6.9626,0.2689564526,5.2942090034,,0.2608695652173913,0.4615384615384615,0,1,-6.51448,0.2490117103,4.6757054329,,0.4782608695652174,0.6153846153846154,0,1,10
ZINC000013434876,-7.12927,0.7850714326,5.6263260841,,0.6086956521739131,0.6923076923076923,0,1,-7.14526,0.7183111906,5.2498259544,,0.5652173913043478,0.6923076923076923,0,1,-7.2139,0.4983270168,4.5449953079,,0.3043478260869565,0.4615384615384615,0,1,-6.22881,0.4528468847,4.0740523338,,0.3043478260869565,0.3846153846153846,0,1,-6.76817,0.419828862,5.0362849236,,0.6086956521739131,0.7692307692307693,0,1,-6.99855,0.4023410082,4.980782032,,0.3043478260869565,0.5384615384615384,0,1,-8.22873,0.311222285,4.7899069786,,0.391304347826087,0.5384615384615384,0,1,-6.55735,0.3017354608,4.0492196083,,0.3478260869565217,0.3846153846153846,0,1,-7.7307,0.2827976346,4.4680047035,,0.3043478260869565,0.4615384615384615,0,1,-6.65634,0.2751090527,4.2966723442,,0.4347826086956521,0.3846153846153846,0,1,10
ZINC000013436564,-7.2468,0.6349301934,4.5048561096,,0.3478260869565217,0.3846153846153846,0,1,-7.97001,0.4760705829,5.102247715,,0.5217391304347826,0.8461538461538461,0,1,-8.27602,0.4312197566,5.1294054985,,0.5652173913043478,0.8461538461538461,0,1,-6.68151,0.4116560817,4.5514817238,,0.391304347826087,0.4615384615384615,0,1,-8.37041,0.2771987021,4.8755002022,,0.4782608695652174,0.6153846153846154,0,1,-8.35223,0.1908350438,4.863266468,,0.4347826086956521,0.6153846153846154,0,1,-7.47158,0.1626393199,4.6521868706,,0.2608695652173913,0.3846153846153846,0,1,-6.54636,0.1443783492,4.5779719353,,0.2608695652173913,0.3076923076923077,0,1,-6.5784,0.1347035021,4.8643741608,,0.5652173913043478,0.6923076923076923,0,1,-6.77179,0.128634572,4.3623137474,,0.1739130434782608,0.3076923076923077,0,1,10
ZINC000013439194,-6.76864,0.4017776847,6.3157596588,,0.4782608695652174,0.6153846153846154,0,1,-6.67201,0.2352449447,6.2428894043,,0.3478260869565217,0.6153846153846154,0,1,-7.02506,0.1896057576,5.9561533928,,0.2608695652173913,0.6153846153846154,0,1,-5.88489,0.1798098683,6.0066943169,,0.217391304347826,0.3076923076923077,0,1,-7.30319,0.1649538577,6.4130320549,,0.217391304347826,0.3846153846153846,0,1,-6.77762,0.1451726407,5.8422336578,,0.3043478260869565,0.5384615384615384,0,1,-6.97096,0.1359852403,5.821577549,,0.3043478260869565,0.6153846153846154,0,1,-6.84943,0.1186849698,5.5798282623,,0.391304347826087,0.6153846153846154,0,1,-7.07102,0.1176284477,6.0973601341,,0.3043478260869565,0.4615384615384615,0,1,-7.01317,0.1148760468,6.1227550507,,0.2608695652173913,0.4615384615384615,0,1,10
ZINC000013439204,-6.3749,0.2546239495,5.7946810722,,0.3043478260869565,0.5384615384615384,0,1,-6.09919,0.2154706568,5.7576346397,,0.4347826086956521,0.7692307692307693,0,1,-6.20849,0.211782828,5.4837913513,,0.391304347826087,0.6153846153846154,0,1,-6.94922,0.2080417126,6.7558932304,,0.2608695652173913,0.4615384615384615,0,1,-6.97481,0.194881022,6.0652375221,,0.391304347826087,0.7692307692307693,0,1,-6.51107,0.162777245,5.3348841667,,0.3478260869565217,0.5384615384615384,0,1,-7.00848,0.1529269964,5.7737979889,,0.3478260869565217,0.6923076923076923,0,1,-6.78057,0.1283365339,5.7597126961,,0.3478260869565217,0.5384615384615384,0,1,-6.44298,0.1225318462,6.1516513824,,0.3043478260869565,0.5384615384615384,0,1,-6.0629,0.1207751781,6.5176291466,,0.2608695652173913,0.5384615384615384,0,1,10
ZINC000013445493,-6.58923,0.3000986874,5.9089641571,,0.391304347826087,0.7692307692307693,0,1,-6.18196,0.2911544442,5.5823731422,,0.3043478260869565,0.3846153846153846,0,1,-5.42584,0.2554574609,5.3452601433,,0.4347826086956521,0.7692307692307693,0,1,-5.26218,0.2487486899,4.4223341942,,0.2608695652173913,0.3846153846153846,0,1,-5.99659,0.2129250467,5.1688137054,,0.4347826086956521,0.7692307692307693,0,1,-6.07462,0.2129067928,6.1116127968,,0.391304347826087,0.6923076923076923,0,1,-6.41051,0.1773074269,5.3645157814,,0.5217391304347826,0.8461538461538461,0,1,-5.53657,0.1668415219,3.8866894245,,0.217391304347826,0.3076923076923077,0,1,-7.35135,0.1660504043,5.7174258232,,0.5217391304347826,0.7692307692307693,0,1,-5.30974,0.1571904421,4.0157876015,,0.0869565217391304,0.2307692307692307,0,1,10
ZINC000013455017,-8.45084,0.5176850557,5.9106049538,,0.6086956521739131,0.6923076923076923,0,1,-8.62642,0.3408387303,5.4943909645,,0.6521739130434783,0.7692307692307693,0,1,-7.7252,0.3076556325,5.0259823799,,0.4782608695652174,0.5384615384615384,0,1,-7.20929,0.2365284115,4.9352169037,,0.5217391304347826,0.6153846153846154,0,1,-7.6547,0.2360287607,5.265481472,,0.4782608695652174,0.6153846153846154,0,1,-7.13833,0.1893211752,5.0732917786,,0.4347826086956521,0.5384615384615384,0,1,-7.11283,0.1767392159,5.0514211655,,0.4782608695652174,0.6153846153846154,0,1,-8.00675,0.1729147285,5.129424572,,0.3043478260869565,0.4615384615384615,0,1,-7.96591,0.167691946,5.1019897461,,0.4782608695652174,0.6153846153846154,0,1,-7.3092,0.1674336195,5.1847977638,,0.4347826086956521,0.5384615384615384,0,1,10
ZINC000013471970,-6.77972,0.7583163977,6.8219227791,,0.6521739130434783,0.6153846153846154,0,1,-7.04217,0.5951663256,6.8464856148,,0.5652173913043478,0.5384615384615384,0,1,-7.05606,0.5298457146,6.8460392952,,0.5217391304347826,0.6153846153846154,0,1,-7.01697,0.4857758284,6.7194104195,,0.6956521739130435,0.6153846153846154,0,1,-7.07004,0.4616982043,7.0977196693,,0.5217391304347826,0.5384615384615384,0,1,-7.32204,0.4247594774,6.3930435181,,0.5652173913043478,0.5384615384615384,0,1,-6.76969,0.3954373002,6.5165672302,,0.4782608695652174,0.4615384615384615,0,1,-6.97995,0.3778297007,6.598962307,,0.4782608695652174,0.4615384615384615,0,1,-6.79352,0.3317861557,6.6116423607,,0.6521739130434783,0.6923076923076923,0,1,-8.07477,0.3047661483,6.3467655182,,0.6521739130434783,0.6923076923076923,0,1,10
ZINC000013472228,-7.61122,0.8085970879,7.1182188988,,0.4782608695652174,0.6923076923076923,0,1,-7.50396,0.7536004186,6.9820480347,,0.5652173913043478,0.8461538461538461,0,1,-7.73737,0.725174427,6.9226698875,,0.5652173913043478,0.8461538461538461,0,1,-7.78627,0.6124625206,6.9524860382,,0.4782608695652174,0.5384615384615384,0,1,-6.83272,0.5505759716,6.7928318977,,0.4347826086956521,0.6923076923076923,0,1,-6.20257,0.5454496145,6.7542366982,,0.4347826086956521,0.6923076923076923,0,1,-7.62889,0.4901239574,6.694381237,,0.4347826086956521,0.4615384615384615,0,1,-6.79221,0.3976292908,6.3835711479,,0.1739130434782608,0.2307692307692307,0,1,-7.20205,0.3835222423,6.9733424187,,0.1739130434782608,0.1538461538461538,0,1,-6.11281,0.3654632568,6.1444535255,,0.3478260869565217,0.3846153846153846,0,1,10
ZINC000013472232,-7.48717,0.6555540562,7.0337967873,,0.6086956521739131,0.6153846153846154,0,1,-7.28085,0.6359878182,6.7628769875,,0.4347826086956521,0.5384615384615384,0,1,-7.11993,0.6157861352,6.7761898041,,0.4782608695652174,0.5384615384615384,0,1,-7.51751,0.5040473342,6.5601210594,,0.3478260869565217,0.5384615384615384,0,1,-6.42247,0.4347803593,6.4093136787,,0.3478260869565217,0.4615384615384615,0,1,-6.97482,0.433137238,6.5458130836,,0.4347826086956521,0.5384615384615384,0,1,-6.58438,0.4328221977,6.5761609077,,0.391304347826087,0.5384615384615384,0,1,-7.17323,0.4253347218,6.339056015,,0.3478260869565217,0.5384615384615384,0,1,-6.98487,0.4241137803,6.3958067894,,0.4347826086956521,0.6153846153846154,0,1,-7.3063,0.4176297188,6.622030735,,0.5652173913043478,0.6153846153846154,0,1,10
ZINC000013472254,-8.27901,0.4702306688,6.9776892662,,0.3478260869565217,0.5384615384615384,0,1,-8.25962,0.452747941,6.4921851158,,0.3043478260869565,0.5384615384615384,0,1,-8.38598,0.375303328,6.9978179932,,0.3478260869565217,0.4615384615384615,0,1,-8.14954,0.3570435643,6.5828194618,,0.5652173913043478,0.6153846153846154,0,1,-7.31894,0.3466203809,7.0379486084,,0.2608695652173913,0.3846153846153846,0,1,-7.33507,0.3358808756,6.4111113548,,0.4782608695652174,0.6153846153846154,0,1,-7.78673,0.3189311028,6.6368350983,,0.2608695652173913,0.5384615384615384,0,1,-8.05942,0.2965736687,6.503344059,,0.4782608695652174,0.6153846153846154,0,1,-7.04808,0.2609761953,6.0320587158,,0.3478260869565217,0.4615384615384615,0,1,-6.94797,0.2600551248,6.5874290466,,0.3478260869565217,0.4615384615384615,0,1,10
ZINC000013472910,-5.54306,0.633207202,6.0695176125,,0.4347826086956521,0.6923076923076923,0,1,-6.05549,0.5994169116,6.4123053551,,0.5652173913043478,0.7692307692307693,0,1,-5.12864,0.4929911494,6.046081543,,0.5217391304347826,0.7692307692307693,0,1,-5.54413,0.4796335697,5.6808872223,,0.3478260869565217,0.5384615384615384,0,1,-6.18853,0.4709557891,6.0082440376,,0.4347826086956521,0.6153846153846154,0,1,-5.04361,0.4006574154,5.7258796692,,0.391304347826087,0.5384615384615384,0,1,-5.76035,0.3523488641,5.892414093,,0.217391304347826,0.3846153846153846,0,1,-5.37462,0.3442567289,5.5906968117,,0.4347826086956521,0.5384615384615384,0,1,-4.82352,0.324264586,4.5744681358,,0.2608695652173913,0.3846153846153846,0,1,-5.97321,0.3069680929,5.7675900459,,0.1739130434782608,0.2307692307692307,0,1,10
ZINC000013473179,-5.89413,0.7158025503,7.1434569359,,0.4782608695652174,0.6923076923076923,0,1,-7.55332,0.5628802776,6.871658802,,0.5217391304347826,0.5384615384615384,0,1,-5.94317,0.5148349404,6.8780341148,,0.5217391304347826,0.7692307692307693,0,1,-6.70907,0.5089870691,6.7010884285,,0.3043478260869565,0.3846153846153846,0,1,-6.57814,0.478880614,6.4834742546,,0.391304347826087,0.5384615384615384,0,1,-6.56214,0.4151499271,5.7427964211,,0.5217391304347826,0.7692307692307693,0,1,-7.46704,0.387098372,6.5513691902,,0.391304347826087,0.3846153846153846,0,1,-7.44906,0.385907352,6.6923193932,,0.3043478260869565,0.4615384615384615,0,1,-6.75132,0.3448427916,6.6002578735,,0.217391304347826,0.3076923076923077,0,1,-6.16112,0.2965099514,6.502972126,,0.4782608695652174,0.6923076923076923,0,1,10
ZINC000013487210,-7.28297,0.7338157296,5.5066246986,,0.6521739130434783,0.7692307692307693,0,1,-6.70376,0.5315365791,5.1454110146,,0.391304347826087,0.5384615384615384,0,1,-6.29652,0.4043446183,5.043838501,,0.4782608695652174,0.6153846153846154,0,1,-6.01775,0.3562451303,5.100001812,,0.391304347826087,0.6153846153846154,0,1,-6.69552,0.3515792191,5.3486628532,,0.5652173913043478,0.6923076923076923,0,1,-7.4686,0.3503808081,4.8718729019,,0.5217391304347826,0.6923076923076923,0,1,-7.79911,0.3450900614,4.902823925,,0.4782608695652174,0.6153846153846154,0,1,-7.83099,0.3275530636,4.8377261162,,0.6521739130434783,0.8461538461538461,0,1,-6.7564,0.3049807549,5.1163096428,,0.4347826086956521,0.6923076923076923,0,1,-6.37175,0.304143697,5.2440962791,,0.4782608695652174,0.6153846153846154,0,1,10
ZINC000013487216,-8.34433,0.6282923818,6.2095737457,,0.6956521739130435,0.7692307692307693,0,1,-9.06234,0.4322897196,5.9805178642,,0.6956521739130435,0.8461538461538461,0,1,-8.40734,0.3528808355,6.0479340553,,0.6956521739130435,0.6923076923076923,0,1,-8.00388,0.2856038809,5.6429162025,,0.4347826086956521,0.6153846153846154,0,1,-9.09063,0.2472240329,5.1718940735,,0.6086956521739131,0.7692307692307693,0,1,-8.05616,0.2080432773,5.7402305603,,0.5652173913043478,0.6923076923076923,0,1,-9.29609,0.1820950955,5.0246601105,,0.6086956521739131,0.7692307692307693,0,1,-7.46866,0.1792842001,5.2347507477,,0.4347826086956521,0.6153846153846154,0,1,-8.51996,0.1609325409,5.467810154,,0.6086956521739131,0.7692307692307693,0,1,-9.04861,0.1560294479,4.9189043045,,0.5652173913043478,0.6153846153846154,0,1,10
ZINC000013491461,-5.64343,0.3571532965,4.8221688271,,0.1304347826086956,0.1538461538461538,0,1,-6.99519,0.30489856,4.655418396,,0.4347826086956521,0.5384615384615384,0,1,-6.0438,0.2840843499,4.3606319427,,0.3043478260869565,0.3846153846153846,0,1,-5.96834,0.2219970375,4.2676434517,,0.3043478260869565,0.4615384615384615,0,1,-5.84444,0.1990470439,4.0276789665,,0.391304347826087,0.3846153846153846,0,1,-5.97374,0.198973611,3.8671741486,,0.3478260869565217,0.4615384615384615,0,1,-6.10684,0.1931000501,4.4808564186,,0.391304347826087,0.4615384615384615,0,1,-5.46633,0.1930874437,4.0066127777,,0.3043478260869565,0.3076923076923077,0,1,-5.84198,0.1851896942,3.8190510273,,0.3043478260869565,0.3846153846153846,0,1,-6.6731,0.1799366921,4.6456136703,,0.1304347826086956,0.1538461538461538,0,1,10
ZINC000013491979,-8.43406,0.4710916877,6.5229911804,,0.5217391304347826,0.6153846153846154,0,1,-8.00922,0.4121060967,6.4303250313,,0.5217391304347826,0.6153846153846154,0,1,-7.63119,0.3776400685,6.5912289619,,0.7391304347826086,0.8461538461538461,0,1,-6.67868,0.3088481426,5.7759985924,,0.391304347826087,0.3076923076923077,0,1,-7.59556,0.2979237139,5.4849247932,,0.4347826086956521,0.3846153846153846,0,1,-7.4482,0.294824332,5.6674423218,,0.4347826086956521,0.3846153846153846,0,1,-6.60278,0.2838172913,6.8254952431,,0.6956521739130435,0.9230769230769232,0,1,-6.44373,0.2493503094,6.0680718422,,0.4782608695652174,0.6153846153846154,0,1,-6.62039,0.2363550812,5.8816933632,,0.2608695652173913,0.3076923076923077,0,1,-7.51808,0.2357509881,6.0443816185,,0.3043478260869565,0.3846153846153846,0,1,10
ZINC000013491981,-8.64911,0.5451117754,6.3404793739,,0.4782608695652174,0.6153846153846154,0,1,-8.34927,0.4076586366,6.7365851402,,0.7391304347826086,0.7692307692307693,0,1,-8.47534,0.4015346766,6.2896914482,,0.4782608695652174,0.6923076923076923,0,1,-8.82902,0.3405683041,6.1755943298,,0.4782608695652174,0.4615384615384615,0,1,-7.31057,0.3061078191,5.9842181206,,0.4347826086956521,0.3846153846153846,0,1,-8.46557,0.3036676049,6.1862316132,,0.4782608695652174,0.6153846153846154,0,1,-7.56903,0.2851806283,6.0903720856,,0.4347826086956521,0.6153846153846154,0,1,-8.28359,0.2728367448,6.4370284081,,0.6956521739130435,0.7692307692307693,0,1,-8.65644,0.259921819,5.8401694298,,0.5652173913043478,0.6153846153846154,0,1,-7.83582,0.2518443465,6.0681934357,,0.4347826086956521,0.5384615384615384,0,1,10
ZINC000013491985,-7.50085,0.5236030221,6.566172123,,0.6086956521739131,0.6923076923076923,0,1,-7.48537,0.4490731061,6.1156811714,,0.391304347826087,0.5384615384615384,0,1,-8.14961,0.3054711819,5.9423427582,,0.391304347826087,0.5384615384615384,0,1,-6.91209,0.273483932,5.5581803322,,0.217391304347826,0.2307692307692307,0,1,-7.3024,0.2457060665,6.0992584229,,0.5652173913043478,0.6153846153846154,0,1,-6.61384,0.2287639529,5.0023384094,,0.3043478260869565,0.3846153846153846,0,1,-8.90518,0.2186614722,5.2667217255,,0.391304347826087,0.6153846153846154,0,1,-6.97747,0.1943887472,5.8482012749,,0.6521739130434783,0.6923076923076923,0,1,-7.3993,0.1928927898,5.4723205566,,0.4347826086956521,0.6153846153846154,0,1,-7.27024,0.1897075921,4.9889683723,,0.4782608695652174,0.4615384615384615,0,1,10
ZINC000013491987,-7.61868,0.4864290953,6.6296234131,,0.6086956521739131,0.6153846153846154,0,1,-7.45327,0.4529747069,6.9188084602,,0.6956521739130435,0.7692307692307693,0,1,-6.43907,0.4135609865,5.8879852295,,0.391304347826087,0.3846153846153846,0,1,-8.01513,0.398052007,6.1828064919,,0.5217391304347826,0.6153846153846154,0,1,-7.12107,0.3400038183,5.4133777618,,0.4782608695652174,0.4615384615384615,0,1,-7.08816,0.3383342326,5.9702219963,,0.2608695652173913,0.3846153846153846,0,1,-7.50025,0.3054305017,6.2263894081,,0.5652173913043478,0.6153846153846154,0,1,-6.56919,0.2978922427,5.3672213554,,0.3043478260869565,0.3846153846153846,0,1,-7.19429,0.2938997149,6.0150332451,,0.5217391304347826,0.6153846153846154,0,1,-6.72774,0.2831271589,5.7682590485,,0.6086956521739131,0.7692307692307693,0,1,10
ZINC000013491988,-7.994,0.4823173285,6.3269457817,,0.4347826086956521,0.6153846153846154,0,1,-7.56812,0.4756035507,6.8474888802,,0.6956521739130435,0.7692307692307693,0,1,-7.81592,0.3760375381,6.2978210449,,0.4347826086956521,0.5384615384615384,0,1,-6.70186,0.3269730806,5.5599608421,,0.217391304347826,0.3846153846153846,0,1,-7.60787,0.3032423258,5.9091725349,,0.5217391304347826,0.6923076923076923,0,1,-6.68096,0.2933833003,5.831012249,,0.3478260869565217,0.4615384615384615,0,1,-6.8581,0.2865339518,5.9872074127,,0.4347826086956521,0.6153846153846154,0,1,-7.074,0.2863184214,5.7619652748,,0.391304347826087,0.5384615384615384,1,1,-8.68085,0.2781107426,5.5707259178,,0.4782608695652174,0.6153846153846154,0,1,-7.54469,0.2772546411,6.1941151619,,0.4782608695652174,0.6923076923076923,0,1,10
ZINC000013491990,-7.86795,0.5462344289,6.5365447998,,0.4782608695652174,0.6923076923076923,0,1,-7.68897,0.4201015234,6.2867126465,,0.217391304347826,0.3076923076923077,0,1,-6.69932,0.4162378013,6.5292277336,,0.391304347826087,0.5384615384615384,0,1,-7.45112,0.3430517614,6.4048724174,,0.5652173913043478,0.6153846153846154,0,1,-7.90235,0.3271363378,6.3304190636,,0.6086956521739131,0.6923076923076923,0,1,-7.21427,0.3156474233,6.6318645477,,0.5652173913043478,0.6153846153846154,0,1,-7.76387,0.287668258,6.5162258148,,0.6086956521739131,0.6923076923076923,0,1,-7.88654,0.2752790749,5.5498557091,,0.5217391304347826,0.6923076923076923,0,1,-8.17553,0.2725114822,5.7889480591,,0.3043478260869565,0.3846153846153846,0,1,-6.77958,0.2468922138,5.3015818596,,0.3043478260869565,0.3076923076923077,0,1,10
ZINC000013491992,-7.81906,0.5379014611,6.5725779533,,0.5217391304347826,0.5384615384615384,0,1,-7.06715,0.4029577374,5.6030812263,,0.4782608695652174,0.4615384615384615,0,1,-7.79849,0.3354328573,6.4598164558,,0.6086956521739131,0.7692307692307693,0,1,-7.40929,0.3282805085,6.3473715782,,0.6086956521739131,0.6923076923076923,0,1,-8.24351,0.2940117419,6.0336055756,,0.391304347826087,0.4615384615384615,0,1,-6.68361,0.2917258441,5.4686541557,,0.3478260869565217,0.3846153846153846,0,1,-7.70646,0.2772773504,6.2979416847,,0.5652173913043478,0.6153846153846154,0,1,-7.61581,0.2466377616,6.2004494667,,0.5652173913043478,0.6923076923076923,0,1,-6.80531,0.2339045107,5.5652489662,,0.391304347826087,0.6153846153846154,0,1,-6.69943,0.2318104357,5.4881763458,,0.217391304347826,0.3846153846153846,0,1,10
ZINC000013492601,-7.62319,0.7337999344,5.9996237755,,0.5652173913043478,0.6923076923076923,0,1,-7.2698,0.6421169043,5.9809193611,,0.4347826086956521,0.5384615384615384,0,1,-7.12646,0.504991293,5.5458397865,,0.5652173913043478,0.6923076923076923,0,1,-6.88737,0.4705603421,5.2386932373,,0.217391304347826,0.3076923076923077,0,1,-6.90901,0.3949437439,4.9022192955,,0.5217391304347826,0.6923076923076923,0,1,-6.96111,0.3770669401,5.109770298,,0.4782608695652174,0.6153846153846154,0,1,-6.76922,0.3331886828,4.828754425,,0.4782608695652174,0.6923076923076923,0,1,-7.2546,0.2925594747,4.94957304,,0.4782608695652174,0.6153846153846154,0,1,-7.28572,0.257502079,4.6432342529,,0.4347826086956521,0.6153846153846154,0,1,-7.233,0.2251642346,4.6043744087,,0.391304347826087,0.6923076923076923,0,1,10
ZINC000013492605,-8.35139,0.7765684128,6.2706036568,,0.6521739130434783,0.7692307692307693,0,1,-8.00619,0.7362186313,6.1978497505,,0.5652173913043478,0.7692307692307693,0,1,-8.23135,0.66010952,5.9548869133,,0.6521739130434783,0.7692307692307693,0,1,-7.21812,0.5526558161,5.4063105583,,0.5652173913043478,0.6923076923076923,0,1,-7.38887,0.4901029766,5.3004436493,,0.5217391304347826,0.6923076923076923,0,1,-7.2444,0.4759171903,4.9456143379,,0.3478260869565217,0.4615384615384615,0,1,-7.26478,0.4732222557,5.1569786072,,0.5217391304347826,0.6923076923076923,0,1,-7.34754,0.464815706,4.744582653,,0.3478260869565217,0.3846153846153846,0,1,-6.821,0.4344061315,5.044737339,,0.4347826086956521,0.6153846153846154,0,1,-7.00082,0.4287497103,5.3910636902,,0.3043478260869565,0.3846153846153846,0,1,10
ZINC000013492609,-8.08521,0.8185983896,6.1422562599,,0.6086956521739131,0.6153846153846154,0,1,-8.34163,0.7907096744,6.4912800789,,0.6956521739130435,0.8461538461538461,0,1,-7.03065,0.7753059864,6.1747913361,,0.5217391304347826,0.5384615384615384,0,1,-7.80494,0.7375255823,6.3771195412,,0.6521739130434783,0.6923076923076923,0,1,-7.58048,0.656422317,5.5860543251,,0.4782608695652174,0.5384615384615384,0,1,-7.36268,0.6240332723,5.6579742432,,0.4782608695652174,0.6153846153846154,0,1,-7.21707,0.5569862127,5.5891833305,,0.5217391304347826,0.6153846153846154,0,1,-6.90644,0.5542450547,5.4662604332,,0.5217391304347826,0.6923076923076923,0,1,-7.42279,0.5344640613,5.2308282852,,0.391304347826087,0.4615384615384615,0,1,-8.08978,0.5235359669,5.678296566,,0.5217391304347826,0.6923076923076923,0,1,10
ZINC000013507074,-7.41543,0.4101853669,5.6154408455,,0.4347826086956521,0.6153846153846154,1,1,-7.66849,0.3606556654,5.3824391365,,0.4347826086956521,0.6153846153846154,0,1,-6.31694,0.3583126962,4.9403533936,,0.3478260869565217,0.3846153846153846,0,1,-6.75858,0.319865346,5.0340867043,,0.391304347826087,0.4615384615384615,0,1,-6.92756,0.1813935041,4.8047289848,,0.5652173913043478,0.6923076923076923,0,1,-6.03454,0.1468495131,4.5980143547,,0.3043478260869565,0.3846153846153846,0,1,-7.42161,0.1147943586,4.6077580452,,0.6086956521739131,0.8461538461538461,0,1,-7.06602,0.1065648869,4.3091931343,,0.4347826086956521,0.7692307692307693,0,1,-6.24309,0.0963483676,4.5840816498,,0.4347826086956521,0.6153846153846154,0,1,-6.49865,0.0911389813,4.5890336037,,0.6521739130434783,0.8461538461538461,0,1,10
ZINC000013513101,-5.37921,0.4368134439,4.8864173889,,0.1739130434782608,0.2307692307692307,0,1,-5.90452,0.296713233,4.6678385735,,0.3478260869565217,0.3846153846153846,0,1,-5.49027,0.2879148126,5.1360383034,,0.2608695652173913,0.3846153846153846,0,1,-7.08161,0.2550292909,5.0974535942,,0.1304347826086956,0.1538461538461538,0,1,-5.95762,0.2437727451,4.3783068657,,0.3478260869565217,0.3846153846153846,0,1,-7.07663,0.2141294479,4.8786015511,,0.1304347826086956,0.1538461538461538,0,1,-5.47664,0.2130187303,4.4294552803,,0.391304347826087,0.3846153846153846,0,1,-5.75621,0.2105815858,4.6048936844,,0.4347826086956521,0.4615384615384615,0,1,-6.99231,0.2058519423,4.8709197044,,0.0869565217391304,0.0769230769230769,0,1,-7.02135,0.2029438764,5.0217909813,,0.0869565217391304,0.0769230769230769,0,1,10
ZINC000013516399,-6.04591,0.8225824237,5.5824599266,,0.6956521739130435,0.9230769230769232,0,1,-6.50372,0.7281113863,5.2124085426,,0.4782608695652174,0.6153846153846154,0,1,-6.78943,0.6565542221,5.7354521751,,0.4782608695652174,0.6153846153846154,0,1,-6.93804,0.5641596913,5.1678757668,,0.6956521739130435,0.8461538461538461,0,1,-7.02168,0.5482977033,4.9128398895,,0.391304347826087,0.3846153846153846,0,1,-6.4375,0.4185400009,4.8442382812,,0.3478260869565217,0.3846153846153846,0,1,-6.89145,0.3599306345,4.8590054512,,0.4347826086956521,0.6153846153846154,0,1,-6.15599,0.3595446944,5.4180107117,,0.6086956521739131,0.8461538461538461,0,1,-5.78534,0.3314746618,4.7562832832,,0.3478260869565217,0.5384615384615384,0,1,-6.49966,0.3189160824,4.9384307861,,0.5217391304347826,0.6153846153846154,0,1,10
ZINC000013518650,-7.281,0.5443636179,5.1177449226,,0.4782608695652174,0.6153846153846154,0,1,-7.37087,0.5356996059,4.8788285255,,0.4347826086956521,0.6153846153846154,0,1,-6.74809,0.5258745551,4.7494978905,,0.3478260869565217,0.4615384615384615,0,1,-6.19567,0.5168283582,4.576526165,,0.1739130434782608,0.2307692307692307,0,1,-7.69228,0.4723141789,5.0527458191,,0.4782608695652174,0.6923076923076923,0,1,-6.18698,0.4322901666,4.3936510086,,0.217391304347826,0.3076923076923077,0,1,-7.78725,0.4067907929,5.0785565376,,0.391304347826087,0.6153846153846154,0,1,-6.5339,0.4016003907,4.3375611305,,0.217391304347826,0.3076923076923077,0,1,-6.72565,0.3578503132,4.6570014954,,0.391304347826087,0.5384615384615384,0,1,-6.87475,0.3132916391,3.601929903,,0.391304347826087,0.4615384615384615,0,1,10
ZINC000013518757,-6.76792,0.7241748571,4.8841843605,,0.6956521739130435,0.8461538461538461,0,1,-6.55611,0.6981407404,4.8098087311,,0.4347826086956521,0.5384615384615384,0,1,-6.65304,0.5716667175,4.8693327904,,0.3478260869565217,0.3846153846153846,0,1,-6.41016,0.4443116188,4.9538664818,,0.391304347826087,0.4615384615384615,0,1,-5.89441,0.3889608681,5.0298047066,,0.4347826086956521,0.4615384615384615,0,1,-6.60139,0.3109495938,4.7145881653,,0.6521739130434783,0.7692307692307693,0,1,-6.86059,0.2885753512,4.8529763222,,0.391304347826087,0.5384615384615384,0,1,-6.35017,0.2842335105,4.8585772514,,0.6086956521739131,0.7692307692307693,0,1,-6.50843,0.2711905837,4.4162707329,,0.2608695652173913,0.3846153846153846,0,1,-5.64601,0.2606023252,4.4815602303,,0.3478260869565217,0.5384615384615384,0,1,10
ZINC000013519271,-7.83669,0.5418178439,5.7699427605,,0.6086956521739131,0.6923076923076923,0,1,-7.81153,0.5367238522,5.885535717,,0.5652173913043478,0.6923076923076923,0,1,-7.11316,0.452193737,4.9582562447,,0.3478260869565217,0.3846153846153846,0,1,-6.44643,0.4310586751,5.2732448578,,0.3478260869565217,0.3846153846153846,0,1,-6.44975,0.4185579419,5.0366802216,,0.3478260869565217,0.3846153846153846,0,1,-6.72057,0.3809033632,5.2682056427,,0.5217391304347826,0.6923076923076923,0,1,-7.19891,0.3637047708,5.4491667747,,0.5217391304347826,0.6923076923076923,0,1,-7.15021,0.3167344928,5.0682768822,,0.391304347826087,0.4615384615384615,0,1,-6.62177,0.2695094049,4.5139613152,,0.3478260869565217,0.3846153846153846,0,1,-7.96381,0.1921715438,4.8802876472,,0.2608695652173913,0.4615384615384615,0,1,10
ZINC000013519432,-8.27045,0.726657033,6.9059700966,,0.782608695652174,0.9230769230769232,0,1,-7.19943,0.7195193172,7.078145504,,0.7391304347826086,0.7692307692307693,0,1,-8.76224,0.6482056975,6.8528666496,,0.782608695652174,0.9230769230769232,0,1,-8.98235,0.6119807959,6.6940751076,,0.5652173913043478,0.6923076923076923,0,1,-7.43199,0.5821017027,6.9720892906,,0.6956521739130435,0.8461538461538461,0,1,-8.24564,0.5804185867,6.7658247948,,0.6956521739130435,0.8461538461538461,0,1,-8.73758,0.5588790178,6.9304523468,,0.6956521739130435,0.8461538461538461,0,1,-8.55902,0.5526919365,6.6169657707,,0.7391304347826086,0.8461538461538461,0,1,-7.29006,0.5383602977,7.0979366302,,0.5652173913043478,0.6923076923076923,0,1,-7.00299,0.477609694,6.3178229332,,0.6086956521739131,0.7692307692307693,0,1,10
ZINC000013522304,-6.65082,0.7814567685,5.8040237427,,0.4782608695652174,0.6153846153846154,0,1,-5.82442,0.7391200662,5.8319182396,,0.5217391304347826,0.6153846153846154,0,1,-5.83437,0.7124481797,6.1693310738,,0.4782608695652174,0.6153846153846154,0,1,-6.73426,0.6543706656,5.5467720032,,0.4782608695652174,0.6153846153846154,0,1,-5.60592,0.5214872956,4.2638821602,,0.2608695652173913,0.3846153846153846,0,1,-6.11434,0.4258844852,5.7867455482,,0.4782608695652174,0.5384615384615384,0,1,-6.4395,0.3365122974,4.8313789368,,0.2608695652173913,0.4615384615384615,0,1,-6.21873,0.3336808085,4.9181308746,,0.217391304347826,0.3846153846153846,0,1,-6.35575,0.325047344,5.5574994087,,0.5217391304347826,0.6153846153846154,0,1,-6.05249,0.3173985481,5.3829932213,,0.4347826086956521,0.6923076923076923,0,1,10
ZINC000013523987,-6.56342,0.4975114465,4.9419045448,,0.3478260869565217,0.5384615384615384,0,1,-6.85192,0.4826064408,5.2642889023,,0.4782608695652174,0.6153846153846154,0,1,-7.03114,0.4651406705,4.955116272,,0.3478260869565217,0.5384615384615384,0,1,-6.37431,0.4564163685,4.0395178795,,0.2608695652173913,0.3076923076923077,0,1,-6.49027,0.4123240709,4.9638381004,,0.5652173913043478,0.7692307692307693,0,1,-6.00642,0.3955189586,5.0439972878,,0.4782608695652174,0.6153846153846154,0,1,-5.85675,0.3109827936,4.0634975433,,0.3478260869565217,0.3846153846153846,0,1,-7.03566,0.1900765747,4.5584125519,,0.3478260869565217,0.5384615384615384,0,1,-6.1077,0.1539336443,4.1920604706,,0.1304347826086956,0.1538461538461538,0,1,-6.39407,0.1373039335,3.6896800995,,0.217391304347826,0.2307692307692307,0,1,10
ZINC000013524046,-6.73133,0.6450935006,5.2248401642,,0.4782608695652174,0.6923076923076923,0,1,-7.10883,0.5643367171,5.3327102661,,0.5652173913043478,0.6923076923076923,0,1,-6.76597,0.5550156236,5.262365818,,0.5652173913043478,0.6153846153846154,0,1,-6.67139,0.5205709934,4.8422570229,,0.391304347826087,0.4615384615384615,0,1,-6.82176,0.5144485831,5.0928940773,,0.5217391304347826,0.6153846153846154,0,1,-6.74538,0.4978451133,4.9291572571,,0.5217391304347826,0.6923076923076923,0,1,-6.68699,0.4501128495,4.9774165154,,0.3478260869565217,0.5384615384615384,0,1,-6.68286,0.4085693061,5.0192704201,,0.5652173913043478,0.6923076923076923,0,1,-8.313,0.4076681137,5.3035244942,,0.6956521739130435,0.6923076923076923,0,1,-6.48096,0.3571735919,5.0553874969,,0.5217391304347826,0.6153846153846154,0,1,10
ZINC000013527401,-6.72526,0.7853966355,5.1498837471,,0.391304347826087,0.6153846153846154,0,1,-7.23587,0.7328683734,5.3952679634,,0.5217391304347826,0.7692307692307693,0,1,-6.49859,0.6551315784,5.0812354088,,0.5652173913043478,0.7692307692307693,0,1,-6.40827,0.5567085147,5.0498490334,,0.4782608695652174,0.6153846153846154,0,1,-6.57239,0.5455988646,5.1076493263,,0.5652173913043478,0.7692307692307693,0,1,-5.61387,0.490205735,3.9887363911,,0.0869565217391304,0.0769230769230769,0,1,-5.74702,0.4898423553,4.2512316704,,0.217391304347826,0.2307692307692307,0,1,-6.61769,0.36712116,4.7110705376,,0.4782608695652174,0.6923076923076923,0,1,-6.51046,0.3460418582,5.0162701607,,0.3478260869565217,0.5384615384615384,0,1,-6.22684,0.3176125884,4.5614924431,,0.3478260869565217,0.3076923076923077,0,1,10
ZINC000013531863,-7.58058,0.5716136694,6.6950817108,,0.4347826086956521,0.4615384615384615,0,1,-7.61922,0.4694769681,6.3214678764,,0.391304347826087,0.5384615384615384,0,1,-8.43418,0.4621484876,7.2013344765,,0.5217391304347826,0.6153846153846154,0,1,-8.39421,0.398676306,6.979241848,,0.4347826086956521,0.6923076923076923,0,1,-7.44427,0.3826718926,6.3096389771,,0.4782608695652174,0.4615384615384615,0,1,-8.39607,0.3723040223,6.1680998802,,0.4782608695652174,0.5384615384615384,0,1,-7.94334,0.2964001596,6.1578345299,,0.4347826086956521,0.5384615384615384,0,1,-6.40511,0.2733080089,6.010447979,,0.4782608695652174,0.6153846153846154,0,1,-7.76483,0.2116201967,5.9064097404,,0.6956521739130435,0.8461538461538461,0,1,-6.31857,0.1744361073,6.025780201,,0.391304347826087,0.4615384615384615,0,1,10
ZINC000013533757,-7.24846,0.6065825224,6.0504112244,,0.6086956521739131,0.6153846153846154,0,1,-7.00894,0.4469669759,4.9946041107,,0.391304347826087,0.5384615384615384,0,1,-7.61573,0.4403939843,5.7576274872,,0.5652173913043478,0.6923076923076923,0,1,-6.55354,0.3817066252,5.8678107262,,0.6086956521739131,0.6153846153846154,0,1,-6.57448,0.3416135013,5.4123725891,,0.4782608695652174,0.6153846153846154,0,1,-6.87208,0.3276312351,5.4524064064,,0.5217391304347826,0.6153846153846154,0,1,-6.57105,0.2929700017,5.0209956169,,0.4347826086956521,0.6153846153846154,0,1,-6.62763,0.2792602181,5.171810627,,0.3478260869565217,0.3846153846153846,0,1,-7.18917,0.2617540061,4.8544545174,,0.6086956521739131,0.7692307692307693,0,1,-6.15316,0.2279516906,5.1242489815,,0.3043478260869565,0.4615384615384615,0,1,10
ZINC000013536432,-5.82107,0.5633404851,4.4081664085,,0.4782608695652174,0.4615384615384615,0,1,-6.79947,0.5300119519,4.9253177643,,0.5217391304347826,0.6923076923076923,0,1,-7.17814,0.4374147356,5.1168193817,,0.5217391304347826,0.6153846153846154,0,1,-7.60056,0.4352839887,4.9426522255,,0.4782608695652174,0.5384615384615384,0,1,-6.56176,0.4339210987,5.3659920692,,0.4782608695652174,0.6153846153846154,0,1,-6.11826,0.4295299351,5.0079212189,,0.391304347826087,0.5384615384615384,0,1,-7.51069,0.4027651548,4.7824292183,,0.6086956521739131,0.6923076923076923,0,1,-7.01627,0.3898726702,4.9850139618,,0.5652173913043478,0.6923076923076923,0,1,-6.18745,0.3848314285,4.8699369431,,0.4347826086956521,0.4615384615384615,0,1,-5.62627,0.3822860122,4.7100629807,,0.5217391304347826,0.6153846153846154,0,1,10
ZINC000013538317,-6.61196,0.8610806465,4.8627057076,,0.4347826086956521,0.5384615384615384,0,1,-6.15491,0.8084592223,4.6690545082,,0.4347826086956521,0.5384615384615384,0,1,-6.44205,0.7450262904,4.4268975258,,0.391304347826087,0.4615384615384615,0,1,-6.62945,0.7025970817,4.5497369766,,0.4347826086956521,0.5384615384615384,0,1,-6.61205,0.624188602,4.7130002975,,0.3043478260869565,0.3846153846153846,0,1,-6.85117,0.5687227845,4.7044324875,,0.391304347826087,0.4615384615384615,0,1,-6.18148,0.4385208189,4.2482190132,,0.391304347826087,0.6923076923076923,0,1,-6.34169,0.4228233397,4.0895938873,,0.2608695652173913,0.3846153846153846,0,1,-6.28276,0.3467190266,4.0294823647,,0.3478260869565217,0.6153846153846154,0,1,-6.08367,0.3402689695,3.2719986439,,0.4347826086956521,0.6923076923076923,0,1,10
ZINC000013540298,-7.73667,0.9170601964,6.5564599037,,0.5217391304347826,0.6153846153846154,0,1,-7.37489,0.8948801756,6.5047402382,,0.5217391304347826,0.6153846153846154,0,1,-7.06737,0.8520154357,6.3419532776,,0.5217391304347826,0.6923076923076923,0,1,-6.8467,0.7660565376,6.3890419006,,0.4782608695652174,0.5384615384615384,0,1,-6.61298,0.739859879,5.4018187523,,0.4347826086956521,0.4615384615384615,0,1,-6.91545,0.7296516299,6.1266770363,,0.3478260869565217,0.4615384615384615,0,1,-7.2383,0.6675656438,6.1603674889,,0.3043478260869565,0.4615384615384615,0,1,-6.70286,0.6214395165,6.0609946251,,0.391304347826087,0.4615384615384615,0,1,-6.57832,0.5612623692,5.8383984566,,0.3478260869565217,0.4615384615384615,0,1,-6.65442,0.5176699758,5.9874119759,,0.3478260869565217,0.4615384615384615,0,1,10
ZINC000013540881,-6.24422,0.6149607301,6.3450903893,,0.4347826086956521,0.5384615384615384,0,1,-6.46918,0.4672829211,6.084754467,,0.3478260869565217,0.5384615384615384,0,1,-6.88193,0.4501568973,6.1124520302,,0.391304347826087,0.5384615384615384,0,1,-6.01124,0.391651243,6.1004271507,,0.3043478260869565,0.3076923076923077,0,1,-7.10427,0.3548832536,6.6470317841,,0.391304347826087,0.6153846153846154,0,1,-5.62858,0.291995883,5.7263145447,,0.3043478260869565,0.3076923076923077,0,1,-6.68197,0.2826501131,5.7195191383,,0.3043478260869565,0.3846153846153846,0,1,-5.86314,0.2484619021,6.6125984192,,0.3478260869565217,0.5384615384615384,0,1,-6.88224,0.2421250641,5.9449839592,,0.2608695652173913,0.3846153846153846,0,1,-6.43297,0.2330325395,5.7651748657,,0.391304347826087,0.6153846153846154,0,1,10
ZINC000013543303,-6.52285,0.8076469302,6.0110888481,,0.6956521739130435,0.7692307692307693,0,1,-6.16342,0.6990166306,5.5535945892,,0.4782608695652174,0.6923076923076923,0,1,-6.0159,0.5784516931,5.2734656334,,0.4782608695652174,0.6923076923076923,0,1,-6.30078,0.4990968406,4.7948279381,,0.217391304347826,0.3846153846153846,0,1,-6.19082,0.357689321,4.8009114265,,0.3478260869565217,0.5384615384615384,0,1,-6.08872,0.3516117632,5.0778126717,,0.391304347826087,0.5384615384615384,0,1,-6.44377,0.3136306107,4.7268710136,,0.6956521739130435,0.8461538461538461,0,1,-6.26829,0.2586107552,4.7769684792,,0.5217391304347826,0.6153846153846154,0,1,-6.23055,0.2466985732,4.704431057,,0.6086956521739131,0.7692307692307693,0,1,-6.78738,0.2354379445,4.7384719849,,0.5217391304347826,0.6153846153846154,0,1,10
ZINC000013543451,-8.19363,0.6543273926,7.1475777626,,0.6521739130434783,0.7692307692307693,0,1,-6.11862,0.5575580001,6.1510138512,,0.3478260869565217,0.5384615384615384,0,1,-7.58469,0.4238237441,6.6677379608,,0.391304347826087,0.6153846153846154,0,1,-6.03493,0.3343659341,6.364212513,,0.6521739130434783,0.7692307692307693,0,1,-7.17868,0.3252194822,5.9286799431,,0.6086956521739131,0.6923076923076923,0,1,-6.38718,0.3225981891,6.2674808502,,0.6521739130434783,0.7692307692307693,0,1,-7.84216,0.3132176995,6.447658062,,0.7391304347826086,0.9230769230769232,0,1,-6.80085,0.2543826699,6.1292724609,,0.4347826086956521,0.4615384615384615,0,1,-6.34837,0.2531394064,6.0042972565,,0.7391304347826086,0.8461538461538461,0,1,-6.53058,0.2462072521,6.0554909706,,0.6956521739130435,0.7692307692307693,0,1,10
ZINC000013549556,-6.89798,0.5913656354,5.3373584747,,0.6521739130434783,0.8461538461538461,0,1,-6.81301,0.3401507437,5.2245163918,,0.4782608695652174,0.6153846153846154,0,1,-6.86394,0.3342942894,5.233631134,,0.4782608695652174,0.6923076923076923,0,1,-6.81212,0.2842572331,5.0854754448,,0.4782608695652174,0.6153846153846154,0,1,-6.86607,0.2815452218,5.1261725426,,0.5652173913043478,0.7692307692307693,0,1,-5.55692,0.2796484828,3.9034435749,,0.3043478260869565,0.3846153846153846,0,1,-7.50111,0.2683174908,5.1725487709,,0.5652173913043478,0.6923076923076923,0,1,-6.15071,0.2670715451,4.7430458069,,0.217391304347826,0.3076923076923077,0,1,-6.93058,0.1389148831,4.4292316437,,0.4347826086956521,0.5384615384615384,0,1,-8.12686,0.1310406923,4.051197052,,0.3043478260869565,0.3846153846153846,0,1,10
ZINC000013549724,-7.08126,0.4291861951,5.9537944794,,0.5652173913043478,0.7692307692307693,0,1,-7.03148,0.3719480038,6.2678427696,,0.217391304347826,0.2307692307692307,0,1,-7.22405,0.3399267495,5.7720756531,,0.2608695652173913,0.3846153846153846,0,1,-6.78262,0.3083492517,6.0495734215,,0.5217391304347826,0.8461538461538461,0,1,-7.15141,0.2902701795,5.9245257378,,0.3043478260869565,0.3076923076923077,0,1,-7.072,0.282880187,6.1140460968,,0.3478260869565217,0.4615384615384615,0,1,-8.20126,0.2757211924,5.3649673462,,0.391304347826087,0.5384615384615384,0,1,-7.31014,0.2656740248,5.9746932983,,0.3043478260869565,0.3846153846153846,0,1,-7.80961,0.2641273141,5.451769352,,0.4347826086956521,0.6153846153846154,0,1,-7.13201,0.227523759,5.4621872902,,0.3043478260869565,0.3846153846153846,0,1,10
ZINC000013550000,-5.3822,0.3754150867,4.5245785713,,0.2608695652173913,0.3076923076923077,0,1,-5.84949,0.2730175257,4.5869402885,,0.3478260869565217,0.3846153846153846,0,1,-5.74951,0.1854971945,4.0419249535,,0.1739130434782608,0.2307692307692307,0,1,-5.48465,0.1785174161,3.7421162128,,0.217391304347826,0.3076923076923077,0,1,-6.3844,0.1727184206,4.1902065277,,0.391304347826087,0.3846153846153846,0,1,-5.63858,0.1641624421,3.3132324219,,0.1739130434782608,0.2307692307692307,0,1,-5.97605,0.1474850774,4.0346927643,,0.3478260869565217,0.4615384615384615,0,1,-6.12787,0.144571498,4.4213881493,,0.217391304347826,0.3076923076923077,0,1,-6.15134,0.1418704242,4.1314163208,,0.5217391304347826,0.6153846153846154,0,1,-6.48968,0.1349502206,4.2103466988,,0.217391304347826,0.2307692307692307,0,1,10
ZINC000013550850,-5.99749,0.844405055,4.5248847008,,0.4347826086956521,0.4615384615384615,0,1,-7.53022,0.7891806364,4.980650425,,0.4782608695652174,0.6923076923076923,0,1,-8.30835,0.7731524706,5.0852332115,,0.5652173913043478,0.6153846153846154,0,1,-7.74079,0.7482988834,4.5341553688,,0.3043478260869565,0.4615384615384615,0,1,-7.7823,0.6861130595,4.8224244118,,0.5217391304347826,0.5384615384615384,0,1,-5.93928,0.6227850914,3.9136390686,,0.3478260869565217,0.3846153846153846,0,1,-5.44039,0.5843559504,3.8115711212,,0.2608695652173913,0.3076923076923077,0,1,-7.89283,0.5780790448,4.5556883812,,0.3043478260869565,0.4615384615384615,0,1,-6.60287,0.5696842074,3.7952473164,,0.0869565217391304,0.0769230769230769,0,1,-7.65358,0.5678600669,4.901157856,,0.4347826086956521,0.6923076923076923,0,1,10
ZINC000013553864,-6.45927,0.3060019314,6.0867142677,,0.6086956521739131,0.6923076923076923,0,1,-6.47827,0.2955611348,5.71590662,,0.5217391304347826,0.7692307692307693,0,1,-6.97855,0.2560358644,5.753557682,,0.4782608695652174,0.6923076923076923,0,1,-7.43239,0.2434481829,5.1911144257,,0.1739130434782608,0.2307692307692307,0,1,-7.24732,0.2381568998,5.9469184875,,0.391304347826087,0.5384615384615384,0,1,-6.59793,0.2248310149,5.4512114525,,0.3478260869565217,0.6923076923076923,0,1,-7.35567,0.2211557776,5.672311306,,0.4782608695652174,0.6153846153846154,0,1,-7.62505,0.2182194889,5.7436289787,,0.391304347826087,0.6153846153846154,0,1,-7.46539,0.2111779451,5.3555550575,,0.4782608695652174,0.6923076923076923,0,1,-6.24592,0.2105949223,4.9513916969,,0.4347826086956521,0.4615384615384615,0,1,10
ZINC000013553873,-6.62022,0.2091072947,5.8029956818,,0.4347826086956521,0.5384615384615384,0,1,-6.97995,0.1967102736,5.480861187,,0.3478260869565217,0.4615384615384615,0,1,-6.46399,0.1807923764,5.293153286,,0.4782608695652174,0.4615384615384615,0,1,-7.86502,0.1773141026,6.0512695312,,0.3478260869565217,0.3076923076923077,0,1,-6.46403,0.1515245289,5.6685032845,,0.3478260869565217,0.4615384615384615,0,1,-6.33292,0.1449790299,5.6766223907,,0.4347826086956521,0.5384615384615384,0,1,-6.66339,0.142157197,5.9053611755,,0.3478260869565217,0.6153846153846154,0,1,-7.16325,0.1361934543,5.702352047,,0.4782608695652174,0.5384615384615384,0,1,-7.71022,0.1311378479,5.9342212677,,0.2608695652173913,0.3076923076923077,0,1,-6.86179,0.1298520416,5.8959021568,,0.6086956521739131,0.6923076923076923,0,1,10
ZINC000013553887,-6.66254,0.3310907483,6.5130171776,,0.4782608695652174,0.5384615384615384,0,1,-7.53606,0.2913913131,6.1764845848,,0.5217391304347826,0.6153846153846154,0,1,-7.14474,0.2910297215,6.1096539497,,0.3043478260869565,0.3846153846153846,0,1,-6.73461,0.2673560381,6.1597480774,,0.3043478260869565,0.3846153846153846,0,1,-7.64629,0.2654078007,6.1160006523,,0.5217391304347826,0.5384615384615384,0,1,-6.75031,0.2471335828,5.8697972298,,0.391304347826087,0.4615384615384615,0,1,-6.85948,0.2422510237,6.0352406502,,0.4347826086956521,0.5384615384615384,0,1,-6.6804,0.2132304609,6.522371769,,0.6521739130434783,0.8461538461538461,0,1,-7.93818,0.211378932,6.1998581886,,0.3478260869565217,0.4615384615384615,0,1,-6.65793,0.1876864135,6.0467371941,,0.3043478260869565,0.3846153846153846,0,1,10
ZINC000013553889,-8.60359,0.4102810621,6.4560408592,,0.3478260869565217,0.3846153846153846,0,1,-7.43476,0.2799939811,6.2080740929,,0.4782608695652174,0.4615384615384615,0,1,-6.60135,0.2563346624,6.1167111397,,0.5652173913043478,0.6923076923076923,0,1,-7.58273,0.2412251383,6.1026954651,,0.5652173913043478,0.6923076923076923,0,1,-8.24499,0.1924016625,6.2902626991,,0.3478260869565217,0.4615384615384615,0,1,-8.12333,0.170221597,6.353998661,,0.3043478260869565,0.3846153846153846,0,1,-6.4517,0.1632005572,6.1809234619,,0.391304347826087,0.4615384615384615,0,1,-6.62229,0.1620383561,5.5716967583,,0.3478260869565217,0.5384615384615384,0,1,-6.73112,0.1545443982,5.8387889862,,0.3478260869565217,0.3846153846153846,0,1,-6.76055,0.142136395,6.2827925682,,0.5217391304347826,0.6923076923076923,0,1,10
ZINC000013553901,-7.1783,0.364107728,5.7806758881,,0.4782608695652174,0.4615384615384615,0,1,-7.36416,0.3523555398,6.688451767,,0.6521739130434783,0.6923076923076923,0,1,-7.15626,0.3515444398,6.329761982,,0.5652173913043478,0.6923076923076923,0,1,-7.17873,0.3513393402,5.637298584,,0.4347826086956521,0.4615384615384615,0,1,-7.33811,0.3461215794,6.3292999268,,0.6086956521739131,0.6923076923076923,0,1,-7.42929,0.342926085,6.0050902367,,0.6521739130434783,0.6923076923076923,0,1,-7.20794,0.2926340699,5.7861847878,,0.4347826086956521,0.6153846153846154,0,1,-6.99491,0.2824584246,6.1480617523,,0.6956521739130435,0.8461538461538461,0,1,-6.76126,0.2814669013,6.0366406441,,0.391304347826087,0.3846153846153846,0,1,-6.97055,0.2730879784,5.7227873802,,0.391304347826087,0.4615384615384615,0,1,10
ZINC000013556362,-9.01919,0.767688334,5.5462298393,,0.6521739130434783,0.7692307692307693,0,1,-8.07335,0.7283542156,5.9574942589,,0.5217391304347826,0.6153846153846154,0,1,-8.29173,0.6931687593,5.4031367302,,0.5217391304347826,0.6153846153846154,0,1,-9.34924,0.6598203778,5.3699645996,,0.6086956521739131,0.6923076923076923,0,1,-7.99303,0.6508057714,5.6248755455,,0.5217391304347826,0.6923076923076923,0,1,-7.8921,0.649546206,5.5020852089,,0.6086956521739131,0.7692307692307693,0,1,-8.18033,0.612469852,5.1600990295,,0.5652173913043478,0.6923076923076923,0,1,-7.69967,0.5830489397,4.7316222191,,0.6086956521739131,0.7692307692307693,0,1,-7.44554,0.557929039,5.1558623314,,0.5652173913043478,0.6923076923076923,0,1,-8.59253,0.5447943211,5.5026626587,,0.5217391304347826,0.6153846153846154,0,1,10
ZINC000013556365,-7.76861,0.6323059797,5.4800858498,,0.6521739130434783,0.8461538461538461,0,1,-9.06783,0.5776408315,5.3071331978,,0.4782608695652174,0.6153846153846154,0,1,-8.4439,0.5716773272,5.2581000328,,0.5652173913043478,0.6923076923076923,0,1,-8.78606,0.5577983856,5.5769515038,,0.4782608695652174,0.6153846153846154,0,1,-8.91685,0.5547643304,5.5652427673,,0.6521739130434783,0.7692307692307693,0,1,-8.1465,0.5418539047,5.4807457924,,0.5652173913043478,0.6923076923076923,0,1,-9.32179,0.514293611,5.6319599152,,0.5217391304347826,0.6923076923076923,0,1,-9.31749,0.4933081269,5.4792771339,,0.5217391304347826,0.7692307692307693,0,1,-9.5021,0.4765060544,5.492729187,,0.5217391304347826,0.6923076923076923,0,1,-8.4476,0.4667032063,5.8132939339,,0.7391304347826086,0.8461538461538461,0,1,10
ZINC000013556664,-8.66747,0.6210885644,7.0162940025,,0.6086956521739131,0.6923076923076923,0,1,-8.18456,0.5126825571,6.3500962257,,0.6521739130434783,0.7692307692307693,0,1,-6.8887,0.4725913107,6.3986797333,,0.4347826086956521,0.5384615384615384,0,1,-8.00883,0.3414517939,6.0937805176,,0.5217391304347826,0.6923076923076923,0,1,-7.6339,0.2710961699,6.2175979614,,0.4347826086956521,0.6153846153846154,0,1,-7.99948,0.2546671033,6.5697731972,,0.4347826086956521,0.5384615384615384,0,1,-6.85398,0.2538414598,6.0266623497,,0.4782608695652174,0.6153846153846154,0,1,-8.14057,0.2405159324,5.9721679688,,0.5652173913043478,0.7692307692307693,0,1,-6.96904,0.2146108598,6.1138820648,,0.391304347826087,0.3846153846153846,0,1,-6.56356,0.2072206736,5.8470458984,,0.4347826086956521,0.5384615384615384,0,1,10
ZINC000013558086,-7.57679,0.8843433261,4.7347283363,,0.3478260869565217,0.4615384615384615,0,1,-7.00528,0.8137168884,4.5588812828,,0.3478260869565217,0.4615384615384615,0,1,-7.10841,0.7633146644,4.9104609489,,0.391304347826087,0.5384615384615384,0,1,-7.38019,0.7288720608,4.7022633553,,0.4782608695652174,0.6153846153846154,0,1,-6.11855,0.7164696455,5.3729538918,,0.5652173913043478,0.6923076923076923,0,1,-6.68937,0.7130078673,4.8779063225,,0.3478260869565217,0.6153846153846154,0,1,-6.94107,0.6812181473,4.4373478889,,0.4782608695652174,0.7692307692307693,0,1,-6.16777,0.6777800918,4.5747113228,,0.3478260869565217,0.3846153846153846,0,1,-6.20676,0.6571497321,4.9538807869,,0.391304347826087,0.4615384615384615,0,1,-6.33137,0.6498595476,4.5642447472,,0.4782608695652174,0.6923076923076923,0,1,10
ZINC000013586819,-7.87955,0.9256507158,7.2238006592,,0.4782608695652174,0.6153846153846154,0,1,-8.29125,0.9040316343,7.0841803551,,0.8260869565217391,0.8461538461538461,0,1,-7.63634,0.8710826039,6.9116301537,,0.6956521739130435,0.7692307692307693,0,1,-7.84392,0.8277716041,6.6190972328,,0.6086956521739131,0.6923076923076923,0,1,-7.89444,0.8236820698,6.7780060768,,0.5652173913043478,0.6923076923076923,0,1,-7.66354,0.8002328277,6.609931469,,0.6521739130434783,0.6923076923076923,0,1,-7.75879,0.7975084782,7.108039856,,0.4782608695652174,0.6153846153846154,0,1,-8.35405,0.7803557515,7.0598053932,,0.5217391304347826,0.6153846153846154,0,1,-7.5966,0.7780786753,6.8998198509,,0.4782608695652174,0.6153846153846154,0,1,-9.00438,0.7742214799,6.6690278053,,0.7391304347826086,0.8461538461538461,0,1,10
ZINC000013586821,-8.53233,0.8811647892,7.1741447449,,0.8260869565217391,0.9230769230769232,0,1,-8.51691,0.846249938,6.8319983482,,0.6521739130434783,0.7692307692307693,0,1,-8.82876,0.8299927711,7.2192568779,,0.6086956521739131,0.7692307692307693,0,1,-7.75308,0.8280742168,6.9268569946,,0.5217391304347826,0.7692307692307693,0,1,-8.03462,0.8217656612,7.1193919182,,0.5652173913043478,0.6923076923076923,0,1,-8.29495,0.7915581465,7.1451258659,,0.4782608695652174,0.6153846153846154,0,1,-7.27698,0.7888457179,6.8417305946,,0.6521739130434783,0.6923076923076923,0,1,-8.32797,0.768543303,6.7493824959,,0.6956521739130435,0.8461538461538461,0,1,-8.21698,0.7316345572,6.8395323753,,0.4782608695652174,0.7692307692307693,0,1,-7.62619,0.7149488926,6.5353608131,,0.7391304347826086,0.8461538461538461,0,1,10
ZINC000013590056,-7.79767,0.344134897,6.2196621895,,0.3043478260869565,0.4615384615384615,0,1,-7.77845,0.315087229,6.2578887939,,0.2608695652173913,0.3846153846153846,0,1,-7.31026,0.231267184,5.4039702415,,0.5652173913043478,0.7692307692307693,0,1,-6.70722,0.2183271497,5.5889225006,,0.4347826086956521,0.6153846153846154,0,1,-7.95598,0.2087102383,5.9898495674,,0.1739130434782608,0.3076923076923077,0,1,-7.32798,0.2053488046,5.9144644737,,0.3043478260869565,0.4615384615384615,0,1,-7.41774,0.2007809877,5.9696164131,,0.3478260869565217,0.5384615384615384,0,1,-6.78883,0.1886636168,5.7486290932,,0.3043478260869565,0.5384615384615384,0,1,-8.03531,0.1858114898,4.6458873749,,0.4782608695652174,0.6153846153846154,0,1,-6.82566,0.1742085367,5.8052806854,,0.3043478260869565,0.4615384615384615,0,1,10
ZINC000013592377,-8.81753,0.4644631743,7.3021817207,,0.3043478260869565,0.4615384615384615,0,1,-9.2524,0.4478726387,7.1180214882,,0.4347826086956521,0.4615384615384615,0,1,-6.83869,0.4260458648,6.9031300545,,0.5217391304347826,0.6923076923076923,0,1,-8.87431,0.3415921628,6.5637917519,,0.4782608695652174,0.5384615384615384,0,1,-8.53568,0.2641884983,6.6129727364,,0.4347826086956521,0.6153846153846154,0,1,-6.27617,0.2390601188,5.2837405205,,0.391304347826087,0.3846153846153846,0,1,-5.73129,0.2239622027,4.6870365143,,0.1739130434782608,0.2307692307692307,0,1,-7.25118,0.1645458043,6.6338405609,,0.3043478260869565,0.3076923076923077,0,1,-8.0311,0.1637898684,6.4813766479,,0.3478260869565217,0.4615384615384615,0,1,-8.12664,0.146546036,6.4801177979,,0.4347826086956521,0.5384615384615384,0,1,10
ZINC000013599989,-7.82188,0.2755553424,6.1451301575,,0.4782608695652174,0.6923076923076923,0,1,-7.07059,0.2448943257,5.4398703575,,0.391304347826087,0.5384615384615384,0,1,-6.51157,0.2340990752,5.013068676,,0.3478260869565217,0.3076923076923077,0,1,-7.51399,0.1645082533,5.0677509308,,0.4782608695652174,0.6923076923076923,0,1,-6.94592,0.1405795813,5.0693268776,,0.391304347826087,0.5384615384615384,0,1,-7.18516,0.1402122527,5.3174877167,,0.4347826086956521,0.6153846153846154,0,1,-6.3468,0.1371765882,5.3161458969,,0.2608695652173913,0.3076923076923077,0,1,-7.65381,0.1307716668,5.3482513428,,0.4782608695652174,0.6923076923076923,0,1,-7.56874,0.1291100979,5.2071099281,,0.4347826086956521,0.6153846153846154,0,1,-7.08068,0.1276533306,5.3656430244,,0.4782608695652174,0.6923076923076923,0,1,10
ZINC000013603959,-7.20013,0.5128571987,5.4180526733,,0.4347826086956521,0.4615384615384615,0,1,-8.19638,0.3849309087,6.0858535767,,0.6521739130434783,0.7692307692307693,0,1,-7.08707,0.3139289916,5.3384170532,,0.391304347826087,0.5384615384615384,0,1,-7.21024,0.290040344,5.7326979637,,0.5217391304347826,0.6153846153846154,0,1,-7.33256,0.259188056,5.0776257515,,0.5217391304347826,0.6153846153846154,0,1,-7.23244,0.2551769316,5.1966338158,,0.4347826086956521,0.6153846153846154,0,1,-6.39498,0.2478736788,4.815923214,,0.2608695652173913,0.3076923076923077,0,1,-7.74924,0.2340519726,5.7939605713,,0.2608695652173913,0.3846153846153846,0,1,-8.29164,0.2296625376,5.6724638939,,0.2608695652173913,0.3846153846153846,0,1,-7.94785,0.228953436,5.4050102234,,0.217391304347826,0.3076923076923077,0,1,10
ZINC000013604557,-7.97403,0.6638281345,6.9661345482,,0.6521739130434783,0.7692307692307693,0,1,-8.22784,0.6472747922,7.1397271156,,0.4782608695652174,0.6923076923076923,0,1,-7.82393,0.5532209873,7.0470061302,,0.5217391304347826,0.7692307692307693,0,1,-8.72597,0.4602326751,6.7865180969,,0.6086956521739131,0.7692307692307693,0,1,-7.86215,0.4366397858,6.4220376015,,0.8260869565217391,0.9230769230769232,0,1,-7.90364,0.3990399241,6.6551532745,,0.4782608695652174,0.6923076923076923,0,1,-7.70982,0.3512741029,6.6796307564,,0.4782608695652174,0.6923076923076923,0,1,-7.99975,0.3472692668,6.8174538612,,0.391304347826087,0.6153846153846154,0,1,-8.15273,0.2900943458,6.5207915306,,0.6086956521739131,0.7692307692307693,0,1,-7.82801,0.2822881639,6.4828772545,,0.4347826086956521,0.6923076923076923,0,1,10
ZINC000013605833,-6.33914,0.1392804086,5.7756900787,,0.217391304347826,0.4615384615384615,0,1,-5.77024,0.1347865462,4.5933365822,,0.391304347826087,0.5384615384615384,0,1,-5.74557,0.1274302155,4.7095351219,,0.217391304347826,0.3846153846153846,0,1,-5.88912,0.120723322,4.7456202507,,0.2608695652173913,0.3846153846153846,0,1,-6.07846,0.1180087328,5.4628586769,,0.1739130434782608,0.3076923076923077,0,1,-5.9232,0.1169936508,4.4073719978,,0.4347826086956521,0.4615384615384615,0,1,-5.8608,0.1056385115,4.7846426964,,0.2608695652173913,0.2307692307692307,0,1,-6.11666,0.1024012193,4.50151968,,0.2608695652173913,0.3846153846153846,0,1,-6.46854,0.0957438797,5.4967331886,,0.5217391304347826,0.7692307692307693,0,1,-6.12166,0.0916657075,4.4974970818,,0.217391304347826,0.3846153846153846,0,1,10
ZINC000013648967,-7.5869,0.7151396275,6.4428162575,,0.217391304347826,0.3076923076923077,0,1,-6.9407,0.5812497735,6.0064482689,,0.3478260869565217,0.6153846153846154,0,1,-6.87313,0.5739376545,5.8507361412,,0.3043478260869565,0.4615384615384615,0,1,-6.43451,0.5714908838,5.6670131683,,0.3478260869565217,0.5384615384615384,0,1,-6.72829,0.4429419041,6.4722352028,,0.2608695652173913,0.6153846153846154,0,1,-6.73478,0.4210184813,6.323343277,,0.3478260869565217,0.5384615384615384,0,1,-6.99692,0.4147796631,5.8669466972,,0.391304347826087,0.6153846153846154,0,1,-7.23134,0.4093587697,5.899995327,,0.4347826086956521,0.6923076923076923,0,1,-6.34575,0.3797551692,5.5476593971,,0.4347826086956521,0.7692307692307693,0,1,-6.81144,0.3238516152,6.2779011726,,0.1739130434782608,0.3846153846153846,0,1,10
ZINC000013651781,-6.51871,0.5920857191,6.0884671211,,0.4782608695652174,0.5384615384615384,0,1,-5.87254,0.5133668184,6.1194190979,,0.3043478260869565,0.4615384615384615,0,1,-6.16235,0.3437988162,5.8283839226,,0.3043478260869565,0.4615384615384615,0,1,-6.9755,0.3396233618,5.9291396141,,0.391304347826087,0.5384615384615384,0,1,-5.96242,0.316496402,5.7555465698,,0.3043478260869565,0.4615384615384615,0,1,-5.70934,0.3033763766,5.0109901428,,0.4347826086956521,0.4615384615384615,0,1,-6.42112,0.285499543,5.3473525047,,0.4347826086956521,0.5384615384615384,0,1,-6.51421,0.2802923024,5.6088280678,,0.4782608695652174,0.5384615384615384,0,1,-7.0009,0.2597735226,5.729821682,,0.1739130434782608,0.3846153846153846,0,1,-7.12272,0.2509205341,5.7781348228,,0.1304347826086956,0.2307692307692307,0,1,10
ZINC000013673723,-8.05706,0.5682168603,6.2155480385,,0.6956521739130435,0.8461538461538461,0,1,-6.89585,0.5524811149,6.3737797737,,0.391304347826087,0.6153846153846154,0,1,-7.79496,0.4985583723,6.607313633,,0.5652173913043478,0.6923076923076923,0,1,-8.3544,0.4910121858,6.1161727905,,0.5217391304347826,0.6923076923076923,0,1,-7.82322,0.4744455814,6.5322546959,,0.6086956521739131,0.7692307692307693,0,1,-7.68124,0.4111400247,6.1901268959,,0.4782608695652174,0.6153846153846154,0,1,-7.34923,0.366356045,6.3713703156,,0.2608695652173913,0.4615384615384615,0,1,-7.96778,0.3541141152,6.1015868187,,0.4782608695652174,0.6153846153846154,0,1,-6.85479,0.2786368132,6.3098678589,,0.3478260869565217,0.3846153846153846,0,1,-7.3618,0.256447345,6.5659480095,,0.6086956521739131,0.6923076923076923,0,1,10
ZINC000013731280,-6.24051,0.6031569839,5.4095191956,,0.391304347826087,0.3846153846153846,0,1,-6.31066,0.5284993052,5.4237380028,,0.3478260869565217,0.3846153846153846,0,1,-6.26017,0.4767081439,5.3267035484,,0.391304347826087,0.3846153846153846,0,1,-5.57529,0.4171900451,4.3932557106,,0.3043478260869565,0.3076923076923077,0,1,-5.60626,0.404809773,5.432454586,,0.4782608695652174,0.7692307692307693,0,1,-5.5515,0.3936889768,5.1822943687,,0.5217391304347826,0.6153846153846154,0,1,-5.52867,0.381585896,5.4586176872,,0.4347826086956521,0.4615384615384615,0,1,-5.72465,0.345190376,5.3890271187,,0.391304347826087,0.4615384615384615,0,1,-6.6475,0.3360415399,4.8366942406,,0.4782608695652174,0.4615384615384615,0,1,-5.44963,0.3046479225,5.4455323219,,0.4347826086956521,0.4615384615384615,0,1,10
ZINC000013745185,-8.11447,0.9162554741,7.1937336922,,0.8260869565217391,0.8461538461538461,0,1,-7.44299,0.8611841798,7.1004471779,,0.5652173913043478,0.6923076923076923,0,1,-8.25182,0.7827474475,7.0738854408,,0.782608695652174,0.9230769230769232,0,1,-7.92183,0.7398456335,7.0978317261,,0.6086956521739131,0.7692307692307693,0,1,-8.2875,0.7300004363,7.027449131,,0.6521739130434783,0.8461538461538461,0,1,-7.95557,0.7282088995,6.7332320213,,0.6956521739130435,0.8461538461538461,0,1,-8.27751,0.7013831735,6.669857502,,0.6956521739130435,0.7692307692307693,0,1,-8.25347,0.6619948745,7.1608047485,,0.6086956521739131,0.7692307692307693,0,1,-7.71585,0.6529334784,6.8154087067,,0.4347826086956521,0.6923076923076923,0,1,-7.48846,0.6395971179,6.7928423882,,0.782608695652174,0.8461538461538461,0,1,10
ZINC000013746984,-7.10938,0.6321719289,6.0113682747,,0.2608695652173913,0.3076923076923077,0,1,-6.48615,0.3901212215,6.26141119,,0.5652173913043478,0.7692307692307693,0,1,-7.54374,0.3215369284,5.6426072121,,0.391304347826087,0.6153846153846154,0,1,-7.07332,0.3060599864,6.207818985,,0.4782608695652174,0.6923076923076923,0,1,-6.09419,0.2931699157,5.6800880432,,0.391304347826087,0.6153846153846154,0,1,-6.31524,0.2796933055,4.8110108376,,0.3043478260869565,0.3846153846153846,0,1,-7.49784,0.2581394017,5.6222529411,,0.4347826086956521,0.6153846153846154,0,1,-7.2061,0.2350905538,5.2848091125,,0.4347826086956521,0.6153846153846154,0,1,-7.56657,0.2329414785,5.6738200188,,0.391304347826087,0.5384615384615384,0,1,-5.93716,0.2118122727,5.6509661674,,0.217391304347826,0.2307692307692307,0,1,10
ZINC000013758263,-8.4587,0.7312138677,7.0282349586,,0.391304347826087,0.6153846153846154,0,1,-7.3776,0.5261790156,6.284860611,,0.391304347826087,0.3846153846153846,0,1,-6.53418,0.3868842423,6.2632732391,,0.3478260869565217,0.3846153846153846,0,1,-6.15072,0.2874746621,6.0099768639,,0.3478260869565217,0.3846153846153846,0,1,-5.9712,0.2633360326,5.70677948,,0.3478260869565217,0.4615384615384615,0,1,-6.44138,0.2517462373,5.9020042419,,0.3478260869565217,0.3846153846153846,0,1,-8.8854,0.2515871525,6.3785691261,,0.1304347826086956,0.1538461538461538,0,1,-5.76593,0.2506117821,5.3840713501,,0.391304347826087,0.4615384615384615,0,1,-6.26041,0.2430956364,5.971326828,,0.3478260869565217,0.3846153846153846,0,1,-6.75118,0.2205702215,5.4859642982,,0.3478260869565217,0.3846153846153846,0,1,10
ZINC000013779709,-6.91677,0.607722342,5.8572630882,,0.5652173913043478,0.6923076923076923,0,1,-6.74793,0.5328119993,5.6572780609,,0.4782608695652174,0.6153846153846154,0,1,-6.97122,0.4978145659,6.075109005,,0.5652173913043478,0.6153846153846154,0,1,-7.63785,0.4312700927,5.6606006622,,0.3043478260869565,0.5384615384615384,0,1,-6.3737,0.3824156523,5.6268539429,,0.4347826086956521,0.5384615384615384,0,1,-7.12695,0.3092721105,5.544960022,,0.4347826086956521,0.6153846153846154,0,1,-7.21437,0.2874792218,5.1350741386,,0.5217391304347826,0.6923076923076923,0,1,-7.85993,0.2606768906,5.217508316,,0.5217391304347826,0.7692307692307693,0,1,-7.04839,0.2590587735,5.1076073647,,0.3043478260869565,0.3846153846153846,0,1,-7.76057,0.1923513561,4.8715977669,,0.4782608695652174,0.6923076923076923,0,1,10
ZINC000013795314,-7.66193,0.4413123131,5.8320040703,,0.5217391304347826,0.6923076923076923,0,1,-7.81797,0.4052677453,6.0543684959,,0.4347826086956521,0.5384615384615384,0,1,-7.09572,0.3298988938,5.6832294464,,0.391304347826087,0.4615384615384615,0,1,-6.72621,0.3233932555,5.7645220757,,0.3478260869565217,0.4615384615384615,0,1,-8.35506,0.2813884914,6.038880825,,0.4782608695652174,0.6153846153846154,0,1,-8.33883,0.2750900686,5.8636822701,,0.5217391304347826,0.6153846153846154,0,1,-7.27322,0.2291096151,4.8911967278,,0.4782608695652174,0.5384615384615384,0,1,-7.19951,0.2272597551,5.1749377251,,0.3478260869565217,0.4615384615384615,0,1,-8.05152,0.2191622108,5.8202366829,,0.5217391304347826,0.6923076923076923,0,1,-8.16148,0.2090619206,5.5579547882,,0.391304347826087,0.4615384615384615,0,1,10
ZINC000013797181,-5.91707,0.7060669661,5.0772209167,,0.6956521739130435,0.9230769230769232,0,1,-7.1124,0.6171480417,5.261297226,,0.6956521739130435,0.8461538461538461,0,1,-5.80658,0.5477309227,4.0453763008,,0.2608695652173913,0.2307692307692307,0,1,-5.62407,0.4406582415,4.2448496819,,0.2608695652173913,0.3076923076923077,0,1,-6.14071,0.4302994907,4.0600910187,,0.3478260869565217,0.3846153846153846,0,1,-5.59171,0.396242857,4.2209200859,,0.4347826086956521,0.4615384615384615,0,1,-6.17477,0.3909296989,3.8836326599,,0.3478260869565217,0.3076923076923077,0,1,-6.25907,0.3888489306,4.603597641,,0.4347826086956521,0.5384615384615384,0,1,-6.37104,0.3828814328,4.4363803864,,0.3043478260869565,0.3846153846153846,0,1,-5.51967,0.2763624787,4.1412854195,,0.2608695652173913,0.3846153846153846,0,1,10
ZINC000013834244,-7.46296,0.3184005022,4.7623791695,,0.3043478260869565,0.4615384615384615,0,1,-5.39931,0.245986253,4.2784347534,,0.391304347826087,0.4615384615384615,0,1,-6.2412,0.1859256178,4.5410523415,,0.3043478260869565,0.3846153846153846,0,1,-7.35686,0.1762370765,4.7312273979,,0.3478260869565217,0.4615384615384615,0,1,-6.73431,0.155599609,4.4531755447,,0.3043478260869565,0.3846153846153846,0,1,-6.78095,0.1552270949,4.5021095276,,0.3043478260869565,0.3846153846153846,0,1,-5.98302,0.1527834982,4.4154934883,,0.3043478260869565,0.3076923076923077,0,1,-5.68863,0.1303628087,4.3053174019,,0.217391304347826,0.3076923076923077,0,1,-6.05345,0.1197100654,3.8335905075,,0.3478260869565217,0.3846153846153846,0,1,-6.06073,0.0980795994,4.0149922371,,0.3478260869565217,0.3846153846153846,0,1,10
ZINC000013860906,-7.58465,0.8858108521,7.0303425789,,0.782608695652174,0.8461538461538461,0,1,-7.38845,0.7376419902,6.8597130775,,0.6086956521739131,0.7692307692307693,0,1,-7.66981,0.6777714491,6.8019714355,,0.7391304347826086,0.8461538461538461,0,1,-7.39366,0.6169365048,6.818253994,,0.6521739130434783,0.7692307692307693,0,1,-7.96264,0.6066885591,6.8339848518,,0.6086956521739131,0.7692307692307693,0,1,-7.64635,0.6045231223,6.9085888863,,0.6086956521739131,0.8461538461538461,0,1,-8.0754,0.5675648451,6.6719689369,,0.8260869565217391,0.9230769230769232,0,1,-7.825,0.5496256948,6.6454110146,,0.7391304347826086,0.8461538461538461,0,1,-7.27253,0.4990639985,6.1700115204,,0.6521739130434783,0.8461538461538461,0,1,-7.84362,0.4978111386,6.5326247215,,0.6521739130434783,0.7692307692307693,0,1,10
ZINC000013860909,-8.47652,0.9590427279,6.9634375572,,0.7391304347826086,0.7692307692307693,0,1,-8.576,0.9216400981,6.6839737892,,0.8260869565217391,0.8461538461538461,0,1,-7.34946,0.8405563831,6.6709671021,,0.7391304347826086,0.7692307692307693,0,1,-7.96027,0.7749223709,6.5833454132,,0.6956521739130435,0.7692307692307693,0,1,-7.43453,0.7680891156,6.6401195526,,0.6521739130434783,0.7692307692307693,0,1,-8.41011,0.7426711917,6.4396138191,,0.7391304347826086,0.8461538461538461,0,1,-7.32303,0.740270555,6.5909972191,,0.6086956521739131,0.6923076923076923,0,1,-7.61707,0.7354826331,6.5607948303,,0.5652173913043478,0.6923076923076923,0,1,-7.79613,0.6908775568,6.5893616676,,0.6086956521739131,0.6923076923076923,0,1,-7.74009,0.6879407763,6.5770974159,,0.6086956521739131,0.6923076923076923,0,1,10
ZINC000013861572,-5.47931,0.4624952972,4.0756249428,,0.2608695652173913,0.3076923076923077,0,1,-5.46757,0.3662683964,4.3366122246,,0.217391304347826,0.3076923076923077,0,1,-5.48534,0.321952939,3.961117506,,0.217391304347826,0.2307692307692307,0,1,-4.93781,0.3193588257,4.3546299934,,0.217391304347826,0.3076923076923077,0,1,-5.54048,0.2954925597,3.8675851822,,0.2608695652173913,0.3076923076923077,0,1,-5.46701,0.2886940241,4.4422736168,,0.217391304347826,0.3076923076923077,0,1,-5.33594,0.2809369862,4.0766711235,,0.1739130434782608,0.2307692307692307,0,1,-5.25347,0.2739101648,3.9206168652,,0.3478260869565217,0.3846153846153846,0,1,-5.49958,0.2657271624,3.9764301777,,0.217391304347826,0.3076923076923077,0,1,-6.63743,0.2581278384,4.1064662933,,0.2608695652173913,0.3846153846153846,0,1,10
ZINC000013905979,-6.81087,0.7181369662,5.5177197456,,0.4782608695652174,0.6923076923076923,0,1,-6.91277,0.6683588624,5.5724124908,,0.4782608695652174,0.6153846153846154,0,1,-5.47692,0.5795475841,5.132215023,,0.4782608695652174,0.6153846153846154,0,1,-6.29586,0.5394603014,5.348762989,,0.5217391304347826,0.6923076923076923,0,1,-5.85349,0.5345038772,5.1898465157,,0.6956521739130435,0.8461538461538461,0,1,-5.72636,0.498041302,5.1861186028,,0.4782608695652174,0.6923076923076923,0,1,-6.47571,0.4933257699,5.4540042877,,0.5217391304347826,0.6923076923076923,0,1,-6.5487,0.4913825691,5.5208039284,,0.6521739130434783,0.6923076923076923,0,1,-7.40822,0.4575169981,5.3045420647,,0.7391304347826086,0.9230769230769232,0,1,-5.40696,0.4003273845,4.2085757256,,0.217391304347826,0.2307692307692307,0,1,10
ZINC000013915097,-6.96901,0.7167662382,5.905878067,,0.5652173913043478,0.6923076923076923,0,1,-6.74369,0.51287359,5.6891174316,,0.4347826086956521,0.6923076923076923,0,1,-8.21804,0.5080077052,6.7333164215,,0.4782608695652174,0.5384615384615384,0,1,-7.43162,0.4731962681,5.9228224754,,0.4782608695652174,0.6923076923076923,0,1,-6.34723,0.4319179654,6.5425086021,,0.5217391304347826,0.7692307692307693,0,1,-7.45941,0.4293357432,6.3457198143,,0.4782608695652174,0.6923076923076923,0,1,-7.95383,0.4158964753,6.8996734619,,0.4782608695652174,0.6153846153846154,0,1,-6.26143,0.3641357124,6.2780241966,,0.4782608695652174,0.5384615384615384,0,1,-7.93578,0.3425371349,6.5822048187,,0.4347826086956521,0.5384615384615384,0,1,-6.53732,0.3099235594,5.7564358711,,0.3478260869565217,0.6153846153846154,0,1,10
ZINC000014417432,-6.18356,0.2727922201,6.0914416313,,0.4782608695652174,0.6923076923076923,0,1,-6.81869,0.1764309704,6.1238656044,,0.5217391304347826,0.7692307692307693,0,1,-5.67886,0.1611822844,4.2583289146,,0.217391304347826,0.3846153846153846,0,1,-5.64979,0.1487536281,4.2911205292,,0.1739130434782608,0.3846153846153846,0,1,-5.33726,0.1306858957,4.0959424973,,0.217391304347826,0.3076923076923077,0,1,-5.31405,0.1276852936,3.8952372074,,0.1739130434782608,0.3076923076923077,0,1,-5.64229,0.1191196367,4.2658753395,,0.217391304347826,0.3076923076923077,0,1,-5.9293,0.1189103127,4.5356884003,,0.1304347826086956,0.2307692307692307,0,1,-5.49013,0.1153252572,3.9256527424,,0.1739130434782608,0.3076923076923077,0,1,-5.06152,0.1133296415,3.6420600414,,0.1304347826086956,0.3076923076923077,0,1,10
ZINC000014677361,-4.75495,0.7221060991,6.3615078926,,0.3043478260869565,0.6923076923076923,0,1,-3.78919,0.413772732,5.6542472839,,0.217391304347826,0.3846153846153846,0,1,-4.45941,0.3866313696,5.5499267578,,0.3043478260869565,0.4615384615384615,0,1,-4.35435,0.3153684139,3.1187503338,,0.217391304347826,0.3076923076923077,0,1,-6.03776,0.2850009799,5.5321068764,,0.3478260869565217,0.6153846153846154,0,1,-4.34786,0.2682393491,2.9199562073,,0.2608695652173913,0.3076923076923077,0,1,-4.38009,0.2456123978,2.7607152462,,0.2608695652173913,0.3076923076923077,0,1,-4.39601,0.2321976721,2.8671710491,,0.2608695652173913,0.3076923076923077,0,1,-3.85376,0.2271861285,2.3284056187,,0.1739130434782608,0.1538461538461538,0,1,-4.16839,0.2253091633,2.9096536636,,0.1739130434782608,0.2307692307692307,0,1,10
ZINC000014725600,-5.56641,0.5757650137,3.8826942444,,0.217391304347826,0.2307692307692307,0,1,-7.52935,0.4354026914,4.2844491005,,0.0869565217391304,0.0769230769230769,0,1,-5.80284,0.4189093411,3.4277420044,,0.217391304347826,0.2307692307692307,0,1,-8.93769,0.4034748673,4.6174240112,,0.217391304347826,0.3076923076923077,0,1,-7.17212,0.3827443123,4.2528076172,,0.0869565217391304,0.0769230769230769,0,1,-6.27519,0.3824832439,5.000295639,,0.2608695652173913,0.3076923076923077,0,1,-5.40969,0.3233682513,4.3850893974,,0.0869565217391304,0.0769230769230769,0,1,-7.43995,0.3119023144,4.1657428741,,0.0869565217391304,0.0769230769230769,0,1,-7.39342,0.3114998639,3.9534053802,,0.217391304347826,0.3076923076923077,0,1,-6.23004,0.3057215214,4.2278943062,,0.217391304347826,0.3076923076923077,0,1,10
ZINC000014811803,-8.74942,0.2957207561,5.7344117165,,0.391304347826087,0.5384615384615384,0,1,-7.10704,0.2681924999,4.6609539986,,0.3043478260869565,0.3076923076923077,0,1,-7.5275,0.2345915586,4.7394795418,,0.2608695652173913,0.3846153846153846,0,1,-7.99637,0.2258372009,5.1922054291,,0.4347826086956521,0.7692307692307693,1,1,-6.6132,0.2234340608,4.245402813,,0.4782608695652174,0.4615384615384615,0,1,-6.82564,0.2233120054,4.7609977722,,0.391304347826087,0.3846153846153846,0,1,-6.51889,0.2220963538,4.0855813026,,0.217391304347826,0.3076923076923077,0,1,-6.52603,0.2157721519,4.3337569237,,0.217391304347826,0.2307692307692307,0,1,-7.43166,0.2136523426,4.8009605408,,0.3478260869565217,0.4615384615384615,0,1,-6.95333,0.204322204,4.7412757874,,0.391304347826087,0.3846153846153846,0,1,10
ZINC000014813762,-5.9028,0.5114371181,4.4849643707,,0.3043478260869565,0.3076923076923077,0,1,-8.90526,0.4593352973,5.3504867554,,0.5217391304347826,0.7692307692307693,0,1,-5.9024,0.4575372934,4.7722654343,,0.3043478260869565,0.3076923076923077,0,1,-5.91863,0.3835922778,4.4367623329,,0.2608695652173913,0.3846153846153846,0,1,-6.74481,0.2628050447,4.7934761047,,0.6086956521739131,0.6153846153846154,0,1,-7.18227,0.1997073591,4.6207261086,,0.3478260869565217,0.4615384615384615,0,1,-6.49175,0.1775363833,4.3223166466,,0.2608695652173913,0.3076923076923077,0,1,-6.1001,0.1758238971,4.1078438759,,0.2608695652173913,0.3076923076923077,0,1,-6.52435,0.1701481342,4.2717900276,,0.3043478260869565,0.3076923076923077,0,1,-5.91814,0.1624390632,3.9043762684,,0.2608695652173913,0.3076923076923077,0,1,10
ZINC000014952643,-6.97775,0.5999736786,6.066722393,,0.2608695652173913,0.3846153846153846,0,1,-4.7148,0.3969451785,3.9252364635,,0.3043478260869565,0.3076923076923077,0,1,-5.58618,0.3910905421,5.6604752541,,0.3043478260869565,0.5384615384615384,0,1,-4.47714,0.3876250982,3.5574493408,,0.217391304347826,0.2307692307692307,0,1,-4.60588,0.3335207105,4.0420336723,,0.2608695652173913,0.2307692307692307,0,1,-4.33166,0.3117342293,4.2253670692,,0.2608695652173913,0.3076923076923077,0,1,-4.48502,0.2923754156,4.041261673,,0.3043478260869565,0.3846153846153846,0,1,-3.80802,0.288692683,4.0504107475,,0.217391304347826,0.1538461538461538,0,1,-4.78933,0.2806537449,4.1124458313,,0.1304347826086956,0.1538461538461538,0,1,-5.33224,0.27530846,5.436978817,,0.2608695652173913,0.3076923076923077,0,1,10
ZINC000014953453,-7.09003,0.5177745223,6.9923019409,,0.5652173913043478,0.8461538461538461,0,1,-7.86159,0.4254883528,6.3822903633,,0.3478260869565217,0.6153846153846154,0,1,-8.83925,0.2889177203,6.1455540657,,0.3043478260869565,0.6153846153846154,0,1,-6.72579,0.276830405,6.2861213684,,0.4347826086956521,0.6153846153846154,0,1,-8.54655,0.2515606582,6.3174300194,,0.2608695652173913,0.5384615384615384,0,1,-6.28957,0.2514360845,5.1487593651,,0.4347826086956521,0.5384615384615384,0,1,-7.58043,0.2502389252,6.2578673363,,0.3478260869565217,0.5384615384615384,0,1,-6.3708,0.2449034601,5.2854690552,,0.5217391304347826,0.5384615384615384,0,1,-7.12653,0.2381793261,6.1252231598,,0.3478260869565217,0.5384615384615384,0,1,-7.62423,0.2197019458,6.0011544228,,0.391304347826087,0.6153846153846154,0,1,10
ZINC000014973065,-6.71469,0.714383781,7.3626542091,,0.5652173913043478,0.6923076923076923,0,1,-7.45108,0.6483842134,7.2120375633,,0.5652173913043478,0.6923076923076923,0,1,-6.35212,0.4546455145,6.8934502602,,0.4782608695652174,0.6153846153846154,0,1,-7.27909,0.4180643559,7.1309871674,,0.391304347826087,0.4615384615384615,0,1,-6.13582,0.2557553649,6.5840630531,,0.4782608695652174,0.6153846153846154,0,1,-6.35353,0.1860276759,6.6969566345,,0.3043478260869565,0.3076923076923077,0,1,-6.8888,0.1487690061,5.444896698,,0.3478260869565217,0.4615384615384615,0,1,-6.63749,0.1147935241,6.4790034294,,0.3043478260869565,0.3846153846153846,1,1,-6.70512,0.1094754934,6.215713501,,0.2608695652173913,0.3846153846153846,0,1,-6.53261,0.1044471562,6.2102503777,,0.2608695652173913,0.3076923076923077,0,1,10
ZINC000015261358,-6.9579,0.6030131578,5.6996998787,,0.3043478260869565,0.4615384615384615,0,1,-5.47674,0.584141016,5.4810061455,,0.3043478260869565,0.3846153846153846,0,1,-5.77183,0.5513440967,5.4272065163,,0.2608695652173913,0.3846153846153846,0,1,-7.06954,0.5141659379,5.7843704224,,0.3043478260869565,0.3846153846153846,0,1,-6.41237,0.4172970951,5.5102424622,,0.3043478260869565,0.4615384615384615,0,1,-6.75696,0.4051913619,5.7141356468,,0.4782608695652174,0.6153846153846154,0,1,-6.64428,0.3582417965,5.2049450874,,0.3478260869565217,0.4615384615384615,0,1,-5.9733,0.3236733973,5.7742500305,,0.217391304347826,0.3846153846153846,0,1,-6.56287,0.3054141104,5.6947135925,,0.391304347826087,0.4615384615384615,0,1,-6.21392,0.3031552434,5.6144943237,,0.3043478260869565,0.4615384615384615,0,1,10
ZINC000015261596,-6.60604,0.2865062952,5.9558148384,,0.3478260869565217,0.6153846153846154,0,1,-6.79068,0.2371743619,5.2981324196,,0.3478260869565217,0.6923076923076923,0,1,-7.31136,0.1993061453,4.9129986763,,0.4782608695652174,0.6923076923076923,0,1,-7.28274,0.1919022501,5.151799202,,0.5217391304347826,0.6923076923076923,0,1,-6.74442,0.1866590828,4.8057079315,,0.3043478260869565,0.4615384615384615,0,1,-6.5246,0.1783054024,5.170841217,,0.1739130434782608,0.2307692307692307,0,1,-6.69071,0.1731473655,4.5234494209,,0.4347826086956521,0.6153846153846154,0,1,-7.47271,0.16831249,5.1368360519,,0.5652173913043478,0.6923076923076923,0,1,-7.65787,0.164400667,4.9557614326,,0.6086956521739131,0.7692307692307693,0,1,-7.30643,0.1602055728,5.0685105324,,0.217391304347826,0.3076923076923077,0,1,10
ZINC000015521877,-6.29115,0.3052740097,5.1381917,,0.6521739130434783,0.8461538461538461,0,1,-7.2094,0.2829078436,4.973880291,,0.4782608695652174,0.4615384615384615,0,1,-6.88528,0.2385764122,4.767326355,,0.217391304347826,0.3846153846153846,0,1,-6.17931,0.1754287332,3.5224392414,,0.3478260869565217,0.3846153846153846,0,1,-6.90005,0.1310927123,4.4620461464,,0.3478260869565217,0.4615384615384615,0,1,-7.18179,0.0821364745,4.1565718651,,0.3478260869565217,0.3846153846153846,0,1,-6.20218,0.0815973729,4.4996700287,,0.3043478260869565,0.3846153846153846,0,1,-5.96527,0.07964506,4.0119986534,,0.1739130434782608,0.3076923076923077,0,1,-7.39774,0.0507400669,3.7266597748,,0.217391304347826,0.3846153846153846,0,1,-6.89744,0.0463813096,3.5607016087,,0.217391304347826,0.3076923076923077,0,1,10
ZINC000015721206,-7.91534,0.4947038293,7.5875344276,,0.391304347826087,0.5384615384615384,0,1,-6.39474,0.4161748588,5.8703980446,,0.3478260869565217,0.5384615384615384,0,1,-6.91288,0.3752765357,5.9522919655,,0.3478260869565217,0.4615384615384615,0,1,-6.56477,0.370411694,6.0398311615,,0.2608695652173913,0.4615384615384615,0,1,-6.92055,0.3700404763,6.2757096291,,0.391304347826087,0.6923076923076923,0,1,-7.26589,0.3611162305,5.9442458153,,0.2608695652173913,0.3846153846153846,0,1,-8.19109,0.3393189609,6.8923697472,,0.5652173913043478,0.6923076923076923,0,1,-6.75288,0.3051469624,5.6543860435,,0.2608695652173913,0.4615384615384615,0,1,-7.14423,0.2926745713,5.9031739235,,0.3478260869565217,0.6153846153846154,0,1,-7.74801,0.282147646,6.6145091057,,0.391304347826087,0.5384615384615384,0,1,10
ZINC000015721454,-8.18035,0.2331124395,6.4940929413,,0.3478260869565217,0.5384615384615384,0,1,-6.32582,0.2101965696,5.855943203,,0.391304347826087,0.7692307692307693,0,1,-7.8278,0.1945726126,4.8500404358,,0.5652173913043478,0.6923076923076923,0,1,-7.76811,0.1940603852,5.5982050896,,0.4782608695652174,0.7692307692307693,0,1,-7.36725,0.1821277738,5.7240486145,,0.391304347826087,0.4615384615384615,0,1,-5.94184,0.1720178425,4.5139660835,,0.391304347826087,0.4615384615384615,0,1,-6.99112,0.1253715903,5.4795908928,,0.391304347826087,0.6153846153846154,0,1,-7.47227,0.1183633879,5.4651660919,,0.3043478260869565,0.6153846153846154,0,1,-7.82438,0.1052227169,4.966026783,,0.2608695652173913,0.5384615384615384,0,1,-6.87099,0.104693763,4.9412741661,,0.5652173913043478,0.7692307692307693,0,1,10
ZINC000016136309,-7.04219,0.5249034762,5.0852265358,,0.2608695652173913,0.3846153846153846,0,1,-6.87606,0.4473005235,5.5132527351,,0.2608695652173913,0.3846153846153846,0,1,-6.70574,0.3162870705,5.2371406555,,0.1304347826086956,0.3076923076923077,0,1,-5.54153,0.2990734875,5.1656117439,,0.217391304347826,0.4615384615384615,0,1,-6.54979,0.29043293,5.4569859505,,0.391304347826087,0.4615384615384615,0,1,-5.54654,0.2810510993,4.1294531822,,0.217391304347826,0.2307692307692307,0,1,-5.61588,0.2732147276,3.9797756672,,0.0869565217391304,0.1538461538461538,0,1,-6.90161,0.2625845373,4.8857674599,,0.2608695652173913,0.3846153846153846,0,1,-6.35908,0.2618368268,5.0730929375,,0.2608695652173913,0.4615384615384615,0,1,-6.38928,0.2579578459,5.1663756371,,0.1304347826086956,0.3076923076923077,0,1,10
ZINC000016343018,-8.03628,0.3825393915,4.7949848175,,0.3478260869565217,0.3846153846153846,0,1,-6.65904,0.3662130833,4.9505901337,,0.5217391304347826,0.6923076923076923,0,1,-7.17129,0.3471853137,5.0130352974,,0.4347826086956521,0.5384615384615384,0,1,-7.46935,0.2519524992,4.92684412,,0.5217391304347826,0.6153846153846154,0,1,-6.71479,0.2443183213,5.0898742676,,0.4782608695652174,0.6153846153846154,0,1,-7.09951,0.2396492809,4.9437832832,,0.4347826086956521,0.5384615384615384,0,1,-6.06,0.2369853854,4.5733742714,,0.4347826086956521,0.5384615384615384,0,1,-6.25113,0.2060431093,4.9128870964,,0.4782608695652174,0.6923076923076923,0,1,-6.92613,0.1926134229,4.9432501793,,0.5217391304347826,0.7692307692307693,0,1,-5.83492,0.1700744033,5.0052113533,,0.4782608695652174,0.6153846153846154,0,1,10
ZINC000016900464,-5.98232,0.694719553,5.2972664833,,0.0869565217391304,0.0769230769230769,0,1,-5.4946,0.6711987853,5.4825100899,,0.6086956521739131,0.7692307692307693,0,1,-5.6865,0.5573105216,4.9403042793,,0.391304347826087,0.3846153846153846,0,1,-6.5145,0.5268979669,4.9853949547,,0.3478260869565217,0.3846153846153846,0,1,-6.59649,0.4949133992,4.953037262,,0.3043478260869565,0.3076923076923077,0,1,-7.22409,0.4349370599,4.7943940163,,0.0869565217391304,0.0769230769230769,0,1,-7.21402,0.4238674045,4.7757325172,,0.0869565217391304,0.0769230769230769,0,1,-6.6432,0.4235334694,4.9897637367,,0.3478260869565217,0.3076923076923077,0,1,-5.75818,0.4115379751,4.5808682442,,0.391304347826087,0.3846153846153846,0,1,-6.61296,0.4020499289,4.9539637566,,0.3478260869565217,0.3076923076923077,0,1,10
ZINC000017108215,-8.34703,0.7704876661,6.977408886,,0.6521739130434783,0.7692307692307693,0,1,-8.38828,0.7553310394,7.1869072914,,0.6086956521739131,0.7692307692307693,0,1,-7.95034,0.6913541555,6.8119664192,,0.5217391304347826,0.7692307692307693,0,1,-7.69803,0.6487525105,6.7612476349,,0.6956521739130435,0.8461538461538461,0,1,-8.16882,0.6193480492,6.7685828209,,0.8260869565217391,0.9230769230769232,0,1,-8.38104,0.5958895087,6.931344986,,0.6521739130434783,0.7692307692307693,0,1,-7.85589,0.5820007324,6.5326313972,,0.782608695652174,0.9230769230769232,0,1,-8.43414,0.5289518833,6.7091164589,,0.6086956521739131,0.7692307692307693,0,1,-8.28976,0.5284893513,6.1745095253,,0.2608695652173913,0.3076923076923077,0,1,-7.90811,0.4650211632,6.4954800606,,0.8260869565217391,0.9230769230769232,0,1,10
ZINC000017214369,-6.37615,0.4576705992,6.5042800903,,0.3478260869565217,0.6923076923076923,0,1,-5.32411,0.3606124818,5.2328910828,,0.1739130434782608,0.2307692307692307,0,1,-6.28618,0.3112745583,6.647163868,,0.5652173913043478,0.8461538461538461,0,1,-5.40249,0.2435481548,4.202395916,,0.1304347826086956,0.1538461538461538,0,1,-5.40941,0.2262976319,5.0709424019,,0.217391304347826,0.3076923076923077,0,1,-6.47718,0.2012266517,4.7353515625,,0.3478260869565217,0.3846153846153846,0,1,-5.57309,0.1973925829,4.7897758484,,0.1739130434782608,0.3846153846153846,0,1,-5.6979,0.1666451991,4.0778541565,,0.3043478260869565,0.3076923076923077,0,1,-5.80199,0.1627968848,4.6660957336,,0.3043478260869565,0.4615384615384615,0,1,-7.19982,0.1482930332,5.321621418,,0.3043478260869565,0.5384615384615384,0,1,10
ZINC000017375776,-6.50015,0.1740994006,5.1486201286,,0.4782608695652174,0.6153846153846154,0,1,-7.03093,0.1713710129,5.0156407356,,0.4782608695652174,0.6923076923076923,0,1,-6.80921,0.1235994548,4.7299728394,,0.4347826086956521,0.6923076923076923,0,1,-5.62959,0.1219230518,3.5213706493,,0.1304347826086956,0.1538461538461538,0,1,-5.14952,0.1180741563,4.248896122,,0.391304347826087,0.4615384615384615,0,1,-7.38648,0.0990858376,4.3422865868,,0.3043478260869565,0.3846153846153846,0,1,-5.7602,0.089095138,4.5120234489,,0.217391304347826,0.2307692307692307,0,1,-6.55998,0.0714252591,3.6673851013,,0.2608695652173913,0.4615384615384615,0,1,-5.76383,0.0705484524,3.5280950069,,0.3043478260869565,0.3846153846153846,0,1,-6.17437,0.0656884238,3.8781664371,,0.217391304347826,0.3076923076923077,0,1,10
ZINC000019202636,-4.51826,0.4275657535,5.4041771889,,0.4347826086956521,0.6923076923076923,0,1,-5.29915,0.360322386,5.0576024055,,0.3043478260869565,0.4615384615384615,0,1,-4.5498,0.3345702291,5.227660656,,0.4347826086956521,0.7692307692307693,0,1,-4.05616,0.3258370757,5.005065918,,0.3043478260869565,0.6153846153846154,0,1,-4.30094,0.288480401,3.3702208996,,0.217391304347826,0.2307692307692307,0,1,-4.24413,0.2780134976,3.4530417919,,0.217391304347826,0.2307692307692307,0,1,-4.45939,0.2651918828,3.3935353756,,0.2608695652173913,0.3076923076923077,0,1,-4.04167,0.2627006173,3.5889365673,,0.2608695652173913,0.3076923076923077,0,1,-4.65838,0.2561224997,5.2669758797,,0.3043478260869565,0.6153846153846154,0,1,-4.4241,0.2441724241,3.1354095936,,0.217391304347826,0.2307692307692307,0,1,10
ZINC000019370591,-6.87577,0.3371760547,6.6327209473,,0.3478260869565217,0.5384615384615384,0,1,-7.8164,0.2132828236,6.1136441231,,0.5217391304347826,0.6923076923076923,0,1,-8.1656,0.1868563741,6.1884932518,,0.4782608695652174,0.6923076923076923,0,1,-7.76488,0.1665620804,6.2568011284,,0.391304347826087,0.6153846153846154,0,1,-8.12858,0.1629947871,5.6536421776,,0.4347826086956521,0.6153846153846154,0,1,-8.28743,0.1618248522,6.0425896645,,0.4347826086956521,0.6153846153846154,0,1,-6.62536,0.1524619311,5.8860449791,,0.3478260869565217,0.4615384615384615,0,1,-6.69996,0.1412700862,5.9565834999,,0.5217391304347826,0.6923076923076923,0,1,-7.14509,0.1345497817,5.9553108215,,0.4782608695652174,0.6153846153846154,0,1,-7.27035,0.1289312094,6.0317254066,,0.4347826086956521,0.6153846153846154,0,1,10
ZINC000020032722,-5.50327,0.47747612,5.1987328529,,0.3478260869565217,0.3846153846153846,0,1,-6.07508,0.2793576121,5.7882990837,,0.2608695652173913,0.3846153846153846,0,1,-5.17975,0.2378917485,4.832742691,,0.1739130434782608,0.2307692307692307,0,1,-5.01067,0.210180521,4.5487179756,,0.217391304347826,0.2307692307692307,0,1,-6.05539,0.2020217478,5.5202307701,,0.3043478260869565,0.3846153846153846,0,1,-5.95644,0.2005972862,5.7050738335,,0.3043478260869565,0.5384615384615384,0,1,-6.8899,0.1912589818,5.6902155876,,0.3478260869565217,0.3846153846153846,0,1,-5.22719,0.1790302396,4.3362407684,,0.217391304347826,0.2307692307692307,0,1,-6.8956,0.1768124104,5.4117465019,,0.217391304347826,0.2307692307692307,0,1,-6.30496,0.1655538529,5.5355815887,,0.391304347826087,0.6153846153846154,0,1,10
ZINC000020393525,-6.31545,0.8421549201,6.8357396126,,0.5652173913043478,0.6923076923076923,0,1,-5.78679,0.8234423399,7.012567997,,0.5652173913043478,0.6923076923076923,0,1,-6.03329,0.6679602861,7.1396336555,,0.5652173913043478,0.6923076923076923,0,1,-5.95,0.6627413034,7.1298294067,,0.5652173913043478,0.6923076923076923,0,1,-7.9902,0.3418483138,6.0621814728,,0.3043478260869565,0.4615384615384615,0,1,-6.30799,0.327121377,5.5455260277,,0.217391304347826,0.3846153846153846,0,1,-6.38931,0.2796722651,5.52765131,,0.2608695652173913,0.3076923076923077,0,1,-6.14304,0.2001605183,5.5975775719,,0.2608695652173913,0.3076923076923077,0,1,-5.00606,0.1842046082,3.8356673717,,0.2608695652173913,0.3846153846153846,0,1,-7.15951,0.1723902076,5.3516216278,,0.1739130434782608,0.1538461538461538,0,1,10
ZINC000020462986,-9.14451,0.5285893083,6.5581221581,,0.391304347826087,0.6153846153846154,0,1,-7.01367,0.2781972289,6.4885745049,,0.3043478260869565,0.4615384615384615,0,1,-6.59393,0.260548383,6.0343527794,,0.6086956521739131,0.7692307692307693,0,1,-7.71786,0.2481762022,6.3040947914,,0.391304347826087,0.5384615384615384,0,1,-8.94057,0.2411831766,6.2248969078,,0.4347826086956521,0.6153846153846154,0,1,-7.4615,0.240644142,6.1531467438,,0.391304347826087,0.4615384615384615,0,1,-7.48264,0.2271955907,6.1289348602,,0.391304347826087,0.4615384615384615,0,1,-7.62865,0.2154644728,6.2997093201,,0.3478260869565217,0.4615384615384615,0,1,-7.20444,0.2048184127,6.5019335747,,0.2608695652173913,0.4615384615384615,0,1,-6.6831,0.1807515174,5.6789021492,,0.1739130434782608,0.1538461538461538,0,1,10
ZINC000020808101,-6.69074,0.583457768,6.1370921135,,0.4782608695652174,0.5384615384615384,0,1,-7.94833,0.5218060017,6.7009768486,,0.4782608695652174,0.6153846153846154,0,1,-7.02074,0.5198218226,6.4024729729,,0.6956521739130435,0.7692307692307693,0,1,-6.82938,0.5014458299,5.9307923317,,0.5652173913043478,0.6153846153846154,0,1,-6.36524,0.48895064,6.3554611206,,0.4347826086956521,0.6153846153846154,0,1,-8.08144,0.4695697725,6.6543440819,,0.6521739130434783,0.7692307692307693,0,1,-7.5852,0.4273310304,6.9818053246,,0.5652173913043478,0.6153846153846154,0,1,-8.09555,0.4223414063,6.2001700401,,0.4782608695652174,0.6923076923076923,0,1,-6.95151,0.4074418843,6.3281326294,,0.4782608695652174,0.5384615384615384,0,1,-7.38683,0.4070730209,5.7807526588,,0.5652173913043478,0.6923076923076923,0,1,10
ZINC000021992923,-5.62901,0.4196412265,4.1335487366,,0.3043478260869565,0.3076923076923077,0,1,-6.10761,0.2744837999,3.4959671497,,0.391304347826087,0.3846153846153846,0,1,-6.2362,0.2725294828,3.8805286884,,0.3043478260869565,0.3846153846153846,0,1,-4.95408,0.247011438,4.1727719307,,0.1304347826086956,0.1538461538461538,0,1,-5.42906,0.2424179912,3.3965508938,,0.217391304347826,0.2307692307692307,0,1,-6.08613,0.2169532031,4.0670127869,,0.2608695652173913,0.3846153846153846,0,1,-5.52584,0.2095822096,3.1444861889,,0.3043478260869565,0.3076923076923077,0,1,-5.86571,0.2073622346,3.6701660156,,0.3478260869565217,0.3846153846153846,0,1,-5.89889,0.2048681527,3.5640246868,,0.3043478260869565,0.3846153846153846,0,1,-7.14001,0.2014560699,4.2834134102,,0.217391304347826,0.3076923076923077,0,1,10
ZINC000022066296,-6.15078,0.3690459132,4.4692988396,,0.3043478260869565,0.3076923076923077,0,1,-6.22534,0.2581143081,4.3519654274,,0.3043478260869565,0.3076923076923077,0,1,-6.0524,0.23589468,4.2427825928,,0.3478260869565217,0.3846153846153846,0,1,-5.66528,0.2206769884,4.1458983421,,0.3043478260869565,0.3076923076923077,0,1,-7.83705,0.219398126,4.8470287323,,0.3478260869565217,0.3846153846153846,0,1,-7.91474,0.2183657587,4.8545703888,,0.391304347826087,0.4615384615384615,0,1,-6.95872,0.2136970013,4.3306488991,,0.5652173913043478,0.6923076923076923,0,1,-5.8691,0.2109323442,4.2368750572,,0.3478260869565217,0.3846153846153846,0,1,-7.74352,0.2099432498,4.8275799751,,0.3478260869565217,0.3846153846153846,0,1,-6.51358,0.2051422596,4.0145878792,,0.4347826086956521,0.5384615384615384,0,1,10
ZINC000022114986,-6.03335,0.5661107302,5.3195405006,,0.391304347826087,0.4615384615384615,0,1,-6.46502,0.4779529274,5.5455021858,,0.4347826086956521,0.5384615384615384,0,1,-6.51611,0.4662894309,5.2916536331,,0.4782608695652174,0.6153846153846154,0,1,-6.43066,0.4609422982,5.5808105469,,0.4782608695652174,0.6923076923076923,0,1,-6.65649,0.4176772237,5.4060196877,,0.391304347826087,0.4615384615384615,0,1,-6.73477,0.3889662921,5.4685554504,,0.4782608695652174,0.5384615384615384,0,1,-6.18582,0.3462058306,5.2546830177,,0.391304347826087,0.4615384615384615,0,1,-6.28487,0.3413279653,5.2765202522,,0.4782608695652174,0.5384615384615384,0,1,-5.97656,0.3367553055,5.0231556892,,0.4347826086956521,0.4615384615384615,0,1,-6.85302,0.3231644332,5.410592556,,0.391304347826087,0.3846153846153846,0,1,10
ZINC000022581323,-5.54049,0.3018581271,5.4415440559,,0.1739130434782608,0.3076923076923077,0,1,-5.35972,0.1765560359,4.4464378357,,0.391304347826087,0.4615384615384615,0,1,-5.91651,0.1397791803,4.4913592339,,0.1739130434782608,0.3846153846153846,0,1,-5.20141,0.1316220313,3.9091341496,,0.3043478260869565,0.3846153846153846,0,1,-6.37325,0.1263217777,4.0949320793,,0.217391304347826,0.3076923076923077,0,1,-6.02848,0.1248169094,4.2896780968,,0.1304347826086956,0.3076923076923077,0,1,-5.75825,0.1228642911,3.8935165405,,0.3478260869565217,0.3846153846153846,0,1,-5.23701,0.1215733215,3.936372757,,0.3043478260869565,0.3846153846153846,0,1,-5.91427,0.120361872,4.343609333,,0.1304347826086956,0.3076923076923077,0,1,-5.43421,0.1191751957,4.1375212669,,0.0869565217391304,0.2307692307692307,0,1,10
ZINC000022594053,-5.98565,0.426625073,3.9474036694,,0.391304347826087,0.4615384615384615,0,1,-6.27765,0.4197340012,4.4850788116,,0.2608695652173913,0.4615384615384615,0,1,-5.88098,0.4035259187,4.8241553307,,0.3478260869565217,0.5384615384615384,0,1,-5.76588,0.2999128699,4.071428299,,0.4347826086956521,0.5384615384615384,0,1,-5.51718,0.2901833355,4.6511902809,,0.1739130434782608,0.3846153846153846,0,1,-5.66789,0.198445186,5.2185406685,,0.3478260869565217,0.6153846153846154,0,1,-5.72651,0.1967331618,3.7497451305,,0.0869565217391304,0.1538461538461538,0,1,-5.5872,0.1920804381,4.1956806183,,0.1304347826086956,0.2307692307692307,0,1,-6.21885,0.1716206223,4.0057458878,,0.1739130434782608,0.2307692307692307,0,1,-6.32347,0.1707269251,4.1535797119,,0.1304347826086956,0.1538461538461538,0,1,10
ZINC000022860210,-4.43306,0.6485953331,5.8432412148,,0.4347826086956521,0.7692307692307693,0,1,-4.70284,0.635625422,5.8220653534,,0.4347826086956521,0.7692307692307693,0,1,-5.49657,0.5887539387,6.2491364479,,0.391304347826087,0.6153846153846154,0,1,-4.60013,0.508651197,6.0295062065,,0.3478260869565217,0.5384615384615384,0,1,-5.79819,0.5039302707,6.0400853157,,0.3478260869565217,0.6923076923076923,0,1,-5.21535,0.5022601485,5.6842312813,,0.4347826086956521,0.7692307692307693,0,1,-4.67377,0.4376970232,5.8222470284,,0.3043478260869565,0.6153846153846154,0,1,-4.89227,0.3683966994,5.7717356682,,0.3043478260869565,0.6153846153846154,0,1,-4.8025,0.3665105999,5.5671310425,,0.3043478260869565,0.6153846153846154,0,1,-5.69422,0.3635699749,5.6660685539,,0.2608695652173913,0.5384615384615384,0,1,10
ZINC000022925490,-7.27803,0.6240513921,5.9780335426,,0.5217391304347826,0.6923076923076923,0,1,-7.31948,0.6180062294,6.2593836784,,0.391304347826087,0.4615384615384615,0,1,-7.50153,0.607126534,5.7235202789,,0.3043478260869565,0.4615384615384615,0,1,-7.51541,0.5085440278,5.6747164726,,0.4782608695652174,0.6153846153846154,0,1,-6.93047,0.4761567414,6.1388554573,,0.4347826086956521,0.5384615384615384,0,1,-6.78107,0.4077603817,5.8367023468,,0.4782608695652174,0.5384615384615384,0,1,-5.51092,0.3848434091,5.0563240051,,0.4347826086956521,0.3846153846153846,0,1,-7.54808,0.3556436598,5.3983178139,,0.3478260869565217,0.4615384615384615,0,1,-6.36295,0.3314148784,5.8510875702,,0.3478260869565217,0.3846153846153846,0,1,-5.75372,0.3256327808,5.648993969,,0.4347826086956521,0.6153846153846154,0,1,10
ZINC000022925503,-7.31936,0.793487072,5.8697052002,,0.391304347826087,0.5384615384615384,0,1,-7.45897,0.6768143773,5.6497459412,,0.3478260869565217,0.3846153846153846,0,1,-6.78632,0.6636350155,5.8524384499,,0.391304347826087,0.4615384615384615,0,1,-6.69975,0.6509686112,5.9553971291,,0.391304347826087,0.3846153846153846,0,1,-7.36336,0.5206798911,5.6859035492,,0.3478260869565217,0.3846153846153846,0,1,-7.48806,0.4705913961,5.7388687134,,0.391304347826087,0.5384615384615384,0,1,-7.21935,0.4704386592,6.03272295,,0.6086956521739131,0.6153846153846154,0,1,-7.31823,0.460234046,5.5534100533,,0.4782608695652174,0.6153846153846154,0,1,-7.68906,0.4337536097,5.5290846825,,0.391304347826087,0.5384615384615384,0,1,-5.97843,0.4286052585,4.8592834473,,0.4782608695652174,0.7692307692307693,0,1,10
ZINC000022942299,-5.56846,0.6253781319,5.6654872894,,0.4782608695652174,0.6153846153846154,0,1,-6.6929,0.5526820421,6.1030349731,,0.4347826086956521,0.5384615384615384,0,1,-6.78447,0.5011245012,5.3257899284,,0.3043478260869565,0.4615384615384615,0,1,-7.06261,0.4892495871,5.786339283,,0.3043478260869565,0.3846153846153846,0,1,-6.02932,0.4515587091,5.6669945717,,0.391304347826087,0.4615384615384615,0,1,-5.73913,0.4160436094,5.7291045189,,0.4347826086956521,0.6153846153846154,0,1,-6.84032,0.3189734519,5.7964205742,,0.5217391304347826,0.6923076923076923,0,1,-5.30282,0.294924885,4.6985650063,,0.4782608695652174,0.6153846153846154,0,1,-6.29737,0.2947054505,5.4948387146,,0.4347826086956521,0.6153846153846154,0,1,-6.12151,0.2697955966,5.494790554,,0.4782608695652174,0.6923076923076923,0,1,10
ZINC000023990349,-8.58959,0.5383437276,5.9628748894,,0.6521739130434783,0.8461538461538461,0,1,-8.89647,0.5221767426,6.0109143257,,0.6521739130434783,0.7692307692307693,0,1,-9.0211,0.3279299438,5.2524409294,,0.5217391304347826,0.6923076923076923,0,1,-8.82214,0.3019936085,5.6362204552,,0.5652173913043478,0.6923076923076923,0,1,-9.22288,0.2881225348,5.0145235062,,0.5652173913043478,0.6923076923076923,0,1,-7.1355,0.2827791572,5.0682024956,,0.5217391304347826,0.6923076923076923,0,1,-9.02592,0.2748348415,5.5221104622,,0.5217391304347826,0.6153846153846154,0,1,-7.82505,0.2709602118,5.2981276512,,0.5217391304347826,0.6153846153846154,0,1,-7.58291,0.259565115,4.9638266563,,0.391304347826087,0.3846153846153846,0,1,-7.50629,0.2495123595,5.2425751686,,0.217391304347826,0.2307692307692307,0,1,10
ZINC000023990450,-7.40397,0.3382422626,5.1948237419,,0.5217391304347826,0.6923076923076923,0,1,-5.54056,0.3306038082,4.8848557472,,0.2608695652173913,0.2307692307692307,0,1,-5.83514,0.3175669909,4.868680954,,0.391304347826087,0.3846153846153846,0,1,-7.34215,0.2873764038,5.1803998947,,0.5217391304347826,0.6923076923076923,0,1,-5.57683,0.2599198222,4.5638985634,,0.217391304347826,0.3076923076923077,0,1,-7.11154,0.2434945703,5.5932497978,,0.391304347826087,0.4615384615384615,0,1,-7.67899,0.2313320041,4.5865707397,,0.3043478260869565,0.3846153846153846,0,1,-6.73046,0.2044726163,5.2458515167,,0.4347826086956521,0.6153846153846154,0,1,-5.54307,0.2006567568,4.1551241875,,0.2608695652173913,0.3846153846153846,0,1,-5.84211,0.1977716088,5.2196235657,,0.391304347826087,0.4615384615384615,0,1,10
ZINC000025194617,-7.27751,0.5253516436,6.7379894257,,0.4782608695652174,0.6923076923076923,0,1,-7.34706,0.4937357605,6.1660342216,,0.4782608695652174,0.6923076923076923,0,1,-3.20684,0.4206090868,6.2256298065,,0.4782608695652174,0.8461538461538461,1,1,-6.95735,0.3957019448,5.799633503,,0.391304347826087,0.6923076923076923,0,1,-7.35009,0.3851123452,6.626057148,,0.5217391304347826,0.6153846153846154,0,1,-7.02208,0.2807026803,5.7015690804,,0.4347826086956521,0.6923076923076923,0,1,-7.78577,0.2464004159,6.122938633,,0.5217391304347826,0.6923076923076923,0,1,-6.38377,0.240839079,6.0709133148,,0.391304347826087,0.5384615384615384,0,1,-7.20472,0.2122071534,4.7395534515,,0.1304347826086956,0.1538461538461538,0,1,-6.44236,0.2115182728,5.8716506958,,0.3478260869565217,0.6923076923076923,0,1,10
ZINC000025419157,-9.06684,0.7080485821,7.5265827179,,0.5652173913043478,0.7692307692307693,0,1,-8.41141,0.405977875,6.8439249992,,0.6086956521739131,0.7692307692307693,0,1,-7.80162,0.3825971186,6.6403040886,,0.4782608695652174,0.5384615384615384,0,1,-8.30282,0.3742583692,6.4482626915,,0.4782608695652174,0.6153846153846154,0,1,-7.11499,0.3255064785,5.9151077271,,0.3043478260869565,0.3846153846153846,0,1,-7.03561,0.2701531351,6.4079232216,,0.391304347826087,0.3846153846153846,0,1,-7.22004,0.2276205271,6.36013937,,0.6086956521739131,0.6923076923076923,0,1,-6.95335,0.2140729427,5.931166172,,0.217391304347826,0.3076923076923077,0,1,-7.67229,0.1641145349,5.8749675751,,0.2608695652173913,0.3076923076923077,0,1,-7.96364,0.1544383913,5.8410282135,,0.3478260869565217,0.3846153846153846,0,1,10
ZINC000026158594,-8.07557,0.9260811806,6.9805870056,,0.4782608695652174,0.7692307692307693,0,1,-8.05278,0.913869381,6.7735061646,,0.4782608695652174,0.6153846153846154,0,1,-6.58907,0.8536642194,6.4163017273,,0.5217391304347826,0.6923076923076923,0,1,-8.38688,0.8343981504,6.8891654015,,0.2608695652173913,0.4615384615384615,0,1,-8.02885,0.8161717653,6.9655079842,,0.4347826086956521,0.6923076923076923,0,1,-8.3055,0.7977693081,7.09319067,,0.4782608695652174,0.7692307692307693,0,1,-7.72391,0.7691293955,6.751270771,,0.391304347826087,0.6153846153846154,0,1,-7.60942,0.746850431,6.723054409,,0.4782608695652174,0.6923076923076923,0,1,-7.24666,0.7204288244,6.4993977547,,0.3478260869565217,0.5384615384615384,0,1,-6.65699,0.671683073,6.4889101982,,0.3043478260869565,0.4615384615384615,0,1,10
ZINC000026257210,-6.30175,0.4231811762,6.2672591209,,0.5652173913043478,0.6153846153846154,0,1,-5.54861,0.4214256406,5.2186970711,,0.391304347826087,0.3846153846153846,0,1,-6.63948,0.3878535032,5.9620461464,,0.4782608695652174,0.6153846153846154,0,1,-5.29289,0.3810420036,3.9831569195,,0.2608695652173913,0.3076923076923077,0,1,-5.05673,0.297611475,5.1426234245,,0.2608695652173913,0.3076923076923077,0,1,-5.31729,0.2974239588,4.7936673164,,0.3478260869565217,0.3846153846153846,0,1,-6.62381,0.2946503758,5.2172322273,,0.1739130434782608,0.1538461538461538,0,1,-5.63837,0.2864476144,4.1666522026,,0.3043478260869565,0.3846153846153846,0,1,-5.29155,0.2834143937,4.1971282959,,0.3043478260869565,0.3076923076923077,0,1,-5.523,0.2653923929,4.7689957619,,0.3478260869565217,0.3846153846153846,0,1,10
ZINC000026377211,-5.27343,0.4327797294,4.1654763222,,0.3043478260869565,0.3076923076923077,0,1,-4.36746,0.4248739779,5.6610584259,,0.4782608695652174,0.6923076923076923,0,1,-5.92718,0.4113895893,5.2659988403,,0.5217391304347826,0.8461538461538461,0,1,-5.77378,0.3914568722,5.4430775642,,0.391304347826087,0.5384615384615384,0,1,-5.072,0.3215146959,3.7156322002,,0.2608695652173913,0.2307692307692307,0,1,-4.59107,0.3133991957,3.8072347641,,0.2608695652173913,0.3076923076923077,0,1,-5.64165,0.2776836157,3.6732523441,,0.217391304347826,0.2307692307692307,0,1,-6.38822,0.2715100646,5.5758118629,,0.5652173913043478,0.6923076923076923,0,1,-4.59772,0.2655928135,4.0667557716,,0.217391304347826,0.3076923076923077,0,1,-4.54913,0.2421107292,2.8678190708,,0.3043478260869565,0.3076923076923077,0,1,10
ZINC000026399887,-7.72256,0.6497300863,6.1028437614,,0.6521739130434783,0.8461538461538461,0,1,-7.43072,0.4813374579,5.9544620514,,0.3478260869565217,0.5384615384615384,0,1,-6.37902,0.3762814403,5.7216949463,,0.6956521739130435,0.8461538461538461,0,1,-5.58576,0.3151583076,4.0208954811,,0.3478260869565217,0.3076923076923077,0,1,-5.05613,0.2947400212,4.2702407837,,0.3478260869565217,0.3076923076923077,0,1,-5.94109,0.2845353484,5.1852278709,,0.4782608695652174,0.6923076923076923,0,1,-5.09319,0.2262957096,5.2727675438,,0.3043478260869565,0.3846153846153846,0,1,-5.97413,0.216773212,5.825106144,,0.3478260869565217,0.5384615384615384,0,1,-5.83277,0.2158547342,3.8080341816,,0.3043478260869565,0.2307692307692307,0,1,-5.10221,0.1927103698,3.8499219418,,0.391304347826087,0.3846153846153846,0,1,10
ZINC000026400802,-6.52296,0.3255162239,5.1291279793,,0.3478260869565217,0.4615384615384615,0,1,-6.3408,0.2634414732,5.7715144157,,0.3043478260869565,0.5384615384615384,0,1,-7.2611,0.2594529986,5.8940653801,,0.391304347826087,0.6153846153846154,0,1,-7.35919,0.2594288588,6.056494236,,0.2608695652173913,0.4615384615384615,0,1,-5.59728,0.2276660651,4.2590909004,,0.2608695652173913,0.3076923076923077,0,1,-5.78763,0.2173647881,3.9715692997,,0.3043478260869565,0.3846153846153846,0,1,-6.15467,0.2118629217,4.9912514687,,0.2608695652173913,0.3846153846153846,0,1,-6.22076,0.1958078295,5.0337758064,,0.217391304347826,0.3846153846153846,0,1,-6.85421,0.1942410767,5.7488265038,,0.2608695652173913,0.4615384615384615,0,1,-8.12196,0.1711146533,5.9586405754,,0.5217391304347826,0.6923076923076923,0,1,10
ZINC000026401540,-6.99572,0.3652945459,5.2488479614,,0.391304347826087,0.5384615384615384,0,1,-6.96292,0.2767510712,5.0627169609,,0.391304347826087,0.5384615384615384,0,1,-6.30627,0.267893672,5.4429984093,,0.391304347826087,0.4615384615384615,0,1,-7.56923,0.2385835052,5.7171821594,,0.5217391304347826,0.6153846153846154,0,1,-6.69113,0.230789423,5.1084637642,,0.3043478260869565,0.4615384615384615,0,1,-7.07564,0.2093339711,5.5589327812,,0.5652173913043478,0.6923076923076923,0,1,-5.91148,0.1961532533,4.6549263,,0.2608695652173913,0.3076923076923077,0,1,-6.86751,0.1891242415,5.8429851532,,0.3043478260869565,0.3076923076923077,0,1,-7.06396,0.181498304,6.0366477966,,0.217391304347826,0.5384615384615384,0,1,-6.99843,0.1772206128,5.1565876007,,0.3043478260869565,0.4615384615384615,0,1,10
ZINC000026402472,-6.66851,0.8759183288,7.7768797874,,0.6086956521739131,0.6923076923076923,0,1,-7.2126,0.3820871115,7.1007285118,,0.391304347826087,0.3846153846153846,0,1,-7.45554,0.3041629791,6.8299827576,,0.3043478260869565,0.3076923076923077,0,1,-7.85793,0.2908630073,6.6742630005,,0.3043478260869565,0.3846153846153846,0,1,-6.78452,0.2565024197,6.6814594269,,0.5652173913043478,0.6923076923076923,0,1,-5.85843,0.236602366,6.6070437431,,0.217391304347826,0.2307692307692307,0,1,-6.80469,0.201019749,5.6448974609,,0.2608695652173913,0.3076923076923077,0,1,-6.22085,0.1815623045,6.4192223549,,0.4347826086956521,0.6153846153846154,0,1,-6.84237,0.1712105572,6.1783146858,,0.5217391304347826,0.7692307692307693,0,1,-6.15157,0.1408711672,5.2925314903,,0.4782608695652174,0.6153846153846154,0,1,10
ZINC000026403991,-4.70495,0.5373660326,5.7635326385,,0.3043478260869565,0.6153846153846154,0,1,-5.92907,0.4443606734,5.7196145058,,0.4347826086956521,0.7692307692307693,0,1,-6.69913,0.3588325679,5.5913100243,,0.391304347826087,0.6923076923076923,0,1,-6.05949,0.3563292027,5.7063231468,,0.4347826086956521,0.7692307692307693,0,1,-5.97791,0.2860762775,5.4431304932,,0.4782608695652174,0.7692307692307693,0,1,-5.04213,0.26852718,5.419965744,,0.3043478260869565,0.6153846153846154,0,1,-5.20328,0.2503721714,3.3524725437,,0.2608695652173913,0.3076923076923077,0,1,-5.62674,0.2434858084,5.6819043159,,0.0434782608695652,0.0769230769230769,0,1,-6.75038,0.2388796657,5.2270050049,,0.391304347826087,0.6923076923076923,0,1,-5.10054,0.209035337,3.8959789276,,0.217391304347826,0.3076923076923077,0,1,10
ZINC000026507218,-5.47111,0.5739814639,4.8330731392,,0.3478260869565217,0.3076923076923077,0,1,-5.387,0.4836451709,4.7951135635,,0.3478260869565217,0.3846153846153846,0,1,-5.12839,0.4743880928,5.0041294098,,0.3043478260869565,0.3076923076923077,0,1,-5.63667,0.4032618403,4.898352623,,0.391304347826087,0.4615384615384615,0,1,-5.77707,0.2679002285,4.415327549,,0.2608695652173913,0.3076923076923077,0,1,-6.89186,0.2502689958,5.7317237854,,0.391304347826087,0.5384615384615384,0,1,-5.45905,0.238829568,5.152862072,,0.3043478260869565,0.4615384615384615,0,1,-5.48946,0.2204535007,4.6433129311,,0.1739130434782608,0.3076923076923077,0,1,-5.46123,0.218289271,4.9055938721,,0.3043478260869565,0.3846153846153846,0,1,-7.00012,0.2181488574,5.7512073517,,0.3478260869565217,0.4615384615384615,0,1,10
ZINC000026566580,-5.07558,0.3909427524,4.7200908661,,0.3043478260869565,0.3076923076923077,0,1,-4.9116,0.3424683809,4.7020812035,,0.1739130434782608,0.2307692307692307,0,1,-5.01008,0.3049945831,4.2913093567,,0.2608695652173913,0.3076923076923077,0,1,-5.26352,0.2861988842,4.2801737785,,0.391304347826087,0.4615384615384615,0,1,-5.36417,0.2544565797,4.0019783974,,0.3478260869565217,0.3846153846153846,0,1,-4.82193,0.2415554971,4.1579208374,,0.3043478260869565,0.3846153846153846,0,1,-5.40804,0.2384289354,4.3091769218,,0.391304347826087,0.4615384615384615,0,1,-4.94817,0.2341006398,4.2151756287,,0.3043478260869565,0.3846153846153846,0,1,-4.74239,0.2301871926,4.5638446808,,0.3043478260869565,0.3076923076923077,0,1,-5.3944,0.2240435928,5.1884407997,,0.2608695652173913,0.4615384615384615,0,1,10
ZINC000026568042,-5.93393,0.3270301521,6.2792563438,,0.6086956521739131,0.6923076923076923,0,1,-5.40074,0.1384798139,5.4991912842,,0.3478260869565217,0.4615384615384615,0,1,-6.6203,0.13009426,4.6696438789,,0.1739130434782608,0.2307692307692307,0,1,-6.20924,0.1078287959,5.03891325,,0.217391304347826,0.2307692307692307,0,1,-6.95508,0.1008712202,4.4820351601,,0.2608695652173913,0.4615384615384615,0,1,-5.70426,0.0997319892,4.8189549446,,0.1739130434782608,0.2307692307692307,0,1,-6.63454,0.0974474549,4.6259188652,,0.1739130434782608,0.2307692307692307,0,1,-5.85526,0.0920215249,4.4444179535,,0.3478260869565217,0.4615384615384615,0,1,-5.74248,0.0913753361,4.5188417435,,0.3478260869565217,0.3846153846153846,0,1,-6.20027,0.0912933052,4.9627361298,,0.2608695652173913,0.4615384615384615,0,1,10
ZINC000026568530,-5.99018,0.3681790531,4.7830982208,,0.3478260869565217,0.3846153846153846,0,1,-7.22368,0.2355156541,5.3264594078,,0.5217391304347826,0.6923076923076923,0,1,-6.13329,0.2013420165,5.4137148857,,0.391304347826087,0.6153846153846154,0,1,-5.4216,0.1481200755,5.5681552887,,0.391304347826087,0.6153846153846154,0,1,-6.6719,0.1468558013,5.189268589,,0.3043478260869565,0.5384615384615384,0,1,-5.71328,0.1373434961,4.8826336861,,0.1739130434782608,0.3076923076923077,0,1,-5.78476,0.1314809769,3.8778276443,,0.1304347826086956,0.2307692307692307,0,1,-6.20132,0.1277908385,5.2954907417,,0.3478260869565217,0.4615384615384615,0,1,-5.85809,0.1261603832,5.1254582405,,0.3043478260869565,0.3846153846153846,0,1,-7.20076,0.1208499372,5.1064963341,,0.2608695652173913,0.4615384615384615,0,1,10
ZINC000026575425,-6.0868,0.4975400865,5.2349848747,,0.391304347826087,0.4615384615384615,0,1,-7.0371,0.4343274236,5.9055886269,,0.217391304347826,0.3076923076923077,0,1,-6.28853,0.3489151597,5.4987473488,,0.4782608695652174,0.6923076923076923,0,1,-5.66036,0.3062292933,4.2190246582,,0.217391304347826,0.3076923076923077,0,1,-7.49948,0.3007905185,5.8144893646,,0.6521739130434783,0.7692307692307693,0,1,-6.91424,0.2920938432,5.3936133385,,0.6086956521739131,0.6923076923076923,0,1,-6.7594,0.2812873423,5.4148573875,,0.4347826086956521,0.5384615384615384,0,1,-7.2957,0.2775924504,5.4289116859,,0.6521739130434783,0.6923076923076923,0,1,-7.05111,0.2604242563,5.1648964882,,0.3043478260869565,0.3846153846153846,0,1,-6.30909,0.2291130126,5.5478711128,,0.2608695652173913,0.3846153846153846,0,1,10
ZINC000026578786,-6.66363,0.657145679,6.4846024513,,0.6086956521739131,0.7692307692307693,0,1,-8.11906,0.3353613019,5.6883010864,,0.6086956521739131,0.7692307692307693,0,1,-6.12122,0.2836137414,4.8223776817,,0.391304347826087,0.4615384615384615,0,1,-7.01755,0.27954337,5.4745688438,,0.391304347826087,0.5384615384615384,0,1,-8.46157,0.2355088294,5.5656929016,,0.1739130434782608,0.2307692307692307,0,1,-7.82121,0.2325627953,5.3669877052,,0.5217391304347826,0.6923076923076923,0,1,-9.33884,0.2320294082,5.7885174751,,0.4782608695652174,0.6153846153846154,0,1,-6.60344,0.229906261,5.0694088936,,0.3478260869565217,0.4615384615384615,0,1,-5.93869,0.2213347405,4.6205029488,,0.217391304347826,0.3076923076923077,0,1,-6.04299,0.2156018913,4.7605667114,,0.217391304347826,0.3076923076923077,0,1,10
ZINC000026580195,-6.08084,0.3087298572,4.6015501022,,0.3043478260869565,0.3846153846153846,0,1,-5.52685,0.2943945527,4.8021683693,,0.3043478260869565,0.3846153846153846,0,1,-5.52755,0.2781181037,4.606654644,,0.3478260869565217,0.3846153846153846,0,1,-6.85386,0.273178786,5.7129426003,,0.3478260869565217,0.5384615384615384,0,1,-6.19203,0.2613966465,5.9709439278,,0.391304347826087,0.5384615384615384,0,1,-5.46329,0.2611263096,4.4161763191,,0.2608695652173913,0.3076923076923077,0,1,-5.91167,0.2596733868,5.0021777153,,0.3478260869565217,0.4615384615384615,0,1,-6.83746,0.2480207533,5.685239315,,0.5652173913043478,0.7692307692307693,0,1,-5.97651,0.2340524048,5.1400179863,,0.3043478260869565,0.4615384615384615,0,1,-5.74,0.2239403576,4.0540437698,,0.217391304347826,0.2307692307692307,0,1,10
ZINC000026640244,-6.89054,0.5707283616,6.6042332649,,0.7391304347826086,0.8461538461538461,0,1,-6.18557,0.4465149045,5.3217644691,,0.3478260869565217,0.4615384615384615,0,1,-8.18662,0.4241142571,5.9536838531,,0.6521739130434783,0.7692307692307693,0,1,-6.52941,0.346142441,5.4989695549,,0.391304347826087,0.4615384615384615,0,1,-6.27095,0.2693154812,4.8272724152,,0.391304347826087,0.6923076923076923,0,1,-9.50825,0.2139500082,5.8968257904,,0.4782608695652174,0.6153846153846154,0,1,-6.49034,0.20177643,5.6827111244,,0.5217391304347826,0.6923076923076923,0,1,-7.81092,0.1972200423,5.2352561951,,0.2608695652173913,0.3846153846153846,0,1,-6.27321,0.1963268667,4.3719687462,,0.2608695652173913,0.3846153846153846,0,1,-7.36617,0.1879913509,5.2267632484,,0.6521739130434783,0.8461538461538461,0,1,10
ZINC000026734791,-7.24292,0.938077867,6.9401664734,,0.5217391304347826,0.7692307692307693,0,1,-7.74398,0.8988190293,6.530813694,,0.5217391304347826,0.6923076923076923,0,1,-8.15458,0.8852928877,6.6224384308,,0.4782608695652174,0.6153846153846154,0,1,-7.30049,0.8761692047,6.6536183357,,0.2608695652173913,0.5384615384615384,0,1,-7.38998,0.8289395571,6.8024201393,,0.2608695652173913,0.6153846153846154,0,1,-7.67519,0.7799233794,6.7127146721,,0.4782608695652174,0.6923076923076923,0,1,-7.42204,0.7376993299,6.4284858704,,0.5652173913043478,0.6153846153846154,0,1,-7.79508,0.6784393787,6.6878457069,,0.4782608695652174,0.7692307692307693,0,1,-7.61545,0.649161458,6.6660971642,,0.4347826086956521,0.6153846153846154,0,1,-7.69369,0.6437011361,6.5676498413,,0.4782608695652174,0.6153846153846154,0,1,10
ZINC000026735058,-6.92614,0.611877203,6.604259491,,0.5217391304347826,0.7692307692307693,0,1,-9.40577,0.5042520761,6.5059218407,,0.391304347826087,0.6153846153846154,0,1,-7.46268,0.4481797218,6.3340220451,,0.3478260869565217,0.5384615384615384,0,1,-5.89994,0.421187073,6.4069495201,,0.3478260869565217,0.6923076923076923,0,1,-6.0339,0.4084529579,6.4704489708,,0.391304347826087,0.6923076923076923,0,1,-6.23009,0.4042781591,6.8377900124,,0.3043478260869565,0.4615384615384615,0,1,-8.68229,0.3968574107,6.2704620361,,0.4347826086956521,0.7692307692307693,0,1,-7.64844,0.3485537171,6.3339486122,,0.4347826086956521,0.6923076923076923,0,1,-7.00618,0.2556882799,5.9382596016,,0.2608695652173913,0.3076923076923077,0,1,-5.81439,0.2498400211,5.5752415657,,0.3478260869565217,0.4615384615384615,0,1,10
ZINC000026737173,-7.66302,0.7934804559,7.390809536,,0.4347826086956521,0.5384615384615384,0,1,-7.41775,0.6000792384,7.4757456779,,0.3043478260869565,0.4615384615384615,0,1,-7.92631,0.5068467855,6.5846805573,,0.4782608695652174,0.7692307692307693,0,1,-7.70426,0.4878423214,6.3008036613,,0.5652173913043478,0.7692307692307693,0,1,-7.03335,0.468944639,6.8544621468,,0.4347826086956521,0.6923076923076923,0,1,-8.28654,0.4154399633,6.4147601128,,0.4782608695652174,0.7692307692307693,0,1,-7.32664,0.3543514609,7.0935592651,,0.391304347826087,0.4615384615384615,0,1,-6.11812,0.2705156207,6.7590165138,,0.391304347826087,0.4615384615384615,0,1,-6.95352,0.2472760677,6.2803897858,,0.3043478260869565,0.4615384615384615,0,1,-6.31917,0.1965111047,4.9959101677,,0.2608695652173913,0.3846153846153846,0,1,10
ZINC000026742219,-6.65749,0.574332118,6.6401500702,,0.4347826086956521,0.6153846153846154,0,1,-6.21171,0.4791158736,6.6501746178,,0.5652173913043478,0.7692307692307693,0,1,-6.08145,0.4466267228,6.2487416267,,0.3043478260869565,0.4615384615384615,0,1,-6.62073,0.4069808125,6.339073658,,0.4347826086956521,0.6923076923076923,0,1,-7.4617,0.4067892134,6.2312793732,,0.6086956521739131,0.8461538461538461,0,1,-7.10321,0.233305037,6.0095062256,,0.5217391304347826,0.6923076923076923,0,1,-6.20354,0.2258546948,6.316262722,,0.4347826086956521,0.6923076923076923,0,1,-7.06085,0.2242269814,5.9001994133,,0.2608695652173913,0.3076923076923077,0,1,-6.95028,0.1993293464,6.1025719643,,0.3478260869565217,0.4615384615384615,0,1,-6.14613,0.1890237927,5.7925238609,,0.2608695652173913,0.3076923076923077,0,1,10
ZINC000026751421,-5.86821,0.3934704959,5.160451889,,0.391304347826087,0.3846153846153846,0,1,-5.384,0.3048868179,4.6999335289,,0.2608695652173913,0.2307692307692307,0,1,-4.84591,0.2922680974,4.3708615303,,0.2608695652173913,0.2307692307692307,0,1,-4.8863,0.276818037,4.4162116051,,0.3478260869565217,0.3846153846153846,0,1,-4.81662,0.2512745857,3.6931886673,,0.1739130434782608,0.2307692307692307,0,1,-4.59188,0.2287937552,4.4031462669,,0.3043478260869565,0.3076923076923077,0,1,-4.4957,0.2079133987,4.0100917816,,0.3043478260869565,0.3076923076923077,0,1,-4.71864,0.186786741,4.6222090721,,0.3043478260869565,0.3076923076923077,0,1,-5.07335,0.1841399819,4.3558239937,,0.3043478260869565,0.3076923076923077,0,1,-5.26532,0.1813595444,4.558822155,,0.1739130434782608,0.2307692307692307,0,1,10
ZINC000026971991,-6.4682,0.3577787876,5.1871814728,,0.4782608695652174,0.6153846153846154,0,1,-5.85726,0.3535517454,4.2655806541,,0.217391304347826,0.3076923076923077,0,1,-6.86983,0.3204333484,4.1873130798,,0.391304347826087,0.3846153846153846,0,1,-8.04078,0.232087031,4.5588965416,,0.6086956521739131,0.6923076923076923,0,1,-6.898,0.2055606544,4.4132609367,,0.3478260869565217,0.4615384615384615,0,1,-7.79519,0.2015069127,4.3351178169,,0.4782608695652174,0.6153846153846154,0,1,-8.68645,0.1958792955,4.7932467461,,0.217391304347826,0.3076923076923077,0,1,-9.7273,0.1683107018,5.0231451988,,0.391304347826087,0.4615384615384615,0,1,-9.61335,0.162151441,4.9350609779,,0.391304347826087,0.4615384615384615,0,1,-6.07485,0.1609136015,3.5876719952,,0.3043478260869565,0.3076923076923077,0,1,10
ZINC000026984768,-5.99216,0.5802995563,5.1263771057,,0.3043478260869565,0.4615384615384615,0,1,-6.43332,0.3251284957,4.8836994171,,0.1739130434782608,0.1538461538461538,0,1,-5.78677,0.3069363832,4.580508709,,0.3478260869565217,0.3846153846153846,0,1,-5.67984,0.2825396955,4.4395027161,,0.217391304347826,0.2307692307692307,0,1,-7.59768,0.2717490792,5.0976281166,,0.391304347826087,0.4615384615384615,0,1,-5.47891,0.2714574039,4.7102952003,,0.4347826086956521,0.4615384615384615,0,1,-6.07522,0.2686381638,3.9270923138,,0.3043478260869565,0.3846153846153846,0,1,-5.73711,0.2589178383,4.0038261414,,0.3043478260869565,0.3846153846153846,0,1,-5.90115,0.2584228814,5.1920084953,,0.3478260869565217,0.3076923076923077,0,1,-5.6567,0.2515705526,4.274078846,,0.217391304347826,0.3076923076923077,0,1,10
ZINC000026985911,-3.94983,0.5134435892,3.1524944305,,0.217391304347826,0.2307692307692307,0,1,-4.32672,0.476711899,3.1218922138,,0.217391304347826,0.2307692307692307,0,1,-4.10729,0.4731388688,3.7107036114,,0.0,0.0,0,1,-4.28585,0.4331067801,3.1212069988,,0.217391304347826,0.2307692307692307,0,1,-4.301,0.4242075682,3.3989360332,,0.217391304347826,0.2307692307692307,0,1,-4.69895,0.4200159311,3.2732925415,,0.2608695652173913,0.3076923076923077,0,1,-4.0435,0.4084665775,3.1610896587,,0.1739130434782608,0.2307692307692307,0,1,-3.95541,0.4025310278,3.0734674931,,0.217391304347826,0.2307692307692307,0,1,-4.31484,0.3697787523,3.0890617371,,0.2608695652173913,0.3076923076923077,0,1,-4.28898,0.3697445393,2.7963256836,,0.2608695652173913,0.3076923076923077,0,1,10
ZINC000027083360,-8.01144,0.1696896553,6.4141139984,,0.5217391304347826,0.6153846153846154,0,1,-8.39222,0.1579696238,5.6216797829,,0.217391304347826,0.2307692307692307,0,1,-7.81453,0.1195656434,6.0495467186,,0.2608695652173913,0.4615384615384615,0,1,-8.04115,0.1133856401,5.2106466293,,0.3478260869565217,0.3076923076923077,0,1,-8.23767,0.1064247042,4.9970664978,,0.5217391304347826,0.5384615384615384,0,1,-7.42342,0.0941823572,4.8171114922,,0.3478260869565217,0.4615384615384615,0,1,-7.98004,0.0868378058,5.0520205498,,0.3478260869565217,0.5384615384615384,0,1,-7.3449,0.0864798054,4.9540677071,,0.4347826086956521,0.4615384615384615,0,1,-7.18743,0.0787783861,4.760322094,,0.1739130434782608,0.2307692307692307,0,1,-7.42529,0.0786263868,5.2696423531,,0.3478260869565217,0.3846153846153846,0,1,10
ZINC000027092462,-7.9025,0.2596973777,6.2337989807,,0.6086956521739131,0.6923076923076923,0,1,-8.22891,0.2557434142,5.8810315132,,0.4347826086956521,0.6923076923076923,0,1,-7.91365,0.1825208813,6.1226744652,,0.5652173913043478,0.6153846153846154,0,1,-6.54317,0.1793344915,5.1059837341,,0.3043478260869565,0.3846153846153846,0,1,-7.84348,0.1773798168,6.1310191154,,0.6086956521739131,0.6923076923076923,0,1,-7.21804,0.1773002744,4.8780174255,,0.4782608695652174,0.4615384615384615,0,1,-6.8968,0.1708736271,4.8589496613,,0.3478260869565217,0.3846153846153846,0,1,-7.79344,0.1624690443,5.1766395569,,0.2608695652173913,0.3846153846153846,0,1,-6.64697,0.1509759128,5.4918179512,,0.5217391304347826,0.6923076923076923,0,1,-7.88634,0.1496939659,5.6601600647,,0.6086956521739131,0.7692307692307693,0,1,10
ZINC000027094686,-9.38026,0.3376407921,6.1009559631,,0.4347826086956521,0.5384615384615384,0,1,-6.02849,0.2722857893,5.7524056435,,0.217391304347826,0.2307692307692307,0,1,-8.57692,0.2496909946,6.2038779259,,0.3043478260869565,0.3846153846153846,0,1,-8.43477,0.2349076718,6.0671067238,,0.217391304347826,0.3076923076923077,0,1,-9.51889,0.2044036984,6.2956771851,,0.5217391304347826,0.6923076923076923,0,1,-8.13224,0.1978194118,5.3884034157,,0.6086956521739131,0.7692307692307693,0,1,-7.70324,0.1788714081,5.7525162697,,0.5217391304347826,0.6153846153846154,0,1,-6.70728,0.1676305532,4.8731780052,,0.2608695652173913,0.3076923076923077,0,1,-9.81076,0.1672582328,6.0768589973,,0.5652173913043478,0.7692307692307693,0,1,-6.33794,0.1632074416,5.5068230629,,0.0869565217391304,0.0769230769230769,0,1,10
ZINC000027099560,-6.72317,0.3017344475,5.6364645958,,0.2608695652173913,0.3846153846153846,0,1,-6.02783,0.2635726035,5.5756778717,,0.2608695652173913,0.3076923076923077,0,1,-9.54424,0.2431747019,6.2714858055,,0.5217391304347826,0.6923076923076923,0,1,-7.25399,0.2225272655,5.6240620613,,0.5652173913043478,0.6923076923076923,0,1,-7.94517,0.2045666426,5.7123904228,,0.5652173913043478,0.6923076923076923,0,1,-7.44111,0.1938302517,5.6787133217,,0.5217391304347826,0.6153846153846154,0,1,-7.58337,0.1917483807,5.495449543,,0.5217391304347826,0.6923076923076923,0,1,-6.45106,0.1817435026,5.0897536278,,0.2608695652173913,0.3076923076923077,0,1,-7.44821,0.1598099023,5.2799658775,,0.217391304347826,0.3076923076923077,0,1,-8.05557,0.1559231877,5.4171071053,,0.6086956521739131,0.7692307692307693,0,1,10
ZINC000027100063,-9.22943,0.2790056169,6.6224918365,,0.4782608695652174,0.6923076923076923,0,1,-8.72135,0.2439320982,6.1157755852,,0.2608695652173913,0.3076923076923077,0,1,-9.7714,0.2237563878,6.1794142723,,0.5652173913043478,0.7692307692307693,0,1,-6.42859,0.2209804058,5.3272900581,,0.2608695652173913,0.3076923076923077,0,1,-8.25742,0.2079266608,5.5482859612,,0.5652173913043478,0.6923076923076923,0,1,-7.74743,0.1941865981,5.1309800148,,0.4782608695652174,0.6153846153846154,0,1,-6.27166,0.1909274459,4.7700867653,,0.3478260869565217,0.3846153846153846,0,1,-7.79916,0.1904832274,5.8400616646,,0.5652173913043478,0.6923076923076923,0,1,-6.25489,0.1720863432,4.8664107323,,0.4782608695652174,0.6153846153846154,0,1,-5.9457,0.1677417755,4.3292331696,,0.391304347826087,0.3846153846153846,0,1,10
ZINC000027101486,-5.16444,0.2661948502,4.3623795509,,0.3043478260869565,0.3076923076923077,0,1,-5.70542,0.2646471262,4.2044029236,,0.3043478260869565,0.3846153846153846,0,1,-5.71722,0.2490372658,4.3526616096,,0.3478260869565217,0.3846153846153846,0,1,-6.03922,0.2441346645,4.0688757896,,0.3043478260869565,0.3846153846153846,0,1,-5.49162,0.2276864052,4.4338169098,,0.3478260869565217,0.3846153846153846,0,1,-5.54635,0.2241467386,4.0892443657,,0.3478260869565217,0.3846153846153846,0,1,-5.40843,0.1915410757,4.9135985374,,0.3478260869565217,0.3846153846153846,0,1,-5.47904,0.1903029382,5.0028309822,,0.2608695652173913,0.3076923076923077,0,1,-5.35343,0.1886658072,4.4599475861,,0.3043478260869565,0.3846153846153846,0,1,-5.46201,0.1699216366,4.26897192,,0.3478260869565217,0.3846153846153846,0,1,10
ZINC000027101614,-6.58416,0.3662982583,5.1492991447,,0.217391304347826,0.3076923076923077,0,1,-6.20684,0.2900863886,5.2863755226,,0.2608695652173913,0.2307692307692307,0,1,-8.60606,0.2664145827,6.1850914955,,0.3043478260869565,0.3846153846153846,0,1,-6.24319,0.2387721837,4.6426930428,,0.217391304347826,0.2307692307692307,0,1,-7.56235,0.2219213545,5.5341954231,,0.5652173913043478,0.6923076923076923,0,1,-7.46999,0.2164239883,6.1912798882,,0.217391304347826,0.3076923076923077,0,1,-6.29271,0.2158779949,5.1430130005,,0.2608695652173913,0.3076923076923077,0,1,-5.98698,0.2130858153,5.2352747917,,0.2608695652173913,0.3076923076923077,0,1,-8.33584,0.2121953219,5.6871471405,,0.5652173913043478,0.6923076923076923,0,1,-9.876,0.2075351477,6.1115646362,,0.5652173913043478,0.7692307692307693,0,1,10
ZINC000027105094,-6.12769,0.3985285163,5.2525057793,,0.2608695652173913,0.3076923076923077,0,1,-9.44828,0.2063742131,5.9957470894,,0.4347826086956521,0.5384615384615384,0,1,-6.65493,0.1964054257,5.1997776031,,0.2608695652173913,0.3076923076923077,0,1,-6.01877,0.164053008,5.2278270721,,0.217391304347826,0.2307692307692307,0,1,-7.79942,0.1587597877,6.0477023125,,0.1739130434782608,0.2307692307692307,0,1,-7.50887,0.1567812562,5.651321888,,0.5217391304347826,0.6153846153846154,0,1,-8.29259,0.1495407075,5.5955696106,,0.5652173913043478,0.6923076923076923,0,1,-6.69618,0.1413625181,5.5629043579,,0.4347826086956521,0.5384615384615384,0,1,-7.7577,0.1381745338,5.5674805641,,0.5217391304347826,0.6153846153846154,0,1,-9.8751,0.1275624484,6.034635067,,0.5652173913043478,0.7692307692307693,0,1,10
ZINC000027105761,-6.85896,0.3880026937,5.3854064941,,0.391304347826087,0.3846153846153846,0,1,-8.28513,0.3276222944,5.5750031471,,0.6521739130434783,0.7692307692307693,0,1,-7.4934,0.2875887752,4.9594607353,,0.6521739130434783,0.8461538461538461,0,1,-9.6572,0.2599228024,5.7241687775,,0.4347826086956521,0.5384615384615384,0,1,-6.04066,0.2261270583,4.4758753777,,0.217391304347826,0.3076923076923077,0,1,-6.38552,0.2250326425,4.4033031464,,0.2608695652173913,0.3076923076923077,0,1,-8.01852,0.2244981974,5.2044477463,,0.1739130434782608,0.2307692307692307,0,1,-8.36339,0.2199320346,5.2992854118,,0.3043478260869565,0.3846153846153846,0,1,-9.9564,0.2188242078,5.4335207939,,0.4347826086956521,0.5384615384615384,0,1,-7.84107,0.2140131295,5.0150427818,,0.6086956521739131,0.7692307692307693,0,1,10
ZINC000027208513,-5.92857,0.6672191024,4.5490818024,,0.3478260869565217,0.3076923076923077,0,1,-6.67361,0.5522024632,4.4124236107,,0.3478260869565217,0.4615384615384615,0,1,-6.568,0.545162797,5.4553542137,,0.4347826086956521,0.6153846153846154,0,1,-7.39474,0.5013791919,5.2234473228,,0.391304347826087,0.6153846153846154,0,1,-7.33406,0.4865948558,5.4510741234,,0.7391304347826086,0.8461538461538461,0,1,-6.95865,0.4771887064,5.2672843933,,0.4347826086956521,0.6153846153846154,0,1,-6.40667,0.4702026844,5.3805675507,,0.5652173913043478,0.6923076923076923,0,1,-6.77503,0.4688409865,5.0731315613,,0.3478260869565217,0.6153846153846154,0,1,-7.1371,0.4529829323,5.3856716156,,0.6956521739130435,0.7692307692307693,0,1,-5.91429,0.3710370064,4.7854838371,,0.217391304347826,0.2307692307692307,0,1,10
ZINC000027325091,-5.39959,0.2884373665,4.434278965,,0.391304347826087,0.3846153846153846,0,1,-5.45834,0.2664524019,4.8818974495,,0.217391304347826,0.3076923076923077,0,1,-5.50122,0.2478279918,4.8642158508,,0.3478260869565217,0.3846153846153846,0,1,-5.87468,0.2418847084,4.4598898888,,0.3478260869565217,0.4615384615384615,0,1,-5.5258,0.2354808748,5.0464472771,,0.1739130434782608,0.2307692307692307,0,1,-7.47094,0.2292020768,5.3491873741,,0.6086956521739131,0.6923076923076923,0,1,-5.40034,0.2242497057,4.8873782158,,0.2608695652173913,0.3846153846153846,0,1,-5.31663,0.2228481472,4.4257826805,,0.3043478260869565,0.3846153846153846,0,1,-5.61246,0.215988785,4.5461306572,,0.391304347826087,0.3846153846153846,0,1,-6.48247,0.2142143101,5.3567490578,,0.391304347826087,0.4615384615384615,0,1,10
ZINC000027328259,-5.2163,0.2809692025,5.4899077415,,0.3043478260869565,0.3846153846153846,0,1,-5.19468,0.2652778924,4.5777606964,,0.391304347826087,0.3846153846153846,0,1,-5.54255,0.2621318698,4.4969801903,,0.3043478260869565,0.3846153846153846,0,1,-6.94127,0.2404378504,5.5763278008,,0.5217391304347826,0.6923076923076923,0,1,-5.00275,0.2313830853,5.072573185,,0.3043478260869565,0.3846153846153846,0,1,-5.39015,0.2021491975,4.6006617546,,0.1304347826086956,0.3076923076923077,0,1,-5.21479,0.2002029419,4.7658705711,,0.2608695652173913,0.3846153846153846,0,1,-5.13765,0.1602583379,4.3977108002,,0.2608695652173913,0.3846153846153846,0,1,-5.10918,0.1598817557,4.0125718117,,0.1304347826086956,0.2307692307692307,0,1,-6.22058,0.1495840847,5.3131141663,,0.4782608695652174,0.6923076923076923,0,1,10
ZINC000027412717,-6.99731,0.2834091783,4.6474671364,,0.391304347826087,0.3846153846153846,0,1,-7.44357,0.2425654233,4.4630675316,,0.391304347826087,0.4615384615384615,0,1,-6.36491,0.1823684871,4.5670342445,,0.3478260869565217,0.3846153846153846,0,1,-7.71093,0.1682578623,6.0643076897,,0.5217391304347826,0.6153846153846154,0,1,-9.05868,0.1451942325,5.2820086479,,0.4347826086956521,0.5384615384615384,0,1,-6.75257,0.1348328143,5.7718372345,,0.3478260869565217,0.3846153846153846,0,1,-6.52858,0.1296656132,4.071202755,,0.3478260869565217,0.4615384615384615,0,1,-6.87586,0.1295093596,5.07091856,,0.4347826086956521,0.6153846153846154,0,1,-7.96321,0.1263509095,5.4429955482,,0.391304347826087,0.4615384615384615,0,1,-6.92514,0.1254158914,4.3205542564,,0.391304347826087,0.4615384615384615,0,1,10
ZINC000027414762,-6.09738,0.4691660404,4.9453835487,,0.3043478260869565,0.3076923076923077,0,1,-6.21703,0.3251472116,4.130587101,,0.391304347826087,0.4615384615384615,0,1,-5.72644,0.2638149858,5.1369132996,,0.2608695652173913,0.3076923076923077,0,1,-5.81831,0.2502950728,4.3128972054,,0.2608695652173913,0.3846153846153846,0,1,-5.77689,0.2392613739,5.0441250801,,0.217391304347826,0.2307692307692307,0,1,-6.47772,0.2199475765,5.6310362816,,0.5217391304347826,0.6153846153846154,0,1,-5.99822,0.1997193694,4.2542233467,,0.1304347826086956,0.1538461538461538,0,1,-5.82134,0.1824627519,4.0551867485,,0.3043478260869565,0.4615384615384615,0,1,-5.95136,0.1793993562,4.5661234856,,0.2608695652173913,0.3076923076923077,0,1,-6.13126,0.1773281544,4.270796299,,0.3478260869565217,0.4615384615384615,0,1,10
ZINC000027430475,-6.29992,0.4233329296,7.0796570778,,0.391304347826087,0.6153846153846154,0,1,-6.52223,0.3244139552,6.653383255,,0.3478260869565217,0.5384615384615384,0,1,-6.76077,0.2667357922,6.98123312,,0.217391304347826,0.4615384615384615,0,1,-6.6574,0.236443907,6.5217838287,,0.3478260869565217,0.5384615384615384,0,1,-6.04263,0.2350548059,5.003408432,,0.3478260869565217,0.4615384615384615,0,1,-6.4938,0.2290215492,6.7034869194,,0.3043478260869565,0.5384615384615384,0,1,-6.87619,0.208928138,6.1506695747,,0.1739130434782608,0.2307692307692307,0,1,-6.47757,0.2083812654,7.0827116966,,0.2608695652173913,0.4615384615384615,0,1,-7.11042,0.1778882593,5.887196064,,0.2608695652173913,0.3076923076923077,0,1,-6.95742,0.1727592349,5.7691540718,,0.2608695652173913,0.3076923076923077,0,1,10
ZINC000027438126,-6.54962,0.1956694275,5.9326000214,,0.6521739130434783,0.8461538461538461,0,1,-6.69741,0.178689748,5.1116862297,,0.3478260869565217,0.3846153846153846,0,1,-7.14123,0.1255059391,5.3171896935,,0.1739130434782608,0.2307692307692307,0,1,-5.94772,0.1181192398,5.3671984673,,0.3478260869565217,0.5384615384615384,0,1,-5.69253,0.1174404249,4.5266184807,,0.3478260869565217,0.3846153846153846,0,1,-7.01445,0.1144591719,5.4117698669,,0.3478260869565217,0.3846153846153846,0,1,-7.09316,0.1060167477,5.6975064278,,0.2608695652173913,0.3076923076923077,0,1,-5.94748,0.1038379893,3.8709976673,,0.2608695652173913,0.3846153846153846,0,1,-6.01164,0.0953733474,5.8287162781,,0.4347826086956521,0.4615384615384615,0,1,-5.96025,0.0918994546,6.178044796,,0.5217391304347826,0.6923076923076923,0,1,10
ZINC000027440628,-5.75197,0.4823213816,5.1731185913,,0.2608695652173913,0.3846153846153846,0,1,-5.58902,0.4706166685,5.000975132,,0.2608695652173913,0.4615384615384615,0,1,-5.49224,0.3957891166,5.1560411453,,0.4347826086956521,0.5384615384615384,0,1,-6.0334,0.3837823868,5.2271208763,,0.217391304347826,0.3846153846153846,0,1,-5.77475,0.3362832069,5.3689556122,,0.217391304347826,0.3846153846153846,0,1,-5.8459,0.3278783262,5.6269202232,,0.217391304347826,0.3846153846153846,0,1,-5.89364,0.3249520361,5.6640486717,,0.217391304347826,0.3846153846153846,0,1,-5.24624,0.3114100993,4.2840704918,,0.4347826086956521,0.5384615384615384,0,1,-5.14446,0.3075225353,5.1502614021,,0.217391304347826,0.4615384615384615,0,1,-5.62956,0.3055582047,5.7196450233,,0.3043478260869565,0.5384615384615384,0,1,10
ZINC000027617128,-6.85618,0.5977326632,7.1260323524,,0.5217391304347826,0.6923076923076923,0,1,-5.96736,0.460269928,6.3346195221,,0.4347826086956521,0.6153846153846154,0,1,-6.04374,0.3928773403,5.6569848061,,0.391304347826087,0.4615384615384615,0,1,-4.85693,0.3055287898,4.3883543015,,0.217391304347826,0.3076923076923077,0,1,-4.9142,0.2599606514,4.1321911812,,0.2608695652173913,0.3076923076923077,0,1,-5.0089,0.2548295259,3.6456720829,,0.1304347826086956,0.1538461538461538,0,1,-5.01828,0.2537259161,5.4804062843,,0.3043478260869565,0.3846153846153846,0,1,-4.71629,0.2361400872,4.1004738808,,0.2608695652173913,0.3076923076923077,0,1,-5.75138,0.2186659873,5.4257264137,,0.391304347826087,0.5384615384615384,0,1,-4.83251,0.1881622374,4.2596030235,,0.1739130434782608,0.3076923076923077,0,1,10
ZINC000027639648,-7.92155,0.456482321,5.7154726982,,0.3478260869565217,0.3846153846153846,0,1,-6.69756,0.3648906946,5.812889576,,0.3478260869565217,0.3846153846153846,0,1,-7.97132,0.3555433452,5.6035494804,,0.2608695652173913,0.3076923076923077,0,1,-7.62991,0.3279362321,5.7258915901,,0.391304347826087,0.4615384615384615,0,1,-8.37455,0.3067371547,5.9521393776,,0.4347826086956521,0.6153846153846154,0,1,-8.07765,0.2990953028,5.453019619,,0.3043478260869565,0.3846153846153846,0,1,-6.71901,0.2202398479,5.4370002747,,0.1304347826086956,0.1538461538461538,0,1,-6.82927,0.2168608606,5.1549677849,,0.217391304347826,0.3076923076923077,0,1,-7.88151,0.196139276,5.9331173897,,0.3478260869565217,0.6153846153846154,0,1,-7.41419,0.1894473881,5.6724600792,,0.4347826086956521,0.7692307692307693,0,1,10
ZINC000027640140,-8.33392,0.564153254,6.5348343849,,0.4782608695652174,0.6923076923076923,0,1,-7.97964,0.3902174532,6.3317198753,,0.4782608695652174,0.6153846153846154,0,1,-7.08294,0.340369612,5.7379469872,,0.1304347826086956,0.1538461538461538,0,1,-6.86775,0.3284557164,5.8964543343,,0.4782608695652174,0.6153846153846154,0,1,-7.16135,0.3082692623,5.7187695503,,0.3478260869565217,0.3846153846153846,0,1,-6.31434,0.2733359635,5.5580401421,,0.217391304347826,0.3076923076923077,0,1,-7.09101,0.2716501653,6.5248808861,,0.4347826086956521,0.5384615384615384,0,1,-6.31806,0.2686206996,5.7396550179,,0.1304347826086956,0.2307692307692307,0,1,-7.81436,0.2536702752,6.1927714348,,0.4347826086956521,0.6153846153846154,0,1,-6.84364,0.2442352325,5.1136803627,,0.3043478260869565,0.3076923076923077,0,1,10
ZINC000027725680,-6.63788,0.6237334609,6.8357367516,,0.5217391304347826,0.6923076923076923,0,1,-8.48632,0.3315450847,6.711455822,,0.5652173913043478,0.8461538461538461,0,1,-6.40915,0.272125423,6.210463047,,0.5652173913043478,0.7692307692307693,0,1,-5.84705,0.1738633662,5.3089790344,,0.2608695652173913,0.3846153846153846,0,1,-5.5402,0.1138174087,4.012594223,,0.217391304347826,0.2307692307692307,0,1,-5.729,0.1066574752,3.6714305878,,0.0869565217391304,0.0769230769230769,0,1,-6.10435,0.0956767946,4.3196048737,,0.2608695652173913,0.3076923076923077,0,1,-7.32273,0.0918044075,5.6428489685,,0.5217391304347826,0.6923076923076923,0,1,-5.67986,0.0864730403,3.9656555653,,0.217391304347826,0.3076923076923077,0,1,-5.81637,0.0851542875,3.6543838978,,0.1304347826086956,0.1538461538461538,0,1,10
ZINC000027730625,-7.5181,0.3444899321,5.5277385712,,0.6086956521739131,0.6923076923076923,0,1,-5.71351,0.3323293924,4.0699095726,,0.3478260869565217,0.3846153846153846,0,1,-5.50514,0.3156093061,4.413008213,,0.3478260869565217,0.3846153846153846,0,1,-6.46084,0.309151113,5.0679268837,,0.391304347826087,0.4615384615384615,0,1,-5.33,0.2958582044,4.4332633018,,0.391304347826087,0.3846153846153846,0,1,-5.65916,0.2953930199,4.4444766045,,0.3478260869565217,0.3846153846153846,0,1,-6.31625,0.2913514674,5.7134690285,,0.2608695652173913,0.3846153846153846,0,1,-5.76138,0.2846205533,4.4406490326,,0.3478260869565217,0.3846153846153846,0,1,-5.74543,0.2614861429,4.283475399,,0.3043478260869565,0.3846153846153846,0,1,-6.70441,0.2447340637,5.103723526,,0.4782608695652174,0.6153846153846154,0,1,10
ZINC000027732013,-6.71266,0.5015547872,5.4048905373,,0.391304347826087,0.4615384615384615,0,1,-5.85109,0.3979177773,4.7128829956,,0.3478260869565217,0.3846153846153846,0,1,-8.17109,0.3838138282,6.0847868919,,0.5652173913043478,0.6923076923076923,0,1,-6.98223,0.2855644226,5.2559723854,,0.3478260869565217,0.3076923076923077,0,1,-7.22247,0.2778128386,5.2956700325,,0.3478260869565217,0.3076923076923077,0,1,-7.9461,0.2701158524,5.3100972176,,0.6086956521739131,0.6923076923076923,0,1,-6.77471,0.2581953406,4.7743468285,,0.217391304347826,0.2307692307692307,0,1,-7.6396,0.2556946874,4.9850764275,,0.4347826086956521,0.5384615384615384,0,1,-7.17074,0.2547638416,5.4451680183,,0.4347826086956521,0.6153846153846154,0,1,-7.4626,0.2349142134,4.882540226,,0.5217391304347826,0.5384615384615384,0,1,10
ZINC000027737672,-7.65691,0.5214826465,6.5370297432,,0.6086956521739131,0.7692307692307693,0,1,-8.5431,0.3575113416,6.1391339302,,0.5652173913043478,0.6923076923076923,0,1,-6.5475,0.1606348455,6.0507369041,,0.3478260869565217,0.5384615384615384,0,1,-7.06114,0.1507996917,5.6920342445,,0.3478260869565217,0.5384615384615384,0,1,-6.00968,0.1101238802,5.5583148003,,0.391304347826087,0.5384615384615384,0,1,-5.89568,0.0910406932,4.1597328186,,0.0869565217391304,0.1538461538461538,0,1,-5.4483,0.0896681026,4.0993084908,,0.0434782608695652,0.0769230769230769,0,1,-5.76441,0.0883367956,5.6166262627,,0.5217391304347826,0.6923076923076923,0,1,-7.40768,0.0807334557,5.1107721329,,0.4782608695652174,0.6923076923076923,0,1,-5.81611,0.0798888803,4.0960230827,,0.217391304347826,0.3076923076923077,0,1,10
ZINC000027740877,-7.7042,0.4114362895,6.5633502007,,0.4782608695652174,0.6153846153846154,0,1,-6.75553,0.3960156739,6.2768974304,,0.2608695652173913,0.3846153846153846,0,1,-6.6757,0.3671155274,6.2789092064,,0.4347826086956521,0.5384615384615384,0,1,-6.81091,0.3587951362,6.5553250313,,0.4782608695652174,0.6153846153846154,0,1,-5.95803,0.293911159,4.5921406746,,0.4347826086956521,0.4615384615384615,0,1,-6.48808,0.2677268684,5.7236819267,,0.1739130434782608,0.1538461538461538,0,1,-6.64242,0.2261785865,5.8286442757,,0.391304347826087,0.4615384615384615,0,1,-6.36982,0.2001371682,5.9944863319,,0.4782608695652174,0.6923076923076923,0,1,-6.33082,0.1795604229,5.6099762917,,0.217391304347826,0.3076923076923077,0,1,-6.92063,0.1789317876,6.2131123543,,0.217391304347826,0.3076923076923077,0,1,10
ZINC000027766664,-7.2314,0.3192465007,6.1394882202,,0.217391304347826,0.3076923076923077,0,1,-6.31486,0.1729688644,5.5803971291,,0.4347826086956521,0.6923076923076923,0,1,-6.99341,0.162700057,4.7127890587,,0.4347826086956521,0.6153846153846154,0,1,-7.18168,0.1322071403,5.4838600159,,0.391304347826087,0.6153846153846154,0,1,-7.13686,0.1238827705,5.771463871,,0.1739130434782608,0.2307692307692307,0,1,-6.70284,0.1106196791,4.7918181419,,0.391304347826087,0.6153846153846154,0,1,-7.21506,0.0973339006,5.6383976936,,0.2608695652173913,0.3846153846153846,0,1,-6.86203,0.095982179,5.768447876,,0.3478260869565217,0.6153846153846154,0,1,-5.9842,0.0896388218,5.022497654,,0.3478260869565217,0.4615384615384615,0,1,-6.58107,0.0865603089,4.8311448097,,0.391304347826087,0.4615384615384615,0,1,10
ZINC000028014738,-7.57847,0.7576072216,6.9872822762,,0.5652173913043478,0.7692307692307693,0,1,-7.37413,0.7422596812,6.9257316589,,0.5217391304347826,0.7692307692307693,0,1,-7.55548,0.7133030295,7.5687460899,,0.5652173913043478,0.7692307692307693,0,1,-6.12907,0.547208488,6.8795719147,,0.5652173913043478,0.7692307692307693,0,1,-6.8473,0.4752455354,6.1085295677,,0.4782608695652174,0.6923076923076923,0,1,-6.21525,0.4306792915,6.4031119347,,0.5217391304347826,0.8461538461538461,0,1,-6.98136,0.3453249633,6.3817195892,,0.5217391304347826,0.7692307692307693,0,1,-5.89876,0.3419355154,5.9123291969,,0.391304347826087,0.6153846153846154,0,1,-6.68602,0.327095896,6.1300158501,,0.2608695652173913,0.3076923076923077,0,1,-7.2395,0.3162817657,5.8086872101,,0.3043478260869565,0.3846153846153846,0,1,10
ZINC000028016725,-6.47485,0.2800669372,5.9650268555,,0.3043478260869565,0.3846153846153846,0,1,-7.81369,0.2006184459,6.5560631752,,0.5217391304347826,0.8461538461538461,0,1,-6.06622,0.1952300072,4.8545589447,,0.3478260869565217,0.3076923076923077,0,1,-6.62688,0.1850678027,5.6637859344,,0.3478260869565217,0.3846153846153846,0,1,-6.71202,0.1831053346,5.5111927986,,0.3478260869565217,0.3846153846153846,0,1,-7.0869,0.1759879291,6.3625092506,,0.391304347826087,0.6153846153846154,0,1,-6.31022,0.1710091382,6.5606513023,,0.391304347826087,0.6923076923076923,0,1,-8.50768,0.15495722,6.5933594704,,0.4347826086956521,0.6153846153846154,0,1,-6.95749,0.148462981,4.8379235268,,0.391304347826087,0.5384615384615384,0,1,-7.03087,0.132109344,5.2999911308,,0.2608695652173913,0.3076923076923077,0,1,10
ZINC000028019410,-7.17901,0.8044903278,6.8402895927,,0.4782608695652174,0.6153846153846154,0,1,-6.40258,0.7671383619,6.3193874359,,0.4347826086956521,0.6923076923076923,0,1,-6.63927,0.5751240253,6.3079738617,,0.4782608695652174,0.6923076923076923,0,1,-8.1766,0.2898254097,6.2178592682,,0.3043478260869565,0.3846153846153846,0,1,-8.01938,0.2878943086,6.2068061829,,0.4347826086956521,0.6153846153846154,0,1,-7.05558,0.2672250867,5.8650183678,,0.6086956521739131,0.6923076923076923,0,1,-7.49562,0.2373093814,5.8124909401,,0.391304347826087,0.6923076923076923,0,1,-6.91229,0.2337335646,5.1078853607,,0.5217391304347826,0.6153846153846154,0,1,-7.0319,0.2257903367,5.9103088379,,0.3478260869565217,0.5384615384615384,0,1,-7.14902,0.214506492,5.6672463417,,0.5652173913043478,0.6153846153846154,0,1,10
ZINC000028236568,-5.51084,0.5116530061,5.0734081268,,0.2608695652173913,0.2307692307692307,0,1,-4.90636,0.4283458889,5.1937394142,,0.2608695652173913,0.3076923076923077,0,1,-5.18385,0.3948485255,5.2088413239,,0.2608695652173913,0.2307692307692307,0,1,-5.22081,0.3487038016,4.4164338112,,0.217391304347826,0.2307692307692307,0,1,-5.29875,0.2960859835,4.8249230385,,0.3478260869565217,0.3076923076923077,0,1,-6.43645,0.2739296257,5.3872947693,,0.3043478260869565,0.4615384615384615,0,1,-5.07519,0.2654285729,4.9570279121,,0.3043478260869565,0.3076923076923077,0,1,-5.21808,0.2652613521,4.8999400139,,0.2608695652173913,0.2307692307692307,0,1,-4.95957,0.2425738126,4.5427932739,,0.2608695652173913,0.2307692307692307,0,1,-5.76791,0.2349492908,4.5252194405,,0.3043478260869565,0.3076923076923077,0,1,10
ZINC000028239014,-8.82801,0.382910639,6.8336701393,,0.6956521739130435,0.9230769230769232,0,1,-7.62398,0.3713814914,6.7957215309,,0.6521739130434783,0.6923076923076923,0,1,-8.00239,0.2964468002,6.6991610527,,0.4782608695652174,0.6153846153846154,0,1,-8.00343,0.2911472023,6.566570282,,0.6086956521739131,0.7692307692307693,0,1,-8.80394,0.2523090541,6.4590992928,,0.5217391304347826,0.6923076923076923,0,1,-8.61205,0.2522462904,6.4843974113,,0.4782608695652174,0.6153846153846154,0,1,-8.91664,0.2506122589,6.971382618,,0.4782608695652174,0.6153846153846154,0,1,-8.12965,0.2444337308,6.4167904854,,0.5217391304347826,0.7692307692307693,0,1,-8.3967,0.227825135,6.3574714661,,0.6521739130434783,0.8461538461538461,0,1,-7.16778,0.2161749005,6.2615504265,,0.6086956521739131,0.7692307692307693,0,1,10
ZINC000028569703,-6.40181,0.1706609279,6.0788154602,,0.4347826086956521,0.5384615384615384,0,1,-6.05095,0.1435494423,5.9096679688,,0.3478260869565217,0.5384615384615384,0,1,-6.35361,0.1404812187,6.0570812225,,0.3043478260869565,0.4615384615384615,0,1,-5.9924,0.1334167123,5.5495476723,,0.391304347826087,0.5384615384615384,0,1,-6.43887,0.1318851858,5.790084362,,0.2608695652173913,0.3846153846153846,0,1,-6.17203,0.1282497942,6.0988521576,,0.4347826086956521,0.5384615384615384,0,1,-6.12405,0.1279201955,6.0889015198,,0.3478260869565217,0.5384615384615384,0,1,-6.51398,0.1204063967,5.8952355385,,0.4782608695652174,0.6153846153846154,0,1,-6.47842,0.1169716194,5.9108791351,,0.4782608695652174,0.6153846153846154,0,1,-6.17059,0.1163713038,5.9260292053,,0.4782608695652174,0.6923076923076923,0,1,10
ZINC000028571893,-5.81066,0.2181116939,6.0681347847,,0.5652173913043478,0.6923076923076923,0,1,-5.83666,0.2022599131,6.0254282951,,0.3043478260869565,0.6153846153846154,0,1,-5.66036,0.1743459851,6.0543422699,,0.4347826086956521,0.6923076923076923,0,1,-5.38812,0.1718019098,6.3377146721,,0.3478260869565217,0.4615384615384615,0,1,-6.04739,0.1491030306,5.9736289978,,0.3478260869565217,0.3846153846153846,0,1,-5.53324,0.1460305452,6.012945652,,0.3478260869565217,0.5384615384615384,0,1,-6.00246,0.1232578456,5.8336510658,,0.4347826086956521,0.5384615384615384,0,1,-5.96176,0.1169773042,6.0541529655,,0.3043478260869565,0.3846153846153846,0,1,-5.68371,0.1167649403,5.5987725258,,0.391304347826087,0.4615384615384615,0,1,-5.78059,0.0999267027,5.7234768867,,0.3478260869565217,0.3846153846153846,0,1,10
ZINC000028763418,-8.08803,0.837288022,7.0791492462,,0.8695652173913043,0.9230769230769232,0,1,-7.95012,0.8181132078,7.097764492,,0.8695652173913043,0.9230769230769232,0,1,-7.94365,0.7830728292,7.376537323,,0.6521739130434783,0.7692307692307693,0,1,-7.61054,0.7521287203,7.0501656532,,0.7391304347826086,0.8461538461538461,0,1,-7.58784,0.7224049568,7.4919433594,,0.7391304347826086,0.8461538461538461,0,1,-8.06517,0.710369885,7.2956156731,,0.6956521739130435,0.8461538461538461,0,1,-7.94288,0.7063191533,7.1067385674,,0.7391304347826086,0.8461538461538461,0,1,-8.12252,0.7018914223,7.1011815071,,0.7391304347826086,0.8461538461538461,0,1,-7.49547,0.6561142802,6.9929356575,,0.7391304347826086,0.9230769230769232,0,1,-7.66216,0.6385692358,7.2207775116,,0.5652173913043478,0.6923076923076923,0,1,10
ZINC000028768127,-6.13,0.1402211487,5.1627860069,,0.4347826086956521,0.5384615384615384,0,1,-6.90822,0.1299831569,6.0988812447,,0.3043478260869565,0.5384615384615384,0,1,-6.40004,0.0984095708,5.1887793541,,0.3478260869565217,0.4615384615384615,0,1,-8.47565,0.0972122028,6.1817836761,,0.3043478260869565,0.3076923076923077,0,1,-6.80283,0.0966178104,5.2778487206,,0.4347826086956521,0.4615384615384615,0,1,-8.68726,0.0960998312,5.9490013123,,0.3043478260869565,0.3076923076923077,0,1,-8.37571,0.092890054,6.2067732811,,0.4347826086956521,0.6923076923076923,0,1,-6.37049,0.0902899131,4.9306845665,,0.3043478260869565,0.3846153846153846,0,1,-6.25631,0.089878872,5.6773047447,,0.391304347826087,0.6923076923076923,0,1,-6.94732,0.0874092579,4.9858455658,,0.3478260869565217,0.4615384615384615,0,1,10
ZINC000028821218,-7.26475,0.2333168387,4.9499936104,,0.391304347826087,0.4615384615384615,0,1,-9.01411,0.2236559242,6.5475926399,,0.4782608695652174,0.6923076923076923,0,1,-7.61423,0.2209023237,5.9324183464,,0.391304347826087,0.6153846153846154,0,1,-7.65336,0.2066253275,6.1296601295,,0.5217391304347826,0.6923076923076923,0,1,-8.56761,0.194149822,6.5161514282,,0.5217391304347826,0.7692307692307693,0,1,-7.83797,0.1922791004,6.3364262581,,0.6956521739130435,0.8461538461538461,0,1,-7.41298,0.1842894703,5.7610001564,,0.4347826086956521,0.6923076923076923,0,1,-7.74281,0.1783210784,5.8204712868,,0.5652173913043478,0.7692307692307693,0,1,-7.43518,0.1770368963,5.8068947792,,0.217391304347826,0.3076923076923077,0,1,-7.73694,0.1745152622,5.3965029716,,0.5217391304347826,0.6923076923076923,0,1,10
ZINC000028875648,-7.17841,0.6296216249,5.6182098389,,0.2608695652173913,0.3846153846153846,0,1,-7.0636,0.5919356942,5.9785857201,,0.217391304347826,0.2307692307692307,0,1,-6.91803,0.5691056848,6.010061264,,0.217391304347826,0.3076923076923077,0,1,-9.91642,0.5660629272,6.5467152596,,0.6521739130434783,0.7692307692307693,0,1,-7.01818,0.5480188727,5.3392682076,,0.3043478260869565,0.3076923076923077,0,1,-7.03142,0.4707678556,6.1975636482,,0.6521739130434783,0.7692307692307693,0,1,-7.88346,0.448748827,5.2723350525,,0.2608695652173913,0.3076923076923077,0,1,-6.59703,0.4360950589,5.9135112762,,0.1739130434782608,0.1538461538461538,1,1,-8.26657,0.4280913472,5.2835974693,,0.1739130434782608,0.2307692307692307,0,1,-7.07985,0.4128532112,5.5688171387,,0.1304347826086956,0.3076923076923077,0,1,10
ZINC000028876550,-5.42993,0.2830602825,4.1767215729,,0.2608695652173913,0.3076923076923077,0,1,-6.16728,0.2482985556,4.338488102,,0.391304347826087,0.4615384615384615,0,1,-6.57752,0.2396563143,5.5589122772,,0.391304347826087,0.5384615384615384,0,1,-6.5135,0.2258706093,4.1087803841,,0.3043478260869565,0.3846153846153846,0,1,-7.21787,0.2207356989,5.2814583778,,0.1739130434782608,0.2307692307692307,0,1,-5.99129,0.2189043462,3.581987381,,0.3043478260869565,0.3076923076923077,0,1,-5.95274,0.2106432319,4.3325810432,,0.391304347826087,0.4615384615384615,0,1,-7.014,0.2101115584,4.2399363518,,0.3043478260869565,0.3846153846153846,0,1,-5.88109,0.2043703198,4.3531050682,,0.2608695652173913,0.3846153846153846,0,1,-5.86549,0.1967553198,3.8793270588,,0.3478260869565217,0.4615384615384615,0,1,10
ZINC000028957388,-6.95332,0.4010253549,6.5206260681,,0.391304347826087,0.4615384615384615,0,1,-6.25197,0.1500865966,6.1613945961,,0.4782608695652174,0.5384615384615384,0,1,-6.07234,0.1190569177,5.4677910805,,0.2608695652173913,0.3076923076923077,0,1,-7.13755,0.1148835197,5.6492466927,,0.3478260869565217,0.3846153846153846,0,1,-7.58314,0.1122936457,6.034924984,,0.3478260869565217,0.4615384615384615,0,1,-7.42507,0.0968805552,5.5256304741,,0.391304347826087,0.5384615384615384,0,1,-7.15823,0.0866470113,5.7105979919,,0.3478260869565217,0.3846153846153846,0,1,-5.88043,0.0835660025,6.2392373085,,0.4347826086956521,0.6153846153846154,0,1,-7.36728,0.0824362785,5.8136754036,,0.3043478260869565,0.4615384615384615,0,1,-6.34188,0.0802081376,6.5696716309,,0.4347826086956521,0.6153846153846154,0,1,10
ZINC000029054821,-8.01506,0.5651856065,5.5926766396,,0.6086956521739131,0.7692307692307693,0,1,-8.37458,0.5183902979,5.8093276024,,0.5652173913043478,0.6153846153846154,0,1,-7.86652,0.4846384823,5.8593235016,,0.5652173913043478,0.6153846153846154,0,1,-9.18296,0.4547437131,5.5398044586,,0.6086956521739131,0.7692307692307693,0,1,-7.31611,0.4486408234,4.9325370789,,0.2608695652173913,0.3846153846153846,0,1,-7.93928,0.3575060368,5.7591471672,,0.6086956521739131,0.6923076923076923,0,1,-9.09336,0.3423579335,5.1451840401,,0.4782608695652174,0.6923076923076923,0,1,-7.033,0.3400372267,4.4893536568,,0.1304347826086956,0.2307692307692307,0,1,-8.03118,0.3024095595,5.6351737976,,0.5652173913043478,0.6923076923076923,0,1,-7.21019,0.2878543735,4.4066829681,,0.5217391304347826,0.5384615384615384,0,1,10
ZINC000029123461,-6.68887,0.8004347682,7.3125033379,,0.4782608695652174,0.8461538461538461,0,1,-6.19145,0.6719181538,7.1651763916,,0.5652173913043478,0.8461538461538461,0,1,-7.46126,0.5550889373,6.8884387016,,0.391304347826087,0.6923076923076923,0,1,-6.08537,0.3788249493,5.9793372154,,0.4347826086956521,0.7692307692307693,0,1,-5.58764,0.2263083905,5.2251038551,,0.391304347826087,0.4615384615384615,0,1,-6.29688,0.2063995153,6.1081385612,,0.6086956521739131,0.7692307692307693,0,1,-7.94974,0.1779152751,6.0496406555,,0.5217391304347826,0.6923076923076923,0,1,-6.13673,0.1735493839,6.3098435402,,0.5217391304347826,0.8461538461538461,0,1,-6.21131,0.1478375942,5.6890206337,,0.3478260869565217,0.5384615384615384,0,1,-6.72422,0.1470234692,4.4990024567,,0.2608695652173913,0.5384615384615384,0,1,10
ZINC000029123604,-7.02277,0.4392542243,6.8635830879,,0.5217391304347826,0.6923076923076923,0,1,-7.06711,0.4273120761,6.291331768,,0.6956521739130435,0.8461538461538461,0,1,-7.2866,0.3195643127,5.9127955437,,0.6956521739130435,0.8461538461538461,0,1,-7.4518,0.2721336782,5.8781704903,,0.6521739130434783,0.8461538461538461,0,1,-7.47836,0.217472285,5.6295647621,,0.6956521739130435,0.8461538461538461,0,1,-7.44538,0.2159100175,6.6982979774,,0.4347826086956521,0.7692307692307693,0,1,-7.52412,0.215659529,6.0539073944,,0.6956521739130435,0.7692307692307693,0,1,-6.71695,0.2134621292,5.6704163551,,0.4347826086956521,0.6153846153846154,0,1,-6.95953,0.1995833516,6.0729994774,,0.391304347826087,0.5384615384615384,0,1,-6.99518,0.195062682,5.7972884178,,0.6956521739130435,0.9230769230769232,0,1,10
ZINC000029212870,-5.72121,0.4658590853,5.0853290558,,0.3043478260869565,0.3076923076923077,0,1,-6.27582,0.3084974289,6.5531039238,,0.3478260869565217,0.5384615384615384,0,1,-8.02627,0.2986909449,5.7911133766,,0.6521739130434783,0.7692307692307693,0,1,-6.1021,0.2881893218,5.1458392143,,0.391304347826087,0.4615384615384615,0,1,-5.74716,0.2562692761,4.4582099915,,0.3478260869565217,0.3846153846153846,0,1,-7.57435,0.2439812124,5.577190876,,0.6086956521739131,0.7692307692307693,0,1,-7.74426,0.2356049269,5.2934098244,,0.5217391304347826,0.6923076923076923,0,1,-5.80183,0.2230412364,4.074318409,,0.3043478260869565,0.3846153846153846,0,1,-7.39997,0.2010119706,5.4434642792,,0.4782608695652174,0.6153846153846154,0,1,-5.92169,0.1939042807,3.9235079288,,0.3043478260869565,0.3846153846153846,0,1,10
ZINC000029216295,-9.09799,0.4757248163,6.1510162354,,0.5652173913043478,0.7692307692307693,0,1,-7.99629,0.3704393208,5.8025918007,,0.2608695652173913,0.3076923076923077,0,1,-7.84273,0.305724591,5.922068119,,0.4347826086956521,0.6153846153846154,0,1,-8.83275,0.297897011,5.7871017456,,0.4347826086956521,0.5384615384615384,0,1,-8.71007,0.2887526155,5.8817534447,,0.5217391304347826,0.6923076923076923,0,1,-7.05372,0.270521611,5.8518509865,,0.4782608695652174,0.6923076923076923,0,1,-6.51132,0.2543298602,5.5046405792,,0.4782608695652174,0.6153846153846154,0,1,-6.87332,0.2433397323,5.2722020149,,0.4782608695652174,0.6153846153846154,0,1,-7.34215,0.2200600058,5.1314320564,,0.2608695652173913,0.3076923076923077,0,1,-6.17173,0.2180609852,4.6011209488,,0.2608695652173913,0.3846153846153846,0,1,10
ZINC000029243134,-6.9904,0.4904126823,6.3683314323,,0.5652173913043478,0.6153846153846154,0,1,-7.60351,0.2798918188,6.7980132103,,0.8260869565217391,1.0,0,1,-7.47204,0.2036394775,6.3498883247,,0.3478260869565217,0.4615384615384615,0,1,-7.32325,0.1925123334,6.2286295891,,0.6521739130434783,0.7692307692307693,0,1,-6.84191,0.1644496173,4.9907970428,,0.4782608695652174,0.6153846153846154,0,1,-8.00343,0.1525793076,5.836025238,,0.3478260869565217,0.3846153846153846,0,1,-7.73781,0.1451698393,5.6424350739,,0.3478260869565217,0.4615384615384615,0,1,-7.64758,0.1428852677,5.8802566528,,0.391304347826087,0.4615384615384615,0,1,-7.55225,0.1367546022,6.4987030029,,0.217391304347826,0.3076923076923077,0,1,-7.32616,0.1031346992,5.4407038689,,0.217391304347826,0.2307692307692307,0,1,10
ZINC000029248961,-6.50914,0.4052574933,6.2725310326,,0.2608695652173913,0.2307692307692307,0,1,-7.4493,0.220529899,6.635872364,,0.6521739130434783,0.9230769230769232,0,1,-6.5034,0.2056921721,4.7951521873,,0.4347826086956521,0.4615384615384615,0,1,-6.38954,0.1930706948,5.6157565117,,0.5217391304347826,0.6153846153846154,0,1,-8.16117,0.1638950258,5.9834322929,,0.3043478260869565,0.4615384615384615,0,1,-6.73869,0.1536138207,6.5352663994,,0.5652173913043478,0.8461538461538461,0,1,-7.97651,0.1392076015,5.8600826263,,0.3478260869565217,0.4615384615384615,0,1,-6.50575,0.127545923,5.1215014458,,0.4782608695652174,0.6153846153846154,0,1,-7.90768,0.1224711463,5.6532325745,,0.1304347826086956,0.1538461538461538,0,1,-6.52745,0.1210794449,5.076842308,,0.5217391304347826,0.6153846153846154,0,1,10
ZINC000029332736,-6.88164,0.5490363836,6.4913234711,,0.4782608695652174,0.6923076923076923,0,1,-8.71629,0.3890333474,6.5749526024,,0.6521739130434783,0.8461538461538461,0,1,-8.71303,0.3854984045,6.6747460365,,0.6956521739130435,0.9230769230769232,0,1,-7.81993,0.3767349124,6.2794747353,,0.3478260869565217,0.6153846153846154,0,1,-7.40971,0.2716451585,6.2954821587,,0.217391304347826,0.3076923076923077,0,1,-7.58501,0.2713311613,5.4673428535,,0.391304347826087,0.6153846153846154,0,1,-8.13703,0.2671376765,6.5112776756,,0.5217391304347826,0.8461538461538461,0,1,-7.17983,0.2536759675,6.1883215904,,0.391304347826087,0.5384615384615384,0,1,-7.6925,0.2525145113,5.6216163635,,0.4782608695652174,0.8461538461538461,0,1,-7.09355,0.2520064116,5.5967082977,,0.1739130434782608,0.2307692307692307,0,1,10
ZINC000029332744,-7.13998,0.5938611627,6.3348326683,,0.4782608695652174,0.6923076923076923,0,1,-7.85076,0.5343693495,6.3648581505,,0.391304347826087,0.6923076923076923,0,1,-6.68416,0.5129241943,6.835375309,,0.8260869565217391,0.9230769230769232,0,1,-7.64268,0.465705514,6.1188378334,,0.5217391304347826,0.7692307692307693,0,1,-7.26047,0.4434430599,5.895096302,,0.4347826086956521,0.7692307692307693,0,1,-7.16692,0.3961043358,6.1299920082,,0.391304347826087,0.6923076923076923,0,1,-7.77317,0.3521532118,6.3996124268,,0.1739130434782608,0.2307692307692307,0,1,-7.19699,0.3307059109,6.4231448174,,0.6086956521739131,0.8461538461538461,0,1,-7.72136,0.3067530692,6.5180015564,,0.3043478260869565,0.6153846153846154,0,1,-7.86033,0.3014220595,6.3037171364,,0.4782608695652174,0.7692307692307693,0,1,10
ZINC000029339511,-7.60658,0.0987752825,5.9078960419,,0.5217391304347826,0.6153846153846154,0,1,-7.45332,0.0882921219,5.4497466087,,0.5217391304347826,0.6153846153846154,0,1,-6.71048,0.0871421695,4.1915626526,,0.217391304347826,0.3076923076923077,0,1,-7.94389,0.0868842751,6.2987213135,,0.5652173913043478,0.7692307692307693,0,1,-7.63803,0.0809904635,5.2494473457,,0.6521739130434783,0.7692307692307693,0,1,-8.07306,0.0788867623,5.8020968437,,0.5652173913043478,0.6923076923076923,0,1,-7.21281,0.0768271312,5.5802178383,,0.4782608695652174,0.6923076923076923,0,1,-7.12543,0.0759454593,5.3719105721,,0.5217391304347826,0.6923076923076923,0,1,-7.57703,0.0757712126,5.7640385628,,0.6956521739130435,0.8461538461538461,0,1,-7.81006,0.0746993646,5.5669898987,,0.4782608695652174,0.6153846153846154,0,1,10
ZINC000029339745,-6.47614,0.661248982,6.0115189552,,0.391304347826087,0.3846153846153846,0,1,-6.2386,0.5416129231,5.7175784111,,0.3478260869565217,0.3846153846153846,0,1,-6.26899,0.5302824378,5.8942761421,,0.391304347826087,0.3846153846153846,0,1,-6.45112,0.5279802084,6.6498961449,,0.3043478260869565,0.3846153846153846,0,1,-8.5734,0.2625858486,6.8647575378,,0.6956521739130435,0.8461538461538461,0,1,-6.54281,0.2174561471,6.1026248932,,0.391304347826087,0.3846153846153846,0,1,-7.1867,0.204332605,6.6220626831,,0.6521739130434783,0.7692307692307693,1,1,-8.08822,0.1619952321,6.0446028709,,0.7391304347826086,0.8461538461538461,0,1,-7.27079,0.1589575857,6.5926642418,,0.6086956521739131,0.6923076923076923,0,1,-7.6269,0.1512034684,5.9482159615,,0.4782608695652174,0.5384615384615384,0,1,10
ZINC000029340447,-8.89425,0.2474657893,6.465154171,,0.5217391304347826,0.6923076923076923,0,1,-8.16585,0.2055305541,6.1327929497,,0.6956521739130435,0.9230769230769232,0,1,-7.76191,0.1903139651,6.0435123444,,0.7391304347826086,0.9230769230769232,0,1,-9.89044,0.1753247529,6.8976917267,,0.391304347826087,0.6153846153846154,0,1,-9.35441,0.1601842791,6.9877505302,,0.391304347826087,0.5384615384615384,0,1,-7.83558,0.1501106918,5.837079525,,0.6521739130434783,0.9230769230769232,0,1,-9.72711,0.14443551,6.86419487,,0.4347826086956521,0.6153846153846154,0,1,-8.77708,0.1396166384,5.9812302589,,0.5217391304347826,0.6923076923076923,0,1,-7.91801,0.1246446446,6.0771355629,,0.217391304347826,0.3076923076923077,0,1,-7.71432,0.1110699326,5.6693534851,,0.4782608695652174,0.6153846153846154,0,1,10
ZINC000029342587,-8.16694,0.2302998751,6.7606034279,,0.6521739130434783,0.6923076923076923,0,1,-8.04244,0.2288614064,6.3571696281,,0.5652173913043478,0.7692307692307693,0,1,-8.59897,0.2255571485,6.9925365448,,0.6086956521739131,0.7692307692307693,0,1,-8.81653,0.2036195397,6.0978488922,,0.6086956521739131,0.6923076923076923,0,1,-8.31841,0.2013053447,6.3680877686,,0.5652173913043478,0.6923076923076923,0,1,-8.58267,0.2012351304,6.3337898254,,0.7391304347826086,0.9230769230769232,0,1,-8.56255,0.1724163741,6.1244506836,,0.5652173913043478,0.7692307692307693,0,1,-8.86933,0.1618694812,5.992149353,,0.6956521739130435,1.0,0,1,-8.43282,0.1475289315,6.0279517174,,0.6521739130434783,0.9230769230769232,0,1,-8.37735,0.1328035444,6.1434826851,,0.6521739130434783,0.8461538461538461,0,1,10
ZINC000029342593,-8.33421,0.2065257132,6.6974544525,,0.6521739130434783,0.7692307692307693,0,1,-8.26822,0.1996345967,6.6009287834,,0.6521739130434783,0.7692307692307693,0,1,-8.04815,0.1948615611,6.6313052177,,0.6956521739130435,0.8461538461538461,0,1,-8.21664,0.1913838089,6.7708144188,,0.6086956521739131,0.6923076923076923,0,1,-7.53075,0.1850949228,6.7189583778,,0.6086956521739131,0.7692307692307693,0,1,-7.77995,0.1659094691,6.5711803436,,0.6956521739130435,0.9230769230769232,0,1,-7.8513,0.1562249362,6.9174265862,,0.6956521739130435,0.9230769230769232,0,1,-8.23801,0.1430873573,6.6624302864,,0.6956521739130435,0.8461538461538461,0,1,-8.89554,0.1376353204,6.9633789062,,0.7391304347826086,0.8461538461538461,0,1,-8.05194,0.1246620566,6.8865661621,,0.5652173913043478,0.6923076923076923,0,1,10
ZINC000029346017,-9.55359,0.4921798408,6.9150009155,,0.6521739130434783,0.8461538461538461,0,1,-8.63299,0.402954191,7.1021494865,,0.8260869565217391,0.9230769230769232,0,1,-8.24233,0.3185773492,6.3313698769,,0.6086956521739131,0.6923076923076923,0,1,-8.38549,0.2311047763,6.4937534332,,0.6086956521739131,0.7692307692307693,0,1,-8.12286,0.2097382694,6.1551246643,,0.6086956521739131,0.6923076923076923,0,1,-8.11145,0.2023805976,6.1338176727,,0.5652173913043478,0.6923076923076923,0,1,-8.17535,0.1965061426,6.0709710121,,0.3043478260869565,0.3846153846153846,0,1,-7.50844,0.1805337518,6.6048598289,,0.5652173913043478,0.6153846153846154,0,1,-8.42251,0.1796982586,6.3475718498,,0.6521739130434783,0.8461538461538461,0,1,-7.8174,0.1723888516,6.1155872345,,0.1739130434782608,0.2307692307692307,0,1,10
ZINC000029390458,-7.42661,0.3560855091,6.542427063,,0.3478260869565217,0.3846153846153846,0,1,-7.46395,0.2013133019,6.5049576759,,0.6521739130434783,0.6923076923076923,0,1,-8.07615,0.1781043112,6.4532513618,,0.6521739130434783,0.7692307692307693,0,1,-6.91603,0.1536815614,6.0067811012,,0.3478260869565217,0.4615384615384615,0,1,-7.08903,0.1410171986,6.0119805336,,0.6956521739130435,0.7692307692307693,0,1,-7.83727,0.1352658123,6.252040863,,0.5652173913043478,0.6923076923076923,0,1,-7.64222,0.1205597073,6.4762215614,,0.5652173913043478,0.6923076923076923,0,1,-7.39894,0.1174378768,6.1413826942,,0.2608695652173913,0.3846153846153846,0,1,-8.79311,0.1121884212,6.2919230461,,0.6521739130434783,0.7692307692307693,0,1,-6.64507,0.1052723974,5.9753475189,,0.2608695652173913,0.3846153846153846,0,1,10
ZINC000029406723,-6.74098,0.8132275343,7.0868492126,,0.782608695652174,0.8461538461538461,0,1,-7.71116,0.6727662683,6.8389687538,,0.6086956521739131,0.6923076923076923,0,1,-6.9091,0.6374039054,6.7932071686,,0.5652173913043478,0.6153846153846154,0,1,-7.69756,0.5730234385,6.7041358948,,0.5217391304347826,0.6153846153846154,0,1,-7.56961,0.5722655058,6.7492904663,,0.6086956521739131,0.6923076923076923,0,1,-6.6907,0.5515208244,6.5300579071,,0.6086956521739131,0.6923076923076923,0,1,-7.13563,0.5464783311,6.7863674164,,0.6521739130434783,0.8461538461538461,0,1,-7.09401,0.4920784831,6.4523148537,,0.5652173913043478,0.6923076923076923,0,1,-6.83204,0.4819866419,6.3028702736,,0.6521739130434783,0.6923076923076923,0,1,-7.58629,0.4669429064,6.6014876366,,0.5652173913043478,0.7692307692307693,0,1,10
ZINC000029409049,-5.073,0.2584475577,6.4216637611,,0.391304347826087,0.4615384615384615,0,1,-5.21496,0.1371584833,4.2413978577,,0.1739130434782608,0.3076923076923077,0,1,-5.24647,0.1277079582,4.6083664894,,0.2608695652173913,0.3846153846153846,0,1,-5.4226,0.11871811,4.7067108154,,0.3043478260869565,0.5384615384615384,0,1,-5.47852,0.1172500104,5.2538547516,,0.5217391304347826,0.6153846153846154,0,1,-5.84662,0.1021504849,6.4252209663,,0.391304347826087,0.5384615384615384,0,1,-5.97101,0.0987875238,4.5056214333,,0.217391304347826,0.3076923076923077,0,1,-5.16385,0.0928870365,4.5333542824,,0.3478260869565217,0.5384615384615384,0,1,-6.42365,0.0903624669,5.0035414696,,0.3478260869565217,0.5384615384615384,0,1,-5.23455,0.0772786215,4.2582468987,,0.2608695652173913,0.4615384615384615,0,1,10
ZINC000029462110,-7.46183,0.7612525821,6.8040251732,,0.6086956521739131,0.8461538461538461,0,1,-8.76759,0.7110000253,6.9204220772,,0.5217391304347826,0.7692307692307693,0,1,-7.63695,0.6660712361,6.6855301857,,0.4782608695652174,0.6923076923076923,0,1,-7.2006,0.6494913101,6.7509522438,,0.4347826086956521,0.6153846153846154,0,1,-8.34889,0.6205868125,6.5901303291,,0.4347826086956521,0.6923076923076923,0,1,-8.20582,0.6056281328,6.6903862953,,0.4782608695652174,0.7692307692307693,0,1,-8.34545,0.5818246007,6.7801418304,,0.4347826086956521,0.6153846153846154,0,1,-8.56635,0.5745706558,6.8150410652,,0.4782608695652174,0.7692307692307693,0,1,-8.22739,0.5669041276,6.81148386,,0.4782608695652174,0.7692307692307693,0,1,-6.93899,0.5278797746,6.2196502686,,0.391304347826087,0.4615384615384615,0,1,10
ZINC000029462668,-6.63981,0.3553470075,6.4683055878,,0.3478260869565217,0.6153846153846154,0,1,-5.49077,0.3351645768,6.7116894722,,0.3478260869565217,0.5384615384615384,0,1,-6.18393,0.2913216352,6.409034729,,0.4347826086956521,0.6923076923076923,0,1,-5.33796,0.2537277937,6.0707435608,,0.3478260869565217,0.4615384615384615,0,1,2.83058,0.221878469,6.1269059181,,0.2608695652173913,0.4615384615384615,1,0,-4.88762,0.2092597783,4.2251696587,,0.2608695652173913,0.3846153846153846,0,1,-5.35632,0.1641016155,5.8048348427,,0.3478260869565217,0.6153846153846154,0,1,-5.2697,0.1533901244,5.982257843,,0.3478260869565217,0.6923076923076923,0,1,-5.04731,0.1400173008,3.6841888428,,0.1739130434782608,0.3076923076923077,0,1,-5.53021,0.1343950182,3.765204668,,0.1739130434782608,0.2307692307692307,0,1,9
ZINC000029462828,-8.82499,0.7696957588,7.4598164558,,0.4782608695652174,0.6923076923076923,0,1,-9.61662,0.7580299973,7.3361840248,,0.5652173913043478,0.7692307692307693,0,1,-7.65992,0.615850389,7.4038157463,,0.391304347826087,0.5384615384615384,0,1,-8.83512,0.5814786553,7.2199864388,,0.5652173913043478,0.8461538461538461,0,1,-8.81534,0.568398416,7.1485543251,,0.5217391304347826,0.6923076923076923,0,1,-8.35685,0.3948786855,7.0013852119,,0.3478260869565217,0.4615384615384615,0,1,-8.95883,0.3006457686,6.9372344017,,0.5652173913043478,0.6923076923076923,0,1,-9.13835,0.2995817661,6.8019089699,,0.5652173913043478,0.6923076923076923,0,1,-8.21215,0.2635066211,6.8206934929,,0.391304347826087,0.5384615384615384,0,1,-8.4605,0.2370641232,6.7021403313,,0.6521739130434783,0.7692307692307693,0,1,10
ZINC000029466213,-7.28764,0.6815929413,6.6580481529,,0.5217391304347826,0.7692307692307693,0,1,-8.92367,0.6621026993,6.6639666557,,0.391304347826087,0.6923076923076923,0,1,-8.21325,0.6396485567,6.738878727,,0.4782608695652174,0.6923076923076923,0,1,-8.47088,0.4952695966,6.4997200966,,0.3043478260869565,0.6153846153846154,0,1,-7.10313,0.4791582525,6.5824370384,,0.2608695652173913,0.5384615384615384,0,1,-8.90667,0.4117127955,6.2399687767,,0.391304347826087,0.6153846153846154,0,1,-7.52169,0.3713230491,6.3159294128,,0.3478260869565217,0.6153846153846154,0,1,-8.1799,0.3355318308,6.157977581,,0.391304347826087,0.5384615384615384,0,1,-7.17499,0.3316345513,6.0646958351,,0.4782608695652174,0.7692307692307693,0,1,-7.39529,0.3176661134,6.2825722694,,0.4782608695652174,0.8461538461538461,0,1,10
ZINC000029474853,-8.05447,0.2527210116,5.8564066887,,0.2608695652173913,0.3076923076923077,0,1,-8.83147,0.1429182291,6.0589776039,,0.217391304347826,0.2307692307692307,0,1,-8.70577,0.1421559751,5.9680352211,,0.3043478260869565,0.2307692307692307,0,1,-8.32633,0.1335241199,6.1308517456,,0.1739130434782608,0.1538461538461538,0,1,-7.8612,0.1135651395,5.692928791,,0.3043478260869565,0.3846153846153846,0,1,-8.00741,0.1112290695,5.4605164528,,0.1739130434782608,0.2307692307692307,0,1,-7.91463,0.1008356288,5.7464866638,,0.3043478260869565,0.3076923076923077,0,1,-7.94169,0.094682157,5.5691504478,,0.217391304347826,0.2307692307692307,0,1,-8.35705,0.0942233354,5.3963799477,,0.3043478260869565,0.2307692307692307,0,1,-7.97093,0.0913796797,6.2153992653,,0.3043478260869565,0.3076923076923077,0,1,10
ZINC000029476779,-7.79076,0.3505234122,6.3853592873,,0.4782608695652174,0.6923076923076923,0,1,-7.97067,0.3488013148,6.6210913658,,0.6956521739130435,0.8461538461538461,0,1,-8.17787,0.3183937967,6.4697170258,,0.6086956521739131,0.8461538461538461,0,1,-7.58641,0.2964587808,5.7515068054,,0.2608695652173913,0.3076923076923077,0,1,-8.01534,0.2718656659,6.6116638184,,0.5652173913043478,0.7692307692307693,0,1,-8.50636,0.2579520941,6.3650755882,,0.5652173913043478,0.7692307692307693,0,1,-8.44472,0.2519602776,6.4786133766,,0.6086956521739131,0.8461538461538461,0,1,-7.53381,0.236382708,6.1306495667,,0.2608695652173913,0.2307692307692307,0,1,-6.8739,0.2363306284,6.1442055702,,0.5217391304347826,0.6923076923076923,0,1,-7.69646,0.2305937409,6.165204525,,0.5652173913043478,0.6923076923076923,0,1,10
ZINC000029567589,-6.36188,0.4346977472,5.0810894966,,0.3043478260869565,0.3846153846153846,0,1,-6.17581,0.4211908579,5.838616848,,0.3043478260869565,0.4615384615384615,0,1,-6.90083,0.4198007584,6.0468025208,,0.5652173913043478,0.6923076923076923,0,1,-5.9211,0.3273871541,6.1547012329,,0.2608695652173913,0.3846153846153846,0,1,-7.31267,0.277911067,5.6689324379,,0.5652173913043478,0.6923076923076923,0,1,-6.43274,0.2538844943,5.2556033134,,0.3043478260869565,0.6153846153846154,0,1,-7.28504,0.2387893796,5.5183539391,,0.4347826086956521,0.5384615384615384,0,1,-7.43367,0.2279966325,5.3611683846,,0.4347826086956521,0.6153846153846154,0,1,-6.06191,0.21790497,6.1052365303,,0.4347826086956521,0.6153846153846154,0,1,-6.72904,0.2146401554,5.0847859383,,0.217391304347826,0.3076923076923077,0,1,10
ZINC000030731410,-5.15549,0.7352613807,3.2839167118,,0.2608695652173913,0.3076923076923077,0,1,-6.17698,0.6446577311,3.8888123035,,0.2608695652173913,0.3076923076923077,0,1,-6.24893,0.6392033696,5.0080657005,,0.391304347826087,0.6923076923076923,0,1,-5.64868,0.607596159,4.1202983856,,0.217391304347826,0.3076923076923077,0,1,-5.4925,0.5977835655,3.6444866657,,0.217391304347826,0.2307692307692307,0,1,-6.09708,0.588929832,4.997636795,,0.2608695652173913,0.3846153846153846,0,1,-5.78844,0.5878043175,4.1011981964,,0.1739130434782608,0.2307692307692307,0,1,-6.17972,0.5000671148,3.9381275177,,0.2608695652173913,0.3846153846153846,0,1,-6.90609,0.46259287,4.2291779518,,0.2608695652173913,0.3846153846153846,0,1,-6.05414,0.4607636333,3.516446352,,0.217391304347826,0.3076923076923077,0,1,10
ZINC000031166571,-6.19595,0.6575363874,6.0830492973,,0.391304347826087,0.5384615384615384,0,1,-6.92096,0.5214087963,4.982088089,,0.5217391304347826,0.6923076923076923,0,1,-7.01373,0.4759629965,5.344098568,,0.5652173913043478,0.6923076923076923,0,1,-6.92233,0.462585181,4.8255591393,,0.217391304347826,0.3076923076923077,0,1,-6.66019,0.4502022266,5.0044741631,,0.5217391304347826,0.6923076923076923,0,1,-6.89639,0.3865076303,4.7860846519,,0.1739130434782608,0.2307692307692307,0,1,-6.3144,0.3380755186,5.1236157417,,0.5217391304347826,0.7692307692307693,0,1,-7.10386,0.331009537,5.2142224312,,0.6086956521739131,0.8461538461538461,0,1,-7.4012,0.3225925565,5.1200108528,,0.5652173913043478,0.7692307692307693,0,1,-7.32624,0.3058450818,4.7615447044,,0.5217391304347826,0.7692307692307693,0,1,10
ZINC000031360920,-5.77147,0.4107967019,3.9736368656,,0.4347826086956521,0.5384615384615384,0,1,-5.63739,0.3179669678,5.0864472389,,0.3043478260869565,0.5384615384615384,0,1,-5.96546,0.2923644483,3.6797409058,,0.217391304347826,0.3076923076923077,0,1,-6.48715,0.2821849883,4.0179619789,,0.1739130434782608,0.3846153846153846,0,1,-5.8477,0.2806024253,5.1284155846,,0.3043478260869565,0.4615384615384615,0,1,-5.90857,0.2568542361,4.1171813011,,0.3043478260869565,0.4615384615384615,0,1,-5.8734,0.2484478205,3.5099895,,0.217391304347826,0.3846153846153846,0,1,-5.55137,0.2474821955,3.2946388721,,0.0434782608695652,0.0769230769230769,0,1,-6.48452,0.2323076725,3.4631798267,,0.1739130434782608,0.3846153846153846,0,1,-6.08454,0.2296518236,3.7411444187,,0.1304347826086956,0.2307692307692307,0,1,10
ZINC000031362256,-6.07745,0.6912738085,5.5957131386,,0.5217391304347826,0.6923076923076923,0,1,-5.30765,0.6850429177,5.8492069244,,0.5217391304347826,0.6923076923076923,0,1,-5.59524,0.6794804335,5.5193405151,,0.4782608695652174,0.6153846153846154,0,1,-5.49332,0.6758316159,5.5569057465,,0.6086956521739131,0.9230769230769232,0,1,-5.67205,0.6530211568,5.5974326134,,0.5217391304347826,0.6923076923076923,0,1,-5.7538,0.6363415718,5.6214718819,,0.5652173913043478,0.7692307692307693,0,1,-5.9261,0.6205157638,5.483232975,,0.6521739130434783,0.8461538461538461,0,1,-6.13628,0.5963074565,5.4312705994,,0.6086956521739131,0.7692307692307693,0,1,-5.97247,0.5895922184,5.2918219566,,0.6086956521739131,0.7692307692307693,0,1,-6.1285,0.5718968511,5.1232867241,,0.5652173913043478,0.7692307692307693,0,1,10
ZINC000031458084,-6.98456,0.3524815738,5.3585429192,,0.3043478260869565,0.4615384615384615,0,1,-8.4384,0.3419496119,5.3798308372,,0.217391304347826,0.3846153846153846,0,1,-6.40215,0.2706434131,5.3606209755,,0.4782608695652174,0.6153846153846154,0,1,-8.44888,0.2151791304,5.2680091858,,0.217391304347826,0.3076923076923077,0,1,-8.36315,0.1433200985,5.0416584015,,0.2608695652173913,0.3846153846153846,0,1,-6.79067,0.1323553324,4.8508429527,,0.5652173913043478,0.8461538461538461,0,1,-8.88079,0.1306747198,4.719853878,,0.5217391304347826,0.7692307692307693,0,1,-7.02937,0.115363948,4.5597243309,,0.4782608695652174,0.6923076923076923,0,1,-6.55473,0.112127021,4.5563225746,,0.391304347826087,0.4615384615384615,0,1,-6.28496,0.0908156559,4.4137020111,,0.391304347826087,0.4615384615384615,0,1,10
ZINC000031475800,-4.21029,0.7311522961,4.0291957855,,0.217391304347826,0.2307692307692307,0,1,-3.99571,0.6904771328,4.0466423035,,0.2608695652173913,0.3076923076923077,0,1,-4.25767,0.6821248531,4.1276345253,,0.217391304347826,0.2307692307692307,0,1,-4.22479,0.6806083322,4.121237278,,0.217391304347826,0.2307692307692307,0,1,-4.29663,0.6782582402,3.8208363056,,0.217391304347826,0.2307692307692307,0,1,-4.17946,0.6780834794,4.1910271645,,0.217391304347826,0.2307692307692307,0,1,-4.02059,0.6702259779,4.2769927979,,0.217391304347826,0.3076923076923077,0,1,-4.22328,0.6527433991,4.0820994377,,0.217391304347826,0.3076923076923077,0,1,-4.0432,0.6491762996,4.1372323036,,0.217391304347826,0.2307692307692307,0,1,-4.06404,0.6257511377,3.9985234737,,0.217391304347826,0.2307692307692307,0,1,10
ZINC000031519946,-7.03772,0.4856562912,5.4375572205,,0.5652173913043478,0.6923076923076923,0,1,-7.5552,0.3617138267,5.6212596893,,0.5652173913043478,0.5384615384615384,0,1,-7.17176,0.2262973487,5.0025134087,,0.3043478260869565,0.3846153846153846,0,1,-7.81965,0.2104008794,4.9321403503,,0.2608695652173913,0.4615384615384615,0,1,-6.74252,0.1613875031,5.1177177429,,0.5217391304347826,0.6153846153846154,0,1,-7.78062,0.1404974014,4.6808524132,,0.4782608695652174,0.6153846153846154,0,1,-8.296,0.1311817914,4.7051291466,,0.6086956521739131,0.7692307692307693,0,1,-8.33521,0.1082706526,4.6718420982,,0.4782608695652174,0.6923076923076923,0,1,-7.74921,0.1044384837,4.8787555695,,0.5652173913043478,0.7692307692307693,0,1,-6.89336,0.098686032,5.0336842537,,0.4782608695652174,0.6153846153846154,0,1,10
ZINC000031540322,-5.12456,0.5603860021,6.1405653954,,0.2608695652173913,0.3076923076923077,0,1,-5.65087,0.3556113243,5.694463253,,0.217391304347826,0.3076923076923077,0,1,-5.71735,0.3304895461,5.5550632477,,0.3478260869565217,0.4615384615384615,0,1,-7.59346,0.2901797593,6.0748047829,,0.4347826086956521,0.6153846153846154,0,1,-5.96694,0.2846598327,5.6601500511,,0.3478260869565217,0.4615384615384615,0,1,-7.05129,0.2305306792,5.5016403198,,0.391304347826087,0.6153846153846154,0,1,-5.72044,0.2273874283,4.961540699,,0.1739130434782608,0.2307692307692307,0,1,-7.71888,0.2216955125,5.6339125633,,0.391304347826087,0.4615384615384615,0,1,-7.61848,0.2188045532,5.8152217865,,0.4782608695652174,0.6153846153846154,0,1,-5.13443,0.2032264173,5.5392947197,,0.217391304347826,0.3076923076923077,0,1,10
ZINC000031794957,-6.96995,0.4594630301,6.7594399452,,0.6086956521739131,0.7692307692307693,0,1,-7.36739,0.2916204631,6.4510097504,,0.5217391304347826,0.6923076923076923,0,1,-7.14997,0.1453384459,5.8718905449,,0.391304347826087,0.5384615384615384,0,1,-7.5484,0.1325639486,5.7463965416,,0.4347826086956521,0.4615384615384615,0,1,-7.18313,0.1322404146,6.1888442039,,0.5217391304347826,0.6923076923076923,0,1,-7.40435,0.1194743589,5.6629714966,,0.4347826086956521,0.4615384615384615,0,1,-7.08843,0.116583094,5.6576118469,,0.3478260869565217,0.4615384615384615,0,1,-7.06087,0.1137508303,5.319978714,,0.391304347826087,0.4615384615384615,0,1,-7.20563,0.1113285124,5.499815464,,0.4347826086956521,0.4615384615384615,0,1,-7.12225,0.1097650379,5.3743824959,,0.4782608695652174,0.5384615384615384,0,1,10
ZINC000031997227,-7.54868,0.695194602,6.0601553917,,0.5217391304347826,0.6153846153846154,0,1,-8.04898,0.562277019,6.0882453918,,0.6086956521739131,0.7692307692307693,0,1,-7.388,0.5333589315,5.462202549,,0.6086956521739131,0.6923076923076923,0,1,-6.80112,0.3879958391,5.2473144531,,0.4347826086956521,0.6153846153846154,0,1,-7.90567,0.3370702565,5.4491667747,,0.3478260869565217,0.4615384615384615,0,1,-7.81174,0.32952106,5.408223629,,0.3043478260869565,0.3846153846153846,0,1,-7.10434,0.3020176291,5.3531336784,,0.4782608695652174,0.6153846153846154,0,1,-6.73333,0.2989909053,5.0065712929,,0.391304347826087,0.5384615384615384,0,1,-6.6108,0.2930887938,5.0793704987,,0.391304347826087,0.5384615384615384,0,1,-7.84197,0.2492139637,5.3877654076,,0.2608695652173913,0.3846153846153846,0,1,10
ZINC000032138274,-7.14592,0.4797703326,6.5468635559,,0.6086956521739131,0.7692307692307693,0,1,-7.88855,0.4355963469,6.3284773827,,0.4782608695652174,0.8461538461538461,0,1,-8.56761,0.3142629862,6.1209387779,,0.4782608695652174,0.7692307692307693,0,1,-7.43548,0.2951859236,5.2367243767,,0.3478260869565217,0.4615384615384615,0,1,-7.76558,0.2309784442,5.4155197144,,0.6086956521739131,0.7692307692307693,0,1,-7.2194,0.1962743849,5.525411129,,0.6521739130434783,0.7692307692307693,0,1,-8.52266,0.1785802096,5.0298471451,,0.2608695652173913,0.3846153846153846,0,1,-7.44232,0.1485631168,5.4760303497,,0.4782608695652174,0.6153846153846154,0,1,-7.43291,0.1483069062,5.3230214119,,0.5217391304347826,0.6153846153846154,0,1,-7.50765,0.1392516643,5.7071213722,,0.4782608695652174,0.6153846153846154,0,1,10
ZINC000032304142,-7.50568,0.5965018272,5.2240777016,,0.1304347826086956,0.2307692307692307,0,1,-6.63438,0.5500993729,4.4724364281,,0.4782608695652174,0.5384615384615384,0,1,-7.4173,0.4042220414,5.0051932335,,0.1739130434782608,0.3076923076923077,0,1,-6.07483,0.3650639355,4.7758979797,,0.2608695652173913,0.3846153846153846,0,1,-6.46564,0.3315350115,5.0546879768,,0.5217391304347826,0.6153846153846154,0,1,-7.2541,0.3111517131,4.8918170929,,0.1304347826086956,0.2307692307692307,0,1,-6.05563,0.2271647751,4.5192875862,,0.2608695652173913,0.3846153846153846,0,1,-6.48639,0.2202976346,4.558224678,,0.2608695652173913,0.3846153846153846,0,1,-7.43725,0.1535028517,4.7321448326,,0.2608695652173913,0.4615384615384615,0,1,-5.9685,0.1486682296,5.073489666,,0.6956521739130435,0.7692307692307693,0,1,10
ZINC000033353800,-6.54865,0.3787244558,5.1079058647,,0.1304347826086956,0.1538461538461538,0,1,-7.29592,0.2684399784,5.412317276,,0.1304347826086956,0.1538461538461538,0,1,-7.02579,0.2544774413,4.9647665024,,0.1304347826086956,0.1538461538461538,0,1,-6.59594,0.2135299444,5.1067137718,,0.0434782608695652,0.0769230769230769,0,1,-6.61111,0.2109036446,4.9423069954,,0.217391304347826,0.3076923076923077,0,1,-6.74166,0.190271154,5.0134987831,,0.391304347826087,0.4615384615384615,0,1,-6.82461,0.1868005991,4.7653169632,,0.217391304347826,0.2307692307692307,0,1,-7.09288,0.1852096021,5.2448062897,,0.217391304347826,0.3076923076923077,0,1,-10.15627,0.183488965,6.1111741066,,0.391304347826087,0.5384615384615384,0,1,-6.95197,0.1794377863,4.71316576,,0.1739130434782608,0.2307692307692307,0,1,10
ZINC000033495120,-8.09544,0.9025958776,5.0753822327,,0.6956521739130435,0.8461538461538461,0,1,-7.23389,0.8589540124,4.8145384789,,0.6521739130434783,0.7692307692307693,0,1,-6.43842,0.8524977565,5.2582297325,,0.5217391304347826,0.6923076923076923,0,1,-7.95204,0.8494029641,5.0257873535,,0.7391304347826086,0.8461538461538461,0,1,-7.58676,0.8420923948,5.238843441,,0.7391304347826086,0.8461538461538461,0,1,-7.03971,0.8240564466,5.0498805046,,0.5217391304347826,0.6153846153846154,0,1,-7.47699,0.7486519217,4.8753261566,,0.6086956521739131,0.5384615384615384,0,1,-6.67496,0.4824741781,4.5436229706,,0.4347826086956521,0.6153846153846154,0,1,-6.36325,0.4558099806,3.9238770008,,0.2608695652173913,0.3846153846153846,0,1,-7.37578,0.4433512092,4.4563479424,,0.3043478260869565,0.4615384615384615,0,1,10
ZINC000033753205,-7.33588,0.3469904363,5.4517502785,,0.5217391304347826,0.6923076923076923,0,1,-7.2017,0.3429034948,4.7310070992,,0.4347826086956521,0.5384615384615384,0,1,-7.70606,0.1421909183,4.9065437317,,0.5652173913043478,0.8461538461538461,0,1,-7.44651,0.1379828304,4.3475527763,,0.3478260869565217,0.4615384615384615,0,1,-7.52751,0.1039013639,4.3278045654,,0.3043478260869565,0.3846153846153846,0,1,-7.74778,0.0879862383,4.2724509239,,0.3478260869565217,0.4615384615384615,0,1,-6.57204,0.0795661062,3.8954002857,,0.2608695652173913,0.3846153846153846,0,1,-7.15579,0.074655585,4.4720358849,,0.4782608695652174,0.6923076923076923,0,1,-6.34137,0.0611524098,3.9343290329,,0.1304347826086956,0.1538461538461538,0,1,-6.05718,0.0602132604,4.1207146645,,0.217391304347826,0.3846153846153846,0,1,10
ZINC000033816099,-6.14049,0.7675377131,5.090947628,,0.4782608695652174,0.6153846153846154,0,1,-6.51451,0.6671714187,5.2206473351,,0.3478260869565217,0.4615384615384615,0,1,-6.04363,0.6078711152,5.2237010002,,0.5652173913043478,0.7692307692307693,0,1,-5.69639,0.5073319674,4.921350956,,0.4782608695652174,0.6153846153846154,0,1,-6.89772,0.503945291,4.95576334,,0.6521739130434783,0.7692307692307693,0,1,-6.0816,0.4599014819,4.7594161034,,0.3043478260869565,0.3846153846153846,0,1,-6.92127,0.4560026526,5.1177215576,,0.5652173913043478,0.6923076923076923,0,1,-6.04122,0.4552630484,4.9034075737,,0.6956521739130435,0.8461538461538461,0,1,-6.10699,0.3866078258,4.0526075363,,0.217391304347826,0.3076923076923077,0,1,-5.59236,0.3832942843,3.7369163036,,0.3043478260869565,0.3846153846153846,0,1,10
ZINC000033816393,-8.17672,0.5080673695,5.8814024925,,0.5652173913043478,0.6923076923076923,0,1,-8.14343,0.3878552318,5.9224624634,,0.5652173913043478,0.6153846153846154,0,1,-7.87773,0.3198444247,5.8816609383,,0.4782608695652174,0.5384615384615384,0,1,-7.00516,0.2802283764,5.2246904373,,0.391304347826087,0.4615384615384615,0,1,-7.03633,0.2789488733,5.6108164787,,0.3478260869565217,0.3846153846153846,0,1,-6.75306,0.2687111199,5.6741542816,,0.4782608695652174,0.6923076923076923,0,1,-7.03998,0.2567270696,5.1279711723,,0.3478260869565217,0.4615384615384615,0,1,-6.64959,0.2542398274,5.1527552605,,0.391304347826087,0.4615384615384615,0,1,-7.73458,0.2481349558,5.1089215279,,0.391304347826087,0.4615384615384615,0,1,-6.95333,0.2444041967,5.1315288544,,0.391304347826087,0.4615384615384615,0,1,10
ZINC000033884961,-7.7308,0.8580636978,6.9655375481,,0.7391304347826086,0.8461538461538461,0,1,-7.5225,0.7899026275,6.5374150276,,0.6956521739130435,0.7692307692307693,0,1,-7.2299,0.7892324924,6.8136258125,,0.6086956521739131,0.6923076923076923,0,1,-8.35943,0.7019754648,6.9124526978,,0.6086956521739131,0.7692307692307693,0,1,-7.6546,0.6927378774,6.8336319923,,0.6086956521739131,0.6923076923076923,0,1,-7.9598,0.684332788,6.6586837769,,0.6956521739130435,0.8461538461538461,0,1,-8.16446,0.6394108534,6.7811217308,,0.6086956521739131,0.7692307692307693,0,1,-7.39205,0.6287946701,6.6737766266,,0.5652173913043478,0.7692307692307693,0,1,-7.93147,0.626541853,6.7839317322,,0.5217391304347826,0.6923076923076923,0,1,-7.46866,0.6055566072,6.485355854,,0.6956521739130435,0.7692307692307693,0,1,10
ZINC000033971942,-6.69849,0.7868053317,6.5276970863,,0.7391304347826086,0.7692307692307693,0,1,-8.85707,0.5440386534,7.1671996117,,0.4782608695652174,0.5384615384615384,0,1,-8.68673,0.451633513,7.1881484985,,0.391304347826087,0.4615384615384615,0,1,-8.47131,0.3769960403,6.6328043938,,0.5652173913043478,0.6153846153846154,0,1,-6.95256,0.3393770754,6.0233898163,,0.5217391304347826,0.6923076923076923,0,1,-8.40289,0.3269383609,6.5571436882,,0.5217391304347826,0.6153846153846154,0,1,-9.16066,0.3169336915,6.6926841736,,0.4782608695652174,0.6153846153846154,0,1,-7.84624,0.2920536101,5.9058823586,,0.5217391304347826,0.6153846153846154,0,1,-7.32239,0.2726374269,6.2248902321,,0.4782608695652174,0.6153846153846154,0,1,-8.6582,0.2518339455,6.4275722504,,0.5217391304347826,0.6923076923076923,0,1,10
ZINC000033985718,-5.5245,0.417488426,4.3223147392,,0.3478260869565217,0.4615384615384615,0,1,-6.10032,0.3804390728,5.3999843597,,0.5217391304347826,0.7692307692307693,0,1,-6.07341,0.3458580971,5.5799736977,,0.6956521739130435,0.9230769230769232,0,1,-7.10366,0.3075891137,5.8594779968,,0.6086956521739131,0.8461538461538461,0,1,-6.73726,0.3017602265,5.3500914574,,0.6086956521739131,0.8461538461538461,0,1,-6.88705,0.2807029486,5.6038737297,,0.6086956521739131,0.7692307692307693,0,1,-6.86728,0.2032624781,4.3914437294,,0.3043478260869565,0.4615384615384615,0,1,-6.96327,0.1664147079,4.2493515015,,0.3043478260869565,0.5384615384615384,0,1,-7.00187,0.1543541998,4.1968874931,,0.3043478260869565,0.5384615384615384,0,1,-6.56933,0.1514227688,5.2694745064,,0.4782608695652174,0.7692307692307693,0,1,10
ZINC000034073369,-6.97316,0.9178365469,5.8845868111,,0.6521739130434783,0.7692307692307693,0,1,-6.74337,0.8720605373,5.1860308647,,0.5652173913043478,0.6923076923076923,0,1,-6.72466,0.8633796573,5.7518515587,,0.6956521739130435,0.8461538461538461,0,1,-6.38128,0.7755663395,5.3268418312,,0.5217391304347826,0.6153846153846154,0,1,-6.87043,0.7746865749,5.9151954651,,0.6521739130434783,0.7692307692307693,0,1,-6.76379,0.7620970607,5.8907341957,,0.4782608695652174,0.6923076923076923,0,1,-6.83581,0.7425629497,5.7106246948,,0.4347826086956521,0.5384615384615384,0,1,-6.18457,0.7365028858,4.8529896736,,0.5217391304347826,0.6923076923076923,0,1,-7.21638,0.7252808213,5.1860370636,,0.6086956521739131,0.6923076923076923,0,1,-6.95517,0.7055569291,5.7004265785,,0.6086956521739131,0.7692307692307693,0,1,10
ZINC000034073928,-7.00015,0.7558885217,6.0470414162,,0.5652173913043478,0.6153846153846154,0,1,-6.60622,0.7418502569,6.116563797,,0.6521739130434783,0.6923076923076923,0,1,-6.21087,0.6111331582,5.3507418633,,0.4347826086956521,0.5384615384615384,0,1,-6.48742,0.5244361162,5.6831207275,,0.5652173913043478,0.6153846153846154,0,1,-6.49099,0.473272413,5.8041300774,,0.5217391304347826,0.6923076923076923,0,1,-6.39623,0.4477201998,5.58152771,,0.391304347826087,0.4615384615384615,0,1,-7.19881,0.4268861711,5.2237987518,,0.6521739130434783,0.7692307692307693,0,1,-6.60466,0.4039765298,5.2359032631,,0.4782608695652174,0.5384615384615384,0,1,-6.1537,0.3977441788,5.2154598236,,0.3478260869565217,0.5384615384615384,0,1,-6.04268,0.373590678,5.3082375526,,0.217391304347826,0.3846153846153846,0,1,10
ZINC000034235761,-6.90055,0.6225999594,5.2042579651,,0.4782608695652174,0.5384615384615384,0,1,-6.4986,0.6202452183,4.7637400627,,0.4347826086956521,0.4615384615384615,0,1,-6.62446,0.544285059,4.5225019455,,0.3478260869565217,0.3846153846153846,0,1,-7.853,0.4911538363,5.3485145569,,0.5217391304347826,0.7692307692307693,0,1,-5.70598,0.4736413062,5.7337841988,,0.5652173913043478,0.7692307692307693,0,1,-6.76526,0.4588646293,5.206594944,,0.5217391304347826,0.8461538461538461,0,1,-6.78479,0.4390968084,4.2524437904,,0.4347826086956521,0.4615384615384615,0,1,-6.62938,0.4089446366,4.4046664238,,0.391304347826087,0.6153846153846154,0,1,-6.4004,0.3898172975,4.8955731392,,0.3043478260869565,0.4615384615384615,0,1,-7.35028,0.3742355704,5.1339974403,,0.1739130434782608,0.3076923076923077,0,1,10
ZINC000034718741,-6.66064,0.7756181955,5.6136403084,,0.5652173913043478,0.6153846153846154,0,1,-6.61161,0.5325155854,5.2169976234,,0.3478260869565217,0.4615384615384615,0,1,-5.94938,0.5045391321,4.4806671143,,0.3043478260869565,0.3076923076923077,0,1,-7.12583,0.2285871804,5.0140891075,,0.3478260869565217,0.5384615384615384,0,1,-5.94774,0.1819669604,4.9677376747,,0.5652173913043478,0.6923076923076923,0,1,-6.32166,0.1530828178,4.8978009224,,0.6521739130434783,0.8461538461538461,0,1,-6.49449,0.1320521981,3.8398559093,,0.3043478260869565,0.3846153846153846,0,1,-7.5484,0.1282979995,3.925150156,,0.3043478260869565,0.3846153846153846,0,1,-6.19672,0.1135856956,4.5430989265,,0.3478260869565217,0.3846153846153846,0,1,-5.90089,0.1030072123,3.8961880207,,0.2608695652173913,0.3076923076923077,0,1,10
ZINC000034809184,-6.29677,0.5307062268,6.3916811943,,0.5652173913043478,0.9230769230769232,0,1,-6.40943,0.5250819921,6.2642302513,,0.5652173913043478,0.9230769230769232,0,1,-5.58854,0.4206960499,5.9402832985,,0.5652173913043478,0.8461538461538461,0,1,-5.15464,0.2628267705,4.7033462524,,0.2608695652173913,0.4615384615384615,0,1,-5.1569,0.2327122837,4.8973011971,,0.3478260869565217,0.3846153846153846,0,1,-4.9558,0.2129108906,4.5251402855,,0.391304347826087,0.4615384615384615,0,1,-7.04267,0.1237204075,4.7417321205,,0.1739130434782608,0.2307692307692307,0,1,-5.27567,0.117423892,3.8772907257,,0.1304347826086956,0.2307692307692307,0,1,-5.98208,0.1040226668,5.2083530426,,0.2608695652173913,0.4615384615384615,0,1,-4.95378,0.0979738533,3.4407384396,,0.1739130434782608,0.2307692307692307,0,1,10
ZINC000034867631,-5.46235,0.7378661633,4.7267608643,,0.1739130434782608,0.3076923076923077,0,1,-6.41391,0.4821799695,5.2361655235,,0.3478260869565217,0.4615384615384615,0,1,-6.72066,0.4420397878,5.6796469688,,0.5217391304347826,0.6153846153846154,0,1,-6.05836,0.3529964089,4.6304678917,,0.2608695652173913,0.3076923076923077,0,1,-6.02846,0.3446688056,5.203769207,,0.4782608695652174,0.6153846153846154,0,1,-7.21725,0.3208467662,4.1470255852,,0.391304347826087,0.4615384615384615,0,1,-6.66681,0.3185837567,4.7381100655,,0.3043478260869565,0.3076923076923077,0,1,-6.2697,0.268643558,4.5399003029,,0.2608695652173913,0.3846153846153846,0,1,-7.11398,0.2583968043,4.3053708076,,0.391304347826087,0.4615384615384615,0,1,-7.63333,0.25814569,4.6704354286,,0.391304347826087,0.4615384615384615,0,1,10
ZINC000034875144,-6.79341,0.3769709468,6.1077857018,,0.5652173913043478,0.8461538461538461,0,1,-6.06688,0.2562736273,6.3902945518,,0.391304347826087,0.6923076923076923,0,1,-5.87297,0.2364809364,5.4720902443,,0.3478260869565217,0.6923076923076923,0,1,-5.55758,0.2065624297,5.6572070122,,0.3478260869565217,0.5384615384615384,0,1,-5.36506,0.2058250457,5.392469883,,0.3043478260869565,0.4615384615384615,0,1,-5.37432,0.2048268616,5.5313982964,,0.391304347826087,0.6923076923076923,0,1,-5.01819,0.190032959,4.1101851463,,0.3043478260869565,0.4615384615384615,0,1,-7.15487,0.1859664917,6.2332496643,,0.4347826086956521,0.6923076923076923,0,1,-5.44664,0.1146894321,5.2757854462,,0.1739130434782608,0.2307692307692307,0,1,-6.21953,0.1138853282,6.3171029091,,0.4347826086956521,0.6923076923076923,0,1,10
ZINC000035024786,-7.68098,0.7461543679,5.4102435112,,0.391304347826087,0.5384615384615384,0,1,-7.63997,0.6674132347,5.2966041565,,0.391304347826087,0.5384615384615384,0,1,-8.26608,0.634780407,5.43075037,,0.3478260869565217,0.5384615384615384,0,1,-7.89739,0.5056711435,5.187728405,,0.5217391304347826,0.7692307692307693,0,1,-7.49624,0.4281855822,5.2361373901,,0.391304347826087,0.5384615384615384,0,1,-7.4098,0.4094134271,5.2053527832,,0.391304347826087,0.4615384615384615,0,1,-6.2545,0.4086929262,4.4789814949,,0.3043478260869565,0.3076923076923077,0,1,-7.63929,0.3919239938,5.1529679298,,0.4347826086956521,0.6923076923076923,0,1,-5.87657,0.3071817756,4.0518722534,,0.391304347826087,0.3846153846153846,0,1,-5.80185,0.2884846628,5.1272873878,,0.5217391304347826,0.6923076923076923,0,1,10
ZINC000035033725,-7.34168,0.7119138241,5.0914797783,,0.217391304347826,0.3846153846153846,0,1,-8.11266,0.6956519485,5.6515603065,,0.4782608695652174,0.6153846153846154,0,1,-7.4332,0.6651386619,5.6131443977,,0.4347826086956521,0.4615384615384615,0,1,-8.18513,0.569167614,5.7602505684,,0.4782608695652174,0.5384615384615384,0,1,-8.02775,0.5426062942,5.4922165871,,0.391304347826087,0.4615384615384615,0,1,-7.44128,0.4231099486,5.0870375633,,0.3043478260869565,0.3846153846153846,0,1,-7.75026,0.3644981682,4.6982045174,,0.3478260869565217,0.3846153846153846,0,1,-7.21813,0.3356142044,4.9634461403,,0.391304347826087,0.5384615384615384,0,1,-7.71789,0.3009110391,5.1822333336,,0.391304347826087,0.4615384615384615,0,1,-7.46428,0.2978160977,4.7675018311,,0.1739130434782608,0.3076923076923077,0,1,10
ZINC000035033728,-6.48046,0.7769885063,5.0871372223,,0.391304347826087,0.4615384615384615,0,1,-6.93597,0.6237465143,6.000705719,,0.5652173913043478,0.6923076923076923,0,1,-7.50956,0.5071793199,5.2341284752,,0.217391304347826,0.3076923076923077,0,1,-6.71537,0.4938768148,5.782251358,,0.6086956521739131,0.8461538461538461,0,1,-7.11636,0.4930032194,5.89103508,,0.5652173913043478,0.7692307692307693,0,1,-6.53284,0.492811203,4.9067893028,,0.2608695652173913,0.4615384615384615,0,1,-7.7838,0.3618017435,4.7792625427,,0.5217391304347826,0.5384615384615384,0,1,-7.04661,0.3407391608,4.9142055511,,0.3478260869565217,0.4615384615384615,0,1,-7.42841,0.3374246955,4.561401844,,0.5217391304347826,0.5384615384615384,0,1,-7.5466,0.3309509158,4.8407607079,,0.5217391304347826,0.5384615384615384,0,1,10
ZINC000035033732,-6.82984,0.4305309951,5.2098660469,,0.4347826086956521,0.5384615384615384,0,1,-6.57317,0.345041275,5.5310645103,,0.391304347826087,0.5384615384615384,0,1,-6.17119,0.3148238957,4.9158053398,,0.217391304347826,0.3076923076923077,0,1,-7.02341,0.2939207852,4.682489872,,0.3478260869565217,0.3846153846153846,0,1,-6.09445,0.2919421196,4.5542654991,,0.1304347826086956,0.1538461538461538,0,1,-7.10395,0.2906333506,5.1401162148,,0.3478260869565217,0.4615384615384615,0,1,-6.7744,0.2448400557,5.2112374306,,0.3478260869565217,0.4615384615384615,0,1,-7.09897,0.1746784151,5.0862426758,,0.4347826086956521,0.6923076923076923,0,1,-6.50356,0.1618486345,4.5633835793,,0.0869565217391304,0.0769230769230769,0,1,-6.61809,0.1484334618,4.6952819824,,0.391304347826087,0.4615384615384615,0,1,10
ZINC000035033756,-5.61088,0.3963775337,4.3767609596,,0.1739130434782608,0.3076923076923077,0,1,-5.6163,0.3776287436,4.8439612389,,0.1739130434782608,0.2307692307692307,0,1,-6.68392,0.3248404562,4.4437842369,,0.217391304347826,0.3846153846153846,0,1,-5.63673,0.3224598765,4.37672472,,0.3043478260869565,0.3076923076923077,0,1,-6.5925,0.2738388479,4.261138916,,0.3478260869565217,0.3846153846153846,0,1,-6.11668,0.2723552585,5.5233674049,,0.6086956521739131,0.7692307692307693,0,1,-7.58421,0.2719563842,5.041903019,,0.4347826086956521,0.6153846153846154,0,1,-6.97957,0.2376302481,4.3140816689,,0.391304347826087,0.4615384615384615,0,1,-5.61375,0.2195721269,4.322104454,,0.217391304347826,0.3076923076923077,0,1,-6.34699,0.1986988783,4.8992905617,,0.6956521739130435,0.8461538461538461,0,1,10
ZINC000035077495,-6.33242,0.5158020258,5.7965316772,,0.5217391304347826,0.6923076923076923,0,1,-7.77778,0.3226597309,5.2038936615,,0.5217391304347826,0.7692307692307693,0,1,-6.36869,0.2101213485,4.7403979301,,0.2608695652173913,0.3846153846153846,0,1,-7.70804,0.2014922947,4.9951305389,,0.4347826086956521,0.5384615384615384,0,1,-8.13794,0.1855444312,4.9785218239,,0.4347826086956521,0.5384615384615384,0,1,-5.95624,0.1709307879,4.2389931679,,0.2608695652173913,0.3846153846153846,0,1,-7.03912,0.1499483734,4.3745837212,,0.2608695652173913,0.3846153846153846,0,1,-7.66689,0.1173583716,4.4088149071,,0.2608695652173913,0.3076923076923077,0,1,-6.16799,0.1122276559,4.1748766899,,0.2608695652173913,0.3846153846153846,0,1,-5.79368,0.0983543172,3.600769043,,0.1739130434782608,0.2307692307692307,0,1,10
ZINC000035636069,-7.52347,0.7064410448,5.2453508377,,0.5652173913043478,0.6153846153846154,0,1,-6.6089,0.6491241455,5.1617999077,,0.5217391304347826,0.6153846153846154,0,1,-7.59881,0.6213876605,5.1051850319,,0.5217391304347826,0.5384615384615384,0,1,-6.93068,0.587415874,5.2758545876,,0.5217391304347826,0.6153846153846154,0,1,-5.95358,0.561648488,4.6376595497,,0.4347826086956521,0.4615384615384615,0,1,-6.6362,0.5462239385,5.3233160973,,0.4782608695652174,0.6153846153846154,0,1,-7.33482,0.527156949,4.9655647278,,0.3043478260869565,0.4615384615384615,0,1,-6.1142,0.4078168273,5.1427664757,,0.3478260869565217,0.4615384615384615,0,1,-7.02789,0.4048384428,4.9492249489,,0.5652173913043478,0.6923076923076923,0,1,-6.52575,0.4029166102,4.5148515701,,0.391304347826087,0.4615384615384615,0,1,10
ZINC000035821505,-6.60643,0.5494226813,5.444234848,,0.1739130434782608,0.3076923076923077,0,1,-6.66727,0.3796965182,4.611345768,,0.4782608695652174,0.5384615384615384,0,1,-7.0295,0.2929278016,5.064365387,,0.217391304347826,0.3076923076923077,0,1,-6.44815,0.2185516059,4.729847908,,0.3478260869565217,0.5384615384615384,0,1,-6.51394,0.1562016457,4.7283539772,,0.2608695652173913,0.3846153846153846,0,1,-7.02406,0.1545970589,4.9287967682,,0.217391304347826,0.3076923076923077,0,1,-5.39882,0.1478428394,3.5772311687,,0.3043478260869565,0.3076923076923077,0,1,-5.44221,0.13834548,3.9311225414,,0.1304347826086956,0.2307692307692307,0,1,-5.51322,0.1091427729,3.688321352,,0.391304347826087,0.5384615384615384,0,1,-5.51549,0.1015564948,4.1297707558,,0.217391304347826,0.3076923076923077,0,1,10
ZINC000036152036,-7.15863,0.8768789172,6.9711108208,,0.6521739130434783,0.7692307692307693,0,1,-6.68057,0.5077445507,5.8721446991,,0.4782608695652174,0.6923076923076923,0,1,-7.21076,0.3752139509,5.4292902946,,0.391304347826087,0.6923076923076923,0,1,-6.57074,0.2342134267,4.5745615959,,0.3478260869565217,0.3846153846153846,0,1,-6.73676,0.2255074382,5.2907357216,,0.3478260869565217,0.5384615384615384,0,1,-6.57227,0.214394778,5.1279449463,,0.3478260869565217,0.3846153846153846,0,1,-6.88224,0.174958542,5.0450015068,,0.3478260869565217,0.3846153846153846,0,1,-6.90355,0.1382186264,5.090473175,,0.3478260869565217,0.5384615384615384,0,1,-8.30277,0.1124908552,4.9562697411,,0.3478260869565217,0.5384615384615384,0,1,-8.28262,0.1112069711,4.9735579491,,0.3478260869565217,0.5384615384615384,0,1,10
ZINC000036152060,-7.16492,0.1192491353,5.0571327209,,0.4782608695652174,0.6153846153846154,0,1,-7.7782,0.1091813296,4.8478159904,,0.5652173913043478,0.7692307692307693,0,1,-7.47309,0.1050416082,4.9023628235,,0.5652173913043478,0.8461538461538461,0,1,-6.07481,0.1039564162,4.5591788292,,0.3478260869565217,0.3846153846153846,0,1,-6.85459,0.0977102891,4.7950410843,,0.4782608695652174,0.6153846153846154,0,1,-7.0521,0.0855937153,4.7936406136,,0.4782608695652174,0.6923076923076923,0,1,-6.61393,0.0781347528,4.1754488945,,0.391304347826087,0.4615384615384615,0,1,-7.05775,0.0726412684,4.5549035072,,0.3043478260869565,0.3076923076923077,0,1,-6.45639,0.0509223714,3.4557368755,,0.1304347826086956,0.1538461538461538,0,1,-8.76234,0.050574109,4.1244359016,,0.4347826086956521,0.6153846153846154,0,1,10
ZINC000036152079,-6.1003,0.3244507611,4.3739528656,,0.3478260869565217,0.3846153846153846,0,1,-6.74714,0.1105983332,5.2451148033,,0.5217391304347826,0.7692307692307693,0,1,-6.55451,0.1096979231,4.6562590599,,0.3043478260869565,0.3846153846153846,0,1,-7.4301,0.0892231315,4.8499102592,,0.3478260869565217,0.6153846153846154,0,1,-6.29337,0.0886540338,3.729477644,,0.1304347826086956,0.1538461538461538,0,1,-6.80612,0.0882311463,4.9223804474,,0.3478260869565217,0.5384615384615384,0,1,-6.36882,0.0811728239,4.4468712807,,0.4347826086956521,0.4615384615384615,0,1,-7.25689,0.0679763332,4.6716156006,,0.391304347826087,0.5384615384615384,0,1,-7.5381,0.0657671839,4.7457427979,,0.391304347826087,0.5384615384615384,0,1,-6.99298,0.050327912,4.1220183372,,0.3478260869565217,0.4615384615384615,0,1,10
ZINC000036412860,-6.66917,0.4018195868,4.8207697868,,0.2608695652173913,0.3076923076923077,0,1,-6.93693,0.3709486127,5.7370567322,,0.5217391304347826,0.6153846153846154,0,1,-7.12387,0.3597545922,4.9243679047,,0.4782608695652174,0.6153846153846154,0,1,-7.52928,0.2889753282,5.359597683,,0.5652173913043478,0.7692307692307693,0,1,-8.53817,0.2375971973,4.7061462402,,0.1739130434782608,0.2307692307692307,0,1,-6.40062,0.2118524462,4.7295022011,,0.3043478260869565,0.3846153846153846,0,1,-7.07651,0.1763997674,4.9313583374,,0.4782608695652174,0.6923076923076923,0,1,-8.00853,0.1724366695,4.5144495964,,0.3478260869565217,0.4615384615384615,0,1,-7.50629,0.1557474136,4.4671001434,,0.5652173913043478,0.7692307692307693,0,1,-6.54565,0.1442487687,4.4080462456,,0.217391304347826,0.3846153846153846,0,1,10
ZINC000038138224,-5.10557,0.2340588868,4.572573185,,0.3043478260869565,0.3076923076923077,0,1,-5.92369,0.1737669408,5.3620429039,,0.2608695652173913,0.3076923076923077,0,1,-4.79393,0.1650747806,4.1469135284,,0.217391304347826,0.2307692307692307,0,1,-6.70846,0.1613665223,5.2977185249,,0.1739130434782608,0.3846153846153846,0,1,-7.03266,0.1607080251,6.358695507,,0.4347826086956521,0.5384615384615384,0,1,-6.67258,0.1597503722,6.1685929298,,0.4782608695652174,0.5384615384615384,0,1,-5.23528,0.1574769914,4.400929451,,0.0434782608695652,0.0769230769230769,0,1,-5.03046,0.1536723226,4.3111319542,,0.1304347826086956,0.1538461538461538,0,1,-5.19679,0.1431287229,4.4777493477,,0.0434782608695652,0.0769230769230769,0,1,-6.19072,0.1104015633,5.3475990295,,0.2608695652173913,0.3846153846153846,0,1,10
ZINC000038149511,-6.8126,0.5659040213,5.136531353,,0.4782608695652174,0.6153846153846154,0,1,-6.56659,0.5603023767,5.3384423256,,0.4782608695652174,0.6153846153846154,0,1,-5.40593,0.5523709655,4.7468829155,,0.3043478260869565,0.3846153846153846,0,1,-5.60945,0.548461616,4.41994524,,0.3478260869565217,0.4615384615384615,0,1,-7.02342,0.536074698,5.3960824013,,0.391304347826087,0.5384615384615384,0,1,-6.65231,0.4714779258,5.3667907715,,0.3478260869565217,0.4615384615384615,0,1,-6.69647,0.431871593,4.8954510689,,0.3478260869565217,0.3846153846153846,0,1,-6.56913,0.4095016718,5.158575058,,0.5652173913043478,0.6923076923076923,0,1,-5.48912,0.4005694389,4.5402808189,,0.3043478260869565,0.3846153846153846,0,1,-6.47591,0.3593784571,4.6873908043,,0.217391304347826,0.3076923076923077,0,1,10
ZINC000038149753,-7.07185,0.7358632088,5.6563625336,,0.5217391304347826,0.6923076923076923,0,1,-6.67322,0.7186294198,5.7601947784,,0.5652173913043478,0.7692307692307693,0,1,-6.72469,0.6823123693,5.7810344696,,0.5652173913043478,0.7692307692307693,0,1,-7.35938,0.5939869285,5.4705605507,,0.5217391304347826,0.6923076923076923,0,1,-6.27644,0.5332570076,4.9122748375,,0.391304347826087,0.5384615384615384,0,1,-8.09289,0.5329126716,5.1548829079,,0.3478260869565217,0.5384615384615384,0,1,-6.44561,0.4895022213,5.4053463936,,0.6086956521739131,0.7692307692307693,0,1,-6.2839,0.378023982,4.5112090111,,0.217391304347826,0.3846153846153846,0,1,-6.94081,0.3205129206,4.3875370026,,0.3478260869565217,0.3846153846153846,0,1,-6.74949,0.2723934352,3.763310194,,0.391304347826087,0.4615384615384615,0,1,10
ZINC000038300505,-7.58151,0.9021038413,7.0451025963,,0.4347826086956521,0.6153846153846154,0,1,-8.63844,0.8533255458,6.8047904968,,0.5217391304347826,0.5384615384615384,0,1,-7.73987,0.8354538083,6.6862626076,,0.4347826086956521,0.6923076923076923,1,1,-8.28043,0.7707625031,6.6928601265,,0.4782608695652174,0.5384615384615384,0,1,-8.2949,0.7434280515,6.635799408,,0.5217391304347826,0.6153846153846154,0,1,-8.30292,0.7320293784,6.5272889137,,0.4782608695652174,0.5384615384615384,0,1,-8.11051,0.7269329429,6.5935988426,,0.4782608695652174,0.5384615384615384,0,1,-8.16346,0.7094608545,6.5133399963,,0.4347826086956521,0.5384615384615384,0,1,-9.41913,0.6847112179,6.4403495789,,0.4782608695652174,0.6923076923076923,0,1,-7.05972,0.6658639312,6.5758051872,,0.4347826086956521,0.6153846153846154,0,1,10
ZINC000038475908,-6.66013,0.7285291553,4.6742062569,,0.2608695652173913,0.3846153846153846,0,1,-6.67481,0.6533853412,4.7696266174,,0.3478260869565217,0.3846153846153846,0,1,-7.84344,0.6373190284,5.1310219765,,0.6086956521739131,0.6923076923076923,0,1,-8.16207,0.5258248448,4.2550969124,,0.3043478260869565,0.3846153846153846,0,1,-6.0166,0.5205702186,4.4250254631,,0.3043478260869565,0.3846153846153846,0,1,-6.88293,0.4580694139,4.892516613,,0.2608695652173913,0.3846153846153846,0,1,-8.2797,0.4201031923,4.420820713,,0.3043478260869565,0.3846153846153846,0,1,-7.68472,0.4164604247,4.18207407,,0.3043478260869565,0.3846153846153846,0,1,-6.61519,0.3594390452,4.4418206215,,0.3043478260869565,0.3846153846153846,0,1,-6.37208,0.3580986857,4.5671043396,,0.2608695652173913,0.3076923076923077,0,1,10
ZINC000038811109,-6.79538,0.1589272469,5.1072444916,,0.391304347826087,0.6923076923076923,0,1,-5.44417,0.1561174095,4.4074091911,,0.3478260869565217,0.3846153846153846,0,1,-5.26406,0.1355566084,3.7478153706,,0.3043478260869565,0.3076923076923077,0,1,-7.42184,0.1223528683,5.1554303169,,0.391304347826087,0.6153846153846154,0,1,-5.13928,0.1159918457,4.3043551445,,0.3478260869565217,0.4615384615384615,0,1,-6.39763,0.1102798656,4.0701375008,,0.391304347826087,0.4615384615384615,0,1,-5.63944,0.1092388704,4.552087307,,0.3478260869565217,0.3846153846153846,0,1,-6.95608,0.0998379812,5.4143071175,,0.3478260869565217,0.4615384615384615,0,1,-7.99682,0.0939027667,5.3887534142,,0.4347826086956521,0.6153846153846154,0,1,-6.61799,0.0898214132,4.8689627647,,0.2608695652173913,0.4615384615384615,0,1,10
ZINC000038943084,-7.7379,0.7358282804,6.1220111847,,0.6086956521739131,0.6153846153846154,0,1,-6.80141,0.34033674,5.8871903419,,0.6956521739130435,0.8461538461538461,0,1,-6.466,0.3164747357,5.4109892845,,0.3478260869565217,0.3846153846153846,0,1,-7.12159,0.160038203,5.2993445396,,0.3478260869565217,0.5384615384615384,0,1,-7.0774,0.1075599641,5.0490021706,,0.4782608695652174,0.6923076923076923,0,1,-7.0682,0.1075269356,5.1297645569,,0.5652173913043478,0.7692307692307693,0,1,-8.24969,0.0940707326,4.9089050293,,0.5652173913043478,0.7692307692307693,0,1,-7.60203,0.0893121511,4.9649882317,,0.5217391304347826,0.7692307692307693,0,1,-7.88973,0.0758657306,4.8146800995,,0.4347826086956521,0.6923076923076923,0,1,-6.47717,0.0687556416,3.9775123596,,0.2608695652173913,0.3846153846153846,0,1,10
ZINC000039814204,-8.31632,0.4266514182,6.2327284813,,0.5652173913043478,0.6923076923076923,0,1,-8.68637,0.3601433635,5.7959785461,,0.4782608695652174,0.6153846153846154,0,1,-8.55012,0.3460537493,5.894329071,,0.6956521739130435,0.8461538461538461,0,1,-8.37237,0.2977375984,6.3067932129,,0.5217391304347826,0.7692307692307693,0,1,-8.38407,0.2869083285,6.5617752075,,0.3478260869565217,0.5384615384615384,0,1,-7.15991,0.2692119777,5.8485264778,,0.4782608695652174,0.6923076923076923,0,1,-7.74758,0.2455286086,6.1603360176,,0.4347826086956521,0.6923076923076923,0,1,-8.20574,0.2219150662,5.6737017632,,0.5217391304347826,0.6923076923076923,0,1,-8.44209,0.2024744004,5.7685341835,,0.5652173913043478,0.8461538461538461,0,1,-7.62639,0.1994202882,5.3262724876,,0.391304347826087,0.5384615384615384,0,1,10
ZINC000040141479,-5.72508,0.4217944741,4.3884601593,,0.1739130434782608,0.3076923076923077,0,1,-7.80368,0.2354767472,6.0473442078,,0.217391304347826,0.3076923076923077,0,1,-6.04454,0.2238560766,5.6814002991,,0.4347826086956521,0.6923076923076923,0,1,-6.02673,0.2204990238,5.3879647255,,0.4782608695652174,0.6153846153846154,0,1,-7.28114,0.2083866,5.4228072166,,0.391304347826087,0.5384615384615384,0,1,-5.68459,0.1697871983,4.4647688866,,0.217391304347826,0.3076923076923077,0,1,-7.75132,0.1512188613,5.4425849915,,0.2608695652173913,0.3846153846153846,0,1,-8.00869,0.1495513618,5.4041047096,,0.2608695652173913,0.3846153846153846,0,1,-6.03632,0.1355728954,4.6850352287,,0.3043478260869565,0.3076923076923077,0,1,-5.64955,0.1296563596,4.8586082458,,0.391304347826087,0.3846153846153846,0,1,10
ZINC000040380795,-4.48832,0.5175729394,3.9520504475,,0.2608695652173913,0.3846153846153846,0,1,-5.1338,0.3773694336,4.4548516273,,0.0434782608695652,0.0769230769230769,0,1,-3.9445,0.3665479422,3.9464762211,,0.217391304347826,0.3076923076923077,0,1,-4.83528,0.3224071562,3.6136417389,,0.217391304347826,0.2307692307692307,0,1,-4.53736,0.2593679726,3.7206916809,,0.2608695652173913,0.3076923076923077,0,1,-4.50807,0.2580907345,4.0975170135,,0.1304347826086956,0.2307692307692307,0,1,-4.76735,0.2435020953,3.7412688732,,0.1304347826086956,0.2307692307692307,0,1,-4.54975,0.2228787839,3.2299964428,,0.2608695652173913,0.3076923076923077,0,1,-5.02539,0.2136320174,4.0078678131,,0.1739130434782608,0.2307692307692307,0,1,-5.056,0.2096528858,3.8405930996,,0.217391304347826,0.3076923076923077,0,1,10
ZINC000040420587,-6.47083,0.5622140169,4.9431858063,,0.5217391304347826,0.5384615384615384,0,1,-5.56302,0.3873844147,4.5550379753,,0.5217391304347826,0.5384615384615384,0,1,-6.42708,0.358556807,4.562898159,,0.1304347826086956,0.1538461538461538,0,1,-6.23466,0.317453742,4.78688097,,0.4347826086956521,0.5384615384615384,0,1,-6.02167,0.2639882863,4.4056096077,,0.1304347826086956,0.1538461538461538,0,1,-5.80934,0.1740222424,4.1394500732,,0.217391304347826,0.3846153846153846,0,1,-5.98054,0.1183290705,4.5613303185,,0.1739130434782608,0.2307692307692307,0,1,-5.96368,0.115857631,4.4088935852,,0.1739130434782608,0.3076923076923077,0,1,-6.14807,0.110589385,4.3580780029,,0.1304347826086956,0.1538461538461538,0,1,-6.22071,0.0919014364,4.5477042198,,0.391304347826087,0.6923076923076923,0,1,10
ZINC000040423016,-6.414,0.6861482859,7.0146832466,,0.3043478260869565,0.5384615384615384,0,1,-6.06238,0.6463727355,6.5559248924,,0.3043478260869565,0.6923076923076923,0,1,-6.08875,0.4908795953,6.4669690132,,0.3478260869565217,0.6923076923076923,0,1,-6.54382,0.4144450724,6.4611010551,,0.391304347826087,0.7692307692307693,0,1,-5.93511,0.3636846542,5.9804224968,,0.4347826086956521,0.6923076923076923,0,1,-5.87678,0.3407656252,6.0542740822,,0.3478260869565217,0.7692307692307693,0,1,-6.21935,0.327070266,5.8921294212,,0.2608695652173913,0.4615384615384615,0,1,-6.3909,0.3102161586,5.9898762703,,0.3043478260869565,0.5384615384615384,0,1,-6.66175,0.301828146,6.015171051,,0.2608695652173913,0.6153846153846154,0,1,-6.86604,0.2662666142,5.8156433105,,0.3478260869565217,0.6153846153846154,0,1,10
ZINC000040429619,-7.64406,0.7676504254,6.1736998558,,0.6086956521739131,0.6923076923076923,0,1,-7.48878,0.6594825387,5.3863310814,,0.391304347826087,0.4615384615384615,0,1,-7.3073,0.5915955305,6.1062016487,,0.6521739130434783,0.6923076923076923,0,1,-7.85433,0.5808766484,5.429708004,,0.391304347826087,0.4615384615384615,0,1,-7.24157,0.4657118618,5.3545012474,,0.391304347826087,0.6153846153846154,0,1,-7.34241,0.4625377655,5.0546865463,,0.4347826086956521,0.6153846153846154,0,1,-7.56742,0.4269397259,5.3312325478,,0.3478260869565217,0.4615384615384615,0,1,-6.49516,0.4090872705,4.559928894,,0.1739130434782608,0.2307692307692307,0,1,-7.78379,0.4010048807,4.8739285469,,0.3478260869565217,0.4615384615384615,0,1,-7.27396,0.395947516,4.5901608467,,0.1739130434782608,0.2307692307692307,0,1,10
ZINC000040434290,-8.03852,0.2085145861,4.9828863144,,0.3043478260869565,0.4615384615384615,0,1,-6.61427,0.0848832577,4.5427908897,,0.3043478260869565,0.3076923076923077,0,1,-8.04963,0.0837453008,4.7169203758,,0.3478260869565217,0.4615384615384615,0,1,-6.53324,0.0745636225,4.2857284546,,0.3043478260869565,0.3846153846153846,0,1,-6.91264,0.0572498254,4.1119441986,,0.4347826086956521,0.6923076923076923,0,1,-6.7079,0.0566935763,4.5027866364,,0.5217391304347826,0.7692307692307693,0,1,-6.90334,0.0485641286,4.6123690605,,0.4347826086956521,0.5384615384615384,0,1,-6.44878,0.047320161,3.9982631207,,0.2608695652173913,0.3846153846153846,0,1,-7.99301,0.0459924191,4.2560172081,,0.4782608695652174,0.6153846153846154,0,1,-8.23596,0.0417754538,4.2638053894,,0.391304347826087,0.6923076923076923,0,1,10
ZINC000040457041,-7.00503,0.7153784633,5.8345561028,,0.6521739130434783,0.8461538461538461,0,1,-7.41024,0.6538294554,6.1540427208,,0.5652173913043478,0.6923076923076923,0,1,-7.82687,0.5845007896,6.0862011909,,0.6956521739130435,0.8461538461538461,0,1,-6.24658,0.4596557617,4.9312024117,,0.2608695652173913,0.2307692307692307,0,1,-6.37789,0.4406623244,4.9248719215,,0.3043478260869565,0.3076923076923077,0,1,-8.22218,0.3416369259,5.3419547081,,0.391304347826087,0.4615384615384615,0,1,-6.74916,0.3319388628,5.9701104164,,0.4782608695652174,0.6923076923076923,0,1,-5.13891,0.3017893434,3.9405810833,,0.1739130434782608,0.1538461538461538,0,1,-5.29238,0.2982703447,4.2478699684,,0.217391304347826,0.3076923076923077,0,1,-5.73331,0.2959680259,4.6628098488,,0.3478260869565217,0.3846153846153846,0,1,10
ZINC000040472160,-7.49502,0.5993263721,6.0075659752,,0.5217391304347826,0.6153846153846154,0,1,-6.5337,0.54226017,5.412135601,,0.3478260869565217,0.3846153846153846,0,1,-7.34024,0.5262030363,5.90366745,,0.5217391304347826,0.5384615384615384,0,1,-6.81258,0.3622941375,5.5826153755,,0.3478260869565217,0.4615384615384615,0,1,-7.86541,0.241485849,5.1341080666,,0.4347826086956521,0.6153846153846154,0,1,-6.87203,0.2280175388,5.5134849548,,0.6086956521739131,0.7692307692307693,0,1,-7.59138,0.2254363745,4.8277745247,,0.391304347826087,0.5384615384615384,0,1,-6.14715,0.2211324871,5.0910596848,,0.2608695652173913,0.3846153846153846,0,1,-8.21656,0.1844312698,4.8599090576,,0.3478260869565217,0.4615384615384615,0,1,-6.88851,0.1689173579,5.1818289757,,0.4347826086956521,0.5384615384615384,0,1,10
ZINC000040487270,-7.17728,0.4781129062,5.6287503242,,0.3478260869565217,0.3846153846153846,0,1,-8.06436,0.3745393157,5.5314006805,,0.3478260869565217,0.4615384615384615,0,1,-6.43981,0.2170841396,4.7969460487,,0.1739130434782608,0.3076923076923077,0,1,-6.89016,0.2040006965,4.876144886,,0.1739130434782608,0.3076923076923077,0,1,-6.99475,0.2008614689,5.3127379417,,0.4347826086956521,0.5384615384615384,0,1,-7.01075,0.1805143952,4.8432216644,,0.1739130434782608,0.3076923076923077,0,1,-6.9574,0.1591132879,4.6432108879,,0.1739130434782608,0.2307692307692307,0,1,-6.85255,0.1409325302,4.6523795128,,0.1739130434782608,0.2307692307692307,0,1,-6.86084,0.1334882081,4.99802351,,0.4782608695652174,0.6923076923076923,0,1,-7.0187,0.1270348281,5.043431282,,0.217391304347826,0.3076923076923077,0,1,10
ZINC000040487471,-7.10797,0.512280941,5.5748238564,,0.4347826086956521,0.6153846153846154,0,1,-7.69344,0.315169245,4.9508171082,,0.5217391304347826,0.6923076923076923,0,1,-6.73201,0.2595129907,5.3562965393,,0.5217391304347826,0.6153846153846154,0,1,-7.58959,0.2456108332,4.9601340294,,0.7391304347826086,0.7692307692307693,0,1,-8.05148,0.2438206524,5.0001273155,,0.6521739130434783,0.7692307692307693,0,1,-8.62951,0.2310863286,4.8928689957,,0.6086956521739131,0.6923076923076923,0,1,-6.6175,0.2094426155,4.9805240631,,0.391304347826087,0.6153846153846154,0,1,-6.552,0.2067051828,5.0431690216,,0.6521739130434783,0.8461538461538461,0,1,-7.18927,0.2045548558,4.7594013214,,0.6521739130434783,0.6153846153846154,0,1,-8.78085,0.1977447271,4.8013534546,,0.6086956521739131,0.6923076923076923,0,1,10
ZINC000040496462,-7.1304,0.6880776882,6.2219562531,,0.6956521739130435,0.7692307692307693,0,1,-7.45105,0.6191986799,5.9756331444,,0.6521739130434783,0.6923076923076923,0,1,-7.08829,0.4821780324,5.7327084541,,0.4782608695652174,0.6153846153846154,0,1,-7.10214,0.3886628449,5.8615493774,,0.4782608695652174,0.6153846153846154,0,1,-6.87635,0.3376435339,5.5403785706,,0.5652173913043478,0.6923076923076923,0,1,-6.78105,0.3326064348,5.6459388733,,0.5217391304347826,0.6923076923076923,0,1,-7.06152,0.2784374952,5.5770125389,,0.5652173913043478,0.6153846153846154,0,1,-8.22722,0.275950253,5.3403434753,,0.6956521739130435,0.8461538461538461,0,1,-8.40131,0.2742892802,5.605700016,,0.6956521739130435,0.9230769230769232,0,1,-7.80514,0.2060765922,5.4712004662,,0.6086956521739131,0.8461538461538461,0,1,10
ZINC000040505216,-6.23645,0.8874643445,5.6518340111,,0.2608695652173913,0.3076923076923077,0,1,-6.73346,0.8852556348,5.6910281181,,0.3043478260869565,0.3846153846153846,0,1,-5.99483,0.6883310676,5.4023709297,,0.391304347826087,0.5384615384615384,0,1,-9.14466,0.462387234,6.3787779808,,0.391304347826087,0.5384615384615384,0,1,-8.24517,0.4012485743,5.8294053078,,0.391304347826087,0.6153846153846154,0,1,-5.64692,0.3895748854,4.7927165031,,0.3478260869565217,0.4615384615384615,0,1,-9.03899,0.3650609851,6.178873539,,0.4782608695652174,0.6923076923076923,0,1,-5.84654,0.3621531129,4.8029580116,,0.1304347826086956,0.2307692307692307,0,1,-6.32075,0.3384461403,5.7902350426,,0.3478260869565217,0.6923076923076923,0,1,-7.91728,0.3343192339,5.7161808014,,0.2608695652173913,0.6153846153846154,0,1,10
ZINC000040510617,-7.06299,0.480792284,5.5644378662,,0.391304347826087,0.4615384615384615,0,1,-7.04486,0.4591712952,5.5077438354,,0.391304347826087,0.4615384615384615,0,1,-7.00968,0.3938474059,5.0743789673,,0.3478260869565217,0.3846153846153846,0,1,-8.03272,0.3608603477,5.1320204735,,0.6086956521739131,0.7692307692307693,0,1,-7.11028,0.3552692533,4.9240317345,,0.391304347826087,0.5384615384615384,0,1,-6.51821,0.3226157725,5.2468585968,,0.3478260869565217,0.3846153846153846,0,1,-6.95173,0.3003522456,4.9227004051,,0.2608695652173913,0.3846153846153846,0,1,-8.93193,0.2856009603,4.8550252914,,0.5652173913043478,0.7692307692307693,0,1,-6.55498,0.2758536339,4.9247050285,,0.5217391304347826,0.6153846153846154,0,1,-7.73345,0.275518477,5.0551056862,,0.4782608695652174,0.6923076923076923,0,1,10
ZINC000040520807,-6.58015,0.4973527491,5.9047007561,,0.3043478260869565,0.5384615384615384,0,1,-6.81428,0.2711159289,4.9690337181,,0.4347826086956521,0.5384615384615384,0,1,-6.57305,0.2301104069,5.3264269829,,0.0869565217391304,0.3076923076923077,0,1,-6.68554,0.2122665793,5.3332495689,,0.391304347826087,0.7692307692307693,0,1,-7.45644,0.208639726,4.9362044334,,0.391304347826087,0.5384615384615384,0,1,-7.13547,0.1735961884,4.7386593819,,0.3043478260869565,0.5384615384615384,0,1,-6.78371,0.157407552,4.759054184,,0.391304347826087,0.6153846153846154,0,1,-7.22219,0.1435703784,4.7591552734,,0.2608695652173913,0.4615384615384615,0,1,-7.47895,0.1354694068,4.7789931297,,0.2608695652173913,0.4615384615384615,0,1,-7.08681,0.1186776608,4.8185944557,,0.3478260869565217,0.5384615384615384,0,1,10
ZINC000040575506,-7.68894,0.5415463448,6.7087063789,,0.5652173913043478,0.6153846153846154,0,1,-7.42611,0.5060566068,6.8383097649,,0.5652173913043478,0.6153846153846154,0,1,-6.68151,0.3934312761,5.9088988304,,0.6086956521739131,0.6923076923076923,0,1,-6.96291,0.3455563486,6.034553051,,0.2608695652173913,0.3846153846153846,0,1,-5.95178,0.3292847276,5.6130332947,,0.1304347826086956,0.2307692307692307,0,1,-7.73758,0.2840747237,5.9006361961,,0.5217391304347826,0.6153846153846154,0,1,-7.83338,0.2657414973,5.8581728935,,0.5217391304347826,0.6153846153846154,0,1,-6.22548,0.2651874721,5.458799839,,0.217391304347826,0.2307692307692307,0,1,-6.80073,0.2545880377,5.612555027,,0.2608695652173913,0.4615384615384615,0,1,-6.50901,0.2407307476,5.0950932503,,0.217391304347826,0.3076923076923077,0,1,10
ZINC000040592366,-8.50487,0.6656797528,5.8405423164,,0.6086956521739131,0.8461538461538461,0,1,-8.68523,0.6220302582,5.8766422272,,0.7391304347826086,0.9230769230769232,0,1,-7.60258,0.6189723015,5.3544631004,,0.4347826086956521,0.5384615384615384,0,1,-8.74224,0.5990193486,5.9163303375,,0.6956521739130435,0.8461538461538461,0,1,-7.4337,0.5980091095,5.3042664528,,0.4782608695652174,0.5384615384615384,0,1,-7.07718,0.4704272449,4.7333908081,,0.3478260869565217,0.4615384615384615,0,1,-7.01298,0.4651226401,5.2147579193,,0.5217391304347826,0.6923076923076923,0,1,-7.16722,0.448695302,4.5040578842,,0.3478260869565217,0.4615384615384615,0,1,-7.76468,0.4183839858,5.188978672,,0.4782608695652174,0.6153846153846154,0,1,-8.27847,0.3871996701,4.9392848015,,0.5217391304347826,0.6923076923076923,0,1,10
ZINC000040631292,-6.6894,0.5614776611,5.8419327736,,0.4347826086956521,0.4615384615384615,0,1,-7.80174,0.4956965744,5.7413125038,,0.5652173913043478,0.6923076923076923,0,1,-7.41803,0.3499466479,5.0088467598,,0.391304347826087,0.4615384615384615,0,1,-6.98753,0.2636016607,4.9958415031,,0.391304347826087,0.4615384615384615,0,1,-7.59468,0.2147331089,5.0491900444,,0.217391304347826,0.3076923076923077,0,1,-7.23236,0.214173913,4.9036612511,,0.391304347826087,0.5384615384615384,0,1,-6.8555,0.21333009,4.7596206665,,0.3043478260869565,0.3846153846153846,0,1,-7.07282,0.2071368694,4.6431879997,,0.4347826086956521,0.5384615384615384,0,1,-6.48659,0.1468890905,4.5376796722,,0.3478260869565217,0.3846153846153846,0,1,-7.09275,0.1317165196,4.6115260124,,0.217391304347826,0.3076923076923077,0,1,10
ZINC000040631332,-6.91834,0.5566920638,6.4155883789,,0.7391304347826086,0.8461538461538461,0,1,-6.74052,0.4591265917,5.2493290901,,0.4347826086956521,0.6153846153846154,0,1,-6.482,0.4533047974,5.4207000732,,0.4782608695652174,0.5384615384615384,0,1,-7.19616,0.3234863877,5.0488357544,,0.5652173913043478,0.6153846153846154,0,1,-7.054,0.2723216414,5.2157549858,,0.4782608695652174,0.6153846153846154,0,1,-8.01142,0.2679075003,4.8529629707,,0.6086956521739131,0.7692307692307693,0,1,-6.74186,0.2588012516,5.2531380653,,0.5652173913043478,0.6923076923076923,0,1,-7.04171,0.2565241754,5.1392827034,,0.4782608695652174,0.6153846153846154,0,1,-8.66269,0.2235749662,5.0710697174,,0.6956521739130435,0.8461538461538461,0,1,-6.60916,0.2214701921,5.027153492,,0.391304347826087,0.6923076923076923,0,1,10
ZINC000040651256,-7.94429,0.7447314858,6.0681757927,,0.391304347826087,0.5384615384615384,0,1,-7.60837,0.6257965565,5.2907118797,,0.3478260869565217,0.6153846153846154,0,1,-7.74342,0.6249204278,5.9432601929,,0.3478260869565217,0.4615384615384615,0,1,-7.18867,0.6057061553,5.8533782959,,0.4347826086956521,0.7692307692307693,0,1,-6.80671,0.5442152619,4.9983944893,,0.4347826086956521,0.7692307692307693,0,1,-5.90826,0.517393887,4.9974708557,,0.2608695652173913,0.3076923076923077,0,1,-6.3979,0.463136971,5.1049380302,,0.0,0.0,0,1,-6.48985,0.3924286366,4.2143349648,,0.1304347826086956,0.1538461538461538,0,1,-6.73524,0.3320015967,4.1515593529,,0.4347826086956521,0.5384615384615384,0,1,-6.13248,0.2838107049,3.8366405964,,0.2608695652173913,0.3846153846153846,0,1,10
ZINC000040767062,-7.58017,0.5338221788,4.8135313988,,0.1739130434782608,0.2307692307692307,0,1,-7.99417,0.4934597909,4.7841439247,,0.391304347826087,0.4615384615384615,0,1,-7.7334,0.4197262228,4.7418246269,,0.2608695652173913,0.3846153846153846,0,1,-8.35468,0.4060352445,5.2892074585,,0.5217391304347826,0.6923076923076923,0,1,-7.91899,0.3971825242,4.6033415794,,0.3478260869565217,0.4615384615384615,0,1,-8.52112,0.3372573256,5.1365666389,,0.391304347826087,0.5384615384615384,0,1,-7.46818,0.3271970451,5.2641377449,,0.5217391304347826,0.6923076923076923,0,1,-7.06385,0.3108047545,5.3064990044,,0.5652173913043478,0.6923076923076923,1,1,-8.8177,0.2950766087,5.0242886543,,0.391304347826087,0.6153846153846154,0,1,-7.42987,0.2851944566,4.69871521,,0.1304347826086956,0.2307692307692307,0,1,10
ZINC000040791305,-7.75426,0.6250342727,5.9593930244,,0.5652173913043478,0.6923076923076923,0,1,-6.86122,0.5259206295,5.4624428749,,0.391304347826087,0.3846153846153846,0,1,-6.87889,0.4441012144,5.2294082642,,0.3478260869565217,0.4615384615384615,0,1,-6.6694,0.3764558136,5.2191691399,,0.4782608695652174,0.6153846153846154,0,1,-6.50043,0.2565840185,5.0850715637,,0.3043478260869565,0.5384615384615384,0,1,-7.15829,0.2514145076,5.1540637016,,0.4347826086956521,0.6153846153846154,0,1,-8.08416,0.2415646762,4.9668083191,,0.2608695652173913,0.3846153846153846,0,1,-7.12256,0.2367720306,5.2608013153,,0.3043478260869565,0.4615384615384615,0,1,-6.83455,0.2284305841,4.8599324226,,0.3478260869565217,0.4615384615384615,0,1,-8.05745,0.2165354341,5.0443205833,,0.217391304347826,0.3846153846153846,0,1,10
ZINC000040874243,-5.04997,0.2922734618,4.7412238121,,0.2608695652173913,0.3076923076923077,0,1,-4.87666,0.2483034879,4.740796566,,0.3043478260869565,0.3076923076923077,0,1,-4.92296,0.22700122,4.9165425301,,0.217391304347826,0.3076923076923077,0,1,-6.69783,0.2031775713,6.6761231422,,0.4347826086956521,0.6153846153846154,0,1,-4.95089,0.2007546574,4.1730561256,,0.2608695652173913,0.2307692307692307,0,1,-5.8177,0.177398175,4.1851973534,,0.2608695652173913,0.3846153846153846,0,1,-4.68086,0.1581918597,4.0434589386,,0.1739130434782608,0.2307692307692307,0,1,-4.75545,0.1548552811,4.376625061,,0.2608695652173913,0.3076923076923077,0,1,-4.91997,0.1539882421,3.7927787304,,0.1304347826086956,0.2307692307692307,0,1,-5.03323,0.1535173059,4.2418437004,,0.2608695652173913,0.3076923076923077,0,1,10
ZINC000040874430,-5.80445,0.6661288142,4.7417998314,,0.391304347826087,0.3846153846153846,0,1,-5.12416,0.6148837805,4.8212676048,,0.1739130434782608,0.3076923076923077,0,1,-5.23257,0.6015943289,4.9175686836,,0.1739130434782608,0.3076923076923077,0,1,-6.31463,0.5734645128,4.7123074532,,0.391304347826087,0.3846153846153846,0,1,-5.37007,0.5730482936,4.287422657,,0.2608695652173913,0.3846153846153846,0,1,-6.21596,0.5140237808,4.7361674309,,0.2608695652173913,0.3846153846153846,0,1,-5.3329,0.4047359228,4.666241169,,0.2608695652173913,0.3076923076923077,0,1,-5.99443,0.3525938094,4.6224141121,,0.391304347826087,0.3846153846153846,0,1,-4.98039,0.3252932727,4.4822916985,,0.3478260869565217,0.3846153846153846,0,1,-5.51819,0.3171299994,4.7136950493,,0.391304347826087,0.3846153846153846,0,1,10
ZINC000040943637,-7.58162,0.4831941724,5.7694954872,,0.6086956521739131,0.6923076923076923,0,1,-6.78442,0.3853144646,5.4731545448,,0.391304347826087,0.4615384615384615,0,1,-7.28274,0.3047006428,5.3477654457,,0.391304347826087,0.4615384615384615,0,1,-6.546,0.2682074606,5.1897969246,,0.391304347826087,0.4615384615384615,0,1,-6.74261,0.2588169873,5.5512595177,,0.6521739130434783,0.8461538461538461,0,1,-7.71499,0.2252461761,5.505751133,,0.391304347826087,0.4615384615384615,0,1,-7.32246,0.1831927449,5.0066628456,,0.4347826086956521,0.5384615384615384,0,1,-6.83692,0.1593647748,5.2702355385,,0.3478260869565217,0.3846153846153846,0,1,-6.52951,0.152414903,5.1217799187,,0.391304347826087,0.6153846153846154,0,1,-7.54819,0.1465566903,4.9912428856,,0.4782608695652174,0.6153846153846154,0,1,10
ZINC000040949863,-7.28984,0.4652304649,6.643435955,,0.5652173913043478,0.6923076923076923,0,1,-6.1303,0.3455668688,6.2930455208,,0.5652173913043478,0.6923076923076923,0,1,-7.1076,0.3373111784,6.5982003212,,0.4782608695652174,0.5384615384615384,0,1,-6.80627,0.3038901389,6.5068364143,,0.5652173913043478,0.6923076923076923,0,1,-7.05697,0.2808019519,6.4737782478,,0.5217391304347826,0.6153846153846154,0,1,-6.33721,0.2680468857,6.0770492554,,0.6956521739130435,0.8461538461538461,0,1,-6.63895,0.2416255921,5.9721183777,,0.5652173913043478,0.6923076923076923,0,1,-6.39169,0.201051116,6.1652731895,,0.4782608695652174,0.6153846153846154,0,1,-5.77536,0.1884793043,4.7559170723,,0.391304347826087,0.3846153846153846,0,1,-7.00183,0.1856552213,6.2242379189,,0.3043478260869565,0.3846153846153846,0,1,10
ZINC000040979223,-5.79604,0.4893464446,4.5923519135,,0.4782608695652174,0.5384615384615384,0,1,-6.88251,0.4083004296,4.6502308846,,0.217391304347826,0.2307692307692307,0,1,-6.87711,0.3759965897,4.363670826,,0.1739130434782608,0.1538461538461538,0,1,-6.23144,0.3292505145,4.7667951584,,0.391304347826087,0.4615384615384615,0,1,-6.42388,0.2463980317,4.5508394241,,0.1304347826086956,0.2307692307692307,0,1,-6.3375,0.1575995088,4.6349749565,,0.1739130434782608,0.2307692307692307,0,1,-6.27269,0.1507219225,4.1064858437,,0.217391304347826,0.3076923076923077,0,1,-5.1552,0.1282772124,4.064207077,,0.4347826086956521,0.4615384615384615,0,1,-5.5765,0.1122376919,4.3627371788,,0.3043478260869565,0.4615384615384615,0,1,-5.61041,0.1012485772,4.3021960258,,0.3043478260869565,0.6153846153846154,0,1,10
ZINC000042807213,-7.39098,0.5533849597,7.3902459145,,0.5217391304347826,0.8461538461538461,0,1,-6.28653,0.1936366856,5.3031392097,,0.391304347826087,0.5384615384615384,0,1,-7.04016,0.1620481312,5.5580563545,,0.1304347826086956,0.1538461538461538,0,1,-5.54439,0.1520701796,4.7522621155,,0.1304347826086956,0.1538461538461538,0,1,-5.61968,0.152009666,4.6102519035,,0.1304347826086956,0.1538461538461538,0,1,-7.00266,0.1296464652,4.842320919,,0.2608695652173913,0.3846153846153846,0,1,-6.79985,0.1289081722,5.5507884026,,0.3478260869565217,0.4615384615384615,0,1,-5.43603,0.1270110756,5.1942462921,,0.0869565217391304,0.0769230769230769,0,1,-5.40162,0.1265740395,4.4873776436,,0.217391304347826,0.3076923076923077,0,1,-5.53123,0.1263296604,4.5739789009,,0.1739130434782608,0.2307692307692307,0,1,10
ZINC000043069070,-6.25277,0.4027221203,5.0635304451,,0.4347826086956521,0.6153846153846154,0,1,-5.80838,0.3934541643,5.161699295,,0.4347826086956521,0.5384615384615384,0,1,-5.34811,0.2865239084,4.8678679466,,0.4782608695652174,0.6923076923076923,0,1,-6.30304,0.2782559991,4.1090049744,,0.1739130434782608,0.1538461538461538,0,1,-5.96934,0.2390186936,4.0417585373,,0.217391304347826,0.2307692307692307,0,1,-5.98273,0.2376968861,4.2318458557,,0.217391304347826,0.2307692307692307,0,1,-6.09587,0.1973010004,3.9217541218,,0.1739130434782608,0.1538461538461538,0,1,-6.67003,0.1736637801,4.6708564758,,0.3043478260869565,0.4615384615384615,0,1,-6.70619,0.1648024023,4.4537396431,,0.391304347826087,0.3846153846153846,0,1,-6.72949,0.1443041414,4.5771975517,,0.391304347826087,0.5384615384615384,0,1,10
ZINC000043335139,-8.13202,0.6848287582,6.3120651245,,0.4347826086956521,0.7692307692307693,0,1,-2.40472,0.4498400688,5.1983523369,,0.3478260869565217,0.5384615384615384,0,1,-8.32785,0.3615285456,5.5736241341,,0.4347826086956521,0.5384615384615384,0,1,-7.2798,0.3198868036,5.8572707176,,0.5652173913043478,0.7692307692307693,0,1,-7.74194,0.2916975617,5.7650966644,,0.6086956521739131,0.7692307692307693,0,1,-7.7164,0.2901647985,5.3635621071,,0.6521739130434783,0.6923076923076923,0,1,-6.79966,0.2551449537,5.6408724785,,0.4347826086956521,0.6923076923076923,0,1,-7.61615,0.2418534607,5.6530952454,,0.4782608695652174,0.7692307692307693,0,1,-7.26433,0.2400459945,5.2866282463,,0.4347826086956521,0.6153846153846154,0,1,-0.86879,0.2345517129,5.3599877357,,0.2608695652173913,0.3846153846153846,0,1,10
ZINC000043620424,-8.98922,0.2616036236,5.0617961884,,0.391304347826087,0.4615384615384615,0,1,-8.24272,0.2198891044,5.0042762756,,0.3043478260869565,0.3076923076923077,0,1,-9.7423,0.2169496417,5.952018261,,0.4347826086956521,0.6153846153846154,0,1,-8.34786,0.2104658186,5.1448822021,,0.3478260869565217,0.3846153846153846,0,1,-9.24172,0.19933559,5.6229748726,,0.391304347826087,0.5384615384615384,0,1,-9.83724,0.1961638182,5.54814291,,0.4347826086956521,0.6153846153846154,0,1,-7.81286,0.1888329536,4.779024601,,0.3478260869565217,0.4615384615384615,0,1,-9.68654,0.1855527908,5.6414465904,,0.391304347826087,0.6153846153846154,0,1,-8.82873,0.1665911227,5.1744112968,,0.3478260869565217,0.3846153846153846,0,1,-8.38735,0.1647023261,5.3577017784,,0.5652173913043478,0.8461538461538461,0,1,10
ZINC000043871996,-8.98922,0.2899832129,5.0176715851,,0.391304347826087,0.4615384615384615,0,1,-8.24272,0.2448015511,4.9403481483,,0.3043478260869565,0.3076923076923077,0,1,-9.7423,0.2317137867,5.798596859,,0.5652173913043478,0.6923076923076923,0,1,-9.24172,0.2245824188,5.5033631325,,0.5217391304347826,0.6153846153846154,0,1,-9.83724,0.222367093,5.4545769691,,0.5652173913043478,0.6923076923076923,0,1,-8.34786,0.2181481421,4.9841561317,,0.3478260869565217,0.3846153846153846,0,1,-9.68654,0.206991002,5.5889716148,,0.5217391304347826,0.6923076923076923,0,1,-7.81286,0.184230119,4.476249218,,0.3478260869565217,0.4615384615384615,0,1,-8.20609,0.1749918312,4.4031386375,,0.3478260869565217,0.4615384615384615,0,1,-9.99213,0.174477458,5.4372181892,,0.8695652173913043,1.0,0,1,10
ZINC000045245940,-6.64565,0.7201515436,5.2801127434,,0.4782608695652174,0.6153846153846154,0,1,-6.71342,0.6801770926,5.1591963768,,0.4782608695652174,0.5384615384615384,0,1,-6.9253,0.5937199593,4.9832186699,,0.5217391304347826,0.6923076923076923,0,1,-7.24535,0.5037700534,5.1836166382,,0.5217391304347826,0.6153846153846154,0,1,-6.56904,0.4650081098,5.3090577126,,0.5217391304347826,0.6923076923076923,0,1,-6.37962,0.4562189281,4.7601361275,,0.4347826086956521,0.5384615384615384,0,1,-7.71227,0.3644916713,5.1003546715,,0.6521739130434783,0.6923076923076923,0,1,-6.92643,0.3611226082,4.822830677,,0.4782608695652174,0.6153846153846154,0,1,-7.65609,0.3051264882,4.6909999847,,0.4347826086956521,0.6153846153846154,0,1,-7.16506,0.2816959321,4.9575676918,,0.5652173913043478,0.7692307692307693,0,1,10
ZINC000045253366,-7.64477,0.537550807,4.6239247322,,0.5217391304347826,0.6153846153846154,0,1,-6.6913,0.5247315764,4.0190763474,,0.217391304347826,0.3076923076923077,0,1,-7.31969,0.5167500973,5.1495137215,,0.5217391304347826,0.6153846153846154,0,1,-7.93271,0.4913931489,4.886985302,,0.4782608695652174,0.6153846153846154,0,1,-7.44488,0.4835893214,4.3159832954,,0.217391304347826,0.3076923076923077,0,1,-7.01227,0.4471364021,4.1459889412,,0.217391304347826,0.3076923076923077,0,1,-6.25174,0.4358589947,4.8589553833,,0.391304347826087,0.6153846153846154,0,1,-7.40315,0.4042786062,4.8379135132,,0.5217391304347826,0.6153846153846154,0,1,-7.65745,0.3818276823,4.1542429924,,0.3478260869565217,0.3846153846153846,0,1,-6.98776,0.3654488921,4.1857614517,,0.391304347826087,0.4615384615384615,0,1,10
ZINC000045253810,-6.74895,0.7638950348,5.2754654884,,0.5652173913043478,0.6923076923076923,0,1,-5.97353,0.7574089766,5.5415840149,,0.391304347826087,0.5384615384615384,0,1,-6.32475,0.645463407,4.9939079285,,0.4782608695652174,0.5384615384615384,0,1,-6.34027,0.5432454944,5.2035069466,,0.5217391304347826,0.6923076923076923,0,1,-6.53942,0.5086662769,5.0190472603,,0.3478260869565217,0.5384615384615384,0,1,-7.72778,0.480720371,5.3585953712,,0.6521739130434783,0.6923076923076923,0,1,-6.76838,0.4591538608,5.1909565926,,0.5217391304347826,0.6923076923076923,0,1,-6.52132,0.4362355471,4.5492272377,,0.3478260869565217,0.3846153846153846,0,1,-6.36063,0.4093882442,4.9051346779,,0.3478260869565217,0.5384615384615384,0,1,-6.56605,0.3470444381,5.0021004677,,0.3478260869565217,0.4615384615384615,0,1,10
ZINC000045287645,-8.46999,0.837792635,6.4721436501,,0.6521739130434783,0.7692307692307693,0,1,-8.14233,0.6820546389,6.3319602013,,0.6521739130434783,0.7692307692307693,0,1,-7.75582,0.5345827937,5.9762825966,,0.6086956521739131,0.6923076923076923,0,1,-8.14161,0.522208333,6.0212879181,,0.6086956521739131,0.7692307692307693,0,1,-7.35153,0.4797842503,6.0551662445,,0.6086956521739131,0.7692307692307693,0,1,-7.67912,0.4782453477,5.7099814415,,0.5217391304347826,0.6923076923076923,0,1,-7.9419,0.4023150802,5.6861929893,,0.5217391304347826,0.6923076923076923,0,1,-6.84183,0.3653982282,5.609556675,,0.391304347826087,0.5384615384615384,0,1,-7.66349,0.3497540951,5.647084713,,0.5217391304347826,0.6923076923076923,0,1,-6.13327,0.3215873837,5.555835247,,0.4347826086956521,0.4615384615384615,0,1,10
ZINC000045299256,-6.52339,0.7768227458,5.6999430656,,0.6086956521739131,0.6153846153846154,0,1,-7.00411,0.7337944508,5.4816412926,,0.4782608695652174,0.5384615384615384,0,1,-6.2546,0.7191316485,5.4094958305,,0.4347826086956521,0.5384615384615384,0,1,-6.32459,0.715188086,5.3951630592,,0.4782608695652174,0.5384615384615384,0,1,-6.73134,0.6956544518,5.6819915771,,0.6956521739130435,0.8461538461538461,0,1,-5.95878,0.5698519945,5.0214262009,,0.4347826086956521,0.4615384615384615,0,1,-7.08129,0.5674117804,4.7801628113,,0.5652173913043478,0.6923076923076923,0,1,-5.75673,0.5456193089,5.0166854858,,0.4347826086956521,0.4615384615384615,0,1,-6.50432,0.5195399523,4.6768169403,,0.6086956521739131,0.6923076923076923,0,1,-7.10375,0.5169897079,4.8088231087,,0.5652173913043478,0.6153846153846154,0,1,10
ZINC000045336702,-5.56833,0.3947390914,4.8150897026,,0.3043478260869565,0.4615384615384615,0,1,-6.04868,0.2630138397,4.6880230904,,0.391304347826087,0.5384615384615384,0,1,-6.84817,0.2562708855,4.7406506538,,0.3478260869565217,0.4615384615384615,0,1,-6.84735,0.2390331924,4.7202620506,,0.3478260869565217,0.5384615384615384,0,1,-6.87924,0.2086875439,4.4536204338,,0.3478260869565217,0.3846153846153846,0,1,-6.3413,0.1609313637,4.641430378,,0.391304347826087,0.5384615384615384,0,1,-6.86813,0.1500820369,4.0470409393,,0.1739130434782608,0.2307692307692307,0,1,-6.36543,0.124921307,3.7764179707,,0.0869565217391304,0.0769230769230769,0,1,-5.00242,0.1241928637,2.7790107727,,0.2608695652173913,0.2307692307692307,0,1,-4.90908,0.1213281974,4.218685627,,0.4782608695652174,0.6923076923076923,0,1,10
ZINC000045357386,-6.19922,0.6591206789,5.1763973236,,0.3043478260869565,0.3076923076923077,0,1,-6.19921,0.3401874602,5.3236851692,,0.0869565217391304,0.0769230769230769,0,1,-6.57993,0.3262270987,5.3814563751,,0.2608695652173913,0.4615384615384615,0,1,-6.06699,0.2816977203,5.0722775459,,0.2608695652173913,0.3846153846153846,0,1,-5.65535,0.2806309164,4.7866616249,,0.4782608695652174,0.6153846153846154,0,1,-5.78585,0.2734649181,4.8861479759,,0.0869565217391304,0.0769230769230769,0,1,-6.25109,0.2206739634,5.0415062904,,0.1304347826086956,0.1538461538461538,0,1,-6.24312,0.2164145261,5.3368110657,,0.4782608695652174,0.6923076923076923,0,1,-5.20506,0.1862249225,4.8802504539,,0.1304347826086956,0.1538461538461538,0,1,-6.91602,0.1752921641,4.9293060303,,0.4347826086956521,0.4615384615384615,0,1,10
ZINC000048998277,-6.54746,0.759999752,5.0916733742,,0.391304347826087,0.3846153846153846,0,1,-6.53028,0.7320216894,4.9146647453,,0.391304347826087,0.3846153846153846,0,1,-6.12958,0.6480896473,4.7224612236,,0.391304347826087,0.3846153846153846,0,1,-5.71431,0.5623640418,4.6740326881,,0.3043478260869565,0.3076923076923077,0,1,-8.64999,0.4738622904,5.6303057671,,0.4782608695652174,0.6153846153846154,0,1,-5.60513,0.4119789004,4.5179867744,,0.3043478260869565,0.3846153846153846,0,1,-5.54185,0.36193946,4.5773568153,,0.2608695652173913,0.3076923076923077,0,1,-5.92856,0.3475058079,4.4345664978,,0.3478260869565217,0.3846153846153846,0,1,-6.05942,0.3172857761,4.3080859184,,0.391304347826087,0.3846153846153846,0,1,-5.66253,0.2970386744,4.7349467278,,0.2608695652173913,0.3076923076923077,0,1,10
ZINC000049015483,-7.28847,0.8249623179,5.411819458,,0.391304347826087,0.5384615384615384,0,1,-6.96631,0.6648550034,5.2622394562,,0.4347826086956521,0.6153846153846154,0,1,-5.05658,0.5610243082,5.1499247551,,0.4347826086956521,0.5384615384615384,0,1,-8.02059,0.308175832,5.2212815285,,0.4782608695652174,0.8461538461538461,0,1,-6.99838,0.306979239,4.9528098106,,0.5217391304347826,0.7692307692307693,0,1,-6.41283,0.1703278869,4.9987235069,,0.5217391304347826,0.6923076923076923,0,1,-7.3791,0.1515761018,4.454808712,,0.2608695652173913,0.4615384615384615,0,1,-5.69741,0.1367941052,4.0054440498,,0.1739130434782608,0.2307692307692307,0,1,-5.66144,0.1284727305,3.7197883129,,0.1739130434782608,0.2307692307692307,0,1,-6.00775,0.1122487411,3.7407062054,,0.2608695652173913,0.3076923076923077,0,1,10
ZINC000049020557,-6.04307,0.6106216908,4.8785209656,,0.3043478260869565,0.3076923076923077,0,1,-6.09664,0.5156821609,4.5543684959,,0.2608695652173913,0.3076923076923077,0,1,-8.02794,0.2869198322,5.3442788124,,0.5217391304347826,0.6153846153846154,0,1,-6.55734,0.2846150994,4.424598217,,0.217391304347826,0.3076923076923077,0,1,-6.42822,0.2686433494,4.312163353,,0.3043478260869565,0.3846153846153846,0,1,-6.90677,0.2379593402,4.7712402344,,0.217391304347826,0.2307692307692307,0,1,-7.99683,0.219942227,5.4668869972,,0.5652173913043478,0.6923076923076923,0,1,-6.01136,0.2150000185,4.2751078606,,0.2608695652173913,0.3076923076923077,0,1,-6.56867,0.2140091062,4.6030211449,,0.1739130434782608,0.1538461538461538,0,1,-7.78263,0.1971735507,5.5703692436,,0.6086956521739131,0.6923076923076923,0,1,10
ZINC000049045230,-6.78493,0.5796592236,5.6048913002,,0.4782608695652174,0.6153846153846154,0,1,-7.89961,0.5459988117,5.0186858177,,0.3043478260869565,0.4615384615384615,0,1,-5.68374,0.4786688387,4.6717514992,,0.217391304347826,0.3846153846153846,0,1,-6.68566,0.4254860878,5.1582484245,,0.6956521739130435,0.8461538461538461,0,1,-6.4498,0.4210083485,4.7210326195,,0.3478260869565217,0.3846153846153846,0,1,-5.90733,0.4124160111,4.8791012764,,0.5217391304347826,0.6153846153846154,0,1,-5.56711,0.3620217741,4.4397816658,,0.3043478260869565,0.4615384615384615,0,1,-7.58121,0.3006125391,5.2242827415,,0.6086956521739131,0.8461538461538461,0,1,-5.93224,0.2891150117,4.0918707848,,0.3478260869565217,0.5384615384615384,0,1,-6.56137,0.2856565416,4.302752018,,0.217391304347826,0.3076923076923077,0,1,10
ZINC000049050537,-7.95536,0.4714478254,5.6533031464,,0.3478260869565217,0.6153846153846154,0,1,-8.16641,0.4455848634,5.9577827454,,0.2608695652173913,0.3846153846153846,0,1,-7.04279,0.4166471958,4.0041770935,,0.3478260869565217,0.3846153846153846,0,1,-7.75911,0.3670698702,5.5003833771,,0.3478260869565217,0.4615384615384615,0,1,-6.98392,0.3417963386,3.930110693,,0.3478260869565217,0.3846153846153846,0,1,-6.41414,0.3372953832,3.9976527691,,0.1739130434782608,0.2307692307692307,0,1,-7.86708,0.3332293332,5.3046174049,,0.1304347826086956,0.2307692307692307,0,1,-6.9618,0.3136299253,5.1612124443,,0.3478260869565217,0.5384615384615384,0,1,-7.62851,0.2924831212,5.1056542397,,0.217391304347826,0.3846153846153846,0,1,-8.10809,0.2886934876,5.2889232635,,0.1304347826086956,0.2307692307692307,0,1,10
ZINC000049694760,-7.84542,0.8044647574,7.6397228241,,0.5652173913043478,0.8461538461538461,0,1,-6.7348,0.7768734097,7.957300663,,0.4347826086956521,0.7692307692307693,0,1,-8.15371,0.7701717615,7.9895577431,,0.4347826086956521,0.6923076923076923,0,1,-5.8537,0.6748517752,7.2368850708,,0.391304347826087,0.6153846153846154,0,1,-7.77822,0.356605351,7.1255149841,,0.5217391304347826,0.8461538461538461,0,1,-7.03442,0.3147777915,7.039999485,,0.4347826086956521,0.7692307692307693,0,1,-6.12671,0.2909864783,6.6478462219,,0.2608695652173913,0.5384615384615384,0,1,-6.57748,0.2636483312,6.7283301353,,0.3478260869565217,0.6153846153846154,0,1,-6.45045,0.2541800439,6.9425029755,,0.5217391304347826,0.7692307692307693,0,1,-6.31854,0.2038502544,5.8451256752,,0.217391304347826,0.2307692307692307,0,1,10
ZINC000049723069,-6.27494,0.6138833761,7.4717102051,,0.5217391304347826,0.6923076923076923,0,1,-5.97988,0.5888856649,7.2957344055,,0.4347826086956521,0.5384615384615384,0,1,-7.3705,0.5770120025,7.5031075478,,0.4782608695652174,0.7692307692307693,0,1,-7.17647,0.357757628,6.9495806694,,0.4347826086956521,0.6153846153846154,0,1,-7.34603,0.3326537907,6.8455867767,,0.391304347826087,0.6153846153846154,0,1,-6.20666,0.2847042382,6.9299759865,,0.4782608695652174,0.7692307692307693,0,1,-6.72325,0.2397743165,5.8423466682,,0.217391304347826,0.2307692307692307,0,1,-6.09813,0.2280771136,6.6690616608,,0.391304347826087,0.6923076923076923,0,1,-6.35794,0.1643232107,4.8008804321,,0.1304347826086956,0.1538461538461538,0,1,-5.90083,0.1578901112,6.5317063332,,0.1739130434782608,0.3076923076923077,0,1,10
ZINC000049744971,-6.5732,0.3544897735,6.4508194923,,0.2608695652173913,0.3076923076923077,0,1,-7.15805,0.2713604867,6.5300040245,,0.3043478260869565,0.3846153846153846,0,1,-6.69448,0.2055516243,6.7206268311,,0.391304347826087,0.5384615384615384,0,1,-6.16379,0.2034950703,5.6244482994,,0.3043478260869565,0.3846153846153846,0,1,-7.61324,0.1796107292,6.7100338936,,0.4782608695652174,0.6153846153846154,0,1,-7.406,0.1670922786,6.6434321404,,0.4782608695652174,0.6923076923076923,0,1,-8.35339,0.1608580351,6.2987442017,,0.2608695652173913,0.3076923076923077,0,1,-7.77525,0.1417842507,5.7861876488,,0.2608695652173913,0.3076923076923077,0,1,-6.1584,0.1397805661,4.7960333824,,0.0,0.0,0,1,-5.77514,0.1292797029,5.1381955147,,0.3478260869565217,0.4615384615384615,0,1,10
ZINC000049768087,-6.87231,0.2741388679,5.3369503021,,0.3478260869565217,0.3846153846153846,0,1,-6.42335,0.2691674531,5.3939819336,,0.391304347826087,0.5384615384615384,0,1,-7.28991,0.2059546709,5.1648979187,,0.4782608695652174,0.4615384615384615,0,1,-7.13934,0.2030200958,4.9814805984,,0.391304347826087,0.5384615384615384,0,1,-6.70803,0.1930074841,5.1295580864,,0.3478260869565217,0.4615384615384615,0,1,-7.04205,0.1702023298,4.9489645958,,0.3478260869565217,0.4615384615384615,0,1,-6.89724,0.1332454979,4.7083668709,,0.4782608695652174,0.5384615384615384,0,1,-7.19801,0.1309484392,4.6504340172,,0.3478260869565217,0.4615384615384615,0,1,-6.84655,0.1278138161,4.7320613861,,0.3478260869565217,0.4615384615384615,0,1,-7.2507,0.1180888489,4.6019687653,,0.391304347826087,0.5384615384615384,0,1,10
ZINC000049775637,-6.66956,0.2725717127,6.7377090454,,0.4782608695652174,0.7692307692307693,1,1,-6.28293,0.2294002771,6.6030955315,,0.4347826086956521,0.6923076923076923,0,1,-7.0545,0.2252360284,6.4131922722,,0.391304347826087,0.5384615384615384,0,1,-6.45409,0.2220583558,6.1129927635,,0.3478260869565217,0.4615384615384615,0,1,-6.57464,0.2022129893,5.8198714256,,0.217391304347826,0.3846153846153846,0,1,-7.44908,0.1949323416,6.4215297699,,0.3478260869565217,0.4615384615384615,0,1,-7.03727,0.1722785234,6.2404236794,,0.391304347826087,0.6153846153846154,0,1,-6.99292,0.158081755,6.1180405617,,0.3478260869565217,0.5384615384615384,1,1,-7.292,0.1567316651,6.1068382263,,0.4782608695652174,0.5384615384615384,0,1,-7.17363,0.1299573183,6.2542243004,,0.4347826086956521,0.5384615384615384,1,1,10
ZINC000049841573,-6.42191,0.3094127774,6.6802325249,,0.5217391304347826,0.9230769230769232,0,1,-6.00518,0.2076784223,5.3787436485,,0.391304347826087,0.4615384615384615,0,1,-6.79189,0.1790793538,5.7650852203,,0.217391304347826,0.2307692307692307,0,1,-6.32799,0.1614940763,5.4025115967,,0.3478260869565217,0.4615384615384615,0,1,-5.859,0.160531804,5.4487915039,,0.4347826086956521,0.4615384615384615,0,1,-5.62441,0.1557673067,5.1862673759,,0.1304347826086956,0.1538461538461538,0,1,-5.88329,0.1541471779,5.5625061989,,0.1304347826086956,0.1538461538461538,0,1,-5.92843,0.1478263438,5.4217453003,,0.391304347826087,0.5384615384615384,0,1,-6.55026,0.1421010643,6.2256770134,,0.217391304347826,0.2307692307692307,0,1,-5.85324,0.1387785822,5.0890393257,,0.1304347826086956,0.1538461538461538,0,1,10
ZINC000049889204,-7.58342,0.5517377853,5.2647957802,,0.391304347826087,0.3846153846153846,0,1,-7.33428,0.5053606033,6.300093174,,0.2608695652173913,0.3846153846153846,0,1,-7.04146,0.4500866532,6.2111620903,,0.3043478260869565,0.4615384615384615,0,1,-7.48789,0.2953965366,4.2863326073,,0.2608695652173913,0.3076923076923077,0,1,-7.8325,0.2885879874,5.0290360451,,0.5217391304347826,0.7692307692307693,0,1,-7.96683,0.2597118318,4.6190357208,,0.6086956521739131,0.7692307692307693,0,1,-8.18394,0.2482187003,5.5074253082,,0.5217391304347826,0.6923076923076923,0,1,-6.93882,0.2429387271,4.1303257942,,0.1739130434782608,0.2307692307692307,0,1,-7.52985,0.241958797,4.3038034439,,0.391304347826087,0.5384615384615384,0,1,-10.9599,0.2218455225,5.5949287415,,0.4782608695652174,0.6153846153846154,0,1,10
ZINC000056870817,-7.76561,0.5555523038,6.3227572441,,0.4782608695652174,0.6153846153846154,0,1,-7.85427,0.3964966238,5.7555198669,,0.5652173913043478,0.7692307692307693,0,1,-5.84195,0.3626158237,5.4056110382,,0.217391304347826,0.3846153846153846,0,1,-6.22169,0.1728366166,5.1887435913,,0.391304347826087,0.5384615384615384,0,1,-7.2718,0.1602600664,4.6838288307,,0.1739130434782608,0.3846153846153846,0,1,-6.09634,0.1579830199,3.0310306549,,0.217391304347826,0.3076923076923077,0,1,-5.30507,0.1424646825,3.2033426762,,0.1739130434782608,0.2307692307692307,0,1,-5.87124,0.1419601291,3.9956989288,,0.4347826086956521,0.5384615384615384,0,1,-7.0863,0.1385663152,4.816889286,,0.5217391304347826,0.5384615384615384,0,1,-6.08426,0.1351936907,3.561139822,,0.217391304347826,0.3076923076923077,0,1,10
ZINC000056874073,-7.66745,0.5142712593,6.3879318237,,0.4347826086956521,0.5384615384615384,0,1,-8.06568,0.4339042604,5.942111969,,0.5217391304347826,0.7692307692307693,0,1,-6.20796,0.3458108008,5.8079218864,,0.4347826086956521,0.6923076923076923,0,1,-5.66447,0.3033222258,5.7268166542,,0.2608695652173913,0.4615384615384615,0,1,-5.63149,0.2761870623,5.7049384117,,0.391304347826087,0.6153846153846154,0,1,-6.95866,0.2573664784,5.0024375916,,0.5652173913043478,0.6923076923076923,0,1,-5.72024,0.2149807662,5.2059521675,,0.217391304347826,0.4615384615384615,0,1,-5.83751,0.1781493723,3.0417239666,,0.1304347826086956,0.1538461538461538,0,1,-5.94376,0.1771519184,3.9525601864,,0.3043478260869565,0.5384615384615384,0,1,-5.90649,0.1423537731,3.0280559063,,0.3478260869565217,0.4615384615384615,0,1,10
ZINC000058500292,-7.71638,0.4343906045,5.7827410698,,0.5217391304347826,0.6923076923076923,0,1,-8.93529,0.399086684,5.7696824074,,0.391304347826087,0.6923076923076923,0,1,-7.59623,0.2831469476,5.7646656036,,0.4347826086956521,0.6923076923076923,0,1,-7.19497,0.266643554,5.6267642975,,0.4347826086956521,0.6923076923076923,1,1,-8.31645,0.263376832,6.3756809235,,0.3478260869565217,0.6923076923076923,0,1,-7.86683,0.2612835467,5.6129627228,,0.3478260869565217,0.6153846153846154,0,1,-7.58692,0.2276970446,5.5337219238,,0.391304347826087,0.6923076923076923,0,1,-7.20946,0.2216153443,4.6705775261,,0.2608695652173913,0.3076923076923077,0,1,-8.17116,0.2139178514,5.458044529,,0.4347826086956521,0.7692307692307693,0,1,-8.19704,0.2134833336,5.4949431419,,0.1304347826086956,0.2307692307692307,0,1,10
ZINC000058574728,-7.54914,0.4057800174,6.3523001671,,0.5652173913043478,0.6923076923076923,0,1,-6.44785,0.3987596929,5.7352752686,,0.4782608695652174,0.5384615384615384,0,1,-8.45692,0.3326761425,6.7992854118,,0.4347826086956521,0.6923076923076923,0,1,-7.88178,0.2845675945,7.1178421974,,0.5217391304347826,0.7692307692307693,0,1,-5.8461,0.2629141808,5.9872431755,,0.391304347826087,0.3846153846153846,0,1,-7.4201,0.2391418964,6.0444469452,,0.4782608695652174,0.6923076923076923,0,1,-6.99787,0.2196783274,5.6931862831,,0.4347826086956521,0.6153846153846154,0,1,-7.53985,0.2124277651,5.56980896,,0.5217391304347826,0.7692307692307693,0,1,-6.9605,0.2070742697,5.7164001465,,0.5652173913043478,0.6923076923076923,0,1,-6.60209,0.1685389727,5.564180851,,0.391304347826087,0.5384615384615384,0,1,10
ZINC000058631783,-5.40511,0.6069579124,4.235938549,,0.3043478260869565,0.3076923076923077,0,1,-7.3506,0.4683187604,5.3298721313,,0.5652173913043478,0.6923076923076923,0,1,-7.09361,0.4633282423,5.3651471138,,0.4347826086956521,0.6153846153846154,0,1,-5.49915,0.3810623586,4.3676524162,,0.3043478260869565,0.3076923076923077,0,1,-4.95626,0.364108026,4.444419384,,0.2608695652173913,0.3846153846153846,0,1,-6.64924,0.2899694741,5.5615296364,,0.5217391304347826,0.6923076923076923,0,1,-6.17534,0.2729699612,5.3589134216,,0.4782608695652174,0.6923076923076923,0,1,-6.58383,0.2314112931,4.3054590225,,0.391304347826087,0.5384615384615384,0,1,-4.94665,0.2177889645,3.911863327,,0.1304347826086956,0.2307692307692307,0,1,-5.40883,0.1969923228,3.6745817661,,0.217391304347826,0.3076923076923077,0,1,10
ZINC000058631969,-6.53118,0.5735701323,5.1206364632,,0.391304347826087,0.6923076923076923,0,1,-5.88121,0.4742325842,4.8415083885,,0.3043478260869565,0.4615384615384615,0,1,-7.11887,0.4721459448,5.0992894173,,0.4347826086956521,0.6153846153846154,0,1,-6.12427,0.4470383227,4.7367272377,,0.391304347826087,0.5384615384615384,0,1,-7.16554,0.4044248462,4.8520412445,,0.4782608695652174,0.6923076923076923,0,1,-5.71831,0.3793024421,5.037229538,,0.3043478260869565,0.4615384615384615,0,1,-6.32213,0.3762648702,4.591676712,,0.3043478260869565,0.4615384615384615,0,1,-6.11112,0.3739725649,4.824842453,,0.3043478260869565,0.4615384615384615,0,1,-5.61828,0.323615253,4.9533100128,,0.3043478260869565,0.4615384615384615,0,1,-6.09851,0.2820571959,4.6338477135,,0.3043478260869565,0.4615384615384615,0,1,10
ZINC000058638660,-6.91683,0.8115224242,5.9324183464,,0.4347826086956521,0.5384615384615384,0,1,-6.16654,0.7372945547,5.6778130531,,0.391304347826087,0.5384615384615384,0,1,-6.06382,0.3504623771,4.582798481,,0.4782608695652174,0.6153846153846154,0,1,-6.37072,0.3364846408,5.5084705353,,0.217391304347826,0.3076923076923077,0,1,-6.62882,0.3248791695,5.5003108978,,0.3043478260869565,0.3846153846153846,0,1,-7.08391,0.2979081273,5.0772709846,,0.2608695652173913,0.3846153846153846,0,1,-6.40011,0.2888347208,5.4103112221,,0.3043478260869565,0.3076923076923077,0,1,-6.63375,0.2729555368,4.9606380463,,0.1304347826086956,0.1538461538461538,0,1,-5.81275,0.2708804011,4.8673968315,,0.391304347826087,0.4615384615384615,0,1,-6.40269,0.2706237137,5.6180515289,,0.2608695652173913,0.3076923076923077,0,1,10
ZINC000058650408,-5.21247,0.7436107397,4.2908835411,,0.3478260869565217,0.3076923076923077,0,1,-5.39351,0.5988660455,4.2474684715,,0.3478260869565217,0.4615384615384615,0,1,-5.21197,0.5038121343,4.0698099136,,0.3043478260869565,0.3846153846153846,0,1,-6.53286,0.4942025542,5.0889592171,,0.3043478260869565,0.4615384615384615,0,1,-5.68052,0.4843704104,4.3911929131,,0.3043478260869565,0.3076923076923077,0,1,-5.71601,0.4764814079,4.2702493668,,0.391304347826087,0.4615384615384615,0,1,-6.9812,0.4675894976,5.232088089,,0.391304347826087,0.5384615384615384,0,1,-6.29521,0.4575585127,5.0643305779,,0.5652173913043478,0.6923076923076923,0,1,-6.07216,0.4510984123,3.9981956482,,0.4347826086956521,0.4615384615384615,0,1,-6.73702,0.4278625548,5.0485291481,,0.2608695652173913,0.5384615384615384,0,1,10
ZINC000058661202,-9.39242,0.2116052657,6.3369765282,,0.4347826086956521,0.5384615384615384,0,1,-9.80756,0.2074126005,6.6648573875,,0.7391304347826086,0.8461538461538461,0,1,-9.00044,0.1952546239,6.7008948326,,0.4782608695652174,0.6153846153846154,0,1,-9.21938,0.1817323864,6.5664601326,,0.5652173913043478,0.7692307692307693,0,1,-9.22607,0.1800055802,6.3356080055,,0.6086956521739131,0.7692307692307693,0,1,-9.38497,0.1672175378,6.1891059875,,0.5652173913043478,0.7692307692307693,0,1,-9.43401,0.16281192,6.3740286827,,0.6521739130434783,0.7692307692307693,0,1,-8.54919,0.1617673039,6.4042639732,,0.6086956521739131,0.7692307692307693,0,1,-9.30722,0.1610585302,6.0714950562,,0.4347826086956521,0.5384615384615384,0,1,-8.4743,0.1610159129,6.2004241943,,0.391304347826087,0.5384615384615384,0,1,10
ZINC000059064650,-8.3335,0.9187781811,5.161916256,,0.4347826086956521,0.4615384615384615,0,1,-7.6412,0.7824296951,4.8295817375,,0.4347826086956521,0.4615384615384615,0,1,-6.99189,0.6464342475,5.3245940208,,0.4782608695652174,0.5384615384615384,0,1,-6.92632,0.6079110503,4.461376667,,0.4347826086956521,0.4615384615384615,0,1,-7.30311,0.5417771339,4.9212613106,,0.4347826086956521,0.5384615384615384,0,1,-6.94085,0.388281703,4.6914572716,,0.391304347826087,0.4615384615384615,0,1,-7.31897,0.3025125563,5.7108802795,,0.4347826086956521,0.5384615384615384,0,1,-7.67787,0.2909665704,5.1198439598,,0.4347826086956521,0.6153846153846154,0,1,-7.00864,0.2653460503,5.6135706902,,0.4347826086956521,0.6153846153846154,0,1,-6.77808,0.235422045,3.9510371685,,0.2608695652173913,0.3076923076923077,0,1,10
ZINC000059065526,-7.83992,0.5530068278,6.3172774315,,0.391304347826087,0.6153846153846154,0,1,-7.68228,0.4811646044,6.1797404289,,0.4347826086956521,0.5384615384615384,0,1,-6.80255,0.3499016464,5.1278758049,,0.3043478260869565,0.3846153846153846,0,1,-7.26121,0.249157235,4.8513097763,,0.3043478260869565,0.4615384615384615,0,1,-8.18581,0.2349660844,5.485804081,,0.3478260869565217,0.4615384615384615,0,1,-7.798,0.2067236602,5.8851799965,,0.4347826086956521,0.6153846153846154,0,1,-7.32069,0.2035761774,4.9042916298,,0.391304347826087,0.5384615384615384,0,1,-6.00274,0.2015838176,3.9565079212,,0.3043478260869565,0.3846153846153846,0,1,-6.87229,0.1654807478,5.2345528603,,0.391304347826087,0.5384615384615384,0,1,-8.68331,0.1621844769,5.2042098045,,0.3478260869565217,0.5384615384615384,0,1,10
ZINC000059066897,-8.30316,0.2276368439,5.276945591,,0.4347826086956521,0.6153846153846154,0,1,-7.41828,0.2078000158,5.6379113197,,0.5217391304347826,0.6923076923076923,0,1,-8.63405,0.1784617007,5.3596482277,,0.6521739130434783,0.7692307692307693,0,1,-8.10273,0.1767234951,5.6143937111,,0.6521739130434783,0.7692307692307693,0,1,-7.61065,0.1607065201,5.2770590782,,0.3478260869565217,0.4615384615384615,0,1,-7.61306,0.1587489396,4.9135146141,,0.2608695652173913,0.3076923076923077,0,1,-7.34038,0.1560122073,5.0928435326,,0.217391304347826,0.3076923076923077,0,1,-7.25117,0.1549081802,5.6860852242,,0.5652173913043478,0.6923076923076923,0,1,-8.05172,0.1547470242,4.8106765747,,0.2608695652173913,0.3076923076923077,0,1,-7.28674,0.1444368362,4.7408370972,,0.391304347826087,0.4615384615384615,0,1,10
ZINC000059910570,-5.54602,0.6887433529,4.2509155273,,0.3478260869565217,0.3846153846153846,0,1,-6.7226,0.6606542468,5.251888752,,0.5217391304347826,0.6153846153846154,0,1,-6.4785,0.6521677971,5.2783489227,,0.5652173913043478,0.7692307692307693,0,1,-5.65482,0.6069009304,4.9914669991,,0.4782608695652174,0.6923076923076923,0,1,-5.651,0.5828148127,5.4938354492,,0.5652173913043478,0.7692307692307693,0,1,-7.34444,0.5094208717,4.8063197136,,0.4347826086956521,0.5384615384615384,0,1,-6.23462,0.4674211442,5.5129699707,,0.6086956521739131,0.6923076923076923,0,1,-6.62227,0.4598281682,5.1324362755,,0.6086956521739131,0.6923076923076923,0,1,-5.1607,0.3919359148,4.3959655762,,0.3478260869565217,0.3846153846153846,0,1,-6.37358,0.3591053784,5.0919065475,,0.4347826086956521,0.5384615384615384,0,1,10
ZINC000060062883,-6.11005,0.5733425617,4.3707766533,,0.0869565217391304,0.0769230769230769,0,1,-5.16682,0.5294799805,3.7793037891,,0.3043478260869565,0.3076923076923077,0,1,-5.16584,0.465560317,3.3675105572,,0.1739130434782608,0.1538461538461538,0,1,-6.36582,0.3747615516,5.2211918831,,0.6086956521739131,0.7692307692307693,0,1,-4.96367,0.3484964967,3.2386009693,,0.3043478260869565,0.3076923076923077,0,1,-4.91479,0.3166954815,3.2088851929,,0.1739130434782608,0.2307692307692307,0,1,-6.04356,0.3028074503,4.7000417709,,0.1304347826086956,0.2307692307692307,0,1,-7.61116,0.2784811258,4.6644477844,,0.391304347826087,0.5384615384615384,0,1,-5.10707,0.2780695558,3.5773627758,,0.0869565217391304,0.1538461538461538,0,1,-5.12788,0.2754728198,2.9746148586,,0.3043478260869565,0.3076923076923077,0,1,10
ZINC000060183362,-6.57852,0.6119225025,6.4787535667,,0.5217391304347826,0.6153846153846154,0,1,-6.90194,0.2200247645,4.809281826,,0.217391304347826,0.2307692307692307,0,1,-7.07528,0.2191203535,5.7979187965,,0.391304347826087,0.6923076923076923,0,1,-6.67772,0.2179557979,5.6893639565,,0.3043478260869565,0.3846153846153846,0,1,-7.37574,0.1838706583,5.8920269012,,0.3043478260869565,0.4615384615384615,0,1,-6.55025,0.1789161265,5.1895327568,,0.3478260869565217,0.5384615384615384,0,1,-6.88258,0.1663897038,4.7440876961,,0.2608695652173913,0.2307692307692307,0,1,-7.03508,0.1625130028,5.5143265724,,0.4347826086956521,0.6923076923076923,0,1,-6.39693,0.1575001031,5.6412806511,,0.1739130434782608,0.3076923076923077,0,1,-7.11667,0.1559330672,6.0618424416,,0.4782608695652174,0.6923076923076923,0,1,10
ZINC000062612702,-9.10075,0.9896226525,7.3935551643,,0.6956521739130435,0.8461538461538461,0,1,-9.22446,0.9836044908,6.8964152336,,0.7391304347826086,0.8461538461538461,0,1,-9.40854,0.9827157259,7.4972090721,,0.7391304347826086,0.8461538461538461,0,1,-9.02499,0.9805418253,7.5858263969,,0.6521739130434783,0.7692307692307693,0,1,-8.14428,0.9557119012,7.2013745308,,0.6521739130434783,0.8461538461538461,0,1,-8.83344,0.9481304288,6.9029173851,,0.7391304347826086,0.8461538461538461,0,1,-8.13478,0.9171699882,7.1017098427,,0.7391304347826086,0.8461538461538461,0,1,-8.4674,0.9077051282,6.8436203003,,0.6521739130434783,0.7692307692307693,0,1,-7.66765,0.9058250785,6.3802313805,,0.6521739130434783,0.7692307692307693,0,1,-8.00818,0.8847206831,6.7567234039,,0.6521739130434783,0.7692307692307693,0,1,10
ZINC000069593421,-8.24347,0.6130772233,6.9308867455,,0.3043478260869565,0.4615384615384615,0,1,-8.14887,0.5691637993,6.8879237175,,0.3478260869565217,0.3846153846153846,0,1,-7.35825,0.4781776965,5.9113888741,,0.4347826086956521,0.4615384615384615,0,1,-7.71685,0.4460155964,6.3976783752,,0.4782608695652174,0.6923076923076923,0,1,-6.24467,0.3986809254,4.7755570412,,0.4347826086956521,0.5384615384615384,0,1,-6.97797,0.3960045278,5.8238787651,,0.5217391304347826,0.7692307692307693,0,1,-5.91176,0.3843879998,4.6433739662,,0.4347826086956521,0.5384615384615384,0,1,-7.08338,0.3376167417,6.8464341164,,0.391304347826087,0.5384615384615384,0,1,-6.22387,0.2694441676,5.6212410927,,0.4347826086956521,0.5384615384615384,0,1,-5.91568,0.2329707444,4.7059664726,,0.1739130434782608,0.3076923076923077,0,1,10
ZINC000071282231,-7.07961,0.6214774847,7.6733798981,,0.6521739130434783,0.8461538461538461,0,1,-7.47912,0.5496160388,7.3023891449,,0.7391304347826086,0.7692307692307693,0,1,-7.50055,0.3499439061,6.7939200401,,0.6956521739130435,0.8461538461538461,0,1,-7.44835,0.3147159815,6.3255562782,,0.5652173913043478,0.6923076923076923,0,1,-7.41371,0.2243328542,6.4796452522,,0.6956521739130435,0.7692307692307693,0,1,-7.53425,0.2130866051,6.0863995552,,0.5217391304347826,0.6923076923076923,0,1,-8.15943,0.1785971075,6.3068375587,,0.6086956521739131,0.7692307692307693,0,1,-7.41098,0.1657120287,5.6429438591,,0.6086956521739131,0.6923076923076923,0,1,-6.70453,0.1619570404,6.4242801666,,0.5652173913043478,0.7692307692307693,0,1,-8.41162,0.1590692103,5.4934501648,,0.3043478260869565,0.4615384615384615,0,1,10
ZINC000071294398,-8.18994,0.4808765948,7.3022217751,,0.6521739130434783,0.8461538461538461,0,1,-7.17009,0.3224211931,6.7594132423,,0.5217391304347826,0.6153846153846154,0,1,-7.69922,0.2373678833,6.7827267647,,0.5652173913043478,0.8461538461538461,0,1,-7.10409,0.220413968,6.3197460175,,0.4782608695652174,0.6923076923076923,0,1,-7.7941,0.2092979848,6.7210679054,,0.5217391304347826,0.6923076923076923,0,1,-6.79473,0.1813230366,5.8630905151,,0.2608695652173913,0.4615384615384615,0,1,-6.74388,0.1668804586,5.9733376503,,0.5217391304347826,0.7692307692307693,0,1,-6.77996,0.1648065597,6.0912742615,,0.5652173913043478,0.7692307692307693,0,1,-6.50742,0.1604132205,6.2194046974,,0.3043478260869565,0.4615384615384615,0,1,-7.28106,0.1426551491,6.001932621,,0.5652173913043478,0.7692307692307693,0,1,10
ZINC000071295929,-7.56276,0.3658772409,6.7852783203,,0.3478260869565217,0.4615384615384615,0,1,-7.6864,0.3376611769,6.4039158821,,0.391304347826087,0.4615384615384615,0,1,-6.91302,0.3324985802,6.5367341042,,0.6956521739130435,0.7692307692307693,0,1,-7.38811,0.3183781803,6.5848617554,,0.4347826086956521,0.4615384615384615,0,1,-7.08699,0.2492540479,5.9930462837,,0.391304347826087,0.5384615384615384,0,1,-6.47025,0.1626482606,6.253267765,,0.3043478260869565,0.3076923076923077,0,1,-6.39177,0.1427727342,6.085791111,,0.391304347826087,0.5384615384615384,0,1,-6.51159,0.1298725605,5.9621777534,,0.217391304347826,0.2307692307692307,0,1,-7.67053,0.123178862,5.576072216,,0.4782608695652174,0.6153846153846154,0,1,-7.07533,0.1120919287,5.7994875908,,0.4782608695652174,0.6923076923076923,0,1,10
ZINC000071789121,-8.87288,0.6563861966,7.3731536865,,0.6521739130434783,0.7692307692307693,0,1,-8.06622,0.4258416891,7.0253238678,,0.782608695652174,0.8461538461538461,0,1,-7.31036,0.3316224217,6.6943507195,,0.7391304347826086,0.7692307692307693,0,1,-7.27567,0.2746473253,6.0350279808,,0.6086956521739131,0.7692307692307693,0,1,-7.29136,0.2567304969,6.1056747437,,0.5217391304347826,0.6923076923076923,0,1,-7.35046,0.2551903129,6.4752998352,,0.6956521739130435,0.6923076923076923,0,1,-7.4219,0.2493763417,5.6278076172,,0.5217391304347826,0.6923076923076923,0,1,-8.55817,0.2347730547,6.368915081,,0.6956521739130435,0.6923076923076923,0,1,-7.59815,0.2065966725,5.7995667458,,0.5217391304347826,0.6923076923076923,0,1,-7.54837,0.1933484077,5.2639350891,,0.5217391304347826,0.6923076923076923,0,1,10
ZINC000072105248,-6.21146,0.2472691685,5.8651676178,,0.1739130434782608,0.2307692307692307,0,1,-6.80681,0.1493762881,5.1613478661,,0.3478260869565217,0.3846153846153846,0,1,-7.18195,0.1485370547,5.1166682243,,0.3043478260869565,0.5384615384615384,0,1,-6.87544,0.1432190835,4.6640152931,,0.5217391304347826,0.7692307692307693,0,1,-7.50522,0.1419583708,4.9181957245,,0.1739130434782608,0.3076923076923077,0,1,-7.05906,0.1329163313,5.1302847862,,0.391304347826087,0.5384615384615384,0,1,-6.01597,0.1259100586,5.1351847649,,0.1304347826086956,0.2307692307692307,0,1,-5.92206,0.1136310697,4.9474925995,,0.2608695652173913,0.3076923076923077,0,1,-6.41573,0.1110853031,4.8394274712,,0.3043478260869565,0.3846153846153846,0,1,-6.10558,0.1107304469,4.0776367188,,0.217391304347826,0.3846153846153846,0,1,10
ZINC000072112502,-6.8181,0.5892750025,5.7067379951,,0.3043478260869565,0.4615384615384615,0,1,-5.55178,0.4350164831,5.3832993507,,0.217391304347826,0.4615384615384615,0,1,-6.14334,0.4026569724,5.0942912102,,0.2608695652173913,0.3846153846153846,0,1,-5.55471,0.3976018131,5.023370266,,0.2608695652173913,0.5384615384615384,0,1,-4.87229,0.3849293888,3.7811355591,,0.1739130434782608,0.2307692307692307,0,1,-6.91991,0.3353577852,5.3018703461,,0.2608695652173913,0.5384615384615384,0,1,-7.18989,0.3352375031,5.0885014534,,0.3043478260869565,0.5384615384615384,0,1,-6.90302,0.310857296,5.4187660217,,0.3043478260869565,0.6923076923076923,0,1,-5.15528,0.2952125669,4.0787940025,,0.2608695652173913,0.3076923076923077,0,1,-5.09274,0.2866926491,3.445618391,,0.1739130434782608,0.2307692307692307,0,1,10
ZINC000072179462,-7.26782,0.4403614402,5.9481406212,,0.4347826086956521,0.6153846153846154,0,1,-7.25499,0.4281324148,6.3768687248,,0.4347826086956521,0.5384615384615384,0,1,-6.78406,0.4230087101,6.6654376984,,0.4347826086956521,0.6923076923076923,0,1,-7.68767,0.3846465349,5.7546577454,,0.3478260869565217,0.4615384615384615,0,1,-7.31716,0.3769987524,5.6978497505,,0.4347826086956521,0.6153846153846154,0,1,-7.34231,0.368717581,5.8956122398,,0.4347826086956521,0.6153846153846154,0,1,-7.98903,0.3484901488,5.9125213623,,0.391304347826087,0.6153846153846154,0,1,-6.74909,0.3480071425,5.8216948509,,0.4347826086956521,0.6923076923076923,0,1,-7.19298,0.3344634175,5.6121163368,,0.4782608695652174,0.5384615384615384,0,1,-7.82421,0.3138751984,6.1110305786,,0.3478260869565217,0.5384615384615384,0,1,10
ZINC000077263601,-6.79904,0.6974724531,6.9232025146,,0.4347826086956521,0.5384615384615384,0,1,-7.37448,0.6484668851,6.5321331024,,0.391304347826087,0.4615384615384615,0,1,-9.26502,0.6358070374,6.8897533417,,0.6086956521739131,0.7692307692307693,0,1,-8.70926,0.635672152,7.1448626518,,0.4782608695652174,0.6153846153846154,0,1,-7.82289,0.6163802147,6.7877812386,,0.5217391304347826,0.6923076923076923,0,1,-8.83014,0.6161667109,6.8234829903,,0.5217391304347826,0.6923076923076923,0,1,-8.23681,0.5321362019,6.7914872169,,0.5217391304347826,0.6153846153846154,0,1,-7.72663,0.5229201317,6.2931270599,,0.3043478260869565,0.4615384615384615,0,1,-8.14103,0.474034518,6.8043379784,,0.5652173913043478,0.7692307692307693,0,1,-7.83107,0.4364356101,6.2035489082,,0.3043478260869565,0.5384615384615384,0,1,10
ZINC000077300830,-8.63209,0.6420393586,6.2715821266,,0.391304347826087,0.3846153846153846,0,1,-8.75988,0.510979116,6.1195168495,,0.5652173913043478,0.6923076923076923,0,1,-7.77776,0.5017931461,6.1797814369,,0.1304347826086956,0.1538461538461538,0,1,-8.46241,0.4909014702,5.9763698578,,0.4782608695652174,0.4615384615384615,0,1,-7.50934,0.4381809235,5.8720297813,,0.217391304347826,0.3076923076923077,0,1,-8.45922,0.4319884777,6.0583152771,,0.2608695652173913,0.3076923076923077,0,1,-8.15346,0.4053700268,5.8774452209,,0.1739130434782608,0.2307692307692307,0,1,-7.86067,0.3771343827,5.8063168526,,0.3043478260869565,0.3076923076923077,0,1,-8.19806,0.3583261669,6.2261748314,,0.7391304347826086,0.8461538461538461,0,1,-8.25563,0.3199127614,5.7912259102,,0.391304347826087,0.3846153846153846,0,1,10
ZINC000077312301,-6.86069,0.2341203094,6.0139241219,,0.3043478260869565,0.6153846153846154,0,1,-6.20068,0.1939539313,4.6950569153,,0.3478260869565217,0.3846153846153846,0,1,-6.59699,0.1656249017,4.9826579094,,0.217391304347826,0.3846153846153846,0,1,-6.51642,0.1632405668,5.7846627235,,0.4782608695652174,0.7692307692307693,0,1,-6.13947,0.1584545821,3.7475414276,,0.217391304347826,0.3076923076923077,0,1,-6.83007,0.1558425277,5.2111358643,,0.1739130434782608,0.3846153846153846,0,1,-6.55553,0.1465430409,4.9406790733,,0.391304347826087,0.4615384615384615,0,1,-7.8954,0.1325716227,4.8529934883,,0.4347826086956521,0.5384615384615384,0,1,-7.45679,0.1324539036,4.685737133,,0.3478260869565217,0.5384615384615384,0,1,-6.45539,0.109338209,5.2761912346,,0.2608695652173913,0.3846153846153846,0,1,10
ZINC000080601236,-6.67709,0.5304129124,5.1936593056,,0.3478260869565217,0.5384615384615384,0,1,-7.2295,0.5012808442,5.2184472084,,0.4347826086956521,0.6153846153846154,0,1,-7.62099,0.4898438156,5.3165841103,,0.4782608695652174,0.6923076923076923,0,1,-8.19356,0.3834949434,5.3536219597,,0.4782608695652174,0.6153846153846154,0,1,-8.08564,0.3575353324,5.2370438576,,0.5217391304347826,0.7692307692307693,0,1,-7.53225,0.3428873718,5.2362675667,,0.4782608695652174,0.6923076923076923,0,1,-5.51446,0.2454123348,3.7477347851,,0.391304347826087,0.3846153846153846,0,1,-6.46926,0.212531358,4.8071064949,,0.5217391304347826,0.7692307692307693,0,1,-6.72026,0.1876262426,4.1911816597,,0.2608695652173913,0.2307692307692307,0,1,-5.95538,0.1676840335,4.3446736336,,0.2608695652173913,0.3076923076923077,0,1,10
ZINC000082885057,-7.085,0.8047693372,7.1382222176,,0.3043478260869565,0.4615384615384615,0,1,-7.04067,0.4871125221,6.8036441803,,0.4782608695652174,0.6923076923076923,0,1,-7.51125,0.4629316926,6.7351927757,,0.4347826086956521,0.6923076923076923,0,1,-5.7579,0.3814851046,6.84273386,,0.4347826086956521,0.6923076923076923,0,1,-7.63437,0.3188955486,6.2513451576,,0.4347826086956521,0.8461538461538461,0,1,-7.12662,0.3039124608,6.7109189034,,0.3043478260869565,0.5384615384615384,0,1,-6.4276,0.2706823349,6.3518295288,,0.3478260869565217,0.4615384615384615,0,1,-6.52553,0.2653158009,6.4773344994,,0.391304347826087,0.6153846153846154,0,1,-6.46825,0.2581724524,6.3211455345,,0.3478260869565217,0.6153846153846154,0,1,-7.522,0.2437652051,6.3894400597,,0.5652173913043478,0.7692307692307693,0,1,10
ZINC000083325271,-8.22624,0.7619572878,6.3620324135,,0.4347826086956521,0.6153846153846154,0,1,-7.64667,0.7214715481,7.0822310448,,0.5652173913043478,0.6153846153846154,0,1,-7.77522,0.6605644226,6.4349007607,,0.391304347826087,0.4615384615384615,0,1,-7.28144,0.513364315,6.5724506378,,0.4782608695652174,0.6153846153846154,0,1,-8.381,0.5049600005,6.2602710724,,0.3043478260869565,0.3846153846153846,0,1,-7.79692,0.457266897,6.596282959,,0.4782608695652174,0.6153846153846154,0,1,-8.42613,0.4154206514,6.3728814125,,0.391304347826087,0.6153846153846154,0,1,-7.60138,0.4081042409,6.4487986565,,0.3478260869565217,0.3846153846153846,0,1,-7.04491,0.4021349251,6.2075572014,,0.391304347826087,0.4615384615384615,0,1,-6.28028,0.3944039345,6.3225326538,,0.5217391304347826,0.6153846153846154,0,1,10
ZINC000084712577,-5.22271,0.3926794827,5.0929374695,,0.4782608695652174,0.7692307692307693,0,1,-5.69457,0.359100908,4.6393418312,,0.2608695652173913,0.2307692307692307,0,1,-5.05071,0.2662440836,5.272295475,,0.4347826086956521,0.7692307692307693,0,1,-5.57003,0.2283941209,2.9529607296,,0.2608695652173913,0.3076923076923077,0,1,-6.13024,0.2077139765,4.5842528343,,0.3478260869565217,0.3846153846153846,0,1,-6.76151,0.1872319877,5.884557724,,0.4347826086956521,0.7692307692307693,0,1,-5.5409,0.1765883863,4.3059802055,,0.2608695652173913,0.3076923076923077,0,1,-7.20914,0.1386851817,4.5014739037,,0.1739130434782608,0.3076923076923077,0,1,-5.18343,0.1355273277,4.364171505,,0.2608695652173913,0.3076923076923077,0,1,-6.27216,0.1331402212,4.5824913979,,0.217391304347826,0.2307692307692307,0,1,10
ZINC000085615128,-7.26482,0.5478674769,6.5775055885,,0.5652173913043478,0.6923076923076923,0,1,-6.53653,0.4752808213,6.3474407196,,0.4347826086956521,0.6153846153846154,0,1,-6.4689,0.4242946506,6.0121059418,,0.5652173913043478,0.7692307692307693,0,1,-6.27593,0.3119872212,5.8610796928,,0.4782608695652174,0.6923076923076923,0,1,-6.4096,0.2988362312,6.1350040436,,0.391304347826087,0.6153846153846154,0,1,-7.84152,0.2681778073,5.8872771263,,0.4782608695652174,0.6153846153846154,0,1,-6.43721,0.2487799674,5.7690887451,,0.391304347826087,0.6153846153846154,0,1,-6.50782,0.2250619829,5.9417572021,,0.391304347826087,0.6153846153846154,0,1,-7.31765,0.185420543,5.6925663948,,0.391304347826087,0.6153846153846154,0,1,-7.08443,0.1623601317,5.3105902672,,0.3043478260869565,0.4615384615384615,0,1,10
ZINC000089455061,-7.05009,0.5442396402,6.6614775658,,0.391304347826087,0.4615384615384615,0,1,-6.87516,0.464399308,6.1706299782,,0.3478260869565217,0.3846153846153846,0,1,-6.74472,0.4419303238,6.6862540245,,0.4782608695652174,0.6923076923076923,0,1,-7.13399,0.4192833304,6.3891243935,,0.4782608695652174,0.7692307692307693,0,1,-6.1093,0.2988022864,6.1361575127,,0.3043478260869565,0.3076923076923077,0,1,-6.43192,0.2448762506,6.1858463287,,0.5217391304347826,0.7692307692307693,0,1,-6.94653,0.1990615278,6.1470322609,,0.3478260869565217,0.3846153846153846,0,1,-5.93366,0.1984806359,5.4806370735,,0.391304347826087,0.4615384615384615,0,1,-6.40428,0.1839325875,6.2273712158,,0.5217391304347826,0.8461538461538461,0,1,-5.5684,0.1777353585,5.0022120476,,0.5217391304347826,0.5384615384615384,0,1,10
ZINC000090608402,-7.6705,0.7103299499,6.4441552162,,0.5652173913043478,0.6923076923076923,0,1,-8.40278,0.2798576057,6.0115814209,,0.6086956521739131,0.6923076923076923,0,1,-7.27955,0.2775618136,5.6697211266,,0.391304347826087,0.5384615384615384,0,1,-7.85239,0.2573727071,5.7483763695,,0.6521739130434783,0.7692307692307693,0,1,-8.24543,0.2428262085,6.0214447975,,0.2608695652173913,0.3846153846153846,0,1,-7.46525,0.2360974699,5.559071064,,0.5217391304347826,0.6923076923076923,0,1,-7.9196,0.2096012533,5.5145134926,,0.5652173913043478,0.6153846153846154,0,1,-8.09821,0.2020523846,5.2198357582,,0.5217391304347826,0.6923076923076923,0,1,-7.19018,0.1876614243,5.696434021,,0.5652173913043478,0.7692307692307693,0,1,-7.09327,0.1733222902,5.5263867378,,0.5652173913043478,0.7692307692307693,0,1,10
ZINC000094437852,-6.61523,0.7596961856,5.1318526268,,0.3043478260869565,0.3846153846153846,0,1,-5.89573,0.6454301476,5.4841632843,,0.4347826086956521,0.5384615384615384,0,1,-5.30231,0.639451921,4.1531758308,,0.4347826086956521,0.6153846153846154,0,1,-6.80172,0.4848504663,4.3022279739,,0.2608695652173913,0.3846153846153846,0,1,-6.69433,0.482027173,4.3230271339,,0.3478260869565217,0.4615384615384615,0,1,-4.93577,0.3935092092,4.3202090263,,0.3478260869565217,0.6153846153846154,0,1,-6.27485,0.3902117312,5.2455763817,,0.5217391304347826,0.7692307692307693,0,1,-6.18156,0.3667773604,4.3442435265,,0.3043478260869565,0.3846153846153846,0,1,-5.86929,0.3562794328,4.6322917938,,0.4347826086956521,0.6153846153846154,0,1,-5.02299,0.3535498083,4.0080423355,,0.5217391304347826,0.7692307692307693,0,1,10
ZINC000095535388,-6.25411,0.5321885347,5.7996191978,,0.4782608695652174,0.6923076923076923,0,1,-6.65126,0.44915995,5.7805104256,,0.391304347826087,0.5384615384615384,0,1,-6.29083,0.3781009912,6.1443572044,,0.4347826086956521,0.6153846153846154,0,1,-6.57233,0.3022396863,5.6274847984,,0.217391304347826,0.3076923076923077,0,1,-6.99657,0.2973257899,5.7528476715,,0.3043478260869565,0.4615384615384615,0,1,-7.11209,0.2739395499,5.5431933403,,0.3478260869565217,0.4615384615384615,0,1,-6.69017,0.250069797,5.7541751862,,0.3043478260869565,0.3846153846153846,0,1,-5.84029,0.2314116657,4.7229366302,,0.391304347826087,0.4615384615384615,0,1,-6.35961,0.2271553129,5.6041646004,,0.217391304347826,0.3076923076923077,0,1,-6.4664,0.2239676714,5.841814518,,0.2608695652173913,0.3846153846153846,0,1,10
ZINC000095618730,-7.09846,0.3677327931,5.6320052147,,0.1739130434782608,0.2307692307692307,0,1,-6.59718,0.3273222446,5.4134097099,,0.3043478260869565,0.3846153846153846,0,1,-6.52954,0.2518459558,5.3171710968,,0.3043478260869565,0.4615384615384615,0,1,-7.41433,0.2213609368,5.8578810692,,0.6086956521739131,0.6923076923076923,0,1,-6.63964,0.2152099162,5.5573616028,,0.3043478260869565,0.3846153846153846,0,1,-6.50996,0.2039546669,5.1939945221,,0.1304347826086956,0.2307692307692307,0,1,-6.49465,0.1984980851,5.7404327393,,0.1739130434782608,0.2307692307692307,0,1,-6.27489,0.1776882559,5.2946486473,,0.217391304347826,0.3076923076923077,0,1,-6.65008,0.1734823138,5.0840492249,,0.3043478260869565,0.3846153846153846,0,1,-6.46033,0.1722265482,5.1260380745,,0.1739130434782608,0.1538461538461538,0,1,10
ZINC000095920935,-8.0586,0.7666559815,6.1455101967,,0.6086956521739131,0.7692307692307693,0,1,-7.08224,0.7526682019,5.9349098206,,0.4782608695652174,0.6923076923076923,0,1,-7.11195,0.6780001521,6.1185488701,,0.4347826086956521,0.6153846153846154,0,1,-6.95387,0.6612718105,5.6422486305,,0.4347826086956521,0.6153846153846154,0,1,-7.14597,0.6432417035,5.7352256775,,0.4347826086956521,0.6153846153846154,0,1,-6.90374,0.6360336542,5.7719726562,,0.4347826086956521,0.6153846153846154,0,1,-7.29022,0.5237573385,5.7264828682,,0.4347826086956521,0.6153846153846154,0,1,-6.88879,0.4814017415,5.5643992424,,0.4347826086956521,0.6153846153846154,0,1,-7.091,0.4534170032,5.8708386421,,0.6521739130434783,0.8461538461538461,0,1,-7.29057,0.2007475346,4.9986801147,,0.5652173913043478,0.8461538461538461,0,1,10
ZINC000096031211,-7.44727,0.6682893038,6.1687450409,,0.5217391304347826,0.6923076923076923,0,1,-7.17848,0.6149474382,5.9245281219,,0.5217391304347826,0.6153846153846154,0,1,-8.70923,0.3482741117,5.0992131233,,0.3478260869565217,0.6153846153846154,0,1,-6.93414,0.3469112813,5.3604397774,,0.3478260869565217,0.4615384615384615,0,1,-7.79419,0.2705562115,4.992618084,,0.3478260869565217,0.6153846153846154,0,1,-6.58682,0.2405748963,4.534160614,,0.3043478260869565,0.3846153846153846,0,1,-6.43243,0.139910832,4.2978649139,,0.3043478260869565,0.3846153846153846,0,1,-7.27435,0.1174705103,3.6073482037,,0.2608695652173913,0.3076923076923077,0,1,-6.11001,0.1122124046,4.2455296516,,0.1304347826086956,0.2307692307692307,1,1,-6.67322,0.1097663641,4.1545271873,,0.391304347826087,0.4615384615384615,0,1,10
ZINC000096095046,-6.63829,0.5345401168,6.3141384125,,0.391304347826087,0.5384615384615384,0,1,-6.61307,0.5054650307,6.685836792,,0.5217391304347826,0.6153846153846154,0,1,-6.76398,0.4511317313,6.340669632,,0.4347826086956521,0.6153846153846154,0,1,-7.71792,0.1320682168,5.9447875023,,0.4347826086956521,0.5384615384615384,0,1,-6.75767,0.1306533366,5.9460787773,,0.3478260869565217,0.4615384615384615,0,1,-6.68134,0.123127833,5.339533329,,0.217391304347826,0.3076923076923077,0,1,-7.49906,0.1210750267,5.5711503029,,0.2608695652173913,0.3846153846153846,0,1,-7.33298,0.1159165129,5.6933860779,,0.3478260869565217,0.4615384615384615,0,1,-7.53545,0.1008389145,5.4781079292,,0.4347826086956521,0.5384615384615384,0,1,-6.58564,0.0944637582,5.688949585,,0.3478260869565217,0.4615384615384615,0,1,10
ZINC000097983079,-5.16554,0.1253052503,4.4411702156,,0.2608695652173913,0.3076923076923077,0,1,-5.3671,0.1164718494,3.928702116,,0.2608695652173913,0.3076923076923077,0,1,-5.31862,0.0814076066,4.0819673538,,0.0434782608695652,0.0769230769230769,0,1,-5.34204,0.0813456476,3.9954960346,,0.217391304347826,0.3846153846153846,0,1,-5.942,0.0812197104,3.9623355865,,0.217391304347826,0.3846153846153846,0,1,-5.78137,0.0493560433,4.6719264984,,0.391304347826087,0.4615384615384615,0,1,-5.68324,0.0475552268,3.6193122864,,0.1304347826086956,0.3076923076923077,0,1,-5.75946,0.0423706472,4.5737643242,,0.3478260869565217,0.4615384615384615,0,1,-6.05883,0.0421103202,3.8136885166,,0.1304347826086956,0.3076923076923077,0,1,-5.68898,0.0401807502,3.8533439636,,0.217391304347826,0.3846153846153846,0,1,10
ZINC000098209500,-7.78959,0.8461667299,6.3828110695,,0.6956521739130435,0.7692307692307693,0,1,-7.40742,0.7469523549,6.1066203117,,0.7391304347826086,0.7692307692307693,0,1,-7.77998,0.7265281677,6.1324782372,,0.6086956521739131,0.6923076923076923,0,1,-7.09888,0.6270367503,5.3919644356,,0.5652173913043478,0.6923076923076923,0,1,-7.08171,0.5916454792,5.5070877075,,0.5652173913043478,0.6153846153846154,0,1,-7.89121,0.5718394518,5.8125653267,,0.6086956521739131,0.6923076923076923,0,1,-7.08687,0.5538643599,5.3542637825,,0.6086956521739131,0.6923076923076923,0,1,-7.06234,0.5371521711,4.8524975777,,0.391304347826087,0.4615384615384615,0,1,-6.76244,0.4196478128,5.2734379768,,0.4782608695652174,0.6153846153846154,0,1,-7.8234,0.4190572202,5.3306832314,,0.3043478260869565,0.4615384615384615,0,1,10
ZINC000100034540,-8.44049,0.805234015,6.4258646965,,0.6521739130434783,0.6923076923076923,0,1,-7.11533,0.5691613555,6.1685624123,,0.6521739130434783,0.7692307692307693,0,1,-8.74281,0.4973078072,6.1117157936,,0.7391304347826086,0.8461538461538461,0,1,-8.13566,0.457544446,6.0719928741,,0.6521739130434783,0.7692307692307693,0,1,-8.11584,0.439956665,5.7638802528,,0.6521739130434783,0.7692307692307693,0,1,-7.73218,0.4326065481,5.8354763985,,0.6086956521739131,0.7692307692307693,0,1,-7.06524,0.3643332124,5.3740324974,,0.4782608695652174,0.6153846153846154,0,1,-7.99698,0.3506203592,5.5215029716,,0.4782608695652174,0.6153846153846154,0,1,-8.00471,0.3144101501,5.8003463745,,0.6521739130434783,0.7692307692307693,0,1,-6.72329,0.284437567,5.48168993,,0.391304347826087,0.5384615384615384,0,1,10
ZINC000100201253,-8.62867,0.4856337905,5.8174109459,,0.4347826086956521,0.6153846153846154,0,1,-7.57854,0.4374448955,5.8931088448,,0.4782608695652174,0.8461538461538461,0,1,-6.52161,0.4036661983,5.2814674377,,0.2608695652173913,0.4615384615384615,0,1,-8.17051,0.3490398526,5.6746368408,,0.4782608695652174,0.6153846153846154,0,1,-7.34935,0.3399066627,5.5273480415,,0.4782608695652174,0.8461538461538461,0,1,-6.93023,0.1971566379,5.1422152519,,0.217391304347826,0.3846153846153846,0,1,-6.61295,0.1331488639,4.3922123909,,0.3043478260869565,0.3846153846153846,0,1,-6.66436,0.1281599998,5.0626869202,,0.391304347826087,0.5384615384615384,0,1,-7.77119,0.1112459227,5.1386356354,,0.2608695652173913,0.3846153846153846,0,1,-7.27738,0.0987959951,4.4832382202,,0.217391304347826,0.3076923076923077,0,1,10
ZINC000100427344,-8.53781,0.8411985636,6.3741879463,,0.782608695652174,0.9230769230769232,0,1,-6.96818,0.7765165567,5.7061209679,,0.4347826086956521,0.5384615384615384,0,1,-7.95642,0.5207861066,5.9400258064,,0.5217391304347826,0.6923076923076923,0,1,-7.35674,0.4945198298,5.7785401344,,0.6086956521739131,0.7692307692307693,0,1,-8.13703,0.4941907823,5.9340825081,,0.6521739130434783,0.8461538461538461,0,1,-7.14807,0.3882172108,5.8496932983,,0.6086956521739131,0.7692307692307693,0,1,-6.9513,0.3794613481,5.8119945526,,0.5652173913043478,0.8461538461538461,0,1,-6.66885,0.3004171848,5.3104839325,,0.4782608695652174,0.5384615384615384,0,1,-6.76812,0.2955232561,5.7656188011,,0.5217391304347826,0.7692307692307693,0,1,-8.82002,0.1927129924,5.1925010681,,0.391304347826087,0.5384615384615384,0,1,10
ZINC000100848232,-7.50364,0.2365231961,5.9447250366,,0.3043478260869565,0.5384615384615384,0,1,-6.90217,0.2201303989,6.3894824982,,0.3043478260869565,0.5384615384615384,0,1,-6.67162,0.1286839694,5.9515457153,,0.3043478260869565,0.4615384615384615,0,1,-6.34147,0.1099660844,5.1146125793,,0.1304347826086956,0.2307692307692307,0,1,-6.90109,0.1049254462,4.7568206787,,0.2608695652173913,0.3076923076923077,0,1,-6.95909,0.1040335447,4.7129187584,,0.3043478260869565,0.3846153846153846,0,1,-6.58853,0.0980747044,4.7794642448,,0.3043478260869565,0.3846153846153846,0,1,-6.57243,0.0914495662,4.5662794113,,0.1304347826086956,0.1538461538461538,0,1,-7.48941,0.0824219584,4.5209727287,,0.2608695652173913,0.3076923076923077,0,1,-7.13224,0.0774700567,5.1637229919,,0.0869565217391304,0.2307692307692307,0,1,10
ZINC000101093361,-7.81779,0.2611014247,6.1496405602,,0.5217391304347826,0.6923076923076923,0,1,-9.39208,0.2538961768,5.9203033447,,0.1304347826086956,0.1538461538461538,0,1,-7.92761,0.2396211624,5.7622680664,,0.4782608695652174,0.5384615384615384,0,1,-7.14959,0.2092857063,4.735845089,,0.1739130434782608,0.2307692307692307,0,1,-6.85953,0.2032735199,4.7828774452,,0.2608695652173913,0.3076923076923077,0,1,-8.65132,0.1731442809,5.6339201927,,0.4347826086956521,0.5384615384615384,0,1,-8.39701,0.1685790569,5.425716877,,0.391304347826087,0.6153846153846154,0,1,-7.45369,0.1596985459,4.9546256065,,0.3478260869565217,0.4615384615384615,0,1,-9.3999,0.1563249975,5.385559082,,0.217391304347826,0.3076923076923077,0,1,-6.49816,0.1485188454,5.1089248657,,0.3043478260869565,0.3846153846153846,0,1,10
ZINC000102015732,-4.91244,0.1271690279,3.3332722187,,0.0869565217391304,0.1538461538461538,0,1,-5.15261,0.0959420577,3.6131250858,,0.1304347826086956,0.2307692307692307,0,1,-5.28386,0.0893378332,3.3457100391,,0.1304347826086956,0.2307692307692307,0,1,-5.35261,0.0808093697,3.1258678436,,0.1304347826086956,0.2307692307692307,0,1,-5.20648,0.0655103326,3.3947975636,,0.1304347826086956,0.2307692307692307,0,1,-4.91703,0.0642150491,3.3314774036,,0.0869565217391304,0.1538461538461538,0,1,-4.89951,0.0612865463,3.0798633099,,0.1304347826086956,0.3076923076923077,0,1,-5.06805,0.0598027632,3.5358707905,,0.0869565217391304,0.1538461538461538,0,1,-5.14627,0.0560507849,3.6278464794,,0.1739130434782608,0.2307692307692307,0,1,-5.54702,0.0540790185,3.1911818981,,0.217391304347826,0.3076923076923077,0,1,10
ZINC000102206690,-7.66872,0.3604000807,6.0354514122,,0.1739130434782608,0.2307692307692307,0,1,-6.40296,0.3082602024,5.004925251,,0.391304347826087,0.3846153846153846,0,1,-6.25527,0.2737974823,3.7718131542,,0.2608695652173913,0.3846153846153846,0,1,-6.20737,0.2693551183,5.0768413544,,0.3043478260869565,0.4615384615384615,0,1,-6.75142,0.2692274749,4.0950388908,,0.2608695652173913,0.3846153846153846,0,1,-7.32257,0.2499417663,5.4193291664,,0.1739130434782608,0.2307692307692307,0,1,-5.91766,0.224495396,4.4413533211,,0.3043478260869565,0.3076923076923077,0,1,-6.47968,0.2179522216,5.3495936394,,0.1739130434782608,0.3076923076923077,0,1,-6.20356,0.2149726599,4.7955822945,,0.1739130434782608,0.3076923076923077,0,1,-7.13447,0.2118992656,5.6450791359,,0.391304347826087,0.6153846153846154,0,1,10
ZINC000102957945,-8.14944,0.7495675087,6.4163398743,,0.6086956521739131,0.7692307692307693,0,1,-7.90708,0.7126367688,6.2115912437,,0.6086956521739131,0.7692307692307693,0,1,-7.43275,0.5328273177,6.2591223717,,0.6086956521739131,0.8461538461538461,0,1,-6.76774,0.512062788,6.0923018456,,0.4782608695652174,0.6923076923076923,0,1,-6.84274,0.4057634771,5.8040904999,,0.5217391304347826,0.6923076923076923,0,1,-6.65462,0.3606766462,5.6010212898,,0.4347826086956521,0.6153846153846154,0,1,-6.83898,0.3550931215,5.8072395325,,0.4347826086956521,0.6153846153846154,0,1,-8.40648,0.3434732854,5.9839463234,,0.6521739130434783,0.8461538461538461,0,1,-6.58339,0.2786586285,5.4098982811,,0.4782608695652174,0.6923076923076923,0,1,-7.49072,0.2633307874,5.4958224297,,0.4347826086956521,0.6153846153846154,0,1,10
ZINC000103247400,-6.95877,0.6882491112,7.2481479645,,0.391304347826087,0.5384615384615384,0,1,-6.201,0.6085566878,6.6064972878,,0.4782608695652174,0.6923076923076923,0,1,-6.98561,0.4793538153,6.4786829948,,0.4347826086956521,0.6153846153846154,0,1,-6.21694,0.461635381,6.7423100471,,0.4347826086956521,0.6153846153846154,0,1,-6.99884,0.4594789445,6.4248766899,,0.4347826086956521,0.6153846153846154,0,1,-6.18613,0.4529509842,6.2921657562,,0.4347826086956521,0.6153846153846154,0,1,-6.94868,0.4410376847,6.3324408531,,0.3043478260869565,0.5384615384615384,0,1,-6.30738,0.4256737232,6.6437249184,,0.5217391304347826,0.8461538461538461,0,1,-6.30474,0.4169973433,6.5995116234,,0.391304347826087,0.6153846153846154,0,1,-6.56122,0.3631621003,6.9198517799,,0.3478260869565217,0.6153846153846154,0,1,10
ZINC000108477838,-7.00237,0.3019497395,4.6800122261,,0.3043478260869565,0.3846153846153846,0,1,-6.49577,0.1889096648,5.185895443,,0.5217391304347826,0.6923076923076923,0,1,-6.26228,0.0945406482,4.8692626953,,0.5217391304347826,0.6923076923076923,0,1,-6.81653,0.0851434469,4.6693034172,,0.5217391304347826,0.6923076923076923,0,1,-6.80575,0.0749265775,3.645144701,,0.3043478260869565,0.4615384615384615,0,1,-6.57703,0.0743442625,4.8942966461,,0.5217391304347826,0.6153846153846154,0,1,-6.66547,0.0732395947,4.3111858368,,0.2608695652173913,0.4615384615384615,0,1,-7.33209,0.0663537532,4.5084433556,,0.4347826086956521,0.6153846153846154,0,1,-6.59516,0.0653307214,4.7163910866,,0.5217391304347826,0.6923076923076923,0,1,-7.4278,0.0594884157,4.7219014168,,0.6521739130434783,0.8461538461538461,0,1,10
ZINC000136409776,-8.81633,0.691606462,6.7798304558,,0.3478260869565217,0.4615384615384615,0,1,-9.00887,0.6328290105,6.6812386513,,0.3478260869565217,0.5384615384615384,0,1,-9.55007,0.6264764071,6.7002811432,,0.3043478260869565,0.4615384615384615,0,1,-8.51717,0.5283904076,6.6598472595,,0.2608695652173913,0.4615384615384615,0,1,-8.84476,0.4923801124,6.6709809303,,0.3043478260869565,0.4615384615384615,0,1,-7.81144,0.2889350951,6.0152869225,,0.391304347826087,0.6153846153846154,0,1,-8.37205,0.2759888172,6.2621917725,,0.3043478260869565,0.4615384615384615,0,1,-8.51956,0.2299284637,6.2302489281,,0.3043478260869565,0.4615384615384615,0,1,-6.81245,0.1090539917,5.2607960701,,0.1739130434782608,0.3076923076923077,0,1,-6.71512,0.10405761,5.2976875305,,0.1739130434782608,0.3076923076923077,0,1,10
ZINC000143153170,-5.42503,0.3081372976,6.2146897316,,0.6956521739130435,0.9230769230769232,0,1,-5.11711,0.2939859927,4.8779530525,,0.3478260869565217,0.3846153846153846,0,1,-5.29429,0.1698651463,4.4599308968,,0.2608695652173913,0.3076923076923077,0,1,-5.49861,0.1257887781,4.8216729164,,0.3478260869565217,0.3846153846153846,0,1,-7.58026,0.1196635365,5.1045107841,,0.3478260869565217,0.4615384615384615,0,1,-7.62399,0.1084771603,5.3844337463,,0.2608695652173913,0.4615384615384615,0,1,-7.4934,0.1064525694,5.2551617622,,0.3478260869565217,0.4615384615384615,0,1,-5.99321,0.0933544859,4.8186039925,,0.4782608695652174,0.6923076923076923,0,1,-6.88202,0.0918143094,5.181646347,,0.4347826086956521,0.7692307692307693,0,1,-6.21543,0.090441525,4.7611289024,,0.391304347826087,0.6153846153846154,0,1,10
ZINC000143654088,-7.75645,0.8481923342,6.2555956841,,0.5217391304347826,0.6923076923076923,0,1,-7.94182,0.7386524081,6.1934485435,,0.391304347826087,0.5384615384615384,0,1,-6.42099,0.6756724119,5.6591563225,,0.391304347826087,0.6153846153846154,0,1,-6.51508,0.5079239011,5.3306546211,,0.2608695652173913,0.5384615384615384,0,1,-7.8579,0.4272841215,5.6680335999,,0.391304347826087,0.6923076923076923,0,1,-8.30134,0.4007295966,5.2048830986,,0.3478260869565217,0.5384615384615384,0,1,-7.76676,0.3955583274,5.7166843414,,0.3478260869565217,0.6923076923076923,0,1,-7.29203,0.3504939973,5.1100006104,,0.217391304347826,0.3846153846153846,0,1,-7.2512,0.329248786,5.5460486412,,0.3478260869565217,0.5384615384615384,0,1,-7.95585,0.3192024231,5.2795534134,,0.3478260869565217,0.5384615384615384,0,1,10
ZINC000143710640,-7.48677,0.428576529,5.3078188896,,0.391304347826087,0.5384615384615384,0,1,-8.22952,0.4068038464,5.3056826591,,0.1739130434782608,0.3846153846153846,0,1,-8.02875,0.3853622675,5.4815087318,,0.2608695652173913,0.5384615384615384,0,1,-6.87385,0.3811376989,5.2502827644,,0.217391304347826,0.4615384615384615,0,1,-6.65472,0.3539296687,5.7223544121,,0.3478260869565217,0.6153846153846154,0,1,-7.56552,0.2506271303,5.2805123329,,0.2608695652173913,0.5384615384615384,0,1,-7.34873,0.1924640834,5.2908153534,,0.217391304347826,0.3076923076923077,0,1,-7.50414,0.1696601212,4.8160877228,,0.2608695652173913,0.4615384615384615,0,1,-7.5237,0.1420209706,4.6278557777,,0.4347826086956521,0.6923076923076923,0,1,-6.46841,0.1397748142,4.9041061401,,0.3478260869565217,0.3846153846153846,0,1,10
ZINC000144438651,-7.12857,0.5689206123,6.0824828148,,0.4782608695652174,0.6923076923076923,0,1,-7.32544,0.460830003,5.8220157623,,0.4347826086956521,0.6153846153846154,0,1,-7.95834,0.4204640985,6.6089940071,,0.4782608695652174,0.6153846153846154,0,1,-7.8135,0.3888773024,6.8619132042,,0.4347826086956521,0.6923076923076923,0,1,-7.29281,0.3573867381,5.7612724304,,0.5217391304347826,0.6923076923076923,0,1,-6.9512,0.3501257002,5.7705955505,,0.6956521739130435,0.8461538461538461,0,1,-7.29247,0.2794920802,5.1695685387,,0.4347826086956521,0.6153846153846154,0,1,-8.21326,0.2714468837,5.9637904167,,0.4782608695652174,0.6923076923076923,0,1,-8.68464,0.260909766,5.3869094849,,0.5217391304347826,0.6923076923076923,0,1,-8.35055,0.2568725646,6.1708712578,,0.2608695652173913,0.4615384615384615,0,1,10
ZINC000164933862,-5.0376,0.4251973033,4.9361281395,,0.3043478260869565,0.3846153846153846,0,1,-5.76275,0.252091974,5.8989276886,,0.3043478260869565,0.4615384615384615,0,1,-5.49653,0.1693096012,6.0358433723,,0.5652173913043478,0.6923076923076923,0,1,-5.62593,0.1644959748,4.5017666817,,0.217391304347826,0.3076923076923077,0,1,-5.76243,0.1576349437,4.747481823,,0.2608695652173913,0.3846153846153846,0,1,-5.88903,0.1530748159,4.625793457,,0.2608695652173913,0.4615384615384615,0,1,-5.30519,0.1497885436,4.1685795784,,0.0869565217391304,0.1538461538461538,0,1,-5.01805,0.1267990768,4.9218153954,,0.3043478260869565,0.2307692307692307,0,1,-5.26264,0.1241703928,4.6000056267,,0.217391304347826,0.3076923076923077,0,1,-6.36432,0.1230712533,4.8462314606,,0.3478260869565217,0.4615384615384615,0,1,10
ZINC000168056331,-5.42725,0.3922296762,4.8105564117,,0.3478260869565217,0.3846153846153846,0,1,-5.69226,0.2737407684,4.4974350929,,0.2608695652173913,0.3076923076923077,0,1,-5.36745,0.2584402859,3.7347710133,,0.217391304347826,0.3076923076923077,0,1,-5.12748,0.1614058018,3.9078729153,,0.217391304347826,0.3076923076923077,0,1,-6.19442,0.1208490431,3.7768895626,,0.217391304347826,0.3076923076923077,0,1,-6.40952,0.1157787442,3.8442413807,,0.3478260869565217,0.4615384615384615,0,1,-5.19971,0.1154635176,3.7201988697,,0.217391304347826,0.2307692307692307,0,1,-6.2373,0.1126393825,3.931896925,,0.391304347826087,0.3846153846153846,0,1,-5.13474,0.1079002246,3.5917034149,,0.0869565217391304,0.1538461538461538,0,1,-5.2283,0.1078838706,4.0041308403,,0.3043478260869565,0.3846153846153846,0,1,10
ZINC000169322696,-5.84785,0.5282543898,5.1901783943,,0.391304347826087,0.3846153846153846,0,1,-6.09974,0.4475098252,4.6220374107,,0.3478260869565217,0.3846153846153846,0,1,-7.97878,0.3751049042,6.54170084,,0.4782608695652174,0.6923076923076923,0,1,-5.8998,0.3010929823,4.4420781136,,0.3043478260869565,0.3846153846153846,0,1,-7.24869,0.2324726135,6.229739666,,0.2608695652173913,0.3076923076923077,0,1,-6.80864,0.2301373035,5.9605088234,,0.2608695652173913,0.3846153846153846,0,1,-7.78664,0.2212681919,5.632174015,,0.391304347826087,0.5384615384615384,0,1,-6.85842,0.2167210579,4.5778436661,,0.4347826086956521,0.4615384615384615,0,1,-7.1684,0.2039030939,5.564743042,,0.391304347826087,0.6923076923076923,0,1,-6.61967,0.2003930956,4.7108402252,,0.391304347826087,0.3846153846153846,0,1,10
ZINC000169323569,-8.54132,0.8024773002,6.8582043648,,0.8260869565217391,0.9230769230769232,0,1,-8.62996,0.785319984,6.9241371155,,0.6086956521739131,0.6923076923076923,0,1,-7.84623,0.7776096463,6.733335495,,0.8695652173913043,1.0,0,1,-7.91774,0.7250993252,6.7852191925,,0.6956521739130435,0.7692307692307693,0,1,-7.98544,0.7212000489,7.0719056129,,0.6521739130434783,0.7692307692307693,0,1,-7.54518,0.7101649046,6.7461681366,,0.5217391304347826,0.7692307692307693,0,1,-8.54651,0.6948422194,6.9132361412,,0.6521739130434783,0.7692307692307693,0,1,-7.7969,0.6457805037,6.9818940163,,0.5652173913043478,0.7692307692307693,0,1,-7.75672,0.5605713129,6.5117664337,,0.6956521739130435,0.8461538461538461,0,1,-8.073,0.5333049297,6.6408782005,,0.5652173913043478,0.8461538461538461,0,1,10
ZINC000169343144,-6.93087,0.4384183586,6.7547955513,,0.4347826086956521,0.5384615384615384,0,1,-4.9385,0.3413610458,6.4779963493,,0.6086956521739131,0.7692307692307693,0,1,-6.69706,0.270305872,6.6827492714,,0.5217391304347826,0.6153846153846154,0,1,-4.94063,0.2479194254,4.6681818962,,0.217391304347826,0.3076923076923077,0,1,-5.11369,0.2411090136,4.9474716187,,0.2608695652173913,0.3076923076923077,0,1,-7.02002,0.2374138683,6.3530755043,,0.4782608695652174,0.6923076923076923,0,1,-5.6801,0.231992662,4.5962181091,,0.217391304347826,0.3076923076923077,0,1,-5.31081,0.2313083261,4.5364108086,,0.2608695652173913,0.2307692307692307,0,1,-6.39316,0.2301416397,6.1137981415,,0.5652173913043478,0.7692307692307693,0,1,-5.79595,0.2224627137,5.1619138718,,0.391304347826087,0.4615384615384615,0,1,10
ZINC000169343157,-4.70936,0.424931109,4.8677830696,,0.217391304347826,0.3076923076923077,0,1,-6.97904,0.3364651203,6.2114772797,,0.4782608695652174,0.6153846153846154,0,1,-4.98799,0.2893640399,4.4962735176,,0.217391304347826,0.3076923076923077,0,1,-6.31299,0.2622298598,6.1140723228,,0.6086956521739131,0.8461538461538461,0,1,-5.84757,0.225124076,4.5984716415,,0.2608695652173913,0.3076923076923077,0,1,-5.03123,0.2216606289,4.3631186485,,0.1304347826086956,0.2307692307692307,0,1,-5.56095,0.2021359652,4.3393998146,,0.1304347826086956,0.1538461538461538,0,1,-5.7797,0.1815245897,4.2676186562,,0.1739130434782608,0.2307692307692307,0,1,-5.83029,0.1738534868,4.4120764732,,0.217391304347826,0.3076923076923077,0,1,-5.5362,0.1663030237,4.3742237091,,0.2608695652173913,0.3846153846153846,0,1,10
ZINC000169343178,-6.97166,0.4650770724,7.2505879402,,0.5652173913043478,0.7692307692307693,0,1,-6.73308,0.1979041249,6.7173047066,,0.6521739130434783,0.8461538461538461,0,1,-5.82595,0.1969548911,4.5948104858,,0.3043478260869565,0.3076923076923077,0,1,-6.34932,0.1804265082,6.480512619,,0.4347826086956521,0.5384615384615384,0,1,-6.50416,0.1707642674,6.9361724854,,0.391304347826087,0.5384615384615384,0,1,-6.65141,0.1648541838,6.3385829926,,0.4347826086956521,0.5384615384615384,0,1,-5.5564,0.1593798995,5.3415169716,,0.217391304347826,0.3076923076923077,0,1,-7.05281,0.1534913182,6.6597557068,,0.391304347826087,0.5384615384615384,0,1,-5.74848,0.1409365237,4.6518774033,,0.3043478260869565,0.3076923076923077,0,1,-5.72501,0.1104230508,4.5713105202,,0.3043478260869565,0.3846153846153846,0,1,10
ZINC000169343182,-7.19709,0.4136272967,6.7789578438,,0.3478260869565217,0.5384615384615384,0,1,-6.24384,0.2589697838,5.644387722,,0.3043478260869565,0.3846153846153846,0,1,-5.81997,0.1760960668,4.9857449532,,0.3478260869565217,0.3846153846153846,0,1,-5.81332,0.1052698642,4.4348988533,,0.1304347826086956,0.1538461538461538,0,1,-7.69139,0.1033911929,6.3089756966,,0.391304347826087,0.5384615384615384,0,1,-5.87567,0.0997968316,4.6773209572,,0.3043478260869565,0.3076923076923077,0,1,-6.39144,0.0965658501,4.2014174461,,0.1739130434782608,0.1538461538461538,0,1,-5.9591,0.0879104063,4.4075298309,,0.3478260869565217,0.3846153846153846,0,1,-6.21947,0.0874169767,3.9417450428,,0.2608695652173913,0.3076923076923077,0,1,-5.76296,0.0871653035,4.7039599419,,0.1739130434782608,0.2307692307692307,0,1,10
ZINC000169343188,-5.65994,0.3412219286,5.1356415749,,0.3478260869565217,0.3846153846153846,0,1,-6.1051,0.2694094181,5.6423096657,,0.3478260869565217,0.3076923076923077,0,1,-6.26239,0.1763248444,6.3585276604,,0.5652173913043478,0.6923076923076923,0,1,-6.22628,0.11615742,4.6234636307,,0.2608695652173913,0.3076923076923077,0,1,-6.1371,0.1141536534,5.0371646881,,0.2608695652173913,0.3076923076923077,0,1,-6.00747,0.1129989177,5.0301680565,,0.2608695652173913,0.3846153846153846,0,1,-5.42606,0.1102162898,4.7195525169,,0.217391304347826,0.3076923076923077,0,1,-5.8541,0.1078300476,4.5766720772,,0.217391304347826,0.3076923076923077,0,1,-6.20728,0.1068356112,4.3276515007,,0.1739130434782608,0.2307692307692307,0,1,-6.10006,0.1042976454,4.9685344696,,0.2608695652173913,0.3076923076923077,0,1,10
ZINC000169346218,-5.98104,0.1502049267,4.2136254311,,0.2608695652173913,0.3076923076923077,0,1,-6.3084,0.1365696192,4.9473929405,,0.3043478260869565,0.4615384615384615,0,1,-6.78939,0.1195874587,4.7768015862,,0.4782608695652174,0.6923076923076923,0,1,-6.63047,0.1153422669,4.7114014626,,0.3043478260869565,0.3846153846153846,0,1,-6.7136,0.1108075678,4.4591288567,,0.3043478260869565,0.3846153846153846,0,1,-5.98183,0.1068129241,3.993976593,,0.2608695652173913,0.3076923076923077,0,1,-7.40389,0.1059072092,4.626888752,,0.3478260869565217,0.4615384615384615,0,1,-5.85733,0.105016306,5.2622661591,,0.4347826086956521,0.6923076923076923,0,1,-7.69051,0.0939625204,4.4679112434,,0.3043478260869565,0.3846153846153846,0,1,-5.89264,0.0885691345,4.3083295822,,0.3043478260869565,0.3846153846153846,0,1,10
ZINC000169367856,-6.60831,0.4805665314,5.2376694679,,0.391304347826087,0.3846153846153846,0,1,-5.89414,0.4421922565,4.9074072838,,0.3478260869565217,0.3846153846153846,0,1,-7.57386,0.4177524149,6.8673796654,,0.3043478260869565,0.4615384615384615,0,1,-6.15478,0.3961891532,5.1344461441,,0.391304347826087,0.3846153846153846,0,1,-6.63841,0.3425121009,4.607093811,,0.3478260869565217,0.3846153846153846,0,1,-5.81198,0.3089170456,4.5215935707,,0.3043478260869565,0.3076923076923077,0,1,-5.99126,0.2964095771,4.6964244843,,0.3478260869565217,0.3846153846153846,0,1,-5.90925,0.257787168,4.5770015717,,0.2608695652173913,0.2307692307692307,0,1,-5.85225,0.1980953813,4.6195969582,,0.3478260869565217,0.3846153846153846,0,1,-5.95263,0.1808505058,4.6715550423,,0.2608695652173913,0.3076923076923077,0,1,10
ZINC000205285365,-7.94938,0.7435191274,6.5430665016,,0.1739130434782608,0.2307692307692307,0,1,-8.0166,0.6349138021,6.4000296593,,0.3043478260869565,0.3846153846153846,0,1,-8.03672,0.5776691437,6.5026669502,,0.217391304347826,0.3076923076923077,0,1,-7.55544,0.4850885272,6.7786688805,,0.6086956521739131,0.7692307692307693,0,1,-7.4025,0.404720366,6.1181435585,,0.217391304347826,0.3076923076923077,0,1,-6.16218,0.4016523659,4.8066821098,,0.391304347826087,0.4615384615384615,0,1,-6.71428,0.3932957649,5.671857357,,0.217391304347826,0.3076923076923077,0,1,-7.52189,0.3491065502,6.5243263245,,0.3478260869565217,0.3846153846153846,0,1,-6.82051,0.2984738052,5.6550216675,,0.1739130434782608,0.1538461538461538,0,1,-6.97289,0.2912256718,4.7216916084,,0.5217391304347826,0.5384615384615384,0,1,10
ZINC000205592188,-6.76946,0.2895123959,4.5341067314,,0.217391304347826,0.2307692307692307,0,1,-6.79992,0.287684232,4.8876304626,,0.2608695652173913,0.3076923076923077,0,1,-8.14164,0.1766602248,4.9597187042,,0.5217391304347826,0.8461538461538461,0,1,-7.86495,0.1715717167,4.4916033745,,0.1739130434782608,0.3076923076923077,0,1,-6.46884,0.160520494,4.3623380661,,0.1739130434782608,0.2307692307692307,0,1,-6.11907,0.1445364952,3.8456146717,,0.217391304347826,0.2307692307692307,0,1,-7.27828,0.1393654495,4.4752340317,,0.1739130434782608,0.2307692307692307,0,1,-6.72084,0.1287991554,3.7388374805,,0.1739130434782608,0.2307692307692307,0,1,-7.69785,0.1163996905,4.6395673752,,0.1739130434782608,0.3076923076923077,0,1,-7.59657,0.1141808704,3.8017370701,,0.2608695652173913,0.3076923076923077,0,1,10
ZINC000206807125,-6.38074,0.4435266852,5.7095017433,,0.3043478260869565,0.4615384615384615,0,1,-6.12949,0.2030208409,5.2393279076,,0.391304347826087,0.6923076923076923,0,1,-6.56339,0.1902213544,5.2736549377,,0.3478260869565217,0.3846153846153846,0,1,-5.89978,0.1232898533,4.2474999428,,0.2608695652173913,0.4615384615384615,0,1,-6.83276,0.1230848581,3.2831439972,,0.3043478260869565,0.3846153846153846,0,1,-6.14523,0.1125771776,4.2781820297,,0.3043478260869565,0.3846153846153846,0,1,-6.31121,0.107326135,4.1314344406,,0.1304347826086956,0.1538461538461538,0,1,-6.94454,0.1008446813,4.5742645264,,0.4347826086956521,0.5384615384615384,0,1,-6.93625,0.0971842632,4.6220626831,,0.2608695652173913,0.3846153846153846,0,1,-6.1659,0.0873480216,4.8774313927,,0.3478260869565217,0.4615384615384615,0,1,10
ZINC000207123725,-6.21445,0.2605435848,4.7511153221,,0.5217391304347826,0.5384615384615384,0,1,-6.37359,0.2261345088,5.011238575,,0.5217391304347826,0.6153846153846154,0,1,-6.28972,0.2198841125,5.0087714195,,0.2608695652173913,0.3846153846153846,0,1,-5.62761,0.2106964737,4.3767471313,,0.391304347826087,0.4615384615384615,0,1,-5.6871,0.2081845701,4.4831061363,,0.3478260869565217,0.3846153846153846,0,1,-6.44694,0.1950318664,4.8775968552,,0.2608695652173913,0.3846153846153846,0,1,-5.79708,0.190885976,4.79347229,,0.3043478260869565,0.4615384615384615,0,1,-6.2035,0.1860917956,4.1851906776,,0.3043478260869565,0.4615384615384615,0,1,-7.06285,0.1760445833,5.0779223442,,0.3478260869565217,0.4615384615384615,0,1,-5.98236,0.1652031392,4.2124476433,,0.2608695652173913,0.3846153846153846,0,1,10
ZINC000220143873,-7.418,0.5311483145,5.9236655235,,0.6956521739130435,0.7692307692307693,0,1,-7.15968,0.4210940599,5.7326865196,,0.6086956521739131,0.6923076923076923,0,1,-8.14879,0.3529534638,5.2437539101,,0.391304347826087,0.6153846153846154,0,1,-8.25055,0.3338801563,5.1773815155,,0.3043478260869565,0.5384615384615384,0,1,-6.54181,0.3196559846,4.9973063469,,0.3043478260869565,0.3846153846153846,0,1,-8.42643,0.2930585742,5.2751817703,,0.5217391304347826,0.6923076923076923,0,1,-7.00146,0.2815734446,5.3106207848,,0.5652173913043478,0.6923076923076923,0,1,-6.69058,0.2590539455,5.4559612274,,0.5652173913043478,0.6923076923076923,0,1,-7.18286,0.2388140261,5.2095923424,,0.4347826086956521,0.6153846153846154,0,1,-6.64452,0.2383868098,5.0030097961,,0.5217391304347826,0.6153846153846154,0,1,10
ZINC000226821114,-5.78473,0.378697753,6.3365917206,,0.7391304347826086,0.9230769230769232,0,1,-5.13545,0.278604269,4.5334162712,,0.2608695652173913,0.3076923076923077,0,1,-4.8747,0.269472003,4.7619395256,,0.2608695652173913,0.3076923076923077,0,1,-5.19459,0.2669214308,4.9039001465,,0.3043478260869565,0.3076923076923077,0,1,-5.43939,0.2321673334,4.5225567818,,0.3478260869565217,0.3846153846153846,0,1,-5.65424,0.168882221,6.0748882294,,0.5652173913043478,0.7692307692307693,0,1,-6.99165,0.1538397819,4.9683871269,,0.391304347826087,0.3846153846153846,0,1,-4.62222,0.1375179142,4.0134272575,,0.1304347826086956,0.1538461538461538,0,1,-4.93612,0.1334608346,3.9374542236,,0.217391304347826,0.2307692307692307,0,1,-5.16378,0.1317235082,3.8769061565,,0.4347826086956521,0.5384615384615384,0,1,10
ZINC000226821192,-5.94218,0.2481471449,4.3566622734,,0.3043478260869565,0.3846153846153846,0,1,-5.7443,0.2435949743,5.083486557,,0.217391304347826,0.2307692307692307,0,1,-6.4198,0.2346421033,4.7718877792,,0.3043478260869565,0.3076923076923077,0,1,-6.02593,0.2093265802,4.6480827332,,0.4347826086956521,0.4615384615384615,0,1,-6.89119,0.1926968247,4.8768215179,,0.4782608695652174,0.5384615384615384,0,1,-5.8658,0.1744106412,4.2416324615,,0.3478260869565217,0.3846153846153846,0,1,-6.60588,0.1655488461,5.7215046883,,0.391304347826087,0.5384615384615384,0,1,-6.05661,0.1607063115,4.4032473564,,0.217391304347826,0.3076923076923077,0,1,-5.29389,0.1599147618,3.6674678326,,0.1739130434782608,0.3076923076923077,0,1,-5.74134,0.1497532427,4.026011467,,0.217391304347826,0.3846153846153846,0,1,10
ZINC000226857176,-7.54142,0.5265248418,6.3609256744,,0.7391304347826086,0.9230769230769232,0,1,-8.02254,0.5176680088,6.64995718,,0.5217391304347826,0.6153846153846154,0,1,-7.96229,0.4413126111,6.3974366188,,0.5217391304347826,0.6923076923076923,0,1,-7.45465,0.3800374866,6.199529171,,0.4782608695652174,0.6923076923076923,0,1,-7.11558,0.3743194342,6.328224659,,0.4347826086956521,0.5384615384615384,0,1,-7.69548,0.3182600439,6.1168465614,,0.5652173913043478,0.6923076923076923,0,1,-6.65602,0.3066593111,6.2757053375,,0.6086956521739131,0.7692307692307693,0,1,-8.01955,0.2854035795,5.7570538521,,0.5652173913043478,0.6923076923076923,0,1,-7.79051,0.2657710016,5.8554997444,,0.6086956521739131,0.7692307692307693,0,1,-6.81383,0.2457002103,5.586286068,,0.5652173913043478,0.7692307692307693,0,1,10
ZINC000230474948,-6.30881,0.5983948112,4.1101441383,,0.391304347826087,0.4615384615384615,0,1,-7.13944,0.5941411853,5.6317481995,,0.5652173913043478,0.6923076923076923,0,1,-6.86857,0.5847181678,5.5099010468,,0.5652173913043478,0.6923076923076923,0,1,-6.73449,0.5662170053,5.5971875191,,0.5217391304347826,0.6153846153846154,0,1,-6.62419,0.5612678528,5.5130419731,,0.391304347826087,0.5384615384615384,0,1,-5.39411,0.4869605005,4.1179041862,,0.3043478260869565,0.3846153846153846,0,1,-5.43302,0.1768243313,3.6115734577,,0.3478260869565217,0.3846153846153846,0,1,-5.97047,0.1507488489,4.1099791527,,0.1304347826086956,0.1538461538461538,0,1,-7.61529,0.1403121203,3.8815014362,,0.3478260869565217,0.4615384615384615,0,1,-8.02371,0.1277541518,4.2566428185,,0.2608695652173913,0.3076923076923077,0,1,10
ZINC000238747691,-6.42193,0.467435956,5.4101319313,,0.4782608695652174,0.5384615384615384,0,1,-7.91492,0.4204118848,5.1906561852,,0.5217391304347826,0.6153846153846154,0,1,-6.26828,0.4199249446,4.872215271,,0.3043478260869565,0.3076923076923077,0,1,-6.9149,0.3660256267,4.8656864166,,0.391304347826087,0.3846153846153846,0,1,-6.72816,0.3577665687,5.3462777138,,0.2608695652173913,0.3076923076923077,0,1,-7.39487,0.3335054815,4.399415493,,0.391304347826087,0.3846153846153846,0,1,-6.48416,0.3215545118,4.4804797173,,0.3478260869565217,0.4615384615384615,0,1,-7.34554,0.3106153607,5.4269556999,,0.3478260869565217,0.4615384615384615,0,1,-7.8767,0.3064805865,4.6799354553,,0.391304347826087,0.3846153846153846,0,1,-7.12488,0.2911945581,5.9896979332,,0.4347826086956521,0.5384615384615384,0,1,10
ZINC000238756542,-5.77762,0.6167891026,5.2414021492,,0.4347826086956521,0.3846153846153846,0,1,-7.30846,0.5973291993,6.0635676384,,0.5652173913043478,0.7692307692307693,0,1,-6.78793,0.5420404673,4.8967080116,,0.4347826086956521,0.4615384615384615,0,1,-8.66801,0.5172111988,5.6651978493,,0.5217391304347826,0.7692307692307693,0,1,-6.84897,0.4444098175,5.0023398399,,0.4782608695652174,0.4615384615384615,0,1,-6.70714,0.4238403738,5.0167183876,,0.217391304347826,0.2307692307692307,0,1,-7.39819,0.3511105776,4.9869327545,,0.4347826086956521,0.3846153846153846,0,1,-7.32081,0.315933764,4.9123425484,,0.4782608695652174,0.4615384615384615,0,1,-6.84797,0.3066540956,4.5511779785,,0.3478260869565217,0.3846153846153846,0,1,-7.13713,0.2839688957,5.1399188042,,0.4347826086956521,0.4615384615384615,0,1,10
ZINC000253615837,-7.17402,0.429184556,5.1191735268,,0.1304347826086956,0.1538461538461538,0,1,-8.7042,0.367544502,5.1475582123,,0.391304347826087,0.4615384615384615,0,1,-8.03414,0.3422795832,4.8950858116,,0.3043478260869565,0.3846153846153846,0,1,-6.74056,0.3400119245,4.5120105743,,0.4782608695652174,0.5384615384615384,0,1,-7.62727,0.3084575534,5.234562397,,0.4782608695652174,0.5384615384615384,0,1,-8.98568,0.3073582947,5.0523753166,,0.2608695652173913,0.4615384615384615,0,1,-8.4688,0.3072025776,5.0282611847,,0.3478260869565217,0.6153846153846154,0,1,-9.11435,0.2997985482,4.8470592499,,0.391304347826087,0.6153846153846154,0,1,-7.83846,0.298614651,4.9982542992,,0.217391304347826,0.3076923076923077,0,1,-8.74368,0.2981171608,5.0474181175,,0.391304347826087,0.5384615384615384,0,1,10
ZINC000254286803,-7.54594,0.3785317838,4.9707379341,,0.3043478260869565,0.6153846153846154,0,1,-7.88804,0.3380883336,4.7946281433,,0.3478260869565217,0.6153846153846154,0,1,-7.77768,0.3134407997,4.6585364342,,0.4347826086956521,0.7692307692307693,0,1,-6.50708,0.1498821825,3.6228735447,,0.1304347826086956,0.2307692307692307,0,1,-7.42358,0.1178223267,4.182331562,,0.1739130434782608,0.2307692307692307,0,1,-6.67731,0.1131217852,3.9905688763,,0.217391304347826,0.3076923076923077,0,1,-7.55335,0.1117210239,3.3326644897,,0.1304347826086956,0.2307692307692307,0,1,-6.96601,0.1023278981,4.3812656403,,0.3478260869565217,0.6923076923076923,0,1,-6.4868,0.1012362838,3.5236387253,,0.3043478260869565,0.4615384615384615,0,1,-6.58632,0.0990875214,3.8497159481,,0.217391304347826,0.3076923076923077,0,1,10
ZINC000255987921,-8.67,0.8820351362,7.1818752289,,0.7391304347826086,0.9230769230769232,0,1,-7.98126,0.8676152229,6.8863177299,,0.5652173913043478,0.7692307692307693,0,1,-8.55136,0.8450018764,6.8847885132,,0.6956521739130435,0.7692307692307693,0,1,-8.60303,0.8427709937,6.8174347878,,0.6086956521739131,0.7692307692307693,0,1,-7.87106,0.8338580132,6.9220767021,,0.6521739130434783,0.7692307692307693,0,1,-8.30618,0.8330442309,7.0468125343,,0.6521739130434783,0.8461538461538461,0,1,-9.34919,0.8213245273,6.8789048195,,0.6086956521739131,0.7692307692307693,0,1,-7.99001,0.8066640496,6.8529777527,,0.5217391304347826,0.6923076923076923,0,1,-7.72975,0.7630188465,6.8698277473,,0.5217391304347826,0.6923076923076923,0,1,-9.65822,0.7389864922,6.6459369659,,0.6086956521739131,0.7692307692307693,0,1,10
ZINC000299862964,-8.29371,0.1888961792,6.6946778297,,0.7391304347826086,0.6923076923076923,0,1,-7.32768,0.1410920918,6.4877772331,,0.6521739130434783,0.7692307692307693,0,1,-6.65242,0.1003097519,5.2496318817,,0.3043478260869565,0.4615384615384615,0,1,-6.96301,0.0862849802,5.4018292427,,0.3478260869565217,0.3846153846153846,0,1,-9.37887,0.0763431489,6.1643519402,,0.4782608695652174,0.6923076923076923,0,1,-6.51311,0.0731556341,5.1521935463,,0.3043478260869565,0.4615384615384615,0,1,-7.31223,0.0560955666,4.6501755714,,0.217391304347826,0.3846153846153846,0,1,-6.86713,0.0525448546,5.1854972839,,0.3478260869565217,0.4615384615384615,0,1,-6.88293,0.0524056293,5.2630200386,,0.1739130434782608,0.3076923076923077,0,1,-8.32434,0.0517780669,4.7816023827,,0.4782608695652174,0.6153846153846154,0,1,10
ZINC000334161445,-5.84087,0.2374295294,6.1377487183,,0.6956521739130435,0.9230769230769232,0,1,-4.9863,0.216766879,4.4417176247,,0.3043478260869565,0.3076923076923077,0,1,-4.98232,0.2121655196,3.7714531422,,0.3043478260869565,0.3076923076923077,0,1,-4.93879,0.1790103912,4.3777623177,,0.3043478260869565,0.3076923076923077,0,1,-5.62428,0.1575397253,6.0438599586,,0.4782608695652174,0.7692307692307693,0,1,-5.18938,0.1347178072,4.4806003571,,0.2608695652173913,0.3846153846153846,0,1,-5.31536,0.1197797433,3.7679889202,,0.1739130434782608,0.2307692307692307,0,1,-5.56201,0.1136075854,3.8192460537,,0.391304347826087,0.4615384615384615,0,1,-5.65739,0.1121514738,5.4879021645,,0.5217391304347826,0.6923076923076923,0,1,-5.9465,0.1011357382,4.911716938,,0.3478260869565217,0.3846153846153846,0,1,10
ZINC000409331434,-7.64709,0.3884919286,6.648103714,,0.4782608695652174,0.6153846153846154,0,1,-7.40121,0.3627538979,6.1544213295,,0.5217391304347826,0.6923076923076923,0,1,-6.73974,0.3365343213,6.1309552193,,0.391304347826087,0.4615384615384615,0,1,-8.10335,0.2840304375,5.8971524239,,0.4347826086956521,0.6153846153846154,0,1,-7.50302,0.2727884352,6.1393508911,,0.4782608695652174,0.6153846153846154,0,1,-8.04423,0.2602453828,5.814394474,,0.5217391304347826,0.6153846153846154,0,1,-6.64559,0.2561609447,5.7688508034,,0.5217391304347826,0.6923076923076923,0,1,-7.52566,0.2551527917,5.9659843445,,0.4347826086956521,0.5384615384615384,0,1,-8.46908,0.2410414666,5.955013752,,0.4347826086956521,0.5384615384615384,0,1,-7.11877,0.2401784509,6.087706089,,0.6086956521739131,0.6923076923076923,0,1,10
ZINC000473109172,-7.04401,0.6514877677,5.0586166382,,0.217391304347826,0.3076923076923077,0,1,-7.02938,0.6454717517,4.9820723534,,0.3043478260869565,0.3846153846153846,0,1,-7.02102,0.6056398749,5.3313388824,,0.6086956521739131,0.6923076923076923,0,1,-6.81687,0.5978527665,4.7592778206,,0.3043478260869565,0.3846153846153846,0,1,-7.81524,0.5721497536,5.0297985077,,0.6086956521739131,0.6923076923076923,0,1,-6.71167,0.5565727949,4.5814194679,,0.3478260869565217,0.4615384615384615,0,1,-6.98754,0.5465223193,5.1802940369,,0.4347826086956521,0.6153846153846154,0,1,-6.77061,0.5411298275,5.323846817,,0.4782608695652174,0.6153846153846154,0,1,-7.3578,0.4746345878,4.8292093277,,0.3478260869565217,0.4615384615384615,0,1,-6.95951,0.4457254708,5.2870573997,,0.4347826086956521,0.5384615384615384,0,1,10
ZINC000473109195,-6.802,0.5894550681,4.8979849815,,0.217391304347826,0.3076923076923077,0,1,-6.68893,0.5139990449,4.8835368156,,0.217391304347826,0.3076923076923077,0,1,-6.03756,0.4748525918,4.514559269,,0.217391304347826,0.3076923076923077,0,1,-6.15731,0.451159507,4.6186814308,,0.217391304347826,0.3076923076923077,0,1,-6.8583,0.3493835926,5.1098747253,,0.3478260869565217,0.6153846153846154,0,1,-6.64856,0.3406668007,5.0886278152,,0.3478260869565217,0.4615384615384615,0,1,-7.06069,0.3322468102,5.1531524658,,0.391304347826087,0.4615384615384615,0,1,-7.06442,0.3125434816,4.9378590584,,0.5652173913043478,0.6923076923076923,0,1,-6.7627,0.3090877533,4.8120040894,,0.3478260869565217,0.4615384615384615,0,1,-7.69838,0.3082250953,5.0633678436,,0.391304347826087,0.4615384615384615,0,1,10
ZINC000473109500,-6.65676,0.4646673799,4.4300994873,,0.3043478260869565,0.4615384615384615,0,1,-6.73762,0.4465884268,4.8445820808,,0.4782608695652174,0.6923076923076923,0,1,-6.58886,0.4393378794,5.1944279671,,0.4782608695652174,0.6153846153846154,0,1,-6.42165,0.4265295267,4.2964711189,,0.2608695652173913,0.3846153846153846,0,1,-6.75807,0.4143104851,4.3922214508,,0.3478260869565217,0.4615384615384615,0,1,-6.57347,0.3986231089,4.3739528656,,0.391304347826087,0.4615384615384615,0,1,-7.83218,0.3911191821,4.771566391,,0.3478260869565217,0.5384615384615384,0,1,-8.53051,0.3095897436,4.9254755974,,0.3043478260869565,0.4615384615384615,0,1,-6.54458,0.3004885316,4.4036574364,,0.2608695652173913,0.3846153846153846,0,1,-7.52092,0.2956513464,4.8711428642,,0.391304347826087,0.4615384615384615,0,1,10
ZINC000473153105,-5.81696,0.797621429,5.5261836052,,0.4782608695652174,0.5384615384615384,0,1,-6.37137,0.4970909655,4.807185173,,0.5217391304347826,0.5384615384615384,0,1,-5.9006,0.4649356306,4.5203251839,,0.3043478260869565,0.4615384615384615,0,1,-6.5632,0.3844054341,4.365776062,,0.217391304347826,0.4615384615384615,0,1,-6.35397,0.3492445946,4.7639765739,,0.3043478260869565,0.3076923076923077,0,1,-6.97144,0.3403312266,5.2176818848,,0.217391304347826,0.2307692307692307,0,1,-6.35775,0.3294478357,4.5031819344,,0.0869565217391304,0.1538461538461538,0,1,-6.70439,0.3247132003,4.4845004082,,0.0869565217391304,0.1538461538461538,0,1,-6.90425,0.3148143291,4.5924391747,,0.3043478260869565,0.4615384615384615,0,1,-6.92008,0.3079142869,4.4493975639,,0.3043478260869565,0.4615384615384615,0,1,10
ZINC000504668886,-6.72144,0.6545859575,5.3863053322,,0.2608695652173913,0.3076923076923077,0,1,-6.45986,0.6311314106,5.036655426,,0.3043478260869565,0.3846153846153846,0,1,-7.8677,0.5630562901,5.8421120644,,0.4347826086956521,0.5384615384615384,0,1,-8.08079,0.5085031986,5.9804244041,,0.4347826086956521,0.5384615384615384,0,1,-8.17215,0.4183364809,5.6386413574,,0.391304347826087,0.6153846153846154,0,1,-8.078,0.3556575477,5.104362011,,0.217391304347826,0.4615384615384615,0,1,-6.87272,0.3542608023,4.8235402107,,0.1739130434782608,0.2307692307692307,0,1,-7.49389,0.353310138,5.3421344757,,0.3043478260869565,0.4615384615384615,0,1,-8.1598,0.3439340591,5.1594238281,,0.217391304347826,0.4615384615384615,0,1,-6.91947,0.3286384046,5.4657568932,,0.391304347826087,0.5384615384615384,0,1,10
ZINC000606629669,-7.33971,0.6849081516,6.0892834663,,0.6086956521739131,0.6923076923076923,0,1,-7.12265,0.5150926113,6.1054954529,,0.6086956521739131,0.6923076923076923,0,1,-8.01161,0.3245803714,5.9314208031,,0.391304347826087,0.6153846153846154,0,1,-7.08627,0.2698125243,5.2148208618,,0.3478260869565217,0.4615384615384615,0,1,-6.40058,0.2126115561,4.8165206909,,0.4782608695652174,0.5384615384615384,0,1,-8.14713,0.2091663778,5.4355034828,,0.5652173913043478,0.7692307692307693,1,1,-8.39644,0.1987377107,5.1574034691,,0.4782608695652174,0.6923076923076923,0,1,-8.42438,0.1973891556,5.5130138397,,0.6086956521739131,0.8461538461538461,0,1,-5.89031,0.194788903,5.0190186501,,0.4347826086956521,0.4615384615384615,0,1,-7.51482,0.1794172972,4.8211784363,,0.3478260869565217,0.4615384615384615,0,1,10
ZINC000616586438,-7.37079,0.5227675438,5.5419173241,,0.6956521739130435,0.9230769230769232,0,1,-7.37287,0.3362127244,5.4456534386,,0.6086956521739131,0.7692307692307693,0,1,-6.81297,0.2678179741,5.0035858154,,0.6086956521739131,0.7692307692307693,0,1,-6.75382,0.2451707721,5.0703234673,,0.5652173913043478,0.6153846153846154,0,1,-7.16591,0.2332444638,5.064646244,,0.6521739130434783,0.7692307692307693,0,1,-7.21785,0.1138836443,4.5052142143,,0.3043478260869565,0.3846153846153846,0,1,-7.84489,0.1046957448,3.800442934,,0.3043478260869565,0.3846153846153846,0,1,-6.37565,0.0953978524,3.8473396301,,0.3043478260869565,0.4615384615384615,0,1,-6.40932,0.0936465487,4.5007228851,,0.2608695652173913,0.3846153846153846,0,1,-6.25236,0.0896259323,3.343681097,,0.1304347826086956,0.1538461538461538,0,1,10
ZINC000642774822,-6.36803,0.3652910292,4.3438544273,,0.217391304347826,0.2307692307692307,0,1,-6.23014,0.3391792476,4.5597338676,,0.217391304347826,0.2307692307692307,0,1,-6.729,0.2847515643,5.328763485,,0.3478260869565217,0.4615384615384615,0,1,-8.94055,0.2725369632,5.323589325,,0.5217391304347826,0.7692307692307693,0,1,-6.51331,0.2718908191,3.7843818665,,0.3043478260869565,0.3846153846153846,0,1,-6.42309,0.2707721889,3.8694458008,,0.3043478260869565,0.3846153846153846,0,1,-7.281,0.2665481865,4.7431511879,,0.3043478260869565,0.4615384615384615,0,1,-8.00539,0.2588226199,5.1817698479,,0.6086956521739131,0.8461538461538461,0,1,-6.49267,0.2508311868,4.3284745216,,0.3043478260869565,0.3076923076923077,0,1,-6.39776,0.2485701144,4.2167849541,,0.217391304347826,0.2307692307692307,0,1,10
ZINC000642776026,-6.24161,0.7213519812,5.1338305473,,0.2608695652173913,0.3076923076923077,0,1,-6.13841,0.3928935826,4.3692278862,,0.2608695652173913,0.3076923076923077,0,1,-6.4375,0.3475128412,5.0207295418,,0.4347826086956521,0.6923076923076923,0,1,-7.27211,0.3312549591,5.2215237617,,0.5217391304347826,0.7692307692307693,0,1,-5.93116,0.3295098543,4.5137429237,,0.3478260869565217,0.3846153846153846,0,1,-6.46499,0.327168256,4.5800652504,,0.3043478260869565,0.4615384615384615,0,1,-8.14691,0.2964816988,4.8533248901,,0.2608695652173913,0.4615384615384615,0,1,-7.54414,0.2456905842,4.6826152802,,0.3043478260869565,0.4615384615384615,0,1,-7.20223,0.2313966751,4.6432437897,,0.2608695652173913,0.3076923076923077,0,1,-7.28837,0.2234003097,4.6787929535,,0.3043478260869565,0.3846153846153846,0,1,10
ZINC000642887477,-6.25028,0.3028685153,5.1357417107,,0.3478260869565217,0.3846153846153846,0,1,-7.84023,0.2189429998,6.1909356117,,0.2608695652173913,0.3076923076923077,0,1,-6.45122,0.2127964348,6.4454045296,,0.5652173913043478,0.8461538461538461,0,1,-6.63091,0.1986965835,6.2137680054,,0.4782608695652174,0.6153846153846154,0,1,-7.04686,0.1921860278,6.758207798,,0.4782608695652174,0.6153846153846154,0,1,-7.40308,0.1899413466,6.1826844215,,0.4782608695652174,0.6923076923076923,0,1,-7.33033,0.1841279715,5.9682102203,,0.3478260869565217,0.4615384615384615,0,1,-7.73894,0.176010102,5.8390617371,,0.391304347826087,0.4615384615384615,0,1,-6.18926,0.166769132,4.7649521828,,0.2608695652173913,0.2307692307692307,0,1,-7.51986,0.1665111035,5.0198616982,,0.391304347826087,0.5384615384615384,0,1,10
ZINC000642887523,-6.69306,0.2815483212,6.800681591,,0.4347826086956521,0.6153846153846154,0,1,-6.42258,0.2811712623,5.1363720894,,0.3478260869565217,0.3076923076923077,0,1,-6.40596,0.1979677379,5.2977976799,,0.391304347826087,0.3846153846153846,0,1,-6.25924,0.188252762,5.8543162346,,0.1304347826086956,0.1538461538461538,0,1,-7.24205,0.1434062868,6.471804142,,0.217391304347826,0.3846153846153846,0,1,-8.06675,0.1407274455,6.6910738945,,0.3478260869565217,0.5384615384615384,0,1,-7.10323,0.1311414242,5.1287560463,,0.1304347826086956,0.1538461538461538,0,1,-6.97091,0.1234679818,5.0969247818,,0.0869565217391304,0.0769230769230769,0,1,-7.39542,0.1228350997,6.768643856,,0.391304347826087,0.5384615384615384,0,1,-7.60177,0.1191432029,6.4336166382,,0.1739130434782608,0.2307692307692307,0,1,10
ZINC000725443253,-5.4972,0.5147328377,4.4321007729,,0.3043478260869565,0.3846153846153846,0,1,-6.44631,0.4683969021,5.2402863503,,0.6086956521739131,0.7692307692307693,0,1,-7.92531,0.4387116134,4.511692524,,0.3478260869565217,0.3846153846153846,0,1,-5.6501,0.1694691479,4.4601211548,,0.2608695652173913,0.3846153846153846,0,1,-6.89314,0.1602883786,4.5695285797,,0.3043478260869565,0.3846153846153846,0,1,-8.3723,0.1538639069,4.0630021095,,0.3478260869565217,0.3846153846153846,0,1,-8.44332,0.1398406774,4.1011252403,,0.3478260869565217,0.3846153846153846,0,1,-6.61097,0.1298681498,4.8155245781,,0.4347826086956521,0.6153846153846154,0,1,-6.16363,0.1069296375,4.2185254097,,0.3043478260869565,0.3846153846153846,0,1,-6.55944,0.08912687,4.3912906647,,0.3043478260869565,0.3846153846153846,0,1,10
ZINC000742687838,-7.25191,0.8615621924,6.9108505249,,0.5652173913043478,0.6923076923076923,0,1,-7.57024,0.8432497978,6.8528914452,,0.4782608695652174,0.6153846153846154,0,1,-7.53368,0.8104428649,6.8405442238,,0.5217391304347826,0.6153846153846154,0,1,-7.61879,0.8060575724,6.8660812378,,0.391304347826087,0.5384615384615384,0,1,-8.58304,0.8043789268,6.7530798912,,0.4782608695652174,0.5384615384615384,0,1,-8.11622,0.7925409675,6.9698596001,,0.5652173913043478,0.6923076923076923,0,1,-7.49115,0.7922204137,6.6199660301,,0.4347826086956521,0.4615384615384615,0,1,-8.7716,0.7588093877,6.9181404114,,0.6086956521739131,0.6923076923076923,0,1,-7.49778,0.7276233435,6.820412159,,0.4782608695652174,0.6153846153846154,0,1,-7.96866,0.6948290467,6.7313919067,,0.391304347826087,0.4615384615384615,0,1,10
ZINC000751281068,-6.45081,0.3560415506,6.5313839912,,0.6086956521739131,0.6923076923076923,0,1,-7.06695,0.3350532651,5.8853740692,,0.6521739130434783,0.7692307692307693,0,1,-6.95817,0.2600834966,5.5085463524,,0.5652173913043478,0.6923076923076923,0,1,-6.52831,0.2312895656,5.5782089233,,0.6086956521739131,0.7692307692307693,0,1,-6.49242,0.2286748737,5.7010264397,,0.3043478260869565,0.3076923076923077,0,1,-7.68324,0.2169608772,5.5494399071,,0.5652173913043478,0.6923076923076923,0,1,-6.49074,0.2118211687,5.5984244347,,0.4782608695652174,0.6923076923076923,0,1,-6.23413,0.2083888948,5.2884030342,,0.4782608695652174,0.6153846153846154,0,1,-6.81492,0.1984612197,5.8678383827,,0.3478260869565217,0.4615384615384615,0,1,-7.41492,0.1966727376,5.648414135,,0.6086956521739131,0.7692307692307693,0,1,10
ZINC000757457381,-7.43485,0.5281617045,6.34410429,,0.3043478260869565,0.3846153846153846,0,1,-6.64118,0.5226088166,6.1268634796,,0.3043478260869565,0.5384615384615384,0,1,-7.2202,0.4801205099,6.5402622223,,0.3478260869565217,0.3846153846153846,0,1,-6.40381,0.3635318577,6.493373394,,0.391304347826087,0.6153846153846154,0,1,-6.99925,0.3124538958,6.2556996346,,0.4347826086956521,0.5384615384615384,0,1,-7.02879,0.3067288995,5.8781337738,,0.3043478260869565,0.3846153846153846,0,1,-7.30798,0.300568074,6.1623463631,,0.3478260869565217,0.3846153846153846,0,1,-6.97628,0.2969540358,5.2555370331,,0.1739130434782608,0.2307692307692307,0,1,-7.49305,0.2656819224,6.1529421806,,0.391304347826087,0.6153846153846154,0,1,-6.33021,0.2652980387,5.7724266052,,0.3043478260869565,0.3846153846153846,0,1,10
ZINC000771898186,-7.20863,0.8452621698,6.4671082497,,0.5652173913043478,0.6923076923076923,0,1,-7.03989,0.822604835,6.2324371338,,0.6521739130434783,0.6923076923076923,0,1,-6.50249,0.5381110311,5.8626766205,,0.6086956521739131,0.6923076923076923,0,1,-6.30282,0.4003910422,6.0984683037,,0.5217391304347826,0.6923076923076923,0,1,-6.36489,0.3789032102,5.3423905373,,0.3043478260869565,0.3076923076923077,0,1,-7.10217,0.3100963235,4.7395968437,,0.3043478260869565,0.3076923076923077,0,1,-6.64323,0.2946254611,4.7099871635,,0.217391304347826,0.3076923076923077,0,1,-6.88791,0.2681488991,4.6559376717,,0.3043478260869565,0.3076923076923077,0,1,-7.02159,0.2547276616,5.3415865898,,0.4782608695652174,0.5384615384615384,0,1,-6.15339,0.2266451716,4.7871785164,,0.217391304347826,0.3076923076923077,0,1,10
ZINC000779845576,-6.74182,0.3076789379,5.4944782257,,0.1739130434782608,0.2307692307692307,0,1,-7.04072,0.3051228821,5.4071831703,,0.3043478260869565,0.5384615384615384,0,1,-6.10888,0.2965979278,5.7263541222,,0.217391304347826,0.3846153846153846,0,1,-6.60453,0.2961812615,5.5507621765,,0.5652173913043478,0.6923076923076923,0,1,-6.5858,0.2787560225,5.5758399963,,0.217391304347826,0.3076923076923077,0,1,-6.4665,0.2667116821,5.1730360985,,0.4347826086956521,0.5384615384615384,0,1,-6.29178,0.2624808848,5.5855145454,,0.5652173913043478,0.6153846153846154,0,1,-6.18456,0.2610734701,5.4009394646,,0.391304347826087,0.5384615384615384,0,1,-6.23164,0.2353146076,5.3670902252,,0.4347826086956521,0.5384615384615384,0,1,-5.99379,0.2291740924,5.17852211,,0.3478260869565217,0.4615384615384615,0,1,10
ZINC000779846170,-7.49884,0.3555730879,5.0021967888,,0.4782608695652174,0.5384615384615384,0,1,-7.60911,0.3424247503,5.1278147697,,0.4782608695652174,0.5384615384615384,0,1,-6.70278,0.3169983327,5.2233204842,,0.3043478260869565,0.4615384615384615,0,1,-7.59021,0.3066666424,5.2392811775,,0.4347826086956521,0.5384615384615384,0,1,-7.56304,0.2818071842,5.3330674171,,0.391304347826087,0.5384615384615384,0,1,-7.54824,0.2809788585,4.8865718842,,0.4347826086956521,0.5384615384615384,0,1,-7.62437,0.2626546919,5.0419392586,,0.3478260869565217,0.4615384615384615,0,1,-6.40031,0.2393720299,4.5575575829,,0.217391304347826,0.2307692307692307,0,1,-7.42307,0.2167069614,4.9374842644,,0.2608695652173913,0.4615384615384615,0,1,-7.1358,0.2149185389,5.0611367226,,0.391304347826087,0.5384615384615384,0,1,10
ZINC000888085258,-7.53958,0.16075477,4.7595524788,,0.5217391304347826,0.6153846153846154,0,1,-5.85384,0.1374972314,3.8818340302,,0.1739130434782608,0.2307692307692307,0,1,-6.13252,0.131942153,4.257586956,,0.3043478260869565,0.5384615384615384,0,1,-5.82726,0.1252182871,3.7659072876,,0.217391304347826,0.2307692307692307,0,1,-6.5504,0.117799677,4.0380554199,,0.2608695652173913,0.4615384615384615,0,1,-6.01785,0.1052077785,3.4490420818,,0.217391304347826,0.3076923076923077,0,1,-5.94332,0.1047530994,4.263449192,,0.1304347826086956,0.1538461538461538,0,1,-5.74376,0.1039393842,3.3599796295,,0.1739130434782608,0.2307692307692307,0,1,-6.12926,0.0982832983,4.0965929031,,0.217391304347826,0.3076923076923077,0,1,-7.48726,0.0917790383,3.9576194286,,0.3478260869565217,0.4615384615384615,1,1,10
ZINC000906375930,-6.54897,0.2872163057,6.300693512,,0.5652173913043478,0.7692307692307693,0,1,-7.04383,0.281642139,5.1737647057,,0.2608695652173913,0.3076923076923077,0,1,-8.39484,0.272213459,5.9757461548,,0.5652173913043478,0.6923076923076923,0,1,-6.74493,0.2489704639,5.9092907906,,0.6086956521739131,0.7692307692307693,0,1,-6.44948,0.2341904938,6.1333622932,,0.6086956521739131,0.6153846153846154,0,1,-7.71626,0.2320899516,5.8466162682,,0.6086956521739131,0.7692307692307693,0,1,-8.86518,0.2254076004,5.5409264565,,0.5217391304347826,0.6153846153846154,0,1,-6.25965,0.2228140831,4.5108208656,,0.217391304347826,0.3076923076923077,0,1,-6.46441,0.2165854275,4.7062764168,,0.217391304347826,0.2307692307692307,0,1,-6.31148,0.2164017707,4.4240999222,,0.391304347826087,0.4615384615384615,0,1,10
ZINC000921295497,-6.40666,0.4803839028,6.4846305847,,0.6956521739130435,0.8461538461538461,0,1,-6.04032,0.1920240223,5.5390472412,,0.2608695652173913,0.3076923076923077,0,1,-6.14977,0.1888370812,5.7239975929,,0.217391304347826,0.3076923076923077,0,1,-6.87047,0.1789262295,5.0819821358,,0.2608695652173913,0.3076923076923077,0,1,-5.93425,0.1657674909,5.6001124382,,0.2608695652173913,0.3076923076923077,0,1,-6.01364,0.1644472033,5.3208994865,,0.217391304347826,0.2307692307692307,0,1,-7.16994,0.1625263691,5.6553635597,,0.3478260869565217,0.5384615384615384,0,1,-6.72715,0.1624037027,5.4734344482,,0.2608695652173913,0.3076923076923077,0,1,-6.30575,0.1565930396,5.367743969,,0.3478260869565217,0.6923076923076923,0,1,-7.00284,0.1434373856,5.0688781738,,0.3043478260869565,0.5384615384615384,0,1,10
ZINC001084293190,-5.73446,0.4563475549,5.489215374,,0.4782608695652174,0.6153846153846154,0,1,-6.24741,0.3682178259,4.5942835808,,0.391304347826087,0.3846153846153846,0,1,-6.64737,0.3446723819,5.3192219734,,0.391304347826087,0.5384615384615384,0,1,-5.83671,0.3297513127,6.2377686501,,0.391304347826087,0.5384615384615384,0,1,-6.03136,0.279843986,4.6892666817,,0.217391304347826,0.3846153846153846,0,1,-6.05753,0.2768520415,4.6613345146,,0.391304347826087,0.5384615384615384,0,1,-6.8532,0.2728219032,4.7332286835,,0.4782608695652174,0.5384615384615384,0,1,-5.85666,0.2660819292,4.5076022148,,0.2608695652173913,0.3846153846153846,0,1,-6.01046,0.2521708608,4.392718792,,0.3478260869565217,0.4615384615384615,0,1,-5.68423,0.2081584185,4.3032126427,,0.3043478260869565,0.3846153846153846,0,1,10
ZINC001085194944,-7.14615,0.3174886703,5.7611870766,,0.2608695652173913,0.3076923076923077,0,1,-5.75038,0.2985289395,5.295317173,,0.3043478260869565,0.3846153846153846,0,1,-6.47959,0.2509115338,5.4052329063,,0.3478260869565217,0.4615384615384615,0,1,-6.92264,0.2363905162,5.6630783081,,0.3478260869565217,0.5384615384615384,0,1,-6.90736,0.2169901282,5.3846297264,,0.4782608695652174,0.5384615384615384,0,1,-6.81954,0.2068245858,6.0639667511,,0.3478260869565217,0.5384615384615384,0,1,-6.22632,0.202286303,5.5786118507,,0.391304347826087,0.5384615384615384,0,1,-6.88904,0.1799984574,5.4751338959,,0.3043478260869565,0.3846153846153846,0,1,-6.2669,0.1720647812,6.2145628929,,0.3043478260869565,0.4615384615384615,0,1,-5.81913,0.1677687019,5.4542298317,,0.391304347826087,0.6153846153846154,0,1,10
ZINC001142178638,-6.29589,0.2791746557,6.4961605072,,0.5217391304347826,0.6153846153846154,0,1,-6.97303,0.2480677068,6.023706913,,0.4782608695652174,0.6923076923076923,0,1,-6.29322,0.2429763079,6.2790455818,,0.5652173913043478,0.7692307692307693,0,1,-6.81512,0.2158747464,6.2821927071,,0.5652173913043478,0.6923076923076923,0,1,-6.29882,0.1740889996,6.3368058205,,0.5217391304347826,0.6923076923076923,0,1,-6.48944,0.1682367027,5.4459815025,,0.2608695652173913,0.2307692307692307,0,1,-7.10697,0.136489287,5.5680217743,,0.3043478260869565,0.4615384615384615,0,1,-6.90701,0.126168564,5.7034592628,,0.3478260869565217,0.5384615384615384,0,1,-6.6129,0.115769349,5.8853702545,,0.4347826086956521,0.6153846153846154,0,1,-6.43629,0.0964390114,5.6261138916,,0.217391304347826,0.3846153846153846,0,1,10
ZINC001142186139,-7.34119,0.1653927416,6.3795700073,,0.4782608695652174,0.6923076923076923,0,1,-6.17198,0.1598975509,5.0120635033,,0.3043478260869565,0.3076923076923077,0,1,-6.77373,0.1520140469,6.0061860085,,0.3478260869565217,0.5384615384615384,0,1,-8.10077,0.1431645602,6.1892776489,,0.5217391304347826,0.6923076923076923,0,1,-6.64424,0.1223119572,6.2339596748,,0.4782608695652174,0.6923076923076923,0,1,-6.52514,0.0946526751,4.8873028755,,0.1304347826086956,0.1538461538461538,0,1,-7.31933,0.0905320197,4.9677467346,,0.1304347826086956,0.1538461538461538,0,1,-7.46487,0.0849511176,5.8450131416,,0.391304347826087,0.5384615384615384,0,1,-6.74558,0.076527521,5.4882583618,,0.4347826086956521,0.5384615384615384,0,1,-7.68798,0.0754161105,5.5381875038,,0.4782608695652174,0.6153846153846154,0,1,10
ZINC001142590603,-5.65752,0.3114902377,6.3239970207,,0.5217391304347826,0.6153846153846154,1,1,-5.97969,0.1269060373,6.0219655037,,0.5652173913043478,0.9230769230769232,0,1,-5.16384,0.1178979576,6.2628669739,,0.5652173913043478,0.8461538461538461,0,1,-6.5768,0.1037167907,4.5315885544,,0.3043478260869565,0.4615384615384615,0,1,-5.85048,0.1021348536,4.9234099388,,0.3478260869565217,0.3076923076923077,0,1,-5.41718,0.08544451,4.426346302,,0.0869565217391304,0.0769230769230769,0,1,-6.17582,0.0851909891,4.6688728333,,0.2608695652173913,0.3846153846153846,0,1,-6.49913,0.082836397,4.4405837059,,0.1304347826086956,0.2307692307692307,0,1,-6.96537,0.081279926,4.4624462128,,0.2608695652173913,0.3846153846153846,0,1,-7.62315,0.0798351988,5.551815033,,0.3478260869565217,0.6153846153846154,0,1,10
ZINC001143063339,-6.8227,0.6309520602,6.3674583435,,0.5217391304347826,0.6153846153846154,1,1,-6.59187,0.3882540762,5.9809861183,,0.5217391304347826,0.6153846153846154,0,1,-6.28872,0.1849754006,4.8021869659,,0.1304347826086956,0.1538461538461538,0,1,-5.71037,0.1303176284,5.584426403,,0.3043478260869565,0.4615384615384615,0,1,-5.75246,0.1289320737,4.5753555298,,0.0869565217391304,0.1538461538461538,0,1,-5.96234,0.1097897142,5.4409141541,,0.2608695652173913,0.3076923076923077,0,1,-7.32287,0.0996761918,6.0873417854,,0.391304347826087,0.7692307692307693,0,1,-6.52771,0.0962530598,5.6838493347,,0.391304347826087,0.7692307692307693,0,1,-6.15575,0.0761754289,4.1817245483,,0.1739130434782608,0.2307692307692307,0,1,-7.20611,0.0748989284,5.9621639252,,0.3478260869565217,0.4615384615384615,0,1,10
ZINC001143188761,-5.2647,0.3301385045,5.1068325043,,0.2608695652173913,0.3076923076923077,0,1,-6.7253,0.1881045103,6.0764713287,,0.3478260869565217,0.5384615384615384,0,1,-5.88564,0.148520276,6.3067302704,,0.6086956521739131,0.7692307692307693,0,1,-7.49564,0.1354045421,5.9618735313,,0.391304347826087,0.5384615384615384,0,1,-5.39664,0.1052979007,5.3890776634,,0.2608695652173913,0.4615384615384615,0,1,-5.53622,0.0865332335,6.0348124504,,0.4347826086956521,0.6153846153846154,0,1,-5.88077,0.076954551,4.4647846222,,0.217391304347826,0.3076923076923077,0,1,-5.35471,0.0693942979,3.8159892559,,0.2608695652173913,0.3076923076923077,0,1,-5.19615,0.0688694045,4.1657185555,,0.2608695652173913,0.2307692307692307,0,1,-5.35821,0.0678956956,4.1274013519,,0.1304347826086956,0.1538461538461538,0,1,10
ZINC001144180683,-6.24175,0.1490543038,5.751909256,,0.6956521739130435,0.7692307692307693,0,1,-7.81623,0.1219029129,5.5461673737,,0.5217391304347826,0.6923076923076923,0,1,-7.09921,0.11557924,5.4745812416,,0.5217391304347826,0.6923076923076923,0,1,-5.3539,0.0994109288,3.8690764904,,0.1739130434782608,0.2307692307692307,0,1,-5.85652,0.0915347859,5.0443172455,,0.217391304347826,0.2307692307692307,0,1,-5.80079,0.0900613889,4.9064350128,,0.391304347826087,0.3846153846153846,0,1,-7.53098,0.0716571733,4.746837616,,0.1304347826086956,0.1538461538461538,0,1,-5.71634,0.0715800747,5.4493384361,,0.5652173913043478,0.6923076923076923,0,1,-7.76631,0.0707866624,4.1740984917,,0.217391304347826,0.3076923076923077,0,1,-5.77383,0.0677865148,4.5781388283,,0.2608695652173913,0.2307692307692307,0,1,10
ZINC001152235537,-5.73768,0.3555016518,4.2316236496,,0.1304347826086956,0.2307692307692307,0,1,-6.05896,0.25203228,4.5230298042,,0.1304347826086956,0.2307692307692307,0,1,-7.06587,0.191411972,5.546687603,,0.391304347826087,0.6153846153846154,0,1,-6.13075,0.1899696141,4.4654421806,,0.2608695652173913,0.3076923076923077,0,1,-7.09798,0.1862343401,4.208460331,,0.3478260869565217,0.3846153846153846,0,1,-6.07238,0.1812624335,4.2489433289,,0.2608695652173913,0.3076923076923077,0,1,-5.75963,0.1768566966,3.816668272,,0.1739130434782608,0.2307692307692307,0,1,-5.92236,0.1523056179,4.0425028801,,0.217391304347826,0.3846153846153846,0,1,-5.8557,0.1521149278,4.8364863396,,0.2608695652173913,0.3076923076923077,0,1,-6.01389,0.1492887139,3.6184215546,,0.0,0.0,0,1,10
ZINC001152235739,-5.4701,0.2518030107,4.2119908333,,0.3043478260869565,0.3076923076923077,0,1,-5.11002,0.2450872213,4.4918980598,,0.2608695652173913,0.2307692307692307,0,1,-5.31911,0.244743064,4.3578372002,,0.3043478260869565,0.3076923076923077,0,1,-5.5893,0.2038731426,4.4676241875,,0.2608695652173913,0.3076923076923077,0,1,-5.50271,0.1751347631,4.3783836365,,0.217391304347826,0.3076923076923077,0,1,-5.48381,0.1706369817,4.5672850609,,0.1304347826086956,0.1538461538461538,0,1,-5.12487,0.1697679013,3.7717254162,,0.1739130434782608,0.2307692307692307,0,1,-5.15156,0.1571022272,4.1809630394,,0.1739130434782608,0.2307692307692307,0,1,-5.5438,0.1560054123,4.4997520447,,0.2608695652173913,0.3076923076923077,0,1,-5.41406,0.1451010257,3.8209564686,,0.1739130434782608,0.3076923076923077,0,1,10
ZINC001163076757,-5.28901,0.6553350687,5.7892303467,,0.217391304347826,0.3076923076923077,0,1,-7.55444,0.1626347303,5.9443984032,,0.4782608695652174,0.6153846153846154,0,1,-6.69438,0.1535252482,5.7695431709,,0.4782608695652174,0.6153846153846154,0,1,-5.74232,0.1413926035,5.2594561577,,0.391304347826087,0.3846153846153846,0,1,-5.84244,0.138364777,5.1975550652,,0.0869565217391304,0.1538461538461538,0,1,-5.27252,0.1366458237,5.0492415428,,0.2608695652173913,0.3076923076923077,0,1,-5.69374,0.0922581926,4.9835586548,,0.4347826086956521,0.3846153846153846,0,1,-5.19455,0.0917653516,4.2365489006,,0.1304347826086956,0.1538461538461538,0,1,-6.8039,0.0871909112,5.2447285652,,0.4347826086956521,0.4615384615384615,0,1,-5.9439,0.0832654014,5.6708106995,,0.4782608695652174,0.5384615384615384,0,1,10
ZINC001163076931,-5.78386,0.465142101,5.840965271,,0.3043478260869565,0.3076923076923077,0,1,-5.50962,0.419644773,5.8024897575,,0.217391304347826,0.2307692307692307,0,1,-5.34118,0.350353241,5.2817249298,,0.3478260869565217,0.3846153846153846,0,1,-5.75956,0.2077356726,5.136505127,,0.0434782608695652,0.0769230769230769,0,1,-5.54175,0.1751588285,5.3542671204,,0.217391304347826,0.2307692307692307,0,1,-5.30859,0.1613031328,5.1182608604,,0.217391304347826,0.3076923076923077,0,1,-5.23711,0.155460313,5.1483712196,,0.2608695652173913,0.3076923076923077,0,1,-5.62404,0.1366800964,5.0730876923,,0.0869565217391304,0.0769230769230769,0,1,-5.4675,0.1031734273,5.2810668945,,0.3478260869565217,0.3846153846153846,0,1,-6.10868,0.1021113992,5.7801327705,,0.4782608695652174,0.6153846153846154,0,1,10
ZINC001163077674,-6.83151,0.2973715067,6.3413162231,,0.6086956521739131,0.7692307692307693,0,1,-6.6506,0.2717494667,6.2952752113,,0.5652173913043478,0.6923076923076923,0,1,-6.53191,0.2338739634,6.0077052116,,0.5652173913043478,0.6153846153846154,0,1,-6.4517,0.225987643,6.4584770203,,0.4782608695652174,0.6923076923076923,0,1,-6.3426,0.1312014312,5.9095664024,,0.217391304347826,0.3846153846153846,0,1,-5.45487,0.1073248014,4.9519600868,,0.0869565217391304,0.1538461538461538,0,1,-5.70731,0.102582328,5.1940569878,,0.217391304347826,0.3076923076923077,0,1,-5.76595,0.1001298353,4.419084549,,0.1304347826086956,0.2307692307692307,0,1,-6.38113,0.0985259563,5.6484427452,,0.217391304347826,0.3846153846153846,0,1,-6.23223,0.0977412611,5.764213562,,0.3478260869565217,0.4615384615384615,0,1,10
ZINC001178373204,-9.1229,0.7886483669,6.8300461769,,0.6521739130434783,0.6153846153846154,0,1,-8.8273,0.7818319798,6.6573829651,,0.6086956521739131,0.6153846153846154,0,1,-8.02955,0.7735329866,7.0250530243,,0.6086956521739131,0.5384615384615384,0,1,-7.76085,0.6514808536,6.8635201454,,0.6521739130434783,0.6153846153846154,0,1,-7.6247,0.6223705411,6.7871055603,,0.6086956521739131,0.6153846153846154,0,1,-7.49818,0.6183941364,6.6806015968,,0.5652173913043478,0.5384615384615384,0,1,-7.02127,0.5093567967,6.533094883,,0.5652173913043478,0.5384615384615384,0,1,-7.13166,0.5005964041,6.5493330956,,0.4347826086956521,0.5384615384615384,0,1,-6.85157,0.3751507401,6.7122206688,,0.4782608695652174,0.5384615384615384,0,1,-7.35888,0.1388266832,5.9343490601,,0.4347826086956521,0.5384615384615384,0,1,10
ZINC001178374743,-6.29482,0.2737967968,5.3366589546,,0.217391304347826,0.3846153846153846,0,1,-5.61916,0.2521221936,5.4544701576,,0.3478260869565217,0.3846153846153846,0,1,-6.06675,0.1790665835,4.7206401825,,0.3043478260869565,0.4615384615384615,0,1,-5.49585,0.1679750383,4.5768508911,,0.3043478260869565,0.3846153846153846,0,1,-6.13188,0.1641317159,5.8007445335,,0.4347826086956521,0.6923076923076923,0,1,-6.33845,0.1504329592,4.9574847221,,0.217391304347826,0.3846153846153846,0,1,-4.90663,0.1497596353,4.4311666489,,0.217391304347826,0.3076923076923077,0,1,-4.85239,0.1420646757,4.1946754456,,0.1739130434782608,0.1538461538461538,0,1,-4.78868,0.1407342404,4.1220479012,,0.2608695652173913,0.3846153846153846,0,1,-5.48036,0.1289178878,4.7540841103,,0.217391304347826,0.3846153846153846,0,1,10
ZINC001181791033,-4.81779,0.6474631429,4.1546425819,,0.0869565217391304,0.1538461538461538,0,1,-5.58332,0.6082135439,4.6903471947,,0.3043478260869565,0.3076923076923077,0,1,-5.49975,0.5691533089,4.713429451,,0.3478260869565217,0.3076923076923077,0,1,-5.06508,0.5175555944,4.1449313164,,0.3043478260869565,0.3076923076923077,0,1,-4.77383,0.4737333953,4.5200452805,,0.2608695652173913,0.3076923076923077,0,1,-4.63364,0.4336762428,4.1421604156,,0.1739130434782608,0.2307692307692307,0,1,-4.7414,0.4310259223,4.0217146873,,0.217391304347826,0.2307692307692307,0,1,-4.61009,0.4231307209,3.990156889,,0.217391304347826,0.2307692307692307,0,1,-5.25572,0.4117105305,3.9672515392,,0.217391304347826,0.3076923076923077,0,1,-5.01214,0.4069769084,3.6555759907,,0.217391304347826,0.2307692307692307,0,1,10
ZINC001187138705,-4.94164,0.2966667116,4.9465994835,,0.2608695652173913,0.3076923076923077,0,1,-5.61394,0.1973302215,5.555659771,,0.391304347826087,0.4615384615384615,0,1,-5.4238,0.1758779883,4.5801548958,,0.2608695652173913,0.3076923076923077,0,1,-5.56383,0.1703945845,6.6875901222,,0.4347826086956521,0.6923076923076923,0,1,-5.51306,0.1673107147,6.4274458885,,0.6521739130434783,0.9230769230769232,0,1,-6.17164,0.1160740852,5.2960057259,,0.0869565217391304,0.0769230769230769,0,1,-6.23502,0.1101433113,5.6160674095,,0.3478260869565217,0.4615384615384615,0,1,-6.10018,0.1098446473,4.7995147705,,0.0869565217391304,0.1538461538461538,0,1,-6.51467,0.0928360447,4.8482012749,,0.1304347826086956,0.1538461538461538,0,1,-6.81606,0.0919476748,4.8434615135,,0.1304347826086956,0.1538461538461538,0,1,10
ZINC001193009463,-6.43093,0.579580307,6.1104049683,,0.5217391304347826,0.6923076923076923,0,1,-7.11564,0.315798521,6.5738682747,,0.4782608695652174,0.6923076923076923,0,1,-7.51197,0.2996438146,6.0566964149,,0.391304347826087,0.5384615384615384,0,1,-5.85125,0.1666276008,5.6620121002,,0.3043478260869565,0.3846153846153846,0,1,-5.35669,0.1341572404,4.1099534035,,0.1739130434782608,0.3076923076923077,0,1,-5.07962,0.1186515167,6.1071190834,,0.3478260869565217,0.4615384615384615,0,1,-5.56536,0.10302452,5.9836826324,,0.5217391304347826,0.6923076923076923,0,1,-5.70833,0.0943601429,5.3016676903,,0.5652173913043478,0.6153846153846154,0,1,-6.30705,0.0929798186,4.8631076813,,0.1739130434782608,0.3076923076923077,0,1,-5.63274,0.0828917995,5.8946843147,,0.4347826086956521,0.5384615384615384,0,1,10
ZINC001193192590,-5.91897,0.3804426789,6.6067352295,,0.6521739130434783,0.6923076923076923,0,1,-5.59844,0.2581418455,6.5346035957,,0.6521739130434783,0.7692307692307693,0,1,-4.92579,0.196716845,5.2289395332,,0.3478260869565217,0.3076923076923077,0,1,-6.75031,0.1739984006,5.8520522118,,0.391304347826087,0.6153846153846154,0,1,-6.28538,0.1699225754,5.8171482086,,0.3478260869565217,0.6153846153846154,0,1,-5.36904,0.1614825577,5.9839439392,,0.6086956521739131,0.7692307692307693,0,1,-5.86229,0.1440652013,6.3066010475,,0.6086956521739131,0.6923076923076923,0,1,-5.82304,0.1436298043,5.7052254677,,0.5217391304347826,0.7692307692307693,0,1,-5.23342,0.1146440655,3.9187171459,,0.1739130434782608,0.2307692307692307,0,1,-5.31983,0.0988430977,4.2067637444,,0.1304347826086956,0.1538461538461538,0,1,10
ZINC001195922152,-4.64082,0.8106358051,3.3921215534,,0.3043478260869565,0.3076923076923077,0,1,-4.81664,0.6971193552,3.4942932129,,0.217391304347826,0.2307692307692307,0,1,-4.83973,0.6965495348,3.5787658691,,0.217391304347826,0.2307692307692307,0,1,-5.60898,0.6334092617,5.0682291985,,0.4782608695652174,0.6923076923076923,0,1,-4.46476,0.6221776009,3.2520265579,,0.2608695652173913,0.3076923076923077,0,1,-6.65341,0.6115074754,5.0815081596,,0.2608695652173913,0.3846153846153846,0,1,-4.60084,0.5553406477,3.3583629131,,0.217391304347826,0.2307692307692307,0,1,-6.41673,0.4946657717,5.0466160774,,0.3478260869565217,0.6153846153846154,0,1,-5.10938,0.4907818437,5.480158329,,0.2608695652173913,0.3846153846153846,0,1,-6.45167,0.4314026535,5.8830990791,,0.3478260869565217,0.4615384615384615,0,1,10
ZINC001199684116,-5.60371,0.226487115,5.0555081367,,0.5217391304347826,0.5384615384615384,0,1,-5.9693,0.1398645043,6.04139328,,0.4347826086956521,0.6923076923076923,0,1,-7.92115,0.1079822108,4.5465254784,,0.217391304347826,0.3076923076923077,0,1,-6.60826,0.0977938622,4.6946868896,,0.1304347826086956,0.3076923076923077,0,1,-6.11023,0.090473704,5.7380032539,,0.3478260869565217,0.5384615384615384,0,1,-6.16868,0.0859912634,5.6802296638,,0.6521739130434783,0.8461538461538461,0,1,-6.42284,0.0845870823,6.0273032188,,0.4347826086956521,0.6153846153846154,0,1,-5.92091,0.0825599208,4.6794471741,,0.3478260869565217,0.3846153846153846,0,1,-6.6285,0.0787717849,5.5901904106,,0.391304347826087,0.5384615384615384,0,1,-5.66482,0.0782918781,5.0127105713,,0.391304347826087,0.3846153846153846,0,1,10
ZINC001202580346,-6.00086,0.2399025559,6.5129475594,,0.6086956521739131,0.7692307692307693,0,1,-6.16625,0.1866921335,6.4048676491,,0.5217391304347826,0.7692307692307693,0,1,-5.03115,0.1370255202,4.2682209015,,0.0869565217391304,0.1538461538461538,0,1,-7.06485,0.1334902644,5.6690998077,,0.3043478260869565,0.5384615384615384,0,1,-5.86878,0.1290898472,6.1528644562,,0.5652173913043478,0.7692307692307693,0,1,-5.21419,0.1210502237,4.4773426056,,0.217391304347826,0.3076923076923077,0,1,-6.01526,0.1209313124,5.2270026207,,0.2608695652173913,0.3846153846153846,0,1,-5.16499,0.1110286564,4.3515515327,,0.0869565217391304,0.1538461538461538,0,1,-5.71231,0.0834397003,5.5460071564,,0.3043478260869565,0.6153846153846154,0,1,-5.41412,0.0796560422,4.5233845711,,0.3478260869565217,0.5384615384615384,0,1,10
ZINC001221382117,-7.03022,0.3292312324,6.3847842216,,0.5652173913043478,0.7692307692307693,0,1,-7.99618,0.2493428439,5.8023719788,,0.217391304347826,0.3846153846153846,0,1,-6.53265,0.2356767058,5.932363987,,0.5217391304347826,0.6923076923076923,0,1,-6.036,0.2182499766,6.0187911987,,0.5652173913043478,0.7692307692307693,0,1,-6.77556,0.1871114969,5.649828434,,0.6086956521739131,0.8461538461538461,0,1,-6.55553,0.1413058043,5.9687914848,,0.5217391304347826,0.6153846153846154,0,1,-7.63879,0.1304234266,6.2233066559,,0.5652173913043478,0.6923076923076923,0,1,-7.83608,0.1182189509,4.7950077057,,0.3043478260869565,0.3846153846153846,0,1,-7.86102,0.1149339229,5.4098114967,,0.217391304347826,0.3846153846153846,0,1,-6.76299,0.1145884991,5.0417790413,,0.217391304347826,0.2307692307692307,0,1,10
ZINC001221382348,-6.60399,0.5040555596,6.2678866386,,0.5217391304347826,0.6923076923076923,0,1,-5.85006,0.2131132185,4.7582015991,,0.1304347826086956,0.1538461538461538,0,1,-5.79206,0.1985315531,5.4191665649,,0.4347826086956521,0.5384615384615384,0,1,-5.80004,0.129363209,5.7937731743,,0.5217391304347826,0.6923076923076923,1,1,-6.9743,0.1173905507,4.9600758553,,0.1739130434782608,0.3076923076923077,0,1,-5.35056,0.109130241,3.9615237713,,0.2608695652173913,0.3076923076923077,0,1,-6.51716,0.1068084314,4.9948372841,,0.2608695652173913,0.3846153846153846,0,1,-6.16991,0.1030510291,5.0729203224,,0.217391304347826,0.3846153846153846,0,1,-6.42301,0.1013854146,4.520963192,,0.217391304347826,0.3846153846153846,0,1,-6.61005,0.0985501483,4.7825789452,,0.217391304347826,0.3846153846153846,0,1,10
ZINC001221382474,-5.97784,0.3590058684,6.5436272621,,0.5217391304347826,0.6923076923076923,0,1,-6.77187,0.2167908251,5.9652104378,,0.3478260869565217,0.6923076923076923,0,1,-7.46889,0.2124243826,6.0554804802,,0.391304347826087,0.6923076923076923,0,1,-5.29346,0.1569513977,6.188803196,,0.4347826086956521,0.6923076923076923,0,1,-6.12673,0.1509192586,6.0094704628,,0.3043478260869565,0.3846153846153846,0,1,-5.61405,0.1480065733,5.7718539238,,0.1739130434782608,0.3076923076923077,0,1,-6.34651,0.1453603506,6.1266465187,,0.3478260869565217,0.4615384615384615,0,1,-5.67805,0.1352603883,5.9215464592,,0.2608695652173913,0.3846153846153846,0,1,-6.04558,0.1210876405,5.1755576134,,0.3478260869565217,0.4615384615384615,0,1,-5.54316,0.1197753102,5.2597570419,,0.2608695652173913,0.3076923076923077,0,1,10
ZINC001224606589,-5.95355,0.8564638495,5.7572550774,,0.6521739130434783,0.6923076923076923,0,1,-7.29099,0.5789294243,5.3122620583,,0.391304347826087,0.5384615384615384,0,1,-6.09719,0.4787626266,4.959250927,,0.4347826086956521,0.5384615384615384,0,1,-5.97239,0.4370364249,4.4538459778,,0.3043478260869565,0.3076923076923077,0,1,-6.04851,0.3709819317,5.7065086365,,0.391304347826087,0.6153846153846154,0,1,-6.1672,0.3683753908,5.1067390442,,0.391304347826087,0.6153846153846154,0,1,-7.23558,0.3327599466,4.7062964439,,0.2608695652173913,0.4615384615384615,0,1,-5.75266,0.3224063814,4.4640431404,,0.3478260869565217,0.5384615384615384,0,1,-5.51315,0.3180204034,5.2419629097,,0.4347826086956521,0.5384615384615384,0,1,-5.59726,0.2928069532,4.0046730042,,0.3043478260869565,0.3076923076923077,0,1,10
ZINC001224608213,-6.11862,0.5109247565,5.6072440147,,0.4782608695652174,0.6153846153846154,0,1,-6.972,0.3353203833,5.7124938965,,0.5217391304347826,0.6153846153846154,0,1,-6.64649,0.3074938059,5.5816841125,,0.5217391304347826,0.6923076923076923,0,1,-6.31126,0.1962624937,5.6070055962,,0.4347826086956521,0.6153846153846154,0,1,-7.01939,0.1954119056,4.74873209,,0.3043478260869565,0.3846153846153846,0,1,-7.57551,0.1655673832,5.6358509064,,0.5217391304347826,0.7692307692307693,0,1,-6.85096,0.1607814133,4.3746342659,,0.3043478260869565,0.3846153846153846,0,1,-7.35425,0.1505937725,5.1888747215,,0.4782608695652174,0.6923076923076923,0,1,-6.6111,0.1219764128,5.4439735413,,0.391304347826087,0.6153846153846154,0,1,-5.41049,0.110931173,4.0332474709,,0.217391304347826,0.2307692307692307,0,1,10
ZINC001225151648,-8.69864,0.3708492219,5.7801737785,,0.5652173913043478,0.6923076923076923,0,1,-7.52738,0.3056557477,5.855588913,,0.5652173913043478,0.7692307692307693,0,1,-7.30861,0.2450181842,5.1905078888,,0.4347826086956521,0.5384615384615384,0,1,-7.47811,0.1804740727,5.0804901123,,0.5217391304347826,0.5384615384615384,0,1,-7.4188,0.1725391895,5.2056136131,,0.1304347826086956,0.2307692307692307,0,1,-7.30424,0.1715067625,5.2197375298,,0.4347826086956521,0.5384615384615384,0,1,-8.29966,0.1651972979,5.5829086304,,0.6086956521739131,0.8461538461538461,0,1,-8.83571,0.1535823196,5.1887955666,,0.4782608695652174,0.6923076923076923,0,1,-7.38832,0.152101934,4.7776465416,,0.4347826086956521,0.4615384615384615,0,1,-8.05723,0.1519266665,5.516014576,,0.5217391304347826,0.7692307692307693,0,1,10
ZINC001227667057,-5.29332,0.5605726838,4.1790547371,,0.0869565217391304,0.1538461538461538,0,1,-5.41221,0.5224205256,4.6435275078,,0.391304347826087,0.4615384615384615,0,1,-4.92367,0.4955444038,4.3104243279,,0.391304347826087,0.4615384615384615,0,1,-4.37914,0.4178961813,4.2915225029,,0.3043478260869565,0.3846153846153846,0,1,-5.26295,0.3128785789,4.2923069,,0.1739130434782608,0.2307692307692307,0,1,-5.18574,0.3098512292,3.9995753765,,0.391304347826087,0.4615384615384615,0,1,-5.97932,0.2843143046,5.3305649757,,0.5652173913043478,0.7692307692307693,0,1,-5.48972,0.2824075222,3.5922315121,,0.4347826086956521,0.4615384615384615,0,1,-5.08693,0.2326901704,4.0589504242,,0.3043478260869565,0.3846153846153846,0,1,-5.66413,0.2052292377,5.0741386414,,0.4782608695652174,0.6923076923076923,0,1,10
ZINC001246503827,-4.93754,0.2163265944,5.5354952812,,0.1739130434782608,0.1538461538461538,0,1,-4.94981,0.1339439899,4.7983675003,,0.3043478260869565,0.3076923076923077,0,1,-5.14676,0.1170010269,4.5402817726,,0.0869565217391304,0.1538461538461538,0,1,-5.03092,0.084694542,3.7058429718,,0.0869565217391304,0.1538461538461538,0,1,-4.8569,0.0714437142,4.0023636818,,0.0434782608695652,0.0769230769230769,0,1,-5.76287,0.0654165074,5.5607814789,,0.4347826086956521,0.5384615384615384,0,1,-6.11633,0.0603239052,5.238263607,,0.217391304347826,0.3846153846153846,0,1,-5.49088,0.0595341548,4.8091449738,,0.4347826086956521,0.3846153846153846,0,1,-5.14747,0.0569639392,4.4716830254,,0.0869565217391304,0.0769230769230769,0,1,-4.92041,0.0558269992,4.09856987,,0.217391304347826,0.2307692307692307,0,1,10
ZINC001251904186,-7.08636,0.2167272121,5.6580982208,,0.3043478260869565,0.6153846153846154,0,1,-7.1065,0.1634203494,5.5970883369,,0.3043478260869565,0.6153846153846154,0,1,-6.62327,0.1626891792,5.8147792816,,0.5652173913043478,0.8461538461538461,0,1,-5.79834,0.1613740772,5.012606144,,0.0869565217391304,0.0769230769230769,0,1,-5.4738,0.1351088583,5.9945926666,,0.5652173913043478,0.8461538461538461,0,1,-6.08665,0.1231245846,5.5097718239,,0.5217391304347826,0.7692307692307693,0,1,-5.67255,0.110220328,4.9198155403,,0.1739130434782608,0.2307692307692307,0,1,-5.27996,0.1040359885,4.047495842,,0.1304347826086956,0.1538461538461538,0,1,-5.15901,0.1029387191,4.3790416718,,0.3478260869565217,0.3076923076923077,0,1,-5.91635,0.0878179818,4.6364159584,,0.1739130434782608,0.1538461538461538,0,1,10
ZINC001252498141,-5.60343,0.4604843259,6.5080695152,,0.5652173913043478,0.7692307692307693,0,1,-6.61862,0.3757241368,6.3351287842,,0.4782608695652174,0.6923076923076923,0,1,-7.28169,0.3086235225,6.0072417259,,0.3043478260869565,0.6153846153846154,0,1,-7.51263,0.2801902294,5.8505043983,,0.3478260869565217,0.6153846153846154,0,1,-6.32703,0.2218594104,6.0685124397,,0.4782608695652174,0.6923076923076923,0,1,-5.55313,0.2199778408,5.9633655548,,0.6086956521739131,0.6923076923076923,0,1,-6.08364,0.1735704541,6.1765275002,,0.4347826086956521,0.6923076923076923,0,1,-5.87032,0.1726864725,5.8786315918,,0.5217391304347826,0.6923076923076923,0,1,-7.16512,0.1386584491,5.1142277718,,0.3043478260869565,0.6153846153846154,0,1,-6.24038,0.0894819424,4.5936584473,,0.217391304347826,0.2307692307692307,0,1,10
ZINC001253610388,-5.79392,0.4372318089,6.0308170319,,0.4782608695652174,0.6153846153846154,0,1,-5.68876,0.2815141082,6.6027588844,,0.4782608695652174,0.6153846153846154,0,1,-5.95729,0.2333280742,6.307448864,,0.4347826086956521,0.6153846153846154,0,1,-5.43329,0.1952011734,4.1137127876,,0.2608695652173913,0.2307692307692307,0,1,-5.47644,0.1766158789,5.9312801361,,0.4782608695652174,0.6153846153846154,0,1,-7.194,0.1677363217,5.4643559456,,0.3043478260869565,0.5384615384615384,0,1,-7.71249,0.1659933478,5.2798843384,,0.3043478260869565,0.5384615384615384,0,1,-5.56378,0.163856864,5.4015307426,,0.2608695652173913,0.4615384615384615,0,1,-5.14218,0.1526150703,4.5179247856,,0.2608695652173913,0.3076923076923077,0,1,-6.63656,0.1301096976,5.7956595421,,0.4782608695652174,0.6923076923076923,0,1,10
ZINC001260048754,-7.05524,0.6832894087,6.4930005074,,0.6086956521739131,0.6923076923076923,0,1,-7.32794,0.4077378511,6.0058894157,,0.5217391304347826,0.6923076923076923,0,1,-5.88518,0.4060422182,3.958728075,,0.3478260869565217,0.4615384615384615,0,1,-8.40176,0.3711417615,5.5109658241,,0.4782608695652174,0.6923076923076923,0,1,-7.38773,0.3509366214,5.6530156136,,0.4782608695652174,0.6153846153846154,0,1,-6.79397,0.3418840468,5.7622952461,,0.391304347826087,0.6153846153846154,1,1,-7.9513,0.2839165032,5.233083725,,0.4347826086956521,0.6153846153846154,0,1,-6.51684,0.2719610333,5.2975239754,,0.217391304347826,0.3076923076923077,0,1,-5.60558,0.264459461,4.3982453346,,0.3478260869565217,0.4615384615384615,0,1,-7.45716,0.2591997981,5.4177489281,,0.391304347826087,0.6153846153846154,0,1,10
ZINC001260050867,-6.52889,0.3693347573,4.9162025452,,0.4782608695652174,0.4615384615384615,0,1,-6.50584,0.3528893888,4.6983470917,,0.5217391304347826,0.5384615384615384,0,1,-6.70453,0.3318158984,4.5590472221,,0.4782608695652174,0.4615384615384615,0,1,-6.724,0.3157659173,4.9737110138,,0.4782608695652174,0.4615384615384615,0,1,-6.37562,0.2901358008,4.3480019569,,0.3478260869565217,0.4615384615384615,0,1,-6.56333,0.2036669552,4.5856595039,,0.5217391304347826,0.5384615384615384,0,1,-6.31608,0.1573850513,4.4134554863,,0.391304347826087,0.4615384615384615,0,1,-8.06826,0.1487820297,4.8843479156,,0.217391304347826,0.3846153846153846,0,1,-6.3383,0.116024591,4.8799920082,,0.217391304347826,0.3846153846153846,0,1,-6.47854,0.1118388474,4.6297688484,,0.3478260869565217,0.4615384615384615,0,1,10
ZINC001307305695,-5.37807,0.4986879826,6.336894989,,0.3043478260869565,0.3076923076923077,0,1,-5.93086,0.477881819,5.36195755,,0.2608695652173913,0.3846153846153846,0,1,-5.97439,0.2572612464,5.3397059441,,0.2608695652173913,0.3076923076923077,0,1,-5.55563,0.2165959626,5.0884671211,,0.3043478260869565,0.3846153846153846,0,1,-5.90147,0.1990109235,4.5815176964,,0.3043478260869565,0.4615384615384615,0,1,-5.36354,0.1982588768,4.1349959373,,0.0,0.0769230769230769,0,1,-5.50262,0.1792939603,4.5288882256,,0.1739130434782608,0.3076923076923077,0,1,-5.74643,0.1766263843,4.3654532433,,0.0,0.0769230769230769,0,1,-5.47627,0.1736305654,4.0147500038,,0.2608695652173913,0.3846153846153846,0,1,-5.70311,0.1641425937,4.7310738564,,0.1739130434782608,0.3076923076923077,0,1,10
ZINC001772595134,-6.04355,0.2770270407,6.985478878,,0.6521739130434783,0.8461538461538461,0,1,-6.51295,0.2382430136,6.8104152679,,0.6086956521739131,0.6923076923076923,0,1,-6.05428,0.1950083375,6.2640838623,,0.5652173913043478,0.6923076923076923,0,1,-6.70971,0.1618998051,6.4791073799,,0.7391304347826086,0.8461538461538461,0,1,-5.27443,0.1543032378,6.7044124603,,0.7391304347826086,0.8461538461538461,0,1,-5.88608,0.1495179236,6.3874945641,,0.6521739130434783,0.7692307692307693,0,1,-6.55411,0.1494515538,5.9279289246,,0.4347826086956521,0.6153846153846154,0,1,-6.06613,0.1491906792,5.4683990479,,0.4347826086956521,0.5384615384615384,0,1,-5.89374,0.1469468325,5.3575310707,,0.391304347826087,0.5384615384615384,0,1,-6.2889,0.1429715753,5.8830094337,,0.5217391304347826,0.6153846153846154,0,1,10
ZINC001772597985,-6.87453,0.1377047896,5.315738678,,0.5652173913043478,0.7692307692307693,0,1,-7.13407,0.108694002,4.3307185173,,0.217391304347826,0.3076923076923077,0,1,-7.98434,0.1080425158,5.1379647255,,0.3478260869565217,0.5384615384615384,0,1,-7.44885,0.1079528332,5.1783204079,,0.5217391304347826,0.7692307692307693,0,1,-6.65626,0.1073276177,5.3126397133,,0.5217391304347826,0.6923076923076923,0,1,-7.95321,0.0943080485,5.4902663231,,0.5217391304347826,0.6923076923076923,0,1,-6.74839,0.0939941257,4.2401089668,,0.217391304347826,0.3846153846153846,0,1,-6.49798,0.0902116522,4.8090415001,,0.3478260869565217,0.5384615384615384,0,1,-6.74307,0.085983336,5.0071873665,,0.6086956521739131,0.9230769230769232,0,1,-7.58561,0.0855812654,5.2435717583,,0.391304347826087,0.5384615384615384,0,1,10
ZINC001772611394,-7.45163,0.207525596,5.4571928978,,0.5652173913043478,0.7692307692307693,0,1,-7.24878,0.1895894259,5.5247740746,,0.6086956521739131,0.7692307692307693,0,1,-7.09723,0.150093466,4.4680371284,,0.3478260869565217,0.4615384615384615,0,1,-7.19273,0.136970222,5.1868882179,,0.5652173913043478,0.7692307692307693,0,1,-8.33243,0.1363343149,4.4346299171,,0.5217391304347826,0.6153846153846154,0,1,-7.57741,0.1257773638,4.2791666985,,0.3478260869565217,0.6153846153846154,0,1,-7.26393,0.1219614893,4.9010777473,,0.4782608695652174,0.6923076923076923,0,1,-8.04542,0.1019455418,5.2337322235,,0.4782608695652174,0.7692307692307693,0,1,-7.25308,0.0962902755,4.3662276268,,0.3043478260869565,0.4615384615384615,0,1,-7.73312,0.0845025852,5.0721259117,,0.5217391304347826,0.6923076923076923,0,1,10
ZINC001772625347,-8.50401,0.3472447097,6.0166811943,,0.5652173913043478,0.7692307692307693,0,1,-8.08135,0.3276704252,6.2303853035,,0.391304347826087,0.4615384615384615,0,1,-6.50606,0.3272695541,5.1948413849,,0.2608695652173913,0.3076923076923077,0,1,-6.69996,0.317606777,4.4098258018,,0.3478260869565217,0.4615384615384615,0,1,-7.13981,0.2211747319,3.9720494747,,0.391304347826087,0.5384615384615384,0,1,-6.18935,0.2183177173,3.8082931042,,0.3478260869565217,0.4615384615384615,0,1,-6.46566,0.2084070891,4.3670773506,,0.4782608695652174,0.4615384615384615,0,1,-8.7754,0.2057543844,5.6314253807,,0.5652173913043478,0.7692307692307693,0,1,-6.82963,0.1836155802,5.8271260262,,0.5652173913043478,0.7692307692307693,0,1,-6.21717,0.1460992694,4.0895705223,,0.3478260869565217,0.4615384615384615,0,1,10
