Compounds,Confidence_score_rank4,Occupation_rank4,%Occupation_rank4,%atoms_rank4,Final_rank4
NS-C-142,-0.33,310.0227355957031,45.45269299415589,100.0,0
revumenib,-0.71,113.46893310546876,80.03557797838045,100.0,1
ziftomenib,-0.61,161.55389404296875,71.57521418737663,100.0,1
