Compounds,Occupation_rank4,%Occupation_rank4,%atoms_rank4
NS-C-142,310.0227355957031,45.45269299415589,100.0
revumenib,113.46893310546875,80.03557797838045,100.0
ziftomenib,161.55389404296875,71.57521418737663,100.0
