Compounds,Affinity_rank10,CNNpose_rank10,CNNaffinity_rank10,Solvation_rank10,Similarity-type1_rank10,Similarity-type2_rank10,Clashing<1.5A_rank10,Final_rank10
NS-C-142,-7.28639,0.3802568913,5.1305160522,62.76,0.1666666666666666,0.2,0,1
revumenib,-7.77188,0.3288578987,7.0757441521,104.53,0.0,0.0,0,1
ziftomenib,-9.02874,0.1615399569,7.1518325806,109.29,0.3333333333333333,0.4,0,0
