Compounds,Affinity_rank10,CNNpose_rank10,CNNaffinity_rank10,Solvation_rank10
NS-C-142,-7.28639,0.3802568913,5.1305160522,62.76
revumenib,-7.77188,0.3288578987,7.0757441521,104.53
ziftomenib,-9.02874,0.1615399569,7.1518325806,109.29
