Compounds,Confidence_score_rank4,Occupation_rank4,%Occupation_rank4,%atoms_rank4,Final_rank4
NS-C-142,-0.32,303.7749938964844,46.5519590976746,100.0,0
revumenib,-2.09,74.0794677734375,86.96600278781865,100.0,0
ziftomenib,-2.08,182.4027099609375,67.90694527670925,100.0,0
