Compounds,Confidence_score_rank1,Unoccupied_rank1,Occupancy_rank1,%atoms_rank1,Final_rank1,Confidence_score_rank2,Unoccupied_rank2,Occupancy_rank2,%atoms_rank2,Final_rank2,Confidence_score_rank3,Unoccupied_rank3,Occupancy_rank3,%atoms_rank3,Final_rank3,Confidence_score_rank4,Unoccupied_rank4,Occupancy_rank4,%atoms_rank4,Final_rank4,Confidence_score_rank5,Unoccupied_rank5,Occupancy_rank5,%atoms_rank5,Final_rank5,Confidence_score_rank6,Unoccupied_rank6,Occupancy_rank6,%atoms_rank6,Final_rank6,Confidence_score_rank7,Unoccupied_rank7,Occupancy_rank7,%atoms_rank7,Final_rank7,Confidence_score_rank8,Unoccupied_rank8,Occupancy_rank8,%atoms_rank8,Final_rank8,Confidence_score_rank9,Unoccupied_rank9,Occupancy_rank9,%atoms_rank9,Final_rank9,Confidence_score_rank10,Unoccupied_rank10,Occupancy_rank10,%atoms_rank10,Final_rank10,Satisfied_count
(+)-butaclamol,-2.07,2437.843811035156,23.03181473386014,100.0,1,-2.15,2461.209716796875,22.294100793599345,100.0,1,-2.24,2463.7388916015625,22.2142490844552,100.0,1,-2.33,2455.0986328125,22.487041392237035,100.0,1,-2.34,2445.6525268554688,22.78527609868267,100.0,1,-2.34,2447.4825439453125,22.7274983633849,100.0,1,-2.58,2470.4406127929688,22.00266074728312,100.0,1,-2.66,2456.4411010742188,22.444656664628912,100.0,1,-2.71,2472.194702148437,21.94728022049385,100.0,1,-4.86,2529.5020751953125,20.13795819345442,100.0,1,10
A-381393,-0.88,2420.484741210937,23.579879419641216,100.0,1,-0.91,2431.9826049804688,23.21686612700441,100.0,1,-0.94,2420.4636840820312,23.580544240328862,100.0,1,-0.98,2435.017944335937,23.121033670142413,100.0,1,-1.33,2446.825927734375,22.748229206740582,100.0,1,-1.38,2471.2427368164062,21.977335896624968,100.0,1,-1.83,2456.388427734375,22.44631967985628,100.0,1,-1.96,2439.7066650390625,22.97300026369293,100.0,1,-2.07,2435.9693603515625,23.09099533715967,100.0,1,-6.16,362.1991882324219,0.0,0.0,1,10
Benperidol,-0.64,2396.697998046875,24.330880138572528,100.0,1,-0.76,2383.9010620117188,24.73490805009596,100.0,1,-0.89,2364.7172241210938,25.34058474775701,100.0,1,-0.94,2372.457092285156,25.09621978717568,100.0,1,-1.05,2367.6105346679688,25.24923645825778,100.0,1,-1.11,2375.6203002929688,24.99635023077564,100.0,1,-1.31,2388.4008178710938,24.59284068668693,100.0,1,-1.51,2359.636474609375,25.50099538109564,100.0,1,-1.57,2370.2449951171875,25.1660606456754,100.0,1,-1.78,2387.8154296875,24.611322701803527,100.0,1,10
Chlorpromazine,-1.3,2497.1831970214844,21.158337510462736,100.0,1,-1.44,2508.950469970703,20.786818367057023,100.0,1,-1.44,2519.7745971679688,20.44507644590021,100.0,1,-1.59,2505.7789306640625,20.886950961207383,100.0,1,-1.6,2507.489471435547,20.83294536068083,100.0,1,-1.62,2499.238647460937,21.093442339774167,100.0,1,-1.68,2498.683990478516,21.110954102090098,100.0,1,-1.68,2495.837127685547,21.20083593204353,100.0,1,-1.79,2497.0348205566406,21.163022087540043,100.0,1,-1.92,2508.156707763672,20.8118792164566,100.0,1,10
Clozapine,-1.43,2509.147247314453,20.780605665906368,100.0,1,-1.45,2493.7926635742188,21.265384239764632,100.0,1,-1.46,2497.3253173828125,21.15385045257524,100.0,1,-1.5,2515.759979248047,20.571826918770785,100.0,1,-1.53,2502.12890625,21.002190401099234,100.0,1,-1.74,2490.0739135742188,21.38279350021964,100.0,1,-1.78,2497.9027709960938,21.135618949601813,100.0,1,-1.81,2501.5057373046875,21.021865239420624,100.0,1,-2.15,2485.767059326172,21.51877052802487,100.0,1,-2.2,2500.212646484375,21.06269101069163,100.0,1,10
Eticlopride,-0.89,2426.11572265625,23.402096732681883,100.0,1,-1.03,2440.224090576172,22.95666398143343,100.0,1,-1.03,2448.369506835937,22.6994949598113,100.0,1,-1.11,2425.145812988281,23.43271895165987,100.0,1,-1.13,2429.8180541992188,23.28520583966159,100.0,1,-1.23,2446.8449096679688,22.74762990461345,100.0,1,-1.32,2429.6189575195312,23.29149176743871,100.0,1,-1.33,2457.2984619140625,22.417587864051,100.0,1,-1.75,2461.4312133789062,22.28710765077189,100.0,1,-2.02,2469.2329711914062,22.04078869547381,100.0,1,10
Haloperidol,-0.82,2355.8327026367188,25.62108897551556,100.0,1,-0.93,2375.3092651367188,25.00617030678796,100.0,1,-0.95,2390.0164794921875,24.541830633287763,100.0,1,-0.96,2394.938781738281,24.38642253474661,100.0,1,-0.96,2404.547912597656,24.08304076726705,100.0,1,-0.98,2380.464599609375,24.843404859303515,100.0,1,-0.99,2408.7752685546875,23.94957367843476,100.0,1,-1.15,2396.52978515625,24.33619099600776,100.0,1,-1.28,2373.88623046875,25.05109869615752,100.0,1,-1.31,2408.524719238281,23.95748408110952,100.0,1,10
L741742,-0.81,2358.5134887695312,25.53645055742035,100.0,1,-0.85,2346.4201049804688,25.91826574991041,100.0,1,-1.1,2338.829040527344,26.15793264429904,100.0,1,-1.3,2356.5474853515625,25.598521685448784,100.0,1,-1.34,2362.373352050781,25.41458603484986,100.0,1,-1.54,2348.3976440429688,25.85583041576614,100.0,1,-1.65,2375.7417602539062,24.99251546796863,100.0,1,-1.82,2388.550170898437,24.58812527734585,100.0,1,-1.84,2388.2608642578125,24.597259335489177,100.0,1,-1.97,2381.9189453125,24.797487910476672,100.0,1,10
L745870,-1.46,2452.6802978515625,22.56339363944273,100.0,1,-1.78,2490.005859375,21.38494212360146,100.0,1,-1.79,2455.500305175781,22.474359696743104,100.0,1,-1.84,2476.590881347656,21.808483004061458,100.0,1,-1.89,2459.574462890625,22.3457294192905,100.0,1,-1.93,2476.046264648437,21.82567777216545,100.0,1,-1.97,2457.2554931640625,22.41894448365709,100.0,1,-2.12,2459.663024902344,22.342933318369408,100.0,1,-2.42,2474.476806640625,21.875229074084764,100.0,1,-2.43,2465.353515625,22.16327179033629,100.0,1,10
L750667,-1.35,2427.5078125,23.358145340670696,100.0,1,-1.58,2420.3356323242188,23.58458712091636,100.0,1,-1.69,2451.9119873046875,22.58765092296767,100.0,1,-1.79,2437.3599243164062,23.047092120560624,100.0,1,-1.86,2452.090209960937,22.58202403482874,100.0,1,-2.24,2431.8477783203125,23.221122906421844,100.0,1,-2.36,2441.323303222656,22.921959378029992,100.0,1,-2.5,2438.4474487304688,23.012756540814248,100.0,1,-2.57,2440.687866210937,22.942021546665057,100.0,1,-2.82,2450.628845214844,22.62816259055147,100.0,1,10
Loxapine,-0.83,2489.244201660156,21.408989362329432,100.0,1,-0.87,2505.918884277344,20.88253231240514,100.0,1,-0.88,2501.6627502441406,21.01690798951056,100.0,1,-0.93,2495.95703125,21.19705030815692,100.0,1,-0.94,2496.1519470214844,21.19089638100908,100.0,1,-0.97,2508.186279296875,20.81094557696916,100.0,1,-1.39,2505.417388916016,20.898365643361817,100.0,1,-1.71,2533.1229248046875,20.02363986744285,100.0,1,-1.73,2532.969665527344,20.028478605839027,100.0,1,-3.02,2543.434539794922,19.698079103718424,100.0,1,10
ML398,-0.42,2441.9910888671875,22.900875890657385,100.0,1,-0.57,2427.264587402344,23.36582450136714,100.0,1,-0.85,2442.5691528320312,22.8826251175191,100.0,1,-0.87,2469.923767089844,22.01897872288601,100.0,1,-1.3,2458.825439453125,22.369377765605886,100.0,1,-1.65,2464.356689453125,22.19474382358457,100.0,1,-1.7,2477.0377807617188,21.79437338935145,100.0,1,-1.76,2456.869506835937,22.431130935914137,100.0,1,-1.96,2431.245422363281,23.24014063212153,100.0,1,-4.26,2497.0457763671875,21.162676188080816,100.0,1,10
NGD941,-0.71,2428.803955078125,23.3172232185754,100.0,1,-0.78,2448.7047119140625,22.688911785270548,100.0,1,-1.22,2464.324584960937,22.195757434256173,100.0,1,-1.31,2448.295288085937,22.701838211858195,100.0,1,-1.38,2451.750732421875,22.59274210052351,100.0,1,-1.42,2464.91064453125,22.17725422195823,100.0,1,-1.45,2454.620056152344,22.502151128503247,100.0,1,-1.46,2453.1627197265625,22.548162501137902,100.0,1,-1.49,2443.534240722656,22.852155132843507,100.0,1,-1.53,2468.7860412597656,22.05489927369207,100.0,1,10
Nemonapride,-0.27,2361.2293090820312,25.45070603186221,100.0,1,-0.52,2358.872375488281,25.525119700483057,100.0,1,-0.61,2345.9259643554688,25.93386687538054,100.0,1,-0.71,2371.7352294921875,25.119010611154817,100.0,1,-0.8,2355.104736328125,25.6440725011433,100.0,1,-1.08,2356.106750488281,25.612436671493715,100.0,1,-1.09,2345.12255859375,25.95923219338489,100.0,1,-1.14,2351.922180175781,25.744552921769376,100.0,1,-1.63,2355.0094604492188,25.647080573877844,100.0,1,-2.34,2353.728576660156,25.68752094185166,100.0,1,10
Piribedil,-1.11,2483.9796142578125,21.5752041693237,100.0,1,-1.21,2493.338348388672,21.279727986977683,100.0,1,-1.35,2497.126190185547,21.1601373438606,100.0,1,-1.54,2494.359619140625,21.24748418362679,100.0,1,-1.65,2504.4812622070312,20.92792125871484,100.0,1,-1.79,2494.566925048828,21.24093907213231,100.0,1,-2.08,2519.0919799804688,20.466628198278897,100.0,1,-2.57,2504.0003356933594,20.94310518511576,100.0,1,-2.69,2487.7057495117188,21.457561739873896,100.0,1,-2.77,2499.1749267578125,21.095454144985485,100.0,1,10
Prochlorperazine,-1.42,2414.260070800781,23.77640619595924,100.0,1,-2.58,2417.293701171875,23.68062769555884,100.0,1,-2.69,2448.4144897460938,22.698074748661167,100.0,1,-2.73,2422.160461425781,23.52697318201989,100.0,1,-3.02,2449.991455078125,22.648286423714083,100.0,1,-3.05,2443.1996459960938,22.8627190372194,100.0,1,-3.16,2443.9566040039062,22.83882017876084,100.0,1,-3.26,2455.2557373046875,22.48208125180224,100.0,1,-3.3,2457.532470703125,22.41019968284392,100.0,1,-3.54,2455.747375488281,22.46655913400804,100.0,1,10
Sertindole,-1.04,2263.171813964844,28.546600615735723,100.0,1,-1.56,2315.9461669921875,26.880396176090148,100.0,1,-1.9,2338.6251220703125,26.164370806378543,100.0,1,-2.03,2293.7215576171875,27.582076835080453,100.0,1,-2.36,2298.8357543945312,27.42061019670753,100.0,1,-2.81,2287.73388671875,27.771121006383588,100.0,1,-3.4,2297.7769165039062,27.45404007870552,100.0,1,-3.57,2323.38330078125,26.64558921727905,100.0,1,-3.86,2324.0280151367188,26.62523414213812,100.0,1,-5.28,2404.0570678710938,24.098537833846933,100.0,1,10
Sonepiprazole,-1.49,2369.0528564453125,25.203699131678665,100.0,1,-1.67,2379.2759399414062,24.88093350536709,100.0,1,-1.7,2385.3356323242188,24.68961545461056,100.0,1,-1.75,2364.525146484375,25.346649068638243,100.0,1,-1.75,2375.5348510742188,24.999048053855947,100.0,1,-1.76,2379.1510620117188,24.884876181097308,100.0,1,-1.77,2367.902099609375,25.240031100504467,100.0,1,-1.8,2355.5939331054688,25.62862746400853,100.0,1,-1.95,2369.680603027344,25.183879767120825,100.0,1,-2.05,2371.972045898437,25.1115337871894,100.0,1,10
Spiperone,-0.31,2330.8766479492188,26.4090074762844,100.0,1,-0.64,2339.7164916992188,26.129913824593554,100.0,1,-0.7,2333.24169921875,26.334337514470928,100.0,1,-0.95,2325.8219604492188,26.56859527358354,100.0,1,-1.28,2348.88330078125,25.84049714558756,100.0,1,-1.32,2358.8646850585938,25.525362504560285,100.0,1,-1.49,2356.7045288085938,25.59356347203047,100.0,1,-1.63,2354.482727050781,25.663710726151457,100.0,1,-2.43,2357.604797363281,25.565139978862945,100.0,1,-3.39,2390.926025390625,24.513114233614367,100.0,1,10
Sulpride,-1.14,2437.0679321289062,23.056310967429337,100.0,1,-1.3,2441.5704345703125,22.914156888278445,100.0,1,-1.33,2454.012756347656,22.521324942538296,100.0,1,-1.41,2450.856750488281,22.62096711099299,100.0,1,-1.43,2443.5104370117188,22.852906669273025,100.0,1,-3.32,2492.774719238281,21.297523020717048,100.0,1,-3.35,2475.973693847656,21.827968994767225,100.0,1,-3.36,2477.5707397460938,21.777546681396267,100.0,1,-3.43,2478.5603637695312,21.74630203609333,100.0,1,-3.44,2465.4711303710938,22.15955842956789,100.0,1,10
Terguride,-1.08,2438.7651977539062,23.00272449298848,100.0,1,-1.13,2438.1912841796875,23.020844229005714,100.0,1,-1.14,2416.1677856445312,23.716175368674865,100.0,1,-1.29,2435.889404296875,23.09351972875624,100.0,1,-1.52,2441.296264648437,22.922813046333264,100.0,1,-1.63,2472.489990234375,21.937957314734906,100.0,1,-1.85,2482.346740722656,21.626757641371903,100.0,1,-1.86,2471.1841430664062,21.979185832451467,100.0,1,-1.97,2477.043029785156,21.79420766593365,100.0,1,-2.0,2476.8859252929688,21.799167806368448,100.0,1,10
Trifluoperazine,-1.46,2354.093505859375,25.67599931028226,100.0,1,-1.64,2384.593017578125,24.713061464194915,100.0,1,-1.78,2376.844482421875,24.95770006111725,100.0,1,-3.11,2418.375732421875,23.64646554729619,100.0,1,-3.12,2418.0980834960938,23.655231545290707,100.0,1,-3.26,2415.9312744140625,23.723642557557863,100.0,1,-3.27,2421.5460205078125,23.54637245698379,100.0,1,-3.38,2418.452880859375,23.64402979845797,100.0,1,-3.54,2405.7000732421875,24.04666447706207,100.0,1,-3.62,2419.0789184570312,23.62426439036174,100.0,1,10
U101958,-0.93,2384.2218017578125,24.72478157846237,100.0,1,-1.12,2366.942687988281,25.27032187264687,100.0,1,-1.39,2415.5826416015625,23.73464967572552,100.0,1,-1.4,2421.112243652344,23.560067763149327,100.0,1,-1.57,2404.0631713867188,24.09834513219834,100.0,1,-1.91,2372.5123901367188,25.09447391023942,100.0,1,-1.99,2435.9791870117188,23.090685087505435,100.0,1,-2.0,2366.698486328125,25.278031865607097,100.0,1,-2.25,2433.9102783203125,23.156005165329148,100.0,1,-3.69,2443.2545166015625,22.860986649398544,100.0,1,10
ZINC0000000000110,-1.38,2519.5357666015625,20.452616861409663,100.0,1,-1.75,2524.377899169922,20.2997398990228,100.0,1,-1.92,2492.9389038085938,21.29233934636988,100.0,1,-2.06,2516.809112548828,20.53870343239406,100.0,1,-2.16,2487.9195556640625,21.45081140112367,100.0,1,-2.28,2516.17529296875,20.558714535092243,100.0,1,-2.35,2525.5875854492188,20.26154739577981,100.0,1,-2.36,2517.936279296875,20.503116255440062,100.0,1,-2.47,2520.989288330078,20.406725927305384,100.0,1,-2.59,2515.3873596191406,20.58359135441741,100.0,1,10
ZINC0000000000210,-2.78,2524.0988159179688,20.30855118190473,100.0,1,-3.07,2528.2935485839844,20.17611408338416,100.0,1,-3.11,2533.5848083496094,20.00905717018554,100.0,1,-3.13,2529.086395263672,20.151082139231875,100.0,1,-3.2,2535.891143798828,19.93624099823154,100.0,1,-3.2,2529.48779296875,20.13840911531213,100.0,1,-3.23,2536.9517822265625,19.90275426924721,100.0,1,-3.26,2532.695281982422,20.037141508451548,100.0,1,-3.27,2538.031219482422,19.868674019185224,100.0,1,-4.32,2597.342254638672,17.996091894945536,100.0,1,10
ZINC0000000000240,-1.83,2587.0027465820312,18.32253330520403,100.0,1,-1.89,2586.1978149414062,18.347946798620534,100.0,1,-1.92,2585.5310974121094,18.36899656320464,100.0,1,-1.93,2587.964630126953,18.29216448889395,100.0,1,-1.93,2576.7555236816406,18.6460610665358,100.0,1,-1.96,2585.761749267578,18.36171436790429,100.0,1,-1.98,2585.719970703125,18.36303341068892,100.0,1,-2.05,2585.7706604003906,18.361433023497344,100.0,1,-2.07,2590.230926513672,18.22061243975472,100.0,1,-2.33,2586.783599853516,18.32945225789678,100.0,1,10
ZINC0000000000300,-2.67,2569.5795288085938,18.872623285311825,100.0,1,-2.73,2559.4755859375,19.191627375442856,100.0,1,-2.9,2580.1505737304688,18.53887173801394,100.0,1,-2.99,2578.8466796875,18.58003859120296,100.0,1,-3.09,2544.880249023437,19.652434827724345,100.0,1,-3.3,2543.8955078125,19.683525311708404,100.0,1,-3.33,2530.4983825683594,20.106502539846268,100.0,1,-3.98,2583.0816040039062,18.4463325523264,100.0,1,-4.16,2589.4266357421875,18.24600569949812,100.0,1,-4.82,2580.841339111328,18.517062728934373,100.0,1,10
ZINC0000000000310,-0.63,2466.7784423828125,22.118283663455664,100.0,1,-0.65,2456.3592834472656,22.447239830228305,100.0,1,-0.76,2468.6314392089844,22.059780406450944,100.0,1,-0.87,2479.800170898437,21.70715855021454,100.0,1,-0.94,2474.766387939453,21.86608634436725,100.0,1,-0.95,2470.299041748047,22.007130462022243,100.0,1,-1.38,2476.561462402344,21.809411826007675,100.0,1,-2.24,2485.8785400390625,21.51525083241331,100.0,1,-2.39,2502.026153564453,21.005434533353306,100.0,1,-2.68,2517.678466796875,20.51125597307665,100.0,1,10
ZINC0000000000350,-2.35,2509.254150390625,20.777230496531253,100.0,1,-2.37,2527.606842041016,20.197794945867408,100.0,1,-2.38,2521.51416015625,20.39015454903459,100.0,1,-2.44,2530.4917602539062,20.10671162113499,100.0,1,-2.52,2526.126251220703,20.244540511783203,100.0,1,-2.53,2529.1986694335938,20.147537392406,100.0,1,-2.53,2515.2557373046875,20.58774696546933,100.0,1,-2.54,2517.023742675781,20.53192707892127,100.0,1,-2.57,2536.7115783691406,19.91033804262761,100.0,1,-2.86,2509.5542602539062,20.76775535646992,100.0,1,10
ZINC0000000000390,-0.94,2448.634094238281,22.69114134334477,100.0,1,-1.83,2457.9141845703125,22.398148121740885,100.0,1,-1.84,2469.46044921875,22.03360670503074,100.0,1,-1.84,2461.774719238281,22.27626240198905,100.0,1,-1.97,2458.5734252929688,22.37733441667631,100.0,1,-2.05,2456.872985839844,22.43102109597444,100.0,1,-2.08,2445.3854370117188,22.79370872282512,100.0,1,-2.18,2393.8336791992188,24.42131309524094,100.0,1,-2.57,2433.2290649414062,23.177512596328665,100.0,1,-4.4,2460.5281982421875,22.31561785968129,100.0,1,10
ZINC0000000000500,-0.61,2604.316650390625,17.775894611622544,100.0,1,-0.63,2604.0573120117188,17.784082504671282,100.0,1,-0.63,2602.882232666016,17.82118238956673,100.0,1,-0.63,2605.806915283203,17.728843613593728,100.0,1,-0.64,2605.8567810058594,17.72726924112472,100.0,1,-0.64,2602.6652221679688,17.82803389668247,100.0,1,-0.64,2602.4716796875,17.83414446595937,100.0,1,-0.68,2612.5099182128906,17.517214809075448,100.0,1,-1.02,2615.4966430664062,17.422917220844493,100.0,1,-1.03,2616.4554138183594,17.39264668237519,100.0,1,10
ZINC0000000000630,-0.84,2489.0538940429688,21.41499779973258,100.0,1,-1.1,2512.5656127929688,20.672680217086885,100.0,1,-1.3,2495.2218017578125,21.22026314874648,100.0,1,-1.37,2483.5877685546875,21.5875756151634,100.0,1,-1.38,2469.5457763671875,22.030912735983403,100.0,1,-1.51,2478.117584228516,21.760281577190536,100.0,1,-1.56,2477.99755859375,21.76407105511013,100.0,1,-1.65,2501.5562133789062,21.02027159678676,100.0,1,-1.71,2466.8107299804688,22.11726427173461,100.0,1,-1.82,2476.122009277344,21.823286344706403,100.0,1,10
ZINC0000000000880,-1.05,2402.5496826171875,24.146129360000053,100.0,1,-1.2,2435.129211425781,23.11752071908856,100.0,1,-1.22,2415.5,23.737258856047475,100.0,1,-1.24,2413.2681884765625,23.80772214087215,100.0,1,-1.31,2440.7601928710938,22.939738032129224,100.0,1,-1.32,2393.1943359375,24.4414985929311,100.0,1,-1.47,2455.449584960937,22.47596104744291,100.0,1,-1.89,2423.112365722656,23.49691943290525,100.0,1,-2.05,2443.002319335937,22.868949081518423,100.0,1,-2.86,2486.2731323242188,21.502792670831745,100.0,1,10
ZINC0000000000920,-0.47,2594.512420654297,18.0854360872994,100.0,1,-0.54,2613.022735595703,17.501024016560628,100.0,1,-0.64,2593.351959228516,18.122074451746467,100.0,1,-0.64,2591.2311096191406,18.189034420599715,100.0,1,-0.7,2598.064819335937,17.973278910276804,100.0,1,-0.73,2600.448699951172,17.89801446387742,100.0,1,-0.77,2602.4039306640625,17.836283454258755,100.0,1,-0.8,2607.5528869628906,17.67371937999709,100.0,1,-0.82,2608.1864013671875,17.653717912381335,100.0,1,-0.82,2619.241577148437,17.304681270317015,100.0,1,10
ZINC0000000000950,-1.41,2482.697479248047,21.61568404113548,100.0,1,-1.49,2480.025848388672,21.7000334067578,100.0,1,-1.53,2479.544250488281,21.715238530340063,100.0,1,-1.54,2489.197235107422,21.41047220151536,100.0,1,-1.58,2475.940673828125,21.829011510686115,100.0,1,-1.69,2486.0841064453125,21.508760640888685,100.0,1,-1.77,2468.212829589844,22.07299684901972,100.0,1,-1.77,2490.172180175781,21.379691003677287,100.0,1,-1.8,2500.201171875,21.063053289790982,100.0,1,-1.9,2507.627258300781,20.82859512096384,100.0,1,10
ZINC0000000000980,-0.36,2591.6290283203125,18.176471236619665,100.0,1,-1.64,2674.52880859375,15.55913963492904,100.0,1,-2.03,2651.8881225585938,16.27395676530396,100.0,1,-2.06,2667.050720214844,15.795239621802205,100.0,1,-2.07,2664.235137939453,15.884133855806596,100.0,1,-2.07,2662.9610900878906,15.924358397933991,100.0,1,-2.2,2662.1697692871094,15.94934216667413,100.0,1,-2.22,2661.3582153320312,15.974964741379358,100.0,1,-2.24,2662.8256225585938,15.928635411024525,100.0,1,-2.25,2669.3663940429688,15.722128616325854,100.0,1,10
ZINC0000000001000,-0.59,2434.8233337402344,23.127177962207814,100.0,1,-0.77,2457.4527893066406,22.412715402866308,100.0,1,-0.83,2442.4237060546875,22.88721719780508,100.0,1,-0.84,2454.1138305664062,22.51813380323759,100.0,1,-0.85,2457.6259765625,22.40724749358747,100.0,1,-0.93,2459.9691772460938,22.33326740367596,100.0,1,-0.99,2471.649871826172,21.964481733155544,100.0,1,-1.28,2473.7401123046875,21.89848816306999,100.0,1,-1.54,2483.3855590820312,21.5939598207813,100.0,1,-1.55,2489.343994140625,21.40583869037493,100.0,1,10
ZINC0000000001240,-0.87,2538.351959228516,19.85854754755164,100.0,1,-1.07,2530.780670166016,20.09759008859882,100.0,1,-1.16,2524.859100341797,20.284547301047688,100.0,1,-1.2,2501.6951293945312,21.01588570726477,100.0,1,-1.2,2521.415069580078,20.393283060299503,100.0,1,-1.23,2484.229858398437,21.56730340173137,100.0,1,-1.27,2539.1853637695312,19.832235100944445,100.0,1,-1.3,2531.8800048828125,20.062881631162416,100.0,1,-1.36,2496.5037536621094,21.17978905798416,100.0,1,-1.43,2521.3468017578125,20.395438428239025,100.0,1,10
ZINC0000000001270,-2.07,2330.7885131835938,26.411790088090093,100.0,1,-2.37,2332.5817260742188,26.35517434373334,100.0,1,-2.37,2433.924194335937,23.15556580557036,100.0,1,-3.23,2387.9434814453125,24.60727982121604,100.0,1,-3.27,2359.6021118164062,25.502080291377226,100.0,1,-3.4,2386.656555175781,24.64791096382196,100.0,1,-3.49,2376.24853515625,24.97651545008592,100.0,1,-3.58,2426.2904663085938,23.396579684482653,100.0,1,-3.65,2375.577514648437,24.997701069332283,100.0,1,-3.81,2427.281311035156,23.36529649885,100.0,1,10
ZINC0000000001280,-0.73,2506.135162353516,20.87570392948723,100.0,1,-0.77,2510.1856994628906,20.74781940741468,100.0,1,-0.79,2527.778625488281,20.192371357967748,100.0,1,-0.8,2511.867706298828,20.694714687095303,100.0,1,-0.82,2507.896728515625,20.820087343178432,100.0,1,-0.83,2515.2280883789062,20.58861990393746,100.0,1,-0.94,2496.9821166992188,21.16468606627565,100.0,1,-0.94,2507.408203125,20.835511183131853,100.0,1,-1.54,2481.600524902344,21.650317344928936,100.0,1,-2.12,2556.1414489746094,19.29689354151175,100.0,1,10
ZINC0000000001300,-0.46,2577.612823486328,18.618994192974363,100.0,1,-1.42,2605.706787109375,17.732004884138906,100.0,1,-1.46,2596.5968627929688,18.01962558378001,100.0,1,-1.75,2598.740020751953,17.95196129040115,100.0,1,-1.77,2616.254638671875,17.39898560310567,100.0,1,-1.98,2612.5098571777344,17.51721673609193,100.0,1,-2.09,2611.4088745117188,17.55197722297346,100.0,1,-2.13,2611.9581909179688,17.53463407460005,100.0,1,-2.15,2611.9974975585938,17.53339307598311,100.0,1,-2.19,2602.705108642578,17.826774591408913,100.0,1,10
ZINC0000000001320,-2.63,2429.5352783203125,23.294133707040928,100.0,1,-2.81,2388.9088134765625,24.576802128474498,100.0,1,-4.55,2455.639953613281,22.469950683023285,100.0,1,-4.66,2462.765625,22.244977289339907,100.0,1,-4.7,2434.2518310546875,23.145221581073866,100.0,1,-4.92,2439.0048828125,22.99515709924821,100.0,1,-5.23,2452.0604248046875,22.58296441887388,100.0,1,-5.37,2465.0436401367188,22.17305525303538,100.0,1,-5.85,2474.119201660156,21.886519463675853,100.0,1,-5.92,2498.8099975585938,21.106975776554883,100.0,1,10
ZINC0000000001450,-1.43,2551.093719482422,19.456261658931496,100.0,1,-1.48,2556.495574951172,19.28571299186036,100.0,1,-1.67,2571.9752502441406,18.796984997714173,100.0,1,-2.97,2621.658447265625,17.228375271506987,100.0,1,-2.99,2579.567169189453,18.55729112509474,100.0,1,-3.07,2616.972717285156,17.376314254148653,100.0,1,-3.69,2641.1339721679688,16.61348936205965,100.0,1,-3.91,2630.95458984375,16.934875244567298,100.0,1,-3.94,2619.095916748047,17.309280095160698,100.0,1,-4.3,2628.4608459472656,17.01360832064136,100.0,1,10
ZINC0000000001500,-0.84,2484.9464416503906,21.54467926467826,100.0,1,-0.95,2483.730712890625,21.583062542553343,100.0,1,-1.35,2462.9019165039062,22.240674261526816,100.0,1,-1.47,2476.0496826171875,21.82556985924224,100.0,1,-1.62,2460.5115356445312,22.316143935181948,100.0,1,-1.62,2521.227844238281,20.39919418337011,100.0,1,-1.89,2463.9884643554688,22.20636951404421,100.0,1,-1.9,2460.2335815429688,22.32491956825889,100.0,1,-2.31,2499.6625366210938,21.08005921027935,100.0,1,-2.65,2531.6573486328125,20.069911387303105,100.0,1,10
ZINC0000000001580,-1.17,2529.0165100097656,20.15328857310827,100.0,1,-1.8,2543.0508728027344,19.71019232934901,100.0,1,-1.9,2553.6017150878906,19.377078624507966,100.0,1,-1.92,2545.852569580078,19.62173649159516,100.0,1,-1.93,2553.77490234375,19.371610715229124,100.0,1,-1.95,2552.043426513672,19.42627728241036,100.0,1,-1.95,2551.061767578125,19.45727045206188,100.0,1,-1.95,2545.479736328125,19.63350767179949,100.0,1,-1.96,2548.381164550781,19.54190308910763,100.0,1,-3.44,2572.364227294922,18.784704121649312,100.0,1,10
ZINC0000000001810,-1.19,2512.5157775878906,20.67425362604765,100.0,1,-1.2,2495.552520751953,21.209821609917444,100.0,1,-1.88,2507.611053466797,20.82910674384085,100.0,1,-1.94,2503.2322387695312,20.967355724083,100.0,1,-2.28,2475.9056091308594,21.830118581657285,100.0,1,-2.34,2474.514862060547,21.874027579305785,100.0,1,-2.36,2468.493896484375,22.064122938101995,100.0,1,-2.39,2480.8357849121094,21.67446189798945,100.0,1,-2.41,2484.0555725097656,21.57280599730696,100.0,1,-2.51,2472.2741088867188,21.94477317204565,100.0,1,10
ZINC0000000001960,-2.17,2456.3355712890625,22.44798847613309,100.0,1,-2.32,2513.522705078125,20.64246267157095,100.0,1,-2.36,2529.5238647460938,20.13727024856894,100.0,1,-2.45,2475.523406982422,21.842185558892204,100.0,1,-2.55,2491.2227783203125,21.3465212689049,100.0,1,-2.65,2520.861297607422,20.410766880876388,100.0,1,-2.84,2522.5489807128906,20.35748294802381,100.0,1,-2.89,2472.8021850585938,21.928100625409343,100.0,1,-2.93,2490.995056152344,21.35371096741392,100.0,1,-2.93,2525.372802734375,20.268328566793823,100.0,1,10
ZINC0000000002160,-1.23,2488.684509277344,21.42666010350545,100.0,1,-1.46,2549.8209533691406,19.496445733712683,100.0,1,-1.52,2556.8243103027344,19.275334081067115,100.0,1,-1.53,2554.2547302246094,19.356461475124952,100.0,1,-1.63,2548.6541442871094,19.53328450787429,100.0,1,-1.72,2551.6896057128906,19.43744819697932,100.0,1,-2.12,2550.816345214844,19.465018985351826,100.0,1,-2.14,2532.022735595703,20.05837530311005,100.0,1,-2.18,2537.042205810547,19.899899394323302,100.0,1,-2.23,2551.819366455078,19.43335135993022,100.0,1,10
ZINC0000000002170,-1.47,2399.4638671875,24.243555459495923,100.0,1,-1.48,2411.519775390625,23.862923455128225,100.0,1,-1.59,2393.444580078125,24.43359782533877,100.0,1,-1.66,2414.7886962890625,23.75971630617456,100.0,1,-1.66,2402.884521484375,24.13555774755822,100.0,1,-1.68,2397.7876586914062,24.29647711324914,100.0,1,-1.81,2398.319702148437,24.27967931054125,100.0,1,-2.12,2421.432983398437,23.54994129151574,100.0,1,-2.13,2436.3735961914062,23.078232706973324,100.0,1,-2.14,2432.1036376953125,23.21304485331281,100.0,1,10
ZINC0000000002430,-1.55,2500.9534606933594,21.0393018480936,100.0,1,-1.6,2482.6234741210938,21.61802054862468,100.0,1,-1.66,2495.992492675781,21.195930711578587,100.0,1,-1.7,2472.8199157714844,21.927540827120183,100.0,1,-1.75,2475.1701049804688,21.85334009382104,100.0,1,-1.94,2555.8792419433594,19.30517200433533,100.0,1,-1.97,2484.7052001953125,21.55229579733892,100.0,1,-2.03,2464.7264709472656,22.183068994204536,100.0,1,-2.16,2501.043273925781,21.036466243334544,100.0,1,-2.93,2564.046173095703,19.047323709401905,100.0,1,10
ZINC0000000002450,-2.02,2561.815155029297,19.117761943012265,100.0,1,-2.35,2561.929962158203,19.114137225002224,100.0,1,-2.51,2567.3153381347656,18.944108852382293,100.0,1,-2.62,2564.436981201172,19.03498502284247,100.0,1,-2.7,2567.3241271972656,18.943831362008314,100.0,1,-2.78,2569.6531982421875,18.870297376413305,100.0,1,-2.8,2570.9354553222656,18.82981365056855,100.0,1,-2.84,2568.6124572753906,18.90315589802321,100.0,1,-2.92,2570.70703125,18.83702550976716,100.0,1,-2.97,2569.119537353516,18.88714624505807,100.0,1,10
ZINC0000000002460,-1.54,2493.40966796875,21.27747626821387,100.0,1,-1.55,2456.091064453125,22.455708104175745,100.0,1,-1.56,2476.569580078125,21.809155532815048,100.0,1,-1.65,2492.810791015625,21.296384153973857,100.0,1,-1.73,2494.322998046875,21.248640393518347,100.0,1,-1.77,2494.2515869140625,21.25089500280689,100.0,1,-2.22,2472.670837402344,21.93224756488708,100.0,1,-2.36,2481.002410888672,21.66920114298285,100.0,1,-2.83,2488.8853759765625,21.42031829225024,100.0,1,-2.97,2505.9483642578125,20.88160156344243,100.0,1,10
ZINC0000000002500,-0.62,2505.032928466797,20.91050392020672,100.0,1,-1.82,2505.6737060546875,20.890273137629137,100.0,1,-1.88,2506.777130126953,20.85543557008817,100.0,1,-1.91,2526.034942626953,20.247423328446164,100.0,1,-1.91,2520.3917846679688,20.42559045519444,100.0,1,-1.97,2537.8488159179688,19.87443290795344,100.0,1,-1.99,2532.902404785156,20.03060217800653,100.0,1,-2.02,2516.5057067871094,20.54828263134564,100.0,1,-2.45,2537.266082763672,19.89283109785289,100.0,1,-2.49,2537.038330078125,19.90002175987016,100.0,1,10
ZINC0000000002570,-0.54,2417.8380737304688,23.66344063552079,100.0,1,-0.67,2457.500305175781,22.411215220532004,100.0,1,-0.8,2411.6617431640625,23.85844121478194,100.0,1,-0.88,2436.824462890625,23.063997836191728,100.0,1,-1.01,2442.3277587890625,22.89024646772097,100.0,1,-1.08,2414.9909057617188,23.75333210055665,100.0,1,-1.46,2506.7925415039062,20.85494899842548,100.0,1,-1.56,2450.7612915039062,22.62398096477699,100.0,1,-1.93,2501.0485229492188,21.03630051991676,100.0,1,-2.13,2498.756591796875,21.108661915980075,100.0,1,10
ZINC0000000002590,-0.92,2485.1596069335938,21.537949159601133,100.0,1,-1.15,2495.745178222656,21.20373898237959,100.0,1,-1.17,2492.6865234375,21.30030755953922,100.0,1,-1.24,2501.930938720703,21.00844067907136,100.0,1,-1.42,2481.888153076172,21.64123627973897,100.0,1,-1.49,2483.7662048339844,21.58194198246677,100.0,1,-1.54,2481.9208068847656,21.640205325918995,100.0,1,-1.57,2480.4558715820312,21.68645661210615,100.0,1,-1.63,2480.0103454589844,21.700522868945228,100.0,1,-1.92,2479.7945861816406,21.707334872223004,100.0,1,10
ZINC0000000002720,-1.2,2540.618377685547,19.78699164437944,100.0,1,-1.24,2573.2056884765625,18.75813730886598,100.0,1,-1.45,2573.1255798339844,18.76066651800377,100.0,1,-1.51,2552.9965209960938,19.396185956474245,100.0,1,-1.76,2553.9717712402344,19.365395123553743,100.0,1,-1.83,2555.8451538085938,19.30624824304272,100.0,1,-1.98,2539.301513671875,19.82856798857172,100.0,1,-1.99,2598.205322265625,17.96884291832618,100.0,1,-2.16,2563.7742919921875,19.0559076043385,100.0,1,-2.22,2559.4988708496094,19.19089221865348,100.0,1,10
ZINC0000000002760,-1.29,2510.253967285156,20.74566403947517,100.0,1,-1.36,2519.591552734375,20.450855568341524,100.0,1,-1.4,2494.9449157714844,21.22900505903492,100.0,1,-1.43,2513.027404785156,20.658100410354308,100.0,1,-1.47,2519.336151123047,20.45891916882692,100.0,1,-1.5,2522.122314453125,20.370953756768746,100.0,1,-1.54,2522.9888916015625,20.343593976701445,100.0,1,-1.64,2509.510070800781,20.76915051640573,100.0,1,-1.91,2510.092315673828,20.75076774263816,100.0,1,-2.07,2521.93603515625,20.376835011083813,100.0,1,10
ZINC0000000002840,-2.73,2490.9816284179688,21.354134911040827,100.0,1,-2.73,2515.539520263672,20.578787302317977,100.0,1,-2.8,2515.9432067871094,20.566042015280004,100.0,1,-2.8,2501.066650390625,21.03572819602044,100.0,1,-2.95,2519.454040527344,20.455197136484333,100.0,1,-3.04,2513.3948669433594,20.64649880760074,100.0,1,-3.08,2511.7642211914062,20.6979819435472,100.0,1,-3.28,2516.7770385742188,20.53971607955741,100.0,1,-3.42,2509.4215087890625,20.771946617326822,100.0,1,-3.59,2536.7608642578125,19.908781976815217,100.0,1,10
ZINC0000000002930,-1.13,2449.9757080078125,22.64878359396745,100.0,1,-1.15,2455.92724609375,22.46088021642399,100.0,1,-1.58,2404.9652709960938,24.06986382853623,100.0,1,-1.66,2433.7341918945312,23.16156460789108,100.0,1,-1.7,2425.5558471679688,23.41977325490736,100.0,1,-1.86,2421.67724609375,23.54222937153903,100.0,1,-1.87,2442.7846069335938,22.87582274932376,100.0,1,-2.03,2422.1625366210938,23.526907663459365,100.0,1,-2.38,2433.7745971679688,23.160288922977383,100.0,1,-2.91,2451.627868652344,22.596621184709694,100.0,1,10
ZINC0000000003340,-0.47,2595.7685546875,18.045777124510625,100.0,1,-0.68,2599.320526123047,17.933633436603433,100.0,1,-0.81,2602.353759765625,17.837867461810195,100.0,1,-0.94,2607.032745361328,17.690141414490224,100.0,1,-1.43,2606.2691650390625,17.714249354237506,100.0,1,-1.76,2653.4852294921875,16.223532524916514,100.0,1,-1.95,2654.4074096679688,16.19441723283053,100.0,1,-2.12,2644.879425048828,16.495237031892046,100.0,1,-2.59,2603.569396972656,17.79948707445984,100.0,1,-3.19,2632.4371032714844,16.888068977632194,100.0,1,10
ZINC0000000003460,-2.6,2479.1304931640625,21.728301775098213,100.0,1,-2.99,2561.194274902344,19.13736451821543,100.0,1,-3.13,2546.1918334960938,19.61102517045809,100.0,1,-3.18,2523.115631103516,20.339592526968403,100.0,1,-3.25,2519.57080078125,20.451510753946742,100.0,1,-3.25,2504.635498046875,20.92305168805488,100.0,1,-3.31,2509.846160888672,20.758539400125933,100.0,1,-3.47,2488.287109375,21.43920690784537,100.0,1,-3.49,2510.8043212890625,20.728288131821493,100.0,1,-4.33,2507.7013244628906,20.82625668645815,100.0,1,10
ZINC0000000003590,-2.05,2516.265350341797,20.55587122226725,100.0,1,-2.1,2496.2107543945312,21.189039700624885,100.0,1,-2.2,2485.796875,21.51782918047149,100.0,1,-2.49,2511.75244140625,20.69835385772899,100.0,1,-2.52,2503.0653076171875,20.972626114172023,100.0,1,-2.55,2505.9840698242188,20.88047425879816,100.0,1,-3.03,2525.7916870117188,20.255103452650854,100.0,1,-3.21,2531.5064697265625,20.07467497205633,100.0,1,-3.28,2489.3033447265625,21.40712208335456,100.0,1,-4.09,2503.1438903808594,20.970145080446382,100.0,1,10
ZINC0000000003890,-0.62,2549.715881347656,19.49976309259322,100.0,1,-0.75,2552.2000427246094,19.421332558107448,100.0,1,-0.8,2541.1983947753906,19.768679206713603,100.0,1,-0.85,2548.365234375,19.54240604041046,100.0,1,-0.96,2544.625457763672,19.660479158044875,100.0,1,-1.38,2555.9286193847656,19.3036130479982,100.0,1,-1.54,2569.575500488281,18.872750468399897,100.0,1,-1.55,2556.2023315429688,19.29497134256703,100.0,1,-1.77,2596.048126220703,18.036950425496805,100.0,1,-2.01,2599.983184814453,17.91271181861564,100.0,1,10
ZINC0000000003920,-0.5,2560.6632385253906,19.154130525151302,100.0,1,-0.57,2572.840301513672,18.769673393059023,100.0,1,-0.64,2595.8507690429688,18.04318143330407,100.0,1,-0.66,2611.0668334960938,17.562776223360636,100.0,1,-0.68,2602.478302001953,17.833935384670646,100.0,1,-0.76,2615.2780151367188,17.42981979389711,100.0,1,-0.85,2613.278533935547,17.492947890468074,100.0,1,-1.07,2566.5792236328125,18.9673496347109,100.0,1,-1.49,2607.244842529297,17.683445032201604,100.0,1,-1.86,2605.489562988281,17.738863135812345,100.0,1,10
ZINC0000000003940,-0.73,2550.5397033691406,19.47375318757432,100.0,1,-0.77,2542.822998046875,19.717386845399243,100.0,1,-0.93,2548.244873046875,19.54620611692072,100.0,1,-1.09,2578.410125732422,18.5938215766186,100.0,1,-1.44,2556.915985107422,19.272439702305245,100.0,1,-1.56,2554.9766845703125,19.33366776062108,100.0,1,-1.85,2551.402862548828,19.44650132043024,100.0,1,-1.9,2562.015380859375,19.11144036543016,100.0,1,-2.11,2562.020233154297,19.11128716761953,100.0,1,-2.3,2576.4524841308594,18.65562870338846,100.0,1,10
ZINC0000000003970,-1.05,2457.9266357421875,22.39775501037776,100.0,1,-1.25,2455.3209228515625,22.480023198195266,100.0,1,-1.27,2484.990966796875,21.54327350615177,100.0,1,-1.3,2482.61083984375,21.618419441037265,100.0,1,-1.31,2488.015563964844,21.44778020419129,100.0,1,-1.47,2462.443725585937,22.255140374286725,100.0,1,-1.53,2467.1626586914062,22.10615309467671,100.0,1,-1.56,2467.943664550781,22.081494991722693,100.0,1,-1.66,2474.281494140625,21.88139552683976,100.0,1,-1.72,2466.271484375,22.13428946238784,100.0,1,10
ZINC0000000004010,-0.68,2588.383209228516,18.27894900983341,100.0,1,-1.61,2594.146850585937,18.096977952541906,100.0,1,-1.65,2591.370422363281,18.18463600547057,100.0,1,-1.8,2587.73291015625,18.2994804069828,100.0,1,-1.85,2592.184631347656,18.15892960554821,100.0,1,-1.92,2599.197662353516,17.937512520789618,100.0,1,-1.95,2589.878845214844,18.23172843435384,100.0,1,-1.96,2584.286865234375,18.40827975777865,100.0,1,-2.08,2590.7164611816406,18.20528302360912,100.0,1,-2.16,2597.037384033203,18.00571734229278,100.0,1,10
ZINC0000000004060,-1.79,2440.4459838867188,22.94965831299881,100.0,1,-1.8,2412.7643432617188,23.823629661963537,100.0,1,-1.83,2455.328186035156,22.47979388323344,100.0,1,-1.86,2446.33447265625,22.76374554348532,100.0,1,-1.89,2444.7882690429688,22.8125626521235,100.0,1,-1.89,2389.9002685546875,24.54549967267698,100.0,1,-1.95,2435.5975341796875,23.10273472159198,100.0,1,-1.96,2444.629821777344,22.817565186920984,100.0,1,-2.45,2428.374084472656,23.330795195685827,100.0,1,-2.87,2414.267517089844,23.77617109994795,100.0,1,10
ZINC0000000004070,-0.47,2472.8416137695312,21.92685577275943,100.0,1,-0.56,2462.7260131835938,22.24622792303928,100.0,1,-0.66,2442.8409423828125,22.874044113107235,100.0,1,-0.92,2449.1383056640625,22.67522226015447,100.0,1,-1.03,2470.1362915039062,22.012268851481988,100.0,1,-1.22,2472.847076416016,21.926683304783943,100.0,1,-1.68,2522.126251220703,20.3708294642054,100.0,1,-1.7,2503.676147460937,20.9533405331808,100.0,1,-1.92,2455.2322387695312,22.48282315314933,100.0,1,-2.63,2522.8619079589844,20.34760313450043,100.0,1,10
ZINC0000000004120,-1.93,2525.0328979492188,20.27906012160399,100.0,1,-2.18,2473.1734313964844,21.916379547633653,100.0,1,-2.31,2488.300079345703,21.43879741684211,100.0,1,-2.34,2506.720916748047,20.85721035227172,100.0,1,-2.41,2489.611572265625,21.3973906501006,100.0,1,-2.89,2548.6539001464844,19.53329221594024,100.0,1,-3.02,2545.360412597656,19.637274989029496,100.0,1,-3.05,2528.5255432128906,20.168789493721125,100.0,1,-3.12,2560.766082763672,19.150883502372505,100.0,1,-3.17,2548.761993408203,19.529879469743644,100.0,1,10
ZINC0000000004340,-1.2,2459.5633239746094,22.346081099799186,100.0,1,-1.27,2455.228057861328,22.48295515377861,100.0,1,-1.38,2460.551300048828,22.31488848394136,100.0,1,-1.4,2481.8966674804688,21.640967460939184,100.0,1,-1.4,2479.22216796875,21.72540739633634,100.0,1,-1.61,2470.7294921875,21.99354017825519,100.0,1,-1.65,2470.867553710937,21.98918126696401,100.0,1,-1.89,2512.3898010253906,20.67823098807462,100.0,1,-1.92,2487.703094482422,21.45764556509103,100.0,1,-2.09,2497.637176513672,21.14400436184036,100.0,1,10
ZINC0000000004380,-0.38,2500.495574951172,21.05375832577108,100.0,1,-0.51,2504.238739013672,20.93557825872169,100.0,1,-0.96,2519.241149902344,20.461918569987272,100.0,1,-1.01,2539.4644470214844,19.823423818062512,100.0,1,-1.11,2532.600860595703,20.04012260295529,100.0,1,-1.18,2541.821228027344,19.749014966982887,100.0,1,-1.19,2531.3644104003906,20.079160102927347,100.0,1,-1.42,2544.085693359375,19.67752072833824,100.0,1,-1.46,2521.731201171875,20.38330207841061,100.0,1,-1.51,2541.6656494140625,19.75392693200553,100.0,1,10
ZINC0000000004440,-1.56,2479.5368041992188,21.71547362635135,100.0,1,-1.88,2485.3369140625,21.532351176709494,100.0,1,-1.9,2465.033935546875,22.17336164865664,100.0,1,-1.91,2473.7244873046875,21.89898147929039,100.0,1,-1.95,2485.9038696289062,21.51445112057165,100.0,1,-2.08,2470.2105712890625,22.009923672418605,100.0,1,-2.14,2482.381103515625,21.62567273109032,100.0,1,-2.16,2484.0094604492188,21.57426185826208,100.0,1,-2.17,2479.436828613281,21.718630079355307,100.0,1,-2.39,2483.150756835937,21.601373053202693,100.0,1,10
ZINC0000000004490,-2.2,2441.0946044921875,22.929179908802787,100.0,1,-3.75,2470.458068847656,22.00210962056814,100.0,1,-3.83,2470.9379272460938,21.986959416955727,100.0,1,-3.9,2498.014404296875,21.13209443644904,100.0,1,-4.14,2478.090881347656,21.76112464690313,100.0,1,-4.16,2476.66357421875,21.80618792742671,100.0,1,-4.64,2494.51708984375,21.24251248109308,100.0,1,-4.91,2486.640625,21.49119010456993,100.0,1,-4.93,2487.645874023437,21.4594521430466,100.0,1,-5.1,2490.2609252929688,21.37688912170674,100.0,1,10
ZINC0000000004550,-2.04,2515.2803955078125,20.58696845080901,100.0,1,-2.16,2511.9818725585938,20.691110202758363,100.0,1,-2.28,2471.6158752441406,21.96555508133821,100.0,1,-2.29,2513.406494140625,20.64613171096017,100.0,1,-2.31,2519.1859741210938,20.46366059289056,100.0,1,-2.35,2514.8012084960938,20.60209745724008,100.0,1,-2.44,2523.9253845214844,20.31402679924951,100.0,1,-2.67,2526.8807373046875,20.220719697492324,100.0,1,-2.9,2530.1558837890625,20.11731599285709,100.0,1,-3.81,2523.8951416015625,20.31498163591829,100.0,1,10
ZINC0000000004650,-1.01,2554.006896972656,19.364286125566093,100.0,1,-1.05,2563.0890197753906,19.077543181934328,100.0,1,-1.07,2572.9237365722656,18.76703916152276,100.0,1,-1.09,2555.2342224121094,19.32553671455868,100.0,1,-1.46,2578.083068847656,18.60414749445848,100.0,1,-1.49,2561.1754150390625,19.137959966309587,100.0,1,-1.67,2560.9951171875,19.14365237300904,100.0,1,-1.75,2545.168426513672,19.643336419386,100.0,1,-1.79,2552.878967285156,19.399897390226155,100.0,1,-2.07,2582.626220703125,18.460710022327955,100.0,1,10
ZINC0000000004710,-1.12,2664.2106323242188,15.8849075529257,100.0,1,-1.28,2613.5408935546875,17.484664610103287,100.0,1,-1.31,2633.858184814453,16.843202252790185,100.0,1,-1.58,2611.694793701172,17.542950114245098,100.0,1,-1.63,2618.7033081054688,17.32167562870647,100.0,1,-1.68,2632.9060974121094,16.873261782954273,100.0,1,-1.81,2659.595672607422,16.030612159951925,100.0,1,-1.95,2626.2186279296875,17.084400161776887,100.0,1,-1.95,2626.9796752929688,17.060372193213773,100.0,1,-1.98,2641.281494140625,16.608831763213146,100.0,1,10
ZINC0000000004940,-0.72,2388.0955810546875,24.60247769613309,100.0,1,-0.9,2420.446655273437,23.58108187792844,100.0,1,-1.07,2419.056396484375,23.624975459445054,100.0,1,-1.17,2415.7872924804688,23.72818838944818,100.0,1,-1.28,2420.9771118164062,23.564334177649183,100.0,1,-1.47,2426.0877685546875,23.40297930623244,100.0,1,-2.03,2428.210327148437,23.33596538091759,100.0,1,-2.04,2440.725830078125,22.940822942410804,100.0,1,-2.13,2437.151123046875,23.053684443959007,100.0,1,-2.16,2413.372009277344,23.80444428582957,100.0,1,10
ZINC0000000004990,-1.28,2584.330535888672,18.40690097748297,100.0,1,-1.31,2576.1617431640625,18.664808046419207,100.0,1,-1.57,2578.937805175781,18.57716155558945,100.0,1,-1.6,2572.8775939941406,18.76849598598612,100.0,1,-1.8,2566.410217285156,18.972685543360456,100.0,1,-1.82,2574.7018432617188,18.710900353746272,100.0,1,-1.96,2578.64697265625,18.586343789144934,100.0,1,-2.07,2551.9745178222656,19.428452884022978,100.0,1,-2.14,2561.4703674316406,19.128647659141308,100.0,1,-3.4,2601.3177185058594,17.870577603150686,100.0,1,10
ZINC0000000005130,-0.6,2554.021881103516,19.363813043018794,100.0,1,-0.68,2547.0348510742188,19.584409218754374,100.0,1,-0.75,2549.7784423828125,19.497787900695137,100.0,1,-0.88,2543.877349853516,19.68409859911297,100.0,1,-1.06,2581.278717041016,18.50325372879617,100.0,1,-1.52,2580.5078125,18.527592910521765,100.0,1,-1.65,2602.8865661621094,17.82104557139623,100.0,1,-2.14,2591.451171875,18.18208656265968,100.0,1,-2.21,2603.7315979003906,17.79436602814847,100.0,1,-2.24,2588.375732421875,18.279185069352938,100.0,1,10
ZINC0000000005170,-0.87,2596.28466796875,18.02948227310556,100.0,1,-2.28,2581.322021484375,18.5018865105994,100.0,1,-2.34,2588.0975341796875,18.28796841049583,100.0,1,-2.47,2593.831115722656,18.10694640882364,100.0,1,-2.5,2592.0923461914062,18.16184325447493,100.0,1,-2.57,2598.9151611328125,17.946431716594766,100.0,1,-2.75,2591.2352294921875,18.18890434698692,100.0,1,-2.82,2606.211456298828,17.71607134832496,100.0,1,-3.24,2606.9619140625,17.692377717122152,100.0,1,-3.35,2591.196044921875,18.190141491570884,100.0,1,10
ZINC0000000005210,-0.81,2591.7222900390625,18.173526755429155,100.0,1,-1.01,2589.1636962890625,18.254307286519524,100.0,1,-1.19,2581.5162963867188,18.49575281712467,100.0,1,-1.28,2585.6326293945312,18.365790971280287,100.0,1,-1.32,2586.1353454589844,18.34991909999389,100.0,1,-1.33,2587.016021728516,18.32211417911834,100.0,1,-1.38,2584.450714111328,18.40310668202216,100.0,1,-1.4,2582.2955627441406,18.471149634140502,100.0,1,-1.41,2580.6988220214844,18.52156231242904,100.0,1,-1.67,2607.4279174804688,17.67766494625204,100.0,1,10
ZINC0000000005230,-2.31,2622.2830810546875,17.208654184789935,100.0,1,-2.36,2627.4224243164062,17.046393615624805,100.0,1,-2.4,2622.759490966797,17.193612857608976,100.0,1,-2.44,2625.273803710937,17.114230376979155,100.0,1,-2.56,2570.5855102539062,18.840862199590656,100.0,1,-2.58,2570.097686767578,18.856263878854485,100.0,1,-2.65,2572.1671142578125,18.79092742139064,100.0,1,-2.66,2622.462432861328,17.202991646846016,100.0,1,-2.75,2574.737365722656,18.709778830151457,100.0,1,-3.81,2656.0406494140625,16.142852198683418,100.0,1,10
ZINC0000000005270,-2.17,2465.254272460937,22.16640511914241,100.0,1,-2.19,2463.4066772460938,22.224737835188137,100.0,1,-2.3,2472.6064453125,21.93428056727974,100.0,1,-2.45,2447.7575073242188,22.718817154115765,100.0,1,-2.56,2476.162109375,21.82202029487515,100.0,1,-2.69,2454.83544921875,22.495350687324382,100.0,1,-3.54,2481.3355102539062,21.658684450510865,100.0,1,-3.58,2529.7423095703125,20.13037345656578,100.0,1,-3.58,2470.0518798828125,22.014933915282032,100.0,1,-3.71,2536.3031616210938,19.92323267344324,100.0,1,10
ZINC0000000005290,-1.46,2386.479248046875,24.6535089467136,100.0,1,-1.58,2419.149169921875,23.62204639438643,100.0,1,-1.61,2390.8771362304688,24.5146577738196,100.0,1,-1.62,2398.0662231445312,24.287682210007336,100.0,1,-1.75,2418.1771850585938,23.65273413192493,100.0,1,-1.76,2399.091735839844,24.255304479010668,100.0,1,-1.84,2395.1144409179688,24.380876581300093,100.0,1,-2.12,2418.3922119140625,23.64594525284499,100.0,1,-2.17,2383.627014160156,24.7435603541178,100.0,1,-3.06,2429.525695800781,23.29443624862921,100.0,1,10
ZINC0000000005400,-0.64,2505.5106201171875,20.895422125679552,100.0,1,-0.66,2510.098571777344,20.75057022344836,100.0,1,-1.0,2532.026885986328,20.05824426598901,100.0,1,-1.12,2527.3640747070312,20.205459653940213,100.0,1,-1.22,2540.67724609375,19.78513303697876,100.0,1,-2.16,2515.3289184570312,20.585436472702696,100.0,1,-2.2,2559.0641174316406,19.204618357082783,100.0,1,-2.26,2569.169006347656,18.88558439819622,100.0,1,-2.35,2521.3978881835938,20.39382551544029,100.0,1,-2.57,2531.0311584472656,20.089681612940545,100.0,1,10
ZINC0000000005420,-0.49,2519.4030151367188,20.456808122266576,100.0,1,-0.59,2519.3868408203125,20.457318781635347,100.0,1,-0.61,2522.4864196777344,20.3594581399219,100.0,1,-0.76,2527.588165283203,20.198384612912104,100.0,1,-0.87,2514.9996948242188,20.595830799627823,100.0,1,-0.94,2528.0181579589844,20.18480878176869,100.0,1,-1.0,2531.767517089844,20.066433122545995,100.0,1,-1.13,2527.512725830078,20.20076640528872,100.0,1,-1.23,2510.4078369140625,20.74080603091413,100.0,1,-1.4,2527.5621948242188,20.19920455842687,100.0,1,10
ZINC0000000005470,-0.75,2612.2711486816406,17.52475329756842,100.0,1,-1.03,2586.2353515625,18.34676168348168,100.0,1,-1.07,2580.1791381835938,18.53796989429852,100.0,1,-1.08,2600.6099853515625,17.89292232281334,100.0,1,-1.09,2602.6423950195312,17.828754600848214,100.0,1,-1.17,2586.50146484375,18.33835989160301,100.0,1,-1.18,2590.13671875,18.22358678970076,100.0,1,-1.29,2586.419006347656,18.340963290875507,100.0,1,-1.39,2580.611328125,18.52432469056162,100.0,1,-1.46,2583.150329589844,18.444162731763235,100.0,1,10
ZINC0000000005540,-2.23,2530.101104736328,20.119045490153216,100.0,1,-2.26,2531.40673828125,20.07782371699435,100.0,1,-2.28,2535.808074951172,19.938863667668898,100.0,1,-2.34,2533.427520751953,20.014023091669795,100.0,1,-2.47,2538.415557861328,19.85653959637329,100.0,1,-2.49,2536.5594177246094,19.91514209472704,100.0,1,-2.57,2541.9672241210938,19.74440554354853,100.0,1,-2.57,2538.9881286621094,19.838462254718745,100.0,1,-2.61,2552.461639404297,19.41307336544873,100.0,1,-2.93,2572.3910522460938,18.783857197903743,100.0,1,10
ZINC0000000005620,-1.7,2533.655578613281,20.006822794570105,100.0,1,-1.79,2533.1485595703125,20.02283052051876,100.0,1,-1.9,2540.957946777344,19.77627068815994,100.0,1,-1.92,2611.8561096191406,17.537857009672774,100.0,1,-1.98,2587.127349853516,18.318599301048,100.0,1,-2.12,2533.487335205078,20.012134615513578,100.0,1,-2.14,2617.0914306640625,17.372566207083512,100.0,1,-2.16,2608.743377685547,17.63613292343894,100.0,1,-2.17,2568.9234619140625,18.893336785519136,100.0,1,-2.97,2622.0181274414062,17.217019363355377,100.0,1,10
ZINC0000000005650,-1.42,2514.8797302246094,20.59961835053093,100.0,1,-1.49,2505.489562988281,20.8960869463672,100.0,1,-1.5,2518.987365722656,20.46993110453579,100.0,1,-1.83,2504.9832153320312,20.91207347513452,100.0,1,-1.92,2499.334045410156,21.09043041300665,100.0,1,-1.92,2546.815399169922,19.59133780652955,100.0,1,-2.36,2559.987823486328,19.175454889584653,100.0,1,-2.7,2577.486297607422,18.622988898149703,100.0,1,-3.3,2547.463623046875,19.570871927940683,100.0,1,-3.76,2558.864715576172,19.21091391994233,100.0,1,10
ZINC0000000005700,-0.84,2540.024200439453,19.80575114987001,100.0,1,-0.99,2555.2256774902344,19.32580649686671,100.0,1,-1.0,2567.8013916015625,18.92876305659655,100.0,1,-1.0,2559.789581298828,19.181713839130968,100.0,1,-1.02,2562.6099243164062,19.09266929784067,100.0,1,-1.03,2579.924560546875,18.546007480061352,100.0,1,-1.07,2573.892974853516,18.736438139726115,100.0,1,-1.12,2576.5308532714844,18.65315441422052,100.0,1,-1.71,2492.804901123047,21.29657011106476,100.0,1,-2.03,2526.821075439453,20.222603356107328,100.0,1,10
ZINC0000000005720,-3.26,2440.6146850585938,22.94433203943169,100.0,1,-3.88,2465.159423828125,22.16939970276156,100.0,1,-4.74,2491.095031738281,21.35055451440996,100.0,1,-4.84,2503.810913085937,20.94908568077985,100.0,1,-4.88,2500.795196533203,21.044298601841625,100.0,1,-4.89,2503.499938964844,20.95890382977569,100.0,1,-4.95,2540.0687866210938,19.80434346432704,100.0,1,-4.97,2501.654357910156,21.01717295427737,100.0,1,-5.06,2549.8707275390625,19.494874251768405,100.0,1,-5.45,2536.385986328125,19.920617712071824,100.0,1,10
ZINC0000000005810,-2.71,2489.990234375,21.38543543982186,100.0,1,-3.21,2527.99072265625,20.185674975679124,100.0,1,-3.35,2546.431182861328,19.603468375308506,100.0,1,-3.36,2537.670867919922,19.88005112451818,100.0,1,-3.38,2538.560516357422,19.8519629322192,100.0,1,-3.38,2535.189514160156,19.958393016245594,100.0,1,-3.44,2540.7228088378906,19.783694519172,100.0,1,-3.48,2539.95947265625,19.80779475085334,100.0,1,-3.56,2537.130584716797,19.89710907445167,100.0,1,-3.56,2558.46484375,19.22353876844993,100.0,1,10
ZINC0000000005830,-1.96,2564.70703125,19.02645893840045,100.0,1,-2.02,2562.0006713867188,19.111904776403264,100.0,1,-2.02,2565.224395751953,19.010124583157427,100.0,1,-2.03,2561.012908935547,19.14309064770339,100.0,1,-2.03,2554.7154235839844,19.34191635468912,100.0,1,-2.05,2558.6114196777344,19.21891103835896,100.0,1,-2.05,2558.911499023437,19.209436861805862,100.0,1,-2.08,2555.323028564453,19.322732905571645,100.0,1,-2.09,2561.550506591797,19.126117486495275,100.0,1,-2.12,2558.7747497558594,19.2137543422426,100.0,1,10
ZINC0000000005860,-0.78,2405.689453125,24.04699977793062,100.0,1,-1.2,2419.475646972656,23.61173878320317,100.0,1,-1.24,2397.6587524414062,24.30054697206744,100.0,1,-1.33,2453.6713256835938,22.53210467276061,100.0,1,-1.52,2451.9362182617188,22.58688589742276,100.0,1,-1.6,2459.5299682617188,22.347134214308745,100.0,1,-1.6,2423.4696044921875,23.48564060541308,100.0,1,-1.91,2458.8754272460938,22.367799539103903,100.0,1,-1.93,2430.1134033203125,23.275881006886152,100.0,1,-2.04,2424.7433471679688,23.44542569836812,100.0,1,10
ZINC0000000005960,-2.41,2497.391967773437,21.1517461505726,100.0,1,-2.75,2576.60986328125,18.65065989137948,100.0,1,-2.77,2509.8849487304688,20.757314781149123,100.0,1,-2.78,2494.6636352539062,21.237885714510348,100.0,1,-2.8,2580.496826171875,18.52793977348924,100.0,1,-2.81,2580.656280517578,18.52290544291973,100.0,1,-2.83,2578.6678771972656,18.5856837859985,100.0,1,-2.89,2578.6766662597656,18.585406295624523,100.0,1,-3.02,2572.6333923339844,18.776205978946344,100.0,1,-3.2,2569.3733825683594,18.87913178349307,100.0,1,10
ZINC0000000006040,-2.46,2571.748321533203,18.80414964500888,100.0,1,-2.98,2576.095092773437,18.66691234842185,100.0,1,-2.98,2577.318572998047,18.62828433945305,100.0,1,-2.99,2574.707061767578,18.710735593836723,100.0,1,-3.03,2572.9313049316406,18.766800211478497,100.0,1,-3.05,2513.659454345703,20.63814519113421,100.0,1,-3.23,2578.4816284179688,18.591564076805327,100.0,1,-3.36,2593.913787841797,18.10433626499344,100.0,1,-3.4,2583.6890563964844,18.427153920750136,100.0,1,-3.5,2555.0659790039062,19.33084853550216,100.0,1,10
ZINC0000000006080,-1.13,2598.2452697753906,17.967581686036137,100.0,1,-1.19,2610.889038085937,17.56838962238416,100.0,1,-1.24,2606.419952392578,17.709488660009004,100.0,1,-1.38,2610.9130859375,17.567630377888705,100.0,1,-1.46,2607.1940002441406,17.685050236934387,100.0,1,-1.47,2607.137756347656,17.68682598262617,100.0,1,-1.49,2614.7893981933594,17.445246524375253,100.0,1,-1.68,2610.608856201172,17.577235591562843,100.0,1,-1.78,2662.5897521972656,15.936082366234416,100.0,1,-2.37,2624.427215576172,17.140959059147303,100.0,1,10
ZINC0000000006300,-1.3,2582.5748596191406,18.462331606700868,100.0,1,-1.54,2583.9225463867188,18.4197821191832,100.0,1,-1.6,2557.421264648437,19.25648689632644,100.0,1,-1.64,2583.8067932128906,18.42343670594877,100.0,1,-1.65,2609.847961425781,17.601258742584744,100.0,1,-1.71,2570.53662109375,18.84240573979589,100.0,1,-1.83,2603.5108642578125,17.80133508326985,100.0,1,-2.45,2632.890014648437,16.87376955179832,100.0,1,-3.15,2595.2237243652344,18.06297863717232,100.0,1,-3.46,2608.747802734375,17.63599321474371,100.0,1,10
ZINC0000000006320,-1.76,2516.528381347656,20.54756674472112,100.0,1,-1.79,2515.5968322753906,20.576977833837685,100.0,1,-2.07,2527.079132080078,20.2144559304048,100.0,1,-2.08,2523.4093322753906,20.330319723638087,100.0,1,-2.11,2522.87548828125,20.34717437333231,100.0,1,-2.15,2524.539093017578,20.294650648483444,100.0,1,-2.27,2531.448181152344,20.076515272800403,100.0,1,-2.42,2525.4222106933594,20.266768646948456,100.0,1,-2.52,2527.1674194335938,20.211668501057893,100.0,1,-3.13,2514.7440185546875,20.6039030716874,100.0,1,10
ZINC0000000006330,-2.42,2571.4271850585938,18.814288642249625,100.0,1,-2.47,2576.0662536621094,18.66782286371145,100.0,1,-2.5,2579.065490722656,18.57313023710088,100.0,1,-2.59,2585.733673095703,18.362600795487825,100.0,1,-2.63,2581.8683471679688,18.484637786033804,100.0,1,-2.82,2591.358764648437,18.18500406561938,100.0,1,-2.84,2586.391326904297,18.34183719285188,100.0,1,-3.01,2584.1070251464844,18.41395771185445,100.0,1,-3.13,2593.8150329589844,18.107454177667684,100.0,1,-3.16,2572.008026123047,18.795950189861227,100.0,1,10
ZINC0000000006350,-0.91,2515.566375732422,20.57793941506417,100.0,1,-1.03,2549.0678100585938,19.520224153640868,100.0,1,-1.16,2539.4039306640625,19.825334454908315,100.0,1,-1.3,2537.7509765625,19.877521915380388,100.0,1,-1.39,2546.707733154297,19.594737063610737,100.0,1,-1.43,2545.681884765625,19.62712539319808,100.0,1,-1.48,2550.7631225585938,19.46669934372756,100.0,1,-1.5,2538.540344238281,19.8525998111678,100.0,1,-1.51,2543.9107360839844,19.68304452109516,100.0,1,-1.75,2539.373260498047,19.826302780692497,100.0,1,10
ZINC0000000006450,-2.24,2570.9091796875,18.830643231165745,100.0,1,-2.52,2643.1498413085938,16.54984386156221,100.0,1,-2.6,2616.3870544433594,17.394804940839435,100.0,1,-2.8,2631.299102783203,16.92399820001244,100.0,1,-3.08,2631.1383056640625,16.929074924944633,100.0,1,-3.2,2629.4930114746094,16.981020544847723,100.0,1,-3.25,2628.4762268066406,17.013122712486904,100.0,1,-3.27,2628.165954589844,17.022918700793152,100.0,1,-3.31,2626.856842041016,17.064250313891716,100.0,1,-3.36,2632.0157470703125,16.901372135942843,100.0,1,10
ZINC0000000006490,-1.8,2509.596221923828,20.76643053263584,100.0,1,-1.83,2519.2417602539062,20.461899299822413,100.0,1,-1.85,2518.562805175781,20.483335431211948,100.0,1,-2.03,2533.1255798339844,20.02355604222571,100.0,1,-2.1,2523.9823303222656,20.31222889286813,100.0,1,-2.88,2533.270904541016,20.0189678159727,100.0,1,-2.91,2550.9175415039062,19.461823992018143,100.0,1,-3.05,2513.383544921875,20.64685626915888,100.0,1,-3.05,2551.128631591797,19.45515940550154,100.0,1,-3.08,2521.5194091796875,20.3899888256168,100.0,1,10
ZINC0000000006510,-2.7,2444.777099609375,22.812915296140424,100.0,1,-2.72,2451.3212890625,22.606300588518543,100.0,1,-2.78,2448.445678710937,22.69709004323685,100.0,1,-2.8,2428.9585571289062,23.31234208581652,100.0,1,-3.02,2457.6463012695312,22.40660579709765,100.0,1,-3.07,2444.076110839844,22.83504708048138,100.0,1,-3.64,2476.2359008789062,21.81969053194365,100.0,1,-4.0,2471.871459960937,21.95748569980336,100.0,1,-4.12,2464.0673828125,22.20387788172789,100.0,1,-4.19,2474.7078857421875,21.867933389669016,100.0,1,10
ZINC0000000006520,-0.6,2466.4869689941406,22.127486130684247,100.0,1,-0.82,2487.93701171875,21.450260274408688,100.0,1,-0.85,2490.7713317871094,21.36077444634311,100.0,1,-0.92,2515.9479064941406,20.56589363501059,100.0,1,-0.92,2486.7422790527344,21.487980658612614,100.0,1,-1.16,2506.0594787597656,20.87809342992979,100.0,1,-1.16,2497.433319091797,21.150440596903376,100.0,1,-1.35,2488.059631347656,21.446388898288447,100.0,1,-1.62,2503.8890075683594,20.9466200631861,100.0,1,-2.39,3167.324493408203,0.0004769365802687,0.0,1,10
ZINC0000000006580,-0.78,2435.2039794921875,23.115160123893286,100.0,1,-1.01,2433.3878173828125,23.172500426448742,100.0,1,-1.02,2431.0933837890625,23.244940830188,100.0,1,-1.06,2429.025390625,23.31023200276442,100.0,1,-1.08,2457.458923339844,22.412521737709472,100.0,1,-1.09,2450.187255859375,22.642104554827203,100.0,1,-1.1,2436.1988525390625,23.083749755172555,100.0,1,-1.19,2442.124328613281,22.89666921366859,100.0,1,-1.36,2468.1295776367188,22.075625299506537,100.0,1,-2.26,2462.1873779296875,22.26323384352765,100.0,1,10
ZINC0000000006780,-0.94,2465.453186035156,22.16012497241476,100.0,1,-0.98,2452.384307861328,22.57273870589127,100.0,1,-1.04,2422.9327392578125,23.50259064242336,100.0,1,-1.14,2462.948699951172,22.239197203390347,100.0,1,-1.21,2425.8298950195312,23.411120950885515,100.0,1,-1.27,2473.3722534179688,21.91010229143072,100.0,1,-1.63,2449.3836059570312,22.6674775808975,100.0,1,-1.8,2482.0379028320312,21.63650834479073,100.0,1,-2.05,2478.880249023437,21.736202542690545,100.0,1,-2.25,2446.3236694335938,22.764086625403333,100.0,1,10
ZINC0000000006810,-1.91,2561.284484863281,19.13451638784922,100.0,1,-1.97,2562.3848571777344,19.09977517113256,100.0,1,-2.0,2568.4268493652344,18.90901595515694,100.0,1,-2.0,2577.7384338378906,18.615028393046305,100.0,1,-2.13,2570.267822265625,18.850892320399947,100.0,1,-2.16,2576.988800048828,18.638696009526555,100.0,1,-2.24,2568.5027465820312,18.90661971015668,100.0,1,-2.46,2566.866149902344,18.95829073021052,100.0,1,-2.69,2581.914367675781,18.48318481560341,100.0,1,-2.79,2573.7725524902344,18.740240143252866,100.0,1,10
ZINC0000000006880,-0.57,2641.533447265625,16.600877039159208,100.0,1,-0.59,2646.769989013672,16.43554769624023,100.0,1,-0.59,2636.1541442871094,16.77071367363879,100.0,1,-0.61,2643.152404785156,16.5497629268698,100.0,1,-0.64,2637.8480834960938,16.71723222159641,100.0,1,-0.65,2639.6349487304688,16.6608168869542,100.0,1,-0.78,2654.1083984375,16.20385768659513,100.0,1,-0.8,2657.3643493652344,16.101060028644714,100.0,1,-0.92,2648.6238708496094,16.37701649749646,100.0,1,-0.96,2644.401580810547,16.510323643960426,100.0,1,10
ZINC0000000006940,-0.44,2426.791076660156,23.38077429526502,100.0,1,-0.46,2420.921813964844,23.56608005458544,100.0,1,-0.54,2421.899780273437,23.53520346943132,100.0,1,-0.57,2435.1993408203125,23.115306577146217,100.0,1,-0.59,2427.356750488281,23.362914706473383,100.0,1,-0.6,2429.212951660156,23.304310281103145,100.0,1,-0.62,2435.5758666992188,23.103418812444488,100.0,1,-1.13,2457.0303955078125,22.426051320457216,100.0,1,-1.16,2450.2373046875,22.64052440130874,100.0,1,-1.3,2463.2100830078125,22.23094475528933,100.0,1,10
ZINC0000000007050,-0.49,2415.5916137695312,23.734366404302087,100.0,1,-0.63,2401.2319946289062,24.187731718914893,100.0,1,-0.73,2416.6049194335938,23.70237407660261,100.0,1,-1.32,2406.19921875,24.030905336240096,100.0,1,-1.43,2411.015930175781,23.87883097621961,100.0,1,-1.66,2416.7049560546875,23.69921569658216,100.0,1,-1.67,2430.2310180664062,23.27216764611776,100.0,1,-1.68,2407.6976928710938,23.983595154493923,100.0,1,-1.79,2439.09765625,22.992228034189587,100.0,1,-1.86,2413.3234252929688,23.805978190952377,100.0,1,10
ZINC0000000007070,-1.31,2618.8657836914062,17.316545910820917,100.0,1,-1.34,2614.834014892578,17.443837875324036,100.0,1,-1.35,2618.4407653808594,17.32996469012072,100.0,1,-1.36,2617.785430908203,17.350655066130198,100.0,1,-1.37,2621.2203369140625,17.242207395843025,100.0,1,-1.4,2623.010040283203,17.185702454934216,100.0,1,-1.4,2621.603240966797,17.230118257918512,100.0,1,-1.56,2622.655029296875,17.19691094632465,100.0,1,-1.6,2629.449249267578,16.982402215668138,100.0,1,-2.01,2663.7133178710938,15.900608883253092,100.0,1,10
ZINC0000000007220,-2.1,2451.716857910156,22.5938115946732,100.0,1,-2.24,2442.475952148437,22.88556767169312,100.0,1,-3.45,2418.0093383789062,23.65803342726125,100.0,1,-4.3,2430.8930053710938,23.25126722531132,100.0,1,-4.38,2482.1158447265625,21.634047544738195,100.0,1,-4.64,2447.482727050781,22.72749258233544,100.0,1,-4.74,2492.1196899414062,21.318203761644096,100.0,1,-4.83,2465.8812866210938,22.146608878782416,100.0,1,-4.94,2473.3265991210938,21.9115436997622,100.0,1,-4.94,2479.144897460937,21.727846999207536,100.0,1,10
ZINC0000000007280,-0.81,2462.475555419922,22.25413543518931,100.0,1,-0.84,2476.2433471679688,21.819455435932365,100.0,1,-0.88,2457.397827148437,22.41445068121189,100.0,1,-0.89,2457.832550048828,22.400725506290826,100.0,1,-0.89,2452.532012939453,22.568075325995306,100.0,1,-0.91,2485.8286743164062,21.51682520488232,100.0,1,-1.0,2466.651428222656,22.122293784762896,100.0,1,-1.07,2475.3523864746094,21.847585059085795,100.0,1,-1.09,2473.6211853027344,21.902242954692834,100.0,1,-1.43,2480.813690185547,21.67515947795736,100.0,1,10
ZINC0000000007440,-0.47,2573.3560485839844,18.75339010375288,100.0,1,-0.76,2608.600616455078,17.640640214999543,100.0,1,-0.76,2603.5477600097656,17.800170201804104,100.0,1,-0.8,2605.700958251953,17.732188914213314,100.0,1,-0.83,2662.9126892089844,15.925886522007335,100.0,1,-0.85,2602.1922607421875,17.842966347431975,100.0,1,-0.86,2599.869903564453,17.916288361213535,100.0,1,-0.87,2606.413116455078,17.70970448585543,100.0,1,-0.88,2608.496337890625,17.64393252266576,100.0,1,-0.89,2612.9132080078125,17.504482047644636,100.0,1,10
ZINC0000000007480,-1.03,2496.7604064941406,21.17168595366081,100.0,1,-1.03,2498.2682495117188,21.12407997488404,100.0,1,-1.07,2491.021026611328,21.35289102189916,100.0,1,-1.13,2500.486267089844,21.054052195785182,100.0,1,-1.14,2487.4566650390625,21.465425894153,100.0,1,-2.5,2494.93505859375,21.2293162721974,100.0,1,-3.12,2524.2149353027344,20.30488503304024,100.0,1,-3.18,2510.428924560547,20.74014024671824,100.0,1,-3.41,2552.4512634277344,19.41340095825134,100.0,1,-3.9,2524.786865234375,20.28682792505879,100.0,1,10
ZINC0000000007510,-1.18,2472.973388671875,21.9226953441663,100.0,1,-1.23,2473.2033081054688,21.915436273063783,100.0,1,-1.32,2498.1403198242188,21.12811900143856,100.0,1,-1.36,2497.401672363281,21.151439754951333,100.0,1,-1.55,2493.933837890625,21.260927050632667,100.0,1,-1.67,2508.6717529296875,20.79561808784004,100.0,1,-2.45,2491.9552612304688,21.3233951440572,100.0,1,-2.52,2497.707244873047,21.141792146914504,100.0,1,-2.6,2498.983123779297,21.10150979429253,100.0,1,-3.09,2517.2117919921875,20.525989941128103,100.0,1,10
ZINC0000000007690,-2.8,2513.122314453125,20.65510389971868,100.0,1,-3.08,2539.283142089844,19.82914802053397,100.0,1,-3.08,2546.485290527344,19.601760075193724,100.0,1,-3.11,2542.0144958496094,19.74291306928017,100.0,1,-3.12,2539.1519775390625,19.83328917896225,100.0,1,-3.32,2570.5359497070312,18.84242693697724,100.0,1,-3.4,2544.057983398437,19.67839559382285,100.0,1,-3.45,2571.4549255371094,18.813412813256765,100.0,1,-3.54,2547.976501464844,19.55467920840937,100.0,1,-4.68,2517.7408447265625,20.509286562228027,100.0,1,10
ZINC0000000007720,-0.7,2520.3827209472656,20.4258766171426,100.0,1,-0.73,2535.5827026367188,19.94597917604321,100.0,1,-0.76,2526.9632263183594,20.218115334711587,100.0,1,-0.9,2532.443664550781,20.04508563391481,100.0,1,-0.95,2531.470977783203,20.075795532142905,100.0,1,-0.96,2535.3003540039062,19.95489355430714,100.0,1,-1.16,2524.736541748047,20.288416750151445,100.0,1,-1.27,2577.1372680664062,18.63400854192452,100.0,1,-1.35,2561.626892089844,19.12370582536313,100.0,1,-2.02,2558.988555908203,19.20700400349237,100.0,1,10
ZINC0000000007760,-1.64,2468.94384765625,22.049916972567686,100.0,1,-1.65,2462.346435546875,22.258212038565304,100.0,1,-1.66,2489.162628173828,21.411564819862885,100.0,1,-2.25,2548.192901611328,19.547846971458497,100.0,1,-2.45,2536.270568847656,19.924261700246728,100.0,1,-2.47,2533.775634765625,20.003032353142267,100.0,1,-2.62,2532.926300048828,20.029847751052284,100.0,1,-2.79,2549.763885498047,19.498247494127032,100.0,1,-3.03,2532.6502075195312,20.03856461012641,100.0,1,-3.06,2552.558654785156,19.410010372744345,100.0,1,10
ZINC0000000007830,-3.0,2522.500244140625,20.359021670687834,100.0,1,-3.41,2514.259552001953,20.61919876504451,100.0,1,-3.62,2524.197235107422,20.30544386782116,100.0,1,-3.92,2512.5755310058594,20.67236707690792,100.0,1,-3.95,2524.944854736328,20.28183984288495,100.0,1,-3.96,2574.627868652344,18.713235897727223,100.0,1,-4.03,2529.0227966308594,20.153090090410217,100.0,1,-4.05,2571.7496032714844,18.804109177662674,100.0,1,-4.26,2533.0970153808594,20.02445788594113,100.0,1,-4.3,2547.229858398437,19.57825240108181,100.0,1,10
ZINC0000000007940,-1.09,2543.703063964844,19.68960119468856,100.0,1,-1.19,2558.20361328125,19.231786399009728,100.0,1,-1.29,2592.2725524902344,18.15615373830021,100.0,1,-1.46,2559.323303222656,19.196435281575265,100.0,1,-1.5,2568.696350097656,18.900507213863296,100.0,1,-1.54,2569.9308471679688,18.861531378418785,100.0,1,-1.69,2581.8074951171875,18.48655902147028,100.0,1,-1.82,2572.844146728516,18.76955199102041,100.0,1,-2.02,2562.812957763672,19.08625907750021,100.0,1,-2.11,2540.9517822265625,19.77646531682502,100.0,1,10
ZINC0000000008130,-0.94,2539.2915954589844,19.82888112875068,100.0,1,-1.23,2539.4302673339844,19.82450294729464,100.0,1,-1.32,2537.8502502441406,19.874387623066017,100.0,1,-1.42,2493.3576049804688,21.279120013276373,100.0,1,-1.42,2554.273712158203,19.355862172997828,100.0,1,-1.44,2546.0157165527344,19.616585576528266,100.0,1,-1.47,2550.3988647460938,19.478199778115613,100.0,1,-1.52,2550.5477600097656,19.473498821398177,100.0,1,-1.99,2550.7891540527344,19.465877471196308,100.0,1,-2.12,2515.265625,20.58743478879861,100.0,1,10
ZINC0000000008170,-0.89,2475.4014892578125,21.84603477432286,100.0,1,-1.17,2473.7431640625,21.89839181224569,100.0,1,-1.26,2487.804077148437,21.45445731631505,100.0,1,-1.87,2507.02783203125,20.847520349872195,100.0,1,-1.92,2509.6560668945312,20.764541092971378,100.0,1,-1.92,2517.423126220703,20.51931764654556,100.0,1,-2.01,2516.503387451172,20.548355857972105,100.0,1,-2.06,2510.7896423339844,20.72875157928636,100.0,1,-2.07,2529.3078002929688,20.144091886929147,100.0,1,-2.6,2540.9102478027344,19.7777766515437,100.0,1,10
ZINC0000000008310,-1.0,2603.4164428710938,17.80431617777359,100.0,1,-1.02,2617.4317932128906,17.3618201996497,100.0,1,-1.03,2614.574584960937,17.4520286588975,100.0,1,-1.03,2615.669342041016,17.417464727697542,100.0,1,-1.1,2610.0294494628906,17.595528759063818,100.0,1,-1.1,2614.095764160156,17.467146103229656,100.0,1,-1.12,2612.7448120117188,17.509798686129326,100.0,1,-1.17,2617.532440185547,17.358642549464392,100.0,1,-1.28,2599.5643005371094,17.92593693275861,100.0,1,-1.28,2596.658935546875,18.017665808013813,100.0,1,10
ZINC0000000008380,-1.15,2609.069061279297,17.625850363469993,100.0,1,-1.16,2604.0096435546875,17.785587504546797,100.0,1,-1.21,2597.225830078125,17.999767678892457,100.0,1,-1.21,2598.577667236328,17.95708715425374,100.0,1,-1.21,2597.602813720703,17.987865461567083,100.0,1,-1.22,2599.8190002441406,17.917895492962803,100.0,1,-1.27,2608.065826416016,17.657524733449296,100.0,1,-1.33,2608.9557495117188,17.629427869576134,100.0,1,-1.35,2599.9801025390625,17.912809132948183,100.0,1,-1.51,2602.707000732422,17.826714853897847,100.0,1,10
ZINC0000000008390,-1.84,2567.606170654297,18.93492661882681,100.0,1,-1.9,2560.577209472656,19.15684665488823,100.0,1,-1.91,2571.188446044922,18.821826167234352,100.0,1,-1.93,2570.271881103516,18.85076417380363,100.0,1,-1.93,2561.852752685547,19.11657490085693,100.0,1,-2.02,2564.057556152344,19.04696432082728,100.0,1,-2.1,2552.7677001953125,19.40341034128001,100.0,1,-2.13,2564.679748535156,19.027320314769664,100.0,1,-2.14,2562.6710510253906,19.09073939083001,100.0,1,-2.17,2561.6942138671875,19.121580326179146,100.0,1,10
ZINC0000000008440,-1.06,2521.3788146972656,20.39442770809215,100.0,1,-1.14,2512.1233825683594,20.686642415035724,100.0,1,-1.15,2522.0595703125,20.37293472971628,100.0,1,-1.24,2547.603546142578,19.56645424264668,100.0,1,-1.3,2535.047912597656,19.962863694492963,100.0,1,-1.35,2519.933380126953,20.44006331251205,100.0,1,-1.51,2559.496307373047,19.190973153345883,100.0,1,-1.56,2540.3328857421875,19.796005263992395,100.0,1,-1.56,2534.373992919922,19.98414084702241,100.0,1,-1.84,2539.917266845703,19.80912728275336,100.0,1,10
ZINC0000000008460,-0.78,2418.68359375,23.63674567614114,100.0,1,-0.81,2408.587951660156,23.955487692030083,100.0,1,-1.05,2448.599609375,22.692230107659327,100.0,1,-1.14,2417.986694335937,23.658748350377536,100.0,1,-1.18,2465.197967529297,22.168182791850693,100.0,1,-1.81,2393.024169921875,24.446871114893888,100.0,1,-2.47,2504.3065185546875,20.933438306914063,100.0,1,-2.48,2431.5172119140625,23.231559627709665,100.0,1,-2.68,2448.5241088867188,22.69461382705243,100.0,1,-3.01,2547.383514404297,19.57340113707848,100.0,1,10
ZINC0000000008560,-0.74,2386.4464721679688,24.654543754566543,100.0,1,-0.85,2391.968994140625,24.48018537590272,100.0,1,-0.89,2380.8336181640625,24.83175411762956,100.0,1,-0.9,2391.432983398437,24.4971084346822,100.0,1,-0.9,2368.833312988281,25.21063060997857,100.0,1,-1.1,2426.3960571289062,23.393245945961983,100.0,1,-1.27,2385.048767089844,24.698672432094444,100.0,1,-1.28,2372.4127197265625,25.097620728160948,100.0,1,-1.32,2447.2318725585938,22.73541262009263,100.0,1,-1.6,2395.69775390625,24.36246008474402,100.0,1,10
ZINC0000000008570,-0.58,2532.3240966796875,20.04886065921076,100.0,1,-0.74,2524.9196166992188,20.282636664201885,100.0,1,-0.75,2537.069793701172,19.899028382871663,100.0,1,-0.77,2527.1424865722656,20.2124556872924,100.0,1,-1.69,2555.709045410156,19.31054548980635,100.0,1,-1.73,2555.2564392089844,19.3248352805578,100.0,1,-1.85,2549.1510009765625,19.517597630170545,100.0,1,-1.93,2551.148376464844,19.45453601566834,100.0,1,-1.94,2552.0504760742188,19.42605471200623,100.0,1,-2.01,2555.4761657714844,19.317898021208435,100.0,1,10
ZINC0000000008680,-0.04,2682.002410888672,15.323181283767592,100.0,1,-0.22,2635.590545654297,16.78850774386991,100.0,1,-0.4,2661.067779541016,15.984134449327676,100.0,1,-0.42,2658.6183166503906,16.06146947494119,100.0,1,-0.44,2656.1836853027344,16.13833623554863,100.0,1,-0.46,2664.986633300781,15.860407465323531,100.0,1,-0.47,2662.744415283203,15.93119930645906,100.0,1,-0.49,2666.6687927246094,15.807297927462937,100.0,1,-0.68,2658.673889160156,16.05971492643075,100.0,1,-0.77,2669.8238220214844,15.70768659127202,100.0,1,10
ZINC0000000008860,-0.12,2664.6114807128906,15.872251872154328,100.0,1,-0.13,2662.763092041016,15.930609639414362,100.0,1,-0.15,2662.039093017578,15.953467908970516,100.0,1,-0.21,2664.3270568847656,15.881231768978784,100.0,1,-0.26,2622.3336791992188,17.207056688123096,100.0,1,-0.26,2624.1856384277344,17.148586190398632,100.0,1,-0.36,2679.2086791992188,15.411385645870022,100.0,1,-0.51,2670.6231689453125,15.682449419863978,100.0,1,-0.58,2655.604705810547,16.156615913934203,100.0,1,-0.58,2674.489227294922,15.560389305120168,100.0,1,10
ZINC0000000009340,-1.11,2555.3758850097656,19.321064109294824,100.0,1,-1.26,2553.9705200195312,19.365434627391707,100.0,1,-2.33,2532.0068359375,20.058877290904643,100.0,1,-2.48,2591.594787597656,18.17755229286828,100.0,1,-2.52,2623.9612731933594,17.155669903000927,100.0,1,-2.88,2623.816619873047,17.160236932072593,100.0,1,-2.95,2619.5465393066406,17.295052932445046,100.0,1,-3.48,2625.229034423828,17.115643843571586,100.0,1,-3.57,2564.1778869628906,19.04316520782526,100.0,1,-4.14,2578.166412353516,18.601516153446934,100.0,1,10
ZINC0000000009410,-1.47,2461.931640625,22.27130804260372,100.0,1,-1.76,2472.3717041015625,21.94169187268464,100.0,1,-1.95,2502.751678466797,20.982528088385,100.0,1,-2.06,2526.9353942871094,20.21899405422917,100.0,1,-2.08,2489.6095581054688,21.39745424164463,100.0,1,-2.12,2497.528564453125,21.14743348767708,100.0,1,-2.33,2486.276611328125,21.50268283089205,100.0,1,-2.68,2525.305389404297,20.27045695650253,100.0,1,-2.81,2530.860107421875,20.095082076642377,100.0,1,-3.05,2514.897521972656,20.59905662522528,100.0,1,10
ZINC0000000009420,-3.46,2636.047790527344,16.774071499865535,100.0,1,-3.47,2630.5039978027344,16.94910144377471,100.0,1,-3.65,2629.2654418945312,16.98820542581553,100.0,1,-3.73,2632.034210205078,16.900789213455848,100.0,1,-4.0,2635.048217773437,16.805630248855678,100.0,1,-4.03,2635.7072143554688,16.784824251857046,100.0,1,-4.15,2625.6251220703125,17.10313847008611,100.0,1,-4.18,2632.0509033203125,16.900262174446944,100.0,1,-4.27,2638.2593994140625,16.704246057497702,100.0,1,-4.72,2634.4588012695312,16.82423944706035,100.0,1,10
ZINC0000000009480,-2.16,2560.5177001953125,19.158725495962013,100.0,1,-2.37,2556.549743652344,19.28400276472909,100.0,1,-2.47,2564.155029296875,19.04388687549924,100.0,1,-2.52,2554.35009765625,19.35345051186568,100.0,1,-2.57,2560.405334472656,19.162273133312617,100.0,1,-2.63,2566.663299560547,18.96469516950153,100.0,1,-2.63,2566.1289978027344,18.9815642718194,100.0,1,-2.69,2568.1227111816406,18.91861827830635,100.0,1,-2.74,2563.9971618652344,19.04887110364011,100.0,1,-2.77,2560.912384033203,19.14626444385572,100.0,1,10
ZINC0000000009490,-0.46,2591.557098388672,18.17874222554834,100.0,1,-0.48,2595.4642944335938,18.05538330169301,100.0,1,-0.5,2598.256225585937,17.967235786576914,100.0,1,-0.72,2605.3089294433594,17.744566141102467,100.0,1,-0.91,2655.345123291016,16.164811515048882,100.0,1,-0.99,2664.1790466308594,15.885904783957171,100.0,1,-1.04,2656.9835205078125,16.113083648008704,100.0,1,-1.07,2671.7537841796875,15.64675336647853,100.0,1,-1.13,2672.4801025390625,15.623821870295911,100.0,1,-1.26,2672.1222229003906,15.635120931461188,100.0,1,10
ZINC0000000009540,-1.04,2535.5965881347656,19.94554077979266,100.0,1,-1.69,2558.7767028808594,19.21369267771505,100.0,1,-1.7,2545.680633544922,19.62716489703604,100.0,1,-1.71,2541.3624267578125,19.76350034990765,100.0,1,-1.74,2551.0172729492188,19.458675247080127,100.0,1,-1.84,2548.341064453125,19.54316913893889,100.0,1,-1.88,2544.85400390625,19.65326344481329,100.0,1,-1.96,2546.043273925781,19.61571552858486,100.0,1,-2.02,2555.906005859375,19.304327007606243,100.0,1,-2.63,2563.640899658203,19.060119098868512,100.0,1,10
ZINC0000000010010,-0.71,2450.5564880371094,22.630447068595544,100.0,1,-0.73,2442.9636840820312,22.87016888295402,100.0,1,-0.75,2461.488220214844,22.28530781737403,100.0,1,-0.76,2447.9674072265625,22.712190144420635,100.0,1,-0.77,2452.2732849121094,22.57624394887918,100.0,1,-0.77,2431.52685546875,23.231255159104887,100.0,1,-0.79,2436.869201660156,23.06258533310754,100.0,1,-0.82,2441.5650024414062,22.91432839274569,100.0,1,-0.89,2461.3641357421875,22.289225441889933,100.0,1,-0.9,2456.7586059570312,22.43463232486908,100.0,1,10
ZINC0000000010230,-1.03,2519.0340576171875,20.46845693692405,100.0,1,-1.04,2528.0490112304688,20.18383467493506,100.0,1,-1.14,2528.520233154297,20.168957144155403,100.0,1,-1.15,2537.917358398437,19.872268868439733,100.0,1,-1.26,2541.944366455078,19.74512721122252,100.0,1,-1.27,2543.408569335937,19.69889904923319,100.0,1,-1.3,2545.897399902344,19.620321097986245,100.0,1,-1.53,2543.409393310547,19.69887303451063,100.0,1,-1.59,2524.4774475097656,20.29659693513424,100.0,1,-2.33,2593.5067138671875,18.11718850144638,100.0,1,10
ZINC0000000010320,-0.92,2477.5762634277344,21.77737228640429,100.0,1,-0.95,2473.7823791503906,21.89715370415348,100.0,1,-1.55,2474.11669921875,21.88659847135178,100.0,1,-1.76,2501.9309997558594,21.00843875205487,100.0,1,-1.77,2479.538330078125,21.7154254509392,100.0,1,-1.85,2499.3270263671875,21.09065201990253,100.0,1,-1.9,2486.699005126953,21.489346913301137,100.0,1,-1.99,2475.2301025390625,21.85144583661536,100.0,1,-2.17,2513.8318786621094,20.63270136956145,100.0,1,-2.22,2483.3959350585938,21.59363222797869,100.0,1,10
ZINC0000000010380,-1.25,2449.752899169922,22.65581816764936,100.0,1,-1.28,2451.675842285156,22.59510654975175,100.0,1,-1.35,2435.0492553710938,23.12004511068513,100.0,1,-1.39,2446.9930419921875,22.74295303560209,100.0,1,-1.55,2455.0494995117188,22.488592640508216,100.0,1,-1.57,2448.4742431640625,22.69618819952144,100.0,1,-1.57,2453.294921875,22.54398858342937,100.0,1,-1.62,2441.25244140625,22.924196644170163,100.0,1,-1.92,2455.2321166992188,22.482827007182298,100.0,1,-3.24,2496.9567260742188,21.1654877051338,100.0,1,10
ZINC0000000010410,-0.6,2619.8018798828125,17.28699125897614,100.0,1,-1.11,2698.924591064453,14.788910181992833,100.0,1,-1.2,2700.6783752441406,14.733539290285991,100.0,1,-1.2,2697.314727783203,14.839737168825836,100.0,1,-1.22,2703.402130126953,14.647544252584687,100.0,1,-1.23,2696.2283935546875,14.87403517175074,100.0,1,-1.24,2702.458923339844,14.677323401850076,100.0,1,-1.26,2702.065948486328,14.689730497494764,100.0,1,-1.32,2707.9705810546875,14.503308032120742,100.0,1,-1.72,2702.657012939453,14.671069269844974,100.0,1,10
ZINC0000000010430,-1.45,2582.345672607422,18.46956755360555,100.0,1,-1.64,2580.451110839844,18.5293831088372,100.0,1,-1.68,2593.8231506347656,18.107197884475053,100.0,1,-1.71,2591.0593872070312,18.19445608148289,100.0,1,-1.75,2599.912078857422,17.914956792821755,100.0,1,-1.78,2592.5048828125,18.148818550046503,100.0,1,-1.8,2595.726928710937,18.04709134975404,100.0,1,-1.81,2587.498321533203,18.30688689484649,100.0,1,-1.81,2593.363983154297,18.12169482949874,100.0,1,-1.83,2590.924560546875,18.19871286090032,100.0,1,10
ZINC0000000010450,-0.33,2740.106231689453,13.4887136186032,100.0,1,-0.38,2740.708526611328,13.46969781992,100.0,1,-0.39,2747.9189453125,13.2420487638459,100.0,1,-0.41,2748.6539001464844,13.218844594830523,100.0,1,-0.44,2744.587921142578,13.347216652074012,100.0,1,-0.47,2748.735809326172,13.216258538706398,100.0,1,-0.49,2749.120391845703,13.20411640782853,100.0,1,-0.51,2747.186492919922,13.265173925185358,100.0,1,-0.55,2743.719451904297,13.374636169652373,100.0,1,-0.57,2748.2958984375,13.230147510028772,100.0,1,10
ZINC0000000010460,-0.23,2532.085906982422,20.056380841047115,100.0,1,-0.24,2529.3306274414062,20.14337118276341,100.0,1,-0.26,2530.5260620117188,20.10562863786989,100.0,1,-0.26,2531.624542236328,20.070947158664293,100.0,1,-0.27,2531.1936950683594,20.084549968038505,100.0,1,-0.31,2534.8304138183594,19.96973061774059,100.0,1,-0.32,2530.1085815429688,20.11880943063369,100.0,1,-0.38,2532.1337890625,20.0548690966139,100.0,1,-2.65,2629.729888916016,16.973541793865813,100.0,1,-2.69,2629.501678466797,16.98074690850672,100.0,1,10
ZINC0000000010520,-0.11,2733.735595703125,13.689848854847328,100.0,1,-0.12,2731.4447631835938,13.762175564613903,100.0,1,-0.12,2729.2184143066406,13.832466381463089,100.0,1,-0.15,2734.923126220703,13.652355858588749,100.0,1,-0.23,2731.863586425781,13.748952377487422,100.0,1,-0.25,2732.0035095214844,13.744534692193415,100.0,1,-0.25,2729.1353759765625,13.835088087392204,100.0,1,-0.28,2733.5745544433594,13.694933287845467,100.0,1,-0.3,2731.428009033203,13.762704530639292,100.0,1,-0.36,2735.4646606445312,13.635258404817291,100.0,1,10
ZINC0000000010710,-1.06,2639.967529296875,16.650316574122343,100.0,1,-1.1,2640.922790527344,16.620156839100982,100.0,1,-1.13,2637.2022705078125,16.737621983034085,100.0,1,-1.14,2640.6216735839844,16.629663774934343,100.0,1,-1.18,2645.2398681640625,16.48385703603436,100.0,1,-1.19,2635.3876953125,16.79491218316091,100.0,1,-1.22,2646.5982055664062,16.44097128413989,100.0,1,-1.23,2642.036071777344,16.58500805839754,100.0,1,-1.23,2646.7933044433594,16.4348115759426,100.0,1,-1.26,2633.846099853516,16.8435838020544,100.0,1,10
ZINC0000000011360,-0.08,2494.482421875,21.24360702645709,100.0,1,-0.17,2535.315368652344,19.9544195082516,100.0,1,-0.41,2508.393829345703,20.804392757408745,100.0,1,-0.59,2515.210876464844,20.58916332258649,100.0,1,-0.66,2512.177734375,20.684926406855,100.0,1,-0.78,2517.94189453125,20.50293896992336,100.0,1,-1.14,2512.2423706054688,20.6828856963964,100.0,1,-1.21,2519.1981201171875,20.463277116609856,100.0,1,-1.25,3167.319580078125,0.0006320614073864,0.0,1,-1.63,2555.7440490722656,19.30944034585167,100.0,1,10
ZINC0000000011490,-1.49,2457.1900329589844,22.42101120883825,100.0,1,-1.57,2481.9505310058594,21.639266868890346,100.0,1,-1.76,2479.5357055664062,21.715508312648097,100.0,1,-1.8,2486.5260314941406,21.49480807802228,100.0,1,-1.84,2495.320526123047,21.21714619958048,100.0,1,-1.89,2487.7923278808594,21.4548282669886,100.0,1,-1.92,2486.7303161621094,21.488358353843854,100.0,1,-1.96,2488.5884704589844,21.42969226394607,100.0,1,-3.49,2521.258850097656,20.398215258995258,100.0,1,-3.94,2561.190460205078,19.137484956745805,100.0,1,10
ZINC0000000011500,-2.69,2558.7049560546875,19.215957885594264,100.0,1,-2.84,2549.7240600585938,19.499504872384104,100.0,1,-2.88,2543.2017211914062,19.70542970810402,100.0,1,-2.89,2544.668182373047,19.65913024650472,100.0,1,-2.91,2547.4449768066406,19.571460631477137,100.0,1,-2.96,2547.591278076172,19.56684157296035,100.0,1,-3.15,2546.920440673828,19.588021411157257,100.0,1,-3.16,2551.9650268554688,19.42875253508653,100.0,1,-3.2,2569.493896484375,18.87532688944159,100.0,1,-3.22,2541.069366455078,19.77275291956487,100.0,1,10
ZINC0000000011530,-0.49,2554.301055908203,19.35499886961213,100.0,1,-0.52,2558.469696044922,19.22338557063929,100.0,1,-0.58,2573.8961181640625,18.736338898377088,100.0,1,-0.6,2580.176147460937,18.538064318106333,100.0,1,-0.62,2578.3760681152344,18.59489685181775,100.0,1,-0.62,2578.707489013672,18.584433152299127,100.0,1,-0.79,2581.6356506347656,18.491984536386425,100.0,1,-0.81,2593.607360839844,18.114010851261074,100.0,1,-0.91,2542.62451171875,19.723653503011505,100.0,1,-0.93,2593.860565185547,18.10601662336917,100.0,1,10
ZINC0000000011800,-0.45,2516.939727783203,20.53457961711416,100.0,1,-1.39,2520.1089477539062,20.434520249590257,100.0,1,-1.44,2503.141998291016,20.97020481795745,100.0,1,-1.6,2519.544860839844,20.452329735953263,100.0,1,-1.63,2521.968780517578,20.37580116673911,100.0,1,-1.73,2531.691436767578,20.06883514859571,100.0,1,-1.82,2548.901824951172,19.52546467497437,100.0,1,-2.0,2538.7344665527344,19.846470935234287,100.0,1,-2.03,2534.2095947265625,19.98933126592728,100.0,1,-2.98,2527.3109741210938,20.20713615828297,100.0,1,10
ZINC0000000011930,-0.49,2632.0123901367188,16.90147812184957,100.0,1,-0.51,2613.7353515625,17.478525135579098,100.0,1,-0.73,2628.1630859375,17.02300927056799,100.0,1,-0.73,2640.653289794922,16.628665580394628,100.0,1,-0.75,2631.233764648437,16.926061071160632,100.0,1,-0.77,2627.083984375,17.05707892203931,100.0,1,-0.88,2618.228240966797,17.33667456152474,100.0,1,-0.95,2638.272857666016,16.70382115036255,100.0,1,-0.95,2639.921875,16.651757982453823,100.0,1,-1.33,2651.3509216308594,16.29091740090491,100.0,1,10
ZINC0000000012020,-0.46,2558.249237060547,19.230345954186493,100.0,1,-0.49,2561.8480834960938,19.116722317618105,100.0,1,-0.51,2582.111785888672,18.47695188077965,100.0,1,-0.53,2580.146728515625,18.53899314005255,100.0,1,-0.55,2568.8822631835938,18.89463752164714,100.0,1,-0.55,2579.0650939941406,18.57314276270804,100.0,1,-0.57,2584.218231201172,18.410446687817085,100.0,1,-0.59,2552.259704589844,19.419448899492448,100.0,1,-0.59,2585.0096435546875,18.385460028552217,100.0,1,-0.63,2576.6860961914062,18.648253047788543,100.0,1,10
ZINC0000000012130,-1.66,2562.5977783203125,19.09305277412137,100.0,1,-1.67,2563.6708984375,19.05917197026568,100.0,1,-1.67,2563.4146423339844,19.06726254898187,100.0,1,-1.73,2559.5448303222656,19.189441175239565,100.0,1,-1.73,2559.4268798828125,19.19316513459864,100.0,1,-1.76,2561.388610839844,19.131228897724217,100.0,1,-1.77,2556.3736877441406,19.28956124378277,100.0,1,-1.81,2559.8345336914062,19.18029459148908,100.0,1,-1.83,2560.766326904297,19.15087579430656,100.0,1,-1.85,2566.658599853516,18.964843549770944,100.0,1,10
ZINC0000000012190,-0.17,2563.9165954589844,19.051414765401542,100.0,1,-0.78,2605.6085205078125,17.73510738068126,100.0,1,-0.86,2600.733856201172,17.889011442855136,100.0,1,-0.91,2595.341033935547,18.05927491148635,100.0,1,-1.01,2601.4298095703125,17.867038637374268,100.0,1,-1.01,2601.455322265625,17.86623314448315,100.0,1,-1.05,2598.091796875,17.97242716899002,100.0,1,-1.05,2609.868530273437,17.60060933802898,100.0,1,-1.15,2611.0307006835938,17.56391701712031,100.0,1,-1.31,2605.5314331054688,17.737541202502992,100.0,1,10
ZINC0000000012270,-2.0,2585.633758544922,18.36575532147529,100.0,1,-2.08,2597.5684509277344,17.988950371848663,100.0,1,-2.1,2548.806640625,19.528469857184184,100.0,1,-2.1,2591.260070800781,18.18812005127714,100.0,1,-2.12,2544.584747314453,19.66176447804099,100.0,1,-2.14,2593.6897888183594,18.11140841549682,100.0,1,-2.23,2606.211151123047,17.716080983407387,100.0,1,-2.28,2599.6986694335938,17.921694605964824,100.0,1,-2.31,2602.3933715820312,17.836616828110824,100.0,1,-2.32,2613.629821777344,17.48185694708328,100.0,1,10
ZINC0000000012440,-1.04,2474.262725830078,21.88198808440918,100.0,1,-1.64,2487.5647888183594,21.46201218444816,100.0,1,-1.66,2490.8706970214844,21.35763726350401,100.0,1,-1.74,2479.1905517578125,21.72640559087605,100.0,1,-1.77,2487.5128784179688,21.463651111969448,100.0,1,-1.81,2480.225830078125,21.69371953724164,100.0,1,-1.82,2497.1378173828125,21.159770247220028,100.0,1,-2.02,2486.0802307128906,21.508883006435543,100.0,1,-2.09,2494.491973876953,21.24330544837704,100.0,1,-3.66,2505.0738830566406,20.909210892144657,100.0,1,10
ZINC0000000012710,-0.75,2445.4820861816406,22.79065729221964,100.0,1,-0.78,2446.811492919922,22.7486849461395,100.0,1,-0.79,2452.8034057617188,22.5595068471906,100.0,1,-0.79,2418.222717285156,23.65129657762643,100.0,1,-0.83,2439.7578125,22.971385423877724,100.0,1,-0.87,2421.5249633789062,23.54703727767144,100.0,1,-0.89,2447.3349609375,22.732157889247887,100.0,1,-1.09,2423.9521484375,23.47040561307529,100.0,1,-1.19,2437.7865600585938,23.033622275323943,100.0,1,-1.37,2467.204406738281,22.104835015400333,100.0,1,10
ZINC0000000012790,-1.06,2646.0239868164062,16.45910065523956,100.0,1,-1.21,2649.722900390625,16.342317675142482,100.0,1,-1.21,2649.336700439453,16.35451087195723,100.0,1,-1.27,2650.0523986816406,16.331914676643162,100.0,1,-1.27,2654.5457458496094,16.190049649965164,100.0,1,-1.27,2640.298217773437,16.63987599880155,100.0,1,-1.3,2650.1842041015625,16.327753284541792,100.0,1,-1.38,2648.092041015625,16.393807555646646,100.0,1,-1.39,2662.9734497070312,15.92396817709559,100.0,1,-1.59,2687.0553283691406,15.163649369946544,100.0,1,10
ZINC0000000012830,-0.9,2539.326446533203,19.82778080233721,100.0,1,-1.05,2553.1180114746094,19.392350230159,100.0,1,-1.1,2539.431854248047,19.824452844866,100.0,1,-1.16,2530.7556762695312,20.098379201849813,100.0,1,-1.17,2547.6539306640625,19.56486349053754,100.0,1,-1.26,2504.817840576172,20.91729472630315,100.0,1,-1.43,2554.970092773437,19.33387587840156,100.0,1,-1.46,2505.4917602539062,20.896017573773705,100.0,1,-1.51,2542.3143310546875,19.733446600793023,100.0,1,-2.14,2554.575439453125,19.34633596699961,100.0,1,10
ZINC0000000012970,-3.57,2420.6739501953125,23.57390566853482,100.0,1,-3.86,2430.2280883789062,23.272260142909083,100.0,1,-4.44,2493.490173339844,21.27493453346892,100.0,1,-4.47,2473.685791015625,21.900203207742475,100.0,1,-4.53,2476.9775390625,21.796275354623063,100.0,1,-4.62,2502.1422119140625,21.0017703115053,100.0,1,-4.77,2506.991455078125,20.848668851697813,100.0,1,-4.88,2519.124786376953,20.465592426917706,100.0,1,-5.32,2505.157958984375,20.90655642693528,100.0,1,-5.52,2524.2351684570312,20.30424622707515,100.0,1,10
ZINC0000000013060,-0.87,2590.9009399414062,18.19945861628037,100.0,1,-0.95,2593.356964111328,18.12191643639462,100.0,1,-0.98,2558.468719482422,19.22341640290308,100.0,1,-1.08,2557.4778747558594,19.254699588535733,100.0,1,-1.15,2562.5973205566406,19.093067226745017,100.0,1,-1.22,2558.2584533691406,19.230054974697115,100.0,1,-1.38,2609.14990234375,17.623298030134375,100.0,1,-1.41,2565.11328125,19.01363271667008,100.0,1,-1.7,2569.101928710937,18.88770218931426,100.0,1,-1.87,2600.6514892578125,17.891611951602904,100.0,1,10
ZINC0000000013090,-0.82,2451.6966247558594,22.594450400638287,100.0,1,-1.65,2462.1737060546875,22.263665495220497,100.0,1,-1.8,2469.782684326172,22.02343302149325,100.0,1,-1.83,2508.726959228516,20.79387510142851,100.0,1,-2.34,2485.325714111328,21.532704784234664,100.0,1,-2.44,2538.745422363281,19.84612503577506,100.0,1,-2.75,2507.075653076172,20.846010532455463,100.0,1,-2.75,2532.567749023437,20.04116800939891,100.0,1,-2.86,2505.5738220214844,20.893426700108368,100.0,1,-3.12,2559.229217529297,19.19940577748833,100.0,1,10
ZINC0000000013270,-0.74,2587.3416442871094,18.31183354616588,100.0,1,-0.77,2569.0098571777344,18.89060909368329,100.0,1,-0.91,2579.5299072265625,18.558467568659403,100.0,1,-0.93,2582.6040954589844,18.461408565804103,100.0,1,-1.06,2576.082733154297,18.66730256926025,100.0,1,-1.12,2584.770904541016,18.39299755353695,100.0,1,-1.18,2572.0377807617188,18.79501076932433,100.0,1,-1.21,2587.864196777344,18.295335394521555,100.0,1,-2.36,2588.657440185547,18.270290924762108,100.0,1,-2.46,2604.986358642578,17.754750423230632,100.0,1,10
ZINC0000000013290,-1.07,2541.977569580078,19.744078914254164,100.0,1,-1.23,2516.1676635742188,20.558955412152983,100.0,1,-1.25,2512.3509216308594,20.67945849757616,100.0,1,-1.31,2514.530334472656,20.61064955640466,100.0,1,-1.48,2551.0958862304688,19.456193249846244,100.0,1,-1.57,2524.147430419922,20.30701631327368,100.0,1,-1.64,2541.6009216308594,19.755970532988865,100.0,1,-1.65,2537.310607910156,19.891425339326407,100.0,1,-1.71,2531.528839111328,20.07396872051424,100.0,1,-1.9,2540.859130859375,19.77939052785067,100.0,1,10
ZINC0000000013770,-0.97,2504.597076416016,20.92426474493277,100.0,1,-1.74,2577.8680725097656,18.610935410030184,100.0,1,-1.79,2582.674591064453,18.45918286176285,100.0,1,-1.79,2576.944793701172,18.64008538841291,100.0,1,-1.86,2586.115631103516,18.35054152631885,100.0,1,-1.89,2582.7359313964844,18.45724621019449,100.0,1,-1.92,2581.5245971679688,18.495490742882584,100.0,1,-1.93,2587.2511596679688,18.31469034810628,100.0,1,-1.93,2582.189758300781,18.47449011721888,100.0,1,-2.05,2579.631317138672,18.555265830768025,100.0,1,10
ZINC0000000013790,-1.86,2501.0615234375,21.03589006540525,100.0,1,-1.99,2497.104431152344,21.16082432523784,100.0,1,-2.0,2492.176696777344,21.31640392824623,100.0,1,-2.02,2503.6683044433594,20.95358815479924,100.0,1,-2.03,2498.8749084472656,21.104926394522096,100.0,1,-2.03,2496.969512939453,21.16508399517999,100.0,1,-2.05,2498.259094238281,21.12436902735693,100.0,1,-2.09,2498.543334960937,21.11539491158193,100.0,1,-2.39,2498.847198486328,21.105801260006707,100.0,1,-2.69,2496.413604736328,21.18263526133388,100.0,1,10
ZINC0000000013910,-1.47,2522.9530334472656,20.34472609888693,100.0,1,-1.48,2533.156005859375,20.02259542450747,100.0,1,-1.5,2523.485748291016,20.32790709899769,100.0,1,-1.51,2530.829467773437,20.09604943891832,100.0,1,-1.51,2534.0967712402344,19.99289335590152,100.0,1,-1.53,2534.411590576172,19.98295380486708,100.0,1,-1.54,2531.919311523437,20.06164063254548,100.0,1,-1.55,2533.433837890625,20.0138236454635,100.0,1,-1.62,2525.695037841797,20.25815488325633,100.0,1,-1.62,2524.5708923339844,20.29364667289427,100.0,1,10
ZINC0000000013990,-2.05,2433.041748046875,23.183426609923995,100.0,1,-2.06,2435.6219482421875,23.101963914997604,100.0,1,-2.55,2472.068420410156,21.95126721760325,100.0,1,-2.57,2477.4693603515625,21.780747455779405,100.0,1,-2.67,2437.437561035156,23.04464095559052,100.0,1,-2.92,2446.250366210937,22.76640097220294,100.0,1,-3.47,2465.7413940429688,22.15102560056818,100.0,1,-4.74,2493.6491088867188,21.26991658253955,100.0,1,-4.86,2480.6817626953125,21.679324724091707,100.0,1,-5.17,2506.182373046875,20.87421338223536,100.0,1,10
ZINC0000000014090,-0.65,2568.798065185547,18.897295840889488,100.0,1,-0.83,2557.6148681640625,19.250374400033053,100.0,1,-0.85,2560.473999023437,19.160105239765944,100.0,1,-0.87,2559.423065185547,19.193285573129003,100.0,1,-0.89,2560.8495178222656,19.14824927083623,100.0,1,-0.91,2564.1939392089844,19.04265840248945,100.0,1,-0.95,2564.4646606445312,19.034111120866097,100.0,1,-0.96,2559.356414794922,19.19538987513164,100.0,1,-1.37,2570.988006591797,18.82815448937416,100.0,1,-1.79,2580.7398376464844,18.520267357350484,100.0,1,10
ZINC0000000014180,-0.75,2500.0726013183594,21.067112550018603,100.0,1,-0.87,2509.036865234375,20.784090675221183,100.0,1,-0.93,2496.6943359375,21.173771949006827,100.0,1,-1.01,2499.142059326172,21.09649184336316,100.0,1,-1.22,2511.035552978516,20.72098762986453,100.0,1,-1.26,2591.4080505371094,18.18344799980699,100.0,1,-1.28,2523.523956298828,20.326700786677502,100.0,1,-1.3,2552.822021484375,19.40169529660753,100.0,1,-1.56,2519.587890625,20.45097118933068,100.0,1,-2.05,2565.0365600585938,19.01605497639289,100.0,1,10
ZINC0000000014200,-1.42,2428.260009765625,23.33439678949804,100.0,1,-1.69,2435.6782836914062,23.10018527878109,100.0,1,-1.78,2433.8544921875,23.15776645839729,100.0,1,-1.8,2423.29150390625,23.49126363951904,100.0,1,-1.98,2437.2621459960938,23.05017920097109,100.0,1,-2.01,2438.0458984375,23.025434382275208,100.0,1,-2.33,2462.022705078125,22.2684329340067,100.0,1,-2.45,2459.9039916992188,22.33532545728294,100.0,1,-2.48,2403.2643432617188,24.12356592396625,100.0,1,-3.59,2486.5887451171875,21.492828068582977,100.0,1,10
ZINC0000000014350,-0.22,2597.868682861328,17.97947137775435,100.0,1,-0.33,2605.1368713378906,17.749998400576317,100.0,1,-0.37,2616.0147705078125,17.406558777895395,100.0,1,-0.41,2596.31201171875,18.028618969719865,100.0,1,-0.42,2602.665313720703,17.828031006157744,100.0,1,-1.16,2651.585998535156,16.283495496909335,100.0,1,-1.37,2644.8257446289062,16.496931842891424,100.0,1,-1.92,2675.5308837890625,15.527501878262967,100.0,1,-2.48,2646.261749267578,16.451593962518604,100.0,1,-2.55,2649.46435546875,16.3504805169769,100.0,1,10
ZINC0000000014390,-2.0,2477.0177001953125,21.79500737777532,100.0,1,-2.31,2492.322326660156,21.31180606691079,100.0,1,-2.9,2482.935485839844,21.60816964034857,100.0,1,-2.92,2533.191375732422,20.02147871845387,100.0,1,-2.97,2498.4402465820312,21.118649642426675,100.0,1,-2.98,2492.3194580078125,21.31189663668563,100.0,1,-4.08,2537.0574340820312,19.89941860371006,100.0,1,-4.39,2481.1266479492188,21.66527870092573,100.0,1,-4.82,2531.0687866210938,20.08849360727697,100.0,1,-4.85,2491.13134765625,21.34940793960083,100.0,1,10
ZINC0000000014430,-0.75,2545.7758178710938,19.624159714826224,100.0,1,-1.11,2568.271484375,18.913921175621883,100.0,1,-1.13,2565.635223388672,18.99715383519061,100.0,1,-1.13,2543.905639648437,19.68320542697174,100.0,1,-1.16,2522.477081298828,20.359752973444248,100.0,1,-1.16,2569.8471069335938,18.86417524503749,100.0,1,-1.29,2572.03515625,18.79509363103323,100.0,1,-1.34,2572.482208251953,18.780979198782003,100.0,1,-1.38,2566.5010986328125,18.96981621581289,100.0,1,-1.6,2556.630126953125,19.281464884017115,100.0,1,10
ZINC0000000014480,-0.96,2504.1387634277344,20.93873471172565,100.0,1,-1.27,2509.0620727539062,20.78329481741249,100.0,1,-1.28,2507.809509277344,20.82284104973684,100.0,1,-1.29,2522.232391357422,20.36747838253636,100.0,1,-1.3,2509.3558044433594,20.77402105057393,100.0,1,-1.59,2508.8785705566406,20.78908839247745,100.0,1,-1.66,2511.745880126953,20.698561012001228,100.0,1,-1.68,2519.0519104003906,20.46789328460192,100.0,1,-1.84,2511.9103393554688,20.69336866607988,100.0,1,-1.92,2507.487030029297,20.83302244134027,100.0,1,10
ZINC0000000014730,0.05,2452.334045410156,22.574325603967434,100.0,1,0.01,2439.9904174804688,22.96404156404983,100.0,1,-0.33,2466.103759765625,22.139584903691183,100.0,1,-0.45,2449.6103515625,22.660318714652256,100.0,1,-0.62,2462.346618652344,22.258206257515848,100.0,1,-0.81,2466.875,22.11523512337492,100.0,1,-0.84,2466.100891113281,22.13967547346602,100.0,1,-0.88,2461.292907714844,22.29147427012901,100.0,1,-0.9,2456.2579345703125,22.4504396411032,100.0,1,-1.13,2475.851623535156,21.83182302773909,100.0,1,10
ZINC0000000014990,0.13,2602.637664794922,17.82890394462587,100.0,1,0.06,2600.785186767578,17.887390821990465,100.0,1,0.04,2595.531463623047,18.05326262005024,100.0,1,-0.47,2612.295288085937,17.52399116254823,100.0,1,-0.5,2621.408966064453,17.236251951393243,100.0,1,-0.83,2594.7008056640625,18.07948835091556,100.0,1,-1.05,2681.3314819335938,15.344364012489226,100.0,1,-1.1,2676.1714782714844,15.507276876734844,100.0,1,-1.12,2671.6593322753906,15.649735424490514,100.0,1,-1.21,2670.059631347656,15.70024156307861,100.0,1,10
ZINC0000000015010,-0.2,2592.806427001953,18.139298125097746,100.0,1,-0.21,2579.2359619140625,18.567748080055665,100.0,1,-0.73,2605.011993408203,17.75394107630654,100.0,1,-0.76,2588.0031127929688,18.290949504999567,100.0,1,-0.86,2588.938507080078,18.26141701384438,100.0,1,-0.9,2583.203491210937,18.44248430040399,100.0,1,-1.11,2588.373077392578,18.27926889457008,100.0,1,-1.19,2594.400634765625,18.088965417993386,100.0,1,-1.95,2604.4737854003906,17.770933507679505,100.0,1,-2.11,2612.354461669922,17.52212292006512,100.0,1,10
ZINC0000000015740,-0.63,2669.5787353515625,15.715424525971288,100.0,1,-1.13,2692.152587890625,15.002717478648464,100.0,1,-1.23,2696.1671142578125,14.875969896302616,100.0,1,-1.25,2696.966827392578,14.850721162795663,100.0,1,-1.27,2695.256774902344,14.90471134719033,100.0,1,-1.28,2692.3377380371094,14.996871874138382,100.0,1,-1.32,2691.52587890625,15.02250408392604,100.0,1,-1.35,2694.777740478516,14.919835536080184,100.0,1,-1.51,2688.0250854492188,15.133031968509776,100.0,1,-2.14,2699.7774963378906,14.761982053618386,100.0,1,10
ZINC0000000015750,-0.62,2673.220672607422,15.600440415763828,100.0,1,-0.64,2618.8445434570312,17.31721651255802,100.0,1,-0.64,2663.508270263672,15.90708269513759,100.0,1,-0.65,2638.0560913085938,16.710664949412347,100.0,1,-0.65,2617.0636291503906,17.373443963092853,100.0,1,-0.67,2669.2691955566406,15.725197390079703,100.0,1,-0.67,2644.0865478515625,16.520269939552577,100.0,1,-0.68,2642.582427978516,16.5677583703237,100.0,1,-0.7,2673.444061279297,15.593387535425308,100.0,1,-0.72,2642.8796997070312,16.558372836528957,100.0,1,10
ZINC0000000015760,-2.49,2519.0765075683594,20.467116696958083,100.0,1,-2.59,2486.9302978515625,21.482044484327687,100.0,1,-2.82,2506.0999450683594,20.876815817999614,100.0,1,-2.96,2519.1902465820312,20.463525701736543,100.0,1,-2.96,2516.9307861328125,20.534861925029347,100.0,1,-2.99,2515.4928283691406,20.58026146992972,100.0,1,-3.13,2529.987579345703,20.12262974081705,100.0,1,-3.26,2531.4032287597656,20.07793452044229,100.0,1,-3.34,2524.5895385742188,20.29305796935781,100.0,1,-4.02,2514.681121826172,20.60588886217616,100.0,1,10
ZINC0000000015810,-1.48,2363.9341430664062,25.36530836927155,100.0,1,-1.82,2360.9606323242188,25.4591887584333,100.0,1,-2.59,2406.075561523437,24.0348094716406,100.0,1,-2.78,2430.3073120117188,23.26975887551034,100.0,1,-2.85,2399.5621337890625,24.24045296295357,100.0,1,-2.85,2407.643859863281,23.985294783034515,100.0,1,-2.96,2403.15625,24.12697867016284,100.0,1,-3.04,2410.0447387695312,23.9094936625438,100.0,1,-3.25,2419.82421875,23.600733592052,100.0,1,-3.35,2436.6055908203125,23.07090811731029,100.0,1,10
ZINC0000000015830,-0.63,2518.936065673828,20.47155076189221,100.0,1,-0.96,2523.9275817871094,20.313957426656017,100.0,1,-0.99,2522.5772399902344,20.356590739390832,100.0,1,-1.04,2525.750946044922,20.256389736155214,100.0,1,-1.05,2529.606414794922,20.13466395877172,100.0,1,-1.32,2562.291412353516,19.10272543337252,100.0,1,-1.41,2530.1424255371094,20.11774089999224,100.0,1,-1.43,2545.0733642578125,19.646337747562846,100.0,1,-1.45,2557.516845703125,19.253469188509463,100.0,1,-1.81,2598.1124267578125,17.971775837417773,100.0,1,10
ZINC0000000016030,-1.54,2377.33544921875,24.9421991405044,100.0,1,-1.57,2413.0554809570312,23.81443779332563,100.0,1,-1.94,2399.598937988281,24.239290972012554,100.0,1,-2.05,2398.8385620117188,24.26329774339432,100.0,1,-2.25,2395.980407714844,24.35353607139766,100.0,1,-2.31,2386.294006347656,24.65935744174841,100.0,1,-2.87,2420.402709960937,23.58246932979831,100.0,1,-3.56,2416.545227050781,23.704258698725848,100.0,1,-3.95,2393.0968627929688,24.44457603825914,100.0,1,-3.98,2503.3062744140625,20.96501825308556,100.0,1,10
ZINC0000000016090,-2.37,2586.4556579589844,18.339806117475703,100.0,1,-2.39,2580.5455932617188,18.52640008731697,100.0,1,-2.41,2590.0802612304688,18.22536927995025,100.0,1,-2.45,2589.2674560546875,18.251031358493435,100.0,1,-2.62,2587.7696838378906,18.298319379550023,100.0,1,-3.8,2613.0589294433594,17.499881295784466,100.0,1,-3.95,2604.0354919433594,17.784771413065002,100.0,1,-3.99,2608.1364135742188,17.655296138883315,100.0,1,-4.12,2611.35302734375,17.55374044305809,100.0,1,-4.28,2614.1897888183594,17.464177534333075,100.0,1,10
ZINC0000000016200,-1.54,2441.6954345703125,22.91021035851525,100.0,1,-1.59,2475.931884765625,21.82928900106009,100.0,1,-1.68,2454.6226196289062,22.50207019381084,100.0,1,-2.12,2489.727844238281,21.39371968369489,100.0,1,-2.25,2496.744384765625,21.17219179548836,100.0,1,-2.3,2474.227783203125,21.883091301347378,100.0,1,-2.57,2496.4420166015625,21.18173823515968,100.0,1,-2.96,2495.0445556640625,21.225859204621635,100.0,1,-3.27,2500.854858398437,21.042414943226625,100.0,1,-3.89,2527.9113159179688,20.188182024127325,100.0,1,10
ZINC0000000016540,-0.55,2501.396942138672,21.0253001463068,100.0,1,-0.57,2508.715789794922,20.79422774544544,100.0,1,-0.67,2507.4848022460938,20.833092777442005,100.0,1,-0.72,2508.0971069335938,20.813760948055112,100.0,1,-0.72,2509.3883666992188,20.772992987278684,100.0,1,-0.73,2504.0558471679688,20.9413525636218,100.0,1,-0.75,2507.534698486328,20.831517441464754,100.0,1,-1.23,2502.361297607422,20.99485328582904,100.0,1,-1.26,2517.068084716797,20.53052710144424,100.0,1,-1.92,2526.542388916016,20.231402113382103,100.0,1,10
ZINC0000000016580,-0.62,2586.848602294922,18.32739998533926,100.0,1,-0.66,2591.08740234375,18.193571580915847,100.0,1,-1.04,2593.540557861328,18.116119970804927,100.0,1,-1.17,2581.02197265625,18.51135972364425,100.0,1,-1.21,2605.1783447265625,17.748688992874122,100.0,1,-1.22,2603.8746337890625,17.78985006501368,100.0,1,-1.28,2603.526123046875,17.800853329148367,100.0,1,-1.3,2598.419677734375,17.96207523642758,100.0,1,-1.36,2598.093963623047,17.97235875990477,100.0,1,-1.67,2642.036163330078,16.58500516787281,100.0,1,10
ZINC0000000016610,-0.86,2495.3736267089844,21.21546969523772,100.0,1,-0.88,2513.0665588378906,20.65686422927858,100.0,1,-0.91,2495.853485107422,21.2003194916253,100.0,1,-0.92,2486.6904296875,21.48961765911741,100.0,1,-0.94,2506.3849487304688,20.867817614518543,100.0,1,-0.97,2515.737823486328,20.57252642575518,100.0,1,-0.98,2508.005859375,20.816641837701585,100.0,1,-1.04,2508.7987365722656,20.79160893004105,100.0,1,-1.82,2508.3907775878906,20.80448910823304,100.0,1,-1.84,2512.0062866210938,20.69033939616399,100.0,1,10
ZINC0000000016660,-1.35,2516.9776306152344,20.53338293987639,100.0,1,-1.38,2523.9237060546875,20.314079792202875,100.0,1,-1.4,2506.058319091797,20.878130043243026,100.0,1,-1.42,2512.969146728516,20.65993974759013,100.0,1,-1.97,2543.3131713867188,19.701910976000704,100.0,1,-2.16,2532.528839111328,20.04239648240869,100.0,1,-2.39,2536.62939453125,19.91293277032592,100.0,1,-2.42,2551.7623596191406,19.43515119332808,100.0,1,-2.43,2526.765838623047,20.2243473060271,100.0,1,-2.43,2544.333404541016,19.669699931930072,100.0,1,10
ZINC0000000017230,-0.49,2583.001342773437,18.4488665790054,100.0,1,-0.53,2580.634490966797,18.523593387805207,100.0,1,-0.6,2584.563262939453,18.3995532636221,100.0,1,-0.6,2583.7098388671875,18.42649777163668,100.0,1,-0.67,2583.8450622558594,18.42222846661209,100.0,1,-0.67,2581.566162109375,18.494178444655663,100.0,1,-0.68,2585.2271728515625,18.37859214179635,100.0,1,-0.75,2583.8230895996094,18.422922192547027,100.0,1,-0.76,2596.772674560547,18.014074812792273,100.0,1,-0.78,2587.4068603515625,18.30977452905066,100.0,1,10
ZINC0000000017250,-1.71,2592.8576049804688,18.13768232177429,100.0,1,-3.2,2593.3104248046875,18.123385786465143,100.0,1,-3.22,2596.410217285156,18.025518400193995,100.0,1,-3.4,2558.4430236816406,19.22422767684365,100.0,1,-3.4,2596.287841796875,18.029382068248296,100.0,1,-3.43,2616.4479370117188,17.39288274189472,100.0,1,-3.47,2601.566650390625,17.862718266412806,100.0,1,-3.52,2603.4935913085938,17.80188042893537,100.0,1,-3.74,3167.3201904296875,0.0006127912425271,0.0,1,-5.36,2633.132751464844,16.866105807233758,100.0,1,10
ZINC0000000017260,-1.51,2425.0154418945312,23.43683505887382,100.0,1,-1.52,2404.23828125,24.0928165219002,100.0,1,-1.52,2428.4754638671875,23.32759442130269,100.0,1,-1.52,2419.4356689453125,23.61300097900145,100.0,1,-1.57,2422.7477416992188,23.508431429392225,100.0,1,-1.58,2401.603759765625,24.175994261499067,100.0,1,-1.62,2425.675537109375,23.415994375578443,100.0,1,-1.67,2424.8384399414062,23.44242340668304,100.0,1,-1.73,2420.9656982421875,23.56469452973205,100.0,1,-1.76,2426.893798828125,23.377531126519195,100.0,1,10
ZINC0000000017280,-1.22,2618.5240173339844,17.327336239633905,100.0,1,-1.35,2622.508514404297,17.20153674939914,100.0,1,-1.6,2625.3244018554688,17.11263288031231,100.0,1,-1.6,2618.446655273437,17.329778733029826,100.0,1,-1.72,2650.224395751953,16.3264843441858,100.0,1,-1.89,2613.079040527344,17.499246343852352,100.0,1,-1.92,2607.9574584960938,17.660946151220074,100.0,1,-1.93,2619.169860839844,17.306945514687992,100.0,1,-2.22,2663.887115478516,15.895121703809394,100.0,1,-2.76,2649.385528564453,16.352969258768486,100.0,1,10
ZINC0000000017380,-0.62,2525.187896728516,20.27416646323796,100.0,1,-0.65,2523.4881896972656,20.32783001833826,100.0,1,-0.68,2526.32421875,20.23829023381108,100.0,1,-0.71,2524.5529174804688,20.29421417924938,100.0,1,-0.74,2530.027404785156,20.12137236255998,100.0,1,-0.75,2527.1651611328125,20.211739800667875,100.0,1,-0.78,2530.9663696289062,20.091727140940367,100.0,1,-0.83,2531.908905029297,20.061969188856327,100.0,1,-0.84,2530.4823303222656,20.10700934518207,100.0,1,-0.93,2533.48486328125,20.012212659681257,100.0,1,10
ZINC0000000017680,-0.56,2625.768493652344,17.098611908360652,100.0,1,-0.58,2624.421813964844,17.141129600106307,100.0,1,-0.63,2624.0415649414062,17.15313491281368,100.0,1,-0.69,2616.559875488281,17.389348593659516,100.0,1,-1.97,2645.6026916503906,16.472401886533724,100.0,1,-2.06,2648.293914794922,16.38743394861942,100.0,1,-2.08,2640.444641113281,16.635253086251794,100.0,1,-2.11,2654.4898986816406,16.191812870049795,100.0,1,-2.12,2636.488067626953,16.760170966444246,100.0,1,-2.27,2654.777313232422,16.18273854941753,100.0,1,10
ZINC0000000017700,-2.22,2551.273956298828,19.45057117924853,100.0,1,-2.26,2549.312896728516,19.512486218941604,100.0,1,-2.29,2548.378295898437,19.54199365888247,100.0,1,-2.34,2546.889190673828,19.589008043598056,100.0,1,-2.37,2552.806182861328,19.40219535738564,100.0,1,-2.38,2541.737670898437,19.75165305255213,100.0,1,-2.38,2547.1832275390625,19.579724641677064,100.0,1,-2.52,2521.5807189941406,20.38805313755668,100.0,1,-2.8,2525.463928222656,20.26545153118032,100.0,1,-3.09,2564.9373168945312,19.019188305199023,100.0,1,10
ZINC0000000017850,-1.19,2583.7862243652344,18.42408611050453,100.0,1,-1.23,2596.1505432128906,18.033716891833404,100.0,1,-1.26,2594.3485107421875,18.09061109007237,100.0,1,-1.27,2583.5986328125,18.43000879567405,100.0,1,-1.35,2595.1608276367188,18.064964427661074,100.0,1,-1.46,2596.176025390625,18.032912362450524,100.0,1,-2.05,2624.239318847656,17.146891379399253,100.0,1,-2.22,2622.4210815429688,17.204297200515235,100.0,1,-2.23,2628.408935546875,17.015247248162648,100.0,1,-2.76,2619.589599609375,17.29369342231422,100.0,1,10
ZINC0000000017900,-0.03,2628.2074584960938,17.021608329582715,100.0,1,-0.05,2630.7107543945312,16.942573675428605,100.0,1,-0.1,2626.646545410156,17.070889849194,100.0,1,-0.19,2627.0856323242188,17.05702689259419,100.0,1,-0.21,2624.4107971191406,17.14147742658202,100.0,1,-0.26,2623.8311767578125,17.159777338640698,100.0,1,-0.32,2629.0213928222656,16.99591060123454,100.0,1,-0.69,2630.8914184570312,16.93686970663024,100.0,1,-1.45,2621.652801513672,17.228553520531936,100.0,1,-1.74,2619.906982421875,17.28367293658736,100.0,1,10
ZINC0000000018100,-0.91,2409.942321777344,23.9127271962072,100.0,1,-1.02,2407.477478027344,23.99054782997517,100.0,1,-1.3,2424.045654296875,23.46745342381883,100.0,1,-1.32,2418.5974731445312,23.6394646964028,100.0,1,-1.33,2438.228454589844,23.01967067596578,100.0,1,-1.35,2431.050048828125,23.246309011893008,100.0,1,-1.38,2414.7369995117188,23.76134848913814,100.0,1,-1.44,2433.0924072265625,23.18182718624067,100.0,1,-1.5,2443.6354370117188,22.848960139509828,100.0,1,-1.94,2437.857666015625,23.031377301117832,100.0,1,10
ZINC0000000018180,0.06,2612.5796508789062,17.515013192740266,100.0,1,-0.06,2629.2818908691406,16.987686094872572,100.0,1,-0.09,2628.597686767578,17.009287949679898,100.0,1,-0.22,2633.5789794921875,16.852017389705093,100.0,1,-0.24,2632.9286193847656,16.872550713870965,100.0,1,-0.29,2632.7489013671875,16.8782248139138,100.0,1,-0.56,2630.4224853515625,16.951674974291674,100.0,1,-0.62,2635.8160400390625,16.781388381462627,100.0,1,-0.7,2638.490203857422,16.69695904465614,100.0,1,-0.74,2633.7262268066406,16.847368462432772,100.0,1,10
ZINC0000000018480,-1.97,2522.528564453125,20.358127535038363,100.0,1,-2.45,2520.6376037597656,20.41782939629734,100.0,1,-2.56,2571.339874267578,18.81704523933275,100.0,1,-3.64,2596.0184326171875,18.03788791901721,100.0,1,-3.71,2537.3006896972656,19.89173847950537,100.0,1,-3.82,2532.733337402344,20.03594001367257,100.0,1,-3.87,2546.5386352539062,19.60007586278502,100.0,1,-3.87,2545.966125488281,19.61815127742308,100.0,1,-4.05,2538.5115356445312,19.85350936294916,100.0,1,-4.07,2542.3746948242188,19.73154078148844,100.0,1,10
ZINC0000000018520,-0.34,2705.8189086914062,14.571241144299387,100.0,1,-0.38,2669.741516113281,15.7102851730033,100.0,1,-0.6,2682.981384277344,15.292272902841448,100.0,1,-0.61,2693.965576171875,14.94547738095027,100.0,1,-0.63,2702.3005981445312,14.682322082614588,100.0,1,-0.68,2703.154754638672,14.65535445040218,100.0,1,-0.7,2694.547241210937,14.927112913839316,100.0,1,-0.73,2697.2630310058594,14.841369351789425,100.0,1,-0.75,2692.4754943847656,14.992522597929629,100.0,1,-0.78,2684.2125549316406,15.253402089795424,100.0,1,10
ZINC0000000018570,-1.15,2479.7289428710938,21.709407378453623,100.0,1,-1.18,2489.617553710937,21.39720180248497,100.0,1,-1.24,2481.546630859375,21.652018900486016,100.0,1,-1.39,2493.693664550781,21.26850986050482,100.0,1,-1.4,2501.2525939941406,21.029857540296035,100.0,1,-1.72,2537.539337158203,19.884203845045366,100.0,1,-1.76,2487.891815185547,21.451687230116523,100.0,1,-1.77,2518.1241760253906,20.497183935188115,100.0,1,-1.89,2477.401611328125,21.78288644407879,100.0,1,-3.71,2516.873779296875,20.53666175842721,100.0,1,10
ZINC0000000018600,-1.46,2548.336944580078,19.54329921255169,100.0,1,-2.56,2561.432403564453,19.12984626339556,100.0,1,-2.58,2562.5037231445312,19.096022306526194,100.0,1,-2.63,2559.3639526367188,19.195151888595632,100.0,1,-2.83,2562.619903564453,19.09235423064522,100.0,1,-3.2,2538.8146057128906,19.84394076258825,100.0,1,-3.34,2598.321502685547,17.965174842445204,100.0,1,-4.26,2612.6758728027344,17.51197525125019,100.0,1,-4.3,2617.8968200683594,17.347138261043366,100.0,1,-4.35,2613.219207763672,17.494820950492404,100.0,1,10
ZINC0000000018760,-0.1,2612.378326416016,17.52136945661912,100.0,1,-0.26,2605.552764892578,17.73686771024116,100.0,1,-0.26,2628.3910522460938,17.015811863993026,100.0,1,-0.45,2633.135467529297,16.866020055000135,100.0,1,-0.46,2630.8074645996094,16.939520317806643,100.0,1,-0.79,2628.8775024414062,17.00045354260013,100.0,1,-0.79,2630.2772216796875,16.9562612735282,100.0,1,-0.82,2620.379364013672,17.26875879249447,100.0,1,-0.99,2625.5193786621094,17.106477026147996,100.0,1,-1.17,2609.7538146972656,17.604231165514296,100.0,1,10
ZINC0000000018800,-2.68,2596.92138671875,18.009379637124294,100.0,1,-2.79,2595.7479248046875,18.046428456082868,100.0,1,-2.95,2594.9822692871094,18.070601914390675,100.0,1,-3.06,2599.114715576172,17.940131336194,100.0,1,-3.07,2597.182373046875,18.00113971463044,100.0,1,-3.08,2598.288391113281,17.966220248888824,100.0,1,-3.13,2599.310791015625,17.933940795732937,100.0,1,-3.14,2598.0953979492188,17.972313475017348,100.0,1,-3.15,2596.663543701172,18.017520318269124,100.0,1,-3.16,2600.75244140625,17.88842466633517,100.0,1,10
ZINC0000000018870,-1.52,2443.4403076171875,22.85512081121536,100.0,1,-4.04,2484.3726806640625,21.562794183154285,100.0,1,-4.45,2482.8983154296875,21.609343193388515,100.0,1,-4.75,2492.2465209960938,21.31419942138632,100.0,1,-4.81,2498.5885009765625,21.11396891938234,100.0,1,-5.04,2495.990478515625,21.195994303122625,100.0,1,-5.08,2489.5184326171875,21.40033127725813,100.0,1,-5.15,2493.959899902344,21.260104214593174,100.0,1,-5.18,2482.8330078125,21.611405101028463,100.0,1,-5.21,2483.7655029296875,21.58196414315636,100.0,1,10
ZINC0000000019040,-0.66,2554.67919921875,19.343060038973523,100.0,1,-0.68,2568.3104248046875,18.91269173910386,100.0,1,-0.68,2560.825958251953,19.148993099199803,100.0,1,-0.7,2559.4349975585938,19.192908841406,100.0,1,-0.71,2559.684539794922,19.185030234503262,100.0,1,-0.77,2553.251922607422,19.38812235598885,100.0,1,-0.85,2554.2286987304688,19.357283347656203,100.0,1,-1.09,2555.8395080566406,19.30642649206767,100.0,1,-1.14,2568.3243103027344,18.912253342853308,100.0,1,-2.49,2548.0914001464844,19.551051599874604,100.0,1,10
ZINC0000000019120,-0.64,2565.1246337890625,19.01327429160369,100.0,1,-0.65,2566.702911376953,18.96344453580216,100.0,1,-0.67,2562.056365966797,19.11014637385985,100.0,1,-0.74,2558.581298828125,19.219862020994768,100.0,1,-0.89,2571.845977783203,18.801066418631383,100.0,1,-2.04,2598.583221435547,17.95691179575352,100.0,1,-2.11,2605.289978027344,17.74516447972135,100.0,1,-2.25,2580.5482788085938,18.52631529859159,100.0,1,-2.27,2597.462615966797,17.992291818435273,100.0,1,-2.32,2594.238006591797,18.094099953420155,100.0,1,10
ZINC0000000019140,-0.59,2562.355438232422,19.10070399307877,100.0,1,-0.72,2580.7112731933594,18.521169201065906,100.0,1,-0.73,2582.3096618652344,18.470704493332253,100.0,1,-0.78,2575.501251220703,18.685661255321744,100.0,1,-0.87,2580.8004150390625,18.5183547934882,100.0,1,-0.89,2579.680877685547,18.55370109338145,100.0,1,-1.02,2584.851287841797,18.39045967282497,100.0,1,-1.19,2585.090148925781,18.382918293807272,100.0,1,-1.83,2579.864288330078,18.54791040884121,100.0,1,-2.03,2579.227600097656,18.56801208131424,100.0,1,10
ZINC0000000019410,-3.39,2636.51123046875,16.759439663687832,100.0,1,-3.82,2639.0532836914062,16.679181354065154,100.0,1,-4.64,2612.0919189453125,17.530411981479368,100.0,1,-4.76,2614.9002990722656,17.441745135420312,100.0,1,-4.83,2607.5476989746094,17.673883176398395,100.0,1,-4.84,2621.6490478515625,17.22867203204582,100.0,1,-4.9,2618.6060791015625,17.324745365968568,100.0,1,-4.9,2612.5458984375,17.516078832856987,100.0,1,-4.91,2616.209503173828,17.40041063179702,100.0,1,-5.01,2623.7809143066406,17.161364236716864,100.0,1,10
ZINC0000000019430,-0.71,2586.0516052246094,18.35256296661259,100.0,1,-0.78,2570.8095703125,18.83378812207079,100.0,1,-0.93,2633.1075134277344,16.866902628550694,100.0,1,-0.98,2627.5743713378906,17.041596308083072,100.0,1,-0.99,2636.9320678710938,16.746152885017317,100.0,1,-1.2,2602.5499267578125,17.831674030824402,100.0,1,-1.23,2598.2957153320312,17.96598900691051,100.0,1,-1.33,2589.9978942871094,18.22796978869802,100.0,1,-1.35,2592.081268310547,18.162193007967133,100.0,1,-1.39,2611.1388549804688,17.560502343907235,100.0,1,10
ZINC0000000019680,-1.3,2561.5851440429688,19.12502390463951,100.0,1,-1.7,2556.986328125,19.270218815805205,100.0,1,-1.85,2581.2791442871094,18.503240239680768,100.0,1,-1.85,2581.3797912597656,18.500062589495464,100.0,1,-2.02,2578.963134765625,18.57636184374779,100.0,1,-2.25,2563.615631103516,19.06091688369369,100.0,1,-2.51,2571.9149475097656,18.79888889000228,100.0,1,-2.52,2577.205383300781,18.63185799152621,100.0,1,-2.53,2569.49267578125,18.87536542977131,100.0,1,-2.94,2587.687469482422,18.300915070756577,100.0,1,10
ZINC0000000019900,-0.75,2565.2359619140625,19.009759413533345,100.0,1,-0.75,2567.272186279297,18.945471253037844,100.0,1,-0.81,2560.642791748047,19.15477607567409,100.0,1,-0.81,2569.634307861328,18.8708937880157,100.0,1,-0.92,2561.216217041016,19.13667175578874,100.0,1,-0.93,2565.7173767089844,18.99456007100054,100.0,1,-0.97,2568.8482666015625,18.89571086982981,100.0,1,-1.03,2547.191802978516,19.57945389586079,100.0,1,-1.11,2554.2747497558594,19.35582941371757,100.0,1,-1.87,2538.864959716797,19.84235097398736,100.0,1,10
ZINC0000000019910,-2.53,2571.175537109375,18.82223373122113,100.0,1,-2.73,2583.742889404297,18.425454292209544,100.0,1,-2.77,2573.343170166016,18.75379670423141,100.0,1,-2.77,2575.0277709960938,18.700610085711386,100.0,1,-2.99,2583.9210815429688,18.41982836757886,100.0,1,-3.08,2622.922790527344,17.18845712500086,100.0,1,-3.1,2625.7555541992188,17.09902043585567,100.0,1,-3.88,2633.2291870117188,16.863061121185982,100.0,1,-4.1,2647.092010498047,16.425380757260438,100.0,1,-4.21,2645.720092773437,16.46869527032303,100.0,1,10
ZINC0000000020080,-0.84,2602.3450622558594,17.83814206165944,100.0,1,-1.28,2577.9639587402344,18.60790806713078,100.0,1,-1.31,2589.8936767578125,18.23126016934776,100.0,1,-1.33,2588.9573669433594,18.260821565750227,100.0,1,-1.34,2591.768524169922,18.17206704044106,100.0,1,-1.36,2591.7342529296875,18.173149060197915,100.0,1,-1.37,2586.6978454589844,18.332159716059515,100.0,1,-1.71,2600.112274169922,17.90863617874789,100.0,1,-1.76,2594.16259765625,18.09648078228853,100.0,1,-2.44,2593.9806518554688,18.10222521843309,100.0,1,10
ZINC0000000020160,0.2,2449.1984252929688,22.673324148915828,100.0,1,-2.12,2449.605407714844,22.66047480298761,100.0,1,-2.22,2457.503173828125,22.411124650757166,100.0,1,-2.24,2454.171813964844,22.51630313757595,100.0,1,-2.25,2470.8104248046875,21.990984954394843,100.0,1,-2.4,2476.6193237304688,21.80758501437901,100.0,1,-2.4,2467.1123046875,22.10774288327761,100.0,1,-2.42,2462.949279785156,22.23917889673373,100.0,1,-2.72,2475.1912841796875,21.852671419100417,100.0,1,-2.75,2468.8541259765625,22.052749686802013,100.0,1,10
ZINC0000000020410,-1.1,2533.8513793945312,20.00064092568322,100.0,1,-1.22,2532.750701904297,20.03539177748232,100.0,1,-1.23,2519.677154541016,20.44815292772,100.0,1,-1.26,2530.6094970703125,20.102994406333625,100.0,1,-1.26,2543.1988220214844,19.705521241387103,100.0,1,-1.37,2538.167205810547,19.86438062645456,100.0,1,-1.43,2561.700225830078,19.12139051505528,100.0,1,-1.49,2516.7870178222656,20.539401012361967,100.0,1,-1.52,2552.6881103515625,19.405923170777672,100.0,1,-1.95,2557.332763671875,19.25928107023104,100.0,1,10
ZINC0000000020770,-1.32,2486.507232666016,21.495401599099942,100.0,1,-1.49,2496.0817260742188,21.19311341347615,100.0,1,-1.93,2506.976776123047,20.849132299162683,100.0,1,-2.06,2505.631866455078,20.891594107430244,100.0,1,-2.06,2504.60595703125,20.92398436403407,100.0,1,-2.07,2505.930908203125,20.88215269015741,100.0,1,-2.13,2504.566619873047,20.92522632615925,100.0,1,-2.24,2500.9437866210938,21.039607280206617,100.0,1,-2.43,2503.2465209960938,20.96690480222529,100.0,1,-2.54,2499.996307373047,21.069521320626023,100.0,1,10
ZINC0000000020900,-0.76,2525.0045166015625,20.27995618426995,100.0,1,-0.99,2524.7071838378906,20.28934364508118,100.0,1,-1.34,2490.3827209472656,21.373043760309056,100.0,1,-1.45,2486.9305419921875,21.482036776261747,100.0,1,-1.55,2497.738800048828,21.14079587939128,100.0,1,-1.65,2522.2415466308594,20.367189330063468,100.0,1,-1.66,2521.370880126953,20.394678220235324,100.0,1,-2.18,2491.563262939453,21.33577140743812,100.0,1,-2.2,2500.603759765625,21.05034268904976,100.0,1,-2.32,2508.509490966797,20.80074106116789,100.0,1,10
ZINC0000000021150,-1.5,2617.9142150878906,17.346589061344876,100.0,1,-1.62,2634.183563232422,16.83292932790367,100.0,1,-2.42,2654.107818603516,16.203875993251742,100.0,1,-2.86,2650.689697265625,16.31179373400528,100.0,1,-3.03,2680.9087524414062,15.357710528670806,100.0,1,-3.03,2647.6317443847656,16.408340150475322,100.0,1,-3.21,2658.8433837890625,16.05436360164931,100.0,1,-3.4,2676.825225830078,15.486636603154002,100.0,1,-3.42,2656.2713012695312,16.13557000338307,100.0,1,-3.48,2644.476043701172,16.507972683847587,100.0,1,10
ZINC0000000021160,-2.24,2693.3019104003906,14.966430794710078,100.0,1,-2.5,2689.9803771972656,15.071299031874624,100.0,1,-2.57,2699.089569091797,14.783701456431352,100.0,1,-2.65,2697.605987548828,14.830541446154957,100.0,1,-2.77,2653.901824951172,16.21037967389177,100.0,1,-2.78,2683.3789978027344,15.279719353943827,100.0,1,-2.85,2684.3930053710938,15.247704865554756,100.0,1,-3.08,2688.326477050781,15.123516361102231,100.0,1,-3.59,2696.9278259277344,14.851952526330177,100.0,1,-3.9,2690.2164306640625,15.063846295615274,100.0,1,10
ZINC0000000021220,-1.68,2487.609375,21.460604498905184,100.0,1,-1.83,2483.585205078125,21.58765654985581,100.0,1,-1.86,2496.018035888672,21.195124255179223,100.0,1,-1.95,2491.8256225585938,21.327488127073323,100.0,1,-1.97,2505.293365478516,20.90228134086124,100.0,1,-2.02,2519.826141357422,20.44344908047784,100.0,1,-2.06,2520.9822387695312,20.40694849770951,100.0,1,-2.08,2516.703338623047,20.54204295196418,100.0,1,-2.08,2487.4796142578125,21.46470133595428,100.0,1,-2.27,2518.938018798828,20.471489097364667,100.0,1,10
ZINC0000000021250,-0.98,2488.141357421875,21.44380862321378,100.0,1,-1.14,2516.1229553222656,20.56036695172893,100.0,1,-1.18,2496.9839477539062,21.164628255781068,100.0,1,-1.25,2490.2850341796875,21.3761279501948,100.0,1,-1.39,2494.332305908203,21.24834652350424,100.0,1,-1.72,2535.964324951172,19.933930505464904,100.0,1,-1.86,2509.93701171875,20.75567103608662,100.0,1,-2.2,2584.157287597656,18.41237081377829,100.0,1,-2.44,2555.932830810547,19.30348008386068,100.0,1,-2.56,2563.550994873047,19.06295759415229,100.0,1,10
ZINC0000000021270,-1.4,2598.461151123047,17.960765828725386,100.0,1,-1.47,2595.4982299804688,18.05431188052683,100.0,1,-1.85,2588.706329345703,18.268747384556875,100.0,1,-1.86,2596.555206298828,18.02094077253166,100.0,1,-1.88,2589.9266662597656,18.2302186169371,100.0,1,-3.28,2640.5874633789062,16.630743867674706,100.0,1,-3.33,2628.4786987304688,17.013044668319225,100.0,1,-3.34,2596.915802001953,18.009555959132758,100.0,1,-3.45,2599.7789916992188,17.919158652269335,100.0,1,-3.53,2622.6883544921875,17.195858795323332,100.0,1,10
ZINC0000000021310,-3.63,2619.2293395996094,17.305067637122445,100.0,1,-3.67,2619.3717346191406,17.30057190766076,100.0,1,-3.75,2624.954406738281,17.124314454250047,100.0,1,-3.93,2618.7530517578125,17.320105110270433,100.0,1,-3.98,2618.1131896972656,17.34030698760073,100.0,1,-4.0,2619.341125488281,17.30153830642846,100.0,1,-4.05,2633.4253845214844,16.856866726691948,100.0,1,-4.1,2684.077087402344,15.257679102885954,100.0,1,-4.41,2688.1170043945312,15.130129881681958,100.0,1,-5.25,2687.0310668945312,15.164415358999705,100.0,1,10
ZINC0000000021330,-0.72,2520.9313049316406,20.408556592967024,100.0,1,-0.73,2514.0972595214844,20.624322701880608,100.0,1,-0.74,2497.654602050781,21.14345419863362,100.0,1,-1.58,2517.0457153320312,20.53123335298633,100.0,1,-1.95,2527.5933837890625,20.19821985300256,100.0,1,-2.21,2518.2002868652344,20.49478094563016,100.0,1,-2.24,2530.7820434570312,20.09754673072789,100.0,1,-2.52,2517.825897216797,20.50660126475488,100.0,1,-2.93,2530.849822998047,20.095406778920257,100.0,1,-7.01,3167.3232421875,0.0005164404182304,0.0,1,10
ZINC0000000021420,-1.27,2468.6273803710938,22.05990855304725,100.0,1,-1.35,2476.3538513183594,21.815966572584585,100.0,1,-1.39,2467.376434326172,22.09940371943472,100.0,1,-1.42,2465.9090881347656,22.14573112277307,100.0,1,-1.49,2480.976287841797,21.67002590603883,100.0,1,-1.51,2464.4910278320312,22.190502460299022,100.0,1,-1.56,2476.804992675781,21.8017230302288,100.0,1,-2.58,2493.37939453125,21.27843206839089,100.0,1,-3.09,2528.664428710937,20.16440456770738,100.0,1,-3.2,2529.3084411621094,20.144071653256045,100.0,1,10
ZINC0000000021480,-1.01,2535.810516357422,19.938786587009456,100.0,1,-1.21,2533.172332763672,20.022079947597486,100.0,1,-1.3,2555.0731506347656,19.33062211106506,100.0,1,-1.34,2532.310546875,20.049288456870634,100.0,1,-1.53,2546.2972106933594,19.60769817649513,100.0,1,-1.55,2543.9381103515625,19.682180254201224,100.0,1,-1.66,2547.3995056152344,19.57289625875916,100.0,1,-1.71,2532.1217651367188,20.05524871886163,100.0,1,-1.76,2556.4500427246094,19.287150546158863,100.0,1,-1.96,2557.1697998046875,19.264426204248487,100.0,1,10
ZINC0000000021490,-1.11,2548.0706481933594,19.551706785479823,100.0,1,-1.22,2536.482421875,19.917573026024048,100.0,1,-1.38,2568.1773986816406,18.91689167153495,100.0,1,-1.54,2572.236785888672,18.788727732071944,100.0,1,-1.57,2560.129852294922,19.170970722221885,100.0,1,-1.69,2575.3132934570312,18.69159550259018,100.0,1,-1.79,2562.844665527344,19.085257992435768,100.0,1,-1.96,2563.5758666992188,19.062172334934274,100.0,1,-2.1,2568.6683044433594,18.901392677938585,100.0,1,-2.3,2557.1444091796875,19.26522784310664,100.0,1,10
ZINC0000000021520,-1.48,2525.7900390625,20.25515548209597,100.0,1,-1.58,2530.39404296875,20.109796774528974,100.0,1,-1.62,2531.4959716796875,20.07500641889192,100.0,1,-1.7,2537.9096069335938,19.872513599533445,100.0,1,-1.76,2546.1216430664062,19.61324123941692,100.0,1,-1.84,2527.816680908203,20.191169863188765,100.0,1,-1.96,2564.21630859375,19.041952150947363,100.0,1,-1.97,2524.6353454589844,20.291611743485124,100.0,1,-2.0,2572.9952392578125,18.76478166170948,100.0,1,-2.27,2551.7700805664062,19.43490742574261,100.0,1,10
ZINC0000000021530,-2.66,2552.024200439453,19.426884292603425,100.0,1,-2.87,2557.237823486328,19.26227854437491,100.0,1,-2.9,2497.358154296875,21.152813717705804,100.0,1,-3.08,2499.3903198242188,21.08865370380662,100.0,1,-3.18,2509.3709411621094,20.77354315048542,100.0,1,-3.53,2562.588806152344,19.0933360455448,100.0,1,-3.54,2554.4507751464844,19.35027189817213,100.0,1,-3.59,2551.7052612304688,19.43695391725068,100.0,1,-3.61,2558.200225830078,19.2318933484247,100.0,1,-4.29,2515.2598571777344,20.587616891856527,100.0,1,10
ZINC0000000021560,-0.1,2589.9129638671875,18.2306512321382,100.0,1,-0.19,2592.216552734375,18.157921775926063,100.0,1,-0.48,2597.503448486328,17.991002644406183,100.0,1,-0.48,2601.072326660156,17.878325172932385,100.0,1,-0.49,2603.722045898437,17.79466760622852,100.0,1,-0.58,2593.374786376953,18.121353747580727,100.0,1,-0.65,2587.908966064453,18.293921927929123,100.0,1,-0.82,2600.2035522460938,17.905754325593175,100.0,1,-1.1,2607.9630126953125,17.660770792719855,100.0,1,-1.28,2603.992156982422,17.786139594770013,100.0,1,10
ZINC0000000021760,-1.44,2489.509490966797,21.40061358517332,100.0,1,-1.49,2484.706970214844,21.55223991386082,100.0,1,-2.56,2514.792449951172,20.602373984105814,100.0,1,-2.67,2519.675842285156,20.448194358574447,100.0,1,-2.93,2557.114013671875,19.26618749731663,100.0,1,-2.93,2568.0504150390625,18.92090082933393,100.0,1,-2.96,2574.407623291016,18.72018953671672,100.0,1,-3.0,2571.546630859375,18.81051747098665,100.0,1,-3.03,2526.277648925781,20.23976054738985,100.0,1,-3.08,2563.538146972656,19.06336323112258,100.0,1,10
ZINC0000000021970,-1.37,2529.031005859375,20.15283090669286,100.0,1,-1.5,2565.998992919922,18.985668816934435,100.0,1,-1.56,2534.3572998046875,19.98466788603132,100.0,1,-1.57,2517.5382690429688,20.51568232994484,100.0,1,-1.7,2546.502716064453,19.60120991198699,100.0,1,-1.72,2530.3365783691406,20.11161106055048,100.0,1,-1.72,2558.4080810546875,19.22533089378185,100.0,1,-1.75,2530.764709472656,20.09809400340989,100.0,1,-1.78,2557.215789794922,19.262974197326336,100.0,1,-1.87,2549.6417541503906,19.502103454115385,100.0,1,10
ZINC0000000022260,-0.61,2612.6278076171875,17.513492776732864,100.0,1,-0.61,2616.8421325683594,17.38043710592031,100.0,1,-0.61,2620.5533752441406,17.26326486849307,100.0,1,-1.04,2651.238555908203,16.294465038255517,100.0,1,-1.04,2652.618133544922,16.250908684623944,100.0,1,-1.07,2654.676025390625,16.185936433275934,100.0,1,-1.08,2653.324523925781,16.22860635932398,100.0,1,-1.12,2654.789825439453,16.18234351103791,100.0,1,-1.13,2650.423553466797,16.320196489392195,100.0,1,-1.14,2653.068634033203,16.236685375941263,100.0,1,10
ZINC0000000022270,-1.5,2495.6858825683594,21.20561107889568,100.0,1,-1.63,2493.385131835937,21.278250928841217,100.0,1,-1.72,2495.67529296875,21.205945416255982,100.0,1,-1.73,2510.598114013672,20.734798557019225,100.0,1,-1.79,2500.362335205078,21.057965002759875,100.0,1,-1.81,2488.049133300781,21.446720345124028,100.0,1,-1.95,2508.6202392578125,20.797244489754167,100.0,1,-2.0,2495.8892517089844,21.199190259964546,100.0,1,-2.04,2498.7818298339844,21.107865094663143,100.0,1,-2.37,2505.211212158203,20.904875105051303,100.0,1,10
ZINC0000000022310,-0.74,2534.4161376953125,19.98281024213887,100.0,1,-0.75,2543.954467773437,19.681663813783,100.0,1,-0.82,2542.2664184570312,19.73495930873448,100.0,1,-0.85,2532.2613525390625,20.0508416321583,100.0,1,-0.93,2538.248016357422,19.861829256627185,100.0,1,-2.06,2535.2933044433594,19.955116124711267,100.0,1,-2.11,2533.4112854003906,20.01453567805505,100.0,1,-2.2,2531.546600341797,20.07340795871683,100.0,1,-2.56,2543.274810791016,19.70312210586212,100.0,1,-3.28,2591.905792236328,18.167733180364195,100.0,1,10
ZINC0000000022420,-1.8,2622.2556762695312,17.20951941519212,100.0,1,-2.38,2626.4469299316406,17.07719215661125,100.0,1,-2.41,2631.039276123047,16.932201509193064,100.0,1,-2.42,2625.0238647460938,17.12212150948905,100.0,1,-2.44,2626.725341796875,17.06840207091066,100.0,1,-2.45,2624.303680419922,17.144859340514838,100.0,1,-2.5,2626.7581481933594,17.067366299549473,100.0,1,-2.54,2625.3067932128906,17.113188824568503,100.0,1,-2.57,2625.2711181640625,17.114315165704532,100.0,1,-2.67,2625.168029785156,17.117569896549277,100.0,1,10
ZINC0000000022570,-0.68,2478.1678771972656,21.758693715606128,100.0,1,-0.88,2487.240753173828,21.472242714971983,100.0,1,-0.91,2489.3203125,21.40658637277147,100.0,1,-0.98,2465.201538085937,22.168070061386267,100.0,1,-1.12,2499.645904541016,21.08058432227177,100.0,1,-1.46,2499.8888244628906,21.072914796657752,100.0,1,-1.74,2492.527862548828,21.30531683889441,100.0,1,-1.87,2482.9658203125,21.60721191315508,100.0,1,-1.94,2493.79345703125,21.26535918855032,100.0,1,-2.07,2487.777313232422,21.455302313044136,100.0,1,10
ZINC0000000022690,-0.75,2515.536895751953,20.57887016402687,100.0,1,-1.09,2548.025695800781,19.55312603312171,100.0,1,-1.44,2571.950561523437,18.797764475882733,100.0,1,-1.58,2535.377960205078,19.952443352845275,100.0,1,-1.61,2527.2351989746094,20.209528549250265,100.0,1,-1.65,2516.408599853516,20.55134851457476,100.0,1,-2.09,2593.2300720214844,18.12592270366888,100.0,1,-2.13,2586.6182556152344,18.33467254555717,100.0,1,-2.24,2596.7984619140625,18.013260648326966,100.0,1,-2.26,2611.021697998047,17.564201252051983,100.0,1,10
ZINC0000000022760,-1.3,2520.7618103027344,20.41390791774846,100.0,1,-1.35,2546.1809997558594,19.61136721588435,100.0,1,-1.35,2552.488220214844,19.41223414976911,100.0,1,-1.38,2549.1808471679688,19.51665531910892,100.0,1,-1.41,2545.291778564453,19.63944191906793,100.0,1,-1.45,2516.0806274414062,20.56170333766193,100.0,1,-1.5,2560.322052001953,19.16490254730768,100.0,1,-1.77,2569.546600341797,18.87366291070599,100.0,1,-2.78,2560.9525756835938,19.14499550349973,100.0,1,-3.11,2564.4559326171875,19.034386684223588,100.0,1,10
ZINC0000000022850,-2.56,2546.95068359375,19.587066574488475,100.0,1,-2.67,2549.559326171875,19.50470588987964,100.0,1,-2.68,2551.212219238281,19.452520356424053,100.0,1,-2.79,2564.199493408203,19.04248304398924,100.0,1,-2.87,2570.4654541015625,18.844652641018488,100.0,1,-2.94,2573.188873291016,18.758668201907856,100.0,1,-2.96,2574.4522399902344,18.7187808876655,100.0,1,-3.03,2581.921630859375,18.48295550064158,100.0,1,-3.04,2575.913360595703,18.67265004000872,100.0,1,-3.14,2585.0228881835938,18.38504186597477,100.0,1,10
ZINC0000000024330,-3.35,2612.868896484375,17.505881061613422,100.0,1,-3.98,2616.3959350585938,17.394524559940734,100.0,1,-4.04,2620.934844970703,17.251221015455982,100.0,1,-4.08,2626.474822998047,17.076311510077176,100.0,1,-4.13,2621.9904174804688,17.21789422883999,100.0,1,-4.17,2623.0269165039062,17.185169634875855,100.0,1,-5.36,2663.86181640625,15.895920452142814,100.0,1,-5.38,2667.731811523437,15.773736044835662,100.0,1,-5.43,2663.3394775390625,15.912411859229442,100.0,1,-5.62,2677.6932373046875,15.459231538199289,100.0,1,10
ZINC0000000026500,-2.63,2554.966064453125,19.334003061489632,100.0,1,-2.89,2535.2501525878906,19.956478525366823,100.0,1,-2.89,2536.496612548828,19.91712499469107,100.0,1,-3.0,2529.2195434570312,20.146878352767807,100.0,1,-3.22,2535.665954589844,19.943350725556392,100.0,1,-3.73,2531.1539611816406,20.085804455770848,100.0,1,-3.75,2536.805908203125,19.907359838648595,100.0,1,-4.6,2574.21728515625,18.7261989376281,100.0,1,-4.62,2577.8081970214844,18.612825813202885,100.0,1,-4.84,2531.492584228516,20.075113368306884,100.0,1,10
ZINC0000000026660,-0.09,2569.4069213867188,18.87807288793405,100.0,1,-0.31,2559.915740966797,19.177730696054542,100.0,1,-0.66,2617.659484863281,17.35463146464892,100.0,1,-0.71,2569.9559326171875,18.860739374643067,100.0,1,-0.73,2569.283905029297,18.88195678966145,100.0,1,-0.79,2612.1806640625,17.52761009950882,100.0,1,-0.97,2575.154998779297,18.69659321984645,100.0,1,-1.16,2636.5396728515625,16.758541674005386,100.0,1,-1.28,2635.2008056640625,16.800812707640844,100.0,1,-1.58,2585.004943847656,18.38560840882164,100.0,1,10
ZINC0000000027550,0.11,2712.176696777344,14.370511545025549,100.0,1,0.1,2693.2387084960938,14.968426220281264,100.0,1,0.1,2703.57470703125,14.64209561347071,100.0,1,0.07,2695.5105895996094,14.896697849133572,100.0,1,0.06,2694.6473083496094,14.923953570310628,100.0,1,0.05,2698.771697998047,14.793737358290098,100.0,1,0.04,2711.622436523437,14.38801078173432,100.0,1,-0.23,2695.2057495117188,14.906322332972572,100.0,1,-0.24,2707.467163085937,14.519202064096731,100.0,1,-0.3,2704.8556213378906,14.601654281988646,100.0,1,10
ZINC0000000027560,0.14,2702.417053222656,14.678645335159429,100.0,1,-0.21,2661.019805908203,15.98564908428562,100.0,1,-0.22,2674.115997314453,15.572173010931657,100.0,1,-0.24,2670.067443847656,15.699994904968412,100.0,1,-0.26,2664.332427978516,15.88106219152802,100.0,1,-0.27,2667.2830810546875,15.787903470040252,100.0,1,-0.3,2679.820678710937,15.392063451565557,100.0,1,-0.32,2672.391632080078,15.626615080692275,100.0,1,-0.35,2666.7384338378906,15.805099201652489,100.0,1,-0.36,2660.09375,16.014886741918456,100.0,1,10
ZINC0000000028240,-0.61,2575.595764160156,18.68267727029328,100.0,1,-2.08,2607.4378356933594,17.677351806073077,100.0,1,-2.11,2613.643493652344,17.48142529539043,100.0,1,-2.17,2629.33447265625,16.986025970169937,100.0,1,-2.22,2640.711334228516,16.626832987716504,100.0,1,-2.22,2632.5038146972656,16.885962748613068,100.0,1,-2.23,2581.367126464844,18.500462445416293,100.0,1,-2.28,2632.012084960937,16.901487756932,100.0,1,-2.33,2636.0773315429688,16.77313882388634,100.0,1,-2.35,2624.5859375,17.135947852775633,100.0,1,10
ZINC0000000028450,-2.56,2394.3952026367188,24.403584543570343,100.0,1,-3.59,2458.784240722656,22.37067850173389,100.0,1,-3.6,2461.90087890625,22.272279258912626,100.0,1,-3.62,2467.6784057617188,22.08986980537056,100.0,1,-3.72,2458.4249267578125,22.382022847786587,100.0,1,-3.72,2459.53125,22.34709374696254,100.0,1,-3.78,2453.8765258789062,22.525626043334903,100.0,1,-3.81,2445.269287109375,22.79737583519785,100.0,1,-3.9,2450.304077148437,22.638416245273124,100.0,1,-3.96,2442.5319213867188,22.88380059757552,100.0,1,10
ZINC0000000028570,-0.62,2551.639678955078,19.43902449646481,100.0,1,-0.65,2550.2869262695312,19.481733926350817,100.0,1,-0.7,2553.756225585937,19.37220038227382,100.0,1,-0.74,2563.1101684570312,19.07687547072195,100.0,1,-0.8,2564.0193481445312,19.048170633147475,100.0,1,-0.84,2563.7999572753906,19.055097293906165,100.0,1,-1.01,2570.5223388671875,18.8428566616536,100.0,1,-2.68,2605.582427978516,17.735931180228995,100.0,1,-2.77,2608.8238525390625,17.633592152202237,100.0,1,-2.83,2608.964172363281,17.629161941301074,100.0,1,10
ZINC0000000029580,-0.63,2534.5850524902344,19.97747722401405,100.0,1,-0.66,2515.15673828125,20.59087258620952,100.0,1,-0.71,2532.542694091797,20.04195904966638,100.0,1,-0.78,2518.792449951172,20.47608503168362,100.0,1,-0.82,2523.931030273437,20.313848550224563,100.0,1,-0.92,2527.6648864746094,20.195962353189287,100.0,1,-1.01,2522.160614013672,20.36974455392382,100.0,1,-1.16,2533.7891540527344,20.00260551899063,100.0,1,-1.27,2531.8121337890625,20.065024473494773,100.0,1,-4.25,3167.3198852539062,0.0006224263249567,0.0,1,10
ZINC0000000029800,-0.43,2616.8267822265625,17.380921750566525,100.0,1,-0.49,2612.2870178222656,17.52425227328208,100.0,1,-0.5,2616.758758544922,17.383069410440097,100.0,1,-0.51,2610.5633850097656,17.578671218844867,100.0,1,-0.57,2626.108612060547,17.087873608992783,100.0,1,-0.81,2612.458038330078,17.51885277308849,100.0,1,-0.84,2610.5645446777344,17.578634605531633,100.0,1,-0.86,2604.1303100585938,17.781777792954102,100.0,1,-0.94,2607.4810791015625,17.67598651489279,100.0,1,-1.06,2623.4703674316406,17.171168896597298,100.0,1,10
ZINC0000000030470,-1.46,2507.237060546875,20.84091453735841,100.0,1,-1.72,2499.4659729003906,21.086265166872305,100.0,1,-1.81,2502.1163940429688,21.00258543947885,100.0,1,-1.88,2513.227020263672,20.651798102937057,100.0,1,-1.89,2515.0738525390625,20.59348947459741,100.0,1,-1.91,2512.119384765625,20.68676863461555,100.0,1,-2.05,2524.014068603516,20.311226844295447,100.0,1,-2.17,2515.854278564453,20.56884967830001,100.0,1,-2.24,2495.7536010742188,21.20347305410453,100.0,1,-2.36,2514.828857421875,20.60122451877196,100.0,1,10
ZINC0000000032250,-0.91,2508.4395446777344,20.802949422060777,100.0,1,-0.93,2518.9068908691406,20.47247187577249,100.0,1,-1.13,2500.9451293945312,21.039564885843927,100.0,1,-1.4,2520.061004638672,20.43603392103996,100.0,1,-1.62,2537.721405029297,19.878455554867823,100.0,1,-1.69,2543.954833984375,19.68165225168408,100.0,1,-1.71,2543.7320251464844,19.68868682536598,100.0,1,-1.86,2516.115936279297,20.56058855862481,100.0,1,-1.88,2535.39990234375,19.951750590418584,100.0,1,-1.88,2516.890563964844,20.536131828893577,100.0,1,10
ZINC0000000032290,-0.7,2440.6209106445312,22.944135483750124,100.0,1,-0.9,2433.8560791015625,23.15771635596866,100.0,1,-1.22,2452.6676635742188,22.56379253185532,100.0,1,-1.27,2447.8523559570312,22.71582257049662,100.0,1,-1.34,2445.3439331054688,22.79501909403556,100.0,1,-1.64,2447.2963256835938,22.733377690683483,100.0,1,-1.66,2461.1363525390625,22.29641706741544,100.0,1,-1.71,2437.657592773437,23.037694061158724,100.0,1,-1.71,2451.027282714844,22.615583026931287,100.0,1,-5.9,3167.3185424804688,0.0006648206876473,0.0,1,10
ZINC0000000032330,-0.55,2639.8758239746094,16.653211916392458,100.0,1,-0.57,2638.718780517578,16.689742367916317,100.0,1,-0.58,2648.3800659179688,16.384713964849524,100.0,1,-0.58,2637.527740478516,16.72734616762284,100.0,1,-0.65,2640.930694580078,16.619907290466056,100.0,1,-0.67,2644.0206909179688,16.522349190340897,100.0,1,-0.68,2639.768524169922,16.65659961137473,100.0,1,-0.68,2645.946258544922,16.4615547107344,100.0,1,-1.17,2666.5975341796875,15.809547719210263,100.0,1,-1.29,2668.212921142578,15.758546337385283,100.0,1,10
ZINC0000000032550,-2.14,2493.270965576172,21.28185541317816,100.0,1,-2.18,2485.4832153320312,21.52773211819271,100.0,1,-2.23,2482.832305908203,21.611427261718053,100.0,1,-2.29,2465.4008178710938,22.16177835255969,100.0,1,-2.45,2487.861633300781,21.452640139768818,100.0,1,-2.65,2483.8209533691406,21.580213448678887,100.0,1,-2.82,2477.100128173828,21.792404942011064,100.0,1,-2.84,2474.439392089844,21.876410335190645,100.0,1,-2.89,2482.761779785156,21.61365392926755,100.0,1,-2.98,2481.6322631835938,21.64931529635625,100.0,1,10
ZINC0000000034210,-0.74,2593.006225585937,18.132990036631043,100.0,1,-0.76,2599.789031982422,17.9188416580574,100.0,1,-0.77,2596.636108398437,18.01838651217956,100.0,1,-0.77,2601.150390625,17.875860518846874,100.0,1,-0.86,2600.8285522460938,17.886021676777208,100.0,1,-1.07,2599.385986328125,17.931566711422267,100.0,1,-1.52,2604.710205078125,17.763469209321244,100.0,1,-1.8,2588.9812622070312,18.260067138795986,100.0,1,-2.16,2624.000732421875,17.15442408684277,100.0,1,-2.29,2630.9791870117188,16.934098656923467,100.0,1,10
ZINC0000000034410,-0.98,2647.0394897460938,16.427038954946585,100.0,1,-1.08,2666.2032470703125,15.821996245709402,100.0,1,-1.08,2668.276763916016,15.756530678140996,100.0,1,-1.25,2660.835662841797,15.991462893023684,100.0,1,-1.35,2685.1212463378906,15.224712668352833,100.0,1,-1.35,2672.124420166016,15.635051558867694,100.0,1,-1.37,2670.49365234375,15.686538548847132,100.0,1,-1.41,2678.252349853516,15.441579103679883,100.0,1,-1.48,2682.5748901367188,15.305106832637772,100.0,1,-1.5,2681.4337768554688,15.3411343328588,100.0,1,10
ZINC0000000034440,-0.61,2568.690673828125,18.900686426396486,100.0,1,-0.64,2562.8396606445312,19.08541600778761,100.0,1,-0.67,2641.7701416015625,16.593404069226757,100.0,1,-0.7,2639.256225585937,16.67277402424942,100.0,1,-0.78,2636.705444335937,16.75330789722959,100.0,1,-0.88,2640.4383544921875,16.635451568949843,100.0,1,-1.05,2628.681884765625,17.00662963043755,100.0,1,-1.12,2629.369842529297,16.98490926411634,100.0,1,-1.13,2638.4925231933594,16.696885818029674,100.0,1,-1.2,2630.777648925781,16.940461665360022,100.0,1,10
ZINC0000000034510,-0.38,2545.3572692871094,19.63737423037852,100.0,1,-0.44,2553.616455078125,19.37661325002661,100.0,1,-0.5,2543.320617675781,19.701675879989423,100.0,1,-0.83,2542.086883544922,19.740627627727854,100.0,1,-1.41,2547.6004638671875,19.566551556979217,100.0,1,-1.47,2554.634033203125,19.344486031173112,100.0,1,-1.63,2552.310028076172,19.4178600743998,100.0,1,-1.66,2552.244201660156,19.41993836167988,100.0,1,-2.05,2555.7345581054688,19.30973999691524,100.0,1,-2.46,2573.5056762695312,18.74866602283761,100.0,1,10
ZINC0000000035480,-0.72,2539.0406799316406,19.836803093524352,100.0,1,-0.73,2533.5838012695312,20.00908896595756,100.0,1,-0.75,2501.4569091796875,21.02340685260937,100.0,1,-0.77,2523.243682861328,20.335549646380912,100.0,1,-0.81,2533.5363159179688,20.01058818478361,100.0,1,-0.81,2531.215850830078,20.08385046105411,100.0,1,-0.82,2519.4239501953125,20.4561471556119,100.0,1,-0.85,2519.595092773437,20.45074380138534,100.0,1,-1.04,2522.9702758789062,20.344181716729658,100.0,1,-1.05,2517.871856689453,20.50515022134097,100.0,1,10
ZINC0000000035950,-0.56,2429.8483276367188,23.28425003948457,100.0,1,-0.6,2422.0498046875,23.530466862908884,100.0,1,-0.68,2446.111083984375,22.770798423823845,100.0,1,-0.8,2419.5757446289062,23.60857847616624,100.0,1,-0.87,2426.949584960937,23.37576983345105,100.0,1,-1.11,2424.130126953125,23.4647864330023,100.0,1,-3.37,2505.7176513671875,20.888885685759263,100.0,1,-3.42,2503.8045043945312,20.94928801751088,100.0,1,-3.43,2505.8754272460938,20.883904348143123,100.0,1,-3.45,2507.4877319335938,20.833000280650683,100.0,1,10
ZINC0000000036470,-0.69,2563.8160705566406,19.05458856155388,100.0,1,-0.71,2570.740295410156,18.835975285782325,100.0,1,-0.77,2573.5848693847656,18.74616571894711,100.0,1,-1.08,2605.88916015625,17.72624695887893,100.0,1,-1.08,2573.711242675781,18.742175831312984,100.0,1,-1.11,2583.782684326172,18.42419787746072,100.0,1,-1.14,2575.483795166016,18.68621238203672,100.0,1,-1.3,2580.42626953125,18.53016740454697,100.0,1,-1.45,2581.454864501953,18.49769235921776,100.0,1,-1.51,2566.8110961914062,18.96002889908084,100.0,1,10
ZINC0000000036900,-0.11,2627.8668212890625,17.032363008590718,100.0,1,-0.31,2623.7233276367188,17.163182376771342,100.0,1,-0.32,2614.1576538085938,17.46519210851292,100.0,1,-1.06,2625.560760498047,17.10517050897053,100.0,1,-1.28,2628.867492675781,17.000769573303824,100.0,1,-1.32,2626.1802368164062,17.08561225514654,100.0,1,-1.51,2626.910858154297,17.062544904301664,100.0,1,-1.71,2650.4576721191406,16.319119287176562,100.0,1,-1.82,2627.856750488281,17.032680966310895,100.0,1,-2.22,2642.6105041503906,16.566871942740168,100.0,1,10
ZINC0000000037230,-0.69,2609.6627807617188,17.607105310603067,100.0,1,-0.73,2629.1837463378906,16.990784737381954,100.0,1,-0.81,2600.8556518554688,17.885166081457456,100.0,1,-0.88,2610.01171875,17.59608855735298,100.0,1,-1.84,2612.679443359375,17.511862520785762,100.0,1,-1.96,2616.9163513183594,17.378093853873413,100.0,1,-2.19,2593.594451904297,18.114418415247847,100.0,1,-2.59,2581.9060668945312,18.483446889845496,100.0,1,-2.71,2594.925994873047,18.072378623590705,100.0,1,-3.86,2667.414459228516,15.783755567054278,100.0,1,10
ZINC0000000037500,0.15,2706.583068847656,14.547114897895492,100.0,1,0.12,2710.748352050781,14.415607584829385,100.0,1,0.12,2709.1148681640625,14.467180327042447,100.0,1,0.11,2700.317626953125,14.74492892122611,100.0,1,0.11,2704.818328857422,14.602831689061553,100.0,1,0.09,2704.819122314453,14.602806637847236,100.0,1,0.08,2708.1293334960938,14.498295862240829,100.0,1,0.06,2706.4995727539062,14.54975105644825,100.0,1,0.04,2707.3180236816406,14.52391072888011,100.0,1,0.04,2705.938537597656,14.567464191986955,100.0,1,10
ZINC0000000037640,-0.61,2514.961181640625,20.597046747030447,100.0,1,-1.52,2579.2970581054688,18.565819136553245,100.0,1,-1.62,2577.2567443847656,18.6302364071533,100.0,1,-1.92,2570.136962890625,18.855023843745787,100.0,1,-2.07,2575.0711975097656,18.69923901348164,100.0,1,-2.22,2581.434936523437,18.498321530100423,100.0,1,-2.23,2579.0874938964844,18.5724355476577,100.0,1,-2.24,2581.875732421875,18.484404617039004,100.0,1,-2.25,2580.126892089844,18.53961942041048,100.0,1,-2.29,2589.614013671875,18.240089758886302,100.0,1,10
ZINC0000000037710,-0.65,2567.6673278808594,18.932995748307903,100.0,1,-0.67,2569.364624023437,18.8794083103588,100.0,1,-0.91,2574.3761596679688,18.72118291371521,100.0,1,-0.97,2574.6675720214844,18.711982373503123,100.0,1,-1.02,2577.5762634277344,18.62014847584944,100.0,1,-1.2,2578.147705078125,18.60210678399988,100.0,1,-1.26,2591.579864501953,18.178023448399085,100.0,1,-1.29,2588.1590881347656,18.286025014369763,100.0,1,-1.33,2587.7750549316406,18.29814980209926,100.0,1,-1.72,2637.527130126953,16.7273654377877,100.0,1,10
ZINC0000000037900,-0.95,2376.6354370117188,24.964300092581578,100.0,1,-1.23,2389.5399169921875,24.556876778009936,100.0,1,-1.25,2399.7197265625,24.235477406386888,100.0,1,-1.26,2386.1655883789062,24.66341188443481,100.0,1,-1.38,2401.170288085937,24.189679932582173,100.0,1,-1.42,2390.3146362304688,24.53241715775397,100.0,1,-1.53,2383.983337402344,24.732310431872914,100.0,1,-1.57,2363.7730102539062,25.370395692794418,100.0,1,-2.72,2415.3179931640625,23.74300521920853,100.0,1,-2.94,2373.5385131835938,25.06207690907789,100.0,1,10
ZINC0000000038340,-0.24,2565.623413085937,18.99752671288063,100.0,1,-0.38,2567.7716064453125,18.92970344064169,100.0,1,-1.34,2595.75439453125,18.04622419233536,100.0,1,-1.38,2596.7876892089844,18.013600766736733,100.0,1,-1.54,2608.0469665527344,17.658120181543453,100.0,1,-1.59,2610.221405029297,17.589468292215553,100.0,1,-1.7,2614.5904846191406,17.451526671102915,100.0,1,-1.99,2608.233703613281,17.652224474604736,100.0,1,-2.22,2611.688232421875,17.543157268517337,100.0,1,-2.51,2626.5330200195312,17.074474099857838,100.0,1,10
ZINC0000000038850,-1.62,2557.4085388183594,19.25688867926376,100.0,1,-1.67,2558.1390075683594,19.23382614596009,100.0,1,-1.68,2558.758514404297,19.214266928627858,100.0,1,-1.78,2563.4099731445312,19.06740996574304,100.0,1,-1.86,2563.6005859375,19.061391893257472,100.0,1,-1.87,2562.805633544922,19.08649031947852,100.0,1,-1.96,2555.9111328125,19.304165138221425,100.0,1,-2.03,2556.182342529297,19.295602440466176,100.0,1,-2.1,2554.1773071289062,19.35890589553736,100.0,1,-2.27,2553.93994140625,19.36640006265116,100.0,1,10
ZINC0000000039010,-0.77,2598.84912109375,17.948516748432546,100.0,1,-0.79,2598.769897460937,17.951018015831288,100.0,1,-0.81,2592.7935485839844,18.13970472557628,100.0,1,-0.83,2586.749267578125,18.33053620467012,100.0,1,-0.84,2590.55517578125,18.21037516467319,100.0,1,-0.85,2584.906188964844,18.38872632149588,100.0,1,-0.86,2599.434814453125,17.93002509823352,100.0,1,-0.87,2597.0387573242188,18.005673984421843,100.0,1,-0.9,2630.4827575683594,16.949772045511814,100.0,1,-0.97,2625.771789550781,17.098507849470412,100.0,1,10
ZINC0000000039020,-1.3,2526.571350097656,20.230487744059527,100.0,1,-1.4,2530.699981689453,20.10013760439323,100.0,1,-1.48,2536.5202026367188,19.91638020281925,100.0,1,-1.48,2549.7145080566406,19.49980645046416,100.0,1,-1.62,2523.74853515625,20.319610329517506,100.0,1,-1.67,2544.4916381835938,19.664704141690283,100.0,1,-1.71,2535.064483642578,19.96234050951704,100.0,1,-2.3,2551.6618041992188,19.43832595298866,100.0,1,-2.32,2553.3345947265625,19.38551221215865,100.0,1,-2.43,2541.7071228027344,19.75261752430334,100.0,1,10
ZINC0000000039450,-0.58,2487.4400329589844,21.46595100614541,100.0,1,-0.59,2467.9605407714844,22.08096217166433,100.0,1,-0.65,2492.676696777344,21.30061780919345,100.0,1,-0.68,2480.139617919922,21.69644144802802,100.0,1,-0.71,2494.919189453125,21.22981729648374,100.0,1,-0.71,2469.345245361328,22.037243948647937,100.0,1,-0.78,2480.673126220703,21.679597396924464,100.0,1,-1.02,2488.215057373047,21.44148175080701,100.0,1,-1.06,2490.1201171875,21.38133474873979,100.0,1,-1.21,2494.235290527344,21.25140951620864,100.0,1,10
ZINC0000000039750,-0.94,2488.3582153320312,21.436961933639257,100.0,1,-1.03,2468.055725097656,22.07795698945452,100.0,1,-1.06,2479.6356201171875,21.71235378666062,100.0,1,-1.08,2473.412475585937,21.908832387566488,100.0,1,-1.12,2470.5551147460938,21.999045664355503,100.0,1,-1.21,2493.951171875,21.26037977795066,100.0,1,-1.44,2463.27587890625,22.228867431517497,100.0,1,-1.47,2449.508850097656,22.663523343068366,100.0,1,-1.49,2482.8706665039062,21.61021613185664,100.0,1,-1.62,2451.475646972656,22.60142716382561,100.0,1,10
ZINC0000000039780,-0.9,2486.8077087402344,21.48591489693969,100.0,1,-0.93,2507.4074096679688,20.83553623434617,100.0,1,-2.19,2523.9432067871094,20.313464110435618,100.0,1,-2.25,2509.8522033691406,20.758348625493827,100.0,1,-2.44,2526.9871215820312,20.217360907757342,100.0,1,-2.69,2529.687286376953,20.13211066192785,100.0,1,-2.84,2545.368133544922,19.637031221444023,100.0,1,-2.96,2544.92236328125,19.65110518634905,100.0,1,-3.22,2540.469940185547,19.79167814847323,100.0,1,-3.53,2549.083770751953,19.5197202388298,100.0,1,10
ZINC0000000040090,-0.83,2555.5943298339844,19.314167317291663,100.0,1,-0.83,2555.519256591797,19.316537547569364,100.0,1,-0.84,2547.1705017089844,19.580126424614384,100.0,1,-0.87,2549.4273071289062,19.50887402653872,100.0,1,-0.92,2540.742919921875,19.78305956723989,100.0,1,-1.05,2551.45703125,19.444791093298967,100.0,1,-1.06,2557.98974609375,19.23853866477645,100.0,1,-1.55,2559.877655029297,19.178933154341767,100.0,1,-1.83,2540.6690368652344,19.78539222069611,100.0,1,-2.33,2628.4365234375,17.014376236711005,100.0,1,10
ZINC0000000040440,-0.43,2565.64208984375,18.99693704583594,100.0,1,-0.44,2560.476959228516,19.160011779466377,100.0,1,-0.51,2570.245330810547,18.85160242597501,100.0,1,-0.52,2571.917022705078,18.79882337144176,100.0,1,-0.52,2571.9614868164062,18.797419539931752,100.0,1,-0.56,2575.890991210937,18.67335629155081,100.0,1,-0.56,2575.4695739746094,18.686661376877943,100.0,1,-0.59,2573.280212402344,18.755784421736653,100.0,1,-0.61,2566.6392211914062,18.96545537750523,100.0,1,-0.61,2572.08935546875,18.79338244039372,100.0,1,10
ZINC0000000040550,-0.52,2608.1515502929688,17.654818238794803,100.0,1,-0.58,2614.255340576172,17.462107918627183,100.0,1,-0.6,2602.5953063964844,17.830241294067108,100.0,1,-0.81,2614.3309326171875,17.45972130870935,100.0,1,-0.88,2617.8306579589844,17.349227146914117,100.0,1,-0.88,2626.6881408691406,17.069576587458837,100.0,1,-0.89,2616.1224975585938,17.40315759379772,100.0,1,-0.94,2622.674072265625,17.19630971718104,100.0,1,-0.95,2627.4061279296875,17.04690812902655,100.0,1,-1.1,2638.782165527344,16.687741161295673,100.0,1,10
ZINC0000000040900,-1.0,2584.376892089844,18.4054374084619,100.0,1,-1.04,2590.9083557128906,18.199224483777336,100.0,1,-1.05,2590.3258361816406,18.21761592911909,100.0,1,-1.09,2592.554931640625,18.14723839652804,100.0,1,-1.14,2603.468780517578,17.802663761136902,100.0,1,-1.15,2604.1534118652344,17.781048417214176,100.0,1,-1.15,2601.5724487304688,17.86253519984664,100.0,1,-1.16,2597.236297607422,17.99943719556512,100.0,1,-1.16,2598.936553955078,17.945756297316446,100.0,1,-1.29,2593.3321228027344,18.122700732104395,100.0,1,10
ZINC0000000040930,-0.82,2626.9998474121094,17.059735314265172,100.0,1,-0.85,2646.3859252929688,16.44767344747797,100.0,1,-0.85,2642.3987731933594,16.573556762929876,100.0,1,-0.93,2645.569274902344,16.473456928059775,100.0,1,-0.94,2655.81494140625,16.149978305648403,100.0,1,-0.96,2655.6534118652344,16.155078154778426,100.0,1,-0.98,2646.667694091797,16.438777375870657,100.0,1,-1.12,2660.7105407714844,15.99541327681985,100.0,1,-1.51,2645.816864013672,16.46563998568458,100.0,1,-2.21,2621.1314697265625,17.245013131846544,100.0,1,10
ZINC0000000041080,-0.6,2509.0098571777344,20.78494338001621,100.0,1,-0.61,2519.9772338867188,20.438678751166904,100.0,1,-0.62,2511.303466796875,20.712528990999523,100.0,1,-1.36,2506.719055175781,20.85726912627453,100.0,1,-1.42,2550.8766174316406,19.463116056571963,100.0,1,-1.43,2506.1160583496094,20.876307085647326,100.0,1,-1.55,2565.1410522460938,19.01275592416897,100.0,1,-1.65,2513.8445739746094,20.63230055013237,100.0,1,-1.72,2563.572998046875,19.06226290470911,100.0,1,-2.08,2516.303955078125,20.55465238433989,100.0,1,10
ZINC0000000041180,-1.84,2520.481719970703,20.422750996402414,100.0,1,-1.85,2516.708740234375,20.541872411005176,100.0,1,-1.89,2519.7916564941406,20.444537844792382,100.0,1,-1.98,2519.2808837890625,20.46066408225493,100.0,1,-1.99,2522.7498168945312,20.35114210027685,100.0,1,-2.07,2522.1559143066406,20.369892934193235,100.0,1,-2.11,2515.672637939453,20.574584479362155,100.0,1,-2.57,2533.494171142578,20.01191878966716,100.0,1,-2.86,2535.8404541015625,19.93784138542311,100.0,1,-3.06,2538.496154785156,19.853994971103617,100.0,1,10
ZINC0000000041540,-1.13,2564.131317138672,19.044635521404025,100.0,1,-1.16,2562.292266845703,19.10269845514172,100.0,1,-1.16,2558.9138793945312,19.20936170816292,100.0,1,-1.17,2565.742706298828,18.99376035915888,100.0,1,-1.21,2544.371490478516,19.668497473642844,100.0,1,-1.24,2560.535461425781,19.158164734164608,100.0,1,-1.28,2550.4191284179688,19.47756000864228,100.0,1,-1.39,2549.64013671875,19.502154520052265,100.0,1,-1.39,2563.8717346191406,19.052831122518707,100.0,1,-2.45,2583.0855407714844,18.44620825976305,100.0,1,10
ZINC0000000041770,-0.58,2572.3453063964844,18.78530149675996,100.0,1,-0.79,2560.626037597656,19.15530504169948,100.0,1,-0.81,2558.962646484375,19.20782202199065,100.0,1,-0.84,2545.615600585937,19.6292181331018,100.0,1,-1.0,2548.873992919922,19.52634339449196,100.0,1,-1.28,2582.532958984375,18.463654503518462,100.0,1,-1.38,2566.115447998047,18.981992069479272,100.0,1,-1.4,2584.5787048339844,18.39906572845116,100.0,1,-1.56,2601.8468627929688,17.85387133372588,100.0,1,-1.83,2620.86474609375,17.253434193890076,100.0,1,10
ZINC0000000041840,-2.88,2663.10107421875,15.919938785623502,100.0,1,-3.7,2609.707092285156,17.60570629663428,100.0,1,-3.9,2619.4248046875,17.29889636682624,100.0,1,-3.93,2613.8131103515625,17.476070116576018,100.0,1,-4.01,2625.40234375,17.110172080259776,100.0,1,-4.13,2600.719970703125,17.889449839105687,100.0,1,-4.18,2613.4865112304688,17.486381581792255,100.0,1,-4.21,2652.7685546875,16.24615955249436,100.0,1,-4.42,2680.3729553222656,15.37462684289258,100.0,1,-4.73,2680.2310791015625,15.379106192714136,100.0,1,10
ZINC0000000042340,-1.23,2616.87255859375,17.379476488202073,100.0,1,-1.43,2633.141387939453,16.865833134400997,100.0,1,-1.64,2597.494354248047,17.991289769862586,100.0,1,-1.72,2592.3548278808594,18.153556120077177,100.0,1,-1.99,2606.4959106445312,17.707090487992257,100.0,1,-1.99,2610.7437438964844,17.57297688512893,100.0,1,-2.01,2611.247802734375,17.55706261947984,100.0,1,-2.03,2613.406951904297,17.48889344778167,100.0,1,-2.07,2609.4913940429688,17.612516372895573,100.0,1,-2.2,2610.525787353516,17.5798582610002,100.0,1,10
ZINC0000000042410,-1.88,2501.2826538085938,21.028908484676712,100.0,1,-2.18,2510.4993591308594,20.737916469693467,100.0,1,-3.22,2479.8478393554688,21.705653550339026,100.0,1,-3.55,2475.152130126953,21.853907600176147,100.0,1,-3.58,2487.8160705566406,21.454078657575568,100.0,1,-3.77,2469.6964721679688,22.026154932279628,100.0,1,-3.89,2483.8151245117188,21.58039747875329,100.0,1,-3.99,2475.2843627929688,21.84973271895937,100.0,1,-4.12,2496.861602783203,21.168490960327123,100.0,1,-4.32,2469.415344238281,22.035030770213844,100.0,1,10
ZINC0000000042570,-0.48,2632.2333984375,16.894500395154,100.0,1,-0.58,2638.401733398437,16.699752255052502,100.0,1,-0.59,2640.1321716308594,16.645118447151535,100.0,1,-0.65,2633.9139404296875,16.841441923230285,100.0,1,-0.71,2643.052215576172,16.552926124431462,100.0,1,-0.75,2642.5170288085938,16.56982316848838,100.0,1,-0.77,2640.1275329589844,16.645264900404467,100.0,1,-0.91,2643.6889038085938,16.53282445195844,100.0,1,-0.92,2647.955474853516,16.398119255033926,100.0,1,-1.18,2641.969970703125,16.58709501725181,100.0,1,10
ZINC0000000042650,-1.23,2478.265106201172,21.75562397834404,100.0,1,-1.95,2507.3103942871094,20.838599227050565,100.0,1,-2.15,2529.4461669921875,20.13972334055553,100.0,1,-2.2,2516.691131591797,20.542428355261368,100.0,1,-2.33,2519.5543212890625,20.452031048397945,100.0,1,-2.6,2531.6359252929688,20.070587770089663,100.0,1,-2.71,2531.2449645996094,20.08293127419032,100.0,1,-2.9,2538.2887573242188,19.860542973122826,100.0,1,-2.94,2529.296295166016,20.144455129536745,100.0,1,-3.2,2521.2467041015625,20.39859873527596,100.0,1,10
ZINC0000000042670,-1.38,2507.35595703125,20.83716070924381,100.0,1,-1.4,2506.1339721679688,20.875741506308703,100.0,1,-1.41,2508.1452026367188,20.8122424590642,100.0,1,-1.43,2504.295318603516,20.93379191443924,100.0,1,-1.43,2499.8846435546875,21.07304679728704,100.0,1,-1.98,2532.474639892578,20.0441076730482,100.0,1,-2.3,2524.973358154297,20.28093992618602,100.0,1,-2.31,2551.7068786621094,19.4369028513138,100.0,1,-2.38,2511.877349853516,20.694410218490525,100.0,1,-2.74,2542.5167236328125,19.72705661412566,100.0,1,10
ZINC0000000043370,-1.4,2557.7560119628906,19.24591817440933,100.0,1,-1.43,2562.723846435547,19.08907252156968,100.0,1,-1.46,2557.8463439941406,19.243066190010147,100.0,1,-1.46,2562.010223388672,19.11160319832322,100.0,1,-1.47,2553.4774475097656,19.38100203007333,100.0,1,-1.49,2564.551147460937,19.031380538505527,100.0,1,-1.5,2560.7762756347656,19.15056169061935,100.0,1,-1.5,2554.8356018066406,19.338122059228315,100.0,1,-1.57,2554.8069763183594,19.339025829960217,100.0,1,-5.37,3167.3302307128906,0.0002957970305909,0.0,1,10
ZINC0000000043460,-0.19,2554.6095581054688,19.34525876478397,100.0,1,-0.2,2553.8357849121094,19.369688516284405,100.0,1,-0.48,2545.908569335937,19.61996845396932,100.0,1,-0.51,2538.306030273437,19.8599976274573,100.0,1,-0.51,2537.9187622070312,19.87222454706056,100.0,1,-0.62,2571.4012756347656,18.815106660747897,100.0,1,-0.63,2546.5545043945312,19.599574838498675,100.0,1,-0.92,2548.6495971679688,19.533428070602493,100.0,1,-1.3,2558.879180908203,19.210457217035167,100.0,1,-1.52,2546.602569580078,19.598057313016,100.0,1,10
ZINC0000000043510,-2.02,2573.3746948242188,18.752801400216427,100.0,1,-2.14,2570.990478515625,18.82807644520648,100.0,1,-2.37,2558.845733642578,19.211513222069456,100.0,1,-2.48,2570.196350097656,18.853148856704973,100.0,1,-2.64,2565.2168884277344,19.0103616061852,100.0,1,-2.68,2558.319366455078,19.22813181224416,100.0,1,-2.81,2574.2423400878906,18.725407897360625,100.0,1,-2.83,2573.386444091797,18.752430449542885,100.0,1,-2.87,2561.675750732422,19.122163248666137,100.0,1,-2.9,2569.461853027344,18.876338573096707,100.0,1,10
ZINC0000000043530,-1.17,2456.080444335937,22.45604340504429,100.0,1,-1.34,2473.233337402344,21.914488180952706,100.0,1,-1.42,2480.8834228515625,21.67295786162218,100.0,1,-1.49,2471.643035888672,21.96469755900197,100.0,1,-1.64,2480.256591796875,21.69274832093273,100.0,1,-1.7,2478.5611572265625,21.74627698487901,100.0,1,-1.9,2487.2238159179688,21.47277746204683,100.0,1,-1.98,2481.746826171875,21.645698286412152,100.0,1,-3.31,2546.669982910156,19.595928923307287,100.0,1,-3.46,2547.688232421875,19.563780507272444,100.0,1,10
ZINC0000000043540,-0.76,2527.962158203125,20.186576819394546,100.0,1,-0.78,2535.0167541503906,19.96384743640904,100.0,1,-0.81,2538.3580627441406,19.858354845903044,100.0,1,-0.84,2532.9197387695312,20.030054905324523,100.0,1,-1.02,2533.13134765625,20.02337393916779,100.0,1,-1.03,2528.8741760253906,20.157782375553467,100.0,1,-1.07,2534.64794921875,19.97549143352529,100.0,1,-1.1,2524.351776123047,20.300564662078774,100.0,1,-1.6,2564.1694946289062,19.043430172592075,100.0,1,-1.91,2568.2386169433594,18.91495887399956,100.0,1,10
ZINC0000000043780,-1.43,2588.7953491210938,18.265936831012137,100.0,1,-1.62,2583.1456909179688,18.444309185016166,100.0,1,-1.67,2569.2286682128906,18.88370073958122,100.0,1,-1.71,2581.952087402344,18.4819939194151,100.0,1,-1.72,2580.6285400390625,18.523781271912583,100.0,1,-1.78,2573.638610839844,18.74446898093125,100.0,1,-1.82,2576.043884277344,18.668529115253545,100.0,1,-1.82,2576.555145263672,18.65238746165912,100.0,1,-1.84,2580.850128173828,18.5167852385604,100.0,1,-1.99,2557.2606201171875,19.261558803717417,100.0,1,10
ZINC0000000044000,-1.88,2519.986358642578,20.43839066220226,100.0,1,-1.96,2516.8592224121094,20.537121351859103,100.0,1,-2.04,2515.001007080078,20.59578936877337,100.0,1,-2.1,2497.13134765625,21.159974510967537,100.0,1,-2.11,2515.5096740722656,20.5797296133796,100.0,1,-2.17,2518.740203857422,20.47773455779558,100.0,1,-2.19,2499.8820190429688,21.07312965899593,100.0,1,-2.22,2523.8995666503906,20.314841927223064,100.0,1,-2.28,2521.6761169433594,20.385041210789165,100.0,1,-2.61,2537.932098388672,19.87180349395837,100.0,1,10
ZINC0000000044130,-1.35,2546.490936279297,19.601581826168776,100.0,1,-1.36,2540.444732666016,19.79247400628192,100.0,1,-1.67,2543.182556152344,19.706034791280604,100.0,1,-1.84,2555.9296875,19.3035793252097,100.0,1,-1.85,2547.743225097656,19.562044265418617,100.0,1,-1.85,2549.217529296875,19.51549718220087,100.0,1,-1.97,2529.0690307617188,20.151630375422123,100.0,1,-2.23,2532.82666015625,20.03299360546557,100.0,1,-2.23,2549.722686767578,19.49954823025504,100.0,1,-2.36,2518.246368408203,20.49332604818328,100.0,1,10
ZINC0000000044680,-0.88,2545.014404296875,19.648199245488257,100.0,1,-0.92,2545.4044189453125,19.63588561014313,100.0,1,-0.97,2543.3760986328125,19.699924222003705,100.0,1,-1.0,2546.040283203125,19.61580995239267,100.0,1,-1.03,2544.466278076172,19.66550481704019,100.0,1,-1.09,2548.5587768554688,19.536295471133563,100.0,1,-1.13,2552.458404541016,19.413175497322488,100.0,1,-1.4,2564.094940185547,19.045784023229643,100.0,1,-1.83,2517.379608154297,20.52069160930003,100.0,1,-2.92,2548.3126220703125,19.544067128621336,100.0,1,10
ZINC0000000044860,-0.55,2557.9432373046875,19.24000705133873,100.0,1,-0.56,2576.067657470703,18.667778542332275,100.0,1,-0.72,2560.0340576171875,19.17399517459656,100.0,1,-0.74,2568.7650756835938,18.89833739330013,100.0,1,-0.87,2569.9591064453125,18.8606391697858,100.0,1,-0.92,2574.395721435547,18.72056530493148,100.0,1,-1.16,2577.484100341797,18.6230582707432,100.0,1,-1.26,2580.079620361328,18.541111894678835,100.0,1,-1.29,2593.0148315429688,18.132718327306524,100.0,1,-1.46,2593.8560485839844,18.10615922258913,100.0,1,10
ZINC0000000045030,-0.84,2599.2798767089844,17.934916829583063,100.0,1,-0.86,2592.1279296875,18.160719803863635,100.0,1,-0.87,2595.207275390625,18.06349796811528,100.0,1,-0.89,2601.5669860839844,17.862707667822132,100.0,1,-0.89,2593.9175415039062,18.10421775347956,100.0,1,-0.9,2601.3357849121094,17.870007206270852,100.0,1,-1.08,2590.1276245117188,18.223873915157164,100.0,1,-1.12,2589.430603027344,18.245880443426536,100.0,1,-1.53,2585.622467041016,18.366111819525194,100.0,1,-2.1,2596.9624633789062,18.00808275502926,100.0,1,10
ZINC0000000045390,-1.37,2524.699737548828,20.289578741092463,100.0,1,-1.81,2546.7867431640625,19.592242540769693,100.0,1,-1.81,2547.0223388671875,19.58480425713399,100.0,1,-1.82,2551.090209960937,19.456372462379434,100.0,1,-1.87,2554.3717346191406,19.352767384521417,100.0,1,-1.89,2544.9149169921875,19.65134028236033,100.0,1,-2.09,2555.990203857422,19.301668688363897,100.0,1,-2.09,2568.985717773437,18.89137122870348,100.0,1,-2.14,2552.754852294922,19.403815978250304,100.0,1,-2.19,2555.0465393066406,19.33146229025293,100.0,1,10
ZINC0000000045510,-1.1,2615.107208251953,17.435212549532995,100.0,1,-1.19,2621.628204345703,17.22933010817577,100.0,1,-1.39,2630.4742431640625,16.9500408643116,100.0,1,-1.44,2649.756378173828,16.341260706599947,100.0,1,-1.44,2643.5856323242188,16.53608496385264,100.0,1,-1.66,2690.4347534179688,15.056953357645089,100.0,1,-1.74,2672.4485778808594,15.624817174310898,100.0,1,-1.84,2673.671844482422,15.5861959098998,100.0,1,-1.95,2676.7438049316406,15.489207243146238,100.0,1,-2.14,2685.6504821777344,15.208003508403294,100.0,1,10
ZINC0000000045830,-1.22,2453.512084960937,22.537132258772417,100.0,1,-1.27,2480.1861267089844,21.69497306146573,100.0,1,-1.28,2470.5562744140625,21.999009051042272,100.0,1,-1.28,2477.6795043945312,21.77411273801833,100.0,1,-1.29,2470.774444580078,21.9921209306133,100.0,1,-1.3,2479.324676513672,21.722170972148213,100.0,1,-1.37,2469.3240661621094,22.03791262336856,100.0,1,-1.44,2465.8720703125,22.14689985827179,100.0,1,-1.45,2457.047119140625,22.42552331794007,100.0,1,-1.58,2456.130859375,22.454451689426914,100.0,1,10
ZINC0000000046770,-1.28,2538.371459960937,19.85793186578438,100.0,1,-1.28,2531.8133850097656,20.064984969656813,100.0,1,-1.49,2536.654815673828,19.91213016795953,100.0,1,-1.54,2538.888702392578,19.84160136457433,100.0,1,-1.66,2534.820068359375,19.97005724703496,100.0,1,-2.02,2556.9082946777344,19.27268250638247,100.0,1,-2.03,2557.530303955078,19.253044281374315,100.0,1,-2.19,2554.7750549316406,19.34003365958236,100.0,1,-2.27,2554.899475097656,19.336105436475787,100.0,1,-2.3,2561.752990722656,19.119724609303187,100.0,1,10
ZINC0000000046830,-0.21,2497.3615112304688,21.15270773179908,100.0,1,-0.49,2496.131164550781,21.191552530122543,100.0,1,-0.53,2497.6793518066406,21.14267279344857,100.0,1,-0.65,2489.662567138672,21.3957806278266,100.0,1,-1.05,2507.618469238281,20.828872611337808,100.0,1,-1.08,2498.5848693847656,21.11408357686325,100.0,1,-1.31,2504.756805419922,20.919221742789084,100.0,1,-1.49,2534.870849609375,19.968453969318663,100.0,1,-1.66,2545.6700744628906,19.627498270888108,100.0,1,-1.67,2556.3140563964844,19.291443938889525,100.0,1,10
ZINC0000000046980,-0.89,2467.7993774414062,22.086050458695443,100.0,1,-0.99,2474.7544555664062,21.86646307609025,100.0,1,-1.37,2502.934326171875,20.97676149155084,100.0,1,-1.39,2505.2232666015625,20.904494519295334,100.0,1,-1.43,2442.7517700195312,22.876859484193183,100.0,1,-1.44,2500.72216796875,21.046604277067047,100.0,1,-1.46,2499.7064819335938,21.07867175840948,100.0,1,-1.46,2497.927001953125,21.13485392405689,100.0,1,-1.66,2511.455078125,20.70774228204846,100.0,1,-1.67,2518.5115356445312,20.48495412506013,100.0,1,10
ZINC0000000047160,-1.45,2439.082092285156,22.992719423393503,100.0,1,-1.45,2449.1456298828125,22.67499101817616,100.0,1,-1.53,2459.0142211914062,22.36341750361489,100.0,1,-1.55,2471.908447265625,21.956317927812883,100.0,1,-1.56,2461.358154296875,22.28941428950555,100.0,1,-1.65,2432.501892089844,23.200471070742086,100.0,1,-1.86,2435.89697265625,23.093280778711986,100.0,1,-2.03,2423.6552734375,23.47977862126287,100.0,1,-2.07,2398.724609375,24.266895483173563,100.0,1,-2.21,2400.866149902344,24.199282255731585,100.0,1,10
ZINC0000000047340,-2.22,2464.687438964844,22.18430132124729,100.0,1,-2.33,2447.2196044921875,22.735799950406303,100.0,1,-2.38,2444.2566528320312,22.829346965715988,100.0,1,-2.42,2461.9356994628906,22.2711798960074,100.0,1,-2.45,2446.211303710937,22.767634262753937,100.0,1,-2.47,2461.512939453125,22.284527375697223,100.0,1,-2.52,2454.63720703125,22.5016096368707,100.0,1,-2.59,2463.433349609375,22.223895728983784,100.0,1,-3.5,2502.94140625,20.97653795763848,100.0,1,-4.0,2487.8992919921875,21.451451170597,100.0,1,10
ZINC0000000047530,-1.04,2470.5231018066406,22.00005638450238,100.0,1,-1.08,2476.1063232421875,21.823781587943287,100.0,1,-1.16,2456.9353942871094,22.42905072161757,100.0,1,-1.2,2479.042266845703,21.73108727742863,100.0,1,-1.22,2459.9666137695312,22.33334833836837,100.0,1,-1.24,2465.121459960937,22.17059830701581,100.0,1,-1.55,2499.332733154297,21.0904718438611,100.0,1,-1.63,2464.35986328125,22.1946436187273,100.0,1,-2.18,2493.193725585937,21.284294052541107,100.0,1,-4.13,2557.7257385253906,19.24687397458636,100.0,1,10
ZINC0000000048410,-0.48,2623.2667236328125,17.177598387102616,100.0,1,-0.65,2631.6951293945312,16.911494753543455,100.0,1,-0.69,2620.211181640625,17.27406868642146,100.0,1,-0.75,2636.7181091308594,16.75290804130876,100.0,1,-0.76,2629.955047607422,16.966433030049203,100.0,1,-0.77,2632.3168334960938,16.891866163617728,100.0,1,-0.89,2699.633209228516,14.766537520591136,100.0,1,-0.99,2668.382110595703,15.753204647686273,100.0,1,-1.11,2651.7605895996094,16.27798326625132,100.0,1,-1.12,2664.015014648437,15.89108364076312,100.0,1,10
ZINC0000000048860,-0.58,2406.293701171875,24.02792231471987,100.0,1,-0.65,2412.617553710937,23.82826413661221,100.0,1,-0.66,2406.7575073242188,24.01327891644325,100.0,1,-0.79,2407.5659790039062,23.987753656070566,100.0,1,-0.79,2409.9432373046875,23.91269829095991,100.0,1,-1.01,2417.48388671875,23.674623112188662,100.0,1,-1.58,2429.045288085937,23.309603795390004,100.0,1,-1.66,2417.532958984375,23.673073790933973,100.0,1,-1.82,2406.8463134765625,24.01047510745622,100.0,1,-1.85,2420.498962402344,23.579430424799995,100.0,1,10
ZINC0000000049040,-0.56,2578.264678955078,18.59841365690458,100.0,1,-0.6,2579.3785095214844,18.563247533052767,100.0,1,-0.6,2582.338104248047,18.469806503649806,100.0,1,-0.6,2589.2413024902344,18.25185708505766,100.0,1,-0.61,2588.6734008789062,18.269787009951035,100.0,1,-0.61,2578.666473388672,18.58572810737768,100.0,1,-0.61,2585.949157714844,18.355797463784228,100.0,1,-0.64,2588.5005493164062,18.275244320639203,100.0,1,-0.69,2584.1393127441406,18.4129383201334,100.0,1,-0.78,2578.9747924804688,18.57599378359897,100.0,1,10
ZINC0000000049280,-0.62,2651.723114013672,16.279166454373684,100.0,1,-0.62,2653.249786376953,16.230965991011008,100.0,1,-0.63,2647.208526611328,16.42170208278879,100.0,1,-0.65,2644.9044189453125,16.494447918641058,100.0,1,-0.67,2666.936309814453,15.798851814205086,100.0,1,-0.67,2669.2540283203125,15.725676253676458,100.0,1,-0.67,2668.291717529297,15.756058559101945,100.0,1,-0.68,2664.9448852539062,15.861725544599912,100.0,1,-0.69,2652.839874267578,16.243907833730542,100.0,1,-0.71,2672.979797363281,15.608045386325568,100.0,1,10
ZINC0000000049390,-1.26,2459.5028381347656,22.347990773136743,100.0,1,-1.75,2441.7115478515625,22.909701626162963,100.0,1,-1.96,2472.797149658203,21.92825960426944,100.0,1,-2.39,2488.0924072265625,21.4453540904355,100.0,1,-2.58,2457.00341796875,22.426903061744,100.0,1,-2.71,2477.654357910156,21.774906668810537,100.0,1,-2.82,2496.358367919922,21.184379211253653,100.0,1,-2.92,2465.1764526367188,22.168862065161985,100.0,1,-3.15,2493.0577392578125,21.28858744527177,100.0,1,-3.37,2470.73291015625,21.99343226533198,100.0,1,10
ZINC0000000050410,-1.38,2588.380584716797,18.279031871542305,100.0,1,-1.51,2585.7169799804688,18.363127834496726,100.0,1,-1.55,2588.6494140625,18.27054432743001,100.0,1,-1.72,2582.8287353515625,18.454316181627625,100.0,1,-2.02,2610.3237915039062,17.5862357220604,100.0,1,-2.19,2577.404693603516,18.625565319191395,100.0,1,-3.02,2632.8611755371094,16.874680067087922,100.0,1,-3.12,2634.904022216797,16.8101828253037,100.0,1,-3.63,2655.501983642578,16.159859082680033,100.0,1,-3.7,2641.053466796875,16.616031096804598,100.0,1,10
ZINC0000000050770,-0.61,2485.1517944335938,21.53819581771133,100.0,1,-0.67,2484.81787109375,21.54873852490588,100.0,1,-0.73,2496.609161376953,21.17646110051295,100.0,1,-0.76,2499.413391113281,21.087925291574937,100.0,1,-0.8,2475.362579345703,21.847263247332645,100.0,1,-2.19,2566.5504150390625,18.96825918649226,100.0,1,-2.28,2565.5679931640625,18.999276443849865,100.0,1,-2.31,2568.6890563964844,18.900737492333363,100.0,1,-2.37,2579.537628173828,18.55822380107393,100.0,1,-2.42,2566.263916015625,18.97730460187724,100.0,1,10
ZINC0000000051510,-1.35,2470.835205078125,21.99020258570156,100.0,1,-1.54,2451.1644897460938,22.61125109387091,100.0,1,-1.62,2435.8338012695312,23.095275240774928,100.0,1,-1.7,2441.072509765625,22.929877488770696,100.0,1,-1.8,2438.796142578125,23.001747495630102,100.0,1,-1.87,2442.2794189453125,22.891772664777832,100.0,1,-1.99,2443.8472900390625,22.842271465287148,100.0,1,-2.09,2439.540771484375,22.978237894501703,100.0,1,-2.19,2452.893493652344,22.55666257085736,100.0,1,-2.95,2441.22412109375,22.92509077981964,100.0,1,10
ZINC0000000051600,-0.63,2651.824249267578,16.275973388056492,100.0,1,-0.95,2645.828521728516,16.465271925535767,100.0,1,-1.07,2660.518035888672,16.001491086816486,100.0,1,-1.27,2659.324523925781,16.03917293069069,100.0,1,-1.29,2657.250305175781,16.10466065894868,100.0,1,-1.31,2655.467254638672,16.16095555506053,100.0,1,-1.33,2656.073974609375,16.141800047682096,100.0,1,-1.57,2621.602905273437,17.23012885650919,100.0,1,-1.66,2626.3162231445312,17.081318862415877,100.0,1,-1.73,2624.3944091796875,17.141994830508494,100.0,1,10
ZINC0000000052320,-1.69,2686.9722290039062,15.166273002892144,100.0,1,-1.7,2687.401885986328,15.152707770339408,100.0,1,-1.7,2691.258056640625,15.03095983226632,100.0,1,-1.75,2672.244079589844,15.63127364304702,100.0,1,-1.81,2687.1868591308594,15.159496649419356,100.0,1,-1.83,2684.1232299804688,15.256222278422587,100.0,1,-1.85,2685.657470703125,15.207782865015655,100.0,1,-1.85,2695.7242431640625,14.889952327924558,100.0,1,-2.02,2665.095733642578,15.856962923354924,100.0,1,-2.41,2671.903045654297,15.642040847662178,100.0,1,10
ZINC0000000052580,-0.17,2432.4490356445312,23.202139867018907,100.0,1,-0.48,2421.517639160156,23.547268519649748,100.0,1,-0.56,2422.0123901367188,23.531648124014765,100.0,1,-0.56,2420.9002075195312,23.56676221842146,100.0,1,-0.59,2407.616577148437,23.98615615940373,100.0,1,-0.65,2438.8054809570312,23.00145266210776,100.0,1,-0.77,2431.5982055664062,23.22900247683283,100.0,1,-0.77,2434.7772216796875,23.12863382316294,100.0,1,-0.79,2414.072204589844,23.782337552702938,100.0,1,-0.85,2428.693664550781,23.320705337365474,100.0,1,10
ZINC0000000052980,-1.66,2520.7409057617188,20.414567920894893,100.0,1,-1.69,2499.666748046875,21.079926246141824,100.0,1,-1.7,2502.573760986328,20.9881453414415,100.0,1,-1.73,2463.5589294433594,22.219930892563973,100.0,1,-1.78,2506.4410400390625,20.86604668636797,100.0,1,-1.85,2532.302978515625,20.04952740691489,100.0,1,-2.02,2479.9217529296875,21.70331993337456,100.0,1,-2.09,2515.504302978516,20.57989919083036,100.0,1,-2.21,2508.380920410156,20.80480032139552,100.0,1,-2.44,2514.458770751953,20.61290898323442,100.0,1,10
ZINC0000000053050,-0.45,2561.6236267089844,19.123808920745127,100.0,1,-0.48,2559.960693359375,19.17631144841265,100.0,1,-0.5,2554.452667236328,19.35021216066107,100.0,1,-0.59,2554.828582763672,19.3383436661242,100.0,1,-0.63,2554.564910888672,19.34666837734344,100.0,1,-0.64,2555.0564880371094,19.33114818656572,100.0,1,-1.13,2586.637023925781,18.33407998798775,100.0,1,-1.13,2589.5401916503906,18.24242048532604,100.0,1,-1.26,2620.3270263671875,17.270411209131158,100.0,1,-2.03,2589.319274902344,18.24939532149688,100.0,1,10
ZINC0000000053190,-1.73,2509.7130737304688,20.76274125957352,100.0,1,-1.77,2504.198699951172,20.93684238153647,100.0,1,-1.88,2502.275787353516,20.99755303592584,100.0,1,-1.98,2506.040557861328,20.878690805040428,100.0,1,-2.0,2506.460357666016,20.86543678565017,100.0,1,-2.03,2518.317169189453,20.49109070905959,100.0,1,-2.06,2533.303497314453,20.01793878916921,100.0,1,-2.16,2498.5252075195312,21.11596723547825,100.0,1,-2.2,2503.2513122558594,20.96675353143114,100.0,1,-2.25,2501.5897216796875,21.01921366473597,100.0,1,10
ZINC0000000053240,-0.45,2605.5704345703125,17.73630983896848,100.0,1,-0.58,2615.480224609375,17.423435588279208,100.0,1,-0.61,2620.345245361328,17.26983599471011,100.0,1,-0.63,2604.7026977539062,17.763706232349012,100.0,1,-0.64,2607.2642211914062,17.682833204467318,100.0,1,-1.9,2652.508209228516,16.25437924131511,100.0,1,-1.93,2652.801055908203,16.245133416215594,100.0,1,-1.96,2650.320831298828,16.323439658138025,100.0,1,-2.08,2654.9610595703125,16.17693726628662,100.0,1,-2.26,2655.4047241210938,16.162929783450366,100.0,1,10
ZINC0000000053550,-2.56,2559.520294189453,19.190215835866912,100.0,1,-2.6,2557.6863403320312,19.248117863728023,100.0,1,-2.65,2551.0086975097656,19.4589459928964,100.0,1,-2.67,2548.800842285156,19.528652923750347,100.0,1,-2.79,2552.851928710937,19.400751058529423,100.0,1,-2.95,2555.093078613281,19.329992940182404,100.0,1,-3.25,2559.2188720703125,19.199732406782697,100.0,1,-4.06,2529.5810546875,20.13546463412161,100.0,1,-4.28,2505.3658447265625,20.89999300878419,100.0,1,-4.69,2506.8558959960938,20.852948755313072,100.0,1,10
ZINC0000000054110,-0.81,2499.9549865722656,21.070825910787,100.0,1,-1.01,2513.3386840820312,20.64827262627604,100.0,1,-1.09,2499.4405822753906,21.08706680573045,100.0,1,-1.3,2508.435943603516,20.80306311603345,100.0,1,-1.58,2538.6290283203125,19.84979985621374,100.0,1,-1.72,2496.261749267578,21.187429678350885,100.0,1,-1.74,2498.7481994628906,21.108926880746893,100.0,1,-2.03,2540.3741760253906,19.79470163733966,100.0,1,-2.34,2520.8580017089844,20.410870939766628,100.0,1,-2.7,2553.7955322265625,19.37095938365688,100.0,1,10
ZINC0000000054370,-0.3,2531.4344482421875,20.076948851509737,100.0,1,-0.9,2551.9478454589844,19.429294990227326,100.0,1,-0.97,2554.2492065429688,19.35663587011693,100.0,1,-0.98,2551.038391113281,19.458008499376,100.0,1,-1.02,2558.2935180664062,19.22894790372595,100.0,1,-1.04,2562.195709228516,19.105746995222464,100.0,1,-1.75,2555.960266113281,19.302613889950244,100.0,1,-1.77,2557.8823852539062,19.2419282867752,100.0,1,-1.84,2560.8633728027344,19.14781183809393,100.0,1,-2.55,2555.442138671875,19.318972332899342,100.0,1,10
ZINC0000000054720,-2.43,2681.483703613281,15.339558033373304,100.0,1,-2.47,2666.507141113281,15.812401630625931,100.0,1,-2.65,2678.8194580078125,15.423674230000826,100.0,1,-2.71,2680.639373779297,15.366215415931478,100.0,1,-2.75,2676.475067138672,15.497691896733809,100.0,1,-2.76,2680.3922119140625,15.37401886919127,100.0,1,-2.77,2676.823974609375,15.486676106991965,100.0,1,-2.78,2681.087921142578,15.352053771776347,100.0,1,-2.79,2670.8165283203125,15.676344631636535,100.0,1,-2.92,2673.646697998047,15.586989840692006,100.0,1,10
ZINC0000000054750,-0.53,2541.336456298828,19.76432029542242,100.0,1,-0.64,2524.402648925781,20.29895849383775,100.0,1,-0.71,2533.157501220703,20.022548212603567,100.0,1,-0.85,2535.3232421875,19.95417092312492,100.0,1,-1.17,2537.2674865722656,19.89278677647372,100.0,1,-1.29,2538.2506408691406,19.86174639491829,100.0,1,-2.07,2558.3423461914062,19.2274062905372,100.0,1,-2.2,2585.3605346679688,18.37438161077458,100.0,1,-2.36,2587.3887939453125,18.310344925930497,100.0,1,-3.38,2615.520477294922,17.422164720906732,100.0,1,10
ZINC0000000055220,-2.67,2457.4743041992188,22.412036129555013,100.0,1,-2.68,2446.519836425781,22.75789319441754,100.0,1,-2.87,2450.43505859375,22.63428086789431,100.0,1,-2.91,2457.3006591796875,22.417518491457496,100.0,1,-3.01,2471.028625488281,21.984095870457622,100.0,1,-3.11,2441.9253540039062,22.902951287412737,100.0,1,-3.2,2469.9740600585938,22.0173908613016,100.0,1,-3.24,2474.1400756835938,21.885860424037663,100.0,1,-3.38,2472.92041015625,21.92436799447609,100.0,1,-3.59,2470.7328491210938,21.993434192348467,100.0,1,10
ZINC0000000055430,-0.62,2608.880340576172,17.631808698444505,100.0,1,-0.71,2636.0614013671875,16.77364177518917,100.0,1,-1.32,2609.0419006347656,17.626707885806237,100.0,1,-1.79,2608.4728393554688,17.644674424012845,100.0,1,-1.87,2614.6219787597656,17.450532330596175,100.0,1,-1.89,2608.6441345214844,17.63926625224507,100.0,1,-2.04,2606.275756835937,17.714041236457025,100.0,1,-2.05,2617.629180908203,17.355588228334188,100.0,1,-2.11,2614.7952575683594,17.445061530792604,100.0,1,-5.35,3167.3265991210938,0.000410454511504,0.0,1,10
ZINC0000000055790,-1.1,2576.7760620117188,18.64541262548828,100.0,1,-1.26,2592.2056274414062,18.158266711877044,100.0,1,-1.38,2566.682586669922,18.96408623229197,100.0,1,-1.41,2587.541381835937,18.30552738471566,100.0,1,-1.42,2569.972442626953,18.860218116683622,100.0,1,-1.43,2568.9191284179688,18.893473603689635,100.0,1,-1.51,2571.553466796875,18.810301645140225,100.0,1,-1.6,2571.8764038085938,18.800105800913144,100.0,1,-3.13,2609.279266357422,17.619213718692436,100.0,1,-3.88,2619.65625,17.291589120311578,100.0,1,10
ZINC0000000056260,-0.69,2625.5403747558594,17.105814132476834,100.0,1,-0.72,2611.653594970703,17.544250850373107,100.0,1,-0.74,2629.2545471191406,16.98854939825827,100.0,1,-1.23,2609.9072265625,17.5993876095769,100.0,1,-1.44,2610.781005859375,17.571800441564267,100.0,1,-1.54,2659.6512451171875,16.02885761144148,100.0,1,-1.75,2631.934326171875,16.90394277593508,100.0,1,-1.75,2642.4690856933594,16.57133683993808,100.0,1,-1.92,2622.278625488281,17.20879485699341,100.0,1,-2.0,2639.5104370117188,16.664748000585504,100.0,1,10
ZINC0000000056530,-1.41,2541.485656738281,19.75960970362255,100.0,1,-1.54,2511.3424072265625,20.711299554481496,100.0,1,-2.22,2543.3358154296875,19.701196052884423,100.0,1,-2.25,2540.919342041016,19.77748952608729,100.0,1,-3.1,2513.1046142578125,20.6556627344996,100.0,1,-3.11,2525.5162658691406,20.26379911454363,100.0,1,-3.15,2522.0386962890625,20.37359376935447,100.0,1,-3.25,2522.716766357422,20.352185579703985,100.0,1,-3.3,2506.7135620117188,20.857442557758272,100.0,1,-3.45,2500.690368652344,21.04760825265621,100.0,1,10
ZINC0000000056610,-0.79,2416.3872680664062,23.709245817391448,100.0,1,-0.8,2473.51513671875,21.905591145837143,100.0,1,-0.86,2467.49853515625,22.09554872295461,100.0,1,-0.88,2470.7080078125,21.99421848805824,100.0,1,-0.89,2469.2963256835938,22.038788452361416,100.0,1,-0.89,2444.4059448242188,22.82463348339139,100.0,1,-0.9,2475.5827026367188,21.84031346237612,100.0,1,-0.92,2458.6608276367188,22.37457492906845,100.0,1,-1.0,2458.748291015625,22.371813514444103,100.0,1,-1.09,2442.3357543945312,22.889994028561315,100.0,1,10
ZINC0000000056810,-0.79,2491.262634277344,21.345262927139583,100.0,1,-1.2,2517.9150390625,20.503786857177168,100.0,1,-1.66,2512.2594299316406,20.682347095288574,100.0,1,-1.79,2532.845489501953,20.032399120879663,100.0,1,-1.82,2517.855926513672,20.5056531726438,100.0,1,-1.88,2525.591735839844,20.26141635865877,100.0,1,-2.45,2532.7450256347656,20.03557099001551,100.0,1,-2.74,2581.7319946289062,18.48894274086338,100.0,1,-2.81,2537.7593383789062,19.877257914121817,100.0,1,-3.99,2604.013946533203,17.785451649884536,100.0,1,10
ZINC0000000057030,-0.58,2607.8892517089844,17.663099592143105,100.0,1,-0.61,2599.005828857422,17.94356913360491,100.0,1,-0.81,2663.408447265625,15.910234330600336,100.0,1,-0.88,2651.506134033203,16.286016997981182,100.0,1,-0.93,2668.9327392578125,15.735820068458416,100.0,1,-0.97,2608.6828002929688,17.63804548730123,100.0,1,-0.98,2660.01806640625,16.017276242361017,100.0,1,-1.6,2620.7489318847656,17.257090707672138,100.0,1,-1.73,2640.775909423828,16.624794204274384,100.0,1,-1.78,2620.700592041016,17.258616904729,100.0,1,10
ZINC0000000057180,-1.93,2537.4742736816406,19.88625804461937,100.0,1,-2.21,2555.190216064453,19.32692609344504,100.0,1,-2.28,2530.0289611816406,20.12132322363959,100.0,1,-2.3,2552.1635131835938,19.42248587747428,100.0,1,-2.31,2550.4215698242188,19.477482927982845,100.0,1,-2.32,2534.053009033203,19.99427502672194,100.0,1,-2.46,2547.8324584960938,19.55922696731618,100.0,1,-2.55,2540.98291015625,19.7754825384172,100.0,1,-2.56,2543.6677856445312,19.690715010217428,100.0,1,-2.89,2504.330352783203,20.93268580697631,100.0,1,10
ZINC0000000057190,-1.09,2387.1502075195312,24.632325254483725,100.0,1,-1.3,2407.5337524414062,23.98877112077514,100.0,1,-1.33,2435.1453857421875,23.117010059719785,100.0,1,-1.35,2420.1519775390625,23.59038551352253,100.0,1,-1.37,2454.0111694335938,22.52137504496693,100.0,1,-1.42,2427.9345703125,23.34467164140104,100.0,1,-1.47,2424.464172363281,23.45423987177478,100.0,1,-1.49,2436.3474731445312,23.079057470029305,100.0,1,-1.53,2422.7647705078125,23.50789379179265,100.0,1,-1.8,2436.5015869140625,23.07419175340232,100.0,1,10
ZINC0000000057950,-0.64,2620.038299560547,17.279526960617872,100.0,1,-0.64,2617.89892578125,17.347071778974602,100.0,1,-0.65,2611.184539794922,17.559059972067512,100.0,1,-0.78,2611.7472534179688,17.54129384357544,100.0,1,-0.89,2614.258056640625,17.462022166393556,100.0,1,-1.29,2648.751953125,16.372972653400726,100.0,1,-1.35,2653.546203613281,16.221607435447066,100.0,1,-1.45,2652.7396850585938,16.247071031292204,100.0,1,-1.62,2650.1636352539062,16.328402689097548,100.0,1,-1.64,2652.0799255371094,16.26790111599691,100.0,1,10
ZINC0000000058100,-1.18,2494.8930053710938,21.23064398655621,100.0,1,-1.29,2472.0603637695312,21.951521583779392,100.0,1,-1.3,2478.401672363281,21.75131227895676,100.0,1,-1.32,2473.3690490722656,21.910203459796232,100.0,1,-1.45,2474.604705810547,21.87119101103849,100.0,1,-2.19,2492.2772216796875,21.313230132093896,100.0,1,-2.31,2484.165405273437,21.56933833114052,100.0,1,-2.39,2483.6142578125,21.586739290008506,100.0,1,-2.44,2493.843994140625,21.26376361889996,100.0,1,-3.81,3167.3169860839844,0.0007139596080386,0.0,1,10
ZINC0000000058230,-0.95,2419.645446777344,23.6063778233393,100.0,1,-1.61,2399.0399169921875,24.256940516007223,100.0,1,-1.73,2418.68701171875,23.636637763217927,100.0,1,-1.73,2398.202087402344,24.283392671309645,100.0,1,-1.74,2383.449279785156,24.74917182612484,100.0,1,-1.75,2378.7977294921875,24.896031679534385,100.0,1,-1.78,2394.7813720703125,24.39139231026384,100.0,1,-1.89,2402.5349731445312,24.14659377097317,100.0,1,-2.87,2498.9510803222656,21.102521477947647,100.0,1,-2.98,2440.984680175781,22.93265046549396,100.0,1,10
ZINC0000000058240,-0.69,2506.5675659179688,20.86205198119263,100.0,1,-0.71,2501.100372314453,21.03466351941196,100.0,1,-0.73,2515.1151123046875,20.592186811452923,100.0,1,-0.73,2495.214111328125,21.220505952823707,100.0,1,-1.31,2531.3231506347656,20.08046276607184,100.0,1,-1.48,2555.842071533203,19.30634555737526,100.0,1,-1.58,2567.045837402344,18.95261759367593,100.0,1,-1.63,2544.8602600097656,19.653065925623483,100.0,1,-1.64,2480.9617919921875,21.67048357245424,100.0,1,-2.99,2555.1157836914062,19.329276090049635,100.0,1,10
ZINC0000000058620,-1.03,2464.633209228516,22.186013475395043,100.0,1,-1.19,2452.3074645996094,22.57516481964706,100.0,1,-1.23,2465.3828125,22.16234682242304,100.0,1,-1.3,2451.738220214844,22.593137138903124,100.0,1,-1.37,2448.052062988281,22.709517372554643,100.0,1,-1.45,2450.0040893554688,22.64788753130149,100.0,1,-2.9,2470.517517089844,22.000232706510843,100.0,1,-3.19,2489.5366821289062,21.39975509932884,100.0,1,-3.35,2481.9765625,21.63844499635909,100.0,1,-3.36,2493.411590576172,21.277415567194563,100.0,1,10
ZINC0000000058850,0.47,2654.321014404297,16.197144924666375,100.0,1,0.41,2644.4295043945312,16.509442033918113,100.0,1,0.25,2638.552795410156,16.694982889249815,100.0,1,-0.14,2650.3502197265625,16.32251179970005,100.0,1,-0.26,2654.6459350585938,16.186886452403503,100.0,1,-0.3,2651.5476684570312,16.284705663262503,100.0,1,-0.3,2654.852264404297,16.180372173172803,100.0,1,-0.33,2645.047088623047,16.489943517605184,100.0,1,-0.39,2650.637084960937,16.313454822216155,100.0,1,-0.56,2664.360290527344,15.88018250850219,100.0,1,10
ZINC0000000058950,-0.54,2572.6785278320312,18.774780950255,100.0,1,-0.97,2541.0860900878906,19.77222491704772,100.0,1,-1.04,2501.4149475097656,21.024731676443448,100.0,1,-1.1,2539.347961425781,19.82710152902592,100.0,1,-1.19,2550.637451171875,19.470667070672096,100.0,1,-1.39,2513.504638671875,20.643033068450787,100.0,1,-1.41,2534.167297363281,19.990666688352025,100.0,1,-1.73,2528.460357666016,20.1708475473281,100.0,1,-1.79,2502.4918518066406,20.990731397565625,100.0,1,-2.45,2524.85986328125,20.28452321334161,100.0,1,10
ZINC0000000059090,-0.91,2560.2301025390625,19.16780559764373,100.0,1,-0.95,2562.1134338378906,19.108344613445503,100.0,1,-1.0,2559.198974609375,19.20036061415712,100.0,1,-1.07,2557.5731506347656,19.251691515801188,100.0,1,-1.07,2552.888641357422,19.39959195811313,100.0,1,-1.11,2555.752716064453,19.309166709510663,100.0,1,-1.13,2557.2896423339844,19.26064250737836,100.0,1,-1.29,2579.8932189941406,18.54699700302688,100.0,1,-1.36,2558.7920837402344,19.2132070695606,100.0,1,-1.55,2553.096710205078,19.393022758912583,100.0,1,10
ZINC0000000059140,-1.08,2689.8199462890625,15.076364194707905,100.0,1,-1.14,2678.6099548339844,15.430288714088794,100.0,1,-1.17,2682.853546142578,15.296309038871236,100.0,1,-1.18,2688.287384033203,15.124750615161473,100.0,1,-1.19,2670.1264038085938,15.698133407043,100.0,1,-1.21,2691.2068481445312,15.032576599098018,100.0,1,-1.23,2675.8831481933594,15.5163801026144,100.0,1,-1.24,2669.241668701172,15.72606647451486,100.0,1,-1.24,2687.0258178710938,15.164581082417495,100.0,1,-1.25,2675.737335205078,15.520983744999295,100.0,1,10
ZINC0000000059360,-0.76,2440.2655029296875,22.95535650074772,100.0,1,-0.9,2457.308532714844,22.41726990633081,100.0,1,-1.04,2444.160522460937,22.832382016681336,100.0,1,-1.09,2445.944702148437,22.7760514707645,100.0,1,-1.48,2464.773681640625,22.181578446952667,100.0,1,-1.69,2464.7096557617188,22.18359988724641,100.0,1,-1.95,2466.631866455078,22.12291139354664,100.0,1,-2.27,2458.171142578125,22.390035382335103,100.0,1,-2.42,2469.8771362304688,22.020450963481263,100.0,1,-2.52,2454.330383300781,22.51129674874549,100.0,1,10
ZINC0000000059780,-0.7,2391.1998901367188,24.50446771064198,100.0,1,-1.1,2423.1251831054688,23.496514759443208,100.0,1,-1.12,2408.250305175781,23.966147947230272,100.0,1,-1.14,2420.332275390625,23.58469310682308,100.0,1,-1.23,2390.5299072265625,24.52562057060808,100.0,1,-1.23,2414.197631835937,23.778377533824344,100.0,1,-1.31,2408.0036010742188,23.97393694786642,100.0,1,-1.76,2415.9415893554688,23.72331689177173,100.0,1,-1.89,2418.9013671875,23.629870081319325,100.0,1,-2.15,2403.054626464844,24.13018715261192,100.0,1,10
ZINC0000000059870,-1.14,2589.0245666503906,18.258699920599213,100.0,1,-1.24,2590.811248779297,18.20229036700646,100.0,1,-1.36,2607.2515563964844,17.683233060388147,100.0,1,-1.37,2581.251953125,18.504098725525253,100.0,1,-1.43,2581.8941955566406,18.48382169455201,100.0,1,-1.45,2588.587219238281,18.272507957229177,100.0,1,-1.49,2578.5196228027344,18.59036450904284,100.0,1,-1.5,2588.9328002929688,18.261597189885816,100.0,1,-1.6,2580.5340576171875,18.52676429343281,100.0,1,-1.68,2578.159393310547,18.60173776034281,100.0,1,10
ZINC0000000059930,-1.28,2502.1324462890625,21.002078634143047,100.0,1,-1.53,2521.3291931152344,20.395994372495217,100.0,1,-1.61,2506.1387634277344,20.87559023551456,100.0,1,-1.67,2512.1041259765625,20.687250388737034,100.0,1,-1.67,2516.619537353516,20.54468874559937,100.0,1,-1.71,2509.947570800781,20.75533766223456,100.0,1,-1.75,2527.9791564941406,20.18604014530321,100.0,1,-1.81,2492.7265625,21.29904343672445,100.0,1,-1.92,2494.8598022460938,21.23169228352456,100.0,1,-1.98,2503.338897705078,20.963988262773825,100.0,1,10
ZINC0000000060040,-0.96,2702.0240173339844,14.6910543578206,100.0,1,-1.04,2703.0750122070312,14.657872097441052,100.0,1,-1.17,2709.2994079589844,14.461353992697225,100.0,1,-1.24,2694.1537475585938,14.939536389124134,100.0,1,-1.43,2678.5006713867188,15.43373903710686,100.0,1,-1.52,2690.773162841797,15.046269014738826,100.0,1,-1.58,2673.1265258789062,15.603412838693382,100.0,1,-1.74,2681.8697814941406,15.327368690591529,100.0,1,-1.91,2678.570037841797,15.431548982870597,100.0,1,-2.1,2680.0215759277344,15.385720676802103,100.0,1,10
ZINC0000000060160,-2.13,2526.008544921875,20.24825676307633,100.0,1,-2.15,2515.2279663085938,20.588623757970428,100.0,1,-2.42,2535.443725585937,19.95036699258168,100.0,1,-3.76,2541.3951721191406,19.76246650556295,100.0,1,-3.85,2543.291381835937,19.70259892088618,100.0,1,-3.99,2548.431121826172,19.540325826113893,100.0,1,-4.09,2547.9908142089844,19.554227323043424,100.0,1,-4.28,2556.628936767578,19.281502460838592,100.0,1,-4.28,2568.6139526367188,18.903108686119307,100.0,1,-4.44,2563.801300048828,19.055054899543475,100.0,1,10
ZINC0000000060470,-2.65,2431.195678710937,23.241711150557567,100.0,1,-2.66,2457.339904785156,22.41627941985704,100.0,1,-2.72,2445.4998779296875,22.79009556691399,100.0,1,-2.73,2458.4732055664062,22.380498577746213,100.0,1,-2.91,2457.62890625,22.40715499679614,100.0,1,-2.94,2459.012451171875,22.363473387092984,100.0,1,-3.04,2465.457946777344,22.159974665128857,100.0,1,-3.1,2440.9713134765625,22.93307248210437,100.0,1,-3.25,2476.8334350585938,21.80082504054636,100.0,1,-3.32,2461.136047363281,22.296426702497868,100.0,1,10
ZINC0000000060790,-1.27,2463.1390991210938,22.233185875462475,100.0,1,-1.33,2460.5392456054688,22.315269069697337,100.0,1,-1.53,2467.777587890625,22.08673840358092,100.0,1,-1.94,2483.111541748047,21.602611161294902,100.0,1,-1.96,2476.1114501953125,21.823619718558472,100.0,1,-2.0,2472.6775512695312,21.932035593073625,100.0,1,-2.09,2462.702392578125,22.246973678419334,100.0,1,-2.18,2471.1520385742188,21.98019944312307,100.0,1,-2.28,2469.1212768554688,22.044315135643075,100.0,1,-2.29,2479.618194580078,21.71290394986736,100.0,1,10
ZINC0000000060940,-0.59,2473.0620727539062,21.91989538921224,100.0,1,-0.65,2466.9060668945312,22.114254271983576,100.0,1,-0.77,2437.8070678710938,23.03297479778467,100.0,1,-0.85,2450.264404296875,22.639668805988983,100.0,1,-1.86,2463.5845336914062,22.219122509148125,100.0,1,-2.13,2456.3638916015625,22.447094340483616,100.0,1,-2.29,2477.718170166016,21.772891973074493,100.0,1,-2.48,2461.950256347656,22.2707203025755,100.0,1,-2.74,2464.691162109375,22.18418377324165,100.0,1,-3.29,2468.997314453125,22.04822890612601,100.0,1,10
ZINC0000000061260,-0.35,2463.802490234375,22.21224113327685,100.0,1,-0.91,2493.857940673828,21.26332329563293,100.0,1,-0.95,2500.5928649902344,21.0506866614925,100.0,1,-0.95,2486.5104370117188,21.49530043073443,100.0,1,-1.0,2483.5074768066406,21.590110605350645,100.0,1,-1.01,2489.5936584472656,21.397956229439217,100.0,1,-1.12,2488.9158325195312,21.41935671102376,100.0,1,-1.15,2504.959747314453,20.91281441297336,100.0,1,-1.22,2483.65673828125,21.58539808653429,100.0,1,-1.32,2487.478912353516,21.46472349664387,100.0,1,10
ZINC0000000061380,-0.84,2530.568420410156,20.10429128842866,100.0,1,-1.38,2530.214813232422,20.11545545843992,100.0,1,-1.92,2539.3062744140625,19.82841768128581,100.0,1,-2.62,2535.621490478516,19.9447545570664,100.0,1,-2.64,2543.029754638672,19.71085907705314,100.0,1,-2.76,2552.7315673828125,19.40455113503969,100.0,1,-3.14,2523.8842163085938,20.315326571869274,100.0,1,-3.29,2532.3653564453125,20.047557996066264,100.0,1,-3.53,2525.429168701172,20.266548967069063,100.0,1,-3.78,2539.930419921875,19.80871201070065,100.0,1,10
ZINC0000000061490,-1.29,2510.610382080078,20.73441122670555,100.0,1,-1.39,2511.4908447265625,20.706613050387705,100.0,1,-1.44,2531.6713256835938,20.069470100527827,100.0,1,-1.51,2516.5621337890625,20.54650110460439,100.0,1,-1.54,2513.792388916016,20.633948149227848,100.0,1,-2.22,2490.4546813964844,21.370771807872146,100.0,1,-2.25,2566.4070434570312,18.97278574821772,100.0,1,-2.28,2511.564758300781,20.70427943342324,100.0,1,-2.33,2502.7108459472656,20.98381726241409,100.0,1,-2.52,2514.8182373046875,20.601559819640507,100.0,1,10
ZINC0000000061690,-0.67,2517.6922912597656,20.510819503842587,100.0,1,-1.27,2530.841094970703,20.095682342277748,100.0,1,-1.31,2535.275115966797,19.95569037562408,100.0,1,-1.35,2527.2506408691406,20.20904101407932,100.0,1,-1.43,2523.1613159179688,20.33815015512868,100.0,1,-1.53,2532.4195556640625,20.04584680542676,100.0,1,-1.55,2535.1505126953125,19.95962437978011,100.0,1,-1.89,2541.926788330078,19.745682191970463,100.0,1,-1.93,2539.341552734375,19.82730386575694,100.0,1,-1.94,2532.740539550781,20.03571262572723,100.0,1,10
ZINC0000000062010,-1.16,2444.482788085937,22.8222073696356,100.0,1,-1.21,2436.264129638672,23.08168881104085,100.0,1,-1.33,2436.6402587890625,23.06981357194628,100.0,1,-1.34,2448.990478515625,22.679889494083405,100.0,1,-1.51,2427.601867675781,23.35517580826587,100.0,1,-1.53,2458.1375732421875,22.391095241402365,100.0,1,-1.82,2472.5690307617188,21.935461828385616,100.0,1,-2.01,2455.0810546875,22.487596372984985,100.0,1,-2.26,2487.8072814941406,21.454356147949543,100.0,1,-2.67,2469.2742919921875,22.03948410531284,100.0,1,10
ZINC0000000062130,-0.45,2673.1494140625,15.602690207511156,100.0,1,-0.53,2635.562713623047,16.789386463387494,100.0,1,-0.53,2683.535614013672,15.27477462964092,100.0,1,-0.54,2623.863677978516,17.158751202361934,100.0,1,-0.55,2691.2108459472656,15.032450379518188,100.0,1,-0.55,2684.8983154296875,15.231751096067708,100.0,1,-0.61,2643.766357421875,16.53037906803779,100.0,1,-0.62,2620.7088928222656,17.258354830486912,100.0,1,-0.7,2612.054901123047,17.531580716978088,100.0,1,-0.72,2657.0116271972656,16.11219625691693,100.0,1,10
ZINC0000000062270,-1.11,2507.8419189453125,20.821817803982803,100.0,1,-1.17,2504.25,20.93522272418004,100.0,1,-1.21,2504.3116760253906,20.93327547402101,100.0,1,-1.23,2504.7222900390625,20.92031147061188,100.0,1,-1.23,2505.2002868652344,20.905220041002288,100.0,1,-1.39,2500.393035888672,21.056995713467447,100.0,1,-1.42,2495.62060546875,21.207672023027385,100.0,1,-1.48,2505.7794494628906,20.886934581567253,100.0,1,-1.58,2502.9029235839844,20.97775294153285,100.0,1,-2.69,2517.7732543945312,20.508263316474,100.0,1,10
ZINC0000000062510,-2.62,2508.3190307617188,20.80675431611225,100.0,1,-2.75,2499.444091796875,21.08695600228252,100.0,1,-2.9,2512.354431152344,20.67934769412821,100.0,1,-2.98,2511.7576904296875,20.6981881343112,100.0,1,-3.11,2514.7186584472656,20.60470374703731,100.0,1,-3.11,2504.3219299316406,20.93295173525137,100.0,1,-3.15,2502.464111328125,20.99160722655848,100.0,1,-3.31,2516.39697265625,20.55171561121533,100.0,1,-3.42,2519.8384399414062,20.44306078665592,100.0,1,-3.56,2517.740753173828,20.50928945275276,100.0,1,10
ZINC0000000062580,-1.06,2621.2213439941406,17.242175600071008,100.0,1,-1.06,2615.605224609375,17.419489058516014,100.0,1,-1.07,2621.3660888671875,17.237605680474612,100.0,1,-1.09,2596.143035888672,18.033953914861176,100.0,1,-1.15,2622.738006591797,17.194291167412025,100.0,1,-1.16,2613.1713256835938,17.496332694925616,100.0,1,-1.17,2627.970245361328,17.0290976791553,100.0,1,-1.27,2608.7957763671875,17.634478579785767,100.0,1,-1.29,2610.196228027344,17.590263186516005,100.0,1,-2.18,2663.638092041016,15.902983931072006,100.0,1,10
ZINC0000000062690,-0.86,2419.7225341796875,23.60394400151756,100.0,1,-0.89,2423.250061035156,23.492572083712982,100.0,1,-0.98,2434.1693725585938,23.14782498034636,100.0,1,-1.58,2451.4692993164062,22.60162757354016,100.0,1,-1.62,2448.038818359375,22.709935535132093,100.0,1,-1.89,2440.2377319335938,22.956233293248825,100.0,1,-1.93,2441.1375122070312,22.927825216213176,100.0,1,-2.19,2451.1080322265625,22.6130335841204,100.0,1,-2.29,2437.709228515625,23.036063805211622,100.0,1,-2.73,2457.566467285156,22.40912633466125,100.0,1,10
ZINC0000000063090,-0.46,2399.522521972656,24.24170359665294,100.0,1,-0.78,2433.5099487304688,23.1686444664604,100.0,1,-0.78,2435.725952148437,23.098680278905576,100.0,1,-0.79,2428.2321166992188,23.335277436032108,100.0,1,-0.84,2425.9359741210938,23.40777179623296,100.0,1,-0.85,2438.755859375,23.00301932651082,100.0,1,-0.87,2428.957092285156,23.31238833421218,100.0,1,-2.1,2414.29833984375,23.775197956622552,100.0,1,-2.11,2415.3614501953125,23.741633183470544,100.0,1,-2.19,2420.12841796875,23.5911293418861,100.0,1,10
ZINC0000000063210,-0.96,2437.198181152344,23.05219871424835,100.0,1,-1.0,2440.0513916015625,22.96211647458038,100.0,1,-1.45,2446.881225585937,22.746483329804324,100.0,1,-1.58,2446.4013671875,22.76163353341673,100.0,1,-1.7,2453.6627197265625,22.53237638208513,100.0,1,-1.78,2428.5680541992188,23.324671137293524,100.0,1,-1.85,2454.7633056640625,22.497628420810763,100.0,1,-1.87,2453.9255981445312,22.52407672208021,100.0,1,-2.47,2459.44384765625,22.3498532345704,100.0,1,-3.7,2520.431701660156,20.42433018641264,100.0,1,10
ZINC0000000063280,-0.83,2569.047576904297,18.889418197494987,100.0,1,-0.99,2578.1217346191406,18.60292672951464,100.0,1,-1.07,2577.5099487304688,18.6222421792614,100.0,1,-1.08,2579.669158935547,18.55407108054675,100.0,1,-1.31,2578.3452758789062,18.595869031634905,100.0,1,-1.55,2577.7465209960938,18.61477306336192,100.0,1,-1.62,2574.302124023437,18.723520384712657,100.0,1,-1.64,2553.365509033203,19.38453617830853,100.0,1,-1.77,2580.732360839844,18.52050341687001,100.0,1,-1.88,2570.035217285156,18.85823618022784,100.0,1,10
ZINC0000000063310,-0.67,2536.327880859375,19.922452231766435,100.0,1,-0.69,2544.6016845703125,19.661229730966145,100.0,1,-0.72,2526.317840576172,20.238491607033858,100.0,1,-0.72,2527.8262634277344,20.190867321600475,100.0,1,-0.83,2515.272674560547,20.587212218394484,100.0,1,-0.93,2519.083312988281,20.4669018346199,100.0,1,-0.97,2514.0465393066406,20.62592405258042,100.0,1,-1.03,2508.375518798828,20.804970862354523,100.0,1,-1.03,2517.7173461914062,20.51002846357511,100.0,1,-1.3,2521.7897338867188,20.3814540696006,100.0,1,10
ZINC0000000063440,-1.63,2552.3125915527344,19.417779139707385,100.0,1,-1.7,2525.002868652344,20.28000821371507,100.0,1,-1.76,2523.68896484375,20.321491097607776,100.0,1,-1.98,2571.1109008789062,18.824274441679734,100.0,1,-2.06,2564.5711364746094,19.030749440606385,100.0,1,-2.14,2561.610595703125,19.124220338764875,100.0,1,-2.18,2568.2667846679688,18.914069555891302,100.0,1,-2.3,2585.4268798828125,18.37228694385437,100.0,1,-2.31,2571.85009765625,18.80093634501858,100.0,1,-2.38,2566.747833251953,18.962026251668508,100.0,1,10
ZINC0000000063630,-1.95,2600.050720214844,17.910579574873957,100.0,1,-3.12,2612.977996826172,17.502436519644814,100.0,1,-3.16,2605.966857910156,17.723793866892336,100.0,1,-3.38,2606.9786071777344,17.691850678113248,100.0,1,-3.43,2613.638702392578,17.481576566184575,100.0,1,-3.56,2580.5750122070312,18.52547126537075,100.0,1,-3.57,2611.89111328125,17.53675186571809,100.0,1,-3.63,2618.9832458496094,17.312837367593733,100.0,1,-3.68,2584.018341064453,18.41675766680852,100.0,1,-3.83,2585.126373291016,18.381774609522868,100.0,1,10
ZINC0000000063870,-1.71,2553.0592041015625,19.3942069105432,100.0,1,-1.76,2550.10693359375,19.48741669796784,100.0,1,-1.83,2548.5869140625,19.535407116533545,100.0,1,-1.83,2543.266082763672,19.703397669219605,100.0,1,-1.84,2549.9354553222656,19.49283065078507,100.0,1,-1.86,2545.304656982422,19.6390353185894,100.0,1,-1.88,2547.9225463867188,19.556382690982943,100.0,1,-1.92,2548.395568847656,19.54144831321696,100.0,1,-2.17,2571.273742675781,18.81913316169526,100.0,1,-2.57,2565.2674255371094,19.008766036534844,100.0,1,10
ZINC0000000063980,-1.9,2621.5899658203125,17.230537384004204,100.0,1,-2.05,2636.436553955078,16.761797368358376,100.0,1,-2.06,2639.322967529297,16.670666831722052,100.0,1,-2.14,2639.5113220214844,16.66472005884646,100.0,1,-2.14,2639.839233398437,16.654367162775777,100.0,1,-2.19,2632.106842041016,16.898496063837584,100.0,1,-2.28,2622.749755859375,17.19392021673848,100.0,1,-2.31,2629.5827026367188,16.978188794121643,100.0,1,-2.34,2630.474151611328,16.95004375483633,100.0,1,-2.5,2637.5965576171875,16.725173456534947,100.0,1,10
ZINC0000000064280,-1.73,2602.8863220214844,17.821053279462173,100.0,1,-1.75,2612.086181640625,17.530593121029046,100.0,1,-1.77,2604.348571777344,17.7748867820004,100.0,1,-1.78,2606.25732421875,17.714623195435777,100.0,1,-1.8,2607.6007080078125,17.672209562580363,100.0,1,-1.81,2613.6511840820312,17.481182491313202,100.0,1,-1.81,2608.6171875,17.64011703002361,100.0,1,-1.82,2614.0613403320312,17.468232940527724,100.0,1,-1.83,2608.6674194335938,17.638531095455686,100.0,1,-1.85,2611.2233276367188,17.557835353090702,100.0,1,10
ZINC0000000064710,-1.43,2557.132232666016,19.26561228289557,100.0,1,-1.5,2551.949432373047,19.429244887798696,100.0,1,-1.6,2556.6212463378906,19.28174526491582,100.0,1,-1.61,2546.66796875,19.595992514851325,100.0,1,-1.83,2575.7952575683594,18.676378816909,100.0,1,-2.22,2557.5094604492188,19.25370235750426,100.0,1,-2.3,2552.332946777344,19.417136479709328,100.0,1,-2.37,2537.0886840820312,19.89843197126926,100.0,1,-2.44,2552.6163330078125,19.408189342165134,100.0,1,-2.72,2548.297882080078,19.544532503102687,100.0,1,10
ZINC0000000064730,-0.69,2608.0953369140625,17.65659302097835,100.0,1,-1.33,2623.9727478027344,17.15530762390157,100.0,1,-1.39,2634.299072265625,16.82928244920404,100.0,1,-2.38,2627.999786376953,17.028165003176106,100.0,1,-2.39,2621.311248779297,17.239337104787225,100.0,1,-2.62,2635.957763671875,16.776913849182286,100.0,1,-2.69,2630.9856872558594,16.933893429667712,100.0,1,-2.75,2628.873260498047,17.0005874702459,100.0,1,-2.78,2628.9828491210938,16.997127512145408,100.0,1,-2.82,2625.1451416015625,17.1182925277315,100.0,1,10
ZINC0000000064860,-1.89,2578.347076416016,18.59581218464857,100.0,1,-1.92,2586.6561279296875,18.333476831827653,100.0,1,-2.05,2582.2030334472656,18.474070991133186,100.0,1,-2.06,2584.8170471191406,18.391540729073583,100.0,1,-2.06,2592.765167236328,18.14060078824224,100.0,1,-2.07,2589.7211303710938,18.23670784495349,100.0,1,-2.11,2584.769836425781,18.39303127632545,100.0,1,-2.14,2589.799346923828,18.23423837332676,100.0,1,-2.28,2591.282165527344,18.18742247130923,100.0,1,-2.35,2588.2369079589844,18.2835680683502,100.0,1,10
ZINC0000000065140,-0.44,2531.220428466797,20.083705934817665,100.0,1,-0.49,2546.131378173828,19.61293388028741,100.0,1,-0.73,2549.931365966797,19.492959760889622,100.0,1,-0.92,2538.2960510253906,19.860312694652755,100.0,1,-1.35,2550.6996459960938,19.46870344087293,100.0,1,-1.73,2563.0924682617188,19.07743430550288,100.0,1,-2.03,2566.1079711914062,18.9822281289988,100.0,1,-2.04,2562.4684448242188,19.097136122055065,100.0,1,-2.05,2562.0554809570312,19.1101743155989,100.0,1,-2.13,2563.4900512695312,19.064881720113497,100.0,1,10
ZINC0000000066860,-0.68,2478.629180908203,21.74412932500544,100.0,1,-1.77,2491.472412109375,21.33863977147743,100.0,1,-1.8,2512.113983154297,20.686939175574555,100.0,1,-1.88,2481.05810546875,21.66744274043944,100.0,1,-1.89,2484.667755126953,21.55347802195304,100.0,1,-1.93,2493.282470703125,21.281492170570555,100.0,1,-1.94,2499.9183044433594,21.071984047695043,100.0,1,-2.02,2505.4407653808594,20.897627596047705,100.0,1,-2.17,2493.482391357422,21.27518022807088,100.0,1,-2.34,2526.2869262695312,20.239467640883984,100.0,1,10
ZINC0000000067370,0.02,2632.9344482421875,16.872366683796557,100.0,1,-0.13,2623.5411682128906,17.168933557473615,100.0,1,-0.13,2627.095489501953,17.05671567943171,100.0,1,-0.15,2628.4699096679688,17.0133221586932,100.0,1,-0.19,2627.740692138672,17.0363451881589,100.0,1,-0.49,2666.932556152344,15.798970325718972,100.0,1,-0.59,2655.9879760742188,16.144515213910775,100.0,1,-0.61,2665.7374572753906,15.83670227202181,100.0,1,-0.63,2636.009307861328,16.775286483759913,100.0,1,-0.67,2634.993865966797,16.807346257036404,100.0,1,10
ZINC0000000067680,-0.71,2468.8744506835938,22.052107990312194,100.0,1,-1.73,2495.4428100585938,21.213285422050912,100.0,1,-1.85,2489.836395263672,21.390292484874653,100.0,1,-2.08,2483.4099731445312,21.59318901418693,100.0,1,-2.11,2499.171417236328,21.095564948433424,100.0,1,-2.17,2498.8634033203125,21.10528963712969,100.0,1,-2.19,2487.310760498047,21.47003242706262,100.0,1,-2.25,2498.6038513183594,21.113484274736127,100.0,1,-3.41,2505.3082580566406,20.901811148838668,100.0,1,-3.51,2521.8426818847656,20.37978238279905,100.0,1,10
ZINC0000000067870,-0.77,2589.291778564453,18.25026344242379,100.0,1,-0.84,2590.4826049804688,18.21266638727497,100.0,1,-0.94,2582.702606201172,18.45829836119581,100.0,1,-0.95,2586.8543701171875,18.32721788228134,100.0,1,-0.96,2582.943359375,18.45069724466704,100.0,1,-0.98,2585.3095703125,18.375990669540336,100.0,1,-1.07,2587.9080200195312,18.29395179668465,100.0,1,-1.76,2636.007049560547,16.77535778336989,100.0,1,-1.99,2643.206817626953,16.54804499167259,100.0,1,-2.0,2641.7652893066406,16.59355726703739,100.0,1,10
ZINC0000000068150,-0.62,2451.7137145996094,22.59391083602223,100.0,1,-0.66,2451.350646972656,22.60537369358881,100.0,1,-0.68,2458.9605407714844,22.36511231461427,100.0,1,-0.7,2448.437866210937,22.69733670134705,100.0,1,-0.71,2437.980773925781,23.027490508865704,100.0,1,-0.72,2448.6043395996094,22.692080763881663,100.0,1,-0.8,2457.252014160156,22.41905432359679,100.0,1,-0.95,2448.001342773437,22.71111872325445,100.0,1,-1.18,2441.2650756835938,22.923797751757576,100.0,1,-1.48,2437.587829589844,23.039896641002148,100.0,1,10
ZINC0000000068460,-0.72,2483.7175903320312,21.583476851097817,100.0,1,-0.75,2519.884796142578,20.44159721763485,100.0,1,-0.8,2526.104888916016,20.24521496755328,100.0,1,-0.8,2511.373321533203,20.71032352063137,100.0,1,-0.87,2517.3700256347656,20.52099415088832,100.0,1,-1.09,2521.4500427246094,20.392178879853063,100.0,1,-1.25,2507.0855102539062,20.845699319292983,100.0,1,-1.45,2507.448303222656,20.834245133300595,100.0,1,-1.49,2501.428771972656,21.024295207209384,100.0,1,-1.6,2523.952545166016,20.31316927691327,100.0,1,10
ZINC0000000068470,-1.72,2467.4393005371094,22.09741889245421,100.0,1,-1.78,2478.5972595214844,21.74513715462758,100.0,1,-1.79,2485.705535888672,21.52071296064269,100.0,1,-1.85,2482.2019958496094,21.6313275609683,100.0,1,-1.89,2455.379364013672,22.478178079909984,100.0,1,-1.92,2470.803955078125,21.99118921814236,100.0,1,-1.97,2476.792022705078,21.80213252123206,100.0,1,-1.99,2466.4705810546875,22.12800353461072,100.0,1,-2.03,2461.8494262695312,22.27390373381027,100.0,1,-2.05,2489.8720703125,21.389166143738624,100.0,1,10
ZINC0000000068490,-0.84,2399.580078125,24.239886420106707,100.0,1,-1.14,2438.4105834960938,23.01392045877176,100.0,1,-1.35,2438.154052734375,23.02201970906213,100.0,1,-1.42,2397.3746948242188,24.30951530679297,100.0,1,-1.58,2414.8707275390625,23.75712639601746,100.0,1,-1.76,2436.948608398437,23.060078284659337,100.0,1,-1.77,2416.5844116210938,23.70302155414188,100.0,1,-1.95,2410.3998413085938,23.898282280628635,100.0,1,-2.51,2420.8403930664062,23.56865069457768,100.0,1,-2.7,2459.296875,22.354493490268528,100.0,1,10
ZINC0000000069890,-2.15,2593.3414611816406,18.12240589858205,100.0,1,-2.18,2572.3347778320312,18.785633907103776,100.0,1,-2.19,2574.9849243164062,18.701962851284502,100.0,1,-2.28,2603.7859802246094,17.792649056459503,100.0,1,-2.28,2599.9956665039062,17.912317743744268,100.0,1,-2.38,2605.721466064453,17.731541436674036,100.0,1,-2.62,2599.591522216797,17.925077483405882,100.0,1,-2.74,2608.0223388671875,17.65889773269553,100.0,1,-2.76,2623.457305908203,17.171581278125288,100.0,1,-3.09,2607.5037841796875,17.675269664760023,100.0,1,10
ZINC0000000070030,-0.79,2555.6422119140625,19.31265557285845,100.0,1,-0.85,2557.7672729492188,19.245562639867675,100.0,1,-0.88,2555.4322509765625,19.319284509570064,100.0,1,-0.88,2557.637664794922,19.249654659375555,100.0,1,-0.91,2558.7677612304688,19.21397498563024,100.0,1,-0.95,2560.2638244628906,19.16674092103526,100.0,1,-1.02,2549.8929138183594,19.49417378127577,100.0,1,-1.62,2579.0184631347656,18.57461500330329,100.0,1,-2.27,2588.177734375,18.28543631083331,100.0,1,-2.38,2588.2493591308594,18.283174956987065,100.0,1,10
ZINC0000000071180,0.05,2697.0700073242188,14.847463541426192,100.0,1,0.02,2649.4955444335938,16.349495811552586,100.0,1,0.01,2630.575408935547,16.946846834486166,100.0,1,-0.07,2645.971069335937,16.46077137853287,100.0,1,-0.13,2638.486572265625,16.697073702137054,100.0,1,-0.13,2629.413146972656,16.98354204591957,100.0,1,-0.14,2645.1581115722656,16.486438274617267,100.0,1,-0.14,2643.2032470703125,16.54815772213702,100.0,1,-0.15,2643.4307556152344,16.5409747681857,100.0,1,-0.17,2641.067901611328,16.615575357405675,100.0,1,10
ZINC0000000071310,-0.34,2459.3819274902344,22.35180819279537,100.0,1,-0.39,2462.4019470214844,22.256459417071348,100.0,1,-0.46,2470.522521972656,22.000074691159,100.0,1,-0.74,2513.4695739746094,20.64414013942196,100.0,1,-0.9,2501.4911193847656,21.022326759869003,100.0,1,-1.01,2508.5259704589844,20.80022076671669,100.0,1,-1.07,2513.692901611328,20.63708918609992,100.0,1,-1.11,2507.881103515625,20.82058065939884,100.0,1,-1.29,2478.028594970703,21.76309116722703,100.0,1,-2.74,3167.3198852539062,0.0006224263249567,0.0,1,10
ZINC0000000072280,-0.68,2510.9942626953125,20.722291256517263,100.0,1,-0.69,2504.9774475097656,20.91225557819244,100.0,1,-0.83,2504.5748596191406,20.92496617893365,100.0,1,-0.98,2506.042694091797,20.87862335946342,100.0,1,-1.23,2513.067138671875,20.656845922621965,100.0,1,-1.36,2514.5174560546875,20.6110561568832,100.0,1,-1.42,2520.786895751953,20.413115913972742,100.0,1,-1.72,2564.5147705078125,19.032529040331145,100.0,1,-1.89,2565.220123291016,19.010259474311443,100.0,1,-2.02,2542.365966796875,19.73181634484592,100.0,1,10
ZINC0000000072580,-1.73,2473.446746826172,21.90775036780964,100.0,1,-1.76,2474.21435546875,21.883515244974284,100.0,1,-1.78,2488.9259033203125,21.41903875330358,100.0,1,-1.84,2472.8533935546875,21.926483858577647,100.0,1,-1.84,2488.9049377441406,21.4197006834665,100.0,1,-1.84,2483.1494140625,21.60141544756538,100.0,1,-1.85,2473.129150390625,21.9177775980942,100.0,1,-1.9,2487.491973876953,21.46431111511588,100.0,1,-1.92,2488.720672607422,21.42551834623753,100.0,1,-1.96,2478.0248413085938,21.76320967874092,100.0,1,10
ZINC0000000072700,-0.91,2559.3721923828125,19.19489174137003,100.0,1,-0.95,2530.0342712402344,20.121155573205314,100.0,1,-1.0,2531.270965576172,20.08211036516731,100.0,1,-1.13,2548.5303649902344,19.537192497307764,100.0,1,-1.17,2549.822723388672,19.4963898502346,100.0,1,-1.32,2522.322967529297,20.364618690071232,100.0,1,-1.32,2557.1128540039062,19.266224110629864,100.0,1,-1.33,2570.7286987304688,18.836341418914653,100.0,1,-1.59,2568.6668090820312,18.90143988984249,100.0,1,-2.47,3167.3213806152344,0.0005752144210514,0.0,1,10
ZINC0000000072750,-1.92,2404.2694091796875,24.09183374349237,100.0,1,-1.98,2457.9402465820312,22.397325285701392,100.0,1,-2.11,2424.199951171875,23.46258192614239,100.0,1,-2.25,2426.6287841796875,23.38589823210112,100.0,1,-2.36,2413.222412109375,23.8091674032366,100.0,1,-2.43,2409.9166259765625,23.913538470147778,100.0,1,-2.44,2433.029235839844,23.183821648303613,100.0,1,-2.58,2416.558654785156,23.703834755098946,100.0,1,-3.06,2485.6043090820312,21.52390891748461,100.0,1,-3.33,2454.1236572265625,22.51782355358335,100.0,1,10
ZINC0000000073120,-0.55,2458.577362060547,22.377210124112963,100.0,1,-0.6,2454.0841064453125,22.51907226026624,100.0,1,-0.93,2467.4530334472656,22.09698531374488,100.0,1,-0.95,2465.4453125,22.160373557541444,100.0,1,-1.11,2475.6832580566406,21.837138702715546,100.0,1,-1.22,2485.545166015625,21.52577619645949,100.0,1,-1.31,2458.5281982421875,22.378762335892382,100.0,1,-1.38,2475.7028198242188,21.8365210939318,100.0,1,-1.49,2487.1002807617188,21.476677743414363,100.0,1,-1.58,2454.0099487304688,22.52141358529665,100.0,1,10
ZINC0000000073410,-0.22,2548.276580810547,19.54520503185628,100.0,1,-0.31,2553.2274169921875,19.38889605310796,100.0,1,-0.32,2551.5008850097656,19.443406531953823,100.0,1,-0.32,2552.995178222656,19.39622835083694,100.0,1,-0.38,2542.1358337402344,19.739082160506136,100.0,1,-0.53,2555.3319091796875,19.322452524672943,100.0,1,-0.6,2556.7052307128906,19.27909369023117,100.0,1,-0.69,2553.984375,19.3649971946494,100.0,1,-0.69,2549.4930114746094,19.506799593291607,100.0,1,-0.74,2535.677459716797,19.942987482948794,100.0,1,10
ZINC0000000073680,-2.22,2513.4317932128906,20.645332962626743,100.0,1,-2.26,2509.7332458496094,20.762104380624912,100.0,1,-2.32,2517.5206298828125,20.51623923770928,100.0,1,-2.33,2514.3973388671875,20.61484852532751,100.0,1,-2.4,2515.384704589844,20.58367517963455,100.0,1,-2.43,2506.5960388183594,20.86115302800194,100.0,1,-2.59,2526.1034240722656,20.245261215948947,100.0,1,-2.87,2506.968994140625,20.84937799376464,100.0,1,-3.2,2495.271209716797,21.21870322890112,100.0,1,-3.58,2511.743927001953,20.69862267652877,100.0,1,10
ZINC0000000073820,-1.11,2386.2672119140625,24.660203401985736,100.0,1,-1.15,2403.5023803710938,24.116050559671105,100.0,1,-1.23,2419.217834472656,23.61987850083976,100.0,1,-1.26,2410.8920288085938,23.88274281968606,100.0,1,-1.39,2411.9227294921875,23.850201292288087,100.0,1,-1.56,2434.093688964844,23.15021448078892,100.0,1,-1.61,2410.949157714844,23.88093913225523,100.0,1,-1.61,2429.6128540039062,23.291684469087304,100.0,1,-1.84,2425.5808715820312,23.418983178148125,100.0,1,-1.92,2429.2182006835938,23.304144557685355,100.0,1,10
ZINC0000000073950,-1.9,2532.6652221679688,20.03809056407087,100.0,1,-2.12,2534.413360595703,19.982897921388982,100.0,1,-2.38,2550.1289978027344,19.48672008150817,100.0,1,-2.62,2546.056701660156,19.615291584957955,100.0,1,-2.76,2546.61474609375,19.59767287322705,100.0,1,-2.87,2557.7486572265625,19.246150379895884,100.0,1,-3.03,2547.7655334472656,19.561339940893006,100.0,1,-3.13,2559.6182861328125,19.187122010898744,100.0,1,-3.21,2552.6976013183594,19.405623519714112,100.0,1,-3.33,2563.465789794922,19.06564770916665,100.0,1,10
ZINC0000000074930,-0.82,2510.495086669922,20.73805136084748,100.0,1,-0.83,2517.807403564453,20.507185150750114,100.0,1,-0.84,2512.2534790039062,20.68253497939596,100.0,1,-0.85,2512.793243408203,20.665493409102595,100.0,1,-0.89,2517.878967285156,20.504925723920355,100.0,1,-0.91,2520.4763793945312,20.42291961034493,100.0,1,-1.43,2536.717010498047,19.91016653816036,100.0,1,-1.76,2555.463836669922,19.31828727853859,100.0,1,-1.78,2563.0060424804688,19.080162960846955,100.0,1,-2.01,2561.8187866210938,19.11764728553135,100.0,1,10
ZINC0000000075180,-0.59,2425.92138671875,23.40823235317309,100.0,1,-0.73,2402.3207397460938,24.153357598838795,100.0,1,-2.15,2446.8009033203125,22.749019283499813,100.0,1,-2.74,2467.6552734375,22.090600144618733,100.0,1,-2.8,2476.178649902344,21.82149807340745,100.0,1,-2.9,2473.6626586914062,21.900933546990643,100.0,1,-2.92,2449.7799682617188,22.654963535837844,100.0,1,-3.1,2459.3306274414062,22.353427850151807,100.0,1,-3.55,2468.12939453125,22.075631080556,100.0,1,-3.76,2484.106201171875,21.57120753713188,100.0,1,10
ZINC0000000075280,-0.58,2424.0313720703125,23.46790434567654,100.0,1,-0.59,2432.4317626953125,23.202685212684425,100.0,1,-0.61,2432.1708984375,23.210921281145307,100.0,1,-0.63,2431.843139648437,23.22126935967477,100.0,1,-0.64,2407.579162597656,23.987337420509604,100.0,1,-0.65,2429.4932861328125,23.29545949438325,100.0,1,-0.65,2429.8133544921875,23.28535421993101,100.0,1,-0.66,2412.7485961914062,23.824126832216912,100.0,1,-0.71,2424.151123046875,23.46412353933114,100.0,1,-0.81,2406.7098388671875,24.01478391631877,100.0,1,10
ZINC0000000075710,-0.05,2712.874755859375,14.34847225747592,100.0,1,-0.07,2709.092834472656,14.467875979993869,100.0,1,-0.15,2695.684112548828,14.891219341264058,100.0,1,-0.26,2723.351287841797,14.0177046952065,100.0,1,-0.27,2694.469146728516,14.92957853143307,100.0,1,-0.29,2676.267333984375,15.504250497343683,100.0,1,-0.33,2685.4108276367188,15.215569938635316,100.0,1,-0.36,2702.861724853516,14.664606056551152,100.0,1,-0.43,2711.298553466797,14.39823649471693,100.0,1,-0.56,2708.856719970703,14.475330643269707,100.0,1,10
ZINC0000000075940,-0.71,2578.7931518554688,18.58172858466112,100.0,1,-0.75,2580.428771972656,18.53008839687105,100.0,1,-1.03,2578.5640869140625,18.588960677532828,100.0,1,-2.15,2612.365173339844,17.52178472867184,100.0,1,-2.15,2623.362243652344,17.17458260630213,100.0,1,-2.26,2629.329498291016,16.98618302201354,100.0,1,-2.34,2628.961700439453,16.997795223357784,100.0,1,-2.35,2618.8624267578125,17.31665189672764,100.0,1,-2.36,2631.03076171875,16.932470327992853,100.0,1,-2.52,2631.813934326172,16.907743815953584,100.0,1,10
ZINC0000000076580,-0.55,2575.492584228516,18.685934891662747,100.0,1,-0.61,2588.656005859375,18.270336209649525,100.0,1,-0.64,2584.6695556640625,18.396197364411844,100.0,1,-0.64,2579.957763671875,18.54495918309301,100.0,1,-0.67,2583.8859252929688,18.420938329074755,100.0,1,-0.68,2588.084991455078,18.28836441238369,100.0,1,-0.68,2591.2584838867188,18.18817015370577,100.0,1,-0.68,2584.74951171875,18.39367297281527,100.0,1,-0.74,2573.2127380371094,18.757914738461853,100.0,1,-0.76,2587.352752685547,18.31148282916544,100.0,1,10
ZINC0000000076770,-1.04,2617.7462158203125,17.351893174222408,100.0,1,-1.17,2620.831970214844,17.254469001743026,100.0,1,-1.21,2619.2078552246094,17.305745946925498,100.0,1,-1.21,2619.075256347656,17.309932390241187,100.0,1,-1.36,2618.5789184570312,17.325602888304807,100.0,1,-1.54,2633.7101440429688,16.847876231276818,100.0,1,-1.55,2634.4888610839844,16.823290391441027,100.0,1,-1.56,2635.194396972656,16.801015044371866,100.0,1,-1.59,2628.86572265625,17.000825456781914,100.0,1,-2.31,2637.0953063964844,16.740999079425684,100.0,1,10
ZINC0000000077060,-0.87,2485.5243225097656,21.52643427258943,100.0,1,-0.87,2475.0115356445312,21.85834648265149,100.0,1,-1.14,2454.1839294433594,22.51592062480349,100.0,1,-1.15,2460.2308044433594,22.325007247509003,100.0,1,-1.17,2474.9777221679688,21.859414049784704,100.0,1,-1.19,2466.885955810547,22.114889223915693,100.0,1,-1.19,2469.322204589844,22.03797139737138,100.0,1,-1.23,2461.467834472656,22.28595144088033,100.0,1,-1.24,2451.7134399414062,22.59391950759641,100.0,1,-1.38,2473.967498779297,21.891309063151645,100.0,1,10
ZINC0000000077240,-0.46,2496.747772216797,21.1720848460734,100.0,1,-0.64,2496.879608154297,21.167922490463773,100.0,1,-0.66,2488.8268127441406,21.422167264568497,100.0,1,-1.18,2505.611602783203,20.89223387690357,100.0,1,-1.37,2553.721069335937,19.37331034376972,100.0,1,-1.43,2545.0751953125,19.646279937068268,100.0,1,-1.54,2496.96044921875,21.16537015712815,100.0,1,-1.59,2537.7760314941406,19.876730875112912,100.0,1,-1.63,2529.781616210937,20.12913245794884,100.0,1,-1.76,2503.8563537597656,20.94765101700608,100.0,1,10
ZINC0000000077430,-0.69,2511.304473876953,20.712497195227503,100.0,1,-1.39,2564.508056640625,19.0327410121446,100.0,1,-1.5,2545.732635498047,19.625523078990025,100.0,1,-1.55,2552.8335876464844,19.40133012698345,100.0,1,-1.71,2530.7208557128906,20.09947856475504,100.0,1,-1.93,2581.309295654297,18.50228829353672,100.0,1,-1.95,2576.231201171875,18.66261510165821,100.0,1,-1.95,2584.4874267578125,18.401947581605874,100.0,1,-1.95,2568.2869873046875,18.91343171343446,100.0,1,-2.19,2568.8036193847656,18.897120482389266,100.0,1,10
ZINC0000000077540,-0.61,2572.6979370117188,18.774168159012465,100.0,1,-0.61,2574.5372619628906,18.71609655370059,100.0,1,-0.62,2581.016662597656,18.51152737407853,100.0,1,-0.62,2569.5285034179688,18.874234271094068,100.0,1,-0.63,2574.4735107421875,18.71810932242015,100.0,1,-2.21,2594.0490112304688,18.100066959968853,100.0,1,-2.24,2603.6763610839844,17.796109978068237,100.0,1,-2.4,2631.054473876953,16.931721682088067,100.0,1,-2.43,2635.2086791992188,16.800564122514157,100.0,1,-2.74,2634.555938720703,16.821172600322985,100.0,1,10
ZINC0000000077610,-1.66,2471.5283203125,21.968319386487284,100.0,1,-1.75,2474.2176513671875,21.883411186084043,100.0,1,-1.85,2472.257873535156,21.94528575843091,100.0,1,-1.91,2463.226623535156,22.230422533821645,100.0,1,-1.93,2470.930725097656,21.987186804901064,100.0,1,-1.94,2475.80908203125,21.83316615822979,100.0,1,-2.2,2464.4898681640625,22.19053907361226,100.0,1,-2.44,2492.17529296875,21.31644824962541,100.0,1,-2.44,2469.8139038085938,22.022447352560693,100.0,1,-2.89,2473.8346557617188,21.89550321453328,100.0,1,10
ZINC0000000078790,-0.99,2492.297241210937,21.312598070686512,100.0,1,-1.04,2503.1768493652344,20.969104491543984,100.0,1,-1.35,2490.486053466797,21.36978132139837,100.0,1,-1.57,2506.647705078125,20.8595218085466,100.0,1,-1.8,2511.103790283203,20.71883322543325,100.0,1,-1.83,2543.5426025390625,19.69466732103008,100.0,1,-1.9,2507.3756713867188,20.83653828291885,100.0,1,-1.96,2510.9479064941406,20.72375482553833,100.0,1,-2.03,2511.634735107422,20.70207010902212,100.0,1,-2.13,2528.941375732422,20.155660730402456,100.0,1,10
ZINC0000000080760,-0.26,2594.9974975585938,18.07012112377744,100.0,1,-0.27,2595.9754638671875,18.039244538623304,100.0,1,-0.41,2566.4790649414062,18.97051186876432,100.0,1,-0.58,2569.68505859375,18.86929147380765,100.0,1,-0.59,2581.665405273437,18.49104511584953,100.0,1,-0.72,2591.2960510253906,18.18698407505868,100.0,1,-0.81,2609.940460205078,17.598338349100313,100.0,1,-1.21,2578.069610595703,18.60457240159363,100.0,1,-1.26,2633.182006835937,16.86455070492961,100.0,1,-1.37,2626.2183837890625,17.08440786984283,100.0,1,10
ZINC0000000082470,-0.6,2601.0182189941406,17.880033473047167,100.0,1,-0.98,2614.5118408203125,17.45400963184504,100.0,1,-0.98,2610.467071533203,17.581712050859668,100.0,1,-1.27,2647.661193847656,16.40741036502086,100.0,1,-1.42,2648.668914794922,16.37559435932984,100.0,1,-1.75,2670.027709960937,15.701249392700756,100.0,1,-1.84,2629.465362548828,16.98189348331585,100.0,1,-1.9,2637.470031738281,16.72916816171029,100.0,1,-1.93,2647.474334716797,16.413309925992547,100.0,1,-2.0,2630.834381103516,16.938670503536347,100.0,1,10
ZINC0000000082620,-0.59,2586.7022399902344,18.332020970872527,100.0,1,-0.61,2584.7800903320312,18.39270753755581,100.0,1,-0.76,2605.8526611328125,17.72739931473752,100.0,1,-0.78,2592.9361267089844,18.135203215065136,100.0,1,-0.82,2585.4617614746094,18.37118565393266,100.0,1,-0.83,2594.268920898437,18.09312391957004,100.0,1,-0.85,2591.174865722656,18.190810166291502,100.0,1,-0.87,2586.322265625,18.344017612005715,100.0,1,-1.03,2581.657531738281,18.49129370097621,100.0,1,-1.04,2588.40673828125,18.27820614497808,100.0,1,10
ZINC0000000084130,-1.17,2593.277069091797,18.124438900974702,100.0,1,-1.19,2590.0425415039062,18.226560176138555,100.0,1,-1.21,2596.380828857422,18.02644625863197,100.0,1,-1.64,2559.1486206054688,19.20195040275801,100.0,1,-1.98,2613.142333984375,17.497248027756438,100.0,1,-2.05,2648.6268005371094,16.376924000705134,100.0,1,-2.44,2616.062744140625,17.405044142937452,100.0,1,-2.47,2618.0987243652344,17.34076369050789,100.0,1,-2.52,2600.4605407714844,17.897640622679152,100.0,1,-3.27,2624.845001220703,17.127768631301084,100.0,1,10
ZINC0000000084600,-1.2,2440.96630859375,22.933230497456226,100.0,1,-1.26,2425.147766113281,23.432657287132315,100.0,1,-1.47,2430.3273315429688,23.26912681410296,100.0,1,-1.47,2462.8309326171875,22.24291538169996,100.0,1,-1.49,2453.7651977539062,22.529140921405244,100.0,1,-1.55,2456.0336303710938,22.45752142668901,100.0,1,-1.95,2454.734680175781,22.498532191542665,100.0,1,-2.05,2452.786865234375,22.560029068658288,100.0,1,-2.11,2447.2264404296875,22.73558412455988,100.0,1,-2.31,2445.6923828125,22.78401775691736,100.0,1,10
ZINC0000000085820,-0.59,2485.640350341797,21.52277101424967,100.0,1,-0.67,2475.783477783203,21.83397454164564,100.0,1,-1.53,2476.082061767578,21.824547576996448,100.0,1,-1.92,2515.95166015625,20.565775123496703,100.0,1,-2.69,2514.237365722656,20.619899235537144,100.0,1,-2.91,2495.6217346191406,21.207636373222392,100.0,1,-3.12,2520.5025024414062,20.42209484728896,100.0,1,-3.32,2520.965576171875,20.40747457321017,100.0,1,-3.59,2531.247436523437,20.08285323002264,100.0,1,-3.63,2545.743530273437,19.62517910654729,100.0,1,10
ZINC0000000086370,-0.7,2561.1697387695312,19.138139178842778,100.0,1,-0.86,2561.8365173339844,19.117087487242188,100.0,1,-0.91,2553.7085876464844,19.373704418641093,100.0,1,-1.05,2556.0008239746094,19.301333387495344,100.0,1,-1.05,2557.1453552246094,19.265197974351103,100.0,1,-1.25,2553.4713134765625,19.381195695230165,100.0,1,-1.29,2548.390563964844,19.5416063285688,100.0,1,-1.44,2580.748962402344,18.51997926838584,100.0,1,-1.85,2577.281982421875,18.62943958583637,100.0,1,-1.86,2571.282623291016,18.81885278079656,100.0,1,10
ZINC0000000086400,-0.59,2568.340240478516,18.91175039155048,100.0,1,-0.65,2544.7911376953125,19.65524827179381,100.0,1,-0.74,2561.8904418945312,19.115384968176865,100.0,1,-0.81,2565.9772338867188,18.98635579831167,100.0,1,-0.91,2563.396759033203,19.067827164812247,100.0,1,-0.93,2561.3442993164062,19.132627911693003,100.0,1,-1.1,2568.0818786621094,18.91990745233544,100.0,1,-1.19,2572.974090576172,18.765449372921857,100.0,1,-1.22,2568.182861328125,18.916719203559463,100.0,1,-1.23,2571.9977111816406,18.796275855647348,100.0,1,10
ZINC0000000086500,-0.62,2581.8377380371094,18.4856041848015,100.0,1,-0.69,2579.7342224121094,18.552016880972737,100.0,1,-0.7,2566.4197692871094,18.972383965280404,100.0,1,-0.71,2579.641326904297,18.55494980006433,100.0,1,-0.71,2558.7055053710938,19.21594054244589,100.0,1,-0.72,2576.9214477539062,18.640822472218783,100.0,1,-0.74,2561.2735290527344,19.134862287308447,100.0,1,-0.76,2574.548126220703,18.71575354476609,100.0,1,-0.79,2574.6693725585938,18.711925526516787,100.0,1,-0.84,2572.4039916992188,18.783448670408728,100.0,1,10
ZINC0000000086640,-0.53,2572.4258728027344,18.78275783499852,100.0,1,-0.6,2556.7853393554688,19.276564481093388,100.0,1,-0.73,2575.327667236328,18.691141690207743,100.0,1,-0.73,2575.9442443847656,18.67167496966683,100.0,1,-0.76,2598.27978515625,17.96649195821334,100.0,1,-0.81,2578.5103759765625,18.59065645204045,100.0,1,-0.81,2587.9164428710938,18.2936858684096,100.0,1,-0.83,2590.981750488281,18.196907246453,100.0,1,-0.94,2590.173828125,18.22241516367731,100.0,1,-0.99,2598.1134338378906,17.971744041645753,100.0,1,10
ZINC0000000086720,-0.43,2641.783905029297,16.59296952700918,100.0,1,-0.49,2661.273681640625,15.977633659212376,100.0,1,-0.5,2657.146453857422,16.1079394774995,100.0,1,-0.89,2674.9347534179688,15.54632304828109,100.0,1,-0.94,2680.6489868164062,15.365911910834942,100.0,1,-0.96,2681.531494140625,15.338049179464818,100.0,1,-1.01,2682.4217529296875,15.30994171700098,100.0,1,-1.02,2681.1275939941406,15.350801211060489,100.0,1,-1.03,2682.6497497558594,15.302743346917772,100.0,1,-1.05,2683.8681640625,15.264275280317309,100.0,1,10
ZINC0000000086780,-0.85,2651.167297363281,16.296714830002845,100.0,1,-0.99,2662.8392944335938,15.928203759331677,100.0,1,-1.3,2627.350006103516,17.048680020685367,100.0,1,-1.36,2612.2430419921875,17.525640688660193,100.0,1,-1.43,2623.730926513672,17.162942463218844,100.0,1,-1.62,2668.9839782714844,15.734202338118475,100.0,1,-1.81,2616.58203125,17.38864908667512,100.0,1,-1.98,2659.7124938964844,16.026923850397846,100.0,1,-2.1,2654.681396484375,16.18576685582517,100.0,1,-2.72,2687.8429260253906,15.138783149212044,100.0,1,10
ZINC0000000087540,-0.49,2552.287139892578,19.41858270558202,100.0,1,-0.51,2542.638458251953,19.723213179744462,100.0,1,-0.51,2538.4556579589844,19.85527354654204,100.0,1,-0.59,2550.5408630371094,19.473716574261086,100.0,1,-0.78,2554.056121826172,19.362731986770186,100.0,1,-0.81,2552.9197998046875,19.398608216197065,100.0,1,-0.9,2556.1788024902344,19.29571420742236,100.0,1,-0.93,2563.510772705078,19.06422749801652,100.0,1,-0.93,2554.7638549804688,19.34038726710753,100.0,1,-1.01,2554.962951660156,19.334101339330413,100.0,1,10
ZINC0000000087600,-0.9,2616.6099548339844,17.387767476632806,100.0,1,-0.9,2622.647491455078,17.197148932860664,100.0,1,-0.91,2628.329406738281,17.017758150643818,100.0,1,-0.95,2620.913330078125,17.251900288767274,100.0,1,-0.96,2624.0872497558594,17.151692540973958,100.0,1,-0.96,2623.1990356445312,17.179735448385518,100.0,1,-1.01,2627.403076171875,17.047004479850848,100.0,1,-1.09,2626.8251037597656,17.0652523624644,100.0,1,-1.1,2626.537109375,17.074344989753282,100.0,1,-1.15,2626.097076416016,17.088237815108627,100.0,1,10
ZINC0000000087650,-0.83,2523.073974609375,20.340907715720054,100.0,1,-0.92,2522.0767517089844,20.37239227457549,100.0,1,-1.06,2534.7341918945312,19.972768559230666,100.0,1,-1.08,2522.1908569335938,20.36878971725504,100.0,1,-1.2,2529.7518310546875,20.13007284199397,100.0,1,-1.34,2540.1554565429688,19.801607100917003,100.0,1,-1.39,2537.5200805664062,19.88481181874668,100.0,1,-1.67,2536.954132080078,19.902680079112507,100.0,1,-1.94,2519.3162231445312,20.45954833970957,100.0,1,-2.06,2512.6070556640625,20.671371772892936,100.0,1,10
ZINC0000000087680,-1.41,2564.533966064453,19.03192299364632,100.0,1,-1.43,2568.4961853027344,18.906826864428915,100.0,1,-1.43,2567.3220825195312,18.9438959170606,100.0,1,-1.46,2566.0020446777344,18.98557246611014,100.0,1,-1.49,2561.090789794922,19.14063177466733,100.0,1,-1.52,2566.7555236816406,18.96178344759128,100.0,1,-1.56,2566.239715576172,18.97806866391391,100.0,1,-1.59,2564.423156738281,19.03542149207653,100.0,1,-2.09,2556.469024658203,19.28655124403174,100.0,1,-2.69,2561.053466796875,19.141810145248485,100.0,1,10
ZINC0000000087790,-0.99,2482.2174682617188,21.630839062289112,100.0,1,-0.99,2470.2115478515625,22.00989284015483,100.0,1,-1.07,2467.9947509765625,22.07988207892397,100.0,1,-1.11,2500.332733154297,21.05889960575556,100.0,1,-1.17,2497.775360107422,21.1396415965162,100.0,1,-1.26,2494.038024902344,21.25763763349118,100.0,1,-1.27,2499.6056213378906,21.081856153152486,100.0,1,-1.28,2473.102600097656,21.91861585026557,100.0,1,-1.38,2482.8345642089844,21.61135596210807,100.0,1,-1.71,2475.154754638672,21.85382473846725,100.0,1,10
ZINC0000000088150,-0.47,2344.7252197265625,25.971777070708324,100.0,1,-0.64,2328.1431884765625,26.49530890960697,100.0,1,-0.7,2370.7957763671875,25.148671248906325,100.0,1,-0.71,2378.1265258789062,24.917223079830205,100.0,1,-0.72,2380.7301025390625,24.835022337589702,100.0,1,-0.74,2375.402282714844,25.0032335336634,100.0,1,-1.29,2390.4650268554688,24.52766898913263,100.0,1,-2.32,2388.4547729492188,24.59113720411336,100.0,1,-2.66,2422.6925048828125,23.510175379312,100.0,1,-2.79,2415.0242309570312,23.752279949555334,100.0,1,10
ZINC0000000088260,-0.39,2459.4071044921875,22.35101329849493,100.0,1,-0.58,2464.2158203125,22.199191377634104,100.0,1,-0.59,2459.252685546875,22.355888650204346,100.0,1,-0.62,2458.644592285156,22.37508751545371,100.0,1,-0.72,2473.693634033203,21.89995558612403,100.0,1,-0.75,2461.2742919921875,22.292062010157228,100.0,1,-0.82,2470.563537597656,21.998779736080447,100.0,1,-0.84,2450.204345703125,22.64156499021114,100.0,1,-1.04,2479.518859863281,21.716040169198216,100.0,1,-1.36,2474.610656738281,21.87100312693111,100.0,1,10
ZINC0000000088490,-0.99,2532.4104919433594,20.04613296737492,100.0,1,-1.05,2548.8965759277344,19.52563039839216,100.0,1,-1.07,2539.3154296875,19.82812862881292,100.0,1,-1.33,2537.071685791016,19.8989686453606,100.0,1,-1.42,2551.453491210937,19.444902860255155,100.0,1,-1.5,2542.538391113281,19.72637252327316,100.0,1,-1.61,2540.87353515625,19.778935751959988,100.0,1,-1.62,2545.4712829589844,19.6337745635828,100.0,1,-1.63,2560.741485595703,19.15166009001633,100.0,1,-1.83,2547.281188964844,19.57663178021714,100.0,1,10
ZINC0000000089330,-1.02,2612.3263549804688,17.523010311156895,100.0,1,-1.42,2615.8209838867188,17.412677055238234,100.0,1,-1.49,2584.3304138183594,18.40690483151593,100.0,1,-1.54,2588.428680419922,18.277513382551387,100.0,1,-1.57,2616.443359375,17.393027268131164,100.0,1,-2.19,2600.54833984375,17.894868609464133,100.0,1,-2.51,2586.363555908203,18.34271398535298,100.0,1,-2.52,2600.305053710937,17.90254969717707,100.0,1,-2.64,2587.472442626953,18.30770394983652,100.0,1,-5.52,3167.3338928222656,0.0001801760414348,0.0,1,10
ZINC0000000089360,-0.32,2727.2786560058594,13.893708892402568,100.0,1,-0.35,2728.8243408203125,13.844908163404524,100.0,1,-0.36,2721.935821533203,14.062394134531802,100.0,1,-0.36,2724.725524902344,13.974316955517446,100.0,1,-0.37,2726.7916870117188,13.909083593435597,100.0,1,-0.37,2728.549224853516,13.85359419021487,100.0,1,-0.42,2731.02099609375,13.775554840075744,100.0,1,-0.73,2720.4364318847656,14.109733221525268,100.0,1,-0.78,2717.1199340820312,14.214442479829724,100.0,1,-1.07,2742.1763916015625,13.423354036941523,100.0,1,10
ZINC0000000089540,-1.08,2483.5492553710938,21.588791562566023,100.0,1,-1.13,2493.612762451172,21.271064120856924,100.0,1,-1.3,2508.5319213867188,20.800032882609315,100.0,1,-1.87,2516.349395751953,20.55321772056612,100.0,1,-1.99,2588.627166748047,18.27124672493913,100.0,1,-2.17,2505.8097229003906,20.885978781390232,100.0,1,-2.49,2513.5226440429688,20.64246459858744,100.0,1,-2.54,2502.489044189453,20.99082004032397,100.0,1,-2.74,2509.4169921875,20.77208921654678,100.0,1,-2.87,2509.2666015625,20.77683738516812,100.0,1,10
ZINC0000000089870,0.11,2549.906524658203,19.4937440565994,100.0,1,0.11,2566.209197998047,18.97903217215688,100.0,1,-0.64,2531.683624267578,20.06908180670591,100.0,1,-0.74,2529.351806640625,20.142702508042788,100.0,1,-0.81,2556.7017211914062,19.27920449367912,100.0,1,-0.84,2548.3323669433594,19.54344373878813,100.0,1,-0.86,2533.9755859375,19.996719447134343,100.0,1,-0.86,2551.404754638672,19.44644158291917,100.0,1,-0.9,2540.9933471679688,19.7751530185981,100.0,1,-0.93,2534.432983398437,19.98227838558876,100.0,1,10
ZINC0000000089970,-0.68,2529.039276123047,20.152569795959018,100.0,1,-0.8,2529.0974731445312,20.15073238573968,100.0,1,-0.99,2524.0499572753906,20.31009375860172,100.0,1,-1.7,2531.901397705078,20.062206211884096,100.0,1,-2.29,2544.303253173828,19.67065187807412,100.0,1,-2.54,2534.954864501953,19.96580143112577,100.0,1,-2.65,2537.2474060058594,19.89342076489759,100.0,1,-2.86,2541.323455810547,19.764730749933925,100.0,1,-3.07,2547.207000732422,19.578974068755794,100.0,1,-3.24,2543.363037109375,19.700336603531696,100.0,1,10
ZINC0000000090060,-1.05,2596.970642089844,18.007824534820145,100.0,1,-1.12,2599.359130859375,17.93241459867608,100.0,1,-1.18,2604.249328613281,17.77802011080653,100.0,1,-1.29,2582.1759643554688,18.47492562294469,100.0,1,-1.51,2650.0050354003906,16.33341004143625,100.0,1,-1.58,2652.1590270996094,16.26540370263114,100.0,1,-1.58,2652.629913330078,16.250536770442157,100.0,1,-1.84,2650.8497924804688,16.306739169762675,100.0,1,-1.98,2634.95068359375,16.8087096212002,100.0,1,-2.08,2656.3064880371094,16.134459078378928,100.0,1,10
ZINC0000000090120,-0.97,2465.5782470703125,22.15617651563508,100.0,1,-0.99,2484.3787536621094,21.562602445013933,100.0,1,-1.22,2458.0211791992188,22.394770061841044,100.0,1,-1.27,2453.2403869628906,22.54571037265956,100.0,1,-1.28,2480.249328613281,21.69297763589455,100.0,1,-1.33,2472.383514404297,21.941318994994614,100.0,1,-1.33,2478.467712402344,21.749227247118977,100.0,1,-1.41,2483.639129638672,21.58595403079049,100.0,1,-1.53,2466.3972778320312,22.130317881410328,100.0,1,-1.59,2480.228454589844,21.69363667553274,100.0,1,10
ZINC0000000090570,-0.59,2696.0408325195312,14.879956893412016,100.0,1,-0.62,2690.351287841797,15.0595885526896,100.0,1,-0.62,2699.958740234375,14.756259778163402,100.0,1,-0.63,2692.515106201172,14.991271964230258,100.0,1,-0.63,2684.743682861328,15.236633192334825,100.0,1,-0.64,2689.927124023437,15.072980353758602,100.0,1,-0.64,2685.1912841796875,15.222501416935222,100.0,1,-0.65,2697.0779724121094,14.847212065774777,100.0,1,-0.68,2699.9297790527344,14.75717414748598,100.0,1,-0.71,2682.7225036621094,15.300446343266538,100.0,1,10
ZINC0000000090970,-0.83,2604.931915283203,17.756469321936084,100.0,1,-0.84,2609.0855407714844,17.625330069018794,100.0,1,-1.29,2604.1026611328125,17.78265073142223,100.0,1,-1.42,2608.032257080078,17.65858459251656,100.0,1,-1.44,2618.2247009277344,17.336786328480926,100.0,1,-1.46,2614.19873046875,17.463895226417886,100.0,1,-1.49,2609.2332458496094,17.62066668912283,100.0,1,-1.67,2612.421875,17.519994530356406,100.0,1,-1.71,2605.015045166016,17.753844725482242,100.0,1,-1.94,2622.413116455078,17.204548676166652,100.0,1,10
ZINC0000000091280,-0.8,2599.2003479003906,17.937427732064236,100.0,1,-0.99,2597.575256347656,17.98873550951048,100.0,1,-1.12,2586.743682861328,18.33071252667858,100.0,1,-1.33,2598.0428161621094,17.97397359971998,100.0,1,-1.42,2600.0602416992188,17.91027896030215,100.0,1,-1.44,2574.644073486328,18.712724274850206,100.0,1,-1.52,2587.4624633789062,18.30801901703197,100.0,1,-1.53,2573.4803161621094,18.74946669818752,100.0,1,-1.7,2573.543731689453,18.747464528058632,100.0,1,-1.77,2570.667022705078,18.83828866907369,100.0,1,10
ZINC0000000091580,-2.57,2531.1470947265625,20.086021245125515,100.0,1,-2.59,2530.2437133789062,20.11454301613383,100.0,1,-2.73,2529.554992675781,20.13628747016111,100.0,1,-2.76,2533.82275390625,20.001544696415124,100.0,1,-2.88,2527.4367065429688,20.20316650432196,100.0,1,-2.98,2531.731689453125,20.06756428122324,100.0,1,-3.08,2527.206970214844,20.21041979437501,100.0,1,-3.08,2529.754272460937,20.129995761334538,100.0,1,-4.49,2490.6615600585938,21.364240185493067,100.0,1,-4.78,2482.973571777344,21.60696718206136,100.0,1,10
ZINC0000000091790,-0.34,2596.598114013672,18.019586079942048,100.0,1,-0.35,2592.731719970703,18.14165679327653,100.0,1,-0.5,2588.349548339844,18.28001175942541,100.0,1,-0.51,2599.488677978516,17.92832450618468,100.0,1,-0.7,2600.2294921875,17.904935343586654,100.0,1,-0.74,2594.381774902344,18.08956086608753,100.0,1,-0.74,2599.9142456054688,17.914888383736503,100.0,1,-0.74,2595.545288085937,18.052826150816173,100.0,1,-0.81,2608.440795898437,17.64568610766796,100.0,1,-0.89,2606.8345336914062,17.696399400528296,100.0,1,10
ZINC0000000091810,-1.76,2526.316619873047,20.238530147363576,100.0,1,-1.77,2531.4794006347656,20.07552960386785,100.0,1,-1.79,2526.2981872558594,20.23911210634233,100.0,1,-2.07,2527.988586425781,20.185742421256133,100.0,1,-2.51,2541.3357543945312,19.764342456112008,100.0,1,-2.53,2534.90625,19.96733629975682,100.0,1,-2.62,2534.818634033203,19.97010253192237,100.0,1,-2.72,2538.079833984375,19.867139150554173,100.0,1,-2.94,2563.9732666015625,19.049625530594355,100.0,1,-3.25,2556.4002075195312,19.288723955119632,100.0,1,10
ZINC0000000091940,-0.45,2624.856719970703,17.127398644135784,100.0,1,-0.46,2629.02734375,16.99572271712716,100.0,1,-1.63,2613.012115478516,17.501359317429177,100.0,1,-1.67,2680.899871826172,15.35799090956951,100.0,1,-1.7,2687.225952148437,15.158262395360117,100.0,1,-1.71,2678.619445800781,15.429989063025232,100.0,1,-2.03,2625.051544189453,17.121247607512682,100.0,1,-2.09,2666.017883300781,15.827848594777183,100.0,1,-2.13,2669.0558471679688,15.731933276206286,100.0,1,-2.38,2629.215759277344,16.98977401723508,100.0,1,10
ZINC0000000092030,-0.53,2498.035430908203,21.13143057926964,100.0,1,-1.65,2523.3126525878906,20.333372117751807,100.0,1,-1.9,2512.835418701172,20.66416184071081,100.0,1,-1.95,2515.7819213867188,20.57113415634409,100.0,1,-2.0,2568.8563232421875,18.895456503653666,100.0,1,-2.02,2570.1612548828125,18.854256891184384,100.0,1,-2.46,2587.990020751953,18.2913628500358,100.0,1,-2.72,2591.13232421875,18.1921532967822,100.0,1,-2.79,2601.131134033203,17.876468492548188,100.0,1,-2.81,2602.7603759765625,17.8250296779809,100.0,1,10
ZINC0000000092520,-1.24,2475.309112548828,21.84895131377432,100.0,1,-1.37,2478.832336425781,21.737715250632004,100.0,1,-1.64,2479.6534118652344,21.71179206135497,100.0,1,-1.76,2510.537384033203,20.73671593842273,100.0,1,-1.93,2514.8268432617188,20.60128811031599,100.0,1,-2.37,2543.728302001953,19.688804373371624,100.0,1,-2.42,2571.1383666992188,18.823407284261062,100.0,1,-2.58,2551.2371215820312,19.45173413369779,100.0,1,-2.6,2575.6658325195312,18.680465055367424,100.0,1,-3.01,2580.4968872070312,18.527937846472746,100.0,1,10
ZINC0000000092780,-0.56,2489.6275634765625,21.39688577178128,100.0,1,-1.17,2484.4588317871094,21.56007419938439,100.0,1,-1.18,2492.8668823242188,21.294613225823287,100.0,1,-1.32,2474.72412109375,21.86742080328376,100.0,1,-1.35,2483.6495971679688,21.585623547463147,100.0,1,-1.41,2493.9327697753906,21.26096077342117,100.0,1,-1.46,2484.717254638672,21.55191521158294,100.0,1,-1.97,2511.3155822753906,20.712146478227066,100.0,1,-2.06,2502.8971252441406,20.97793600809901,100.0,1,-2.27,2495.2828369140625,21.218336132260543,100.0,1,10
ZINC0000000092910,-0.3,2533.7760620117188,20.003018864026863,100.0,1,-0.35,2538.5235900878906,19.85312877719319,100.0,1,-0.53,2537.8175659179688,19.87541954039424,100.0,1,-0.55,2544.6978454589844,19.658193716492555,100.0,1,-0.64,2542.309295654297,19.73360557965311,100.0,1,-0.69,2554.933349609375,19.33503594232609,100.0,1,-0.71,2549.1393127441406,19.5179666538276,100.0,1,-0.78,2558.7811279296875,19.21355296901982,100.0,1,-0.95,2565.375732421875,19.005346545780554,100.0,1,-1.07,2567.943634033203,18.92427214467608,100.0,1,10
ZINC0000000093080,-0.75,2635.400177001953,16.794518108289537,100.0,1,-0.76,2595.1866149902344,18.064150263195767,100.0,1,-0.84,2590.6883239746094,18.206171378209127,100.0,1,-1.01,2636.433837890625,16.761883120591996,100.0,1,-1.04,2641.3615112304688,16.606305444600086,100.0,1,-1.16,2645.2349548339844,16.48401216086148,100.0,1,-1.27,2649.5505981445312,16.347757642682275,100.0,1,-1.49,2648.874237060547,16.369111875871155,100.0,1,-1.55,2644.233428955078,16.515632574379175,100.0,1,-1.56,2646.1007690429688,16.456676468500255,100.0,1,10
ZINC0000000093420,-1.86,2566.479858398437,18.970486817550004,100.0,1,-1.88,2567.536346435547,18.93713112568672,100.0,1,-1.97,2568.387420654297,18.910260807806853,100.0,1,-1.99,2564.7485961914062,19.025146640173528,100.0,1,-2.01,2573.221435546875,18.757640138612608,100.0,1,-3.27,2568.0509643554688,18.920883486185566,100.0,1,-3.36,2575.700592041016,18.67936761947869,100.0,1,-3.4,2571.8985900878906,18.79940533042051,100.0,1,-3.78,2574.6912231445312,18.71123565461482,100.0,1,-4.09,2573.7510986328125,18.74091748954767,100.0,1,10
ZINC0000000093500,-0.99,2600.436462402344,17.89840083068285,100.0,1,-1.01,2595.9781799316406,18.039158786389685,100.0,1,-1.03,2598.9519653320312,17.945269725653745,100.0,1,-1.08,2601.4302673339844,17.867024184750623,100.0,1,-1.37,2621.983856201172,17.218101383112227,100.0,1,-1.4,2630.0242309570312,16.964248756862393,100.0,1,-1.52,2617.2730407714844,17.366832369529615,100.0,1,-1.57,2622.1846923828125,17.21176053536526,100.0,1,-1.57,2626.879364013672,17.063539244808407,100.0,1,-1.63,2633.7293090820312,16.847271148100234,100.0,1,10
ZINC0000000095150,-0.33,2611.9052734375,17.536304797893354,100.0,1,-0.4,2610.5630493164062,17.578681817435537,100.0,1,-0.52,2613.868896484375,17.474308823507876,100.0,1,-0.57,2590.635131835937,18.20785077307662,100.0,1,-0.73,2611.16064453125,17.559814399021754,100.0,1,-0.9,2627.08251953125,17.057125170434972,100.0,1,-0.98,2628.6734313964844,17.006896522220853,100.0,1,-1.2,2645.157623291016,16.486453690749155,100.0,1,-1.37,2675.7781372070312,15.519695534478448,100.0,1,-1.44,2673.9938354492188,15.576029934428254,100.0,1,10
ZINC0000000097470,-1.15,2504.3023376464844,20.933570307543352,100.0,1,-1.88,2456.028259277344,22.45769100413977,100.0,1,-2.12,2489.1416015625,21.41222867704229,100.0,1,-2.33,2471.711669921875,21.96253062896353,100.0,1,-2.45,2512.535919189453,20.67361771060729,100.0,1,-2.6,2502.3724975585938,20.994499678303868,100.0,1,-2.6,2580.9656372070312,18.51313835986077,100.0,1,-3.16,2593.5743103027344,18.115054330688206,100.0,1,-3.82,2521.398376464844,20.39381009930841,100.0,1,-4.51,2523.888061523437,20.315205169830666,100.0,1,10
ZINC0000000098160,-0.15,2646.458709716797,16.445375480318493,100.0,1,-0.16,2645.9544372558594,16.461296490525285,100.0,1,-0.32,2651.7049255371094,16.279740705286493,100.0,1,-1.43,2683.6124572753906,15.27234851588513,100.0,1,-1.53,2685.7996826171875,15.203292916603427,100.0,1,-1.56,2678.341278076172,15.43877144065988,100.0,1,-1.56,2678.6463928222656,15.429138285246694,100.0,1,-1.63,2681.897705078125,15.326487080549212,100.0,1,-1.68,2686.452209472656,15.182691183352304,100.0,1,-1.69,2680.250457763672,15.378494364979852,100.0,1,10
ZINC0000000098180,-1.04,2555.1207275390625,19.32912000171428,100.0,1,-1.06,2556.78515625,19.276570262142844,100.0,1,-1.21,2564.9832458496094,19.01773822529336,100.0,1,-1.29,2513.2909240722656,20.649780516676287,100.0,1,-1.61,2556.1159057617188,19.29769999791112,100.0,1,-1.64,2561.7308044433594,19.120425079795822,100.0,1,-1.88,2555.895446777344,19.30466038145831,100.0,1,-1.96,2566.420166015625,18.97237143967325,100.0,1,-2.05,2561.879425048828,19.115732794652576,100.0,1,-2.07,2557.6880493164062,19.248063907266417,100.0,1,10
ZINC0000000098800,-0.39,2538.918884277344,19.84064845492204,100.0,1,-0.54,2535.7857055664062,19.93956991921099,100.0,1,-0.55,2552.641082763672,19.40740793698009,100.0,1,-0.57,2548.3155822753906,19.54397366832177,100.0,1,-0.58,2551.544403076172,19.442032569199355,100.0,1,-0.63,2545.3116760253906,19.63881371169352,100.0,1,-0.63,2548.774627685547,19.529480577331057,100.0,1,-0.66,2549.889862060547,19.494270132100063,100.0,1,-0.69,2547.866668701172,19.55814687457581,100.0,1,-0.74,2541.840881347656,19.74839446767441,100.0,1,10
ZINC0000000099670,0.32,2587.575164794922,18.304460781090697,100.0,1,0.17,2584.833251953125,18.39102910619657,100.0,1,-0.21,2604.010131835937,17.78557208841491,100.0,1,-0.24,2626.563995361328,17.073496138991228,100.0,1,-0.25,2633.2474975585938,16.8624830162402,100.0,1,-0.26,2632.870880126953,16.874373671466657,100.0,1,-0.28,2628.640838623047,17.00792554902434,100.0,1,-0.4,2628.258575439453,17.019994453275746,100.0,1,-0.44,2638.482727050781,16.697195104175666,100.0,1,-0.84,2627.474578857422,17.044746980037573,100.0,1,10
ZINC0000000103470,-0.54,2566.439666748047,18.97175575790599,100.0,1,-0.55,2570.1744079589844,18.853841619131668,100.0,1,-0.56,2575.4750366210938,18.68648890890245,100.0,1,-0.58,2568.461639404297,18.90791755575996,100.0,1,-0.59,2575.3728942871094,18.689713770991663,100.0,1,-0.59,2576.1961669921875,18.66372120912114,100.0,1,-0.61,2571.4044799804688,18.81500549238239,100.0,1,-0.66,2557.017639160156,19.26923025634792,100.0,1,-0.7,2562.0503540039062,19.11033618498372,100.0,1,-1.3,2594.5199584960938,18.08519810076338,100.0,1,10
ZINC0000000104260,-1.05,2575.5874633789062,18.682939344535363,100.0,1,-1.17,2551.199432373047,19.452924066377854,100.0,1,-1.24,2548.300262451172,19.544457349459737,100.0,1,-1.26,2546.6869506835938,19.5953932127242,100.0,1,-1.28,2554.742889404297,19.34104919727045,100.0,1,-1.61,2553.897918701172,19.36772681350173,100.0,1,-1.62,2558.4186401367188,19.224997519929783,100.0,1,-1.63,2549.5623779296875,19.504609539055345,100.0,1,-1.65,2549.6939086914062,19.50045681852816,100.0,1,-1.7,2557.4324951171875,19.256132325293024,100.0,1,10
ZINC0000000104640,-0.68,2547.407623291016,19.572639965566527,100.0,1,-1.05,2555.683380126953,19.31135580023869,100.0,1,-1.2,2554.4630126953125,19.349885531366706,100.0,1,-1.41,2553.758270263672,19.37213582722154,100.0,1,-1.56,2614.1954650878906,17.463998321799885,100.0,1,-1.83,2550.5050354003906,19.47484773293833,100.0,1,-2.45,2569.890686035156,18.86279935526653,100.0,1,-2.54,2566.2293701171875,18.97839529320828,100.0,1,-2.63,2569.0941772460938,18.887946920407973,100.0,1,-2.68,2567.4339294433594,18.94036465935012,100.0,1,10
ZINC0000000104790,-1.0,2601.9627990722656,17.850210965910847,100.0,1,-1.02,2597.8374938964844,17.980456083178666,100.0,1,-1.52,2611.0805053710938,17.562344571667783,100.0,1,-1.56,2608.5311584472656,17.642833159760535,100.0,1,-1.57,2602.815795898437,17.82327994701167,100.0,1,-1.63,2610.5363159179688,17.579525850656378,100.0,1,-1.71,2647.973358154297,16.397554639203545,100.0,1,-1.75,2608.4879150390625,17.64419845094082,100.0,1,-1.75,2605.0870361328125,17.751571809537083,100.0,1,-1.94,2603.434326171875,17.803751561943212,100.0,1,10
ZINC0000000104900,-1.2,2557.5294189453125,19.25307222311336,100.0,1,-1.28,2569.494079589844,18.875321108392136,100.0,1,-1.32,2576.549591064453,18.652562820159336,100.0,1,-1.41,2559.083770751953,19.20399785777431,100.0,1,-1.42,2558.961669921875,19.207852854254423,100.0,1,-1.44,2563.742156982422,19.056922178518345,100.0,1,-2.2,2585.8672790527344,18.35838255640011,100.0,1,-3.45,2614.059356689453,17.468295568563516,100.0,1,-3.54,2606.501983642578,17.70689874985191,100.0,1,-6.01,2609.7831115722656,17.60330619760105,100.0,1,10
ZINC0000000105340,-1.04,2498.914367675781,21.10368057836393,100.0,1,-1.26,2505.2606506347656,20.9033142216977,100.0,1,-1.63,2526.514617919922,20.23227890588321,100.0,1,-1.72,2553.0379638671875,19.3948775122803,100.0,1,-1.73,2558.422332763672,19.224880935432385,100.0,1,-1.73,2556.8285522460938,19.275200153421345,100.0,1,-1.8,2568.516387939453,18.90618902197207,100.0,1,-2.19,2579.224578857422,18.56810746863029,100.0,1,-2.34,2577.5173950195312,18.62200708325012,100.0,1,-2.45,2590.3657836914062,18.216354696829047,100.0,1,10
ZINC0000000105430,-1.24,2572.664581298828,18.775221273522032,100.0,1,-1.39,2571.603302001953,18.80872823617945,100.0,1,-1.41,2555.374481201172,19.321108430674,100.0,1,-1.42,2560.4086303710938,19.162169074422376,100.0,1,-1.42,2574.383819580078,18.72094107314623,100.0,1,-1.42,2561.948272705078,19.113559120056443,100.0,1,-1.46,2563.4793701171875,19.06521894799853,100.0,1,-1.46,2567.9342041015625,18.92456986872316,100.0,1,-1.68,2556.5338745117188,19.284503789015435,100.0,1,-1.69,2560.1700134277344,19.16970274537414,100.0,1,10
ZINC0000000105440,-1.11,2597.8531494140625,17.979961803450024,100.0,1,-1.11,2607.213348388672,17.684439372708344,100.0,1,-1.13,2605.0108337402344,17.75397768961977,100.0,1,-1.22,2591.1408081054688,18.19188544149065,100.0,1,-1.22,2596.695770263672,18.01650285356456,100.0,1,-1.24,2584.7081909179688,18.394977562976248,100.0,1,-1.35,2591.7332763671875,18.17317989246169,100.0,1,-1.36,2589.785186767578,18.2346854411515,100.0,1,-1.43,2585.3604736328125,18.37438353779107,100.0,1,-1.48,2557.993896484375,19.2384076276554,100.0,1,10
ZINC0000000105470,-1.4,2431.328063964844,23.237531451799576,100.0,1,-1.56,2406.634094238281,24.01717534377781,100.0,1,-1.61,2450.6610107421875,22.627147052863386,100.0,1,-1.66,2427.3410034179688,23.36341187672675,100.0,1,-1.82,2416.8141479492188,23.695768264088823,100.0,1,-1.86,2410.29296875,23.901656486495508,100.0,1,-1.97,2427.162841796875,23.3690368378492,100.0,1,-2.18,2414.1153564453125,23.780975152047382,100.0,1,-2.35,2438.720092773437,23.00414855817158,100.0,1,-2.7,2425.858459472656,23.410219107170096,100.0,1,10
ZINC0000000105680,-2.95,2624.971466064453,17.123775853142227,100.0,1,-3.31,2626.220977783203,17.08432597164218,100.0,1,-3.39,2626.9595947265625,17.061006181637644,100.0,1,-3.4,2626.731231689453,17.068216113819766,100.0,1,-3.4,2625.2576599121094,17.11474007283968,100.0,1,-3.42,2627.1798400878906,17.05405254264815,100.0,1,-3.44,2624.731231689453,17.131360590030866,100.0,1,-3.46,2625.406951904297,17.110026590515087,100.0,1,-3.48,2622.739532470703,17.194242991999875,100.0,1,-3.49,2622.6526794433594,17.19698513645936,100.0,1,10
ZINC0000000111600,0.05,2517.5628356933594,20.514906705809253,100.0,1,-0.06,2534.219024658203,19.9890335418802,100.0,1,-0.54,2538.377349853516,19.857745908693488,100.0,1,-0.63,2559.960021972656,19.176332645593995,100.0,1,-0.75,2533.354797363281,20.016319131812786,100.0,1,-0.96,2552.4983825683594,19.4119133015242,100.0,1,-1.29,2539.935852050781,19.808540506233395,100.0,1,-1.32,2527.279998779297,20.208114119149588,100.0,1,-1.63,2533.326873779297,20.0172007418551,100.0,1,-2.02,2519.4441528320312,20.45550931315505,100.0,1,10
ZINC0000000112130,-0.05,2563.684051513672,19.05875669821296,100.0,1,-1.16,2560.2644653320312,19.16672068736216,100.0,1,-1.18,2534.264678955078,19.98759213354872,100.0,1,-1.24,2543.8084716796875,19.686273237217343,100.0,1,-1.28,2564.285125732422,19.03977943985948,100.0,1,-1.32,2550.911346435547,19.462019584191463,100.0,1,-1.38,2536.1285400390625,19.928745867609496,100.0,1,-1.98,2558.413055419922,19.225173841938243,100.0,1,-2.19,2576.5289916992188,18.65321318822334,100.0,1,-2.34,2584.634094238281,18.39731696099017,100.0,1,10
ZINC0000000112140,-0.14,2557.010528564453,19.26945475376853,100.0,1,-1.25,2581.8628540039062,18.48481121751753,100.0,1,-1.25,2559.392639160156,19.19424619084724,100.0,1,-1.28,2557.767852783203,19.245544333211058,100.0,1,-1.35,2572.2019653320312,18.78982709497717,100.0,1,-1.39,2586.690826416016,18.3323813229554,100.0,1,-1.45,2565.7286987304688,18.9942026094424,100.0,1,-1.51,2563.9285278320312,19.051038033678545,100.0,1,-2.04,2575.164367675781,18.69629742281586,100.0,1,-2.06,2566.3990478515625,18.973038187377377,100.0,1,10
ZINC0000000112410,-0.07,2584.133514404297,18.41312138669956,100.0,1,-0.8,2595.129913330078,18.0659404615112,100.0,1,-0.94,2653.584991455078,16.220382816470256,100.0,1,-0.99,2635.371063232422,16.795437295153327,100.0,1,-1.06,2642.5982055664062,16.567260236562085,100.0,1,-1.07,2640.1470336914062,16.64464921863721,100.0,1,-1.07,2675.8778381347656,15.516547753048677,100.0,1,-1.19,2642.4561462402344,16.571745367433095,100.0,1,-1.62,2660.221649169922,16.010848678872183,100.0,1,-1.74,2656.302032470703,16.134599750582403,100.0,1,10
ZINC0000000112940,-0.87,2531.5389709472656,20.073648835777576,100.0,1,-0.96,2539.9186401367188,19.80908392488243,100.0,1,-0.99,2532.114196777344,20.055487668905887,100.0,1,-1.03,2536.31103515625,19.92298408831656,100.0,1,-1.03,2528.0685424804688,20.18321802965956,100.0,1,-1.06,2540.199462890625,19.80021772203065,100.0,1,-1.14,2523.342102050781,20.332442332297344,100.0,1,-1.16,2529.602294921875,20.13479403238452,100.0,1,-1.37,2554.888885498047,19.33643977383609,100.0,1,-2.63,2563.9781494140625,19.04947136927548,100.0,1,10
ZINC0000000114090,-0.63,2580.2252502441406,18.5365140333434,100.0,1,-0.64,2580.6968383789062,18.521624940464825,100.0,1,-0.95,2595.087188720703,18.067289373051352,100.0,1,-1.12,2607.5132751464844,17.674970013696463,100.0,1,-1.26,2604.9507446289062,17.755874837350174,100.0,1,-1.46,2601.0191345214844,17.88000456779988,100.0,1,-1.52,2605.42578125,17.740876868040147,100.0,1,-1.58,2618.4720153808594,17.32897805767992,100.0,1,-1.72,2615.5653381347656,17.420748363789574,100.0,1,-1.76,2609.2281188964844,17.62082855850765,100.0,1,10
ZINC0000000114580,-0.99,2581.009307861328,18.511759579565084,100.0,1,-1.06,2585.323028564453,18.375565762405188,100.0,1,-1.14,2586.5958862304688,18.33537879709927,100.0,1,-1.14,2578.781036376953,18.58211109743357,100.0,1,-1.19,2585.842712402344,18.3591581805357,100.0,1,-1.22,2582.892364501953,18.45230726694104,100.0,1,-1.26,2591.172241210937,18.1908930280004,100.0,1,-1.8,2590.745361328125,18.204370581303024,100.0,1,-1.9,2587.5563049316406,18.30505622918485,100.0,1,-1.95,2600.604736328125,17.893088046231128,100.0,1,10
ZINC0000000114610,-0.47,2505.9136962890625,20.88269610880644,100.0,1,-0.53,2512.6900634765625,20.668751030472063,100.0,1,-0.55,2509.6420288085938,20.764984306763143,100.0,1,-0.57,2502.028259277344,21.00536805128453,100.0,1,-1.21,2522.503326416016,20.358924356355296,100.0,1,-1.52,2500.9647521972656,21.0389453500437,100.0,1,-2.08,2519.8192443847656,20.443666833340743,100.0,1,-2.09,2549.185943603516,19.516494413232344,100.0,1,-2.11,2553.0669860839844,19.39396121594124,100.0,1,-2.64,2551.5430603027344,19.44207496356205,100.0,1,10
ZINC0000000114620,-0.6,2459.2179565429688,22.35698512258484,100.0,1,-0.67,2464.02685546875,22.20515742067456,100.0,1,-0.72,2456.7810668945312,22.433923182802257,100.0,1,-1.07,2468.6206665039062,22.06012052486071,100.0,1,-1.11,2475.8063354492188,21.833252873971656,100.0,1,-1.37,2445.462280273437,22.791282609069327,100.0,1,-1.56,2454.13134765625,22.517580749506124,100.0,1,-1.7,2451.7908325195312,22.59147605069225,100.0,1,-2.07,2453.21875,22.546393500003816,100.0,1,-2.2,2466.4039916992188,22.13010590959687,100.0,1,10
ZINC0000000115440,-0.59,2562.709686279297,19.08951958939441,100.0,1,-0.62,2554.944732666016,19.334676553751464,100.0,1,-0.65,2556.456359863281,19.28695109995257,100.0,1,-0.66,2556.806640625,19.275891952339794,100.0,1,-0.7,2561.91650390625,19.11456213213737,100.0,1,-0.74,2564.504425048828,19.032855669625512,100.0,1,-0.74,2560.470947265625,19.16020159059024,100.0,1,-0.78,2558.326141357422,19.227917913414217,100.0,1,-1.71,2622.192596435547,17.21151098673033,100.0,1,-2.11,2567.3971252441406,18.94152665029113,100.0,1,10
ZINC0000000116460,-1.6,2528.343078613281,20.174550309505825,100.0,1,-1.76,2529.0779418945312,20.151349031015176,100.0,1,-1.78,2521.619110107422,20.386841044187022,100.0,1,-1.8,2524.120422363281,20.307869018068708,100.0,1,-1.93,2523.004272460937,20.343108368547,100.0,1,-1.98,2520.017364501953,20.4374117378274,100.0,1,-2.21,2575.2998046875,18.69202137323357,100.0,1,-2.23,2520.037811279297,20.436766187304613,100.0,1,-2.72,2519.4212341308594,20.45623290784552,100.0,1,-3.41,2546.56005859375,19.599399479998457,100.0,1,10
ZINC0000000116650,-1.68,2534.303009033203,19.986381967195552,100.0,1,-1.73,2536.764892578125,19.908654793727145,100.0,1,-1.74,2535.4439086914062,19.950361211532226,100.0,1,-1.75,2531.8079528808594,20.06515647412406,100.0,1,-1.81,2535.394500732422,19.95192113137759,100.0,1,-1.87,2538.8770446777344,19.841969424723143,100.0,1,-1.89,2528.488555908203,20.1699572657116,100.0,1,-1.95,2536.076171875,19.93039924775443,100.0,1,-2.02,2524.024200439453,20.310906959558785,100.0,1,-2.12,2527.0903930664062,20.214100395863145,100.0,1,10
ZINC0000000120110,-0.1,2581.454498291016,18.49770392131668,100.0,1,-0.14,2573.247283935547,18.756824047130817,100.0,1,-0.23,2565.656524658203,18.99648130643701,100.0,1,-0.29,2582.367462158203,18.46887960872008,100.0,1,-0.38,2574.309112548828,18.72329974132501,100.0,1,-0.4,2564.16015625,19.043725006114425,100.0,1,-0.57,2562.8170776367188,19.086129003887407,100.0,1,-0.69,2622.671844482422,17.196380053282777,100.0,1,-1.43,2558.8819274902344,19.210370501293298,100.0,1,-2.25,2577.953887939453,18.60822602485096,100.0,1,10
ZINC0000000120120,-0.25,2520.315155029297,20.42800982439253,100.0,1,-0.33,2527.0391540527344,20.215718126203083,100.0,1,-0.33,2522.1106872558594,20.371320853409312,100.0,1,-0.34,2523.576446533203,20.3250435524996,100.0,1,-0.49,2542.633819580078,19.7233596329974,100.0,1,-0.49,2557.544311523437,19.25260203109079,100.0,1,-0.51,2548.551544189453,19.536523822587142,100.0,1,-0.51,2548.8947143554688,19.52568917239498,100.0,1,-0.62,2549.996154785156,19.490914232889807,100.0,1,-1.24,2555.8685913085938,19.30550826871212,100.0,1,10
ZINC0000000120130,-0.23,2501.4545288085938,21.02348200625232,100.0,1,-0.32,2519.5604553222656,20.45183738324111,100.0,1,-0.35,2515.3507385253906,20.584747564308973,100.0,1,-0.45,2516.7381286621094,20.5409445525672,100.0,1,-0.45,2522.8768310546875,20.34713197896962,100.0,1,-0.5,2519.105255126953,20.466209072193205,100.0,1,-0.6,2530.6910400390625,20.100419912308418,100.0,1,-0.64,2524.409454345703,20.29874363149957,100.0,1,-0.71,2499.053436279297,21.099289871300737,100.0,1,-0.92,2517.053955078125,20.53097320576073,100.0,1,10
ZINC0000000120180,-1.52,2482.3048400878906,21.628080538189497,100.0,1,-1.69,2472.1820678710938,21.94767911290644,100.0,1,-1.72,2487.114501953125,21.47622874857314,100.0,1,-1.78,2465.919708251953,22.14539582190452,100.0,1,-1.81,2479.9080810546875,21.70375158506741,100.0,1,-1.97,2477.2466430664062,21.78777913893658,100.0,1,-1.98,2484.250305175781,21.566657851208586,100.0,1,-2.05,2490.1246337890625,21.38119214951983,100.0,1,-2.09,2481.6492614746094,21.64877862226492,100.0,1,-2.43,2485.7542419433594,21.51917520148692,100.0,1,10
ZINC0000000120560,-2.09,2607.9234924316406,17.662018535894497,100.0,1,-2.15,2590.8313903808594,18.2016544515661,100.0,1,-2.18,2594.253936767578,18.093597002117328,100.0,1,-2.23,2606.779510498047,17.698136605890365,100.0,1,-2.62,2584.757293701172,18.39342727821332,100.0,1,-2.73,2606.863525390625,17.695484067697475,100.0,1,-2.76,2618.734741210937,17.320683215216214,100.0,1,-2.78,2598.5847778320312,17.956862656833128,100.0,1,-2.85,2601.2470703125,17.872808124733155,100.0,1,-2.85,2600.4502868652344,17.897964361448786,100.0,1,10
ZINC0000000120590,-1.1,2536.1521606445312,19.92800011222944,100.0,1,-1.5,2562.4657287597656,19.09722187428869,100.0,1,-1.53,2562.598175048828,19.09304024851421,100.0,1,-1.72,2563.525665283203,19.06375730599396,100.0,1,-2.31,2565.605773925781,18.99808362064507,100.0,1,-2.55,2608.358154296875,17.648295287989914,100.0,1,-2.58,2624.931610107422,17.125034194907542,100.0,1,-2.64,2583.125762939453,18.444938355898824,100.0,1,-2.91,2575.279693603516,18.69265632516569,100.0,1,-3.04,2602.173065185547,17.8435723941168,100.0,1,10
ZINC0000000120960,-1.1,2455.116455078125,22.486478703423145,100.0,1,-1.19,2457.9256591796875,22.39778584264153,100.0,1,-1.2,2453.869201660156,22.52585728531321,100.0,1,-1.22,2461.3458557128906,22.28980258332747,100.0,1,-1.23,2446.77880859375,22.74971686346772,100.0,1,-1.25,2454.137084960937,22.51739960995645,100.0,1,-1.34,2470.6870727539062,21.994879454712915,100.0,1,-1.38,2477.76953125,21.771270388701577,100.0,1,-1.51,2458.982818603516,22.364408953596904,100.0,1,-3.01,2546.6708984375,19.59590001806,100.0,1,10
ZINC0000000120980,-0.67,2440.439453125,22.949864503762807,100.0,1,-0.67,2444.971984863281,22.80676233250084,100.0,1,-1.01,2452.335693359375,22.574273574522312,100.0,1,-1.03,2440.629638671875,22.94385992039264,100.0,1,-1.15,2461.5711669921875,22.28268900196964,100.0,1,-1.18,2440.175720214844,22.95819114199853,100.0,1,-1.3,2448.28271484375,22.7022351772543,100.0,1,-1.48,2455.67236328125,22.46892743726925,100.0,1,-1.57,2467.3209838867188,22.1011544139122,100.0,1,-2.38,2457.4024658203125,22.41430422795896,100.0,1,10
ZINC0000000121030,-0.91,2616.053771972656,17.405327414360883,100.0,1,-0.94,2615.54296875,17.421454615331665,100.0,1,-1.06,2624.668731689453,17.13333385491246,100.0,1,-1.08,2614.8130493164062,17.444499805486956,100.0,1,-1.12,2613.357421875,17.490457221660005,100.0,1,-1.12,2614.545623779297,17.452943028220076,100.0,1,-1.15,2611.1065979003906,17.561520772120048,100.0,1,-1.21,2617.282958984375,17.36651922935065,100.0,1,-1.8,2627.6951904296875,17.037781778949164,100.0,1,-2.09,2627.754302978516,17.03591546348254,100.0,1,10
ZINC0000000121510,-1.51,2477.0565490722656,21.79378083178202,100.0,1,-1.56,2469.4265747070312,22.034676199180435,100.0,1,-1.61,2483.824493408203,21.580101681722702,100.0,1,-1.69,2478.12353515625,21.76009369308316,100.0,1,-1.7,2485.8208618164062,21.51707186299252,100.0,1,-1.73,2492.372772216797,21.31021338778517,100.0,1,-1.76,2481.102996826172,21.66602541981403,100.0,1,-1.94,2445.492126464844,22.790340298007703,100.0,1,-3.36,2476.5652465820312,21.809292350985547,100.0,1,-4.71,2508.568725585937,20.798870891668297,100.0,1,10
ZINC0000000121540,-0.85,2384.900634765625,24.703349301105806,100.0,1,-0.89,2395.89111328125,24.35635529651658,100.0,1,-0.91,2390.9053955078125,24.513765565186613,100.0,1,-1.81,2400.5353393554688,24.209726685085347,100.0,1,-1.81,2399.696594238281,24.236207745635056,100.0,1,-1.87,2391.2018432617188,24.50440604611443,100.0,1,-1.91,2411.593994140625,23.86058020308133,100.0,1,-1.92,2394.2652587890625,24.407687161668896,100.0,1,-1.95,2395.216735839844,24.377646901669667,100.0,1,-2.05,2390.2418823242188,24.534714161405205,100.0,1,10
ZINC0000000121880,-2.02,2499.5104370117188,21.0848613353623,100.0,1,-2.04,2504.9708251953125,20.91246465948116,100.0,1,-2.1,2495.2263793945312,21.22011862251004,100.0,1,-2.18,2508.999969482422,20.78525555668693,100.0,1,-2.19,2500.548553466797,21.05208567546129,100.0,1,-2.27,2531.0427856445312,20.08931451629998,100.0,1,-2.3,2507.726348876953,20.82546660969892,100.0,1,-2.6,2495.2635498046875,21.2189450694701,100.0,1,-2.7,2515.465209960937,20.5811334448896,100.0,1,-2.76,2496.8696899414062,21.168235630642737,100.0,1,10
ZINC0000000123480,-0.88,2569.5004272460938,18.8751206986776,100.0,1,-0.96,2529.417694091797,20.140622293746222,100.0,1,-1.0,2535.938507080078,19.934745633438453,100.0,1,-1.27,2521.7407836914062,20.38299953682232,100.0,1,-1.37,2527.1287231445312,20.212890229509973,100.0,1,-1.57,2542.1446228027344,19.73880467013216,100.0,1,-1.74,2568.0017700195312,18.92243666147323,100.0,1,-1.97,2568.049865722656,18.92091817248232,100.0,1,-2.0,2567.896209716797,18.92576943648565,100.0,1,-2.36,2567.875457763672,18.92642462209087,100.0,1,10
ZINC0000000126020,-0.38,2539.512176513672,19.82191689117051,100.0,1,-0.62,2521.1717834472656,20.40096414801244,100.0,1,-0.68,2538.8355712890625,19.843278832425337,100.0,1,-0.86,2550.4948120117188,19.475170508199724,100.0,1,-0.96,2557.240020751953,19.26220917178141,100.0,1,-1.06,2567.6824645996094,18.9325178482194,100.0,1,-1.12,2560.6228637695312,19.15540524655675,100.0,1,-1.13,2556.5321350097656,19.284558708985287,100.0,1,-1.27,2582.0420837402344,18.479152533606587,100.0,1,-1.75,2570.4178771972656,18.84615475036928,100.0,1,10
ZINC0000000126040,-0.68,2547.1754760742188,19.579969372770776,100.0,1,-0.7,2560.0897216796875,19.17223773556139,100.0,1,-1.72,2546.045196533203,19.61565482756556,100.0,1,-1.82,2549.388458251953,19.51010057253201,100.0,1,-1.84,2550.4736328125,19.475839182920343,100.0,1,-1.84,2548.3455200195312,19.54302846673541,100.0,1,-1.86,2548.941864013672,19.524200552159595,100.0,1,-1.88,2552.3975524902344,19.41509673275896,100.0,1,-1.88,2542.252868652344,19.73538710639436,100.0,1,-1.94,2546.4972534179688,19.60138237996248,100.0,1,10
ZINC0000000126060,-0.91,2561.188018798828,19.13756203740524,100.0,1,-1.07,2564.954833984375,19.01863525146756,100.0,1,-1.08,2556.607635498047,19.282174989592185,100.0,1,-1.23,2554.374298095703,19.352686449829008,100.0,1,-1.6,2553.1495361328125,19.39135492614401,100.0,1,-1.67,2573.9883728027344,18.7334262129586,100.0,1,-1.79,2565.445770263672,19.003135294362945,100.0,1,-2.01,2548.8782653808594,19.526208503337937,100.0,1,-2.09,2566.1893005371094,18.979660379531293,100.0,1,-2.1,2588.982940673828,18.26001414584262,100.0,1,10
ZINC0000000127300,-0.24,2601.6316528320312,17.860665993855285,100.0,1,-0.59,2660.101531982422,16.014641047316502,100.0,1,-0.7,2657.5599060058594,16.09488586782378,100.0,1,-0.74,2631.9181518554688,16.90445343530385,100.0,1,-0.74,2633.5535888671875,16.85281902856324,100.0,1,-0.75,2666.136688232422,15.824097657187314,100.0,1,-1.03,2637.7057495117188,16.72172602404161,100.0,1,-1.04,2633.320709228516,16.860171559965323,100.0,1,-1.05,2637.8136596679688,16.71831905889448,100.0,1,-1.07,2632.0272521972656,16.90100889333524,100.0,1,10
ZINC0000000128750,-0.91,2497.4129943847656,21.15108229339319,100.0,1,-1.1,2509.253875732422,20.77723916810544,100.0,1,-1.16,2508.13818359375,20.81246406596008,100.0,1,-1.39,2504.710174560547,20.92069398338434,100.0,1,-1.58,2510.130859375,20.74955083172729,100.0,1,-1.89,2575.802520751953,18.67614950194717,100.0,1,-1.95,2572.314849853516,18.78626307798644,100.0,1,-1.96,2580.5464782714844,18.526372145577923,100.0,1,-1.97,2574.5706481933594,18.715042475682782,100.0,1,-2.62,2591.712829589844,18.17382544298448,100.0,1,10
ZINC0000000129890,-1.39,2529.3046875,20.144190164769928,100.0,1,-1.43,2551.590087890625,19.44059019735964,100.0,1,-1.57,2526.4646911621094,20.23385520536869,100.0,1,-1.91,2612.219207763672,17.526393188597954,100.0,1,-2.08,2551.720428466797,19.43647505365392,100.0,1,-2.23,2583.5162353515625,18.43261026793006,100.0,1,-2.43,2546.219757080078,19.610143560415786,100.0,1,-2.64,2541.5076904296875,19.75891405067113,100.0,1,-2.88,2529.9734497070312,20.12307584513355,100.0,1,-3.46,2609.499267578125,17.612267787768886,100.0,1,10
ZINC0000000129920,-1.46,2469.635009765625,22.028095437880964,100.0,1,-1.58,2490.380798339844,21.373104461328364,100.0,1,-1.62,2508.502685546875,20.80095592350608,100.0,1,-1.62,2470.113677978516,22.012982811090023,100.0,1,-1.72,2481.916717529297,21.640334436023554,100.0,1,-1.92,2479.6325073242188,21.7124520645014,100.0,1,-2.28,2523.438446044922,20.329400536774298,100.0,1,-2.29,2519.296142578125,20.46018232813345,100.0,1,-2.33,2467.9986267089844,22.079759713377108,100.0,1,-3.23,2518.294921875,20.49179310656872,100.0,1,10
ZINC0000000129930,-1.71,2513.299346923828,20.649514588401228,100.0,1,-1.74,2507.6114501953125,20.82909421823369,100.0,1,-1.81,2555.635803222656,19.31285790958947,100.0,1,-1.86,2477.9614868164062,21.76520992185332,100.0,1,-1.92,2542.7733154296875,19.7189554368188,100.0,1,-2.26,2514.851043701172,20.60052404827932,100.0,1,-2.58,2508.456573486328,20.802411784461203,100.0,1,-2.79,2524.430694580078,20.298073029762463,100.0,1,-3.02,2472.3878784179688,21.94118121331587,100.0,1,-4.53,2521.871398925781,20.378875721542418,100.0,1,10
ZINC0000000130960,-0.59,2581.32275390625,18.501863386401567,100.0,1,-0.7,2574.632568359375,18.713087517457804,100.0,1,-0.72,2579.683624267578,18.55361437763958,100.0,1,-0.73,2566.1971740722656,18.97941179440461,100.0,1,-0.76,2567.943725585937,18.92426925415135,100.0,1,-0.83,2601.7300720214844,17.857558679771714,100.0,1,-1.09,2606.501037597656,17.70692861860744,100.0,1,-1.42,2628.825897216797,17.002082835038987,100.0,1,-1.52,2620.2330627441406,17.273377851011258,100.0,1,-2.0,2593.513641357422,18.116969785075227,100.0,1,10
ZINC0000000131650,-0.57,2547.349334716797,19.574480266310594,100.0,1,-0.61,2551.60888671875,19.439996676281964,100.0,1,-0.71,2555.930206298828,19.30356294556957,100.0,1,-0.71,2546.8335571289062,19.590764519124985,100.0,1,-1.35,2575.682891845703,18.679926454259604,100.0,1,-1.37,2554.1783447265625,19.358873136257102,100.0,1,-1.8,2572.7879638671875,18.77132580969572,100.0,1,-1.99,2558.572052001953,19.220153963992388,100.0,1,-2.55,2625.910217285156,17.094137376080315,100.0,1,-2.97,2607.404296875,17.678410701632096,100.0,1,10
ZINC0000000131690,-0.57,2549.187469482422,19.5164462378202,100.0,1,-1.41,2572.9042053222656,18.767655806798253,100.0,1,-1.77,2595.3486328125,18.059034997933853,100.0,1,-2.11,2555.2820739746094,19.324025933633703,100.0,1,-2.16,2571.746124267578,18.80421901760237,100.0,1,-2.18,2572.5569763183594,18.77861860358673,100.0,1,-2.29,2600.658142089844,17.89140190680594,100.0,1,-2.5,2620.221221923828,17.273751692209526,100.0,1,-2.65,2598.7891845703125,17.950409078621732,100.0,1,-2.67,2606.5550231933594,17.705224172525632,100.0,1,10
ZINC0000000134160,-0.97,2569.4512634277344,18.876672910457017,100.0,1,-1.5,2544.0118103027344,19.67985338179446,100.0,1,-1.52,2545.2294921875,19.641408439391824,100.0,1,-1.79,2547.071075439453,19.58326553446997,100.0,1,-1.81,2618.806060791016,17.3184314964524,100.0,1,-1.87,2626.8838806152344,17.063396645588448,100.0,1,-1.92,2576.499725341797,18.654137192628344,100.0,1,-1.93,2577.966796875,18.607818460864184,100.0,1,-2.05,2576.0845336914062,18.667245722273915,100.0,1,-2.15,2624.067626953125,17.152312076774187,100.0,1,10
ZINC0000000135060,-0.53,2503.1229553222656,20.97080604710106,100.0,1,-0.62,2494.809051513672,21.23329459773261,100.0,1,-0.63,2500.317779541016,21.059371724794605,100.0,1,-0.8,2560.720092773437,19.15233550929465,100.0,1,-0.84,2558.331573486328,19.22774640894697,100.0,1,-0.86,2562.67236328125,19.09069795997556,100.0,1,-0.99,2519.2076110839844,20.46297746554629,100.0,1,-1.24,2525.1806640625,20.274394814691544,100.0,1,-1.28,2529.2000732421875,20.14749307102682,100.0,1,-1.72,2534.8452758789062,19.96926138922627,100.0,1,10
ZINC0000000136340,-0.64,2514.236389160156,20.61993006780092,100.0,1,-1.65,2526.245422363281,20.240778012094417,100.0,1,-1.83,2534.7498474121094,19.972274279502024,100.0,1,-1.95,2539.979522705078,19.80716172593771,100.0,1,-2.17,2515.1925048828125,20.589743354548755,100.0,1,-2.22,2520.2081298828125,20.431388847800616,100.0,1,-2.34,2530.521026611328,20.105787616729987,100.0,1,-2.52,2497.276824951172,21.15538146717332,100.0,1,-2.79,3167.32080078125,0.0005935210776677,0.0,1,-2.92,2532.9454345703125,20.029243631383945,100.0,1,10
ZINC0000000138030,-1.17,2520.015899658203,20.437457986223063,100.0,1,-1.44,2548.107940673828,19.55052937840692,100.0,1,-1.5,2551.878387451172,19.43148793498832,100.0,1,-1.58,2576.356658935547,18.65865411927137,100.0,1,-1.58,2564.4224853515625,19.03544268925788,100.0,1,-1.62,2560.662414550781,19.154156539873863,100.0,1,-1.63,2540.7899169921875,19.78157576454572,100.0,1,-1.94,2563.908508300781,19.05167009508593,100.0,1,-2.05,2564.73046875,19.025718964069853,100.0,1,-2.11,2560.7394104003906,19.151725608576857,100.0,1,10
ZINC0000000138540,-1.82,2551.1755981445312,19.45367656631561,100.0,1,-1.84,2554.014953613281,19.364031759389945,100.0,1,-2.03,2576.6573486328125,18.649160672553418,100.0,1,-2.12,2587.2576293945312,18.31448608435877,100.0,1,-2.14,2573.89990234375,18.73621942335496,100.0,1,-2.16,2580.6358947753906,18.523549066426032,100.0,1,-2.18,2585.4520263671875,18.371493013062164,100.0,1,-2.19,2573.2802734375,18.755782494720165,100.0,1,-2.35,2604.531768798828,17.76910284201787,100.0,1,-2.35,2591.2705078125,18.18779053145804,100.0,1,10
ZINC0000000139380,-1.57,2524.658660888672,20.290875623187496,100.0,1,-1.65,2511.4469604492188,20.70799857524109,100.0,1,-2.09,2541.185852050781,19.76907520860146,100.0,1,-2.28,2532.1344299316406,20.0548488629408,100.0,1,-2.35,2532.518798828125,20.042713476620627,100.0,1,-2.67,2557.3884887695312,19.257521704179386,100.0,1,-2.79,2561.7532653808594,19.119715937729,100.0,1,-3.03,2586.247283935547,18.346384951758683,100.0,1,-3.09,2558.4917907714844,19.2226879906714,100.0,1,-4.92,3167.317840576172,0.0006869813772355,0.0,1,10
ZINC0000000139400,-1.43,2523.1256103515625,20.33927745977295,100.0,1,-1.43,2507.637023925781,20.828286798326083,100.0,1,-1.69,2491.943634033203,21.32376224069777,100.0,1,-1.78,2484.9697265625,21.54394410788888,100.0,1,-1.9,2464.8823852539062,22.178146430591216,100.0,1,-2.06,2477.8125,21.76991376909548,100.0,1,-2.13,2516.565795898437,20.54638548361524,100.0,1,-2.15,2475.39453125,21.846254454202256,100.0,1,-2.16,2475.884521484375,21.830784365853177,100.0,1,-2.49,2489.0486450195312,21.415163523150365,100.0,1,10
ZINC0000000139430,-1.0,2626.076416015625,17.088890110189116,100.0,1,-1.01,2621.778778076172,17.224576158504966,100.0,1,-1.03,2596.3998413085938,18.025845992996604,100.0,1,-1.03,2623.8939819335938,17.15779443867667,100.0,1,-1.08,2621.3477783203125,17.238183785420393,100.0,1,-1.09,2604.9786071777344,17.754995154324344,100.0,1,-1.11,2602.0929260253906,17.846102566762834,100.0,1,-1.12,2625.202545166016,17.11648016872648,100.0,1,-1.13,2606.542205810547,17.70562884598768,100.0,1,-1.34,2604.347961425781,17.774906052165264,100.0,1,10
ZINC0000000140070,-0.86,2508.901580810547,20.788361907262253,100.0,1,-0.9,2514.861724853516,20.60018682039428,100.0,1,-0.99,2529.95751953125,20.123578796436377,100.0,1,-1.24,2481.565399169922,21.65142634291659,100.0,1,-1.29,2473.118896484375,21.91810133686383,100.0,1,-1.31,2519.2459411621094,20.461767299193127,100.0,1,-1.31,2496.98388671875,21.16463018279756,100.0,1,-1.49,2523.0476684570312,20.34173825982549,100.0,1,-1.68,2501.187561035156,21.0319107763618,100.0,1,-2.0,2501.821685791016,21.011890038581186,100.0,1,10
ZINC0000000140700,-0.96,2478.086853027344,21.76125182999121,100.0,1,-0.97,2452.301055908203,22.57536715637808,100.0,1,-1.32,2473.944061279297,21.892049037482245,100.0,1,-1.39,2500.1111755371094,21.06589467559949,100.0,1,-1.63,2459.104736328125,22.36055973816625,100.0,1,-1.99,2503.3901977539062,20.9623686054174,100.0,1,-2.06,2500.357696533203,21.058111456012803,100.0,1,-2.13,2535.615631103516,19.94493955064905,100.0,1,-2.34,2552.899169921875,19.39925954776931,100.0,1,-2.52,2496.920837402344,21.16662079082753,100.0,1,10
ZINC0000000143600,-1.08,2505.559631347656,20.893874731441347,100.0,1,-1.1,2504.401611328125,20.930436015228977,100.0,1,-1.2,2513.636962890625,20.63885529670928,100.0,1,-1.66,2544.588134765625,19.661657528626023,100.0,1,-1.72,2501.7818908691406,21.013146453330013,100.0,1,-1.91,2500.526885986328,21.052769766313794,100.0,1,-2.52,2518.951171875,20.471073825311947,100.0,1,-2.72,2524.2616271972656,20.3034108654285,100.0,1,-3.06,2511.524169921875,20.705560899386384,100.0,1,-3.18,2519.661071777344,20.448660696564044,100.0,1,10
ZINC0000000144810,-0.64,2483.9422302246094,21.576384466921336,100.0,1,-0.69,2480.4073791503906,21.687987626704224,100.0,1,-0.72,2483.0104064941406,21.605804227612097,100.0,1,-0.73,2465.679016113281,22.1529950114168,100.0,1,-0.74,2467.373107910156,22.09950874183321,100.0,1,-0.83,2498.596405029297,21.11371937074741,100.0,1,-0.86,2456.2510681152344,22.45065643045787,100.0,1,-0.88,2478.270538330078,21.755452473876787,100.0,1,-0.91,2490.027313232422,21.38426477730665,100.0,1,-0.95,2497.8953857421875,21.13585211859661,100.0,1,10
ZINC0000000144820,-0.27,2543.4835205078125,19.69653267298846,100.0,1,-0.27,2533.1417236328125,20.02304634636518,100.0,1,-0.45,2543.5972290039062,19.692942641275167,100.0,1,-0.5,2538.947326660156,19.83975046523959,100.0,1,-0.55,2532.0982971191406,20.055989656700472,100.0,1,-0.56,2540.514953613281,19.79025697381485,100.0,1,-0.6,2545.0645751953125,19.646615237936818,100.0,1,-0.63,2537.6543884277344,19.88057141896938,100.0,1,-0.63,2541.72509765625,19.752050017948232,100.0,1,-0.64,2534.903533935547,19.96742205199044,100.0,1,10
ZINC0000000145140,-1.08,2561.1163330078125,19.13982531826797,100.0,1,-1.13,2559.20654296875,19.200121664112856,100.0,1,-2.44,2594.4119262695312,18.08860891994349,100.0,1,-2.82,2601.072326660156,17.878325172932385,100.0,1,-3.11,2605.965606689453,17.7238333707303,100.0,1,-3.26,2613.2022705078125,17.49535569756725,100.0,1,-3.28,2596.0528259277344,18.036802045227383,100.0,1,-3.36,2606.658264160156,17.701964624139674,100.0,1,-3.6,2604.114013671875,17.78229230635585,100.0,1,-3.95,2607.9165649414062,17.66223725226565,100.0,1,10
ZINC0000000148640,-1.38,2504.8595581054688,20.915977610535013,100.0,1,-1.46,2510.3383178710938,20.7430009026916,100.0,1,-1.47,2509.0738220214844,20.782923866738948,100.0,1,-1.57,2485.3321838378906,21.53250052048715,100.0,1,-1.59,2489.8817443847656,21.388860711625608,100.0,1,-1.6,2504.794189453125,20.91804144519145,100.0,1,-1.78,2518.015014648437,20.500630404173208,100.0,1,-1.86,2496.2281494140625,21.18849050092639,100.0,1,-2.11,2515.0990600585938,20.59269361678872,100.0,1,-2.57,2521.283264160156,20.397444452400883,100.0,1,10
ZINC0000000148970,-0.15,2589.4696044921875,18.24464907989202,100.0,1,-0.3,2589.8655700683594,18.232147560439525,100.0,1,-0.39,2590.809967041016,18.20233083435266,100.0,1,-0.64,2603.800994873047,17.792175010403962,100.0,1,-0.67,2605.456329345703,17.739912396288936,100.0,1,-0.71,2601.8302307128906,17.854396445718297,100.0,1,-0.84,2605.0494384765625,17.75275885169242,100.0,1,-1.02,2603.3699951171875,17.805782637319385,100.0,1,-1.1,2595.628234863281,18.050207335411788,100.0,1,-1.12,2595.87548828125,18.042400991627268,100.0,1,10
ZINC0000000149000,-0.14,2574.109680175781,18.72959626769281,100.0,1,-0.69,2613.1524658203125,17.496928143019773,100.0,1,-0.81,2612.99609375,17.501865159256734,100.0,1,-0.89,2606.9503479003906,17.692742886746235,100.0,1,-1.07,2609.6109313964844,17.608742311107868,100.0,1,-1.07,2599.3330993652344,17.93323647120733,100.0,1,-1.17,2604.0379333496094,17.784694332405564,100.0,1,-1.21,2608.800994873047,17.63431381987622,100.0,1,-1.33,2608.5928649902344,17.640884946093255,100.0,1,-1.38,2594.601928710937,18.08261011762277,100.0,1,10
ZINC0000000149010,-0.5,2610.901733398437,17.567988802955085,100.0,1,-0.63,2643.1632690429688,16.549419917935303,100.0,1,-0.68,2636.735076904297,16.752372330725667,100.0,1,-0.75,2632.215759277344,16.89505730291844,100.0,1,-0.89,2637.5125732421875,16.727825031219595,100.0,1,-1.15,2636.5762634277344,16.75738642762207,100.0,1,-1.26,2656.4224243164062,16.130798710563894,100.0,1,-1.62,2668.5352478027344,15.748369763323064,100.0,1,-1.83,2663.317352294922,15.913110402705591,100.0,1,-1.88,2662.210205078125,15.9480655182522,100.0,1,10
ZINC0000000149440,-1.16,2513.4694213867188,20.64414495696317,100.0,1,-1.17,2526.1597900390625,20.243481616224184,100.0,1,-1.28,2528.2691040039062,20.176885853486777,100.0,1,-1.38,2498.71533203125,21.10996457912457,100.0,1,-1.88,2524.9090576171875,20.28297003805396,100.0,1,-1.89,2522.3331604003906,20.36429687831808,100.0,1,-2.03,2529.347869873047,20.14282680060613,100.0,1,-2.38,2539.9926147460938,19.80674838090148,100.0,1,-2.44,2534.6275329589844,19.97613602053984,100.0,1,-3.26,2539.7294921875,19.81505574897234,100.0,1,10
ZINC0000000149450,-1.75,2553.5681762695312,19.37813752006699,100.0,1,-2.1,2563.130187988281,19.076243409314568,100.0,1,-2.11,2543.254608154297,19.70375994831896,100.0,1,-2.35,2536.4342651367188,19.919093442031453,100.0,1,-2.44,2539.569732666016,19.82009971462428,100.0,1,-2.51,2522.715362548828,20.35222990108316,100.0,1,-2.51,2535.5582580566406,19.946750946145823,100.0,1,-2.64,2537.7880859375,19.876350289356942,100.0,1,-2.69,2540.604034423828,19.78744449325363,100.0,1,-2.8,2538.5525817871094,19.85221344436237,100.0,1,10
ZINC0000000149530,-1.31,2459.783569335937,22.33912746080969,100.0,1,-1.51,2466.278839111328,22.134057256901283,100.0,1,-1.51,2463.125305175781,22.233621381188296,100.0,1,-1.67,2481.02001953125,21.66864519872665,100.0,1,-1.92,2513.544311523437,20.64178050773493,100.0,1,-1.92,2479.5092163085938,21.716344637803,100.0,1,-2.14,2488.4190368652344,21.435041661711026,100.0,1,-2.79,2504.353302001953,20.9319612487776,100.0,1,-3.02,2505.5780334472656,20.89329373597084,100.0,1,-3.19,2491.0014038085938,21.35351055769938,100.0,1,10
ZINC0000000150950,-0.64,2589.3458251953125,18.248557069325496,100.0,1,-0.64,2591.510498046875,18.180213502635347,100.0,1,-0.7,2592.045379638672,18.163326093660864,100.0,1,-0.72,2592.3875732421875,18.15252227573248,100.0,1,-0.86,2596.267120361328,18.03003629034527,100.0,1,-1.22,2634.9405822753906,16.809028542428624,100.0,1,-1.24,2629.640411376953,16.976366800034192,100.0,1,-1.32,2625.0882263183594,17.120089470604636,100.0,1,-1.38,2618.2770385742188,17.335133911844235,100.0,1,-1.43,2631.7447509765625,16.90992808914039,100.0,1,10
ZINC0000000151290,-1.29,2562.7167053222656,19.08929798249853,100.0,1,-1.32,2575.942657470703,18.67172507209547,100.0,1,-1.53,2577.251678466797,18.630396349521632,100.0,1,-1.94,2559.5948486328125,19.18786198522934,100.0,1,-1.97,2572.3443298339844,18.785332329023728,100.0,1,-1.99,2550.510986328125,19.47465984883096,100.0,1,-2.03,2563.8912353515625,19.05221544075145,100.0,1,-2.09,2570.9579162597656,18.829104508501725,100.0,1,-2.23,2570.6170654296875,18.839865932067426,100.0,1,-2.25,2582.7295837402344,18.457446619909025,100.0,1,10
ZINC0000000152000,-1.41,2506.5443725585938,20.862784247457284,100.0,1,-1.42,2510.9905700683594,20.722407841014665,100.0,1,-1.51,2507.3223876953125,20.83822056831108,100.0,1,-1.55,2548.017639160156,19.553380399297858,100.0,1,-1.63,2506.8201904296875,20.854076059957343,100.0,1,-2.54,2525.454071044922,20.2657627443428,100.0,1,-2.6,2522.054077148437,20.37310816120001,100.0,1,-2.66,2526.6866149902344,20.22684857342584,100.0,1,-4.54,2579.8522033691406,18.548291958105427,100.0,1,-4.77,2589.0904235839844,18.25662066981089,100.0,1,10
ZINC0000000153780,-0.05,2607.1656494140625,17.6859453360921,100.0,1,-1.0,2631.719116210937,16.910737436064483,100.0,1,-1.3,2653.607727050781,16.219665002829245,100.0,1,-1.34,2649.2481689453125,16.357306009370078,100.0,1,-1.39,2653.8965759277344,16.210545397309563,100.0,1,-1.43,2643.1224975585938,16.55070716494791,100.0,1,-1.46,2649.5252990722656,16.348556391015695,100.0,1,-1.5,2654.9534606933594,16.177177179839124,100.0,1,-1.53,2649.537353515625,16.34817580525972,100.0,1,-1.59,2656.1689453125,16.138801610029983,100.0,1,10
ZINC0000000154140,-0.61,2414.251342773437,23.77668175931672,100.0,1,-0.7,2419.263610839844,23.618433238475305,100.0,1,-0.76,2428.554443359375,23.32510086196989,100.0,1,-0.81,2404.679077148437,24.07889960883878,100.0,1,-0.81,2416.9088745117188,23.692777534502653,100.0,1,-1.25,2408.967041015625,23.943518992635944,100.0,1,-1.65,2418.921142578125,23.62924572797788,100.0,1,-2.25,2421.4400024414062,23.54971968461986,100.0,1,-2.4,2428.32861328125,23.332230822967848,100.0,1,-3.31,2499.078125,21.098510393132173,100.0,1,10
ZINC0000000154360,-0.43,2616.376678466797,17.395132533642048,100.0,1,-0.44,2599.1261596679688,17.93977002060289,100.0,1,-0.47,2617.1846923828125,17.369621725893005,100.0,1,-0.49,2599.457275390625,17.929315956166693,100.0,1,-0.5,2598.414825439453,17.962228434238213,100.0,1,-0.5,2594.3756408691406,18.089754531244377,100.0,1,-0.5,2601.760498046875,17.85659806205348,100.0,1,-0.51,2601.331970214844,17.870127644801222,100.0,1,-0.51,2591.1881408691406,18.19039104020581,100.0,1,-0.51,2598.577545166016,17.95709100828671,100.0,1,10
ZINC0000000157520,-2.09,2567.286499023437,18.945019367671893,100.0,1,-2.1,2567.033172607422,18.953017449596764,100.0,1,-2.3,2583.6714782714844,18.42770890149809,100.0,1,-2.45,2581.473999023437,18.497088239549424,100.0,1,-2.54,2579.322265625,18.56502327874455,100.0,1,-2.64,2578.710235595703,18.58434643655726,100.0,1,-2.64,2575.154327392578,18.6966144170278,100.0,1,-2.67,2578.380798339844,18.59474750804009,100.0,1,-2.78,2522.5581665039062,20.357192932042683,100.0,1,-4.1,2534.097595214844,19.992867341178965,100.0,1,10
ZINC0000000158570,-0.91,2572.8505859375,18.769348690781147,100.0,1,-0.96,2567.273956298828,18.94541536955976,100.0,1,-0.97,2565.497833251953,19.001491549300443,100.0,1,-0.99,2570.4295043945312,18.845787653728703,100.0,1,-1.2,2571.4021606445312,18.815078719008856,100.0,1,-1.37,2540.1177978515625,19.802796070088828,100.0,1,-2.0,2574.847930908203,18.706288039787182,100.0,1,-2.09,2581.808532714844,18.48652626219002,100.0,1,-2.61,2597.2354736328125,17.99946321028768,100.0,1,-3.1,2608.4761352539062,17.644570365122604,100.0,1,10
ZINC0000000159780,-1.4,2481.6216430664062,21.6496505972248,100.0,1,-1.55,2481.027404785156,21.66841202973185,100.0,1,-1.64,2452.239990234375,22.577295136372257,100.0,1,-1.76,2472.791381835937,21.928441707327355,100.0,1,-1.77,2480.4810791015625,21.68566075429746,100.0,1,-1.88,2484.2326049804688,21.567216685989504,100.0,1,-1.89,2471.857421875,21.95792891359512,100.0,1,-1.92,2483.554626464844,21.58862198511526,100.0,1,-2.04,2470.7197265625,21.99384850089294,100.0,1,-2.35,2479.843017578125,21.705805784641417,100.0,1,10
ZINC0000000159800,-0.93,2533.913604736328,19.99867633237581,100.0,1,-1.2,2532.425811767578,20.045649286236948,100.0,1,-1.32,2536.5762939453125,19.91460927466868,100.0,1,-1.32,2528.1472778320312,20.180732178392702,100.0,1,-1.37,2529.2000122070312,20.147494998043307,100.0,1,-1.47,2525.8623046875,20.252873894576627,100.0,1,-1.47,2534.75390625,19.97214613290571,100.0,1,-1.5,2526.920928955078,20.21945075713634,100.0,1,-1.54,2529.1884765625,20.14785920415915,100.0,1,-3.04,2533.8190307617188,20.001662244420768,100.0,1,10
ZINC0000000160500,-0.93,2436.415405273437,23.07691270068046,100.0,1,-0.95,2440.04052734375,22.96245948351488,100.0,1,-0.96,2430.2487182617188,23.27160881133684,100.0,1,-1.0,2462.0591735839844,22.267281541656352,100.0,1,-1.06,2438.37353515625,23.015090157778715,100.0,1,-1.16,2479.8357543945312,21.706035099603245,100.0,1,-1.25,2420.0191650390625,23.594578701395925,100.0,1,-1.52,2439.24462890625,22.98758777849146,100.0,1,-2.49,2437.1398315429688,23.054040942008903,100.0,1,-2.79,2437.201110839844,23.052106217457027,100.0,1,10
ZINC0000000161400,-1.24,2468.644561767578,22.059366097906462,100.0,1,-1.33,2472.1181640625,21.94969669916721,100.0,1,-1.49,2482.402740478516,21.62498960374606,100.0,1,-1.87,2448.1742553710938,22.7056594855498,100.0,1,-2.03,2454.3140869140625,22.51181126214724,100.0,1,-2.09,2488.7740783691406,21.423832206812342,100.0,1,-2.35,2459.329162597656,22.35347409854747,100.0,1,-2.6,2485.6783447265625,21.521571446487176,100.0,1,-2.68,2474.60986328125,21.87102817814543,100.0,1,-3.13,2473.831420898437,21.895605346407034,100.0,1,10
ZINC0000000161930,-0.06,2714.039978027344,14.311683585742946,100.0,1,-0.09,2714.6671142578125,14.291883491349967,100.0,1,-0.09,2713.756164550781,14.32064421240254,100.0,1,-0.09,2721.371307373047,14.08021711001021,100.0,1,-0.17,2712.579040527344,14.35780865235027,100.0,1,-0.18,2717.6756896972656,14.196896031217053,100.0,1,-0.25,2710.403106689453,14.426507753582074,100.0,1,-0.37,2695.6891479492188,14.891060362403971,100.0,1,-0.51,2710.7018432617188,14.417075971391668,100.0,1,-0.52,2705.745086669922,14.573571870739125,100.0,1,10
ZINC0000000162860,-0.66,2584.923583984375,18.388177121797387,100.0,1,-0.68,2572.0328369140625,18.79516685765969,100.0,1,-0.69,2580.536895751953,18.526674687166217,100.0,1,-0.8,2593.6587829589844,18.11238733987168,100.0,1,-1.23,2587.7049255371094,18.3003639440416,100.0,1,-1.24,2590.058380126953,18.226060115360458,100.0,1,-1.25,2589.6023864746094,18.240456855526872,100.0,1,-1.37,2601.437866210937,17.866784271198124,100.0,1,-1.48,2596.274169921875,18.029813719941146,100.0,1,-1.63,2607.015106201172,17.690698322254658,100.0,1,10
ZINC0000000164050,-0.66,2527.608123779297,20.197754478521205,100.0,1,-0.68,2527.818389892578,20.191115906727163,100.0,1,-0.68,2523.240173339844,20.33566044982885,100.0,1,-0.69,2522.299041748047,20.36537408053372,100.0,1,-0.73,2521.6502685546875,20.38585730227096,100.0,1,-0.73,2530.8929138183594,20.09404630528119,100.0,1,-0.77,2532.729736328125,20.03605370764524,100.0,1,-0.82,2531.080810546875,20.08811398502924,100.0,1,-2.2,2579.656646728516,18.554466118926364,100.0,1,-2.72,2622.295837402344,17.208251438344373,100.0,1,10
ZINC0000000164700,-0.39,2598.497009277344,17.9596337065399,100.0,1,-0.42,2595.596008300781,18.05122480011636,100.0,1,-0.44,2603.5557861328125,17.799916799136202,100.0,1,-0.49,2603.219024658203,17.810549112597347,100.0,1,-0.5,2602.1131591796875,17.84546376079775,100.0,1,-0.54,2599.952392578125,17.9136839984328,100.0,1,-0.56,2600.092529296875,17.90925956858109,100.0,1,-0.59,2606.9692993164062,17.692144548127352,100.0,1,-0.62,2596.6970825195312,18.016461422710105,100.0,1,-0.63,2594.5167236328125,18.08530023263713,100.0,1,10
ZINC0000000168990,-1.42,2448.2816772460938,22.70226793653456,100.0,1,-1.44,2461.9228515625,22.27158553297769,100.0,1,-1.57,2417.944580078125,23.660077991752832,100.0,1,-1.64,2457.3854370117188,22.414841865558536,100.0,1,-1.64,2437.880126953125,23.030668159051007,100.0,1,-1.79,2453.2535400390625,22.54529510060684,100.0,1,-1.91,2455.0084228515625,22.48988952260325,100.0,1,-1.97,2443.189514160156,22.863038921956065,100.0,1,-2.2,2487.766967773437,21.455628942338503,100.0,1,-2.26,2457.9267578125,22.397751156344786,100.0,1,10
ZINC0000000169120,-0.66,2508.768310546875,20.79256954775929,100.0,1,-1.17,2491.7105102539062,21.3311224801658,100.0,1,-1.31,2504.542266845703,20.925995205737145,100.0,1,-1.84,2521.452209472656,20.39211047076781,100.0,1,-2.27,2518.378631591797,20.48915020345825,100.0,1,-3.01,2547.256164550781,19.57742185697637,100.0,1,-3.09,2584.316192626953,18.407353826357163,100.0,1,-3.17,2579.811462402344,18.54957824160979,100.0,1,-3.18,2585.794189453125,18.36069015864202,100.0,1,-3.35,2574.0397033691406,18.731805592093927,100.0,1,10
ZINC0000000169140,-0.36,2554.111358642578,19.36098803685041,100.0,1,-0.37,2559.569396972656,19.188665551103977,100.0,1,-0.39,2546.4017944335938,19.60439623374648,100.0,1,-0.51,2543.9263305664062,19.68255216838301,100.0,1,-0.58,2562.2537536621094,19.10391440254434,100.0,1,-0.7,2531.815460205078,20.06491945109629,100.0,1,-1.04,2556.813537597656,19.27567419947688,100.0,1,-1.23,2547.77978515625,19.560889982543543,100.0,1,-3.1,2609.697204589844,17.606018473305003,100.0,1,-3.69,2624.8977966308594,17.12610176204075,100.0,1,10
ZINC0000000169550,-2.68,2621.784698486328,17.224389237905832,100.0,1,-2.82,2618.904296875,17.315329963418293,100.0,1,-2.82,2629.593811035156,16.977838077121206,100.0,1,-2.83,2626.6533203125,17.070675950364063,100.0,1,-2.99,2623.931671142578,17.156604505996604,100.0,1,-3.02,2628.180389404297,17.02246296139423,100.0,1,-3.04,2621.4737243652344,17.234207386901666,100.0,1,-3.05,2631.149871826172,16.92870975532055,100.0,1,-3.1,2622.625518798828,17.1978426587956,100.0,1,-3.6,2607.15771484375,17.686195848235272,100.0,1,10
ZINC0000000169700,-0.18,2582.7394104003906,18.45713637025479,100.0,1,-0.26,2587.300170898437,18.31314295386808,100.0,1,-0.27,2586.270477294922,18.34565268549403,100.0,1,-0.28,2585.310852050781,18.375950202194133,100.0,1,-0.3,2597.462158203125,17.992306271058915,100.0,1,-0.42,2587.802215576172,18.29729227976302,100.0,1,-0.44,2595.0213317871094,18.06936862383968,100.0,1,-0.46,2585.83935546875,18.359264166442426,100.0,1,-0.54,2654.989532470703,16.176038313095933,100.0,1,-0.77,2630.658447265625,16.94422512855705,100.0,1,10
ZINC0000000170580,-1.42,2544.2960205078125,19.670880229527704,100.0,1,-1.44,2551.0414428710938,19.4579121485517,100.0,1,-1.45,2552.362274169922,19.41621054828784,100.0,1,-1.48,2549.3859252929688,19.51018054371617,100.0,1,-1.48,2548.6993713378906,19.53185658865821,100.0,1,-1.5,2552.335174560547,19.417066143607588,100.0,1,-1.51,2547.5674743652344,19.567593109389865,100.0,1,-1.52,2553.937530517578,19.366476179802355,100.0,1,-1.52,2544.576538085937,19.662023661758347,100.0,1,-1.53,2550.9153747558594,19.461892401103395,100.0,1,10
ZINC0000000170710,-1.03,2529.6470336914062,20.133381529300323,100.0,1,-1.7,2536.424041748047,19.919416217292845,100.0,1,-2.48,2536.1477966308594,19.928137893908183,100.0,1,-2.89,2529.39990234375,20.14118401905187,100.0,1,-3.14,2529.8309631347656,20.12757446511996,100.0,1,-3.41,2567.188995361328,18.94809777650817,100.0,1,-4.09,2564.07763671875,19.046330332403407,100.0,1,-4.48,2544.625732421875,19.66047048647069,100.0,1,-5.09,2558.522674560547,19.221712920329505,100.0,1,-5.1,2553.3351440429688,19.385494869010284,100.0,1,10
ZINC0000000170860,0.14,2654.8033447265625,16.181916676886278,100.0,1,0.12,2657.3277587890625,16.10221527502803,100.0,1,-0.01,2688.8002319335938,15.10855885913841,100.0,1,-0.06,2638.521545410156,16.695969521690614,100.0,1,-0.07,2645.012725830078,16.491028427886764,100.0,1,-0.08,2685.705352783203,15.20627112058244,100.0,1,-0.13,2638.1412353515625,16.70797676141447,100.0,1,-0.36,2646.215759277344,16.453045969440755,100.0,1,-0.59,2684.126007080078,15.256134599172476,100.0,1,-0.61,2678.780792236328,15.424894994944664,100.0,1,10
ZINC0000000171060,-0.69,2533.8533630371094,20.00057829764743,100.0,1,-0.83,2500.40380859375,21.05665559505768,100.0,1,-1.23,2543.8348388671875,19.685440766095425,100.0,1,-1.25,2550.6896057128906,19.469020435084865,100.0,1,-1.26,2516.6372680664062,20.54412894731021,100.0,1,-1.28,2535.583465576172,19.945955088337133,100.0,1,-1.3,2533.0911560058594,20.02464287952378,100.0,1,-1.31,2515.4025268554688,20.583112490820657,100.0,1,-1.59,2531.2544555664062,20.08263162312676,100.0,1,-1.88,2519.092742919922,20.466604110572824,100.0,1,10
ZINC0000000171160,-1.26,2574.988342285156,18.701854938361294,100.0,1,-1.27,2560.181915283203,19.169326977159383,100.0,1,-1.27,2559.439392089844,19.19277009621901,100.0,1,-1.34,2556.891357421875,19.27321725345732,100.0,1,-1.34,2560.3160705566406,19.16509139492329,100.0,1,-1.35,2559.967193603516,19.1761062211569,100.0,1,-1.36,2567.3042907714844,18.944457642366245,100.0,1,-1.37,2568.8551025390625,18.89549504398338,100.0,1,-1.43,2552.216339111328,19.420818044705705,100.0,1,-1.98,2537.961151123047,19.870886234111072,100.0,1,10
ZINC0000000171710,-0.54,2612.5535583496094,17.515836992288,100.0,1,-0.61,2622.376281738281,17.205711630615912,100.0,1,-0.66,2606.06494140625,17.720697151399442,100.0,1,-0.69,2627.672790527344,17.0384889939995,100.0,1,-0.74,2615.6638793945312,17.41763719567303,100.0,1,-1.25,2624.0848388671875,17.151768658125153,100.0,1,-1.51,2632.9332275390625,16.87240522412628,100.0,1,-1.54,2615.2174682617188,17.431731394251155,100.0,1,-2.15,2655.585327148437,16.157227741668486,100.0,1,-2.32,2664.493530273437,15.875975831513395,100.0,1,10
ZINC0000000171720,-0.54,2620.3434143066406,17.269893805204685,100.0,1,-0.62,2626.5070190429688,17.075295008880847,100.0,1,-0.74,2611.552673339844,17.5474371721326,100.0,1,-0.77,2614.894805908203,17.441918566904047,100.0,1,-0.88,2612.565734863281,17.51545255249906,100.0,1,-0.99,2622.8834228515625,17.189700050634286,100.0,1,-1.19,2627.846099853516,17.03301723068769,100.0,1,-1.38,2619.8505859375,17.285453499820363,100.0,1,-1.7,2628.002899169922,17.028066725335325,100.0,1,-2.41,2669.9988708496094,15.70215990799036,100.0,1,10
ZINC0000000176860,-0.57,2584.2709350585938,18.40878270908148,100.0,1,-0.65,2605.474548339844,17.739337181867885,100.0,1,-0.68,2597.937805175781,17.977289031584032,100.0,1,-0.68,2610.673248291016,17.575202589170182,100.0,1,-0.7,2603.137420654297,17.81312553363904,100.0,1,-0.72,2598.7400817871094,17.951959363384667,100.0,1,-0.72,2610.331115722656,17.58600448008209,100.0,1,-0.74,2600.7185668945312,17.889494160484862,100.0,1,-0.74,2603.177276611328,17.811867191873727,100.0,1,-0.75,2607.5855102539062,17.67268938968536,100.0,1,10
ZINC0000000178200,-1.04,2539.849029541016,19.81128168718464,100.0,1,-1.11,2539.3471069335938,19.82712850725672,100.0,1,-1.18,2547.467193603516,19.570759197476256,100.0,1,-1.19,2541.1730041503906,19.76948084557176,100.0,1,-1.2,2537.894592285156,19.872987645588985,100.0,1,-1.27,2535.32470703125,19.95412467472925,100.0,1,-1.28,2540.682098388672,19.78497983916812,100.0,1,-1.46,2540.798767089844,19.78129634715526,100.0,1,-1.79,2527.354736328125,20.20575448746256,100.0,1,-1.84,2536.2469787597656,19.92500649211854,100.0,1,10
ZINC0000000179330,-3.87,2542.6119079589844,19.72405143191585,100.0,1,-3.93,2544.2662963867188,19.67181868655636,100.0,1,-3.97,2545.294677734375,19.639350385784844,100.0,1,-3.99,2539.0311584472656,19.83710370809616,100.0,1,-4.0,2545.261260986328,19.64040542731089,100.0,1,-4.11,2546.02197265625,19.61638805733845,100.0,1,-4.14,2549.710906982422,19.49992014443682,100.0,1,-4.15,2546.607940673828,19.59788773556524,100.0,1,-4.25,2549.378173828125,19.510425274809894,100.0,1,-4.27,2553.750915527344,19.3723680327081,100.0,1,10
ZINC0000000179990,-0.62,2653.889892578125,16.21075640561477,100.0,1,-0.64,2648.7813415527344,16.372044794962747,100.0,1,-0.65,2648.0393981933594,16.39546960736577,100.0,1,-0.66,2645.729553222656,16.46839658276771,100.0,1,-0.66,2636.5819396972656,16.75720721508888,100.0,1,-0.66,2637.6187744140625,16.72447202253407,100.0,1,-0.66,2634.1036071777344,16.835453719500244,100.0,1,-0.69,2634.7899169921875,16.813785382624154,100.0,1,-0.71,2645.420959472656,16.478139578120594,100.0,1,-0.73,2643.4874877929688,16.53918360636202,100.0,1,10
ZINC0000000180870,-1.71,2485.2691040039062,21.534492092025364,100.0,1,-1.81,2476.496459960937,21.8114640985652,100.0,1,-1.81,2478.156555175781,21.759051177164267,100.0,1,-2.72,2446.0361328125,22.77316480006857,100.0,1,-3.07,2446.2037353515625,22.7678732127982,100.0,1,-3.35,2507.3054809570312,20.83875435187768,100.0,1,-3.36,2444.827087402344,22.811337069638444,100.0,1,-3.42,2447.573547363281,22.72462518180437,100.0,1,-3.53,2437.922607421875,23.0293269555768,100.0,1,-4.76,2526.379638671875,20.236540502841848,100.0,1,10
ZINC0000000181610,-3.19,2443.1737060546875,22.86353801922592,100.0,1,-3.21,2432.5787963867188,23.19804302996981,100.0,1,-3.24,2448.5094604492188,22.695076311009053,100.0,1,-3.24,2441.175109863281,22.92663817405784,100.0,1,-3.25,2440.6422119140625,22.943462954996534,100.0,1,-3.26,2444.6590576171875,22.816642146024225,100.0,1,-3.29,2443.8639526367188,22.84174538978649,100.0,1,-3.41,2452.8148803710938,22.559144568091245,100.0,1,-3.48,2452.816467285156,22.55909446566261,100.0,1,-3.67,2449.932861328125,22.65013635954057,100.0,1,10
ZINC0000000183170,-0.64,2546.5404663085938,19.60001805229044,100.0,1,-0.65,2556.7670288085938,19.27714258603917,100.0,1,-0.67,2545.595764160156,19.629844413459733,100.0,1,-0.68,2546.3675231933594,19.60547825350333,100.0,1,-0.68,2551.085266113281,19.4565285507148,100.0,1,-0.71,2549.032745361328,19.52133122461204,100.0,1,-0.73,2556.3963623046875,19.288845357158245,100.0,1,-0.74,2557.995178222656,19.238367160309195,100.0,1,-0.75,2554.9231872558594,19.335356790571,100.0,1,-1.17,2532.447662353516,20.044959414334983,100.0,1,10
ZINC0000000184100,-1.32,2497.6919555664062,21.14227486454423,100.0,1,-1.35,2527.329345703125,20.20655612632071,100.0,1,-1.46,2523.3980102539062,20.330677185196222,100.0,1,-1.47,2516.498291015625,20.54851676384868,100.0,1,-1.52,2515.7427978515625,20.57236937391157,100.0,1,-1.56,2487.954162597656,21.44971878277614,100.0,1,-1.57,2534.660858154297,19.97508386953852,100.0,1,-1.84,2547.77392578125,19.5610749761262,100.0,1,-1.86,2511.872131347656,20.69457497840007,100.0,1,-1.9,2524.129821777344,20.30757225752988,100.0,1,10
ZINC0000000184600,-2.3,2473.7173461914062,21.899206940219244,100.0,1,-2.69,2470.111328125,22.01305700122473,100.0,1,-2.69,2476.2262573242188,21.819995000548428,100.0,1,-2.74,2479.97265625,21.70171280162529,100.0,1,-2.79,2479.297149658203,21.72304005658337,100.0,1,-2.9,2492.883270263672,21.29409582189681,100.0,1,-2.95,2496.4012451171875,21.183025482172287,100.0,1,-2.96,2486.645904541016,21.491023417643905,100.0,1,-3.04,2494.3761596679688,21.2469619621591,100.0,1,-3.14,2490.293701171875,21.3758543138538,100.0,1,10
ZINC0000000184610,-2.41,3167.317138671875,0.0007091420668238,0.0,1,-2.56,2520.1778564453125,20.43234464797764,100.0,1,-2.56,2510.3491821289062,20.74265789375711,100.0,1,-2.82,2522.6315307617188,20.35487665822659,100.0,1,-3.08,2529.652801513672,20.133199426242403,100.0,1,-3.11,2558.6392822265625,19.218031355333128,100.0,1,-3.25,2540.83984375,19.779999465060225,100.0,1,-3.32,2523.936462402344,20.31367704575732,100.0,1,-4.15,2592.527282714844,18.14811133499617,100.0,1,-4.27,2583.330017089844,18.43848959522865,100.0,1,10
ZINC0000000184730,-1.25,2566.120513916016,18.98183212711094,100.0,1,-1.31,2556.2876586914062,19.292277373519696,100.0,1,-1.32,2551.6869506835938,19.437532022196454,100.0,1,-1.37,2564.1842041015625,19.04296576161897,100.0,1,-1.38,2553.4750366210938,19.381078147224525,100.0,1,-1.38,2558.749420166016,19.214554054084264,100.0,1,-1.4,2554.6913146972656,19.342677526201065,100.0,1,-1.4,2558.9473571777344,19.208304739620377,100.0,1,-1.49,2550.425048828125,19.477373088043148,100.0,1,-1.53,2556.0957946777344,19.29833494984323,100.0,1,10
ZINC0000000188790,-0.83,2448.666381835937,22.69012195162372,100.0,1,-1.06,2468.2877807617188,22.070630472775,100.0,1,-1.08,2468.3944091796875,22.067263974974068,100.0,1,-1.85,2448.336975097656,22.700522059598303,100.0,1,-2.1,2504.0867919921875,20.94037556626343,100.0,1,-2.21,2489.6935424804688,21.394802666959983,100.0,1,-2.33,2476.834716796875,21.80078457320015,100.0,1,-2.35,2501.864013671875,21.010553652648188,100.0,1,-2.42,2488.8414306640625,21.42170574412012,100.0,1,-2.58,2472.101318359375,21.95022855571733,100.0,1,10
ZINC0000000189140,-1.14,2456.7816772460938,22.4339039126374,100.0,1,-1.35,2436.5786743164062,23.071757931580585,100.0,1,-1.35,2437.916748046875,23.02951194915945,100.0,1,-1.36,2448.6398315429688,22.690960203795097,100.0,1,-1.39,2442.344665527344,22.889712684154368,100.0,1,-1.43,2438.7765502929688,23.00236606792209,100.0,1,-1.44,2465.539459228516,22.15740113461189,100.0,1,-1.55,2450.317657470703,22.637987484105004,100.0,1,-1.72,2478.0771484375,21.76155822561247,100.0,1,-2.21,2454.2835388183594,22.512775733898447,100.0,1,10
ZINC0000000189180,-0.54,2493.540435791016,21.27334763539276,100.0,1,-0.57,2501.193298339844,21.03172963681212,100.0,1,-0.86,2519.119598388672,20.46575622331901,100.0,1,-1.06,2519.575164794922,20.451372972268,100.0,1,-1.18,2535.119384765625,19.960607158187933,100.0,1,-2.87,2540.8087768554688,19.78098031645156,100.0,1,-2.9,2533.7572631835938,20.00361238510453,100.0,1,-3.42,2539.556365966797,19.82052173123469,100.0,1,-3.58,2539.522430419922,19.821593152400872,100.0,1,-3.95,2513.1053466796875,20.65563961030177,100.0,1,10
ZINC0000000189240,-1.13,2493.456512451172,21.27599728306092,100.0,1,-1.13,2490.3734741210938,21.37333570330668,100.0,1,-1.18,2489.658508300781,21.39590877442291,100.0,1,-1.19,2488.8492431640625,21.421459086009914,100.0,1,-1.84,2485.343475341797,21.53214402243725,100.0,1,-2.0,2491.0678100585938,21.351413963762685,100.0,1,-2.02,2483.17529296875,21.600598392575343,100.0,1,-2.18,2488.301544189453,21.438751168446444,100.0,1,-2.19,2482.59912109375,21.618789428202565,100.0,1,-2.46,2471.224670410156,21.977906293504805,100.0,1,10
ZINC0000000191430,-0.69,2552.264587402344,19.419294738173573,100.0,1,-0.74,2562.687896728516,19.090207534279887,100.0,1,-1.12,2560.5223388671875,19.15857904270909,100.0,1,-1.17,2561.8621215820312,19.11627910382634,100.0,1,-1.22,2580.875915527344,18.51597107409509,100.0,1,-1.26,2578.1298828125,18.60266947281377,100.0,1,-1.38,2582.174530029297,18.474970907832112,100.0,1,-1.38,2585.3400268554688,18.37502908831385,100.0,1,-1.56,2607.973114013672,17.660451871491432,100.0,1,-1.83,2590.83984375,18.2013875597828,100.0,1,10
ZINC0000000191460,-0.54,2498.0424194335938,21.131209935881994,100.0,1,-0.57,2489.582397460937,21.39831176398087,100.0,1,-0.74,2500.378295898437,21.0574610879488,100.0,1,-0.84,2501.812713623047,21.012173310004613,100.0,1,-1.08,2487.603546142578,21.46078852897959,100.0,1,-1.11,2491.991180419922,21.32226109485523,100.0,1,-1.15,2483.7810974121094,21.581471790444205,100.0,1,-1.42,2508.4649658203125,20.802146819694386,100.0,1,-2.9,2545.502014160156,19.632804310782127,100.0,1,-3.02,2501.8472900390625,21.01108165516533,100.0,1,10
ZINC0000000192040,-0.63,2529.6178283691406,20.13430360668885,100.0,1,-0.71,2539.4324340820312,19.824434538209385,100.0,1,-0.83,2545.4768981933594,19.63359727806609,100.0,1,-0.83,2561.031005859375,19.142519287315302,100.0,1,-1.08,2540.5841064453125,19.788073664136288,100.0,1,-1.1,2548.114471435547,19.55032318764292,100.0,1,-1.22,2547.370635986328,19.573807737557004,100.0,1,-1.27,2531.9151916503906,20.06177070615828,100.0,1,-1.85,2549.332275390625,19.51187439120732,100.0,1,-3.08,2561.4519653320312,19.12922865461181,100.0,1,10
ZINC0000000192460,-0.57,2562.681182861328,19.090419506093344,100.0,1,-0.62,2570.534149169922,18.84248378396357,100.0,1,-0.74,2562.6046447753906,19.092835984766705,100.0,1,-0.95,2569.430084228516,18.87734158517764,100.0,1,-0.97,2590.3811950683594,18.21586812516635,100.0,1,-1.88,2590.135223388672,18.223634001604665,100.0,1,-1.93,2608.2876586914062,17.650520992031172,100.0,1,-1.99,2590.5182189941406,18.211541973155427,100.0,1,-2.32,2606.905517578125,17.694158280355154,100.0,1,-2.34,2596.8741149902344,18.010872111392654,100.0,1,10
ZINC0000000200460,-0.79,2609.6737365722656,17.606759411143845,100.0,1,-0.86,2601.756622314453,17.856720427600333,100.0,1,-0.88,2601.1715087890625,17.875193771142744,100.0,1,-0.89,2605.9793701171875,17.72339882851272,100.0,1,-0.9,2604.4195251464844,17.772646625335504,100.0,1,-0.91,2593.6817932128906,18.11166085465648,100.0,1,-0.98,2605.338256835937,17.743640209680976,100.0,1,-0.98,2605.7802734375,17.72968475628984,100.0,1,-0.98,2597.428497314453,17.99336902065091,100.0,1,-1.1,2597.371490478516,17.995168854048774,100.0,1,10
ZINC0000000202280,-0.66,2580.363525390625,18.532148377494515,100.0,1,-1.05,2582.5801696777344,18.4621639562666,100.0,1,-1.05,2582.549224853516,18.46314095362496,100.0,1,-1.06,2581.619110107422,18.49250675785412,100.0,1,-1.1,2589.5714416503906,18.24143385288524,100.0,1,-1.15,2589.960998535156,18.229134670163766,100.0,1,-1.2,2591.575408935547,18.17816412060256,100.0,1,-1.23,2586.883728027344,18.326290987351605,100.0,1,-1.26,2586.334930419922,18.34361775608488,100.0,1,-1.33,2599.582092285156,17.92537520745296,100.0,1,10
ZINC0000000202310,-0.17,2610.5723876953125,17.578386983913187,100.0,1,-0.87,2639.306701660156,16.671180381615553,100.0,1,-0.92,2639.86865234375,16.653438340829556,100.0,1,-1.0,2650.057403564453,16.33175666129132,100.0,1,-1.02,2650.5843200683594,16.315120727968246,100.0,1,-1.08,2643.425567626953,16.541138564587,100.0,1,-1.1,2648.5884704589844,16.3781341670583,100.0,1,-1.4,2641.8658447265625,16.59038250737681,100.0,1,-1.56,2642.950714111328,16.556130752847572,100.0,1,-2.01,2677.491607666016,15.46559743716057,100.0,1,10
ZINC0000000202380,-2.4,2543.961212158203,19.6814508784613,100.0,1,-2.44,2546.3941345214844,19.604638074315467,100.0,1,-2.45,2540.4539489746094,19.792183026792543,100.0,1,-2.56,2546.880157470703,19.58929324203797,100.0,1,-2.64,2553.55322265625,19.37860963910604,100.0,1,-2.65,2544.2459106445312,19.67246231006266,100.0,1,-2.68,2548.488342285156,19.53851924815833,100.0,1,-2.7,2541.476623535156,19.75989490206247,100.0,1,-2.7,2546.868621826172,19.58965744815381,100.0,1,-2.77,2539.6903381347656,19.81629193004807,100.0,1,10
ZINC0000000202510,-1.14,2538.349029541016,19.85864004434296,100.0,1,-1.16,2533.3487548828125,20.01650990644489,100.0,1,-1.24,2528.4071044921875,20.17252886921208,100.0,1,-1.34,2523.297088623047,20.333863506955723,100.0,1,-1.42,2531.6431579589844,20.070359418636084,100.0,1,-1.5,2528.277282714844,20.176627633277665,100.0,1,-1.53,2531.709228515625,20.06827342329006,100.0,1,-1.58,2530.911499023437,20.093459528761223,100.0,1,-2.05,2546.4401245117188,19.60318606739332,100.0,1,-2.27,2549.196075439453,19.51617452849568,100.0,1,10
ZINC0000000204650,-0.8,2583.936798095703,18.41933216083373,100.0,1,-1.31,2573.1930236816406,18.75853716478681,100.0,1,-2.14,2617.432586669922,17.361795148435384,100.0,1,-2.17,2616.239013671875,17.39947891932607,100.0,1,-2.27,2586.328369140625,18.34382491035712,100.0,1,-2.37,2585.883758544922,18.35786226194891,100.0,1,-2.42,2644.9313049316406,16.493599067879003,100.0,1,-2.48,2595.702911376953,18.047849630741247,100.0,1,-2.75,2575.089599609375,18.69865801801113,100.0,1,-2.81,2605.5554809570312,17.736781958007537,100.0,1,10
ZINC0000000204710,-1.04,2567.505828857422,18.93809463392969,100.0,1,-1.04,2556.209259033203,19.29475262619588,100.0,1,-1.09,2557.4379272460938,19.255960820825777,100.0,1,-1.13,2556.205047607422,19.294885590333408,100.0,1,-1.14,2550.56005859375,19.473110527576264,100.0,1,-1.16,2555.8521728515625,19.30602663614684,100.0,1,-1.17,2541.5174255371094,19.758606691541623,100.0,1,-1.51,2541.182159423828,19.769191793098862,100.0,1,-1.75,2589.6600341796875,18.238636788455903,100.0,1,-2.06,2569.5982971191406,18.8720307277424,100.0,1,10
ZINC0000000204720,-1.0,2547.4041442871094,19.572749805506227,100.0,1,-1.2,2553.805633544922,19.37064046242845,100.0,1,-2.09,2561.217010498047,19.13664670457442,100.0,1,-2.18,2580.057373046875,18.54181429218796,100.0,1,-2.26,2560.366455078125,19.16350064281416,100.0,1,-2.27,2576.053466796875,18.66822657366525,100.0,1,-2.32,2574.8529663085938,18.706129060927097,100.0,1,-2.52,2569.3004150390625,18.881435531702003,100.0,1,-2.64,2575.401336669922,18.68881578130922,100.0,1,-2.8,2579.7556762695312,18.551339534677933,100.0,1,10
ZINC0000000204740,-0.62,2494.0177307128906,21.258278366472748,100.0,1,-0.86,2552.4866638183594,19.4122832886895,100.0,1,-1.02,2544.798858642578,19.65500450420833,100.0,1,-1.03,2551.2877197265625,19.45013663703095,100.0,1,-1.14,2554.8402709960938,19.33797464246714,100.0,1,-1.14,2560.919708251953,19.146033201877408,100.0,1,-1.35,2591.390838623047,18.183991418456024,100.0,1,-1.68,2566.969024658203,18.95504274392348,100.0,1,-2.18,2576.4375915527344,18.656098895411027,100.0,1,-2.68,2551.3123474121094,19.44935908587888,100.0,1,10
ZINC0000000204830,-1.08,2561.0928955078125,19.14056529259857,100.0,1,-1.19,2554.650421142578,19.34396862724664,100.0,1,-1.2,2548.4703369140625,19.53908771802168,100.0,1,-1.21,2553.3773803710938,19.384161373602016,100.0,1,-1.22,2554.96630859375,19.33399535342369,100.0,1,-1.24,2559.292022705078,19.197422877524307,100.0,1,-1.26,2553.244598388672,19.388353597967168,100.0,1,-2.05,2554.031951904297,19.363495085298613,100.0,1,-2.42,2560.370574951172,19.16337056920136,100.0,1,-3.46,2562.670318603516,19.09076251502784,100.0,1,10
ZINC0000000205010,-0.08,2672.805450439453,15.61354990891764,100.0,1,-0.25,2680.6814880371094,15.364885774556184,100.0,1,-0.33,2680.2959899902344,15.377056810681344,100.0,1,-0.67,2626.525634765625,17.074707268852638,100.0,1,-0.9,2610.999786376953,17.564893050970433,100.0,1,-0.91,2618.320251464844,17.333769584172195,100.0,1,-1.1,2615.261657714844,17.430336234315337,100.0,1,-1.28,2630.408721923828,16.95210951650925,100.0,1,-1.69,2645.72216796875,16.468629751762506,100.0,1,-2.48,2648.9711303710938,16.366052737199734,100.0,1,10
ZINC0000000206440,-0.75,2550.5655822753906,19.472936132584284,100.0,1,-1.57,2562.283447265625,19.102976909023933,100.0,1,-1.58,2559.943359375,19.176858721094657,100.0,1,-1.59,2565.5533142089844,18.99973989131473,100.0,1,-1.62,2563.271514892578,19.071781402641385,100.0,1,-1.68,2566.131866455078,18.98147370204456,100.0,1,-1.71,2561.0299682617188,19.14255204659557,100.0,1,-1.79,2561.82080078125,19.11758369398732,100.0,1,-1.82,2569.924835205078,18.861721189542653,100.0,1,-2.46,2549.192138671875,19.51629882105902,100.0,1,10
ZINC0000000207810,-1.54,2540.657684326172,19.78575064576249,100.0,1,-1.77,2559.1222229003906,19.20278383738817,100.0,1,-2.06,2570.2291259765625,18.852114048852027,100.0,1,-2.06,2554.272247314453,19.35590842139349,100.0,1,-2.08,2584.5953979492188,18.39853868944225,100.0,1,-2.14,2568.2666931152344,18.91407244641603,100.0,1,-2.22,2578.994873046875,18.575359795175107,100.0,1,-2.35,2562.686065673828,19.09026534477447,100.0,1,-3.42,2552.159423828125,19.42261498757884,100.0,1,-3.92,2582.66552734375,18.45946902371101,100.0,1,10
ZINC0000000208730,-0.57,2599.987365722656,17.912579817986355,100.0,1,-0.65,2596.574920654297,18.020318346206704,100.0,1,-0.69,2603.484832763672,17.802156955801102,100.0,1,-0.72,2587.4266052246094,18.309151139217462,100.0,1,-0.73,2591.217987060547,18.18944872914419,100.0,1,-0.75,2612.3016357421875,17.523790752833698,100.0,1,-0.75,2591.4588012695312,18.181845685598937,100.0,1,-0.76,2596.972381591797,18.007769614850297,100.0,1,-0.78,2611.338165283203,17.554209671572412,100.0,1,-2.5,2624.522216796875,17.137959657986947,100.0,1,10
ZINC0000000213590,-1.56,2566.9205017089844,18.9565747220298,100.0,1,-1.84,2579.8268127441406,18.549093596963576,100.0,1,-1.94,2593.2034606933594,18.126762882856745,100.0,1,-2.08,2601.064666748047,17.87856701350137,100.0,1,-2.09,2591.537811279297,18.179351162757893,100.0,1,-2.14,2591.3689880371094,18.184681290357982,100.0,1,-2.19,2592.498443603516,18.149021850285774,100.0,1,-2.23,2583.9108276367188,18.420152106348496,100.0,1,-2.37,2592.952178955078,18.134696409729337,100.0,1,-3.32,2567.4031982421875,18.941334912150783,100.0,1,10
ZINC0000000213990,-1.59,2508.7303161621094,20.793769115521787,100.0,1,-1.6,2493.2804565429688,21.2815557621146,100.0,1,-1.66,2479.6935424804688,21.71052504801547,100.0,1,-1.86,2464.562866210937,22.188234361895084,100.0,1,-1.98,2470.124938964844,22.01262727654837,100.0,1,-2.08,2536.0482788085938,19.9312798942885,100.0,1,-2.12,2531.961303710937,20.060314845203152,100.0,1,-2.14,2482.861633300781,21.61050133029656,100.0,1,-2.2,2493.7085876464844,21.268038704974007,100.0,1,-2.35,2500.7893981933594,21.04448166840779,100.0,1,10
ZINC0000000214780,-1.41,2487.3257751464844,21.46955838100708,100.0,1,-1.44,2486.8687133789062,21.483988843962,100.0,1,-1.46,2487.1319580078125,21.475677621858164,100.0,1,-1.51,2496.6272888183594,21.175888776616624,100.0,1,-1.52,2481.7784423828125,21.64470009187244,100.0,1,-1.58,2475.6434631347656,21.838395117464373,100.0,1,-2.06,2521.0726928710938,20.40409265927736,100.0,1,-2.12,2513.1844787597656,20.65314123342776,100.0,1,-2.17,2503.8386840820312,20.94820888827876,100.0,1,-2.32,2507.228515625,20.841184319666446,100.0,1,10
ZINC0000000215690,-0.68,2526.1817626953125,20.24278789028925,100.0,1,-0.94,2555.665954589844,19.311905963445422,100.0,1,-1.12,2553.9081115722656,19.367405001748576,100.0,1,-1.59,2551.786529541016,19.43438809479965,100.0,1,-1.69,2546.054931640625,19.61534746843605,100.0,1,-1.7,2535.55126953125,19.94697158953346,100.0,1,-1.71,2549.241485595703,19.514740828230146,100.0,1,-1.79,2543.134002685547,19.707567732895164,100.0,1,-2.07,2538.529998779297,19.852926440462166,100.0,1,-2.22,2571.7116088867188,18.80530874542517,100.0,1,10
ZINC0000000215800,-0.34,2559.028594970703,19.2057398806776,100.0,1,-0.39,2555.502349853516,19.317071331135967,100.0,1,-0.39,2563.5857849121094,19.06185919475531,100.0,1,-0.57,2551.073181152344,19.45691009997901,100.0,1,-0.65,2559.842193603516,19.18005275092009,100.0,1,-0.7,2560.48046875,19.159900976018434,100.0,1,-0.74,2549.384002685547,19.51024124473549,100.0,1,-0.76,2557.573181152344,19.251690552292946,100.0,1,-0.84,2566.985656738281,18.954517631931065,100.0,1,-2.36,2590.7711791992188,18.20355545332947,100.0,1,10
ZINC0000000215850,-0.59,2535.785675048828,19.93957088271923,100.0,1,-0.96,2540.0767822265625,19.804091025167374,100.0,1,-1.17,2562.735809326172,19.08869482633844,100.0,1,-1.32,2552.1524658203125,19.42283466745824,100.0,1,-1.41,2550.641021728516,19.47055434020767,100.0,1,-1.42,2550.4548950195312,19.476430776981527,100.0,1,-1.45,2549.7244262695312,19.49949331028519,100.0,1,-1.5,2557.2330322265625,19.262429815169057,100.0,1,-2.22,2556.8516845703125,19.274469814173177,100.0,1,-2.33,2570.435577392578,18.845595915588355,100.0,1,10
ZINC0000000215920,-0.55,2497.8951110839844,21.1358607901708,100.0,1,-0.6,2490.189208984375,21.37915336607771,100.0,1,-2.43,2506.456420898437,20.86556107821352,100.0,1,-2.5,2500.8262939453125,21.043316786942043,100.0,1,-2.51,2503.7412109375,20.951286333606788,100.0,1,-2.56,2491.328826904297,21.34317307776059,100.0,1,-2.59,2498.7313232421875,21.109459700805253,100.0,1,-2.6,2490.789337158203,21.36020597647976,100.0,1,-2.98,2512.654083251953,20.669887006690523,100.0,1,-3.12,2517.243682861328,20.524983075014205,100.0,1,10
ZINC0000000216890,-0.6,2566.320251464844,18.97552596566072,100.0,1,-0.89,2578.784118652344,18.58201378310104,100.0,1,-0.89,2588.0000915527344,18.29104489231562,100.0,1,-0.91,2587.046600341797,18.32114874385889,100.0,1,-1.01,2593.1728515625,18.12772928162444,100.0,1,-1.08,2584.2850036621094,18.408338531781475,100.0,1,-1.28,2609.354248046875,17.616846378939467,100.0,1,-1.32,2615.7184448242188,17.415914442934604,100.0,1,-1.39,2614.971618652344,17.4394934166565,100.0,1,-1.61,2622.8431091308594,17.190972845023246,100.0,1,10
ZINC0000000218950,-0.45,2506.7588806152344,20.856011748017465,100.0,1,-0.56,2512.109161376953,20.687091409876945,100.0,1,-1.15,2532.930084228516,20.02972827603016,100.0,1,-1.24,2538.5382385253906,19.852666293236567,100.0,1,-1.27,2526.896270751953,20.22022927179665,100.0,1,-1.29,2567.713409423828,18.931540850861023,100.0,1,-1.37,2526.2069091796875,20.241993959497044,100.0,1,-1.43,2537.948455810547,19.871287053540147,100.0,1,-1.5,2580.4190979003906,18.53039382898407,100.0,1,-1.6,2574.8866271972656,18.705066311335106,100.0,1,10
ZINC0000000219040,-0.59,2555.7223510742188,19.31012540021242,100.0,1,-0.65,2556.5681762695312,19.28342080575034,100.0,1,-1.39,2570.947509765625,18.82943306481258,100.0,1,-1.42,2565.898651123047,18.98883683203731,100.0,1,-1.49,2562.0028076171875,19.11183733082626,100.0,1,-2.12,2566.726867675781,18.962688181831425,100.0,1,-2.65,2557.6558532714844,19.249080408462746,100.0,1,-2.68,2555.5161743164062,19.316634861901903,100.0,1,-2.75,2562.820281982422,19.086027835521897,100.0,1,-2.87,2562.1302185058594,19.107814683911872,100.0,1,10
ZINC0000000220830,-0.74,2424.869506835937,23.44144255529169,100.0,1,-0.78,2425.2543334960938,23.42929271634788,100.0,1,-1.17,2419.5934448242188,23.608019641385315,100.0,1,-1.26,2411.622985839844,23.859664870250512,100.0,1,-1.55,2404.7608642578125,24.076317406747624,100.0,1,-1.63,2425.4187622070312,23.424101333934768,100.0,1,-1.63,2401.4002075195312,24.182420861479656,100.0,1,-1.79,2423.6748046875,23.47916197598737,100.0,1,-1.79,2433.677490234375,23.163354806206502,100.0,1,-2.2,2430.238586425781,23.271928696073505,100.0,1,10
ZINC0000000220980,-1.72,2549.6570739746094,19.501619772977417,100.0,1,-1.81,2542.9766540527344,19.712535581395905,100.0,1,-2.04,2546.080017089844,19.61455546466033,100.0,1,-2.34,2521.321563720703,20.39623524955596,100.0,1,-2.37,2546.800048828125,19.59182245117576,100.0,1,-2.39,2547.696502685547,19.5635193965386,100.0,1,-2.44,2547.210998535156,19.578847849175965,100.0,1,-2.48,2554.875915527344,19.336849264839355,100.0,1,-2.59,2552.3512268066406,19.41655933827179,100.0,1,-2.76,2541.3668823242188,19.76335967770418,100.0,1,10
ZINC0000000220990,-1.08,2596.5877990722656,18.01991174572817,100.0,1,-1.27,2615.163330078125,17.43344065787418,100.0,1,-1.31,2588.4928283691406,18.27548808822468,100.0,1,-1.39,2586.9129028320312,18.325369873471324,100.0,1,-1.39,2590.840881347656,18.201354800502536,100.0,1,-1.46,2579.509521484375,18.559111192165705,100.0,1,-1.53,2586.754425048828,18.330373371777057,100.0,1,-1.63,2585.951538085937,18.35572231014128,100.0,1,-1.94,2580.5816040039062,18.52526314759027,100.0,1,-3.8,2639.9832763671875,16.64981940386897,100.0,1,10
ZINC0000000221660,-1.62,2504.8851013183594,20.91517115413565,100.0,1,-1.8,2501.453063964844,21.02352825464798,100.0,1,-1.82,2509.886199951172,20.75727527731116,100.0,1,-1.82,2506.1989135742188,20.87369116076767,100.0,1,-1.85,2501.623107910156,21.01815958671817,100.0,1,-1.97,2515.378173828125,20.583881370398544,100.0,1,-2.09,2503.09326171875,20.971743540621468,100.0,1,-2.47,2504.8157653808594,20.91736024486368,100.0,1,-2.63,2506.1805419921875,20.87427119272994,100.0,1,-4.24,2590.8560485839844,18.20087593690578,100.0,1,10
ZINC0000000221740,-0.48,2606.861389160156,17.695551513274484,100.0,1,-0.5,2603.394256591797,17.80501664826623,100.0,1,-0.51,2611.382293701172,17.552816438653082,100.0,1,-0.54,2608.1746520996094,17.654088863054877,100.0,1,-0.66,2604.9613647460938,17.75553953648162,100.0,1,-1.68,2651.776733398437,16.27747357039079,100.0,1,-2.31,2673.7479248046875,15.583793883850085,100.0,1,-2.46,2643.844757080078,16.527903815361604,100.0,1,-2.46,2674.190673828125,15.569815306261114,100.0,1,-2.8,2676.22900390625,15.505460663696851,100.0,1,10
ZINC0000000223250,-3.86,2662.9220581054688,15.925590724976749,100.0,1,-4.05,2675.45751953125,15.52981815207906,100.0,1,-4.11,2674.66064453125,15.55497727931942,100.0,1,-4.16,2673.223693847656,15.600345028447771,100.0,1,-4.4,2678.2640991210938,15.44120815300634,100.0,1,-4.49,2668.1646118164062,15.7600715709339,100.0,1,-4.57,2683.222381591797,15.284664078246736,100.0,1,-4.62,2675.802795410156,15.518917019818131,100.0,1,-4.76,2668.8001403808594,15.74000651177411,100.0,1,-5.01,2667.501342773437,15.781012459086549,100.0,1,10
ZINC0000000225070,-1.08,2503.375762939453,20.962824344816323,100.0,1,-1.15,2524.418701171875,20.29845168850195,100.0,1,-1.19,2509.903045654297,20.756743420761044,100.0,1,-1.45,2507.7198791503906,20.82567087344643,100.0,1,-1.54,2520.774688720703,20.41350131726993,100.0,1,-1.55,2502.6650390625,20.985263488286783,100.0,1,-1.58,2504.9606018066406,20.91278743474255,100.0,1,-2.42,2501.5337524414062,21.020980738853577,100.0,1,-2.49,2508.5719299316406,20.798769723302787,100.0,1,-3.02,2513.03857421875,20.65774776633738,100.0,1,10
ZINC0000000225090,-1.05,2475.77880859375,21.83412195840681,100.0,1,-1.35,2501.9151916503906,21.00893784932473,100.0,1,-1.44,2498.723022460937,21.10972177504734,100.0,1,-1.56,2497.5320739746094,21.14732268422913,100.0,1,-1.57,2517.2647399902344,20.524318254326555,100.0,1,-1.73,2514.117950439453,20.62366944329188,100.0,1,-1.75,2496.4490661621094,21.181515664755555,100.0,1,-1.82,2483.913360595703,21.577295945719182,100.0,1,-2.01,2517.6112365722656,20.513378581735907,100.0,1,-2.11,2482.5636596679688,21.61990902478089,100.0,1,10
ZINC0000000225580,-2.56,2486.7389526367188,21.488085681011096,100.0,1,-2.97,2440.9382934570312,22.934114998023265,100.0,1,-3.1,2464.92431640625,22.17682257026538,100.0,1,-4.01,2463.3670654296875,22.225988468887508,100.0,1,-4.26,2478.525329589844,21.747408143556253,100.0,1,-5.18,2477.3142700195312,21.785644004670164,100.0,1,-5.21,2492.4351196289062,21.308244940444784,100.0,1,-5.37,2477.404602050781,21.782792020270985,100.0,1,-5.39,2485.5005493164062,21.527184845510703,100.0,1,-5.71,3167.3233642578125,0.0005125863852585,0.0,1,10
ZINC0000000225980,-1.77,2511.017822265625,20.72154742815369,100.0,1,-1.89,2509.880279541016,20.757462197910296,100.0,1,-2.01,2513.146240234375,20.65434850925619,100.0,1,-2.1,2496.6062622070312,21.17655263379603,100.0,1,-2.15,2508.6554260253906,20.796133564750026,100.0,1,-2.19,2511.7462768554688,20.69854848639407,100.0,1,-2.21,2508.615020751953,20.79740924966372,100.0,1,-2.23,2512.083465576172,20.687902683817523,100.0,1,-2.37,2509.6529541015625,20.76463937081216,100.0,1,-2.58,2522.3198852539062,20.36471600440377,100.0,1,10
ZINC0000000226090,-2.34,2489.5314331054688,21.399920822746623,100.0,1,-2.44,2483.525146484375,21.58955273407797,100.0,1,-2.5,2491.1821899414062,21.347802734868047,100.0,1,-2.53,2499.6625366210938,21.08005921027935,100.0,1,-2.63,2488.3449096679688,21.43738202323319,100.0,1,-2.75,2488.9274291992188,21.418990577891435,100.0,1,-2.79,2486.1296997070312,21.50732115957369,100.0,1,-3.01,2489.1104736328125,21.41321145545012,100.0,1,-3.17,2482.78857421875,21.61280796903022,100.0,1,-5.2,2548.5030517578125,19.53805483718522,100.0,1,10
ZINC0000000227060,-1.97,2554.093688964844,19.36154590812309,100.0,1,-2.13,2556.643615722656,19.28103901337373,100.0,1,-2.14,2562.380584716797,19.09991006228657,100.0,1,-2.27,2565.052124023437,19.01556358718898,100.0,1,-2.35,2567.767517089844,18.929832550746244,100.0,1,-2.41,2517.589324951172,20.51407038065436,100.0,1,-2.47,2574.344451904297,18.72218399877966,100.0,1,-2.66,2570.268951416016,18.85085667059496,100.0,1,-2.76,2575.847930908203,18.67471580168164,100.0,1,-3.2,2621.468475341797,17.23437311031946,100.0,1,10
ZINC0000000227660,0.06,2636.3775634765625,16.76365982979203,100.0,1,-0.03,2638.653625488281,16.69179945801505,100.0,1,-0.04,2643.9667053222656,16.524053636422707,100.0,1,-0.15,2639.6300048828125,16.66097297528956,100.0,1,-0.23,2634.3307189941406,16.828283291156083,100.0,1,-0.28,2637.1883544921875,16.73806134279288,100.0,1,-0.29,2635.1036987304688,16.803878590869967,100.0,1,-0.34,2645.1343383789062,16.48718884753854,100.0,1,-0.49,2639.7730712890625,16.65645604864653,100.0,1,-2.13,2678.900360107422,15.42111996964872,100.0,1,10
ZINC0000000229970,-1.16,2488.5203857421875,21.43184185083613,100.0,1,-1.22,2505.843780517578,20.88490350619108,100.0,1,-1.37,2491.2488708496094,21.34569746935716,100.0,1,-1.38,2494.5778198242188,21.24059509968957,100.0,1,-1.4,2487.7431640625,21.45638047876802,100.0,1,-1.48,2478.9501037597656,21.733997072322392,100.0,1,-1.52,2482.429931640625,21.624131117901573,100.0,1,-1.65,2497.034912109375,21.16301919701532,100.0,1,-1.77,2490.272766113281,21.376515280508467,100.0,1,-2.1,2490.220642089844,21.378160952587454,100.0,1,10
ZINC0000000231240,-1.19,2422.691772460937,23.51019850350983,100.0,1,-1.25,2412.356506347656,23.83650598612256,100.0,1,-1.54,2412.776428222656,23.823248112699325,100.0,1,-1.75,2406.6251220703125,24.01745861520125,100.0,1,-1.86,2414.1358642578125,23.780327674508108,100.0,1,-2.62,2452.8999633789062,22.55645830710985,100.0,1,-3.07,2443.7745971679688,22.844566541921896,100.0,1,-3.22,2459.9769897460938,22.33302074556576,100.0,1,-3.22,2419.198303222656,23.620495146115253,100.0,1,-3.63,2423.284118652344,23.49149680851384,100.0,1,10
ZINC0000000231880,-0.66,2439.9459228515625,22.96544635906807,100.0,1,-1.08,2442.737548828125,22.877308479034408,100.0,1,-1.3,2453.1930541992188,22.5472047739444,100.0,1,-1.31,2446.307373046875,22.76460113880508,100.0,1,-1.51,2440.1359252929688,22.95944755674736,100.0,1,-2.0,2482.781494140625,21.6130315029426,100.0,1,-2.01,2449.003662109375,22.67947325852244,100.0,1,-2.1,2507.9909057617188,20.81711395674064,100.0,1,-2.31,2463.7936401367188,22.21252055066732,100.0,1,-2.39,2461.3988647460938,22.28812896950944,100.0,1,10
ZINC0000000232490,-0.66,2492.081970214844,21.3193946578324,100.0,1,-0.69,2496.1434631347656,21.191164236300622,100.0,1,-0.7,2510.016571044922,20.75315917009721,100.0,1,-0.74,2489.358154296875,21.405391622550194,100.0,1,-0.74,2510.2225036621094,20.746657416473663,100.0,1,-0.75,2523.2115783691406,20.336563257052514,100.0,1,-0.78,2491.1788330078125,21.34790872077477,100.0,1,-0.84,2510.839141845703,20.727188768916267,100.0,1,-0.93,2497.1348571777344,21.1598637075196,100.0,1,-1.31,2498.8624877929688,21.10531854237698,100.0,1,10
ZINC0000000232550,0.02,2413.4998168945312,23.800409113308028,100.0,1,-0.27,2405.6616821289062,24.04787657043172,100.0,1,-1.97,2454.606689453125,22.50257314511367,100.0,1,-2.85,2434.3790893554688,23.14120375170069,100.0,1,-3.03,2440.6198120117188,22.94417017004687,100.0,1,-3.03,2434.2232055664062,23.146125351805765,100.0,1,-3.09,2439.0847778320312,22.99263463466812,100.0,1,-3.18,2440.1071166992188,22.96035710852872,100.0,1,-3.32,2452.9617309570312,22.55450816642609,100.0,1,-3.33,2455.95458984375,22.46001691303829,100.0,1,10
ZINC0000000234100,-2.42,2501.912475585937,21.009023601558354,100.0,1,-2.45,2484.4411010742188,21.560633997673552,100.0,1,-2.46,2483.5385131835938,21.58913071746755,100.0,1,-2.48,2492.1512451171875,21.317207494120865,100.0,1,-2.63,2481.1697998046875,21.663916300270174,100.0,1,-2.71,2486.470642089844,21.496556845483266,100.0,1,-2.72,2490.174194335937,21.37962741213325,100.0,1,-2.75,2483.250061035156,21.598237797380072,100.0,1,-3.05,2516.142639160156,20.559745488912217,100.0,1,-3.25,2512.7271118164062,20.667581331465104,100.0,1,10
ZINC0000000235480,-2.19,2503.259490966797,20.966495311222022,100.0,1,-2.41,2493.905303955078,21.261827930839843,100.0,1,-2.41,2496.1304626464844,21.19157469081213,100.0,1,-2.49,2500.177459716797,21.06380193569577,100.0,1,-2.49,2504.1011352539062,20.93992271738924,100.0,1,-2.53,2495.304901123047,21.21763951580088,100.0,1,-2.62,2495.668334960937,21.206165096135383,100.0,1,-2.67,2510.4649353027344,20.73900330699153,100.0,1,-2.68,2508.32373046875,20.806605935842835,100.0,1,-2.71,2501.346405029297,21.02689571595716,100.0,1,10
ZINC0000000235940,-0.09,2527.146728515625,20.212321759646628,100.0,1,-0.72,2526.611114501953,20.229232292818946,100.0,1,-0.73,2531.789764404297,20.06573072503687,100.0,1,-0.77,2530.182861328125,20.116464251570303,100.0,1,-0.8,2531.0750732421875,20.08829512457892,100.0,1,-0.83,2532.088806152344,20.05628930776404,100.0,1,-0.85,2537.875701904297,19.873584057191383,100.0,1,-0.99,2538.7361450195312,19.84641794228092,100.0,1,-1.01,2539.9225463867188,19.808960595827333,100.0,1,-1.75,2576.786071777344,18.645096594784583,100.0,1,10
ZINC0000000236840,-0.74,2488.95947265625,21.41797889423632,100.0,1,-0.76,2502.5177612304688,20.989913379067342,100.0,1,-0.77,2494.6424865722656,21.238553425722724,100.0,1,-0.84,2512.602264404297,20.67152304368708,100.0,1,-0.84,2517.669158935547,20.511549843090755,100.0,1,-0.88,2524.4324645996094,20.29801714628437,100.0,1,-1.0,2524.5226440429688,20.2951699794264,100.0,1,-1.23,2532.3101196289062,20.04930194598604,100.0,1,-1.3,2530.6004638671875,20.103279604773544,100.0,1,-1.78,2529.905975341797,20.125206161858745,100.0,1,10
ZINC0000000236900,0.24,2590.567657470703,18.20998108980182,100.0,1,0.16,2591.6468200683594,18.17590951131401,100.0,1,0.16,2599.4510803222656,17.92951154834002,100.0,1,0.12,2593.0353088378906,18.13207181327549,100.0,1,0.01,2593.399444580078,18.12057523292041,100.0,1,-0.35,2611.678253173828,17.54347233571279,100.0,1,-0.52,2614.8295288085938,17.443979511035753,100.0,1,-0.86,2648.8297424316406,16.3705166708894,100.0,1,-1.08,2653.107177734375,16.235468465030394,100.0,1,-1.11,2663.0206909179688,15.922476666335475,100.0,1,10
ZINC0000000236960,-0.73,2554.9616088867188,19.334143733693104,100.0,1,-0.78,2557.931884765625,19.24036547640511,100.0,1,-0.83,2557.941619873047,19.2400581172756,100.0,1,-0.94,2558.6920471191406,19.21636544958104,100.0,1,-1.3,2551.3068237304688,19.44953348087085,100.0,1,-1.56,2554.0021362304688,19.364436432851992,100.0,1,-1.86,2559.3118591308594,19.196796597166376,100.0,1,-2.04,2566.153778076172,18.980781903126108,100.0,1,-2.09,2564.810302734375,19.023198426506248,100.0,1,-2.69,2569.3471069335938,18.879961364090263,100.0,1,10
ZINC0000000236980,-1.13,2502.722442626953,20.983451129281764,100.0,1,-1.14,2505.782745361328,20.886830522677013,100.0,1,-1.21,2528.609161376953,20.166149481135395,100.0,1,-1.23,2504.7356872558594,20.91988849049321,100.0,1,-1.23,2537.447784423828,19.887094369774267,100.0,1,-1.36,2542.646209716797,19.72296844865076,100.0,1,-1.53,2523.848052978516,20.31646832913719,100.0,1,-1.57,2522.4295959472656,20.361252192270303,100.0,1,-1.58,2530.6695251464844,20.10109918561971,100.0,1,-1.62,2526.591339111328,20.229856646160385,100.0,1,10
ZINC0000000238080,-2.49,2615.9224243164062,17.409474353838615,100.0,1,-2.71,2673.481475830078,15.59220627431943,100.0,1,-3.13,2672.1499938964844,15.634244138960089,100.0,1,-3.16,2682.4716796875,15.308365417515486,100.0,1,-3.21,2653.1063232421875,16.235495443261197,100.0,1,-3.23,2668.9601440429688,15.73495483805623,100.0,1,-3.27,2673.871307373047,15.579898420023769,100.0,1,-3.29,2676.9168090820312,15.483745114916855,100.0,1,-3.43,2674.4224243164062,15.562498424664025,100.0,1,-5.13,2686.511688232422,15.180813305786762,100.0,1,10
ZINC0000000238190,-1.39,2478.171295166016,21.75858580268292,100.0,1,-1.41,2446.8072814941406,22.74881791027704,100.0,1,-1.63,2467.138397216797,22.106919083729867,100.0,1,-1.65,2478.9705505371094,21.733351521799605,100.0,1,-1.66,2486.2752685546875,21.502725225254736,100.0,1,-1.69,2470.865600585937,21.98924293149156,100.0,1,-1.75,2474.821807861328,21.864336613398024,100.0,1,-2.3,2458.8744506835938,22.36783037136768,100.0,1,-2.69,2463.2581481933594,22.22942722980666,100.0,1,-4.31,2490.656188964844,21.36440976294383,100.0,1,10
ZINC0000000241580,-2.37,2512.085998535156,20.68782271263336,100.0,1,-2.45,2505.1023559570312,20.908311938953968,100.0,1,-2.5,2516.614715576172,20.54484097990176,100.0,1,-2.7,2499.866577148437,21.073617194166875,100.0,1,-2.86,2494.0316772460938,21.257838043205712,100.0,1,-3.55,2530.4176025390625,20.1090529461654,100.0,1,-3.74,2512.350341796875,20.679476804232777,100.0,1,-3.76,2507.011199951172,20.84804546186461,100.0,1,-3.85,2520.763977050781,20.41383950866321,100.0,1,-3.92,2512.3015747070312,20.68101649040504,100.0,1,10
ZINC0000000241680,-1.36,2527.50634765625,20.2009677785115,100.0,1,-1.61,2525.5597229003906,20.262427078805647,100.0,1,-1.75,2557.97509765625,19.239001148733067,100.0,1,-1.82,2546.554107666016,19.59958736410584,100.0,1,-2.18,2539.1766662597656,19.83250970079369,100.0,1,-2.3,2559.31396484375,19.19673011509761,100.0,1,-2.32,2542.506134033203,19.72739095148597,100.0,1,-2.79,2505.895263671875,20.883278067785195,100.0,1,-3.02,2516.2904663085938,20.55507825498328,100.0,1,-3.76,2469.0152893066406,22.047661399770902,100.0,1,10
ZINC0000000241700,-1.05,2562.732147216797,19.088810447327585,100.0,1,-1.15,2562.469146728516,19.09711396136548,100.0,1,-1.18,2568.409484863281,18.909564191347187,100.0,1,-1.3,2568.7559814453125,18.89862451875653,100.0,1,-1.42,2575.192443847656,18.69541099523233,100.0,1,-1.57,2542.531646728516,19.72658545859485,100.0,1,-1.61,2568.564453125,18.9046714964894,100.0,1,-1.63,2568.1590270996094,18.917471703497217,100.0,1,-1.64,2562.663055419922,19.090991829989665,100.0,1,-1.94,2570.9911193847656,18.82805621153338,100.0,1,10
ZINC0000000243470,-0.62,2466.5265502929688,22.12623646049312,100.0,1,-0.74,2490.1334228515625,21.38091465914585,100.0,1,-0.91,2484.3744506835938,21.562738299676194,100.0,1,-1.01,2460.5686950683594,22.31433928424287,100.0,1,-1.12,2467.2569580078125,22.103175854205944,100.0,1,-1.46,2500.2261962890625,21.06226321303175,100.0,1,-1.64,2503.960876464844,20.944351001273912,100.0,1,-1.74,2483.6046752929688,21.5870418315968,100.0,1,-2.1,2501.0473022460938,21.03633906024648,100.0,1,-2.29,2465.0381774902344,22.173227721010868,100.0,1,10
ZINC0000000246380,-0.96,2494.1778869628906,21.25322187521365,100.0,1,-1.28,2507.0787353515625,20.845913218122927,100.0,1,-1.34,2500.7106018066406,21.046969446691133,100.0,1,-1.46,2504.283935546875,20.934151303013863,100.0,1,-1.5,2487.665069580078,21.458846096361768,100.0,1,-1.69,2529.712219238281,20.131323475693343,100.0,1,-1.77,2494.0047302246094,21.25868882098425,100.0,1,-1.84,2532.207061767578,20.052555713322537,100.0,1,-1.91,2530.6665649414062,20.10119264591928,100.0,1,-1.97,2533.7642822265625,20.003390778208647,100.0,1,10
ZINC0000000247470,-0.54,2517.4737548828125,20.51771918637048,100.0,1,-0.68,2547.037475585937,19.58432635704548,100.0,1,-0.69,2536.3445739746094,19.92192519275753,100.0,1,-0.69,2540.040008544922,19.80525205260015,100.0,1,-0.74,2541.803924560547,19.749561276156648,100.0,1,-0.8,2535.509552001953,19.9482887053016,100.0,1,-0.89,2528.7109375,20.1629361811451,100.0,1,-1.04,2553.5416870117188,19.37897384522188,100.0,1,-1.7,2568.34326171875,18.911655004234422,100.0,1,-2.22,2597.191650390625,18.000846808124578,100.0,1,10
ZINC0000000249230,-1.3,2510.6390991210938,20.73350456544892,100.0,1,-1.33,2509.321990966797,20.775088617707137,100.0,1,-1.36,2508.5896911621094,20.79820896150538,100.0,1,-1.38,2516.645568847656,20.54386687306812,100.0,1,-1.38,2510.646759033203,20.73326272487993,100.0,1,-1.4,2517.037506103516,20.53149253670369,100.0,1,-1.41,2513.244842529297,20.651235414123164,100.0,1,-1.44,2511.098937988281,20.718986423243887,100.0,1,-1.48,2513.527618408203,20.64230754674384,100.0,1,-2.3,2553.1248168945312,19.392135367820813,100.0,1,10
ZINC0000000249320,-0.77,2500.851348876953,21.042525746674567,100.0,1,-0.84,2471.7808227539062,21.96034731928497,100.0,1,-0.84,2489.345428466797,21.40579340548751,100.0,1,-1.54,2483.756256103516,21.58225608615398,100.0,1,-1.58,2473.43212890625,21.908211888258016,100.0,1,-1.68,2459.110656738281,22.360372817567114,100.0,1,-1.87,2494.6244506835938,21.23912285909432,100.0,1,-1.98,2457.2529296875,22.4190254183495,100.0,1,-2.11,2463.0769653320312,22.23514757824516,100.0,1,-2.32,2449.257202148437,22.67146843203987,100.0,1,10
ZINC0000000249840,-0.96,2550.570770263672,19.47277233618298,100.0,1,-1.07,2552.515167236328,19.411383371990567,100.0,1,-1.07,2550.4215393066406,19.47748389149109,100.0,1,-1.07,2554.096160888672,19.36146786395541,100.0,1,-1.09,2553.7708435058594,19.37173886182544,100.0,1,-1.13,2554.0118103027344,19.36413100073897,100.0,1,-1.14,2552.120086669922,19.42385694970402,100.0,1,-1.16,2552.4432067871094,19.413655324427484,100.0,1,-1.17,2549.7867736816406,19.497524862944807,100.0,1,-1.22,2563.219116210937,19.07343574629456,100.0,1,10
ZINC0000000250270,-0.52,2512.2413024902344,20.6829194191849,100.0,1,-0.81,2505.3130493164062,20.901659878044523,100.0,1,-0.92,2526.069641113281,20.24632781957391,100.0,1,-0.96,2522.459259033203,20.36031566225814,100.0,1,-0.97,2505.8722534179688,20.88400455300039,100.0,1,-1.02,2509.6393127441406,20.765070058996766,100.0,1,-1.02,2520.02783203125,20.437081254500065,100.0,1,-1.21,2527.455322265625,20.20257876429374,100.0,1,-1.27,2530.1680603027344,20.116931553068145,100.0,1,-1.37,2544.171844482422,19.674800744568337,100.0,1,10
ZINC0000000251770,-0.67,2554.5250854492188,19.347925755600507,100.0,1,-0.7,2557.2713623046875,19.26121964881589,100.0,1,-0.73,2540.4752807617188,19.79150953453071,100.0,1,-0.89,2560.7770385742188,19.15053760291328,100.0,1,-0.94,2559.9337463378906,19.1771622261912,100.0,1,-1.0,2560.9969787597656,19.143593599006216,100.0,1,-1.0,2559.3719787597656,19.19489848592773,100.0,1,-1.09,2563.3257446289062,19.07006924849363,100.0,1,-1.43,2561.0005493164062,19.143480868541783,100.0,1,-1.61,2576.2439880371094,18.66221139170441,100.0,1,10
ZINC0000000252800,-1.03,2568.886047363281,18.894518046625013,100.0,1,-1.36,2546.8245544433594,19.59104875405665,100.0,1,-1.53,2548.5972290039062,19.535081450747423,100.0,1,-1.81,2565.9732971191406,18.986480090875013,100.0,1,-1.84,2558.4549865722656,19.22384998161241,100.0,1,-1.9,2551.1312866210938,19.4550755802844,100.0,1,-1.9,2559.1334228515625,19.202430229863005,100.0,1,-1.92,2593.2823486328125,18.12427221404868,100.0,1,-2.08,2555.3629150390625,19.321473600298088,100.0,1,-2.2,2548.1358337402344,19.549648731872846,100.0,1,10
ZINC0000000253460,-1.82,2450.9732666015625,22.617288436521346,100.0,1,-1.85,2456.6993408203125,22.43650345787692,100.0,1,-1.94,2448.2012939453125,22.70480581724653,100.0,1,-1.96,2521.036865234375,20.4052238179546,100.0,1,-1.99,2469.015625,22.047650801180225,100.0,1,-2.05,2450.972412109375,22.61731541475214,100.0,1,-2.11,2450.608642578125,22.628800433008312,100.0,1,-2.13,2451.3601684570312,22.605073079017004,100.0,1,-2.32,2456.8373413085938,22.432146473602224,100.0,1,-2.35,2483.7283325195312,21.58313769619629,100.0,1,10
ZINC0000000255130,-0.57,2441.6363525390625,22.91207571047364,100.0,1,-0.66,2444.2374877929688,22.82995204889257,100.0,1,-0.73,2442.7857055664062,22.87578806302701,100.0,1,-0.79,2449.5499877929688,22.66222453395684,100.0,1,-0.85,2465.124267578125,22.17050966425746,100.0,1,-0.94,2457.49072265625,22.411517762120297,100.0,1,-0.96,2439.136962890625,22.990987035572648,100.0,1,-1.03,2442.1397705078125,22.896181678497648,100.0,1,-1.43,2444.718078613281,22.814778721082323,100.0,1,-5.69,3167.326141357422,0.0004249071351485,0.0,1,10
ZINC0000000255310,-0.79,2467.7215576171875,22.088507404715006,100.0,1,-0.9,2466.1495971679688,22.13813771431025,100.0,1,-0.98,2472.8334350585938,21.927113992968547,100.0,1,-1.03,2461.4721069335938,22.28581654972632,100.0,1,-1.32,2464.72119140625,22.18323568113057,100.0,1,-1.33,2422.289367675781,23.5229033232016,100.0,1,-1.94,2436.7078247070312,23.06768036469635,100.0,1,-1.98,2438.0213623046875,23.02620904290256,100.0,1,-2.01,2461.913146972656,22.271891928598954,100.0,1,-2.72,2451.752685546875,22.59268043599596,100.0,1,10
ZINC0000000257650,-1.54,2512.270477294922,20.68199830530462,100.0,1,-1.94,2522.204406738281,20.36836191959516,100.0,1,-2.19,2523.0262145996094,20.34241560612029,100.0,1,-2.33,2527.150451660156,20.212204211640984,100.0,1,-2.39,2517.091339111328,20.52979290816309,100.0,1,-2.39,2523.539428710937,20.32621228799832,100.0,1,-2.51,2530.3709716796875,20.11052518676065,100.0,1,-2.61,2559.0081481933594,19.206385431200385,100.0,1,-2.62,2569.052795410156,18.88925343758544,100.0,1,-3.18,2591.091583251953,18.19343958028656,100.0,1,10
ZINC0000000257860,-0.44,2484.3279418945312,21.564206686238474,100.0,1,-2.26,2512.374786376953,20.67870503413016,100.0,1,-2.32,2524.1307067871094,20.307544315790828,100.0,1,-2.59,2528.6900024414062,20.163597147799774,100.0,1,-2.63,2522.1385498046875,20.370441170383483,100.0,1,-2.66,2518.9761962890625,20.47028374855272,100.0,1,-2.66,2522.476806640625,20.35976164501844,100.0,1,-2.71,2530.380889892578,20.11021204658169,100.0,1,-2.73,2529.202911376953,20.147403464760224,100.0,1,-2.77,2521.841583251953,20.3798170690958,100.0,1,10
ZINC0000000258350,-0.02,2528.911346435547,20.156608822513533,100.0,1,-0.71,2519.7046813964844,20.447283843284843,100.0,1,-0.73,2533.43603515625,20.01375427287001,100.0,1,-0.75,2525.0987548828125,20.276980870815667,100.0,1,-0.87,2560.574432373047,19.15693433413833,100.0,1,-0.9,2557.2897338867188,19.260639616853624,100.0,1,-0.92,2550.8724975585938,19.463246130184764,100.0,1,-0.98,2559.460693359375,19.192097567465424,100.0,1,-1.16,2569.4097900390625,18.87798231815921,100.0,1,-1.35,2557.438537597656,19.25594155066092,100.0,1,10
ZINC0000000258610,-1.51,2658.1500549316406,16.07625354542128,100.0,1,-1.58,2671.6592712402344,15.649737351507,100.0,1,-1.63,2664.57958984375,15.873258738268229,100.0,1,-1.7,2672.0091247558594,15.638691693009624,100.0,1,-1.7,2654.6795043945312,16.185826593336238,100.0,1,-1.74,2664.6014709472656,15.87256790285802,100.0,1,-1.74,2676.029998779297,15.51174370094924,100.0,1,-1.74,2677.312774658203,15.471243595464356,100.0,1,-1.83,2672.7164306640625,15.616360462462374,100.0,1,-1.89,2669.1927185058594,15.72761194173658,100.0,1,10
ZINC0000000259000,-1.44,2509.868560791016,20.7578321850756,100.0,1,-1.53,2507.627868652344,20.828575850798973,100.0,1,-1.75,2501.0362243652344,21.03668881373867,100.0,1,-1.83,2496.011657714844,21.195325628402003,100.0,1,-1.84,2494.209991455078,21.25220826454205,100.0,1,-1.91,2496.7608947753906,21.17167053752892,100.0,1,-1.92,2509.046905517578,20.783773681009247,100.0,1,-1.98,2502.2384338378906,20.998732370015222,100.0,1,-2.08,2505.7784729003906,20.886965413831028,100.0,1,-5.79,3167.321044921875,0.000585813011724,0.0,1,10
ZINC0000000259580,-0.79,2451.767608642578,22.59220928046515,100.0,1,-0.83,2500.095977783203,21.06637450270449,100.0,1,-0.91,2502.064727783203,21.00421665893419,100.0,1,-0.97,2491.2911376953125,21.34436301044065,100.0,1,-1.03,2500.7520751953125,21.04566003898893,100.0,1,-1.05,2491.31591796875,21.34358064174736,100.0,1,-1.12,2510.23193359375,20.746359692426587,100.0,1,-1.15,2512.782958984375,20.665818111380474,100.0,1,-1.16,2506.0357360839844,20.87884303934282,100.0,1,-5.63,3167.321228027344,0.0005800319622662,0.0,1,10
ZINC0000000261240,-0.38,2491.0565185546875,21.351770461812585,100.0,1,-0.67,2484.6377868652344,21.554424187047623,100.0,1,-0.82,2488.830352783203,21.42205549761231,100.0,1,-1.0,2482.4788513183594,21.6225866141881,100.0,1,-1.06,2487.7076721191406,21.457501038854588,100.0,1,-1.1,2483.5860290527344,21.587630535133247,100.0,1,-1.41,2483.2338256835938,21.59875038376533,100.0,1,-1.59,2486.4351806640625,21.49767644206159,100.0,1,-2.73,2516.5112915039062,20.54810630933717,100.0,1,-2.98,2543.9575805664062,19.68156553594221,100.0,1,10
ZINC0000000262460,-0.73,2459.349914550781,22.35281891294225,100.0,1,-0.94,2462.8555603027344,22.242137830547883,100.0,1,-1.01,2466.1788330078125,22.137214673413485,100.0,1,-1.03,2442.5390625,22.883575136646662,100.0,1,-1.19,2461.787170410156,22.27586929062592,100.0,1,-1.29,2465.213195800781,22.16770200123745,100.0,1,-1.37,2470.426544189453,22.003104924583127,100.0,1,-1.45,2458.5245971679688,22.37887602986505,100.0,1,-1.53,2473.8321838378906,21.89558125870096,100.0,1,-1.67,2500.815490722656,21.04365786886005,100.0,1,10
ZINC0000000264030,-0.73,2482.061279296875,21.63577029747662,100.0,1,-3.09,2419.656494140625,23.606029033355345,100.0,1,-3.64,2446.25732421875,22.766181292323544,100.0,1,-4.35,2529.7736206054688,20.129384897108498,100.0,1,-4.37,2524.1611328125,20.3065836980726,100.0,1,-4.41,2520.2272338867188,20.43078569164052,100.0,1,-4.42,2526.649780273437,20.228011527875104,100.0,1,-4.45,2515.0578002929688,20.59399627993321,100.0,1,-4.47,2535.9334106445312,19.93490653931503,100.0,1,-4.5,2532.075225830078,20.05671806893216,100.0,1,10
ZINC0000000266160,0.01,2448.780517578125,22.68651843079502,100.0,1,-0.17,2428.598388671875,23.323713410100016,100.0,1,-0.75,2466.39013671875,22.13054334233918,100.0,1,-2.02,2480.9962463378906,21.669395771647928,100.0,1,-2.12,2444.9098510742188,22.80872403528352,100.0,1,-2.16,2467.0914916992188,22.10839999589931,100.0,1,-2.66,2467.30322265625,22.1017151757096,100.0,1,-2.71,2469.4409790039062,22.03422142328975,100.0,1,-3.46,2457.6666259765625,22.405964100607832,100.0,1,-3.58,2465.3994140625,22.161822673938865,100.0,1,10
ZINC0000000266770,-1.77,2460.247009277344,22.324495624631982,100.0,1,-2.14,2456.465881347656,22.443874295935625,100.0,1,-2.3,2460.3429565429688,22.321466354716097,100.0,1,-2.42,2440.29052734375,22.95456642398849,100.0,1,-2.65,2471.1902465820312,21.97899313080288,100.0,1,-2.78,2459.0328979492188,22.3628278365702,100.0,1,-2.97,2457.0078125,22.42676431655701,100.0,1,-3.03,2464.464599609375,22.19133685843744,100.0,1,-3.07,2465.3920288085938,22.162055842933665,100.0,1,-3.12,2449.125244140625,22.67563464168246,100.0,1,10
ZINC0000000267140,-2.1,2632.9282836914062,16.872561312461638,100.0,1,-2.91,2654.640106201172,16.187070482477907,100.0,1,-3.31,2650.1209716796875,16.32974967362122,100.0,1,-3.37,2653.058532714844,16.237004297169683,100.0,1,-3.51,2657.4168395996094,16.099402794466812,100.0,1,-3.72,2660.2842712402344,16.008871559957615,100.0,1,-3.76,2654.937713623047,16.177674350092495,100.0,1,-3.81,2655.725799560547,16.15279271322611,100.0,1,-3.83,2657.3543701171875,16.101375095840165,100.0,1,-3.83,2653.6827697753906,16.21729573605979,100.0,1,10
ZINC0000000267950,-0.64,2455.6305541992188,22.47024744356212,100.0,1,-2.4,2532.9014892578125,20.03063108325382,100.0,1,-2.41,2530.600646972656,20.103273823724084,100.0,1,-2.42,2537.049560546875,19.899667188836748,100.0,1,-2.49,2548.316864013672,19.54393320097556,100.0,1,-2.53,2540.6549072265625,19.785838325012605,100.0,1,-2.6,2543.181030273437,19.706082966692755,100.0,1,-2.63,2534.0870361328125,19.99320071503103,100.0,1,-2.7,2542.1151428222656,19.739735419094867,100.0,1,-2.8,2558.7420349121094,19.21478722307906,100.0,1,10
ZINC0000000268690,-0.67,2550.429931640625,19.47721892672428,100.0,1,-0.7,2556.397247314453,19.2888174154192,100.0,1,-1.19,2547.7654418945312,19.56134283141774,100.0,1,-1.62,2545.5939025878906,19.62990318746256,100.0,1,-1.68,2580.528625488281,18.52693579790006,100.0,1,-1.77,2545.7566833496094,19.62476383449457,100.0,1,-1.81,2537.0838928222656,19.89858324206341,100.0,1,-1.86,2555.9761962890625,19.302110938647417,100.0,1,-1.87,2560.4871520996094,19.159689967713227,100.0,1,-2.08,2571.837310791016,18.801340054972385,100.0,1,10
ZINC0000000268720,-0.45,2569.053466796875,18.88923224040409,100.0,1,-0.49,2571.9395751953125,18.7981113388502,100.0,1,-0.92,2585.359649658203,18.374409552513622,100.0,1,-1.07,2646.0772399902344,16.45741933335558,100.0,1,-1.09,2642.701232910156,16.56400743273383,100.0,1,-1.45,2576.071594238281,18.66765424976893,100.0,1,-2.24,2633.020721435547,16.869642845993692,100.0,1,-2.31,2639.087890625,16.678088735717626,100.0,1,-2.31,2628.0992736816406,17.025023966304033,100.0,1,-2.52,2630.905303955078,16.93643131037969,100.0,1,10
ZINC0000000269430,-0.19,2478.5518493652344,21.746570854893115,100.0,1,-0.3,2484.3673400878906,21.5629627970968,100.0,1,-0.35,2487.9904174804688,21.4485741349835,100.0,1,-0.83,2471.465057373047,21.97031673907496,100.0,1,-0.94,2491.5994873046875,21.334627723153712,100.0,1,-1.5,2499.9467163085938,21.07108702152084,100.0,1,-1.56,2514.134185791016,20.62315685690661,100.0,1,-1.56,2504.9791870117188,20.91220065822258,100.0,1,-1.57,2512.395263671875,20.67805852009913,100.0,1,-1.62,2510.4403381347656,20.73977989463536,100.0,1,10
ZINC0000000269440,-0.63,2458.932891845703,22.3659852530824,100.0,1,-0.64,2471.818298339844,21.95916413116261,100.0,1,-0.67,2469.361541748047,22.0367294352462,100.0,1,-0.75,2484.2105712890625,21.567912338940925,100.0,1,-0.89,2475.939758300781,21.8290404159334,100.0,1,-0.89,2476.496551513672,21.81146120804047,100.0,1,-0.89,2478.988037109375,21.732799431576385,100.0,1,-1.58,2504.8826904296875,20.915247271286848,100.0,1,-1.58,2509.0775756835938,20.78280535522506,100.0,1,-1.69,2494.5416259765625,21.24173782046573,100.0,1,10
ZINC0000000269540,0.07,2551.8028259277344,19.433873581397908,100.0,1,0.06,2548.5755310058594,19.53576650510817,100.0,1,-0.77,2542.1954650878906,19.73719946539937,100.0,1,-0.85,2543.225646972656,19.704674317641533,100.0,1,-0.87,2553.7799682617188,19.3714507728608,100.0,1,-0.95,2547.98779296875,19.55432271035948,100.0,1,-0.95,2547.3442993164062,19.574639245170687,100.0,1,-1.07,2554.9243774414062,19.335319213749525,100.0,1,-1.41,2555.9640502929688,19.30249441492812,100.0,1,-1.63,2559.0884399414062,19.20385044101314,100.0,1,10
ZINC0000000272820,-0.68,2524.636199951172,20.29158476525432,100.0,1,-0.71,2530.579071044922,20.103955024051864,100.0,1,-0.75,2528.504180908203,20.1694639494912,100.0,1,-0.97,2533.230407714844,20.02024639141112,100.0,1,-1.06,2543.2622680664062,19.70351810774997,100.0,1,-1.09,2533.1492309570312,20.02280932333741,100.0,1,-1.18,2543.4454650878906,19.697734167767443,100.0,1,-1.23,2542.1644897460938,19.73817742626599,100.0,1,-1.24,2533.872467041016,19.99997514148733,100.0,1,-1.77,2553.1798400878906,19.390398162458744,100.0,1,10
ZINC0000000275470,-1.21,2490.528625488281,21.36843722739944,100.0,1,-1.26,2479.9191284179688,21.703402795083456,100.0,1,-1.38,2483.4415283203125,21.5921927466637,100.0,1,-1.4,2473.7736206054688,21.89743023101921,100.0,1,-1.43,2475.0587158203125,21.856856898907868,100.0,1,-1.44,2467.04541015625,22.10985489334619,100.0,1,-1.47,2471.3121948242188,21.975142951863976,100.0,1,-1.49,2475.6534423828125,21.838080050268925,100.0,1,-1.56,2474.3369140625,21.879645795870527,100.0,1,-2.09,2468.562438964844,22.06195889858829,100.0,1,10
ZINC0000000275950,-0.44,2574.7447509765625,18.70954566115666,100.0,1,-0.76,2577.160614013672,18.63327145811865,100.0,1,-0.78,2582.920227050781,18.45142758391521,100.0,1,-0.79,2577.832305908203,18.61206464169094,100.0,1,-0.8,2569.122802734375,18.88704314967607,100.0,1,-1.31,2611.791534423828,17.539895793114894,100.0,1,-1.43,2622.0005493164062,17.217574344103326,100.0,1,-1.6,2620.808837890625,17.255199340991194,100.0,1,-1.71,2620.660369873047,17.25988680859323,100.0,1,-1.76,2602.711669921875,17.826567437136674,100.0,1,10
ZINC0000000275960,-1.02,2438.9839477539062,22.995818065902885,100.0,1,-1.1,2442.7853393554688,22.87579962512592,100.0,1,-1.22,2434.6550903320312,23.132489783151293,100.0,1,-1.25,2427.462829589844,23.359565551820825,100.0,1,-1.34,2435.4601440429688,23.10707243570182,100.0,1,-1.37,2442.9732055664062,22.869868268382216,100.0,1,-1.42,2426.0308227539062,23.404777212613816,100.0,1,-1.7,2418.05615234375,23.656555405616544,100.0,1,-1.82,2421.831359863281,23.53736365491205,100.0,1,-1.92,2413.3585815429688,23.80486822945648,100.0,1,10
ZINC0000000276210,-1.3,2527.5731201171875,20.198859622475887,100.0,1,-1.69,2540.9088439941406,19.777820972922875,100.0,1,-2.11,2564.731506347656,19.02568620478959,100.0,1,-2.92,2577.948760986328,18.60838789423578,100.0,1,-3.08,2531.143585205078,20.086132048573457,100.0,1,-3.15,2523.4620056152344,20.32865670841073,100.0,1,-3.64,2605.6626586914062,17.733398117058236,100.0,1,-3.8,2602.7603149414062,17.825031604997385,100.0,1,-3.89,2528.116516113281,20.18170339470161,100.0,1,-3.95,2529.90283203125,20.125305403207776,100.0,1,10
ZINC0000000276290,-3.47,2572.374755859375,18.78437171130549,100.0,1,-3.53,2567.3236694335938,18.94384581463196,100.0,1,-3.59,2560.9756774902344,19.144266127759803,100.0,1,-3.62,2559.914367675781,19.177774053925475,100.0,1,-3.64,2565.1548461914062,19.01232041844316,100.0,1,-3.71,2564.5714721679688,19.03073884201571,100.0,1,-3.84,2568.1231994628906,18.918602862174463,100.0,1,-4.06,2582.4786682128906,18.4653685846827,100.0,1,-4.54,2600.4374084472656,17.898370961927316,100.0,1,-4.63,2590.5572509765625,18.21030964611267,100.0,1,10
ZINC0000000276310,-2.05,2483.833526611328,21.579816483282784,100.0,1,-2.65,2499.5591735839844,21.08332261269828,100.0,1,-3.75,2510.5498046875,20.73632379056784,100.0,1,-4.09,2488.051025390625,21.44666060761296,100.0,1,-4.31,2505.274200439453,20.90288642403782,100.0,1,-4.32,2500.429229736328,21.05585299269129,100.0,1,-4.45,2527.373443603516,20.20516385690962,100.0,1,-4.66,2531.705780029297,20.06838229972152,100.0,1,-5.01,2510.5747680664062,20.73553564082509,100.0,1,-5.17,2497.2300415039062,21.156858525309783,100.0,1,10
ZINC0000000276330,-0.65,2453.855224609375,22.52629857208849,100.0,1,-0.67,2476.799285888672,21.80190320627024,100.0,1,-0.83,2473.1950073242188,21.91569834730588,100.0,1,-0.83,2470.2760620117188,22.0078559837292,100.0,1,-0.84,2469.927795410156,22.01885153979794,100.0,1,-0.84,2461.615692138672,22.281283243443152,100.0,1,-0.84,2478.802276611328,21.738664306251327,100.0,1,-0.85,2472.341735839844,21.94263803777924,100.0,1,-0.88,2470.6704711914062,21.99540360319709,100.0,1,-1.64,2469.4005126953125,22.035499035219928,100.0,1,10
ZINC0000000276340,-1.17,2608.395050048828,17.64713040652417,100.0,1,-1.41,2616.8712768554688,17.379516955548276,100.0,1,-1.43,2615.7045288085938,17.4163538026934,100.0,1,-1.7,2618.855438232422,17.31687254011528,100.0,1,-2.02,2619.6053161621094,17.29319721556909,100.0,1,-2.85,2626.9287109375,17.061981251979528,100.0,1,-2.93,2640.3263244628906,16.638988607709777,100.0,1,-3.14,2646.4517211914062,16.44559612370613,100.0,1,-3.16,2623.0367431640625,17.184859385221618,100.0,1,-3.36,2628.6267700195312,17.00836972632435,100.0,1,10
ZINC0000000276350,-1.39,2567.853881835937,18.92710582241865,100.0,1,-1.64,2567.200592041016,18.94773164337585,100.0,1,-1.68,2568.4849853515625,18.907180471954085,100.0,1,-1.82,2570.289367675781,18.85021208358041,100.0,1,-1.84,2583.593475341797,18.43017162856711,100.0,1,-1.94,2566.0851440429688,18.98294883316454,100.0,1,-1.97,2580.3792419433594,18.531652170749386,100.0,1,-2.02,2574.8358459472656,18.7066695890514,100.0,1,-2.41,2583.930450439453,18.419532570548267,100.0,1,-2.99,2592.420867919922,18.1514710882394,100.0,1,10
ZINC0000000276630,-0.53,2531.6505737304688,20.07012528613304,100.0,1,-0.55,2474.224884033203,21.88318283463046,100.0,1,-0.57,2541.2447509765625,19.767215637692534,100.0,1,-0.65,2489.4921875,21.40115989434708,100.0,1,-0.79,2489.7515869140625,21.392970074281862,100.0,1,-0.79,2495.363494873047,21.215789579974384,100.0,1,-0.83,2491.827209472656,21.32743802464469,100.0,1,-0.89,2499.486785888672,21.085608054250603,100.0,1,-0.92,2520.698455810547,20.415908160860862,100.0,1,-2.29,2484.0735778808594,21.572237527443605,100.0,1,10
ZINC0000000276760,-1.05,2518.4745178222656,20.48612286055885,100.0,1,-1.13,2532.164459228516,20.05390077082972,100.0,1,-1.59,2531.3583984375,20.07934991405121,100.0,1,-1.6,2527.431030273437,20.203345716855143,100.0,1,-1.69,2522.430419921875,20.361226177547746,100.0,1,-1.7,2487.521545410156,21.463377475628445,100.0,1,-1.76,2496.8524169921875,21.16878097630826,100.0,1,-1.78,2561.8367919921875,19.117078815668,100.0,1,-1.87,2531.2955322265625,20.08133474103172,100.0,1,-1.93,2526.4730834960938,20.233590240601885,100.0,1,10
ZINC0000000276850,-0.03,2487.299591064453,21.470385071079544,100.0,1,-0.34,2491.148162841797,21.34887704655896,100.0,1,-2.0,2486.230499267578,21.50413869184717,100.0,1,-2.26,2507.888458251953,20.82034845391228,100.0,1,-2.34,2507.099090576172,20.845270558124867,100.0,1,-2.37,2490.5850524902344,21.366655700658185,100.0,1,-2.39,2503.863586425781,20.94742266555249,100.0,1,-2.52,2484.2879333496094,21.565469845545003,100.0,1,-2.54,2489.083038330078,21.414077649360543,100.0,1,-3.17,2529.5855407714844,20.1353229984099,100.0,1,10
ZINC0000000277050,-0.54,2466.4185180664062,22.12964727967322,100.0,1,-1.74,2445.7280883789062,22.782890452273083,100.0,1,-1.85,2455.6331481933594,22.470165545361468,100.0,1,-2.02,2454.3917541503906,22.509359133668884,100.0,1,-2.05,2450.91162109375,22.61923472317213,100.0,1,-2.16,2457.0660705566406,22.424924979321187,100.0,1,-2.6,2465.931884765625,22.145011382115577,100.0,1,-2.62,2460.447204589844,22.31817501055812,100.0,1,-2.78,2458.62451171875,22.37572150387758,100.0,1,-2.89,2479.7223510742188,21.709615496234107,100.0,1,10
ZINC0000000277070,-2.03,2487.412811279297,21.466810455498138,100.0,1,-2.17,2493.628845214844,21.27055635201288,100.0,1,-2.25,2488.5248413085938,21.431701178632657,100.0,1,-2.33,2510.2291564941406,20.74644737167669,100.0,1,-2.34,2487.10546875,21.47651394701306,100.0,1,-2.39,2512.775848388672,20.666042608801085,100.0,1,-2.42,2511.5435485839844,20.704949071652106,100.0,1,-2.44,2510.502197265625,20.73782686342687,100.0,1,-2.76,2496.330352783203,21.185263711820696,100.0,1,-3.21,2502.473571777344,20.99130853900316,100.0,1,10
ZINC0000000277110,-0.65,2488.752685546875,21.424507626090666,100.0,1,-0.79,2495.7593688964844,21.20329095104661,100.0,1,-1.3,2512.2022399902344,20.68415270973589,100.0,1,-1.43,2526.35693359375,20.237257352974616,100.0,1,-1.46,2513.7052612304688,20.63669896526152,100.0,1,-1.46,2511.129425048828,20.718023878509165,100.0,1,-1.58,2503.960876464844,20.944351001273912,100.0,1,-1.61,2507.869140625,20.82095835463008,100.0,1,-1.71,2511.086212158203,20.719388206181204,100.0,1,-1.76,2507.539794921875,20.83135653558818,100.0,1,10
ZINC0000000277170,-0.04,2441.1107788085938,22.928669249434016,100.0,1,-1.64,2449.9274291992188,22.650307864007825,100.0,1,-1.84,2453.901611328125,22.52483403955918,100.0,1,-1.86,2461.7290649414062,22.277703810320528,100.0,1,-2.14,2462.3873291015625,22.256920937519727,100.0,1,-2.17,2464.427795410156,22.192498849378456,100.0,1,-2.35,2476.2584228515625,21.81897946286034,100.0,1,-2.38,2466.5398559570312,22.125816370899184,100.0,1,-2.81,2475.004638671875,21.858564235514404,100.0,1,-3.95,2494.072570800781,21.25654694216014,100.0,1,10
ZINC0000000277200,-0.45,2462.93896484375,22.23950456251985,100.0,1,-1.28,2464.3974609375,22.193456576571965,100.0,1,-1.38,2463.3509216308594,22.22649816474804,100.0,1,-2.07,2479.4153747558594,21.71930742565012,100.0,1,-2.11,2475.38671875,21.846501112312456,100.0,1,-2.3,2485.6945190429688,21.521060787118405,100.0,1,-2.37,2488.8661193847656,21.42092626595156,100.0,1,-2.94,2493.206115722656,21.283902868194463,100.0,1,-2.95,2504.6246337890625,20.923394696989376,100.0,1,-3.13,2501.769989013672,21.01352222154477,100.0,1,10
ZINC0000000277400,-1.28,2490.036651611328,21.383969943784304,100.0,1,-1.44,2493.523651123047,21.273877564926387,100.0,1,-2.02,3167.3180236816406,0.0006812003277777,0.0,1,-2.21,2506.4912109375,20.86446267881653,100.0,1,-2.26,2508.729461669922,20.79379609375259,100.0,1,-2.27,2505.9880981445312,20.880347075710088,100.0,1,-2.43,2511.270965576172,20.713555127278283,100.0,1,-2.5,2509.745147705078,20.76172861241016,100.0,1,-2.55,2529.385711669922,20.141632050384853,100.0,1,-2.81,2512.077392578125,20.688094421957874,100.0,1,10
ZINC0000000277460,-1.85,2462.3377075195312,22.25848760192279,100.0,1,-1.87,2454.3980712890625,22.509159687462592,100.0,1,-2.21,2436.6875,23.06832206118617,100.0,1,-2.52,2414.815673828125,23.758864564887773,100.0,1,-2.66,2469.3218994140625,22.03798103245381,100.0,1,-3.04,2460.3590698242188,22.320957622363814,100.0,1,-3.31,2424.6041259765625,23.44982122297253,100.0,1,-3.42,2432.338806152344,23.205620058792505,100.0,1,-3.87,2446.7589111328125,22.750345070842137,100.0,1,-3.94,2450.80419921875,22.62262627218738,100.0,1,10
ZINC0000000277590,-1.61,2582.2052001953125,18.47400258204793,100.0,1,-1.67,2577.464172363281,18.62368744162585,100.0,1,-1.73,2586.5123291015625,18.33801688266852,100.0,1,-1.76,2579.0740356445312,18.57286045479285,100.0,1,-1.87,2580.181854248047,18.537884142064897,100.0,1,-2.09,2592.9132690429688,18.13592488273912,100.0,1,-2.29,2582.3377075195312,18.469819029256968,100.0,1,-2.61,2607.113525390625,17.68759100817109,100.0,1,-2.89,2598.214233398437,17.968561573919235,100.0,1,-3.14,2609.271514892578,17.61945844978615,100.0,1,10
ZINC0000000277700,-0.87,2516.21875,20.557342499354256,100.0,1,-0.98,2559.64404296875,19.18630880994168,100.0,1,-1.11,2518.314483642578,20.49117549778497,100.0,1,-1.25,2536.999786376953,19.901238670781023,100.0,1,-1.83,2515.4588012695312,20.581335781620623,100.0,1,-2.21,2516.7567443847656,20.540356812538988,100.0,1,-2.29,2585.019470214844,18.385149778897983,100.0,1,-2.32,2527.734588623047,20.193761700362348,100.0,1,-3.01,2530.091125488281,20.119360557348664,100.0,1,-3.5,2536.867126464844,19.905427041113207,100.0,1,10
ZINC0000000277880,-0.31,2511.8255310058594,20.696046255487083,100.0,1,-0.4,2482.110382080078,21.634220012713683,100.0,1,-0.43,2491.8552856445312,21.32655159706116,100.0,1,-0.69,2477.5357666015625,21.778650861842703,100.0,1,-0.72,2479.773468017578,21.70800161992714,100.0,1,-0.75,2479.885498046875,21.70446458116721,100.0,1,-0.76,2479.1998596191406,21.726111720861947,100.0,1,-0.82,2487.1576538085938,21.474866347917583,100.0,1,-0.95,2487.053741455078,21.47814709348489,100.0,1,-1.21,2485.9278564453125,21.513693803092675,100.0,1,10
ZINC0000000277890,-1.56,2522.3031616210938,20.36524400692092,100.0,1,-1.67,2517.7792053222656,20.508075432366617,100.0,1,-1.67,2525.5860595703125,20.261595571191968,100.0,1,-1.68,2516.6455993652344,20.54386590955988,100.0,1,-1.7,2520.000061035156,20.437958047001164,100.0,1,-1.76,2522.4420471191406,20.360859080907176,100.0,1,-1.88,2536.623077392578,19.91313221653221,100.0,1,-1.89,2530.12109375,20.11841439225407,100.0,1,-1.92,2518.8233337402344,20.475109961341737,100.0,1,-2.34,2541.7937927246094,19.74988116089332,100.0,1,10
ZINC0000000277930,-2.07,2523.9157104492188,20.31433223136253,100.0,1,-2.28,2528.4139404296875,20.17231304336565,100.0,1,-2.28,2524.630920410156,20.29175145218036,100.0,1,-2.44,2531.284912109375,20.08167004190028,100.0,1,-2.47,2533.921264648437,19.998434491806822,100.0,1,-2.52,2521.762115478516,20.38232604456048,100.0,1,-2.54,2532.0368041992188,20.05793112581005,100.0,1,-2.56,2526.023803710937,20.247775008954846,100.0,1,-2.61,2526.176818847656,20.24294397862461,100.0,1,-2.89,2533.2442932128906,20.01980799516057,100.0,1,10
ZINC0000000277980,-1.2,2453.838806152344,22.526816939523208,100.0,1,-1.32,2478.522827148437,21.74748715123217,100.0,1,-1.36,2459.033599853516,22.362805675880608,100.0,1,-1.6,2468.6410522460938,22.059476901354408,100.0,1,-1.69,2500.3746032714844,21.0575776724462,100.0,1,-1.83,2457.566162109375,22.409135969743684,100.0,1,-2.22,2476.285186767578,21.81813446613126,100.0,1,-2.31,2453.530578613281,22.536548372777176,100.0,1,-2.33,2498.3938903808594,21.12011321144774,100.0,1,-4.07,2475.665435791016,21.83770139152944,100.0,1,10
ZINC0000000278930,-0.65,2485.606384277344,21.523843398924093,100.0,1,-0.79,2438.26904296875,23.018389210002635,100.0,1,-0.93,2446.2859497070312,22.76527752159164,100.0,1,-0.94,2468.023376464844,22.078978308192063,100.0,1,-1.11,2441.644897460937,22.91180592816561,100.0,1,-1.84,2452.1567993164062,22.579921659842583,100.0,1,-3.05,2453.1962890625,22.54710264207064,100.0,1,-3.64,2480.6144409179688,21.681450223275693,100.0,1,-3.9,2519.5504150390625,20.452154377453045,100.0,1,-4.13,2512.0791015625,20.688040465496268,100.0,1,10
ZINC0000000278950,-0.57,2480.7611694335938,21.676817675643505,100.0,1,-0.69,2480.5836791992188,21.682421439584605,100.0,1,-0.77,2443.660400390625,22.84817198976708,100.0,1,-0.83,2454.897827148437,22.49338127647576,100.0,1,-0.86,2466.5191040039062,22.1264715565044,100.0,1,-1.3,2478.7077026367188,21.74165021829628,100.0,1,-1.43,2482.4688720703125,21.62290168138355,100.0,1,-2.81,2505.2168884277344,20.90469589251812,100.0,1,-3.1,2491.022216796875,21.35285344507768,100.0,1,-4.37,2507.9640502929688,20.817961843994446,100.0,1,10
ZINC0000000279020,-0.19,2432.081787109375,23.21373472521477,100.0,1,-0.56,2452.772705078125,22.560476136483025,100.0,1,-0.91,2449.2719116210938,22.67100402106676,100.0,1,-1.03,2461.3982543945312,22.28814823967429,100.0,1,-1.05,2453.15283203125,22.548474677808624,100.0,1,-1.11,2471.267639160156,21.976549673898703,100.0,1,-1.35,2465.9733276367188,22.143702937921628,100.0,1,-1.53,2469.7022705078125,22.025971865713466,100.0,1,-1.69,2476.376708984375,21.8152449049106,100.0,1,-2.79,2489.267333984375,21.408259023081264,100.0,1,10
ZINC0000000279030,-0.57,2430.43115234375,23.26584895906038,100.0,1,-0.62,2424.6827392578125,23.44733922573865,100.0,1,-0.65,2427.563415527344,23.35638982865201,100.0,1,-1.6,2417.0414428710938,23.688592054695203,100.0,1,-1.71,2440.490600585937,22.9482496639476,100.0,1,-1.8,2393.5326538085938,24.430817140549568,100.0,1,-1.84,2364.665954589844,25.3422034416052,100.0,1,-1.92,2450.33056640625,22.637579920118228,100.0,1,-2.14,2344.2736206054688,25.98603506568775,100.0,1,-2.22,2357.627197265625,25.564432763812604,100.0,1,10
ZINC0000000279080,-0.42,2496.3048095703125,21.186070168220063,100.0,1,-0.6,2518.8255310058594,20.475040588748243,100.0,1,-0.62,2535.001373291016,19.96433304456349,100.0,1,-0.71,2521.4195251464844,20.393142388096035,100.0,1,-1.14,2548.018768310547,19.55334474949287,100.0,1,-1.15,2538.682373046875,19.84811564380503,100.0,1,-1.42,2523.6903381347656,20.321447739736843,100.0,1,-1.86,2571.5721435546875,18.809711978095525,100.0,1,-1.99,2552.677978515625,19.40624305551433,100.0,1,-2.24,2581.17333984375,18.506580722759136,100.0,1,10
ZINC0000000279500,-1.06,2615.3335876464844,17.428065245386666,100.0,1,-1.21,2609.9150390625,17.5991409514667,100.0,1,-1.25,2611.2049560546875,17.558415385052967,100.0,1,-1.26,2641.8070678710938,16.592238224252768,100.0,1,-1.28,2624.8538513183594,17.127489213910625,100.0,1,-1.5,2618.862060546875,17.316663458826557,100.0,1,-1.89,2613.060821533203,17.4998215582734,100.0,1,-2.15,2613.240539550781,17.494147458230568,100.0,1,-2.61,2627.337646484375,17.04907024152377,100.0,1,-2.67,2620.385498046875,17.268565127337634,100.0,1,10
ZINC0000000279510,-0.47,2571.4683227539062,18.8129898331381,100.0,1,-0.54,2569.0933227539062,18.88797389863878,100.0,1,-0.6,2575.817779541016,18.67566774782569,100.0,1,-0.6,2568.8729248046875,18.894932355169487,100.0,1,-0.6,2578.909545898437,18.57805376422244,100.0,1,-0.62,2579.070281982422,18.57297896630673,100.0,1,-0.62,2580.7127075195312,18.52112391617848,100.0,1,-0.63,2603.578399658203,17.799202839528164,100.0,1,-0.83,2608.869171142578,17.63216134246143,100.0,1,-0.86,2603.196044921875,17.8112746343043,100.0,1,10
ZINC0000000279730,-1.19,2438.9879455566406,22.99569184632305,100.0,1,-1.33,2462.5343017578125,22.2522806818216,100.0,1,-1.51,2449.047790527344,22.678080025603112,100.0,1,-1.6,2479.982147216797,21.70141315056173,100.0,1,-1.6,2475.695678710937,21.836746554860657,100.0,1,-1.66,2464.9805908203125,22.17504586106535,100.0,1,-1.69,2458.773498535156,22.371017656635413,100.0,1,-1.76,2466.568603515625,22.12490874613431,100.0,1,-1.92,2467.770782470703,22.086953265919103,100.0,1,-1.99,2453.3055114746094,22.54365424606906,100.0,1,10
ZINC0000000279860,-0.55,2476.550109863281,21.809770251074063,100.0,1,-0.61,2481.965576171875,21.638791859326563,100.0,1,-1.36,2446.8316650390625,22.7480480671909,100.0,1,-1.47,2443.7989501953125,22.84379766234401,100.0,1,-1.69,2450.776672363281,22.62349535662253,100.0,1,-1.99,2454.566467285156,22.5038430489779,100.0,1,-2.08,2458.160095214844,22.390384172319056,100.0,1,-2.4,2463.6050415039062,22.21847503160885,100.0,1,-2.83,2470.8396606445312,21.99006191349808,100.0,1,-2.9,2467.2449340820312,22.10355547645367,100.0,1,10
ZINC0000000279950,-0.47,2614.6875915527344,17.448460787873792,100.0,1,-0.49,2609.088592529297,17.625233718194497,100.0,1,-0.49,2610.763977050781,17.572338079163842,100.0,1,-0.51,2607.6871032714844,17.669481870744523,100.0,1,-0.51,2603.297790527344,17.808062297822246,100.0,1,-0.54,2620.705352783203,17.258466597443096,100.0,1,-0.66,2617.06005859375,17.373556693557283,100.0,1,-0.68,2623.158142089844,17.181026549431095,100.0,1,-0.7,2619.35107421875,17.30122420274125,100.0,1,-0.72,2623.0086669921875,17.18574581280515,100.0,1,10
ZINC0000000279990,0.12,2606.625213623047,17.70300810356681,100.0,1,-0.54,2616.353515625,17.39586383639846,100.0,1,-0.56,2632.9290466308594,16.87253722475556,100.0,1,-0.56,2616.2789611816406,17.398217687036027,100.0,1,-0.57,2626.323486328125,17.081089547454052,100.0,1,-0.58,2628.642944335937,17.007859066955575,100.0,1,-0.59,2615.383331298828,17.42649472695063,100.0,1,-0.6,2620.571563720703,17.262690617580265,100.0,1,-0.61,2628.779541015625,17.003546404060053,100.0,1,-0.61,2615.2696533203125,17.43008379515568,100.0,1,10
ZINC0000000280100,-0.26,2575.291412353516,18.69228633800039,100.0,1,-0.42,2576.768035888672,18.64566602815617,100.0,1,-0.43,2576.525604248047,18.65332013763831,100.0,1,-0.47,2571.3832397460938,18.81567609411949,100.0,1,-0.5,2598.4707946777344,17.96046136012061,100.0,1,-0.52,2576.021728515625,18.66922862223794,100.0,1,-0.54,2605.2999572753906,17.7448494125259,100.0,1,-0.57,2590.125061035156,18.223954849849573,100.0,1,-0.59,2586.945068359375,18.32435433578324,100.0,1,-0.59,2592.2978515625,18.1553549899668,100.0,1,10
ZINC0000000280590,-2.32,2525.2862548828125,20.27106107617088,100.0,1,-2.33,2543.5372924804688,19.69483497146436,100.0,1,-2.33,2532.373016357422,20.04731615549728,100.0,1,-2.36,2534.8370666503906,19.969520572943622,100.0,1,-2.36,2536.792358398437,19.90778763630848,100.0,1,-2.39,2526.5970153808594,20.229677433627195,100.0,1,-2.51,2524.997039794922,20.28019224378948,100.0,1,-2.69,2531.9772338867188,20.059811893900324,100.0,1,-2.71,2526.482696533203,20.23328673550535,100.0,1,-2.75,2525.952362060547,20.25003058175163,100.0,1,10
ZINC0000000280970,-0.57,2507.7139587402344,20.825857794045564,100.0,1,-0.57,2533.3921813964844,20.015138834215147,100.0,1,-1.79,2548.745635986328,19.530395910161875,100.0,1,-2.02,2532.2389526367188,20.05154884720864,100.0,1,-2.07,2541.9727478027344,19.744231148556555,100.0,1,-2.11,2542.7271423339844,19.7204132247904,100.0,1,-2.21,2547.3600158691406,19.57414303842556,100.0,1,-2.39,2553.620391845703,19.37648895746327,100.0,1,-2.41,2557.793884277344,19.244722460679807,100.0,1,-2.9,2563.622833251953,19.060689495748345,100.0,1,10
ZINC0000000281350,-1.19,2643.6319885253906,16.53462139483157,100.0,1,-1.2,2665.900360107422,15.831559065020851,100.0,1,-1.27,2661.097961425781,15.983181539675382,100.0,1,-1.48,2640.226623535156,16.64213638913955,100.0,1,-1.52,2706.034545898437,14.564432995054585,100.0,1,-1.52,2677.65283203125,15.460507223112971,100.0,1,-1.7,2675.845764160156,15.517560400212032,100.0,1,-1.84,2710.5485229492188,14.421916636804337,100.0,1,-2.0,2680.4826049804688,15.3711649577756,100.0,1,-3.06,2679.61767578125,15.398472708397776,100.0,1,10
ZINC0000000281400,-1.12,2598.794158935547,17.95025202677813,100.0,1,-1.16,2610.2360229492188,17.589006771767174,100.0,1,-1.2,2612.2062072753906,17.526803643109456,100.0,1,-1.59,2626.6263122558594,17.071528655159092,100.0,1,-2.38,2655.172576904297,16.17025919065462,100.0,1,-2.4,2634.158905029297,16.833707842563985,100.0,1,-2.44,2662.732421875,15.931577965198546,100.0,1,-2.54,2657.2776794433594,16.103796392054743,100.0,1,-2.58,2656.54833984375,16.126823275553413,100.0,1,-2.62,2661.5464782714844,15.969020859028491,100.0,1,10
ZINC0000000281800,-0.11,2548.3025512695312,19.54438508634152,100.0,1,-0.15,2541.251983642578,19.76698728623895,100.0,1,-0.2,2545.45751953125,19.634209105800373,100.0,1,-0.79,2543.5856018066406,19.693309737915737,100.0,1,-0.84,2551.6373291015625,19.43909868659952,100.0,1,-0.91,2545.1928100585938,19.64256657629987,100.0,1,-0.98,2541.358673095703,19.76361886142153,100.0,1,-0.99,2534.8226013183594,19.96997727585079,100.0,1,-1.15,2541.668701171875,19.75383058118124,100.0,1,-1.27,2555.4374084472656,19.319121676677003,100.0,1,10
ZINC0000000282230,-0.64,2491.552459716797,21.336112489356125,100.0,1,-0.73,2495.791259765625,21.20228408493272,100.0,1,-0.77,2470.5300903320312,21.99983574111474,100.0,1,-0.78,2519.2999572753906,20.460061889603075,100.0,1,-0.8,2507.954132080078,20.818274984173414,100.0,1,-0.9,2481.3617553710938,21.657855833421912,100.0,1,-1.07,2487.862579345703,21.452610271013288,100.0,1,-1.39,2500.9981384277344,21.03789127202589,100.0,1,-1.64,2521.4417419433594,20.39244095409516,100.0,1,-2.61,2541.1368408203125,19.770622602839666,100.0,1,10
ZINC0000000282480,-0.56,2480.715148925781,21.67827064607389,100.0,1,-0.6,2498.831115722656,21.10630902885075,100.0,1,-0.63,2499.8728942871094,21.07341774796058,100.0,1,-0.67,2499.838928222656,21.07449013263501,100.0,1,-0.67,2509.2989196777344,20.77581702993882,100.0,1,-1.01,2505.1105041503906,20.90805468225309,100.0,1,-1.22,2514.7635803222656,20.60328546290366,100.0,1,-1.24,2508.929168701172,20.787490895810613,100.0,1,-1.64,2507.945281982422,20.81855440156388,100.0,1,-2.06,2579.246826171875,18.56740507112117,100.0,1,10
ZINC0000000282500,-0.93,2437.1119995117188,23.05491966152649,100.0,1,-1.18,2452.164581298828,22.579675965240632,100.0,1,-1.2,2446.7824096679688,22.749603169495053,100.0,1,-1.37,2459.183868408203,22.35806136129224,100.0,1,-1.56,2484.678497314453,21.553138867051512,100.0,1,-1.71,2457.2227783203125,22.419977364493548,100.0,1,-1.71,2467.948211669922,22.08135142899449,100.0,1,-1.75,2433.60986328125,23.16548994047292,100.0,1,-1.76,2451.408203125,22.603556517042573,100.0,1,-1.8,2458.537048339844,22.378482918501923,100.0,1,10
ZINC0000000283640,-0.85,2548.745147705078,19.530411326293763,100.0,1,-1.07,2556.5662536621094,19.283481506769647,100.0,1,-1.28,2576.3738403320312,18.658111664130583,100.0,1,-1.45,2536.5787658691406,19.914531230501,100.0,1,-2.18,2560.031555175781,19.174074182272484,100.0,1,-2.44,2578.3863525390625,18.59457214953987,100.0,1,-2.61,2605.5626220703125,17.73655649707868,100.0,1,-3.42,2620.93212890625,17.251306767689606,100.0,1,-3.64,2629.3370666503906,16.985944071969286,100.0,1,-3.85,2637.9769897460938,16.71316236277812,100.0,1,10
ZINC0000000283660,-1.3,2583.5149841308594,18.432649771768023,100.0,1,-1.32,2584.4090881347656,18.40442090726557,100.0,1,-1.39,2579.7841796875,18.550439617979,100.0,1,-1.51,2586.9564819335938,18.32399398370037,100.0,1,-1.94,2578.3894958496094,18.594472908190845,100.0,1,-2.06,2584.173767089844,18.41185051932709,100.0,1,-2.55,2586.479736328125,18.339045909472,100.0,1,-2.97,2639.4984741210938,16.665125695816748,100.0,1,-3.76,2659.338165283203,16.038742242506082,100.0,1,-4.33,2657.5745544433594,16.094423383867156,100.0,1,10
ZINC0000000283730,-1.4,2497.0545043945312,21.16240062472333,100.0,1,-1.67,2479.5304565429688,21.715674036065884,100.0,1,-1.89,2489.8461303710938,21.38998512574515,100.0,1,-2.01,2501.9645385742188,21.00737985649585,100.0,1,-2.06,2501.2056884765625,21.03133845246548,100.0,1,-2.09,2489.998352050781,21.385179146629227,100.0,1,-2.15,2481.0746459960938,21.666920518971747,100.0,1,-2.16,2483.5782165527344,21.58787719324345,100.0,1,-2.16,2485.924346923828,21.513804606540617,100.0,1,-2.65,2486.5562438964844,21.49385420486174,100.0,1,10
ZINC0000000285780,-0.54,2657.782989501953,16.087842622567692,100.0,1,-0.59,2658.863342285156,16.05373346725841,100.0,1,-0.67,2655.1334228515625,16.171495371730344,100.0,1,-0.68,2655.1266479492188,16.17170927056028,100.0,1,-0.69,2643.931671142578,16.525159743885634,100.0,1,-0.7,2658.1055908203125,16.077657376931285,100.0,1,-0.71,2661.6341247558594,15.96625366335469,100.0,1,-0.71,2660.772216796875,15.993466026660814,100.0,1,-0.74,2650.8986206054688,16.305197556573926,100.0,1,-0.75,2660.0648803710938,16.015798220716306,100.0,1,10
ZINC0000000285900,-0.5,2654.205108642578,16.200804328973163,100.0,1,-0.58,2640.9990234375,16.61774999551005,100.0,1,-0.61,2643.9920654296875,16.523252961072803,100.0,1,-0.74,2620.822021484375,17.25478310543023,100.0,1,-0.74,2641.7838439941406,16.592971454025665,100.0,1,-0.75,2630.762939453125,16.94092607633313,100.0,1,-0.83,2632.476959228516,16.88681063586688,100.0,1,-0.86,2630.958404541016,16.934754806036924,100.0,1,-0.88,2634.5895385742188,16.820111777747478,100.0,1,-0.95,2625.7976989746094,17.097689830972136,100.0,1,10
ZINC0000000286740,-0.78,2510.0087890625,20.753404864699164,100.0,1,-1.36,2529.2471923828125,20.14600541429968,100.0,1,-1.42,2540.2760620117188,19.7977993163408,100.0,1,-1.57,2528.7857055664062,20.16057558594983,100.0,1,-1.75,2569.352600097656,18.87978793260653,100.0,1,-1.94,2521.262023925781,20.398115054137985,100.0,1,-1.98,2586.705780029297,18.331909203916343,100.0,1,-2.21,2521.216827392578,20.39954200984582,100.0,1,-2.65,2549.8204345703125,19.496462113352813,100.0,1,-2.77,2537.036499023437,19.90007957036474,100.0,1,10
ZINC0000000286820,-0.91,2500.793273925781,21.044359302860933,100.0,1,-1.12,2527.267944335937,20.20849470490556,100.0,1,-1.21,2532.6988220214844,20.037029741495363,100.0,1,-1.26,2531.6616821289062,20.069774569132605,100.0,1,-1.54,2552.230010986328,19.42038639301285,100.0,1,-1.55,2536.014617919922,19.93234264388049,100.0,1,-1.62,2551.758544921875,19.43527163185845,100.0,1,-1.72,2552.0822143554688,19.425052663433544,100.0,1,-2.09,2556.3961486816406,19.288852101715943,100.0,1,-5.59,362.1991882324219,0.0,0.0,1,10
ZINC0000000286910,-0.87,2435.4574584960938,23.1071572244272,100.0,1,-1.28,2438.511047363281,23.010748589635902,100.0,1,-1.28,2445.008544921875,22.80560804962576,100.0,1,-1.31,2435.586853027344,23.10307194947702,100.0,1,-1.96,2451.3289184570312,22.606059711457803,100.0,1,-2.24,2451.788024902344,22.591564693450604,100.0,1,-2.4,2468.256774902344,22.07160939714985,100.0,1,-2.79,2488.6908569335938,21.42645969379092,100.0,1,-2.79,2476.4763793945312,21.81209808698907,100.0,1,-2.91,2497.718139648437,21.14144817447176,100.0,1,10
ZINC0000000287850,-0.66,2506.837158203125,20.853540349374256,100.0,1,-1.12,2458.64599609375,22.37504319407453,100.0,1,-1.35,2489.8112182617188,21.391087379175104,100.0,1,-1.53,2503.711853027344,20.95221322853652,100.0,1,-1.74,2500.8767700195312,21.04172314430817,100.0,1,-1.76,2499.9811401367188,21.07000018422277,100.0,1,-1.82,2493.592254638672,21.2717115983962,100.0,1,-2.27,2497.5684814453125,21.146173218895274,100.0,1,-2.52,2488.8678588867188,21.420871345981706,100.0,1,-2.54,2484.4152221679688,21.56145105266359,100.0,1,10
ZINC0000000288950,-0.74,2468.1219177246094,22.075867140075523,100.0,1,-0.78,2503.9256591796875,20.94546288978629,100.0,1,-1.49,2499.721221923828,21.078206383928126,100.0,1,-1.81,2514.149139404297,20.62268473786756,100.0,1,-1.97,2500.9859619140625,21.03827571181484,100.0,1,-2.01,2498.603057861328,21.11350932595045,100.0,1,-2.22,2493.35888671875,21.27907954593017,100.0,1,-2.38,2518.486114501953,20.485756727426523,100.0,1,-2.5,2507.181365966797,20.84267293990183,100.0,1,-2.55,2481.87060546875,21.64179029697868,100.0,1,10
ZINC0000000289650,-0.7,2496.849639892578,21.168868655558366,100.0,1,-0.73,2509.9519958496094,20.755197953539327,100.0,1,-0.73,2507.0322265625,20.847381604685207,100.0,1,-0.75,2519.081573486328,20.46695675458975,100.0,1,-0.79,2513.640014648437,20.638758945884984,100.0,1,-0.81,2515.405517578125,20.583018067012844,100.0,1,-0.81,2514.46484375,20.612717245094068,100.0,1,-0.86,2539.1795043945312,19.83242009452709,100.0,1,-2.95,2593.906555175781,18.104564616447025,100.0,1,-3.05,2590.649475097656,18.207397924202425,100.0,1,10
ZINC0000000289690,-0.7,2531.297241210937,20.081280784570115,100.0,1,-0.75,2518.5523376464844,20.483665914539284,100.0,1,-0.78,2524.6911010742188,20.289851413925224,100.0,1,-0.8,2525.364318847656,20.268596422085366,100.0,1,-0.9,2519.4444274902344,20.45550064158087,100.0,1,-0.94,2519.3961791992188,20.457023948113,100.0,1,-0.97,2515.713928222656,20.57328085270942,100.0,1,-1.0,2507.322784423828,20.83820804270392,100.0,1,-1.18,2562.330352783203,19.10149599685449,100.0,1,-2.27,2569.443603515625,18.876914751026003,100.0,1,10
ZINC0000000289760,-0.71,2430.033203125,23.27841310654868,100.0,1,-0.76,2417.755126953125,23.66605945092517,100.0,1,-1.49,2413.1610107421875,23.81110598182145,100.0,1,-1.69,2423.546264648437,23.48322027270675,100.0,1,-1.7,2438.220458984375,23.01992311512544,100.0,1,-1.71,2445.289794921875,22.796728357658576,100.0,1,-1.73,2440.2548828125,22.955691801616275,100.0,1,-1.83,2416.504272460937,23.70555172678791,100.0,1,-2.04,2503.3516845703125,20.963584552820024,100.0,1,-2.05,2509.968078613281,20.75469018469528,100.0,1,10
ZINC0000000289960,-1.22,2533.573181152344,20.009424266826112,100.0,1,-1.28,2534.262481689453,19.98766150614221,100.0,1,-1.47,2535.002258300781,19.964305102824444,100.0,1,-1.64,2537.954620361328,19.87109242487507,100.0,1,-1.76,2536.362091064453,19.92137213902607,100.0,1,-2.06,2542.2723693847656,19.7347714246271,100.0,1,-2.08,2544.429168701172,19.66667644306364,100.0,1,-3.05,2530.6510314941406,20.101683071614943,100.0,1,-3.11,2552.6129760742188,19.40829532807186,100.0,1,-3.54,2509.233673095703,20.777877010562285,100.0,1,10
ZINC0000000290080,-0.66,2439.8507690429688,22.968450577769644,100.0,1,-0.79,2457.928039550781,22.39771068899858,100.0,1,-0.8,2443.797607421875,22.8438400567067,100.0,1,-1.01,2453.6080932617188,22.53410106184004,100.0,1,-1.1,2454.953186035156,22.491633472523016,100.0,1,-1.77,2492.38720703125,21.30975764838624,100.0,1,-1.81,2445.8685913085938,22.77845446032246,100.0,1,-1.91,2456.78369140625,22.433840321093363,100.0,1,-2.08,2489.5758666992188,21.398517954744868,100.0,1,-2.29,2468.300842285156,22.070218091247003,100.0,1,10
ZINC0000000290180,-0.14,2507.8883666992188,20.820351344437007,100.0,1,-0.18,2514.5603942871094,20.609700500785337,100.0,1,-0.33,2518.1724243164062,20.495660628655983,100.0,1,-0.48,2534.19140625,19.98990551684008,100.0,1,-0.5,2527.271423339844,20.20838486496586,100.0,1,-0.62,2520.7611694335938,20.413928151421565,100.0,1,-0.65,2535.2234497070312,19.957321595079417,100.0,1,-0.65,2536.458251953125,19.91833612455248,100.0,1,-0.67,2534.8260498046875,19.969868399419337,100.0,1,-0.67,2533.2354431152344,20.020087412551028,100.0,1,10
ZINC0000000290420,-0.78,2457.0465087890625,22.42554258810493,100.0,1,-0.9,2477.8275756835938,21.769437796023457,100.0,1,-0.91,2451.7885131835938,22.59154927731872,100.0,1,-0.97,2449.128234863281,22.67554021787465,100.0,1,-1.05,2460.445373535156,22.318232821052703,100.0,1,-1.2,2463.931030273437,22.20818283655748,100.0,1,-1.32,2450.2998046875,22.63855113642714,100.0,1,-1.34,2439.928771972656,22.96598785070062,100.0,1,-1.4,2455.2301635742188,22.48288867170985,100.0,1,-1.66,2472.5552978515625,21.93589540709496,100.0,1,10
ZINC0000000290430,-0.78,2484.056915283203,21.572763602944264,100.0,1,-0.94,2501.2743225097656,21.02917152242704,100.0,1,-1.03,2470.4622497558594,22.001977619938856,100.0,1,-1.05,2483.553924560547,21.58864414580485,100.0,1,-1.19,2478.2569274902344,21.75588219855315,100.0,1,-1.32,2477.1690368652344,21.790229340398444,100.0,1,-1.49,2479.40869140625,21.71951843395533,100.0,1,-1.53,2478.365539550781,21.75245307271643,100.0,1,-1.58,2468.342742919922,22.06889519442941,100.0,1,-2.39,2536.025848388672,19.93198807284708,100.0,1,10
ZINC0000000291160,-1.8,2519.4411010742188,20.45560566397935,100.0,1,-2.82,2528.738555908203,20.16206420618521,100.0,1,-2.84,2531.7650756835938,20.06651020320543,100.0,1,-2.88,2526.8898010253906,20.220433535544167,100.0,1,-2.89,2533.908203125,19.998846873334816,100.0,1,-3.0,2532.192687988281,20.05300952570497,100.0,1,-3.04,2522.977813720703,20.343943730193644,100.0,1,-3.06,2538.08740234375,19.86690020050992,100.0,1,-3.11,2530.629821777344,20.10235270984381,100.0,1,-3.37,2538.196563720703,19.863453731524825,100.0,1,10
ZINC0000000291300,-1.7,2383.390014648437,24.751042959132683,100.0,1,-1.8,2416.950500488281,23.691463309259245,100.0,1,-1.82,2408.2940673828125,23.964766276409858,100.0,1,-1.96,2449.0031127929688,22.67949060167081,100.0,1,-1.96,2501.1808471679688,21.03212274817525,100.0,1,-1.97,2393.4791870117188,24.432505206991248,100.0,1,-2.52,2460.013427734375,22.33187031672366,100.0,1,-2.53,2448.413024902344,22.69812099705683,100.0,1,-2.53,2464.734130859375,22.18282715363555,100.0,1,-2.87,2400.12890625,24.222558687865185,100.0,1,10
ZINC0000000294490,-1.16,2536.997528076172,19.901309970391008,100.0,1,-1.8,2549.9954528808594,19.4909363935794,100.0,1,-1.96,2546.3601684570312,19.60571045898989,100.0,1,-2.02,2552.790100097656,19.40270312622968,100.0,1,-2.05,2553.263427734375,19.387759113381257,100.0,1,-2.32,2545.848114013672,19.62187716379864,100.0,1,-2.35,2563.525390625,19.06376597756814,100.0,1,-2.76,2554.0523376464844,19.36285146179232,100.0,1,-2.9,2559.9161682128906,19.17771720693914,100.0,1,-3.46,2570.784484863281,18.834580125846507,100.0,1,10
ZINC0000000296610,-0.7,2429.70556640625,23.28875733104517,100.0,1,-0.91,2433.7710571289062,23.160400689933567,100.0,1,-1.13,2454.8444213867188,22.495067415900955,100.0,1,-1.16,2468.138061523437,22.075357444215,100.0,1,-1.23,2454.5772705078125,22.50350196705989,100.0,1,-1.52,2456.8279418945312,22.43244323414105,100.0,1,-1.82,2478.525146484375,21.74741392460571,100.0,1,-2.45,2477.432922363281,21.781897884621507,100.0,1,-2.46,2452.1055908203125,22.581538426674285,100.0,1,-2.85,2459.264709472656,22.35550902795661,100.0,1,10
ZINC0000000296620,-0.87,2470.9978637695312,21.98506708676653,100.0,1,-0.89,2474.831787109375,21.86402154620257,100.0,1,-1.0,2446.2931518554688,22.7650501336463,100.0,1,-1.23,2469.9411010742188,22.018431450204005,100.0,1,-1.49,2467.2420043945312,22.103647973245,100.0,1,-1.59,2446.81201171875,22.74866856649937,100.0,1,-1.77,2446.4572143554688,22.759870313332108,100.0,1,-1.94,2446.8689575195312,22.746870660117995,100.0,1,-2.06,2455.171813964844,22.4847308994704,100.0,1,-2.35,2447.9306640625,22.71335020834517,100.0,1,10
ZINC0000000296690,-0.87,2435.2305603027344,23.114320908213664,100.0,1,-1.19,2445.087890625,22.803102928194047,100.0,1,-1.42,2437.388671875,23.04618449579576,100.0,1,-1.68,2514.928985595703,20.59806324822678,100.0,1,-2.11,2430.8209228515625,23.25354303178121,100.0,1,-2.4,2483.1749267578125,21.600609954674265,100.0,1,-2.65,2498.377990722656,21.12061519924233,100.0,1,-2.77,2490.688781738281,21.36338073614034,100.0,1,-2.77,2452.4305419921875,22.57127899090317,100.0,1,-4.26,2484.104705810547,21.571254749035777,100.0,1,10
ZINC0000000298700,-1.52,2563.6881713867188,19.05862662460015,100.0,1,-1.53,2571.5443725585938,18.810588770596624,100.0,1,-1.58,2569.621032714844,18.87131291410139,100.0,1,-1.62,2570.2408142089844,18.85174502519497,100.0,1,-1.78,2560.9217834472656,19.145967683316886,100.0,1,-1.9,2560.844146728516,19.148418848287,100.0,1,-1.93,2546.334259033203,19.60652847748817,100.0,1,-1.94,2570.937866210937,18.82973753341736,100.0,1,-1.99,2555.5971069335938,19.314079638041555,100.0,1,-2.01,2543.3756408691406,19.69993867462735,100.0,1,10
ZINC0000000298740,-1.02,2575.545196533203,18.68427380345188,100.0,1,-1.14,2556.9898376464844,19.270108012357262,100.0,1,-1.31,2565.756866455078,18.99331329133414,100.0,1,-1.49,2582.242126464844,18.47283673707394,100.0,1,-1.49,2598.1414184570312,17.970860504586955,100.0,1,-1.63,2578.587677001953,18.58821588566101,100.0,1,-1.75,2601.216033935547,17.873788012616252,100.0,1,-1.85,2597.2993774414062,17.997445624026906,100.0,1,-1.95,2584.0450439453125,18.415914597095924,100.0,1,-2.15,2572.319641113281,18.786111807192288,100.0,1,10
ZINC0000000298750,-0.84,2563.269805908203,19.07183535910299,100.0,1,-1.06,2565.553466796875,18.999735073773515,100.0,1,-1.37,2568.226623535156,18.915337532739045,100.0,1,-1.39,2560.967498779297,19.14452434796892,100.0,1,-1.79,2576.180206298828,18.66422512393221,100.0,1,-1.81,2634.655578613281,16.818026745909695,100.0,1,-1.82,2603.631317138672,17.79753211623486,100.0,1,-1.85,2601.749389648437,17.856948779053916,100.0,1,-1.89,2585.1658325195312,18.38052879336471,100.0,1,-3.3,2598.158721923828,17.97031419541319,100.0,1,10
ZINC0000000300540,-0.59,2521.142120361328,20.401900678024603,100.0,1,-0.69,2519.1296997070312,20.46543730209059,100.0,1,-0.71,2530.121795654297,20.11839223156448,100.0,1,-0.73,2499.6821899414062,21.079438710970884,100.0,1,-0.79,2514.8179321289062,20.60156945472293,100.0,1,-0.86,2517.243377685547,20.52499271009664,100.0,1,-0.88,2512.072967529297,20.688234130653104,100.0,1,-1.14,2560.6651306152344,19.15407078764024,100.0,1,-1.34,2493.073944091797,21.288075822394752,100.0,1,-1.89,2517.864532470703,20.50538146331928,100.0,1,10
ZINC0000000302820,-0.92,2534.30810546875,19.98622106131897,100.0,1,-0.96,2537.251983642578,19.893276238661144,100.0,1,-1.0,2567.8336486816406,18.92774462838373,100.0,1,-1.03,2576.0609741210938,18.667989550637483,100.0,1,-1.06,2560.260070800781,19.166859432549145,100.0,1,-1.21,2532.4117736816406,20.04609250002872,100.0,1,-1.24,2530.1951599121094,20.1160759577484,100.0,1,-2.1,2533.7110595703125,20.005071136584384,100.0,1,-2.3,2555.0439453125,19.331544188453577,100.0,1,-5.32,362.1991882324219,0.0,0.0,1,10
ZINC0000000302900,-0.99,2565.9300231933594,18.98784634556354,100.0,1,-1.08,2556.825714111328,19.27528975968794,100.0,1,-1.12,2539.703521728516,19.815875694487104,100.0,1,-1.35,2550.1167907714844,19.48710548480536,100.0,1,-1.41,2555.218994140625,19.32601750517192,100.0,1,-1.42,2551.9009399414062,19.430775902396768,100.0,1,-1.76,2518.8084106445312,20.475581116872547,100.0,1,-2.26,2532.1426696777344,20.0545887157152,100.0,1,-3.07,3167.336395263672,0.0001011683655115,0.0,1,-4.63,3167.33740234375,6.937259349363695e-05,0.0,1,10
ZINC0000000303180,-0.47,2510.990264892578,20.722417476097093,100.0,1,-0.48,2509.4541015625,20.77091759052333,100.0,1,-0.53,2494.4569091796875,21.24441251934821,100.0,1,-0.54,2499.330810546875,21.090532544880407,100.0,1,-0.74,2481.106201171875,21.66592425144852,100.0,1,-0.75,2478.760528564453,21.739982385527707,100.0,1,-0.82,2492.602600097656,21.30295720720738,100.0,1,-0.82,2494.1383666992188,21.2544696183883,100.0,1,-1.04,2499.107635498047,21.097578680661226,100.0,1,-1.22,2496.919891357422,21.16665065958305,100.0,1,10
ZINC0000000303210,-0.44,2449.515869140625,22.66330173617248,100.0,1,-0.54,2444.2212524414062,22.830464635277828,100.0,1,-0.54,2442.760772705078,22.87657524926151,100.0,1,-0.57,2450.3865356445312,22.63581284600063,100.0,1,-0.6,2460.531188964844,22.31552343587348,100.0,1,-0.63,2446.4263916015625,22.760843456657508,100.0,1,-0.64,2436.528259277344,23.07334964719797,100.0,1,-0.67,2445.4660034179688,22.791165061063683,100.0,1,-0.7,2455.969055175781,22.459560210131126,100.0,1,-0.79,2446.516967773437,22.75798376419238,100.0,1,10
ZINC0000000304270,-0.58,2537.906951904297,19.872597424750584,100.0,1,-0.64,2535.561828613281,19.9466382156814,100.0,1,-0.65,2530.27783203125,20.1134658139182,100.0,1,-0.72,2546.3379821777344,19.606410929482525,100.0,1,-0.74,2537.0357666015625,19.90010269456257,100.0,1,-0.91,2557.21044921875,19.263142811268853,100.0,1,-0.93,2550.020721435547,19.490138608754226,100.0,1,-0.97,2536.835479736328,19.90642619916116,100.0,1,-1.03,2552.0406799316406,19.426363998152222,100.0,1,-1.1,2551.330780029297,19.44877712690013,100.0,1,10
ZINC0000000305120,-0.42,2605.656005859375,17.7336081618552,100.0,1,-0.56,2599.5367431640625,17.926806980702008,100.0,1,-0.57,2593.7657165527344,18.10901120698832,100.0,1,-0.6,2556.4676208496094,19.28659556541092,100.0,1,-0.6,2567.9454040527344,18.92421626119799,100.0,1,-0.62,2564.6268310546875,19.02899103806297,100.0,1,-0.73,2571.0320434570312,18.82676414697956,100.0,1,-1.46,2637.3836975097656,16.731893926529644,100.0,1,-1.82,2615.013092041016,17.438184008954305,100.0,1,-2.32,2613.957489013672,17.47151175907854,100.0,1,10
ZINC0000000309430,-0.58,2576.3561401367188,18.658670498911505,100.0,1,-0.75,2595.0191955566406,18.06943606941668,100.0,1,-1.22,2600.9778747558594,17.881307230944373,100.0,1,-1.37,2620.616485595703,17.261272333446616,100.0,1,-1.7,2624.4944763183594,17.138835486979804,100.0,1,-1.74,2623.5084838867188,17.16996547480183,100.0,1,-1.75,2630.7433166503906,16.94154561213336,100.0,1,-1.76,2610.0689086914062,17.59428294290566,100.0,1,-1.77,2608.602600097656,17.640577586963747,100.0,1,-1.81,2637.4021911621094,16.731310040534407,100.0,1,10
ZINC0000000312180,-0.52,2573.8229370117188,18.738649391143724,100.0,1,-0.91,2567.626495361328,18.934284922337,100.0,1,-2.33,2592.695678710937,18.14279469651148,100.0,1,-2.34,2603.063751220703,17.815451442537565,100.0,1,-2.4,2587.2274169921875,18.31543995751931,100.0,1,-2.47,2588.3362731933594,18.28043088551109,100.0,1,-2.73,2598.5579528808594,17.957709580578694,100.0,1,-2.73,2595.809783935547,18.044475424874378,100.0,1,-2.8,2592.610412597656,18.145486738542328,100.0,1,-5.6,3167.3283081054688,0.0003564980498978,0.0,1,10
ZINC0000000312530,-0.79,2489.2394104003906,21.40914063312358,100.0,1,-0.8,2490.4690856933594,21.370317031981457,100.0,1,-0.87,2502.261260986328,20.99801166584948,100.0,1,-0.91,2502.958251953125,20.976006101088355,100.0,1,-0.95,2501.13525390625,21.033562229490244,100.0,1,-1.05,2498.356475830078,21.121294472553625,100.0,1,-1.07,2492.9171142578125,21.293027291255363,100.0,1,-1.07,2502.5113220214844,20.99011667930661,100.0,1,-1.16,2496.042358398437,21.19435633910957,100.0,1,-1.84,2519.0426635742188,20.46818522759953,100.0,1,10
ZINC0000000312710,-0.68,2486.660919189453,21.49054937158836,100.0,1,-0.72,2489.571685791016,21.39864995537416,100.0,1,-2.06,2538.501495361328,19.853826357161097,100.0,1,-2.08,2508.446228027344,20.802738413755566,100.0,1,-2.2,2500.279571533203,21.0605780371148,100.0,1,-2.21,2507.1720581054688,20.84296680991593,100.0,1,-2.32,2512.2769165039062,20.68179500506536,100.0,1,-2.37,2514.3008728027344,20.61789417488353,100.0,1,-2.57,2503.3414916992188,20.963906364573173,100.0,1,-2.81,2514.2800903320312,20.61855032399699,100.0,1,10
ZINC0000000313620,-0.71,2541.378204345703,19.76300221614604,100.0,1,-0.75,2566.355987548828,18.97439769750821,100.0,1,-0.82,2544.5384216308594,19.663227083553817,100.0,1,-0.87,2548.314727783203,19.54400064655257,100.0,1,-0.96,2562.4232788085938,19.09856211425466,100.0,1,-1.02,2551.907470703125,19.43056971163277,100.0,1,-1.07,2563.571075439453,19.06232360572842,100.0,1,-1.09,2550.169464111328,19.485442469578,100.0,1,-1.16,2549.8260192871094,19.496285791344352,100.0,1,-1.18,2555.408721923828,19.32002737442539,100.0,1,10
ZINC0000000314220,-0.66,2482.7978515625,21.612515062524363,100.0,1,-0.67,2487.1763610839844,21.474275717364648,100.0,1,-0.76,2482.8931884765625,21.609505062773334,100.0,1,-0.8,2520.518615722656,20.42158611493667,100.0,1,-0.93,2512.2544555664062,20.68250414713218,100.0,1,-1.28,2528.247528076172,20.17756705381456,100.0,1,-1.31,2506.5785522460938,20.86170511822516,100.0,1,-1.31,2570.777099609375,18.834813294841307,100.0,1,-1.35,2511.449737548828,20.70791089599098,100.0,1,-1.51,2506.561920166016,20.862230230217577,100.0,1,10
ZINC0000000314820,-0.32,2523.932159423828,20.31381290041957,100.0,1,-0.8,2527.266632080078,20.208536135760006,100.0,1,-0.95,2538.36669921875,19.858082173070287,100.0,1,-0.98,2524.369659423828,20.3000000462484,100.0,1,-1.03,2539.9012145996094,19.809634088089165,100.0,1,-1.13,2517.630615234375,20.512766754001625,100.0,1,-1.5,2537.7774353027344,19.876686553733737,100.0,1,-1.51,2538.562896728516,19.851887778576245,100.0,1,-1.57,2539.5259399414062,19.82148234895293,100.0,1,-1.98,2541.1487731933594,19.770245871116668,100.0,1,10
ZINC0000000314950,-1.31,2437.5632934570312,23.04067130162949,100.0,1,-1.41,2468.1334533691406,22.075502933959683,100.0,1,-1.85,2443.3650512695312,22.857496822542515,100.0,1,-1.93,2454.04443359375,22.520324820982097,100.0,1,-2.08,2469.941680908203,22.018413143547388,100.0,1,-2.39,2493.366271972656,21.27884637693537,100.0,1,-2.61,2467.601593017578,22.092294955618115,100.0,1,-2.67,2465.932006835937,22.145007528082605,100.0,1,-2.86,2484.6381225585938,21.55441358845696,100.0,1,-3.81,2470.8111877441406,21.99096086668877,100.0,1,10
ZINC0000000314990,-1.5,2456.136657714844,22.454268622860752,100.0,1,-1.56,2424.059875488281,23.46700442897761,100.0,1,-1.61,2443.5034790039062,22.85312634915241,100.0,1,-1.61,2447.027587890625,22.74186234427105,100.0,1,-1.95,2451.1978759765625,22.610197015853103,100.0,1,-2.06,2495.434814453125,21.21353786121057,100.0,1,-2.97,2443.7508544921875,22.845316151334924,100.0,1,-3.16,2463.453857421875,22.22324825144451,100.0,1,-3.49,2499.774169921875,21.07653469712658,100.0,1,-3.66,2501.65234375,21.017236545821408,100.0,1,10
ZINC0000000315270,-1.43,2424.136108398437,23.46459758538668,100.0,1,-1.74,2455.960327148437,22.459835773488614,100.0,1,-1.78,2456.3897705078125,22.446277285493583,100.0,1,-1.83,2456.280334472656,22.44973242605286,100.0,1,-1.85,2443.809326171875,22.8434700695414,100.0,1,-1.93,2447.1456909179688,22.73813356737077,100.0,1,-1.99,2443.903625488281,22.84049282907064,100.0,1,-2.52,2456.484741210937,22.44327884784147,100.0,1,-2.76,2462.081298828125,22.266582998180205,100.0,1,-3.01,2465.833374023437,22.148121586723875,100.0,1,10
ZINC0000000315460,-0.72,2490.307647705078,21.37541399058676,100.0,1,-0.73,2500.837188720703,21.042972814499304,100.0,1,-0.92,2459.7891540527344,22.338951138801225,100.0,1,-0.93,2506.2552185058594,20.871913488059395,100.0,1,-1.02,2519.038818359375,20.468306629638143,100.0,1,-1.12,2477.9035034179688,21.767040587514952,100.0,1,-1.92,2556.9791870117188,19.270444276734057,100.0,1,-1.98,2525.7142944335938,20.257546909555018,100.0,1,-2.05,2550.5582885742188,19.47316641105436,100.0,1,-2.06,2550.5442810058594,19.47360866133788,100.0,1,10
ZINC0000000315470,-0.74,2531.021240234375,20.089994753119512,100.0,1,-0.93,2507.3648986816406,20.836878401328622,100.0,1,-1.28,2519.2754821777344,20.460834623213938,100.0,1,-1.39,2520.113983154297,20.434361270730168,100.0,1,-1.55,2520.5118713378906,20.421799050258365,100.0,1,-1.71,2515.431060791016,20.58221161061348,100.0,1,-1.72,2515.991668701172,20.56451196419017,100.0,1,-1.75,2534.8309631347656,19.96971327459222,100.0,1,-2.07,2513.107879638672,20.6555596391176,100.0,1,-2.21,2512.989196777344,20.6593067226745,100.0,1,10
ZINC0000000315660,-0.39,2569.802978515625,18.86556847795682,100.0,1,-0.56,2570.992950439453,18.8279984010388,100.0,1,-1.13,2604.575500488281,17.7677221347057,100.0,1,-1.18,2564.338897705078,19.038081738335364,100.0,1,-1.28,2589.5303955078125,18.242729771472032,100.0,1,-1.65,2607.6729431152344,17.669928938569257,100.0,1,-1.71,2546.829376220703,19.59089651975427,100.0,1,-1.71,2572.783935546875,18.771452992783782,100.0,1,-2.14,2602.462280273437,17.834441226498203,100.0,1,-2.91,2591.117645263672,18.19261674424707,100.0,1,10
ZINC0000000316200,-1.25,2545.946685791016,19.61876503217385,100.0,1,-1.25,2549.2100524902344,19.5157332417204,100.0,1,-1.6,2607.669342041016,17.67004263254193,100.0,1,-1.65,2604.1198120117188,17.782109239789683,100.0,1,-1.74,2595.9413146972656,18.040322704347187,100.0,1,-1.78,2560.941772460937,19.14533658541774,100.0,1,-2.16,2526.1368408203125,20.244206174422896,100.0,1,-2.85,2574.245422363281,18.725310583028087,100.0,1,-2.92,2591.501190185547,18.18050737264945,100.0,1,-3.0,2594.1646728515625,18.09641526372801,100.0,1,10
ZINC0000000316630,-0.48,2438.6068725585938,23.007723173752986,100.0,1,-0.56,2433.467529296875,23.16998374291812,100.0,1,-0.61,2412.1640625,23.842581869102705,100.0,1,-0.71,2408.4741821289062,23.959079650759865,100.0,1,-0.72,2418.131774902344,23.65416783219047,100.0,1,-0.77,2413.4041748046875,23.80342874814149,100.0,1,-0.78,2433.6832275390625,23.163173666656824,100.0,1,-0.85,2408.476501464844,23.9590064241334,100.0,1,-1.06,2419.0224609375,23.62604688061123,100.0,1,-1.22,2416.4226684570312,23.708128147829605,100.0,1,10
ZINC0000000317140,-0.44,2558.354705810547,19.2270160696988,100.0,1,-0.53,2528.5782775878906,20.16712455147728,100.0,1,-0.55,2552.3787841796875,19.415689290328388,100.0,1,-0.59,2550.538330078125,19.473796545445254,100.0,1,-0.7,2572.9273071289062,18.766926431058327,100.0,1,-0.8,2542.7527770996094,19.719603877866312,100.0,1,-0.84,2532.229888916016,20.0518350091568,100.0,1,-0.98,2550.6783447265625,19.46937596962652,100.0,1,-1.02,2532.6829528808594,20.037530765781707,100.0,1,-2.84,2629.9370727539062,16.96700053640431,100.0,1,10
ZINC0000000318380,-0.69,2571.6080627441406,18.80857792889356,100.0,1,-0.75,2565.558959960937,18.99956164228978,100.0,1,-1.38,2580.3365173339844,18.533001082289537,100.0,1,-1.52,2599.4991455078125,17.927994022857344,100.0,1,-1.64,2578.172576904297,18.601321524781856,100.0,1,-1.68,2583.857452392578,18.421837282265443,100.0,1,-1.88,2574.1102294921875,18.72957892454444,100.0,1,-2.57,2580.6101684570312,18.52436130387485,100.0,1,-2.59,2583.907592773437,18.42025423822225,100.0,1,-2.8,2624.7837829589844,17.129701428836476,100.0,1,10
ZINC0000000318420,-0.92,2460.6216430664062,22.31266759744132,100.0,1,-1.02,2466.1177978515625,22.13914168989941,100.0,1,-1.1,2468.6700439453125,22.058561568523587,100.0,1,-1.14,2478.769073486328,21.739712603219672,100.0,1,-1.6,2478.9969482421875,21.73251808716944,100.0,1,-1.61,2470.399932861328,22.003945103770995,100.0,1,-2.03,2484.549285888672,21.55721836095223,100.0,1,-2.1,2499.665008544922,21.079981166111672,100.0,1,-2.11,2477.560607910156,21.77786656613293,100.0,1,-2.2,2487.243194580078,21.47216563431255,100.0,1,10
ZINC0000000318460,-0.88,2460.0421752929688,22.330962691958785,100.0,1,-0.97,2473.685272216797,21.900219587382605,100.0,1,-1.04,2470.369445800781,22.00490764850572,100.0,1,-1.14,2467.1331481933594,22.107084807147658,100.0,1,-1.15,2468.6539306640625,22.05907030087588,100.0,1,-1.16,2469.2457275390625,22.040385949028256,100.0,1,-1.2,2476.9288635253906,21.797812150270595,100.0,1,-1.27,2474.294342041016,21.880989889869465,100.0,1,-1.29,2472.1315002441406,21.94927564606504,100.0,1,-4.32,3167.3295288085938,0.0003179577201791,0.0,1,10
ZINC0000000319790,-0.49,2389.5030517578125,24.55804069596744,100.0,1,-0.51,2385.3855590820312,24.688039155125058,100.0,1,-0.85,2390.5504760742188,24.52497116605232,100.0,1,-1.26,2404.5988159179688,24.081433635517783,100.0,1,-1.3,2385.786865234375,24.67536902173004,100.0,1,-1.57,2395.6388549804688,24.364319655652945,100.0,1,-1.65,2378.1359252929688,24.91692631929137,100.0,1,-1.78,2386.8855590820312,24.64068079796673,100.0,1,-1.79,2384.6134033203125,24.71241784068861,100.0,1,-1.81,2384.328186035156,24.721422788727384,100.0,1,10
ZINC0000000320200,-0.22,2480.636779785156,21.68074493524184,100.0,1,-0.24,2486.7687072753906,21.4871462604742,100.0,1,-0.3,2480.7154846191406,21.678260047483228,100.0,1,-0.33,2495.191619873047,21.22121605839877,100.0,1,-0.47,2473.756774902344,21.897962087569333,100.0,1,-0.51,2478.9732666015625,21.733265769565985,100.0,1,-0.54,2483.756225585937,21.58225704966222,100.0,1,-0.55,2479.2337341308594,21.72504222671225,100.0,1,-1.41,2486.592742919922,21.49270184900315,100.0,1,-2.31,2565.876708984375,18.98952959446401,100.0,1,10
ZINC0000000320490,-0.08,2497.639862060547,21.14391957311497,100.0,1,-0.2,2496.22607421875,21.18855601948692,100.0,1,-0.27,2497.288848876953,21.155001844925582,100.0,1,-0.38,2501.380340576172,21.02582429479097,100.0,1,-0.38,2498.958740234375,21.10227963737866,100.0,1,-0.45,2507.5341796875,20.831533821104887,100.0,1,-0.78,2506.574432373047,20.86183519183796,100.0,1,-0.78,2505.733428955078,20.88838755199765,100.0,1,-1.02,2515.8175659179688,20.570008778716304,100.0,1,-1.97,2531.716217041016,20.06805277990242,100.0,1,10
ZINC0000000320770,-0.2,2520.064514160156,20.43592311759202,100.0,1,-0.35,2533.0108642578125,20.027177869711025,100.0,1,-0.36,2495.6830444335938,21.20570068516228,100.0,1,-0.5,2542.7515258789062,19.71964338170428,100.0,1,-0.5,2523.8992309570312,20.31485252581373,100.0,1,-0.59,2527.736846923828,20.193690400752367,100.0,1,-0.63,2498.6145935058594,21.1131451198346,100.0,1,-0.88,2501.6961975097656,21.015851984476264,100.0,1,-2.0,2506.9493713378906,20.849997529564863,100.0,1,-5.96,3167.328491210937,0.00035071700044,0.0,1,10
ZINC0000000320860,-0.45,2570.267547607422,18.85090099197413,100.0,1,-0.5,2575.782196044922,18.67679119843699,100.0,1,-0.71,2563.687286376953,19.0586545663392,100.0,1,-0.8,2607.367889404297,17.679560166965956,100.0,1,-0.9,2587.789031982422,18.297708515323983,100.0,1,-1.06,2571.501220703125,18.811951171252183,100.0,1,-1.07,2597.0164794921875,18.006377345439212,100.0,1,-1.67,2590.885040283203,18.19996060407496,100.0,1,-2.72,2617.81005859375,17.34987751497812,100.0,1,-3.07,2621.427520751953,17.235666138381518,100.0,1,10
ZINC0000000320940,-0.45,2425.3720703125,23.425575501546508,100.0,1,-0.56,2393.519470214844,24.43123337611053,100.0,1,-0.56,2420.3930053710938,23.582775725419573,100.0,1,-0.61,2392.476806640625,24.464152598739748,100.0,1,-1.75,2448.508850097656,22.69509558117392,100.0,1,-3.03,2469.2404174804688,22.04055359946253,100.0,1,-3.1,2467.790954589844,22.086316386970505,100.0,1,-3.15,2484.2029418945312,21.56815321600167,100.0,1,-3.2,2474.78857421875,21.86538587387461,100.0,1,-3.33,2466.6876220703125,22.121151063986737,100.0,1,10
ZINC0000000320960,-1.21,2493.053009033203,21.288736789049427,100.0,1,-1.27,2501.459747314453,21.02331724634277,100.0,1,-1.35,2515.508514404297,20.57976622669284,100.0,1,-1.41,2490.8659057617188,21.35778853429816,100.0,1,-1.53,2517.24462890625,20.524953206258672,100.0,1,-1.55,2521.977081298828,20.37553909249702,100.0,1,-1.61,2488.5796508789062,21.429970717828287,100.0,1,-1.61,2514.30859375,20.617650407298058,100.0,1,-1.65,2528.461639404297,20.1708070799819,100.0,1,-1.71,2530.2438354492188,20.11453916210085,100.0,1,10
ZINC0000000321210,-0.68,2477.3312072753906,21.78510925759532,100.0,1,-1.02,2457.599639892578,22.40807900120115,100.0,1,-1.03,2473.116516113281,21.918176490506784,100.0,1,-1.04,2457.731903076172,22.40390315647613,100.0,1,-1.09,2467.6514892578125,22.09071961964086,100.0,1,-1.22,2469.7618103027344,22.02409206113144,100.0,1,-1.23,2463.2418212890625,22.22994270671665,100.0,1,-1.26,2462.9745178222656,22.238382075416794,100.0,1,-1.35,2462.0660400390625,22.267064752301685,100.0,1,-1.39,2462.1890869140625,22.26317988706604,100.0,1,10
ZINC0000000321230,-0.15,2457.7252197265625,22.404114164781337,100.0,1,-0.17,2443.799133300781,22.84379188129455,100.0,1,-1.2,2436.639404296875,23.06984055017708,100.0,1,-1.38,2446.914978027344,22.745417689687603,100.0,1,-1.38,2429.0772705078125,23.308594038751377,100.0,1,-1.53,2443.229248046875,22.86178443422372,100.0,1,-2.18,2448.624755859375,22.69143617686712,100.0,1,-2.2,2432.9459838867188,23.186450098790427,100.0,1,-2.61,2458.615966796875,22.375991286185613,100.0,1,-2.68,2464.86572265625,22.178672506091875,100.0,1,10
ZINC0000000321450,-1.19,2512.748962402344,20.66689145956314,100.0,1,-1.21,2523.7564086914062,20.31936174439082,100.0,1,-1.24,2508.2359619140625,20.80937698554961,100.0,1,-1.26,2515.8040466308594,20.57043561286794,100.0,1,-1.42,2520.494842529297,20.42233668785794,100.0,1,-1.43,2512.508209228516,20.674492576091907,100.0,1,-1.54,2505.679931640625,20.890076581947568,100.0,1,-1.7,2509.170684814453,20.77986569157577,100.0,1,-2.07,2492.884765625,21.294048609992902,100.0,1,-3.44,2592.524658203125,18.148194196705063,100.0,1,10
ZINC0000000321840,-0.87,2443.0968627929688,22.86596413298172,100.0,1,-0.89,2445.4718627929688,22.79098006748104,100.0,1,-0.9,2442.6510620117188,22.88003906139497,100.0,1,-1.68,2425.5769653320312,23.419106507203228,100.0,1,-1.89,2433.906494140625,23.15612464035128,100.0,1,-2.45,2426.169982910156,23.400383615025888,100.0,1,-2.51,2439.4132690429688,22.982263431940822,100.0,1,-2.52,2444.3861694335938,22.825257836732835,100.0,1,-2.61,2423.1572265625,23.495503075788093,100.0,1,-2.62,2486.2183532714844,21.50452216812787,100.0,1,10
ZINC0000000322040,-0.81,2434.8543090820312,23.126200001341203,100.0,1,-1.35,2433.049865722656,23.183170316731367,100.0,1,-1.76,2456.806884765625,22.433108054828708,100.0,1,-1.82,2416.855224609375,23.69447138199379,100.0,1,-1.86,2435.3823852539062,23.1095274547049,100.0,1,-1.98,2445.5155029296875,22.78960225069359,100.0,1,-2.16,2428.0408325195312,23.34131670569903,100.0,1,-2.34,2462.6088256835938,22.249927794692272,100.0,1,-2.9,2448.0914306640625,22.708274446921216,100.0,1,-2.97,2474.475341796875,21.875275322480427,100.0,1,10
ZINC0000000322530,-0.38,2444.95947265625,22.807157370880454,100.0,1,-0.84,2440.4694213867188,22.94891833866821,100.0,1,-1.62,2443.6422119140625,22.848746240679887,100.0,1,-1.68,2437.96630859375,23.02794721177287,100.0,1,-1.75,2447.7626953125,22.718653357714462,100.0,1,-2.16,2493.149658203125,21.28568535844395,100.0,1,-2.72,2512.4718627929688,20.67564011440928,100.0,1,-2.81,2471.633850097656,21.964987574983105,100.0,1,-3.83,2527.911834716797,20.188165644487192,100.0,1,-3.94,2512.7730102539062,20.66613221506768,100.0,1,10
ZINC0000000322800,-0.57,2537.440795898437,19.887315013161903,100.0,1,-1.05,2542.50732421875,19.727353374664496,100.0,1,-1.28,2534.9960021972656,19.96450262201425,100.0,1,-1.72,2544.776641845703,19.655705938209213,100.0,1,-1.74,2538.501434326172,19.85382828417758,100.0,1,-1.75,2542.8799743652344,19.715587975509624,100.0,1,-2.14,2552.516632080078,19.411337123594908,100.0,1,-2.21,2553.725311279297,19.37317641612395,100.0,1,-2.22,2532.138946533203,20.05470626372084,100.0,1,-2.26,2526.560516357422,20.23082978948578,100.0,1,10
ZINC0000000323540,-0.16,2539.638641357422,19.817924113011653,100.0,1,-0.29,2531.0964965820312,20.087618741792355,100.0,1,-0.46,2545.862579345703,19.62142046089147,100.0,1,-0.6,2567.0426025390625,18.952719725549688,100.0,1,-0.64,2570.9732360839844,18.82862082736376,100.0,1,-0.66,2570.2027587890625,18.85294651997395,100.0,1,-0.67,2556.559356689453,19.28369925963256,100.0,1,-0.7,2579.8655700683594,18.54786994149501,100.0,1,-1.44,2583.456970214844,18.4344814009379,100.0,1,-1.83,2625.915405273437,17.09397357967901,100.0,1,10
ZINC0000000323850,-2.38,2457.2332763671875,22.419645917657967,100.0,1,-2.41,2430.962951660156,23.24905886441844,100.0,1,-2.44,2427.242492675781,23.36652208133505,100.0,1,-2.46,2427.665283203125,23.35317363813698,100.0,1,-2.64,2421.127258300781,23.559593717093787,100.0,1,-2.67,2451.60498046875,22.59734381589192,100.0,1,-2.71,2409.6183471679688,23.92295579971454,100.0,1,-2.76,2427.309326171875,23.36441199828296,100.0,1,-2.81,2418.772399902344,23.633941867154103,100.0,1,-2.93,2418.4991455078125,23.64256911996163,100.0,1,10
ZINC0000000324200,-0.69,2594.951873779297,18.071561568600668,100.0,1,-0.87,2555.150604248047,19.32817672714441,100.0,1,-0.97,2548.4725036621094,19.53901930893643,100.0,1,-1.17,2573.011199951172,18.764277746898408,100.0,1,-1.18,2550.5123291015625,19.474617454468262,100.0,1,-1.28,2562.4823303222656,19.09669772580452,100.0,1,-1.94,2579.4830932617188,18.55994559030412,100.0,1,-1.96,2574.2545776367188,18.7250215305552,100.0,1,-1.98,2555.086151123047,19.330211656553555,100.0,1,-2.11,2574.9051208496094,18.704482425339865,100.0,1,10
ZINC0000000325100,-0.98,2481.1685180664062,21.66395676761638,100.0,1,-1.63,2488.34521484375,21.43737238815076,100.0,1,-1.64,2488.654052734375,21.42762168473193,100.0,1,-1.7,2489.9110107421875,21.3879367072206,100.0,1,-1.72,2498.597137451172,21.113696246549583,100.0,1,-1.89,2453.5596923828125,22.535629185913383,100.0,1,-1.95,2451.4653930664062,22.601750902595253,100.0,1,-2.04,2459.57373046875,22.345752543488327,100.0,1,-2.16,2456.834716796875,22.43222933531112,100.0,1,-2.46,2483.6033935546875,21.587082298943,100.0,1,10
ZINC0000000325570,-0.56,2513.1207580566406,20.65515303863907,100.0,1,-0.57,2513.3174743652344,20.648942264504903,100.0,1,-0.57,2511.471221923828,20.70723258618793,100.0,1,-0.61,2509.8839416503906,20.75734657692114,100.0,1,-0.66,2514.8438415527344,20.60075143622465,100.0,1,-0.67,2519.799072265625,20.444303712289347,100.0,1,-0.75,2496.90087890625,21.167250925218426,100.0,1,-0.76,2501.921356201172,21.00874322065965,100.0,1,-1.37,2525.236572265625,20.27262966759043,100.0,1,-1.89,2522.279357910156,20.36599554335044,100.0,1,10
ZINC0000000325890,-1.95,2482.8009033203125,21.612418711700062,100.0,1,-2.07,2478.3392944335938,21.75328168980538,100.0,1,-2.12,2478.7416381835938,21.7405787971301,100.0,1,-2.35,2452.113220214844,22.581297549613545,100.0,1,-2.37,2446.009094238281,22.77401846837184,100.0,1,-2.39,2453.4888916015625,22.537864525037072,100.0,1,-3.08,2473.9281616210938,21.89255102527683,100.0,1,-3.13,2449.9874877929688,22.648411679785667,100.0,1,-3.8,3167.3248291015625,0.0004663379895961,0.0,1,-4.9,2523.752685546875,20.319479292396466,100.0,1,10
ZINC0000000326050,-0.44,2512.7345275878906,20.667347198962062,100.0,1,-0.53,2515.003387451172,20.595714215130425,100.0,1,-0.55,2511.8380126953125,20.69565218061571,100.0,1,-0.6,2513.46435546875,20.6443048993315,100.0,1,-0.6,2512.124237060547,20.68661543680492,100.0,1,-0.6,2517.629913330078,20.51278891469121,100.0,1,-0.61,2516.571746826172,20.546197599507856,100.0,1,-0.63,2519.743469238281,20.44605922430804,100.0,1,-1.68,2520.943115234375,20.40818371527699,100.0,1,-2.58,2556.7604064941406,19.27735166732789,100.0,1,10
ZINC0000000326120,-0.69,2456.4556884765625,22.44419610768877,100.0,1,-1.26,2475.664276123047,21.83773800484267,100.0,1,-1.4,2483.7290649414062,21.583114571998465,100.0,1,-1.44,2485.75537109375,21.519139551681928,100.0,1,-1.57,2461.204040527344,22.29428000613254,100.0,1,-1.59,2465.1382751464844,22.17006741397394,100.0,1,-1.62,2490.263916015625,21.376794697898927,100.0,1,-1.7,2487.0526123046875,21.47818274328988,100.0,1,-1.73,2478.8963012695312,21.735695737354742,100.0,1,-1.85,2482.9002990722656,21.60928056535272,100.0,1,10
ZINC0000000326200,-0.47,2564.938201904297,19.01916036345997,100.0,1,-0.47,2573.4786682128906,18.74951872763264,100.0,1,-0.5,2578.3585510253906,18.595449905549213,100.0,1,-0.51,2593.431884765625,18.119551023658133,100.0,1,-0.53,2570.10888671875,18.85591027132932,100.0,1,-0.53,2575.8865966796875,18.6734950367378,100.0,1,-0.55,2590.2235412597656,18.22084560874952,100.0,1,-0.56,2590.654022216797,18.207254361474224,100.0,1,-0.58,2576.336181640625,18.659300633302404,100.0,1,-0.65,2590.236785888672,18.22042744617207,100.0,1,10
ZINC0000000326230,-0.46,2424.8646850585938,23.44159478959408,100.0,1,-0.5,2435.656555175781,23.100871296650084,100.0,1,-0.51,2444.5571899414062,22.819858336539248,100.0,1,-0.52,2442.557983398437,22.882977761536026,100.0,1,-0.54,2444.615600585937,22.81801418176221,100.0,1,-0.54,2437.80615234375,23.03300370303196,100.0,1,-0.57,2431.344482421875,23.237013084364857,100.0,1,-0.65,2444.808837890625,22.811913247567738,100.0,1,-0.65,2449.6080932617188,22.66039001426224,100.0,1,-0.65,2454.661895751953,22.50083015870214,100.0,1,10
ZINC0000000326500,-2.23,2480.8870544433594,21.672843204141262,100.0,1,-2.29,2476.4390563964844,21.81327645757022,100.0,1,-2.33,2491.785888671875,21.32874261480567,100.0,1,-2.34,2489.7720336914062,21.392324523759072,100.0,1,-2.45,2472.572662353516,21.935347170904706,100.0,1,-2.48,2491.157287597656,21.348588957594306,100.0,1,-2.95,2482.4026794433594,21.624991530762543,100.0,1,-2.95,2498.417205810547,21.11937709115012,100.0,1,-4.19,2491.854248046875,21.32658435634142,100.0,1,-6.11,3167.3243408203125,0.0004817541214835,0.0,1,10
ZINC0000000326510,-0.67,2445.50537109375,22.789922135430256,100.0,1,-0.74,2440.8594970703125,22.936602776306607,100.0,1,-0.97,2448.686462402344,22.68948796319984,100.0,1,-0.97,2450.8327026367188,22.62172635548845,100.0,1,-1.83,2437.2584228515625,23.05029674897673,100.0,1,-2.4,2491.756103515625,21.329682998850803,100.0,1,-2.4,2494.045166015625,21.25741217256232,100.0,1,-2.47,2489.011108398437,21.41634863828921,100.0,1,-2.62,2490.717529296875,21.36247311137546,100.0,1,-2.75,2484.8308715820312,21.548328070394373,100.0,1,10
ZINC0000000326900,-0.39,2493.589141845703,21.27180987623698,100.0,1,-0.54,2489.0191345214844,21.41609523562132,100.0,1,-0.57,2504.205474853516,20.936628482706528,100.0,1,-1.07,2486.5477294921875,21.49412302366153,100.0,1,-1.33,2503.8126831054688,20.94902979730176,100.0,1,-1.43,2510.71044921875,20.73125188317686,100.0,1,-1.44,2506.6055603027344,20.86085241343013,100.0,1,-1.45,2518.080291748047,20.4985694600415,100.0,1,-1.48,2518.851776123047,20.47421197165929,100.0,1,-1.8,2504.460876464844,20.92856488222114,100.0,1,10
ZINC0000000326940,-0.61,2476.7840881347656,21.802383033375232,100.0,1,-0.81,2512.437042236328,20.676739477314506,100.0,1,-0.85,2509.6505432128906,20.76471548796336,100.0,1,-1.17,2519.6530151367188,20.448915062740188,100.0,1,-1.34,2522.549743652344,20.35745886031774,100.0,1,-1.41,2526.8038330078125,20.223147738264604,100.0,1,-1.64,2546.6759643554688,19.595740075691666,100.0,1,-1.71,2548.2947998046875,19.54462981743523,100.0,1,-2.26,2527.4392700195312,20.203085569629543,100.0,1,-3.82,3167.328521728516,0.000349753492197,0.0,1,10
ZINC0000000327090,-0.75,2528.6088256835938,20.166160079726065,100.0,1,-0.84,2529.4991760253906,20.1380497267375,100.0,1,-1.51,2571.3081970214844,18.81804536088895,100.0,1,-1.99,2593.816772460937,18.10739925769784,100.0,1,-2.11,2565.8287658691406,18.991043265913707,100.0,1,-2.28,2523.5618591308594,20.325504109439738,100.0,1,-2.61,2539.959991455078,19.80777837121321,100.0,1,-2.84,2578.5792236328125,18.58848277744432,100.0,1,-2.86,2542.660369873047,19.722521380826016,100.0,1,-2.91,2586.2830200195312,18.34525668360617,100.0,1,10
ZINC0000000327330,0.03,2542.6170654296875,19.723888599022786,100.0,1,-0.0,2558.9227294921875,19.20908229077245,100.0,1,-0.03,2562.096069335937,19.10889284963575,100.0,1,-0.07,2557.5572814941406,19.25219254008753,100.0,1,-0.09,2553.6295166015625,19.37620086849862,100.0,1,-0.36,2548.7457580566406,19.530392056128903,100.0,1,-0.39,2545.524810791016,19.63208457012463,100.0,1,-0.49,2551.2413635253906,19.45160020605202,100.0,1,-0.65,2570.927520751953,18.83006416271172,100.0,1,-0.66,2556.315368652344,19.29140250803508,100.0,1,10
ZINC0000000327480,-0.37,2499.928466796875,21.07166319945014,100.0,1,-0.74,2485.091522216797,21.5400987464912,100.0,1,-0.75,2491.9625549316406,21.32316486558713,100.0,1,-0.76,2493.9379272460938,21.260797940528107,100.0,1,-0.77,2492.1893615722656,21.3160040723254,100.0,1,-0.8,2482.9345703125,21.60819854559587,100.0,1,-0.84,2484.9168090820312,21.54561483118218,100.0,1,-0.87,2483.3453979492188,21.595227797629047,100.0,1,-0.92,2484.2440490722656,21.56685537039839,100.0,1,-2.04,2537.0053100585938,19.90106427578905,100.0,1,10
ZINC0000000327490,-0.63,2477.5799560546875,21.77725570190689,100.0,1,-0.68,2472.7274169921875,21.930461220604617,100.0,1,-0.69,2478.644287109375,21.743652388425165,100.0,1,-0.72,2473.167205810547,21.91657610331521,100.0,1,-0.74,2469.3833618164062,22.036040526852474,100.0,1,-0.74,2467.8446044921875,22.08462253947937,100.0,1,-0.77,2480.255828857422,21.6927724086388,100.0,1,-0.78,2480.863677978516,21.67358125145537,100.0,1,-0.84,2477.0940856933594,21.79259571664317,100.0,1,-1.14,2495.9830017089844,21.196230362642147,100.0,1,10
ZINC0000000327590,-1.26,2432.9575805664062,23.1860839656581,100.0,1,-1.27,2438.204162597656,23.020437628527183,100.0,1,-1.3,2432.0457763671875,23.21487166494148,100.0,1,-1.67,2412.2576904296875,23.83962582581328,100.0,1,-1.98,2408.456970214844,23.9596230694089,100.0,1,-2.15,2418.849609375,23.6315041912994,100.0,1,-2.61,2430.9990234375,23.247919997675247,100.0,1,-2.96,2449.7108154296875,22.657146845516408,100.0,1,-3.12,2437.9738159179688,23.027710188745097,100.0,1,-3.72,2459.269836425781,22.3553471585718,100.0,1,10
ZINC0000000327640,-0.61,2526.3182373046875,20.2384790814267,100.0,1,-0.83,2543.0514526367188,19.710174022692392,100.0,1,-0.86,2553.882598876953,19.36821049463969,100.0,1,-1.02,2558.997985839844,19.20670627944529,100.0,1,-1.02,2552.268341064453,19.419176226659687,100.0,1,-1.04,2560.741729736328,19.15165238195039,100.0,1,-1.06,2553.4038696289062,19.383325048447123,100.0,1,-1.14,2549.1669921875,19.51709275185123,100.0,1,-1.18,2561.323181152344,19.133294659397137,100.0,1,-1.21,2564.9627075195312,19.01838666634088,100.0,1,10
ZINC0000000327830,-1.72,2477.2686462402344,21.7870844494934,100.0,1,-2.13,2475.6898803710938,21.83692962142682,100.0,1,-2.39,2435.668701171875,23.10048782036938,100.0,1,-2.43,2485.194366455078,21.53685172371239,100.0,1,-2.55,2487.73583984375,21.45661172074633,100.0,1,-2.83,3167.316192626953,0.0007390108223558,0.0,1,-3.13,2498.091186523437,21.129670249709733,100.0,1,-3.34,2508.9827575683594,20.78579897533596,100.0,1,-3.81,2519.0938415527344,20.46656942427608,100.0,1,-4.03,2502.9334716796875,20.97678846978165,100.0,1,10
ZINC0000000328230,-0.84,2579.258331298828,18.56704182851357,100.0,1,-1.04,2571.1549682617188,18.822883135776888,100.0,1,-1.06,2571.013397216797,18.82735285051601,100.0,1,-1.18,2573.801300048828,18.739332518487988,100.0,1,-1.18,2569.9053955078125,18.862334944293423,100.0,1,-1.33,2594.282989501953,18.092679742270025,100.0,1,-1.68,2610.812744140625,17.57079839299158,100.0,1,-1.71,2595.7498779296875,18.04636679155532,100.0,1,-1.73,2564.9220581054688,19.019670059320504,100.0,1,-2.04,2625.7945556640625,17.09778907232116,100.0,1,10
ZINC0000000328430,-1.38,2490.8448181152344,21.358454318494047,100.0,1,-1.5,2492.963928222656,21.29154926961065,100.0,1,-1.54,2493.1246948242188,21.2864735081867,100.0,1,-1.6,2492.0861206054688,21.31926362071136,100.0,1,-1.73,2498.941650390625,21.102819201994723,100.0,1,-2.39,2508.434356689453,20.803113218462084,100.0,1,-2.81,2508.479431152344,20.80169011678722,100.0,1,-3.23,2508.0265197753906,20.815989542621097,100.0,1,-3.43,2572.0210876464844,18.79553780833324,100.0,1,-4.77,2559.5928955078125,19.18792364975689,100.0,1,10
ZINC0000000328870,-0.46,2553.0091247558594,19.395788027569903,100.0,1,-0.65,2559.9183044433594,19.17764976136213,100.0,1,-0.67,2553.7373962402344,19.37279486685973,100.0,1,-0.68,2570.248413085937,18.85150511164247,100.0,1,-0.8,2541.855224609375,19.74794161880022,100.0,1,-1.55,2577.070709228516,18.63610995340243,100.0,1,-1.87,2558.527587890625,19.221557795502388,100.0,1,-1.94,2561.703521728516,19.12128645616504,100.0,1,-2.13,2552.602325439453,19.408631592448657,100.0,1,-2.17,2577.7247009277344,18.615461971755643,100.0,1,10
ZINC0000000329070,-0.35,2520.048797607422,20.436419324337145,100.0,1,-1.08,2556.2654724121094,19.29297784401233,100.0,1,-1.28,2534.498809814453,19.98020009830867,100.0,1,-1.39,2561.253143310547,19.13550591081475,100.0,1,-1.4,2554.613800048828,19.345124837138204,100.0,1,-1.43,2555.242553710937,19.32527367680835,100.0,1,-1.5,2540.4097900390625,19.793577223220115,100.0,1,-1.9,2539.1407470703125,19.833643749995662,100.0,1,-2.12,2521.9849548339844,20.375290507370337,100.0,1,-2.21,2549.7217712402344,19.499577135502328,100.0,1,10
ZINC0000000329230,-0.56,2497.96337890625,21.13370542223128,100.0,1,-0.59,2501.70068359375,21.015710348764543,100.0,1,-0.61,2505.68017578125,20.890068873881624,100.0,1,-0.62,2501.339385986328,21.02711732285304,100.0,1,-0.63,2501.276092529297,21.02911563894895,100.0,1,-0.65,2493.2477416992188,21.28258864295105,100.0,1,-0.74,2516.9732360839844,20.53352168506338,100.0,1,-0.97,2511.769805908203,20.69780562153874,100.0,1,-1.01,2514.305633544922,20.617743867597625,100.0,1,-1.05,2507.2409057617188,20.8407931353198,100.0,1,10
ZINC0000000329630,-0.9,2554.818634033203,19.338657769811405,100.0,1,-0.95,2548.64990234375,19.533418435520066,100.0,1,-0.97,2554.7632446289062,19.3404065372724,100.0,1,-1.02,2552.3676147460938,19.41604193434532,100.0,1,-1.03,2550.075927734375,19.48839562234269,100.0,1,-1.35,2540.8349609375,19.7801536263791,100.0,1,-1.46,2543.9125366210938,19.68298767410883,100.0,1,-1.5,2549.5721740722656,19.50430025290936,100.0,1,-2.69,2552.920288085937,19.398592800065177,100.0,1,-3.04,2551.920318603516,19.43016407466249,100.0,1,10
ZINC0000000329720,-0.6,2582.2794494628906,18.47165836649279,100.0,1,-0.66,2600.339874267578,17.901450334271843,100.0,1,-0.78,2589.385986328125,18.24728909247776,100.0,1,-0.79,2585.530792236328,18.369006198287067,100.0,1,-0.87,2593.065643310547,18.131114086081983,100.0,1,-0.98,2594.1266174316406,18.097616758506987,100.0,1,-1.06,2600.8697509765625,17.884720940649203,100.0,1,-1.12,2584.9552001953125,18.387178927257672,100.0,1,-1.37,2555.9829711914062,19.30189703981748,100.0,1,-1.57,2559.870086669922,19.179172104386023,100.0,1,10
ZINC0000000329910,-0.35,2551.686004638672,19.437561890951983,100.0,1,-0.36,2546.631256103516,19.597151615267613,100.0,1,-0.39,2559.39453125,19.19418645333618,100.0,1,-0.91,2575.095031738281,18.69848651354388,100.0,1,-0.93,2577.222930908203,18.63130397428651,100.0,1,-0.97,2581.1969299316406,18.50583593088732,100.0,1,-1.03,2580.7781677246094,18.51905719099732,100.0,1,-1.19,2584.3541870117188,18.40615425859467,100.0,1,-1.88,2593.9010314941406,18.104739011439,100.0,1,-2.07,2592.3258361816406,18.154471452907995,100.0,1,10
ZINC0000000329920,-0.81,2447.9957885742188,22.71129408175468,100.0,1,-0.83,2443.0910034179688,22.866149126564363,100.0,1,-0.84,2448.120361328125,22.70736104110689,100.0,1,-0.94,2468.0311279296875,22.07873357709835,100.0,1,-0.95,2455.726867675781,22.467206611547315,100.0,1,-0.97,2443.0591430664062,22.86715502917001,100.0,1,-1.02,2434.815185546875,23.127435218908687,100.0,1,-1.1,2457.1954650878906,22.420839704371005,100.0,1,-1.16,2447.2970581054688,22.73335456648565,100.0,1,-1.54,2450.889892578125,22.619920741041128,100.0,1,10
ZINC0000000330200,-0.91,2432.3657836914062,23.20476831750572,100.0,1,-0.95,2432.133117675781,23.2121141043501,100.0,1,-1.21,2442.82568359375,22.87452586722872,100.0,1,-1.23,2428.0610961914062,23.34067693622569,100.0,1,-1.4,2439.182678222656,22.989543700224683,100.0,1,-1.57,2442.4144897460938,22.887508177294457,100.0,1,-1.79,2431.895263671875,23.219623687595785,100.0,1,-1.84,2436.29443359375,23.080732047355585,100.0,1,-2.39,2428.919250488281,23.31358308443346,100.0,1,-2.89,2424.4893798828125,23.45344401396609,100.0,1,10
ZINC0000000330270,-0.22,2475.4471130371094,21.844594329499625,100.0,1,-0.36,2495.600860595703,21.208295412860583,100.0,1,-0.39,2495.8678283691406,21.199866642751108,100.0,1,-0.57,2517.265686035156,20.524288385571023,100.0,1,-0.58,2489.0601806640625,21.414799317034525,100.0,1,-0.61,2496.7257690429688,21.172779535516568,100.0,1,-0.65,2483.2737731933594,21.597489151475287,100.0,1,-0.94,2493.4848022460938,21.275104110919685,100.0,1,-3.76,2562.001953125,19.11186430905706,100.0,1,-4.12,2564.691680908203,19.026943583046663,100.0,1,10
ZINC0000000330520,-0.73,2545.2969665527344,19.639278122666624,100.0,1,-1.02,2527.6941528320312,20.19503834878428,100.0,1,-1.1,2560.166290283203,19.16982029337978,100.0,1,-1.48,2555.3546447753906,19.32173471103193,100.0,1,-1.74,2553.1437072753906,19.39153895621841,100.0,1,-2.46,2602.637451171875,17.828910689183573,100.0,1,-2.9,2552.678649902344,19.406221858332994,100.0,1,-3.23,2582.950927734375,18.450458294622784,100.0,1,-3.39,2579.0997619628906,18.57204821734403,100.0,1,-5.49,2627.9944763183594,17.028332653610384,100.0,1,10
ZINC0000000331490,-1.49,2498.1603393554688,21.12748694003117,100.0,1,-1.66,2501.104248046875,21.034541153865096,100.0,1,-1.68,2521.3711853027344,20.394668585152893,100.0,1,-1.75,2506.6011657714844,20.86099115861712,100.0,1,-1.89,2506.0613403320312,20.878034655926967,100.0,1,-1.92,2522.385223388672,20.362653133255577,100.0,1,-1.94,2493.549530029297,21.27306050993636,100.0,1,-2.17,2513.4391479492188,20.645100757140195,100.0,1,-2.44,2515.73779296875,20.57252738926342,100.0,1,-2.68,2525.139587402344,20.275691696786577,100.0,1,10
ZINC0000000331550,-0.67,2477.142822265625,21.79105699397915,100.0,1,-0.71,2465.1297607421875,22.170336232773725,100.0,1,-0.82,2463.9112548828125,22.20880718989892,100.0,1,-0.88,2476.854034423828,21.80017467248235,100.0,1,-0.89,2477.6759643554688,21.77422450497452,100.0,1,-0.96,2468.9761962890625,22.04889565383014,100.0,1,-0.96,2462.317138671875,22.25913700647856,100.0,1,-1.17,2463.81982421875,22.21169386059485,100.0,1,-1.23,2471.5400390625,21.967949399321984,100.0,1,-1.41,2466.648681640625,22.12238050050476,100.0,1,10
ZINC0000000332210,-0.44,2466.3932495117188,22.1304450644984,100.0,1,-1.59,2476.3605346679688,21.81575556427937,100.0,1,-1.65,2481.10888671875,21.66583946272313,100.0,1,-3.06,2478.201385498047,21.75763578355535,100.0,1,-4.05,2456.3438720703125,22.447726401891003,100.0,1,-4.58,2469.7265625,22.025204913152063,100.0,1,-4.69,2506.6170043945312,20.86049109783902,100.0,1,-4.82,2497.3937377929688,21.151690267094505,100.0,1,-4.94,2481.48828125,21.65386112824657,100.0,1,-5.05,2485.4733276367188,21.52804429486343,100.0,1,10
ZINC0000000332530,-0.73,2480.7134704589844,21.678323639027266,100.0,1,-0.75,2491.7743225097656,21.329107784429755,100.0,1,-0.75,2497.8728942871094,21.13656222417168,100.0,1,-1.23,2489.111602783203,21.41317580564513,100.0,1,-1.46,2475.3924560546875,21.84631997276277,100.0,1,-1.61,2469.9116821289062,22.019360272150227,100.0,1,-2.0,2479.913482666016,21.703581044108404,100.0,1,-2.15,2488.1011657714844,21.445077563569768,100.0,1,-2.26,2506.102081298828,20.876748372422608,100.0,1,-2.93,2516.427276611328,20.550758847530066,100.0,1,10
ZINC0000000333140,-2.8,2516.5240478515625,20.547703562891613,100.0,1,-3.0,2540.6264038085938,19.786738241711536,100.0,1,-3.05,2517.500274658203,20.516881897707336,100.0,1,-3.08,2514.211181640625,20.62072592560961,100.0,1,-3.2,2515.760528564453,20.57180957562241,100.0,1,-3.74,2527.055725097656,20.21519494122716,100.0,1,-4.05,2526.2862243652344,20.23948980157357,100.0,1,-4.55,2535.198486328125,19.958109744822163,100.0,1,-4.67,2542.245361328125,19.735624129422128,100.0,1,-4.96,2528.1119079589844,20.181848884446303,100.0,1,10
ZINC0000000333430,-1.47,2560.051300048828,19.17345079243928,100.0,1,-1.57,2550.01318359375,19.49037659529024,100.0,1,-1.66,2554.387481689453,19.35227021426805,100.0,1,-1.76,2568.694702148437,18.90055924330841,100.0,1,-1.82,2560.592102050781,19.15637646286566,100.0,1,-1.84,2570.4331970214844,18.845671069231305,100.0,1,-1.87,2574.577667236328,18.714820868786905,100.0,1,-1.99,2569.2477416992188,18.883098546929364,100.0,1,-2.06,2565.5790100097656,18.99892861737415,100.0,1,-2.12,2558.117553710937,19.2345034922549,100.0,1,10
ZINC0000000333760,-0.6,2540.383270263672,19.794414511883254,100.0,1,-0.62,2555.9254150390625,19.30371421636372,100.0,1,-0.66,2538.54931640625,19.85231653974437,100.0,1,-0.66,2538.923889160156,19.84049043957019,100.0,1,-0.66,2537.797882080078,19.876041003210947,100.0,1,-0.68,2534.4119873046875,19.982941279259915,100.0,1,-0.73,2545.327087402344,19.63832714003081,100.0,1,-0.74,2539.500061035156,19.82229940394297,100.0,1,-0.9,2544.809844970703,19.654657641240867,100.0,1,-4.38,3167.3360900878906,0.0001108034479412,0.0,1,10
ZINC0000000334040,-2.07,2473.0562133789062,21.92008038279489,100.0,1,-2.13,2468.0294189453125,22.07878753355996,100.0,1,-2.24,2462.7289428710938,22.24613542624796,100.0,1,-2.43,2418.9646606445312,23.62787176522341,100.0,1,-2.74,2431.1881103515625,23.241950100601823,100.0,1,-2.98,2425.7876586914062,23.412454446293783,100.0,1,-4.04,2435.4201049804688,23.108336558516594,100.0,1,-4.19,2434.7784423828125,23.12859528283322,100.0,1,-4.22,2429.58984375,23.2924109543025,100.0,1,-4.8,2433.188232421875,23.178801770357754,100.0,1,10
ZINC0000000334370,-1.67,2482.7711181640625,21.613359095745203,100.0,1,-1.81,2473.890380859375,21.893743848481623,100.0,1,-1.82,2459.60888671875,22.34464258199243,100.0,1,-1.87,2482.8023681640625,21.612372463304403,100.0,1,-1.95,2488.913452148437,21.41943186466671,100.0,1,-1.97,2476.071044921875,21.82489540347216,100.0,1,-2.11,2473.636474609375,21.901760237063108,100.0,1,-2.13,2481.4557495117188,21.65488822803357,100.0,1,-2.17,2464.991577148437,22.17469899809788,100.0,1,-2.49,2474.859741210937,21.863138972652013,100.0,1,10
ZINC0000000334910,-0.64,2405.3502197265625,24.057710135559443,100.0,1,-0.86,2433.173828125,23.179256546248432,100.0,1,-0.93,2405.087310791016,24.066010759072608,100.0,1,-1.31,2458.3787841796875,22.383479672249955,100.0,1,-1.4,2467.552673339844,22.093839459331587,100.0,1,-1.73,2468.398742675781,22.06712715680357,100.0,1,-1.88,2466.905334472656,22.114277396181407,100.0,1,-2.29,2473.2673950195312,21.91341290575356,100.0,1,-2.38,2455.200134277344,22.48383676382093,100.0,1,-2.85,2447.0076293945312,22.742492478661955,100.0,1,10
ZINC0000000335530,-0.5,2501.431671142578,21.024203673926305,100.0,1,-0.84,2508.112579345703,20.813272449375926,100.0,1,-0.93,2503.796203613281,20.949550091752965,100.0,1,-1.01,2511.422119140625,20.708782870950863,100.0,1,-1.02,2503.1240234375,20.97077232431256,100.0,1,-1.18,2512.466339111328,20.675814509401256,100.0,1,-1.22,2524.3590698242188,20.300334383608707,100.0,1,-1.31,2514.625732421875,20.607637629637143,100.0,1,-1.39,2505.650177001953,20.891016002484463,100.0,1,-1.7,2524.2772216796875,20.302918512716342,100.0,1,10
ZINC0000000335610,0.09,2421.005859375,23.56342655288431,100.0,1,-0.47,2437.7086181640625,23.036083075376485,100.0,1,-0.54,2411.15673828125,23.874385349186564,100.0,1,-0.68,2420.915771484375,23.566270829217547,100.0,1,-0.77,2427.7371215820312,23.35090553973304,100.0,1,-0.78,2434.8071899414062,23.127687658068343,100.0,1,-0.84,2423.0184326171875,23.49988511127711,100.0,1,-0.85,2430.9578247070312,23.24922073380325,100.0,1,-0.97,2428.706970214844,23.32028524777154,100.0,1,-0.97,2410.74169921875,23.88748906129092,100.0,1,10
ZINC0000000335890,-1.15,2458.5919189453125,22.37675053068107,100.0,1,-1.39,2461.949462890625,22.27074535378982,100.0,1,-1.77,2472.43310546875,21.93975329409979,100.0,1,-2.12,2486.558959960937,21.49376845262812,100.0,1,-2.17,2452.9404296875,22.55518069517968,100.0,1,-2.24,2476.4349060058594,21.813407494691265,100.0,1,-2.63,2471.5294189453125,21.968284700190534,100.0,1,-3.23,2479.402282714844,21.719720770686347,100.0,1,-3.26,2473.0404663085938,21.92057755304826,100.0,1,-3.58,2495.7642211914062,21.203137753235985,100.0,1,10
ZINC0000000337330,-1.03,2511.8794555664062,20.69434373642176,100.0,1,-1.04,2523.5718994140625,20.3251871152278,100.0,1,-1.07,2490.339141845703,21.37441965008001,100.0,1,-1.18,2496.9370727539062,21.166108204442267,100.0,1,-1.35,2500.3969116210938,21.05687334792059,100.0,1,-1.36,2511.6716918945312,20.70090330053988,100.0,1,-1.41,2493.1959533691406,21.28422371643937,100.0,1,-1.63,2509.188018798828,20.77931841889376,100.0,1,-1.81,2474.7820739746094,21.865591101130367,100.0,1,-1.99,2523.2559814453125,20.335161352559,100.0,1,10
ZINC0000000338490,-0.78,2431.8560791015625,23.22086083217976,100.0,1,-0.8,2430.3771362304688,23.26755436865044,100.0,1,-0.97,2437.62841796875,23.038615175039,100.0,1,-1.05,2463.7383728027344,22.214265464095327,100.0,1,-1.33,2441.2531127929688,22.92417544698882,100.0,1,-1.37,2435.2711791992188,23.113038478742272,100.0,1,-1.42,2439.6463623046875,22.97490415598104,100.0,1,-1.61,2433.5985107421875,23.1658483655393,100.0,1,-2.57,2451.8887939453125,22.588383189232324,100.0,1,-3.02,2469.2412109375,22.04052854824821,100.0,1,10
ZINC0000000338780,-0.71,2551.804718017578,19.43381384388684,100.0,1,-0.74,2546.374298095703,19.605264354673395,100.0,1,-1.32,2558.0532836914062,19.236532640614588,100.0,1,-1.36,2573.7642822265625,18.740501253986707,100.0,1,-1.45,2558.2268981933594,19.231051242220342,100.0,1,-1.52,2548.813232421875,19.528261739403703,100.0,1,-1.71,2539.6942443847656,19.816168600992967,100.0,1,-1.78,2541.883728027344,19.74704170210129,100.0,1,-1.96,2537.0328063964844,19.900196154862137,100.0,1,-2.01,2551.4217224121094,19.445905872336084,100.0,1,10
ZINC0000000339400,-1.0,2561.967254638672,19.112959817929315,100.0,1,-1.07,2571.4996948242188,18.81199934666433,100.0,1,-1.19,2558.4546508789062,19.22386058020308,100.0,1,-1.66,2534.3370056152344,19.985308619012883,100.0,1,-1.77,2543.3482666015625,19.70080294152129,100.0,1,-2.23,2605.875061035156,17.726692099687185,100.0,1,-2.53,2586.8943786621094,18.325954722974807,100.0,1,-2.74,2563.836181640625,19.05395360962176,100.0,1,-3.53,2593.120819091797,18.1293720631787,100.0,1,-4.81,3167.3184814453125,0.0006667477041332,0.0,1,10
ZINC0000000341040,-0.32,2481.8343200683594,21.642935908279565,100.0,1,-0.43,2483.4078063964844,21.593257423272178,100.0,1,-0.53,2475.558868408203,21.84106596231388,100.0,1,-0.55,2509.6986694335938,20.7631960354642,100.0,1,-0.55,2503.0125122070312,20.97429298343236,100.0,1,-0.55,2502.653106689453,20.985640220009785,100.0,1,-0.55,2503.567596435547,20.95676773200103,100.0,1,-0.57,2502.836944580078,20.97983604635415,100.0,1,-0.65,2503.538116455078,20.95769848096373,100.0,1,-0.66,2497.3348388671875,21.153549838003432,100.0,1,10
ZINC0000000341410,-0.43,2467.327911376953,22.10093569754104,100.0,1,-0.48,2461.65234375,22.280126070043348,100.0,1,-0.56,2476.737762451172,21.803845638888056,100.0,1,-0.61,2459.4803771972656,22.348699915203564,100.0,1,-0.65,2446.6657104492188,22.75328762501616,100.0,1,-0.78,2477.2212829589844,21.78857981428649,100.0,1,-1.19,2479.122802734375,21.728544579175445,100.0,1,-1.57,2495.595458984375,21.208465953819587,100.0,1,-1.72,2469.9408569335938,22.01843915826995,100.0,1,-2.15,2477.2371215820312,21.788079753508384,100.0,1,10
ZINC0000000341760,-0.64,2420.038818359375,23.593958202087453,100.0,1,-1.03,2438.546936035156,23.00961550394217,100.0,1,-1.09,2468.987365722656,22.048543009813216,100.0,1,-1.15,2431.919921875,23.21884517293547,100.0,1,-1.15,2437.58984375,23.03983304945811,100.0,1,-1.34,2464.269287109375,22.197503311192428,100.0,1,-1.54,2485.231201171875,21.53568876926313,100.0,1,-2.06,2507.498504638672,20.83266016224092,100.0,1,-2.31,2440.800048828125,22.93847969036391,100.0,1,-2.36,2460.81591796875,22.306533903966592,100.0,1,10
ZINC0000000343030,-2.08,2533.6883850097656,20.00578702320891,100.0,1,-2.21,2521.4168090820312,20.39322814032965,100.0,1,-2.33,2558.359619140625,19.22686094487168,100.0,1,-2.38,2549.137451171875,19.51802542783042,100.0,1,-2.52,2531.47900390625,20.075542129475004,100.0,1,-2.68,2570.971893310547,18.82866322172645,100.0,1,-2.82,2549.5428771972656,19.5052252208226,100.0,1,-3.04,2557.135955810547,19.265494734889938,100.0,1,-3.07,2583.5730590820312,18.43081621558165,100.0,1,-3.09,2555.239532470703,19.3253690641244,100.0,1,10
ZINC0000000343460,-3.33,2463.9186401367188,22.20857402090412,100.0,1,-3.44,2459.080993652344,22.36130934757928,100.0,1,-3.44,2460.029602050781,22.331359657354884,100.0,1,-3.7,2492.638610839844,21.30182026748068,100.0,1,-3.72,2481.2666015625,21.66086005212349,100.0,1,-3.78,2497.297180175781,21.154738807175253,100.0,1,-3.8,2499.424560546875,21.08757264755801,100.0,1,-3.87,2491.6710815429688,21.33236733281571,100.0,1,-3.92,2501.371826171875,21.026093113590765,100.0,1,-3.95,2489.077087402344,21.414265533467923,100.0,1,10
ZINC0000000343690,-0.61,2496.698608398437,21.17363705785281,100.0,1,-0.95,2514.108795166016,20.623958495764764,100.0,1,-1.24,2473.9742736816406,21.891095164321705,100.0,1,-1.29,2490.1512756347656,21.38035100682372,100.0,1,-1.31,2465.546112060547,22.157191089814923,100.0,1,-1.52,2504.3413696289062,20.9323379805006,100.0,1,-1.53,2467.015563964844,22.110797204407813,100.0,1,-1.71,2485.952453613281,21.512917215448844,100.0,1,-1.73,2491.325592041016,21.343275209634346,100.0,1,-1.78,2482.4962158203125,21.62203837799785,100.0,1,10
ZINC0000000343760,-2.22,2555.7361755371094,19.30968893097836,100.0,1,-2.41,2552.771850585937,19.40327930415897,100.0,1,-2.5,2554.2911071777344,19.355312973299338,100.0,1,-2.58,2546.119171142578,19.6133192835846,100.0,1,-2.64,2552.618103027344,19.40813345868704,100.0,1,-2.64,2556.7518310546875,19.27762241314416,100.0,1,-2.66,2561.025115966797,19.1427052444062,100.0,1,-2.77,2543.1266479492188,19.70779993838172,100.0,1,-3.11,2537.7892150878906,19.87631463955195,100.0,1,-3.72,2549.7769470214844,19.49783511259904,100.0,1,10
ZINC0000000344220,-1.04,2399.298767089844,24.24876803909037,100.0,1,-1.04,2397.830322265625,24.29513012872547,100.0,1,-1.04,2348.0252075195312,25.867589070363312,100.0,1,-1.4,2402.16162109375,24.158381330817623,100.0,1,-1.51,2385.44775390625,24.68607552532589,100.0,1,-1.74,2362.4705810546875,25.411516297587767,100.0,1,-2.36,2363.965759277344,25.36431017473184,100.0,1,-2.55,2415.380920410156,23.74101846521153,100.0,1,-3.15,2421.1466064453125,23.558982852867743,100.0,1,-3.62,2398.2703247070312,24.28123826687837,100.0,1,10
ZINC0000000344300,-0.56,2470.9761962890625,21.985751177619044,100.0,1,-0.57,2471.8212890625,21.9590697073548,100.0,1,-0.59,2473.93115234375,21.89245660146901,100.0,1,-0.6,2476.6369018554688,21.80703003363106,100.0,1,-0.6,2475.637176513672,21.838593600162422,100.0,1,-0.61,2481.101776123047,21.66606396014375,100.0,1,-0.63,2479.859344482422,21.705290307731428,100.0,1,-0.64,2481.268524169922,21.660799351104178,100.0,1,-0.74,2485.536834716797,21.52603923420981,100.0,1,-1.56,2476.0006103515625,21.82711918049693,100.0,1,10
ZINC0000000344390,-2.37,2480.8580627441406,21.673758536972084,100.0,1,-2.41,2479.4821166992188,21.717200233122743,100.0,1,-2.59,2495.228912353516,21.22003865132587,100.0,1,-3.04,2478.754943847656,21.74015870753617,100.0,1,-3.32,2475.6494140625,21.838207233357,100.0,1,-3.54,2510.560485839844,20.7359865626828,100.0,1,-3.54,2505.590148925781,20.89291122319838,100.0,1,-3.55,2513.3766174316406,20.64707498553004,100.0,1,-3.72,2508.245849609375,20.80906480887889,100.0,1,-4.32,2518.268768310547,20.492618833132937,100.0,1,10
ZINC0000000344440,-0.9,2543.775787353516,19.68730515454557,100.0,1,-1.6,2555.4664001464844,19.318206343846185,100.0,1,-1.7,2570.0513305664062,18.85772744787556,100.0,1,-1.75,2546.5411987304688,19.59999492809261,100.0,1,-1.79,2559.7625427246094,19.18256750743424,100.0,1,-1.81,2552.18603515625,19.42177480839097,100.0,1,-1.86,2545.0890502929688,19.64584250432596,100.0,1,-1.89,2566.836151123047,18.95923785881336,100.0,1,-1.93,2565.7744140625,18.992759274094432,100.0,1,-2.22,2565.2115478515625,19.01053022012772,100.0,1,10
ZINC0000000344770,-2.1,2478.7764892578125,21.73947847071664,100.0,1,-2.51,2478.9810180664062,21.733021038472263,100.0,1,-2.58,2490.158935546875,21.380109166254734,100.0,1,-2.65,2478.0225830078125,21.76328097835089,100.0,1,-2.92,2433.322570800781,23.17456040707221,100.0,1,-3.63,2506.2269897460938,20.872804733184143,100.0,1,-4.05,2494.347961425781,21.247852243775604,100.0,1,-4.13,2518.8978881835938,20.472756110704168,100.0,1,-4.53,2496.919189453125,21.166672820272645,100.0,1,-4.62,2497.853820800781,21.13716441682353,100.0,1,10
ZINC0000000344880,-1.63,2479.739013671875,21.70908942073345,100.0,1,-1.65,2483.9585571289062,21.575868990011347,100.0,1,-1.67,2489.6665954589844,21.395653444738524,100.0,1,-1.8,2487.017791748047,21.479282106195104,100.0,1,-2.09,2478.33154296875,21.75352642089909,100.0,1,-2.14,2478.1131591796875,21.76042128588577,100.0,1,-2.25,2487.306701660156,21.470160573658934,100.0,1,-2.28,2480.5338134765625,21.68399581205361,100.0,1,-2.3,2478.8364868164062,21.73758421351096,100.0,1,-2.33,2479.9695434570312,21.70181107946608,100.0,1,10
ZINC0000000345010,-2.48,2452.3533935546875,22.5737147397414,100.0,1,-2.54,2445.945251464844,22.776034127616125,100.0,1,-2.55,2450.091796875,22.645118408611204,100.0,1,-2.58,2437.1447143554688,23.053886780690032,100.0,1,-2.64,2446.019775390625,22.7736812404868,100.0,1,-2.67,2459.596984863281,22.345018350207187,100.0,1,-2.69,2441.993896484375,22.900787247899032,100.0,1,-2.71,2466.5485229492188,22.12554273455818,100.0,1,-2.9,2451.8275756835938,22.59031598676772,100.0,1,-2.92,2466.145568847656,22.13826489739832,100.0,1,10
ZINC0000000345710,-0.63,2554.182830810547,19.358731500545385,100.0,1,-0.69,2558.985382080078,19.20710420834964,100.0,1,-0.74,2557.0487060546875,19.26824940495658,100.0,1,-0.91,2564.1558837890625,19.04385989726844,100.0,1,-0.98,2579.236785888672,18.567722065333104,100.0,1,-1.02,2576.235595703125,18.662476356471224,100.0,1,-1.02,2575.2028198242188,18.69508340242972,100.0,1,-1.19,2579.798065185547,18.55000122172845,100.0,1,-1.31,2575.576446533203,18.68328717101108,100.0,1,-1.39,2580.188781738281,18.537665425693746,100.0,1,10
ZINC0000000345870,-1.37,2410.5758056640625,23.89272669209969,100.0,1,-1.48,2413.188232421875,23.810246532468724,100.0,1,-1.52,2443.4913940429688,22.85350789841664,100.0,1,-1.53,2414.3779296875,23.77268512712489,100.0,1,-1.54,2437.752197265625,23.034707185605527,100.0,1,-1.54,2424.799072265625,23.44366633231646,100.0,1,-1.58,2432.86962890625,23.18886079641433,100.0,1,-1.6,2433.79052734375,23.159785971674555,100.0,1,-1.62,2407.8220825195312,23.979667894895588,100.0,1,-1.85,2383.2418212890625,24.755721755160533,100.0,1,10
ZINC0000000346000,-0.41,2499.158569335937,21.09597058540372,100.0,1,-0.63,2495.389373779297,21.214972524984347,100.0,1,-1.19,2495.095703125,21.22424436480642,100.0,1,-1.74,2489.636657714844,21.396598646324875,100.0,1,-2.09,2486.4483947753906,21.497259242992385,100.0,1,-2.67,2494.861572265625,21.231636400046465,100.0,1,-2.71,2495.3766174316406,21.215375271429902,100.0,1,-2.73,2481.064483642578,21.66724136721665,100.0,1,-3.22,2494.3544006347656,21.247648943536333,100.0,1,-3.26,2489.278717041016,21.407899634506634,100.0,1,10
ZINC0000000346060,-1.58,2469.9991149902344,22.016599821034124,100.0,1,-1.78,2466.644805908203,22.12250286605162,100.0,1,-3.76,2561.062805175781,19.14151531172613,100.0,1,-3.99,2543.4916381835938,19.69627637979584,100.0,1,-4.09,2507.7969970703125,20.82323608811645,100.0,1,-4.11,2508.611083984375,20.797533542227058,100.0,1,-4.17,2505.071075439453,20.90929953490301,100.0,1,-4.2,2539.3853454589844,19.82592123142828,100.0,1,-4.37,2501.182586669922,21.0320678282054,100.0,1,-4.39,2498.879180908203,21.10479150336808,100.0,1,10
ZINC0000000346430,-1.44,2420.767578125,23.5709496252454,100.0,1,-1.57,2411.4751586914062,23.864332104179447,100.0,1,-1.67,2444.4263305664062,22.82398985988509,100.0,1,-1.74,2437.6954956054688,23.03649738392096,100.0,1,-1.88,2416.612243652344,23.702142834624293,100.0,1,-1.9,2482.9326171875,21.60826021012342,100.0,1,-1.95,2467.26123046875,22.103040963051924,100.0,1,-2.02,2473.807922363281,21.89634724775412,100.0,1,-2.1,2466.037170410156,22.14168727867733,100.0,1,-2.53,2476.4471435546875,21.81302112788584,100.0,1,10
ZINC0000000346650,-0.13,2513.7800903320312,20.634336443049765,100.0,1,-0.19,2499.166076660156,21.095733562375944,100.0,1,-0.24,2498.300201416016,21.12307118175365,100.0,1,-0.45,2491.2945556640625,21.34425509751744,100.0,1,-0.5,2492.6295471191406,21.30210642942884,100.0,1,-0.5,2496.729797363281,21.1726523524285,100.0,1,-0.52,2508.2696533203125,20.80831327244937,100.0,1,-0.61,2507.139434814453,20.843996800227664,100.0,1,-0.65,2513.078063964844,20.65650098667098,100.0,1,-0.79,2510.0307006835938,20.75271306578071,100.0,1,10
ZINC0000000346740,-0.66,2613.4497680664062,17.487541645716785,100.0,1,-0.75,2588.309967041016,18.28126142961653,100.0,1,-0.76,2602.798553466797,17.823824329168946,100.0,1,-0.76,2640.8755798339844,16.62164738635285,100.0,1,-0.78,2644.606964111328,16.503839233485255,100.0,1,-0.85,2641.107482910156,16.614325687214546,100.0,1,-0.87,2558.9971618652344,19.206732294167853,100.0,1,-1.21,2610.2212524414062,17.58947310975677,100.0,1,-1.63,2628.122528076172,17.024289773022893,100.0,1,-2.11,2610.8026428222656,17.571117314220004,100.0,1,10
ZINC0000000347300,-0.55,2492.241424560547,21.314360327262897,100.0,1,-0.57,2494.797576904297,21.233656876831965,100.0,1,-0.57,2505.140045166016,20.907122006273905,100.0,1,-0.63,2502.7225036621094,20.98344920226528,100.0,1,-1.31,2488.3990478515625,21.435672759610167,100.0,1,-1.32,2488.3878479003906,21.436026367135337,100.0,1,-1.36,2495.1430053710938,21.22275092702982,100.0,1,-1.56,2491.237762451172,21.346048186357603,100.0,1,-1.57,2501.288452148437,21.028725418110547,100.0,1,-1.66,2550.8644104003906,19.46350145986915,100.0,1,10
ZINC0000000347840,-1.27,2446.2081909179688,22.76773254059472,100.0,1,-1.43,2428.1930541992188,23.336510726583107,100.0,1,-1.47,2423.77734375,23.475924588291,100.0,1,-1.6,2437.307678222656,23.048741646672585,100.0,1,-1.6,2440.4752807617188,22.948733345085564,100.0,1,-1.64,2421.338928222656,23.552910823920563,100.0,1,-1.65,2427.9351196289062,23.344654298252664,100.0,1,-1.66,2415.4923095703125,23.737501660124703,100.0,1,-1.7,2427.4035034179688,23.361438611845152,100.0,1,-2.0,2433.4404296875,23.170839338237872,100.0,1,10
ZINC0000000347940,-1.86,2482.2713012695312,21.62913943374852,100.0,1,-1.92,2474.660095214844,21.869442243577502,100.0,1,-2.12,2460.023193359375,22.33156199408591,100.0,1,-2.16,2485.8912963867188,21.51484808596775,100.0,1,-2.29,2467.616271972656,22.091831508153245,100.0,1,-2.34,2496.2238159179688,21.18862731909689,100.0,1,-2.37,2489.2316284179688,21.40938632772553,100.0,1,-2.45,2493.7403869628906,21.26703472938484,100.0,1,-2.5,2486.1430053710938,21.50690106997976,100.0,1,-2.64,2492.3345336914062,21.311420663613603,100.0,1,10
ZINC0000000348130,-0.61,2466.1603088378906,22.137799522916968,100.0,1,-0.61,2453.361633300781,22.54188235441024,100.0,1,-0.62,2450.393798828125,22.6355835310388,100.0,1,-0.67,2451.3773803710938,22.60452966036797,100.0,1,-0.89,2468.2205200195312,22.072754044942496,100.0,1,-1.04,2449.2800903320312,22.670745800857645,100.0,1,-1.06,2469.738586425781,22.02482529090433,100.0,1,-1.48,2482.039978027344,21.63644282623021,100.0,1,-1.53,2473.179626464844,21.91618395546033,100.0,1,-2.26,2537.8799743652344,19.873449166037368,100.0,1,10
ZINC0000000351060,-0.74,2440.6519775390625,22.943154632358784,100.0,1,-0.82,2458.0054321289062,22.39526723209441,100.0,1,-0.82,2441.0104370117188,22.93183726453689,100.0,1,-2.63,2463.222045898437,22.23056706005809,100.0,1,-2.78,2473.1925048828125,21.915777354981795,100.0,1,-2.8,2471.429992675781,21.97142381004612,100.0,1,-2.89,2473.60400390625,21.902785409833623,100.0,1,-2.99,2458.009094238281,22.395151611105256,100.0,1,-3.07,2473.0177001953125,21.92129633019752,100.0,1,-3.22,2471.9625244140625,21.954610591206343,100.0,1,10
ZINC0000000351120,-0.64,2581.40576171875,18.499242643980697,100.0,1,-0.7,2597.954345703125,17.97676681011634,100.0,1,-0.73,2573.5528259277344,18.747177402602222,100.0,1,-0.8,2596.488586425781,18.023044111026056,100.0,1,-1.37,2598.8677978515625,17.94792708138785,100.0,1,-1.7,2591.6456604003906,18.17594612462725,100.0,1,-1.81,2613.7008361816406,17.479614863401896,100.0,1,-2.05,2590.7708435058594,18.203566051920145,100.0,1,-2.06,2605.0812377929688,17.751754876103245,100.0,1,-2.27,2606.4225463867188,17.709406761808353,100.0,1,10
ZINC0000000351420,-1.67,2493.4471740722656,21.276292116583264,100.0,1,-1.71,2494.221954345703,21.25183056931081,100.0,1,-2.35,2524.9187622070312,20.282663642432688,100.0,1,-2.68,2509.7147216796875,20.762689230128395,100.0,1,-2.83,2501.537109375,21.02087475294685,100.0,1,-2.84,2491.0145263671875,21.353096249154905,100.0,1,-2.87,2505.06396484375,20.90952403232362,100.0,1,-2.95,2511.553955078125,20.704620515341247,100.0,1,-2.96,2515.086242675781,20.59309829025077,100.0,1,-3.09,2502.12548828125,21.002298314022443,100.0,1,10
ZINC0000000352150,-0.54,2498.640594482422,21.1123242108116,100.0,1,-0.59,2499.117248535156,21.097275175564693,100.0,1,-0.64,2503.2192993164062,20.96776425157801,100.0,1,-0.66,2516.9510803222656,20.534221192047774,100.0,1,-0.67,2505.189483642578,20.905561122920297,100.0,1,-0.77,2517.3687438964844,20.521034618234523,100.0,1,-1.07,2511.2547607421875,20.7140667501553,100.0,1,-1.19,2513.5486755371094,20.641642726056183,100.0,1,-1.34,2522.2985229492188,20.36539046017385,100.0,1,-1.35,2513.7801208496094,20.63433547954152,100.0,1,10
ZINC0000000352300,-0.59,2598.636932373047,17.955216021245896,100.0,1,-0.69,2603.250061035156,17.80956922471425,100.0,1,-0.72,2596.187866210937,18.032538521252256,100.0,1,-0.96,2589.556701660156,18.241899227366595,100.0,1,-1.02,2607.0830993652344,17.68855162588933,100.0,1,-1.08,2614.0157165527344,17.46967338535096,100.0,1,-1.25,2585.405548095703,18.3729604361162,100.0,1,-1.35,2603.582275390625,17.799080473981306,100.0,1,-1.43,2613.0362548828125,17.500597182408992,100.0,1,-2.46,2608.954498291016,17.629467373414094,100.0,1,10
ZINC0000000353510,-1.48,2587.248016357422,18.314789589455305,100.0,1,-1.49,2587.54052734375,18.305554362946463,100.0,1,-1.53,2589.689971923828,18.237691586869555,100.0,1,-1.53,2592.6881103515625,18.14303364655573,100.0,1,-1.59,2588.2337341308594,18.283668273207464,100.0,1,-1.6,2596.783142089844,18.013744329464938,100.0,1,-1.6,2575.663543701172,18.680537318485648,100.0,1,-1.62,2585.4659423828125,18.37105365330337,100.0,1,-1.66,2598.467529296875,17.960564455502606,100.0,1,-1.7,2599.371795654297,17.932014742755246,100.0,1,10
ZINC0000000353890,-0.75,2472.4061279296875,21.94060503538657,100.0,1,-0.95,2458.4500732421875,22.38122891699438,100.0,1,-0.97,2438.77978515625,23.002263936048333,100.0,1,-0.97,2463.6456298828125,22.217193565645704,100.0,1,-1.0,2469.6862182617188,22.02647867104927,100.0,1,-1.06,2456.223999023437,22.45151106226938,100.0,1,-1.1,2446.93408203125,22.744814533527503,100.0,1,-1.2,2482.6325073242188,21.61773535018476,100.0,1,-3.59,2491.3980102539062,21.340988804573783,100.0,1,-3.74,2482.6921997070312,21.61585072806152,100.0,1,10
ZINC0000000354270,-1.59,2560.6199340820312,19.155497743348075,100.0,1,-1.6,2559.2735595703125,19.198005800011305,100.0,1,-1.63,2551.722198486328,19.436419170175828,100.0,1,-1.8,2576.5235900878906,18.653383729182345,100.0,1,-1.8,2568.269073486328,18.91399729277308,100.0,1,-1.86,2570.740478515625,18.83596950473287,100.0,1,-2.07,2586.0492553710938,18.3526371567473,100.0,1,-2.11,2568.5514221191406,18.905082914509148,100.0,1,-2.86,2582.093017578125,18.47754443834908,100.0,1,-3.3,2638.9525756835938,16.682360931266945,100.0,1,10
ZINC0000000354330,-1.11,2424.94873046875,23.43894128789295,100.0,1,-1.14,2432.5778198242188,23.198073862233585,100.0,1,-1.22,2430.0509033203125,23.27785427176775,100.0,1,-1.24,2431.0736694335938,23.24556325651295,100.0,1,-1.82,2451.7564086914062,22.592562887990315,100.0,1,-1.86,2453.700439453125,22.53118548589682,100.0,1,-2.12,2472.5943603515625,21.934662116543954,100.0,1,-2.48,2454.701568603516,22.499577597986285,100.0,1,-2.71,2467.5844116210938,22.092837410758904,100.0,1,-2.97,2484.9674682617188,21.54401540749885,100.0,1,10
ZINC0000000354430,-2.65,2576.6351928710938,18.64986017953781,100.0,1,-2.87,2578.1355895996094,18.602489296772333,100.0,1,-2.93,2579.7638244628906,18.55108227797706,100.0,1,-2.94,2589.579620361328,18.241175632676125,100.0,1,-3.02,2587.6626892089844,18.301697439449864,100.0,1,-3.04,2582.514862060547,18.46422586390654,100.0,1,-3.49,2601.310333251953,17.870810772145486,100.0,1,-3.57,2603.3552856445312,17.806247048292498,100.0,1,-3.77,3167.3201293945312,0.000614718259013,0.0,1,-3.96,2586.462127685547,18.3396018537282,100.0,1,10
ZINC0000000354440,-0.96,2550.6378479003906,19.47065454506494,100.0,1,-1.23,2548.7859497070312,19.529123115772915,100.0,1,-1.27,2555.835968017578,19.306538259023853,100.0,1,-1.48,2553.6778259277344,19.374675634950005,100.0,1,-1.48,2553.763977050781,19.37195565118011,100.0,1,-1.56,2548.286895751953,19.54487936607016,100.0,1,-3.45,2618.4722900390625,17.328969386105733,100.0,1,-3.71,2597.967742919922,17.97634382999768,100.0,1,-3.85,2608.0733337402344,17.657287710421528,100.0,1,-3.95,2603.491729736328,17.80193920293819,100.0,1,10
ZINC0000000354460,-2.27,2590.889038085937,18.199834384495134,100.0,1,-2.29,2584.296112060547,18.40798781478103,100.0,1,-2.3,2591.1934509277344,18.190223389771536,100.0,1,-2.34,2597.0892944335938,18.00407841477149,100.0,1,-2.34,2589.3294372558594,18.24907447325197,100.0,1,-2.79,2597.341094970703,17.996128508258767,100.0,1,-2.79,2588.313262939453,18.28115737072629,100.0,1,-2.85,2594.296264648437,18.092260616184333,100.0,1,-3.19,2603.5386352539062,17.800458290768752,100.0,1,-3.29,2646.826477050781,16.433764242482496,100.0,1,10
ZINC0000000354500,-0.71,2518.9603881835938,20.470782845822573,100.0,1,-0.71,2517.9164428710938,20.503742535798,100.0,1,-0.73,2515.298156738281,20.586407689011605,100.0,1,-0.86,2517.0845336914062,20.53000777050128,100.0,1,-0.87,2519.402069091797,20.456837991022105,100.0,1,-0.87,2525.296600341797,20.27073444687651,100.0,1,-1.79,2518.012481689453,20.50071037535737,100.0,1,-2.12,2548.1821899414062,19.548185162851777,100.0,1,-3.59,2600.3331909179688,17.901661342577054,100.0,1,-3.79,2608.0732421875,17.657290600946258,100.0,1,10
ZINC0000000355360,-0.52,2493.464874267578,21.275733281802346,100.0,1,-0.65,2503.4874572753906,20.959297904647062,100.0,1,-0.97,2498.8146057128906,21.1068302868102,100.0,1,-0.98,2516.8165283203125,20.538469299891016,100.0,1,-1.01,2506.2068481445312,20.8734406486245,100.0,1,-1.02,2498.215087890625,21.125758406243285,100.0,1,-1.03,2512.3053588867188,20.68089701538291,100.0,1,-1.04,2513.509094238281,20.642892396247312,100.0,1,-1.09,2506.730773925781,20.85689913910924,100.0,1,-1.1,2515.494537353516,20.58020751346811,100.0,1,10
ZINC0000000355540,-2.83,2449.9324340820312,22.65014984865598,100.0,1,-2.84,2456.3444213867188,22.447709058742632,100.0,1,-3.11,2458.2603149414062,22.387220011249152,100.0,1,-3.44,2473.3035278320312,21.91227211199388,100.0,1,-3.67,2484.912353515625,21.545755503385653,100.0,1,-3.79,2503.882080078125,20.94683877955725,100.0,1,-3.79,2499.481201171875,21.085784376259063,100.0,1,-3.87,2479.3445434570312,21.721543728282043,100.0,1,-4.02,2476.904357910156,21.7985858473897,100.0,1,-4.82,2549.2819213867188,19.513464179808214,100.0,1,10
ZINC0000000356590,-0.47,2507.4401245117188,20.83450335350971,100.0,1,-0.94,2523.5498962402344,20.32588180467098,100.0,1,-0.95,2507.0494079589844,20.84683914954442,100.0,1,-1.05,2506.538848876953,20.862958642449257,100.0,1,-1.1,2509.4636840820312,20.77061504893504,100.0,1,-1.14,2515.245147705078,20.58808130282964,100.0,1,-1.16,2514.080322265625,20.624857448955453,100.0,1,-1.16,2517.898834228516,20.504298480054185,100.0,1,-1.17,2506.5403747558594,20.86291046703711,100.0,1,-1.22,2501.301147460937,21.02832459868148,100.0,1,10
ZINC0000000357040,-2.43,2507.8463134765625,20.821679058795816,100.0,1,-3.1,2519.0328369140625,20.468495477253768,100.0,1,-3.18,2519.9988708496094,20.43799562382264,100.0,1,-3.21,2518.253875732422,20.493089025155506,100.0,1,-3.29,2525.570068359375,20.26210044951128,100.0,1,-3.3,2521.233428955078,20.39901786136165,100.0,1,-3.58,2519.681701660156,20.4480093649918,100.0,1,-3.59,2525.2920837402344,20.27087704609647,100.0,1,-3.62,2523.229217529297,20.33600634928808,100.0,1,-4.35,2537.903533935547,19.8727053376738,100.0,1,10
ZINC0000000359220,-1.59,2439.204040527344,22.988869244454605,100.0,1,-1.67,2491.0210876464844,21.35288909488267,100.0,1,-1.91,2494.8116455078125,21.23321269953196,100.0,1,-2.26,2457.482177734375,22.41178754442833,100.0,1,-2.27,2463.75,22.21389836745476,100.0,1,-2.35,2463.1549377441406,22.232685814684373,100.0,1,-3.0,2474.811584472656,21.86465938865941,100.0,1,-3.16,2452.94677734375,22.55498028546513,100.0,1,-3.22,2472.2222900390625,21.94640920904221,100.0,1,-3.36,2455.623107910156,22.470482539573403,100.0,1,10
ZINC0000000359260,-2.76,2503.433837890625,20.96099078862996,100.0,1,-3.01,2506.23388671875,20.87258698032123,100.0,1,-3.03,2513.381774902344,20.64691215263697,100.0,1,-3.07,2506.814208984375,20.85426490757297,100.0,1,-3.07,2513.617919921875,20.639456525852893,100.0,1,-3.1,2500.954345703125,21.039273906354552,100.0,1,-3.13,2513.308990478516,20.64921011979645,100.0,1,-3.14,2514.6175231933594,20.6078968133545,100.0,1,-3.38,2524.0064086914062,20.31146868486444,100.0,1,-3.56,2526.344024658203,20.23766491696139,100.0,1,10
ZINC0000000359280,-1.12,2430.743408203125,23.25599034271834,100.0,1,-1.32,2366.312561035156,25.290216390847657,100.0,1,-2.21,2411.4454345703125,23.86527056120809,100.0,1,-2.27,2413.182861328125,23.810416109919487,100.0,1,-2.36,2399.5744018554688,24.240065632639897,100.0,1,-2.36,2424.847900390625,23.442124719127712,100.0,1,-2.47,2413.3936767578125,23.80376019497707,100.0,1,-2.5,2408.7921142578125,23.949041821884634,100.0,1,-2.67,2404.37158203125,24.088607917894915,100.0,1,-2.84,2397.46142578125,24.30677701636646,100.0,1,10
ZINC0000000359360,-2.11,2447.7330322265625,22.719589887726624,100.0,1,-2.38,2458.6583251953125,22.374653936744373,100.0,1,-2.39,2439.557922363281,22.97769640286916,100.0,1,-2.43,2449.166076660156,22.67434546765337,100.0,1,-2.49,2443.312805175781,22.85914634865448,100.0,1,-2.5,2448.8148803710938,22.68543352051344,100.0,1,-2.6,2457.7787475585938,22.40242417132317,100.0,1,-2.67,2451.813720703125,22.590753419510023,100.0,1,-3.01,2465.3091430664062,22.164672731321563,100.0,1,-3.43,2437.2755126953125,23.049757184360672,100.0,1,10
ZINC0000000359570,-1.29,2521.100555419922,20.403212976251524,100.0,1,-1.55,2523.7125854492188,20.320745342227724,100.0,1,-1.55,2548.232879638672,19.546584775660207,100.0,1,-1.58,2543.662475585937,19.690882660651702,100.0,1,-1.68,2555.0014038085938,19.33288731894428,100.0,1,-1.73,2545.7332153320312,19.625504772333407,100.0,1,-1.74,2551.087615966797,19.45645436058009,100.0,1,-1.75,2530.469757080078,20.10740631057817,100.0,1,-1.94,2566.5958251953125,18.96682548622673,100.0,1,-2.11,2559.439178466797,19.19277684077672,100.0,1,10
ZINC0000000359600,-0.89,2487.5799865722656,21.461532357343163,100.0,1,-1.1,2463.7496643066406,22.21390896604543,100.0,1,-1.1,2482.0459899902344,21.636253015106345,100.0,1,-1.11,2486.952667236328,21.4813382327856,100.0,1,-1.19,2472.0466918945312,21.95195323547224,100.0,1,-1.38,2500.225128173828,21.062296935820253,100.0,1,-1.44,2480.372009277344,21.689104332757825,100.0,1,-1.51,2488.018280029297,21.44769445195767,100.0,1,-1.66,2467.238342285156,22.103763594234152,100.0,1,-2.18,2506.444854736328,20.8659262478376,100.0,1,10
ZINC0000000361390,-0.58,2523.020812988281,20.342586147079302,100.0,1,-0.58,2501.939178466797,21.00818053184576,100.0,1,-0.6,2488.935272216797,21.41874295627299,100.0,1,-0.61,2500.641357421875,21.049155646894423,100.0,1,-0.68,2499.3836975097656,21.088862785095344,100.0,1,-0.77,2506.9955444335938,20.848539741593257,100.0,1,-1.2,2490.302673339844,21.37557104243036,100.0,1,-1.23,2525.4119567871094,20.26709238571809,100.0,1,-1.47,2500.565460205078,21.05155189189469,100.0,1,-1.47,2525.3082885742188,20.270365423219456,100.0,1,10
ZINC0000000362380,-1.27,2499.638061523437,21.08083194389021,100.0,1,-2.33,2510.1024475097656,20.75044785790149,100.0,1,-2.52,2491.4908752441406,21.33805684899044,100.0,1,-3.01,2477.007873535156,21.795317627429554,100.0,1,-3.11,2507.7877807617188,20.823527067605827,100.0,1,-3.17,2510.269744873047,20.74516590571355,100.0,1,-3.2,2509.639953613281,20.765049825323665,100.0,1,-3.23,2508.96923828125,20.7862258094876,100.0,1,-3.5,2495.26953125,21.21875622185448,100.0,1,-3.64,2498.183319091797,21.12676141832421,100.0,1,10
ZINC0000000363740,-0.81,2474.981689453125,21.85928879371312,100.0,1,-0.95,2478.0669555664062,21.76188003736562,100.0,1,-1.14,2473.248809814453,21.91399968227352,100.0,1,-1.53,2459.4187927246094,22.35064427483788,100.0,1,-1.55,2484.414337158203,21.56147899440264,100.0,1,-1.67,2455.22998046875,22.482894452759304,100.0,1,-1.69,2464.536376953125,22.189070687049977,100.0,1,-1.75,2484.324523925781,21.564314599161687,100.0,1,-1.87,2486.7723083496094,21.487032566501533,100.0,1,-1.95,2484.050109863281,21.572978465282446,100.0,1,10
ZINC0000000364000,-0.54,2457.7670288085938,22.402794158488472,100.0,1,-0.62,2495.730682373047,21.204196648795,100.0,1,-0.72,2469.5917053222656,22.029462656077737,100.0,1,-0.8,2476.5492553710938,21.809797229304863,100.0,1,-0.8,2480.41357421875,21.687792034530904,100.0,1,-0.81,2465.6304321289062,22.154528916539608,100.0,1,-0.82,2469.96875,22.01755851173588,100.0,1,-0.86,2519.088653564453,20.46673322067738,100.0,1,-1.0,2487.807342529297,21.45435422093305,100.0,1,-1.09,2488.3126220703125,21.43840141495425,100.0,1,10
ZINC0000000364360,-1.08,2492.076232910156,21.31957579738208,100.0,1,-1.35,2488.258575439453,21.440107788052547,100.0,1,-1.48,2497.6900634765625,21.142334602055293,100.0,1,-2.08,2478.7037658691406,21.741774510859624,100.0,1,-2.1,2480.7409057617188,21.67745744511684,100.0,1,-2.27,2502.005828857422,21.00607622984312,100.0,1,-2.35,2491.5642700195312,21.335739611666096,100.0,1,-2.51,2498.4429321289062,21.118564853701294,100.0,1,-2.83,2513.5388793945312,20.64195201220218,100.0,1,-3.2,2495.696258544922,21.20528348609307,100.0,1,10
ZINC0000000364430,-0.69,2520.9910888671875,20.40666908031905,100.0,1,-0.83,2525.3003540039062,20.270615935362628,100.0,1,-0.98,2547.4021911621094,19.572811470033777,100.0,1,-1.31,2545.6900939941406,19.62686620948072,100.0,1,-1.35,2544.4366149902344,19.66644134705236,100.0,1,-1.36,2549.1749877929688,19.51684031269157,100.0,1,-1.39,2538.142547607422,19.86515914111488,100.0,1,-1.39,2546.2789306640625,19.60827531793267,100.0,1,-1.56,2559.4786071777344,19.191531988126805,100.0,1,-1.59,2558.491943359375,19.22268317313017,100.0,1,10
ZINC0000000365020,-0.92,2493.1092224121094,21.286962006865885,100.0,1,-0.94,2479.301177978516,21.722912873495297,100.0,1,-1.0,2476.163116455078,21.821988499103128,100.0,1,-1.06,2485.626434326172,21.523210374008464,100.0,1,-1.09,2478.43896484375,21.75013487188385,100.0,1,-1.13,2486.522918701172,21.49490635586306,100.0,1,-1.15,2478.8797912597656,21.73621699531419,100.0,1,-1.15,2481.8939819335938,21.641052249664565,100.0,1,-1.17,2489.048370361328,21.41517219472455,100.0,1,-1.22,2480.072479248047,21.69856116616255,100.0,1,10
ZINC0000000366110,-1.16,2486.3451538085938,21.500518791378344,100.0,1,-1.25,2484.9326171875,21.54511573391232,100.0,1,-1.27,2483.4444274902344,21.592101213380616,100.0,1,-1.31,2487.750762939453,21.45614056521552,100.0,1,-1.33,2475.30322265625,21.849137270865214,100.0,1,-1.34,2483.333953857422,21.59558911322016,100.0,1,-1.42,2481.669219970703,21.648148487874018,100.0,1,-1.51,2472.472045898437,21.938523857581764,100.0,1,-1.6,2481.4088745117188,21.65636817669477,100.0,1,-1.67,2479.320556640625,21.72230104576101,100.0,1,10
ZINC0000000366150,-1.36,2464.468811035156,22.191203894299907,100.0,1,-1.43,2452.916931152344,22.555922596526763,100.0,1,-1.52,2480.376983642578,21.68894728091422,100.0,1,-1.66,2493.915344238281,21.261510936627907,100.0,1,-1.69,2484.015899658203,21.574058558022813,100.0,1,-1.77,2478.9012756347656,21.73553868551114,100.0,1,-1.82,2490.869659423828,21.35767002278428,100.0,1,-2.02,2497.5562133789062,21.14656054920895,100.0,1,-2.11,2484.2306518554688,21.567278350517054,100.0,1,-2.49,2496.420379638672,21.182421362503945,100.0,1,10
ZINC0000000366560,-0.73,2457.4435424804688,22.413007345863925,100.0,1,-0.94,2462.5464477539062,22.251897205540896,100.0,1,-0.96,2464.6656494140625,22.18498926613277,100.0,1,-1.02,2474.634307861328,21.870256408042813,100.0,1,-1.06,2494.443359375,21.244840317008087,100.0,1,-1.28,2490.1680603027344,21.37982107729009,100.0,1,-1.96,2479.4053649902344,21.71962345635381,100.0,1,-2.04,2524.2987365722656,20.30223923940505,100.0,1,-2.17,2504.65576171875,20.92241191858155,100.0,1,-2.31,2519.76171875,20.44548304637874,100.0,1,10
ZINC0000000366720,-0.8,2562.018859863281,19.11133052549046,100.0,1,-0.99,2574.9141540527344,18.70419722689995,100.0,1,-1.0,2571.7177734375,18.805114116760087,100.0,1,-1.0,2568.4925231933594,18.906942485418075,100.0,1,-1.08,2553.333740234375,19.385539190389466,100.0,1,-1.46,2570.459289550781,18.84484726968357,100.0,1,-1.52,2577.861541748047,18.611141600794177,100.0,1,-2.16,2615.790496826172,17.41363959997296,100.0,1,-2.8,2636.6954345703125,16.753623927933283,100.0,1,-3.29,2629.700469970703,16.974470615812034,100.0,1,10
ZINC0000000367330,-1.5,2447.0514526367188,22.741108880825053,100.0,1,-2.7,2488.954040527344,21.418150398703563,100.0,1,-2.71,2502.6024169921875,20.98724060720135,100.0,1,-2.78,2488.44873046875,21.43410416819061,100.0,1,-2.94,2524.73876953125,20.288346414049705,100.0,1,-3.05,2475.3042602539062,21.849104511584954,100.0,1,-3.09,2479.3970947265625,21.719884567087654,100.0,1,-3.17,2476.2667236328125,21.818717388618257,100.0,1,-3.18,2484.97314453125,21.543836194965664,100.0,1,-3.37,2462.270812988281,22.260599611991378,100.0,1,10
ZINC0000000367360,-2.17,2459.9031372070312,22.33535243551374,100.0,1,-2.73,2458.029571533203,22.394505097074227,100.0,1,-2.81,2453.5283203125,22.53661967238716,100.0,1,-2.87,2443.864532470703,22.84172708312987,100.0,1,-3.01,2449.561828613281,22.661850692758573,100.0,1,-3.09,2454.1549682617188,22.516834994126068,100.0,1,-3.27,2443.9844970703125,22.83793953222677,100.0,1,-3.33,2448.4410400390625,22.697236496489783,100.0,1,-3.45,2465.699157714844,22.152359095976443,100.0,1,-3.47,2450.01806640625,22.64744624452621,100.0,1,10
ZINC0000000367760,-0.69,2553.959289550781,19.36578919842512,100.0,1,-0.72,2576.9230346679688,18.64077236979015,100.0,1,-0.75,2579.6432495117188,18.554889099045024,100.0,1,-0.92,2608.613037109375,17.640248067144654,100.0,1,-1.0,2608.519073486328,17.64321470902475,100.0,1,-1.02,2563.1265869140625,19.07635710328724,100.0,1,-1.52,2548.617218017578,19.53445035284828,100.0,1,-1.54,2564.2775268554688,19.04001935341197,100.0,1,-1.55,2567.7894897460938,18.92913882481131,100.0,1,-1.95,2566.710205078125,18.963214257332087,100.0,1,10
ZINC0000000368270,0.01,2452.500946044922,22.56905617738665,100.0,1,-0.01,2457.4077758789062,22.414136577524683,100.0,1,-0.08,2454.5492553710938,22.504386467626933,100.0,1,-0.09,2459.4226684570312,22.35052190929101,100.0,1,-0.11,2445.8134765625,22.78019455620926,100.0,1,-0.15,2450.0719299316406,22.645745652477377,100.0,1,-0.24,2456.719512939453,22.43586657892832,100.0,1,-0.26,2448.8533325195312,22.6842195001273,100.0,1,-1.66,2460.549194335937,22.314954966010127,100.0,1,-3.59,2528.8990173339844,20.15699807984369,100.0,1,10
ZINC0000000368290,-1.73,2508.4971923828125,20.80112935498981,100.0,1,-1.74,2509.960906982422,20.75491660913238,100.0,1,-1.75,2507.245513916016,20.84064764557511,100.0,1,-1.82,2513.3680725097656,20.647344767838064,100.0,1,-1.84,2509.469024658203,20.77044643499252,100.0,1,-1.84,2505.1302185058594,20.90743225592814,100.0,1,-2.94,2510.4772338867188,20.738615013169618,100.0,1,-3.05,2502.052459716797,21.004603989247865,100.0,1,-3.36,2516.078063964844,20.561784272354338,100.0,1,-3.57,2523.8946838378906,20.31499608854193,100.0,1,10
ZINC0000000368770,-3.14,2547.790802001953,19.560542156067832,100.0,1,-3.16,2545.394989013672,19.63618333419021,100.0,1,-3.17,2543.4799194335938,19.696646366961133,100.0,1,-3.23,2541.874298095703,19.747339426148365,100.0,1,-3.24,2541.662872314453,19.75401461125564,100.0,1,-3.26,2536.626953125,19.91300985098536,100.0,1,-3.27,2545.2721252441406,19.6400624183764,100.0,1,-3.32,2549.165405273437,19.51714285427986,100.0,1,-3.33,2539.216033935547,19.831266775160262,100.0,1,-3.35,2543.3214416503906,19.701649865266862,100.0,1,10
ZINC0000000368800,-1.84,2565.371459960937,19.00548143693457,100.0,1,-2.04,2571.358123779297,18.816469061403453,100.0,1,-2.2,2560.480987548828,19.159884596378305,100.0,1,-2.53,2550.84912109375,19.46398417749888,100.0,1,-2.58,2555.9126892089844,19.30411599930104,100.0,1,-2.93,2562.328094482422,19.10156729646448,100.0,1,-2.98,2550.870086669922,19.46332224733596,100.0,1,-3.19,2561.6014404296875,19.12450939123776,100.0,1,-3.46,2563.7530517578125,19.056578206075606,100.0,1,-1000.0,362.1991882324219,0.0,0.0,0,9
ZINC0000000368840,-0.31,2418.186279296875,23.65244700646853,100.0,1,-0.87,2469.2351684570312,22.040719322880324,100.0,1,-0.91,2467.292907714844,22.102040841495725,100.0,1,-0.98,2471.8271484375,21.958884713772147,100.0,1,-0.99,2468.7838745117188,22.05496768277732,100.0,1,-1.02,2466.653381347656,22.122232120235346,100.0,1,-1.13,2427.5447998046875,23.35697756868021,100.0,1,-1.28,2436.451477050781,23.07577383393728,100.0,1,-1.37,2431.6541137695312,23.227237329731715,100.0,1,-1.47,2428.743530273437,23.319130964896463,100.0,1,10
ZINC0000000368870,-2.59,2616.663055419922,17.38609097229004,100.0,1,-2.6,2615.49560546875,17.422949980124752,100.0,1,-2.63,2621.1954040527344,17.24299458207753,100.0,1,-2.74,2614.086669921875,17.467433228686062,100.0,1,-3.0,2605.959228515625,17.72403474395308,100.0,1,-3.15,2607.2867431640625,17.682122135384006,100.0,1,-3.92,2616.17138671875,17.40161405359249,100.0,1,-4.32,2595.285919189453,18.06101500737315,100.0,1,-4.73,2615.040405273437,17.437321669076848,100.0,1,-4.91,2632.615631103516,16.882432454410836,100.0,1,10
ZINC0000000368880,-1.96,2565.7701110839844,18.99289512875669,100.0,1,-2.24,2574.0965270996094,18.73001153974553,100.0,1,-2.36,2571.5133666992188,18.811567694971483,100.0,1,-2.41,2568.555450439453,18.90495573142108,100.0,1,-2.53,2570.698272705078,18.83730203663289,100.0,1,-2.65,2571.008026123047,18.827522427966777,100.0,1,-2.92,2532.7261962890625,20.03616547460142,100.0,1,-2.94,2579.410186767578,18.562247411496564,100.0,1,-3.09,2577.3565368652344,18.6270857351988,100.0,1,-3.19,2581.5347290039062,18.49517085814592,100.0,1,10
ZINC0000000368900,-2.24,2567.9718322753906,18.92338186305958,100.0,1,-2.28,2565.1806640625,19.011505290469604,100.0,1,-2.29,2569.5997924804688,18.87198351583849,100.0,1,-2.29,2532.978790283203,20.028190516874385,100.0,1,-2.32,2562.160217285156,19.10686755530904,100.0,1,-2.4,2570.0484924316406,18.85781705414215,100.0,1,-2.48,2567.8673706054688,18.926679951775256,100.0,1,-2.53,2559.1405029296875,19.20220669595064,100.0,1,-2.59,2538.927947998047,19.84036229297387,100.0,1,-2.59,2563.910461425781,19.05160843055838,100.0,1,10
ZINC0000000368920,-0.76,2444.080078125,22.8349218244098,100.0,1,-0.85,2450.31298828125,22.638134900866177,100.0,1,-1.55,2456.773193359375,22.43417176792894,100.0,1,-1.67,2462.062561035156,22.267174592241386,100.0,1,-1.8,2459.495178222656,22.34823261370573,100.0,1,-2.86,2464.5869140625,22.187475117399625,100.0,1,-2.89,2506.466064453125,20.865256609608736,100.0,1,-3.42,2495.9391479492188,21.19761492398729,100.0,1,-3.48,2484.935852050781,21.54501360203857,100.0,1,-3.58,2462.2300415039062,22.261886859003983,100.0,1,10
ZINC0000000368950,-1.43,2448.2646484375,22.70280557413413,100.0,1,-1.74,2465.0133056640625,22.174012980228888,100.0,1,-2.05,2467.8705444335938,22.08380355747284,100.0,1,-2.27,2470.0704040527344,22.01434906577856,100.0,1,-2.37,2473.6538696289062,21.90121103736461,100.0,1,-2.52,2470.696350097656,21.994586548207053,100.0,1,-2.56,2466.821014404297,22.11693956945673,100.0,1,-2.61,2469.4005737304688,22.03549710820344,100.0,1,-2.64,2473.201446533203,21.915495047066607,100.0,1,-3.5,2488.176544189453,21.44269769820964,100.0,1,10
ZINC0000000369010,-1.74,2519.999420166016,20.43797828067427,100.0,1,-1.75,2533.528625488281,20.01083098886084,100.0,1,-1.75,2523.8155212402344,20.3174954289242,100.0,1,-1.82,2535.994842529297,19.932966997221936,100.0,1,-1.89,2525.33447265625,20.269538733146987,100.0,1,-2.09,2535.8699340820312,19.9369106364604,100.0,1,-2.15,2535.190368652344,19.958366038014795,100.0,1,-2.17,2522.4977111816406,20.359101641872,100.0,1,-2.23,2526.733459472656,20.225369588272887,100.0,1,-2.72,2522.523834228516,20.358276878816024,100.0,1,10
ZINC0000000369020,-1.49,2525.9540100097656,20.249978552306512,100.0,1,-2.01,2544.4155883789062,19.66710520423176,100.0,1,-2.25,2543.889587402344,19.683712232307546,100.0,1,-2.29,2546.7907104492188,19.59211728469811,100.0,1,-2.43,2547.361267089844,19.5741035345876,100.0,1,-2.49,2548.7129821777344,19.53142686398185,100.0,1,-2.59,2542.755340576172,19.719522943173903,100.0,1,-2.65,2539.982391357422,19.80707115616288,100.0,1,-2.71,2550.12939453125,19.486707555901013,100.0,1,-3.23,2547.069305419922,19.583321417948063,100.0,1,10
ZINC0000000369030,-0.75,2389.7726440429688,24.549529064149063,100.0,1,-1.19,2389.508544921875,24.557867264483708,100.0,1,-1.33,2439.478515625,22.98020345131736,100.0,1,-1.34,2391.3775634765625,24.498858165651423,100.0,1,-1.35,2393.642883300781,24.42733694877597,100.0,1,-1.43,2387.78466796875,24.61229391811244,100.0,1,-1.44,2389.533203125,24.55708874982339,100.0,1,-1.45,2427.0639038085938,23.37216053157289,100.0,1,-1.56,2398.4931640625,24.274202729688223,100.0,1,-1.75,2387.4803466796875,24.621902022311303,100.0,1,10
ZINC0000000369060,-0.74,2468.6861572265625,22.058052836171303,100.0,1,-0.93,2471.7705993652344,21.96067009454637,100.0,1,-0.96,2469.471710205078,22.033251170489084,100.0,1,-0.97,2459.6856384277344,22.34221935876137,100.0,1,-1.12,2476.6697998046875,21.805991371745144,100.0,1,-1.18,2463.537109375,22.220619800957696,100.0,1,-1.46,2477.858795166016,21.7684521270909,100.0,1,-1.77,2473.4839782714844,21.906574887753216,100.0,1,-2.89,2543.462158203125,19.69720712875854,100.0,1,-3.54,2512.6837463378906,20.66895047667836,100.0,1,10
ZINC0000000369080,-0.85,2481.6227416992188,21.64961591092806,100.0,1,-0.89,2478.5370178222656,21.7470391198992,100.0,1,-1.05,2482.120819091797,21.63389049289459,100.0,1,-1.12,2476.7427673339844,21.80368762353621,100.0,1,-1.25,2483.542388916016,21.58900835192069,100.0,1,-1.26,2485.0897216796875,21.54015559347753,100.0,1,-1.3,2506.7205200195312,20.85722287787888,100.0,1,-2.81,2523.9225463867188,20.31411640551611,100.0,1,-3.84,2560.785888671875,19.150258185522816,100.0,1,-3.9,2528.678771972656,20.163951718833182,100.0,1,10
ZINC0000000369200,-2.41,2587.715118408203,18.30004213228845,100.0,1,-2.44,2585.8478393554688,18.35899631115088,100.0,1,-2.49,2586.662506103516,18.33327545860488,100.0,1,-2.57,2584.8960876464844,18.3890452427243,100.0,1,-2.68,2583.958740234375,18.418639398407034,100.0,1,-2.7,2582.924530029297,18.45129172925295,100.0,1,-2.82,2581.872314453125,18.484512529962217,100.0,1,-2.88,2585.4404296875,18.37185914619449,100.0,1,-3.16,2584.5327758789062,18.400515808356825,100.0,1,-3.32,2575.3067932128906,18.69180072984593,100.0,1,10
ZINC0000000371040,-0.52,2473.711151123047,21.89940253239257,100.0,1,-0.56,2474.6399841308594,21.870077195509623,100.0,1,-0.58,2475.1573791503906,21.853741876758352,100.0,1,-1.12,2475.8204650878906,21.832806769655164,100.0,1,-1.16,2472.0757446289062,21.95103597562494,100.0,1,-1.26,2470.273376464844,22.00794077245457,100.0,1,-1.54,2481.490600585937,21.653787901620102,100.0,1,-1.58,2469.6835021972656,22.02656442328289,100.0,1,-1.69,2470.3116149902344,22.00673349662614,100.0,1,-2.26,2479.044677734375,21.73101116027744,100.0,1,10
ZINC0000000373630,-0.65,2450.010986328125,22.64766977843858,100.0,1,-1.39,2452.6922607421875,22.56301594421149,100.0,1,-1.57,2462.289123535156,22.2600215070456,100.0,1,-1.63,2453.6774291992188,22.531911971112017,100.0,1,-1.68,2458.646789550781,22.375018142860213,100.0,1,-1.9,2473.335205078125,21.91127199043768,100.0,1,-2.06,2468.7374267578125,22.05643414232312,100.0,1,-2.16,2483.155212402344,21.601232380999217,100.0,1,-2.31,2473.2319946289062,21.9145305753154,100.0,1,-6.01,3167.3223876953125,0.0005434186490334,0.0,1,10
ZINC0000000374040,-1.08,2512.442138671875,20.676578571437933,100.0,1,-1.09,2514.621032714844,20.60778600990656,100.0,1,-1.44,2516.037078857422,20.56307826392464,100.0,1,-3.68,2568.496368408203,18.90682108337946,100.0,1,-3.7,2564.647216796875,19.028347414556663,100.0,1,-3.83,2565.7937622070312,18.99214840986839,100.0,1,-3.86,2561.070617675781,19.14126865361593,100.0,1,-3.95,2562.6754455566406,19.09060064564302,100.0,1,-3.98,2561.1199951171875,19.13970969727881,100.0,1,-4.17,2560.6547241210938,19.15439934395109,100.0,1,10
ZINC0000000374080,-1.55,2575.7848205566406,18.67670833672809,100.0,1,-1.9,2583.823699951172,18.422902922382164,100.0,1,-2.0,2571.805938720703,18.80233054144616,100.0,1,-2.03,2569.0939331054688,18.88795462847392,100.0,1,-2.11,2564.0154418945312,19.04829396220257,100.0,1,-2.19,2579.7311096191406,18.552115158813525,100.0,1,-2.24,2577.793182373047,18.613299859258422,100.0,1,-2.28,2566.1739196777344,18.98014598768575,100.0,1,-2.35,2585.059295654297,18.38389240064091,100.0,1,-2.42,2576.338256835937,18.65923511474189,100.0,1,10
ZINC0000000376640,-0.32,2495.3639221191406,21.21577609085898,100.0,1,-0.39,2525.9712524414062,20.24943417014924,100.0,1,-0.53,2560.064453125,19.173035520386563,100.0,1,-0.57,2560.8387451171875,19.148589389246,100.0,1,-0.64,2538.154235839844,19.86479011745782,100.0,1,-0.72,2531.058349609375,20.088823127096063,100.0,1,-0.86,2516.590362548828,20.545609859479647,100.0,1,-0.9,2511.368896484375,20.7104632293266,100.0,1,-0.98,2515.0763549804688,20.59341046692149,100.0,1,-1.57,2497.384765625,21.151973538517936,100.0,1,10
ZINC0000000377290,-0.49,2452.7692260742188,22.56058597642272,100.0,1,-0.5,2475.990936279297,21.82742461260995,100.0,1,-0.52,2461.4371643066406,22.28691976666451,100.0,1,-0.53,2475.629211425781,21.83884507581384,100.0,1,-0.6,2498.4304809570312,21.118957965064425,100.0,1,-0.68,2489.455108642578,21.402330556862285,100.0,1,-0.71,2485.291931152344,21.533771387859627,100.0,1,-0.72,2494.796813964844,21.23368096453804,100.0,1,-0.73,2496.983917236328,21.16462921928931,100.0,1,-0.89,2481.132110595703,21.66510623295024,100.0,1,10
ZINC0000000377960,-0.82,2559.435791015625,19.192883790191686,100.0,1,-1.19,2558.367645263672,19.22660754220378,100.0,1,-1.24,2543.384765625,19.699650585662702,100.0,1,-1.32,2552.026580810547,19.42680913896048,100.0,1,-1.43,2567.1417846679688,18.949588323760043,100.0,1,-1.47,2600.8152770996094,17.8864408028629,100.0,1,-1.48,2594.3760986328125,18.08974007862073,100.0,1,-1.55,2552.3405151367188,19.41689752966507,100.0,1,-1.71,2534.5435791015625,19.97878663171624,100.0,1,-4.35,2586.119842529297,18.350408562181315,100.0,1,10
ZINC0000000378690,-0.93,2452.27099609375,22.576316211997405,100.0,1,-1.56,2494.1746826171875,21.25332304357917,100.0,1,-2.35,2449.4536743164062,22.66526536597165,100.0,1,-2.43,2456.3057861328125,22.448928860178228,100.0,1,-2.6,2436.23779296875,23.082520318654527,100.0,1,-2.64,2447.8980712890625,22.71437923514866,100.0,1,-2.79,2439.156005859375,22.990385806429035,100.0,1,-2.87,2463.39501953125,22.225105895336952,100.0,1,-2.98,2462.9674072265625,22.23860657283741,100.0,1,-3.19,2456.978759765625,22.427681576404314,100.0,1,10
ZINC0000000379070,-1.6,2648.3982543945312,16.384139713936715,100.0,1,-1.62,2636.0708923339844,16.773342124125605,100.0,1,-1.66,2657.5112915039062,16.096420736454828,100.0,1,-1.67,2649.04248046875,16.363800054927676,100.0,1,-1.69,2656.770874023437,16.119797373445696,100.0,1,-1.7,2649.4139709472656,16.35207126908604,100.0,1,-1.72,2651.3305053710938,16.291561987919458,100.0,1,-1.77,2653.5974731445312,16.219988741598883,100.0,1,-1.8,2646.5451049804688,16.442647788482653,100.0,1,-1.82,2652.7553100585938,16.246577715071805,100.0,1,10
ZINC0000000379640,-1.31,2388.309875488281,24.59571194125097,100.0,1,-1.84,2388.720458984375,24.58274890135009,100.0,1,-1.91,2391.7882080078125,24.485893198734058,100.0,1,-2.5,2405.870178222656,24.04129388211577,100.0,1,-2.7,2398.15966796875,24.284731947767373,100.0,1,-3.15,2400.39892578125,24.214033566931413,100.0,1,-3.71,2439.792724609375,22.970283170447768,100.0,1,-3.77,2452.633850097656,22.56486009898852,100.0,1,-4.01,2457.481506347656,22.411808741609672,100.0,1,-4.17,3167.3240966796875,0.0004894621874273,0.0,1,10
ZINC0000000379870,-0.15,2495.0542907714844,21.225551845492127,100.0,1,-0.73,2534.7223510742188,19.97314240042894,100.0,1,-0.78,2510.204864501953,20.747214324238097,100.0,1,-0.8,2521.912567138672,20.37757594892265,100.0,1,-0.9,2532.2548828125,20.051045895905805,100.0,1,-0.97,2533.301696777344,20.017995636155547,100.0,1,-1.1,2533.709503173828,20.005120275504776,100.0,1,-1.31,2553.66796875,19.37498684811248,100.0,1,-2.02,2539.056121826172,19.83631555835341,100.0,1,-4.09,2603.3067321777344,17.807779989907058,100.0,1,10
ZINC0000000379950,-1.76,2492.7235107421875,21.299139787548743,100.0,1,-1.77,2479.6109619140625,21.71313230132094,100.0,1,-1.83,2469.0192260742188,22.04753710720756,100.0,1,-1.9,2470.303039550781,22.007004242442417,100.0,1,-1.99,2469.261962890625,22.039873362643,100.0,1,-2.07,2498.298065185547,21.123138627330658,100.0,1,-2.86,2503.192596435547,20.96860732129061,100.0,1,-3.18,2466.0673828125,22.1407334055168,100.0,1,-3.22,2497.9893493652344,21.13288547671652,100.0,1,-3.23,2508.8563537597656,20.789789826478334,100.0,1,10
ZINC0000000380740,-2.29,2615.71044921875,17.416166882094263,100.0,1,-2.37,2618.6958923339844,17.321909761209515,100.0,1,-2.45,2608.7077026367188,17.63725926457497,100.0,1,-2.69,2580.620086669922,18.524048163695888,100.0,1,-2.78,2603.6273803710938,17.7976564087982,100.0,1,-2.83,2637.1023559570312,16.74077650902156,100.0,1,-2.9,2580.989654541016,18.512380078873555,100.0,1,-2.98,2577.016815185547,18.63781150895951,100.0,1,-2.98,2586.5691833496094,18.336221866811865,100.0,1,-3.13,2623.669342041016,17.164886822853152,100.0,1,10
ZINC0000000380910,-1.0,2428.4166259765625,23.32945206519513,100.0,1,-1.01,2432.130920410156,23.2121834769436,100.0,1,-1.14,2429.218688964844,23.304129141553467,100.0,1,-1.24,2420.2431640625,23.587506550892545,100.0,1,-1.27,2435.384826660156,23.109450374045466,100.0,1,-1.41,2445.1237182617188,22.801971769516804,100.0,1,-1.57,2464.1911010742188,22.19997181931091,100.0,1,-1.66,2438.903259277344,22.99836558169729,100.0,1,-1.77,2454.9031982421875,22.493211699025,100.0,1,-1.83,2440.1525268554688,22.958923408263185,100.0,1,10
ZINC0000000381530,-1.13,2465.606506347656,22.15528430700209,100.0,1,-1.27,2465.819274902344,22.148566727532124,100.0,1,-1.28,2472.08984375,21.950590834816687,100.0,1,-1.3,2476.842254638672,21.800546586664137,100.0,1,-1.37,2458.891967773437,22.367277317636216,100.0,1,-1.41,2473.7119140625,21.89937844468649,100.0,1,-1.46,2470.919952392578,21.98752692331083,100.0,1,-1.67,2474.678680419922,21.86885546705754,100.0,1,-1.7,2466.0611572265625,22.140929961198367,100.0,1,-1.94,2480.3838806152344,21.688729528051308,100.0,1,10
ZINC0000000381570,-2.3,2552.5262145996094,19.41103458200661,100.0,1,-2.3,2560.053039550781,19.17339587246943,100.0,1,-2.31,2555.410919189453,19.3199580018319,100.0,1,-2.36,2554.079040527344,19.36200839207972,100.0,1,-2.39,2557.7572631835938,19.24587867057137,100.0,1,-2.39,2554.193084716797,19.358407761775748,100.0,1,-2.41,2553.72412109375,19.373213992945423,100.0,1,-2.57,2575.276428222656,18.692759420547684,100.0,1,-2.82,2580.9325256347656,18.51418376630439,100.0,1,-3.0,2572.9405517578125,18.76650826848088,100.0,1,10
ZINC0000000382020,-0.27,2646.0113525390625,16.45949954765215,100.0,1,-0.43,2636.9002380371094,16.74715782411473,100.0,1,-0.44,2643.3230590820312,16.54437498877513,100.0,1,-0.47,2668.771881103516,15.7408987204071,100.0,1,-0.48,2627.81787109375,17.03390847581244,100.0,1,-0.51,2660.6128845214844,15.998496503197345,100.0,1,-0.55,2601.575653076172,17.86243403148113,100.0,1,-0.69,2620.9071350097656,17.252095880940598,100.0,1,-0.74,2629.129943847656,16.992483402414305,100.0,1,-1.14,3167.323638916016,0.0005039148110718,0.0,1,10
ZINC0000000382420,-1.58,2488.2388305664062,21.440731177885745,100.0,1,-1.63,2489.3411560058594,21.405928296641527,100.0,1,-1.7,2502.182922363281,21.00048499150918,100.0,1,-1.72,2501.2468872070312,21.030037716337468,100.0,1,-1.78,2505.947021484375,20.88164395780512,100.0,1,-2.6,2527.3153381347656,20.20699837660424,100.0,1,-2.87,2518.788604736328,20.47620643372224,100.0,1,-3.2,2540.9005432128906,19.77808304716496,100.0,1,-3.23,2517.853302001953,20.505736034352694,100.0,1,-3.55,2485.86376953125,21.515717170402908,100.0,1,10
ZINC0000000382750,-1.22,2485.1597900390625,21.53794337855168,100.0,1,-1.28,2513.1241455078125,20.6550460892241,100.0,1,-1.33,2490.534454345703,21.368253197325025,100.0,1,-1.36,2492.0640869140625,21.319959273662786,100.0,1,-1.38,2498.302001953125,21.12301433476732,100.0,1,-1.4,2501.177978515625,21.032213317950088,100.0,1,-1.78,2505.046356201172,20.91007997657981,100.0,1,-2.29,2517.0259399414062,20.531857706327774,100.0,1,-2.33,2523.1924743652344,20.33716641321261,100.0,1,-6.04,3167.3206481933594,0.0005983386188826,0.0,1,10
ZINC0000000382890,-1.31,2461.6544799804688,22.280058624466346,100.0,1,-1.55,2483.3153076171875,21.59617781675661,100.0,1,-1.58,2464.3529663085938,22.19486137159021,100.0,1,-1.68,2478.6754150390625,21.74266961001734,100.0,1,-1.71,2502.149200439453,21.00154966811765,100.0,1,-1.79,2485.2833251953125,21.534043097184146,100.0,1,-1.81,2485.4702758789062,21.528140645687728,100.0,1,-1.83,2484.063262939453,21.57256319322973,100.0,1,-2.08,2448.085693359375,22.708455586470897,100.0,1,-2.51,2470.98291015625,21.9855392058056,100.0,1,10
ZINC0000000383010,-1.14,2474.2781372070312,21.88150151274648,100.0,1,-1.21,2443.1568603515625,22.86406987577604,100.0,1,-1.31,2451.4723510742188,22.601531222715856,100.0,1,-1.36,2460.2078247070312,22.32573276921596,100.0,1,-1.63,2439.4149169921875,22.982211402495704,100.0,1,-2.28,2467.751220703125,22.087570874702845,100.0,1,-2.42,2501.736572265625,21.01457726307082,100.0,1,-2.72,2488.7223205566406,21.425466316792416,100.0,1,-3.03,2427.81298828125,23.34851025824102,100.0,1,-3.58,2470.4635314941406,22.001937152592653,100.0,1,10
ZINC0000000383040,-1.67,2485.7779541015625,21.51842655558213,100.0,1,-1.81,2494.075408935547,21.256457335893543,100.0,1,-2.58,2501.1844482421875,21.03200905420258,100.0,1,-2.65,2500.1260986328125,21.065423520068684,100.0,1,-3.12,2487.7320861816406,21.456730232260213,100.0,1,-3.15,2478.0296325683594,21.76305840794677,100.0,1,-3.17,2479.07080078125,21.730186397221456,100.0,1,-3.18,2485.383331298828,21.53088568067194,100.0,1,-3.29,2487.63720703125,21.4597257793876,100.0,1,-3.43,2479.3883666992188,21.72016013044514,100.0,1,10
ZINC0000000383070,-1.69,2584.6416931152344,18.39707704743768,100.0,1,-1.75,2578.07861328125,18.604288166661952,100.0,1,-1.75,2581.405792236328,18.49924168047245,100.0,1,-1.92,2581.12255859375,18.508184000475435,100.0,1,-2.06,2594.190948486328,18.09558568313081,100.0,1,-2.17,2574.833923339844,18.70673029007071,100.0,1,-2.18,2576.0733642578125,18.66759836629084,100.0,1,-2.46,2591.405578613281,18.18352604397467,100.0,1,-2.53,2566.2880859375,18.976541503348805,100.0,1,-2.77,2551.727020263672,19.43626693587344,100.0,1,10
ZINC0000000383090,-2.22,2510.4298706054688,20.7401103779627,100.0,1,-2.35,2511.0707397460938,20.71987670486039,100.0,1,-2.46,2497.95458984375,21.13398291260525,100.0,1,-2.49,2504.108795166016,20.939680876820248,100.0,1,-2.52,2496.1851196289062,21.18984904754898,100.0,1,-2.6,2527.507873535156,20.20091960309935,100.0,1,-2.69,2519.9246215820312,20.44033983937778,100.0,1,-2.73,2529.910369873047,20.12506741667176,100.0,1,-2.84,2514.822662353516,20.60142011094528,100.0,1,-3.01,2521.060089111328,20.4044905881817,100.0,1,10
ZINC0000000383130,-1.72,2531.8771057128906,20.06297316444549,100.0,1,-2.16,2525.888732910156,20.25203949643822,100.0,1,-2.39,2534.4938354492188,19.98035715015228,100.0,1,-2.48,2541.689239501953,19.75318214013372,100.0,1,-2.53,2549.782287597656,19.497666498656525,100.0,1,-2.56,2541.479736328125,19.75979662422169,100.0,1,-2.62,2556.474090576172,19.286391301663407,100.0,1,-2.63,2548.8660278320312,19.52659487014337,100.0,1,-2.82,2537.175109863281,19.895703315925186,100.0,1,-3.11,2561.5841064453125,19.125056663919768,100.0,1,10
ZINC0000000383690,-0.59,2460.1873168945312,22.32638024675523,100.0,1,-1.05,2474.771545410156,21.86592351147419,100.0,1,-1.07,2408.291076660156,23.96486070021767,100.0,1,-1.09,2400.1433715820312,24.222101984958016,100.0,1,-1.31,2401.304016113281,24.18545783946149,100.0,1,-1.41,2419.381103515625,23.614723731739883,100.0,1,-1.52,2448.917724609375,22.68218649773464,100.0,1,-1.68,2396.0445556640625,24.35151077707094,100.0,1,-1.94,2406.564514160156,24.01937214257178,100.0,1,-2.03,2419.1587524414062,23.62174385279814,100.0,1,10
ZINC0000000383840,-0.35,2479.630889892578,21.71250313043828,100.0,1,-0.49,2487.113311767578,21.47626632539461,100.0,1,-0.61,2482.523376464844,21.62118085566161,100.0,1,-0.63,2481.340850830078,21.658515836568345,100.0,1,-0.65,2495.9654846191406,21.196783416373613,100.0,1,-0.65,2477.9992065429688,21.764019025665007,100.0,1,-0.69,2486.7390747070312,21.488081826978124,100.0,1,-0.88,2502.313720703125,20.996355395179823,100.0,1,-0.94,2481.4435424804688,21.65527363133076,100.0,1,-1.18,2491.824188232422,21.327533411960744,100.0,1,10
ZINC0000000383940,-0.66,2518.089263916016,20.49828618861807,100.0,1,-0.69,2516.0086364746094,20.563976253607088,100.0,1,-0.76,2532.658172607422,20.038313134475,100.0,1,-0.83,2518.9508666992188,20.47108346039437,100.0,1,-0.95,2522.235382080078,20.36738395872855,100.0,1,-1.07,2524.724090576172,20.288809861514576,100.0,1,-1.17,2535.211242675781,19.957706998376604,100.0,1,-1.21,2540.315734863281,19.79654675562494,100.0,1,-1.55,2533.003692626953,20.02740429414812,100.0,1,-2.2,2543.89892578125,19.683417398785195,100.0,1,10
ZINC0000000384260,-0.7,2540.107696533203,19.80311499131725,100.0,1,-0.81,2535.156524658203,19.95943456865625,100.0,1,-0.91,2499.5642700195312,21.083161706821706,100.0,1,-0.94,2546.590240478516,19.59844657034616,100.0,1,-0.95,2499.618621826172,21.081445698640984,100.0,1,-1.0,2495.894287109375,21.199031281104457,100.0,1,-1.04,2505.59912109375,20.892627951774948,100.0,1,-1.05,2500.476348876953,21.05436533596415,100.0,1,-1.07,2503.772399902344,20.95030162818248,100.0,1,-1.1,2503.1920471191406,20.968624664438984,100.0,1,10
ZINC0000000384630,-0.05,2480.0526428222656,21.699187446520472,100.0,1,-0.17,2482.484161376953,21.622418963753823,100.0,1,-0.2,2481.53173828125,21.652489092508585,100.0,1,-0.23,2488.8622131347656,21.421049595006654,100.0,1,-0.24,2488.4329528808594,21.43460230195223,100.0,1,-0.31,2482.9036560058594,21.609174579445995,100.0,1,-0.39,2482.0543212890625,21.63598997735601,100.0,1,-1.58,2497.4933166503906,21.148546339697702,100.0,1,-1.6,2491.842712402344,21.32694856245726,100.0,1,-1.61,2490.1763916015625,21.37955803953976,100.0,1,10
ZINC0000000384980,-0.18,2496.0751953125,21.193319604240145,100.0,1,-0.49,2490.0414428710938,21.38381867299016,100.0,1,-0.51,2483.051300048828,21.60451312656652,100.0,1,-1.66,2521.9476013183594,20.37646984145973,100.0,1,-1.67,2501.5382690429688,21.02083813963361,100.0,1,-1.69,2512.2349853515625,20.6831188653912,100.0,1,-1.72,2504.5525817871094,20.925669539951024,100.0,1,-1.73,2501.8074340820312,21.01233999693065,100.0,1,-1.81,2551.3184509277344,19.449166384230285,100.0,1,-2.84,2577.2607421875,18.63011018757347,100.0,1,10
ZINC0000000385000,-0.28,2506.149719238281,20.87524433605533,100.0,1,-0.42,2479.0726928710938,21.7301266597104,100.0,1,-0.72,2503.175079345703,20.969160375022074,100.0,1,-0.75,2515.761016845703,20.571794159490523,100.0,1,-0.94,2491.994384765625,21.32215992648972,100.0,1,-0.96,2491.9775390625,21.32269178303984,100.0,1,-1.26,2511.11181640625,20.71857982276536,100.0,1,-1.3,2501.4344177246094,21.02411695818444,100.0,1,-2.09,2569.9659729003906,18.86042238043113,100.0,1,-2.47,2575.8759765625,18.67383033760635,100.0,1,10
ZINC0000000385230,-0.01,2415.6219482421875,23.73340867710857,100.0,1,-0.14,2429.877685546875,23.28332314455483,100.0,1,-0.32,2407.651733398437,23.98504619790783,100.0,1,-0.41,2390.458984375,24.52785976376473,100.0,1,-0.42,2417.584899902344,23.671433899904443,100.0,1,-0.45,2425.3223876953125,23.42714409296606,100.0,1,-0.57,2420.3756103515625,23.583324925118067,100.0,1,-0.71,2416.76025390625,23.697469819645903,100.0,1,-0.87,2429.262634277344,23.3027416896836,100.0,1,-0.87,2399.848571777344,24.23140947458508,100.0,1,10
ZINC0000000385560,-0.98,2450.8031616210938,22.62265903146764,100.0,1,-1.11,2444.722045898437,22.814653465010736,100.0,1,-1.33,2435.19873046875,23.11532584731108,100.0,1,-1.41,2498.22802734375,21.125349878748267,100.0,1,-1.5,2453.8560180664062,22.52627352087417,100.0,1,-1.64,2442.120178222656,22.896800250789635,100.0,1,-1.7,2442.478881835937,22.8854751749018,100.0,1,-1.72,2476.959350585937,21.79684960553587,100.0,1,-1.74,2480.7521362304688,21.677102874083424,100.0,1,-4.01,2530.7156982421875,20.0996413976481,100.0,1,10
ZINC0000000385570,-0.66,2517.094482421875,20.52969366681407,100.0,1,-0.74,2510.2542419433594,20.745655367900977,100.0,1,-0.75,2521.5587463378906,20.38874686349161,100.0,1,-0.79,2512.969146728516,20.65993974759013,100.0,1,-1.46,2536.352020263672,19.921690096746246,100.0,1,-1.68,2538.1151428222656,19.866024371517064,100.0,1,-2.52,2573.831420898437,18.73838153585218,100.0,1,-2.83,2576.685943603516,18.64825786532976,100.0,1,-3.07,2596.289093017578,18.02934256441033,100.0,1,-3.16,2591.0675659179688,18.19419786127377,100.0,1,10
ZINC0000000385880,-0.55,2541.4803466796875,19.75977735405683,100.0,1,-0.61,2531.3338012695312,20.08012650169504,100.0,1,-0.62,2531.257568359375,20.08253334528597,100.0,1,-0.67,2535.113220214844,19.96080178685301,100.0,1,-0.69,2526.3262634277344,20.2382256787588,100.0,1,-0.73,2513.181182861328,20.653245292318,100.0,1,-0.9,2518.353912353516,20.489930645135058,100.0,1,-0.99,2551.738250732422,19.43591236484003,100.0,1,-1.24,2518.253967285156,20.493086134630776,100.0,1,-1.9,2529.984375,20.122730909182565,100.0,1,10
ZINC0000000385900,-0.6,2522.465881347656,20.36010658096942,100.0,1,-0.73,2521.727081298828,20.38343215202341,100.0,1,-0.74,2523.5792541503906,20.324954909741248,100.0,1,-0.94,2525.034637451172,20.27900520163414,100.0,1,-1.03,2522.31689453125,20.364810428211584,100.0,1,-1.11,2521.2389221191406,20.39884442987791,100.0,1,-1.12,2523.811553955078,20.31762068499578,100.0,1,-1.32,2527.0687866210938,20.214782559699163,100.0,1,-1.33,2519.363800048828,20.458046230358782,100.0,1,-1.41,2529.3794860839844,20.14182860606642,100.0,1,10
ZINC0000000387030,-0.95,2473.6395263671875,21.90166388623881,100.0,1,-1.01,2457.0830078125,22.42439023224634,100.0,1,-1.07,2479.2191772460938,21.72550182014416,100.0,1,-1.1,2456.5291137695312,22.441877906856195,100.0,1,-1.23,2467.9586791992188,22.08102094566716,100.0,1,-1.46,2477.300170898437,21.78608914547841,100.0,1,-1.48,2451.221740722656,22.6094435524071,100.0,1,-1.68,2482.303771972656,21.628114260978,100.0,1,-2.0,2469.744873046875,22.024626808206285,100.0,1,-2.25,2466.0219116210938,22.142169032798822,100.0,1,10
ZINC0000000387220,-0.85,2399.074279785156,24.25585560572564,100.0,1,-2.1,2450.6417846679688,22.62775406305645,100.0,1,-2.16,2445.758850097656,22.78191923596417,100.0,1,-2.17,2413.8385009765625,23.78971609882758,100.0,1,-2.21,2444.4332275390625,22.82377210702218,100.0,1,-2.43,2458.366455078125,22.38386892958011,100.0,1,-2.49,2459.419860839844,22.35061055204937,100.0,1,-2.6,2464.8619995117188,22.17879005409752,100.0,1,-2.7,2458.230529785156,22.38816039529429,100.0,1,-3.17,2428.7305908203125,23.319539492391485,100.0,1,10
ZINC0000000387580,-1.58,2439.5496215820312,22.977958477111248,100.0,1,-1.67,2454.77490234375,22.49726228767843,100.0,1,-2.34,2459.9841918945312,22.33279335762042,100.0,1,-2.34,2456.5556640625,22.44103965468481,100.0,1,-2.42,2445.6188354492188,22.786339811782906,100.0,1,-2.69,2456.5855102539062,22.44009734362319,100.0,1,-2.78,2439.592041015625,22.97661920065352,100.0,1,-3.25,2452.522216796875,22.568384612141298,100.0,1,-3.51,2475.9244995117188,21.829522170054886,100.0,1,-5.65,3167.32177734375,0.0005626888138928,0.0,1,10
ZINC0000000388330,-0.58,2447.3412475585938,22.73195940654984,100.0,1,-0.59,2455.538848876953,22.47314278583224,100.0,1,-0.6,2448.8992919921875,22.68276845671339,100.0,1,-0.62,2445.974914550781,22.775097597603963,100.0,1,-0.75,2440.471740722656,22.94884511204175,100.0,1,-0.89,2430.6571044921875,23.25871514402945,100.0,1,-0.9,2455.03125,22.48916881843751,100.0,1,-1.01,2471.6343994140625,21.96497023183473,100.0,1,-1.19,2429.7902221679688,23.286084559179177,100.0,1,-1.27,2434.604553222656,23.134085352801648,100.0,1,10
ZINC0000000389300,-0.36,2387.150146484375,24.63232718150021,100.0,1,-0.82,2366.662353515625,25.279172659366765,100.0,1,-0.86,2366.2848510742188,25.29109125633228,100.0,1,-0.88,2377.713256835937,24.930270908456464,100.0,1,-1.14,2395.3170166015625,24.37448081358328,100.0,1,-1.79,2391.274475097656,24.50211289649617,100.0,1,-2.07,2399.879821777344,24.23042284214428,100.0,1,-2.24,2411.6513671875,23.85876880758456,100.0,1,-2.36,2433.4122314453125,23.17172961985437,100.0,1,-2.4,2424.6408081054688,23.448663086064485,100.0,1,10
ZINC0000000389450,-0.44,2564.217010498047,19.04192999025777,100.0,1,-0.46,2572.082763671875,18.7935905581742,100.0,1,-0.49,2562.671295166016,19.090731682764066,100.0,1,-1.18,2588.0894165039062,18.288224703688456,100.0,1,-1.38,2592.5639038085938,18.146955125104608,100.0,1,-1.43,2579.5667419433594,18.557304614210143,100.0,1,-1.45,2588.1937866210938,18.28492950549751,100.0,1,-1.46,2594.9459838867188,18.071747525691563,100.0,1,-1.56,2601.668334960937,17.85950785694724,100.0,1,-2.16,2600.198211669922,17.905922939535696,100.0,1,10
ZINC0000000390210,-0.41,2523.915985107422,20.314323559788345,100.0,1,-0.42,2515.311462402344,20.58598759941767,100.0,1,-0.44,2520.4337768554688,20.42426466785212,100.0,1,-0.47,2506.8299865722656,20.85376677381135,100.0,1,-0.49,2523.7823181152344,20.318543725892543,100.0,1,-0.49,2526.1538696289062,20.24366853682332,100.0,1,-0.55,2511.330474853516,20.711676286204497,100.0,1,-0.7,2513.11474609375,20.65534284976293,100.0,1,-0.75,2508.6158752441406,20.797382271432912,100.0,1,-1.01,2518.4678649902344,20.48633290535582,100.0,1,10
ZINC0000000391570,-0.72,2467.6861877441406,22.089624110768607,100.0,1,-2.77,2448.2925415039062,22.701924927600064,100.0,1,-3.23,2449.9946899414062,22.648184291840327,100.0,1,-3.43,2483.9927978515625,21.57478793376274,100.0,1,-3.47,2461.2760620117188,22.292006126679134,100.0,1,-3.88,2481.151336669922,21.66449922275717,100.0,1,-4.05,2466.7907104492188,22.117896333141992,100.0,1,-4.2,2478.962219238281,21.73361455954993,100.0,1,-4.21,2490.1980590820312,21.378873948687254,100.0,1,-4.25,2468.837951660156,22.053260346170784,100.0,1,10
ZINC0000000392110,-0.64,2534.6668090820312,19.974895985431136,100.0,1,-0.74,2524.890594482422,20.283552960540945,100.0,1,-1.0,2549.887481689453,19.494345285743016,100.0,1,-1.1,2546.7026977539062,19.59489604247083,100.0,1,-1.39,2540.647766113281,19.78606378594146,100.0,1,-1.42,2566.107360839844,18.98224739916366,100.0,1,-1.55,2566.8543701171875,18.95866264439231,100.0,1,-1.58,2555.1918334960938,19.32687502750816,100.0,1,-1.67,2560.384002685547,19.16294662557445,100.0,1,-1.77,2561.7413330078125,19.120092669452003,100.0,1,10
ZINC0000000392380,-0.44,2453.7075805664062,22.530960024967968,100.0,1,-0.64,2504.655731201172,20.92241288208979,100.0,1,-0.74,2494.412139892578,21.24582598594064,100.0,1,-0.86,2458.110290527344,22.391956617771577,100.0,1,-0.87,2472.521789550781,21.936953339145727,100.0,1,-1.02,2472.254211425781,21.945401379420066,100.0,1,-1.06,2480.073974609375,21.69851395425864,100.0,1,-1.11,2501.7759399414062,21.01333433743739,100.0,1,-1.48,2492.2531127929688,21.31399130360584,100.0,1,-1.64,2503.800811767578,20.94940460200828,100.0,1,10
ZINC0000000393310,-1.36,2493.451141357422,21.27616686051168,100.0,1,-1.41,2494.5934143066406,21.240102746977417,100.0,1,-1.81,2497.6748962402344,21.14281346565205,100.0,1,-1.92,2505.2511291503906,20.9036148362695,100.0,1,-1.95,2504.5547790527344,20.925600167357526,100.0,1,-2.04,2517.2029724121094,20.526268395010323,100.0,1,-2.1,2510.8912048339844,20.72554502385377,100.0,1,-2.28,2544.3084716796875,19.670487118164573,100.0,1,-2.4,2508.930450439453,20.787450428464407,100.0,1,-2.53,2545.6148986816406,19.62924029379139,100.0,1,10
ZINC0000000394510,-0.72,2458.9979248046875,22.36393201701664,100.0,1,-0.83,2453.4190673828125,22.540069031896977,100.0,1,-0.85,2454.731811523437,22.498622761317502,100.0,1,-1.58,2423.209289550781,23.49385933072559,100.0,1,-1.99,2456.5181884765625,22.442222842807176,100.0,1,-2.95,2446.489013671875,22.75886633774294,100.0,1,-3.1,2449.252197265625,22.67162644739172,100.0,1,-3.3,2467.7498779296875,22.08761326906553,100.0,1,-3.8,2449.4816284179688,22.66438279242109,100.0,1,-4.05,2476.6431274414062,21.806833477949496,100.0,1,10
ZINC0000000397630,-0.24,2639.086639404297,16.67812823955559,100.0,1,-0.25,2636.140991210937,16.771128945691512,100.0,1,-0.26,2643.288360595703,16.545470497647383,100.0,1,-0.27,2641.4698181152344,16.602885953845796,100.0,1,-0.27,2642.568298339844,16.568204474640194,100.0,1,-0.28,2640.0450439453125,16.647869263185207,100.0,1,-0.3,2638.338165283203,16.701759242722602,100.0,1,-0.31,2628.527801513672,17.01149438355629,100.0,1,-0.33,2632.105834960937,16.8985278596096,100.0,1,-0.58,2682.163299560547,15.318101668310668,100.0,1,10
ZINC0000000400780,-0.47,2585.9479064941406,18.355836967622192,100.0,1,-0.51,2590.034149169922,18.226825140905373,100.0,1,-0.52,2590.6448669433594,18.20754341394712,100.0,1,-0.75,2595.0147399902344,18.06957674162016,100.0,1,-0.97,2592.844970703125,18.13808121418688,100.0,1,-1.12,2608.4943237304688,17.643996114209795,100.0,1,-1.3,2584.1481323242188,18.412659866251182,100.0,1,-1.47,2604.2091064453125,17.779290014670764,100.0,1,-1.63,2619.2079162597656,17.305744019909007,100.0,1,-1.7,2599.177673339844,17.938143618688763,100.0,1,10
ZINC0000000402820,-0.01,2538.0817260742188,19.86707941304311,100.0,1,-0.02,2525.859161376953,20.252973135925654,100.0,1,-0.02,2521.540405273437,20.38932593194564,100.0,1,-0.13,2520.9815979003906,20.40696873138261,100.0,1,-0.24,2533.108154296875,20.02410620543244,100.0,1,-0.27,2524.283447265625,20.302721957034777,100.0,1,-0.34,2535.6063232421875,19.94523342066315,100.0,1,-0.55,2558.705322265625,19.21594632349535,100.0,1,-0.97,2538.0320739746094,19.86864704095441,100.0,1,-1.25,2557.659423828125,19.24896767799832,100.0,1,10
ZINC0000000403980,-0.19,2552.8838806152344,19.39974226539904,100.0,1,-0.23,2553.3692932128906,19.3844167032864,100.0,1,-0.24,2550.1053771972656,19.48746583688823,100.0,1,-0.26,2555.661865234375,19.31203507354998,100.0,1,-0.28,2552.166259765625,19.42239916173241,100.0,1,-0.3,2550.3994140625,19.47818243496724,100.0,1,-0.41,2558.0926818847656,19.235288751472915,100.0,1,-0.48,2554.7560119628906,19.340634888725976,100.0,1,-0.57,2546.601593017578,19.59808814527977,100.0,1,-0.58,2543.058013916016,19.70996686842016,100.0,1,10
ZINC0000000404590,-0.63,2558.8978881835938,19.209866586482228,100.0,1,-0.7,2556.471099853516,19.28648572547122,100.0,1,-0.71,2554.938446044922,19.33487503644952,100.0,1,-0.72,2545.8262939453125,19.62256607219236,100.0,1,-0.76,2557.113555908203,19.266201949940275,100.0,1,-0.78,2542.1515502929688,19.73858595376101,100.0,1,-1.02,2549.6541748046875,19.5017113062605,100.0,1,-1.83,2583.326171875,18.43861099726726,100.0,1,-2.13,2613.306884765625,17.492052791310357,100.0,1,-2.26,2614.849975585937,17.443333960512966,100.0,1,10
ZINC0000000407090,-0.59,2483.5799255371094,21.58782323678184,100.0,1,-0.76,2535.611541748047,19.9450686607536,100.0,1,-0.95,2522.920928955078,20.345739709558533,100.0,1,-1.24,2535.0826721191406,19.961766258604225,100.0,1,-1.52,2550.0363159179688,19.489646256042064,100.0,1,-1.59,2544.205139160156,19.67374955707526,100.0,1,-1.62,2549.2394409179688,19.514805383282425,100.0,1,-1.67,2544.839111328125,19.65373363683586,100.0,1,-2.16,2565.351928710937,19.00609808221007,100.0,1,-2.53,2563.0474853515625,19.078854516653006,100.0,1,10
ZINC0000000407510,-0.89,2614.595733642578,17.451360947685124,100.0,1,-1.02,2618.728485107422,17.320880734406025,100.0,1,-1.06,2617.6451721191406,17.355083350014873,100.0,1,-1.15,2613.9588317871094,17.47146936471585,100.0,1,-1.17,2617.137969970703,17.371096857012986,100.0,1,-1.2,2625.321990966797,17.112708997463507,100.0,1,-1.29,2622.838928222656,17.19110484565253,100.0,1,-1.3,2629.297821044922,16.98718314356974,100.0,1,-2.24,2631.4506225585938,16.91921438158611,100.0,1,-2.57,2664.512634277344,15.875372675353296,100.0,1,10
ZINC0000000408050,-1.3,2566.4112854003906,18.972651820571947,100.0,1,-1.34,2564.19091796875,19.04275378980551,100.0,1,-1.36,2561.791748046875,19.11850095383462,100.0,1,-1.43,2541.865478515625,19.74761788003058,100.0,1,-1.52,2572.6114196777344,18.77689970488128,100.0,1,-1.67,2533.1134643554688,20.023938554998168,100.0,1,-1.81,2579.396545410156,18.56267809968117,100.0,1,-1.85,2542.973663330078,19.71263000520372,100.0,1,-2.22,2583.2582397460938,18.440755766616103,100.0,1,-2.27,2581.939453125,18.48239281182769,100.0,1,10
ZINC0000000408060,-1.35,2529.97607421875,20.12299298342465,100.0,1,-1.36,2528.791046142578,20.160406972007312,100.0,1,-1.36,2530.161193847656,20.11714834242281,100.0,1,-1.54,2529.6864318847656,20.132137640158653,100.0,1,-1.84,2562.7955322265625,19.086809240706945,100.0,1,-1.87,2588.6446228027344,18.270695598224155,100.0,1,-2.07,2579.0492553710938,18.57364282348614,100.0,1,-2.09,2592.021789550781,18.16407088553268,100.0,1,-2.13,2582.73291015625,18.457341597510545,100.0,1,-2.36,2581.856689453125,18.485005846182613,100.0,1,10
ZINC0000000408080,-1.28,2563.303039550781,19.0707860986264,100.0,1,-1.48,2555.017120361328,19.332391112199147,100.0,1,-1.51,2537.3453979492188,19.890326939929423,100.0,1,-1.57,2577.796417236328,18.61319772738467,100.0,1,-1.58,2538.7779235839844,19.845098899496303,100.0,1,-1.59,2549.6651306152344,19.50136540680128,100.0,1,-1.66,2563.511260986328,19.06421208188464,100.0,1,-1.75,2547.780334472656,19.560872639395168,100.0,1,-1.98,2548.995819091797,19.52249706958603,100.0,1,-1.99,2542.8319396972656,19.71710453748405,100.0,1,10
ZINC0000000410410,-1.57,2543.209228515625,19.70519268507625,100.0,1,-2.11,2561.1543884277344,19.13862382348899,100.0,1,-2.37,2527.334259033203,20.206401001493592,100.0,1,-2.55,2519.336883544922,20.45889604462909,100.0,1,-2.74,2538.122772216797,19.86578349445632,100.0,1,-2.79,2555.4390563964844,19.319069647231885,100.0,1,-2.97,2551.366180419922,19.447659457338283,100.0,1,-3.03,2536.664093017578,19.911837261453663,100.0,1,-3.1,2543.488220214844,19.69638429271905,100.0,1,-3.33,2529.212890625,20.147088397564776,100.0,1,10
ZINC0000000410680,-0.77,2512.9327697753906,20.661088249415748,100.0,1,-1.56,2535.096618652344,19.96132593533719,100.0,1,-2.1,2540.37841796875,19.794567709693887,100.0,1,-2.1,2559.2230834960938,19.19959944264517,100.0,1,-2.13,2558.8794860839844,19.21044758195273,100.0,1,-2.32,2532.2067260742188,20.052566311913207,100.0,1,-2.33,2542.412170410156,19.73035759336607,100.0,1,-2.53,2565.318634033203,19.007149269703145,100.0,1,-2.57,2560.0729064941406,19.17276862860325,100.0,1,-2.79,2558.9951171875,19.206796849220133,100.0,1,10
ZINC0000000410700,-1.25,2508.3207397460938,20.806700359650648,100.0,1,-1.27,2506.1534118652344,20.875127751557933,100.0,1,-1.28,2504.1617431640625,20.938009190018704,100.0,1,-1.28,2511.908935546875,20.69341298745905,100.0,1,-1.29,2522.1971435546875,20.368591234556988,100.0,1,-1.31,2509.509704589844,20.76916207850465,100.0,1,-1.36,2538.381896972656,19.857602345965287,100.0,1,-1.42,2542.7294006347656,19.720341925180424,100.0,1,-1.57,2519.9097290039062,20.440810031400343,100.0,1,-1.77,2530.34716796875,20.111276723190173,100.0,1,10
ZINC0000000412360,-0.86,2523.989715576172,20.311995723873338,100.0,1,-0.89,2516.68505859375,20.54262009340172,100.0,1,-1.37,2477.037353515625,21.79438687846685,100.0,1,-1.37,2503.7388610839844,20.9513605237415,100.0,1,-1.49,2504.4848022460938,20.92780949175865,100.0,1,-1.61,2512.09130859375,20.68765506219908,100.0,1,-1.76,2503.5043334960938,20.958765084588705,100.0,1,-1.84,2510.9452209472656,20.72383961426372,100.0,1,-1.96,2511.961975097656,20.69173841013277,100.0,1,-3.29,2546.5633850097656,19.59929445759997,100.0,1,10
ZINC0000000412430,-0.62,2530.168029785156,20.116932516576387,100.0,1,-0.63,2520.8734741210938,20.41038244108744,100.0,1,-0.63,2505.2745666503906,20.9028748619389,100.0,1,-0.65,2529.747344970703,20.13021447770569,100.0,1,-0.67,2525.631866455078,20.26014934531928,100.0,1,-0.73,2514.669677734375,20.606250177767272,100.0,1,-0.73,2513.914978027344,20.63007773661585,100.0,1,-0.75,2510.5093383789062,20.73760140249801,100.0,1,-0.77,2513.9805603027344,20.62800715740171,100.0,1,-0.89,2501.0021057128906,21.03776601595431,100.0,1,10
ZINC0000000412570,-1.37,2601.1138916015625,17.877012874705464,100.0,1,-1.43,2599.671417236328,17.922555018825793,100.0,1,-1.49,2598.3287353515625,17.964946490991622,100.0,1,-1.5,2600.141876220703,17.907701575752213,100.0,1,-1.54,2592.819732666016,18.13887803550381,100.0,1,-1.55,2594.615936279297,18.08216786733925,100.0,1,-1.55,2605.940399169922,17.72462922853899,100.0,1,-1.56,2598.70556640625,17.95304909120746,100.0,1,-1.67,2595.4571838378906,18.05560779911362,100.0,1,-1.7,2599.8895568847656,17.915667861905067,100.0,1,10
ZINC0000000412620,-1.85,2556.4595336914062,19.286850895095306,100.0,1,-2.36,2646.4439697265625,16.445840854799847,100.0,1,-2.5,2600.9093627929688,17.88347030694983,100.0,1,-2.73,2618.3931884765625,17.331466799471503,100.0,1,-2.81,2603.7819213867188,17.792777203055817,100.0,1,-2.95,2602.196228027344,17.84284109136039,100.0,1,-3.01,2611.7357788085938,17.541656122674794,100.0,1,-3.07,2609.2237548828125,17.620966340186396,100.0,1,-3.08,2640.827117919922,16.623177437442685,100.0,1,-3.16,2637.874542236328,16.71639685994976,100.0,1,10
ZINC0000000412770,-1.42,2544.753234863281,19.65644494903157,100.0,1,-1.49,2547.486633300781,19.570145442725487,100.0,1,-1.57,2545.3323669433594,19.638160453104785,100.0,1,-1.76,2545.989471435547,19.61741419361721,100.0,1,-1.81,2545.242950439453,19.64098353225668,100.0,1,-1.83,2540.621368408203,19.786897220571625,100.0,1,-1.85,2546.655029296875,19.596401042346344,100.0,1,-1.87,2550.438446044922,19.476950107924484,100.0,1,-1.9,2541.0728149414062,19.77264404313341,100.0,1,-1.91,2545.0040893554688,19.64852491127438,100.0,1,10
ZINC0000000412980,-0.21,2554.9796142578125,19.33357526382976,100.0,1,-0.83,2546.9020080566406,19.588603370136006,100.0,1,-0.84,2542.844024658203,19.71672298821984,100.0,1,-0.84,2544.3504333496094,19.66916229433049,100.0,1,-0.85,2538.4498291015625,19.85545757661644,100.0,1,-0.87,2541.288818359375,19.76582433178969,100.0,1,-0.88,2546.984893798828,19.58598648174811,100.0,1,-0.91,2546.659698486328,19.596253625585167,100.0,1,-1.89,2544.293182373047,19.6709698357943,100.0,1,-1.97,2570.0480346679688,18.857831506765795,100.0,1,10
ZINC0000000413070,-1.18,2542.856658935547,19.71632409580725,100.0,1,-1.21,2535.8470153808594,19.93763423115087,100.0,1,-1.34,2528.520904541016,20.168935946974056,100.0,1,-1.58,2516.3740234375,20.55244016941404,100.0,1,-1.61,2521.1573486328125,20.401419887411365,100.0,1,-1.63,2518.3074951171875,20.49139614117261,100.0,1,-1.64,2504.5203247070312,20.92668796816384,100.0,1,-1.7,2513.159454345703,20.653931310186987,100.0,1,-1.7,2523.2573852539062,20.33511703117982,100.0,1,-3.33,2532.846954345703,20.032352872484,100.0,1,10
ZINC0000000414960,-1.99,2550.30517578125,19.481157748421523,100.0,1,-2.24,2515.9212341308594,20.566735741214945,100.0,1,-2.53,2586.7130737304688,18.33167892544628,100.0,1,-2.61,2586.726959228516,18.331240529195725,100.0,1,-2.75,2587.301483154297,18.313101523013625,100.0,1,-2.91,2581.9432678222656,18.48227237329732,100.0,1,-2.94,2579.9165954589844,18.54625895571277,100.0,1,-3.1,2545.874298095703,19.62105047372617,100.0,1,-3.31,2577.217193603516,18.631485113836185,100.0,1,-3.37,2571.973388671875,18.797043771717,100.0,1,10
ZINC0000000415380,-1.59,2680.997131347656,15.354920208799175,100.0,1,-1.6,2676.820587158203,15.486783056406932,100.0,1,-1.61,2677.550567626953,15.463735939235155,100.0,1,-1.62,2683.544342041016,15.27449906628343,100.0,1,-1.65,2681.704376220703,15.33259090526841,100.0,1,-1.88,2650.103515625,16.330300800336197,100.0,1,-1.9,2635.7281799316406,16.78416232169413,100.0,1,-1.91,2632.4507446289062,16.887638289447587,100.0,1,-3.01,2675.836853027344,15.51784174461898,100.0,1,-3.68,2643.0948181152344,16.55158106692428,100.0,1,10
ZINC0000000415390,-0.68,2605.288330078125,17.745216509166468,100.0,1,-0.77,2599.3990478515625,17.931154329894277,100.0,1,-0.77,2592.057556152344,18.16294165387192,100.0,1,-0.78,2591.1609497070312,18.191249526050296,100.0,1,-0.8,2599.654083251953,17.9231022915078,100.0,1,-0.86,2598.43017578125,17.961743789592,100.0,1,-1.39,2606.74658203125,17.69917623128453,100.0,1,-1.64,2601.2640991210938,17.872270487133584,100.0,1,-1.65,2613.890686035156,17.473620878622395,100.0,1,-1.98,2607.5797729492188,17.672870529235038,100.0,1,10
ZINC0000000415690,-0.7,2488.405792236328,21.43545982428847,100.0,1,-0.73,2460.461975097656,22.317708672568525,100.0,1,-1.0,2462.6480102539062,22.2486906501083,100.0,1,-1.13,2475.169158935547,21.85336996257657,100.0,1,-1.18,2479.5711364746094,21.71438967957801,100.0,1,-1.35,2484.1046752929688,21.571255712544023,100.0,1,-1.49,2479.689697265625,21.71064645005408,100.0,1,-1.58,2458.758728027344,22.37148399462501,100.0,1,-1.7,2482.7866821289062,21.612867706541287,100.0,1,-1.99,2493.4969177246094,21.274721598147227,100.0,1,10
ZINC0000000416700,-0.35,2443.770568847656,22.844693725009968,100.0,1,-0.36,2437.714782714844,23.035888446711404,100.0,1,-0.44,2454.161193847656,22.516638438444502,100.0,1,-0.51,2470.8052368164062,21.991148750796143,100.0,1,-0.59,2485.9292602539062,21.5136494817135,100.0,1,-0.63,2506.1441040039062,20.87542162157204,100.0,1,-0.7,2474.662048339844,21.86938057904996,100.0,1,-0.99,2472.7058715820312,21.93114145742415,100.0,1,-1.03,2469.365539550781,22.036603215666368,100.0,1,-1.11,2456.5285034179688,22.44189717702105,100.0,1,10
ZINC0000000416990,-0.95,2484.815826416016,21.548803079958155,100.0,1,-1.28,2487.440826416016,21.46592595493109,100.0,1,-1.66,2526.765380859375,20.224361758650744,100.0,1,-1.73,2519.6671142578125,20.44846992193193,100.0,1,-1.76,2497.8453369140625,21.13743227211508,100.0,1,-1.77,2518.1823120117188,20.49534845198526,100.0,1,-1.94,3167.327514648437,0.000381549264215,0.0,1,-1.95,2487.7179565429688,21.45717633657671,100.0,1,-1.97,2475.2249450683594,21.851608669508423,100.0,1,-2.31,2496.0523986816406,21.194039344897643,100.0,1,10
ZINC0000000417270,-0.5,2496.9923400878906,21.16436329101425,100.0,1,-0.52,2498.812561035156,21.10689484186248,100.0,1,-0.6,2502.1202087402344,21.00246500094848,100.0,1,-0.61,2502.665740966797,20.9852413275972,100.0,1,-0.67,2511.30419921875,20.71250586680169,100.0,1,-0.68,2504.8777465820312,20.915403359622207,100.0,1,-1.46,2528.6590270996094,20.164575108666387,100.0,1,-1.5,2518.2818908691406,20.492204524588463,100.0,1,-1.52,2527.7176513671875,20.1942964474372,100.0,1,-1.52,2516.8916015625,20.53609906961332,100.0,1,10
ZINC0000000417860,-1.07,2531.176483154297,20.08509338668754,100.0,1,-1.21,2513.665405273437,20.637957307026834,100.0,1,-1.26,2524.806427001953,20.28621031627505,100.0,1,-1.27,2530.912475585937,20.093428696497448,100.0,1,-1.29,2526.595947265625,20.229711156415696,100.0,1,-1.37,2499.523193359375,21.08445858891674,100.0,1,-1.5,2506.591125488281,20.861308152829057,100.0,1,-1.72,2519.929473876953,20.44018664156715,100.0,1,-1.84,2521.279083251953,20.397576453030165,100.0,1,-1.95,2528.707092285156,20.163057583183715,100.0,1,10
ZINC0000000418070,-0.61,2564.042755126953,19.04743162232512,100.0,1,-0.79,2568.688720703125,18.90074809092404,100.0,1,-0.79,2572.0933227539062,18.793257184322133,100.0,1,-0.89,2568.0863647460938,18.919765816623723,100.0,1,-0.99,2592.54931640625,18.147415682044745,100.0,1,-2.72,2617.1741638183594,17.369954136236828,100.0,1,-2.83,2621.052276611328,17.247513435737044,100.0,1,-2.86,2619.6024475097656,17.29328778534393,100.0,1,-2.87,2619.995391845703,17.280881653207484,100.0,1,-3.34,2589.910186767578,18.230738911388304,100.0,1,10
ZINC0000000418470,-0.9,2563.5709838867188,19.06232649625315,100.0,1,-1.14,2589.990692138672,18.22819717664336,100.0,1,-1.24,2581.0489501953125,18.51050798235747,100.0,1,-1.38,2580.4136352539062,18.53056629695956,100.0,1,-1.38,2570.2940368652344,18.85006466681924,100.0,1,-1.55,2586.972076416016,18.32350163098821,100.0,1,-1.65,2580.387908935547,18.531378534408383,100.0,1,-1.66,2569.8644409179688,18.863627972355484,100.0,1,-1.77,2591.1764526367188,18.190760063862868,100.0,1,-1.77,2564.949981689453,19.01878844927819,100.0,1,10
ZINC0000000418910,-0.53,2555.5656127929688,19.3150739785483,100.0,1,-0.53,2573.260040283203,18.75642130068525,100.0,1,-0.54,2565.3396606445312,19.00648541252374,100.0,1,-0.66,2576.6356201171875,18.64984669042241,100.0,1,-0.86,2589.277740478516,18.25070665621556,100.0,1,-0.87,2581.9928588867188,18.48070667240249,100.0,1,-0.88,2582.9038696289062,18.45194402433344,100.0,1,-1.23,2527.8688049316406,20.18952419110978,100.0,1,-1.29,2561.638214111328,19.123348363804983,100.0,1,-1.67,2599.363983154297,17.932261400865446,100.0,1,10
ZINC0000000421410,-2.77,2495.8968200683594,21.19895130992029,100.0,1,-2.83,2496.905731201172,21.1670977274078,100.0,1,-3.16,2518.603759765625,20.482042403149887,100.0,1,-3.25,2523.4022216796875,20.33054422105869,100.0,1,-3.32,2520.4539184570312,20.42362875241176,100.0,1,-3.36,2520.9669799804688,20.407430251830995,100.0,1,-3.38,2525.1448669433594,20.275525009860544,100.0,1,-3.43,2507.014373779297,20.847945257007343,100.0,1,-3.47,2519.2721252441406,20.460940609120662,100.0,1,-3.56,2514.5460815429688,20.610152386151288,100.0,1,10
ZINC0000000421560,-0.6,2462.559600830078,22.25148193348818,100.0,1,-0.73,2469.9053649902344,22.01955971835652,100.0,1,-1.09,2466.801696777344,22.117549470174524,100.0,1,-1.19,2466.428100585937,22.12934473808493,100.0,1,-1.47,2477.6570434570312,21.77482188008516,100.0,1,-1.47,2469.75732421875,22.024233696843154,100.0,1,-1.71,2480.7596740722656,21.676864887547413,100.0,1,-1.9,2475.223999023437,21.85163853826396,100.0,1,-2.34,2483.7192993164062,21.58342289463621,100.0,1,-2.56,2504.772399902344,20.91872939007693,100.0,1,10
ZINC0000000423020,-2.3,2454.449279785156,22.507542920630893,100.0,1,-2.3,2457.312255859375,22.41715235832517,100.0,1,-2.32,2447.8517456054688,22.715841840661483,100.0,1,-2.39,2445.521728515625,22.789405695012025,100.0,1,-2.39,2448.24365234375,22.703468467805298,100.0,1,-2.5,2473.46728515625,21.90710192676212,100.0,1,-2.51,2446.80810546875,22.748791895554472,100.0,1,-2.52,2470.6749877929688,21.99526100397713,100.0,1,-2.7,2447.82861328125,22.71657217990965,100.0,1,-2.73,2468.638061523437,22.05957132516222,100.0,1,10
ZINC0000000423830,-0.73,2633.174285888672,16.86479447251508,100.0,1,-0.75,2633.315704345703,16.86032957531717,100.0,1,-0.8,2666.4371643066406,15.814610955027058,100.0,1,-0.82,2626.731842041016,17.06819684365491,100.0,1,-0.98,2659.0259704589844,16.048598931831638,100.0,1,-1.03,2666.738800048828,15.80508763955357,100.0,1,-1.04,2661.6858825683594,15.964619553374618,100.0,1,-1.25,2650.0289611816406,16.332654650973762,100.0,1,-1.44,2654.68017578125,16.185805396154894,100.0,1,-1.99,2689.5357055664062,15.085338310482902,100.0,1,10
ZINC0000000425170,-1.82,2438.7799072265625,23.002260082015365,100.0,1,-2.25,2467.148193359375,22.106609797583875,100.0,1,-2.55,2498.826110839844,21.1064670442026,100.0,1,-2.6,2487.42578125,21.46640096449488,100.0,1,-2.64,2489.8676147460938,21.3893068159421,100.0,1,-2.72,2481.3798828125,21.65728350952559,100.0,1,-3.34,2470.3829956054688,22.00447985084584,100.0,1,-3.36,2479.987548828125,21.70124260960273,100.0,1,-3.53,2530.983642578125,20.09118179527485,100.0,1,-3.74,2516.7896118164062,20.53931911416132,100.0,1,10
ZINC0000000426210,-0.7,2530.099090576172,20.11910908169725,100.0,1,-0.75,2526.187713623047,20.242600006181867,100.0,1,-1.34,2558.6588134765625,19.217414710057632,100.0,1,-1.44,2530.049743652344,20.12066707452613,100.0,1,-1.45,2550.1983947753906,19.484529063763663,100.0,1,-1.58,2555.069396972656,19.330740622578947,100.0,1,-1.61,2562.651672363281,19.09135121856429,100.0,1,-1.64,2525.477844238281,20.265012171421528,100.0,1,-1.9,2580.996154785156,18.512174851617804,100.0,1,-1.96,2582.712860107422,18.45797462242617,100.0,1,10
ZINC0000000426910,-1.17,2535.6973876953125,19.942358312066137,100.0,1,-1.19,2519.0851135253906,20.466844987633564,100.0,1,-1.23,2500.8690185546875,21.04196787540189,100.0,1,-1.36,2518.5064086914062,20.48511599444496,100.0,1,-1.41,2507.222198486328,20.84138376587273,100.0,1,-1.43,2529.903594970703,20.1252813155017,100.0,1,-1.52,2508.9138793945312,20.78797361344034,100.0,1,-1.72,2508.182983398437,20.8110496358594,100.0,1,-1.86,2504.056121826172,20.94134389204761,100.0,1,-3.36,2523.339904785156,20.33251170489084,100.0,1,10
ZINC0000000427880,-1.28,2471.44775390625,21.97086304824872,100.0,1,-2.33,2474.3514404296875,21.87918716594688,100.0,1,-2.37,2481.369384765625,21.65761495636117,100.0,1,-2.4,2479.5062866210938,21.716437134594315,100.0,1,-2.43,2489.9751586914062,21.385911412893883,100.0,1,-2.67,2487.821044921875,21.453921605731967,100.0,1,-2.72,2491.7823486328125,21.32885438176185,100.0,1,-2.78,2492.7308959960938,21.298906618553943,100.0,1,-3.05,2482.7802734375,21.613070043272312,100.0,1,-3.06,2485.9501953125,21.512988515058822,100.0,1,10
ZINC0000000428010,-0.7,2371.705322265625,25.11995484923293,100.0,1,-0.83,2413.3732299804688,23.804405745499857,100.0,1,-1.02,2452.491943359375,22.56934041231832,100.0,1,-1.05,2456.5665893554688,22.44069471873383,100.0,1,-1.08,2438.803039550781,23.0015297427672,100.0,1,-1.3,2407.2876586914062,23.99654085124643,100.0,1,-1.48,2407.763061523437,23.981531319837487,100.0,1,-1.72,2420.3634643554688,23.583708401398766,100.0,1,-1.78,2412.4058227539062,23.83494895680192,100.0,1,-2.01,2410.7706298828125,23.886575655476587,100.0,1,10
ZINC0000000428290,-1.78,2453.808349609375,22.52777852074969,100.0,1,-1.8,2455.732421875,22.467031253047097,100.0,1,-1.93,2482.3585205078125,21.62638572719012,100.0,1,-1.97,2466.1940307617188,22.136734846308485,100.0,1,-2.0,2457.3123168945312,22.417150431308684,100.0,1,-2.05,2473.369079589844,21.91020249628799,100.0,1,-2.05,2449.8370361328125,22.65316177542349,100.0,1,-2.07,2460.4462890625,22.31820391580541,100.0,1,-2.08,2460.6635131835938,22.31134566413197,100.0,1,-2.2,2454.953430175781,22.49162576445708,100.0,1,10
ZINC0000000428420,-0.85,2493.416717529297,21.277253697809744,100.0,1,-1.48,2502.976287841797,20.975436667716764,100.0,1,-1.74,2525.545959472656,20.262861621023227,100.0,1,-1.94,2540.474914550781,19.791521096629623,100.0,1,-2.1,2548.6964721679688,19.53194812194129,100.0,1,-2.18,2527.120391845703,20.213153267260303,100.0,1,-2.45,2528.9104919433594,20.15663580074434,100.0,1,-2.48,2551.365020751953,19.44769607065152,100.0,1,-2.49,2548.4624633789062,19.539336303148367,100.0,1,-2.58,2513.323181152344,20.648762088463467,100.0,1,10
ZINC0000000429070,-1.47,2536.53466796875,19.91592349991209,100.0,1,-1.61,2547.322540283203,19.57532622654792,100.0,1,-1.64,2535.729034423828,19.94135915401818,100.0,1,-1.68,2536.9242553710938,19.90362335368237,100.0,1,-1.69,2534.348693847656,19.984939595355826,100.0,1,-1.73,2534.879364013672,19.96818515051887,100.0,1,-1.92,2518.0895385742188,20.498277517043885,100.0,1,-1.94,2520.0925903320312,20.43503669000849,100.0,1,-2.0,2519.413146972656,20.45648823752991,100.0,1,-3.27,2517.6744995117188,20.51138122914824,100.0,1,10
ZINC0000000429290,-0.96,2535.3539428710938,19.95320163383249,100.0,1,-1.24,2513.941192626953,20.629250083035146,100.0,1,-1.63,2527.8356018066406,20.190572488078125,100.0,1,-2.17,2536.184539794922,19.92697782998365,100.0,1,-2.19,2537.6647033691406,19.880245753183257,100.0,1,-2.44,2533.588348388672,20.008945403229355,100.0,1,-2.5,2531.8387145996094,20.06418525781515,100.0,1,-2.51,2526.1686401367188,20.243202198833725,100.0,1,-2.78,2524.0519409179688,20.31003113056593,100.0,1,-5.33,3167.323760986328,0.0005000607780999,0.0,1,10
ZINC0000000429380,-1.38,2405.113647460937,24.06517925145892,100.0,1,-1.46,2423.808654785156,23.47493602883372,100.0,1,-1.47,2446.9074096679688,22.74565663973185,100.0,1,-1.5,2440.204345703125,22.957287371266627,100.0,1,-1.62,2437.051086425781,23.05684282397945,100.0,1,-1.68,2428.530212402344,23.32586588751481,100.0,1,-1.71,2441.6052856445312,22.913056561864977,100.0,1,-2.26,2436.5701293945312,23.072027713888616,100.0,1,-2.84,2421.1363525390625,23.55930659163738,100.0,1,-2.99,2422.9441528320312,23.50223029034049,100.0,1,10
ZINC0000000429600,-1.71,2445.1119995117188,22.802341756682104,100.0,1,-1.72,2455.9367065429688,22.46058152886868,100.0,1,-1.8,2453.719482421875,22.53058425675321,100.0,1,-1.9,2454.239318847656,22.514171857342507,100.0,1,-1.98,2462.015930175781,22.26864683283664,100.0,1,-1.99,2449.5113525390625,22.66344433539244,100.0,1,-2.04,2454.182678222656,22.515960128641453,100.0,1,-2.22,2454.6635131835938,22.500779092765264,100.0,1,-2.58,2471.2296142578125,21.977750205169443,100.0,1,-2.62,2470.6588134765625,21.995771663345906,100.0,1,10
ZINC0000000430020,-1.69,2428.714599609375,23.3200443707108,100.0,1,-1.84,2432.8798828125,23.18853705764469,100.0,1,-2.05,2426.3837890625,23.39363327627566,100.0,1,-2.05,2438.906982421875,22.99824803369165,100.0,1,-2.12,2456.7847290039062,22.4338075618131,100.0,1,-2.29,2438.3184814453125,23.016828326649023,100.0,1,-3.09,2445.0414428710938,22.804569387739843,100.0,1,-3.1,2432.3035888671875,23.20673194730489,100.0,1,-3.34,2451.12255859375,22.612574954196745,100.0,1,-4.53,2488.5914916992188,21.42959687663001,100.0,1,10
ZINC0000000430390,-0.55,2433.976928710937,23.15390086332651,100.0,1,-0.58,2460.547119140625,22.31502048457065,100.0,1,-0.63,2436.640686035156,23.06980008283088,100.0,1,-0.67,2438.18798828125,23.020948287895955,100.0,1,-0.75,2432.55029296875,23.19894294666874,100.0,1,-0.8,2458.3914794921875,22.38307885282088,100.0,1,-0.83,2435.6127319335938,23.102254894486983,100.0,1,-1.43,2421.5288696289062,23.546913948616336,100.0,1,-1.46,2419.959899902344,23.596449834403764,100.0,1,-1.48,2417.331359863281,23.679438726387016,100.0,1,10
ZINC0000000432020,-1.74,2472.7239685058594,21.93057009703607,100.0,1,-3.01,2478.75732421875,21.74008355389321,100.0,1,-3.04,2458.5816955566406,22.377073305942464,100.0,1,-3.33,2475.9337158203125,21.829231190565512,100.0,1,-3.34,2485.5396728515625,21.52594962794322,100.0,1,-3.44,2468.9646606445312,22.049259859945984,100.0,1,-3.53,2481.4733276367188,21.654333247285624,100.0,1,-3.55,2477.1704711914062,21.790184055511023,100.0,1,-3.84,2499.212280273437,21.09427481089609,100.0,1,-3.9,2499.3310546875,21.09052483681446,100.0,1,10
ZINC0000000432960,-0.23,2523.554412841797,20.325739205451026,100.0,1,-0.49,2535.6746520996094,19.943076125707147,100.0,1,-0.55,2536.9264526367188,19.90355398108888,100.0,1,-0.57,2511.927978515625,20.692811758315443,100.0,1,-0.71,2530.3033142089844,20.11266128453532,100.0,1,-0.74,2527.4197998046875,20.203700287888555,100.0,1,-0.76,2526.602752685547,20.22949629407752,100.0,1,-0.92,2529.064422607422,20.15177586516681,100.0,1,-1.31,2521.8805541992188,20.378586669069527,100.0,1,-1.58,2540.0208435058594,19.805857135776733,100.0,1,10
ZINC0000000434140,-1.66,2424.545959472656,23.45165766968363,100.0,1,-1.68,2423.0841064453125,23.497811641538245,100.0,1,-1.81,2413.0154418945312,23.815701916140405,100.0,1,-1.86,2418.982788085937,23.62729944132709,100.0,1,-1.89,2415.438537597656,23.73919936164881,100.0,1,-2.0,2424.31005859375,23.45910558840177,100.0,1,-2.07,2427.1260986328125,23.370196901773728,100.0,1,-2.07,2420.3588256835938,23.583854854651698,100.0,1,-2.21,2425.857360839844,23.410253793466843,100.0,1,-2.44,2423.622131347656,23.48082499121473,100.0,1,10
ZINC0000000434550,-0.45,2516.9947509765625,20.532842411752085,100.0,1,-0.53,2522.731475830078,20.35172116873088,100.0,1,-0.55,2521.909454345703,20.377674226763435,100.0,1,-0.56,2512.754211425781,20.66672573614535,100.0,1,-0.58,2516.802215576172,20.538921185256967,100.0,1,-0.66,2515.849639892578,20.568996131552943,100.0,1,-0.68,2517.8461303710938,20.50596245878979,100.0,1,-0.71,2531.451934814453,20.07639676128652,100.0,1,-0.71,2515.60986328125,20.576566415817936,100.0,1,-1.19,2517.434600830078,20.5189553674462,100.0,1,10
ZINC0000000435810,-0.88,2394.262634277344,24.4077700233778,100.0,1,-0.89,2407.0181274414062,24.00505055604832,100.0,1,-0.93,2401.2510986328125,24.1871285627548,100.0,1,-1.01,2388.261779785156,24.597230430241886,100.0,1,-1.06,2388.851806640625,24.57860196187236,100.0,1,-1.47,2401.61767578125,24.17555490174028,100.0,1,-1.81,2411.036193847656,23.878191206746287,100.0,1,-2.34,2406.1744995117188,24.0316857779169,100.0,1,-2.72,2399.81591796875,24.232440428405056,100.0,1,-3.09,2385.462829589844,24.685599552253866,100.0,1,10
ZINC0000000440180,-3.18,2458.46875,22.380639249949684,100.0,1,-3.23,2463.258850097656,22.22940506911707,100.0,1,-3.41,2466.58056640625,22.124531050903062,100.0,1,-3.52,2488.6720581054688,21.427053214868582,100.0,1,-3.61,2463.016845703125,22.2370456894838,100.0,1,-4.09,2468.083312988281,22.07708597800288,100.0,1,-4.23,2477.91015625,21.766830542717987,100.0,1,-4.54,2477.453430175781,21.78125040708224,100.0,1,-4.58,2470.2275390625,22.00938796183552,100.0,1,-4.72,2464.566467285156,22.188120667922416,100.0,1,10
ZINC0000000440300,-0.68,2492.055969238281,21.320215566855406,100.0,1,-0.86,2503.1139526367188,20.971090282032737,100.0,1,-1.07,2496.307006835937,21.186000795626565,100.0,1,-1.08,2502.964172363281,20.97581918048921,100.0,1,-1.18,2491.016906738281,21.35302109551196,100.0,1,-1.4,2521.9174194335938,20.37742275111202,100.0,1,-1.47,2502.1612854003906,21.00116811885345,100.0,1,-1.47,2511.692779541016,20.700237516344,100.0,1,-1.62,2532.9934997558594,20.02772610590128,100.0,1,-2.01,2534.9678955078125,19.965390013106024,100.0,1,10
ZINC0000000440320,-0.31,2459.757751464844,22.33994258878324,100.0,1,-0.43,2452.9581909179688,22.55461993338227,100.0,1,-0.46,2465.296173095703,22.165082222324823,100.0,1,-0.49,2457.1803588867188,22.421316640951275,100.0,1,-0.52,2462.4501953125,22.25493611053921,100.0,1,-0.64,2470.8033142089844,21.99120945181545,100.0,1,-0.98,2473.773895263672,21.89742155944503,100.0,1,-1.04,2492.339172363281,21.311274210360672,100.0,1,-1.55,2496.706115722656,21.17340003482504,100.0,1,-1.81,2491.7072143554688,21.33122653905604,100.0,1,10
ZINC0000000440690,-0.88,2558.589385986328,19.219606691310386,100.0,1,-1.13,2576.773498535156,18.64549356018069,100.0,1,-1.26,2581.639923095703,18.49184964523241,100.0,1,-1.33,2572.848846435547,18.769403610750995,100.0,1,-1.37,2582.4664916992188,18.465753024471645,100.0,1,-1.4,2591.402313232422,18.18362913935667,100.0,1,-1.47,2576.7603759765625,18.64590786872516,100.0,1,-1.5,2592.6012573242188,18.14577579101521,100.0,1,-1.88,2597.4117126464844,17.99389895018454,100.0,1,-3.04,2626.180206298828,17.08561321865478,100.0,1,10
ZINC0000000441010,-0.87,2471.6958618164062,21.9630297262334,100.0,1,-0.99,2476.973663330078,21.79639772016992,100.0,1,-1.11,2469.349090576172,22.037122546609325,100.0,1,-1.17,2476.470428466797,21.812285971096447,100.0,1,-1.21,2477.790100097656,21.77062098414582,100.0,1,-1.23,2479.033660888672,21.73135898675315,100.0,1,-1.37,2476.481719970703,21.81192947304655,100.0,1,-1.4,2487.874237060547,21.45224221086448,100.0,1,-1.49,2483.1580810546875,21.601141811224377,100.0,1,-1.93,2483.0661010742188,21.60404582506868,100.0,1,10
ZINC0000000441140,-1.42,2456.4341430664062,22.44487634450831,100.0,1,-1.72,2458.3531494140625,22.384289019174044,100.0,1,-1.8,2452.9614868164062,22.55451587449203,100.0,1,-2.0,2449.193603515625,22.67347638321821,100.0,1,-2.17,2464.69970703125,22.18391399093362,100.0,1,-2.18,2451.0942993164062,22.61346716282973,100.0,1,-2.2,2455.423767089844,22.476776175416465,100.0,1,-2.62,2469.2705078125,22.039603580334965,100.0,1,-2.65,2471.451477050781,21.97074550024308,100.0,1,-2.9,2462.4482421875,22.25499777506677,100.0,1,10
ZINC0000000441180,-1.22,2491.913543701172,21.324712259825336,100.0,1,-1.29,2508.5719604492188,20.79876875979454,100.0,1,-1.38,2531.284881591797,20.08167100540852,100.0,1,-1.43,2532.029754638672,20.058153696214177,100.0,1,-1.61,2541.0643005371094,19.7729128619332,100.0,1,-1.61,2557.885772705078,19.241821337360232,100.0,1,-1.7,2527.102905273437,20.213705357483526,100.0,1,-1.74,2527.1107788085938,20.21345677235684,100.0,1,-1.85,2546.9000854492188,19.58866407115532,100.0,1,-1.9,2551.5697631835938,19.441231893849448,100.0,1,10
ZINC0000000441500,-0.37,2437.327880859375,23.048103804215742,100.0,1,-0.56,2440.141387939453,22.959275088771868,100.0,1,-0.59,2431.8389892578125,23.22140039679582,100.0,1,-0.74,2462.948455810547,22.23920491145629,100.0,1,-0.75,2453.5570678710938,22.53571204762228,100.0,1,-0.75,2447.8947143554688,22.714485221055384,100.0,1,-0.83,2437.745483398437,23.03491915741898,100.0,1,-0.88,2446.6569213867188,22.75356511539013,100.0,1,-0.94,2440.669158935547,22.942612177217995,100.0,1,-0.97,2450.6814575195312,22.62650150234059,100.0,1,10
ZINC0000000444290,-0.48,2532.518524169922,20.04272214819481,100.0,1,-0.49,2537.757049560547,19.87733017724004,100.0,1,-0.5,2535.729278564453,19.94135144595224,100.0,1,-0.51,2544.320617675781,19.67010364188388,100.0,1,-0.51,2530.7908935546875,20.097267313337426,100.0,1,-0.52,2538.1889038085938,19.86369557209381,100.0,1,-0.52,2534.834014892578,19.969616923767923,100.0,1,-0.53,2536.8248901367188,19.906760536521475,100.0,1,-1.88,2596.2360229492188,18.03101810524485,100.0,1,-1.89,2580.8878479003906,18.515594342372093,100.0,1,10
ZINC0000000444940,-1.04,2453.628845214844,22.533445876234826,100.0,1,-1.23,2458.811889648437,22.369805563265764,100.0,1,-1.25,2454.9351196289062,22.492203869402854,100.0,1,-1.28,2450.647827148437,22.627563288424344,100.0,1,-1.29,2465.44482421875,22.16038897367333,100.0,1,-1.68,2468.990173339844,22.048454367054863,100.0,1,-1.93,2497.139892578125,21.159704728659506,100.0,1,-1.97,2477.148376464844,21.79088163547893,100.0,1,-2.3,2483.028564453125,21.60523094020753,100.0,1,-2.51,2506.3256225585938,20.86969067454287,100.0,1,10
ZINC0000000445290,-1.08,2456.851348876953,22.4317042233187,100.0,1,-1.12,2436.671264648437,23.068834647571425,100.0,1,-1.55,2454.82861328125,22.49556651317081,100.0,1,-1.67,2463.7531127929688,22.213800089613976,100.0,1,-1.69,2468.040771484375,22.078429108493573,100.0,1,-1.76,2477.9754028320312,21.76477056209452,100.0,1,-2.12,2477.0731201171875,21.79325764680609,100.0,1,-2.17,2457.9951171875,22.395592897880537,100.0,1,-3.36,2480.8666381835938,21.67348779115581,100.0,1,-4.04,2459.63671875,22.343763862474848,100.0,1,10
ZINC0000000445680,-1.0,2513.383331298828,20.64686301371658,100.0,1,-1.0,2512.134002685547,20.68630711416717,100.0,1,-1.03,2510.619598388672,20.73412024721617,100.0,1,-1.05,2507.9449462890625,20.818565000154543,100.0,1,-1.05,2508.12890625,20.81275697246594,100.0,1,-1.1,2510.1131896972656,20.75010870299997,100.0,1,-1.15,2511.5330810546875,20.70527955497944,100.0,1,-1.16,2516.046112060547,20.562793065484723,100.0,1,-1.98,2518.864532470703,20.47380922521373,100.0,1,-2.37,2535.404541015625,19.95160413716565,100.0,1,10
ZINC0000000446390,-0.7,2451.1658935546875,22.61120677249173,100.0,1,-0.89,2404.9061279296875,24.071731107511106,100.0,1,-1.07,2416.263732910156,23.713146098758976,100.0,1,-1.13,2423.0928955078125,23.497534151164267,100.0,1,-1.27,2413.138977050781,23.81180163477288,100.0,1,-1.3,2436.5328979492188,23.07320319394504,100.0,1,-1.33,2432.7869262695312,23.19147190375277,100.0,1,-1.4,2444.0263671875,22.836617598917417,100.0,1,-1.42,2429.5010986328125,23.29521283627305,100.0,1,-1.46,2443.1625366210938,22.86389066324285,100.0,1,10
ZINC0000000448510,-1.45,2482.1997680664062,21.63139789707004,100.0,1,-1.56,2478.080841064453,21.76144164111507,100.0,1,-1.63,2483.7427673339844,21.58268195679737,100.0,1,-1.69,2478.6460876464844,21.743595541438832,100.0,1,-1.7,2481.0802307128906,21.666744196963283,100.0,1,-1.77,2486.045928955078,21.509965989700635,100.0,1,-1.88,2478.229858398437,21.756736830364662,100.0,1,-2.32,2482.3439331054688,21.626846284130256,100.0,1,-2.32,2487.5753784179688,21.46167784708785,100.0,1,-2.76,2502.7030334472656,20.98406392052429,100.0,1,10
ZINC0000000448650,-0.8,2453.7093200683594,22.53090510499812,100.0,1,-0.86,2457.735717773437,22.40378271794576,100.0,1,-0.87,2456.1419372558594,22.45410193593472,100.0,1,-1.07,2446.444732666016,22.76026438820348,100.0,1,-1.07,2473.576232910156,21.90366220233473,100.0,1,-1.11,2476.518829345703,21.8107578470231,100.0,1,-1.22,2475.031616210937,21.85771249422762,100.0,1,-1.29,2485.7247009277344,21.52010787746611,100.0,1,-1.88,2489.438262939453,21.402862413412404,100.0,1,-4.22,3167.317321777344,0.000703361017366,0.0,1,10
ZINC0000000448820,-2.06,2418.919677734375,23.629291976373544,100.0,1,-2.09,2392.36669921875,24.467628936480374,100.0,1,-2.17,2395.466735839844,24.36975384214328,100.0,1,-2.17,2387.557678222656,24.619460492423624,100.0,1,-2.31,2392.329467773437,24.468804416536795,100.0,1,-2.32,2408.1050415039062,23.9707342464668,100.0,1,-2.58,2397.922607421875,24.29221647979874,100.0,1,-3.44,2464.840209960937,22.179477998983,100.0,1,-3.48,2481.174560546875,21.66376599298427,100.0,1,-3.63,2472.8727416992188,21.925872994351607,100.0,1,10
ZINC0000000448970,-0.54,2453.2667236328125,22.54487886504587,100.0,1,-0.61,2451.51904296875,22.60005705510412,100.0,1,-0.62,2455.9301147460938,22.46078964664916,100.0,1,-0.63,2453.080383300781,22.55076204637743,100.0,1,-0.64,2446.907958984375,22.745639296583484,100.0,1,-0.65,2455.5860595703125,22.471652238580365,100.0,1,-0.65,2452.882293701172,22.55701617838253,100.0,1,-0.75,2468.873077392578,22.052151348183127,100.0,1,-0.76,2454.468688964844,22.506930129388365,100.0,1,-0.8,2463.073272705078,22.23526416274256,100.0,1,10
ZINC0000000449340,-0.63,2418.1094970703125,23.65487119320784,100.0,1,-0.73,2444.4317626953125,22.82381835541784,100.0,1,-0.74,2437.4521484375,23.04418039865038,100.0,1,-0.95,2459.451110839844,22.34962391960857,100.0,1,-0.96,2411.769470214844,23.85504003068427,100.0,1,-0.96,2428.090881347656,23.33973655218056,100.0,1,-1.28,2418.618225097656,23.63880951079757,100.0,1,-1.4,2416.746154785156,23.69791496045416,100.0,1,-1.54,2417.5934448242188,23.67116411759641,100.0,1,-2.5,2479.743896484375,21.708935259414574,100.0,1,10
ZINC0000000450380,-2.52,2498.9185180664062,21.10354954124289,100.0,1,-2.91,2496.5302734375,21.17895176932102,100.0,1,-2.93,2486.81396484375,21.48571737774988,100.0,1,-2.93,2491.224914550781,21.34645382332789,100.0,1,-2.95,2494.218078613281,21.25195293485767,100.0,1,-3.1,2496.458740234375,21.18121023264253,100.0,1,-3.14,2496.3175659179688,21.1856674217745,100.0,1,-4.26,2465.6657104492188,22.153415101010733,100.0,1,-4.42,2459.1970825195312,22.357644162223032,100.0,1,-4.43,2457.356506347656,22.415755271372863,100.0,1,10
ZINC0000000450830,-1.03,2465.404815673828,22.16165213297986,100.0,1,-1.51,2455.4251403808594,22.47673281754553,100.0,1,-1.68,2447.0173950195312,22.7421841560242,100.0,1,-1.88,2437.432403564453,23.044803788483577,100.0,1,-1.93,2462.409942626953,22.25620697791169,100.0,1,-2.15,2479.0022888183594,21.73234947322692,100.0,1,-2.15,2476.2271728515625,21.81996609530114,100.0,1,-2.19,2474.156005859375,21.88535747273484,100.0,1,-2.27,2481.269073486328,21.6607820079558,100.0,1,-3.53,2538.168884277344,19.8643276335012,100.0,1,10
ZINC0000000451780,-1.67,2462.290313720703,22.25998393022412,100.0,1,-2.85,2476.2969970703125,21.81776158844124,100.0,1,-2.98,2468.6600646972656,22.05887663571904,100.0,1,-2.98,2465.0496520996094,22.17286544191151,100.0,1,-2.98,2464.9010009765625,22.177558690563007,100.0,1,-3.12,2467.353271484375,22.100135022191136,100.0,1,-3.15,2472.953399658203,21.923326442065445,100.0,1,-3.17,2465.749389648437,22.15077316140852,100.0,1,-3.18,2469.5577392578125,22.03053504075216,100.0,1,-3.38,2475.8588256835938,21.83159563979376,100.0,1,10
ZINC0000000451790,-2.79,2447.807556152344,22.717237000597297,100.0,1,-3.0,2464.9547119140625,22.175862916055387,100.0,1,-3.25,2465.2101440429688,22.167798352061748,100.0,1,-3.98,2508.8316650390625,20.79056930464689,100.0,1,-4.08,2495.6016845703125,21.208269398138025,100.0,1,-4.09,2496.412475585937,21.182670911138874,100.0,1,-4.35,2502.551696777344,20.988841957901165,100.0,1,-4.44,2501.0040283203125,21.037705314935,100.0,1,-4.75,2501.819641113281,21.01195459363346,100.0,1,-5.05,2506.047790527344,20.87846245358684,100.0,1,10
ZINC0000000451860,-1.1,2542.1524353027344,19.73855801202196,100.0,1,-1.11,2535.952453613281,19.934305310171418,100.0,1,-1.14,2542.712646484375,19.720870891205813,100.0,1,-1.15,2533.270965576172,20.018965888956213,100.0,1,-1.2,2533.195587158203,20.021345754316343,100.0,1,-1.36,2569.207000732422,18.884384830433724,100.0,1,-1.37,2574.434814453125,18.719331050872235,100.0,1,-1.41,2573.4279174804688,18.75112104184069,100.0,1,-1.47,2563.6435546875,19.060035273651373,100.0,1,-2.22,2551.5545349121094,19.44171268446269,100.0,1,10
ZINC0000000452540,-0.98,2410.903381347656,23.88238439461968,100.0,1,-0.98,2420.4849243164062,23.57987363859176,100.0,1,-1.11,2443.9623413085938,22.838639039211163,100.0,1,-1.14,2431.2632446289062,23.23957794330764,100.0,1,-1.15,2431.469055175781,23.233080043717067,100.0,1,-1.3,2425.3389892578125,23.42661994448188,100.0,1,-1.4,2437.2700805664062,23.04992868882792,100.0,1,-1.45,2418.782165527344,23.63363354451636,100.0,1,-1.62,2421.849975585937,23.53677591488384,100.0,1,-2.27,2423.9673461914062,23.46992578597029,100.0,1,10
ZINC0000000453910,-1.69,2491.0066833496094,21.35334387077335,100.0,1,-1.75,2483.209289550781,21.59952504439268,100.0,1,-1.78,2476.4537963867188,21.812811083088864,100.0,1,-1.92,2502.6880798339844,20.984536039563345,100.0,1,-1.95,2504.7466430664062,20.919542591033995,100.0,1,-2.05,2491.644470214844,21.33320751200358,100.0,1,-2.57,2517.9747619628906,20.501901271545684,100.0,1,-2.76,2478.834259033203,21.7376545496127,100.0,1,-2.94,2469.1821899414062,22.04239197319012,100.0,1,-3.16,2494.997283935547,21.22735167888999,100.0,1,10
ZINC0000000454100,-1.33,2480.800262451172,21.675583421584264,100.0,1,-1.5,2484.737548828125,21.551274478601368,100.0,1,-1.74,2498.002227783203,21.132478876237982,100.0,1,-1.81,2485.416473388672,21.52983931072008,100.0,1,-1.82,2495.119873046875,21.22348126627799,100.0,1,-1.86,2491.917755126953,21.324579295687805,100.0,1,-1.97,2503.369873046875,20.96301030190721,100.0,1,-2.01,2555.801025390625,19.30764147596205,100.0,1,-2.63,2542.5575256347656,19.72576840360481,100.0,1,-2.65,2532.4736328125,20.04413946882022,100.0,1,10
ZINC0000000454170,-1.03,2532.7194213867188,20.03637937343136,100.0,1,-1.09,2533.894805908203,19.99926985345348,100.0,1,-1.17,2539.552001953125,19.82065951291344,100.0,1,-1.18,2538.0240478515625,19.86890044362232,100.0,1,-1.2,2542.050842285156,19.7417655309628,100.0,1,-1.23,2552.3600158691406,19.41628184789781,100.0,1,-1.26,2531.8154296875,20.064920414604533,100.0,1,-1.29,2542.850982666016,19.71650330834044,100.0,1,-1.91,2568.6958618164062,18.900522629995184,100.0,1,-2.18,2522.012451171875,20.374422386443424,100.0,1,10
ZINC0000000455240,-0.65,2423.9951171875,23.469048993469187,100.0,1,-0.71,2433.234313964844,23.177346872910874,100.0,1,-1.31,2437.638916015625,23.03828372820342,100.0,1,-1.41,2430.8599243164062,23.25231166824669,100.0,1,-1.41,2427.932006835937,23.34475257609345,100.0,1,-1.57,2427.1199951171875,23.37038960342232,100.0,1,-1.59,2428.367492675781,23.331003313466304,100.0,1,-1.82,2412.728454589844,23.824762747657267,100.0,1,-1.93,2405.838806152344,24.04228436858953,100.0,1,-2.18,2410.678039550781,23.889498939485748,100.0,1,10
ZINC0000000458150,-0.46,2480.885162353516,21.67290294165233,100.0,1,-0.5,2474.5418701171875,21.87317487451076,100.0,1,-0.59,2490.0504455566406,21.383534438058483,100.0,1,-0.61,2482.755920410156,21.6138389228502,100.0,1,-0.63,2486.47412109375,21.496447005543565,100.0,1,-0.64,2478.6890869140625,21.74223795832449,100.0,1,-0.72,2487.262084960937,21.47156922271015,100.0,1,-0.78,2488.1038513183594,21.444992774844387,100.0,1,-0.81,2480.152740478516,21.696027139483544,100.0,1,-0.95,2495.9523010253906,21.19719965193457,100.0,1,10
ZINC0000000458190,-0.8,2500.483459472656,21.05414083854353,100.0,1,-1.01,2497.608612060547,21.14490620555577,100.0,1,-1.12,2499.2172241210938,21.094118722560733,100.0,1,-1.68,2532.5520935058594,20.041662289127547,100.0,1,-1.76,2525.1944274902344,20.273960272473964,100.0,1,-1.87,2525.271881103516,20.27151488855332,100.0,1,-1.87,2530.8238830566406,20.09622576092678,100.0,1,-1.92,2524.3402709960938,20.30092790468637,100.0,1,-2.23,2511.5372619628906,20.70514755435015,100.0,1,-2.77,2560.830444335937,19.14885146348809,100.0,1,10
ZINC0000000460880,-0.72,2484.1114196777344,21.571042777222328,100.0,1,-0.79,2477.8919372558594,21.76740575713904,100.0,1,-0.82,2485.8960876464844,21.514696815173608,100.0,1,-0.82,2485.726501464844,21.52005103047977,100.0,1,-0.87,2488.4546508789062,21.43391724759148,100.0,1,-0.94,2481.846618652344,21.642547614457648,100.0,1,-0.94,2486.1131286621094,21.507844344549625,100.0,1,-1.0,2474.6316528320312,21.87034023325995,100.0,1,-1.19,2494.624755859375,21.23911322401189,100.0,1,-2.69,2533.850341796875,20.000673684963484,100.0,1,10
ZINC0000000461030,-0.9,2429.9334106445312,23.281563778503177,100.0,1,-1.11,2410.979553222656,23.879979478045232,100.0,1,-1.25,2409.0968017578125,23.939422155586847,100.0,1,-1.45,2438.9715576171875,22.99620925024953,100.0,1,-1.57,2441.4383544921875,22.918326951954008,100.0,1,-1.85,2428.491271972656,23.327095324032832,100.0,1,-1.96,2449.2838745117188,22.67062632583552,100.0,1,-2.13,2440.424865722656,22.950325060702948,100.0,1,-2.18,2459.431030273437,22.350257908032447,100.0,1,-2.93,2473.012023925781,21.921475542730704,100.0,1,10
ZINC0000000461050,-0.8,2428.173583984375,23.337125444842123,100.0,1,-0.89,2438.4515991210938,23.012625503693204,100.0,1,-1.39,2439.663391113281,22.974366518381466,100.0,1,-1.83,2477.1079711914062,21.792157320392626,100.0,1,-1.96,2468.7628784179688,22.055630576448483,100.0,1,-2.17,2428.436767578125,23.32881614975477,100.0,1,-2.2,2493.218139648437,21.28352324594673,100.0,1,-2.4,2491.1192626953125,21.34978948886504,100.0,1,-2.41,2500.4468383789062,21.055297048435097,100.0,1,-2.49,2493.682556152344,21.26886057750525,100.0,1,10
ZINC0000000462260,-0.5,2432.430969238281,23.20271026389874,100.0,1,-0.59,2448.005920410156,22.71097419701801,100.0,1,-0.84,2391.8185424804688,24.48493547154055,100.0,1,-0.87,2400.6478881835938,24.206173266685287,100.0,1,-0.87,2392.80810546875,24.453692753254096,100.0,1,-0.89,2407.9303588867188,23.97624936764954,100.0,1,-0.97,2403.4219970703125,24.11858844038308,100.0,1,-1.04,2404.774353027344,24.07589153610424,100.0,1,-1.05,2419.1959838867188,23.62056837274172,100.0,1,-1.47,2394.6265258789062,24.39628115108865,100.0,1,10
ZINC0000000462350,-0.53,2488.8654174804688,21.420948426641143,100.0,1,-0.55,2465.3048706054688,22.16480762247558,100.0,1,-0.57,2474.5115356445312,21.874132601704268,100.0,1,-0.59,2476.6622314453125,21.8062303217894,100.0,1,-1.73,2454.834045410156,22.49539500870356,100.0,1,-2.0,2437.302490234375,23.04890544307389,100.0,1,-2.35,2426.201477050781,23.399389274519145,100.0,1,-2.36,2420.492492675781,23.5796346885475,100.0,1,-2.44,2437.5816650390625,23.040091269667226,100.0,1,-2.88,2422.61962890625,23.512476236996203,100.0,1,10
ZINC0000000462570,-0.13,2464.240447998047,22.19841382648203,100.0,1,-0.31,2479.443878173828,21.718407508951184,100.0,1,-0.34,2484.126953125,21.570552351526658,100.0,1,-0.35,2475.116180419922,21.85504261288636,100.0,1,-0.43,2522.53857421875,20.35781150433467,100.0,1,-0.7,2510.9959716796875,20.72223730005566,100.0,1,-0.93,2525.9044799804688,20.251542326184847,100.0,1,-1.46,2466.8931884765625,22.11466087246211,100.0,1,-1.76,2488.8480834960938,21.42149569932315,100.0,1,-1.93,2498.3023071289062,21.123004699684884,100.0,1,10
ZINC0000000463210,-0.63,2446.9044189453125,22.745751063539668,100.0,1,-0.63,2448.9539184570312,22.68104377695848,100.0,1,-0.69,2438.855224609375,22.99988214367172,100.0,1,-0.7,2448.1812744140625,22.70543787865392,100.0,1,-0.72,2450.87646484375,22.62034468466803,100.0,1,-0.81,2450.0242309570312,22.647251615861133,100.0,1,-0.94,2452.509155273437,22.568796993669288,100.0,1,-1.22,2464.1051025390625,22.20268698553959,100.0,1,-1.34,2469.6109619140625,22.028854682376423,100.0,1,-1.76,2469.6272888183594,22.02833920546644,100.0,1,10
ZINC0000000464860,-0.57,2462.047576904297,22.267647674788684,100.0,1,-0.76,2437.2446899414062,23.050730327686068,100.0,1,-0.86,2448.185516357422,22.705303951008148,100.0,1,-0.87,2455.7765502929688,22.465638020127766,100.0,1,-0.89,2442.9027709960938,22.872092045406983,100.0,1,-0.95,2454.01416015625,22.52128062115912,100.0,1,-1.11,2457.9375,22.39741200144326,100.0,1,-1.12,2465.995361328125,22.143007284970203,100.0,1,-1.35,2427.4815673828125,23.358973957759645,100.0,1,-5.41,3167.318115234375,0.0006783098030488,0.0,1,10
ZINC0000000466650,-1.16,2471.887451171875,21.956980821484045,100.0,1,-1.44,2463.532531738281,22.220764327194143,100.0,1,-1.69,2479.7520751953125,21.70867703920545,100.0,1,-1.8,2491.1326599121094,21.34936650874638,100.0,1,-2.26,2469.9236450195312,22.018982576918983,100.0,1,-2.39,2479.279602050781,21.72359407382308,100.0,1,-2.46,2479.680877685547,21.710924903936306,100.0,1,-2.81,2506.472625732422,20.8650494553365,100.0,1,-2.81,2503.4371948242188,20.96088480272323,100.0,1,-4.07,2518.373779296875,20.489303401268884,100.0,1,10
ZINC0000000468480,-1.25,2564.315399169922,19.03882363968245,100.0,1,-1.3,2565.3775024414062,19.005290662302464,100.0,1,-1.45,2553.658905029297,19.37527301006065,100.0,1,-1.49,2575.1231994628906,18.697597195435623,100.0,1,-1.56,2577.023681640625,18.63759471960484,100.0,1,-1.72,2555.394927978516,19.32046288015121,100.0,1,-1.78,2576.3982543945312,18.65734085753621,100.0,1,-1.8,2588.762939453125,18.26696007676617,100.0,1,-1.87,2563.2735290527344,19.07171781109735,100.0,1,-2.8,2586.5108337402344,18.33806409457242,100.0,1,10
ZINC0000000468530,-1.98,2484.6769409179688,21.5531880059719,100.0,1,-2.03,2484.5255432128906,21.55796797036526,100.0,1,-2.36,2494.222625732422,21.25180937212947,100.0,1,-2.5,2458.1619873046875,22.390324434808,100.0,1,-2.6,2517.746337890625,20.509113130744293,100.0,1,-2.66,2500.3865966796875,21.057199013706715,100.0,1,-2.67,2522.837615966797,20.348370087061834,100.0,1,-3.15,2488.51953125,21.43186882906693,100.0,1,-3.3,2510.6613159179688,20.73280313144804,100.0,1,-3.38,2494.521423339844,21.242375662922576,100.0,1,10
ZINC0000000469880,-0.24,2385.8543090820312,24.673239668513084,100.0,1,-0.38,2392.6149291992188,24.45979176043208,100.0,1,-0.42,2383.8727416992188,24.735802185745428,100.0,1,-0.46,2378.4868774414062,24.905845974497247,100.0,1,-0.46,2383.8468017578125,24.73662116775195,100.0,1,-0.48,2383.799194335937,24.73812424061098,100.0,1,-0.49,2393.412048339844,24.43462492512577,100.0,1,-0.51,2383.963195800781,24.73294634731328,100.0,1,-0.66,2411.750244140625,23.855647040877336,100.0,1,-0.68,2430.281188964844,23.27058363856632,100.0,1,10
ZINC0000000473970,-0.28,2476.205841064453,21.82063958756297,100.0,1,-0.3,2477.091094970703,21.792690140450983,100.0,1,-0.31,2476.1238708496094,21.823227570703587,100.0,1,-0.36,2481.879943847656,21.64149546345633,100.0,1,-0.39,2481.892974853516,21.641084045436585,100.0,1,-0.46,2485.393493652344,21.530564832427032,100.0,1,-0.48,2485.36376953125,21.53150328945568,100.0,1,-0.49,2482.345001220703,21.62681256134175,100.0,1,-0.65,2486.47119140625,21.496539502334887,100.0,1,-0.84,2499.4024963378906,21.08826926401768,100.0,1,10
ZINC0000000474670,-0.8,2582.1687622070312,18.47515301089004,100.0,1,-0.82,2570.92236328125,18.830226995604782,100.0,1,-1.01,2581.066772460937,18.509945293543577,100.0,1,-2.06,2596.238037109375,18.030954513700816,100.0,1,-2.11,2597.626190185547,17.987127414252967,100.0,1,-2.12,2598.2073669433594,17.968778363273902,100.0,1,-2.16,2598.691162109375,17.953503867098146,100.0,1,-2.19,2598.9921875,17.943999821789518,100.0,1,-2.19,2598.737701416016,17.952034517027617,100.0,1,-2.21,2594.5372924804688,18.08465082808138,100.0,1,10
ZINC0000000476480,-0.62,2437.2554931640625,23.05038924576806,100.0,1,-1.0,2359.0280151367188,25.52020580844393,100.0,1,-1.23,2373.4215698242188,25.06576907266494,100.0,1,-1.57,2356.3408203125,25.60504656327016,100.0,1,-1.59,2360.6265869140625,25.46973531966082,100.0,1,-1.62,2371.3289794921875,25.1318368328852,100.0,1,-1.9,2397.9937133789062,24.289971505592625,100.0,1,-1.98,2380.388671875,24.845802067812016,100.0,1,-2.08,2389.5274658203125,24.557269889373067,100.0,1,-3.17,2440.775329589844,22.93926013204071,100.0,1,10
ZINC0000000478300,-0.76,2606.3771057128906,17.71084142558213,100.0,1,-0.94,2555.872436523437,19.30538686667351,100.0,1,-0.98,2549.6173400878906,19.50287426070976,100.0,1,-1.42,2592.350128173828,18.153704500346592,100.0,1,-1.68,2567.3448791503906,18.9431761764031,100.0,1,-1.68,2554.8033752441406,19.33913952393289,100.0,1,-2.08,2573.451202392578,18.75038588505131,100.0,1,-2.28,2568.132141113281,18.918320554259275,100.0,1,-2.36,2567.078521728516,18.951585676347715,100.0,1,-2.39,2537.839080810547,19.874740267082945,100.0,1,10
ZINC0000000480240,-1.2,2384.0125732421875,24.73138739097615,100.0,1,-1.26,2404.8562622070312,24.07330547998011,100.0,1,-1.4,2409.5662231445312,23.92460147179353,100.0,1,-1.47,2373.730712890625,25.056008734163683,100.0,1,-1.63,2390.9814453125,24.51136450264514,100.0,1,-1.65,2407.9599609375,23.975314764653863,100.0,1,-1.93,2407.4669799804688,23.99087927681075,100.0,1,-1.95,2398.783142089844,24.265047474363552,100.0,1,-2.17,2394.5902709960938,24.397425798881297,100.0,1,-2.22,2400.219970703125,24.21968357926817,100.0,1,10
ZINC0000000480560,-1.27,2541.1044006347656,19.77164681210194,100.0,1,-1.71,2511.509246826172,20.706032054917195,100.0,1,-1.75,2552.660400390625,19.406798036262288,100.0,1,-1.83,2546.6744079589844,19.59578921461205,100.0,1,-1.84,2527.716766357422,20.19432438917624,100.0,1,-1.91,2514.6431579589844,20.60708746643041,100.0,1,-1.98,2506.6375122070312,20.85984362029975,100.0,1,-2.08,2518.341857910156,20.49031123089103,100.0,1,-2.37,2522.917510986328,20.345847622481745,100.0,1,-2.39,2536.843963623047,19.906158343869617,100.0,1,10
ZINC0000000480570,-1.3,2565.446533203125,19.003111206656868,100.0,1,-1.31,2606.392333984375,17.71036063496889,100.0,1,-1.48,2572.7430725097656,18.77274313032112,100.0,1,-1.67,2599.709930419922,17.92133907142317,100.0,1,-1.69,2596.0988159179688,18.03535003830524,100.0,1,-1.72,2600.117462158203,17.908472382346584,100.0,1,-2.0,2586.6798400878906,18.332728185922868,100.0,1,-2.24,2561.624298095703,19.123787723563783,100.0,1,-2.61,2588.717498779297,18.268394740539943,100.0,1,-2.68,2596.9035034179688,18.009944252954675,100.0,1,10
ZINC0000000481400,-0.36,2509.212921142578,20.778532196167504,100.0,1,-0.45,2499.5818786621094,21.08260576256552,100.0,1,-1.02,2485.690368652344,21.521191824239448,100.0,1,-1.04,2481.542022705078,21.652164390230705,100.0,1,-1.75,2502.584045410156,20.98782063916362,100.0,1,-2.3,2511.8102111816406,20.69652993662505,100.0,1,-2.34,2530.2321166992188,20.11490914926616,100.0,1,-3.88,2548.257751464844,19.54579951644219,100.0,1,-3.98,2546.134185791016,19.61284523752906,100.0,1,-4.45,2557.9506225585938,19.23977388234393,100.0,1,10
ZINC0000000484800,-1.86,2462.0593872070312,22.26727479709865,100.0,1,-2.07,2469.9470825195312,22.018242602588384,100.0,1,-2.08,2486.623413085937,21.49173352321897,100.0,1,-2.08,2461.92041015625,22.27166261363713,100.0,1,-2.09,2463.828369140625,22.21142407828681,100.0,1,-2.24,2465.5205078125,22.15799947323077,100.0,1,-2.25,2465.558959960937,22.15678545284464,100.0,1,-2.41,2464.59130859375,22.18733637221264,100.0,1,-2.63,2469.036376953125,22.04699561557501,100.0,1,-2.66,2468.689819335937,22.057937215182147,100.0,1,10
ZINC0000000485390,-0.62,2437.4904174804688,23.0429721593137,100.0,1,-0.66,2458.2850341796875,22.386439569572342,100.0,1,-0.74,2455.1046142578125,22.486852544621417,100.0,1,-1.01,2447.9741821289062,22.71197624559069,100.0,1,-1.1,2454.1290588378906,22.517653012624347,100.0,1,-1.11,2455.985107421875,22.459053404795327,100.0,1,-1.39,2449.1753540039062,22.67405256114751,100.0,1,-1.64,2446.3130493164062,22.764421926271886,100.0,1,-1.72,2441.829467773437,22.905978630312138,100.0,1,-1.8,2477.163391113281,21.7904075894234,100.0,1,10
ZINC0000000485670,-0.63,2516.3356323242188,20.553652262783693,100.0,1,-0.65,2496.447296142578,21.181571548233645,100.0,1,-0.7,2507.0704956054688,20.846173365348527,100.0,1,-0.71,2495.529571533203,21.21054616811616,100.0,1,-0.74,2493.435272216797,21.27666788479802,100.0,1,-0.79,2493.915435791016,21.26150804610317,100.0,1,-0.79,2530.920654296875,20.09317047628833,100.0,1,-0.91,2503.4463806152344,20.960594786742096,100.0,1,-1.2,2528.312286376953,20.17552248932298,100.0,1,-2.53,2584.876434326172,18.38966574203277,100.0,1,10
ZINC0000000489560,-0.82,2440.3822631835938,22.951670118210128,100.0,1,-0.99,2457.124328613281,22.42308564208536,100.0,1,-1.16,2465.8846435546875,22.146502892875688,100.0,1,-1.42,2465.2554626464844,22.166367542320945,100.0,1,-1.65,2482.0682678222656,21.63554965408898,100.0,1,-1.72,2469.6021118164062,22.029134099766885,100.0,1,-1.75,2474.5513305664062,21.87287618695544,100.0,1,-1.78,2474.890930175781,21.8621542672277,100.0,1,-1.79,2451.5447998046875,22.59924385414705,100.0,1,-1.83,2475.8739318847656,21.831118703213484,100.0,1,10
ZINC0000000489590,-1.42,2423.818298339844,23.47463156022894,100.0,1,-1.42,2448.30908203125,22.701402706132377,100.0,1,-1.88,2423.1531372070312,23.49563218589265,100.0,1,-2.23,2447.5402221679688,22.72567733280569,100.0,1,-2.28,2434.389587402344,23.140872304865105,100.0,1,-2.4,2428.778381347656,23.318030638483,100.0,1,-2.43,2435.351806640625,23.110492889964352,100.0,1,-2.65,2443.6490478515625,22.848530414833466,100.0,1,-2.66,2450.5905151367188,22.62937275690464,100.0,1,-3.62,2511.248046875,20.71427872196875,100.0,1,10
ZINC0000000490070,-1.51,2400.811462402344,24.201008862502977,100.0,1,-1.59,2394.899353027344,24.38766738739653,100.0,1,-1.62,2419.618530273437,23.6072276376096,100.0,1,-1.76,2395.877685546875,24.356779240143485,100.0,1,-1.79,2412.306945800781,23.83807072350913,100.0,1,-2.01,2422.9879150390625,23.50084861952008,100.0,1,-2.14,2429.4521484375,23.29675830349477,100.0,1,-2.43,2426.8871459960938,23.37774117131616,100.0,1,-2.81,2418.0147705078125,23.65786192279401,100.0,1,-4.27,2456.019470214844,22.457968494513743,100.0,1,10
ZINC0000000490420,-0.67,2517.295684814453,20.523341256968187,100.0,1,-0.72,2539.34228515625,19.827280741559107,100.0,1,-0.77,2519.0946044921875,20.466545336570004,100.0,1,-1.18,2550.543701171875,19.47362696799449,100.0,1,-1.19,2563.238677978516,19.07281813751081,100.0,1,-1.36,2549.3029174804688,19.51280128613705,100.0,1,-1.55,2566.8946838378906,18.957389850003352,100.0,1,-1.66,2536.2106323242188,19.92615403043592,100.0,1,-1.68,2561.139678955078,19.1390882344621,100.0,1,-2.0,2582.1600341796875,18.47542857424752,100.0,1,10
ZINC0000000491190,-1.35,2454.7176513671875,22.49906982914224,100.0,1,-1.56,2451.060302734375,22.6145405110124,100.0,1,-1.63,2448.649353027344,22.69065958922329,100.0,1,-1.65,2445.6922607421875,22.78402161095033,100.0,1,-1.83,2463.0317993164062,22.236573570444747,100.0,1,-1.92,2444.6078491210938,22.81825891285592,100.0,1,-2.19,2474.353576660156,21.879119720369864,100.0,1,-2.3,2488.11474609375,21.444648802401648,100.0,1,-2.51,2480.4931640625,21.685279205033243,100.0,1,-3.08,2452.0753784179688,22.582492299834826,100.0,1,10
ZINC0000000491530,-0.76,2541.514617919922,19.758695334299976,100.0,1,-0.94,2539.3569946289062,19.826816330586,100.0,1,-1.01,2535.9757385253906,19.933570153382032,100.0,1,-1.43,2573.0809326171875,18.76207613056323,100.0,1,-1.49,2571.5517578125,18.810355601601827,100.0,1,-1.61,2570.8106994628906,18.8337524722658,100.0,1,-1.63,2544.673553466797,19.65896066905396,100.0,1,-1.93,2566.193664550781,18.97952259785255,100.0,1,-2.09,2562.1259765625,19.10794861155764,100.0,1,-2.26,2577.0486755371094,18.63680560635385,100.0,1,10
ZINC0000000492640,-1.07,2518.305389404297,20.49146262324138,100.0,1,-1.18,2533.939727783203,19.99785156931983,100.0,1,-1.34,2549.6256408691406,19.50261218646768,100.0,1,-1.52,2538.512420654297,19.85348142121012,100.0,1,-1.55,2545.797180175781,19.623485259056142,100.0,1,-1.68,2538.4965209960938,19.8539834090047,100.0,1,-1.75,2562.4588928222656,19.09743770013512,100.0,1,-1.82,2548.889129638672,19.525865494403444,100.0,1,-2.44,2556.777587890625,19.2768092121871,100.0,1,-2.49,2557.8043212890625,19.24439294086071,100.0,1,10
ZINC0000000492690,-0.65,2552.0064697265625,19.42744409089259,100.0,1,-0.7,2559.358795166016,19.195314721488693,100.0,1,-0.93,2567.059936523437,18.95217245286768,100.0,1,-1.02,2567.008026123047,18.95381138038897,100.0,1,-1.02,2566.1146850585938,18.982016157185345,100.0,1,-1.09,2564.030975341797,19.0478035365069,100.0,1,-1.1,2565.2666931152344,19.008789160732675,100.0,1,-1.14,2571.4071044921875,18.814922630673493,100.0,1,-1.43,2554.064514160156,19.36246702200337,100.0,1,-1.53,2552.23486328125,19.420233195202226,100.0,1,10
ZINC0000000493600,-1.49,2451.5172729492188,22.600112938582207,100.0,1,-1.64,2449.9860229492188,22.64845792818133,100.0,1,-1.67,2457.7140197753906,22.404467772306507,100.0,1,-1.67,2438.647766113281,23.00643207270741,100.0,1,-1.75,2456.822631835937,22.432610884575336,100.0,1,-1.78,2454.188842773437,22.51576549997637,100.0,1,-2.43,2456.2083435058594,22.45200534199802,100.0,1,-3.52,2508.5880126953125,20.79826195445874,100.0,1,-3.67,2489.5787353515625,21.398427384970027,100.0,1,-4.26,2508.3795166015625,20.804844642774693,100.0,1,10
ZINC0000000494340,-3.11,2474.61669921875,21.870812352299005,100.0,1,-3.24,2485.596740722656,21.52414786752887,100.0,1,-3.49,2455.896545410156,22.46184950571641,100.0,1,-3.53,2483.12255859375,21.60226333481919,100.0,1,-5.31,2497.365600585937,21.15257862169452,100.0,1,-5.32,2492.3485107421875,21.31097937683833,100.0,1,-5.54,2481.159545898437,21.66424003903981,100.0,1,-5.81,2498.797241210937,21.107378523000445,100.0,1,-5.97,2487.1436767578125,21.475307634692864,100.0,1,-6.01,2477.6564331054688,21.77484115025001,100.0,1,10
ZINC0000000494380,-0.57,2469.464141845703,22.03349012053334,100.0,1,-1.0,2477.016967773437,21.79503050197315,100.0,1,-1.52,2512.1092834472656,20.687087555843974,100.0,1,-1.56,2470.0397033691406,22.015318355070978,100.0,1,-1.73,2475.4183044433594,21.845503881280983,100.0,1,-2.37,2485.46142578125,21.528420063078187,100.0,1,-3.41,2502.600891113281,20.9872887826135,100.0,1,-3.5,2501.6387634277344,21.017665306989528,100.0,1,-4.24,2536.98095703125,19.901833155366937,100.0,1,-4.37,2533.325927734375,20.017230610610632,100.0,1,10
ZINC0000000494740,-2.69,2500.3307189941406,21.058963197299587,100.0,1,-2.79,2502.918487548828,20.97726155232894,100.0,1,-3.07,2504.7853393554688,20.91832086258191,100.0,1,-3.33,2509.8306274414062,20.759029825821603,100.0,1,-3.47,2520.289581298828,20.42881724430013,100.0,1,-3.5,2498.4692993164062,21.117732382579373,100.0,1,-3.52,2515.36474609375,20.58430531402545,100.0,1,-4.17,2532.169189453125,20.053751427052056,100.0,1,-4.29,2520.5870971679688,20.41942400243945,100.0,1,-4.45,2485.774353027344,21.518540249554803,100.0,1,10
ZINC0000000495780,-1.2,2581.8875732421875,18.484030775840733,100.0,1,-1.91,2569.9578247070312,18.860679637132005,100.0,1,-1.93,2577.569610595703,18.6203585206464,100.0,1,-1.94,2566.0799560546875,18.98311262956584,100.0,1,-2.03,2586.576690673828,18.335984843784097,100.0,1,-2.07,2585.4752502441406,18.370759783289262,100.0,1,-2.09,2572.1499938964844,18.791467949514946,100.0,1,-2.18,2570.830780029297,18.83311848384193,100.0,1,-2.41,2579.169311523437,18.569852382058304,100.0,1,-2.76,2582.107666015625,18.477081954392453,100.0,1,10
ZINC0000000498270,-0.98,2455.9852294921875,22.459049550762355,100.0,1,-1.16,2467.801147460937,22.08599457521735,100.0,1,-1.16,2466.3416137695312,22.13207532044549,100.0,1,-1.2,2460.688781738281,22.310547879306792,100.0,1,-1.2,2463.1627197265625,22.232440120082416,100.0,1,-1.3,2481.5138549804688,21.65305370833896,100.0,1,-1.3,2462.03173828125,22.26814773556678,100.0,1,-1.42,2451.002319335937,22.61637117667404,100.0,1,-1.56,2478.3798828125,21.752000223842234,100.0,1,-1.64,2465.6646728515625,22.153447860291,100.0,1,10
ZINC0000000499800,-1.05,2489.1275024414062,21.41267381785054,100.0,1,-1.2,2469.532257080078,22.031339570135035,100.0,1,-1.3,2502.496612548828,20.99058109027972,100.0,1,-1.31,2483.6787109375,21.58470436059936,100.0,1,-1.38,2478.632232666016,21.744032974181145,100.0,1,-1.38,2477.006134033203,21.795372547399403,100.0,1,-1.4,2478.8700256347656,21.736525317951937,100.0,1,-1.44,2483.560546875,21.588435064516126,100.0,1,-1.53,2490.176086425781,21.379567674622187,100.0,1,-1.99,2487.4693298339844,21.46502603823216,100.0,1,10
ZINC0000000499890,-2.06,2519.011047363281,20.469183422139245,100.0,1,-2.21,2519.936798095703,20.43995539958884,100.0,1,-2.27,2527.380187988281,20.20495092158793,100.0,1,-2.45,2508.69189453125,20.79498217239968,100.0,1,-2.49,2504.8306579589844,20.916890052841104,100.0,1,-2.62,2504.3311462402344,20.932660755762,100.0,1,-2.64,2537.701385498047,19.87908761627521,100.0,1,-2.88,2533.3125915527344,20.017651663712808,100.0,1,-2.91,2513.261505126953,20.650709338622505,100.0,1,-3.02,2513.2433471679688,20.651282626027072,100.0,1,10
ZINC0000000500290,-0.81,2485.8370971679688,21.51655927660726,100.0,1,-0.82,2478.2459716796875,21.75622809801237,100.0,1,-1.07,2481.9478149414062,21.63935262112397,100.0,1,-1.09,2477.7427978515625,21.772114421922417,100.0,1,-1.29,2476.136779785156,21.82282000671681,100.0,1,-1.34,2490.661193847656,21.364251747591982,100.0,1,-1.54,2472.173370361328,21.947953712755684,100.0,1,-1.55,2487.1964111328125,21.47364269244901,100.0,1,-1.63,2470.432891845703,22.00290451486859,100.0,1,-1.63,2472.5619506835938,21.935685362297985,100.0,1,10
ZINC0000000501760,0.0,2468.777740478516,22.05516134793416,100.0,1,-0.08,2449.718170166016,22.65691464002985,100.0,1,-0.19,2455.0887756347656,22.487352605399515,100.0,1,-0.29,2467.713836669922,22.08875117230048,100.0,1,-0.37,2481.240173339844,21.66169445026189,100.0,1,-0.48,2472.071655273437,21.951165085729496,100.0,1,-0.56,2473.2615356445312,21.913597899336203,100.0,1,-0.66,2476.571594238281,21.80909194127101,100.0,1,-0.96,2485.760681152344,21.51897190124765,100.0,1,-1.33,2496.384063720703,21.183567937313075,100.0,1,10
ZINC0000000502620,-0.65,2526.589874267578,20.229902894556048,100.0,1,-0.85,2560.1925354003906,19.16899167629083,100.0,1,-0.9,2581.1436462402344,18.507518216279543,100.0,1,-0.93,2570.55615234375,18.84178909452039,100.0,1,-0.94,2573.0004272460938,18.76461786530817,100.0,1,-1.03,2566.07177734375,18.98337084977496,100.0,1,-1.15,2583.0679321289062,18.44676420401925,100.0,1,-1.18,2556.497314453125,19.28565807189051,100.0,1,-1.18,2562.062438964844,19.1099546357195,100.0,1,-1.24,2576.3883666992188,18.65765303420693,100.0,1,10
ZINC0000000502630,-0.09,2499.9379272460938,21.07136451189482,100.0,1,-0.1,2492.6044006347656,21.30290036022105,100.0,1,-0.1,2511.8894958496094,20.69402674220982,100.0,1,-0.17,2492.4702758789062,21.307134978948884,100.0,1,-0.57,2483.752349853516,21.58237941520908,100.0,1,-0.64,2495.29296875,21.21801624752388,100.0,1,-0.77,2493.968231201172,21.25984117684284,100.0,1,-0.8,2486.428497314453,21.4978874503668,100.0,1,-1.43,2503.1288146972656,20.97062105351841,100.0,1,-4.49,3167.3265991210938,0.000410454511504,0.0,1,10
ZINC0000000503390,-1.05,2499.9457397460938,21.071117853784617,100.0,1,-1.16,2492.595703125,21.303174960070294,100.0,1,-1.22,2497.173828125,21.15863330749333,100.0,1,-1.23,2498.0363159179688,21.131402637530588,100.0,1,-1.28,2498.2203369140625,21.1255926828255,100.0,1,-1.42,2502.044952392578,21.00484101227564,100.0,1,-2.57,2501.9107055664062,21.009079485036448,100.0,1,-3.33,2548.237670898437,19.546433504866062,100.0,1,-4.41,2580.7818603515625,18.51894060649992,100.0,1,-4.41,2581.691162109375,18.49023191489247,100.0,1,10
ZINC0000000504260,-0.75,2385.3740234375,24.688403361240898,100.0,1,-1.03,2379.3709716796875,24.877933140698488,100.0,1,-1.06,2371.727478027344,25.119255342248536,100.0,1,-1.21,2373.3566284179688,25.06781941820597,100.0,1,-1.23,2329.808349609375,26.442736045837712,100.0,1,-1.26,2364.3924560546875,25.350838402478665,100.0,1,-1.33,2321.235290527344,26.713406708468533,100.0,1,-1.43,2338.253295898437,26.17611019081086,100.0,1,-1.81,2342.3924560546875,26.04542764080073,100.0,1,-1.87,2350.4390258789062,25.79137942237758,100.0,1,10
ZINC0000000505070,-0.6,2553.8331909179688,19.36977041448506,100.0,1,-0.68,2553.5858154296875,19.377580612302552,100.0,1,-0.69,2556.210998535156,19.294697706226028,100.0,1,-0.75,2570.75634765625,18.83546848044652,100.0,1,-1.26,2561.404663085937,19.130722092388417,100.0,1,-1.27,2584.6709899902344,18.396152079524423,100.0,1,-1.82,2593.8406982421875,18.10664386723535,100.0,1,-2.04,2600.8605346679688,17.88501192013858,100.0,1,-2.24,2596.277862548828,18.029697135443744,100.0,1,-2.41,3167.333465576172,0.0001936651568364,0.0,1,10
ZINC0000000505760,-0.55,2427.1510009765625,23.369410679047466,100.0,1,-1.23,2426.761779785156,23.38169926317827,100.0,1,-1.27,2449.9496459960938,22.649606430006948,100.0,1,-1.74,2435.4996948242188,23.105823729018933,100.0,1,-2.32,2450.9161376953125,22.61909212395217,100.0,1,-2.87,2486.83447265625,21.485069900210608,100.0,1,-2.89,2485.9814453125,21.512001882618023,100.0,1,-2.9,2455.8116455078125,22.46452998564835,100.0,1,-2.93,2472.201904296875,21.94705283254851,100.0,1,-3.39,2482.460693359375,21.623159901592665,100.0,1,10
ZINC0000000506060,-0.65,2441.7117919921875,22.90969391809702,100.0,1,-0.65,2453.761474609375,22.529258469410887,100.0,1,-0.66,2440.208984375,22.957140918013696,100.0,1,-0.66,2456.2601928710938,22.45036834149322,100.0,1,-0.72,2466.0379028320312,22.141664154479507,100.0,1,-0.75,2473.3629455566406,21.910396161444822,100.0,1,-0.77,2434.1424560546875,23.148674794616657,100.0,1,-0.8,2455.016357421875,22.48963901046008,100.0,1,-0.83,2453.7266845703125,22.530356868807868,100.0,1,-0.89,2425.6724853515625,23.41609072640274,100.0,1,10
ZINC0000000506690,-3.17,2520.901153564453,20.40950853911108,100.0,1,-3.17,2518.0609741210938,20.4991793607593,100.0,1,-3.63,2520.376251220703,20.42608088089011,100.0,1,-3.79,2516.91748046875,20.53528201462328,100.0,1,-3.94,2521.1881713867188,20.40044674408597,100.0,1,-3.97,2526.757751464844,20.224602635711484,100.0,1,-3.97,2525.483795166016,20.264824287314152,100.0,1,-3.97,2525.986358642578,20.24895723356897,100.0,1,-4.95,2551.6333923339844,19.439222979162864,100.0,1,-5.0,2554.59375,19.34575786205383,100.0,1,10
ZINC0000000511230,-0.33,2486.8170471191406,21.48562006341734,100.0,1,-0.56,2510.875244140625,20.72604893866484,100.0,1,-0.68,2500.4956970214844,21.053754471738102,100.0,1,-0.93,2544.8836975097656,19.652325951292884,100.0,1,-0.95,2527.3504943847656,20.205888415108333,100.0,1,-1.03,2561.6414184570312,19.12324719543948,100.0,1,-1.04,2516.8511352539062,20.53737668154349,100.0,1,-1.31,2528.5353088378906,20.16848117108337,100.0,1,-1.53,2574.4039001464844,18.72030708472236,100.0,1,-4.91,3167.3318786621094,0.0002437675854706,0.0,1,10
ZINC0000000511470,-0.29,2527.105194091797,20.213633094365303,100.0,1,-0.38,2526.4259643554688,20.235077897329024,100.0,1,-0.5,2535.926513671875,19.93512429217794,100.0,1,-0.59,2534.418701171875,19.982729307446466,100.0,1,-0.61,2528.630401611328,20.16547887939829,100.0,1,-0.77,2540.2081298828125,19.79994408568965,100.0,1,-0.77,2542.37255859375,19.73160822706544,100.0,1,-1.06,2554.5670471191406,19.346600931766428,100.0,1,-1.22,2544.773376464844,19.65580903359121,100.0,1,-1.66,2556.874267578125,19.27375681807338,100.0,1,10
ZINC0000000514440,-0.93,2398.9135131835938,24.260931367149595,100.0,1,-1.74,2381.3151245117188,24.81655188457202,100.0,1,-1.97,2397.3529663085938,24.310201324661964,100.0,1,-2.31,2395.848388671875,24.35770420805673,100.0,1,-3.0,2445.1442260742188,22.80132429197753,100.0,1,-3.02,2449.245849609375,22.671826857106257,100.0,1,-3.09,2451.8298950195312,22.59024276014125,100.0,1,-3.29,2439.033935546875,22.994239839400905,100.0,1,-3.47,2412.076538085937,23.84534521074353,100.0,1,-3.8,2450.4093627929688,22.63509214183489,100.0,1,10
ZINC0000000515150,-0.28,2522.2077026367188,20.36825786070492,100.0,1,-1.1,2517.8881225585938,20.504636671447464,100.0,1,-1.26,2515.2517700195312,20.58787222154092,100.0,1,-1.3,2524.1309814453125,20.30753564421664,100.0,1,-1.32,2516.014129638672,20.56380282212335,100.0,1,-1.37,2521.382751464844,20.394303415528807,100.0,1,-1.47,2518.88427734375,20.47318583538053,100.0,1,-1.49,2521.4896850585938,20.390927282645453,100.0,1,-1.66,2603.668334960937,17.796363380736143,100.0,1,-1.79,2593.4967041015625,18.117504532150072,100.0,1,10
ZINC0000000515670,-0.88,2457.6671142578125,22.40594868447595,100.0,1,-0.88,2445.8154296875,22.78013289168171,100.0,1,-0.93,2444.6990356445312,22.81537995022593,100.0,1,-1.0,2450.4542846679688,22.63367385770124,100.0,1,-1.04,2447.160522460937,22.73766530236469,100.0,1,-1.14,2430.3346557617188,23.26889557212464,100.0,1,-1.49,2444.5107421875,22.821324796085044,100.0,1,-1.81,2426.0184326171875,23.405168396960462,100.0,1,-2.31,2450.0230712890625,22.647288229174368,100.0,1,-2.35,2443.649780273437,22.848507290635634,100.0,1,10
ZINC0000000516290,-0.58,2469.32861328125,22.03776906064036,100.0,1,-0.61,2494.681427001953,21.237323989204697,100.0,1,-0.65,2467.569580078125,22.093305675764984,100.0,1,-0.66,2493.256774902344,21.282303444511136,100.0,1,-0.73,2519.5501403808594,20.45216304902723,100.0,1,-1.03,2520.079498291016,20.435450035044724,100.0,1,-1.13,2512.4158325195312,20.67740911554337,100.0,1,-1.25,2500.349822998047,21.05836004113949,100.0,1,-1.27,2513.1483154296875,20.65428299069567,100.0,1,-1.42,2503.8278198242188,20.94855189721325,100.0,1,10
ZINC0000000516380,0.07,2460.156188964844,22.32736302516306,100.0,1,-0.61,2463.661071777344,22.216706030474764,100.0,1,-0.75,2470.5239868164062,22.00002844276333,100.0,1,-0.86,2470.88134765625,21.98874576123819,100.0,1,-1.11,2482.960021972656,21.607394979721235,100.0,1,-1.42,2499.6166381835938,21.081508326676776,100.0,1,-1.59,2465.973907470703,22.14368463126501,100.0,1,-1.74,2461.42529296875,22.287294571371024,100.0,1,-2.12,2457.7966918945312,22.40185762847631,100.0,1,-2.47,2478.3395385742188,21.75327398173944,100.0,1,10
ZINC0000000517890,-1.73,2501.6896057128906,21.016060102256745,100.0,1,-2.22,2503.443359375,20.96069017405815,100.0,1,-2.23,2515.061767578125,20.593871023861627,100.0,1,-2.24,2505.130828857422,20.90741298576328,100.0,1,-2.29,2505.55712890625,20.893953739117272,100.0,1,-2.3,2509.3565368652344,20.7739979263761,100.0,1,-2.31,2514.034912109375,20.62629114922099,100.0,1,-2.37,2512.745147705078,20.66701189809351,100.0,1,-2.46,2510.077850341797,20.75122444554533,100.0,1,-2.52,2513.785186767578,20.63417553717319,100.0,1,10
ZINC0000000519930,-0.56,2487.7393493652344,21.45650091729839,100.0,1,-0.61,2494.346954345703,21.24788403954762,100.0,1,-0.67,2499.9151306152344,21.072084252552315,100.0,1,-0.68,2497.6931762695312,21.14223632421451,100.0,1,-0.79,2479.7213439941406,21.709647292006125,100.0,1,-1.03,2513.2076416015625,20.652409930671343,100.0,1,-1.1,2509.266876220703,20.776828713593936,100.0,1,-1.24,2519.420959472656,20.45624157941971,100.0,1,-1.25,2545.4370727539062,19.63485465632316,100.0,1,-1.27,2510.8477783203125,20.72691609608351,100.0,1,10
ZINC0000000521610,-1.12,2588.5632934570312,18.273263347691664,100.0,1,-1.28,2565.8990783691406,18.988823342921908,100.0,1,-1.33,2573.3566284179688,18.753371797096264,100.0,1,-1.33,2586.2049255371094,18.347722301199923,100.0,1,-1.34,2589.3658142089844,18.247925971426355,100.0,1,-1.38,2577.1671447753906,18.63306526735465,100.0,1,-1.45,2589.6766357421875,18.23811263997173,100.0,1,-1.47,2588.809112548828,18.26550228879456,100.0,1,-1.53,2584.524719238281,18.400770174532965,100.0,1,-1.55,2586.7013244628906,18.33204987611981,100.0,1,10
ZINC0000000522220,-1.52,2453.6075439453125,22.53411840498841,100.0,1,-2.36,2471.135986328125,21.980706248458866,100.0,1,-2.64,2455.827087402344,22.46404245047741,100.0,1,-2.69,2474.483703613281,21.87501132122185,100.0,1,-2.74,2464.3002319335938,22.19652631383406,100.0,1,-3.04,2461.5925903320312,22.28201261918308,100.0,1,-3.45,2489.0445556640625,21.41529263325492,100.0,1,-3.6,2478.702514648437,21.741814014697585,100.0,1,-3.75,2482.8023986816406,21.61237149979616,100.0,1,-5.07,2566.4579162597656,18.97117957997669,100.0,1,10
ZINC0000000522250,-1.23,2555.181701660156,19.327194912244824,100.0,1,-1.27,2550.4970703125,19.475099208589743,100.0,1,-1.29,2555.215240478516,19.326136016685805,100.0,1,-1.32,2556.333374023437,19.29083403817173,100.0,1,-1.41,2579.7118225097656,18.55272409602308,100.0,1,-1.58,2565.896514892578,18.98890427761432,100.0,1,-1.68,2577.056640625,18.63655413070244,100.0,1,-1.92,2563.7415466308594,19.056941448683204,100.0,1,-1.99,2607.719146728516,17.668470187089405,100.0,1,-2.94,2620.338256835937,17.270056638097746,100.0,1,10
ZINC0000000522310,-1.11,2523.439727783203,20.32936006942809,100.0,1,-1.46,2500.042755126953,21.068054861080228,100.0,1,-1.69,2529.435607910156,20.1400567144076,100.0,1,-1.78,2533.442779541016,20.01354133754831,100.0,1,-1.83,2530.985321044922,20.091128802321485,100.0,1,-1.86,2521.4791870117188,20.39125872948103,100.0,1,-1.95,2527.953155517578,20.18686105432622,100.0,1,-2.09,2509.6907653808594,20.763445584099124,100.0,1,-2.16,2508.2957153320312,20.80749043640988,100.0,1,-2.35,2523.003173828125,20.343143054843736,100.0,1,10
ZINC0000000522360,-2.64,2598.9718627929688,17.94464151827933,100.0,1,-2.77,2601.446319580078,17.866517379414823,100.0,1,-2.82,2593.568298339844,18.11524414181208,100.0,1,-2.87,2585.9183044433594,18.35677157061787,100.0,1,-2.88,2602.2748413085938,17.840359094126505,100.0,1,-2.89,2583.3845825195312,18.436766842490226,100.0,1,-3.03,2597.861633300781,17.979693948158477,100.0,1,-3.12,2576.1265563964844,18.66591897142335,100.0,1,-3.27,2610.2401428222656,17.588876698154372,100.0,1,-1000.0,362.1991882324219,0.0,0.0,0,9
ZINC0000000525480,-0.76,2482.166412353516,21.6324510115796,100.0,1,-0.78,2470.9157104492188,21.987660850956605,100.0,1,-0.87,2481.870483398437,21.64179415101165,100.0,1,-1.01,2473.3174743652344,21.911831788726847,100.0,1,-1.04,2485.861846923828,21.515777871422216,100.0,1,-1.1,2479.240753173828,21.724820619816374,100.0,1,-1.7,2471.0671997070312,21.98287799603852,100.0,1,-2.17,2495.941802978516,21.19753109877016,100.0,1,-2.34,2494.012237548828,21.25845179795649,100.0,1,-2.85,2482.809875488281,21.612135440276635,100.0,1,10
ZINC0000000526530,-1.29,2508.9165954589844,20.78788786120672,100.0,1,-1.34,2497.3269958496094,21.15379745962188,100.0,1,-1.73,2537.944396972656,19.871415200136465,100.0,1,-1.83,2538.89453125,19.841417334499923,100.0,1,-1.84,2537.1268005371094,19.8972285494738,100.0,1,-1.84,2553.5694885253906,19.378096089212537,100.0,1,-1.86,2536.4521484375,19.918528826201072,100.0,1,-1.86,2539.1244506835938,19.83415826339741,100.0,1,-1.87,2540.1190490722656,19.802756566250864,100.0,1,-3.1,2494.902282714844,21.230351080050347,100.0,1,10
ZINC0000000526570,-2.92,2543.138610839844,19.70742224315048,100.0,1,-2.99,2541.9283142089844,19.74563401655832,100.0,1,-3.09,2544.2315673828125,19.672915158936853,100.0,1,-3.22,2547.264190673828,19.57716845430848,100.0,1,-3.22,2537.347869873047,19.890248895761744,100.0,1,-3.4,2542.6998291015625,19.72127556466786,100.0,1,-3.66,2559.175018310547,19.20111696812784,100.0,1,-3.66,2545.4139709472656,19.63558403206309,100.0,1,-3.7,2552.5125122070312,19.411467197207703,100.0,1,-3.95,2558.5386352539062,19.221209005518435,100.0,1,10
ZINC0000000526830,-1.62,2443.2081298828125,22.86245118192785,100.0,1,-1.69,2490.5301513671875,21.368389051987283,100.0,1,-1.88,2484.8217163085938,21.548617122867263,100.0,1,-1.93,2469.5338134765625,22.031290431214646,100.0,1,-1.94,2471.986389160156,21.953857127760344,100.0,1,-1.94,2464.610290527344,22.18673707008552,100.0,1,-1.98,2471.29150390625,21.975796210452707,100.0,1,-2.02,2448.808532714844,22.685633930227976,100.0,1,-2.12,2471.5014038085938,21.96916920075758,100.0,1,-4.58,2567.376342773437,18.9421827994046,100.0,1,10
ZINC0000000528140,-1.01,2513.8600463867188,20.631812051453192,100.0,1,-1.05,2494.7955322265625,21.233721431884245,100.0,1,-1.09,2498.090209960937,21.129701081973508,100.0,1,-1.28,2498.9038696289062,21.10401202519952,100.0,1,-1.28,2513.627990722656,20.63913856813271,100.0,1,-1.29,2523.1063537597656,20.339885433474265,100.0,1,-1.35,2518.681701660156,20.479581603097348,100.0,1,-1.46,2505.2153930664062,20.904743104422018,100.0,1,-1.56,2526.3511962890625,20.23743849252429,100.0,1,-1.76,2534.9971923828125,19.96446504519277,100.0,1,10
ZINC0000000529290,-0.59,2510.098175048828,20.75058274905551,100.0,1,-1.04,2499.191192626953,21.094940595091984,100.0,1,-1.2,2518.5361328125,20.4841775374163,100.0,1,-1.23,2541.328399658203,19.76457466159856,100.0,1,-1.6,2524.7164001464844,20.289052665591804,100.0,1,-1.73,2509.3389587402344,20.77455290712405,100.0,1,-1.79,2507.319061279297,20.83832559070956,100.0,1,-1.82,2525.106231689453,20.27674481129614,100.0,1,-2.49,2544.664978027344,19.65923141487023,100.0,1,-2.79,2522.131866455078,20.37065217868869,100.0,1,10
ZINC0000000529540,-2.37,2448.6258544921875,22.69140149057037,100.0,1,-2.6,2445.6058044433594,22.78675122980265,100.0,1,-2.8,2448.601806640625,22.69216073506584,100.0,1,-2.81,2446.680725097656,22.75281357896062,100.0,1,-2.81,2436.984436035156,23.05894712598209,100.0,1,-3.38,2438.1792602539062,23.02122385125345,100.0,1,-3.46,2443.3796997070312,22.85703433858589,100.0,1,-3.67,2450.6689453125,22.62689654072021,100.0,1,-3.93,2451.2222900390625,22.60942620925873,100.0,1,-4.37,2442.3624267578125,22.88915192235696,100.0,1,10
ZINC0000000530070,-1.1,2465.4156494140625,22.16131008755361,100.0,1,-1.37,2504.3638916015625,20.93162691141729,100.0,1,-1.4,2477.2547302246094,21.7875238092522,100.0,1,-2.06,2486.906219482422,21.482804692331392,100.0,1,-2.11,2485.649688720703,21.522476180727324,100.0,1,-2.22,2486.521850585937,21.494940078651563,100.0,1,-2.26,2480.8438415527344,21.67420753181331,100.0,1,-2.5,2482.3253784179688,21.62743209714198,100.0,1,-2.96,2478.131256103516,21.759849925497686,100.0,1,-3.99,2515.0523681640625,20.59416778440046,100.0,1,10
ZINC0000000530600,-0.66,2451.4493408203125,22.60225770793105,100.0,1,-0.81,2474.281494140625,21.88139552683976,100.0,1,-0.91,2458.949493408203,22.365461104598225,100.0,1,-1.34,2490.1124267578125,21.381577552817017,100.0,1,-1.39,2500.5104064941406,21.053290060765,100.0,1,-1.43,2485.4674682617188,21.52822928844608,100.0,1,-1.45,2499.4702758789062,21.086129312210048,100.0,1,-1.55,2519.9829711914062,20.438497611617223,100.0,1,-1.65,2514.7412109375,20.603991714445755,100.0,1,-2.64,2508.9100646972656,20.78809405197071,100.0,1,10
ZINC0000000531210,-0.65,2397.9957275390625,24.289907914048587,100.0,1,-0.67,2407.100646972656,24.00244522975933,100.0,1,-0.77,2415.5230712890625,23.73653044381579,100.0,1,-0.79,2396.527709960937,24.336256514568284,100.0,1,-0.87,2400.459716796875,24.21211425851142,100.0,1,-0.93,2407.37744140625,23.99370620999562,100.0,1,-0.95,2399.911193847656,24.229432355670514,100.0,1,-1.03,2405.68017578125,24.047292684436485,100.0,1,-1.06,2412.40625,23.83493546768652,100.0,1,-1.79,2429.454162597656,23.29669471195073,100.0,1,10
ZINC0000000531230,-2.67,2585.3898315429688,18.37345664286133,100.0,1,-2.75,2587.3260192871094,18.31232686238628,100.0,1,-2.78,2585.514404296875,18.36952360221354,100.0,1,-2.79,2585.7172241210938,18.363120126430783,100.0,1,-2.82,2587.9920654296875,18.29129829498352,100.0,1,-2.88,2590.485809326172,18.212565218909457,100.0,1,-2.99,2590.9877319335938,18.196718398837376,100.0,1,-3.98,2595.203430175781,18.06361937015389,100.0,1,-4.35,2615.684539794922,17.416984900592542,100.0,1,-4.58,2622.0499267578125,17.216015387766205,100.0,1,10
ZINC0000000532700,-0.46,2549.9912109375,19.49107032122517,100.0,1,-0.55,2542.0584411621094,19.741525617410304,100.0,1,-0.65,2550.3352966308594,19.48020676578572,100.0,1,-0.67,2607.2963256835938,17.681819593795716,100.0,1,-0.73,2574.4607849121094,18.718511105357468,100.0,1,-0.77,2595.4129943847656,18.057002959049434,100.0,1,-0.78,2603.4751892089844,17.80246142440588,100.0,1,-0.82,2575.2196350097656,18.694552509387847,100.0,1,-0.93,2611.055450439453,17.563135611935262,100.0,1,-1.87,2605.4068908691406,17.74147327964254,100.0,1,10
ZINC0000000534880,-1.21,2501.87451171875,21.010222205812607,100.0,1,-1.21,2508.4180603027344,20.803627731863827,100.0,1,-1.26,2505.011444091797,20.911182230009768,100.0,1,-1.32,2502.771240234375,20.98191047960126,100.0,1,-1.48,2505.2067260742188,20.90501674076302,100.0,1,-1.86,2511.2764892578125,20.713380732286303,100.0,1,-2.91,2495.7045288085938,21.205022375359224,100.0,1,-3.1,2496.464263916016,21.18103583765056,100.0,1,-4.42,2508.9656372070312,20.786339503460265,100.0,1,-4.49,2514.12890625,20.62332354383265,100.0,1,10
ZINC0000000535090,-0.85,2501.103973388672,21.034549825439285,100.0,1,-0.87,2517.7075805664062,20.51033678621286,100.0,1,-0.91,2515.562713623047,20.57805503605332,100.0,1,-0.92,2519.392333984375,20.457145350151613,100.0,1,-0.92,2499.396759033203,21.08845040356736,100.0,1,-1.11,2511.8790893554688,20.69435529852068,100.0,1,-1.13,2494.268798828125,21.25035158415786,100.0,1,-1.15,2505.5640258789062,20.89373598625436,100.0,1,-1.2,2506.8352966308594,20.85359912337708,100.0,1,-2.15,2524.6856994628906,20.290021954884228,100.0,1,10
ZINC0000000536930,-1.22,2463.7771606445312,22.21304084511852,100.0,1,-1.48,2450.077087402344,22.64558281958432,100.0,1,-1.97,2473.9923095703125,21.89052573095011,100.0,1,-2.04,2475.154541015625,21.853831483024948,100.0,1,-2.09,2469.7466430664062,22.02457092472819,100.0,1,-2.13,2481.2359008789062,21.66182934141591,100.0,1,-2.2,2468.413146972656,22.066672380912884,100.0,1,-2.22,2482.3715209960938,21.625975272678613,100.0,1,-2.23,2477.556945800781,21.777982187122088,100.0,1,-2.28,2464.204833984375,22.199538240601573,100.0,1,10
ZINC0000000541000,-0.69,2497.2472534179688,21.15631510666075,100.0,1,-0.74,2504.996795654297,20.91164471396639,100.0,1,-1.05,2503.2449645996094,20.96695394114568,100.0,1,-1.08,2487.616180419922,21.460389636567005,100.0,1,-1.1,2491.1011352539062,21.350361812761363,100.0,1,-1.12,2489.046356201172,21.41523578626859,100.0,1,-1.14,2487.5421142578125,21.46272807107269,100.0,1,-1.15,2487.9187927246094,21.450835488829743,100.0,1,-1.17,2502.2928161621094,20.99701539832625,100.0,1,-1.21,2492.123291015625,21.318090067671424,100.0,1,10
ZINC0000000543780,-1.64,2563.3746948242188,19.06852378127192,100.0,1,-1.91,2573.224029541016,18.75755824041196,100.0,1,-2.31,2560.579345703125,19.15677920931122,100.0,1,-2.54,2560.5484313964844,19.157755243161347,100.0,1,-2.55,2552.3327026367188,19.41714418777527,100.0,1,-3.18,2560.332397460937,19.16457591801331,100.0,1,-3.69,2571.5506896972656,18.81038932439033,100.0,1,-4.17,2578.084014892578,18.604117625702944,100.0,1,-4.21,2597.626983642578,17.98710236303865,100.0,1,-5.66,362.1991882324219,0.0,0.0,1,10
ZINC0000000544310,-1.42,2466.1249084472656,22.138917192478807,100.0,1,-1.7,2457.39208984375,22.414631820761567,100.0,1,-1.78,2463.49072265625,22.222084333487008,100.0,1,-1.8,2459.367492675781,22.3522639321943,100.0,1,-1.82,2459.813720703125,22.33817551466564,100.0,1,-1.85,2460.5404663085938,22.31523052936761,100.0,1,-1.87,2474.441864013672,21.87633229102296,100.0,1,-2.0,2463.8051147460938,22.21215827156796,100.0,1,-2.03,2463.14111328125,22.23312228391844,100.0,1,-2.18,2459.4480590820312,22.34972027043287,100.0,1,10
ZINC0000000544360,-0.64,2522.664093017578,20.353848594931343,100.0,1,-0.66,2527.6698303222656,20.195806264853925,100.0,1,-0.68,2606.5308837890625,17.705986307545817,100.0,1,-0.68,2531.74951171875,20.06700159240934,100.0,1,-0.7,2525.836669921875,20.25368324150072,100.0,1,-0.7,2526.168365478516,20.24321087040791,100.0,1,-0.71,2532.6769409179688,20.03772057690557,100.0,1,-0.77,2531.8697204589844,20.06320633344029,100.0,1,-0.77,2624.3434143066406,17.14360485278249,100.0,1,-0.89,2607.179992675781,17.685492487217907,100.0,1,10
ZINC0000000545130,-2.55,2437.2579345703125,23.050312165108625,100.0,1,-2.58,2433.1039428710938,23.181462980124827,100.0,1,-2.82,2494.4361877441406,21.245066741445186,100.0,1,-2.83,2430.4423828125,23.26549438802697,100.0,1,-2.98,2469.892578125,22.019963428310323,100.0,1,-3.0,2468.892883300781,22.05152603133344,100.0,1,-3.13,2475.6039428710938,21.839642860639017,100.0,1,-3.38,2462.6613159179688,22.248270560514367,100.0,1,-3.87,2482.460266113281,21.623173390708065,100.0,1,-4.34,2446.670227050781,22.7531450257962,100.0,1,10
ZINC0000000545540,-1.28,2464.5552673339844,22.188474275447582,100.0,1,-1.36,2477.1834716796875,21.78977360099952,100.0,1,-1.37,2486.3321533203125,21.500929245889846,100.0,1,-1.38,2494.6860961914062,21.237176572443524,100.0,1,-1.4,2473.316436767578,21.911864548007102,100.0,1,-1.41,2489.9717712402344,21.386018362308853,100.0,1,-1.43,2475.1368103027344,21.854391281314115,100.0,1,-1.46,2480.2388916015625,21.693307155713644,100.0,1,-1.46,2483.864288330078,21.57884526697387,100.0,1,-1.87,2513.0791015625,20.65646822739072,100.0,1,10
ZINC0000000546550,-1.31,2502.887725830078,20.97823276863785,100.0,1,-1.34,2501.613555908203,21.01846116479821,100.0,1,-1.36,2495.469207763672,21.212451987420742,100.0,1,-1.38,2478.2081909179688,21.757420921217168,100.0,1,-1.38,2479.872833251953,21.70486443708804,100.0,1,-1.41,2492.596710205078,21.30314316429828,100.0,1,-1.5,2511.3475036621094,20.711138648604923,100.0,1,-1.54,2490.936462402344,21.355560903240416,100.0,1,-1.79,2513.334442138672,20.648406553921813,100.0,1,-2.31,2532.5809326171875,20.040751773837943,100.0,1,10
ZINC0000000546570,-0.42,2550.8692321777344,19.463349225566763,100.0,1,-0.55,2554.176086425781,19.35894443586708,100.0,1,-0.62,2530.790283203125,20.09728658350229,100.0,1,-0.75,2547.9990234375,19.553968139326063,100.0,1,-0.78,2541.1625366210938,19.769811328899088,100.0,1,-0.84,2546.6222534179688,19.59743585019929,100.0,1,-0.99,2549.068420410156,19.52020488347601,100.0,1,-1.0,2540.144012451172,19.80196841650812,100.0,1,-1.22,2566.6338806152344,18.965623991447742,100.0,1,-1.29,2532.1004638671875,20.05592124761522,100.0,1,10
ZINC0000000547930,-1.06,2474.2882690429688,21.881181628009816,100.0,1,-1.07,2449.1453857421875,22.6749987262421,100.0,1,-1.1,2473.281494140625,21.912967764945304,100.0,1,-1.16,2480.169311523437,21.69550395450761,100.0,1,-1.18,2464.4790954589844,22.190879192022027,100.0,1,-1.62,2459.2134704589844,22.35712675829656,100.0,1,-1.73,2476.887664794922,21.7991128863986,100.0,1,-2.02,2484.170227050781,21.569186096838127,100.0,1,-2.27,2507.431945800781,20.834761573718826,100.0,1,-2.87,2517.323303222656,20.522469282008306,100.0,1,10
ZINC0000000548500,-0.49,2495.5533752441406,21.20979463168664,100.0,1,-0.51,2497.4364318847656,21.150342319062595,100.0,1,-0.55,2494.655975341797,21.23812755507933,100.0,1,-0.55,2504.5692138671875,20.925144427958603,100.0,1,-0.55,2504.987518310547,20.91193762047225,100.0,1,-0.61,2497.7990112304688,21.1388948776279,100.0,1,-0.77,2481.9352111816406,21.63975055002832,100.0,1,-0.78,2491.821258544922,21.327625908752072,100.0,1,-0.79,2487.033660888672,21.47878108190876,100.0,1,-0.79,2479.7421875,21.70898921587618,100.0,1,10
ZINC0000000549160,-0.33,2456.028289794922,22.45769004063153,100.0,1,-0.57,2452.1303100585938,22.580757984997483,100.0,1,-1.15,2470.898468017578,21.988205233113884,100.0,1,-1.45,2474.7511596679688,21.86656713498049,100.0,1,-2.24,2502.989624023437,20.975015614614588,100.0,1,-2.43,2477.0014038085938,21.795521891177064,100.0,1,-2.45,2469.738586425781,22.02482529090433,100.0,1,-2.5,2522.3922424316406,20.362431526359696,100.0,1,-2.55,2463.842315673828,22.210983755019782,100.0,1,-2.77,2510.053192138672,20.752002960205644,100.0,1,10
ZINC0000000549190,-1.06,2396.8745727539062,24.32530527987872,100.0,1,-1.19,2444.447296142578,22.82332792972217,100.0,1,-1.55,2436.498413085937,23.07429195825959,100.0,1,-1.57,2395.7013549804688,24.362346390771343,100.0,1,-1.67,2442.821350097656,22.87466268539922,100.0,1,-1.7,2438.403564453125,23.014142065667635,100.0,1,-1.84,2430.975524902344,23.24866189902233,100.0,1,-1.89,2426.4519653320312,23.391480798860872,100.0,1,-2.28,2438.40966796875,23.01394936401904,100.0,1,-2.69,2412.6744995117188,23.82646623023083,100.0,1,10
ZINC0000000549450,-1.27,2519.233703613281,20.46215366599856,100.0,1,-1.48,2570.004669189453,18.859200651979048,100.0,1,-1.53,2572.7501220703125,18.772520559916995,100.0,1,-1.95,2523.640686035156,20.32301536764816,100.0,1,-2.04,2562.662872314453,19.090997611039125,100.0,1,-2.21,2546.9878845214844,19.5858920579403,100.0,1,-2.83,2514.594665527344,20.608618481028486,100.0,1,-3.01,2511.9047241210938,20.693545951596583,100.0,1,-3.21,2554.766815185547,19.340293806807964,100.0,1,-3.54,2542.5582885742188,19.72574431589874,100.0,1,10
ZINC0000000549580,-0.68,2558.20458984375,19.23175556674596,100.0,1,-0.75,2537.0298767089844,19.90028865165346,100.0,1,-0.82,2545.1088256835938,19.645218150984515,100.0,1,-0.94,2544.392852783203,19.66782301787277,100.0,1,-1.02,2545.7250366210938,19.625762992542523,100.0,1,-1.46,2536.3792419433594,19.92083064739352,100.0,1,-1.71,2558.4175720214844,19.225031242718284,100.0,1,-2.21,2507.410125732422,20.835450482112545,100.0,1,-2.38,2563.387451171875,19.06812103482635,100.0,1,-2.49,2558.533935546875,19.22135738578785,100.0,1,10
ZINC0000000550490,-0.63,2510.5142822265625,20.73744531416265,100.0,1,-0.64,2514.762756347656,20.60331147762622,100.0,1,-0.71,2505.325592041016,20.901263876156666,100.0,1,-0.71,2504.738647460937,20.91979503019365,100.0,1,-0.75,2534.537078857422,19.97899185897199,100.0,1,-0.77,2537.8950805664062,19.872972229457098,100.0,1,-0.89,2528.960693359375,20.15505082968465,100.0,1,-0.89,2519.345977783203,20.45860891917268,100.0,1,-1.05,2525.2398681640625,20.272525608700185,100.0,1,-1.11,2526.4279174804688,20.23501623280148,100.0,1,10
ZINC0000000550790,-1.95,2459.9751586914062,22.33307855606034,100.0,1,-1.95,2471.0594482421875,21.98312272713224,100.0,1,-1.97,2470.6638793945312,21.99561172097757,100.0,1,-1.99,2469.791259765625,22.02316227567697,100.0,1,-2.29,2479.527374267578,21.715771350398427,100.0,1,-2.37,2476.3765258789062,21.81525068596006,100.0,1,-2.43,2480.3887939453125,21.68857440322419,100.0,1,-2.51,2476.3048095703125,21.81751493033103,100.0,1,-2.57,2457.3659057617188,22.415458510834032,100.0,1,-4.27,2453.3093872070312,22.5435318805222,100.0,1,10
ZINC0000000550910,-2.11,2516.7319946289062,20.54113821772404,100.0,1,-2.14,2503.6512145996094,20.9541277194153,100.0,1,-2.27,2476.677947998047,21.80573411504428,100.0,1,-2.3,2485.851837158203,21.516093902125903,100.0,1,-2.45,2479.596984863281,21.713573588096217,100.0,1,-2.6,2517.9321899414062,20.503245365544625,100.0,1,-2.73,2453.824951171875,22.52725437226552,100.0,1,-2.73,2472.8240661621094,21.92740978999914,100.0,1,-2.79,2480.918029785156,21.671865243274656,100.0,1,-3.3,2502.547088623047,20.98898744764585,100.0,1,10
ZINC0000000550930,-1.16,2503.747344970703,20.951092668449952,100.0,1,-1.28,2497.886932373047,21.136119010379915,100.0,1,-1.29,2486.3445739746094,21.50053709803496,100.0,1,-1.36,2506.4849243164062,20.864661161514583,100.0,1,-1.39,2498.093139648437,21.129608585182183,100.0,1,-1.42,2509.304077148437,20.77565419704576,100.0,1,-1.43,2509.9263916015625,20.75600633695517,100.0,1,-1.48,2501.2836303710938,21.028877652412937,100.0,1,-1.51,2512.879638671875,20.662765717266755,100.0,1,-1.51,2512.270965576172,20.681982889172733,100.0,1,10
ZINC0000000551140,-1.08,2506.5802612304688,20.86165116176356,100.0,1,-1.1,2499.2001037597656,21.09465925068504,100.0,1,-1.12,2503.7380981445312,20.951384611447573,100.0,1,-1.13,2501.88525390625,21.00988305091108,100.0,1,-1.14,2500.205474853516,21.062917435128725,100.0,1,-1.19,2501.5890197753906,21.019235825425564,100.0,1,-1.21,2501.4249267578125,21.024416609248,100.0,1,-1.21,2497.414459228516,21.15103604499753,100.0,1,-1.28,2505.9401245117188,20.88186171066803,100.0,1,-1.28,2493.892791748047,21.26222296921945,100.0,1,10
ZINC0000000551760,0.0,2523.4602966308594,20.32871066487233,100.0,1,-0.02,2510.8544006347656,20.726707014794783,100.0,1,-0.02,2513.1397399902344,20.654553736511943,100.0,1,-0.03,2485.2020568847656,21.536608919635164,100.0,1,-0.03,2528.2604064941406,20.177160453336025,100.0,1,-0.25,2520.608642578125,20.418743765619915,100.0,1,-0.38,2488.7960815429688,21.423137517369163,100.0,1,-0.49,2494.7799377441406,21.2342137845964,100.0,1,-0.58,2492.090057373047,21.31913932814801,100.0,1,-2.09,2524.0752868652344,20.30929404676006,100.0,1,10
ZINC0000000551770,-0.26,2494.179016113281,21.25318622540867,100.0,1,-0.54,2482.4376831054688,21.62388638680786,100.0,1,-0.66,2492.4059143066406,21.309167017833307,100.0,1,-1.0,2488.2657470703125,21.439881363615445,100.0,1,-1.05,2473.4153747558594,21.90874085428341,100.0,1,-1.27,2484.0689697265625,21.572383017188294,100.0,1,-1.32,2481.902587890625,21.64078054034005,100.0,1,-1.35,2476.169006347656,21.82180254201224,100.0,1,-1.55,2499.403350830078,21.08824228578688,100.0,1,-5.49,3167.335906982422,0.000116584497399,0.0,1,10
ZINC0000000552490,-1.13,2549.0421142578125,19.52103542758145,100.0,1,-1.26,2567.224975585937,18.94696180028972,100.0,1,-1.4,2534.956451416016,19.96575132869713,100.0,1,-1.46,2545.9822692871094,19.617641581562552,100.0,1,-1.56,2537.491241455078,19.88572233403628,100.0,1,-1.73,2555.834045410156,19.30659896004316,100.0,1,-1.73,2577.3871459960938,18.626119336431103,100.0,1,-1.73,2571.524444580078,18.81121794147928,100.0,1,-1.91,2586.176086425781,18.348632816489527,100.0,1,-2.27,2595.609619140625,18.05079507544,100.0,1,10
ZINC0000000553060,-2.21,2583.124084472656,18.444991348852188,100.0,1,-2.22,2586.6151123046875,18.3347717869062,100.0,1,-2.27,2584.433013916016,18.403665516803084,100.0,1,-2.31,2579.6534118652344,18.55456825080012,100.0,1,-2.31,2583.8442993164062,18.422252554318163,100.0,1,-2.32,2576.5415649414062,18.65281622282724,100.0,1,-2.37,2583.454559326172,18.434557518089097,100.0,1,-2.39,2582.7032775878906,18.458277164014465,100.0,1,-2.41,2580.0777893066406,18.541169705173417,100.0,1,-2.53,2576.707733154297,18.647569920444283,100.0,1,10
ZINC0000000553540,-0.17,2503.3788146972656,20.962727993992026,100.0,1,-1.69,2501.3896484375,21.02553042477687,100.0,1,-1.91,2505.690948486328,20.889728755471857,100.0,1,-1.93,2522.7945556640625,20.349729597192663,100.0,1,-1.99,2525.907623291016,20.25144308483582,100.0,1,-1.99,2530.408142089844,20.109351633720724,100.0,1,-2.07,2546.4654541015625,19.60238635555165,100.0,1,-2.13,2534.811309814453,19.970333773900688,100.0,1,-2.26,2519.9982299804688,20.438015857495746,100.0,1,-3.15,2531.1629333496094,20.085521184347417,100.0,1,10
ZINC0000000553970,-3.35,2520.5230407714844,20.42144640624144,100.0,1,-3.68,2524.065216064453,20.30961200448024,100.0,1,-3.77,2535.5679931640625,19.94644358701632,100.0,1,-4.37,2566.0001525878906,18.985632203621204,100.0,1,-4.4,2568.515594482422,18.90621407318639,100.0,1,-4.41,2566.892303466797,18.957465003646305,100.0,1,-4.54,2571.597686767578,18.80890552169616,100.0,1,-4.55,2565.437530517578,19.003395441588548,100.0,1,-4.63,2569.918731689453,18.861913891191247,100.0,1,-4.91,2565.6493225097656,18.996708694382352,100.0,1,10
ZINC0000000554130,-1.35,2499.7781677246094,21.07640847754676,100.0,1,-1.37,2496.7242431640625,21.17282771092872,100.0,1,-1.48,2506.260498046875,20.87174680113337,100.0,1,-1.54,2505.9832458496094,20.88050027352072,100.0,1,-1.54,2498.156280517578,21.12761508662749,100.0,1,-1.6,2545.0947265625,19.64566329179277,100.0,1,-1.77,2508.101867675781,20.81361064076921,100.0,1,-1.92,2503.270965576172,20.96613303212268,100.0,1,-1.95,2509.6192321777344,20.76570404742064,100.0,1,-2.17,2508.250274658203,20.808925100183657,100.0,1,10
ZINC0000000554790,-0.67,2535.3775634765625,19.95245587845244,100.0,1,-0.67,2532.373779296875,20.047292067791204,100.0,1,-0.67,2525.746856689453,20.256518846259773,100.0,1,-0.8,2540.7306518554688,19.78344689755356,100.0,1,-1.22,2535.946350097656,19.93449801182001,100.0,1,-1.64,2554.37353515625,19.35271053753508,100.0,1,-1.65,2561.1658325195312,19.13826250789788,100.0,1,-1.7,2562.3263549804688,19.10162221643432,100.0,1,-1.95,2610.448486328125,17.582298827379635,100.0,1,-2.53,2585.2293090820312,18.37852469621934,100.0,1,10
ZINC0000000554840,-1.15,2559.514617919922,19.190395048400102,100.0,1,-1.16,2562.2390747070312,19.104377850009207,100.0,1,-1.17,2564.132232666016,19.04460661615673,100.0,1,-1.37,2556.2229919433594,19.294319047486542,100.0,1,-1.51,2561.8361206054688,19.117100012849345,100.0,1,-1.59,2566.352569580078,18.97450561043141,100.0,1,-1.62,2562.075164794922,19.109552852782183,100.0,1,-1.88,2581.7550354003906,18.48821529213994,100.0,1,-2.22,2580.283447265625,18.534676623124057,100.0,1,-5.86,362.1991882324219,0.0,0.0,1,10
ZINC0000000555480,-1.0,2546.076477050781,19.614667231616515,100.0,1,-2.24,2570.5289306640625,18.84264854387312,100.0,1,-2.42,2595.0509338378906,18.068434020844,100.0,1,-2.66,2566.825500488281,18.959574123190155,100.0,1,-2.84,2580.030212402344,18.5426718145242,100.0,1,-2.98,2577.126373291016,18.63435251436725,100.0,1,-2.99,2591.925109863281,18.1671232796464,100.0,1,-3.1,2584.5528259277344,18.3998827834412,100.0,1,-3.12,2589.3468627929688,18.24852431004524,100.0,1,-3.24,2576.676788330078,18.64854691780265,100.0,1,10
ZINC0000000555800,-2.3,2486.7838439941406,21.486668360385693,100.0,1,-2.39,2497.0658569335938,21.162042199656945,100.0,1,-2.4,2487.894744873047,21.4515947333252,100.0,1,-2.4,2486.846618652344,21.484686423929908,100.0,1,-2.43,2500.587615966797,21.05085238491029,100.0,1,-2.46,2495.766021728516,21.20308090624965,100.0,1,-2.47,2499.474395751953,21.08599923859725,100.0,1,-2.71,2485.9976501464844,21.511490259741013,100.0,1,-3.15,2534.799865722656,19.9706950894918,100.0,1,-3.32,2544.4678649902344,19.66545471461156,100.0,1,10
ZINC0000000559510,-0.96,2400.4819946289062,24.21141089749405,100.0,1,-2.07,2414.3961791992188,23.7721089491956,100.0,1,-2.13,2410.034118652344,23.909828963412355,100.0,1,-2.18,2408.0723876953125,23.97176520028677,100.0,1,-2.2,2412.2479248046875,23.839934148451032,100.0,1,-2.21,2407.038452148437,24.0044088595585,100.0,1,-2.29,2410.2189331054688,23.903993957492943,100.0,1,-2.33,2405.7195434570312,24.04604975880305,100.0,1,-2.34,2430.8296508789062,23.253267468423715,100.0,1,-2.45,2414.8966674804688,23.756307414010934,100.0,1,10
ZINC0000000562650,-2.05,2492.466735839844,21.30724674590507,100.0,1,-2.13,2487.6756286621094,21.458512722509703,100.0,1,-2.29,2488.241973876953,21.44063193653672,100.0,1,-2.32,2487.2115478515625,21.473164792360507,100.0,1,-2.37,2485.2908935546875,21.53380414713989,100.0,1,-2.41,2488.3616638183594,21.4368530572078,100.0,1,-2.41,2489.9725036621094,21.385995238111025,100.0,1,-3.21,2497.9800720214844,21.133178383222376,100.0,1,-4.3,2537.0770263671875,19.89880003141808,100.0,1,-4.55,2545.771759033203,19.62428786142254,100.0,1,10
ZINC0000000563450,-1.5,2555.838623046875,19.30645443380672,100.0,1,-1.54,2542.2764587402344,19.734642314522542,100.0,1,-1.65,2548.411102294922,19.54095788752128,100.0,1,-1.66,2537.343078613281,19.89040016655589,100.0,1,-1.7,2553.4227600097656,19.382728636844725,100.0,1,-1.7,2555.410522460937,19.319970527439057,100.0,1,-1.88,2589.633209228516,18.23948371220148,100.0,1,-2.4,2568.0045776367188,18.92234801871488,100.0,1,-2.5,2563.8839721679688,19.05244475571328,100.0,1,-2.51,2571.1216430664062,18.823935286778205,100.0,1,10
ZINC0000000563640,-1.37,2554.2322998046875,19.35716965368353,100.0,1,-1.5,2562.994079589844,19.0805406560782,100.0,1,-1.64,2557.700653076172,19.247665978362072,100.0,1,-1.66,2554.4278259277344,19.350996456370844,100.0,1,-1.69,2556.8223571777344,19.27539574559467,100.0,1,-1.79,2559.806579589844,19.181177165039635,100.0,1,-1.82,2564.8580017089844,19.02169246312249,100.0,1,-1.83,2558.943756103516,19.20841843359305,100.0,1,-1.88,2560.6294860839844,19.155196165268027,100.0,1,-1.96,2560.5377197265625,19.158093434554623,100.0,1,10
ZINC0000000564100,-1.71,2516.0366821289062,20.5630907895318,100.0,1,-1.85,2530.8934631347656,20.09402896213281,100.0,1,-1.97,2505.949615478516,20.88156205960447,100.0,1,-2.01,2506.958221435547,20.849718112174404,100.0,1,-2.03,2506.837371826172,20.853533604816555,100.0,1,-2.05,2500.1990356445312,21.063120735367992,100.0,1,-2.06,2509.472076416016,20.770350084168225,100.0,1,-2.1,2519.202178955078,20.463148970013545,100.0,1,-2.19,2509.0709228515625,20.783015400022027,100.0,1,-2.21,2516.860656738281,20.53707606697169,100.0,1,10
ZINC0000000564420,-0.54,2575.190795898437,18.69546302467745,100.0,1,-0.57,2574.6071166992188,18.71389108333244,100.0,1,-0.6,2578.600616455078,18.587807358166,100.0,1,-0.6,2575.982208251953,18.670476365412583,100.0,1,-0.61,2580.4090270996094,18.53071178670425,100.0,1,-0.65,2579.777313232422,18.55065640733368,100.0,1,-0.66,2579.496398925781,18.559525500710183,100.0,1,-0.67,2575.4449157714844,18.68743989153826,100.0,1,-0.7,2583.03369140625,18.44784526026785,100.0,1,-0.77,2567.5767211914062,18.935856404281274,100.0,1,10
ZINC0000000564960,-0.28,2586.0975646972656,18.351111923198683,100.0,1,-0.34,2591.3970947265625,18.183793899266217,100.0,1,-0.38,2597.022857666016,18.006175972216433,100.0,1,-0.4,2586.7320556640625,18.331079623319148,100.0,1,-0.42,2598.6278076171875,17.955504110210544,100.0,1,-0.45,2596.8706970214844,18.010980024315863,100.0,1,-0.46,2599.8253479003906,17.91769508324827,100.0,1,-0.48,2601.395233154297,17.868130292213554,100.0,1,-0.64,2615.113037109375,17.43502851945859,100.0,1,-0.9,2623.745330810547,17.162487687328163,100.0,1,10
ZINC0000000565220,-0.43,2601.448547363281,17.866447043313087,100.0,1,-0.53,2576.125,18.66596811034374,100.0,1,-0.56,2593.982788085937,18.10215777285609,100.0,1,-0.62,2598.003387451172,17.975218452369894,100.0,1,-0.63,2597.2898864746094,17.99774527509047,100.0,1,-0.64,2583.140411376953,18.444475871942203,100.0,1,-0.65,2593.2521362304688,18.125226087209214,100.0,1,-0.69,2575.091583251953,18.69859538997534,100.0,1,-0.75,2599.0152587890625,17.94327140955783,100.0,1,-0.94,2594.509765625,18.08551991251653,100.0,1,10
ZINC0000000565640,-1.88,2521.592041015625,20.38769567599854,100.0,1,-1.9,2506.6798706054688,20.85850627085851,100.0,1,-1.95,2513.7278747558594,20.63598500565348,100.0,1,-2.0,2515.2791442871094,20.58700795464697,100.0,1,-2.01,2520.241424560547,20.430337660307536,100.0,1,-2.06,2503.4562377929688,20.960283573579616,100.0,1,-2.1,2516.670227050781,20.5430883584078,100.0,1,-2.11,2524.6976013183594,20.289646186669472,100.0,1,-2.2,2516.4422302246094,20.55028672849101,100.0,1,-3.58,2584.902282714844,18.388849650550977,100.0,1,10
ZINC0000000565830,-0.71,2505.9283142089844,20.882234588358063,100.0,1,-0.96,2513.358123779297,20.64765887152527,100.0,1,-1.66,2525.088348388672,20.27730942712652,100.0,1,-1.68,2529.8905029296875,20.12569466053793,100.0,1,-1.7,2524.1052856445312,20.30834691815722,100.0,1,-1.79,2529.8673706054688,20.126424999786103,100.0,1,-1.79,2520.1708068847656,20.432567218381763,100.0,1,-1.83,2524.648712158203,20.291189726874705,100.0,1,-1.84,2526.325592041016,20.238246875940145,100.0,1,-1.85,2534.5366821289062,19.979004384579152,100.0,1,10
ZINC0000000566500,-0.74,2474.941925048828,21.860544244953704,100.0,1,-0.75,2531.057098388672,20.088862630934027,100.0,1,-0.76,2473.619842529297,21.90228534905553,100.0,1,-0.85,2490.8179321289062,21.3593031692561,100.0,1,-0.91,2501.7896728515625,21.01290075872805,100.0,1,-0.98,2497.4334106445312,21.150437706378646,100.0,1,-1.25,2480.839569091797,21.674342422967324,100.0,1,-1.29,2507.167236328125,20.843119044218323,100.0,1,-1.33,2506.2549743652344,20.87192119612534,100.0,1,-1.39,2505.550994873047,20.894147404274108,100.0,1,10
ZINC0000000566750,-0.77,2492.7584533691406,21.29803657061055,100.0,1,-0.78,2486.5680541992188,21.49348132717171,100.0,1,-0.8,2484.104431152344,21.571263420609966,100.0,1,-0.82,2491.2326049804688,21.346211019250664,100.0,1,-0.82,2481.881317138672,21.6414521055854,100.0,1,-0.83,2483.2299194335938,21.59887371282043,100.0,1,-0.85,2479.345031738281,21.72152831215016,100.0,1,-0.89,2484.263000488281,21.56625703177951,100.0,1,-0.93,2468.458038330078,22.06525506028748,100.0,1,-0.98,2479.0025024414062,21.732342728669217,100.0,1,10
ZINC0000000566980,-1.19,2571.4906616210938,18.812284545104248,100.0,1,-1.44,2579.931701660156,18.5457820191325,100.0,1,-1.47,2600.67919921875,17.89073708611829,100.0,1,-1.51,2584.082397460937,18.41473526300653,100.0,1,-1.64,2593.237518310547,18.1256876076576,100.0,1,-1.78,2601.041778564453,17.879289644683595,100.0,1,-1.81,2599.8722229003906,17.91621513458707,100.0,1,-1.86,2598.215850830078,17.96851050798236,100.0,1,-1.86,2605.6273803710938,17.734511932587104,100.0,1,-1.99,2586.8494873046875,18.327372043600214,100.0,1,10
ZINC0000000567830,-0.32,2506.053497314453,20.87828227754541,100.0,1,-0.64,2513.1141662597656,20.655361156419552,100.0,1,-0.72,2490.6434326171875,21.364812509389388,100.0,1,-0.9,2469.117950439453,22.04442015804156,100.0,1,-1.57,2517.5177001953125,20.5163317345006,100.0,1,-2.0,2533.2623901367188,20.01923663477249,100.0,1,-2.09,2549.910888671875,19.49360627492066,100.0,1,-2.47,2495.5704956054688,21.209254103562337,100.0,1,-2.54,2552.8667602539062,19.400282793523346,100.0,1,-2.89,2526.7505493164062,20.224830023656825,100.0,1,10
ZINC0000000567940,-0.91,2514.1334228515625,20.62318094461269,100.0,1,-1.03,2498.459991455078,21.11802625259348,100.0,1,-1.04,2473.8814697265625,21.89402519288857,100.0,1,-1.06,2492.5611877441406,21.304264687893088,100.0,1,-1.08,2496.4419860839844,21.181739198667923,100.0,1,-1.09,2494.5428161621094,21.241700243644257,100.0,1,-1.11,2500.213409423828,21.06266692298556,100.0,1,-1.11,2510.1973571777344,20.74745134726587,100.0,1,-1.3,2487.7599182128906,21.455851512742623,100.0,1,-1.38,2473.079071044922,21.919358715120904,100.0,1,10
ZINC0000000571270,-0.98,2453.653350830078,22.53267217911572,100.0,1,-1.18,2458.7429809570312,22.37198116487838,100.0,1,-1.61,2484.7950439453125,21.54945922907162,100.0,1,-1.62,2496.1805419921875,21.189993573785426,100.0,1,-1.73,2489.542358398437,21.399575886795645,100.0,1,-1.73,2478.9887084960938,21.73277823439504,100.0,1,-1.99,2473.664001464844,21.90089115262796,100.0,1,-2.03,2526.151092529297,20.24375621607343,100.0,1,-2.12,2530.6363220214844,20.10214748258805,100.0,1,-2.15,2530.202514648437,20.115843752261835,100.0,1,10
ZINC0000000571280,-0.61,2506.92724609375,20.85069607304101,100.0,1,-0.78,2494.1100463867188,21.255363754037774,100.0,1,-0.88,2502.6070556640625,20.987094153948423,100.0,1,-0.93,2518.4461669921875,20.487017959716567,100.0,1,-1.24,2504.9034729003906,20.914591122173384,100.0,1,-1.63,2506.3005981445312,20.870480751302104,100.0,1,-1.67,2510.453155517578,20.73937522117332,100.0,1,-1.74,2512.571594238281,20.672491369471263,100.0,1,-1.94,2512.210205078125,20.68390123408448,100.0,1,-2.09,2538.325256347656,19.859390617264232,100.0,1,10
ZINC0000000572040,-1.33,2566.0709533691406,18.98339686449752,100.0,1,-1.33,2536.93798828125,19.90318977497304,100.0,1,-1.5,2553.6885681152344,19.37433648004848,100.0,1,-1.55,2562.3118591308594,19.102079882849733,100.0,1,-1.9,2566.9390869140625,18.95598794550983,100.0,1,-1.9,2551.684814453125,19.437599467773463,100.0,1,-2.01,2555.1793212890625,19.327270065887777,100.0,1,-2.27,2577.076416015625,18.635929777360992,100.0,1,-2.34,2529.6685180664062,20.13270321949728,100.0,1,-2.37,2557.63720703125,19.2496691119992,100.0,1,10
ZINC0000000572090,-1.12,2517.1099548339844,20.529205168134887,100.0,1,-1.31,2536.423767089844,19.91942488886703,100.0,1,-1.41,2511.4064025878906,20.709279077695992,100.0,1,-1.44,2514.2348022460938,20.61998017022956,100.0,1,-1.87,2521.1010131835938,20.40319852362788,100.0,1,-2.09,2545.4894104003906,19.633202239686472,100.0,1,-2.15,2548.570709228516,19.53591873941056,100.0,1,-2.17,2548.2367553710938,19.54646241011336,100.0,1,-2.21,2558.1032104492188,19.23495634112909,100.0,1,-2.43,2548.9545288085938,19.52380069623876,100.0,1,10
ZINC0000000572280,-0.56,2404.5648803710938,24.08250505668396,100.0,1,-0.59,2437.3221435546875,23.04828494376542,100.0,1,-0.6,2421.9527587890625,23.533530819121523,100.0,1,-0.8,2445.435302734375,22.792134350356108,100.0,1,-1.0,2441.333068847656,22.921651055392243,100.0,1,-1.03,2421.75244140625,23.53985528722836,100.0,1,-1.05,2441.762634277344,22.90808871336424,100.0,1,-1.09,2458.637023925781,22.375326465497963,100.0,1,-1.38,2435.0388793945312,23.12037270348774,100.0,1,-2.55,2440.9017944335938,22.93526735388185,100.0,1,10
ZINC0000000572530,-1.4,2536.555969238281,19.9152509711585,100.0,1,-1.95,2561.8114013671875,19.117880454526148,100.0,1,-2.01,2555.996459960937,19.30147116917409,100.0,1,-2.07,2558.982208251953,19.207204413206902,100.0,1,-2.13,2553.5689697265625,19.378112468852667,100.0,1,-2.17,2563.506225585937,19.06437106074473,100.0,1,-2.42,2569.5181579589844,18.87456090038843,100.0,1,-2.45,2569.7730102539062,18.866514643051413,100.0,1,-3.12,2558.178100585937,19.23259189190085,100.0,1,-3.38,2555.8228759765625,19.306951604060085,100.0,1,10
ZINC0000000572620,-0.27,2531.152099609375,20.08586322977367,100.0,1,-0.3,2534.3785095214844,19.98399824780245,100.0,1,-0.32,2529.742218017578,20.130376347090507,100.0,1,-0.45,2542.4639587402344,19.72872251987776,100.0,1,-0.54,2532.9132385253906,20.03026013258028,100.0,1,-0.62,2538.7723388671875,19.845275221504764,100.0,1,-0.64,2529.5131225585938,20.137609403470464,100.0,1,-1.01,2540.2286682128906,19.799295644642125,100.0,1,-1.95,2614.383514404297,17.458061184006716,100.0,1,-2.39,2612.400146484375,17.5206805482254,100.0,1,10
ZINC0000000572780,-0.65,2413.4896850585938,23.800728998044697,100.0,1,-0.93,2428.346923828125,23.331652718022067,100.0,1,-0.98,2437.565490722656,23.040601929036,100.0,1,-1.28,2467.2836303710938,22.102333748001588,100.0,1,-1.28,2454.9175415039062,22.492758850150803,100.0,1,-1.3,2464.248352050781,22.198164277847106,100.0,1,-1.38,2441.884094238281,22.904253950557223,100.0,1,-1.61,2466.4765625,22.12781468699509,100.0,1,-1.79,2491.0660400390625,21.35146984724078,100.0,1,-2.39,2443.451416015625,22.85477009421492,100.0,1,10
ZINC0000000573210,-1.37,2497.219146728516,21.15720249775252,100.0,1,-1.65,2486.362670898437,21.49996573764688,100.0,1,-1.73,2479.856750488281,21.70537220593208,100.0,1,-1.83,2459.09619140625,22.36082952047428,100.0,1,-2.0,2462.396850585937,22.256620322947924,100.0,1,-2.29,2476.74267578125,21.80369051406094,100.0,1,-2.32,2475.703887939453,21.8364873711433,100.0,1,-2.4,2484.41357421875,21.561503082108707,100.0,1,-2.49,2486.0623779296875,21.50944665875768,100.0,1,-2.62,2495.107727050781,21.22386474255869,100.0,1,10
ZINC0000000574010,-1.19,2490.678955078125,21.363690985794573,100.0,1,-1.36,2451.0853881835938,22.61374850723668,100.0,1,-1.36,2486.3395385742188,21.50069607689505,100.0,1,-1.37,2478.2066650390625,21.75746909662932,100.0,1,-1.4,2477.985717773437,21.7644448963084,100.0,1,-1.43,2486.8643493652344,21.48412662564074,100.0,1,-1.43,2489.7654724121094,21.39253167803131,100.0,1,-1.43,2489.0192260742188,21.416092345096587,100.0,1,-1.44,2490.7959899902344,21.3599959316828,100.0,1,-3.27,3167.320831298828,0.0005925575694248,0.0,1,10
ZINC0000000574350,-1.51,2560.646270751953,19.1546662357344,100.0,1,-2.15,2570.246398925781,18.85156870318651,100.0,1,-2.16,2560.0475158691406,19.17357026746141,100.0,1,-2.19,2557.104034423828,19.26650256451208,100.0,1,-2.21,2563.9297790527344,19.050998529840584,100.0,1,-2.23,2574.4396057128906,18.71917978007809,100.0,1,-2.33,2561.9498291015625,19.11350998113605,100.0,1,-2.45,2569.286437988281,18.881876818477284,100.0,1,-2.45,2567.539794921875,18.937022249255268,100.0,1,-2.8,2556.791015625,19.2763852685602,100.0,1,10
ZINC0000000574550,-3.06,2545.9977111816406,19.61715404639161,100.0,1,-3.39,2547.191345214844,19.57946834848444,100.0,1,-3.43,2520.4761657714844,20.42292635490264,100.0,1,-3.53,2556.6515197753906,19.2807894647388,100.0,1,-3.7,2549.049835205078,19.52079165999598,100.0,1,-3.73,2554.399627685547,19.351886737987343,100.0,1,-4.19,2557.8325805664062,19.243500732227727,100.0,1,-4.2,2583.841094970703,18.42235372268368,100.0,1,-5.03,2592.633575439453,18.14475543578592,100.0,1,-5.62,2585.761138916016,18.36173363806915,100.0,1,10
ZINC0000000574830,-0.44,2475.860137939453,21.831554208939306,100.0,1,-0.64,2489.822723388672,21.390724136567503,100.0,1,-0.68,2467.726318359375,22.088357097429107,100.0,1,-0.74,2468.519561767578,22.06331262766966,100.0,1,-1.55,2487.746337890625,21.45628027391075,100.0,1,-1.56,2525.551239013672,20.26269493409719,100.0,1,-1.66,2505.368377685547,20.899913037600022,100.0,1,-1.71,2493.6128540039062,21.2710612303322,100.0,1,-2.47,2534.446228027344,19.981860223011303,100.0,1,-2.69,2502.1694946289062,21.00090893513609,100.0,1,10
ZINC0000000574970,-0.82,2599.097717285156,17.940668010285336,100.0,1,-0.96,2602.606201171875,17.82989732162437,100.0,1,-1.01,2612.459991455078,17.51879110856094,100.0,1,-1.02,2605.553131103516,17.736856148142245,100.0,1,-1.06,2602.5574340820312,17.831437007796634,100.0,1,-1.07,2606.619171142578,17.703198878198915,100.0,1,-1.08,2613.327453613281,17.491403386754598,100.0,1,-1.09,2607.7559509277344,17.667308196148387,100.0,1,-1.12,2615.1265563964844,17.434601685306955,100.0,1,-1.19,2617.5270080566406,17.358814053931642,100.0,1,10
ZINC0000000579750,-0.77,2504.402374267578,20.930411927522908,100.0,1,-0.78,2498.576385498047,21.1143514321548,100.0,1,-0.8,2497.606231689453,21.144981359198724,100.0,1,-0.82,2491.3746948242188,21.341724924871407,100.0,1,-0.83,2498.3014221191406,21.123032641423933,100.0,1,-0.83,2503.8746643066406,20.947072912060293,100.0,1,-0.83,2497.320678710937,21.15399690582817,100.0,1,-0.88,2503.7587890625,20.95073135285884,100.0,1,-0.91,2492.1444396972656,21.317422356459048,100.0,1,-1.49,2524.4478759765625,20.297530574621668,100.0,1,10
ZINC0000000579780,-0.49,2477.984130859375,21.76449499873703,100.0,1,-0.53,2474.613220214844,21.8709221922387,100.0,1,-0.54,2465.8623046875,22.14720818090954,100.0,1,-0.6,2471.771423339844,21.96064407982381,100.0,1,-0.61,2470.714080810547,21.99402674991789,100.0,1,-0.63,2456.7486877441406,22.434945465048045,100.0,1,-0.84,2484.739959716797,21.551198361450176,100.0,1,-0.85,2474.818115234375,21.86445319789542,100.0,1,-0.91,2474.25732421875,21.882158625368188,100.0,1,-1.03,2473.9223022460938,21.89273601885948,100.0,1,10
ZINC0000000584370,-1.19,2531.5769958496094,20.07244830450684,100.0,1,-1.24,2503.0093994140625,20.974391261273144,100.0,1,-1.47,2532.524383544922,20.04253715461216,100.0,1,-1.62,2527.448486328125,20.202794590140165,100.0,1,-1.79,2525.075256347656,20.27772277216275,100.0,1,-1.93,2526.438720703125,20.23467515088346,100.0,1,-1.94,2530.2781372070312,20.11345617883576,100.0,1,-2.0,2520.2735290527344,20.429324049635937,100.0,1,-2.05,2530.648468017578,20.10176400630736,100.0,1,-3.6,2560.9168701171875,19.146122808144003,100.0,1,10
ZINC0000000587290,-0.84,2422.5604248046875,23.51434544298756,100.0,1,-1.2,2434.9437866210938,23.123374995172824,100.0,1,-1.44,2459.2529296875,22.3558809421384,100.0,1,-1.56,2461.899719238281,22.272315872225857,100.0,1,-1.6,2450.418334960937,22.63480887041145,100.0,1,-1.77,2470.959289550781,21.98628496118565,100.0,1,-1.78,2470.7745971679688,21.99211611307209,100.0,1,-2.26,2452.976318359375,22.55404760948595,100.0,1,-2.28,2453.065795898437,22.55122260331757,100.0,1,-2.29,2461.5814819335938,22.28236333618352,100.0,1,10
ZINC0000000588960,-1.42,2404.2144775390625,24.09356805832971,100.0,1,-1.55,2411.5480346679688,23.86203124649524,100.0,1,-1.58,2410.339172363281,23.900197735015656,100.0,1,-1.63,2408.1940307617188,23.967924656430306,100.0,1,-1.65,2411.2476196289062,23.871516021639007,100.0,1,-1.93,2402.790954589844,24.13851186383116,100.0,1,-2.02,2416.4981689453125,23.705744428436503,100.0,1,-2.09,2400.792053222656,24.201621653745505,100.0,1,-2.16,2406.7509765625,24.01348510720725,100.0,1,-2.52,2422.924072265625,23.502864278764363,100.0,1,10
ZINC0000000589780,-1.03,2457.99462890625,22.395608314012424,100.0,1,-1.07,2457.9970703125,22.395531233352987,100.0,1,-1.13,2460.3062133789062,22.32262641864063,100.0,1,-1.16,2457.319641113281,22.41691918933037,100.0,1,-1.32,2456.387664794922,22.446343767562347,100.0,1,-1.47,2457.989562988281,22.39576825638076,100.0,1,-1.5,2450.0552368164062,22.64627269148628,100.0,1,-1.51,2471.4332885742188,21.97131975115588,100.0,1,-1.57,2474.9711303710938,21.85962216756518,100.0,1,-1.62,2456.8521728515625,22.431678208596143,100.0,1,10
ZINC0000000593240,-0.55,2435.790283203125,23.0966492035294,100.0,1,-0.7,2444.964782714844,22.80698972044618,100.0,1,-0.84,2444.8786010742188,22.80971066772432,100.0,1,-0.96,2433.269592285156,23.176233057382003,100.0,1,-0.99,2435.1559448242188,23.11667668586772,100.0,1,-1.08,2450.7742919921875,22.623570510265488,100.0,1,-1.15,2451.9566650390625,22.586240346899967,100.0,1,-1.19,2444.7272338867188,22.81448966860944,100.0,1,-1.36,2452.0673828125,22.58274473899448,100.0,1,-1.42,2452.5348510742188,22.567985719728707,100.0,1,10
ZINC0000000597060,-0.81,2471.14453125,21.98043646615084,100.0,1,-1.01,2471.5032653808594,21.96911042675476,100.0,1,-1.13,2470.945617675781,21.9867166128785,100.0,1,-1.25,2462.016906738281,22.268616000572862,100.0,1,-1.25,2483.488555908203,21.59070798046129,100.0,1,-1.28,2470.6539916992188,21.995923897648293,100.0,1,-1.28,2477.2466430664062,21.78777913893658,100.0,1,-1.38,2480.336181640625,21.690235491435068,100.0,1,-1.4,2469.0505981445312,22.046546620733785,100.0,1,-1.45,2486.6964721679688,21.489426884485304,100.0,1,10
ZINC0000000598790,-0.42,2529.0858459472656,20.151099482380246,100.0,1,-0.54,2539.8133544921875,19.812408028320668,100.0,1,-0.55,2528.149200439453,20.1806714773734,100.0,1,-0.6,2535.148651123047,19.95968315378293,100.0,1,-0.6,2537.726287841797,19.87830139354895,100.0,1,-0.64,2530.14208984375,20.117751498582912,100.0,1,-0.67,2526.9844970703125,20.21744376946624,100.0,1,-0.69,2534.275360107422,19.98725490566368,100.0,1,-0.7,2527.899658203125,20.188550084276137,100.0,1,-0.73,2547.6649169921875,19.56451662757007,100.0,1,10
ZINC0000000602930,-1.51,2528.811248779297,20.15976912955047,100.0,1,-1.51,2529.671875,20.13259723359055,100.0,1,-1.52,2524.071594238281,20.309410631257457,100.0,1,-1.72,2529.0394897460938,20.15256305140132,100.0,1,-3.11,2559.040954589844,19.2053496598392,100.0,1,-3.24,2556.002014160156,19.301295810673867,100.0,1,-3.33,2562.779663085937,19.087310264993288,100.0,1,-3.49,2563.993225097656,19.04899539620345,100.0,1,-3.49,2556.6610107421875,19.280489813675235,100.0,1,-3.59,2552.0955505371094,19.424631610331367,100.0,1,10
ZINC0000000603580,-0.88,2502.387237548828,20.99403430382252,100.0,1,-1.03,2498.7390747070312,21.10921496971154,100.0,1,-1.05,2498.527648925781,21.115890154818818,100.0,1,-1.14,2492.188873291016,21.31601948845729,100.0,1,-1.14,2508.197784423828,20.810582334361563,100.0,1,-1.16,2487.026763916016,21.47899883477167,100.0,1,-1.22,2494.060791015625,21.25691885634192,100.0,1,-1.38,2481.48291015625,21.65403070569733,100.0,1,-1.74,2477.5530700683594,21.778104552668943,100.0,1,-2.44,2527.714324951172,20.19440146983568,100.0,1,10
ZINC0000000606220,-1.09,2488.7266540527344,21.42532949862192,100.0,1,-1.23,2483.0023803710938,21.606057630279995,100.0,1,-1.26,2485.6280212402344,21.52316027157983,100.0,1,-1.37,2498.7046813964844,21.110300843501363,100.0,1,-1.4,2502.1846618652344,21.00043007153933,100.0,1,-1.47,2501.1990356445312,21.03154849726244,100.0,1,-1.72,2511.7633666992188,20.69800892177801,100.0,1,-1.82,2508.4530334472656,20.802523551417387,100.0,1,-1.82,2508.1483154296875,20.812144181223413,100.0,1,-3.04,2540.1849060058594,19.800677315462544,100.0,1,10
ZINC0000000609400,-0.62,2488.619354248047,21.428717193604182,100.0,1,-0.77,2486.1529846191406,21.50658600278431,100.0,1,-0.79,2494.4610595703125,21.24428148222717,100.0,1,-1.13,2485.9627380371094,21.512592513170965,100.0,1,-1.26,2499.6285095214844,21.081133521970266,100.0,1,-1.87,2510.729278564453,20.73065739859096,100.0,1,-2.36,2512.364196777344,20.67903937149047,100.0,1,-2.57,2511.216186523437,20.71528462457441,100.0,1,-2.65,2510.535888671875,20.736763150326635,100.0,1,-2.68,2519.210662841797,20.462881114722,100.0,1,10
ZINC0000000609560,-0.96,2422.443603515625,23.51803375254164,100.0,1,-0.99,2417.9488525390625,23.659943100598817,100.0,1,-1.02,2417.4900512695312,23.674428483523585,100.0,1,-1.03,2406.2026977539062,24.0307954963004,100.0,1,-1.18,2416.064514160156,23.71943588056907,100.0,1,-1.31,2387.274353027344,24.628405702951333,100.0,1,-1.36,2420.4901123046875,23.579709842190454,100.0,1,-1.43,2415.9801635742188,23.72209901735263,100.0,1,-1.46,2413.395874023437,23.803690822383576,100.0,1,-1.58,2420.640380859375,23.57496552760208,100.0,1,10
ZINC0000000611410,-0.3,2395.144592285156,24.37992463515604,100.0,1,-0.48,2429.6586303710938,23.29023920672285,100.0,1,-0.56,2421.201538085937,23.557248538030404,100.0,1,-1.06,2426.4879150390625,23.390345786150657,100.0,1,-1.92,2425.931701660156,23.407906687386976,100.0,1,-1.94,2430.9117431640625,23.25067563125013,100.0,1,-2.01,2418.9918212890625,23.62701424288717,100.0,1,-2.27,2431.9050903320312,23.21931343794155,100.0,1,-2.64,2424.464111328125,23.454241798791266,100.0,1,-3.72,2427.6883544921875,23.3524452259053,100.0,1,10
ZINC0000000618950,-2.15,2514.470031738281,20.61255344869276,100.0,1,-2.21,2521.3594665527344,20.395038572318192,100.0,1,-2.22,2520.372100830078,20.426211918011152,100.0,1,-2.24,2521.139373779297,20.401987393766472,100.0,1,-2.31,2510.8682861328125,20.72626861854424,100.0,1,-2.35,2517.4147338867188,20.519582611312373,100.0,1,-2.37,2523.651611328125,20.32267043169717,100.0,1,-2.45,2520.4369506835938,20.42416446299485,100.0,1,-2.47,2522.3486328125,20.363808379638897,100.0,1,-2.53,2517.4356384277344,20.51892260816594,100.0,1,10
ZINC0000000621820,-0.65,2448.6111450195312,22.691865901543487,100.0,1,-0.69,2459.6629333496094,22.342936208894137,100.0,1,-0.7,2451.3511962890625,22.605356350440434,100.0,1,-0.78,2445.1450805664062,22.801297313746726,100.0,1,-0.8,2463.329467773437,22.227175511042844,100.0,1,-0.85,2455.3969116210938,22.47762406267028,100.0,1,-0.89,2466.136260986328,22.138558767412427,100.0,1,-0.9,2469.270050048828,22.03961803295861,100.0,1,-0.97,2460.5447387695312,22.3150956382136,100.0,1,-1.03,2464.595458984375,22.1872053350916,100.0,1,10
ZINC0000000622690,-2.77,2522.551818847656,20.35739334175722,100.0,1,-2.93,2542.9942321777344,19.711980600647955,100.0,1,-3.31,2554.9685974121094,19.333923090305465,100.0,1,-3.46,2546.9405517578125,19.58738645922514,100.0,1,-3.7,2553.912475585937,19.36726722006983,100.0,1,-3.76,2553.4424743652344,19.382106210519765,100.0,1,-3.84,2556.8426818847656,19.27475404910485,100.0,1,-4.19,2559.3271484375,19.19631387953665,100.0,1,-4.47,2496.0769653320312,21.19326372076205,100.0,1,-5.28,2509.9056091308594,20.756662486068635,100.0,1,10
ZINC0000000625330,-0.93,2385.7494506835938,24.67655028283592,100.0,1,-1.0,2389.55322265625,24.556456688416,100.0,1,-1.04,2383.346069335937,24.75243041100256,100.0,1,-1.18,2385.744079589844,24.67671986028668,100.0,1,-1.23,2384.0263671875,24.73095188525033,100.0,1,-1.24,2386.360412597656,24.65726084781172,100.0,1,-1.31,2385.8426513671875,24.673607728661896,100.0,1,-1.35,2390.504821777344,24.5264125743838,100.0,1,-1.44,2393.3976440429688,24.435079701016456,100.0,1,-1.64,2383.3572387695312,24.75207776698563,100.0,1,10
ZINC0000000625440,-1.54,2544.466522216797,19.665497108974247,100.0,1,-1.78,2554.472869873047,19.349574318204223,100.0,1,-1.8,2552.259307861328,19.419461425099605,100.0,1,-1.81,2553.3062744140625,19.38640634780813,100.0,1,-1.9,2549.007537841797,19.52212708242073,100.0,1,-1.96,2554.182373046875,19.35874595316903,100.0,1,-2.06,2545.5038146972656,19.63274746379579,100.0,1,-2.15,2555.703826904297,19.3107102497159,100.0,1,-2.31,2566.266876220703,18.97721114157768,100.0,1,-2.34,2560.6669006347656,19.154014904162143,100.0,1,10
ZINC0000000626030,-2.71,2465.2506103515625,22.166520740131578,100.0,1,-3.06,2449.0255126953125,22.67878338662048,100.0,1,-3.1,2448.065795898437,22.70908379384532,100.0,1,-3.17,2445.8994140625,22.777481316997065,100.0,1,-3.22,2461.131896972656,22.296557739618912,100.0,1,-3.24,2462.4880981445312,22.25373943330145,100.0,1,-3.26,2459.2837524414062,22.354907798813,100.0,1,-3.29,2438.5485229492188,23.00956540151354,100.0,1,-3.3,2444.8950805664062,22.809190373273115,100.0,1,-3.35,2456.6114501953125,22.43927836161667,100.0,1,10
ZINC0000000626440,-2.51,2529.0167541503906,20.153280865042326,100.0,1,-2.67,2541.058013916016,19.77311134463125,100.0,1,-2.68,2534.0310974121094,19.994966825640383,100.0,1,-2.7,2533.389892578125,20.01521109733337,100.0,1,-2.85,2551.541748046875,19.44211639441649,100.0,1,-2.96,2536.24853515625,19.92495735319815,100.0,1,-3.02,2538.980987548828,19.838687715647595,100.0,1,-3.04,2556.164581298828,19.296163202263585,100.0,1,-3.22,2558.7945861816406,19.21312806188467,100.0,1,-5.23,2560.0465087890625,19.173602063233428,100.0,1,10
ZINC0000000627480,-2.52,2527.157989501953,20.211966225104973,100.0,1,-2.85,2542.126892089844,19.739364468421325,100.0,1,-3.27,2537.934936523437,19.871713887691783,100.0,1,-3.29,2549.187713623047,19.51643852975425,100.0,1,-3.41,2555.4865112304688,19.31757139191407,100.0,1,-3.48,2555.0661010742188,19.330844681469188,100.0,1,-3.62,2546.828125,19.59093602359223,100.0,1,-3.67,2542.474914550781,19.728376620418526,100.0,1,-3.71,2552.9666442871094,19.397129231044115,100.0,1,-3.87,2563.259521484375,19.07216006138087,100.0,1,10
ZINC0000000631160,-2.3,2485.3396606445312,21.532264460967625,100.0,1,-2.47,2471.0086059570312,21.984727931865013,100.0,1,-2.52,2472.0572509765625,21.951619861620173,100.0,1,-2.63,2492.915344238281,21.293083174733454,100.0,1,-2.66,2491.001739501953,21.35349995910871,100.0,1,-2.75,2474.8484497070312,21.86349547070191,100.0,1,-2.86,2479.0264892578125,21.731585411190245,100.0,1,-3.8,2532.560485839844,20.041397324360734,100.0,1,-3.91,2535.0086364746094,19.96410372960166,100.0,1,-3.91,2521.9728393554688,20.375673020142795,100.0,1,10
ZINC0000000633510,-1.12,2436.514953613281,23.073769736791903,100.0,1,-1.73,2475.5721435546875,21.840646836228185,100.0,1,-1.95,2449.8448486328125,22.65291511731329,100.0,1,-2.02,2483.367492675781,21.59453021766113,100.0,1,-2.06,2470.804626464844,21.991168020961005,100.0,1,-2.14,2463.2037353515625,22.23114516500387,100.0,1,-2.19,2489.770050048828,21.392387151794864,100.0,1,-2.23,2442.1664428710938,22.89533957229329,100.0,1,-2.27,2478.8592834472656,21.736864472853465,100.0,1,-2.81,2483.8995971679688,21.57773048793676,100.0,1,10
ZINC0000000633670,-2.13,2418.610595703125,23.639050387858315,100.0,1,-2.33,2454.149780273437,22.51699879052737,100.0,1,-2.34,2422.9860229492188,23.50090835703114,100.0,1,-2.52,2408.846069335937,23.947338339311067,100.0,1,-2.52,2423.552673339844,23.483017935975724,100.0,1,-2.6,2418.5435791015625,23.64116625195988,100.0,1,-2.61,2406.755615234375,24.01333865395432,100.0,1,-2.64,2427.165405273437,23.368955903156785,100.0,1,-2.67,2422.6976928710938,23.510011582910696,100.0,1,-4.25,2509.310546875,20.77544993329825,100.0,1,10
ZINC0000000634400,-0.43,2431.1261596679688,23.243906022335047,100.0,1,-0.65,2449.9376831054688,22.64998412523819,100.0,1,-0.67,2431.563415527344,23.23010087622981,100.0,1,-0.69,2445.2264404296875,22.79872860077097,100.0,1,-0.74,2441.8970336914062,22.90384542306221,100.0,1,-0.82,2495.9876403808594,21.19608390938922,100.0,1,-0.9,2434.0155029296875,23.1526829889074,100.0,1,-1.04,2451.802001953125,22.59112340667532,100.0,1,-1.39,2473.776123046875,21.897351223343293,100.0,1,-1.59,2470.86962890625,21.98911574840349,100.0,1,10
ZINC0000000635920,-1.66,2633.18603515625,16.864423521841537,100.0,1,-1.91,2585.0543212890625,18.384049452484515,100.0,1,-1.96,2579.783966064453,18.5504463625367,100.0,1,-2.07,2564.530059814453,19.03204632270142,100.0,1,-2.23,2577.091094970703,18.63546632989613,100.0,1,-2.24,2578.591766357422,18.58808677555646,100.0,1,-2.25,2571.171875,18.822349352210285,100.0,1,-2.26,2579.6076049804688,18.55601447667281,100.0,1,-2.27,2587.340118408203,18.31188172157803,100.0,1,-2.54,2601.9695739746094,17.84999706708091,100.0,1,10
ZINC0000000635980,-1.91,2612.341186523437,17.52254204615081,100.0,1,-2.29,2541.1376037597656,19.770598515133592,100.0,1,-2.72,2577.8741455078125,18.610743671889832,100.0,1,-2.85,2569.2293701171875,18.88367857889163,100.0,1,-2.96,2609.8314819335938,17.601779037035946,100.0,1,-3.03,2609.3294372558594,17.617629711141,100.0,1,-3.36,2610.482696533203,17.581218734639272,100.0,1,-3.65,2600.217010498047,17.905329418458027,100.0,1,-4.38,2591.0474548339844,18.19483281320589,100.0,1,-4.44,2583.0460205078125,18.4474560029377,100.0,1,10
ZINC0000000636000,-1.11,2554.831359863281,19.33825598687409,100.0,1,-2.89,2579.548156738281,18.55789139073011,100.0,1,-3.09,2576.6076049804688,18.65073119098945,100.0,1,-3.14,2577.0209350585938,18.63768143534671,100.0,1,-3.17,2601.077667236328,17.878156558989865,100.0,1,-3.27,2604.9942932128906,17.75449991108746,100.0,1,-3.55,2575.5528564453125,18.684031962882887,100.0,1,-3.67,2582.2085571289062,18.4738965961412,100.0,1,-3.68,2581.667388916016,18.49098248781374,100.0,1,-3.77,2589.877655029297,18.231766011175303,100.0,1,10
ZINC0000000637690,-0.62,2525.6997680664062,20.25800553947867,100.0,1,-0.73,2515.202178955078,20.58943792243573,100.0,1,-2.83,2609.6784057617188,17.60661199438267,100.0,1,-3.94,2557.226837158203,19.26262540734238,100.0,1,-3.96,2547.544891357422,19.56830610548966,100.0,1,-3.99,2551.138732910156,19.45484048427312,100.0,1,-4.1,2550.7984008789062,19.465585528198687,100.0,1,-4.1,2538.2095336914062,19.863044240521567,100.0,1,-4.15,2540.9734802246094,19.77578026246427,100.0,1,-4.31,2542.600799560547,19.72440214891629,100.0,1,10
ZINC0000000637830,-1.06,2472.431945800781,21.939789907413022,100.0,1,-1.09,2441.9773559570312,22.90130946936672,100.0,1,-1.24,2473.83056640625,21.89563232463784,100.0,1,-1.25,2441.885498046875,22.90420962917805,100.0,1,-1.44,2443.9740600585938,22.838269052045863,100.0,1,-1.53,2441.1820678710938,22.92641849417844,100.0,1,-1.7,2466.9420166015625,22.11311925927336,100.0,1,-1.86,2436.7694091796875,23.06573600506204,100.0,1,-2.23,2460.4920654296875,22.316758653440964,100.0,1,-2.62,2468.1978759765625,22.073468968058776,100.0,1,10
ZINC0000000638240,-0.85,2489.8834228515625,21.388807718672243,100.0,1,-0.93,2501.367248535156,21.026237639827205,100.0,1,-0.93,2482.633544921875,21.617702590904496,100.0,1,-0.95,2491.660919189453,21.33268818106061,100.0,1,-0.95,2479.4519653320312,21.7181521792668,100.0,1,-1.05,2486.741577148437,21.4880028193022,100.0,1,-1.07,2490.6739501953125,21.36384900114642,100.0,1,-1.12,2479.3432006835938,21.721586122644734,100.0,1,-1.28,2477.9353637695312,21.766034684909293,100.0,1,-1.37,2472.6495971679688,21.932918166624184,100.0,1,10
ZINC0000000645040,-0.86,2445.9899291992188,22.774623551548423,100.0,1,-0.93,2454.2364501953125,22.514262427117345,100.0,1,-0.98,2437.8995971679688,23.030053440791995,100.0,1,-1.08,2455.3439331054688,22.47929671298007,100.0,1,-1.14,2412.1168823242188,23.84407145284633,100.0,1,-1.16,2441.1678466796875,22.926867489019667,100.0,1,-1.58,2442.6580810546875,22.879817454499094,100.0,1,-1.58,2458.495422363281,22.37979714374533,100.0,1,-1.73,2470.9716796875,21.985893776839006,100.0,1,-2.09,2464.914428710937,22.177134746936105,100.0,1,10
ZINC0000000645400,-1.44,2458.3846130371094,22.383295642175547,100.0,1,-1.55,2478.4655151367188,21.749296619712467,100.0,1,-1.66,2474.3689575195312,21.87863411221541,100.0,1,-1.72,2478.8764038085938,21.73632394472916,100.0,1,-1.76,2458.308837890625,22.385688033142834,100.0,1,-1.89,2458.959930419922,22.365131584779128,100.0,1,-2.12,2466.39794921875,22.13029668422898,100.0,1,-2.26,2434.2208862304688,23.14619857843223,100.0,1,-2.52,2450.3733825683594,22.636228118053342,100.0,1,-2.85,2463.39990234375,22.22495173401808,100.0,1,10
ZINC0000000645590,-0.87,2453.803192138672,22.52794135364275,100.0,1,-1.13,2460.781188964844,22.30763037634709,100.0,1,-1.45,2466.2421875,22.135214430301087,100.0,1,-1.48,2474.1300354003906,21.8861774182496,100.0,1,-1.5,2487.4910583496094,21.464340020363167,100.0,1,-1.69,2477.8382263183594,21.76910153164666,100.0,1,-1.82,2490.7545166015625,21.361305339384987,100.0,1,-2.53,2499.520751953125,21.08453566957618,100.0,1,-2.81,2511.596069335937,20.703290873965955,100.0,1,-3.1,2518.831787109375,20.474843069558435,100.0,1,10
ZINC0000000645650,-1.13,2526.232818603516,20.24117594099876,100.0,1,-1.34,2541.307983398437,19.765219248613107,100.0,1,-1.38,2535.2687072753906,19.95589271235509,100.0,1,-1.43,2534.6704711914062,19.974780364441983,100.0,1,-1.47,2537.9877319335938,19.87004701843145,100.0,1,-1.71,2558.5830993652344,19.219805174008435,100.0,1,-1.71,2549.1490173339844,19.51766025820633,100.0,1,-1.74,2539.8268127441406,19.81198312118552,100.0,1,-1.89,2555.321594238281,19.322778190459065,100.0,1,-1.97,2553.417022705078,19.382909776394403,100.0,1,10
ZINC0000000645920,-0.52,2510.7338256835938,20.730513835862748,100.0,1,-1.29,2530.1590881347656,20.117214824491576,100.0,1,-1.4,2544.0702209472656,19.67800922701742,100.0,1,-1.45,2544.9064025878906,19.65160910116012,100.0,1,-1.49,2544.2527770996094,19.67224552070799,100.0,1,-1.51,2547.404327392578,19.572744024456767,100.0,1,-1.56,2541.710876464844,19.752499012789453,100.0,1,-1.56,2553.704162597656,19.373844127336323,100.0,1,-1.57,2549.883331298828,19.494476322864056,100.0,1,-1.63,2559.19287109375,19.200553315805703,100.0,1,10
ZINC0000000654980,-0.49,2550.6578369140625,19.4700234471658,100.0,1,-0.49,2543.7618408203125,19.6877454778126,100.0,1,-0.54,2545.1915283203125,19.64260704364608,100.0,1,-1.32,2558.7144775390625,19.21565727102246,100.0,1,-1.39,2561.990447998047,19.112227551664663,100.0,1,-1.45,2566.5769653320312,18.96742093432088,100.0,1,-1.45,2562.089324951172,19.10910578495745,100.0,1,-1.45,2563.345184326172,19.06945549374286,100.0,1,-1.46,2567.48046875,18.938895309279594,100.0,1,-1.48,2555.694061279297,19.31101857235365,100.0,1,10
ZINC0000000655650,-0.58,2502.477294921875,20.99119099099752,100.0,1,-1.02,2519.899139404297,20.441144368760657,100.0,1,-1.08,2523.1122131347656,20.33970043989161,100.0,1,-1.66,2530.5,20.10645147390939,100.0,1,-1.71,2533.7362060546875,20.00427720579217,100.0,1,-1.73,2538.647003173828,19.84923234985863,100.0,1,-1.73,2539.4365234375,19.82430542810483,100.0,1,-1.77,2531.170379638672,20.085286088336133,100.0,1,-1.77,2536.37890625,19.9208412459842,100.0,1,-2.71,2561.933898925781,19.11401293243888,100.0,1,10
ZINC0000000658200,-1.44,2496.847595214844,21.168933210610646,100.0,1,-1.62,2500.278625488281,21.06060790587033,100.0,1,-1.71,2491.9985961914062,21.322026962352187,100.0,1,-1.83,2500.6075134277344,21.05022417753588,100.0,1,-1.94,2497.32861328125,21.153746393685,100.0,1,-1.95,2486.2217712402344,21.50441425520465,100.0,1,-1.99,2497.644317626953,21.143778900911503,100.0,1,-2.19,2493.5569763183594,21.272825413925062,100.0,1,-2.39,2494.265380859375,21.25045949708107,100.0,1,-2.44,2490.8468017578125,21.35839169045825,100.0,1,10
ZINC0000000663540,-0.75,2481.8550415039062,21.642281686182592,100.0,1,-0.95,2470.8795471191406,21.98880260822452,100.0,1,-1.13,2485.140380859375,21.5385561697942,100.0,1,-1.24,2462.622009277344,22.24951155913131,100.0,1,-1.45,2479.0455322265625,21.73098418204664,100.0,1,-1.51,2490.7801513671875,21.36049599246089,100.0,1,-1.56,2500.551239013672,21.052000886735904,100.0,1,-1.79,2493.833312988281,21.264100846785,100.0,1,-2.08,2508.358123779297,20.805520062053017,100.0,1,-2.26,2514.028076171875,20.62650697506741,100.0,1,10
ZINC0000000663720,-1.39,2520.3634033203125,20.4264865178604,100.0,1,-1.59,2532.641998291016,20.03882379384377,100.0,1,-1.62,2534.4481201171875,19.98180048550024,100.0,1,-2.07,2551.3795776367188,19.44723647721962,100.0,1,-2.32,2571.0242614746094,18.82700984158152,100.0,1,-2.56,2574.9161071777344,18.7041355623724,100.0,1,-2.62,2573.822784423828,18.73865420868494,100.0,1,-2.69,2576.382598876953,18.65783513726485,100.0,1,-2.8,2577.8102111816406,18.612762221658848,100.0,1,-2.91,2571.0304260253906,18.82681521291644,100.0,1,10
ZINC0000000665010,-1.13,2530.4337768554688,20.10854228679663,100.0,1,-1.21,2526.1845703125,20.242699247530897,100.0,1,-1.44,2523.704315185547,20.32100645296157,100.0,1,-1.47,2519.365600585937,20.457989383372453,100.0,1,-1.55,2512.727752685547,20.667561097792,100.0,1,-1.57,2524.788299560547,20.28678264017137,100.0,1,-1.57,2519.814910888672,20.44380365151125,100.0,1,-1.63,2524.315399169922,20.30171316390439,100.0,1,-1.63,2530.927001953125,20.092970066573795,100.0,1,-1.64,2518.038391113281,20.499892356859096,100.0,1,10
ZINC0000000665200,-0.5,2413.3280029296875,23.805833664715937,100.0,1,-0.54,2444.028564453125,22.836548226323924,100.0,1,-0.57,2430.1560668945312,23.274534022362488,100.0,1,-0.64,2434.2576904296875,23.14503658749121,100.0,1,-0.65,2445.3361206054688,22.795265752145752,100.0,1,-0.79,2444.600830078125,22.8184805197518,100.0,1,-0.81,2451.57568359375,22.598268783805167,100.0,1,-0.83,2463.3024291992188,22.22802917934612,100.0,1,-1.21,2452.306640625,22.57519083436961,100.0,1,-1.65,2485.09423828125,21.54001299425757,100.0,1,10
ZINC0000000665530,-0.3,2514.7364196777344,20.6041429852399,100.0,1,-0.64,2515.121826171875,20.59197483963947,100.0,1,-0.65,2517.2804260253906,20.52382301108967,100.0,1,-0.65,2515.024932861328,20.59503397831089,100.0,1,-0.68,2515.4161071777344,20.582683729652537,100.0,1,-0.69,2515.4149169921875,20.58272130647401,100.0,1,-0.77,2511.885009765625,20.69416837792154,100.0,1,-0.8,2526.1222229003906,20.244667694871275,100.0,1,-0.84,2514.9049682617188,20.598821529214,100.0,1,-1.75,2528.717254638672,20.162736734938804,100.0,1,10
ZINC0000000665880,-0.41,2529.661499023437,20.13292482639316,100.0,1,-0.49,2520.6026916503906,20.41893164972729,100.0,1,-0.66,2523.3688354492188,20.331598299076504,100.0,1,-0.72,2528.0889892578125,20.18257247913677,100.0,1,-0.82,2530.972961425781,20.091519023159886,100.0,1,-0.85,2551.607879638672,19.44002847205398,100.0,1,-1.05,2556.1632385253906,19.296205596626272,100.0,1,-1.06,2550.8604736328125,19.46362575243249,100.0,1,-1.07,2553.1217346191406,19.39223268215336,100.0,1,-1.07,2564.92333984375,19.0196295919743,100.0,1,10
ZINC0000000665930,-1.44,2493.7957763671875,21.265285961923848,100.0,1,-1.54,2537.19091796875,19.895204218655323,100.0,1,-2.66,2546.2452392578125,19.609339031032903,100.0,1,-2.71,2537.8587341308594,19.87411976777448,100.0,1,-2.72,2547.863800048828,19.55823744435065,100.0,1,-3.04,2555.113677978516,19.3293425721184,100.0,1,-3.17,2532.154571533203,20.05421294750044,100.0,1,-3.33,2549.3106384277344,19.51255751855157,100.0,1,-3.45,2548.205291748047,19.54745578711185,100.0,1,-3.62,2552.783935546875,19.40289775489476,100.0,1,10
ZINC0000000670660,-0.49,2495.5267944335938,21.210633847366267,100.0,1,-0.63,2508.264862060547,20.80846454324352,100.0,1,-0.7,2517.6904296875,20.510878277845407,100.0,1,-0.87,2526.7393493652344,20.225183631181995,100.0,1,-1.17,2576.147003173828,18.66527342090056,100.0,1,-1.17,2573.4324645996094,18.75097747911249,100.0,1,-1.25,2532.262756347656,20.050797310779124,100.0,1,-1.83,2543.785125732422,19.68701032102322,100.0,1,-2.14,2524.588409423828,20.293093619162807,100.0,1,-2.49,2548.824920654297,19.52789271574665,100.0,1,10
ZINC0000000671380,-0.79,2447.167022705078,22.73746007510893,100.0,1,-0.97,2460.353240966797,22.32114165243822,100.0,1,-1.15,2461.0867309570312,22.2979837318185,100.0,1,-1.62,2455.849822998047,22.4633246368364,100.0,1,-2.2,2446.083953857422,22.77165498265184,100.0,1,-2.42,2440.963256835937,22.93332684828052,100.0,1,-3.19,2470.758117675781,21.99263640752329,100.0,1,-3.37,2548.8482971191406,19.527154668432534,100.0,1,-3.81,2513.8688049316406,20.63153552458746,100.0,1,-4.23,2528.5623168945312,20.167628466288352,100.0,1,10
ZINC0000000676170,-0.71,2540.12939453125,19.8024299369565,100.0,1,-0.85,2533.1170959472656,20.023823897517254,100.0,1,-0.9,2550.460235595703,19.476262163039006,100.0,1,-0.96,2554.2926025390625,19.35526576139544,100.0,1,-0.96,2542.2716064453125,19.73479551233317,100.0,1,-1.0,2548.256378173828,19.545842874313124,100.0,1,-1.14,2547.3336791992188,19.57497454603924,100.0,1,-1.16,2553.587127685547,19.377539181448103,100.0,1,-2.05,2551.7418518066406,19.43579867086736,100.0,1,-2.31,2548.6453857421875,19.53356103474002,100.0,1,10
ZINC0000000677180,-0.39,2478.2951049804688,21.7546768497412,100.0,1,-0.4,2506.317901611328,20.86993444212834,100.0,1,-0.41,2494.9773559570312,21.22798084977265,100.0,1,-0.45,2498.7810974121094,21.10788821886097,100.0,1,-0.51,2498.868682861328,21.105122950203658,100.0,1,-0.57,2486.785919189453,21.486602841825167,100.0,1,-0.6,2484.351348876953,21.56346767541612,100.0,1,-0.6,2495.1039428710938,21.223984217580817,100.0,1,-1.22,2497.7798461914062,21.13949996080448,100.0,1,-1.39,2488.5301208496094,21.43153449170662,100.0,1,10
ZINC0000000677620,-1.65,2458.8657836914062,22.368104007708684,100.0,1,-2.68,2473.9373779296875,21.89226004578745,100.0,1,-2.68,2468.8950805664062,22.051456658739948,100.0,1,-2.74,2450.9321899414062,22.61858531861637,100.0,1,-2.85,2474.847412109375,21.86352822998217,100.0,1,-3.4,2480.005920410156,21.700662577640458,100.0,1,-3.46,2468.358703613281,22.06839127961834,100.0,1,-3.49,2472.9096069335938,21.9247090763941,100.0,1,-3.67,2464.260131835937,22.19779236366532,100.0,1,-4.25,2494.802703857422,21.233495007447143,100.0,1,10
ZINC0000000679080,-0.82,2534.1209411621094,19.99213025737309,100.0,1,-1.22,2583.304229736328,18.43930375969396,100.0,1,-1.24,2579.6417236328125,18.55493727445717,100.0,1,-1.4,2575.5108337402344,18.685358713733454,100.0,1,-1.42,2582.759155273437,18.45651298042159,100.0,1,-1.43,2583.862335205078,18.421683120946568,100.0,1,-1.46,2576.1823120117188,18.664158641863445,100.0,1,-1.82,2592.4819946289062,18.14954118122873,100.0,1,-2.4,2570.613067626953,18.83999215164725,100.0,1,-2.51,2614.7474060058594,17.446572311717578,100.0,1,10
ZINC0000000679900,-2.11,2436.2536010742188,23.08202122138467,100.0,1,-2.12,2471.6062622070312,21.965858586434745,100.0,1,-2.18,2472.2662353515625,21.94502175717233,100.0,1,-2.21,2459.5416259765625,22.34676615415993,100.0,1,-2.41,2481.1355590820312,21.664997356518786,100.0,1,-2.44,2470.0935668945312,22.013617763022143,100.0,1,-2.66,2480.2252197265625,21.693738807406497,100.0,1,-2.7,2474.63037109375,21.870380700606155,100.0,1,-2.89,2492.7235107421875,21.299139787548743,100.0,1,-3.04,2482.02587890625,21.63688796703845,100.0,1,10
ZINC0000000680200,-2.79,2459.733367919922,22.34071243186937,100.0,1,-2.86,2457.3668212890625,22.415429605586745,100.0,1,-2.87,2453.3446044921875,22.54241999200982,100.0,1,-3.43,2478.6362915039062,21.743904827584824,100.0,1,-3.54,2482.878448486328,21.609970437254685,100.0,1,-3.94,2512.35693359375,20.679268686452296,100.0,1,-4.58,2510.957092285156,20.7234648095572,100.0,1,-4.61,2509.833770751953,20.75893058447258,100.0,1,-4.65,2510.466064453125,20.738967657186542,100.0,1,-4.74,2512.9176025390625,20.661567113012502,100.0,1,10
ZINC0000000680230,-1.23,2451.307983398437,22.60672067811248,100.0,1,-1.48,2456.96826171875,22.42801302323989,100.0,1,-1.74,2457.0532836914062,22.42532868927499,100.0,1,-1.77,2452.8209838867188,22.55895186644265,100.0,1,-1.88,2457.5968627929688,22.40816668045126,100.0,1,-2.0,2466.105529785156,22.139529020213093,100.0,1,-2.01,2472.512756347656,21.93723853758565,100.0,1,-2.03,2458.3360595703125,22.384828583790107,100.0,1,-3.62,2498.8998413085938,21.104139208287588,100.0,1,-3.79,2486.189819335937,21.505423048335047,100.0,1,10
ZINC0000000687700,-0.68,2509.0646057128906,20.78321484622832,100.0,1,-0.74,2521.5819396972656,20.38801459722696,100.0,1,-0.75,2516.6471557617188,20.543816770639484,100.0,1,-0.76,2521.8131103515625,20.380716022286485,100.0,1,-1.1,2534.264678955078,19.98759213354872,100.0,1,-1.12,2520.6393432617188,20.417774476327487,100.0,1,-1.25,2548.7019653320312,19.53177469045756,100.0,1,-1.4,2539.840057373047,19.81156495860807,100.0,1,-1.44,2535.3097534179688,19.954596793768307,100.0,1,-1.52,2542.098388671875,19.74026438512025,100.0,1,10
ZINC0000000688110,-0.09,2519.159484863281,20.46449691804545,100.0,1,-0.58,2548.167388916016,19.54865246434961,100.0,1,-0.59,2549.627349853516,19.502558230006063,100.0,1,-0.6,2561.558654785156,19.1258602297944,100.0,1,-0.64,2559.27197265625,19.198055902439933,100.0,1,-0.9,2573.3637084960938,18.75314826318389,100.0,1,-1.04,2568.948760986328,18.892538037185712,100.0,1,-1.07,2568.332244873047,18.912002830710136,100.0,1,-1.2,2566.263641357422,18.977313273451426,100.0,1,-1.25,2561.556640625,19.12592382133844,100.0,1,10
ZINC0000000689270,-0.78,2543.748291015625,19.68817327547248,100.0,1,-0.91,2540.01611328125,19.806006479554394,100.0,1,-1.12,2573.293243408203,18.755373003716908,100.0,1,-1.22,2556.803924560547,19.275977704573418,100.0,1,-1.41,2566.9388122558594,18.95599661708402,100.0,1,-1.49,2586.5828857421875,18.335789251610773,100.0,1,-1.66,2567.6487731933594,18.933581561319627,100.0,1,-1.75,2546.250457763672,19.60917427112336,100.0,1,-1.83,2554.936828613281,19.3349261023864,100.0,1,-1.88,2581.0393981933594,18.51080956043752,100.0,1,10
ZINC0000000696350,-1.76,2495.816162109375,21.20149786220645,100.0,1,-1.92,2504.9829711914062,20.912081183200456,100.0,1,-1.92,2500.5079650878906,21.053367141424435,100.0,1,-2.01,2501.521728515625,21.02136036110131,100.0,1,-2.07,2511.513458251953,20.705899090779663,100.0,1,-2.15,2504.8409118652344,20.916566314071467,100.0,1,-2.28,2517.525146484375,20.51609663848932,100.0,1,-2.34,2510.382598876953,20.741602852231058,100.0,1,-2.74,2528.644775390625,20.16502506701585,100.0,1,-3.87,2504.7251586914062,20.92022090083704,100.0,1,10
ZINC0000000697240,-0.35,2522.6273803710938,20.35500769534764,100.0,1,-0.36,2512.0653381347656,20.688475007713848,100.0,1,-0.37,2520.052215576172,20.436311411413936,100.0,1,-0.5,2504.186798095703,20.937218149751228,100.0,1,-0.59,2504.962921142578,20.91271420811609,100.0,1,-0.66,2513.9506225585938,20.628952358988062,100.0,1,-0.68,2509.858459472656,20.75815110630402,100.0,1,-0.68,2521.437225341797,20.39258355331511,100.0,1,-0.74,2514.5318298339844,20.61060234450075,100.0,1,-0.76,2514.3837890625,20.615276322987388,100.0,1,10
ZINC0000000701570,-1.77,2471.0610961914062,21.98307069768711,100.0,1,-1.87,2469.069549560547,22.045948282114907,100.0,1,-1.89,2469.839782714844,22.021630297570656,100.0,1,-2.02,2473.918334960937,21.892861274931064,100.0,1,-2.1,2477.5541381835938,21.77807082988044,100.0,1,-2.23,2480.587615966797,21.68229714702126,100.0,1,-2.68,2489.2787475585938,21.407898670998392,100.0,1,-3.07,2496.0211486816406,21.19502597733844,100.0,1,-3.15,2501.118621826172,21.03408734148266,100.0,1,-3.58,2552.0919189453125,19.42474626781228,100.0,1,10
ZINC0000000701940,-1.85,2476.4004821777344,21.81449433198933,100.0,1,-1.9,2474.4721069335938,21.875377454354183,100.0,1,-2.33,2489.100341796875,21.413531340186783,100.0,1,-2.52,2544.2539978027344,19.67220698037827,100.0,1,-2.61,2504.5271911621094,20.92647117880917,100.0,1,-2.82,2488.4126586914062,21.435243034933805,100.0,1,-2.86,2483.238739013672,21.59859525893821,100.0,1,-3.01,2481.551818847656,21.65185510408472,100.0,1,-3.39,2500.8390197753906,21.04291500400473,100.0,1,-4.6,3167.3221740722656,0.0005501632067342,0.0,1,10
ZINC0000000704850,-1.28,2531.222442626953,20.08364234327363,100.0,1,-1.83,2538.1900024414062,19.863660885797064,100.0,1,-1.88,2539.461212158203,19.823525949936265,100.0,1,-1.95,2550.9574584960938,19.460563723236344,100.0,1,-1.96,2543.844696044922,19.685129552932946,100.0,1,-2.3,2565.7155151367188,18.99461884500336,100.0,1,-2.32,2548.20361328125,19.54750878006521,100.0,1,-2.42,2564.582427978516,19.03039294255649,100.0,1,-2.74,2560.3346252441406,19.164505581911573,100.0,1,-2.76,2569.3194580078125,18.88083430255839,100.0,1,10
ZINC0000000705020,-1.06,2567.88330078125,18.92617700047243,100.0,1,-1.1,2568.2950134277344,18.91317831076656,100.0,1,-1.25,2571.1792907714844,18.822115219707243,100.0,1,-1.26,2564.886749267578,19.020784838357617,100.0,1,-1.31,2570.540954589844,18.842268921625383,100.0,1,-1.69,2545.0880737304688,19.64587333658973,100.0,1,-2.06,2546.005249023437,19.6169160598556,100.0,1,-2.16,2562.7589111328125,19.087965450598503,100.0,1,-2.48,2559.4549865722656,19.19227774350686,100.0,1,-2.58,2558.3726501464844,19.226449526851937,100.0,1,10
ZINC0000000705140,-0.98,2530.817901611328,20.0964146085424,100.0,1,-1.09,2518.570617675781,20.48308877310175,100.0,1,-1.18,2518.3582763671875,20.489792863456312,100.0,1,-1.22,2524.5357360839844,20.29475663439017,100.0,1,-1.32,2531.071685791016,20.088402073993887,100.0,1,-1.34,2527.216339111328,20.21012399734441,100.0,1,-1.39,2542.9129028320312,19.714548350115464,100.0,1,-1.44,2513.682098388672,20.63743026801793,100.0,1,-1.5,2531.439697265625,20.076783128091947,100.0,1,-1.77,2537.1642456054688,19.896046324859675,100.0,1,10
ZINC0000000705420,-0.87,2581.4331665039062,18.49837741357852,100.0,1,-1.0,2551.886749267578,19.43122393372975,100.0,1,-1.11,2555.75439453125,19.309113716557302,100.0,1,-1.58,2565.249328613281,19.009337396922923,100.0,1,-1.62,2572.068084716797,18.794054005639065,100.0,1,-1.66,2577.6402893066406,18.61812703555569,100.0,1,-2.02,2592.9119873046875,18.135965350085325,100.0,1,-2.28,2586.2864685058594,18.345147807174715,100.0,1,-2.4,2583.4791259765625,18.43378189395351,100.0,1,-2.8,2587.0328674316406,18.321582322568226,100.0,1,10
ZINC0000000708390,-0.66,2500.754180908203,21.04559355692017,100.0,1,-0.69,2474.1956481933594,21.884105875527226,100.0,1,-0.88,2473.7433166503906,21.898386994704484,100.0,1,-1.37,2448.7039794921875,22.68893490946838,100.0,1,-1.44,2486.4448852539062,21.497370046440327,100.0,1,-1.47,2477.1187133789062,21.791818165491097,100.0,1,-1.52,2487.582489013672,21.46145334966724,100.0,1,-1.53,2474.735717773437,21.86705467015144,100.0,1,-1.91,2467.311889648437,22.1014415393686,100.0,1,-2.18,2459.3167419433594,22.35386624640236,100.0,1,10
ZINC0000000710620,-0.88,2434.4141845703125,23.140095717221275,100.0,1,-0.98,2486.8990173339844,21.483032080276733,100.0,1,-2.73,2472.9873046875,21.922255984407503,100.0,1,-3.24,2479.188720703125,21.72646340137064,100.0,1,-3.46,2484.498962402344,21.558807186044888,100.0,1,-3.65,2482.255126953125,21.62965009311729,100.0,1,-3.84,2501.680725097656,21.01634048315545,100.0,1,-3.85,2495.94775390625,21.197343214662776,100.0,1,-4.12,2494.9871826171875,21.22767060011841,100.0,1,-4.33,2489.74951171875,21.393035592842384,100.0,1,10
ZINC0000000710700,-0.49,2405.253295898437,24.060770237739103,100.0,1,-1.7,2404.901672363281,24.071871779714574,100.0,1,-2.16,2425.8705444335938,23.40983755790588,100.0,1,-2.53,2417.312866210937,23.680022612382253,100.0,1,-2.67,2431.2283935546875,23.24067826972111,100.0,1,-2.67,2439.3678588867188,22.983697132206355,100.0,1,-2.74,2431.5299682617188,23.231156881264106,100.0,1,-2.98,2427.1040649414062,23.37089255472515,100.0,1,-3.39,2427.8935546875,23.345966596479588,100.0,1,-3.59,2440.2237548828125,22.9566745800241,100.0,1,10
ZINC0000000711370,-0.79,2503.4656982421875,20.95998488602429,100.0,1,-0.81,2509.354034423828,20.774076934052022,100.0,1,-0.82,2507.530578613281,20.83164751507756,100.0,1,-0.83,2502.868530273437,20.97883881532268,100.0,1,-0.86,2508.1835021972656,20.81103325621927,100.0,1,-0.89,2499.1295776367188,21.09688591823453,100.0,1,-0.91,2512.8162231445312,20.66476788739564,100.0,1,-0.96,2509.894317626953,20.75701898411853,100.0,1,-0.98,2501.894470214844,21.009592071421707,100.0,1,-1.01,2505.8356018066406,20.885161726400195,100.0,1,10
ZINC0000000713710,-1.66,2607.0193481445312,17.690564394608888,100.0,1,-2.18,2610.608642578125,17.577242336120545,100.0,1,-2.2,2612.2559814453125,17.525232161165174,100.0,1,-2.22,2613.4474182128906,17.487615835851493,100.0,1,-2.25,2608.164306640625,17.654415492349244,100.0,1,-2.36,2603.9469604492188,17.78756655047785,100.0,1,-2.48,2614.455810546875,17.45577863297913,100.0,1,-2.51,2601.932647705078,17.8511629120549,100.0,1,-2.58,2608.879425048828,17.631837603691793,100.0,1,-2.63,2604.572723388672,17.767809813955807,100.0,1,10
ZINC0000000713790,-1.97,2563.843170166016,19.05373296623413,100.0,1,-1.97,2568.6100158691406,18.90323297868265,100.0,1,-2.07,2545.6149291992188,19.62923933028315,100.0,1,-2.12,2567.378173828125,18.94212498891002,100.0,1,-2.12,2559.917510986328,19.17767481257645,100.0,1,-2.51,2589.447784423828,18.245337988285744,100.0,1,-2.55,2588.2860412597656,18.28201682007902,100.0,1,-2.79,2559.8999633789062,19.17822882981616,100.0,1,-2.8,2576.2120361328125,18.6632201848348,100.0,1,-4.22,2593.0484008789062,18.131658468239262,100.0,1,10
ZINC0000000713870,-0.51,2515.736297607422,20.572574601167325,100.0,1,-0.58,2517.33203125,20.52219371865081,100.0,1,-0.64,2503.938415527344,20.945060143340736,100.0,1,-0.65,2527.3209533691406,20.206821091087527,100.0,1,-0.66,2514.8717346191406,20.599870789690584,100.0,1,-0.83,2536.880096435547,19.905017550109942,100.0,1,-0.84,2543.4900817871094,19.696325518716225,100.0,1,-0.88,2534.9873962402344,19.96477433133877,100.0,1,-0.99,2530.669982910156,20.101084732996064,100.0,1,-1.8,2554.8849487304688,19.33656406639944,100.0,1,10
ZINC0000000716670,-1.52,2498.1004333496094,21.12937830671212,100.0,1,-1.53,2492.655639648437,21.301282629881104,100.0,1,-1.65,2491.1874084472656,21.3476379749585,100.0,1,-1.71,2503.259185791016,20.966504946304457,100.0,1,-1.83,2505.5948791503906,20.89276187942072,100.0,1,-1.93,2505.4588317871094,20.897057199167868,100.0,1,-1.99,2505.518829345703,20.895162941962194,100.0,1,-2.05,2509.527740478516,20.76859264513305,100.0,1,-2.11,2512.853515625,20.66359048032273,100.0,1,-2.21,2530.9723205566406,20.091539256832988,100.0,1,10
ZINC0000000716780,-0.64,2450.242492675781,22.640360604907432,100.0,1,-1.52,2467.513702392578,22.095069859357857,100.0,1,-1.78,2475.0846557617188,21.856037916901343,100.0,1,-1.91,2514.4058837890625,20.61457874301948,100.0,1,-1.98,2465.697784423828,22.15240245384738,100.0,1,-2.05,2470.7416381835938,21.99315670197449,100.0,1,-2.07,2476.03466796875,21.826043905297777,100.0,1,-2.09,2479.7572631835938,21.708513242804152,100.0,1,-2.16,2466.496826171875,22.127174917521767,100.0,1,-3.04,2503.7794189453125,20.950080021286595,100.0,1,10
ZINC0000000718210,-1.28,2403.0592041015625,24.13004262637548,100.0,1,-1.39,2398.3543701171875,24.27858476517724,100.0,1,-1.4,2401.360595703125,24.18367149517903,100.0,1,-1.43,2403.987060546875,24.1007481217563,100.0,1,-1.48,2405.6945190429688,24.046839835562288,100.0,1,-1.74,2437.858703613281,23.03134454183757,100.0,1,-1.75,2446.149475097656,22.769586330454192,100.0,1,-1.87,2416.7178955078125,23.69880716908714,100.0,1,-2.0,2412.652404785156,23.827163810198744,100.0,1,-2.18,2428.1326904296875,23.338416545887696,100.0,1,10
ZINC0000000718240,-1.82,2427.617126464844,23.354694054144385,100.0,1,-1.92,2427.6177368164062,23.35467478397953,100.0,1,-2.04,2443.2452392578125,22.861279555904407,100.0,1,-2.12,2448.1318359375,22.70699876200753,100.0,1,-2.15,2423.4508666992188,23.486232199474266,100.0,1,-2.17,2430.3810424804688,23.267431039595333,100.0,1,-2.2,2423.231689453125,23.49315211567525,100.0,1,-2.33,2423.60009765625,23.48152064416616,100.0,1,-2.58,2423.795288085937,23.475358045444136,100.0,1,-2.66,2440.446044921875,22.94965638598233,100.0,1,10
ZINC0000000718340,-0.5,2381.41064453125,24.813536103771533,100.0,1,-0.87,2430.2755737304688,23.270760924083028,100.0,1,-0.98,2448.1466674804688,22.70653049700145,100.0,1,-1.14,2429.2774658203125,23.302273424677512,100.0,1,-1.67,2440.100646972656,22.96056137227623,100.0,1,-1.79,2396.176025390625,24.34735998356024,100.0,1,-1.82,2431.245056152344,23.24015219422045,100.0,1,-2.18,2484.115478515625,21.57091463062601,100.0,1,-3.15,3167.322998046875,0.0005241484841741,0.0,1,-3.49,2517.9884033203125,20.50147058336108,100.0,1,10
ZINC0000000718390,-1.08,2422.42529296875,23.51861185748741,100.0,1,-1.35,2422.786071777344,23.50722126303906,100.0,1,-1.39,2435.2455444335938,23.113847825666365,100.0,1,-1.75,2475.23583984375,21.851264697065687,100.0,1,-1.78,2474.8117065429688,21.864655534626444,100.0,1,-1.8,2479.1104736328125,21.7289338365056,100.0,1,-1.81,2484.0789794921875,21.5720669864846,100.0,1,-1.83,2482.7761840820312,21.61319915337687,100.0,1,-2.45,2444.2986450195312,22.828021178373664,100.0,1,-2.73,2449.2488403320312,22.671732433298445,100.0,1,10
ZINC0000000718450,-0.73,2477.0900268554688,21.792723863239484,100.0,1,-1.35,2502.065155029297,21.00420316981879,100.0,1,-1.53,2514.4916381835938,20.611871284856743,100.0,1,-1.53,2484.8243713378906,21.548533297650128,100.0,1,-1.58,2515.027862548828,20.59494148151957,100.0,1,-1.58,2497.67919921875,21.14267761098979,100.0,1,-1.59,2510.2076416015625,20.747126644987983,100.0,1,-1.66,2506.531768798828,20.863182176361622,100.0,1,-1.67,2504.918029785156,20.91413152874149,100.0,1,-2.84,2528.2518310546875,20.1774311991523,100.0,1,10
ZINC0000000718610,-1.71,2488.0672607421875,21.446148021227703,100.0,1,-1.79,2490.330139160156,21.37470388501169,100.0,1,-1.83,2484.6461181640625,21.5541611492973,100.0,1,-2.13,2493.733154296875,21.26726308083842,100.0,1,-2.28,2489.768493652344,21.39243629071526,100.0,1,-2.32,2496.193664550781,21.189579265240948,100.0,1,-2.4,2494.62548828125,21.23909009981406,100.0,1,-2.46,2494.425109863281,21.24541649493738,100.0,1,-2.52,2479.674743652344,21.71111856909313,100.0,1,-2.52,2491.7967529296875,21.328399605871173,100.0,1,10
ZINC0000000718640,-1.38,2392.0411376953125,24.477907642416348,100.0,1,-1.43,2402.14990234375,24.15875131798293,100.0,1,-1.55,2408.8969116210938,23.945733134578283,100.0,1,-1.57,2394.3451538085938,24.40516469708881,100.0,1,-1.6,2391.1580200195312,24.50578964395133,100.0,1,-1.64,2397.7613525390625,24.297307657354576,100.0,1,-2.0,2471.139587402344,21.9805925544862,100.0,1,-2.17,2477.3442993164062,21.784695912559084,100.0,1,-2.21,2482.4207153320312,21.624422097390948,100.0,1,-2.33,2470.438720703125,22.00272048479418,100.0,1,10
ZINC0000000718690,-2.07,2436.7265625,23.067088770635166,100.0,1,-2.08,2446.134094238281,22.770071938608645,100.0,1,-2.12,2398.0470581054688,24.28828729318392,100.0,1,-2.14,2389.0264892578125,24.573086840689616,100.0,1,-2.27,2394.3316650390625,24.4055905677322,100.0,1,-2.28,2401.8844604492188,24.16713191268025,100.0,1,-2.29,2389.363220214844,24.56245549073672,100.0,1,-2.57,2400.1492919921875,24.22191506435888,100.0,1,-2.66,2417.2367553710938,23.682425601940214,100.0,1,-2.69,2410.0103759765625,23.910578572825383,100.0,1,10
ZINC0000000718780,-0.62,2397.86181640625,24.29413578821873,100.0,1,-1.36,2416.8951416015625,23.693211113211987,100.0,1,-1.87,2421.6353149414062,23.543553231864863,100.0,1,-2.34,2424.8731689453125,23.441326934302538,100.0,1,-2.53,2437.668029785156,23.03736454133963,100.0,1,-2.59,2427.6716918945312,23.35297130140596,100.0,1,-2.61,2434.612060546875,23.13384832977388,100.0,1,-2.69,2438.7293090820312,23.0038575786822,100.0,1,-2.85,2435.953186035156,23.09150599652844,100.0,1,-3.33,2455.7662353515625,22.465963685913888,100.0,1,10
ZINC0000000718830,-1.13,2442.725524902344,22.877688101282136,100.0,1,-1.52,2385.939453125,24.670551480515204,100.0,1,-1.73,2384.381103515625,24.71975206543408,100.0,1,-1.85,2387.6447143554688,24.61671256691468,100.0,1,-2.48,2468.999938964844,22.04814604441712,100.0,1,-2.49,2471.51806640625,21.96864312525692,100.0,1,-2.51,2464.4459838867188,22.191924598465647,100.0,1,-2.6,2464.3610229492188,22.19460700541407,100.0,1,-2.61,2455.514709472656,22.473904920852423,100.0,1,-2.65,2454.193298339844,22.5156248277729,100.0,1,10
ZINC0000000719430,-1.53,2471.313537597656,21.975100557501285,100.0,1,-1.59,2473.4956665039062,21.90620586409616,100.0,1,-1.65,2442.068664550781,22.89842665270376,100.0,1,-1.68,2450.069702148437,22.64581598857912,100.0,1,-1.69,2447.29150390625,22.73352992498588,100.0,1,-1.71,2452.0474243164062,22.58337487338538,100.0,1,-1.77,2440.095947265625,22.960709752545647,100.0,1,-1.91,2442.9904174804688,22.86932484973318,100.0,1,-2.31,2476.353515625,21.81597717117525,100.0,1,-3.36,2489.727905273437,21.39371775667841,100.0,1,10
ZINC0000000719590,-0.89,2423.21875,23.49356064317028,100.0,1,-1.49,2421.9596557617188,23.53331306625861,100.0,1,-2.01,2468.9878540039062,22.048527593681328,100.0,1,-2.05,2408.8322143554688,23.94777577205337,100.0,1,-2.21,2439.9127197265625,22.96649465603642,100.0,1,-2.3,2441.6446533203125,22.91181363623155,100.0,1,-2.36,2446.1114501953125,22.77078686172493,100.0,1,-2.4,2454.315795898437,22.51175730568563,100.0,1,-2.5,2449.43359375,22.66589935439552,100.0,1,-2.62,2462.8171997070312,22.243348960409293,100.0,1,10
ZINC0000000719780,-1.25,2435.067749023437,23.119461224689893,100.0,1,-1.32,2439.748352050781,22.97168411143304,100.0,1,-1.34,2429.5642700195312,23.293218374210102,100.0,1,-1.4,2419.1781616210938,23.62113106155561,100.0,1,-1.45,2420.7872314453125,23.57032912593693,100.0,1,-1.49,2422.2330322265625,23.52468195941811,100.0,1,-1.49,2424.8465576171875,23.4421671134904,100.0,1,-1.53,2422.9295043945312,23.50269277429712,100.0,1,-1.98,2506.807678222656,20.85447109833696,100.0,1,-2.89,2452.0592651367188,22.58300103218712,100.0,1,10
ZINC0000000719970,-1.29,2446.48779296875,22.758904878072656,100.0,1,-1.37,2438.689758300781,23.005106285365088,100.0,1,-1.37,2446.5756225585938,22.7561319013494,100.0,1,-1.4,2442.90478515625,22.872028453862946,100.0,1,-1.8,2462.4705200195312,22.2542944140494,100.0,1,-1.82,2487.865234375,21.452526445796146,100.0,1,-1.96,2494.2125854492188,21.252126366341404,100.0,1,-2.05,2497.232727050781,21.1567737365844,100.0,1,-2.1,2491.390930175781,21.341212338486148,100.0,1,-2.53,2458.0729370117188,22.39313595186097,100.0,1,10
ZINC0000000720300,-2.77,2432.1142578125,23.212709552444256,100.0,1,-2.85,2425.007080078125,23.4370990601324,100.0,1,-2.89,2434.7969970703125,23.128009469821496,100.0,1,-2.92,2425.3705444335938,23.42562367695865,100.0,1,-2.92,2425.946350097656,23.40744420343035,100.0,1,-2.99,2430.3707885742188,23.267754778364967,100.0,1,-3.03,2439.8306884765625,22.96908456619352,100.0,1,-3.04,2443.5465698242188,22.851765875513347,100.0,1,-3.05,2441.48095703125,22.916981894446824,100.0,1,-3.09,2433.6661987304688,23.1637113042564,100.0,1,10
ZINC0000000720540,-1.71,2430.7760620117188,23.254959388898367,100.0,1,-2.14,2426.13623046875,23.40144925514261,100.0,1,-2.15,2432.15185546875,23.21152251028892,100.0,1,-2.4,2440.752990722656,22.93996542007456,100.0,1,-2.45,2473.162414550781,21.916727374109364,100.0,1,-2.54,2405.2860107421875,24.059737356902648,100.0,1,-3.34,2478.6138916015625,21.74461204263516,100.0,1,-4.46,2463.5593872070312,22.21991643994033,100.0,1,-4.49,2467.423828125,22.0979073911334,100.0,1,-4.78,2458.3238525390625,22.38521398708729,100.0,1,10
ZINC0000000721290,-1.71,2420.881774902344,23.56734417740021,100.0,1,-1.93,2468.6627807617188,22.05879088348541,100.0,1,-2.22,2469.2935180664062,22.03887709511977,100.0,1,-2.22,2481.035461425781,21.66815766355572,100.0,1,-2.5,2497.934326171875,21.134622682078582,100.0,1,-2.82,2499.2432861328125,21.09329588652124,100.0,1,-2.84,2469.0612182617188,22.04621131986524,100.0,1,-2.87,2456.479797363281,22.44343493617683,100.0,1,-2.87,2459.78466796875,22.33909277451294,100.0,1,-2.92,2467.96630859375,22.08078006860641,100.0,1,10
ZINC0000000721640,-2.72,2464.671264648437,22.184811980616065,100.0,1,-2.85,2469.1070556640625,22.0447641304843,100.0,1,-2.89,2461.31298828125,22.290840281705144,100.0,1,-2.89,2467.0250244140625,22.11049851685249,100.0,1,-2.98,2459.2262573242188,22.356723048342754,100.0,1,-2.99,2467.328186035156,22.10092702596685,100.0,1,-3.23,2475.357360839844,21.84742800724219,100.0,1,-3.3,2474.2709350585938,21.881728900691822,100.0,1,-3.85,2450.4990234375,22.63226135461705,100.0,1,-4.11,3167.3193359375,0.0006397694733302,0.0,1,10
ZINC0000000724160,-0.38,2466.508728027344,22.12679914930701,100.0,1,-0.41,2484.6261596679688,21.5547912836882,100.0,1,-0.43,2460.6676635742188,22.311214627010926,100.0,1,-0.43,2474.370330810547,21.87859075434448,100.0,1,-0.47,2474.6150817871094,21.87086341823588,100.0,1,-0.56,2477.865753173828,21.768232447211503,100.0,1,-0.57,2472.7745056152344,21.92897452738572,100.0,1,-0.57,2474.3804626464844,21.87827086960781,100.0,1,-0.58,2472.1332397460938,21.949220726095188,100.0,1,-0.61,2475.049194335937,21.85715751347967,100.0,1,10
ZINC0000000726910,-0.98,2538.8766479492188,19.841981950330304,100.0,1,-1.03,2562.8062133789062,19.086472012821908,100.0,1,-1.1,2538.4283142089844,19.856136849927733,100.0,1,-1.27,2548.289031982422,19.54481192049315,100.0,1,-1.38,2565.7319946289062,18.99409855055216,100.0,1,-1.44,2543.655517578125,19.6911023405311,100.0,1,-1.66,2532.566345214844,20.041212330778084,100.0,1,-1.67,2542.508117675781,19.72732832345018,100.0,1,-1.76,2549.560302734375,19.504675057615867,100.0,1,-1.82,2546.5726928710938,19.599000587585863,100.0,1,10
ZINC0000000727080,-0.65,2503.6866455078125,20.95300908634521,100.0,1,-0.79,2516.698974609375,20.54218073364293,100.0,1,-0.98,2508.8252868652344,20.79077067786967,100.0,1,-0.99,2526.1217041015625,20.244684074511408,100.0,1,-1.01,2544.1632080078125,19.67507341740109,100.0,1,-1.04,2531.6700439453125,20.06951056787403,100.0,1,-1.05,2501.7367553710938,21.01457148202136,100.0,1,-1.09,2512.062286376953,20.688571358538145,100.0,1,-1.19,2541.5338134765625,19.75808928761515,100.0,1,-1.34,2556.340087890625,19.290622066358274,100.0,1,10
ZINC0000000727490,-2.51,2541.1216735839844,19.771101466436424,100.0,1,-2.59,2573.4769897460938,18.749571720586,100.0,1,-2.71,2543.383728027344,19.699683344942965,100.0,1,-2.81,2573.3120727539062,18.754778519131,100.0,1,-2.95,2584.365264892578,18.40580450510247,100.0,1,-2.97,2562.716583251953,19.0893018365315,100.0,1,-2.97,2585.078125,18.383297916055,100.0,1,-3.05,2569.4215393066406,18.877611367485667,100.0,1,-3.34,2583.598571777344,18.430010722690536,100.0,1,-3.53,2588.4382934570312,18.27720987745485,100.0,1,10
ZINC0000000727620,-1.34,2483.9537048339844,21.57602218782198,100.0,1,-1.64,2493.3764038085938,21.278526492198704,100.0,1,-1.83,2492.9965209960938,21.29052024280716,100.0,1,-2.07,2500.162567138672,21.064272127718336,100.0,1,-2.19,2501.249420166016,21.0299577451533,100.0,1,-2.23,2508.58642578125,20.798312056887376,100.0,1,-2.73,2518.373504638672,20.48931207284308,100.0,1,-2.87,2556.841735839844,19.274783917860383,100.0,1,-3.09,2515.591522216797,20.57714548427196,100.0,1,-3.56,2527.274932861328,20.20827406151792,100.0,1,10
ZINC0000000730410,-0.39,2568.992919921875,18.89114384075814,100.0,1,-0.48,2571.0499267578125,18.826199531149182,100.0,1,-0.49,2560.2094116210938,19.16845885623247,100.0,1,-0.5,2568.4915466308594,18.90697331768185,100.0,1,-0.52,2573.4801330566406,18.74947247923697,100.0,1,-0.53,2580.559356689453,18.5259655450994,100.0,1,-0.54,2569.918701171875,18.86191485469949,100.0,1,-0.57,2589.0768432617188,18.25704943097901,100.0,1,-0.59,2577.666381835937,18.617303236007952,100.0,1,-0.66,2576.3043212890625,18.660306535908063,100.0,1,10
ZINC0000000734030,-1.84,2439.4471435546875,22.98119393779113,100.0,1,-1.96,2435.346618652344,23.11065668636565,100.0,1,-1.98,2444.002990722656,22.83735564623153,100.0,1,-2.1,2454.2615356445312,22.513470423341627,100.0,1,-2.14,2462.4400634765625,22.25525599527588,100.0,1,-2.15,2460.438415527344,22.3184525009321,100.0,1,-2.77,2456.4409790039062,22.444660518661884,100.0,1,-2.78,2457.9083862304688,22.39833118830705,100.0,1,-2.85,2468.966766357422,22.04919337787722,100.0,1,-4.05,2470.3563232421875,22.0053219570502,100.0,1,10
ZINC0000000734490,-1.45,2454.550048828125,22.504361416412618,100.0,1,-1.58,2450.438415527344,22.634174881987583,100.0,1,-1.71,2448.1390991210938,22.7067694470457,100.0,1,-1.76,2430.819702148437,23.253581572110924,100.0,1,-1.77,2434.6854248046875,23.131532055957784,100.0,1,-2.02,2458.2247314453125,22.38834346186045,100.0,1,-2.25,2483.631591796875,21.5861920173265,100.0,1,-2.28,2503.442138671875,20.96072871438787,100.0,1,-2.42,2436.4744873046875,23.07504734872208,100.0,1,-2.82,2456.4451904296875,22.44452755452436,100.0,1,10
ZINC0000000734540,-1.33,2474.604736328125,21.87119004753025,100.0,1,-1.56,2447.041748046875,22.74141527644632,100.0,1,-1.65,2466.4177856445312,22.129670403871053,100.0,1,-1.72,2451.826171875,22.59036030814689,100.0,1,-2.06,2447.8758544921875,22.715080669149536,100.0,1,-2.23,2463.7761840820312,22.21307167738229,100.0,1,-2.25,2460.4599609375,22.317772264112563,100.0,1,-2.29,2464.861572265625,22.17880354321292,100.0,1,-2.82,2487.7582397460938,21.45590450569599,100.0,1,-3.58,2457.5064697265625,22.41102059186693,100.0,1,10
ZINC0000000734680,-0.98,2519.1502990722656,20.464786934026584,100.0,1,-1.1,2508.6253356933594,20.7970835838776,100.0,1,-1.16,2511.490997314453,20.70660823284649,100.0,1,-1.2,2511.428955078125,20.70856704510444,100.0,1,-1.34,2511.253204345703,20.71411588907569,100.0,1,-1.6,2474.3814392089844,21.87824003734404,100.0,1,-1.75,2491.9164428710938,21.324620726542253,100.0,1,-1.93,2457.2898559570312,22.417859573375505,100.0,1,-2.14,2449.028381347656,22.67869281684564,100.0,1,-2.33,2490.4471740722656,21.37100883089991,100.0,1,10
ZINC0000000734910,-3.31,2546.1767578125,19.611501143530123,100.0,1,-3.8,2527.398162841797,20.20438341523282,100.0,1,-3.95,2537.2303466796875,19.893959366005408,100.0,1,-4.01,2538.1661071777344,19.86441531275131,100.0,1,-4.18,2559.412048339844,19.19363339960472,100.0,1,-4.22,2536.93701171875,19.90322060723681,100.0,1,-4.34,2556.3287353515625,19.290980491424666,100.0,1,-4.6,2551.646453857422,19.43881059763488,100.0,1,-4.65,2563.123352050781,19.07645923516099,100.0,1,-5.04,2549.064666748047,19.52032339498989,100.0,1,10
ZINC0000000734980,-0.75,2477.62646484375,21.77578731534461,100.0,1,-1.16,2452.281188964844,22.57599440024425,100.0,1,-2.25,2497.292510986328,21.15488622393643,100.0,1,-2.31,2492.86572265625,21.29464983913652,100.0,1,-2.32,2494.232421875,21.25150008598348,100.0,1,-2.32,2492.287109375,21.31291795542317,100.0,1,-2.33,2499.0980834960938,21.09788025874128,100.0,1,-2.39,2503.008544921875,20.974418239503944,100.0,1,-2.58,2517.1069946289062,20.529298628434454,100.0,1,-2.58,2487.3921508789062,21.467462750578623,100.0,1,10
ZINC0000000735820,-1.49,2492.438446044922,21.3081399180463,100.0,1,-1.59,2476.803771972656,21.80176157055852,100.0,1,-1.66,2483.731842041016,21.58302689274836,100.0,1,-1.86,2500.876953125,21.04171736325872,100.0,1,-2.49,2496.31201171875,21.18584278027472,100.0,1,-3.19,2522.436248779297,20.36104214747333,100.0,1,-3.28,2530.780548095703,20.0975939426318,100.0,1,-3.32,2514.3790893554688,20.615424703256803,100.0,1,-3.36,2525.3630981445312,20.268634962415085,100.0,1,-3.55,2526.7716369628906,20.224164239460933,100.0,1,10
ZINC0000000735840,-0.66,2436.822570800781,23.0640575737028,100.0,1,-0.66,2404.8679809570312,24.07293549281481,100.0,1,-0.66,2407.8820190429688,23.9777755647064,100.0,1,-0.67,2420.2528076171875,23.587202082287767,100.0,1,-0.68,2430.2453002929688,23.27171672426005,100.0,1,-0.72,2427.6754150390625,23.35285375340032,100.0,1,-0.73,2393.783142089844,24.42290866489129,100.0,1,-0.74,2429.72119140625,23.28826401482477,100.0,1,-0.91,2449.6988525390625,22.65752454074765,100.0,1,-1.01,2409.2918090820312,23.93326533791429,100.0,1,10
ZINC0000000738180,-1.42,2562.3426513671875,19.10110770303258,100.0,1,-1.57,2532.572326660156,20.041023483162466,100.0,1,-1.59,2561.15234375,19.138688378541268,100.0,1,-2.03,2538.347869873047,19.8586766576562,100.0,1,-2.11,2550.3251037597656,19.480528577538863,100.0,1,-2.16,2562.2139587402344,19.105170817293168,100.0,1,-2.24,2567.0859375,18.95135154384468,100.0,1,-2.4,2548.853546142578,19.526988945014743,100.0,1,-2.53,2555.4986267089844,19.31718887914161,100.0,1,-2.76,2560.231506347656,19.16776127626456,100.0,1,10
ZINC0000000739400,-1.32,2491.6315002441406,21.33361700300684,100.0,1,-1.32,2487.72119140625,21.457074204702952,100.0,1,-1.35,2488.689971923828,21.42648763552996,100.0,1,-1.37,2488.8295288085938,21.42208151233487,100.0,1,-1.41,2489.789978027344,21.391757980912207,100.0,1,-1.48,2444.0813903808594,22.83488039355535,100.0,1,-2.53,2464.0148315429688,22.205537042922288,100.0,1,-2.59,2495.2349548339844,21.219847876693763,100.0,1,-2.91,2496.090881347656,21.19282436100326,100.0,1,-2.93,2490.5556640625,21.36758355909616,100.0,1,10
ZINC0000000739650,-0.5,2411.455078125,23.86496609260332,100.0,1,-0.62,2392.7735595703125,24.454783444585136,100.0,1,-0.65,2389.6065673828125,24.554772476007297,100.0,1,-0.78,2414.658508300781,23.76382663233905,100.0,1,-0.78,2405.3781127929688,24.05682948902537,100.0,1,-0.8,2409.7152709960938,23.91989569753488,100.0,1,-1.13,2405.457397460937,24.054326294610146,100.0,1,-1.68,2480.633850097656,21.680837432033165,100.0,1,-1.96,2431.4422607421875,23.23392600395439,100.0,1,-2.15,2408.659118652344,23.953240790807484,100.0,1,10
ZINC0000000740910,-1.15,2448.8644409179688,22.68386878312685,100.0,1,-1.21,2449.325256347656,22.66931980865805,100.0,1,-1.6,2405.4217529296875,24.05545167223793,100.0,1,-2.12,2378.7117309570312,24.898746845763064,100.0,1,-2.31,2391.341125488281,24.50000859449353,100.0,1,-2.34,2379.9937133789062,24.858271791492506,100.0,1,-2.37,2377.8966064453125,24.92448215093272,100.0,1,-2.83,2473.5584106445312,21.90422489114862,100.0,1,-2.89,2472.2921752929688,21.944202775165813,100.0,1,-2.95,2462.5595703125,22.25148289699642,100.0,1,10
ZINC0000000742640,-0.58,2537.0926818847656,19.898305751689435,100.0,1,-0.58,2535.3074951171875,19.954668093378285,100.0,1,-1.15,2551.723846435547,19.436367140730702,100.0,1,-1.59,2557.536590576172,19.252845798676265,100.0,1,-2.49,2572.631378173828,18.776269570490378,100.0,1,-3.5,2595.222442626953,18.06301910451852,100.0,1,-4.03,2606.542053222656,17.705633663528893,100.0,1,-4.25,2592.2646484375,18.156403286935145,100.0,1,-4.38,2608.2101135253906,17.65296926647655,100.0,1,-4.49,2613.4435119628906,17.487739164906593,100.0,1,10
ZINC0000000748130,-0.69,2535.035888671875,19.96324331674069,100.0,1,-0.75,2549.8839721679688,19.494456089190955,100.0,1,-1.14,2542.618560791016,19.72384138711888,100.0,1,-1.17,2541.773681640625,19.750516112825427,100.0,1,-1.2,2533.8706970214844,20.000031024965423,100.0,1,-1.23,2529.4319763183594,20.14017137188852,100.0,1,-1.23,2536.8892517089844,19.90472849763705,100.0,1,-1.27,2542.2333984375,19.73600182465337,100.0,1,-1.31,2548.652648925781,19.5333317197782,100.0,1,-1.39,2536.035675048828,19.93167782319285,100.0,1,10
ZINC0000000748240,-1.64,2418.566345214844,23.640447474810617,100.0,1,-1.64,2422.7882690429688,23.50715189044557,100.0,1,-1.77,2421.714111328125,23.541065453581524,100.0,1,-1.77,2422.081420898437,23.529468668369173,100.0,1,-1.78,2423.0045166015625,23.500324471035903,100.0,1,-1.83,2422.6095581054688,23.51279419471638,100.0,1,-1.94,2419.1583862304688,23.621755414897056,100.0,1,-2.0,2415.885803222656,23.725078184839884,100.0,1,-2.04,2445.21923828125,22.798955988716315,100.0,1,-2.14,2464.783569335937,22.181266270281945,100.0,1,10
ZINC0000000748350,-1.67,2444.1857299804688,22.831586158872643,100.0,1,-1.75,2478.8585205078125,21.73688856055954,100.0,1,-1.82,2455.925720214844,22.46092839183614,100.0,1,-1.84,2453.920837402344,22.52422702936612,100.0,1,-1.93,2502.373046875,20.994482335155496,100.0,1,-1.95,2499.6784057617188,21.07955818599301,100.0,1,-1.96,2508.5076904296875,20.80079790815423,100.0,1,-1.98,2506.271789550781,20.871390303083466,100.0,1,-2.16,2459.656982421875,22.34312409300152,100.0,1,-2.51,2517.1177673339844,20.528958510024687,100.0,1,10
ZINC0000000748800,-2.03,2429.626708984375,23.291247036344995,100.0,1,-2.14,2417.9926147460938,23.6585614297784,100.0,1,-2.28,2422.1534423828125,23.52719478891577,100.0,1,-2.41,2427.966796875,23.343654176696464,100.0,1,-2.55,2438.2533569335938,23.01888445323952,100.0,1,-2.79,2426.559936523437,23.38807190669725,100.0,1,-3.03,2442.5748291015625,22.88244590498591,100.0,1,-3.56,2422.2930908203125,23.52278577519596,100.0,1,-4.06,2436.7354736328125,23.06680742622822,100.0,1,-4.72,2418.863586425781,23.63106290452412,100.0,1,10
ZINC0000000750540,-0.07,2460.1830444335938,22.326515137909247,100.0,1,-0.25,2483.710998535156,21.5836849688783,100.0,1,-0.32,2465.054748535156,22.17270453603494,100.0,1,-0.45,2433.92236328125,23.155623616064936,100.0,1,-0.57,2445.26513671875,22.79750687231889,100.0,1,-1.12,2478.0200805664062,21.763359986026817,100.0,1,-1.5,2492.3236694335938,21.3117636725481,100.0,1,-1.72,2475.4169006347656,21.84554820266016,100.0,1,-2.16,2454.623962402344,22.50202779944815,100.0,1,-2.3,2457.1055908203125,22.423677236146546,100.0,1,10
ZINC0000000751260,-0.92,2528.042053222656,20.184054354814453,100.0,1,-1.1,2530.9432678222656,20.092456516680294,100.0,1,-1.16,2515.8150024414062,20.57008971340872,100.0,1,-1.46,2536.2302856445312,19.92553353112744,100.0,1,-1.61,2537.3287658691406,19.89085205192184,100.0,1,-1.73,2490.23828125,21.37760404482302,100.0,1,-1.76,2479.9366149902344,21.70285070486024,100.0,1,-1.8,2494.8972778320312,21.23050909540219,100.0,1,-1.89,2494.7074584960938,21.23650211667345,100.0,1,-1.92,2497.0066528320312,21.1639114056483,100.0,1,10
ZINC0000000751670,-0.77,2460.591735839844,22.31361183551943,100.0,1,-0.79,2451.115539550781,22.612796561092622,100.0,1,-1.31,2445.575256347656,22.78771570155386,100.0,1,-1.54,2441.4697265625,22.91733646548024,100.0,1,-1.6,2447.369873046875,22.73105563581793,100.0,1,-1.6,2450.6255493164062,22.62826664944171,100.0,1,-1.6,2449.128295898437,22.675538290858164,100.0,1,-1.74,2453.2294921875,22.54605434510229,100.0,1,-2.18,2469.745422363281,22.02460946505792,100.0,1,-2.19,2454.3150024414062,22.51178235689995,100.0,1,10
ZINC0000000753100,-2.34,2518.218078613281,20.494219220324503,100.0,1,-3.28,2532.392852783203,20.04668987513936,100.0,1,-3.5,2539.1437377929688,19.833549326187853,100.0,1,-3.52,2527.6121215820312,20.19762825894137,100.0,1,-3.58,2536.4207458496094,19.91952027618309,100.0,1,-3.59,2532.092559814453,20.05617079625015,100.0,1,-3.66,2524.2606506347656,20.303441697692275,100.0,1,-4.04,2532.8171997070312,20.03329229302089,100.0,1,-4.29,2550.3590393066406,19.479457156372685,100.0,1,-4.65,2564.609588623047,19.029535420220245,100.0,1,10
ZINC0000000753240,-1.81,2491.726348876953,21.33062241938769,100.0,1,-1.87,2492.4381713867188,21.308148589620487,100.0,1,-2.79,2489.882843017578,21.388826025328857,100.0,1,-2.93,2495.811462402344,21.201646242475867,100.0,1,-2.95,2493.226776123047,21.28325057311397,100.0,1,-3.0,2491.55224609375,21.336119233913823,100.0,1,-4.52,2488.5176696777344,21.431927603069752,100.0,1,-4.65,2461.327911376953,22.290369126174333,100.0,1,-5.86,2559.2820739746094,19.19773698121152,100.0,1,-6.09,2543.6068725585938,19.69263817267039,100.0,1,10
ZINC0000000753250,-1.54,2573.2203063964844,18.7576757884176,100.0,1,-1.58,2587.2437133789062,18.314925444117563,100.0,1,-1.67,2577.881774902344,18.610502794829088,100.0,1,-1.73,2578.8102111816406,18.5811899835533,100.0,1,-1.81,2540.445343017578,19.79245473611705,100.0,1,-1.93,2592.878143310547,18.137033880726776,100.0,1,-1.98,2597.303100585937,17.99732807602126,100.0,1,-2.0,2589.4535522460938,18.245155885227824,100.0,1,-2.07,2600.305725097656,17.90252849999572,100.0,1,-2.13,2602.3468017578125,17.83808714168959,100.0,1,10
ZINC0000000754650,-1.02,2510.0015258789062,20.75363417966099,100.0,1,-2.01,2540.6431884765625,19.786208312177905,100.0,1,-2.09,2531.342803955078,20.079842266763368,100.0,1,-2.18,2535.9946899414062,19.93297181476315,100.0,1,-2.19,2533.92626953125,19.99827647645498,100.0,1,-2.25,2533.6802978515625,20.006042352893296,100.0,1,-2.31,2514.686065673828,20.6057327738408,100.0,1,-2.41,2534.1100158691406,19.99247519332408,100.0,1,-2.47,2527.8575439453125,20.18987972565144,100.0,1,-3.79,2514.3260803222656,20.61709831707484,100.0,1,10
ZINC0000000755540,-0.87,2506.274353027344,20.871309368391056,100.0,1,-1.25,2505.318634033203,20.90148355603606,100.0,1,-1.42,2502.961853027344,20.975892407115683,100.0,1,-1.44,2520.080841064453,20.43540764068204,100.0,1,-1.44,2512.148651123047,20.685844630210543,100.0,1,-1.45,2505.1105346679688,20.908053718744853,100.0,1,-1.58,2515.49365234375,20.58023545520716,100.0,1,-1.59,2517.9640502929688,20.502239462938967,100.0,1,-2.44,2523.963928222656,20.312809888338645,100.0,1,-3.23,2548.584442138672,19.535485160701228,100.0,1,10
ZINC0000000756830,-0.94,2483.6304626464844,21.58622766713149,100.0,1,-1.23,2507.5472106933594,20.831122403085136,100.0,1,-1.69,2476.604736328125,21.808045571319152,100.0,1,-1.8,2491.354431152344,21.34236469434473,100.0,1,-1.88,2468.5646362304688,22.0618895259948,100.0,1,-2.03,2504.556945800781,20.92553175827228,100.0,1,-2.15,2498.773162841797,21.108138731004143,100.0,1,-2.19,2506.149383544922,20.875254934646005,100.0,1,-2.21,2497.738250732422,21.14081322253965,100.0,1,-3.47,2501.8868408203125,21.009832948482448,100.0,1,10
ZINC0000000758680,-2.99,2443.9656372070312,22.83853498032092,100.0,1,-3.17,2503.34619140625,20.96375798430376,100.0,1,-3.27,2424.1675415039062,23.463605171896425,100.0,1,-3.28,2417.156982421875,23.68494421248733,100.0,1,-3.43,2417.509094238281,23.67382725437997,100.0,1,-3.52,2424.6580200195312,23.44811966741545,100.0,1,-3.57,2414.4479370117188,23.770474839215524,100.0,1,-3.57,2401.353576660156,24.18389310207491,100.0,1,-3.83,2411.444396972656,23.865303320488355,100.0,1,-4.31,2521.74609375,20.382831886388043,100.0,1,10
ZINC0000000759150,-1.33,2466.2030029296875,22.13645157488505,100.0,1,-1.36,2458.930908203125,22.366047881118188,100.0,1,-1.72,2475.4742431640625,21.843737770671627,100.0,1,-2.18,2469.709045410156,22.02575796688353,100.0,1,-2.18,2445.876892089844,22.778192386080374,100.0,1,-2.24,2443.4265747070312,22.85555438992469,100.0,1,-2.28,2442.910461425781,22.871849241329755,100.0,1,-2.38,2450.254272460937,22.639988690725648,100.0,1,-2.41,2447.892517089844,22.71455459364888,100.0,1,-2.44,2453.8786010742188,22.52556052477438,100.0,1,10
ZINC0000000761010,-0.69,2468.7052307128906,22.057450643519445,100.0,1,-0.75,2478.672637939453,21.74275728926745,100.0,1,-0.92,2490.572052001953,21.367066155169688,100.0,1,-1.03,2484.8665466308594,21.547201729258347,100.0,1,-1.07,2473.026153564453,21.92102943841421,100.0,1,-1.08,2483.173370361328,21.60065909359465,100.0,1,-1.28,2469.280029296875,22.03930296576316,100.0,1,-1.29,2476.3556518554688,21.81590972559825,100.0,1,-1.34,2467.6123046875,22.091956764224832,100.0,1,-1.34,2475.493896484375,21.843117271363155,100.0,1,10
ZINC0000000765880,-1.05,2529.3595275878906,20.14245874045732,100.0,1,-1.24,2539.221710205078,19.831087562627072,100.0,1,-1.24,2529.162567138672,20.14867722265743,100.0,1,-1.24,2526.8836975097656,20.22062623719276,100.0,1,-1.29,2532.193603515625,20.052980620457685,100.0,1,-1.3,2532.614288330078,20.03969865932838,100.0,1,-1.38,2542.426177978516,19.729915343082546,100.0,1,-1.48,2543.5762634277344,19.693604571438087,100.0,1,-1.52,2540.917388916016,19.777551190614844,100.0,1,-1.62,2531.8604736328125,20.06349827643791,100.0,1,10
ZINC0000000767090,-0.54,2504.701904296875,20.92095509411818,100.0,1,-0.57,2509.0555114746094,20.78350197168473,100.0,1,-0.6,2508.8131713867188,20.79115319064213,100.0,1,-0.61,2509.1714477539062,20.77984160386969,100.0,1,-0.61,2507.7721252441406,20.82402134733447,100.0,1,-0.61,2507.6463317871094,20.827992928311986,100.0,1,-0.62,2516.7811584472656,20.539586005944617,100.0,1,-0.68,2513.2193603515625,20.652039943506043,100.0,1,-1.56,2523.8623046875,20.316018370787724,100.0,1,-2.29,2523.2146606445312,20.33646594271997,100.0,1,10
ZINC0000000769970,-1.03,2433.329345703125,23.17434650824228,100.0,1,-1.25,2445.872314453125,22.778336912316817,100.0,1,-1.38,2447.151672363281,22.73794471975515,100.0,1,-1.52,2432.5387573242188,23.19930715278458,100.0,1,-1.75,2496.4705200195312,21.180838318460747,100.0,1,-2.02,2480.461669921875,21.686273545539983,100.0,1,-2.02,2477.97900390625,21.76465686812185,100.0,1,-2.14,2488.3438720703125,21.43741478251345,100.0,1,-2.34,3167.322265625,0.0005472726820053,0.0,1,-2.38,2470.7748413085938,21.992108405006142,100.0,1,10
ZINC0000000770120,-0.71,2495.717163085937,21.20462348294664,100.0,1,-1.52,2491.266967773437,21.345126108969083,100.0,1,-2.01,2508.3278198242188,20.80647682573828,100.0,1,-2.05,2514.448974609375,20.61321826938041,100.0,1,-2.09,2505.8583068847656,20.884444876267427,100.0,1,-2.22,2499.527374267578,21.084326588287457,100.0,1,-2.3,2505.2437438964844,20.9038480052643,100.0,1,-2.3,2514.857788085937,20.60031111295762,100.0,1,-2.36,2506.249755859375,20.872085956034887,100.0,1,-2.41,2504.831359863281,20.916867892151515,100.0,1,10
ZINC0000000771240,-0.94,2562.278717041016,19.10312625280159,100.0,1,-1.01,2521.482147216797,20.391165269181464,100.0,1,-1.08,2486.568572998047,21.49346494753157,100.0,1,-1.08,2480.503448486328,21.684954502755364,100.0,1,-1.16,2498.654754638672,21.11187714298686,100.0,1,-1.17,2508.3978881835938,20.804264610812428,100.0,1,-1.29,2522.819549560547,20.34894048394167,100.0,1,-1.45,2503.1767578125,20.96910738206871,100.0,1,-1.52,2499.687438964844,21.07927298755309,100.0,1,-1.76,2490.666748046875,21.36407638909176,100.0,1,10
ZINC0000000771540,-0.72,2466.1509399414062,22.13809531994756,100.0,1,-1.38,2494.592102050781,21.240144177831866,100.0,1,-1.54,2492.9331665039062,21.29252048591956,100.0,1,-1.6,2506.417053222656,20.86680400384694,100.0,1,-1.85,2506.252014160156,20.87201465642491,100.0,1,-1.94,2533.989776611328,19.996271415801363,100.0,1,-2.21,2511.7438049316406,20.698626530561747,100.0,1,-2.21,2492.8414916992188,21.29541486468144,100.0,1,-2.26,2506.0525817871094,20.8783111827927,100.0,1,-2.31,2543.1456909179688,19.70719870923811,100.0,1,10
ZINC0000000772320,-0.71,2402.5202026367188,24.14706010896276,100.0,1,-0.83,2408.323181152344,23.963847089546068,100.0,1,-0.86,2415.907165527344,23.72440372906981,100.0,1,-0.89,2391.3766479492188,24.498887070898714,100.0,1,-0.89,2417.468139648437,23.67512028244204,100.0,1,-0.95,2402.4561767578125,24.149081549256508,100.0,1,-0.95,2419.595031738281,23.60796953895668,100.0,1,-1.02,2427.0827026367188,23.371567010495227,100.0,1,-1.25,2413.3550415039062,23.80497999641267,100.0,1,-1.42,2416.405212402344,23.708679274544583,100.0,1,10
ZINC0000000773420,-1.49,2414.774719238281,23.76015759294983,100.0,1,-1.51,2418.504211425781,23.642409177593297,100.0,1,-1.91,2409.348388671875,23.931478993631828,100.0,1,-2.38,2425.42041015625,23.42404930448965,100.0,1,-2.5,2422.0512084960938,23.53042254152971,100.0,1,-2.82,2423.1046752929688,23.497162236982483,100.0,1,-2.92,2427.0701904296875,23.37196204887484,100.0,1,-3.12,2431.785095214844,23.2231019523529,100.0,1,-3.13,2428.960998535156,23.31226500515708,100.0,1,-3.39,2420.8090209960938,23.569641181051445,100.0,1,10
ZINC0000000775150,-0.6,2480.913818359375,21.671998207412184,100.0,1,-0.77,2488.122436523437,21.44440599832442,100.0,1,-0.94,2468.1627502441406,22.07457796604644,100.0,1,-1.02,2516.2251892089844,20.55713919911499,100.0,1,-1.33,2473.1657104492188,21.916623315219123,100.0,1,-1.45,2459.850341796875,22.33701930477408,100.0,1,-1.49,2465.301483154297,22.16491457189055,100.0,1,-1.69,2484.9734802246094,21.543825596374987,100.0,1,-1.71,2480.2841796875,21.69187730948108,100.0,1,-1.9,2465.2241821289062,22.167355138269983,100.0,1,10
ZINC0000000779260,-0.61,2454.402862548828,22.509008416668447,100.0,1,-0.7,2419.0988159179688,23.62363618298733,100.0,1,-0.71,2449.294006347656,22.67030644109885,100.0,1,-0.75,2451.471466064453,22.6015591644549,100.0,1,-0.78,2444.961334228516,22.80709859687763,100.0,1,-0.88,2450.7926635742188,22.62299047830322,100.0,1,-0.92,2432.6959838867188,23.19434315831681,100.0,1,-0.94,2466.463592529297,22.12822417799836,100.0,1,-0.96,2457.706359863281,22.404709612875493,100.0,1,-1.09,2451.1068725585938,22.61307019743363,100.0,1,10
ZINC0000000779950,-1.41,2474.501007080078,21.87446501204809,100.0,1,-1.51,2475.0245971679688,21.857934101123504,100.0,1,-1.61,2496.6163940429688,21.176232749059366,100.0,1,-1.62,2477.894927978516,21.767311333331225,100.0,1,-1.64,2478.474609375,21.749009494256065,100.0,1,-1.65,2478.3731994628906,21.752211232147445,100.0,1,-2.51,2492.505126953125,21.30603465253542,100.0,1,-2.55,2498.7982788085938,21.107345763720183,100.0,1,-2.64,2503.9139099121094,20.94583384045984,100.0,1,-2.68,2499.0545043945312,21.099256148512232,100.0,1,10
ZINC0000000780000,-0.85,2514.5188903808594,20.611010871995774,100.0,1,-1.01,2517.550720214844,20.51528921858171,100.0,1,-1.83,2548.180633544922,19.54823430177217,100.0,1,-1.93,2547.4256286621094,19.572071495703177,100.0,1,-1.98,2530.9093627929688,20.09352697433823,100.0,1,-2.07,2555.8934631347656,19.3047230094941,100.0,1,-2.11,2537.672637939453,19.879995241040085,100.0,1,-2.13,2539.8583984375,19.810985890154047,100.0,1,-2.3,2534.7179260253906,19.97328210912417,100.0,1,-2.41,2540.2906799316406,19.797337795892417,100.0,1,10
ZINC0000000780640,-1.45,2458.537170410156,22.378479064468955,100.0,1,-1.67,2479.4761352539062,21.717389080738368,100.0,1,-1.94,2482.370513916016,21.62600706845063,100.0,1,-2.02,2487.132598876953,21.47565738818506,100.0,1,-2.54,2466.1281127929688,22.138816024113297,100.0,1,-2.8,2483.144500732422,21.601570572392497,100.0,1,-3.17,2538.2071838378906,19.863118430656275,100.0,1,-3.19,2483.26953125,21.59762307912106,100.0,1,-3.26,2540.72119140625,19.78374558510888,100.0,1,-3.56,2540.545623779297,19.78928864803067,100.0,1,10
ZINC0000000782760,-1.52,2465.020446777344,22.173787519300035,100.0,1,-2.64,2489.9896850585938,21.38545278297023,100.0,1,-3.35,2512.5621337890625,20.672790057026585,100.0,1,-3.38,2487.936584472656,21.45027376352409,100.0,1,-3.4,2489.8734741210938,21.38912182235945,100.0,1,-3.52,2511.491271972656,20.706599561272306,100.0,1,-3.6,2505.417724609375,20.898355044771144,100.0,1,-3.61,2522.0001220703125,20.374811643773583,100.0,1,-3.68,2496.703125,21.17349445863285,100.0,1,-3.69,2506.016967773437,20.87943559691224,100.0,1,10
ZINC0000000784010,-0.56,2571.0525817871094,18.826115705932043,100.0,1,-0.58,2584.203430175781,18.410913989314924,100.0,1,-1.23,2591.604278564453,18.17725264180471,100.0,1,-1.46,2573.7921447753906,18.73962157096088,100.0,1,-1.98,2592.422180175781,18.15142965738495,100.0,1,-2.04,2602.1058959960938,17.845693075759574,100.0,1,-2.16,2608.4051818847656,17.646810521787504,100.0,1,-2.25,2642.3704528808594,16.57445089857935,100.0,1,-2.33,2618.0614013671875,17.341942061089043,100.0,1,-2.45,2624.7975158691406,17.129267850127142,100.0,1,10
ZINC0000000785150,-1.44,2407.689514160156,23.98385337470304,100.0,1,-1.58,2476.653259277344,21.80651359321283,100.0,1,-1.88,2433.8092041015625,23.15919630462986,100.0,1,-2.16,2408.0297241210938,23.97311218481044,100.0,1,-2.25,2434.171142578125,23.147769096868267,100.0,1,-2.39,2402.278625488281,24.15468724021409,100.0,1,-2.4,2470.041320800781,22.0152672891341,100.0,1,-2.66,2452.3140869140625,22.574955738358334,100.0,1,-2.67,2441.203063964844,22.925755600507284,100.0,1,-2.84,2455.5646362304688,22.472328621366927,100.0,1,10
ZINC0000000785820,-0.85,2540.7108154296875,19.784073177911488,100.0,1,-0.87,2558.9996337890625,19.20665425000017,100.0,1,-0.88,2537.267944335937,19.892772323850075,100.0,1,-1.15,2538.43505859375,19.85592391460604,100.0,1,-1.29,2523.824676513672,20.317206376451303,100.0,1,-1.42,2529.333709716797,20.14327386843087,100.0,1,-1.79,2556.997283935547,19.26987291634597,100.0,1,-2.07,2574.324981689453,18.72279871703867,100.0,1,-2.35,2591.8993225097656,18.167937444111704,100.0,1,-2.41,2616.26806640625,17.398561659478766,100.0,1,10
ZINC0000000789330,-0.38,2493.970642089844,21.25976505969165,100.0,1,-0.62,2509.1258544921875,20.781281085184688,100.0,1,-0.65,2516.842010498047,20.537664770508137,100.0,1,-0.69,2510.3741455078125,20.74186974401436,100.0,1,-0.73,2512.8229370117188,20.664555915582188,100.0,1,-0.84,2489.059967041016,21.414806061592227,100.0,1,-0.95,2488.75439453125,21.424453669629056,100.0,1,-1.01,2492.2843627929688,21.313004671165043,100.0,1,-1.05,2494.042755126953,21.25748828971352,100.0,1,-1.63,2495.21435546875,21.220498244757763,100.0,1,10
ZINC0000000789380,-0.32,2541.786407470703,19.75011432988811,100.0,1,-0.52,2541.4794921875,19.75980433228763,100.0,1,-0.54,2551.286193847656,19.4501848124431,100.0,1,-0.57,2549.955352783203,19.49220244341065,100.0,1,-0.58,2551.043212890625,19.457856265073605,100.0,1,-0.6,2561.16845703125,19.138179646188984,100.0,1,-0.65,2545.8364868164062,19.622244260439206,100.0,1,-0.76,2559.0956115722656,19.203624016576043,100.0,1,-0.81,2540.4816284179688,19.791309124816173,100.0,1,-0.83,2552.6454162597656,19.407271118809582,100.0,1,10
ZINC0000000789790,-1.56,2568.878448486328,18.89475796017751,100.0,1,-1.95,2560.439727783203,19.161187259522794,100.0,1,-2.05,2568.9546508789062,18.89235208009482,100.0,1,-2.19,2567.060516357422,18.952154146211065,100.0,1,-2.2,2567.484100341797,18.93878065179868,100.0,1,-2.23,2573.4144897460938,18.7515449854676,100.0,1,-2.3,2569.2676696777344,18.882469376046707,100.0,1,-2.39,2572.6928100585938,18.774330028397284,100.0,1,-2.45,2572.3439331054688,18.785344854630885,100.0,1,-3.09,2562.721649169922,19.089141894163166,100.0,1,10
ZINC0000000790730,-0.75,2496.6072998046875,21.17651987451577,100.0,1,-0.92,2453.3658752441406,22.54174842676447,100.0,1,-1.11,2454.1258544921875,22.51775418098986,100.0,1,-1.11,2460.9832763671875,22.30125002476216,100.0,1,-1.19,2467.2025756835938,22.104892825894908,100.0,1,-1.23,2466.2394104003906,22.1353021095512,100.0,1,-1.37,2472.3668212890625,21.94184603400352,100.0,1,-1.55,2464.6988525390625,22.18394096916442,100.0,1,-1.87,2464.6651611328125,22.18500468226466,100.0,1,-2.38,2497.547393798828,21.146839003091166,100.0,1,10
ZINC0000000793200,-0.9,2444.25390625,22.829433681457854,100.0,1,-1.04,2444.32275390625,22.82726000686172,100.0,1,-1.16,2439.6719970703125,22.974094809056947,100.0,1,-1.23,2438.891540527344,22.99873556886259,100.0,1,-1.25,2446.676147460937,22.752958105197063,100.0,1,-1.48,2468.23095703125,22.0724245251234,100.0,1,-1.7,2481.88671875,21.64128156462639,100.0,1,-3.55,2490.2611694335938,21.376881413640795,100.0,1,-3.71,2479.9558715820312,21.702242731158925,100.0,1,-3.76,2485.284484863281,21.53400648387091,100.0,1,10
ZINC0000000793550,-0.6,2496.8974609375,21.16735883814164,100.0,1,-0.67,2505.1832275390625,20.905758642110104,100.0,1,-0.68,2499.0035095214844,21.10086617078623,100.0,1,-0.68,2509.1819763183594,20.779509193525872,100.0,1,-0.69,2514.299194335937,20.61794716783689,100.0,1,-0.69,2519.728240966797,20.446540014921275,100.0,1,-0.71,2517.120422363281,20.528874684807548,100.0,1,-0.73,2526.568359375,20.23058216786734,100.0,1,-0.75,2520.5528869628906,20.42050409517981,100.0,1,-1.05,2526.1121826171875,20.24498468908321,100.0,1,10
ZINC0000000794470,-2.05,2451.4636840820312,22.60180485905686,100.0,1,-2.52,2470.86962890625,21.98911574840349,100.0,1,-2.54,2430.226623535156,23.27230639130475,100.0,1,-2.69,2470.577209472656,21.9983480843876,100.0,1,-2.75,2425.779235839844,23.41272037456884,100.0,1,-2.77,2447.394592285156,22.73027519414113,100.0,1,-3.99,2465.2225341796875,22.167407167715105,100.0,1,-4.09,2478.25927734375,21.75580800841844,100.0,1,-4.1,2477.871459960937,21.76805227117007,100.0,1,-4.12,2468.973999023437,22.04896502642364,100.0,1,10
ZINC0000000794680,-1.79,2454.3384399414062,22.51104238256935,100.0,1,-1.84,2456.7076416015625,22.43624138363484,100.0,1,-1.88,2452.4623413085938,22.570275015314,100.0,1,-1.89,2450.019775390625,22.64739228806461,100.0,1,-1.91,2451.5767822265625,22.59823409750842,100.0,1,-1.95,2452.242431640625,22.577218055712823,100.0,1,-1.98,2453.992919921875,22.521951222896224,100.0,1,-2.03,2453.1820678710938,22.547551636911862,100.0,1,-2.05,2453.489318847656,22.53785103592167,100.0,1,-3.42,2483.4405517578125,21.59222357892748,100.0,1,10
ZINC0000000795530,-1.66,2515.225982666016,20.588686386006223,100.0,1,-1.68,2504.437255859375,20.9293106376012,100.0,1,-1.74,2504.5624084472656,20.925359290296782,100.0,1,-1.75,2508.083526611328,20.814189709223232,100.0,1,-1.83,2501.0914001464844,21.034946790835388,100.0,1,-1.83,2502.987548828125,20.97508113317511,100.0,1,-1.84,2505.0629272460938,20.90955679160388,100.0,1,-1.9,2501.6248168945312,21.018105630256564,100.0,1,-2.08,2547.292022705078,19.57628973479089,100.0,1,-2.43,2536.171936035156,19.927375758888,100.0,1,10
ZINC0000000795700,-1.06,2514.1824340820312,20.621633550374487,100.0,1,-1.16,2510.4230346679688,20.74032620380913,100.0,1,-1.22,2520.864990234375,20.41065029637899,100.0,1,-1.28,2516.348571777344,20.553243735288675,100.0,1,-1.29,2523.2139892578125,20.33648713990132,100.0,1,-1.47,2523.184112548828,20.337430414471186,100.0,1,-1.48,2514.8297729492188,20.601195613524663,100.0,1,-1.5,2524.220916748047,20.304696185424618,100.0,1,-1.52,2514.890594482422,20.59927534159643,100.0,1,-1.74,2515.54345703125,20.578663009754635,100.0,1,10
ZINC0000000795750,-1.26,2477.9845581054688,21.764481509621632,100.0,1,-1.49,2510.601043701172,20.734706060227897,100.0,1,-1.54,2512.7491455078125,20.66688567851368,100.0,1,-1.6,2508.4322814941406,20.80317873702261,100.0,1,-1.75,2462.618530273437,22.24962139907101,100.0,1,-1.76,2513.205291748047,20.65248412080605,100.0,1,-1.85,2480.89404296875,21.672622560753627,100.0,1,-1.93,2515.0345153808594,20.5947314367226,100.0,1,-1.97,2508.1446533203125,20.81225980221257,100.0,1,-2.0,2496.657257080078,21.17494261152203,100.0,1,10
ZINC0000000797810,-1.22,2440.0687866210938,22.961567274881887,100.0,1,-1.73,2417.733764648437,23.66673390669525,100.0,1,-1.74,2430.8914794921875,23.251315400723463,100.0,1,-1.82,2426.3681640625,23.394126592496058,100.0,1,-1.87,2432.119201660156,23.212553464108893,100.0,1,-2.24,2422.6529541015625,23.51142408599488,100.0,1,-2.28,2404.9237060546875,24.071176126763152,100.0,1,-3.42,3167.3209838867188,0.0005877400282099,0.0,1,-3.46,2419.1070556640625,23.623376035761726,100.0,1,-4.2,2435.759521484375,23.09762041983831,100.0,1,10
ZINC0000000798300,-1.39,2610.8743591308594,17.56885306984903,100.0,1,-1.42,2605.6036376953125,17.73526154200013,100.0,1,-1.49,2610.663818359375,17.57550031321726,100.0,1,-1.89,2615.096618652344,17.435546886893306,100.0,1,-2.02,2581.409393310547,18.499127986499783,100.0,1,-2.07,2616.3707580566406,17.395319454241182,100.0,1,-2.14,2601.1541137695312,17.875742970841234,100.0,1,-2.62,2562.638153076172,19.091778052715924,100.0,1,-2.95,2587.09716796875,18.31955221070029,100.0,1,-2.99,2602.4170837402344,17.83586818220604,100.0,1,10
ZINC0000000806520,-0.51,2461.1715698242188,22.295305178903053,100.0,1,-0.54,2486.5923461914062,21.49271437461031,100.0,1,-0.56,2482.3807373046875,21.62568429318924,100.0,1,-0.57,2478.9112548828125,21.73522361831569,100.0,1,-0.57,2486.972595214844,21.48070906190294,100.0,1,-0.6,2502.166961669922,21.00098890632025,100.0,1,-0.62,2484.555145263672,21.557033367369584,100.0,1,-0.68,2470.7381591796875,21.99326654191419,100.0,1,-0.7,2465.639953613281,22.1542283019678,100.0,1,-0.92,2483.962829589844,21.57573409885733,100.0,1,10
ZINC0000000806650,-0.36,2473.2762756347656,21.91313252485485,100.0,1,-0.59,2474.7872619628906,21.86542730472906,100.0,1,-0.6,2477.7312927246094,21.77247766453001,100.0,1,-0.83,2498.2940979003906,21.123263883402245,100.0,1,-0.87,2491.455078125,21.339187044159434,100.0,1,-0.88,2493.5336303710938,21.27356249773094,100.0,1,-0.9,2488.451904296875,21.434003963333343,100.0,1,-0.92,2498.9970703125,21.101069471025497,100.0,1,-0.93,2481.0407104492188,21.667991940137927,100.0,1,-0.93,2488.539031982422,21.431253147299675,100.0,1,10
ZINC0000000808310,-3.27,2534.0650024414062,19.99389636798245,100.0,1,-3.63,2526.034942626953,20.247423328446164,100.0,1,-3.63,2506.1869506835938,20.87406885599892,100.0,1,-3.65,2522.583404541016,20.35639611072575,100.0,1,-3.66,2508.8075256347656,20.79133143966708,100.0,1,-3.72,2505.597595214844,20.89267612718709,100.0,1,-3.76,2491.2676696777344,21.34510394827949,100.0,1,-3.76,2541.162170410156,19.769822890998004,100.0,1,-3.79,2525.518096923828,20.263741304049056,100.0,1,-3.83,2493.0108947753906,21.290066430424723,100.0,1,10
ZINC0000000810150,-1.07,2418.6295776367188,23.63845108573119,100.0,1,-1.11,2426.8211669921875,23.37982427613745,100.0,1,-1.12,2421.74658203125,23.54004028081101,100.0,1,-1.26,2415.2085571289062,23.746460359767813,100.0,1,-1.42,2440.6652221679688,22.942736469781337,100.0,1,-1.48,2420.1837768554688,23.58938153793336,100.0,1,-1.49,2417.493225097656,23.67432827866632,100.0,1,-2.65,2417.0263671875,23.68906802776723,100.0,1,-2.74,2414.403686523437,23.77187192616783,100.0,1,-2.76,2416.999938964844,23.68990242590564,100.0,1,10
ZINC0000000810300,-1.34,2363.957275390625,25.364578030023377,100.0,1,-1.56,2360.5987548828125,25.4706140391784,100.0,1,-1.58,2371.636657714844,25.12212274277961,100.0,1,-1.8,2370.8125,25.14814324638917,100.0,1,-1.83,2374.59130859375,25.028837801712005,100.0,1,-1.86,2374.9985961914062,25.015978820701367,100.0,1,-1.94,2384.7384643554688,24.70846938390893,100.0,1,-2.06,2374.5632934570312,25.02972230227905,100.0,1,-2.15,2383.566772460937,24.74546231938941,100.0,1,-2.26,2372.9775390625,25.07978811760011,100.0,1,10
ZINC0000000810640,-0.94,2468.1112060546875,22.0762053314688,100.0,1,-0.99,2459.4853515625,22.348542863359963,100.0,1,-1.02,2465.5746459960938,22.15629020960775,100.0,1,-1.93,2416.724914550781,23.69858556219126,100.0,1,-2.22,2445.7241821289062,22.783013781328183,100.0,1,-2.3,2449.2575073242188,22.67145879695744,100.0,1,-2.39,2445.398681640625,22.79329056024767,100.0,1,-2.4,2444.246337890625,22.82967263150211,100.0,1,-2.4,2454.852600097656,22.49480919569184,100.0,1,-2.49,2462.499084472656,22.253392570333983,100.0,1,10
ZINC0000000810690,-0.73,2462.9702758789062,22.23851600306257,100.0,1,-0.74,2459.2066650390625,22.35734162063473,100.0,1,-0.75,2442.835266113281,22.87422332564043,100.0,1,-0.78,2455.2439575195312,22.48245316598403,100.0,1,-0.79,2456.8618774414062,22.43137181297488,100.0,1,-0.79,2452.9479370117188,22.554943672151907,100.0,1,-0.83,2446.1046142578125,22.77100268757136,100.0,1,-2.16,2457.158569335937,22.42200458583676,100.0,1,-2.39,2439.3336791992188,22.98477626143848,100.0,1,-2.42,2445.3601684570312,22.794506507650294,100.0,1,10
ZINC0000000816230,-1.05,2497.7333984375,21.14096642035028,100.0,1,-1.06,2496.4029541015625,21.18297152571068,100.0,1,-1.17,2496.119873046875,21.191909028172443,100.0,1,-1.27,2509.99462890625,20.753851932523897,100.0,1,-1.59,2497.3703002929688,21.152430241425105,100.0,1,-1.79,2499.7852783203125,21.07618398012614,100.0,1,-1.79,2486.33935546875,21.500701857944502,100.0,1,-1.82,2484.7791137695312,21.549962180374447,100.0,1,-2.04,2496.844055175781,21.16904497756683,100.0,1,-2.06,2488.075500488281,21.445887874002104,100.0,1,10
ZINC0000000822380,-2.43,2430.6593017578125,23.25864577143596,100.0,1,-2.91,2425.5029296875,23.421443978200664,100.0,1,-2.98,2435.2713623046875,23.113032697692816,100.0,1,-3.19,2414.3269653320312,23.77429418589065,100.0,1,-3.3,2420.098022460937,23.5920889960961,100.0,1,-3.34,2418.5863647460938,23.63981541340323,100.0,1,-3.44,2456.3136596679688,22.44868027505154,100.0,1,-3.46,2420.487365722656,23.57979655793232,100.0,1,-3.63,2418.985107421875,23.627226214700624,100.0,1,-3.73,2433.2783203125,23.17595749402452,100.0,1,10
ZINC0000000823420,-1.59,2465.1893005371094,22.168456428191696,100.0,1,-1.75,2454.6724243164062,22.50049774835832,100.0,1,-1.78,2465.290557861328,22.16525950784153,100.0,1,-1.91,2472.963592529297,21.92300463031229,100.0,1,-2.01,2477.046417236328,21.794100716518685,100.0,1,-2.04,2469.319305419922,22.038062930654466,100.0,1,-2.1,2475.5076599121094,21.842682729145576,100.0,1,-2.19,2477.485290527344,21.780244504476578,100.0,1,-2.27,2471.6976013183594,21.962974806263546,100.0,1,-4.4,2493.4575805664062,21.27596356027241,100.0,1,10
ZINC0000000829520,-0.79,2533.468994140625,20.0127136839676,100.0,1,-0.81,2532.1849060058594,20.05325522030693,100.0,1,-0.86,2538.9232788085938,19.84050970973505,100.0,1,-0.87,2531.149353027344,20.085949945515537,100.0,1,-0.9,2534.938781738281,19.96630919996981,100.0,1,-0.9,2538.099639892578,19.866513833704488,100.0,1,-0.92,2534.802032470703,19.97062668040655,100.0,1,-0.92,2536.7201538085938,19.91006729681133,100.0,1,-0.95,2536.871063232422,19.905302748549865,100.0,1,-1.38,2506.302276611328,20.870427758348743,100.0,1,10
ZINC0000000829780,-1.85,2460.717071533203,22.309654707165564,100.0,1,-1.88,2463.897705078125,22.2092349875588,100.0,1,-1.95,2446.5330810546875,22.75747503184009,100.0,1,-1.96,2463.503387451172,22.22168447756617,100.0,1,-2.02,2459.1326293945312,22.359679091632177,100.0,1,-2.02,2450.3756103515625,22.63615778195161,100.0,1,-2.21,2470.989654541016,21.98532627048389,100.0,1,-2.44,2450.7685546875,22.62375164981516,100.0,1,-2.57,2460.2046508789062,22.325832974073226,100.0,1,-2.57,2466.329162597656,22.13246843180863,100.0,1,10
ZINC0000000833240,-0.73,2521.8724060058594,20.3788439257704,100.0,1,-0.8,2501.7222595214844,21.01502914843677,100.0,1,-0.85,2531.5933227539062,20.07193282759685,100.0,1,-0.91,2534.623413085937,19.97626609415264,100.0,1,-0.95,2532.742431640625,20.035652888216163,100.0,1,-0.98,2532.097961425781,20.056000255291146,100.0,1,-1.15,2506.7701721191406,20.85565524996757,100.0,1,-1.29,2510.890380859375,20.725571038576327,100.0,1,-1.4,2513.0545654296875,20.657242888018065,100.0,1,-1.72,2547.479217529297,19.57037957522853,100.0,1,10
ZINC0000000834170,-0.93,2515.1126403808594,20.5922648556206,100.0,1,-1.71,2496.8038024902344,21.170315844939307,100.0,1,-1.76,2489.9796752929688,21.385768813673923,100.0,1,-1.84,2491.648193359375,21.33308996399793,100.0,1,-1.84,2492.2972106933594,21.31259903419476,100.0,1,-1.85,2494.996032714844,21.22739118272795,100.0,1,-1.86,2495.299743652344,21.217802348693944,100.0,1,-1.88,2488.1105346679688,21.44478176653918,100.0,1,-1.88,2501.5907287597656,21.01918186896396,100.0,1,-2.05,2493.9881286621094,21.25921296946843,100.0,1,10
ZINC0000000835540,-0.7,2558.0986328125,19.23510086736554,100.0,1,-0.7,2551.8472900390625,19.432469749887908,100.0,1,-0.81,2560.8924255371094,19.14689457824662,100.0,1,-0.86,2582.0726928710938,18.478186134838893,100.0,1,-0.95,2582.0376586914062,18.47929224230182,100.0,1,-0.95,2580.1197204589844,18.539845844847576,100.0,1,-1.05,2597.824676513672,17.98086075664071,100.0,1,-1.13,2596.911102294922,18.009704339402177,100.0,1,-2.19,2581.346649169922,18.501108959447325,100.0,1,-2.43,2569.9566650390625,18.86071625044524,100.0,1,10
ZINC0000000835750,-1.53,2515.5040283203125,20.579907862404543,100.0,1,-1.71,2519.972595214844,20.438825204419835,100.0,1,-1.94,2520.459228515625,20.42346110197748,100.0,1,-1.95,2526.1961364746094,20.24233407790681,100.0,1,-1.98,2516.824462890625,20.538218787747844,100.0,1,-2.01,2523.097045898437,20.34017930348837,100.0,1,-2.03,2522.3952026367188,20.36233806606013,100.0,1,-2.13,2517.8025512695312,20.507338348560747,100.0,1,-2.14,2520.8777465820312,20.41024754993343,100.0,1,-2.2,2524.379943847656,20.29967534397052,100.0,1,10
ZINC0000000837340,-0.91,2465.4478149414062,22.16029454986552,100.0,1,-0.94,2454.1226806640625,22.517854385847127,100.0,1,-1.07,2464.464782714844,22.19133107738798,100.0,1,-1.23,2465.8905029296875,22.14631789929304,100.0,1,-1.25,2469.140380859375,22.04371197948298,100.0,1,-1.29,2463.5040893554688,22.221662316876586,100.0,1,-1.29,2468.5388793945312,22.062702726951866,100.0,1,-1.61,2457.59375,22.40826495829204,100.0,1,-1.97,2497.4479370117188,21.149979076455,100.0,1,-2.12,2495.768615722656,21.202999008048995,100.0,1,10
ZINC0000000837430,-0.85,2451.6212768554688,22.59682930249017,100.0,1,-1.08,2477.6831665039062,21.77399711702917,100.0,1,-1.22,2478.058319091797,21.76215271019838,100.0,1,-1.28,2501.9978637695312,21.00632770549453,100.0,1,-1.65,2452.3051147460938,22.575239009781768,100.0,1,-1.65,2511.291320800781,20.712912467280223,100.0,1,-1.68,2469.1773071289062,22.04254613450899,100.0,1,-1.71,2510.8243408203125,20.727656070414103,100.0,1,-1.72,2503.4500122070312,20.96048012926118,100.0,1,-1.73,2514.5164489746094,20.611087952655208,100.0,1,10
ZINC0000000837640,-2.15,2467.854736328125,22.0843026547427,100.0,1,-3.64,2432.3949584960938,23.203847203625443,100.0,1,-3.98,2429.1707153320312,23.305643776511413,100.0,1,-4.03,2446.5250854492188,22.75772747099975,100.0,1,-4.37,2434.9156494140625,23.12426334977284,100.0,1,-4.4,2418.4404296875,23.6444229098211,100.0,1,-4.51,2429.1242065429688,23.307112163073693,100.0,1,-4.54,2425.915771484375,23.408409638689804,100.0,1,-4.7,2430.624267578125,23.25975187889889,100.0,1,-5.23,2415.045654296875,23.751603566768768,100.0,1,10
ZINC0000000837690,-0.84,2533.064239501953,20.025492693794074,100.0,1,-0.95,2529.9436950683594,20.12401526567044,100.0,1,-1.04,2531.904754638672,20.06210022597737,100.0,1,-1.06,2535.534240722656,19.94750922713304,100.0,1,-1.34,2517.3558959960938,20.521440255204816,100.0,1,-1.34,2515.5542907714844,20.57832096432838,100.0,1,-1.46,2518.429992675781,20.487528619085342,100.0,1,-1.55,2517.175170898437,20.527146151019664,100.0,1,-1.67,2527.769989013672,20.19264403080051,100.0,1,-1.78,2540.9186401367188,19.777511686776883,100.0,1,10
ZINC0000000837790,-0.87,2434.4495544433594,23.13897901116768,100.0,1,-1.46,2516.139892578125,20.55983220465408,100.0,1,-1.51,2511.783508300781,20.69737300633765,100.0,1,-1.62,2517.8201904296875,20.50678144079632,100.0,1,-1.68,2502.270538330078,20.99771875934362,100.0,1,-1.73,2505.6868591308594,20.889857865576417,100.0,1,-2.02,2517.6837768554688,20.51108832264237,100.0,1,-2.12,2527.4440002441406,20.20293622585188,100.0,1,-2.14,2530.3216247558594,20.112083179589536,100.0,1,-2.28,2512.5958557128906,20.671725380418103,100.0,1,10
ZINC0000000840560,-1.55,2497.258819580078,21.155949937036663,100.0,1,-1.65,2498.260223388672,21.12433337755193,100.0,1,-1.66,2508.694549560547,20.794898347182546,100.0,1,-1.67,2497.157501220703,21.15914878440332,100.0,1,-1.73,2495.742492675781,21.20382377110497,100.0,1,-1.76,2495.1857299804688,21.22140201548967,100.0,1,-1.79,2491.0577087402344,21.351732884991108,100.0,1,-1.85,2483.400329589844,21.593493482791704,100.0,1,-1.85,2493.28369140625,21.28145363024084,100.0,1,-5.75,3167.3169860839844,0.0007139596080386,0.0,1,10
ZINC0000000841380,-1.23,2432.767333984375,23.19209047604476,100.0,1,-1.38,2422.099548339844,23.528896344472848,100.0,1,-1.53,2425.3478393554688,23.426340527091423,100.0,1,-1.77,2412.72607421875,23.82483790130022,100.0,1,-1.91,2435.4351196289062,23.10786251246105,100.0,1,-2.0,2423.245361328125,23.492720463982405,100.0,1,-2.01,2414.6705322265625,23.763447010091323,100.0,1,-2.07,2420.5182495117188,23.57882148759044,100.0,1,-2.09,2452.6434326171875,22.564557557400235,100.0,1,-2.1,2418.9691772460938,23.62772916600345,100.0,1,10
ZINC0000000842580,-1.39,2427.0213623046875,23.373503662063587,100.0,1,-1.42,2434.514892578125,23.136916140019483,100.0,1,-1.43,2436.54150390625,23.07293148462052,100.0,1,-1.46,2446.48193359375,22.759089871655306,100.0,1,-1.75,2439.9507446289062,22.965294124765684,100.0,1,-1.86,2437.0465087890625,23.0569873502159,100.0,1,-1.96,2460.670867919922,22.31111345864542,100.0,1,-1.98,2458.733673095703,22.37227503489249,100.0,1,-2.09,2478.407257080078,21.751135956948296,100.0,1,-2.61,2487.988342285156,21.448639653544017,100.0,1,10
ZINC0000000842810,-1.9,2421.3296508789062,23.553203730426425,100.0,1,-2.25,2421.45751953125,23.5491666308884,100.0,1,-2.29,2445.122131347656,22.80202187194544,100.0,1,-2.4,2436.9766845703125,23.05919185707581,100.0,1,-3.5,2445.841552734375,22.77930812862573,100.0,1,-3.7,2440.759094238281,22.939772718425967,100.0,1,-3.71,2432.8973388671875,23.18798593092972,100.0,1,-3.72,2434.957275390625,23.12294912452943,100.0,1,-3.87,2429.6785278320312,23.28961099934844,100.0,1,-4.29,2423.78271484375,23.47575501084024,100.0,1,10
ZINC0000000843840,-0.57,2457.087646484375,22.424243778993407,100.0,1,-0.66,2449.337860107422,22.668921879753707,100.0,1,-0.66,2453.5105590820312,22.537180434184563,100.0,1,-0.69,2449.989013671875,22.64836350437352,100.0,1,-0.72,2459.428100585937,22.350350404823768,100.0,1,-1.24,2475.332244873047,21.84822097452616,100.0,1,-1.4,2467.796630859375,22.086137174437308,100.0,1,-1.52,2478.174774169922,21.75847596274322,100.0,1,-1.54,2475.864196777344,21.83142606234299,100.0,1,-1.7,2490.2294006347656,21.377884425721724,100.0,1,10
ZINC0000000844000,-1.8,2384.261962890625,24.723513601614624,100.0,1,-2.29,2409.572021484375,23.924418405227364,100.0,1,-2.72,2432.4771118164062,23.201253439435373,100.0,1,-2.89,2446.9406127929688,22.74460834276351,100.0,1,-2.9,2433.928100585937,23.15544247651525,100.0,1,-2.9,2439.6891479492188,22.9735533174244,100.0,1,-2.96,2440.4273681640625,22.950246053027023,100.0,1,-3.14,2475.694702148437,21.83677738712443,100.0,1,-3.17,2466.81201171875,22.1172238043884,100.0,1,-3.48,2474.1160888671875,21.88661774151664,100.0,1,10
ZINC0000000844080,-0.99,2397.0260009765625,24.32052435197712,100.0,1,-1.17,2390.702453613281,24.520172895002347,100.0,1,-1.17,2383.1779174804688,24.757739341421303,100.0,1,-1.22,2387.1527709960938,24.632244319791315,100.0,1,-1.6,2394.4601440429688,24.40153419802931,100.0,1,-1.75,2400.478271484375,24.21152844549969,100.0,1,-1.95,2415.894287109375,23.724810329548337,100.0,1,-2.18,2405.414978027344,24.055665571067863,100.0,1,-2.31,2439.7081298828125,22.972954015297272,100.0,1,-2.34,2434.008728027344,23.15289688773733,100.0,1,10
ZINC0000000845380,-0.16,2452.419860839844,22.57161621878821,100.0,1,-0.21,2445.2362060546875,22.79842027813323,100.0,1,-0.21,2462.075927734375,22.266752575630967,100.0,1,-0.24,2437.3287963867188,23.04807489896845,100.0,1,-0.29,2443.5440673828125,22.85184488318927,100.0,1,-0.31,2439.1720581054688,22.98987900109324,100.0,1,-0.69,2438.939453125,22.99722286092113,100.0,1,-0.81,2437.8143310546875,23.032745482822843,100.0,1,-0.85,2439.1435546875,22.990778917792166,100.0,1,-4.16,2457.7902221679688,22.402061892223816,100.0,1,10
ZINC0000000845460,-0.19,2506.6332397460938,20.85997851145376,100.0,1,-0.3,2506.015045166016,20.87949629793155,100.0,1,-0.48,2528.391326904297,20.173027002973694,100.0,1,-0.57,2515.703887939453,20.57359784692136,100.0,1,-0.58,2529.0753479003906,20.151430929215827,100.0,1,-1.72,2536.473876953125,19.91784280833208,100.0,1,-1.88,2526.8690490722656,20.221088721149385,100.0,1,-2.03,2575.188751220703,18.695527579729728,100.0,1,-2.07,2539.0354919433594,19.83696688992566,100.0,1,-2.17,2572.2133178710938,18.789468669910782,100.0,1,10
ZINC0000000846060,-0.13,2509.166748046875,20.77998998413912,100.0,1,-0.2,2503.170837402344,20.969294302667844,100.0,1,-0.23,2508.918731689453,20.787820415629707,100.0,1,-0.25,2515.9586791992188,20.565553516600826,100.0,1,-0.26,2505.9728088378906,20.880829793339814,100.0,1,-0.4,2509.5847778320312,20.766791848226948,100.0,1,-0.41,2506.8289794921875,20.85379856958337,100.0,1,-0.7,2525.50439453125,20.264173919250148,100.0,1,-1.02,2546.409698486328,19.604146685111555,100.0,1,-1.69,2521.840576171875,20.379848864867814,100.0,1,10
ZINC0000000846160,-0.31,2499.9129028320312,21.07215458865405,100.0,1,-0.4,2506.15673828125,20.87502272915945,100.0,1,-0.4,2490.3989868164062,21.372530210415555,100.0,1,-0.49,2497.446594238281,21.150021470817688,100.0,1,-0.52,2503.7652893066406,20.95052612560309,100.0,1,-0.56,2506.1482543945312,20.875290584451,100.0,1,-0.92,2572.425262451172,18.78277710516338,100.0,1,-1.62,2515.7071228027344,20.573495715047603,100.0,1,-2.28,2561.377258300781,19.1315873227906,100.0,1,-2.31,2548.0689697265625,19.551759778433187,100.0,1,10
ZINC0000000846350,-0.34,2443.6705932617188,22.84785017801393,100.0,1,-0.43,2436.6596069335938,23.06920270772024,100.0,1,-0.46,2432.2042236328125,23.209869130143986,100.0,1,-0.66,2454.108459472656,22.51830338068835,100.0,1,-0.67,2463.5978393554688,22.21870241955419,100.0,1,-0.68,2453.6345825195312,22.533264736685144,100.0,1,-0.7,2430.903381347656,23.250939632508707,100.0,1,-1.38,2446.674194335937,22.753019769724613,100.0,1,-1.44,2457.684814453125,22.405389849695027,100.0,1,-1.92,2522.773193359375,20.350404052962737,100.0,1,10
ZINC0000000846510,-0.56,2495.0670776367188,21.225148135538323,100.0,1,-0.68,2498.796600341797,21.107398756673547,100.0,1,-0.72,2496.091827392578,21.192794492247728,100.0,1,-0.89,2491.8883361816406,21.32550811763403,100.0,1,-1.08,2499.0792541503906,21.098474743327188,100.0,1,-1.18,2517.716033935547,20.51006989442956,100.0,1,-1.6,2503.4138793945312,20.961620923020856,100.0,1,-1.75,2509.412353515625,20.77223566979972,100.0,1,-1.95,2504.619537353516,20.92355560286595,100.0,1,-2.02,2516.7308044433594,20.54117579454551,100.0,1,10
ZINC0000000847650,-0.53,2457.584716796875,22.40855015673196,100.0,1,-0.55,2474.95703125,21.860067308373434,100.0,1,-0.6,2456.215087890625,22.45179240667633,100.0,1,-0.61,2467.033966064453,22.110216208937302,100.0,1,-0.62,2440.459045410156,22.949245931470823,100.0,1,-0.63,2455.5779418945312,22.471908531773,100.0,1,-0.65,2457.590759277344,22.408359382099853,100.0,1,-0.67,2466.3358154296875,22.132258387011664,100.0,1,-0.72,2459.5319213867188,22.3470725497812,100.0,1,-1.65,2492.533660888672,21.305133772328244,100.0,1,10
ZINC0000000847970,-1.15,2487.8599243164062,21.452694096230424,100.0,1,-2.04,2484.1861572265625,21.5686831455353,100.0,1,-2.17,2478.0233154296875,21.763257854153064,100.0,1,-2.91,2510.9100341796875,20.72495053926785,100.0,1,-2.93,2511.9541015625,20.691986995259462,100.0,1,-3.04,2514.666412353516,20.60635327314927,100.0,1,-3.07,2511.0845336914062,20.719441199134568,100.0,1,-3.12,2517.0751953125,20.530302604023625,100.0,1,-3.18,2518.946502685547,20.47122124207312,100.0,1,-3.37,2524.2716369628906,20.303094834724806,100.0,1,10
ZINC0000000848040,-2.7,2456.0118408203125,22.458209371574487,100.0,1,-2.88,2457.9640502929688,22.39657374927188,100.0,1,-2.91,2443.3446044921875,22.858142373065306,100.0,1,-2.97,2449.788452148437,22.6546956805463,100.0,1,-3.0,2449.01513671875,22.679110979423086,100.0,1,-3.66,2497.852294921875,21.13721259223568,100.0,1,-3.75,2501.083251953125,21.03520404753626,100.0,1,-3.77,2503.1431884765625,20.97016724113597,100.0,1,-3.98,2503.886657714844,20.946694253320807,100.0,1,-4.01,2503.246459960937,20.96690672924177,100.0,1,10
ZINC0000000849600,-0.98,2511.0216064453125,20.72142795313157,100.0,1,-1.63,2570.272918701172,18.85073141452337,100.0,1,-1.64,2552.0694885253906,19.42545444637086,100.0,1,-1.66,2564.4217224121094,19.03546677696396,100.0,1,-1.68,2552.049591064453,19.42608265374528,100.0,1,-1.71,2559.445098876953,19.19258992017758,100.0,1,-1.72,2556.432678222656,19.28769878234912,100.0,1,-1.81,2560.851776123047,19.14817797122625,100.0,1,-1.81,2563.6993408203125,19.05827398058323,100.0,1,-1.9,2548.7960205078125,19.528805158052737,100.0,1,10
ZINC0000000851410,-0.07,2441.402648925781,22.91945425659828,100.0,1,-0.46,2418.4393310546875,23.64445759611785,100.0,1,-0.58,2429.084350585937,23.308370504839008,100.0,1,-0.6,2452.031005859375,22.5838932408201,100.0,1,-0.6,2419.359375,23.615409749608872,100.0,1,-0.63,2412.0330200195312,23.84671917349801,100.0,1,-0.68,2421.1339111328125,23.559383672296818,100.0,1,-0.83,2421.100646972656,23.56043389628165,100.0,1,-0.89,2429.482727050781,23.29579286823532,100.0,1,-1.04,2436.307983398437,23.080304249695704,100.0,1,10
ZINC0000000853000,-1.53,2520.84228515625,20.41136714651176,100.0,1,-1.85,2510.7096252441406,20.73127789789942,100.0,1,-1.95,2521.35595703125,20.39514937576613,100.0,1,-1.97,2518.744598388672,20.47759581260859,100.0,1,-2.01,2524.008331298828,20.31140798384513,100.0,1,-2.04,2516.8978881835938,20.535900586915265,100.0,1,-2.16,2528.076141357422,20.18297811610706,100.0,1,-3.21,2587.5252075195312,18.30603804408443,100.0,1,-3.71,2594.5347290039062,18.084731762773785,100.0,1,-4.12,2546.3881225585938,19.60482788543933,100.0,1,10
ZINC0000000856800,-1.31,2489.0166931152344,21.41617231628076,100.0,1,-1.41,2500.2138671875,21.062652470361908,100.0,1,-1.43,2502.6314392089844,20.98632431086229,100.0,1,-1.47,2502.366149902344,20.994700088018405,100.0,1,-1.49,2499.262939453125,21.09267538721277,100.0,1,-1.5,2498.335998535156,21.12194098658465,100.0,1,-1.5,2501.3243408203125,21.02759233241682,100.0,1,-1.51,2498.8580627441406,21.10545825107221,100.0,1,-1.52,2500.722045898437,21.04660813110002,100.0,1,-1.91,2504.932403564453,20.913677716359054,100.0,1,10
ZINC0000000857150,-1.23,2449.8856201171875,22.651627870300693,100.0,1,-1.25,2468.7879638671875,22.054838572672764,100.0,1,-1.27,2458.1072998046875,22.39205104157939,100.0,1,-1.86,2458.2989501953125,22.38600020981356,100.0,1,-2.0,2469.658569335937,22.0273516095174,100.0,1,-2.08,2466.621398925781,22.123241876873976,100.0,1,-2.09,2472.38427734375,21.94129490728854,100.0,1,-2.2,2478.0524291992188,21.76233866728927,100.0,1,-2.44,2495.9712524414062,21.196601313315693,100.0,1,-2.59,2484.97021484375,21.543928691756985,100.0,1,10
ZINC0000000858850,-0.74,2432.6573486328125,23.19556295975241,100.0,1,-0.86,2452.264709472656,22.57651469469545,100.0,1,-0.87,2451.7529296875,22.59267272793001,100.0,1,-1.04,2467.1261596679688,22.107305450535296,100.0,1,-1.65,2449.8194580078125,22.653716756171445,100.0,1,-1.79,2460.4088134765625,22.319387103927777,100.0,1,-2.14,2499.359313964844,21.08963262818148,100.0,1,-2.39,2493.8189086914062,21.264555622675683,100.0,1,-2.49,2523.5093994140625,20.3271603801094,100.0,1,-2.52,2498.030212402344,21.13159533917918,100.0,1,10
ZINC0000000861020,-0.92,2434.3056640625,23.143521952533263,100.0,1,-1.11,2428.8146362304688,23.316885990690352,100.0,1,-1.57,2407.8501586914062,23.978781467312057,100.0,1,-1.68,2389.5780029296875,24.555674319722712,100.0,1,-1.9,2432.2183227539062,23.209423989335736,100.0,1,-2.09,2404.277709960937,24.09157166925028,100.0,1,-2.12,2398.894470214844,24.261532596293208,100.0,1,-2.13,2417.7349853515625,23.66669536636553,100.0,1,-2.17,2419.884521484375,23.598829699763893,100.0,1,-2.42,2412.653625488281,23.827125269869025,100.0,1,10
ZINC0000000863340,-1.25,2688.0729370117188,15.131521187584804,100.0,1,-2.27,2721.912475585937,14.063131218337674,100.0,1,-2.33,2724.880401611328,13.969427151184384,100.0,1,-2.38,2719.09423828125,14.152109277559209,100.0,1,-2.42,2725.6588134765625,13.944850946431025,100.0,1,-2.44,2721.7702026367188,14.067623093766388,100.0,1,-2.47,2722.6129455566406,14.041015813636848,100.0,1,-2.51,2729.029754638672,13.838422789421111,100.0,1,-2.59,2730.9595947265625,13.777493418660598,100.0,1,-2.6,2719.813995361328,14.129384935648826,100.0,1,10
ZINC0000000865640,-1.27,2473.3631286621094,21.910390380395366,100.0,1,-1.41,2465.184875488281,22.16859613688693,100.0,1,-1.8,2473.7709350585938,21.8975150197446,100.0,1,-1.99,2503.2545166015625,20.96665236306563,100.0,1,-2.04,2487.7446899414062,21.456332303355868,100.0,1,-2.49,2501.955780029297,21.007656383361585,100.0,1,-2.61,2497.2593383789062,21.155933557396533,100.0,1,-2.7,2495.391021728516,21.21492049553923,100.0,1,-2.79,2463.15771484375,22.232598135434262,100.0,1,-3.09,2501.810852050781,21.01223208400744,100.0,1,10
ZINC0000000868170,-1.77,2530.0499877929688,20.120659366460185,100.0,1,-1.78,2549.753295898437,19.498581831487343,100.0,1,-2.22,2530.3458557128906,20.111318154044618,100.0,1,-2.27,2524.9622497558594,20.28129064318646,100.0,1,-2.33,2509.9593200683594,20.75496671156101,100.0,1,-2.37,2547.843292236328,19.55888492188993,100.0,1,-2.37,2537.9263305664062,19.8719855970163,100.0,1,-2.51,2549.798309326172,19.497160656828967,100.0,1,-2.51,2522.97412109375,20.34406031469104,100.0,1,-2.52,2523.482208251953,20.328018865953883,100.0,1,10
ZINC0000000868250,-0.4,2503.2865600585938,20.96564067941052,100.0,1,-0.59,2507.652862548828,20.827786737547985,100.0,1,-0.63,2504.8185424804688,20.91727256561356,100.0,1,-0.91,2510.4745178222656,20.73870076540324,100.0,1,-0.98,2528.2139892578125,20.178625949373576,100.0,1,-1.0,2509.1167602539062,20.78156821064109,100.0,1,-1.03,2507.718688964844,20.825708450267904,100.0,1,-1.25,2499.823944091797,21.0749632151823,100.0,1,-1.37,2519.8365783691406,20.44311956065874,100.0,1,-1.39,2532.76611328125,20.03490520581962,100.0,1,10
ZINC0000000868270,-0.71,2455.6951904296875,22.468206733103514,100.0,1,-0.99,2451.7579956054688,22.592512785561684,100.0,1,-1.24,2471.1656494140625,21.979769718446704,100.0,1,-1.27,2449.494079589844,22.663989681057963,100.0,1,-1.45,2455.8396606445312,22.463645485081308,100.0,1,-1.53,2474.2713623046875,21.881715411576423,100.0,1,-1.54,2453.3211059570312,22.543161893356903,100.0,1,-2.56,2501.135955810547,21.03354006880065,100.0,1,-2.56,2480.800842285156,21.675565114927647,100.0,1,-3.18,2496.197540283203,21.18945689969409,100.0,1,10
ZINC0000000871190,-0.84,2478.582489013672,21.74560349261717,100.0,1,-0.86,2475.5933227539062,21.839978161507567,100.0,1,-1.13,2479.4528198242188,21.718125201036,100.0,1,-1.84,2480.566162109375,21.682974493316067,100.0,1,-2.01,2495.3844299316406,21.21512861331971,100.0,1,-2.07,2519.201934814453,20.46315667807949,100.0,1,-2.2,2500.4908447265625,21.05390766954874,100.0,1,-2.95,2496.2197265625,21.18875642920145,100.0,1,-3.3,2506.85888671875,20.852854331505263,100.0,1,-4.19,2512.686553955078,20.66886183392001,100.0,1,10
ZINC0000000872580,-0.67,2491.2001953125,21.34723426500469,100.0,1,-0.68,2498.1608276367188,21.12747152389928,100.0,1,-0.71,2485.2484741210938,21.53514342359761,100.0,1,-0.72,2495.8412475585938,21.200705858430734,100.0,1,-0.88,2491.890899658203,21.32542718294162,100.0,1,-0.96,2488.123443603516,21.444374202552403,100.0,1,-1.11,2497.015930175781,21.16361849914244,100.0,1,-2.21,2530.110137939453,20.118760291713297,100.0,1,-2.94,2526.747375488281,20.224930228514093,100.0,1,-3.26,2551.2984313964844,19.44979844563767,100.0,1,10
ZINC0000000873890,-2.37,2523.809509277344,20.317685240048057,100.0,1,-2.67,2535.5926513671875,19.945665072356,100.0,1,-2.72,3167.3162841796875,0.0007361202976269,0.0,1,-3.33,2547.2901916503906,19.576347545285465,100.0,1,-3.35,2531.3616638183594,20.07924681866921,100.0,1,-3.37,2537.7544860839844,19.87741111193245,100.0,1,-3.43,2545.8055419921875,19.62322125779757,100.0,1,-3.61,2542.573944091797,19.7252500361701,100.0,1,-3.73,2542.3609313964844,19.73197532370601,100.0,1,-3.82,2540.2698669433594,19.79799490851412,100.0,1,10
ZINC0000000879200,-0.96,2510.53466796875,20.73680169065635,100.0,1,-1.55,2557.911071777344,19.24102258902681,100.0,1,-1.57,2559.5646057128906,19.18881682189812,100.0,1,-1.7,2555.467163085937,19.31818225614011,100.0,1,-2.58,2537.669403076172,19.88009737291384,100.0,1,-3.16,2554.3949584960938,19.35203415474852,100.0,1,-3.25,2556.2174072265625,19.294495369495003,100.0,1,-3.33,2549.6630859375,19.50142996185356,100.0,1,-3.53,2557.7803649902344,19.24514929483144,100.0,1,-3.58,2549.5167846679688,19.506049020370337,100.0,1,10
ZINC0000000880060,-1.37,2508.9599609375,20.786518715993456,100.0,1,-1.4,2517.3843994140625,20.52054033850588,100.0,1,-1.63,2509.399780273437,20.772632635195816,100.0,1,-1.8,2520.0513610839844,20.43633838964474,100.0,1,-1.98,2520.205017089844,20.4314871256414,100.0,1,-2.51,2547.120422363281,19.58170754164109,100.0,1,-2.66,2529.2627868652344,20.14551306158753,100.0,1,-2.69,2539.6678771972656,19.81700107211489,100.0,1,-2.85,2537.143920898437,19.89668802134949,100.0,1,-2.9,2535.047607421875,19.962873329575395,100.0,1,10
ZINC0000000880130,-1.83,2500.869537353516,21.04195149576176,100.0,1,-1.99,2434.480224609375,23.13801068538349,100.0,1,-2.0,2447.7211303710938,22.719965655941383,100.0,1,-2.0,2445.6508178710938,22.785330055144275,100.0,1,-2.09,2442.3832397460938,22.888494809735256,100.0,1,-2.15,2451.724975585937,22.59355530148057,100.0,1,-2.15,2439.103515625,22.992043040606937,100.0,1,-2.25,2442.0121459960938,22.90021106996973,100.0,1,-3.14,2468.7654418945312,22.05554964175608,100.0,1,-3.56,2479.9102783203125,21.70368221247392,100.0,1,10
ZINC0000000880200,-1.21,2463.0806274414062,22.235031957256,100.0,1,-1.3,2469.189849853516,22.042150132621128,100.0,1,-1.36,2511.3331298828125,20.71159246098736,100.0,1,-1.38,2485.954040527344,21.51286711302021,100.0,1,-1.47,2483.511749267578,21.58997571419663,100.0,1,-1.68,2504.8052368164062,20.917692655207496,100.0,1,-1.76,2494.7181091308594,21.23616585229665,100.0,1,-1.84,2499.671356201172,21.07978075639713,100.0,1,-1.98,2492.2233276367188,21.314931687650976,100.0,1,-2.57,3167.3182373046875,0.000674455770077,0.0,1,10
ZINC0000000880990,-0.61,2483.554473876953,21.58862680265648,100.0,1,-0.76,2516.2701416015625,20.5557199514731,100.0,1,-0.84,2508.1839294433594,20.81101976710387,100.0,1,-0.85,2484.5379638671875,21.557575822510376,100.0,1,-1.1,2531.088256835937,20.08787888901796,100.0,1,-1.72,2541.4331665039062,19.761266937800457,100.0,1,-1.84,2515.4738159179688,20.580861735565087,100.0,1,-1.92,2514.2584533691406,20.61923345134125,100.0,1,-1.99,2515.148681640625,20.591126952385657,100.0,1,-2.2,2519.923889160156,20.440362963575613,100.0,1,10
ZINC0000000882400,-2.18,2504.2115173339844,20.936437708074426,100.0,1,-2.19,2510.475311279297,20.73867571418892,100.0,1,-2.23,2519.2195434570312,20.46260073382329,100.0,1,-2.23,2516.1295166015625,20.56015979745669,100.0,1,-2.38,2510.6548767089844,20.733006431687304,100.0,1,-2.88,2530.6520080566406,20.10165223935117,100.0,1,-3.25,2528.356811523437,20.17411673079649,100.0,1,-3.32,2533.8572387695312,20.00045593210057,100.0,1,-3.38,2534.760467529297,19.97193897863347,100.0,1,-3.55,2533.358673095703,20.016196766265924,100.0,1,10
ZINC0000000887680,-0.36,2458.202087402344,22.38905838497673,100.0,1,-0.43,2462.607818603516,22.24995959046429,100.0,1,-1.25,2475.7940673828125,21.833640204285327,100.0,1,-1.36,2480.1053161621094,21.697524431293115,100.0,1,-1.38,2483.3277587890625,21.59578470539348,100.0,1,-1.43,2477.1548767089844,21.79067640822318,100.0,1,-1.43,2469.8707580566406,22.020652336704043,100.0,1,-1.53,2470.2319946289062,22.009247289632043,100.0,1,-1.57,2477.8065185546875,21.7701026167111,100.0,1,-1.58,2485.477844238281,21.52790169564347,100.0,1,10
ZINC0000000890410,-0.98,2422.014709472656,23.5315748973883,100.0,1,-1.45,2457.9560546875,22.396826188431536,100.0,1,-1.53,2448.243530273437,22.70347232183827,100.0,1,-1.55,2445.7554321289062,22.782027148887384,100.0,1,-1.59,2434.6603393554688,23.132324059733502,100.0,1,-1.89,2497.147521972656,21.159463851598765,100.0,1,-1.9,2434.7074584960938,23.13083640300636,100.0,1,-2.06,2468.1206665039062,22.075906643913484,100.0,1,-2.12,2488.4774169921875,21.43319847044223,100.0,1,-2.39,2448.872802734375,22.683604781868286,100.0,1,10
ZINC0000000890560,-0.92,2392.789001464844,24.454295909414192,100.0,1,-0.97,2394.3563232421875,24.404812053071883,100.0,1,-1.19,2414.275390625,23.775922514821264,100.0,1,-1.19,2433.5817260742188,23.16637829507293,100.0,1,-1.72,2444.1435546875,22.832917727264423,100.0,1,-1.76,2444.6627807617188,22.81652459801858,100.0,1,-2.03,2426.704406738281,23.383510658675046,100.0,1,-2.38,2424.0780029296875,23.46643210508129,100.0,1,-2.89,2413.405334472656,23.80339213482825,100.0,1,-3.48,2461.5095825195312,22.28463336160395,100.0,1,10
ZINC0000000890670,-1.1,2389.75244140625,24.55016690660592,100.0,1,-1.22,2388.2185668945312,24.59859475791393,100.0,1,-1.26,2412.840148925781,23.821236307488007,100.0,1,-1.3,2414.6944580078125,23.76269161962884,100.0,1,-1.33,2393.4653930664062,24.43294071271707,100.0,1,-1.51,2388.654663085937,24.58482622512193,100.0,1,-1.55,2397.027709960937,24.32047039551551,100.0,1,-1.64,2407.504150390625,23.989705723770825,100.0,1,-1.95,2447.0330810546875,22.74168891278732,100.0,1,-2.49,2468.279602050781,22.07088869298412,100.0,1,10
ZINC0000000890730,-0.78,2445.6478881835938,22.7854225519356,100.0,1,-1.07,2419.0799560546875,23.62423163108148,100.0,1,-1.3,2449.080444335937,22.67704907178313,100.0,1,-1.47,2458.378173828125,22.38349894241481,100.0,1,-1.48,2442.9041748046875,22.87204772402781,100.0,1,-1.67,2462.7823486328125,22.24444928682276,100.0,1,-1.72,2469.956268310547,22.01795258660725,100.0,1,-1.87,2475.184509277344,21.85288531793036,100.0,1,-2.15,2505.243408203125,20.90385860385497,100.0,1,-2.49,2496.948486328125,21.165747852359395,100.0,1,10
ZINC0000000890770,-1.57,2409.04541015625,23.941044703468005,100.0,1,-1.67,2405.517822265625,24.05241854828907,100.0,1,-1.74,2412.192321777344,23.84168966046972,100.0,1,-1.88,2419.59228515625,23.608056254698543,100.0,1,-1.91,2414.156494140625,23.77967634293586,100.0,1,-1.94,2418.2205200195312,23.65136595021992,100.0,1,-2.04,2461.6410522460938,22.280482568093245,100.0,1,-2.11,2443.6332397460938,22.84902951210332,100.0,1,-2.34,2438.8463134765625,23.000163488078663,100.0,1,-2.34,2454.960266113281,22.49140993861065,100.0,1,10
ZINC0000000890880,-0.81,2414.6934814453125,23.76272245189261,100.0,1,-0.92,2433.519470214844,23.168343851888583,100.0,1,-1.09,2427.7537841796875,23.35037946423237,100.0,1,-1.17,2433.843994140625,23.158097905232875,100.0,1,-1.34,2427.216186523437,23.36735262544049,100.0,1,-1.43,2411.5679931640625,23.86140111210434,100.0,1,-1.44,2445.0828247070312,22.80326287056237,100.0,1,-1.51,2458.2638549804688,22.387108244292968,100.0,1,-1.72,2431.2202758789062,23.240934562913733,100.0,1,-1.75,2453.8555908203125,22.526287009989577,100.0,1,10
ZINC0000000893600,-0.73,2482.6310424804688,21.61778159858042,100.0,1,-1.5,2485.866973876953,21.5156160020374,100.0,1,-1.87,2513.9613647460938,20.628613204086538,100.0,1,-1.98,2521.314208984375,20.396467455042515,100.0,1,-2.12,2518.4263305664062,20.48764424007449,100.0,1,-2.13,2532.4352111816406,20.04535252569812,100.0,1,-2.68,2537.8466796875,19.874500353530443,100.0,1,-2.68,2498.7171325683594,21.109907732138232,100.0,1,-3.05,2525.7378540039062,20.25680308119145,100.0,1,-3.09,2517.398651123047,20.52009038015641,100.0,1,10
ZINC0000000893670,-1.24,2456.8805541992188,22.430782145930184,100.0,1,-1.62,2506.302978515625,20.87040559765916,100.0,1,-1.62,2466.806701660156,22.11739145482268,100.0,1,-1.68,2509.6529541015625,20.76463937081216,100.0,1,-1.76,2515.573272705078,20.577721662201256,100.0,1,-1.77,2507.813720703125,20.822708085599302,100.0,1,-1.85,2505.722869873047,20.888720925849714,100.0,1,-1.9,2502.8414611816406,20.97969344713419,100.0,1,-1.92,2499.2078247070312,21.094415483099567,100.0,1,-2.01,2507.805694580078,20.822961488267204,100.0,1,10
ZINC0000000894940,0.32,2571.0505981445312,18.826178333967835,100.0,1,0.27,2563.8775939941406,19.052646128936058,100.0,1,0.23,2565.5042419433594,19.00128921256941,100.0,1,0.12,2569.3709106445312,18.87920982766075,100.0,1,0.11,2569.2522888183594,18.882954984201163,100.0,1,0.11,2572.4786376953125,18.78109192924643,100.0,1,0.09,2575.1597595214844,18.69644291256055,100.0,1,0.07,2584.58154296875,18.398976122184564,100.0,1,-0.2,2587.818756103516,18.29677005829533,100.0,1,-1.21,3167.322723388672,0.0005328200583608,0.0,1,10
ZINC0000000900110,-0.89,2467.9879150390625,22.08009790477039,100.0,1,-2.73,2523.689392089844,20.321477608492376,100.0,1,-3.19,2512.8305053710938,20.66431696553793,100.0,1,-4.25,2545.472930908203,19.633722534137675,100.0,1,-4.26,2550.909637451172,19.46207354065308,100.0,1,-4.26,2552.7447509765625,19.404134899478727,100.0,1,-4.41,2556.0935668945312,19.29840528594497,100.0,1,-4.71,2556.213195800781,19.29462833363253,100.0,1,-4.71,2553.3338012695312,19.38553726337297,100.0,1,-5.06,2560.696563720703,19.153078374149985,100.0,1,10
ZINC0000000900140,-2.13,2506.7484741210938,20.85634030432832,100.0,1,-2.37,2505.439208984375,20.89767673496809,100.0,1,-2.41,2498.3873596191406,21.12031940221173,100.0,1,-2.42,2501.9370727539062,21.008247013914524,100.0,1,-2.54,2503.913452148437,20.945848293083483,100.0,1,-2.82,2518.3624267578125,20.489661826335272,100.0,1,-2.86,2507.3826599121094,20.836317639531217,100.0,1,-2.91,2525.0910034179688,20.27722560190938,100.0,1,-3.0,2531.530517578125,20.07391572756088,100.0,1,-3.03,2511.9678955078125,20.69155148953364,100.0,1,10
ZINC0000000901570,-0.95,2459.1402587890625,22.35943821457144,100.0,1,-1.46,2457.3897705078125,22.41470504738804,100.0,1,-1.88,2450.3248291015625,22.63776105966791,100.0,1,-1.93,2458.4593200683594,22.38093697399676,100.0,1,-2.0,2463.4185791015625,22.22436206697338,100.0,1,-2.15,2438.3978881835938,23.01432127820083,100.0,1,-2.94,2449.9874267578125,22.648413606802155,100.0,1,-3.29,2528.7748413085938,20.160918594884325,100.0,1,-3.3,2530.64501953125,20.10187288273881,100.0,1,-3.49,2536.2817993164062,19.923907129213315,100.0,1,10
ZINC0000000901860,-1.3,2481.6593627929688,21.648459701036497,100.0,1,-1.31,2506.6136169433594,20.86059804725399,100.0,1,-1.41,2493.2066650390625,21.283885525046088,100.0,1,-1.42,2499.5877685546875,21.082419805474625,100.0,1,-1.44,2498.129272460937,21.128467791422512,100.0,1,-1.57,2501.0342712402344,21.03675047826622,100.0,1,-1.6,2502.994598388672,20.974858562770983,100.0,1,-1.71,2501.86279296875,21.010592192977903,100.0,1,-1.77,2500.67333984375,21.0481458902558,100.0,1,-2.18,2507.050506591797,20.846804463247672,100.0,1,10
ZINC0000000902580,-1.14,2432.630859375,23.196399284907308,100.0,1,-1.17,2421.41552734375,23.55049241823072,100.0,1,-1.2,2411.576904296875,23.861119767697392,100.0,1,-1.26,2433.3677368164062,23.17313441487262,100.0,1,-1.46,2393.951171875,24.417603588505514,100.0,1,-1.91,2403.908264160156,24.103235900039643,100.0,1,-1.98,2410.785217285156,23.886115098536447,100.0,1,-1.99,2397.3687133789062,24.3097041544086,100.0,1,-2.01,2407.7760009765625,23.981122792342468,100.0,1,-2.21,2408.318725585937,23.96398776174954,100.0,1,10
ZINC0000000903550,-0.88,2503.2765197753906,20.96595767362245,100.0,1,-1.84,2492.414428710937,21.308898199033514,100.0,1,-1.86,2486.1638793945312,21.506242030341568,100.0,1,-1.91,2511.560791015625,20.704404689494822,100.0,1,-1.95,2499.9537353515625,21.07086541462496,100.0,1,-2.38,2488.5496826171875,21.43091688292288,100.0,1,-2.47,2501.165802001953,21.03259775773904,100.0,1,-2.83,2518.290405273437,20.49193570578868,100.0,1,-3.15,2452.8308715820312,22.55863968977193,100.0,1,-3.96,2465.3560791015625,22.16319085564388,100.0,1,10
ZINC0000000904760,-1.32,2374.1771850585938,25.04191260856907,100.0,1,-1.7,2387.5164184570312,24.62076315556812,100.0,1,-1.72,2363.7125854492188,25.37230343911549,100.0,1,-1.82,2365.5580444335938,25.31403816864678,100.0,1,-1.94,2370.158264160156,25.168798936101904,100.0,1,-2.05,2349.907958984375,25.808146392821698,100.0,1,-3.06,2399.816345214844,24.232426939289653,100.0,1,-3.11,2381.37060546875,24.814800226586307,100.0,1,-3.28,2404.716857910156,24.077706785633985,100.0,1,-3.52,2399.8517456054688,24.231309269727813,100.0,1,10
ZINC0000000905240,-0.33,2448.183959960937,22.70535308992854,100.0,1,-0.58,2433.1255493164062,23.18078081628881,100.0,1,-0.59,2426.91845703125,23.37675261185888,100.0,1,-0.81,2434.855010986328,23.12617784065161,100.0,1,-0.86,2443.459259033203,22.85452247259648,100.0,1,-1.08,2502.611267089844,20.98696118981089,100.0,1,-1.15,2503.7105712890625,20.952253695882728,100.0,1,-1.2,2486.06005859375,21.509519885384144,100.0,1,-1.25,2508.055633544922,20.815070355757303,100.0,1,-1.36,2502.4237365722656,20.992881947963927,100.0,1,10
ZINC0000000906320,-0.72,2470.064819335937,22.014525387787018,100.0,1,-0.74,2420.8204956054688,23.56927890195209,100.0,1,-0.83,2451.957946777344,22.58619987955376,100.0,1,-0.85,2427.54248046875,23.357050795306684,100.0,1,-0.85,2451.6354370117188,22.59638223466544,100.0,1,-0.86,2394.753662109375,24.39226717574845,100.0,1,-1.72,2458.383117675781,22.38334285407945,100.0,1,-2.71,2386.434875488281,24.654909887698874,100.0,1,-3.33,2390.4483642578125,24.52819506463329,100.0,1,-3.84,3167.3228149414062,0.0005299295336319,0.0,1,10
ZINC0000000908930,-1.0,2473.4871826171875,21.906473719387705,100.0,1,-1.38,2481.113647460937,21.665689155437235,100.0,1,-1.43,2474.3745727539062,21.878456826698702,100.0,1,-1.56,2464.1942138671875,22.19987354147013,100.0,1,-2.5,2465.4525756835938,22.16014424257962,100.0,1,-2.52,2458.5830078125,22.37703187508801,100.0,1,-2.53,2453.796813964844,22.52814272686553,100.0,1,-2.62,2460.649353027344,22.311792731956707,100.0,1,-2.7,2469.5363159179688,22.03121142353872,100.0,1,-3.47,2487.366271972656,21.46827980556866,100.0,1,10
ZINC0000000909980,-0.24,2544.7823791503906,19.65552479865954,100.0,1,-0.43,2541.125244140625,19.770988735972,100.0,1,-0.59,2549.8240356445312,19.496348419380144,100.0,1,-0.59,2541.2689819335938,19.76645061214762,100.0,1,-0.59,2553.099670410156,19.39292929861302,100.0,1,-0.68,2547.880859375,19.55769884324284,100.0,1,-0.77,2566.7090759277344,18.96324990713708,100.0,1,-0.8,2563.539093017578,19.06333336236705,100.0,1,-1.05,2572.1783752441406,18.790571886848983,100.0,1,-5.56,3167.3377075195312,5.973751106396516e-05,0.0,1,10
ZINC0000000913950,-0.59,2525.6756896972656,20.25876574748237,100.0,1,-1.29,2529.4786987304688,20.13869624076853,100.0,1,-1.3,2534.398162841797,19.98337774849398,100.0,1,-1.7,2516.684814453125,20.54262780146766,100.0,1,-1.77,2515.092987060547,20.59288535492908,100.0,1,-1.95,2516.1890869140625,20.55827902936642,100.0,1,-2.02,2523.502716064453,20.32737138841461,100.0,1,-2.05,2529.3663940429688,20.142241951102648,100.0,1,-2.68,2541.3386840820312,19.764249959320683,100.0,1,-2.71,2539.421295166016,19.824786218718067,100.0,1,10
ZINC0000000914690,-0.92,2408.0890502929688,23.97123912478612,100.0,1,-1.32,2409.5264892578125,23.925855959525872,100.0,1,-1.37,2392.420166015625,24.465940870038693,100.0,1,-1.39,2392.492492675781,24.46365735550286,100.0,1,-1.56,2399.779541015625,24.23358893023068,100.0,1,-1.96,2416.833374023437,23.69516125389575,100.0,1,-2.16,2387.3717041015625,24.625332111656267,100.0,1,-3.46,2430.5509033203125,23.262068152714978,100.0,1,-3.94,2454.0321044921875,22.520714078312253,100.0,1,-5.05,2453.7857055664062,22.528493443865973,100.0,1,10
ZINC0000000914730,-0.68,2500.9783630371094,21.03851562536734,100.0,1,-0.69,2495.5986328125,21.20836574896232,100.0,1,-0.7,2498.7116088867188,21.11008212713021,100.0,1,-0.71,2506.172180175781,20.87453519398851,100.0,1,-0.73,2499.3097229003906,21.09119832907629,100.0,1,-0.74,2496.4532775878906,21.181382700618027,100.0,1,-0.86,2488.0496215820312,21.44670492899214,100.0,1,-1.12,2499.7538146972656,21.07717735712464,100.0,1,-1.14,2520.9098510742188,20.409233939261828,100.0,1,-2.25,2512.9891052246094,20.65930961319923,100.0,1,10
ZINC0000000915380,-0.37,2480.9181213378906,21.67186235274993,100.0,1,-0.47,2462.903594970703,22.24062126857345,100.0,1,-0.48,2475.760955810547,21.83468561072895,100.0,1,-0.6,2489.47265625,21.40177653962258,100.0,1,-0.68,2470.497100830078,22.000877293525388,100.0,1,-0.72,2479.2328491210938,21.725070168451303,100.0,1,-0.73,2480.8592529296875,21.673720960150607,100.0,1,-0.96,2483.042053222656,21.60480506956414,100.0,1,-0.97,2498.3209228515625,21.122416959656675,100.0,1,-1.66,2547.758850097656,19.56155094919822,100.0,1,10
ZINC0000000917450,-1.59,2505.163543701172,20.90638010492681,100.0,1,-1.66,2496.3475341796875,21.184721256679907,100.0,1,-1.71,2488.362060546875,21.436840531600645,100.0,1,-1.74,2510.1067810058594,20.750311039730995,100.0,1,-2.29,2528.5579528808594,20.16776624796709,100.0,1,-2.32,2475.5606689453125,21.84100911532754,100.0,1,-2.41,2515.545440673828,20.578600381718843,100.0,1,-2.81,2480.997344970703,21.669361085351184,100.0,1,-2.99,2488.339904785156,21.43754003858504,100.0,1,-3.15,2469.131805419922,22.04398272529925,100.0,1,10
ZINC0000000923260,-1.93,2493.704406738281,21.268170705603293,100.0,1,-2.01,2489.178985595703,21.41104837944465,100.0,1,-2.14,2503.272918701172,20.96607136759512,100.0,1,-2.21,2491.0504150390625,21.35196316346118,100.0,1,-2.33,2498.0377502441406,21.131357352643168,100.0,1,-2.51,2494.9039916992188,21.23029712358874,100.0,1,-2.65,2509.9402465820312,20.75556890421287,100.0,1,-3.39,2528.941162109375,20.15566747496016,100.0,1,-3.53,2559.4370727539062,19.192843322845484,100.0,1,-3.72,2538.5841369628906,19.851217176839143,100.0,1,10
ZINC0000000924380,-1.07,2448.4552612304688,22.696787501648565,100.0,1,-1.1,2442.2677001953125,22.89214265194313,100.0,1,-1.14,2448.5006713867188,22.69535380138303,100.0,1,-1.62,2444.9591674804688,22.807167005962885,100.0,1,-1.69,2435.1408081054688,23.11715458595623,100.0,1,-1.7,2434.8151245117188,23.12743714592517,100.0,1,-1.73,2437.8727416992188,23.030901328045804,100.0,1,-2.11,2436.96826171875,23.05945778535087,100.0,1,-2.52,2461.7755737304688,22.276235423758248,100.0,1,-2.54,2456.4369506835938,22.44478770174996,100.0,1,10
ZINC0000000927010,-0.68,2424.3790893554688,23.456926132756173,100.0,1,-0.98,2382.258178710937,24.78677755284785,100.0,1,-0.99,2397.2507934570312,24.31342715025942,100.0,1,-0.99,2456.2479248046875,22.45075567180689,100.0,1,-1.08,2385.0641479492188,24.698186823939988,100.0,1,-1.42,2404.721435546875,24.07756225939754,100.0,1,-1.45,2394.58837890625,24.39748553639236,100.0,1,-1.5,2449.125366210937,22.67563078764949,100.0,1,-1.66,2449.7531127929688,22.655811423091656,100.0,1,-1.77,2419.1746826171875,23.621240901495312,100.0,1,10
ZINC0000000927710,-0.47,2423.1746826171875,23.49495194907312,100.0,1,-0.51,2411.1336059570312,23.87511568843473,100.0,1,-1.08,2474.4383544921875,21.876443094470904,100.0,1,-1.82,2480.2489318847656,21.69299016150171,100.0,1,-2.19,2481.79052734375,21.644318542608225,100.0,1,-2.86,2484.3726806640625,21.562794183154285,100.0,1,-2.94,2501.023193359375,21.03710023175842,100.0,1,-3.04,2502.8438720703125,20.979617329983,100.0,1,-3.16,2510.5926513671875,20.73497102499472,100.0,1,-3.32,2509.3341674804688,20.774704177918192,100.0,1,10
ZINC0000000927770,-1.19,2599.590087890625,17.925122768293303,100.0,1,-1.35,2599.6746215820312,17.922453850460283,100.0,1,-1.35,2591.9202575683594,18.16727647745703,100.0,1,-1.45,2604.941131591797,17.756178342446706,100.0,1,-1.48,2604.8941040039062,17.757663108649123,100.0,1,-1.54,2599.708953857422,17.921369903686944,100.0,1,-1.59,2612.4742431640625,17.518341150211477,100.0,1,-1.63,2587.0936584472656,18.31966301414824,100.0,1,-1.76,2594.4856872558594,18.08628012052024,100.0,1,-1.85,2592.143341064453,18.16023323220094,100.0,1,10
ZINC0000000928150,-1.4,2430.6216430664062,23.25983474060778,100.0,1,-2.69,2435.989196777344,23.09036905680174,100.0,1,-2.69,2412.66015625,23.82691907910503,100.0,1,-2.87,2419.9829711914062,23.595721422172083,100.0,1,-3.22,2417.7124633789062,23.66740643544884,100.0,1,-3.39,2420.4273071289062,23.58169274215448,100.0,1,-3.39,2422.3380737304688,23.52136556404582,100.0,1,-3.68,2439.099975585937,22.99215480756312,100.0,1,-3.9,2422.292297363281,23.52281082641027,100.0,1,-4.05,2446.9577026367188,22.744068778147447,100.0,1,10
ZINC0000000928360,-1.04,2408.92138671875,23.944960400967425,100.0,1,-1.66,2441.37646484375,22.920280946670744,100.0,1,-2.05,2427.78564453125,23.34937356162672,100.0,1,-2.09,2442.4716796875,22.885702562847136,100.0,1,-2.3,2474.7156372070312,21.867688658575304,100.0,1,-2.3,2437.2133178710938,23.05172081415984,100.0,1,-2.5,2462.607727050781,22.24996248098902,100.0,1,-2.64,2481.75439453125,21.645459336367896,100.0,1,-2.71,2477.989013671875,21.76434083741816,100.0,1,-3.24,2460.9635009765625,22.301874378103605,100.0,1,10
ZINC0000000928490,-1.49,2400.9860229492188,24.195497595353206,100.0,1,-1.55,2398.5612182617188,24.27205410630641,100.0,1,-1.63,2381.193420410156,24.82039435544497,100.0,1,-1.65,2371.3976440429688,25.12966893933852,100.0,1,-1.65,2378.618103027344,24.901702889052487,100.0,1,-1.68,2370.197265625,25.1675675725674,100.0,1,-1.78,2405.7888793945312,24.04386066807504,100.0,1,-1.85,2416.892517089844,23.69329397492088,100.0,1,-2.0,2414.48291015625,23.769370658769084,100.0,1,-2.47,2375.3140869140625,25.00601807248557,100.0,1,10
ZINC0000000928870,-1.31,2417.2573852539062,23.681774270367967,100.0,1,-1.34,2412.4674682617188,23.833002670151124,100.0,1,-1.35,2420.7465209960938,23.571614445933044,100.0,1,-1.53,2417.268798828125,23.68141391828509,100.0,1,-2.12,2416.054443359375,23.719753838289247,100.0,1,-2.55,2426.788391113281,23.3808590839904,100.0,1,-2.57,2441.2396850585938,22.92459939061572,100.0,1,-2.59,2444.648681640625,22.81696973882683,100.0,1,-2.6,2443.241577148437,22.861395176893563,100.0,1,-3.18,2438.0873413085938,23.024125938081266,100.0,1,10
ZINC0000000929990,-0.93,2559.1011962890625,19.20344769456758,100.0,1,-1.09,2561.4241638183594,19.13010641062116,100.0,1,-1.12,2560.1387634277344,19.17068937781493,100.0,1,-1.17,2561.668487548828,19.122392563627965,100.0,1,-1.27,2551.8351135253906,19.43285418967685,100.0,1,-1.38,2549.4663696289062,19.50764073598772,100.0,1,-1.54,2549.686065673828,19.5007044401466,100.0,1,-1.6,2611.221893310547,17.55788063797812,100.0,1,-1.7,2563.2989807128906,19.07091424522272,100.0,1,-2.28,2563.587280273437,19.061811982851403,100.0,1,10
ZINC0000000932050,-2.68,2395.19140625,24.37844661351133,100.0,1,-3.06,2415.750366210937,23.72935423442217,100.0,1,-3.16,2392.1905517578125,24.47319030605878,100.0,1,-3.49,2408.5859375,23.95555128357412,100.0,1,-3.64,2429.2289428710938,23.30380540278383,100.0,1,-3.79,2420.6114501953125,23.575878933416416,100.0,1,-3.82,2421.01416015625,23.56316447864222,100.0,1,-3.86,2427.944091796875,23.34437102682924,100.0,1,-3.87,2418.1671142578125,23.653052089645115,100.0,1,-3.94,2420.3091430664062,23.58542344607125,100.0,1,10
ZINC0000000932240,-0.7,2500.483856201172,21.054128312936378,100.0,1,-0.76,2492.695617675781,21.300020434082818,100.0,1,-0.95,2509.1394653320312,20.78085136050833,100.0,1,-0.96,2504.9989013671875,20.911578231897625,100.0,1,-1.02,2501.3849487304688,21.025678805046287,100.0,1,-1.1,2510.5992431640625,20.73476290721424,100.0,1,-1.33,2511.2200622558594,20.715162259027554,100.0,1,-1.37,2508.1862182617188,20.81094750398565,100.0,1,-1.52,2503.174743652344,20.969170973612748,100.0,1,-1.9,2510.9727478027344,20.72297052982856,100.0,1,10
ZINC0000000932740,-0.56,2486.7930908203125,21.48637641738807,100.0,1,-0.63,2495.271026611328,21.21870900995057,100.0,1,-0.66,2530.475891113281,20.10721264542133,100.0,1,-1.29,2529.6238403320312,20.13411379556498,100.0,1,-1.39,2494.6803283691406,21.237358675501447,100.0,1,-1.42,2542.313201904297,19.73348225059801,100.0,1,-1.9,2548.069641113281,19.55173858125184,100.0,1,-2.41,2575.5729064941406,18.68339893796725,100.0,1,-2.56,2579.694580078125,18.55326847818036,100.0,1,-2.7,2576.323455810547,18.659702416239725,100.0,1,10
ZINC0000000934530,-1.27,2409.337890625,23.93181044046741,100.0,1,-1.72,2458.451416015625,22.38118652263169,100.0,1,-1.76,2449.3486328125,22.668581761343944,100.0,1,-2.18,2437.48876953125,23.043024188758817,100.0,1,-2.3,2453.456420898437,22.538889697807587,100.0,1,-2.37,2435.886108398437,23.09362378764648,100.0,1,-2.42,2431.991455078125,23.21658670961396,100.0,1,-2.46,2450.8346557617188,22.6216646909609,100.0,1,-2.57,2424.9635009765625,23.438474949903352,100.0,1,-2.66,2459.614196777344,22.34447493155816,100.0,1,10
ZINC0000000935380,-0.39,2505.8571166992188,20.884482453088903,100.0,1,-0.43,2513.6058959960938,20.63983614810062,100.0,1,-0.48,2514.3507080078125,20.61632076592276,100.0,1,-0.48,2503.5191650390625,20.95829681958262,100.0,1,-0.48,2514.283447265625,20.618444338090264,100.0,1,-0.5,2509.354705810547,20.77405573687068,100.0,1,-0.66,2542.042236328125,19.74203724028732,100.0,1,-0.7,2544.0198669433594,19.679599015618315,100.0,1,-0.7,2536.5934448242188,19.91406778303613,100.0,1,-0.75,2540.761657714844,19.782467973178704,100.0,1,10
ZINC0000000936600,-0.67,2528.2442626953125,20.17767014919655,100.0,1,-0.74,2518.0852966308594,20.49841144468965,100.0,1,-0.75,2527.834350585937,20.19061199191609,100.0,1,-0.78,2553.375732421875,19.38421340304713,100.0,1,-0.81,2518.8279724121094,20.474963508088805,100.0,1,-0.81,2544.392364501953,19.66783843400465,100.0,1,-0.84,2537.442749023437,19.88725334863436,100.0,1,-0.86,2533.865600585937,20.000191930842,100.0,1,-0.93,2520.3094482421875,20.42819000043396,100.0,1,-0.95,2548.626892089844,19.53414492073526,100.0,1,10
ZINC0000000938070,-1.22,2496.4576416015625,21.18124491893928,100.0,1,-1.51,2543.0914916992188,19.70890989987761,100.0,1,-1.69,2495.2459716796875,21.21950005021805,100.0,1,-1.87,2479.1414184570312,21.727956839147232,100.0,1,-1.9,2512.663116455078,20.669601808250608,100.0,1,-2.19,2533.066192626953,20.025431029266525,100.0,1,-2.5,2546.023498535156,19.616339881926304,100.0,1,-2.6,2568.084716796875,18.91981784606884,100.0,1,-2.98,2501.570281982422,21.01982741948675,100.0,1,-4.08,2547.6065368652344,19.56635981883887,100.0,1,10
ZINC0000000939180,-0.88,2463.647399902344,22.21713768216761,100.0,1,-1.06,2454.2877807617188,22.51264180625268,100.0,1,-1.11,2465.0223388671875,22.17372778178897,100.0,1,-1.17,2467.229736328125,22.104035303558668,100.0,1,-1.17,2455.178649902344,22.48451507362397,100.0,1,-1.18,2444.402648925781,22.824737542281632,100.0,1,-1.19,2454.1139526367188,22.518129949204617,100.0,1,-1.34,2459.9126586914062,22.33505182094194,100.0,1,-1.43,2462.704345703125,22.246912013891784,100.0,1,-1.48,2460.1713256835938,22.326885125074547,100.0,1,10
ZINC0000000941950,-0.51,2396.791320800781,24.327933730365533,100.0,1,-1.5,2424.8779296875,23.44117662701663,100.0,1,-1.58,2406.1480102539062,24.032522103071795,100.0,1,-1.63,2396.0768432617188,24.350491385349883,100.0,1,-2.01,2444.3394775390625,22.82673200434457,100.0,1,-2.44,2489.9423828125,21.38694622074683,100.0,1,-2.83,2491.1203002929688,21.349756729584783,100.0,1,-3.18,2494.82373046875,21.232831150267742,100.0,1,-3.69,2504.4966430664062,20.92743565056038,100.0,1,-4.95,2503.862670898437,20.94745157079977,100.0,1,10
ZINC0000000944660,-2.75,2501.159545898437,21.03279527692884,100.0,1,-2.84,2502.1134033203125,21.00267986328666,100.0,1,-2.87,2505.134033203125,20.907311817397765,100.0,1,-2.95,2488.280212402344,21.43942466070828,100.0,1,-3.01,2501.6837768554688,21.01624413233116,100.0,1,-3.03,2501.282958984375,21.02889884959428,100.0,1,-3.05,2505.140106201172,20.907120079257417,100.0,1,-3.19,2483.0946044921875,21.60314590836975,100.0,1,-3.51,2485.6591796875,21.52217652966376,100.0,1,-3.86,2500.8396606445312,21.042894770331625,100.0,1,10
ZINC0000000952330,-1.0,2440.9313354492188,22.934334677902665,100.0,1,-1.15,2429.8326416015625,23.28474528272145,100.0,1,-1.23,2410.66796875,23.889816897205925,100.0,1,-1.73,2452.8377685546875,22.558421936909017,100.0,1,-1.81,2451.9754028320312,22.585648752838782,100.0,1,-2.31,2446.6361694335938,22.75422030099535,100.0,1,-3.0,2493.830139160156,21.26420105164227,100.0,1,-3.02,2462.419677734375,22.25589961878218,100.0,1,-3.03,2481.259155273437,21.66109514813477,100.0,1,-3.38,2467.6793212890625,22.089840900123274,100.0,1,10
ZINC0000000958800,-0.58,2439.398681640625,22.98272398888096,100.0,1,-1.0,2430.758728027344,23.255506661580373,100.0,1,-1.07,2436.626281738281,23.070254858721555,100.0,1,-1.25,2424.15478515625,23.464007918341984,100.0,1,-1.57,2428.54150390625,23.32550938946491,100.0,1,-1.6,2418.9197998046875,23.62928812234057,100.0,1,-1.69,2442.397766113281,22.888036179811603,100.0,1,-1.7,2424.0416870117188,23.46757867989042,100.0,1,-1.72,2427.9409790039062,23.34446930467001,100.0,1,-1.76,2424.413024902344,23.45585471159,100.0,1,10
ZINC0000000958970,-2.31,2484.1866455078125,21.56866772940341,100.0,1,-2.35,2482.3316650390625,21.62723361444393,100.0,1,-2.55,2507.6861877441406,20.826734586546667,100.0,1,-2.78,2488.1824340820312,21.442511741118743,100.0,1,-3.05,2510.5810546875,20.73533715812704,100.0,1,-3.15,2499.693664550781,21.079076431871528,100.0,1,-3.24,2487.584289550781,21.461396502680905,100.0,1,-3.33,2487.8927307128906,21.45165832486924,100.0,1,-3.35,2506.5797119140625,20.861668504911925,100.0,1,-3.77,2495.623413085937,21.207583380269032,100.0,1,10
ZINC0000000964440,-1.48,2513.192321777344,20.65289361180931,100.0,1,-1.49,2513.544677734375,20.641768945636013,100.0,1,-1.62,2519.2095642089844,20.462915801018745,100.0,1,-1.68,2508.7135314941406,20.794299045055418,100.0,1,-1.68,2499.0671997070312,21.09885532908316,100.0,1,-1.7,2510.122131347656,20.749826395084785,100.0,1,-1.71,2515.141326904297,20.59135915787221,100.0,1,-1.81,2518.7731018066406,20.47669589590966,100.0,1,-1.84,2516.7984008789062,20.539041623787337,100.0,1,-1.88,2519.568634033203,20.451579163032,100.0,1,10
ZINC0000000964500,-0.98,2427.7153930664062,23.35159155760203,100.0,1,-1.16,2413.1649169921875,23.810982652766352,100.0,1,-1.4,2413.73828125,23.792880259897483,100.0,1,-1.61,2402.497985839844,24.147761542963643,100.0,1,-2.19,2434.486389160156,23.137816056718417,100.0,1,-2.33,2421.6082763671875,23.54440690016813,100.0,1,-2.36,2425.3325805664062,23.426822281212907,100.0,1,-2.5,2416.656982421875,23.700730331540104,100.0,1,-2.57,2428.8412475585938,23.316045811502484,100.0,1,-2.75,2422.5640258789062,23.51423174901489,100.0,1,10
ZINC0000000966320,-0.65,2486.824523925781,21.485384003897813,100.0,1,-0.73,2486.81494140625,21.485686545486107,100.0,1,-0.86,2494.243377685547,21.25115418652425,100.0,1,-0.88,2485.5194091796875,21.526589397416547,100.0,1,-0.92,2489.9248962402344,21.38749831097005,100.0,1,-0.98,2487.098876953125,21.47672206479354,100.0,1,-1.15,2490.524139404297,21.368578863111143,100.0,1,-1.34,2532.543884277344,20.041921472844905,100.0,1,-1.54,2512.0030822753906,20.6904405645295,100.0,1,-2.24,2527.379608154297,20.204969228244543,100.0,1,10
ZINC0000000966490,-1.16,2468.3717651367188,22.06797889809035,100.0,1,-1.81,2481.695098876953,21.64733143288398,100.0,1,-1.83,2470.111785888672,22.01304254860109,100.0,1,-1.85,2474.1896362304688,21.88429568665109,100.0,1,-1.88,2481.840301513672,21.642747060663943,100.0,1,-1.99,2477.4215698242188,21.782256309687888,100.0,1,-2.08,2483.897399902344,21.577799860530256,100.0,1,-2.21,2468.693634033203,22.057816776651777,100.0,1,-2.74,2509.7457275390625,20.76171030575354,100.0,1,-3.19,2531.917358398437,20.061702297073023,100.0,1,10
ZINC0000000969640,-1.59,2446.896728515625,22.745993867616896,100.0,1,-1.75,2449.334045410156,22.66904231828408,100.0,1,-2.21,2436.447570800781,23.075897162992373,100.0,1,-2.23,2432.0563354492188,23.214538291089408,100.0,1,-2.31,2439.077453613281,22.99286587664644,100.0,1,-2.39,2458.6862182617188,22.373773290210305,100.0,1,-2.43,2440.2936401367188,22.954468146147704,100.0,1,-2.64,2456.9449462890625,22.428749143537523,100.0,1,-2.69,2449.7306518554688,22.65652056515848,100.0,1,-2.81,2454.272705078125,22.513117779324705,100.0,1,10
ZINC0000000970860,-2.26,2503.393859863281,20.962252984428243,100.0,1,-2.44,2498.0152893066406,21.132066494709992,100.0,1,-2.6,2502.50439453125,20.990335395677764,100.0,1,-2.73,2493.2450256347656,21.28267439518468,100.0,1,-3.69,2521.440704345703,20.392473713375413,100.0,1,-4.2,2512.4718322753906,20.675641077917525,100.0,1,-4.24,2504.163055419922,20.93796775916425,100.0,1,-4.83,2499.206787109375,21.094448242379823,100.0,1,-5.35,2507.65673828125,20.827664372001127,100.0,1,-5.76,2516.223114013672,20.55720471767551,100.0,1,10
ZINC0000000983720,-1.69,2510.0901794433594,20.75083518821517,100.0,1,-1.81,2514.7567138671875,20.60350225225833,100.0,1,-1.95,2538.2564392089844,19.861563328352126,100.0,1,-1.96,2515.621490478516,20.57619931917737,100.0,1,-1.98,2524.904541015625,20.28311263727391,100.0,1,-1.98,2528.4230346679688,20.17202591790925,100.0,1,-1.99,2517.6910705566406,20.510858044172306,100.0,1,-2.29,2533.658233642578,20.00673896935296,100.0,1,-2.3,2532.990234375,20.02782920128327,100.0,1,-2.43,2540.220733642578,19.7995461567853,100.0,1,10
ZINC0000000984350,-1.38,2402.7076416015625,24.141142241334457,100.0,1,-1.66,2458.5913696289062,22.376767873829444,100.0,1,-1.69,2407.4989013671875,23.98987144718861,100.0,1,-1.73,2455.587890625,22.471594428085787,100.0,1,-1.75,2449.7596435546875,22.655605232327662,100.0,1,-1.75,2452.464782714844,22.57019793465456,100.0,1,-1.81,2405.7413940429688,24.04535988690109,100.0,1,-1.93,2412.7975463867188,23.82258136499519,100.0,1,-2.17,2429.415405273437,23.2979183674193,100.0,1,-2.21,2408.628234863281,23.95421586114937,100.0,1,10
ZINC0000000985480,-0.74,2471.7647399902344,21.960855088129016,100.0,1,-0.98,2477.2459716796875,21.787800336117925,100.0,1,-0.99,2451.508850097656,22.600378866857262,100.0,1,-1.14,2475.1393127441406,21.85431227363819,100.0,1,-1.15,2470.034454345703,22.01548407848877,100.0,1,-1.22,2464.5904235839844,22.187364313951687,100.0,1,-1.35,2462.1973876953125,22.26291781282396,100.0,1,-1.45,2462.69775390625,22.247120131672265,100.0,1,-1.7,2469.862060546875,22.02092693655329,100.0,1,-1.72,2470.558074951172,21.99895220405594,100.0,1,10
ZINC0000000985550,-0.9,2471.582092285156,21.966621684963176,100.0,1,-1.07,2466.6111450195312,22.12356561564361,100.0,1,-1.09,2461.8246459960938,22.27468610250356,100.0,1,-1.12,2467.6681213378906,22.090194507648444,100.0,1,-1.14,2450.651733398437,22.62743995936924,100.0,1,-1.19,2490.354278564453,21.373941749991506,100.0,1,-1.37,2471.85693359375,21.95794432972701,100.0,1,-1.41,2483.585693359375,21.587641133723924,100.0,1,-1.55,2472.6840209960938,21.93183132932612,100.0,1,-1.58,2479.0125122070312,21.732026697965527,100.0,1,10
ZINC0000000985700,-1.19,2444.5821533203125,22.819070186796505,100.0,1,-1.3,2450.5557861328125,22.630469229285133,100.0,1,-1.35,2429.960266113281,23.280715891249365,100.0,1,-1.64,2453.171630859375,22.54788115673096,100.0,1,-1.76,2458.684936523437,22.37381375755651,100.0,1,-1.82,2464.6121215820312,22.18667925959093,100.0,1,-1.89,2462.523803710937,22.25261212865718,100.0,1,-2.11,2446.65185546875,22.753725057758466,100.0,1,-2.35,2502.199523925781,20.999960843025008,100.0,1,-2.57,2467.309814453125,22.10150705792912,100.0,1,10
ZINC0000000985950,-1.1,2378.390563964844,24.90888680651205,100.0,1,-1.47,2415.730712890625,23.729974733730643,100.0,1,-1.47,2439.397521972656,22.9827606021942,100.0,1,-1.49,2395.737060546875,24.361219086127075,100.0,1,-1.71,2419.17138671875,23.62134496038556,100.0,1,-1.93,2416.2439575195312,23.713770452100423,100.0,1,-2.07,2441.156616210937,22.92722206005308,100.0,1,-2.08,2439.075134277344,22.9929391032729,100.0,1,-2.11,2444.088134765625,22.83466745823365,100.0,1,-2.28,2434.0328369140625,23.152135716225395,100.0,1,10
ZINC0000000986020,-1.19,2395.7937622070312,24.35942888781164,100.0,1,-1.38,2404.0514526367188,24.09871511936364,100.0,1,-1.64,2421.609313964844,23.544374140887875,100.0,1,-1.89,2376.403259277344,24.97163046329408,100.0,1,-1.91,2408.214111328125,23.96729066800643,100.0,1,-1.93,2397.695617675781,24.29938305410993,100.0,1,-2.08,2430.8612060546875,23.252271200900488,100.0,1,-2.51,2416.8562622070312,23.694438622713527,100.0,1,-2.8,2470.080810546875,22.014020509467706,100.0,1,-2.85,2425.619384765625,23.4177672307455,100.0,1,10
ZINC0000000986130,-1.05,2443.5375366210938,22.852051073953263,100.0,1,-1.14,2452.943115234375,22.55509590645429,100.0,1,-1.18,2467.730743408203,22.08821738873388,100.0,1,-1.2,2445.242248535156,22.79822950350112,100.0,1,-1.22,2436.046264648437,23.088567296387392,100.0,1,-1.23,2441.135009765625,22.9279042238891,100.0,1,-1.36,2456.04150390625,22.45727284156232,100.0,1,-2.11,2473.528717041016,21.905162384669023,100.0,1,-2.13,2466.680725097656,22.12136881684965,100.0,1,-2.19,2493.574005126953,21.27228777632549,100.0,1,10
ZINC0000000986310,-1.17,2386.4703369140625,24.653790291120547,100.0,1,-1.27,2378.963623046875,24.890794048725613,100.0,1,-1.45,2390.5655517578125,24.524495192980293,100.0,1,-1.79,2409.5269775390625,23.925840543393985,100.0,1,-1.79,2436.7774658203125,23.0654816388859,100.0,1,-2.2,2424.181701660156,23.463158104071685,100.0,1,-2.26,2426.051696777344,23.40411817297563,100.0,1,-2.29,2421.7916259765625,23.53861814264439,100.0,1,-2.91,3167.3169555664062,0.0007149231162816,0.0,1,-3.35,2468.7057495117188,22.057434263879315,100.0,1,10
ZINC0000000986380,-1.07,2487.0825805664062,21.477236578195285,100.0,1,-1.07,2475.839263916016,21.832213248577496,100.0,1,-1.31,2490.9041442871094,21.35658125846972,100.0,1,-1.45,2484.1424560546875,21.57006288933923,100.0,1,-1.56,2462.683319091797,22.24757587107119,100.0,1,-1.57,2464.2560424804688,22.19792147376988,100.0,1,-1.77,2479.2338256835938,21.72503933618753,100.0,1,-2.01,2479.515991210937,21.716130738973053,100.0,1,-2.43,2492.357788085937,21.310686470332463,100.0,1,-3.18,2492.2020568847656,21.315603252896327,100.0,1,10
ZINC0000000986560,-1.48,2476.4675903320312,21.81237557736305,100.0,1,-1.53,2427.859313964844,23.3470476527282,100.0,1,-1.57,2441.6521606445312,22.91157661320378,100.0,1,-1.57,2431.3056640625,23.23823866684992,100.0,1,-1.61,2454.2643432617188,22.51338178058328,100.0,1,-1.62,2427.483337402344,23.35891807428155,100.0,1,-1.64,2457.2183837890625,22.42011610968054,100.0,1,-1.79,2440.5194091796875,22.94734011216624,100.0,1,-1.8,2438.3991088867188,23.01428273787111,100.0,1,-2.94,2511.2750854492188,20.71342505366548,100.0,1,10
ZINC0000000986630,-1.29,2436.8660278320312,23.062685537964807,100.0,1,-1.55,2421.3946533203125,23.551151457868908,100.0,1,-1.7,2420.1346435546875,23.590932786204537,100.0,1,-1.87,2409.7069091796875,23.92015969879345,100.0,1,-2.04,2444.894470214844,22.80920964343797,100.0,1,-2.2,2429.0816650390625,23.30845529356439,100.0,1,-2.37,2428.5299072265625,23.32587552259724,100.0,1,-2.51,2432.888610839844,23.188261494287204,100.0,1,-2.72,2426.4666137695312,23.391018314904247,100.0,1,-3.15,2461.8961791992188,22.27242763918204,100.0,1,10
ZINC0000000986720,-1.07,2385.3556518554688,24.688983393203166,100.0,1,-1.17,2389.2442626953125,24.5662112458678,100.0,1,-1.29,2376.0671997070312,24.982240616065628,100.0,1,-1.51,2397.6451416015625,24.3009766967438,100.0,1,-2.04,2404.223937988281,24.09326937077439,100.0,1,-2.28,2394.751953125,24.392321132210057,100.0,1,-2.54,2399.9012451171875,24.22974645935772,100.0,1,-2.72,2424.350646972656,23.45782412243862,100.0,1,-2.89,2396.9985961914062,24.3213895823793,100.0,1,-2.91,2410.437561035156,23.897091384440326,100.0,1,10
ZINC0000000987380,-1.85,2475.9323120117188,21.829275511944687,100.0,1,-1.9,2478.561462402344,21.74626734979658,100.0,1,-2.37,2480.080841064453,21.698297164903973,100.0,1,-2.42,2482.5021362304688,21.621851457398712,100.0,1,-2.58,2464.8639526367188,22.17872838956997,100.0,1,-2.69,2476.6338806152344,21.80712542094712,100.0,1,-2.86,2483.8594665527344,21.578997501276262,100.0,1,-3.28,2490.631134033203,21.365200803211305,100.0,1,-3.36,2489.66552734375,21.39568716752703,100.0,1,-3.47,2535.4361267089844,19.95060690613418,100.0,1,10
ZINC0000000987990,-1.11,2497.544708251953,21.146923791816548,100.0,1,-1.12,2522.331359863281,20.36435372530441,100.0,1,-1.14,2521.299530029297,20.39693090250738,100.0,1,-1.2,2538.7800903320312,19.84503049041105,100.0,1,-1.23,2518.574920654297,20.48295291843949,100.0,1,-1.24,2506.0972900390625,20.87689964321676,100.0,1,-1.26,2517.409454345703,20.51974929823841,100.0,1,-1.36,2516.105194091797,20.560927713526336,100.0,1,-1.39,2509.3757934570312,20.773389952674787,100.0,1,-1.61,2538.1463928222656,19.865037739076264,100.0,1,10
ZINC0000000990430,-0.66,2397.737609863281,24.298057266767607,100.0,1,-0.82,2398.68505859375,24.268144189856447,100.0,1,-1.11,2409.2609252929688,23.934240408256173,100.0,1,-1.17,2402.784484863281,24.138716127578665,100.0,1,-1.25,2448.049743652344,22.70959059918111,100.0,1,-1.58,2439.6287841796875,22.975459136728983,100.0,1,-1.79,2454.8150634765625,22.49599431083069,100.0,1,-1.86,2450.340881347656,22.637254254332102,100.0,1,-2.21,2441.461975097656,22.91758119657395,100.0,1,-2.86,2471.3090209960938,21.975243156721245,100.0,1,10
ZINC0000000991590,-0.91,2383.490295410156,24.74787687104629,100.0,1,-1.0,2408.3468017578125,23.96310133416601,100.0,1,-1.05,2386.187438964844,24.662722012532853,100.0,1,-1.16,2378.2935791015625,24.9119488357082,100.0,1,-1.22,2387.539428710937,24.62003667035292,100.0,1,-1.3,2405.9830322265625,24.03773082863328,100.0,1,-1.4,2404.946044921875,24.070470838729303,100.0,1,-2.21,2424.2142944335938,23.462129077268195,100.0,1,-2.44,2399.2330322265625,24.250843435845727,100.0,1,-2.93,2407.7075805664062,23.9832829778232,100.0,1,10
ZINC0000000995100,-0.78,2442.96044921875,22.87027101482777,100.0,1,-0.82,2439.04541015625,22.99387756030155,100.0,1,-0.83,2453.5504150390625,22.53592209241925,100.0,1,-0.84,2443.7886657714844,22.84412236462189,100.0,1,-0.87,2453.348846435547,22.54228606436405,100.0,1,-0.87,2444.269775390625,22.82893265717151,100.0,1,-1.26,2450.548583984375,22.63069661723048,100.0,1,-1.47,2461.8052978515625,22.2752969667296,100.0,1,-1.55,2461.0838928222656,22.2980733380851,100.0,1,-1.58,2470.3873596191406,22.00434206916709,100.0,1,10
ZINC0000000999650,-3.18,2409.7927856445312,23.91744838659774,100.0,1,-4.22,2453.9595947265625,22.523003373897545,100.0,1,-4.22,2457.350891113281,22.41593255688957,100.0,1,-4.25,2467.8953857421875,22.083019261763067,100.0,1,-4.25,2461.02392578125,22.29996663178253,100.0,1,-4.29,2461.289001464844,22.291597599184115,100.0,1,-4.85,2491.7840576171875,21.328800425300244,100.0,1,-5.09,2509.792297363281,20.76023999217477,100.0,1,-5.13,2536.0660400390625,19.93071913249109,100.0,1,-5.39,2499.404052734375,21.088220125097283,100.0,1,10
ZINC0000001000300,-0.67,2462.320373535156,22.2590348746048,100.0,1,-0.67,2457.788391113281,22.402119702718394,100.0,1,-0.68,2461.0738525390625,22.29839033229704,100.0,1,-0.7,2462.05517578125,22.267407761236186,100.0,1,-0.7,2463.948608398437,22.207627855809527,100.0,1,-0.71,2458.609619140625,22.37619169590015,100.0,1,-0.72,2459.41064453125,22.350901531538742,100.0,1,-0.79,2473.5845336914062,21.90340012809264,100.0,1,-1.76,2470.5265502929688,21.999947508070925,100.0,1,-2.29,2500.6492309570312,21.04890706176774,100.0,1,10
ZINC0000001001330,-1.04,2404.3465576171875,24.08939799465415,100.0,1,-1.2,2409.5906982421875,23.923828738182667,100.0,1,-1.94,2401.7985229492188,24.16984515189245,100.0,1,-1.94,2430.4732055664062,23.264521244701573,100.0,1,-2.18,2426.8017578125,23.38043706737998,100.0,1,-2.33,2379.7467041015625,24.86607042721108,100.0,1,-2.65,2379.496337890625,24.87397504883637,100.0,1,-2.67,2399.985412597656,24.227089103623616,100.0,1,-2.74,2419.9107666015625,23.598001082674944,100.0,1,-2.89,2401.2568359375,24.18694742320512,100.0,1,10
ZINC0000001001510,-0.72,2502.1866455078125,21.00036744350354,100.0,1,-1.02,2527.1720275878906,20.211523011313208,100.0,1,-1.1,2536.168212890625,19.92749330689364,100.0,1,-1.26,2526.683135986328,20.22695841336554,100.0,1,-1.29,2525.168273925781,20.274785999038187,100.0,1,-1.6,2531.476501464844,20.07562113715093,100.0,1,-1.64,2520.8929138183594,20.40976868633668,100.0,1,-1.9,2594.701934814453,18.07945270111057,100.0,1,-2.41,2604.4895935058594,17.77043441040965,100.0,1,-2.44,2599.149444580078,17.939034863813504,100.0,1,10
ZINC0000001003570,-1.94,2503.885070800781,20.94674435574944,100.0,1,-1.96,2509.176086425781,20.779695150616764,100.0,1,-2.13,2522.2349853515625,20.367396484335707,100.0,1,-2.29,2521.6727294921875,20.38514816020413,100.0,1,-2.3,2529.335479736328,20.143217984952777,100.0,1,-2.4,2519.696075439453,20.44755555260936,100.0,1,-2.87,2533.175567626953,20.02197781572373,100.0,1,-3.07,2543.018798828125,19.711204976512366,100.0,1,-3.12,2535.7569885253906,19.94047658046762,100.0,1,-3.17,2560.577117919922,19.15684954541296,100.0,1,10
ZINC0000001004090,-1.11,2517.159942626953,20.527626941632903,100.0,1,-1.22,2506.276824951172,20.871231324223377,100.0,1,-1.24,2503.1231384277344,20.970800266051604,100.0,1,-1.35,2496.124420166016,21.19176546544424,100.0,1,-1.45,2513.1116638183594,20.65544016409548,100.0,1,-1.71,2506.435546875,20.866220117851704,100.0,1,-1.91,2505.5782470703125,20.89328699141313,100.0,1,-2.02,2571.1236572265625,18.82387169523417,100.0,1,-2.15,2509.399169921875,20.772651905360675,100.0,1,-2.37,2518.5098571777344,20.48500711801349,100.0,1,10
ZINC0000001005080,-0.66,2411.037414550781,23.878152666416565,100.0,1,-0.82,2411.1576538085938,23.87435644393928,100.0,1,-0.89,2414.386779785156,23.772405709734432,100.0,1,-1.07,2421.306640625,23.553930215641625,100.0,1,-1.17,2416.6515502929688,23.70090183600735,100.0,1,-1.18,2408.0974731445312,23.970973196511054,100.0,1,-1.18,2420.9146118164062,23.56630744253078,100.0,1,-1.54,2424.8120727539062,23.443255877804955,100.0,1,-1.56,2426.572021484375,23.38769035743304,100.0,1,-2.18,2449.879943847656,22.651807082833884,100.0,1,10
ZINC0000001005660,-0.16,2421.504638671875,23.54767897416125,100.0,1,-1.64,2418.811767578125,23.63269894152068,100.0,1,-1.68,2407.722595214844,23.98280893176766,100.0,1,-1.78,2428.4174194335938,23.32942701398081,100.0,1,-1.85,2415.387084960937,23.74082383654645,100.0,1,-1.85,2423.337890625,23.48979910698973,100.0,1,-1.97,2434.0570678710938,23.15137069068048,100.0,1,-2.18,2431.4252319335938,23.23446364155397,100.0,1,-2.55,2420.66845703125,23.57407910001855,100.0,1,-3.11,2435.0353393554688,23.120484470443923,100.0,1,10
ZINC0000001005980,-1.6,2440.44921875,22.949556181125057,100.0,1,-1.6,2435.0831298828125,23.11897561653544,100.0,1,-1.75,2449.7946166992188,22.65450105188122,100.0,1,-1.78,2447.6571044921875,22.72198709623513,100.0,1,-1.83,2449.5659790039062,22.66171965563753,100.0,1,-1.92,2464.2494506835938,22.198129591550355,100.0,1,-2.27,2462.74365234375,22.245671015274844,100.0,1,-2.46,2436.8687133789062,23.062600749239422,100.0,1,-2.49,2476.6752319335938,21.805819867277894,100.0,1,-2.93,2443.593688964844,22.850278218786208,100.0,1,10
ZINC0000001013290,-0.68,2462.207275390625,22.26260563615324,100.0,1,-0.71,2483.685333251953,21.58449527931064,100.0,1,-0.75,2484.511047363281,21.55842563678067,100.0,1,-0.76,2495.749420166016,21.20360505473382,100.0,1,-0.91,2507.518493652344,20.83202906434177,100.0,1,-1.0,2483.5138549804688,21.589909232127862,100.0,1,-1.02,2505.728729248047,20.888535932267065,100.0,1,-1.16,2492.0823669433594,21.319382132225243,100.0,1,-1.75,2512.6629638671875,20.66960662579182,100.0,1,-1.87,2496.018524169922,21.195108839047336,100.0,1,10
ZINC0000001015760,-0.83,2431.014953613281,23.24741704637242,100.0,1,-0.91,2416.1412353515625,23.71701362084625,100.0,1,-1.05,2426.9923706054688,23.37441899489441,100.0,1,-1.06,2438.8934326171875,22.998675831351527,100.0,1,-1.09,2436.4269409179688,23.07654849456462,100.0,1,-1.16,2444.334716796875,22.82688231163048,100.0,1,-1.19,2432.164306640625,23.211129398925788,100.0,1,-1.22,2427.0863647460938,23.37145138950607,100.0,1,-1.35,2418.161499023437,23.65322937516182,100.0,1,-1.37,2430.93212890625,23.25003200774384,100.0,1,10
ZINC0000001022030,-0.8,2490.3468627929688,21.37417588249454,100.0,1,-0.89,2498.1911010742188,21.126515723722257,100.0,1,-1.32,2454.8170471191406,22.495931682794897,100.0,1,-1.34,2470.7490234375,21.99292353297969,100.0,1,-1.36,2466.7013549804688,22.120717485277403,100.0,1,-1.39,2465.2957458496094,22.165095711440227,100.0,1,-1.4,2469.725982666016,22.02522321980868,100.0,1,-1.41,2472.3053283691406,21.943787503113096,100.0,1,-1.42,2471.6456909179688,21.96461373378483,100.0,1,-1.42,2470.6031188964844,21.99753006588932,100.0,1,10
ZINC0000001022410,-1.59,2534.572296142578,19.977879970459608,100.0,1,-1.72,2523.255340576172,20.3351815862321,100.0,1,-1.78,2526.122985839844,20.2446436071652,100.0,1,-2.02,2522.669921875,20.35366456485694,100.0,1,-4.01,2565.025665283203,19.01639894883563,100.0,1,-4.07,2574.5030822753906,18.71717568293272,100.0,1,-4.31,2571.1969299316406,18.821558311942805,100.0,1,-4.33,2584.2706604003906,18.408791380655668,100.0,1,-4.39,2582.343719482422,18.4696292181331,100.0,1,-4.57,2581.1714782714844,18.50663949676196,100.0,1,10
ZINC0000001029690,-2.13,2442.390014648437,22.88828091090532,100.0,1,-2.17,2452.7819213867188,22.560185156993647,100.0,1,-2.6,2424.2582397460938,23.460741625398324,100.0,1,-2.78,2421.9060668945312,23.535004986733263,100.0,1,-2.99,2467.25634765625,22.1031951243708,100.0,1,-3.32,2463.430053710937,22.223999787874025,100.0,1,-3.5,2481.935485839844,21.63974187845413,100.0,1,-3.51,2441.9352416992188,22.90263911074201,100.0,1,-3.6,2440.216857910156,22.95689233288701,100.0,1,-3.81,2433.2540893554688,23.17672251956943,100.0,1,10
ZINC0000001030950,-0.97,2510.898162841797,20.72532534397437,100.0,1,-1.09,2506.403259277344,20.86723950957276,100.0,1,-1.11,2521.1102294921875,20.402907544138504,100.0,1,-1.34,2506.553131103516,20.86250772059155,100.0,1,-1.35,2518.5540466308594,20.48361195807768,100.0,1,-1.36,2526.368225097656,20.23690085492472,100.0,1,-1.45,2541.4073181152344,19.76208302928225,100.0,1,-1.51,2542.638977050781,19.723196800104336,100.0,1,-1.51,2547.596954345703,19.56666236042716,100.0,1,-3.03,2512.727600097656,20.667565915333217,100.0,1,10
ZINC0000001036570,-0.51,2478.3582458496094,21.7526833511865,100.0,1,-0.62,2478.2002868652344,21.757670469852098,100.0,1,-0.86,2469.369842529297,22.036467361004107,100.0,1,-0.98,2465.857727050781,22.147352707145988,100.0,1,-1.0,2472.453521728516,21.939108707085246,100.0,1,-1.06,2463.2671813964844,22.22914203136674,100.0,1,-1.53,2484.806610107422,21.549094059447533,100.0,1,-1.59,2502.4371643066406,20.99245800433702,100.0,1,-2.26,2513.3277893066406,20.64861659871878,100.0,1,-2.74,2538.895050048828,19.8414009548598,100.0,1,10
ZINC0000001038950,-0.44,2498.9960021972656,21.101103193814,100.0,1,-0.45,2502.0470275878906,21.004775493715115,100.0,1,-0.45,2505.846618652344,20.884813899924485,100.0,1,-0.46,2503.794708251953,20.94959730365687,100.0,1,-0.46,2504.904998779297,20.91454294676124,100.0,1,-0.52,2500.3970642089844,21.056868530379376,100.0,1,-0.65,2492.4747314453125,21.306994306745413,100.0,1,-0.74,2522.317138671875,20.36480272014564,100.0,1,-1.04,2526.1475524902344,20.243867983029613,100.0,1,-1.05,2529.827453613281,20.1276852685679,100.0,1,10
ZINC0000001039160,-0.75,2464.8245544433594,22.17997227871164,100.0,1,-0.76,2469.5911560058594,22.02947999922611,100.0,1,-0.79,2473.825653076172,21.89578744946496,100.0,1,-0.81,2459.1215209960938,22.360029808632618,100.0,1,-0.92,2470.083953857422,22.01392126811868,100.0,1,-1.04,2480.2140502929688,21.69409145142342,100.0,1,-1.06,2462.577850341797,22.250905755558883,100.0,1,-1.08,2482.1647033691406,21.632504968041204,100.0,1,-1.54,2494.2413635253906,21.251217778068288,100.0,1,-1.66,2473.685028076172,21.90022729544855,100.0,1,10
ZINC0000001042220,-1.13,2498.6294860839844,21.11267492781204,100.0,1,-1.48,2499.774932861328,21.076510609420502,100.0,1,-1.54,2499.843078613281,21.07435909551396,100.0,1,-1.95,2511.0398864746094,20.72085081169403,100.0,1,-2.11,2483.221710205078,21.59913289653779,100.0,1,-2.33,2489.7322998046875,21.39357901149141,100.0,1,-2.35,2502.0538330078125,21.004560631376933,100.0,1,-2.73,2516.7938232421875,20.539186150023784,100.0,1,-2.92,2522.94140625,20.345093195527504,100.0,1,-2.93,2528.609344482422,20.166143700085936,100.0,1,10
ZINC0000001043850,-1.57,2434.9714965820312,23.12250012968821,100.0,1,-1.72,2454.9285278320312,22.49241198718333,100.0,1,-1.93,2428.3917846679688,23.330236360904905,100.0,1,-1.95,2415.252868652344,23.745061345799023,100.0,1,-2.04,2408.6658935546875,23.953026891977544,100.0,1,-2.18,2413.4730834960938,23.801253146528868,100.0,1,-2.23,2432.130920410156,23.2121834769436,100.0,1,-2.29,2411.465881347656,23.864625010685305,100.0,1,-3.3,2492.94189453125,21.29224492256208,100.0,1,-3.33,2401.6033935546875,24.176005823597983,100.0,1,10
ZINC0000001044020,-1.7,2475.9513549804688,21.82867428280108,100.0,1,-1.85,2476.125305175781,21.823182285816163,100.0,1,-1.92,2466.54296875,22.1257180930584,100.0,1,-2.04,2469.703125,22.025944887482662,100.0,1,-2.06,2464.295227050781,22.196684329185903,100.0,1,-2.16,2465.7783203125,22.149859755594186,100.0,1,-2.18,2466.5233154296875,22.126338592366874,100.0,1,-2.18,2464.34619140625,22.19507527042015,100.0,1,-2.21,2463.320831298828,22.227448183875605,100.0,1,-2.55,2475.5985107421875,21.839814365106264,100.0,1,10
ZINC0000001044120,-1.54,2459.3008728027344,22.35436727068869,100.0,1,-1.61,2455.879211425781,22.46239677839842,100.0,1,-1.66,2480.292358398437,21.691619089271967,100.0,1,-1.68,2481.0838928222656,21.66662857597413,100.0,1,-1.69,2464.4464721679688,22.19190918233376,100.0,1,-1.88,2460.4334716796875,22.31860858926746,100.0,1,-1.89,2459.363494873047,22.35239015177413,100.0,1,-2.58,2500.2921752929688,21.060180108210456,100.0,1,-2.78,2502.645050048828,20.98589458618593,100.0,1,-2.8,2490.023681640625,21.384379434787565,100.0,1,10
ZINC0000001044200,-0.62,2462.9361267089844,22.23959416878645,100.0,1,-1.27,2479.13232421875,21.728243964603635,100.0,1,-1.76,2504.2996826171875,20.93365413276049,100.0,1,-1.78,2509.867645263672,20.757861090322884,100.0,1,-1.82,2509.6430053710938,20.764953474499368,100.0,1,-1.87,2503.3182067871094,20.96464152136256,100.0,1,-1.89,2492.9419555664062,21.292242995545585,100.0,1,-1.92,2502.8912963867188,20.978120038173422,100.0,1,-2.15,2503.3399963378906,20.96395357647708,100.0,1,-5.05,3167.3207397460938,0.0005954480941537,0.0,1,10
ZINC0000001045240,-0.6,2560.1807861328125,19.16936262696437,100.0,1,-0.72,2553.005279541016,19.395909429608515,100.0,1,-1.25,2551.2654418945312,19.45083999804832,100.0,1,-1.27,2548.164825439453,19.548733399042025,100.0,1,-1.31,2541.875396728516,19.74730473985161,100.0,1,-1.44,2546.574584960937,19.598940850074804,100.0,1,-1.52,2561.4090270996094,19.130584310709672,100.0,1,-1.63,2556.4049377441406,19.28857461134197,100.0,1,-2.19,2550.2962341308594,19.481440056336712,100.0,1,-2.36,2539.2960815429688,19.82873949303896,100.0,1,10
ZINC0000001052620,-0.66,2515.480987548828,20.58063531112799,100.0,1,-0.76,2499.045288085937,21.099547128001607,100.0,1,-0.78,2524.7872009277344,20.28681732646812,100.0,1,-0.79,2515.083923339844,20.593171516877234,100.0,1,-0.84,2505.0684509277344,20.909382396611903,100.0,1,-0.84,2510.874725341797,20.72606531830497,100.0,1,-0.86,2504.5252075195312,20.92653380684496,100.0,1,-0.89,2500.694793701172,21.04746854396099,100.0,1,-0.91,2515.5411682128906,20.57873527287286,100.0,1,-0.94,2504.618225097656,20.9235970337204,100.0,1,10
ZINC0000001052760,-1.62,2489.526580810547,21.40007402055726,100.0,1,-1.66,2487.479736328125,21.46469748192131,100.0,1,-1.7,2503.562438964844,20.95693056489409,100.0,1,-1.72,2497.454315185547,21.14977770323221,100.0,1,-1.72,2498.960021972656,21.10223917003246,100.0,1,-1.74,2496.7730102539062,21.171288024756457,100.0,1,-1.83,2491.091766357422,21.35065760979196,100.0,1,-1.86,2494.416290283203,21.2456949488196,100.0,1,-1.89,2501.1031188964844,21.034576803670088,100.0,1,-1.99,2503.8120727539062,20.94904906746662,100.0,1,10
ZINC0000001055720,-4.0,2546.8220825195312,19.59112679822434,100.0,1,-4.01,2543.188446044922,19.705848834189712,100.0,1,-4.05,2547.4669799804688,19.57076594203396,100.0,1,-4.08,2548.6329956054688,19.533952219086668,100.0,1,-4.11,2547.9947204589844,19.554103993988324,100.0,1,-4.13,2539.114013671875,19.834487783216503,100.0,1,-4.13,2547.1793518066406,19.57984700722392,100.0,1,-4.14,2545.049102783203,19.647103736616003,100.0,1,-4.19,2544.53173828125,19.663438091859025,100.0,1,-4.19,2548.7857055664062,19.52913082383886,100.0,1,10
ZINC0000001058370,-1.38,2446.943359375,22.744521627021644,100.0,1,-2.02,2456.5487365722656,22.44125837105597,100.0,1,-2.61,2463.993469238281,22.206211498692365,100.0,1,-2.63,2494.550109863281,21.241469965174183,100.0,1,-2.75,2493.4821166992188,21.275188899645062,100.0,1,-2.76,2482.015563964844,21.637213632824583,100.0,1,-2.8,2492.142578125,21.317481130461868,100.0,1,-2.95,2463.3902893066406,22.22525523911461,100.0,1,-3.01,2499.482818603516,21.085733310322187,100.0,1,-3.22,2478.347198486328,21.75303214117045,100.0,1,10
ZINC0000001062400,-0.92,2483.282531738281,21.59721262460956,100.0,1,-0.97,2488.5388793945312,21.43125796484089,100.0,1,-1.01,2473.1065979003906,21.91848963068575,100.0,1,-1.2,2474.5694274902344,21.87230482656736,100.0,1,-1.21,2482.1427001953125,21.633199657484383,100.0,1,-1.22,2498.9337158203125,21.10306971413789,100.0,1,-1.25,2489.537567138672,21.39972715758979,100.0,1,-1.25,2478.64501953125,21.743629264227334,100.0,1,-1.79,2479.596710205078,21.713582259670407,100.0,1,-2.34,2485.531982421875,21.526192432020448,100.0,1,10
ZINC0000001068560,-0.62,2411.7733154296875,23.854918628645656,100.0,1,-0.67,2424.8746948242188,23.441278758890387,100.0,1,-0.85,2429.0537109375,23.309337867114944,100.0,1,-0.89,2427.3018798828125,23.364647094294234,100.0,1,-1.42,2426.030212402344,23.40479648277868,100.0,1,-2.59,2415.611694335937,23.73373241587821,100.0,1,-3.0,2465.4028930664062,22.161712833999168,100.0,1,-3.2,2461.765563964844,22.27655145446194,100.0,1,-3.2,2464.9161376953125,22.17708079047449,100.0,1,-3.29,2466.4136352539062,22.129801440992093,100.0,1,10
ZINC0000001073520,-1.2,2413.705078125,23.79392855686584,100.0,1,-1.35,2410.6717529296875,23.8896974221838,100.0,1,-1.38,2384.4638671875,24.71713903107916,100.0,1,-1.55,2400.3853759765625,24.214461364591287,100.0,1,-1.66,2398.7423706054688,24.26633472137616,100.0,1,-1.71,2407.137756347656,24.00127360373589,100.0,1,-1.74,2429.7908935546875,23.28606336199784,100.0,1,-1.77,2403.5020751953125,24.116060194753537,100.0,1,-1.86,2411.3659057617188,23.867781463689266,100.0,1,-1.95,2413.681884765625,23.794660823130485,100.0,1,10
ZINC0000001075150,-0.22,2400.1088256835938,24.223192676289056,100.0,1,-0.66,2470.5762939453125,21.998376989634888,100.0,1,-0.72,2471.7693481445312,21.96070959838433,100.0,1,-0.85,2456.452514648437,22.44429631254604,100.0,1,-0.95,2466.1055908203125,22.139527093196605,100.0,1,-1.11,2417.205810546875,23.68340259929858,100.0,1,-1.31,2439.8693237304688,22.96786476475792,100.0,1,-1.32,2453.481750488281,22.538089985965925,100.0,1,-1.36,2462.72265625,22.246333908946003,100.0,1,-1.45,2465.9196166992188,22.145398712429248,100.0,1,10
ZINC0000001083410,-1.82,2387.513977050781,24.62084023622756,100.0,1,-1.86,2411.3729248046875,23.867559856793385,100.0,1,-2.22,2402.9478759765625,24.13355750444581,100.0,1,-2.36,2407.0789184570312,24.003131247628325,100.0,1,-2.38,2413.554443359375,23.79868443355312,100.0,1,-2.46,3167.3173828125,0.0007014340008801,0.0,1,-2.48,2406.3740234375,24.02538636102438,100.0,1,-2.51,2398.774169921875,24.265330745786983,100.0,1,-2.58,2391.5909423828125,24.4921213160166,100.0,1,-2.62,2410.237670898437,23.903402363431763,100.0,1,10
ZINC0000001083500,-1.8,2423.736633300781,23.47720990828712,100.0,1,-2.01,2405.6514892578125,24.04819838218487,100.0,1,-2.13,2442.013732910156,22.9001609675411,100.0,1,-2.28,2436.4412841796875,23.076095645690422,100.0,1,-2.45,2413.8455810546875,23.78949256491521,100.0,1,-2.63,2410.116455078125,23.90722941817283,100.0,1,-2.73,2425.4041748046875,23.424561890874905,100.0,1,-3.12,2427.072509765625,23.371888822248376,100.0,1,-3.47,2457.52197265625,22.4105311296795,100.0,1,-3.5,2431.033142089844,23.24684279545961,100.0,1,10
ZINC0000001083950,-1.12,2436.7728881835938,23.065626165122342,100.0,1,-1.23,2432.4266357421875,23.20284708206924,100.0,1,-1.74,2422.3932495117188,23.519623541142533,100.0,1,-2.01,2417.878234863281,23.662172658673043,100.0,1,-2.34,2429.525756835937,23.29443432161273,100.0,1,-2.42,2427.726928710937,23.35122735148619,100.0,1,-2.73,2425.44189453125,23.4233709946866,100.0,1,-2.75,2422.3468017578125,23.52109000068833,100.0,1,-2.89,2434.681701660156,23.131649603963425,100.0,1,-3.18,2433.1558227539062,23.179825016111785,100.0,1,10
ZINC0000001084020,-1.02,2379.1876220703125,24.88372189822224,100.0,1,-1.33,2392.873962402344,24.45161350246577,100.0,1,-1.35,2385.5311279296875,24.683443220806105,100.0,1,-1.76,2388.689697265625,24.583720117659,100.0,1,-1.8,2396.9324951171875,24.323476541233564,100.0,1,-1.89,2396.425170898437,24.339493902264653,100.0,1,-1.93,2392.640563964844,24.458982413507982,100.0,1,-2.21,2407.6852416992188,23.98398826585705,100.0,1,-2.57,2384.996398925781,24.700325812239377,100.0,1,-3.0,2404.945556640625,24.070486254861187,100.0,1,10
ZINC0000001086620,-1.14,2486.448944091797,21.49724189984401,100.0,1,-1.2,2501.816467285156,21.012054798490727,100.0,1,-1.27,2497.423797607422,21.150741211475182,100.0,1,-1.51,2520.340362548828,20.42721396658384,100.0,1,-1.55,2499.5126037597656,21.084792926277053,100.0,1,-1.57,2495.598571777344,21.208367675978806,100.0,1,-1.59,2531.097961425781,20.08757249339669,100.0,1,-1.76,2496.8821716308594,21.167841555771364,100.0,1,-1.91,2512.8251953125,20.664484615972206,100.0,1,-2.1,2525.1062622070312,20.2767438477879,100.0,1,10
ZINC0000001087600,-0.85,2436.921203613281,23.06094351506152,100.0,1,-0.93,2437.2457885742188,23.050695641389325,100.0,1,-1.0,2467.8385009765625,22.08481524112796,100.0,1,-1.04,2431.314819335937,23.237949614377023,100.0,1,-1.16,2436.1510009765625,23.08526053609753,100.0,1,-1.23,2426.0534057617188,23.404064216514023,100.0,1,-1.25,2481.2411193847656,21.66166458150636,100.0,1,-1.36,2442.382141113281,22.888529496032003,100.0,1,-1.72,2453.615539550781,22.53386596582876,100.0,1,-1.95,2457.3259887695312,22.416718779615834,100.0,1,10
ZINC0000001087650,-0.58,2413.3358154296875,23.805587006605737,100.0,1,-0.84,2425.5724487304688,23.419249106423184,100.0,1,-1.08,2418.737365722656,23.63504797461703,100.0,1,-1.24,2424.04150390625,23.46758446093988,100.0,1,-1.54,2435.0099487304688,23.12128610930208,100.0,1,-1.71,2430.4406127929688,23.265550271505063,100.0,1,-1.77,2443.582336425781,22.85063664385259,100.0,1,-1.95,2431.464233398437,23.233232278019457,100.0,1,-2.15,2443.398498535156,22.856440817508226,100.0,1,-2.15,2441.4031372070312,22.91943884046639,100.0,1,10
ZINC0000001087860,-0.4,2342.066162109375,26.05572947093454,100.0,1,-0.76,2383.5298461914062,24.746628164363408,100.0,1,-0.8,2349.8836669921875,25.808913345383093,100.0,1,-0.87,2418.95703125,23.62811264228415,100.0,1,-0.91,2389.4464111328125,24.559828967266387,100.0,1,-1.04,2383.0142822265625,24.762905672620093,100.0,1,-1.07,2429.096618652344,23.307983174525333,100.0,1,-1.21,2380.730773925781,24.835001140408355,100.0,1,-1.64,2384.323303222656,24.72157695004626,100.0,1,-1.65,2404.9520263671875,24.07028199111368,100.0,1,10
ZINC0000001089100,-1.24,2399.290344238281,24.249033967365435,100.0,1,-1.53,2427.8902587890625,23.34607065536983,100.0,1,-1.59,2432.3228149414062,23.206124937111817,100.0,1,-1.64,2429.362670898437,23.299583309663145,100.0,1,-1.87,2436.8703002929688,23.06255064681079,100.0,1,-1.9,2428.685546875,23.320961630558102,100.0,1,-1.95,2466.322326660156,22.13268425765505,100.0,1,-2.07,2450.14697265625,22.64337638570792,100.0,1,-2.28,2367.615234375,25.249088077988365,100.0,1,-2.4,2429.8936767578125,23.28281826623552,100.0,1,10
ZINC0000001089810,-0.83,2531.8200073242188,20.06477588836809,100.0,1,-0.87,2541.201141357422,19.76859249097173,100.0,1,-1.49,2525.4979248046875,20.264378182997657,100.0,1,-1.53,2531.0289916992188,20.0897500220258,100.0,1,-1.54,2536.7610778808594,19.90877523225752,100.0,1,-1.55,2515.3002319335938,20.586342170451083,100.0,1,-1.81,2543.459899902344,19.69727842836852,100.0,1,-2.01,2530.6979064941406,20.10020312295375,100.0,1,-2.76,2563.6226501464844,19.060695276797805,100.0,1,-3.05,2594.3081665039062,18.09188484796957,100.0,1,10
ZINC0000001095250,-4.28,2529.068756103516,20.15163904699631,100.0,1,-4.31,2517.1372680664062,20.52834282825744,100.0,1,-4.38,2528.1993713378906,20.17908746982196,100.0,1,-4.47,2552.322540283203,19.41746503602018,100.0,1,-4.58,2518.5325622558594,20.484290267880727,100.0,1,-4.8,2540.7999267578125,19.781259733842024,100.0,1,-5.19,2564.402282714844,19.03608053171472,100.0,1,-5.22,2555.998077392578,19.30142010323721,100.0,1,-5.66,2535.516357421875,19.948073842963417,100.0,1,-5.68,2518.2635803222656,20.49278262953424,100.0,1,10
ZINC0000001095670,-0.66,2456.338195800781,22.4479056144242,100.0,1,-0.66,2439.365173339844,22.98378192093174,100.0,1,-0.72,2454.6814575195312,22.5002125499184,100.0,1,-0.77,2465.5047607421875,22.158496643484145,100.0,1,-0.8,2455.131896972656,22.4859911682522,100.0,1,-0.84,2448.830444335937,22.684942131309523,100.0,1,-0.87,2466.6334228515625,22.122862254626245,100.0,1,-0.88,2434.359588623047,23.141819433467944,100.0,1,-1.05,2433.2000732421875,23.178427929159483,100.0,1,-1.08,2452.8031616210938,22.559514555256545,100.0,1,10
ZINC0000001098080,-1.3,2443.9874267578125,22.837847035435445,100.0,1,-1.31,2445.6359252929688,22.785800247166843,100.0,1,-1.45,2441.60693359375,22.91300453241985,100.0,1,-1.45,2438.6846923828125,23.00526622773342,100.0,1,-1.49,2454.4337158203125,22.508034309834805,100.0,1,-1.51,2442.070251464844,22.898376550275128,100.0,1,-1.6,2448.3109741210938,22.70134296862131,100.0,1,-1.79,2452.786071777344,22.560054119872603,100.0,1,-1.83,2453.745483398437,22.529763347730203,100.0,1,-2.03,2460.199981689453,22.325980390834403,100.0,1,10
ZINC0000001100670,-1.67,2377.3427734375,24.941967898526087,100.0,1,-1.86,2379.8395385742188,24.86313943513597,100.0,1,-1.88,2380.3912353515625,24.845721133119607,100.0,1,-2.0,2387.059936523437,24.635175311866423,100.0,1,-2.15,2381.8966064453125,24.798193198510525,100.0,1,-2.34,2389.801696777344,24.548611804301764,100.0,1,-2.35,2422.5594482421875,23.514376275251337,100.0,1,-2.41,2420.5260009765625,23.578576756496723,100.0,1,-2.46,2391.5233154296875,24.49425645028301,100.0,1,-3.04,2431.3837890625,23.235772085747914,100.0,1,10
ZINC0000001100760,-1.52,2485.369140625,21.53133371200492,100.0,1,-1.53,2508.601287841797,20.79784282837305,100.0,1,-1.54,2496.443359375,21.181695840796987,100.0,1,-1.92,2499.0623779296875,21.09900756338555,100.0,1,-2.06,2485.959289550781,21.51270138960242,100.0,1,-2.13,2495.074279785156,21.224920747592986,100.0,1,-2.17,2502.6793212890625,20.98481256642908,100.0,1,-2.32,2501.205078125,21.03135772263033,100.0,1,-2.46,2507.974334716797,20.81763714171657,100.0,1,-2.79,2505.144012451172,20.90699675020232,100.0,1,10
ZINC0000001100860,-1.75,2471.96240234375,21.95461444523932,100.0,1,-1.77,2462.76953125,22.244853960284807,100.0,1,-1.89,2484.0904846191406,21.571703743877,100.0,1,-2.05,2472.026611328125,21.95258722389612,100.0,1,-2.24,2473.266571044922,21.91343892047612,100.0,1,-2.28,2496.88134765625,21.167867570493925,100.0,1,-2.33,2486.929077148437,21.48208302465741,100.0,1,-2.5,2477.3483276367188,21.78456872947101,100.0,1,-3.32,2506.263000488281,20.87166779345744,100.0,1,-3.38,2475.3298950195312,21.84829516466086,100.0,1,10
ZINC0000001101040,-1.88,2437.49462890625,23.042839195176168,100.0,1,-2.0,2419.3363647460938,23.61613623482407,100.0,1,-2.2,2399.3355712890625,24.24760604814936,100.0,1,-2.37,2411.03076171875,23.878362711213533,100.0,1,-2.39,2411.212951660156,23.87261056700302,100.0,1,-2.71,2418.7476196289062,23.6347242358474,100.0,1,-2.77,2430.093811035156,23.27649957917814,100.0,1,-2.86,2435.213134765625,23.1148710714204,100.0,1,-2.93,2438.017333984375,23.026336225990622,100.0,1,-3.42,2454.19970703125,22.51542249104188,100.0,1,10
ZINC0000001101080,-1.05,2387.9536743164062,24.606958009462883,100.0,1,-1.08,2387.5631713867188,24.619287060939893,100.0,1,-1.09,2399.9083862304688,24.229520998428868,100.0,1,-1.15,2400.6095581054688,24.20738343303845,100.0,1,-1.56,2409.851867675781,23.915583034639354,100.0,1,-1.66,2416.002990722656,23.72137831318689,100.0,1,-1.7,2432.224365234375,23.20923321470363,100.0,1,-1.76,2432.1703491210938,23.21093862429368,100.0,1,-1.81,2439.7510986328125,22.971597395691177,100.0,1,-2.26,2441.25927734375,22.92398081832373,100.0,1,10
ZINC0000001101120,-0.7,2379.156555175781,24.884702749613574,100.0,1,-1.31,2381.5411376953125,24.809416142524608,100.0,1,-1.42,2374.563232421875,25.02972422929553,100.0,1,-1.45,2396.6541137695312,24.332265663425915,100.0,1,-1.55,2413.904296875,23.78763877505574,100.0,1,-1.86,2394.882080078125,24.388212733062044,100.0,1,-1.94,2428.657958984375,23.321832642009745,100.0,1,-2.49,2438.090576171875,23.024023806207506,100.0,1,-2.74,2424.597900390625,23.4500177786541,100.0,1,-2.85,2450.277648925781,22.639250643411536,100.0,1,10
ZINC0000001104520,-1.69,2434.005126953125,23.15301058171001,100.0,1,-3.02,2518.588256835937,20.482531865337315,100.0,1,-3.1,2433.971740722656,23.15406465972781,100.0,1,-3.17,2443.417053222656,22.8558550044965,100.0,1,-3.22,2436.136047363281,23.08573265513658,100.0,1,-3.47,2437.5601806640625,23.040769579470275,100.0,1,-3.48,2437.3025512695312,23.048903516057404,100.0,1,-3.63,2431.792297363281,23.22287456440756,100.0,1,-3.78,2437.156311035156,23.053520647557704,100.0,1,-3.95,2522.097045898437,20.37175154159392,100.0,1,10
ZINC0000001105380,-1.74,2482.895782470703,21.60942316457268,100.0,1,-1.91,2494.440399169922,21.24493377730765,100.0,1,-1.91,2492.896026611328,21.29369307545125,100.0,1,-2.0,2492.5027465820312,21.30610980617837,100.0,1,-2.01,2497.765991210937,21.13993739354679,100.0,1,-2.1,2498.4078979492188,21.119670961164218,100.0,1,-2.13,2485.319610595703,21.532897485883257,100.0,1,-2.18,2486.9178466796875,21.482437595690826,100.0,1,-2.27,2488.2664794921875,21.439858239417617,100.0,1,-3.24,2494.8863830566406,21.230853067844933,100.0,1,10
ZINC0000001106620,-1.06,2509.6244506835938,20.765539287511093,100.0,1,-1.14,2486.4810485839844,21.49622828917241,100.0,1,-1.35,2510.1805725097656,20.7479812767995,100.0,1,-1.35,2538.2984008789062,19.860238504518044,100.0,1,-1.47,2535.653564453125,19.94374190990304,100.0,1,-1.53,2503.9627075195312,20.944293190779334,100.0,1,-2.07,2513.171813964844,20.653541089348582,100.0,1,-2.38,2514.412048339844,20.6143841143544,100.0,1,-2.42,2537.3677368164062,19.88962165189557,100.0,1,-3.0,2565.037170410156,19.01603570622803,100.0,1,10
ZINC0000001106930,-0.65,2373.5582275390625,25.06145448275293,100.0,1,-0.67,2362.337646484375,25.415713339494133,100.0,1,-0.81,2375.235656738281,25.00849428867,100.0,1,-1.3,2389.9796752929688,24.54299262422878,100.0,1,-1.4,2391.4903564453125,24.495297039185417,100.0,1,-1.67,2395.8805541992188,24.356688670368644,100.0,1,-1.67,2370.8112182617188,25.14818371373537,100.0,1,-2.33,2423.9513549804688,23.4704306642896,100.0,1,-2.43,2401.376281738281,24.183176251942143,100.0,1,-2.59,2392.236083984375,24.47175275176028,100.0,1,10
ZINC0000001108910,-0.9,2401.862670898437,24.16781985756573,100.0,1,-1.1,2422.239990234375,23.52446227953872,100.0,1,-1.14,2408.2582397460938,23.9658974350871,100.0,1,-1.14,2425.1258544921875,23.433349086050768,100.0,1,-1.16,2425.4442138671875,23.42329776806013,100.0,1,-1.19,2422.226928710937,23.524874661066704,100.0,1,-1.35,2429.4312133789062,23.297419270149444,100.0,1,-1.5,2401.0963134765625,24.192015476563125,100.0,1,-1.82,2400.766540527344,24.20242714663663,100.0,1,-1.88,2444.8583984375,22.81034851018116,100.0,1,10
ZINC0000001109010,-0.76,2455.379821777344,22.47816362728634,100.0,1,-0.78,2426.4033203125,23.39301663100016,100.0,1,-0.85,2412.0858154296875,23.845052304237672,100.0,1,-0.86,2421.859436035156,23.53647722732852,100.0,1,-0.86,2439.5757446289062,22.977133714055263,100.0,1,-1.08,2419.858703613281,23.59964482773745,100.0,1,-1.27,2434.3111572265625,23.14334852104953,100.0,1,-1.38,2481.8923950195312,21.6411023520932,100.0,1,-2.91,2495.205017089844,21.22079307828012,100.0,1,-3.22,2503.144470214844,20.97012677378977,100.0,1,10
ZINC0000001109810,-0.65,2464.2919006347656,22.19678935158439,100.0,1,-0.7,2459.079467773437,22.361357522991423,100.0,1,-0.97,2437.9307861328125,23.029068735367684,100.0,1,-1.24,2446.17822265625,22.768678705689315,100.0,1,-1.37,2474.9035034179688,21.8617573018316,100.0,1,-1.5,2450.9910278320312,22.616727674723933,100.0,1,-1.5,2468.738555908203,22.056398492518127,100.0,1,-1.55,2440.557678222656,22.94613187282956,100.0,1,-1.61,2459.0177612304688,22.363305736658702,100.0,1,-1.71,2478.583068847656,21.74558518596056,100.0,1,10
ZINC0000001114120,-0.22,2534.8030700683594,19.97059392112629,100.0,1,-0.4,2546.876281738281,19.58941560758483,100.0,1,-0.47,2555.847900390625,19.30616152730085,100.0,1,-0.69,2523.558837890625,20.325599496755792,100.0,1,-1.13,2546.7876586914062,19.592213635522405,100.0,1,-1.39,2560.356384277344,19.16381860053433,100.0,1,-1.42,2540.435913085937,19.79275246016413,100.0,1,-1.46,2555.7955322265625,19.307814907445785,100.0,1,-1.54,2545.8689575195312,19.62121908766869,100.0,1,-2.02,2563.780731201172,19.05570430409924,100.0,1,10
ZINC0000001115130,-0.57,2499.9649963378906,21.070509880083303,100.0,1,-0.57,2480.5118713378906,21.684688574480305,100.0,1,-0.62,2504.5066833496094,20.927118656348444,100.0,1,-0.69,2478.617919921875,21.744484859547093,100.0,1,-0.86,2495.476806640625,21.212212073868244,100.0,1,-0.93,2493.2843017578125,21.28143436007598,100.0,1,-0.96,2497.343719482422,21.153269457104727,100.0,1,-1.07,2495.144592285156,21.222700824601187,100.0,1,-1.37,2518.260681152344,20.492874162817323,100.0,1,-1.51,2531.812469482422,20.065013874904103,100.0,1,10
ZINC0000001116530,-1.95,2411.0087890625,23.879056437148467,100.0,1,-2.1,2435.1724853515625,23.116154464400022,100.0,1,-2.15,2429.472045898437,23.29613009612036,100.0,1,-2.24,2395.1875,24.37856994256643,100.0,1,-2.26,2433.8399658203125,23.158225088320947,100.0,1,-2.33,2399.359375,24.24685451171985,100.0,1,-2.35,2426.1903076171875,23.39974191853608,100.0,1,-2.41,2394.654235839844,24.39540628560404,100.0,1,-2.62,2409.162109375,23.9373602479469,100.0,1,-2.66,2416.4815673828125,23.70626857692068,100.0,1,10
ZINC0000001122550,-1.26,2475.4035034179688,21.845971182778825,100.0,1,-1.52,2508.966766357422,20.78630385365528,100.0,1,-1.54,2491.9790649414062,21.32264360762769,100.0,1,-1.89,2513.5143127441406,20.642727636337767,100.0,1,-2.03,2478.1017456054688,21.76078163796864,100.0,1,-2.3,2487.9740600585938,21.449090575401726,100.0,1,-2.35,2494.3274841308594,21.24849875780664,100.0,1,-2.82,2494.119110107422,21.255077592089613,100.0,1,-2.92,2516.715148925781,20.54167007427415,100.0,1,-2.95,2495.564422607422,21.20944584170269,100.0,1,10
ZINC0000001123250,-1.59,2389.4376220703125,24.56010645764036,100.0,1,-1.84,2390.9050903320312,24.51377520026904,100.0,1,-2.52,2442.4764404296875,22.88555225556124,100.0,1,-2.65,2450.9109497070312,22.61925592035348,100.0,1,-2.7,2442.564392089844,22.882775424805,100.0,1,-2.73,2435.271789550781,23.113019208577413,100.0,1,-2.74,2444.23095703125,22.83015823965657,100.0,1,-2.83,2455.46240234375,22.47555637398087,100.0,1,-2.84,2437.3031616210938,23.048884245892545,100.0,1,-2.88,2456.9138793945312,22.429729994928863,100.0,1,10
ZINC0000001123810,-0.44,2421.1505126953125,23.558859523812643,100.0,1,-0.55,2421.1842041015625,23.55779581071241,100.0,1,-0.68,2412.926818847656,23.81849994407798,100.0,1,-0.89,2424.4031372070312,23.456166888260714,100.0,1,-1.1,2424.9216918945312,23.439794956196216,100.0,1,-1.8,2454.5006103515625,22.505922299766222,100.0,1,-1.84,2435.01806640625,23.12102981610944,100.0,1,-1.92,2450.547790527344,22.63072166844479,100.0,1,-2.69,2438.490966796875,23.011382578059777,100.0,1,-2.76,2450.9444580078125,22.6181979883027,100.0,1,10
ZINC0000001123990,-2.29,2492.4361267089844,21.308213144672767,100.0,1,-2.57,2461.643585205078,22.28040259690908,100.0,1,-2.72,2468.826690673828,22.05361588071244,100.0,1,-3.13,2504.622467041016,20.923463106074628,100.0,1,-3.32,2492.16748046875,21.31669490773561,100.0,1,-3.49,2480.119201660156,21.697086035042563,100.0,1,-4.59,2512.3072814941406,20.680836314363603,100.0,1,-4.6,2512.130859375,20.6864063555162,100.0,1,-4.79,2501.8143005371094,21.012123207575986,100.0,1,-5.23,2524.9578247070312,20.28143035188169,100.0,1,10
ZINC0000001126580,-1.57,2431.304443359375,23.23827720717963,100.0,1,-1.78,2415.8172607421875,23.72724222435359,100.0,1,-1.92,2450.897705078125,22.619674082930928,100.0,1,-2.17,2409.831787109375,23.916217023063226,100.0,1,-2.2,2463.9917602539062,22.20626545515397,100.0,1,-2.31,2438.474670410156,23.011897091461524,100.0,1,-2.38,2430.1664428710938,23.274206429559875,100.0,1,-2.51,2473.8851928710938,21.89390764488293,100.0,1,-2.53,2437.8959350585938,23.03016906178115,100.0,1,-2.69,2437.4578247070312,23.04400118611719,100.0,1,10
ZINC0000001126840,-0.28,2488.7311401367188,21.4251878629102,100.0,1,-0.66,2468.8096923828125,22.05415255480377,100.0,1,-0.67,2475.5278930664062,21.84204392318049,100.0,1,-1.51,2463.676055908203,22.216232947927463,100.0,1,-1.52,2475.249755859375,21.85082533730689,100.0,1,-1.53,2467.8230895996094,22.085301812790657,100.0,1,-1.84,2485.287139892578,21.53392265865377,100.0,1,-2.03,2496.7741088867188,21.17125333845971,100.0,1,-2.03,2497.006591796875,21.163913332664787,100.0,1,-2.04,2492.0926818847656,21.31905646643912,100.0,1,10
ZINC0000001128820,-0.31,2428.399719238281,23.329985848761734,100.0,1,-0.59,2446.163330078125,22.769148897711883,100.0,1,-1.0,2434.881103515625,23.12535404110388,100.0,1,-1.78,2468.4285888671875,22.066184845741947,100.0,1,-2.32,2473.056945800781,21.92005725859705,100.0,1,-2.41,2479.7042846679688,21.710185893113945,100.0,1,-2.5,2477.655029296875,21.77488547162919,100.0,1,-2.91,2471.668884277344,21.96388146752017,100.0,1,-2.95,2445.8735961914062,22.77829644497061,100.0,1,-3.51,2461.9203491210938,22.27166454065361,100.0,1,10
ZINC0000001130380,-0.49,2516.697662353516,20.54222216449737,100.0,1,-0.5,2518.6880493164062,20.47938119338281,100.0,1,-0.73,2502.177124023437,21.000668058075345,100.0,1,-0.74,2498.0704956054688,21.130323508298467,100.0,1,-0.76,2501.148712158203,21.03313732235509,100.0,1,-0.77,2500.449279785156,21.05521996777566,100.0,1,-0.78,2512.719757080078,20.66781353695166,100.0,1,-0.84,2512.775146484375,20.666064769490674,100.0,1,-0.84,2508.884979248047,20.788886055746428,100.0,1,-0.92,2515.473693847656,20.58086558959806,100.0,1,10
ZINC0000001137380,-2.55,2513.404052734375,20.646208791619607,100.0,1,-2.59,2507.4537353515625,20.834073628833348,100.0,1,-2.6,2521.0743408203125,20.404040629832235,100.0,1,-2.62,2518.1456909179688,20.496504661876823,100.0,1,-2.65,2511.8681640625,20.694700234471657,100.0,1,-2.66,2520.2559509277344,20.429879030383884,100.0,1,-2.73,2510.571228027344,20.73564740778128,100.0,1,-2.82,2515.0918884277344,20.59292004122582,100.0,1,-2.87,2517.49365234375,20.517090978996062,100.0,1,-2.97,2515.0494384765625,20.594260281191787,100.0,1,10
ZINC0000001147040,-2.1,2456.0509033203125,22.456976081023488,100.0,1,-2.21,2459.7101440429688,22.34144566164227,100.0,1,-2.21,2449.92236328125,22.65046780637616,100.0,1,-2.23,2451.9149169921875,22.587558426176347,100.0,1,-2.26,2454.867553710937,22.494337076652783,100.0,1,-2.27,2445.373413085937,22.794088345072847,100.0,1,-2.6,2459.340148925781,22.35312723558,100.0,1,-2.97,2469.1608276367188,22.043066428960188,100.0,1,-3.51,2459.2301025390625,22.356601646304146,100.0,1,-5.34,2476.9324340820312,21.797699419806168,100.0,1,10
ZINC0000001157980,-0.65,2420.1275634765625,23.591156320116905,100.0,1,-1.06,2448.790344238281,22.68620818114078,100.0,1,-1.27,2427.0884399414062,23.371385870945545,100.0,1,-1.3,2412.1931762695312,23.841662682238912,100.0,1,-1.4,2406.564208984375,24.019381777654207,100.0,1,-2.38,2408.724365234375,23.95118081018402,100.0,1,-2.39,2463.650329589844,22.21704518537629,100.0,1,-2.39,2438.500061035156,23.01109545260337,100.0,1,-2.56,2414.9600830078125,23.75430524388205,100.0,1,-2.74,2418.656311035156,23.63760705251035,100.0,1,10
ZINC0000001158500,-1.26,2416.3297729492188,23.7110610669212,100.0,1,-1.46,2426.90625,23.377138015156063,100.0,1,-1.56,2411.656494140625,23.85860693819973,100.0,1,-1.62,2423.3676147460938,23.48886064996108,100.0,1,-1.82,2410.0673828125,23.90877873942752,100.0,1,-2.01,2427.9949340820312,23.34276582209645,100.0,1,-2.18,2453.3673706054688,22.541701214860566,100.0,1,-2.3,2451.8999633789062,22.5880305452154,100.0,1,-2.32,2452.134155273437,22.580636582958867,100.0,1,-2.38,2449.083251953125,22.676960429024785,100.0,1,10
ZINC0000001169030,-0.94,2494.9451293945312,21.22899831447722,100.0,1,-1.09,2485.811767578125,21.51735898844892,100.0,1,-1.2,2479.076934814453,21.72999273206462,100.0,1,-1.63,2540.4767150878906,19.79146424964329,100.0,1,-1.65,2531.966857910156,20.06013948670293,100.0,1,-1.66,2538.751983642578,19.84591788150282,100.0,1,-1.74,2539.707000732422,19.815765854547408,100.0,1,-1.77,2520.878631591797,20.41021960819438,100.0,1,-1.8,2528.9376831054688,20.15577731489985,100.0,1,-1.9,2504.5441284179688,20.925936431734325,100.0,1,10
ZINC0000001173480,-0.52,2452.4873046875,22.569486865571253,100.0,1,-0.61,2389.175842285156,24.56837143134853,100.0,1,-0.98,2440.6603393554688,22.94289063110021,100.0,1,-0.98,2408.645263671875,23.95367822354979,100.0,1,-0.99,2426.48583984375,23.39041130471118,100.0,1,-1.66,2444.968811035156,22.806862537358104,100.0,1,-1.74,2427.7403564453125,23.35080340785928,100.0,1,-1.8,2434.4490356445312,23.138995390807807,100.0,1,-2.87,2440.748291015625,22.94011380034398,100.0,1,-3.04,2461.2508544921875,22.292801984487827,100.0,1,10
ZINC0000001175890,-1.73,2469.718688964844,22.02545349827875,100.0,1,-1.75,2495.2373962402344,21.219770796034325,100.0,1,-1.86,2486.535095214844,21.49452191607412,100.0,1,-1.88,2462.4363708496094,22.25537257977328,100.0,1,-2.13,2485.4698181152344,21.528155098311373,100.0,1,-2.13,2455.090576171875,22.487295758413183,100.0,1,-2.16,2459.2400512695312,22.356287542616933,100.0,1,-2.19,2464.414001464844,22.19293435510428,100.0,1,-2.2,2480.7494506835938,21.677187662808805,100.0,1,-3.39,2523.61669921875,20.323772685127125,100.0,1,10
ZINC0000001176030,-1.25,2483.3243408203125,21.595892618316693,100.0,1,-1.32,2494.8181762695312,21.233006508767964,100.0,1,-1.54,2498.600524902344,21.11358929713461,100.0,1,-1.96,2460.8959350585938,22.30400758535353,100.0,1,-2.64,2462.4673461914062,22.254394618906662,100.0,1,-2.65,2468.208251953125,22.073141375256167,100.0,1,-2.72,2457.4219970703125,22.41368758268346,100.0,1,-3.25,2467.0983276367188,22.108184170052883,100.0,1,-3.55,2455.3365478515625,22.479529881974862,100.0,1,-3.73,2468.207000732422,22.073180879094128,100.0,1,10
ZINC0000001176460,-1.12,2479.4685974121094,21.717627067274385,100.0,1,-1.45,2481.208221435547,21.66270324339228,100.0,1,-1.65,2483.019927978516,21.605503613040288,100.0,1,-1.72,2485.2268981933594,21.53582462392539,100.0,1,-1.73,2508.6595153808594,20.79600445464547,100.0,1,-1.81,2484.9801330566406,21.54361555157802,100.0,1,-1.94,2496.2117919921875,21.189006941344623,100.0,1,-2.03,2499.1784057617188,21.095344305045785,100.0,1,-2.15,2502.340362548828,20.995514252483712,100.0,1,-2.16,2506.346618652344,20.86902778087171,100.0,1,10
ZINC0000001180770,-0.63,2464.959503173828,22.17571164526124,100.0,1,-0.64,2464.9624938964844,22.17561722145343,100.0,1,-0.69,2461.3285522460938,22.29034889250123,100.0,1,-0.69,2472.084228515625,21.9507681203334,100.0,1,-0.74,2463.665771484375,22.216557650205345,100.0,1,-0.76,2470.257751464844,22.00843408867497,100.0,1,-1.25,2442.9266357421875,22.87133858196098,100.0,1,-1.26,2444.0656127929688,22.83537852731696,100.0,1,-1.67,2447.1456298828125,22.73813549438725,100.0,1,-2.09,2437.0205078125,23.057808259238907,100.0,1,10
ZINC0000001181870,-0.78,2509.832946777344,20.758956599195137,100.0,1,-1.83,2551.187042236328,19.4533152507245,100.0,1,-2.05,2555.309600830078,19.32315684919855,100.0,1,-2.13,2554.4049072265625,19.35172005106131,100.0,1,-2.14,2538.219482421875,19.86273013683436,100.0,1,-2.15,2542.599578857422,19.72444068924601,100.0,1,-2.2,2552.0055236816406,19.42747395964812,100.0,1,-2.21,2557.6593017578125,19.24897153203129,100.0,1,-2.24,2554.0128784179688,19.364097277950467,100.0,1,-2.31,2551.7322692871094,19.436101212455647,100.0,1,10
ZINC0000001184120,-0.97,2478.7958068847656,21.73886856999884,100.0,1,-1.02,2487.973693847656,21.44910213750064,100.0,1,-1.09,2500.363586425781,21.05792549892191,100.0,1,-1.17,2485.773681640625,21.518561446736147,100.0,1,-1.2,2477.840545654297,21.7690283050202,100.0,1,-1.23,2485.1217346191406,21.539144873330653,100.0,1,-1.33,2488.9374084472656,21.41867551069598,100.0,1,-1.34,2497.2368774414062,21.15664269946336,100.0,1,-1.54,2508.9448852539062,20.786994689065484,100.0,1,-5.83,3167.326629638672,0.000409491003261,0.0,1,10
ZINC0000001184300,-0.82,2492.564453125,21.30416159251109,100.0,1,-0.94,2491.565216064453,21.335709742910563,100.0,1,-0.99,2484.5357666015625,21.557645195103863,100.0,1,-0.99,2483.7509765625,21.58242277308001,100.0,1,-0.99,2481.398193359375,21.65670540457981,100.0,1,-1.21,2504.3217163085938,20.93295847980907,100.0,1,-1.84,2482.003662109375,21.63758940103934,100.0,1,-2.5,2491.5389404296875,21.33653932350776,100.0,1,-2.53,2473.9458618164062,21.89199219049591,100.0,1,-2.87,2473.8551635742188,21.894855736994007,100.0,1,10
ZINC0000001186110,-0.66,2504.988006591797,20.911922204340367,100.0,1,-0.82,2522.639862060547,20.35461362047626,100.0,1,-0.83,2511.613342285156,20.70274552830044,100.0,1,-0.96,2498.978576660156,21.101653357020734,100.0,1,-1.14,2507.8155212402344,20.82265123861297,100.0,1,-1.3,2510.457397460937,20.739241293527545,100.0,1,-1.37,2471.321502685547,21.97484908184987,100.0,1,-1.42,2500.0502319335938,21.067818801560698,100.0,1,-1.45,2493.317413330078,21.28038895363236,100.0,1,-1.93,2513.7359008789062,20.63573160298558,100.0,1,10
ZINC0000001188260,-0.59,2464.572509765625,22.187929893290303,100.0,1,-1.06,2462.5801696777344,22.250832528932417,100.0,1,-1.06,2468.1666870117188,22.074453673483088,100.0,1,-1.15,2462.140899658203,22.26470126658169,100.0,1,-1.18,2482.135070800781,21.633440534545123,100.0,1,-1.22,2464.9375,22.176406334704417,100.0,1,-1.62,2482.4228515625,21.624354651813945,100.0,1,-1.68,2471.464263916016,21.97034179028927,100.0,1,-1.79,2496.358428955078,21.184377284237165,100.0,1,-1.97,2490.632049560547,21.36517189796401,100.0,1,10
ZINC0000001190020,-1.12,2423.43994140625,23.486577135425247,100.0,1,-1.17,2412.001342773437,23.847719295054205,100.0,1,-1.31,2413.140686035156,23.811747678311267,100.0,1,-1.32,2423.54541015625,23.48324725093755,100.0,1,-1.33,2453.1689453125,22.54796594545634,100.0,1,-1.37,2421.393493652344,23.55118807118214,100.0,1,-1.45,2425.4899291992188,23.42185443271217,100.0,1,-1.49,2428.7525634765625,23.318845766456548,100.0,1,-1.62,2415.343139648437,23.742211288416325,100.0,1,-1.7,2424.39404296875,23.45645401371712,100.0,1,10
ZINC0000001190130,-1.04,2390.4830322265625,24.52710051926928,100.0,1,-1.13,2414.01123046875,23.784262642172383,100.0,1,-1.14,2435.073974609375,23.119264669008327,100.0,1,-1.15,2391.4638671875,24.49613336434032,100.0,1,-1.23,2430.5143432617188,23.26322243559005,100.0,1,-1.23,2382.2608642578125,24.786692764122467,100.0,1,-1.55,2412.257751464844,23.839623898796795,100.0,1,-1.76,2431.3162841796875,23.23790336598136,100.0,1,-2.02,2456.002258300781,22.45851191316278,100.0,1,-3.23,2406.487670898437,24.02179825632757,100.0,1,10
ZINC0000001190180,-1.0,2477.2124633789062,21.788858268168703,100.0,1,-1.09,2474.3502197265625,21.8792257062766,100.0,1,-1.25,2456.61328125,22.43922055112209,100.0,1,-1.32,2467.1843872070312,22.10546707680772,100.0,1,-1.38,2458.452209472656,22.38116147141737,100.0,1,-1.38,2455.427124023437,22.47667018950974,100.0,1,-1.49,2455.7101440429688,22.46773461406446,100.0,1,-1.52,2452.1522216796875,22.58006618607903,100.0,1,-1.54,2447.076171875,22.74032843914825,100.0,1,-1.67,2462.610717773437,22.249868057181207,100.0,1,10
ZINC0000001192330,-0.82,2448.983703613281,22.68010339291334,100.0,1,-1.03,2421.386962890625,23.551394261946136,100.0,1,-1.03,2415.1007080078125,23.749865397898457,100.0,1,-1.06,2422.9814453125,23.501052883267583,100.0,1,-1.07,2423.76806640625,23.476217494796863,100.0,1,-1.15,2417.682006835937,23.66836801667532,100.0,1,-1.17,2414.288391113281,23.77551206030976,100.0,1,-1.24,2422.8289184570312,23.505868497465933,100.0,1,-1.59,2443.4617309570312,22.8544444284288,100.0,1,-2.14,2435.0639038085938,23.119582626728505,100.0,1,10
ZINC0000001192400,-0.55,2497.115173339844,21.16048517033631,100.0,1,-0.56,2488.0057678222656,21.448089490337285,100.0,1,-0.67,2505.33740234375,20.900890998466632,100.0,1,-0.7,2491.360137939453,21.342184518303306,100.0,1,-0.78,2518.6255798339844,20.481353494756164,100.0,1,-0.79,2500.4161071777344,21.056267301235764,100.0,1,-0.97,2506.983154296875,20.8489309259399,100.0,1,-1.62,2504.117156982422,20.93941687556168,100.0,1,-1.92,2495.846649169922,21.20053531747173,100.0,1,-2.44,2511.7286682128906,20.699104430650262,100.0,1,10
ZINC0000001193590,-0.61,2406.9017944335938,24.008723449470505,100.0,1,-0.84,2399.582275390625,24.239817047513213,100.0,1,-0.86,2398.5216674804688,24.273302812989293,100.0,1,-0.88,2399.127990722656,24.254159831218026,100.0,1,-1.05,2402.8970947265625,24.13516078216212,100.0,1,-1.1,2383.326416015625,24.753050910311025,100.0,1,-1.2,2388.341125488281,24.59472530881017,100.0,1,-1.62,2400.3942260742188,24.214181947200828,100.0,1,-1.72,2407.595703125,23.98681519904192,100.0,1,-1.77,2417.93701171875,23.660316941797088,100.0,1,10
ZINC0000001194340,-2.13,2558.8351440429688,19.211847559429767,100.0,1,-2.63,2572.691162109375,18.77438205784241,100.0,1,-2.72,2573.3023681640625,18.75508491475226,100.0,1,-2.77,2579.75,18.551518747211126,100.0,1,-2.81,2584.150848388672,18.41257411401756,100.0,1,-2.83,2568.553436279297,18.90501932296511,100.0,1,-2.83,2568.4388122558594,18.90863825992569,100.0,1,-2.85,2559.0661010742188,19.20455572904699,100.0,1,-2.87,2571.3893432617188,18.8154833924709,100.0,1,-3.23,2566.6905212402344,18.9638357201488,100.0,1,10
ZINC0000001194880,-0.64,2551.6421813964844,19.43894548878889,100.0,1,-0.72,2539.3870544433594,19.82586727496668,100.0,1,-0.73,2537.2615966796875,19.89297273356461,100.0,1,-0.77,2526.3491821289062,20.23750208406833,100.0,1,-1.27,2554.704833984375,19.34225069204944,100.0,1,-1.72,2549.8103942871094,19.49677910756475,100.0,1,-1.85,2546.935913085937,19.58753291247807,100.0,1,-1.96,2561.171142578125,19.1380948574636,100.0,1,-2.07,2543.5518798828125,19.694374414524216,100.0,1,-2.1,2568.9098510742188,18.893766510195498,100.0,1,10
ZINC0000001196320,-0.99,2497.9801025390625,21.133177419714134,100.0,1,-1.17,2489.331420898437,21.406235655771034,100.0,1,-1.17,2517.186248779297,20.52679639752747,100.0,1,-1.3,2526.1510009765625,20.24375910659816,100.0,1,-1.3,2523.0787963867188,20.340755481417663,100.0,1,-1.32,2520.766967773437,20.4137450848554,100.0,1,-1.38,2523.1333618164062,20.33903272867924,100.0,1,-1.51,2503.431060791016,20.961078467880064,100.0,1,-1.86,2522.3126831054688,20.364943392349115,100.0,1,-1.93,2533.2719116210938,20.018936020200684,100.0,1,10
ZINC0000001216020,-0.79,2418.4903564453125,23.642846610335607,100.0,1,-0.83,2407.8888549804688,23.977559738859973,100.0,1,-0.84,2419.4041748046875,23.613995319508195,100.0,1,-0.85,2411.187438964844,23.87341605989414,100.0,1,-0.89,2416.7611694335938,23.69744091439861,100.0,1,-0.93,2423.3367919921875,23.48983379328648,100.0,1,-0.95,2421.4408569335938,23.54969270638905,100.0,1,-1.14,2433.3609008789062,23.17335024071905,100.0,1,-2.18,2439.4150390625,22.98220754846273,100.0,1,-3.07,2480.6668090820312,21.67979684313076,100.0,1,10
ZINC0000001216950,-1.59,2429.58544921875,23.292549699489488,100.0,1,-1.59,2441.2478637695312,22.924341170406606,100.0,1,-1.68,2430.892517089844,23.2512826414432,100.0,1,-1.73,2441.6982421875,22.910121715756897,100.0,1,-1.75,2439.592163085937,22.976615346620548,100.0,1,-1.81,2435.249328613281,23.11372835064424,100.0,1,-1.9,2437.2744140625,23.049791870657423,100.0,1,-2.04,2442.1795043945312,22.894927190765305,100.0,1,-2.04,2445.6665649414062,22.784832884890903,100.0,1,-2.4,2437.782287597656,23.03375716647796,100.0,1,10
ZINC0000001222600,-0.58,2560.600799560547,19.156101863016413,100.0,1,-0.58,2581.443756103516,18.4980430762182,100.0,1,-0.61,2558.6512145996094,19.21765462361013,100.0,1,-0.79,2579.991424560547,18.54389643350101,100.0,1,-1.51,2624.3825073242188,17.142370598723254,100.0,1,-1.61,2622.466339111328,17.202868317790916,100.0,1,-1.69,2617.144744873047,17.37088295818305,100.0,1,-1.69,2619.863983154297,17.2850305197017,100.0,1,-1.71,2616.673553466797,17.38575952545446,100.0,1,-1.82,2611.865264892578,17.537567957199883,100.0,1,10
ZINC0000001222680,-1.5,2581.2478942871094,18.504226872121567,100.0,1,-1.76,2593.269592285156,18.12467496049424,100.0,1,-1.78,2591.185791015625,18.19046523034052,100.0,1,-1.82,2575.902557373047,18.672991121926728,100.0,1,-2.12,2587.004638671875,18.322473567692967,100.0,1,-2.35,2614.3321533203125,17.459682768379633,100.0,1,-2.47,2592.9443359375,18.13494403134778,100.0,1,-2.59,2593.081512451172,18.130613061795643,100.0,1,-2.65,2598.2965393066406,17.965962992187954,100.0,1,-2.67,2595.6441955566406,18.049703420600714,100.0,1,10
ZINC0000001227820,-0.89,2435.8767700195312,23.093918621168832,100.0,1,-1.07,2408.45458984375,23.95969822305185,100.0,1,-1.25,2433.1640625,23.179564868886185,100.0,1,-1.52,2450.498779296875,22.632269062683,100.0,1,-1.66,2443.299194335937,22.85957607333084,100.0,1,-1.78,2462.5721435546875,22.25108593160032,100.0,1,-1.82,2431.6502685546875,23.227358731770327,100.0,1,-3.02,2473.2907104492188,21.91267678545593,100.0,1,-3.03,2495.8450622558594,21.20058541990036,100.0,1,-3.84,2520.376495361328,20.426073172824168,100.0,1,10
ZINC0000001228430,-1.79,2527.426239013672,20.203496987649288,100.0,1,-1.8,2527.3296508789062,20.20654649123828,100.0,1,-2.17,2496.1089782714844,21.19225300061518,100.0,1,-2.22,2490.2955627441406,21.37579553985097,100.0,1,-2.9,2478.8981323242188,21.735637926860164,100.0,1,-2.97,2523.423828125,20.32986205722268,100.0,1,-2.99,2520.7476196289062,20.414355949081443,100.0,1,-3.0,2519.582061767578,20.451155219405088,100.0,1,-3.15,2480.606842041016,21.68169013682819,100.0,1,-3.56,2470.724548339844,21.99369626659055,100.0,1,10
ZINC0000001228460,-1.12,2482.1130981445312,21.63413426048006,100.0,1,-1.18,2496.3986206054688,21.18310834388118,100.0,1,-1.19,2488.002716064453,21.448185841161585,100.0,1,-1.2,2463.360107421875,22.226208148766908,100.0,1,-2.06,2492.464080810547,21.30733057112221,100.0,1,-2.1,2489.758819580078,21.39274172282828,100.0,1,-2.23,2483.6619873046875,21.585232363116504,100.0,1,-2.6,2488.408447265625,21.435375999071333,100.0,1,-2.9,2474.1451416015625,21.88570048166933,100.0,1,-2.99,2502.017639160156,21.00570335215309,100.0,1,10
ZINC0000001228570,-1.51,2451.208374023437,22.60986556901752,100.0,1,-1.81,2428.4072265625,23.329748825733965,100.0,1,-1.96,2449.053039550781,22.67791430218532,100.0,1,-2.02,2481.6824340820312,21.647731288804813,100.0,1,-2.16,2441.7267456054688,22.909221799057967,100.0,1,-2.3,2470.1279296875,22.01253285274056,100.0,1,-2.51,2455.3712158203125,22.47843533661085,100.0,1,-2.81,2427.760498046875,23.35016749241893,100.0,1,-3.35,2483.871032714844,21.578632331652177,100.0,1,-3.53,2447.4107055664062,22.729766461788845,100.0,1,10
ZINC0000001230260,-0.88,2458.320281982422,22.38532671755172,100.0,1,-1.51,2480.9786682128906,21.66995075239588,100.0,1,-1.52,2461.170959472656,22.29532444906792,100.0,1,-1.54,2509.6153564453125,20.76582641296749,100.0,1,-1.57,2513.591094970703,20.64030344959846,100.0,1,-1.6,2508.8104248046875,20.791239906384,100.0,1,-1.67,2463.8478393554688,22.21080936002781,100.0,1,-1.77,2464.811767578125,22.180375988665443,100.0,1,-2.02,2498.669952392578,21.11139731588186,100.0,1,-2.19,2477.1834106445312,21.789775528016005,100.0,1,10
ZINC0000001230300,-1.36,2380.7875366210938,24.83320901507644,100.0,1,-1.58,2407.274353027344,23.99696094084036,100.0,1,-1.71,2400.5146484375,24.21037994367408,100.0,1,-2.25,2419.066345214844,23.624661355757844,100.0,1,-2.45,2418.249267578125,23.65045832545505,100.0,1,-2.68,2468.7481689453125,22.05609498742159,100.0,1,-2.71,2426.7814331054688,23.3810787638698,100.0,1,-3.19,2413.4442138671875,23.80216462532672,100.0,1,-3.3,2423.2310791015625,23.49317138584012,100.0,1,-3.35,3167.3198852539062,0.0006224263249567,0.0,1,10
ZINC0000001243760,-1.26,2514.8975830078125,20.59905469820879,100.0,1,-1.31,2510.0382080078125,20.752476042752946,100.0,1,-1.34,2504.999328613281,20.911564742782225,100.0,1,-1.34,2509.4812622070312,20.77006006818709,100.0,1,-1.39,2509.7650756835938,20.7610994415275,100.0,1,-1.45,2496.481811523437,21.18048182041085,100.0,1,-1.46,2513.468048095703,20.644188314834103,100.0,1,-1.57,2515.648406982422,20.57534950490707,100.0,1,-1.87,2565.7280883789062,18.994221879607256,100.0,1,-2.15,2576.1790466308594,18.664261737245443,100.0,1,10
ZINC0000001245430,0.08,2538.1817932128906,19.86392006951442,100.0,1,0.08,2528.805725097656,20.15994352454244,100.0,1,0.03,2535.5559997558594,19.946822245755804,100.0,1,-0.45,2525.7566833496094,20.25620859660554,100.0,1,-2.84,2585.646850585937,18.365341976439066,100.0,1,-2.87,2595.087615966797,18.067275883935952,100.0,1,-2.94,2596.828338623047,18.012317373757103,100.0,1,-2.98,2606.4669189453125,17.70800582082308,100.0,1,-3.06,2601.501251220703,17.864783064577484,100.0,1,-3.25,2608.7400817871094,17.63623698232918,100.0,1,10
ZINC0000001256790,-1.77,2526.7719116210938,20.224155567886747,100.0,1,-1.8,2536.3477783203125,19.92182402439202,100.0,1,-1.81,2525.436767578125,20.26630905351656,100.0,1,-1.82,2530.6959228515625,20.100265750989543,100.0,1,-1.9,2540.146423339844,19.80189229935693,100.0,1,-1.98,2517.4794921875,20.5175380468208,100.0,1,-2.33,2556.242126464844,19.2937149278182,100.0,1,-2.42,2555.838623046875,19.30645443380672,100.0,1,-2.68,2561.5462341308594,19.12625237764929,100.0,1,-3.11,2532.740539550781,20.03571262572723,100.0,1,10
ZINC0000001265940,-1.23,2596.775329589844,18.013990987575138,100.0,1,-1.25,2591.8179321289062,18.170507120595698,100.0,1,-1.27,2595.2907104492188,18.060863736579005,100.0,1,-1.28,2599.906555175781,17.91513118781373,100.0,1,-1.29,2594.9607849121094,18.07128022419372,100.0,1,-1.33,2593.942321777344,18.103435384786263,100.0,1,-1.34,2597.695770263672,17.984930615459007,100.0,1,-3.06,2596.945678710937,18.008612684562895,100.0,1,-3.35,2578.2603454589844,18.598550475075083,100.0,1,-3.38,2616.4200134277344,17.393764351937033,100.0,1,10
ZINC0000001269970,-1.77,2459.8434448242188,22.337237057636987,100.0,1,-2.07,2471.6206665039062,21.965403810544064,100.0,1,-2.23,2494.589813232422,21.24021644095009,100.0,1,-2.39,2494.5943298339844,21.24007384173013,100.0,1,-2.4,2496.828826904297,21.16952576818007,100.0,1,-2.45,2499.266357421875,21.092567474289552,100.0,1,-3.02,2510.7116088867188,20.73121526986363,100.0,1,-3.11,2515.585327148437,20.577341076445283,100.0,1,-3.22,2517.458282470703,20.518207685049656,100.0,1,-3.31,2508.550109863281,20.799458631696503,100.0,1,10
ZINC0000001273920,-1.89,2596.540985107422,18.021389767372884,100.0,1,-1.99,2582.171295166016,18.475073039705865,100.0,1,-2.02,2588.2027893066406,18.284645270565832,100.0,1,-2.06,2569.427001953125,18.87743889951017,100.0,1,-2.14,2579.633575439453,18.555194531158044,100.0,1,-2.14,2580.1065979003906,18.54026015339205,100.0,1,-2.29,2597.3179321289062,17.99685981101518,100.0,1,-3.13,2605.02001953125,17.753687673638638,100.0,1,-3.19,2603.9382934570312,17.787840186818855,100.0,1,-3.58,2601.840850830078,17.854061144849744,100.0,1,10
ZINC0000001280180,-0.66,2469.0505981445312,22.046546620733785,100.0,1,-0.87,2463.4295654296875,22.224015204005912,100.0,1,-0.91,2450.6320190429688,22.6280623856942,100.0,1,-1.02,2460.0607299804688,22.33037687894706,100.0,1,-1.1,2459.2134704589844,22.35712675829656,100.0,1,-1.16,2462.65966796875,22.24832258995949,100.0,1,-1.21,2464.5602416992188,22.188317223603978,100.0,1,-1.24,2453.675201416016,22.53198230721376,100.0,1,-1.31,2465.7075805664062,22.152093167701384,100.0,1,-1.44,2459.065673828125,22.361793028717248,100.0,1,10
ZINC0000001280700,-0.05,2455.2715759277344,22.48158119102414,100.0,1,-0.08,2453.5903930664062,22.53465989662096,100.0,1,-0.09,2470.505096435547,22.00062485436573,100.0,1,-0.17,2470.298767089844,22.00713913359643,100.0,1,-0.3,2474.1512145996094,21.885508743528984,100.0,1,-0.34,2477.3463439941406,21.784631357506804,100.0,1,-0.36,2463.303649902344,22.2279906390164,100.0,1,-0.42,2449.990478515625,22.64831725597785,100.0,1,-0.54,2475.466827392578,21.843971903174666,100.0,1,-0.77,2447.381805419922,22.730678904094933,100.0,1,10
ZINC0000001281910,-0.8,2466.2042236328125,22.136413034555336,100.0,1,-0.84,2463.337951660156,22.226907655751297,100.0,1,-1.06,2455.525177001953,22.473574437525084,100.0,1,-1.18,2423.9405517578125,23.47077174620761,100.0,1,-1.18,2434.1332397460938,23.14896577410603,100.0,1,-1.27,2441.9842224121094,22.90109268001205,100.0,1,-1.92,2465.4556884765625,22.160045964738835,100.0,1,-3.36,2508.3685913085938,20.80518957872568,100.0,1,-3.38,2495.9307861328125,21.197878925245867,100.0,1,-3.45,2498.04443359375,21.13114634433796,100.0,1,10
ZINC0000001283810,-1.08,2442.695556640625,22.87863426637673,100.0,1,-1.08,2442.162475585937,22.89546482836488,100.0,1,-1.12,2451.4741821289062,22.60147341222128,100.0,1,-1.17,2443.1690673828125,22.86368447247885,100.0,1,-1.18,2451.5069580078125,22.60043860436833,100.0,1,-1.25,2448.067138671875,22.70904139948262,100.0,1,-1.76,2437.4151611328125,23.045348170640857,100.0,1,-1.94,2450.9569091796875,22.61780487693957,100.0,1,-1.96,2439.9490356445312,22.96534808122729,100.0,1,-3.49,2508.2115478515625,20.810147792143987,100.0,1,10
ZINC0000001286790,-0.27,2390.829833984375,24.5161512115962,100.0,1,-0.4,2387.607727050781,24.61788033890516,100.0,1,-0.43,2384.589111328125,24.71318479325001,100.0,1,-0.44,2391.447021484375,24.49666522089043,100.0,1,-0.51,2381.190673828125,24.820481071186844,100.0,1,-1.26,2366.6813354492188,25.278573357239644,100.0,1,-1.86,2388.93115234375,24.576096840440645,100.0,1,-1.93,2387.31689453125,24.62706257246064,100.0,1,-2.05,2389.101806640625,24.570708902345974,100.0,1,-2.57,2402.621398925781,24.143865115629083,100.0,1,10
ZINC0000001297920,-1.76,2516.97119140625,20.53358624011566,100.0,1,-1.79,2529.966125488281,20.12330708711185,100.0,1,-1.79,2521.5736694335938,20.38827570796081,100.0,1,-1.87,2507.9932861328125,20.817038803097688,100.0,1,-1.87,2530.8236694335938,20.096232505484483,100.0,1,-1.98,2526.196990966797,20.242307099676008,100.0,1,-2.1,2512.481506347656,20.675335645804505,100.0,1,-2.18,2542.385040283203,19.731214152194067,100.0,1,-2.28,2539.587127685547,19.819550514925783,100.0,1,-2.9,2530.342193603516,20.11143377503377,100.0,1,10
ZINC0000001298150,-1.25,2502.399932861328,20.99363348439344,100.0,1,-1.29,2520.8543090820312,20.41098752426403,100.0,1,-1.29,2502.3771362304688,20.994353225050936,100.0,1,-1.33,2492.9466247558594,21.29209557878441,100.0,1,-1.47,2490.1685485839844,21.3798056611582,100.0,1,-1.49,2505.707946777344,20.88919208138053,100.0,1,-1.53,2499.6678466796875,21.07989155984508,100.0,1,-1.53,2518.5493774414062,20.48375937483885,100.0,1,-1.54,2507.974151611328,20.817642922766023,100.0,1,-1.67,2502.419677734375,20.99301009456024,100.0,1,10
ZINC0000001314050,-0.59,2460.517852783203,22.315944488975653,100.0,1,-0.64,2423.1146850585938,23.49684620627879,100.0,1,-0.64,2461.678009033203,22.279315759611016,100.0,1,-0.7,2432.913330078125,23.1874810526104,100.0,1,-0.7,2440.4169921875,22.950573645829632,100.0,1,-0.72,2443.289459228516,22.859883432460347,100.0,1,-0.73,2456.1375427246094,22.454240681121707,100.0,1,-0.82,2430.8162841796875,23.253689485034133,100.0,1,-0.88,2440.034698486328,22.96264351358928,100.0,1,-5.21,3167.3259887695312,0.0004297246763633,0.0,1,10
ZINC0000001316960,-1.61,2395.3651123046875,24.37296232459236,100.0,1,-2.13,2426.839233398437,23.37925387925761,100.0,1,-2.31,2439.9347534179688,22.965799003085,100.0,1,-2.32,2428.9790649414062,23.311694608277243,100.0,1,-2.35,2441.516540527344,22.915858443835525,100.0,1,-2.48,2472.8956298828125,21.925150363169383,100.0,1,-3.04,2434.866577148437,23.12581267102753,100.0,1,-3.04,2476.046813964844,21.82566042901708,100.0,1,-3.49,2466.290405273437,22.1336920872772,100.0,1,-3.88,2422.6748046875,23.51073421409292,100.0,1,10
ZINC0000001324360,-2.54,2550.110626220703,19.48730011347044,100.0,1,-2.61,2542.885131835937,19.715425142616564,100.0,1,-2.76,2559.964874267578,19.176179447783365,100.0,1,-2.91,2563.783660888672,19.05561180730791,100.0,1,-3.17,2556.349578857422,19.29032241529472,100.0,1,-3.41,2594.5580444335938,18.08399564247616,100.0,1,-3.46,2589.951171875,18.229444919818,100.0,1,-3.79,2549.363006591797,19.510904138406648,100.0,1,-3.97,2565.2501220703125,19.009312345708608,100.0,1,-4.5,3167.3209228515625,0.0005896670446959,0.0,1,10
ZINC0000001327060,-0.37,2458.894561767578,22.367195419435564,100.0,1,-0.91,2460.5206298828125,22.315856809725545,100.0,1,-1.13,2477.4620971679688,21.78097677074123,100.0,1,-1.21,2485.1627502441406,21.537849918252107,100.0,1,-1.34,2465.7328491210938,22.151295382876206,100.0,1,-1.37,2455.545837402344,22.472922142444595,100.0,1,-1.37,2461.4912109375,22.285213393566217,100.0,1,-1.46,2481.778686523437,21.644692383806493,100.0,1,-1.9,2463.8158569335938,22.21181911666644,100.0,1,-2.96,2476.295959472656,21.81779434772149,100.0,1,10
ZINC0000001327100,-0.93,2430.2572631835938,23.271339029028805,100.0,1,-1.03,2455.0982666015625,22.487052954335955,100.0,1,-1.05,2448.497131347656,22.695465568339213,100.0,1,-1.06,2477.5274658203125,21.7789129360848,100.0,1,-1.06,2435.1144409179688,23.11798705707816,100.0,1,-1.09,2426.322021484375,23.395583416959425,100.0,1,-1.62,2442.886260986328,22.87261330336643,100.0,1,-1.74,2430.8998413085938,23.251051399464888,100.0,1,-1.86,2457.93310546875,22.397550746630245,100.0,1,-1.99,2457.9382934570312,22.39738695022894,100.0,1,10
ZINC0000001327140,-1.05,2390.9356689453125,24.51280976500959,100.0,1,-1.05,2405.2192993164062,24.06184358592177,100.0,1,-1.33,2391.5517578125,24.493358460600568,100.0,1,-1.34,2395.0670776367188,24.38237194609318,100.0,1,-1.47,2387.0316772460938,24.63606752049941,100.0,1,-1.48,2411.204406738281,23.87288034931105,100.0,1,-1.61,2412.653625488281,23.827125269869025,100.0,1,-1.65,2409.0554809570312,23.940726745747824,100.0,1,-1.96,2429.9586181640625,23.280767920694483,100.0,1,-2.0,2395.6982421875,24.36244466861213,100.0,1,10
ZINC0000001332400,-0.52,2500.66015625,21.048562125816755,100.0,1,-0.54,2507.5416259765625,20.8312987250936,100.0,1,-0.54,2508.673583984375,20.795560277345466,100.0,1,-0.57,2513.375061035156,20.647124124450425,100.0,1,-0.58,2509.8035888671875,20.75988349412487,100.0,1,-0.59,2498.8140563964844,21.10684762995857,100.0,1,-0.59,2509.5525817871094,20.76780834942328,100.0,1,-0.64,2508.4313049316406,20.80320956928638,100.0,1,-0.66,2520.268341064453,20.42948784603724,100.0,1,-1.68,2517.314758300781,20.522739064316333,100.0,1,10
ZINC0000001344390,-1.19,2413.3764038085938,23.804305540642588,100.0,1,-1.55,2449.2293701171875,22.672347151557457,100.0,1,-1.74,2433.8565673828125,23.15770093983677,100.0,1,-1.76,2466.426818847656,22.12938520543113,100.0,1,-1.94,2479.1251831054688,21.72846942553249,100.0,1,-2.11,2464.3539428710938,22.19483053932644,100.0,1,-2.12,2459.5864868164062,22.34534979704277,100.0,1,-2.18,2429.4933471679688,23.29545756736676,100.0,1,-2.54,2482.3413696289062,21.626927218822665,100.0,1,-2.88,2470.7130737304688,21.994058545689903,100.0,1,10
ZINC0000001352640,-1.45,2518.138702392578,20.496725305264462,100.0,1,-1.51,2524.937255859375,20.282079756437447,100.0,1,-1.75,2519.8252868652344,20.44347605870864,100.0,1,-1.94,2517.935760498047,20.503132635080195,100.0,1,-1.96,2519.681365966797,20.44801996358247,100.0,1,-1.99,2509.690643310547,20.763449438132096,100.0,1,-2.19,2505.7403869628906,20.88816787211825,100.0,1,-2.19,2514.45361328125,20.61307181612748,100.0,1,-2.29,2499.7807006835938,21.076328506362582,100.0,1,-2.31,2532.169342041016,20.05374660951085,100.0,1,10
ZINC0000001352900,-1.37,2438.913391113281,22.998045696960627,100.0,1,-1.47,2421.934326171875,23.53411277810028,100.0,1,-2.35,2455.993225097656,22.458797111602696,100.0,1,-2.71,2443.5615234375,22.85129375647429,100.0,1,-2.89,2464.06640625,22.20390871399168,100.0,1,-3.13,2476.6940307617188,21.805226346200225,100.0,1,-3.25,2476.52490234375,21.81056610888275,100.0,1,-3.46,2463.8046875,22.21217176068336,100.0,1,-3.73,2460.791076660156,22.307318199676367,100.0,1,-3.73,2468.9344482421875,22.05021373310652,100.0,1,10
ZINC0000001354530,-0.88,2508.823211669922,20.79083619643019,100.0,1,-0.88,2512.4617614746094,20.675959035637703,100.0,1,-1.0,2493.7681274414062,21.26615890039198,100.0,1,-1.24,2495.360290527344,21.21589074833989,100.0,1,-1.27,2499.717315673828,21.078329712983223,100.0,1,-1.6,2527.737274169922,20.193676911636967,100.0,1,-1.66,2520.6011657714844,20.41897982513944,100.0,1,-1.79,2528.421661376953,20.172069275780185,100.0,1,-1.81,2529.486297607422,20.13845632721603,100.0,1,-2.09,2524.1619567871094,20.30655768335003,100.0,1,10
ZINC0000001358520,-1.03,2488.130859375,21.44414007004936,100.0,1,-1.14,2536.7426147460938,19.90935815474451,100.0,1,-1.55,2552.2857971191406,19.41862509994472,100.0,1,-1.59,2527.859436035156,20.18981998814037,100.0,1,-1.68,2546.2604064941406,19.608860167436152,100.0,1,-1.79,2513.964324951172,20.62851974378697,100.0,1,-1.92,2563.6560668945312,19.05964023527176,100.0,1,-1.95,2557.9371643066406,19.24019878947908,100.0,1,-2.16,2516.232360839844,20.55691277467789,100.0,1,-2.26,2516.8292541503906,20.5380675169537,100.0,1,10
ZINC0000001360770,-2.25,2496.284942626953,21.186697412086232,100.0,1,-2.28,2489.226043701172,21.409562649734,100.0,1,-2.61,2519.3336181640625,20.458999140011084,100.0,1,-2.87,2577.6666870117188,18.61729360092552,100.0,1,-2.94,2495.142120361328,21.222778868768867,100.0,1,-3.34,2557.826568603516,19.243690543351587,100.0,1,-3.49,2564.357421875,19.037496888831885,100.0,1,-3.53,2588.533416748047,18.274206622261527,100.0,1,-3.88,2568.7110595703125,18.900042802890184,100.0,1,-4.47,2597.1257934570312,18.0029260589129,100.0,1,10
ZINC0000001368800,-1.23,2588.825653076172,18.26498006732687,100.0,1,-1.24,2602.6109619140625,17.82974701433847,100.0,1,-1.27,2597.069396972656,18.004706622145903,100.0,1,-1.29,2575.2987060546875,18.69205605953032,100.0,1,-1.29,2603.326141357422,17.80716719866453,100.0,1,-1.31,2590.080841064453,18.22535097329364,100.0,1,-1.34,2604.644592285156,17.76554075204362,100.0,1,-1.4,2605.141357421875,17.7498567648646,100.0,1,-1.4,2596.459045410156,18.02397678700525,100.0,1,-1.5,2607.2808837890625,17.682307128966656,100.0,1,10
ZINC0000001368850,-0.7,2435.0655517578125,23.119530597283383,100.0,1,-0.72,2448.2202758789062,22.70420651511941,100.0,1,-0.74,2433.099975585937,23.18158823619641,100.0,1,-0.76,2452.4529418945312,22.57057177585284,100.0,1,-0.76,2429.2518310546875,23.30308277160161,100.0,1,-0.85,2449.543426513672,22.66243168822908,100.0,1,-0.86,2438.549072265625,23.00954805836517,100.0,1,-0.88,2435.5018615722656,23.10575531993368,100.0,1,-0.89,2423.0203247070312,23.499825373766043,100.0,1,-1.18,2463.4784240722656,22.222472627308925,100.0,1,10
ZINC0000001379690,-2.3,2508.4432678222656,20.802831874055137,100.0,1,-2.72,2501.864501953125,21.0105382365163,100.0,1,-2.81,2511.6625366210938,20.70119235301277,100.0,1,-2.84,2499.5198669433594,21.084563611315225,100.0,1,-2.86,2522.6270446777344,20.355018293938308,100.0,1,-2.97,2505.9554138183594,20.881378993038304,100.0,1,-3.03,2509.857177734375,20.758191573650222,100.0,1,-3.49,2486.88427734375,21.483497454758087,100.0,1,-5.04,2560.1053161621094,19.171745382849227,100.0,1,-5.33,2551.3885803222656,19.446952242287946,100.0,1,10
ZINC0000001391830,-1.33,2505.1177368164062,20.907826330799512,100.0,1,-1.44,2507.437286376953,20.834592959776305,100.0,1,-1.58,2503.2772216796875,20.965935512932862,100.0,1,-1.61,2525.0220336914062,20.279403130538487,100.0,1,-1.64,2523.1477966308594,20.33857698928032,100.0,1,-1.8,2510.653533935547,20.733048826049995,100.0,1,-1.83,2512.9837341308594,20.65947919065,100.0,1,-1.84,2514.345764160156,20.616476854258124,100.0,1,-1.86,2510.2586669921875,20.745515659205747,100.0,1,-2.23,2524.1854248046875,20.305816745511187,100.0,1,10
ZINC0000001392870,-1.44,2488.849853515625,21.42143981584505,100.0,1,-1.5,2488.1649169921875,21.44306479485021,100.0,1,-1.51,2490.582275390625,21.366743379908293,100.0,1,-1.65,2477.047607421875,21.794063139697208,100.0,1,-1.78,2491.8516845703125,21.32666529103383,100.0,1,-1.85,2470.369354248047,22.004910539030448,100.0,1,-1.95,2486.497375488281,21.495712812262425,100.0,1,-1.97,2479.8134765625,21.70673846062061,100.0,1,-2.11,2458.2667236328125,22.387017674518127,100.0,1,-2.85,2497.0846557617188,21.16144867857928,100.0,1,10
ZINC0000001398430,-0.71,2515.795959472656,20.570690942552325,100.0,1,-0.77,2493.007781982422,21.290164708265504,100.0,1,-0.77,2517.381622314453,20.520628017756,100.0,1,-0.82,2517.432983398437,20.51900643338308,100.0,1,-0.89,2508.2290649414062,20.809594738412525,100.0,1,-1.11,2500.461639404297,21.05482974693726,100.0,1,-1.11,2521.129608154297,20.402295716404225,100.0,1,-2.16,2515.083526611328,20.593184042484395,100.0,1,-2.94,2540.8018798828125,19.78119806931448,100.0,1,-3.35,2536.7460021972656,19.909251205329543,100.0,1,10
ZINC0000001399530,-1.04,2524.6090087890625,20.29244325109881,100.0,1,-1.16,2504.104278564453,20.93982347604021,100.0,1,-1.93,2537.3838806152344,19.88911195603504,100.0,1,-2.34,2554.9673461914062,19.33396259414343,100.0,1,-2.41,2565.569610595703,18.999225377912985,100.0,1,-2.48,2563.2583923339844,19.07219571118586,100.0,1,-2.59,2560.6005859375,19.156108607574115,100.0,1,-2.6,2546.755157470703,19.59323977180117,100.0,1,-2.87,2548.400451660156,19.541294151898075,100.0,1,-3.45,2544.790771484375,19.65525983389272,100.0,1,10
ZINC0000001404990,-0.75,2404.38916015625,24.08805293714697,100.0,1,-0.97,2405.760009765625,24.04477214687288,100.0,1,-1.04,2408.4658203125,23.95934365201844,100.0,1,-1.19,2414.640869140625,23.764383540103488,100.0,1,-1.24,2416.1408081054688,23.71702710996165,100.0,1,-1.41,2397.53173828125,24.30455709337466,100.0,1,-1.58,2410.614562988281,23.89150303663112,100.0,1,-1.78,2398.5726928710938,24.271691827207054,100.0,1,-3.38,3167.3180541992188,0.0006802368195348,0.0,1,-1000.0,362.1991882324219,0.0,0.0,0,9
ZINC0000001407980,-2.31,2476.9541015625,21.797015328953663,100.0,1,-2.5,2477.3526916503906,21.784430947792263,100.0,1,-2.59,2474.362030029297,21.878852828586563,100.0,1,-2.65,2476.4267578125,21.81366475139213,100.0,1,-2.68,2475.712890625,21.836203136211623,100.0,1,-2.77,2466.7330017089844,22.11971832722945,100.0,1,-2.99,2474.295623779297,21.880949422523265,100.0,1,-3.36,2482.416473388672,21.624556025036725,100.0,1,-3.54,2469.2075805664062,22.041590334331964,100.0,1,-3.59,2464.216796875,22.19916054537033,100.0,1,10
ZINC0000001413390,-1.92,2465.474914550781,22.159438954545767,100.0,1,-2.55,2452.0379028320312,22.583675487957187,100.0,1,-2.59,2461.80908203125,22.27517749170747,100.0,1,-2.95,2444.601928710937,22.81844583345505,100.0,1,-3.04,2449.04833984375,22.67806268245474,100.0,1,-3.09,2457.953430175781,22.39690905014043,100.0,1,-3.22,2448.7244262695312,22.6882893589456,100.0,1,-3.25,2459.624328613281,22.34415504682149,100.0,1,-3.36,2452.8426513671875,22.558267775590146,100.0,1,-3.64,2451.9630126953125,22.58603993718543,100.0,1,10
ZINC0000001414160,-1.28,2443.8649291992188,22.84171455752272,100.0,1,-1.41,2441.350341796875,22.921105709726724,100.0,1,-1.92,2463.9273681640625,22.20829845754664,100.0,1,-2.28,2490.533203125,21.368292701162986,100.0,1,-2.36,2476.8494873046875,21.80031823521056,100.0,1,-2.82,2500.5174560546875,21.05306749036087,100.0,1,-3.11,2518.8743591308594,20.47349897555949,100.0,1,-3.54,2501.6002197265625,21.018882217900394,100.0,1,-3.71,2525.258117675781,20.27194943077089,100.0,1,-3.81,2522.3521728515625,20.36369661268272,100.0,1,10
ZINC0000001416190,-2.13,2476.5445861816406,21.80994464606604,100.0,1,-4.86,2499.1424255371094,21.09648028126424,100.0,1,-4.88,2486.7263793945312,21.4884826464072,100.0,1,-4.92,2489.7421875,21.393266834820697,100.0,1,-5.09,2495.3787841796875,21.21530686234465,100.0,1,-5.1,2497.881072998047,21.136304003962564,100.0,1,-5.11,2480.9940490722656,21.669465144241425,100.0,1,-5.27,2484.4610290527344,21.56000482679089,100.0,1,-5.3,2489.914428710937,21.387828794297388,100.0,1,-5.51,2489.1544799804688,21.41182207656376,100.0,1,10
ZINC0000001425760,-1.31,2493.2828063964844,21.281481571979885,100.0,1,-1.35,2493.098602294922,21.28729730773444,100.0,1,-1.4,2490.2532653808594,21.37713096227572,100.0,1,-1.51,2506.7496032714844,20.856304654523328,100.0,1,-1.69,2502.2576599121094,20.99812535982216,100.0,1,-1.73,2504.7322692871094,20.91999640341643,100.0,1,-2.3,2510.896759033203,20.725369665353547,100.0,1,-2.47,2505.9571533203125,20.88132407306846,100.0,1,-2.69,2506.761688232422,20.855923105259112,100.0,1,-2.9,2517.3733825683594,20.520888164981592,100.0,1,10
ZINC0000001425830,-1.54,2481.0158081054688,21.66877816286419,100.0,1,-1.7,2462.5919799804688,22.25045965124239,100.0,1,-1.79,2454.15771484375,22.516748278384203,100.0,1,-1.79,2461.700500488281,22.278605654035943,100.0,1,-1.82,2465.072021484375,22.17215919036942,100.0,1,-1.94,2467.5028076171875,22.0954138318006,100.0,1,-1.97,2455.5189819335938,22.473770029698407,100.0,1,-2.03,2464.090240478516,22.20315621405392,100.0,1,-2.18,2466.8410034179688,22.116308471557584,100.0,1,-2.82,2463.9225463867188,22.20845069184902,100.0,1,10
ZINC0000001425910,-1.82,2474.5887451171875,21.87169492584956,100.0,1,-2.16,2467.539001464844,22.09427111102444,100.0,1,-2.3,2489.083038330078,21.414077649360543,100.0,1,-2.37,2494.66845703125,21.23773348020796,100.0,1,-2.39,2478.5135498046875,21.74778005773804,100.0,1,-2.44,2483.7858276367188,21.581322446666544,100.0,1,-2.52,2473.418273925781,21.908649321000325,100.0,1,-2.64,2482.8444213867188,21.61104474894559,100.0,1,-2.7,2478.1661376953125,21.758748635575976,100.0,1,-2.78,2483.5169372558594,21.589811917795327,100.0,1,10
ZINC0000001428290,-0.88,2461.501251220703,22.28489639935428,100.0,1,-1.05,2426.947204589844,23.375844987094,100.0,1,-1.11,2436.9755859375,23.05922654337256,100.0,1,-1.2,2455.873107910156,22.46258948004701,100.0,1,-1.22,2451.8572387695312,22.589379456755555,100.0,1,-1.79,2449.876708984375,22.65190921470764,100.0,1,-1.86,2452.83837890625,22.55840266674416,100.0,1,-2.04,2464.0263671875,22.205172836806447,100.0,1,-2.29,2450.9303588867188,22.61864312911096,100.0,1,-2.41,2452.617126464844,22.565388101505672,100.0,1,10
ZINC0000001437450,-2.15,2434.178955078125,23.147522438758067,100.0,1,-2.3,2416.045837402344,23.72002554761376,100.0,1,-2.33,2429.9236450195312,23.281872101140923,100.0,1,-2.43,2428.81591796875,23.31684552334415,100.0,1,-2.44,2441.6788330078125,22.910734506999425,100.0,1,-2.52,2428.936767578125,23.313030030702,100.0,1,-2.56,2436.370483398437,23.07833098481411,100.0,1,-2.58,2448.4146118164062,22.698070894628195,100.0,1,-2.63,2444.9462890625,22.807573606441416,100.0,1,-2.81,2450.4576416015625,22.63356787179451,100.0,1,10
ZINC0000001438950,-2.64,2464.5592041015625,22.18834998288424,100.0,1,-2.68,2466.93701171875,22.113277274625208,100.0,1,-2.69,2456.0037231445312,22.458465664767115,100.0,1,-2.72,2451.1421508789062,22.61195638190476,100.0,1,-2.77,2453.913146972656,22.52446983344334,100.0,1,-2.88,2458.790771484375,22.37047231096989,100.0,1,-2.9,2473.0890502929688,21.919043647925456,100.0,1,-2.99,2463.0626831054688,22.235598500102864,100.0,1,-3.19,2465.1421508789062,22.16994504842708,100.0,1,-3.26,2470.6954956054688,21.994613526437856,100.0,1,10
ZINC0000001440530,-2.02,2384.0346069335938,24.730691738024728,100.0,1,-2.6,2392.1005859375,24.47603072835905,100.0,1,-2.65,2391.917053222656,24.48182526693225,100.0,1,-2.82,2405.5433959960938,24.051611128381463,100.0,1,-2.89,2382.0936279296875,24.79197278929393,100.0,1,-3.07,2403.484619140625,24.11661132146851,100.0,1,-3.18,2379.1231689453125,24.88575682763138,100.0,1,-3.35,2399.85400390625,24.23123797011783,100.0,1,-3.36,2395.9067993164062,24.35586005327969,100.0,1,-3.57,2386.871337890625,24.64112979280796,100.0,1,10
ZINC0000001440640,-1.1,2440.8828125,22.93586665600898,100.0,1,-1.12,2451.839599609375,22.58993636451999,100.0,1,-1.17,2428.9547119140625,23.312463487855133,100.0,1,-1.18,2434.0738525390625,23.15084076114685,100.0,1,-1.19,2426.490539550781,23.39026292444176,100.0,1,-1.19,2451.2734375,22.60781136944352,100.0,1,-1.2,2435.604431152344,23.10251696872907,100.0,1,-1.22,2430.117553710937,23.275749969765112,100.0,1,-1.54,2432.4132080078125,23.203271025696147,100.0,1,-2.47,2452.8717651367188,22.557348588726352,100.0,1,10
ZINC0000001440660,-1.07,2459.8898315429688,22.335772525107675,100.0,1,-1.13,2466.848907470703,22.11605892292265,100.0,1,-1.16,2457.967712402344,22.39645812828272,100.0,1,-1.18,2456.4672241210938,22.44383190157293,100.0,1,-2.22,2430.225830078125,23.272331442519064,100.0,1,-2.36,2464.0955200195312,22.202989527127883,100.0,1,-2.59,2446.128173828125,22.770258859207782,100.0,1,-2.59,2466.113220214844,22.139286216135865,100.0,1,-2.74,2448.5408935546875,22.6940838975188,100.0,1,-2.8,2440.2857666015625,22.95471673127439,100.0,1,10
ZINC0000001440680,-0.91,2449.9996337890625,22.648028203504968,100.0,1,-0.93,2455.377685546875,22.478231072863345,100.0,1,-0.95,2458.9564819335938,22.365240461210583,100.0,1,-0.98,2443.789367675781,22.8441002039323,100.0,1,-1.01,2432.66162109375,23.1954280685984,100.0,1,-1.12,2467.5541381835938,22.093793210935928,100.0,1,-1.72,2411.4273681640625,23.86584095808793,100.0,1,-1.86,2420.95947265625,23.56489108541362,100.0,1,-2.03,2414.6627197265625,23.763693668201523,100.0,1,-3.57,2453.79443359375,22.52821788050848,100.0,1,10
ZINC0000001440690,-0.93,2402.9790649414062,24.132572799021503,100.0,1,-1.38,2410.7120971679688,23.888423664286595,100.0,1,-1.45,2404.50244140625,24.08447639454907,100.0,1,-1.6,2433.7096557617188,23.162339268518416,100.0,1,-1.63,2413.939453125,23.786528813559844,100.0,1,-1.76,2424.914306640625,23.440028125191013,100.0,1,-1.81,2407.048767089844,24.004083193772377,100.0,1,-1.86,2444.6559448242188,22.816740423865003,100.0,1,-2.19,2445.9151611328125,22.776984146743693,100.0,1,-2.37,2464.9907836914062,22.1747240493122,100.0,1,10
ZINC0000001440750,-1.09,2462.035888671875,22.26801669844573,100.0,1,-1.15,2460.8582763671875,22.30519655452536,100.0,1,-1.19,2461.5076293945312,22.28469502613149,100.0,1,-1.21,2442.103820800781,22.897316691207863,100.0,1,-1.26,2465.934509277344,22.14492852040668,100.0,1,-1.32,2477.455047607422,21.78119934114536,100.0,1,-1.44,2461.7159423828125,22.27811811886501,100.0,1,-1.46,2458.1515502929688,22.390653954627087,100.0,1,-2.29,2447.0968627929688,22.73967518055952,100.0,1,-2.53,2430.0577392578125,23.27763844592133,100.0,1,10
ZINC0000001440770,-0.76,2441.642822265625,22.911871446726124,100.0,1,-0.87,2427.1869506835938,23.368275666337247,100.0,1,-0.94,2428.581970214844,23.32423177753473,100.0,1,-0.95,2450.2224731445312,22.64099266631482,100.0,1,-0.98,2438.69384765625,23.004977175260528,100.0,1,-0.99,2459.9918823242188,22.3325505535432,100.0,1,-2.04,2424.0609741210938,23.466969742680863,100.0,1,-2.13,2430.3207397460938,23.26933493188344,100.0,1,-2.21,2420.191650390625,23.589132952806672,100.0,1,-2.46,2420.857727050781,23.56810342189567,100.0,1,10
ZINC0000001440970,-0.45,2440.2979736328125,22.954331327977204,100.0,1,-0.87,2437.218811035156,23.05154738267611,100.0,1,-0.93,2431.448974609375,23.23371403214093,100.0,1,-1.26,2456.8630981445312,22.43133327264516,100.0,1,-1.41,2443.790771484375,22.844055882553125,100.0,1,-1.8,2417.670288085937,23.66873800384062,100.0,1,-2.21,2427.547180175781,23.356902415037265,100.0,1,-2.23,2419.447265625,23.61263484586913,100.0,1,-2.36,2415.59033203125,23.734406871648293,100.0,1,-2.36,2440.796936035156,22.93857796820469,100.0,1,10
ZINC0000001443160,-0.8,2437.4966430664062,23.042775603632133,100.0,1,-0.88,2439.0886840820312,22.99251130561302,100.0,1,-1.01,2438.674194335937,23.005597674569,100.0,1,-1.02,2457.689758300781,22.405233761359668,100.0,1,-1.1,2443.4324951171875,22.85536746932556,100.0,1,-1.14,2441.727478027344,22.909198674860136,100.0,1,-2.47,2430.385681152344,23.2672845863424,100.0,1,-2.79,2433.9390869140625,23.15509561354779,100.0,1,-3.09,2433.377197265625,23.172835727317302,100.0,1,-3.11,2431.4869384765625,23.23251542788669,100.0,1,10
ZINC0000001463730,-0.89,2521.4150390625,20.393284023807748,100.0,1,-0.94,2519.7896728515625,20.44460047282818,100.0,1,-1.17,2503.105773925781,20.97134850224185,100.0,1,-1.32,2480.754669189453,21.677022902899257,100.0,1,-1.54,2489.107482910156,21.413305879257926,100.0,1,-2.1,2489.0626525878906,21.41472127286684,100.0,1,-2.17,2488.4175720214844,21.435087910106684,100.0,1,-2.22,2497.9572143554688,21.13390005089636,100.0,1,-2.23,2490.130249023437,21.381014864003124,100.0,1,-2.26,2486.382232666016,21.49934812886314,100.0,1,10
ZINC0000001464200,-1.38,2510.7228088378906,20.73086166233846,100.0,1,-1.42,2507.619384765625,20.82884370609052,100.0,1,-1.51,2511.1006774902344,20.71893150327404,100.0,1,-1.55,2506.5640563964844,20.86216278464057,100.0,1,-1.55,2509.0665283203125,20.78315414520901,100.0,1,-1.68,2511.4622497558594,20.70751585761136,100.0,1,-1.73,2513.7315979003906,20.63586745764784,100.0,1,-1.87,2520.6072387695312,20.41878808699909,100.0,1,-1.95,2514.779754638672,20.60277480353489,100.0,1,-2.09,2509.5008239746094,20.76944245940335,100.0,1,10
ZINC0000001464210,-0.66,2588.896789550781,18.262734129612515,100.0,1,-1.6,2599.855743408203,17.916735429038273,100.0,1,-1.93,2598.559844970703,17.95764984306763,100.0,1,-1.95,2606.7870178222656,17.697899582862593,100.0,1,-2.05,2592.4322814941406,18.151110736156525,100.0,1,-2.09,2600.1207580566406,17.908368323456347,100.0,1,-2.12,2595.128967285156,18.06597033026673,100.0,1,-2.13,2590.779663085937,18.203287598037925,100.0,1,-2.15,2600.841278076172,17.88561989383989,100.0,1,-2.25,2598.4111328125,17.962345018735608,100.0,1,10
ZINC0000001472530,-0.49,2391.9903564453125,24.479510920132643,100.0,1,-0.61,2395.6798706054688,24.3630247005744,100.0,1,-0.71,2409.0757446289062,23.940086976274497,100.0,1,-0.83,2415.3099975585938,23.74325765836819,100.0,1,-1.32,2409.1400756835938,23.938055900898323,100.0,1,-1.36,2405.1085205078125,24.065341120843744,100.0,1,-1.38,2400.1821899414062,24.220876402472964,100.0,1,-1.38,2404.144836425781,24.09576678414016,100.0,1,-1.47,2395.2570190429688,24.37637507078895,100.0,1,-1.84,2420.306579589844,23.58550438076366,100.0,1,10
ZINC0000001480270,-0.88,2425.439453125,23.42344807534604,100.0,1,-0.97,2453.0919189453125,22.55039784026159,100.0,1,-0.98,2452.712158203125,22.56238773683707,100.0,1,-1.03,2442.7286376953125,22.877589823441355,100.0,1,-1.06,2443.8181762695312,22.84319065215094,100.0,1,-1.06,2462.423889160156,22.255766654644653,100.0,1,-1.14,2435.1644897460938,23.116406903559685,100.0,1,-1.15,2447.220092773437,22.735784534274416,100.0,1,-1.27,2455.333923339844,22.47961274368376,100.0,1,-1.56,2446.542907714844,22.757164782185857,100.0,1,10
ZINC0000001480700,-1.12,2443.521850585937,22.85254631719015,100.0,1,-1.21,2460.3615112304688,22.320880541704373,100.0,1,-1.3,2430.1188354492188,23.275709502418906,100.0,1,-1.45,2440.1472778320312,22.959089131680976,100.0,1,-4.15,2446.1929321289062,22.76821429471621,100.0,1,-4.23,2452.6554565429688,22.564177935152504,100.0,1,-4.25,2449.5392456054688,22.662563688858366,100.0,1,-5.19,2488.7703247070312,21.423950718326225,100.0,1,-5.39,2502.438415527344,20.992418500499056,100.0,1,-1000.0,362.1991882324219,0.0,0.0,0,9
ZINC0000001481970,-1.36,2444.463195800781,22.822825941927587,100.0,1,-1.46,2415.9139404296875,23.724189830239865,100.0,1,-1.93,2440.6843872070312,22.94213138660476,100.0,1,-2.09,2466.882202148437,22.11500773542958,100.0,1,-2.11,2443.4379272460938,22.85519596485831,100.0,1,-2.27,2449.499389648437,22.663822030623685,100.0,1,-2.29,2450.0537109375,22.646320866898428,100.0,1,-2.59,2453.6591796875,22.53248814904132,100.0,1,-2.82,2462.2886962890625,22.260034996161,100.0,1,-3.02,2457.382873535156,22.414922800250945,100.0,1,10
ZINC0000001483620,-1.07,2473.5077209472656,21.90582527834019,100.0,1,-1.17,2466.843994140625,22.11621404774977,100.0,1,-1.28,2472.4126586914062,21.94039884462258,100.0,1,-2.47,2491.4629821777344,21.338937495524505,100.0,1,-2.71,2469.545288085937,22.03092815211529,100.0,1,-2.73,2451.3621826171875,22.60500948747297,100.0,1,-2.76,2441.568725585937,22.91421084474005,100.0,1,-2.85,2446.3564453125,22.763051817550387,100.0,1,-2.88,2446.9615478515625,22.743947376108835,100.0,1,-3.5,2496.29443359375,21.18639776102267,100.0,1,10
ZINC0000001483640,-1.25,2473.5025634765625,21.90598811123325,100.0,1,-1.49,2441.195678710937,22.92598876950208,100.0,1,-1.54,2443.012756347656,22.86861956169933,100.0,1,-1.54,2426.517517089844,23.38941118315498,100.0,1,-1.57,2445.766662597656,22.78167257785397,100.0,1,-1.64,2444.214172363281,22.8306881691902,100.0,1,-1.65,2429.239196777344,23.3034816640142,100.0,1,-1.69,2439.4207153320312,22.98202833592953,100.0,1,-1.75,2437.320251464844,23.048344681276483,100.0,1,-2.04,2438.3742065429688,23.015068960597368,100.0,1,10
ZINC0000001485790,-1.33,2463.528259277344,22.220899218348155,100.0,1,-1.48,2467.1256103515625,22.10732279368367,100.0,1,-1.54,2447.5386962890625,22.72572550821784,100.0,1,-1.55,2462.733459472656,22.245992827028,100.0,1,-1.56,2461.439453125,22.28684750354629,100.0,1,-1.64,2469.229248046875,22.04090624347946,100.0,1,-1.66,2444.467041015625,22.82270453988897,100.0,1,-1.84,2478.1444091796875,21.75943465344497,100.0,1,-2.01,2476.5008544921875,21.81132535337821,100.0,1,-2.25,2452.126281738281,22.580885168085555,100.0,1,10
ZINC0000001492620,-1.66,2456.621459960937,22.43896233091297,100.0,1,-1.7,2447.685485839844,22.721091033569166,100.0,1,-1.75,2464.6847534179688,22.184386109972674,100.0,1,-2.0,2461.2517700195312,22.292773079240536,100.0,1,-2.13,2451.8119506835938,22.59080930298812,100.0,1,-2.13,2457.463195800781,22.412386846555453,100.0,1,-2.17,2460.4567260742188,22.31787439598632,100.0,1,-2.31,2492.1062622070312,21.318627705271,100.0,1,-2.59,2467.8287963867188,22.08512163674922,100.0,1,-2.74,2457.227783203125,22.419819349141704,100.0,1,10
ZINC0000001492630,-1.56,2511.794219970703,20.697034814944367,100.0,1,-1.89,2523.2184143066406,20.33634743120609,100.0,1,-1.9,2521.634490966797,20.38635543603257,100.0,1,-2.14,2513.459442138672,20.64446002415862,100.0,1,-2.69,2520.5847778320312,20.419497229065914,100.0,1,-2.79,2533.3301696777344,20.01709668296486,100.0,1,-2.85,2532.7438354492188,20.035608566836988,100.0,1,-2.92,2526.3256225585938,20.2382459124319,100.0,1,-2.99,2525.39794921875,20.267534636001617,100.0,1,-3.03,2527.990600585937,20.1856788297121,100.0,1,10
ZINC0000001502240,-1.47,2457.7417602539062,22.40359194331365,100.0,1,-1.47,2448.44873046875,22.696993692412555,100.0,1,-1.49,2462.521484375,22.25268535528365,100.0,1,-1.57,2470.2310791015625,22.00927619487933,100.0,1,-1.57,2452.076171875,22.582467248620507,100.0,1,-1.58,2460.6224975585938,22.31264061921052,100.0,1,-1.72,2443.1068725585938,22.86564810227802,100.0,1,-1.74,2434.1134033203125,23.14959205446396,100.0,1,-1.83,2454.355224609375,22.51051245303572,100.0,1,-1.92,2458.647705078125,22.37498923761293,100.0,1,10
ZINC0000001519800,-0.58,2515.544921875,20.578616761358973,100.0,1,-0.7,2530.2978515625,20.11283375251081,100.0,1,-0.71,2489.110809326172,21.413200856859444,100.0,1,-0.73,2492.1337890625,21.317758620835843,100.0,1,-0.86,2536.411437988281,19.91981414619719,100.0,1,-1.07,2530.963897705078,20.091805185108047,100.0,1,-1.14,2520.2408447265625,20.43035596696416,100.0,1,-1.2,2550.457763671875,19.47634020720669,100.0,1,-1.26,2534.9224548339844,19.966824676879803,100.0,1,-1.37,2545.1583862304688,19.64365341359794,100.0,1,10
ZINC0000001537350,-0.6,2394.788391113281,24.391170703367955,100.0,1,-0.63,2392.203063964844,24.472795267679164,100.0,1,-0.65,2388.011657714844,24.605127343801247,100.0,1,-0.77,2390.7349243164062,24.51914772223183,100.0,1,-0.78,2390.61376953125,24.522972849956407,100.0,1,-0.83,2423.5947265625,23.481690221616915,100.0,1,-0.87,2391.180969238281,24.50506508575262,100.0,1,-1.41,2459.319702148437,22.353772786102788,100.0,1,-1.83,2419.371398925781,23.615030127361145,100.0,1,-4.03,2464.999267578125,22.174456194020653,100.0,1,10
ZINC0000001538480,-1.73,2433.311889648437,23.17489763495725,100.0,1,-2.09,2427.1538696289062,23.369320109272625,100.0,1,-2.11,2473.6990966796875,21.89978311814854,100.0,1,-2.45,2416.039978027344,23.72021054119641,100.0,1,-2.74,2456.19580078125,22.45240134388588,100.0,1,-2.87,2433.9164428710938,23.15581053666407,100.0,1,-2.88,2432.242553710937,23.20865896379082,100.0,1,-3.07,2440.526672363281,22.94711079720441,100.0,1,-3.6,2437.362609863281,23.04700733183525,100.0,1,-3.83,2435.0440673828125,23.12020890708644,100.0,1,10
ZINC0000001541100,-1.1,2584.20458984375,18.410877376001693,100.0,1,-1.19,2583.5327758789062,18.43208804646237,100.0,1,-1.2,2571.144927978516,18.823200129988823,100.0,1,-1.23,2579.097076416016,18.572133006069407,100.0,1,-1.24,2582.8853759765625,18.45252791032868,100.0,1,-1.29,2582.9087829589844,18.45178889950632,100.0,1,-1.38,2584.9742431640625,18.38657769811406,100.0,1,-1.42,2570.033416748047,18.858293027214174,100.0,1,-1.73,2591.5060119628906,18.180355138347064,100.0,1,-1.81,2597.2312927246094,17.999595210916965,100.0,1,10
ZINC0000001541180,-1.32,2572.0328979492188,18.795164930643207,100.0,1,-1.38,2558.109649658203,19.234753040889828,100.0,1,-1.41,2581.492706298828,18.496497608996485,100.0,1,-1.5,2585.825927734375,18.35968811006933,100.0,1,-1.59,2583.518859863281,18.43252740622116,100.0,1,-1.59,2589.154357910156,18.25460212004188,100.0,1,-1.68,2583.597442626953,18.430046372495525,100.0,1,-1.76,2588.708770751953,18.26867030389744,100.0,1,-1.8,2589.221618652344,18.25247854787437,100.0,1,-2.22,2597.841735839844,17.980322155532892,100.0,1,10
ZINC0000001541370,-2.01,2599.813018798828,17.918084340578428,100.0,1,-2.04,2596.136779785156,18.034151434050983,100.0,1,-2.07,2586.5455017089844,18.33696954920841,100.0,1,-2.07,2602.0069274902344,17.848817732991517,100.0,1,-2.07,2608.812896728516,17.633938051661463,100.0,1,-2.08,2591.155578613281,18.19141910350105,100.0,1,-2.12,2592.4010620117188,18.15209640508908,100.0,1,-2.13,2590.388641357422,18.215633029155065,100.0,1,-2.3,2597.198760986328,18.000622310703967,100.0,1,-3.12,2594.364318847656,18.09011199280252,100.0,1,10
ZINC0000001543220,-0.83,2522.6736755371094,20.35354605334305,100.0,1,-0.84,2541.4744567871094,19.75996331114772,100.0,1,-0.85,2536.0492553710938,19.93124906202473,100.0,1,-0.9,2547.5386352539062,19.56850362467947,100.0,1,-1.2,2538.732727050781,19.84652585520413,100.0,1,-1.32,2537.8449096679688,19.874556237008537,100.0,1,-1.34,2537.02294921875,19.900507368024613,100.0,1,-1.96,2544.49755859375,19.66451722109115,100.0,1,-2.92,2566.297180175781,18.976254377892403,100.0,1,-3.55,2559.6636352539062,19.18569023764969,100.0,1,10
ZINC0000001543470,-1.72,2516.7083435058594,20.54188493661233,100.0,1,-1.84,2506.357940673828,20.86867031931357,100.0,1,-1.91,2506.2109375,20.873311538519943,100.0,1,-1.96,2516.327850341797,20.55389795738565,100.0,1,-2.05,2497.1990966796875,21.15783552266815,100.0,1,-2.09,2499.7986755371094,21.075761000007475,100.0,1,-2.18,2500.263092041016,21.061098331566004,100.0,1,-2.33,2518.0007934570312,20.50107939901444,100.0,1,-2.5,2526.17236328125,20.24308465082808,100.0,1,-3.02,2541.353240966797,19.763790365888788,100.0,1,10
ZINC0000001547950,-1.63,2379.1950073242188,24.88348872922744,100.0,1,-1.66,2402.177734375,24.157872598465342,100.0,1,-1.71,2396.858337402344,24.32581786626397,100.0,1,-1.88,2383.8446044921875,24.73669054034544,100.0,1,-1.97,2404.1310424804688,24.096202289865985,100.0,1,-2.07,2407.9660034179688,23.97512399002176,100.0,1,-2.75,2499.9991149902344,21.06943267786767,100.0,1,-3.07,2460.3179321289062,22.32225643147533,100.0,1,-3.49,2468.575500488281,22.0615465170603,100.0,1,-3.78,2400.08837890625,24.223838226811843,100.0,1,10
ZINC0000001560000,-1.43,2451.004272460937,22.616309512146486,100.0,1,-2.28,2456.678466796875,22.43716249751511,100.0,1,-2.38,2456.11376953125,22.454991254042977,100.0,1,-2.43,2466.8108825683594,22.11725945419339,100.0,1,-2.46,2463.8956298828125,22.20930050611932,100.0,1,-2.53,2464.1492309570312,22.20129375262026,100.0,1,-2.59,2460.693298339844,22.31040528008684,100.0,1,-2.6,2471.2970581054688,21.97562085195249,100.0,1,-2.86,2472.5093688964844,21.937345487000616,100.0,1,-3.75,2469.7521362304688,22.024397493244457,100.0,1,10
ZINC0000001562390,-1.72,2473.923889160156,21.89268591643085,100.0,1,-1.75,2478.046905517578,21.76251306228125,100.0,1,-1.88,2482.878662109375,21.609963692696983,100.0,1,-1.89,2481.31103515625,21.65945718412172,100.0,1,-1.92,2459.6079711914062,22.34467148723972,100.0,1,-2.23,2488.026397705078,21.44743815876504,100.0,1,-2.63,2476.6446533203125,21.80678530253735,100.0,1,-2.71,2492.2706909179688,21.313436322857893,100.0,1,-2.71,2490.80908203125,21.35958258664656,100.0,1,-2.99,2488.115753173828,21.444617006629628,100.0,1,10
ZINC0000001601650,-0.52,2481.144836425781,21.664704450012923,100.0,1,-0.54,2495.4453125,21.213206414374987,100.0,1,-0.55,2497.969268798828,21.133519465140388,100.0,1,-0.55,2487.519592285156,21.463439140155995,100.0,1,-0.78,2493.1146850585938,21.286789538890392,100.0,1,-2.12,2546.939422607422,19.587422109030133,100.0,1,-2.19,2541.593505859375,19.756204665491907,100.0,1,-2.44,2551.103485107422,19.455953336293742,100.0,1,-2.54,2537.9078063964844,19.87257044651978,100.0,1,-2.85,2553.4802856445312,19.38091242380673,100.0,1,10
ZINC0000001603730,-0.96,2452.5740356445312,22.56674857514474,100.0,1,-1.89,2459.5538940429688,22.34637882384626,100.0,1,-2.79,2448.8351440429688,22.684793751040107,100.0,1,-3.26,2493.1277465820312,21.2863771573624,100.0,1,-3.3,2476.490966796875,21.81163753004893,100.0,1,-3.85,2448.7364501953125,22.687909736697865,100.0,1,-3.91,2473.14306640625,21.917338238335404,100.0,1,-3.93,2457.6021118164062,22.408000957033465,100.0,1,-3.95,2453.6773071289062,22.531915825144992,100.0,1,-4.13,2467.083984375,22.10863701892708,100.0,1,10
ZINC0000001604730,-1.03,2605.8887939453125,17.726258520977847,100.0,1,-1.44,2655.2431640625,16.168030596088634,100.0,1,-1.54,2654.796264648437,16.182140210798647,100.0,1,-1.58,2657.768524169922,16.088299325474857,100.0,1,-1.7,2655.685791015625,16.154055872532638,100.0,1,-1.85,2666.534393310547,15.811541217764963,100.0,1,-2.48,2609.3218994140625,17.61786769767701,100.0,1,-2.6,2592.9452209472656,18.134916089608733,100.0,1,-3.07,2619.8676147460938,17.28491586222079,100.0,1,-3.19,3167.3282775878906,0.0003574615581408,0.0,1,10
ZINC0000001606030,-0.81,2402.6769409179688,24.142111530626885,100.0,1,-0.83,2422.3238525390625,23.52181455888704,100.0,1,-0.9,2443.3343200683594,22.858467075343185,100.0,1,-1.03,2445.926727294922,22.776618977119607,100.0,1,-1.04,2438.7291259765625,23.00386335973166,100.0,1,-1.06,2430.1127319335938,23.2759022040675,100.0,1,-1.15,2458.7308044433594,22.372365604667326,100.0,1,-1.16,2435.466552734375,23.1068700989708,100.0,1,-1.17,2433.9747314453125,23.153970235920003,100.0,1,-1.21,2450.6258850097656,22.62825605085104,100.0,1,10
ZINC0000001613060,-0.74,2462.279754638672,22.26031730407619,100.0,1,-0.95,2460.640686035156,22.31206636829771,100.0,1,-2.99,2475.635681152344,21.83864081206633,100.0,1,-3.1,2478.3726806640625,21.75222761178757,100.0,1,-3.48,2476.6863403320312,21.805469150277457,100.0,1,-4.19,2563.0978088378906,19.07726569156036,100.0,1,-4.28,2566.4088134765625,18.97272986473963,100.0,1,-4.41,2560.2705078125,19.16652991273005,100.0,1,-4.42,2563.0489501953125,19.078808268257344,100.0,1,-4.45,2566.552276611328,18.96820041248944,100.0,1,10
ZINC0000001624290,-0.31,2528.1910705566406,20.17934954406405,100.0,1,-0.35,2519.6918334960938,20.447689480255136,100.0,1,-0.37,2525.090301513672,20.277247762598968,100.0,1,-0.43,2515.949981689453,20.56582811645007,100.0,1,-0.44,2526.287109375,20.239461859834528,100.0,1,-0.79,2517.1787109375,20.52703438406348,100.0,1,-0.84,2513.9588928222656,20.62869124825422,100.0,1,-0.84,2516.3995361328125,20.55163467652292,100.0,1,-0.87,2526.9234008789062,20.21937271296866,100.0,1,-1.17,2526.7220153808594,20.225730903864,100.0,1,10
ZINC0000001626880,-1.5,2442.765380859375,22.87642975951682,100.0,1,-1.7,2422.465087890625,23.517355442738587,100.0,1,-1.75,2425.6940307617188,23.41541048958321,100.0,1,-1.78,2433.8271484375,23.158629761783,100.0,1,-1.89,2427.476501464844,23.359133900127976,100.0,1,-1.9,2430.327453613281,23.269122960069986,100.0,1,-2.17,2425.526428222656,23.42070207685358,100.0,1,-2.32,2450.971740722656,22.61733661193349,100.0,1,-2.47,2451.427124023437,22.602959141931933,100.0,1,-2.47,2458.8692626953125,22.367994167768984,100.0,1,10
ZINC0000001632220,-0.72,2408.416015625,23.96091609747096,100.0,1,-0.74,2421.17724609375,23.558015490591806,100.0,1,-0.75,2436.5701293945312,23.072027713888616,100.0,1,-0.92,2434.794860839844,23.128076915398506,100.0,1,-1.06,2385.7682495117188,24.67595676175825,100.0,1,-1.29,2407.71533203125,23.98303824672949,100.0,1,-1.29,2402.8424072265625,24.13688738893352,100.0,1,-1.29,2409.631591796875,23.922537637137093,100.0,1,-1.35,2402.9662475585938,24.13297747248356,100.0,1,-1.73,2397.881591796875,24.29351143487729,100.0,1,10
ZINC0000001666150,-1.46,2412.0158081054688,23.84726259214704,100.0,1,-1.48,2445.364624023437,22.79436583544682,100.0,1,-1.53,2425.192138671875,23.43125634614704,100.0,1,-1.61,2430.6107788085938,23.26017774954228,100.0,1,-1.82,2422.6834716796875,23.51046057775192,100.0,1,-1.83,2426.1717529296875,23.4003277315478,100.0,1,-1.89,2420.1346435546875,23.590932786204537,100.0,1,-1.95,2404.9786987304688,24.069439884909325,100.0,1,-2.95,2413.678466796875,23.7947687360537,100.0,1,-3.21,2423.7764892578125,23.475951566521804,100.0,1,10
ZINC0000001669880,-0.51,2368.2619018554688,25.228671338319884,100.0,1,-0.53,2377.163330078125,24.947633326994733,100.0,1,-0.85,2400.766357421875,24.20243292768609,100.0,1,-1.02,2412.085327148437,23.84506772036956,100.0,1,-1.05,2397.5465698242188,24.30408882836858,100.0,1,-1.08,2448.7283935546875,22.688164102874005,100.0,1,-1.54,2399.2223510742188,24.251180663730768,100.0,1,-1.76,2401.217041015625,24.18820383795395,100.0,1,-2.53,2438.67041015625,23.005717149591128,100.0,1,-2.61,2420.063415527344,23.59318161444362,100.0,1,10
ZINC0000001694190,-0.96,2466.1490173339844,22.138156020966864,100.0,1,-1.11,2474.3527221679688,21.87914669860067,100.0,1,-1.11,2460.8628540039062,22.30505202828891,100.0,1,-1.13,2457.479949951172,22.411857880530064,100.0,1,-1.36,2453.973388671875,22.522567868171723,100.0,1,-1.55,2462.3433532714844,22.258309352897843,100.0,1,-1.59,2455.9454956054688,22.46030403849469,100.0,1,-1.6,2449.9559326171875,22.64940794730889,100.0,1,-1.6,2448.851104736328,22.68428983622904,100.0,1,-4.95,2583.7836303710938,18.42416800870518,100.0,1,10
ZINC0000001707200,-1.45,2521.978515625,20.375493807609605,100.0,1,-1.48,2499.554168701172,21.08348062805013,100.0,1,-1.56,2517.8321228027344,20.506404709073312,100.0,1,-1.68,2522.3280029296875,20.364459711211143,100.0,1,-1.74,2521.427673339844,20.39288513139516,100.0,1,-1.81,2518.715545654297,20.478513072455897,100.0,1,-2.86,2515.4769897460938,20.58076153070781,100.0,1,-2.99,2516.1499938964844,20.559513283425662,100.0,1,-3.21,2503.5555419921875,20.957148317757003,100.0,1,-3.23,2507.084930419922,20.845717625949607,100.0,1,10
ZINC0000001711580,-1.64,2527.962829589844,20.1865556222132,100.0,1,-1.74,2525.822052001953,20.254144761949103,100.0,1,-1.8,2514.781524658203,20.602718920056795,100.0,1,-1.83,2526.253387451172,20.240526536443003,100.0,1,-1.89,2527.4683227539062,20.20216830978224,100.0,1,-2.05,2535.233856201172,19.95699303876857,100.0,1,-2.13,2523.084991455078,20.340559889244343,100.0,1,-2.25,2519.5838623046875,20.451098372418752,100.0,1,-2.28,2522.348937988281,20.363798744556465,100.0,1,-2.49,2526.6755981445312,20.227196399901555,100.0,1,10
ZINC0000001716470,-0.96,2486.5294799804688,21.494699201590823,100.0,1,-0.98,2481.318664550781,21.659216307060984,100.0,1,-0.99,2474.557373046875,21.87268541232333,100.0,1,-1.08,2467.5613403320312,22.093565822990584,100.0,1,-1.14,2479.872772216797,21.704866364104525,100.0,1,-1.2,2476.012420654297,21.8267463028069,100.0,1,-1.23,2475.5128784179688,21.84251796923603,100.0,1,-1.23,2476.1309509277344,21.82300403679121,100.0,1,-1.29,2490.7085876464844,21.362755419290654,100.0,1,-1.39,2471.918273925781,21.95600767815865,100.0,1,10
ZINC0000001721580,-0.76,2426.8218383789062,23.37980307895611,100.0,1,-0.82,2413.6934814453125,23.79429468999816,100.0,1,-0.84,2418.8885498046875,23.63027475478137,100.0,1,-0.94,2464.387939453125,22.19375719114377,100.0,1,-1.07,2426.385986328125,23.393563903682164,100.0,1,-1.09,2447.9404296875,22.71304188570742,100.0,1,-1.09,2445.1771850585938,22.800283703075124,100.0,1,-1.18,2451.227905273437,22.609248923742022,100.0,1,-1.39,2432.839233398437,23.189820450624328,100.0,1,-2.87,2452.9269409179688,22.555606565823062,100.0,1,10
ZINC0000001721700,-0.67,2390.0987548828125,24.53923301506472,100.0,1,-1.01,2411.6804809570312,23.85784962072076,100.0,1,-1.03,2392.2759399414062,24.47049440999496,100.0,1,-1.14,2407.4614868164062,23.99105270829449,100.0,1,-1.22,2400.4478149414062,24.212490026726176,100.0,1,-1.34,2425.7716064453125,23.412961251629586,100.0,1,-1.58,2421.7618408203125,23.539558526689525,100.0,1,-1.69,2415.4664916992188,23.738316788098253,100.0,1,-2.62,2469.107421875,22.044752568385384,100.0,1,-3.24,2488.2570190429688,21.440156926972936,100.0,1,10
ZINC0000001721720,-0.99,2447.330810546875,22.73228892636893,100.0,1,-1.2,2440.128662109375,22.959676871709185,100.0,1,-1.21,2432.2965087890625,23.206955481217253,100.0,1,-1.22,2425.15380859375,23.43246651250021,100.0,1,-1.27,2431.213806152344,23.24113882666125,100.0,1,-1.28,2436.182861328125,23.08425463349187,100.0,1,-1.62,2447.828063964844,22.716589523058023,100.0,1,-1.78,2456.2501220703125,22.4506862992134,100.0,1,-3.12,2476.9183959960938,21.798142633597934,100.0,1,-3.14,2483.408508300781,21.59323526258259,100.0,1,10
ZINC0000001721760,-0.39,2521.1818237304688,20.400647153800502,100.0,1,-0.7,2512.426025390625,20.677087303790216,100.0,1,-0.85,2518.5482788085938,20.4837940611356,100.0,1,-0.88,2512.0607299804688,20.688620497458533,100.0,1,-1.38,2514.634735107422,20.60735339470547,100.0,1,-1.79,2518.540069580078,20.48405324485296,100.0,1,-1.85,2524.1268615722656,20.307665717829444,100.0,1,-2.21,2516.795959472656,20.53911870444677,100.0,1,-2.78,2586.6322631835938,18.33423029527365,100.0,1,-3.53,2578.6716918945312,18.585563347468128,100.0,1,10
ZINC0000001721780,-0.89,2351.000305175781,25.773658578772928,100.0,1,-1.15,2422.682556152344,23.510489482999205,100.0,1,-1.31,2408.1961059570312,23.96785913786978,100.0,1,-1.37,2397.5404663085938,24.30428153001717,100.0,1,-1.5,2399.338195800781,24.247523186440464,100.0,1,-1.53,2395.6491088867188,24.363995916883308,100.0,1,-1.57,2412.1929321289062,23.841670390304856,100.0,1,-2.09,2418.2208862304688,23.651354388121007,100.0,1,-2.57,2442.850891113281,22.873730009420026,100.0,1,-3.39,2438.048583984375,23.02534959354983,100.0,1,10
ZINC0000001721830,-0.88,2408.117431640625,23.97034306212015,100.0,1,-0.9,2397.8504028320312,24.2944961403016,100.0,1,-0.97,2405.1149291992188,24.06513878411272,100.0,1,-1.63,2426.61083984375,23.386464774947985,100.0,1,-1.78,2411.3482666015625,23.868338371453703,100.0,1,-2.04,2397.1719970703125,24.31591492854276,100.0,1,-2.27,2393.244873046875,24.43990302328075,100.0,1,-2.88,2495.762451171875,21.203193636714072,100.0,1,-3.03,2492.715209960937,21.29940186179083,100.0,1,-3.19,2498.675842285156,21.111211358790968,100.0,1,10
ZINC0000001721860,-0.72,2451.500732421875,22.60063516004989,100.0,1,-0.74,2458.5306091308594,22.37868621874119,100.0,1,-1.16,2486.8029174804688,21.486066167733835,100.0,1,-1.2,2484.0115966796875,21.57419441268507,100.0,1,-1.68,2477.1941528320312,21.789436373114484,100.0,1,-1.74,2482.3168334960938,21.62770187945001,100.0,1,-1.77,2486.329864501953,21.50100150900807,100.0,1,-1.93,2475.995513916016,21.827280086373506,100.0,1,-2.09,2504.1289978027344,20.939043034363404,100.0,1,-2.19,2476.8104248046875,21.80155152576155,100.0,1,10
ZINC0000001721870,-0.59,2519.247467041016,20.46171912378098,100.0,1,-0.64,2515.8435668945312,20.56918786969329,100.0,1,-0.67,2534.0294494628906,19.995018855085508,100.0,1,-0.7,2529.16943359375,20.148460433302763,100.0,1,-0.73,2509.493530273437,20.76967273787342,100.0,1,-0.76,2488.7694091796875,21.42397962357352,100.0,1,-0.87,2495.999755859375,21.19570139661676,100.0,1,-1.39,2546.1451721191406,19.6124983745616,100.0,1,-1.47,2526.4081115722656,20.23564154965116,100.0,1,-1.49,2568.7728881835938,18.89809073518993,100.0,1,10
ZINC0000001721880,-0.47,2511.9659729003906,20.69161219055295,100.0,1,-0.57,2523.836395263672,20.316836389286006,100.0,1,-0.57,2515.168212890625,20.59051030711016,100.0,1,-0.65,2514.0284729003906,20.626494449460253,100.0,1,-0.72,2504.1249084472656,20.939172144467964,100.0,1,-0.96,2509.42431640625,20.77185797456847,100.0,1,-1.03,2538.64111328125,19.849418306949524,100.0,1,-1.88,2530.504852294922,20.10629827609876,100.0,1,-1.92,2525.8833923339844,20.25220811038074,100.0,1,-2.05,2529.4375,20.139996976896537,100.0,1,10
ZINC0000001721960,-0.61,2464.8972778320312,22.17767623856865,100.0,1,-0.61,2454.96630859375,22.491219163978545,100.0,1,-0.62,2463.8668212890625,22.21021005790068,100.0,1,-0.66,2459.3084106445312,22.354129284152688,100.0,1,-0.69,2464.237243652344,22.198514994847542,100.0,1,-0.95,2468.1844787597656,22.07389194817744,100.0,1,-1.76,2488.950408935547,21.41826505618448,100.0,1,-1.85,2473.369079589844,21.91020249628799,100.0,1,-2.06,2469.807983398437,22.022634273159827,100.0,1,-2.79,2539.706451416016,19.815783197695783,100.0,1,10
ZINC0000001722040,-0.65,2467.279083251953,22.10247731072979,100.0,1,-0.72,2467.0589294433594,22.10942805919456,100.0,1,-0.79,2469.5171508789062,22.031816506715305,100.0,1,-0.84,2498.668426513672,21.11144549129401,100.0,1,-1.05,2469.0101928710938,22.047822305647475,100.0,1,-1.21,2462.010803222656,22.268808702221456,100.0,1,-2.14,2531.5274963378906,20.07401111487693,100.0,1,-2.25,2536.596923828125,19.913957943096435,100.0,1,-3.0,2498.273895263672,21.12390172585909,100.0,1,-3.07,2548.9322509765625,19.52450405725613,100.0,1,10
ZINC0000001722050,-1.1,2414.6918334960938,23.762774481337733,100.0,1,-1.12,2403.2808837890625,24.123043702498563,100.0,1,-1.16,2397.5278930664062,24.30467849541328,100.0,1,-1.23,2398.2381591796875,24.28225380456646,100.0,1,-1.31,2387.6119995117188,24.617745447751144,100.0,1,-1.44,2400.3289794921875,24.21624192782429,100.0,1,-1.65,2405.5376586914062,24.051792267931138,100.0,1,-1.7,2371.6107788085938,25.12293979776964,100.0,1,-1.93,2399.59375,24.239454768413857,100.0,1,-3.47,2409.850646972656,23.91562157496908,100.0,1,10
ZINC0000001722060,-0.65,2500.2237548828125,21.062340293691182,100.0,1,-0.66,2509.397521972656,20.7727039348058,100.0,1,-0.67,2501.8146362304688,21.01211260898531,100.0,1,-0.72,2508.4828491210938,20.801582203864008,100.0,1,-0.86,2515.21484375,20.589038066514902,100.0,1,-1.17,2524.5759887695312,20.29348576701769,100.0,1,-1.85,2590.4391479492188,18.214038423012955,100.0,1,-2.39,2578.5123291015625,18.590594787512902,100.0,1,-2.4,2581.843292236328,18.48542882630128,100.0,1,-2.61,2568.0292053222656,18.9215704675628,100.0,1,10
ZINC0000001722090,-0.77,2472.854217529297,21.926457843855086,100.0,1,-1.1,2452.6216430664062,22.56524550228571,100.0,1,-1.16,2454.4987182617188,22.505982037277285,100.0,1,-1.17,2453.8944091796875,22.52506142750452,100.0,1,-1.27,2456.626953125,22.43878889942924,100.0,1,-1.28,2465.1724853515625,22.168987321233573,100.0,1,-1.52,2492.334716796875,21.311414882564147,100.0,1,-1.56,2527.203826904297,20.21051903572404,100.0,1,-1.63,2499.3948669433594,21.088510141078416,100.0,1,-1.67,2524.5455932617188,20.29444542122769,100.0,1,10
ZINC0000001722230,-0.94,2395.2673950195312,24.376047477986344,100.0,1,-1.09,2386.7691040039062,24.6443575454219,100.0,1,-1.16,2381.0463256835938,24.825038465176075,100.0,1,-1.27,2394.325439453125,24.405787123413766,100.0,1,-1.28,2420.6862182617188,23.57351833822115,100.0,1,-1.46,2398.361083984375,24.278372793363783,100.0,1,-1.49,2434.6049194335938,23.13407379070273,100.0,1,-1.56,2408.8074951171875,23.94855621373018,100.0,1,-3.44,2473.8855590820312,21.89389608278401,100.0,1,-3.62,2480.6550903320312,21.68016683029606,100.0,1,10
ZINC0000001726320,-1.1,2476.963806152344,21.7967089333324,100.0,1,-1.39,2474.710968017578,21.86783607533648,100.0,1,-1.44,2473.166076660156,21.916611753120204,100.0,1,-1.45,2471.304962158203,21.97537130331756,100.0,1,-1.53,2484.707061767578,21.55223702333609,100.0,1,-1.55,2474.869903564453,21.862818124407102,100.0,1,-1.61,2493.4230346679688,21.27705425160345,100.0,1,-1.63,2475.4476013183594,21.844578913367737,100.0,1,-1.77,2481.6280822753906,21.64944729698554,100.0,1,-1.83,2476.025360107422,21.82633777531188,100.0,1,10
ZINC0000001728470,-0.54,2548.009094238281,19.55365018160589,100.0,1,-0.61,2544.4292602539062,19.66667355253891,100.0,1,-0.62,2548.213165283203,19.547207201985167,100.0,1,-0.63,2545.3921813964844,19.636271976948567,100.0,1,-0.72,2543.0392150878906,19.71056038949782,100.0,1,-0.74,2543.007568359375,19.71155954754578,100.0,1,-1.22,2551.5416870117188,19.44211832143298,100.0,1,-1.55,2566.3517456054688,18.97453162515398,100.0,1,-1.57,2559.230499267578,19.199365310142127,100.0,1,-1.9,2585.5867614746094,18.367239124169465,100.0,1,10
ZINC0000001728970,-2.6,2505.0865173339844,20.90881199973207,100.0,1,-3.03,2539.008056640625,19.837833083836085,100.0,1,-3.15,2540.281616210937,19.79762395784057,100.0,1,-3.59,2546.3511962890625,19.605993730413324,100.0,1,-3.64,2526.992156982422,20.217201928897254,100.0,1,-3.72,2531.203582763672,20.084237791367784,100.0,1,-4.03,2583.6158752441406,18.42946441351677,100.0,1,-4.97,2559.281188964844,19.19776492295056,100.0,1,-5.23,2560.609161376953,19.15583786175784,100.0,1,-5.31,2569.493560791016,18.875337488032265,100.0,1,10
ZINC0000001731640,-1.57,2479.726501464844,21.709484459113064,100.0,1,-1.6,2475.47314453125,21.84377245696837,100.0,1,-1.69,2483.2951049804688,21.59681565921345,100.0,1,-1.69,2484.6193237304688,21.555007109534625,100.0,1,-1.81,2485.533508300781,21.526144256608298,100.0,1,-1.97,2480.826904296875,21.67474227888816,100.0,1,-2.04,2473.754943847656,21.89801989806391,100.0,1,-3.26,2497.2734375,21.155488416588284,100.0,1,-3.95,2558.1871948242188,19.232304766444447,100.0,1,-4.01,2555.7750854492188,19.30846045796857,100.0,1,10
ZINC0000001736730,-1.68,2460.3795166015625,22.320312071841027,100.0,1,-1.78,2458.3543701171875,22.38425047884433,100.0,1,-2.02,2459.6834716796875,22.34228776784662,100.0,1,-2.03,2428.63134765625,23.322672821197614,100.0,1,-2.03,2465.3706665039062,22.162730298703742,100.0,1,-2.12,2456.6124267578125,22.43924752935289,100.0,1,-2.14,2455.6085205078125,22.47094309651354,100.0,1,-2.18,2468.479248046875,22.06458542205862,100.0,1,-2.31,2457.3292236328125,22.41661664774208,100.0,1,-2.39,2453.007873535156,22.55305134196272,100.0,1,10
ZINC0000001736850,-1.24,2442.234680175781,22.893185167862026,100.0,1,-1.25,2433.902404785156,23.15625375045584,100.0,1,-1.54,2436.50244140625,23.07416477517152,100.0,1,-1.84,2478.900604248047,21.73555988269249,100.0,1,-2.0,2429.090087890625,23.30818936528933,100.0,1,-2.31,2453.122039794922,22.54944685762577,100.0,1,-2.31,2440.8236694335938,22.93773393498385,100.0,1,-2.45,2445.0418701171875,22.804555898624443,100.0,1,-2.51,2484.5599975585938,21.55688016955895,100.0,1,-3.82,2494.255615234375,21.25076781971882,100.0,1,10
ZINC0000001739060,-3.3,2461.6357421875,22.280650218527523,100.0,1,-3.37,2468.925048828125,22.050510493645355,100.0,1,-3.47,2444.5565185546875,22.81987953372059,100.0,1,-3.53,2454.5089721679688,22.50565829850765,100.0,1,-3.53,2447.0269165039062,22.7418835414524,100.0,1,-3.55,2454.8719482421875,22.4941983314658,100.0,1,-3.78,2453.6798095703125,22.531836817469067,100.0,1,-3.83,2469.5199584960938,22.031727863956952,100.0,1,-3.96,2463.6206665039062,22.21798171538845,100.0,1,-4.14,2475.9109497070312,21.829949967714764,100.0,1,10
ZINC0000001740190,-1.25,2457.654663085937,22.40634179583908,100.0,1,-1.31,2455.275390625,22.48146075249377,100.0,1,-2.43,2449.33203125,22.669105909828115,100.0,1,-2.59,2447.276611328125,22.73400011700844,100.0,1,-2.75,2448.9334106445312,22.68169125449776,100.0,1,-2.88,2447.3423461914062,22.73192472025309,100.0,1,-2.89,2464.9887084960938,22.17478956787272,100.0,1,-3.12,2458.712219238281,22.372952381187293,100.0,1,-3.36,2464.407531738281,22.193138618851787,100.0,1,-3.76,2462.4254760742188,22.25571655221602,100.0,1,10
ZINC0000001743100,-1.17,2420.8785400390625,23.56744630927397,100.0,1,-1.19,2420.2559814453125,23.5871018774305,100.0,1,-1.33,2420.0388793945312,23.593956275070965,100.0,1,-1.46,2431.5531616210938,23.23042461499945,100.0,1,-1.53,2425.6433715820312,23.41700991326653,100.0,1,-1.55,2426.2060546875,23.3992447482827,100.0,1,-1.6,2431.0262451171875,23.24706054832252,100.0,1,-1.85,2443.0670776367188,22.86690451702685,100.0,1,-1.96,2428.1138916015625,23.339010066965365,100.0,1,-1.99,2440.6058959960938,22.944609529805664,100.0,1,10
ZINC0000001744430,-0.41,2355.8777465820312,25.61966683734894,100.0,1,-0.48,2390.7276611328125,24.519377037193653,100.0,1,-0.65,2360.890563964844,25.46140097335915,100.0,1,-0.66,2370.1258544921875,25.16982218185594,100.0,1,-0.71,2390.0780029296875,24.53988820066994,100.0,1,-0.79,2358.474365234375,25.537685774987835,100.0,1,-0.93,2384.5455322265625,24.714560683020974,100.0,1,-1.22,2408.965087890625,23.943580657163498,100.0,1,-1.6,2399.832763671875,24.231908571854937,100.0,1,-1.93,2392.4910278320312,24.463703603898523,100.0,1,10
ZINC0000001747940,-1.72,2533.6163330078125,20.00806186617056,100.0,1,-1.91,2535.9590759277344,19.93409622888269,100.0,1,-1.94,2539.777587890625,19.813537259981427,100.0,1,-1.97,2534.108642578125,19.99251855119501,100.0,1,-1.99,2533.536102294922,20.01059492934132,100.0,1,-2.02,2530.034454345703,20.12114979215585,100.0,1,-2.03,2530.079376220703,20.11973150802221,100.0,1,-2.04,2535.535125732422,19.947481285393994,100.0,1,-2.05,2533.5376892089844,20.01054482691268,100.0,1,-2.06,2534.2479248046875,19.988121099574105,100.0,1,10
ZINC0000001750720,-0.07,2496.9256591796875,21.16646855652513,100.0,1,-0.28,2489.9402465820312,21.38701366632384,100.0,1,-0.32,2497.482788085937,21.14887875004153,100.0,1,-0.33,2495.273956298828,21.21861651315925,100.0,1,-0.37,2492.1300659179688,21.317876168841483,100.0,1,-0.56,2493.48876953125,21.2749788548481,100.0,1,-0.74,2505.427734375,20.89803901406745,100.0,1,-1.65,2513.7111206054688,20.63651397167887,100.0,1,-2.18,2554.818603515625,19.33865873331965,100.0,1,-4.77,3167.3358459472656,0.0001185115138849,0.0,1,10
ZINC0000001750860,-1.08,2505.362030029297,20.90011344731456,100.0,1,-1.1,2505.2315673828125,20.90423244505325,100.0,1,-1.14,2507.8609924316406,20.82121561133095,100.0,1,-1.16,2506.268798828125,20.871484726891275,100.0,1,-1.17,2504.227264404297,20.93594053782105,100.0,1,-1.24,2513.270721435547,20.65041835913313,100.0,1,-1.77,2502.907745361328,20.97760070723047,100.0,1,-1.91,2516.664093017578,20.54328202356464,100.0,1,-2.03,2493.0780334472656,21.2879467122902,100.0,1,-2.37,2485.103485107422,21.53972105125995,100.0,1,10
ZINC0000001753820,-0.56,2524.6578979492188,20.29089971089357,100.0,1,-0.56,2519.359771728516,20.458173413446858,100.0,1,-0.59,2521.2291870117188,20.39915178900742,100.0,1,-0.62,2528.014587402344,20.184921512233124,100.0,1,-0.64,2528.1558837890625,20.180460469068187,100.0,1,-0.66,2529.2218322753906,20.146806089649587,100.0,1,-0.72,2540.1549072265625,19.80162444406538,100.0,1,-0.82,2537.916015625,19.872311262802423,100.0,1,-0.86,2537.9244384765625,19.872045334527364,100.0,1,-1.09,2537.260009765625,19.893022835993246,100.0,1,10
ZINC0000001756320,-0.63,2430.4474487304688,23.26533444565864,100.0,1,-0.66,2447.8576049804688,22.71565684707884,100.0,1,-0.86,2448.7989807128906,22.685935508308024,100.0,1,-0.89,2444.5060424804688,22.82147317635446,100.0,1,-0.92,2482.75048828125,21.61401042731745,100.0,1,-0.99,2458.33740234375,22.384786189427416,100.0,1,-1.05,2453.323608398437,22.543082885680978,100.0,1,-1.15,2485.8624572753906,21.51575860125736,100.0,1,-1.94,2484.9337158203125,21.54508104761557,100.0,1,-2.34,2498.1402587890625,21.128120928455044,100.0,1,10
ZINC0000001761730,-0.65,2509.943328857422,20.75547158988033,100.0,1,-0.67,2506.838195800781,20.853507590094,100.0,1,-0.69,2514.5235595703125,20.6108634552346,100.0,1,-0.75,2498.3296508789062,21.122141396299188,100.0,1,-0.76,2510.510040283203,20.737579241808422,100.0,1,-0.83,2523.184967041016,20.337403436240383,100.0,1,-0.97,2519.920959472656,20.44045546036693,100.0,1,-1.08,2483.1847534179688,21.600299705020024,100.0,1,-1.22,2484.0164184570312,21.574042178382683,100.0,1,-1.26,2505.1075439453125,20.908148142552665,100.0,1,10
ZINC0000001763670,-0.4,2375.330139160156,25.00551126714977,100.0,1,-0.54,2387.3209838867188,24.62693346235608,100.0,1,-0.63,2390.306579589844,24.532671523930112,100.0,1,-0.66,2390.562805175781,24.52458190872216,100.0,1,-0.68,2371.3980712890625,25.12965545022312,100.0,1,-0.72,2400.9156494140625,24.19771944536149,100.0,1,-1.31,2408.9002685546875,23.94562714867156,100.0,1,-1.4,2403.6748046875,24.11060673809834,100.0,1,-1.49,2417.6427612304688,23.66960708827577,100.0,1,-1.71,2430.1550903320312,23.274564854626263,100.0,1,10
ZINC0000001783230,-1.34,2443.31640625,22.85903265468181,100.0,1,-1.57,2439.200927734375,22.98896752229539,100.0,1,-1.69,2435.4752197265625,23.106596462629795,100.0,1,-2.11,2438.369201660156,23.01522697594921,100.0,1,-2.48,2441.0288696289062,22.93125530555814,100.0,1,-2.75,2457.493896484375,22.41141755726303,100.0,1,-3.12,2431.7440185546875,23.22439883444793,100.0,1,-3.21,2451.787414550781,22.59158396361546,100.0,1,-3.26,2469.349609375,22.037106166969195,100.0,1,-3.87,2461.3229370117188,22.29052617801793,100.0,1,10
ZINC0000001786560,-1.33,2442.767333984375,22.87636809498927,100.0,1,-1.33,2426.896850585937,23.377434775694898,100.0,1,-1.5,2454.6988830566406,22.499662386711663,100.0,1,-1.79,2455.983642578125,22.45909965319099,100.0,1,-1.98,2492.8427734375,21.29537439733523,100.0,1,-2.08,2453.6502075195312,22.532771420464744,100.0,1,-2.23,2494.344665527344,21.247956302665845,100.0,1,-2.24,2439.4633178710938,22.98068327842236,100.0,1,-2.71,2449.163452148437,22.674428329362268,100.0,1,-3.1,2453.3466796875,22.542354473449297,100.0,1,10
ZINC0000001791510,-1.98,2502.0970153808594,21.00319726721313,100.0,1,-1.98,2496.5362548828125,21.178762921705395,100.0,1,-2.02,2501.2115173339844,21.03115442239107,100.0,1,-2.16,2498.3307189941406,21.122107673510683,100.0,1,-2.22,2506.4157104492188,20.86684639820963,100.0,1,-2.28,2506.4656372070312,20.86527009872413,100.0,1,-2.33,2512.608123779297,20.67133805010443,100.0,1,-2.67,2526.411407470703,20.23553749076092,100.0,1,-3.0,2534.0151977539062,19.99546881343497,100.0,1,-3.25,2530.4684143066406,20.10744870494086,100.0,1,10
ZINC0000001794820,-1.86,2441.1400756835938,22.927744281520766,100.0,1,-1.95,2438.6231689453125,23.00720866035124,100.0,1,-2.29,2445.021423339844,22.80520144914723,100.0,1,-2.41,2474.2736206054688,21.88164411196644,100.0,1,-2.54,2457.7921752929688,22.402000227696263,100.0,1,-2.72,2464.906494140625,22.17738525907928,100.0,1,-2.78,2479.545837402344,21.715188427911432,100.0,1,-2.9,2481.768310546875,21.645019976609102,100.0,1,-4.14,2541.958251953125,19.74468881497196,100.0,1,-4.66,2516.590209960937,20.54561467702086,100.0,1,10
ZINC0000001801140,-0.4,2465.9725341796875,22.143727989135943,100.0,1,-0.46,2484.4197998046875,21.561306526427146,100.0,1,-0.5,2474.9224548339844,21.86115896321272,100.0,1,-0.5,2452.4234008789062,22.571504451832027,100.0,1,-0.59,2462.707763671875,22.24680410096857,100.0,1,-0.62,2473.64794921875,21.901397957963752,100.0,1,-0.76,2456.8037109375,22.433208259685973,100.0,1,-1.13,2468.6676330566406,22.058637685674785,100.0,1,-1.24,2470.457794189453,22.002118292142328,100.0,1,-1.32,2448.5283203125,22.694480862914897,100.0,1,10
ZINC0000001804970,-1.62,2450.9423828125,22.618263506863222,100.0,1,-2.06,2464.669647216797,22.18486304655294,100.0,1,-2.09,2450.3959350585938,22.635516085461795,100.0,1,-2.41,2456.06005859375,22.4566870285506,100.0,1,-2.71,2447.0529174804688,22.74106263242939,100.0,1,-2.82,2448.1890869140625,22.70519122054372,100.0,1,-3.16,2559.1114807128906,19.203122992289696,100.0,1,-3.2,2480.0807495117188,21.698300055428703,100.0,1,-3.33,2483.423095703125,21.59277470564245,100.0,1,-3.47,2481.8177185058594,21.64346005676374,100.0,1,10
ZINC0000001806320,-2.31,2509.7569580078125,20.761355734720127,100.0,1,-2.34,2503.073974609375,20.972352477831024,100.0,1,-2.37,2520.0142517089844,20.437510015668188,100.0,1,-2.4,2498.977478027344,21.10168804331748,100.0,1,-2.53,2513.7535705566406,20.635173731712904,100.0,1,-2.74,2499.1949157714844,21.09482304708634,100.0,1,-2.77,2514.8760681152344,20.599733971520084,100.0,1,-2.87,2517.752655029297,20.508913684538,100.0,1,-3.24,2520.421356201172,20.424656815707003,100.0,1,-3.34,2521.3015747070312,20.396866347455106,100.0,1,10
ZINC0000001807610,-1.27,2427.23095703125,23.36688628745089,100.0,1,-1.42,2420.828063964844,23.56903995190784,100.0,1,-1.55,2419.6349487304688,23.60670927017488,100.0,1,-2.62,2401.5118408203125,24.178896348326884,100.0,1,-2.78,2411.4880981445312,23.863923576684424,100.0,1,-2.8,2411.2924194335938,23.870101591538333,100.0,1,-2.9,2409.0517578125,23.940844293753468,100.0,1,-2.94,2412.679626464844,23.826304360846017,100.0,1,-3.0,2408.4959716796875,23.958391705874384,100.0,1,-3.74,2447.607177734375,22.72356339572062,100.0,1,10
ZINC0000001813770,-0.91,2472.7555236816406,21.929573829512844,100.0,1,-1.78,2481.4325256347656,21.655621457806472,100.0,1,-1.82,2496.775665283203,21.17120419953932,100.0,1,-1.82,2493.0167846679688,21.28988047333383,100.0,1,-1.83,2496.641143798828,21.17545134387432,100.0,1,-1.95,2491.6531372070312,21.332933875662576,100.0,1,-1.99,2487.2648315429688,21.47148250696828,100.0,1,-2.08,2496.8099975585938,21.17012025276598,100.0,1,-2.15,2488.17333984375,21.44279886657516,100.0,1,-2.66,2477.989959716797,21.764310968662627,100.0,1,10
ZINC0000001817000,-2.63,2444.3748779296875,22.82561433478273,100.0,1,-3.07,2453.3502807617188,22.54224077947663,100.0,1,-3.11,2443.150329589844,22.86427606654004,100.0,1,-3.38,2485.7598876953125,21.51899695246197,100.0,1,-3.65,2402.4790649414062,24.14835891807428,100.0,1,-4.1,2415.49755859375,23.73733593670692,100.0,1,-4.19,2423.5728149414062,23.48238202053537,100.0,1,-4.23,2483.474975585937,21.59113674162941,100.0,1,-4.29,2455.9484252929688,22.460211541703373,100.0,1,-4.4,2462.435852050781,22.25538895941341,100.0,1,10
ZINC0000001819940,-0.63,2426.1622924804688,23.40062641910312,100.0,1,-0.64,2402.8126831054688,24.13782584596216,100.0,1,-0.74,2427.156188964844,23.36924688264616,100.0,1,-1.43,2414.044921875,23.78319892907215,100.0,1,-2.78,2430.4071044921875,23.26660820355584,100.0,1,-3.69,2496.311767578125,21.185850488340662,100.0,1,-4.24,2501.5362548828125,21.020901731177656,100.0,1,-4.26,2486.9761962890625,21.48059536793027,100.0,1,-4.27,2494.3416748046875,21.24805072647365,100.0,1,-4.42,2497.932006835937,21.13469590870505,100.0,1,10
ZINC0000001821920,-1.11,2394.350646972656,24.40499126560508,100.0,1,-1.15,2412.3887939453125,23.83548659440149,100.0,1,-1.23,2385.1686401367188,24.694887771716072,100.0,1,-1.41,2397.0660400390625,24.319260229162342,100.0,1,-1.44,2445.1920776367188,22.79981351105256,100.0,1,-1.48,2417.4664916992188,23.67517231188716,100.0,1,-1.5,2430.8211059570312,23.253537250731743,100.0,1,-1.5,2394.3781127929688,24.404124108186405,100.0,1,-1.53,2407.0814819335938,24.003050312935915,100.0,1,-1.83,2402.8806762695312,24.135679149596832,100.0,1,10
ZINC0000001823250,-1.47,2482.2908630371094,21.62852182496477,100.0,1,-1.85,2489.8488159179688,21.389900337019768,100.0,1,-2.02,2497.5780334472656,21.145871640815223,100.0,1,-2.18,2496.701690673828,21.17353974352028,100.0,1,-2.3,2495.604217529297,21.20818942695385,100.0,1,-2.37,2560.227325439453,19.16789327689385,100.0,1,-2.43,2510.482635498047,20.73844447221061,100.0,1,-2.55,2514.354248046875,20.616208998966577,100.0,1,-2.76,2526.9528198242188,20.21844389102244,100.0,1,-3.5,2509.5835876464844,20.766829425048424,100.0,1,10
ZINC0000001823320,-3.03,2441.9660034179688,22.901667894433103,100.0,1,-3.1,2457.473999023437,22.412045764637444,100.0,1,-3.34,2467.1959228515625,22.10510287069188,100.0,1,-3.35,2471.376281738281,21.973119584553743,100.0,1,-3.5,2462.409423828125,22.25622335755181,100.0,1,-3.56,2462.1323852539062,22.264970085381474,100.0,1,-3.67,2465.7501220703125,22.15075003721069,100.0,1,-3.67,2458.2481689453125,22.38760348752985,100.0,1,-3.75,2470.8265991210938,21.99047429502607,100.0,1,-3.75,2465.1095581054688,22.17097407523057,100.0,1,10
ZINC0000001828690,-0.96,2397.1492309570312,24.316633705692013,100.0,1,-1.74,2411.792297363281,23.85431932651853,100.0,1,-1.77,2412.7286376953125,23.82475696660781,100.0,1,-1.77,2408.272521972656,23.96544651322939,100.0,1,-1.96,2410.95751953125,23.880675130996654,100.0,1,-2.67,2439.2355346679688,22.987874903947866,100.0,1,-2.82,2430.3197631835938,23.26936576414721,100.0,1,-2.92,2426.5115356445312,23.3896000307706,100.0,1,-3.19,2440.6764526367188,22.942381898747925,100.0,1,-3.23,2437.7828369140625,23.033739823329583,100.0,1,10
ZINC0000001830260,-0.75,2417.348022460937,23.67891265088636,100.0,1,-0.81,2426.9509887695312,23.37572551207187,100.0,1,-0.94,2408.5747680664062,23.955903927591045,100.0,1,-1.08,2406.5015258789062,24.021360823585265,100.0,1,-1.22,2412.9109497070312,23.819000968364325,100.0,1,-1.24,2438.3385620117188,23.016194338225155,100.0,1,-1.3,2448.121337890625,22.70733020884311,100.0,1,-1.38,2440.1401977539062,22.959312665593345,100.0,1,-1.52,2441.294677734375,22.92286314876189,100.0,1,-1.69,2437.871032714844,23.030955284507414,100.0,1,10
ZINC0000001830690,-0.68,2409.6414184570312,23.922227387482856,100.0,1,-0.73,2405.9373168945312,24.03917416398124,100.0,1,-0.75,2410.943298339844,23.88112412583788,100.0,1,-0.78,2409.8355712890625,23.916097548041098,100.0,1,-0.9,2388.3074340820312,24.59578902191041,100.0,1,-1.1,2393.311462402344,24.4378006482946,100.0,1,-1.15,2399.91748046875,24.22923387297246,100.0,1,-1.27,2379.1279296875,24.88560652034548,100.0,1,-1.31,2394.75537109375,24.392213219286845,100.0,1,-1.41,2397.6533203125,24.300718476534684,100.0,1,10
ZINC0000001830760,-0.56,2410.197998046875,23.90465492414762,100.0,1,-0.57,2410.445251464844,23.896848580363105,100.0,1,-0.58,2410.4127807617188,23.897873753133617,100.0,1,-0.63,2409.913391113281,23.91364060202153,100.0,1,-0.68,2435.8250732421875,23.09555080413242,100.0,1,-0.69,2408.8330078125,23.947750720839057,100.0,1,-1.03,2423.3444213867188,23.48959291622573,100.0,1,-1.05,2433.370178222656,23.173057334213183,100.0,1,-1.45,2430.2944946289062,23.270163548972388,100.0,1,-1.75,2435.570617675781,23.10358453586228,100.0,1,10
ZINC0000001831040,-0.86,2424.202392578125,23.46250484548296,100.0,1,-0.97,2412.3117065429688,23.83792041622323,100.0,1,-1.03,2413.1823120117188,23.810433453067866,100.0,1,-1.05,2418.4899291992188,23.642860099451006,100.0,1,-1.13,2394.6740112304688,24.3947819322626,100.0,1,-1.25,2403.9166259765625,24.10297189878107,100.0,1,-1.27,2407.6539916992188,23.98497489829785,100.0,1,-1.45,2435.372375488281,23.1098434854086,100.0,1,-1.45,2418.6873779296875,23.63662620111901,100.0,1,-1.58,2428.942687988281,23.31284311010286,100.0,1,10
ZINC0000001834880,-0.54,2473.39990234375,21.90922935296259,100.0,1,-0.72,2447.448760986328,22.728564967009863,100.0,1,-0.78,2450.9745178222656,22.617248932683378,100.0,1,-0.87,2452.848022460937,22.55809819813938,100.0,1,-0.87,2461.3939819335938,22.288283130828308,100.0,1,-0.96,2444.812744140625,22.81178991851264,100.0,1,-0.99,2445.243469238281,22.7981909631714,100.0,1,-1.05,2447.9087524414062,22.71404200726361,100.0,1,-1.21,2454.1783142089844,22.5160979103202,100.0,1,-1.86,2461.0244140625,22.299951215650644,100.0,1,10
ZINC0000001836120,-0.93,2403.94921875,24.10194287197758,100.0,1,-1.73,2398.918701171875,24.26076757074829,100.0,1,-1.82,2393.7113647460938,24.42517483627875,100.0,1,-1.82,2415.659484863281,23.73222356196973,100.0,1,-1.83,2422.401123046875,23.51937495601585,100.0,1,-1.88,2397.445373535156,24.30728382170226,100.0,1,-1.95,2413.9747314453125,23.785414998030973,100.0,1,-2.49,2372.7158203125,25.0880511642918,100.0,1,-3.01,2420.873413085937,23.567608178658787,100.0,1,-3.78,2493.987365722656,21.259237057174506,100.0,1,10
ZINC0000001849790,-2.48,2470.471923828125,22.00167218782584,100.0,1,-2.57,2488.497009277344,21.43257989815024,100.0,1,-2.67,2471.83935546875,21.95849931047496,100.0,1,-2.7,2468.3277893066406,22.069367313468465,100.0,1,-2.72,2458.810943603516,22.369835432021297,100.0,1,-2.74,2501.922607421875,21.00870371682169,100.0,1,-2.9,2484.990203857422,21.543297593857844,100.0,1,-3.03,2483.413055419922,21.593091699854387,100.0,1,-3.04,2487.996490478516,21.448382396843147,100.0,1,-3.11,2488.7577209472656,21.424348647230573,100.0,1,10
ZINC0000001858370,-1.56,2457.589599609375,22.408395995413084,100.0,1,-1.84,2443.7586059570312,22.84507142024121,100.0,1,-1.96,2433.624389648437,23.165031310549267,100.0,1,-2.35,2491.403686523437,21.34080959204059,100.0,1,-2.41,2455.312561035156,22.48028719945384,100.0,1,-3.17,2446.6290283203125,22.75444576192421,100.0,1,-3.34,2459.3111572265625,22.35404256841082,100.0,1,-3.8,2473.120422363281,21.918053161451684,100.0,1,-3.86,2463.8541870117188,22.21060895031327,100.0,1,-4.07,2456.5054931640625,22.44262366223625,100.0,1,10
ZINC0000001866490,-3.54,2422.9144897460938,23.503166820352657,100.0,1,-4.1,2409.941711425781,23.91274646637206,100.0,1,-4.16,2416.059936523437,23.719580406805512,100.0,1,-4.19,2454.9497680664062,22.491741385446232,100.0,1,-4.21,2440.110595703125,22.960247268589026,100.0,1,-4.5,2440.592529296875,22.94503154641608,100.0,1,-4.68,2464.127014160156,22.20199518662114,100.0,1,-4.75,2444.9826049804688,22.806427031632285,100.0,1,-5.46,2457.0717163085938,22.42474673029624,100.0,1,-5.96,2483.4048461914062,21.593350883571745,100.0,1,10
ZINC0000001867000,-2.31,2456.46630859375,22.443860806820226,100.0,1,-2.49,2422.834350585937,23.505696992998686,100.0,1,-2.61,2434.1969604492188,23.14695396889472,100.0,1,-2.73,2449.6212158203125,22.65997570571776,100.0,1,-3.11,2495.833984375,21.20093517339256,100.0,1,-3.17,2498.9586791992188,21.10228156439515,100.0,1,-3.35,2491.5369262695312,21.336602915051795,100.0,1,-3.41,2500.680450439453,21.047921392835185,100.0,1,-3.47,2496.582275390625,21.177309951275003,100.0,1,-3.56,2485.900360107422,21.51456192401959,100.0,1,10
ZINC0000001867250,-0.72,2426.3721923828125,23.393999409407986,100.0,1,-0.75,2424.197265625,23.462666714867773,100.0,1,-0.9,2438.973571777344,22.99614565870549,100.0,1,-1.01,2433.1728515625,23.17928737851221,100.0,1,-1.26,2440.197021484375,22.95751861324494,100.0,1,-1.63,2423.468688964844,23.48566951066037,100.0,1,-1.75,2459.72314453125,22.34103520713076,100.0,1,-1.83,2449.2691040039062,22.67109266382512,100.0,1,-2.11,2433.5317993164062,23.16795459455843,100.0,1,-3.04,2522.6500854492188,20.354290845214862,100.0,1,10
ZINC0000001869040,-1.37,2476.315490722656,21.817177702445992,100.0,1,-1.51,2494.5341796875,21.241972916477017,100.0,1,-1.59,2476.4132690429688,21.81409062203553,100.0,1,-1.82,2453.181396484375,22.54757283409321,100.0,1,-1.91,2489.153564453125,21.41185098181105,100.0,1,-1.92,2462.869140625,22.241709069379763,100.0,1,-2.11,2449.666961669922,22.658531406861552,100.0,1,-2.45,2481.065734863281,21.667201863378693,100.0,1,-2.53,2482.72900390625,21.61468873712049,100.0,1,-3.9,2477.0831909179688,21.792939689085912,100.0,1,10
ZINC0000001880830,-0.89,2491.540313720703,21.336495965636825,100.0,1,-0.92,2496.1744384765625,21.190186275434016,100.0,1,-0.94,2500.241973876953,21.06176507927014,100.0,1,-1.0,2492.8270568847656,21.29587060408036,100.0,1,-1.03,2496.901763916016,21.16722298347938,100.0,1,-1.06,2495.125,21.22331939689317,100.0,1,-1.07,2495.2407836914062,21.219663846619355,100.0,1,-1.1,2494.959747314453,21.22853679402884,100.0,1,-1.11,2488.526153564453,21.43165974777821,100.0,1,-1.28,2498.9791564941406,21.10163505036412,100.0,1,10
ZINC0000001881380,-0.79,2393.3207397460938,24.43750774178873,100.0,1,-1.11,2454.5650024414062,22.50388929737356,100.0,1,-1.3,2467.3101196289062,22.10149742284669,100.0,1,-1.33,2450.359436035156,22.63666844132038,100.0,1,-1.34,2458.7564086914062,22.371557221251475,100.0,1,-1.36,2445.017578125,22.80532285118585,100.0,1,-3.64,2481.8571166992188,21.64221616762207,100.0,1,-3.69,2475.5255126953125,21.84211907682344,100.0,1,-3.78,2518.4981689453125,20.48537614167056,100.0,1,-3.95,2479.4180908203125,21.71922167341649,100.0,1,10
ZINC0000001881610,-1.4,2440.863525390625,22.93647559321853,100.0,1,-1.69,2441.673889160156,22.910890595334784,100.0,1,-1.71,2443.993469238281,22.83765626080333,100.0,1,-1.89,2456.1176147460938,22.454869852004364,100.0,1,-1.97,2451.4039306640625,22.60369140819659,100.0,1,-2.46,2474.6494140625,21.869779471462543,100.0,1,-2.92,2470.7221069335938,21.99377334724999,100.0,1,-2.95,2500.796203613281,21.044266806069608,100.0,1,-2.96,2476.1845703125,21.821311152808324,100.0,1,-4.07,2519.8153076171875,20.44379112590409,100.0,1,10
ZINC0000001887460,-1.61,2415.032470703125,23.75201980232973,100.0,1,-1.66,2398.831298828125,24.26352705835615,100.0,1,-2.2,2471.704345703125,21.962761870941847,100.0,1,-2.26,2470.77978515625,21.991952316670783,100.0,1,-2.36,2399.175170898437,24.252670247474395,100.0,1,-2.39,2440.0421142578125,22.96240938108624,100.0,1,-2.7,2494.69091796875,21.237024338141136,100.0,1,-2.93,2478.286071777344,21.75496204818112,100.0,1,-3.86,2497.5447387695312,21.146922828308305,100.0,1,-3.89,2471.0158081054688,21.98450054391968,100.0,1,10
ZINC0000001890120,-1.04,2393.54931640625,24.43029106504891,100.0,1,-1.1,2376.7203979492188,24.96161768563316,100.0,1,-1.21,2381.1317138671875,24.82234256911225,100.0,1,-1.32,2382.2184448242188,24.788032040580195,100.0,1,-1.61,2397.5382080078125,24.30435282962716,100.0,1,-1.94,2361.7056884765625,25.4356656681895,100.0,1,-2.28,2376.883544921875,24.95646677056626,100.0,1,-2.29,2377.550048828125,24.93542375053985,100.0,1,-2.51,2366.166320800781,25.29483352234796,100.0,1,-3.01,2395.7420043945312,24.36106299779172,100.0,1,10
ZINC0000001891180,-1.8,2397.6351928710938,24.301290800431005,100.0,1,-2.22,2404.7445678710938,24.07683192014937,100.0,1,-2.44,2418.2877197265625,23.64924430506891,100.0,1,-2.74,2401.842163085937,24.168467335105007,100.0,1,-2.76,2394.6784057617188,24.39464318707561,100.0,1,-2.8,2431.18798828125,23.241953954634795,100.0,1,-2.84,2441.834899902344,22.90580712584489,100.0,1,-3.17,2445.3712158203125,22.79415771766634,100.0,1,-3.27,2396.6820678710938,24.33138308987536,100.0,1,-3.32,2401.6246337890625,24.17533522186088,100.0,1,10
ZINC0000001894900,-1.11,2479.3584899902344,21.721103405015008,100.0,1,-1.16,2502.862365722656,20.97903344398776,100.0,1,-2.39,2532.693878173828,20.03718582983072,100.0,1,-2.48,2525.702209472656,20.25792845881924,100.0,1,-2.5,2529.097381591797,20.15073527626441,100.0,1,-2.52,2528.6934814453125,20.16348730786008,100.0,1,-2.67,2522.7886962890625,20.34991459077532,100.0,1,-2.88,2550.594268798828,19.472030434835894,100.0,1,-2.89,2526.147918701172,20.243856420930697,100.0,1,-3.0,2533.610107421875,20.00825842185212,100.0,1,10
ZINC0000001899970,-1.72,2412.69384765625,23.82585536600479,100.0,1,-1.86,2411.1373901367188,23.874996213412604,100.0,1,-1.98,2435.570678710937,23.10358260884579,100.0,1,-2.2,2408.3540649414062,23.962872019204184,100.0,1,-2.36,2426.613037109375,23.38639540235449,100.0,1,-3.59,2454.9945678710938,22.490326955345555,100.0,1,-3.59,2440.7583618164062,22.9397958426238,100.0,1,-3.67,2429.7247314453125,23.288152247868585,100.0,1,-3.72,2444.4889526367188,22.82201274097052,100.0,1,-4.27,2462.1703491210938,22.263771481127225,100.0,1,10
ZINC0000001902540,-1.8,2399.5162353515625,24.241902079351,100.0,1,-1.82,2460.7409057617188,22.308902207227806,100.0,1,-1.82,2433.1922607421875,23.178674587269683,100.0,1,-1.99,2380.9757080078125,24.8272680232503,100.0,1,-2.0,2397.7213745117188,24.298569853152863,100.0,1,-2.13,2418.89013671875,23.630224652352737,100.0,1,-2.14,2385.2648315429688,24.69185079373424,100.0,1,-2.15,2402.2391357421875,24.15593401988049,100.0,1,-2.18,2403.0631713867188,24.12991737030389,100.0,1,-2.2,2415.9996337890625,23.721484299093618,100.0,1,10
ZINC0000001904850,-1.75,2470.5354919433594,21.99966520015573,100.0,1,-3.0,2479.9810485839844,21.70144783685848,100.0,1,-3.12,2464.3355712890625,22.195410571288704,100.0,1,-3.15,2480.2155151367188,21.69404520302776,100.0,1,-3.81,2500.700439453125,21.04729029493604,100.0,1,-3.84,2477.25634765625,21.78747274331532,100.0,1,-4.03,2478.9216918945312,21.7348940984966,100.0,1,-4.31,2509.089630126953,20.78242476946909,100.0,1,-4.31,2508.9168701171875,20.787879189632527,100.0,1,-1000.0,362.1991882324219,0.0,0.0,0,9
ZINC0000001908640,-0.67,2411.71142578125,23.856872623362392,100.0,1,-0.79,2427.21484375,23.367395019803176,100.0,1,-0.81,2444.0697631835938,22.83524749019592,100.0,1,-0.88,2432.0170288085938,23.215779289706347,100.0,1,-1.12,2428.0574951171875,23.34079063019837,100.0,1,-1.25,2441.8289184570312,22.90599597346052,100.0,1,-1.64,2447.3839721679688,22.73061049500968,100.0,1,-1.79,2449.7396850585938,22.65623536671856,100.0,1,-2.89,2504.331787109375,20.93264052208889,100.0,1,-3.05,2498.2124633789062,21.12584126795218,100.0,1,10
ZINC0000001909310,-0.84,2471.473693847656,21.970044066242195,100.0,1,-1.04,2446.185607910156,22.76844553669452,100.0,1,-1.08,2446.8062744140625,22.74884970604905,100.0,1,-1.39,2464.308837890625,22.19625460450954,100.0,1,-1.41,2484.6647338867188,21.553573409269088,100.0,1,-1.47,2448.726501464844,22.68822384038507,100.0,1,-1.49,2501.894287109375,21.009597852471163,100.0,1,-1.6,2458.0142822265625,22.39498781470396,100.0,1,-1.72,2462.846740722656,22.2424162844301,100.0,1,-2.06,2495.833251953125,21.20095829759039,100.0,1,10
ZINC0000001910030,-1.92,2463.5552978515625,22.220045550044887,100.0,1,-3.03,2420.4108276367188,23.58221303660568,100.0,1,-3.31,2442.98828125,22.86939229531019,100.0,1,-3.45,2449.1787109375,22.673946575240784,100.0,1,-3.47,2436.8986206054688,23.06165651116132,100.0,1,-3.57,2440.726623535156,22.94079789119649,100.0,1,-3.79,2432.65966796875,23.195489733125942,100.0,1,-3.97,2413.0900268554688,23.81334710199459,100.0,1,-3.99,2450.04345703125,22.646644605668065,100.0,1,-4.45,2428.172119140625,23.33717169323778,100.0,1,10
ZINC0000001910280,-3.51,2475.6349487304688,21.83866393626416,100.0,1,-3.6,2488.831787109375,21.42201021272489,100.0,1,-3.8,2487.405578613281,21.46703880695172,100.0,1,-3.97,2528.253875732422,20.17736664410002,100.0,1,-4.19,2496.2129821777344,21.18896936452315,100.0,1,-4.34,2507.9761352539062,20.817580294730234,100.0,1,-4.46,2516.7252197265625,20.541352116553973,100.0,1,-4.49,2491.6420288085938,21.333284592663016,100.0,1,-5.31,2513.148681640625,20.65427142859676,100.0,1,-5.5,2566.181945800781,18.979892585017847,100.0,1,10
ZINC0000001910360,-2.0,2477.8965759277344,21.767259303886107,100.0,1,-2.01,2438.2603759765625,23.01866284634364,100.0,1,-2.08,2408.4354248046875,23.96030330622844,100.0,1,-2.2,2420.148803710937,23.5904857183798,100.0,1,-2.24,2478.7872924804688,21.739137388798625,100.0,1,-2.45,2455.4418334960938,22.476205778536627,100.0,1,-2.48,2449.4194946289062,22.666344495203774,100.0,1,-2.91,2440.2159423828125,22.9569212381343,100.0,1,-3.03,2444.306396484375,22.827776447279952,100.0,1,-3.52,2434.188232421875,23.147229532252204,100.0,1,10
ZINC0000001917850,-1.23,2441.474609375,22.91718230416136,100.0,1,-1.32,2469.11181640625,22.0446138231984,100.0,1,-1.63,2489.0595703125,21.414818587199385,100.0,1,-1.63,2441.548156738281,22.91486024929581,100.0,1,-1.64,2486.805969238281,21.48596981690953,100.0,1,-1.66,2485.8998413085938,21.51457830365972,100.0,1,-1.68,2487.931945800781,21.450420216777022,100.0,1,-1.75,2495.828125,21.20112016697521,100.0,1,-1.75,2461.5534057617188,22.28324976376705,100.0,1,-1.9,2499.604431152344,21.081893729973963,100.0,1,10
ZINC0000001920960,-2.65,2488.719116210937,21.425567485157927,100.0,1,-2.71,2489.858703613281,21.38958816034905,100.0,1,-2.73,2491.9761352539062,21.32273610441901,100.0,1,-2.76,2503.2147216796875,20.967908777814458,100.0,1,-2.82,2497.4732666015625,21.14917936461333,100.0,1,-2.83,2487.7674560546875,21.455613526206616,100.0,1,-3.08,2513.704833984375,20.63671245437692,100.0,1,-3.09,2515.064971923828,20.59376985549612,100.0,1,-3.13,2514.437896728516,20.61356802287261,100.0,1,-3.14,2501.126220703125,21.03384742793016,100.0,1,10
ZINC0000001921570,-2.51,2430.3416137695312,23.26867589224525,100.0,1,-2.67,2439.796936035156,22.97015020631024,100.0,1,-2.7,2425.9400024414062,23.40764461314489,100.0,1,-2.83,2425.7540893554688,23.413514305361044,100.0,1,-2.91,2428.523376464844,23.32608171336123,100.0,1,-3.06,2432.674865722656,23.195009906020942,100.0,1,-3.28,2439.541320800781,22.97822055135333,100.0,1,-3.71,2457.371459960937,22.415283152333814,100.0,1,-3.85,2482.64794921875,21.61724781501382,100.0,1,-3.9,2443.984741210937,22.837931824160822,100.0,1,10
ZINC0000001934590,-1.51,2472.2921142578125,21.944204702182297,100.0,1,-1.53,2494.668975830078,21.237717100567828,100.0,1,-1.61,2479.5693359375,21.714446526564345,100.0,1,-1.62,2468.7601928710938,22.055715365173864,100.0,1,-1.63,2470.3051147460938,22.00693872388189,100.0,1,-1.64,2466.0133666992188,22.142438815106853,100.0,1,-1.65,2468.120178222656,22.07592206004537,100.0,1,-1.7,2471.970642089844,21.95435429801372,100.0,1,-1.82,2463.5244140625,22.22102062038677,100.0,1,-2.04,2465.19189453125,22.168374529991045,100.0,1,10
ZINC0000001938480,-1.27,2389.2662353515625,24.565517519932868,100.0,1,-1.89,2406.8076171875,24.011696835908303,100.0,1,-2.08,2402.2911987304688,24.15429027481799,100.0,1,-2.24,2420.7658081054688,23.571005508723488,100.0,1,-2.25,2410.7987060546875,23.885689227893057,100.0,1,-2.46,2438.394836425781,23.01441762902512,100.0,1,-2.56,2442.0437622070312,22.899212875430024,100.0,1,-2.94,2444.7257690429688,22.81453591700509,100.0,1,-3.0,2437.6744384765625,23.03716220460861,100.0,1,-3.02,2422.4500732421875,23.517829488794128,100.0,1,10
ZINC0000001953980,-1.64,2448.6678466796875,22.69007570322805,100.0,1,-1.73,2462.201477050781,22.2627887027194,100.0,1,-1.93,2463.4047241210938,22.22479949971569,100.0,1,-1.94,2448.984741210937,22.680070633633083,100.0,1,-1.97,2437.188781738281,23.052495474787182,100.0,1,-2.01,2457.726623535156,22.40406984340216,100.0,1,-2.05,2464.8676147460938,22.178612768580813,100.0,1,-2.08,2456.5047607421875,22.44264678643408,100.0,1,-2.18,2460.2631225585938,22.323986892279702,100.0,1,-3.72,2537.400390625,19.8885906980756,100.0,1,10
ZINC0000001961650,-2.2,2432.669860839844,23.1951679213728,100.0,1,-2.56,2414.2697143554688,23.77610172735445,100.0,1,-2.64,2400.706970214844,24.2043079147269,100.0,1,-2.72,2424.8533325195312,23.44195321466046,100.0,1,-2.75,2416.756103515625,23.697600856766947,100.0,1,-2.8,2405.845031738281,24.04208781290797,100.0,1,-2.8,2405.424865722656,24.055353394397144,100.0,1,-2.82,2412.5376586914062,23.8307866011923,100.0,1,-3.22,2424.7482299804688,23.44527153704924,100.0,1,-6.12,3167.3168334960938,0.0007187771492535,0.0,1,10
ZINC0000001961680,-1.66,2461.142333984375,22.29622821979981,100.0,1,-1.71,2456.064697265625,22.456540575297662,100.0,1,-2.22,2398.8930053710938,24.26157884468887,100.0,1,-2.92,2453.2927856445312,22.544056029006377,100.0,1,-3.14,2403.7628173828125,24.107827980325624,100.0,1,-3.36,2416.8634643554688,23.694211234768183,100.0,1,-3.73,2419.607788085937,23.60756679251112,100.0,1,-3.82,2407.9337158203125,23.976143381742816,100.0,1,-4.34,2425.0465087890625,23.43585420748248,100.0,1,-4.36,2427.720642089844,23.35142583418424,100.0,1,10
ZINC0000001964020,-1.12,2515.8868103027344,20.567822578513013,100.0,1,-1.13,2486.8814392089844,21.48358706102468,100.0,1,-1.18,2498.2879333496094,21.123458512067327,100.0,1,-1.19,2498.182647705078,21.12678261550556,100.0,1,-1.24,2499.4664001464844,21.086251677756906,100.0,1,-1.27,2497.970642089844,21.13347610726945,100.0,1,-1.33,2499.5447998046875,21.08377642508072,100.0,1,-1.34,2498.2478942871094,21.124722634882097,100.0,1,-1.41,2501.570709228516,21.019813930371345,100.0,1,-1.63,2497.0241088867188,21.163360278933325,100.0,1,10
ZINC0000001964040,-1.41,2491.106750488281,21.350184527244657,100.0,1,-1.67,2483.486694335937,21.59076675446411,100.0,1,-1.93,2487.4921875,21.46430437055817,100.0,1,-3.23,2497.4161376953125,21.150983052044168,100.0,1,-3.4,2543.634246826172,19.691773905776447,100.0,1,-3.49,2544.3699951171875,19.66854468554676,100.0,1,-3.6,2524.193298339844,20.305568160384503,100.0,1,-3.92,2539.602996826172,19.81904949063944,100.0,1,-4.11,2516.757141113281,20.54034428693183,100.0,1,-4.13,2531.912841796875,20.061844896292985,100.0,1,10
ZINC0000001972030,-1.74,2502.561279296875,20.988539416312875,100.0,1,-1.81,2503.993225097656,20.94332968253637,100.0,1,-1.86,2511.789306640625,20.697189939771484,100.0,1,-1.92,2448.7196044921875,22.688441593247983,100.0,1,-2.22,2468.110107421875,22.07624001776555,100.0,1,-2.73,2451.2804565429688,22.60758976254764,100.0,1,-3.14,2483.415283203125,21.59302136375265,100.0,1,-3.37,2464.4662475585938,22.19128482899232,100.0,1,-3.41,2482.7564697265625,21.613821579701824,100.0,1,-3.45,2481.3297119140625,21.658867517077027,100.0,1,10
ZINC0000001979260,-2.92,2402.136657714844,24.159169480560376,100.0,1,-3.02,2438.4513549804688,23.012633211759148,100.0,1,-3.05,2427.140014648437,23.36975754201493,100.0,1,-3.08,2425.6062622070312,23.41818153928998,100.0,1,-3.14,2416.3053588867188,23.71183187351557,100.0,1,-3.15,2415.8185424804688,23.727201757007386,100.0,1,-3.16,2424.491455078125,23.45337849540557,100.0,1,-3.77,2431.5939331054688,23.229137367986848,100.0,1,-3.94,2441.2058715820312,22.92566695774893,100.0,1,-4.39,2456.39306640625,22.446173226603342,100.0,1,10
ZINC0000001985780,-0.69,2476.2335815429688,21.819763758570115,100.0,1,-0.71,2481.9102783203125,21.64053773626281,100.0,1,-0.73,2480.799194335937,21.67561714437277,100.0,1,-0.98,2484.474670410156,21.559574138606287,100.0,1,-1.03,2492.1263122558594,21.31799468035537,100.0,1,-1.04,2490.781616210937,21.36044974406523,100.0,1,-1.06,2500.26416015625,21.0610646087775,100.0,1,-1.06,2485.0455627441406,21.5415497899051,100.0,1,-1.11,2488.3680419921875,21.43665168398502,100.0,1,-1.77,2505.8058166503906,20.88610211044533,100.0,1,10
ZINC0000001985880,-1.41,2461.7702026367188,22.27640500120901,100.0,1,-2.31,2508.406951904297,20.803978448864267,100.0,1,-2.39,2503.259185791016,20.966504946304457,100.0,1,-2.64,2520.377471923828,20.42604234056039,100.0,1,-2.73,2501.771850585937,21.013463447541948,100.0,1,-3.07,2515.0968322753906,20.59276395289045,100.0,1,-3.11,2466.0642700195312,22.140831683357582,100.0,1,-3.67,2536.870849609375,19.905309493107563,100.0,1,-4.38,2523.4744262695312,20.32826456055584,100.0,1,-4.48,2462.858337402344,22.24205015129777,100.0,1,10
ZINC0000001986060,-2.22,2489.486389160156,21.401342960913244,100.0,1,-2.27,2487.157623291016,21.474867311425825,100.0,1,-2.5,2493.8789978027344,21.26265847494528,100.0,1,-2.68,2515.0672302246094,20.59369855588613,100.0,1,-2.75,2504.9996337890625,20.9115551076998,100.0,1,-2.77,2490.5020446777344,21.36927644307905,100.0,1,-3.02,2504.2825622558594,20.9341946608848,100.0,1,-3.3,2532.539520263672,20.04205925452365,100.0,1,-3.41,2540.0922241210938,19.80360348999644,100.0,1,-3.49,2520.0280151367188,20.43707547345061,100.0,1,10
ZINC0000001986320,-1.44,2472.826202392578,21.927342344422133,100.0,1,-2.74,2490.721923828125,21.36233436618848,100.0,1,-3.05,2496.088104248047,21.19291204025337,100.0,1,-3.4,2515.480499267578,20.58065072725988,100.0,1,-3.45,2508.5318908691406,20.80003384611756,100.0,1,-3.51,2520.2852478027344,20.42895406247064,100.0,1,-3.55,2508.841857910156,20.79024749289374,100.0,1,-3.69,2524.772186279297,20.28729137252365,100.0,1,-3.71,2529.6270446777344,20.134012627199468,100.0,1,-4.6,2503.314514160156,20.96475810585996,100.0,1,10
ZINC0000001991580,-1.16,2431.3296508789062,23.237481349370945,100.0,1,-1.59,2458.626953125,22.375644423218144,100.0,1,-1.61,2472.967987060547,21.922865885125304,100.0,1,-1.69,2457.621124267578,22.4074006913981,100.0,1,-1.71,2456.107940673828,22.455175284117384,100.0,1,-1.76,2461.964233398437,22.270279015800227,100.0,1,-1.78,2455.167205810547,22.48487638921509,100.0,1,-1.79,2461.818817138672,22.274870132577966,100.0,1,-1.87,2473.7642822265625,21.89772506454156,100.0,1,-1.93,2457.156616210937,22.422066250364303,100.0,1,10
ZINC0000001991610,-0.63,2440.44140625,22.949802839235257,100.0,1,-1.58,2439.296630859375,22.98594596044544,100.0,1,-1.58,2446.0187072753906,22.773714963275303,100.0,1,-1.75,2430.9324340820312,23.2500223726614,100.0,1,-1.99,2440.6700439453125,22.942584235478947,100.0,1,-2.27,2452.539276123047,22.56784601103348,100.0,1,-2.58,2486.911895751953,21.4826254797982,100.0,1,-2.66,2493.0296325683594,21.289474836363546,100.0,1,-3.16,2516.4774475097656,20.549174839978622,100.0,1,-3.43,2527.890655517578,20.18883431920781,100.0,1,10
ZINC0000001999100,-1.91,2445.0718994140625,22.80360780651336,100.0,1,-1.95,2484.4744262695312,21.55958184667223,100.0,1,-1.97,2470.6424560546875,21.996288103764133,100.0,1,-1.98,2469.5958251953125,22.02933258246493,100.0,1,-2.0,2445.7808837890625,22.78122358301275,100.0,1,-2.06,2441.449584960937,22.917972380920595,100.0,1,-2.2,2515.3539428710938,20.58464639594346,100.0,1,-2.35,2514.283264160156,20.618450119139723,100.0,1,-2.37,2458.010772705078,22.39509861815189,100.0,1,-2.57,2518.5460510253906,20.483864397237337,100.0,1,10
ZINC0000002000220,-0.42,2508.1410522460938,20.81237349618524,100.0,1,-0.51,2513.7296447753906,20.63592912217539,100.0,1,-0.64,2516.7626037597656,20.54017181895634,100.0,1,-0.67,2511.823516845703,20.69610984703112,100.0,1,-0.7,2514.9058227539062,20.59879455098319,100.0,1,-0.81,2517.667358398437,20.51160669007709,100.0,1,-3.46,2525.0328063964844,20.27906301212872,100.0,1,-3.68,2543.2442932128906,19.70408561410508,100.0,1,-3.94,2542.5135498046875,19.72715681898293,100.0,1,-4.07,2544.325958251953,19.66993502794136,100.0,1,10
ZINC0000002000680,-0.2,2379.0659790039062,24.8875624420787,100.0,1,-0.25,2373.041015625,25.07778402045474,100.0,1,-0.29,2382.702087402344,24.77276236194565,100.0,1,-0.32,2372.5955200195312,25.091849313785573,100.0,1,-0.37,2390.687561035156,24.52064308702491,100.0,1,-0.37,2393.443115234375,24.433644073734435,100.0,1,-0.38,2388.9881591796875,24.574297007042784,100.0,1,-0.45,2379.690673828125,24.867839428345164,100.0,1,-0.86,2385.0516357421875,24.698581862319603,100.0,1,-1.07,2349.380798339844,25.82479003421071,100.0,1,10
ZINC0000002020350,-1.12,2441.868408203125,22.90474919379412,100.0,1,-1.14,2447.9762573242188,22.711910727030176,100.0,1,-1.21,2422.4568481445312,23.51761558996419,100.0,1,-1.69,2449.2596740722656,22.67139038787219,100.0,1,-1.75,2432.1123046875,23.21277121697181,100.0,1,-1.76,2410.273498535156,23.90227120475452,100.0,1,-1.81,2443.194396972656,22.86288476063719,100.0,1,-1.87,2431.443664550781,23.233881682575216,100.0,1,-4.33,2491.7349853515625,21.330349746554937,100.0,1,-4.45,2491.4957885742188,21.33790172416332,100.0,1,10
ZINC0000002020710,-1.1,2405.8961181640625,24.040474900109245,100.0,1,-1.1,2406.525451660156,24.02060543312278,100.0,1,-1.59,2387.204406738281,24.630614063844213,100.0,1,-1.8,2418.7742309570312,23.633884056659525,100.0,1,-1.84,2431.71044921875,23.2254586935152,100.0,1,-3.03,2433.704833984375,23.162491502820806,100.0,1,-3.7,2428.9443359375,23.312791080657743,100.0,1,-3.7,2438.596740722656,23.00804305848965,100.0,1,-3.91,2437.38671875,23.0462461603233,100.0,1,-4.17,2434.5962524414062,23.13434742704373,100.0,1,10
ZINC0000002020920,-1.42,2482.911071777344,21.608940446942952,100.0,1,-1.61,2447.57080078125,22.72471189754624,100.0,1,-1.63,2478.013732910156,21.763560395741354,100.0,1,-1.66,2481.7653198242188,21.645114400416915,100.0,1,-2.12,2476.5040283203125,21.81122514852094,100.0,1,-2.18,2427.9371948242188,23.344588779692145,100.0,1,-2.7,2447.2789916992188,22.73392496336549,100.0,1,-2.74,2482.0719604492188,21.63543306959158,100.0,1,-2.85,2480.5089721679688,21.684780107763387,100.0,1,-4.65,2536.4107055664062,19.91983727039502,100.0,1,10
ZINC0000002020960,-1.46,2422.7203979492188,23.509294732777928,100.0,1,-1.68,2462.73095703125,22.24607183470392,100.0,1,-1.69,2440.072570800781,22.96144779985976,100.0,1,-1.7,2459.5133666992188,22.34765836279292,100.0,1,-1.74,2463.25537109375,22.229514909056768,100.0,1,-1.75,2480.2291870117188,21.69361355133491,100.0,1,-1.76,2470.8256225585938,21.990505127289843,100.0,1,-1.82,2428.3419189453125,23.33181073337392,100.0,1,-1.9,2475.143310546875,21.85418605405836,100.0,1,-2.27,2483.010131835937,21.605812899186283,100.0,1,10
ZINC0000002033240,-1.32,2382.2349853515625,24.787509819112504,100.0,1,-1.65,2410.281311035156,23.90202454664432,100.0,1,-1.85,2392.4871215820312,24.463826932953623,100.0,1,-1.87,2411.7399291992188,23.85597270666346,100.0,1,-1.9,2412.2872314453125,23.83869314983409,100.0,1,-2.0,2411.628234863281,23.85949914683272,100.0,1,-2.06,2399.723571777344,24.23535600434828,100.0,1,-2.22,2412.1964721679688,23.84155862334867,100.0,1,-2.32,2404.3961791992188,24.087831330251085,100.0,1,-2.55,2405.847717285156,24.04200302418259,100.0,1,10
ZINC0000002070540,-0.55,2408.0693359375,23.97186155111107,100.0,1,-0.58,2402.312744140625,24.15361003799845,100.0,1,-0.64,2421.8142700195312,23.537903219528108,100.0,1,-0.73,2373.0606689453125,25.077163521146268,100.0,1,-0.81,2400.04638671875,24.225164014154167,100.0,1,-0.85,2374.256164550781,25.039419049236272,100.0,1,-0.92,2419.36328125,23.615286420553776,100.0,1,-1.0,2385.9386596679688,24.67057653172952,100.0,1,-1.17,2414.5633544921875,23.766830851040623,100.0,1,-1.71,2402.508728027344,24.14742238806212,100.0,1,10
ZINC0000002070950,-0.65,2399.379638671875,24.246214742246515,100.0,1,-0.66,2388.0016479492188,24.60544337450494,100.0,1,-0.66,2399.9100341796875,24.229468968983745,100.0,1,-0.75,2412.111633300781,23.844237176264123,100.0,1,-0.78,2387.232482910156,24.62972763626069,100.0,1,-0.83,2404.80322265625,24.074980057306387,100.0,1,-1.08,2402.740295410156,24.140111287514483,100.0,1,-1.3,2426.0828247070312,23.403135394567805,100.0,1,-2.13,2416.9361572265625,23.69191615813344,100.0,1,-2.87,2467.856201171875,22.08425640634704,100.0,1,10
ZINC0000002075850,-0.92,2388.6290283203125,24.585635572046023,100.0,1,-1.14,2374.176147460937,25.041945367849333,100.0,1,-1.36,2369.698181152344,25.18332478637288,100.0,1,-1.37,2377.613037109375,24.933435069526368,100.0,1,-1.37,2355.1551513671875,25.64248078552592,100.0,1,-1.6,2405.288391113281,24.05966220325969,100.0,1,-1.77,2386.1382446289062,24.66427518782052,100.0,1,-1.8,2399.603759765625,24.239138737710164,100.0,1,-2.46,2426.1392211914062,23.4013548313348,100.0,1,-2.8,2464.73974609375,22.182649868118844,100.0,1,10
ZINC0000002076050,-1.1,2432.818359375,23.19047949026252,100.0,1,-1.23,2446.8868408203125,22.746306044287618,100.0,1,-1.23,2440.7615966796875,22.93969371075005,100.0,1,-1.24,2430.802490234375,23.254124990759955,100.0,1,-1.66,2426.1296997070312,23.40165544590661,100.0,1,-2.03,2434.994445800781,23.121775571489497,100.0,1,-2.09,2438.8335571289062,23.00056623452423,100.0,1,-2.18,2419.18408203125,23.620944140956475,100.0,1,-2.2,2420.157531738281,23.59021015502231,100.0,1,-2.29,2444.5426635742188,22.820316966462897,100.0,1,10
ZINC0000002080670,-1.64,2458.0789184570312,22.392947104245348,100.0,1,-1.96,2451.813232421875,22.59076883564191,100.0,1,-1.97,2449.5037841796875,22.663683285436694,100.0,1,-2.08,2447.4390869140625,22.728870399122883,100.0,1,-2.09,2428.8890991210938,23.31453503057752,100.0,1,-2.16,2451.4603881835938,22.601908917947096,100.0,1,-2.29,2445.381164550781,22.79384361397913,100.0,1,-2.46,2467.163146972656,22.106137678544822,100.0,1,-2.53,2461.764892578125,22.276572651643285,100.0,1,-3.2,2477.3427734375,21.78474408797123,100.0,1,10
ZINC0000002080690,-1.8,2467.2393798828125,22.10373083495389,100.0,1,-1.82,2469.614654541016,22.028738097879025,100.0,1,-2.29,2460.950561523437,22.302282905598624,100.0,1,-2.31,2459.943664550781,22.33407289656708,100.0,1,-2.33,2460.3974609375,22.31974552899416,100.0,1,-2.33,2461.8851013183594,22.27277739267424,100.0,1,-2.56,2464.4051513671875,22.193213772494737,100.0,1,-3.28,2471.3182373046875,21.97495217723187,100.0,1,-3.59,2499.273681640625,21.09233623231124,100.0,1,-4.13,2480.7711791992188,21.67650164493981,100.0,1,10
ZINC0000002087340,-0.85,2433.5343627929688,23.16787365986602,100.0,1,-0.91,2392.905212402344,24.450626870024976,100.0,1,-1.17,2416.139892578125,23.71705601520894,100.0,1,-1.36,2414.640563964844,23.76439317518592,100.0,1,-1.38,2404.4005126953125,24.08769451208058,100.0,1,-1.43,2379.056884765625,24.887849567535103,100.0,1,-1.47,2386.550720214844,24.65125241040857,100.0,1,-1.57,2389.236633300781,24.566452122928546,100.0,1,-1.67,2375.2037353515625,25.009502118292144,100.0,1,-1.79,2370.202087402344,25.167415338265,100.0,1,10
ZINC0000002095510,-1.5,2439.631103515625,22.97538591010252,100.0,1,-1.66,2431.2192993164062,23.24096539517751,100.0,1,-1.7,2461.0372314453125,22.2995465421886,100.0,1,-1.93,2478.8568725585938,21.736940590004657,100.0,1,-2.54,2461.593688964844,22.28197793288633,100.0,1,-2.6,2439.7732543945312,22.97089788870678,100.0,1,-2.6,2445.5888671875,22.7872859768775,100.0,1,-2.61,2442.0867309570312,22.897856255823925,100.0,1,-3.05,2473.491149902344,21.90634846331612,100.0,1,-3.58,2492.121612548828,21.318143060624788,100.0,1,10
ZINC0000002106680,-2.01,2373.259155273437,25.07089686353401,100.0,1,-2.18,2377.27099609375,24.944234069913545,100.0,1,-3.03,2389.7667846679688,24.54971405773172,100.0,1,-3.11,2391.3810424804688,24.498748325711723,100.0,1,-3.34,2410.684814453125,23.889285040655807,100.0,1,-3.39,2381.313415527344,24.816605841033628,100.0,1,-3.97,2405.1202392578125,24.064971133678444,100.0,1,-4.58,2372.3160400390625,25.10067312227467,100.0,1,-4.6,2428.0966796875,23.3395534856144,100.0,1,-5.8,2402.0407104492188,24.162198750476264,100.0,1,10
ZINC0000002114300,-1.04,2403.106750488281,24.12854148053293,100.0,1,-1.73,2428.4409790039062,23.32868318561724,100.0,1,-1.94,2441.21142578125,22.92549159924871,100.0,1,-1.99,2443.5478515625,22.85172540816714,100.0,1,-2.03,2442.1314086914062,22.896445679756223,100.0,1,-2.05,2440.394592285156,22.95128086087997,100.0,1,-2.05,2463.389587402344,22.2252773998042,100.0,1,-2.06,2428.994506835937,23.311207073106303,100.0,1,-2.07,2448.1989135742188,22.704880970889487,100.0,1,-2.15,2461.761047363281,22.2766940536819,100.0,1,10
ZINC0000002117850,-1.55,2367.078369140625,25.26603811499864,100.0,1,-1.73,2352.5035400390625,25.726198089740848,100.0,1,-1.83,2372.337646484375,25.09999095843865,100.0,1,-1.87,2369.234375,25.197968184649493,100.0,1,-1.94,2367.9806518554688,25.23755103028707,100.0,1,-2.08,2368.033447265625,25.23588416102674,100.0,1,-2.65,2419.7951049804688,23.60165277891579,100.0,1,-2.72,2406.577880859375,24.01895012596136,100.0,1,-2.78,2396.810852050781,24.32731708509004,100.0,1,-2.91,2385.7982788085938,24.67500866964717,100.0,1,10
ZINC0000002122100,-1.1,2387.333374023437,24.626542278009435,100.0,1,-1.14,2395.4691772460938,24.369676761483845,100.0,1,-1.23,2394.8224487304688,24.3900954281688,100.0,1,-1.25,2390.027404785156,24.54148569733678,100.0,1,-1.46,2394.5826416015625,24.39766667594204,100.0,1,-2.14,2395.3365478515625,24.37386416830778,100.0,1,-2.27,2417.2247924804688,23.682803297171457,100.0,1,-3.12,2436.8063354492188,23.064570160088053,100.0,1,-3.51,2403.92578125,24.10268284630818,100.0,1,-3.94,2425.4713134765625,23.42244217274038,100.0,1,10
ZINC0000002123590,-2.18,2361.1744995117188,25.452436492666585,100.0,1,-2.35,2447.0313720703125,22.741742869248927,100.0,1,-2.7,2464.9675903320312,22.17545631557685,100.0,1,-3.08,2416.044189453125,23.720077577058884,100.0,1,-3.26,2430.364501953125,23.26795326106302,100.0,1,-3.26,2421.374084472656,23.551800862424667,100.0,1,-3.29,2491.0421752929688,21.35222331068678,100.0,1,-3.32,2484.978759765625,21.54365890944896,100.0,1,-3.94,2437.6909790039062,23.03663998314092,100.0,1,-4.01,2431.1737060546875,23.242404876492504,100.0,1,10
ZINC0000002123700,-0.92,2435.3800659179688,23.109600681331365,100.0,1,-0.98,2436.025695800781,23.08921670094315,100.0,1,-1.01,2436.39599609375,23.077525491922987,100.0,1,-1.01,2436.732421875,23.06690377705252,100.0,1,-1.1,2428.5280151367188,23.3259352601083,100.0,1,-1.1,2441.1238403320312,22.92825686790603,100.0,1,-1.15,2440.863037109375,22.936491009350423,100.0,1,-1.22,2443.1925048828125,22.86294449814825,100.0,1,-1.35,2445.585266113281,22.787399670850167,100.0,1,-2.46,2480.762481689453,21.67677624478906,100.0,1,10
ZINC0000002126150,-1.52,2396.0640258789062,24.350896058811927,100.0,1,-1.52,2439.1837768554688,22.989509013927936,100.0,1,-1.66,2394.4765625,24.401015830594595,100.0,1,-1.73,2399.1599731445312,24.25315007457939,100.0,1,-2.14,2416.4418334960938,23.70752306465302,100.0,1,-2.18,2418.31884765625,23.64826152666108,100.0,1,-2.18,2402.2232055664062,24.15643697118332,100.0,1,-2.25,2411.720092773437,23.85659898702139,100.0,1,-2.44,2407.9752197265625,23.97483301053238,100.0,1,-2.5,2432.318115234375,23.206273317381235,100.0,1,10
ZINC0000002126160,-1.05,2376.31884765625,24.97429552709412,100.0,1,-1.54,2365.594055175781,25.31290122892008,100.0,1,-2.01,2388.698547363281,24.58344070026854,100.0,1,-2.35,2355.409484863281,25.634450907829027,100.0,1,-2.72,2431.850341796875,23.221041971729434,100.0,1,-2.83,2392.7858276367188,24.45439611427146,100.0,1,-2.9,2415.8727416992188,23.72549056636788,100.0,1,-3.41,2434.7150268554688,23.130597452962107,100.0,1,-3.59,2438.7781982421875,23.00231403847697,100.0,1,-3.78,2417.9057006835938,23.66130550125437,100.0,1,10
ZINC0000002126290,-1.23,2433.478820800781,23.16962724486822,100.0,1,-1.6,2389.890991210937,24.545792579182844,100.0,1,-1.61,2423.3248901367188,23.49020956150123,100.0,1,-1.69,2423.700927734375,23.47833721293139,100.0,1,-1.85,2413.1608276367188,23.811111762870908,100.0,1,-1.88,2418.142578125,23.65382675027246,100.0,1,-2.01,2419.841796875,23.60017861130405,100.0,1,-2.04,2413.907958984375,23.787523154066587,100.0,1,-2.23,2430.135986328125,23.27516801078636,100.0,1,-2.42,2452.7572631835938,22.560963671653965,100.0,1,10
ZINC0000002126300,-1.33,2400.8521728515625,24.199723542506863,100.0,1,-1.51,2422.4256591796875,23.518600295388502,100.0,1,-1.75,2445.39599609375,22.79337534897305,100.0,1,-1.82,2403.946533203125,24.10202766070296,100.0,1,-1.85,2459.2697143554688,22.355351012604768,100.0,1,-1.85,2414.926086425781,23.75537859206472,100.0,1,-1.96,2399.6511840820312,24.2376414459006,100.0,1,-1.98,2398.027099609375,24.28891742757482,100.0,1,-2.31,2398.227905273437,24.282577543336096,100.0,1,-3.16,2427.216186523437,23.36735262544049,100.0,1,10
ZINC0000002126320,-1.37,2444.13330078125,22.83324146603406,100.0,1,-1.38,2457.3126831054688,22.41713886920977,100.0,1,-1.52,2448.8326416015625,22.68487275871603,100.0,1,-1.67,2463.7247314453125,22.21469615227993,100.0,1,-1.83,2465.18212890625,22.168682852628795,100.0,1,-1.98,2461.984649658203,22.26963442878568,100.0,1,-2.01,2467.1318359375,22.107126238002103,100.0,1,-2.36,2434.2393798828125,23.145614692437,100.0,1,-2.39,2496.024353027344,21.194924808972928,100.0,1,-2.73,2462.183349609375,22.263361026615723,100.0,1,10
ZINC0000002126330,-1.71,2363.721740722656,25.3720143866426,100.0,1,-1.74,2419.7662963867188,23.60256233069715,100.0,1,-1.8,2397.82421875,24.295322830374065,100.0,1,-1.91,2411.2203979492188,23.87237547099173,100.0,1,-2.47,2380.666381835937,24.837034142801016,100.0,1,-2.52,2415.715209960937,23.73046419591807,100.0,1,-2.77,2404.97412109375,24.06958441114577,100.0,1,-2.94,2410.2360229492188,23.90345439287688,100.0,1,-3.42,2459.349853515625,22.35282083995874,100.0,1,-3.61,2455.483459472656,22.474891553293222,100.0,1,10
ZINC0000002128860,-1.51,2426.4127807617188,23.39271794344484,100.0,1,-1.73,2388.526306152344,24.58887874079185,100.0,1,-2.08,2414.568115234375,23.76668054375472,100.0,1,-2.17,2462.542236328125,22.252030169678427,100.0,1,-2.17,2428.15234375,23.337796046579225,100.0,1,-2.46,2456.1697998046875,22.453222252908887,100.0,1,-2.61,2437.753845214844,23.034655156160404,100.0,1,-2.87,2411.682861328125,23.85777446707781,100.0,1,-2.94,2432.723388671875,23.19347792791463,100.0,1,-3.37,2464.708068847656,22.183649989675043,100.0,1,10
ZINC0000002129930,-0.71,2467.790405273437,22.08633373011888,100.0,1,-0.71,2466.8443603515625,22.116202485650856,100.0,1,-0.72,2479.079315185547,21.72991757842167,100.0,1,-0.75,2469.404022216797,22.035388231771982,100.0,1,-0.78,2471.1773681640625,21.979399731281404,100.0,1,-0.8,2473.0260009765625,21.921034255955423,100.0,1,-0.8,2479.701568603516,21.71027164534757,100.0,1,-0.81,2478.711669921875,21.74152496222469,100.0,1,-0.82,2480.668914794922,21.679730361062,100.0,1,-1.3,2485.11376953125,21.539396348982063,100.0,1,10
ZINC0000002137040,-2.62,2445.2149658203125,22.79909087987033,100.0,1,-2.67,2430.585876464844,23.26096397226853,100.0,1,-2.78,2446.327453613281,22.763967150381205,100.0,1,-2.8,2441.2074584960938,22.925616855320296,100.0,1,-2.85,2441.577209472656,22.913942989448504,100.0,1,-2.89,2446.9347534179688,22.74479333634616,100.0,1,-3.36,2486.5453491210938,21.49419817730448,100.0,1,-3.68,2452.126037597656,22.5808928761515,100.0,1,-4.61,2528.8829956054688,20.15750392167125,100.0,1,-4.67,2459.608459472656,22.34465607110783,100.0,1,10
ZINC0000002169880,-0.65,2477.3211059570312,21.785428178823736,100.0,1,-0.65,2489.5787658691406,21.39842642146178,100.0,1,-0.68,2495.974578857422,21.196496290917207,100.0,1,-0.76,2497.7760620117188,21.139619435826614,100.0,1,-0.91,2488.842834472656,21.421661422740936,100.0,1,-1.99,2514.8779296875,20.59967519751726,100.0,1,-2.36,2504.960174560547,20.91280092385795,100.0,1,-2.38,2540.4375915527344,19.79269946721077,100.0,1,-2.63,2513.9627990722656,20.62856791919912,100.0,1,-2.93,2505.2351684570312,20.90411875108057,100.0,1,10
ZINC0000002170820,-1.5,2413.777587890625,23.791639261280544,100.0,1,-1.77,2368.4832763671875,25.2216820495254,100.0,1,-1.94,2389.12109375,24.57009996513641,100.0,1,-2.03,2397.9769897460938,24.29049950810977,100.0,1,-2.47,2410.7841796875,23.88614785781671,100.0,1,-2.5,2368.288391113281,25.22783501316499,100.0,1,-2.56,2410.0543823242188,23.909189193939024,100.0,1,-2.65,2413.445556640625,23.802122230964027,100.0,1,-3.26,2418.4096069335938,23.6453960531465,100.0,1,-3.75,2467.4923095703125,22.095745278636176,100.0,1,10
ZINC0000002176380,-1.09,2485.150756835937,21.538228576991592,100.0,1,-1.53,2451.564697265625,22.59861564677264,100.0,1,-1.58,2429.4581298828125,23.296569455879144,100.0,1,-1.63,2451.5982666015625,22.59755578770537,100.0,1,-1.79,2463.8037109375,22.212202592947136,100.0,1,-1.94,2456.466064453125,22.44386851488617,100.0,1,-1.99,2431.812805175781,23.222227086868287,100.0,1,-2.15,2443.060913085937,22.867099145691927,100.0,1,-2.28,2456.8038330078125,22.433204405653004,100.0,1,-3.57,2444.443115234375,22.82345993035145,100.0,1,10
ZINC0000002176410,-1.45,2421.1029663085938,23.560360669655186,100.0,1,-1.8,2451.0387573242188,22.61522074783193,100.0,1,-1.89,2461.9130859375,22.27189385561544,100.0,1,-1.9,2446.995361328125,22.742879808975623,100.0,1,-1.92,2459.511108398437,22.34772966240289,100.0,1,-1.92,2455.927001953125,22.46088792448993,100.0,1,-1.98,2442.526611328125,22.8839682480098,100.0,1,-2.0,2451.922790527344,22.58730984104966,100.0,1,-2.0,2463.0988159179688,22.2344577063432,100.0,1,-2.02,2474.6376953125,21.870149458627843,100.0,1,10
ZINC0000002178740,-1.62,2447.778381347656,22.71815811447757,100.0,1,-1.99,2449.1842651367188,22.67377121674056,100.0,1,-3.21,2437.063781738281,23.05644200455038,100.0,1,-3.47,2436.5454711914062,23.07280622854893,100.0,1,-3.54,2421.11865234375,23.559865426418305,100.0,1,-3.66,2427.881896972656,23.3463346566284,100.0,1,-3.84,2433.22802734375,23.177545355608924,100.0,1,-3.93,2446.4723510742188,22.7593924132436,100.0,1,-3.97,2448.145874023437,22.706555548215764,100.0,1,-4.07,2459.767333984375,22.339640047194948,100.0,1,10
ZINC0000002186990,-1.19,2398.0762939453125,24.287364252287155,100.0,1,-1.49,2400.2227783203125,24.21959493650981,100.0,1,-1.98,2424.1141357421875,23.46529131132161,100.0,1,-2.34,2425.8605346679688,23.41015358860957,100.0,1,-3.58,2452.8544921875,22.55789393439187,100.0,1,-3.58,2462.006591796875,22.268941666358984,100.0,1,-3.58,2455.147399902344,22.48550170606477,100.0,1,-3.67,2455.2813720703125,22.48127190487815,100.0,1,-4.28,2476.2330322265625,21.81978110171849,100.0,1,-4.43,2466.7700805664062,22.11854766471424,100.0,1,10
ZINC0000002188560,-1.78,2416.327087402344,23.711145855646578,100.0,1,-2.25,2390.7999877929688,24.51709352265782,100.0,1,-2.83,2421.8881225585938,23.535571529580128,100.0,1,-2.84,2377.01904296875,24.952188793967483,100.0,1,-2.88,2420.212829589844,23.58846427808605,100.0,1,-2.97,2417.483642578125,23.67463082025461,100.0,1,-3.06,2429.0475463867188,23.309532495780022,100.0,1,-3.32,2420.8306274414062,23.568959017215427,100.0,1,-3.35,2409.58740234375,23.923932797072908,100.0,1,-3.97,2431.222412109375,23.240867117336727,100.0,1,10
ZINC0000002194780,-2.06,2441.7042236328125,22.90993286814128,100.0,1,-2.17,2466.44921875,22.1286779903808,100.0,1,-2.6,2451.6519165039062,22.59586194021424,100.0,1,-2.71,2466.757751464844,22.1189369220444,100.0,1,-2.82,2449.897399902344,22.651255956118906,100.0,1,-2.89,2442.7761840820312,22.87608867759881,100.0,1,-2.98,2449.7697143554688,22.65528727460748,100.0,1,-3.04,2456.128662109375,22.454521062020408,100.0,1,-3.12,2454.3539428710938,22.51055292038192,100.0,1,-3.39,2438.2974853515625,23.01749122032019,100.0,1,10
ZINC0000002201320,-1.55,2428.7592163085938,23.318635721659582,100.0,1,-1.73,2414.4234008789062,23.77124949984287,100.0,1,-1.73,2474.520812988281,21.87383969519841,100.0,1,-1.78,2424.6803588867188,23.4474143793816,100.0,1,-1.85,2437.8054809570312,23.033024900213302,100.0,1,-1.92,2436.6971435546875,23.068017592581388,100.0,1,-2.35,2441.9864501953125,22.90102234391032,100.0,1,-2.59,2442.3112182617188,22.890768689188658,100.0,1,-2.59,2446.6414794921875,22.754052650561075,100.0,1,-2.74,2446.746398925781,22.750740109221752,100.0,1,10
ZINC0000002211300,-1.93,2386.6530151367188,24.648022730778145,100.0,1,-1.98,2393.092834472656,24.44470322134721,100.0,1,-2.15,2411.0171508789062,23.878792435889896,100.0,1,-2.2,2407.4022216796875,23.99292384130233,100.0,1,-2.32,2389.550537109375,24.556541477141383,100.0,1,-2.39,2416.7374877929688,23.69818859679516,100.0,1,-2.53,2395.7651977539062,24.36033073152706,100.0,1,-2.66,2391.261657714844,24.50251756995821,100.0,1,-2.91,2420.1979370117188,23.588934470108622,100.0,1,-2.93,2427.67333984375,23.35291927196084,100.0,1,10
ZINC0000002246480,-0.12,2432.3673706054688,23.204718215077087,100.0,1,-0.92,2408.1749877929688,23.968525885573914,100.0,1,-1.07,2395.230224609375,24.37722103102628,100.0,1,-1.12,2416.3178100585938,23.71143876215244,100.0,1,-1.14,2448.4575805664062,22.6967142750221,100.0,1,-1.25,2429.2432861328125,23.30335255390964,100.0,1,-1.27,2418.4236450195312,23.644952839354733,100.0,1,-1.33,2428.2687377929688,23.33412122614055,100.0,1,-1.4,2434.8751831054688,23.125540961703013,100.0,1,-2.12,2454.0034790039062,22.521617849044155,100.0,1,10
ZINC0000002274090,-1.43,2465.8365783691406,22.148020418358364,100.0,1,-1.47,2454.067657470703,22.5195915912092,100.0,1,-1.49,2458.5133056640625,22.37923252791495,100.0,1,-1.62,2446.0672607421875,22.772182021660743,100.0,1,-1.65,2452.2326049804688,22.577528305367057,100.0,1,-1.7,2466.4596557617188,22.1283484705617,100.0,1,-1.75,2457.1876220703125,22.421087325989447,100.0,1,-1.75,2467.9732666015625,22.08056038872701,100.0,1,-1.77,2450.6473388671875,22.62757870455623,100.0,1,-4.08,2527.6740112304688,20.19567426422464,100.0,1,10
ZINC0000002286240,-0.8,2456.593994140625,22.439829488331643,100.0,1,-1.01,2405.121398925781,24.06493452036521,100.0,1,-1.34,2409.067138671875,23.94035868559901,100.0,1,-1.45,2421.738647460937,23.54029079295418,100.0,1,-1.81,2432.722961425781,23.19349141703003,100.0,1,-1.97,2440.6072387695312,22.944567135442977,100.0,1,-2.14,2444.5533447265625,22.81997973857786,100.0,1,-2.26,2431.760803222656,23.223868904914298,100.0,1,-2.31,2440.2860107421875,22.954709023208448,100.0,1,-2.77,2475.533935546875,21.84185314854838,100.0,1,10
ZINC0000002286920,-1.12,2486.0591735839844,21.50954782712319,100.0,1,-1.64,2470.5870056152344,21.998038798241605,100.0,1,-1.69,2487.682983398437,21.458280517023148,100.0,1,-1.77,2470.7946166992188,21.9914840516647,100.0,1,-1.94,2511.844116210937,20.69545947896712,100.0,1,-2.87,2549.59716796875,19.50351113965836,100.0,1,-2.9,2468.60009765625,22.06076992941647,100.0,1,-2.99,2557.251678466797,19.26184111163261,100.0,1,-4.24,2544.501678466797,19.664387147478347,100.0,1,-4.45,2544.3064880371094,19.670549746200365,100.0,1,10
ZINC0000002287090,-1.24,2439.16650390625,22.99005435959345,100.0,1,-1.58,2438.3267211914062,23.016568179423427,100.0,1,-2.22,2476.534118652344,21.81027512939337,100.0,1,-2.25,2465.78564453125,22.14962851361588,100.0,1,-2.26,2465.8566284179688,22.14738739344273,100.0,1,-2.43,2486.769897460937,21.487108683652725,100.0,1,-2.44,2483.268920898437,21.59764234928592,100.0,1,-2.52,2463.7154541015625,22.2149890587858,100.0,1,-2.64,2484.0392456054688,21.573321474216943,100.0,1,-3.06,2496.529235839844,21.17898452860128,100.0,1,10
ZINC0000002287140,-0.71,2425.4556884765625,23.42293548896078,100.0,1,-0.81,2436.3238525390625,23.07980322540936,100.0,1,-0.83,2438.961303710937,22.996532989019165,100.0,1,-1.21,2433.4044189453125,23.17197627796457,100.0,1,-1.5,2434.563720703125,23.13537452683073,100.0,1,-2.11,2434.97412109375,23.12241726797932,100.0,1,-2.17,2418.7064819335938,23.63602304495891,100.0,1,-2.47,2432.9818725585938,23.1853170130967,100.0,1,-2.88,2449.1199951171875,22.67580036510025,100.0,1,-4.61,2521.938720703125,20.376750222358435,100.0,1,10
ZINC0000002300440,-0.78,2414.9353637695312,23.755085685558853,100.0,1,-0.8,2402.8765258789062,24.13581018671788,100.0,1,-0.83,2405.414123535156,24.05569254929868,100.0,1,-0.87,2430.410888671875,23.26648872853371,100.0,1,-1.17,2393.10009765625,24.444473906385387,100.0,1,-1.38,2397.1549682617188,24.31645256614233,100.0,1,-1.41,2402.37744140625,24.15156740052336,100.0,1,-1.57,2432.533569335937,23.199470949185887,100.0,1,-1.62,2403.909423828125,24.103199286726408,100.0,1,-2.26,2393.6072387695312,24.42846232640376,100.0,1,10
ZINC0000002305990,-0.69,2509.3154296875,20.775295771979376,100.0,1,-0.71,2507.318389892578,20.838346787890902,100.0,1,-0.83,2510.718170166016,20.73100811559139,100.0,1,-0.85,2536.1527709960938,19.92798084206458,100.0,1,-1.05,2499.571990966797,21.08291793923624,100.0,1,-1.17,2501.7745056152344,21.01337962232481,100.0,1,-1.18,2513.201477050781,20.65260455933642,100.0,1,-1.3,2523.925109863281,20.3140354708237,100.0,1,-1.34,2527.2657470703125,20.20856407749905,100.0,1,-5.24,3167.3351440429688,0.0001406722034732,0.0,1,10
ZINC0000002333700,-0.62,2494.731842041016,21.23573227358732,100.0,1,-0.65,2487.883178710937,21.451959902949284,100.0,1,-0.72,2475.6168823242188,21.839234333144,100.0,1,-0.98,2483.1697692871094,21.600772787567323,100.0,1,-1.15,2520.93359375,20.4084843298488,100.0,1,-1.17,2490.726837158203,21.36217924136136,100.0,1,-1.26,2503.018585205078,20.974101245292008,100.0,1,-1.7,2493.175201416016,21.28487890204459,100.0,1,-2.19,2506.5318603515625,20.8631792858369,100.0,1,-3.08,2569.2947692871094,18.88161378072695,100.0,1,10
ZINC0000002345880,-1.53,2431.118103027344,23.24416038851119,100.0,1,-1.56,2453.303039550781,22.54373229023674,100.0,1,-1.59,2463.8526306152344,22.21065808923366,100.0,1,-2.4,2498.6742553710938,21.1112614612196,100.0,1,-2.46,2464.8628845214844,22.17876211235848,100.0,1,-2.46,2458.074951171875,22.39307236031693,100.0,1,-2.57,2456.260131835937,22.450370268509705,100.0,1,-2.58,2474.6403198242188,21.870066596918942,100.0,1,-3.4,2526.1862182617188,20.24264721808577,100.0,1,-3.63,2491.1756286621094,21.348009889140283,100.0,1,10
ZINC0000002351340,-0.37,2402.935546875,24.133946761775977,100.0,1,-0.38,2397.448181152344,24.307195178943907,100.0,1,-0.65,2415.596984863281,23.734196826851324,100.0,1,-0.77,2405.8139038085938,24.0430705913158,100.0,1,-0.78,2410.2462768554688,23.903130654107247,100.0,1,-0.86,2443.3178100585938,22.85898833330263,100.0,1,-0.86,2432.012939453125,23.215908399810907,100.0,1,-1.22,2410.8394165039062,23.88440390789693,100.0,1,-1.22,2398.95166015625,24.259726981845887,100.0,1,-1.33,2379.6372680664062,24.86952556777036,100.0,1,10
ZINC0000002357810,-0.56,2458.8968200683594,22.367124119825583,100.0,1,-0.62,2462.7281494140625,22.246160477462272,100.0,1,-0.65,2461.021209716797,22.30005238401615,100.0,1,-0.75,2459.0418090820312,22.362546492163247,100.0,1,-0.77,2458.767822265625,22.371196869168607,100.0,1,-1.47,2481.637451171875,21.649151499954947,100.0,1,-1.51,2482.0787963867188,21.63521724374516,100.0,1,-2.04,2479.2334899902344,21.7250499347782,100.0,1,-2.05,2478.427154541016,21.75050774957388,100.0,1,-2.06,2474.8184814453125,21.864441635796503,100.0,1,10
ZINC0000002362010,-0.77,2501.9410400390625,21.008121757842936,100.0,1,-1.12,2522.590606689453,20.35616872278041,100.0,1,-1.15,2514.2889099121094,20.61827187011477,100.0,1,-1.23,2513.059631347656,20.657082945649734,100.0,1,-1.28,2513.9566955566406,20.628760620847714,100.0,1,-1.3,2519.6488647460938,20.44904609986123,100.0,1,-1.43,2530.3673706054688,20.11063888073333,100.0,1,-1.62,2516.185760498047,20.558384051764904,100.0,1,-1.82,2529.5166931152344,20.13749667300604,100.0,1,-2.33,2519.1279296875,20.465493185568683,100.0,1,10
ZINC0000002363780,-1.01,2435.29443359375,23.11230428546113,100.0,1,-1.08,2420.900329589844,23.566758364388487,100.0,1,-1.25,2408.9379272460938,23.94443817949973,100.0,1,-1.27,2403.8150634765625,24.106178454213666,100.0,1,-1.4,2385.298767089844,24.690779372568056,100.0,1,-1.48,2435.692749023437,23.099728575873925,100.0,1,-1.51,2379.4262084960938,24.87618919077872,100.0,1,-1.52,2415.64013671875,23.73283442619577,100.0,1,-1.59,2401.3181762695312,24.185010771636755,100.0,1,-1.6,2437.6156616210938,23.03901792148456,100.0,1,10
ZINC0000002366520,-1.35,2419.0010986328125,23.62672133638131,100.0,1,-1.36,2426.272216796875,23.397155862411942,100.0,1,-1.43,2412.6561279296875,23.8270462621931,100.0,1,-1.49,2416.8312377929688,23.69522869947276,100.0,1,-1.53,2415.050170898437,23.75146096754881,100.0,1,-1.67,2413.8973388671875,23.78785845493514,100.0,1,-1.81,2421.9189453125,23.53459838625473,100.0,1,-1.86,2422.6566772460938,23.51130653798924,100.0,1,-1.87,2419.3998413085938,23.6141321376787,100.0,1,-3.84,2454.9002685546875,22.493304195816325,100.0,1,10
ZINC0000002397380,-2.33,2505.8478393554688,20.88477535959477,100.0,1,-2.5,2509.4942932128906,20.769648650167348,100.0,1,-2.55,2499.328582763672,21.090602880982143,100.0,1,-2.56,2490.060913085937,21.383203954731144,100.0,1,-2.68,2501.6336059570312,21.01782813988259,100.0,1,-2.97,2528.143859863281,20.180840091315915,100.0,1,-2.99,2527.073974609375,20.21461876329786,100.0,1,-3.05,2505.5938720703125,20.89279367519274,100.0,1,-3.25,2514.3804626464844,20.61538134538587,100.0,1,-3.78,2497.8221435546875,21.138164538379733,100.0,1,10
ZINC0000002397420,-1.25,2444.8572998046875,22.810383196477908,100.0,1,-1.3,2437.0114135742188,23.05809538469532,100.0,1,-1.32,2437.877014160156,23.03076643689179,100.0,1,-1.38,2442.113342285156,22.89701607663606,100.0,1,-1.65,2459.9396362304688,22.334200079655155,100.0,1,-2.22,2461.35693359375,22.28945282983527,100.0,1,-2.49,2482.0435791015625,21.63632913225754,100.0,1,-2.53,2472.0828857421875,21.950810514696084,100.0,1,-2.61,2440.03564453125,22.96261364483375,100.0,1,-3.48,2469.34716796875,22.03718324762864,100.0,1,10
ZINC0000002403210,-1.64,2417.7407836914062,23.666512299799365,100.0,1,-1.66,2414.1513671875,23.77983821232068,100.0,1,-1.77,2448.6982421875,22.689116049018057,100.0,1,-1.82,2406.054992675781,24.03545887619636,100.0,1,-1.84,2401.6502685546875,24.174525874936784,100.0,1,-1.87,2418.998352050781,23.62680805212317,100.0,1,-1.89,2428.0255126953125,23.341800386837,100.0,1,-1.93,2426.878845214844,23.378003245558247,100.0,1,-2.03,2433.68896484375,23.16299252710715,100.0,1,-3.36,2430.9821166992188,23.24845378124185,100.0,1,10
ZINC0000002408070,-0.86,2411.620422363281,23.85974580494292,100.0,1,-0.96,2424.384521484375,23.456754628288927,100.0,1,-1.04,2412.030639648437,23.846794327140955,100.0,1,-1.15,2425.9013671875,23.408864414580485,100.0,1,-1.22,2423.1533203125,23.4956264048432,100.0,1,-1.57,2445.840759277344,22.779333179840048,100.0,1,-1.73,2466.328125,22.13250119108889,100.0,1,-2.9,2442.6434326171875,22.88027993845572,100.0,1,-3.07,2443.953125,22.83893001870054,100.0,1,-3.71,2457.4791870117188,22.411881968236138,100.0,1,10
ZINC0000002408740,-1.13,2380.222717285156,24.85104162563728,100.0,1,-1.33,2372.3865966796875,25.09844549121693,100.0,1,-1.42,2378.870422363281,24.89373660289964,100.0,1,-1.77,2389.1502685546875,24.56917885125614,100.0,1,-1.88,2381.6665649414062,24.80545612364601,100.0,1,-1.91,2377.2012939453125,24.94643472274048,100.0,1,-2.08,2389.391540527344,24.56156135508724,100.0,1,-2.37,2406.3043212890625,24.02758701385132,100.0,1,-2.75,2407.305603027344,23.995974308399564,100.0,1,-3.9,2416.4774169921875,23.70639961404172,100.0,1,10
ZINC0000002414220,-1.34,2428.1613159179688,23.3375127751558,100.0,1,-1.35,2437.308898925781,23.048703106342867,100.0,1,-1.37,2411.6896362304688,23.85756056824787,100.0,1,-1.4,2415.7039184570312,23.73082069396797,100.0,1,-1.42,2442.4019775390625,22.88790321567408,100.0,1,-1.5,2453.229248046875,22.546062053168235,100.0,1,-1.72,2460.124389648437,22.32836700075223,100.0,1,-1.73,2429.7685546875,23.28676865003168,100.0,1,-1.78,2425.7589111328125,23.413362071058653,100.0,1,-1.8,2413.911865234375,23.787399825011487,100.0,1,10
ZINC0000002438450,-0.71,2435.537414550781,23.104632832830628,100.0,1,-0.86,2448.305145263672,22.70152699869572,100.0,1,-1.13,2446.8794860839844,22.74653824977417,100.0,1,-1.33,2452.28515625,22.575869144172668,100.0,1,-1.56,2432.231201171875,23.2090173888572,100.0,1,-1.73,2440.1763305664062,22.95817187183367,100.0,1,-2.0,2432.897827148437,23.18797051479783,100.0,1,-2.17,2435.775695800781,23.09710976046954,100.0,1,-2.33,2456.8324584960938,22.4323006349211,100.0,1,-4.23,2442.348388671875,22.889595136148724,100.0,1,10
ZINC0000002451210,-0.96,2439.845947265625,22.968602812072035,100.0,1,-0.98,2429.5043334960938,23.295110704399296,100.0,1,-1.29,2433.817749023437,23.158926522321828,100.0,1,-1.34,2447.0278930664062,22.741852709188624,100.0,1,-1.52,2436.782531738281,23.065321696517564,100.0,1,-1.54,2435.960998535156,23.09125933841824,100.0,1,-1.82,2437.523193359375,23.04193735146075,100.0,1,-1.9,2472.219116210937,21.94650941389948,100.0,1,-2.16,2470.4093017578125,22.003649306740403,100.0,1,-2.23,2466.2202758789062,22.135906229219536,100.0,1,10
ZINC0000002467890,-2.01,2463.1650390625,22.23236689345595,100.0,1,-2.13,2464.673889160156,22.184729118907168,100.0,1,-2.31,2457.53125,22.41023822317364,100.0,1,-2.36,2472.4301147460938,21.9398477179076,100.0,1,-2.43,2460.833312988281,22.305984704268106,100.0,1,-2.46,2455.5887451171875,22.471567449854984,100.0,1,-2.56,2469.236389160156,22.0406807825506,100.0,1,-2.61,2450.5216064453125,22.631548358517257,100.0,1,-2.64,2466.246337890625,22.13508339318004,100.0,1,-2.69,2462.5701904296875,22.25114759612787,100.0,1,10
ZINC0000002520850,-2.67,2473.8716430664062,21.894335442542804,100.0,1,-3.09,2456.224853515625,22.451484084038576,100.0,1,-3.12,2451.439819335937,22.60255832250286,100.0,1,-3.24,2492.583984375,21.3035449472356,100.0,1,-3.27,2473.940490722656,21.89216176794667,100.0,1,-3.59,2482.5795288085938,21.61940800049455,100.0,1,-3.6,2482.2869262695312,21.62864611752812,100.0,1,-3.99,2493.376708984375,21.27851685711628,100.0,1,-4.29,2479.791748046875,21.7074244784896,100.0,1,-4.44,2492.7009887695312,21.29985085663205,100.0,1,10
ZINC0000002520990,-1.85,2350.94970703125,25.775256075439767,100.0,1,-2.18,2356.033447265625,25.61475101829332,100.0,1,-2.39,2360.559936523437,25.471839621663456,100.0,1,-2.45,2356.3569946289062,25.604535903901382,100.0,1,-2.47,2349.635803222656,25.81673895933248,100.0,1,-2.64,2384.349670410156,24.72074447892433,100.0,1,-3.29,2398.5795288085938,24.27147600136063,100.0,1,-3.3,2372.534118652344,25.093787892370425,100.0,1,-3.67,2398.513061523437,24.273574522313808,100.0,1,-3.86,2401.265991210937,24.18665837073223,100.0,1,10
ZINC0000002591000,-0.64,2479.940734863281,21.70272063124744,100.0,1,-0.69,2422.7977294921875,23.506853202890245,100.0,1,-0.72,2443.770568847656,22.844693725009968,100.0,1,-0.74,2468.423583984375,22.06634286109379,100.0,1,-0.75,2483.53515625,21.58923670337428,100.0,1,-0.77,2459.324279785156,22.353628259866344,100.0,1,-0.78,2465.1317138671875,22.17027456824617,100.0,1,-0.87,2447.660461425781,22.7218811103284,100.0,1,-1.65,2449.6036376953125,22.66053068646571,100.0,1,-1.7,2455.429626464844,22.47659118183381,100.0,1,10
ZINC0000002597980,-0.6,2394.6629028320312,24.39513264926304,100.0,1,-1.95,2393.73291015625,24.42449459945922,100.0,1,-2.06,2377.977844238281,24.92191729198994,100.0,1,-2.57,2397.7673950195312,24.29711688272247,100.0,1,-3.13,2416.7315673828125,23.69837551739429,100.0,1,-3.32,2411.5900268554688,23.86070545915292,100.0,1,-3.54,2423.574462890625,23.482329991090246,100.0,1,-3.86,2410.0909423828125,23.90803491106395,100.0,1,-4.11,2402.38330078125,24.151382406940712,100.0,1,-4.11,2388.2798461914062,24.59666003336205,100.0,1,10
ZINC0000002609710,-1.54,2449.6578979492188,22.65881756880971,100.0,1,-1.54,2450.0064086914062,22.647814304675027,100.0,1,-1.66,2443.915100097656,22.84013054997128,100.0,1,-1.77,2438.473388671875,23.011937558807727,100.0,1,-1.84,2447.135009765625,22.738470795255807,100.0,1,-1.89,2462.8961181640625,22.24085732809298,100.0,1,-2.02,2452.7123413085938,22.56238195578761,100.0,1,-2.3,2421.101318359375,23.560412699100308,100.0,1,-2.34,2432.650146484375,23.195790347697752,100.0,1,-2.48,2438.8392944335938,23.000385094974547,100.0,1,10
ZINC0000002609920,-1.56,2415.1649169921875,23.747838176555256,100.0,1,-1.71,2409.642639160156,23.922188847153137,100.0,1,-1.75,2385.2984008789062,24.69079093466697,100.0,1,-1.75,2424.7691040039062,23.44461249741105,100.0,1,-1.8,2418.499084472656,23.64257104697812,100.0,1,-1.8,2436.6189575195312,23.07048610069987,100.0,1,-1.82,2427.728576660156,23.35117532204107,100.0,1,-1.83,2400.4786376953125,24.21151688340078,100.0,1,-1.84,2411.2925415039062,23.87009773750536,100.0,1,-2.12,2419.4998168945312,23.61097568467474,100.0,1,10
ZINC0000002610050,-1.25,2432.5932006835938,23.197588254079125,100.0,1,-1.4,2433.1932373046875,23.178643755005908,100.0,1,-1.41,2437.567626953125,23.04053448345899,100.0,1,-1.44,2421.2697143554688,23.55509606061561,100.0,1,-1.49,2417.0574951171875,23.688085249359403,100.0,1,-1.53,2444.4512939453125,22.823201710142342,100.0,1,-1.79,2433.0912475585938,23.181863799553906,100.0,1,-1.87,2436.5269775390625,23.07339011454417,100.0,1,-1.94,2404.481689453125,24.08513158015429,100.0,1,-3.34,2463.565795898437,22.219714103209306,100.0,1,10
ZINC0000002610070,-1.35,2453.70849609375,22.53093111972068,100.0,1,-1.47,2458.2077026367188,22.388881099460026,100.0,1,-1.51,2468.0350646972656,22.078609284535005,100.0,1,-1.77,2448.8521728515625,22.684256113440533,100.0,1,-1.99,2437.675537109375,23.03712751831186,100.0,1,-2.05,2451.0030517578125,22.616348052476205,100.0,1,-2.06,2430.61474609375,23.26005249347069,100.0,1,-2.14,2455.6954956054688,22.468197098021083,100.0,1,-2.23,2479.581298828125,21.7140688313331,100.0,1,-5.72,362.1991882324219,0.0,0.0,1,10
ZINC0000002610110,-0.79,2417.13232421875,23.685722727147645,100.0,1,-0.8,2407.9281616210938,23.97631874024304,100.0,1,-0.83,2390.7957763671875,24.51722648679535,100.0,1,-0.86,2429.584228515625,23.292588239819207,100.0,1,-0.93,2411.6512451171875,23.858772661617525,100.0,1,-0.98,2412.252258300781,23.83979733028053,100.0,1,-1.05,2401.750061035156,24.171375202982283,100.0,1,-1.14,2433.854736328125,23.15775875033135,100.0,1,-1.29,2410.645568847656,23.890524112256266,100.0,1,-1.49,2418.5945434570312,23.639557193194115,100.0,1,10
ZINC0000002610550,-0.9,2406.865295410156,24.00987580532909,100.0,1,-1.4,2429.6251220703125,23.29129713877363,100.0,1,-1.5,2427.5984497070312,23.35528372118908,100.0,1,-1.57,2427.684875488281,23.352555065845,100.0,1,-1.58,2456.6998901367188,22.43648611472855,100.0,1,-1.59,2449.0938720703125,22.676625128156232,100.0,1,-1.79,2457.668884277344,22.40589280099785,100.0,1,-1.93,2439.8911743164062,22.96717489285596,100.0,1,-2.31,2466.1376953125,22.138513482525006,100.0,1,-5.45,362.1991882324219,0.0,0.0,1,10
ZINC0000002610580,-0.73,2403.630798339844,24.1119961169847,100.0,1,-0.74,2400.759155273437,24.202660315631423,100.0,1,-0.81,2396.915283203125,24.3240199598826,100.0,1,-0.96,2401.6007080078125,24.17609061232336,100.0,1,-0.96,2397.524353027344,24.304790262369465,100.0,1,-0.97,2411.224365234375,23.87225021492015,100.0,1,-0.97,2417.048583984375,23.68836659376635,100.0,1,-1.14,2394.994873046875,24.38465160659604,100.0,1,-1.17,2399.2693481445312,24.2496968610366,100.0,1,-1.69,2438.752014160156,23.00314072854944,100.0,1,10
ZINC0000002614850,-1.79,2376.8084716796875,24.95883700084396,100.0,1,-1.92,2383.0045776367188,24.76321206824136,100.0,1,-2.11,2399.7586059570312,24.23424989688535,100.0,1,-2.11,2391.824523925781,24.484746623924927,100.0,1,-2.37,2390.7365112304688,24.5190976198032,100.0,1,-2.39,2390.0221557617188,24.54165142075457,100.0,1,-2.62,2383.735656738281,24.74013026477284,100.0,1,-2.67,2408.0228881835938,23.973328010656864,100.0,1,-3.14,2397.992919921875,24.28999655680694,100.0,1,-3.23,2396.1860961914062,24.347042025840057,100.0,1,10
ZINC0000002619430,-1.6,2379.5138549804688,24.87342199510492,100.0,1,-1.81,2384.332092285156,24.721299459672284,100.0,1,-1.82,2376.8291015625,24.95818566927171,100.0,1,-1.83,2400.4302978515625,24.21304308045764,100.0,1,-1.88,2369.313537597656,25.19546884426724,100.0,1,-1.97,2394.2996826171875,24.40660032437083,100.0,1,-2.09,2373.017822265625,25.078516286719392,100.0,1,-2.19,2377.1986694335938,24.94651758444937,100.0,1,-2.47,2405.125,24.06482082639254,100.0,1,-2.99,2424.863220214844,23.441641037989744,100.0,1,10
ZINC0000002620610,-1.92,2425.4901123046875,23.42184865166271,100.0,1,-1.95,2438.378173828125,23.014943704525784,100.0,1,-1.97,2441.632080078125,22.91221060162765,100.0,1,-1.98,2430.3244018554688,23.26921931089428,100.0,1,-2.1,2441.829406738281,22.905980557328625,100.0,1,-2.11,2421.761962890625,23.53955467265656,100.0,1,-2.21,2420.1589965820312,23.59016390662665,100.0,1,-2.24,2400.0232543945312,24.22589435340233,100.0,1,-2.4,2439.7770385742188,22.97077841368465,100.0,1,-2.43,2411.960021972656,23.849023885215185,100.0,1,10
ZINC0000002620760,-1.88,2409.3519897460938,23.93136529965916,100.0,1,-1.9,2416.0382080078125,23.720266424674502,100.0,1,-1.91,2403.8113403320312,24.106296002219302,100.0,1,-2.03,2421.5338745117188,23.54675593326449,100.0,1,-2.08,2417.4293823242188,23.676343937910605,100.0,1,-2.24,2393.440673828125,24.433721154393872,100.0,1,-2.32,2430.288024902344,23.270367812719897,100.0,1,-2.36,2469.676513671875,22.02678506667053,100.0,1,-2.51,2418.2507934570312,23.6504101500429,100.0,1,-2.83,2438.0216674804688,23.02619940782013,100.0,1,10
ZINC0000002620910,-1.84,2424.1284790039062,23.46483846244742,100.0,1,-1.9,2404.1737060546875,24.09485530534232,100.0,1,-2.13,2412.3160400390625,23.837783598052727,100.0,1,-2.51,2432.664794921875,23.195327863741127,100.0,1,-2.51,2402.9546508789062,24.13334360561588,100.0,1,-2.52,2435.7099609375,23.099185157224888,100.0,1,-2.56,2441.3168334960938,22.9221636417775,100.0,1,-2.62,2437.2275390625,23.05127181931861,100.0,1,-2.76,2445.3472900390625,22.794913108128824,100.0,1,-4.2,2470.39892578125,22.00397689954301,100.0,1,10
ZINC0000002621780,-1.79,2432.6961669921875,23.19433737726736,100.0,1,-1.95,2427.085327148437,23.37148414878633,100.0,1,-1.97,2420.6304321289062,23.575279631289288,100.0,1,-2.1,2419.6602783203125,23.605909558333217,100.0,1,-2.38,2412.1339721679688,23.843531888230267,100.0,1,-2.47,2421.1383666992188,23.559243000093343,100.0,1,-2.76,2420.810302734375,23.56960071370524,100.0,1,-2.92,2429.4072265625,23.29817658762841,100.0,1,-2.98,2425.577514648437,23.419089164054853,100.0,1,-3.06,2417.4842529296875,23.67461155008975,100.0,1,10
ZINC0000002639300,-0.54,2389.0851440429688,24.57123497784664,100.0,1,-0.65,2440.490173339844,22.948263153063,100.0,1,-0.67,2436.682373046875,23.06848393057098,100.0,1,-0.92,2397.4108276367188,24.3083745130333,100.0,1,-1.46,2450.686462402344,22.626343486988745,100.0,1,-2.08,2417.3094482421875,23.680130525305465,100.0,1,-2.27,2438.2322998046875,23.01954927392717,100.0,1,-2.47,2419.5322265625,23.609952438920708,100.0,1,-2.57,2439.3722534179688,22.98355838701937,100.0,1,-2.69,2456.099914550781,22.45542868678528,100.0,1,10
ZINC0000002639700,-0.49,2414.7478637695312,23.761005480203647,100.0,1,-0.6,2423.9937744140625,23.46909138783188,100.0,1,-1.08,2368.250366210937,25.229035544435728,100.0,1,-1.19,2383.940673828125,24.733657416396586,100.0,1,-1.67,2418.7996826171875,23.63308049078489,100.0,1,-1.86,2437.5108642578125,23.042326608790912,100.0,1,-1.93,2418.116455078125,23.65465151332844,100.0,1,-1.97,2354.400146484375,25.666317979456927,100.0,1,-2.26,2418.968078613281,23.6277638523002,100.0,1,-2.46,2463.702880859375,22.2153860241819,100.0,1,10
ZINC0000002656080,-0.76,2410.30224609375,23.90136357998965,100.0,1,-1.1,2443.720458984375,22.84627580554492,100.0,1,-1.1,2431.549072265625,23.23055372510401,100.0,1,-1.12,2405.5845336914062,24.050312319269946,100.0,1,-1.56,2472.682678222656,21.93187372368881,100.0,1,-1.67,2456.7456665039062,22.4350408523641,100.0,1,-2.43,2466.5455322265625,22.12563715836599,100.0,1,-2.51,2430.543701171875,23.26229554066032,100.0,1,-3.25,2467.1102294921875,22.107808401838128,100.0,1,-3.75,2470.6818237304688,21.995045178130702,100.0,1,10
ZINC0000002682850,-2.12,2476.8814697265625,21.799308478571923,100.0,1,-2.3,2479.8238525390625,21.706410867818,100.0,1,-2.36,2488.8321533203125,21.421998650625977,100.0,1,-2.63,2488.811798095703,21.42264131062404,100.0,1,-2.65,2488.9669494628906,21.41774283471679,100.0,1,-2.68,2500.471923828125,21.05450504465938,100.0,1,-2.83,2496.831268310547,21.169448687520635,100.0,1,-3.01,2488.6951293945312,21.4263248026369,100.0,1,-3.09,2462.8240966796875,22.243131207546384,100.0,1,-4.22,2526.703521728516,20.22631478985924,100.0,1,10
ZINC0000002687750,-1.04,2429.91455078125,23.28215922659733,100.0,1,-1.09,2388.230407714844,24.598220916715658,100.0,1,-1.68,2395.9791259765625,24.353576538743862,100.0,1,-1.77,2424.082092285156,23.466302994976733,100.0,1,-1.93,2414.922607421875,23.755488432004416,100.0,1,-1.97,2404.118225097656,24.09660696332803,100.0,1,-2.07,2386.8966064453125,24.64033200798278,100.0,1,-2.23,2377.9591674804688,24.922506959034635,100.0,1,-2.87,2389.119873046875,24.570138505466137,100.0,1,-1000.0,362.1991882324219,0.0,0.0,0,9
ZINC0000002727570,-3.07,2474.963287353516,21.859869789183627,100.0,1,-3.14,2497.7761840820312,21.13961558179364,100.0,1,-3.19,2471.136932373047,21.980676379703336,100.0,1,-3.19,2498.4321899414062,21.11890400860282,100.0,1,-3.21,2481.9593200683594,21.63898937851637,100.0,1,-3.24,2485.269897460937,21.534467040811048,100.0,1,-3.4,2493.989532470703,21.25916864808925,100.0,1,-3.41,2502.9600830078125,20.975948290593777,100.0,1,-3.54,2500.505126953125,21.05345674769103,100.0,1,-3.69,2491.007598876953,21.35331496552606,100.0,1,10
ZINC0000002733990,-0.64,2473.191436767578,21.9158110777703,100.0,1,-1.49,2474.650115966797,21.86975731077296,100.0,1,-1.57,2487.632232666016,21.4598828312312,100.0,1,-1.58,2489.845733642578,21.389997651352303,100.0,1,-1.8,2495.255157470703,21.21921003423692,100.0,1,-1.86,2489.707336425781,21.39436716123416,100.0,1,-2.09,2500.6934509277344,21.04751093832368,100.0,1,-2.1,2495.414459228516,21.21418052120863,100.0,1,-2.11,2506.7637939453125,20.85585662319035,100.0,1,-2.23,2501.2047119140625,21.03136928472925,100.0,1,10
ZINC0000002742950,-1.64,2418.107727050781,23.65492707668593,100.0,1,-1.72,2415.5883178710938,23.734470463192327,100.0,1,-1.88,2416.453369140625,23.70715885853718,100.0,1,-2.27,2426.3775634765625,23.393829831957223,100.0,1,-2.33,2394.6482543945312,24.39559513321966,100.0,1,-2.45,2405.7028198242188,24.0465777613202,100.0,1,-2.84,2380.275451660156,24.849376683393427,100.0,1,-3.01,2389.423583984375,24.560549671432128,100.0,1,-3.97,2459.1810913085938,22.358149040542347,100.0,1,-4.44,2453.2700805664062,22.544772879139146,100.0,1,10
ZINC0000002775040,-1.31,2359.5298461914062,25.50436187889657,100.0,1,-1.5,2395.044982910156,24.383069526061085,100.0,1,-1.52,2388.325500488281,24.59521862503057,100.0,1,-1.56,2385.981201171875,24.669233401238824,100.0,1,-1.57,2389.095458984375,24.57090931206051,100.0,1,-1.7,2371.916320800781,25.11329315324105,100.0,1,-1.74,2380.0008544921875,24.85804633056365,100.0,1,-1.77,2378.117492675781,24.917508278270123,100.0,1,-1.79,2385.75830078125,24.676270865445456,100.0,1,-3.2,2424.8680419921875,23.44148880368736,100.0,1,10
ZINC0000002793150,-1.23,2434.7769165039062,23.128643458245367,100.0,1,-1.66,2408.1163330078125,23.970377748416897,100.0,1,-1.71,2334.7283935546875,26.28739924690654,100.0,1,-2.25,2353.701110839844,25.68838809927033,100.0,1,-2.62,2364.7702026367188,25.33891209744722,100.0,1,-2.72,2397.1626586914062,24.316209762065107,100.0,1,-2.84,2324.261474609375,26.617863304079425,100.0,1,-2.98,2358.672241210937,25.53143838754044,100.0,1,-2.99,2425.0361328125,23.43618180028509,100.0,1,-3.05,2338.264709472656,26.17574983872799,100.0,1,10
ZINC0000002813560,-0.53,2424.2188720703125,23.46198455103175,100.0,1,-0.58,2374.470642089844,25.032647513304703,100.0,1,-0.68,2417.128295898437,23.68584991023572,100.0,1,-1.01,2396.5252075195312,24.336335522244205,100.0,1,-1.17,2403.414306640625,24.11883124446031,100.0,1,-1.2,2387.232421875,24.62972956327717,100.0,1,-1.21,2402.0641479492188,24.161458776145665,100.0,1,-1.61,2409.645812988281,23.92208864229587,100.0,1,-1.66,2393.6544799804688,24.42697081564364,100.0,1,-1.84,2412.892822265625,23.81957329226065,100.0,1,10
ZINC0000002850800,-0.8,2424.8678588867188,23.44149458473681,100.0,1,-0.87,2396.2426147460938,24.345257608574084,100.0,1,-1.06,2393.02587890625,24.44681715843228,100.0,1,-1.37,2410.423217773437,23.897544233314523,100.0,1,-1.45,2424.3609619140625,23.45749845665249,100.0,1,-1.69,2469.6040649414062,22.02907243523933,100.0,1,-2.03,2431.884521484375,23.21996284249731,100.0,1,-2.26,2460.0720825195312,22.33001845388068,100.0,1,-2.27,2423.1264038085938,23.49647621911349,100.0,1,-2.29,2439.2936401367188,22.98604038425325,100.0,1,10
ZINC0000002903580,-1.69,2472.9342651367188,21.923930561733783,100.0,1,-1.72,2470.9954528808594,21.98514320391773,100.0,1,-1.78,2472.9155883789062,21.92452022877848,100.0,1,-1.94,2480.885223388672,21.672901014635844,100.0,1,-1.97,2471.9417419433594,21.955266740319807,100.0,1,-2.04,2471.3716735839844,21.973265074298435,100.0,1,-2.06,2477.2730712890625,21.78694474079817,100.0,1,-2.12,2475.9373474121094,21.8291165330846,100.0,1,-2.16,2470.676727294922,21.99520608400728,100.0,1,-2.79,2495.20068359375,21.220929896450613,100.0,1,10
ZINC0000002923700,-0.86,2418.434631347656,23.644605976387265,100.0,1,-0.89,2435.2885131835938,23.112491206060263,100.0,1,-0.95,2416.190368652344,23.71546237257507,100.0,1,-1.09,2407.5118408203125,23.98946291969359,100.0,1,-1.24,2434.2728881835938,23.144556760386216,100.0,1,-1.25,2433.155212402344,23.179844286276644,100.0,1,-1.34,2419.4814453125,23.611555716637007,100.0,1,-1.34,2422.7222900390625,23.509234995266866,100.0,1,-1.38,2426.6900634765625,23.38396350754924,100.0,1,-1.92,2424.9425659179688,23.439135916558023,100.0,1,10
ZINC0000002935950,-1.82,2427.084350585937,23.371514981050108,100.0,1,-1.99,2414.817749023437,23.75879904632725,100.0,1,-2.01,2406.7592163085938,24.01322495998165,100.0,1,-2.02,2398.897216796875,24.26144588055134,100.0,1,-2.11,2416.095092773437,23.718470445309613,100.0,1,-2.13,2425.3780517578125,23.42538665393089,100.0,1,-2.3,2405.9295043945312,24.03942082209144,100.0,1,-2.3,2409.8336791992188,23.916157285552163,100.0,1,-2.34,2405.6842651367188,24.047163574331925,100.0,1,-2.43,2403.8169555664062,24.1061187167026,100.0,1,10
ZINC0000002940270,-1.92,2382.1875,24.789009037938563,100.0,1,-1.93,2416.3480834960938,23.71048296197542,100.0,1,-1.93,2414.215209960937,23.7778225530764,100.0,1,-1.97,2415.6154174804688,23.73361486787257,100.0,1,-1.98,2390.598876953125,24.52344304197897,100.0,1,-2.01,2410.289428710937,23.90176825345169,100.0,1,-2.07,2415.9259033203125,23.723812135008625,100.0,1,-2.09,2420.87451171875,23.56757349236204,100.0,1,-2.25,2428.088928222656,23.33979821670811,100.0,1,-2.68,2440.1053466796875,22.960412992006813,100.0,1,10
ZINC0000002940990,-1.51,2478.695373535156,21.74203947562644,100.0,1,-1.54,2479.250732421875,21.72450555262092,100.0,1,-1.58,2467.562866210937,22.09351764757844,100.0,1,-1.69,2469.429443359375,22.0345856294056,100.0,1,-1.72,2495.109161376953,21.223819457671272,100.0,1,-1.92,2496.1207275390625,21.19188204994164,100.0,1,-2.15,2494.167297363281,21.25355621257397,100.0,1,-2.41,2500.063781738281,21.06739100390082,100.0,1,-2.52,2492.6539306640625,21.30133658634271,100.0,1,-2.52,2465.953369140625,22.144333072312527,100.0,1,10
ZINC0000002942500,-1.21,2392.4546508789062,24.46485210572414,100.0,1,-1.75,2390.7694091796875,24.51805895791728,100.0,1,-2.11,2394.030639648437,24.41509461304083,100.0,1,-2.34,2393.047180175781,24.44614462967869,100.0,1,-2.4,2397.3232421875,24.311139781690617,100.0,1,-2.61,2388.538024902344,24.58850875362655,100.0,1,-2.71,2409.228759765625,23.93525594594426,100.0,1,-2.73,2402.897705078125,24.13514151199725,100.0,1,-2.77,2399.8126220703125,24.232544487295296,100.0,1,-3.64,2447.315185546875,22.73278224258933,100.0,1,10
ZINC0000002956260,-0.78,2398.598999023437,24.270861283101613,100.0,1,-0.93,2400.7291870117188,24.20360648072602,100.0,1,-1.01,2404.6923828125,24.078479519244844,100.0,1,-1.15,2413.4822998046875,23.800962167039494,100.0,1,-1.17,2409.585876464844,23.92398097248505,100.0,1,-1.27,2387.576538085937,24.61886504432947,100.0,1,-1.27,2412.228454589844,23.840548866710044,100.0,1,-1.36,2417.6002197265625,23.670950218766475,100.0,1,-2.0,2450.7526245117188,22.624254601118,100.0,1,-3.32,2467.5546875,22.09377586778756,100.0,1,10
ZINC0000002996890,-0.65,2490.791320800781,21.36014334844397,100.0,1,-0.78,2490.0411682128906,21.383827344564345,100.0,1,-0.81,2491.531982421875,21.336759003387154,100.0,1,-0.85,2497.4177856445312,21.15093102259905,100.0,1,-0.99,2474.40283203125,21.87756461806572,100.0,1,-1.17,2503.4080810546875,20.96180398958702,100.0,1,-1.2,2491.249237060547,21.345685907258247,100.0,1,-1.45,2493.2117614746094,21.283724619169515,100.0,1,-1.45,2499.0635986328125,21.098969023055822,100.0,1,-1.5,2493.8373413085938,21.263973663696927,100.0,1,10
ZINC0000003015440,-1.65,2499.1319580078125,21.09681076459158,100.0,1,-1.69,2495.033264160156,21.22621570267153,100.0,1,-1.73,2485.4810180664062,21.527801490786203,100.0,1,-1.76,2494.77734375,21.23429568279705,100.0,1,-1.76,2481.085205078125,21.66658714511968,100.0,1,-2.14,2498.6437377929688,21.11222496946257,100.0,1,-2.21,2500.2321166992188,21.06207629243261,100.0,1,-2.43,2479.81005859375,21.70684637354382,100.0,1,-2.46,2472.194091796875,21.94729949065871,100.0,1,-2.52,2477.32080078125,21.78543781390617,100.0,1,10
ZINC0000003029100,-1.32,2386.5565185546875,24.65106934384241,100.0,1,-1.54,2380.184936523437,24.85223444884207,100.0,1,-1.85,2396.902648925781,24.32441885229519,100.0,1,-2.15,2387.3927612304688,24.62466729096862,100.0,1,-2.22,2350.17626953125,25.79967522834953,100.0,1,-2.7,2397.4278564453125,24.30783687543372,100.0,1,-3.14,2365.685302734375,25.310020339273603,100.0,1,-3.19,2360.730712890625,25.466447829535817,100.0,1,-3.51,2396.6141357421875,24.3335278592242,100.0,1,-4.19,2406.25,24.0293020585238,100.0,1,10
ZINC0000003052160,-0.8,2385.773742675781,24.67578333027452,100.0,1,-0.88,2405.6845703125,24.04715393924949,100.0,1,-0.89,2387.877319335937,24.609368707086787,100.0,1,-0.95,2398.093078613281,24.286834322753524,100.0,1,-1.06,2417.0821533203125,23.687306734699085,100.0,1,-1.39,2425.212646484375,23.43060886860777,100.0,1,-2.06,2433.9459838867188,23.15487786068488,100.0,1,-2.17,2449.823547363281,22.653587646066885,100.0,1,-2.25,2459.6209106445312,22.344262959744704,100.0,1,-3.0,2487.3338623046875,21.46930305132269,100.0,1,10
ZINC0000003072300,-1.04,2392.318420410156,24.469153206520748,100.0,1,-1.17,2384.9180908203125,24.702798174390832,100.0,1,-1.49,2409.78173828125,23.917797176581693,100.0,1,-1.72,2404.113342285156,24.096761124646903,100.0,1,-1.93,2443.766357421875,22.8448266891475,100.0,1,-2.1,2432.10107421875,23.21312578800521,100.0,1,-2.12,2425.481750488281,23.422112652921285,100.0,1,-2.24,2425.906494140625,23.408702545195663,100.0,1,-2.3,2423.901733398437,23.471997328692662,100.0,1,-2.31,2418.249755859375,23.65044290932316,100.0,1,10
ZINC0000003072360,-1.26,2396.272827148437,24.344303735413543,100.0,1,-1.45,2370.887084960937,25.145788432243364,100.0,1,-1.46,2379.5494384765625,24.872298544493614,100.0,1,-1.62,2366.3271484375,25.28975583390752,100.0,1,-2.23,2368.4810791015625,25.2217514221189,100.0,1,-2.41,2393.056945800781,24.445836307040945,100.0,1,-2.47,2414.541748046875,23.767513014876645,100.0,1,-2.49,2421.1549072265625,23.558720778625656,100.0,1,-2.89,2421.3200073242188,23.553508199031203,100.0,1,-2.91,2404.7931518554688,24.075298015026565,100.0,1,10
ZINC0000003072500,-1.19,2438.010803222656,23.026542416754623,100.0,1,-1.43,2435.5626220703125,23.10383697502193,100.0,1,-1.44,2429.625366210937,23.29128943070769,100.0,1,-1.44,2428.87939453125,23.31484142619877,100.0,1,-1.64,2415.5118408203125,23.736885014849204,100.0,1,-1.78,2402.3084716796875,24.153744929152467,100.0,1,-2.06,2439.9188232421875,22.966301954387827,100.0,1,-2.07,2441.634704589844,22.91212773991876,100.0,1,-2.09,2436.0170288085938,23.08949033728416,100.0,1,-2.56,2466.3717651367188,22.13112337430145,100.0,1,10
ZINC0000003072570,-0.73,2383.8239135742188,24.737343798934177,100.0,1,-1.23,2409.3873901367188,23.93024763009732,100.0,1,-1.39,2403.1109619140625,24.128408516395403,100.0,1,-1.61,2380.69921875,24.835997407931583,100.0,1,-1.72,2392.6131591796875,24.45984764391017,100.0,1,-1.76,2432.0419921875,23.2149911399636,100.0,1,-1.83,2412.711975097656,23.82528304210847,100.0,1,-2.06,2384.355834960937,24.720549850259257,100.0,1,-2.1,2402.212951660156,24.156760709952955,100.0,1,-2.28,2422.052978515625,23.53036665805162,100.0,1,10
ZINC0000003078780,-0.77,2429.329162597656,23.30064124171393,100.0,1,-0.87,2415.2254638671875,23.745926576201207,100.0,1,-1.18,2438.3209228515625,23.01675124598959,100.0,1,-1.2,2419.572509765625,23.60868060804,100.0,1,-1.36,2432.6880493164062,23.194593670459987,100.0,1,-1.39,2430.8646850585938,23.252161360960788,100.0,1,-1.4,2434.965881347656,23.122677415204915,100.0,1,-1.56,2451.147216796875,22.611796439536427,100.0,1,-1.57,2441.287414550781,22.92309246372372,100.0,1,-1.88,2400.1619262695312,24.22151617194629,100.0,1,10
ZINC0000003162330,-1.08,2386.7413940429688,24.645232410906512,100.0,1,-1.2,2401.317443847656,24.185033895834582,100.0,1,-1.26,2413.9644165039062,23.78574066381709,100.0,1,-1.83,2412.803466796875,23.822394444396057,100.0,1,-2.04,2416.3112182617188,23.71164687993292,100.0,1,-2.06,2446.7495727539062,22.750639904364483,100.0,1,-2.11,2407.9400024414062,23.97594489904476,100.0,1,-2.33,2463.7601928710938,22.213576555701607,100.0,1,-2.39,2462.3619384765625,22.25772257637788,100.0,1,-2.53,2467.90234375,22.08279958188368,100.0,1,10
ZINC0000003162500,-1.27,2410.6316528320312,23.890963472015056,100.0,1,-1.41,2400.7564697265625,24.202745104356808,100.0,1,-1.65,2400.370483398437,24.21493155661385,100.0,1,-1.65,2395.441162109375,24.370561262050884,100.0,1,-1.7,2400.0206298828125,24.225977215111232,100.0,1,-1.71,2412.89404296875,23.81953475193093,100.0,1,-1.72,2401.580017089844,24.17674387091209,100.0,1,-1.77,2409.81396484375,23.91677971187712,100.0,1,-1.84,2406.683532714844,24.015614460424207,100.0,1,-2.35,2417.8754272460938,23.6622613014314,100.0,1,10
ZINC0000003162960,-0.87,2403.66064453125,24.11105380592308,100.0,1,-1.38,2405.8887939453125,24.04070614208756,100.0,1,-1.46,2375.697326660156,24.993918335970392,100.0,1,-1.53,2410.403625488281,23.898162805606507,100.0,1,-1.65,2404.816650390625,24.07455611367948,100.0,1,-1.93,2399.8920288085938,24.23003743884709,100.0,1,-2.18,2409.1414794921875,23.938011579519145,100.0,1,-2.25,2407.1590576171875,24.00060107498229,100.0,1,-2.5,2404.9051513671875,24.07176193977488,100.0,1,-3.12,2426.9539794921875,23.37563108826406,100.0,1,10
ZINC0000003163010,-1.07,2411.5814819335938,23.860975241460945,100.0,1,-1.13,2427.428649902344,23.36064468105295,100.0,1,-1.23,2384.525390625,24.715196598461333,100.0,1,-1.38,2398.1217651367188,24.28592862500513,100.0,1,-1.54,2414.7926635742188,23.75959105010297,100.0,1,-1.97,2409.5717163085938,23.92442804030979,100.0,1,-2.07,2422.6322631835938,23.512077344583616,100.0,1,-2.22,2400.9215698242188,24.197532524762355,100.0,1,-2.25,2403.173828125,24.12642368941489,100.0,1,-2.31,2411.200500488281,23.87300367836615,100.0,1,10
ZINC0000003170520,-1.26,2411.744506835937,23.85582818042701,100.0,1,-1.33,2387.75439453125,24.61324971828946,100.0,1,-1.42,2378.0602416992188,24.919315819733928,100.0,1,-1.53,2384.74853515625,24.70815142618876,100.0,1,-1.58,2388.1510620117188,24.60072603814737,100.0,1,-1.61,2391.5020751953125,24.49492705202012,100.0,1,-1.64,2392.437255859375,24.46540130542263,100.0,1,-2.64,2396.4259643554688,24.33946885105033,100.0,1,-2.97,2400.279052734375,24.217818227309785,100.0,1,-3.67,2435.785888671875,23.096787948716383,100.0,1,10
Zotepine,-0.67,2481.088836669922,21.666472487638767,100.0,1,-0.77,2481.8021850585938,21.64395048245941,100.0,1,-0.78,2476.4646606445312,21.81246807415437,100.0,1,-0.89,2472.3687133789062,21.94178629649245,100.0,1,-0.96,2481.8890991210938,21.64120641098344,100.0,1,-0.99,2472.048217773437,21.95190506006009,100.0,1,-1.03,2480.0824584960938,21.698246098967097,100.0,1,-1.03,2500.0829162597656,21.06678688423248,100.0,1,-1.21,2496.569549560547,21.17771173421232,100.0,1,-1.39,2514.592529296875,20.60868592660549,100.0,1,10
