Compounds,Confidence_score_rank1,Unoccupied_rank1,Occupancy_rank1,%atoms_rank1,Final_rank1,Confidence_score_rank2,Unoccupied_rank2,Occupancy_rank2,%atoms_rank2,Final_rank2,Confidence_score_rank3,Unoccupied_rank3,Occupancy_rank3,%atoms_rank3,Final_rank3,Confidence_score_rank4,Unoccupied_rank4,Occupancy_rank4,%atoms_rank4,Final_rank4,Confidence_score_rank5,Unoccupied_rank5,Occupancy_rank5,%atoms_rank5,Final_rank5,Confidence_score_rank6,Unoccupied_rank6,Occupancy_rank6,%atoms_rank6,Final_rank6,Confidence_score_rank7,Unoccupied_rank7,Occupancy_rank7,%atoms_rank7,Final_rank7,Confidence_score_rank8,Unoccupied_rank8,Occupancy_rank8,%atoms_rank8,Final_rank8,Confidence_score_rank9,Unoccupied_rank9,Occupancy_rank9,%atoms_rank9,Final_rank9,Confidence_score_rank10,Unoccupied_rank10,Occupancy_rank10,%atoms_rank10,Final_rank10,Satisfied_count
CHEMBL101512,-0.77,1882.8717041015625,0.0002722936009642,0.0,1,-1.39,1882.8704833984373,0.0003371254107176,0.0,1,-1.43,1882.8695068359373,0.0003889908585203,0.0,1,-1.49,1882.8724975585933,0.0002301529246245,0.0,1,-1.62,1882.8701171875,0.0003565749536436,0.0,1,-1.66,1882.8713989257808,0.0002885015534025,0.0,1,-2.15,1882.8707275390625,0.0003241590487669,0.0,1,-2.17,1882.8718872070312,0.0002625688295012,0.0,1,-2.18,1882.872009277344,0.0002560856485258,0.0,1,-2.68,1882.8712768554688,0.0002949847343779,0.0,1,10
CHEMBL107753,-0.12,1882.8768310546875,0.0,0.0,1,-0.57,1882.8768310546875,0.0,0.0,1,-0.77,1882.8765258789065,1.6207952438347055e-05,0.0,1,-0.86,1882.87631225586,2.755351914519e-05,0.0,1,-1.0,1882.875915527344,4.8623857315041175e-05,0.0,1,-1.1,1882.8767700195312,3.241590487669412e-06,0.0,1,-1.1,1882.876708984375,6.483180975338823e-06,0.0,1,-1.32,1882.8768310546875,0.0,0.0,1,-3.4,1882.8768310546875,0.0,0.0,1,-3.62,1882.8766784667969,8.103976219173527e-06,0.0,1,10
CHEMBL120897,-0.43,1882.8734130859373,0.0001815290673094,0.0,1,-0.45,1882.8737182617188,0.0001653211148711,0.0,1,-0.6,1882.8721923828125,0.0002463608770628,0.0,1,-0.93,1882.8729248046875,0.0002074617912108,0.0,1,-0.95,1882.873107910156,0.0001977370197478,0.0,1,-0.99,1882.8733520507808,0.0001847706577971,0.0,1,-1.19,1882.8721923828125,0.0002463608770628,0.0,1,-1.24,1882.8717651367188,0.0002690520104765,0.0,1,-1.45,1882.872985839844,0.0002042202007231,0.0,1,-3.0,1882.8731689453125,0.0001944954292601,0.0,1,10
CHEMBL120949,-0.83,1882.8729248046875,0.0002074617912108,0.0,1,-0.83,1882.8719482421875,0.0002593272390135,0.0,1,-1.11,1882.873779296875,0.0001620795243834,0.0,1,-1.14,1882.8717651367188,0.0002690520104765,0.0,1,-1.14,1882.8726196289065,0.0002236697436491,0.0,1,-1.23,1882.873291015625,0.0001880122482848,0.0,1,-1.34,1882.873107910156,0.0001977370197478,0.0,1,-1.4,1882.8724365234373,0.0002333945151121,0.0,1,-1.41,1882.8720703125,0.0002528440580382,0.0,1,-2.61,1882.87353515625,0.0001750458863341,0.0,1,10
CHEMBL140527,-0.3,1882.8768310546875,0.0,0.0,1,-0.34,1882.8768310546875,0.0,0.0,1,-0.48,1882.8768310546875,0.0,0.0,1,-0.49,1882.8768310546875,0.0,0.0,1,-0.56,1882.8768310546875,0.0,0.0,1,-0.57,1882.8768310546875,0.0,0.0,1,-1.01,1882.8768310546875,0.0,0.0,1,-2.09,1827.4172973632808,2.9454679550303227,3.8461538461538463,1,-2.09,1882.8768310546875,0.0,0.0,1,-5.74,1882.8768310546875,0.0,0.0,1,10
CHEMBL142436,-0.71,1882.8768310546875,0.0,0.0,1,-0.72,1882.8768310546875,0.0,0.0,1,-0.76,1882.8768310546875,0.0,0.0,1,-0.82,1882.87646484375,1.9449542926016468e-05,0.0,1,-0.84,1882.8768310546875,0.0,0.0,1,-0.85,1882.8768310546875,0.0,0.0,1,-0.88,1882.8768310546875,0.0,0.0,1,-0.92,1882.8768310546875,0.0,0.0,1,-2.44,1882.8751831054688,8.75229431670741e-05,0.0,1,-3.9,1882.8768310546875,0.0,0.0,1,10
CHEMBL155642,-0.08,1882.8715209960933,0.0002820183724272,0.0,1,-0.24,1882.8716430664065,0.0002755351914518,0.0,1,-0.31,1882.8734130859373,0.0001815290673094,0.0,1,-0.37,1882.8712158203125,0.0002982263248655,0.0,1,-0.4,1882.8740234375,0.0001491131624327,0.0,1,-0.79,1882.871154785156,0.0003014679153532,0.0,1,-1.23,1882.8722534179688,0.0002431192865752,0.0,1,-1.36,1882.872131347656,0.0002496024675505,0.0,1,-1.42,1882.8726196289065,0.0002236697436491,0.0,1,-1.5,1882.87353515625,0.0001750458863341,0.0,1,10
CHEMBL168307,-0.2,1882.8768310546875,0.0,0.0,1,-0.22,1882.8768310546875,0.0,0.0,1,-0.24,1882.8768310546875,0.0,0.0,1,-0.56,1882.875762939453,5.672783353421469e-05,0.0,1,-0.61,1882.8738708496087,0.0001572171386519,0.0,1,-0.62,1882.8768310546875,0.0,0.0,1,-1.08,1882.8741149902344,0.0001442507767012,0.0,1,-1.65,1882.875030517578,9.562691938624764e-05,0.0,1,-2.02,1882.8757934570312,5.510703829037999e-05,0.0,1,-2.27,1882.8755798339844,6.645260499722293e-05,0.0,1,10
CHEMBL170906,-0.52,1882.8768310546875,0.0,0.0,1,-0.84,1882.8764038085933,2.269113341368588e-05,0.0,1,-1.05,1882.8768310546875,0.0,0.0,1,-1.42,1882.876037597656,4.214067633970235e-05,0.0,1,-1.49,1882.8768310546875,0.0,0.0,1,-1.74,1882.8768310546875,0.0,0.0,1,-1.76,1882.8768310546875,0.0,0.0,1,-1.79,1882.876037597656,4.214067633970235e-05,0.0,1,-2.01,1882.8768310546875,0.0,0.0,1,-2.16,1882.8768310546875,0.0,0.0,1,10
CHEMBL250383,-0.43,1882.8724365234373,0.0002333945151121,0.0,1,-0.69,1882.875061035156,9.400612414241292e-05,0.0,1,-0.73,1882.8746337890625,0.000116697257556,0.0,1,-0.74,1882.8744506835933,0.0001264220290191,0.0,1,-0.81,1882.8768310546875,0.0,0.0,1,-1.17,1882.8756103515625,6.483180975338822e-05,0.0,1,-1.23,1882.8746948242188,0.0001134556670684,0.0,1,-1.26,1882.876037597656,4.214067633970235e-05,0.0,1,-1.41,1882.8737182617188,0.0001653211148711,0.0,1,-3.03,1882.8746948242188,0.0001134556670684,0.0,1,10
CHEMBL253153,-1.92,1882.873291015625,0.0001880122482848,0.0,1,-1.94,1882.87353515625,0.0001750458863341,0.0,1,-1.97,1882.872985839844,0.0002042202007231,0.0,1,-2.09,1882.8743286132808,0.0001329052099944,0.0,1,-2.21,1882.8729248046875,0.0002074617912108,0.0,1,-2.21,1882.8743286132808,0.0001329052099944,0.0,1,-2.28,1882.8732299804688,0.0001912538387724,0.0,1,-2.4,1882.8748779296875,0.0001037308956054,0.0,1,-2.5,1882.8746337890625,0.000116697257556,0.0,1,-2.72,1882.8768310546875,0.0,0.0,1,10
CHEMBL253357,-2.14,1882.8719482421875,0.0002593272390135,0.0,1,-2.19,1882.8722534179688,0.0002431192865752,0.0,1,-2.78,1882.873107910156,0.0001977370197478,0.0,1,-2.87,1882.874938964844,0.0001004893051177,0.0,1,-3.2,1882.8746337890625,0.000116697257556,0.0,1,-3.36,1882.8744506835933,0.0001264220290191,0.0,1,-3.47,1882.8743896484373,0.0001296636195067,0.0,1,-3.49,1882.8734130859373,0.0001815290673094,0.0,1,-3.54,1882.8743286132808,0.0001329052099944,0.0,1,-3.61,1882.8744506835933,0.0001264220290191,0.0,1,10
CHEMBL295717,-0.71,1882.873291015625,0.0001880122482848,0.0,1,-0.76,1882.8740234375,0.0001491131624327,0.0,1,-0.8,1882.8732299804688,0.0001912538387724,0.0,1,-0.88,1882.873779296875,0.0001620795243834,0.0,1,-1.05,1882.8735961914065,0.0001718042958464,0.0,1,-1.21,1882.8741455078125,0.0001426299814574,0.0,1,-1.38,1882.8735961914065,0.0001718042958464,0.0,1,-1.43,1882.875915527344,4.8623857315041175e-05,0.0,1,-1.53,1882.8738403320312,0.0001588379338958,0.0,1,-1.93,1882.8738403320312,0.0001588379338958,0.0,1,10
CHEMBL296765,0.13,1882.8768310546875,0.0,0.0,1,-0.55,1882.8768310546875,0.0,0.0,1,-0.64,1882.8768310546875,0.0,0.0,1,-0.83,1882.8766479492188,9.724771463008234e-06,0.0,1,-0.85,1882.8768310546875,0.0,0.0,1,-1.09,1882.8768310546875,0.0,0.0,1,-1.28,1882.876739501953,4.862385731504117e-06,0.0,1,-1.53,1882.8765258789065,1.6207952438347055e-05,0.0,1,-2.22,1882.8768310546875,0.0,0.0,1,-3.21,1882.8768310546875,0.0,0.0,1,10
CHEMBL296915,-0.4,1882.867248535156,0.000508929706564,0.0,1,-0.52,1882.867919921875,0.0004732722111997,0.0,1,-0.55,1882.867248535156,0.000508929706564,0.0,1,-0.72,1882.8662109375,0.0005640367448544,0.0,1,-0.85,1882.867431640625,0.000499204935101,0.0,1,-0.93,1882.866455078125,0.0005510703829037,0.0,1,-1.19,1882.8675537109373,0.0004927217541257,0.0,1,-1.19,1882.867431640625,0.000499204935101,0.0,1,-1.25,1882.867431640625,0.000499204935101,0.0,1,-1.93,1882.8659057617188,0.0005802446972928,0.0,1,10
CHEMBL298174,0.23,1882.8668823242188,0.0005283792494901,0.0,1,0.21,1882.8670654296875,0.0005186544780271,0.0,1,0.07,1882.868225097656,0.0004570642587613,0.0,1,-0.11,1882.867248535156,0.000508929706564,0.0,1,-0.86,1882.867919921875,0.0004732722111997,0.0,1,-1.34,1882.8656005859373,0.0005964526497311,0.0,1,-1.43,1882.8677978515625,0.000479755392175,0.0,1,-1.79,1882.8676147460933,0.000489480163638,0.0,1,-2.81,1882.8660278320312,0.0005737615163174,0.0,1,-2.98,1882.8676147460933,0.000489480163638,0.0,1,10
CHEMBL298482,-0.25,1882.87060546875,0.0003306422297422,0.0,1,-0.32,1882.8687133789065,0.00043113153486,0.0,1,-0.46,1882.868896484375,0.000421406763397,0.0,1,-0.51,1882.8692626953125,0.000401957220471,0.0,1,-0.52,1882.8683471679688,0.000450581077786,0.0,1,-0.55,1882.868408203125,0.0004473394872983,0.0,1,-0.78,1882.8682861328125,0.0004538226682737,0.0,1,-0.82,1882.8694458007808,0.0003922324490079,0.0,1,-1.15,1882.870361328125,0.0003436085916929,0.0,1,-2.6,1882.868103027344,0.0004635474397367,0.0,1,10
CHEMBL300495,-0.16,1882.866149902344,0.0005672783353421,0.0,1,-0.16,1882.8671875,0.0005121712970517,0.0,1,-0.37,1882.8662109375,0.0005640367448544,0.0,1,-0.49,1882.866271972656,0.0005607951543668,0.0,1,-0.52,1882.8682556152344,0.0004554434635175,0.0,1,-1.06,1882.867126464844,0.0005154128875394,0.0,1,-1.61,1882.86669921875,0.0005381040209531,0.0,1,-2.8,1882.8676147460933,0.000489480163638,0.0,1,-3.31,1882.86669921875,0.0005381040209531,0.0,1,-5.74,471.744140625,0.0,0.0,1,10
CHEMBL301952,-0.05,1882.8695068359373,0.0003889908585203,0.0,1,-0.17,1882.8687744140625,0.0004278899443723,0.0,1,-0.45,1882.8679809570312,0.000470030620712,0.0,1,-0.53,1882.8682861328125,0.0004538226682737,0.0,1,-0.69,1882.8681640625,0.000460305849249,0.0,1,-1.04,1882.867431640625,0.000499204935101,0.0,1,-1.12,1882.8704223632808,0.0003403670012052,0.0,1,-1.52,1882.8665771484373,0.0005445872019284,0.0,1,-2.71,1882.8696899414065,0.0003792660870573,0.0,1,-3.76,1882.869140625,0.0004084404014463,0.0,1,10
CHEMBL312626,-1.87,1882.87353515625,0.0001750458863341,0.0,1,-1.96,1882.8745727539065,0.0001199388480437,0.0,1,-2.07,1882.8738403320312,0.0001588379338958,0.0,1,-2.18,1882.8740234375,0.0001491131624327,0.0,1,-2.72,1882.872802734375,0.0002139449721861,0.0,1,-2.82,1882.8727416992188,0.0002171865626738,0.0,1,-3.11,1882.872985839844,0.0002042202007231,0.0,1,-3.24,1882.8736572265625,0.0001685627053588,0.0,1,-3.36,1882.8733520507808,0.0001847706577971,0.0,1,-4.01,1882.8740234375,0.0001491131624327,0.0,1,10
CHEMBL318070,-1.03,1882.8768310546875,0.0,0.0,1,-1.08,1882.876037597656,4.214067633970235e-05,0.0,1,-1.12,1882.873962402344,0.0001523547529204,0.0,1,-1.14,1882.874938964844,0.0001004893051177,0.0,1,-1.16,1882.8768310546875,0.0,0.0,1,-1.2,1882.8766479492188,9.724771463008234e-06,0.0,1,-1.24,1882.87548828125,7.131499072872705e-05,0.0,1,-1.25,1882.8768310546875,0.0,0.0,1,-1.31,1882.873779296875,0.0001620795243834,0.0,1,-1.79,1882.8755493164065,6.807340024105763e-05,0.0,1,10
CHEMBL318707,-0.78,1882.8768310546875,0.0,0.0,1,-0.82,1882.8768310546875,0.0,0.0,1,-0.88,1882.8738403320312,0.0001588379338958,0.0,1,-0.9,1882.8758544921875,5.186544780271058e-05,0.0,1,-0.98,1882.875244140625,8.42813526794047e-05,0.0,1,-1.08,1882.87451171875,0.0001231804385314,0.0,1,-1.13,1882.8768310546875,0.0,0.0,1,-1.17,1882.8743286132808,0.0001329052099944,0.0,1,-1.23,1882.872131347656,0.0002496024675505,0.0,1,-3.12,1882.8738403320312,0.0001588379338958,0.0,1,10
CHEMBL330753,-0.92,1882.8728637695312,0.0002107033816985,0.0,1,-0.96,1882.8729248046875,0.0002074617912108,0.0,1,-1.04,1882.8732299804688,0.0001912538387724,0.0,1,-1.11,1882.8732299804688,0.0001912538387724,0.0,1,-1.29,1882.8734741210933,0.0001782874768218,0.0,1,-1.45,1882.8739013671875,0.0001555963434081,0.0,1,-1.5,1882.8729248046875,0.0002074617912108,0.0,1,-1.56,1882.8715209960933,0.0002820183724272,0.0,1,-5.2,1882.8734130859373,0.0001815290673094,0.0,1,-1000.0,471.744140625,0.0,0.0,0,9
CHEMBL346446,-0.24,1882.8724975585933,0.0002301529246245,0.0,1,-0.76,1882.8748779296875,0.0001037308956054,0.0,1,-0.99,1882.875915527344,4.8623857315041175e-05,0.0,1,-1.14,1882.8759765625,4.538226682737176e-05,0.0,1,-1.17,1882.8743286132808,0.0001329052099944,0.0,1,-1.21,1882.875,9.724771463008236e-05,0.0,1,-1.27,1882.875061035156,9.400612414241292e-05,0.0,1,-3.05,1882.8731689453125,0.0001944954292601,0.0,1,-3.51,1882.874938964844,0.0001004893051177,0.0,1,-3.76,1882.8755493164065,6.807340024105763e-05,0.0,1,10
CHEMBL350272,-0.25,1882.8688659667969,0.0004230275586408,0.0,1,-0.32,1882.8689575195312,0.0004181651729093,0.0,1,-0.42,1882.8678588867188,0.0004765138016874,0.0,1,-0.46,1882.867919921875,0.0004732722111997,0.0,1,-0.53,1882.8699340820312,0.0003662997251066,0.0,1,-1.09,1882.8699340820312,0.0003662997251066,0.0,1,-2.01,1882.8681335449216,0.0004619266444928,0.0,1,-2.54,1882.865966796875,0.0005770031068051,0.0,1,-2.69,1882.8667602539065,0.0005348624304654,0.0,1,-1000.0,471.744140625,0.0,0.0,0,9
CHEMBL350895,-0.6,1882.8717651367188,0.0002690520104765,0.0,1,-0.72,1882.8709106445312,0.0003144342773039,0.0,1,-0.86,1882.870056152344,0.0003598165441313,0.0,1,-0.92,1882.87158203125,0.0002787767819395,0.0,1,-1.01,1882.8715209960933,0.0002820183724272,0.0,1,-1.13,1882.8713989257808,0.0002885015534025,0.0,1,-1.32,1882.8743896484373,0.0001296636195067,0.0,1,-1.47,1882.8718872070312,0.0002625688295012,0.0,1,-1.49,1882.8755493164065,6.807340024105763e-05,0.0,1,-2.3,1879.7684326171875,0.1650877203560277,0.0,1,10
CHEMBL416823,-0.56,1882.8651123046875,0.0006223853736325,0.0,1,-0.56,1882.8673095703125,0.0005056881160764,0.0,1,-0.76,1882.8676147460933,0.000489480163638,0.0,1,-0.79,1882.8667602539065,0.0005348624304654,0.0,1,-0.85,1882.867919921875,0.0004732722111997,0.0,1,-1.02,1882.8687744140625,0.0004278899443723,0.0,1,-1.08,1882.8677978515625,0.000479755392175,0.0,1,-1.22,1882.8651123046875,0.0006223853736325,0.0,1,-1.38,1882.868225097656,0.0004570642587613,0.0,1,-1.39,1882.8668823242188,0.0005283792494901,0.0,1,10
CHEMBL424546,-0.4,1882.8699340820312,0.0003662997251066,0.0,1,-1.12,1882.8697509765625,0.0003760244965696,0.0,1,-1.15,1882.8680419921875,0.0004667890302243,0.0,1,-1.18,1882.86767578125,0.0004862385731504,0.0,1,-1.24,1882.8671875,0.0005121712970517,0.0,1,-1.35,1882.8674926757808,0.0004959633446134,0.0,1,-1.36,1882.867248535156,0.000508929706564,0.0,1,-1.46,1882.8666381835933,0.0005413456114407,0.0,1,-1.49,1882.8663940429688,0.0005543119733914,0.0,1,-2.7,1882.8704833984373,0.0003371254107176,0.0,1,10
CHEMBL46057,-0.59,1882.865478515625,0.0006029358307065,0.0,1,-0.64,1882.8665161132808,0.0005478287924161,0.0,1,-0.73,1882.8634643554688,0.0007099083167996,0.0,1,-0.77,1882.8648071289065,0.0006385933260708,0.0,1,-0.86,1882.866455078125,0.0005510703829037,0.0,1,-0.86,1882.864501953125,0.0006548012785092,0.0,1,-0.88,1882.8642578125,0.0006677676404598,0.0,1,-0.97,1882.8649291992188,0.0006321101450955,0.0,1,-3.42,1882.865295410156,0.0006126606021695,0.0,1,-3.84,1882.8648071289065,0.0006385933260708,0.0,1,10
CHEMBL47006,-0.26,1882.8668212890625,0.0005316208399777,0.0,1,-0.29,1882.8656005859373,0.0005964526497311,0.0,1,-0.33,1882.8673095703125,0.0005056881160764,0.0,1,-0.54,1882.86669921875,0.0005381040209531,0.0,1,-0.65,1882.86669921875,0.0005381040209531,0.0,1,-0.71,1882.8660888671875,0.0005705199258298,0.0,1,-0.82,1882.868408203125,0.0004473394872983,0.0,1,-1.01,1882.866943359375,0.0005251376590024,0.0,1,-1.01,1882.8684692382808,0.0004440978968107,0.0,1,-3.7,1882.869384765625,0.0003954740394956,0.0,1,10
CHEMBL47301,-0.22,1882.8694458007808,0.0003922324490079,0.0,1,-0.25,1882.8680419921875,0.0004667890302243,0.0,1,-0.34,1882.868408203125,0.0004473394872983,0.0,1,-0.78,1882.8660888671875,0.0005705199258298,0.0,1,-0.84,1882.86474609375,0.0006418349165585,0.0,1,-0.94,1882.8671875,0.0005121712970517,0.0,1,-2.4,1882.868896484375,0.000421406763397,0.0,1,-1000.0,471.744140625,0.0,0.0,0,-1000.0,471.744140625,0.0,0.0,0,-1000.0,471.744140625,0.0,0.0,0,7
CHEMBL47537,-0.28,1882.8692626953125,0.000401957220471,0.0,1,-0.36,1882.8675537109373,0.0004927217541257,0.0,1,-0.36,1882.866943359375,0.0005251376590024,0.0,1,-0.41,1882.86865234375,0.0004343731253477,0.0,1,-0.75,1882.867431640625,0.000499204935101,0.0,1,-0.86,1882.8688354492188,0.0004246483538846,0.0,1,-1.02,1882.870178222656,0.0003533333631559,0.0,1,-1.06,1882.869873046875,0.0003695413155943,0.0,1,-3.22,1882.8699340820312,0.0003662997251066,0.0,1,-4.25,1882.867431640625,0.000499204935101,0.0,1,10
CHEMBL481660,-0.74,1882.8768310546875,0.0,0.0,1,-0.86,1882.8768310546875,0.0,0.0,1,-0.99,1882.8768310546875,0.0,0.0,1,-1.05,1882.8768310546875,0.0,0.0,1,-1.07,1882.8768310546875,0.0,0.0,1,-1.26,1882.8768310546875,0.0,0.0,1,-2.2,1882.8768310546875,0.0,0.0,1,-3.06,1882.8768310546875,0.0,0.0,1,-3.78,1882.8768310546875,0.0,0.0,1,-5.27,1882.8768310546875,0.0,0.0,1,10
CHEMBL488471,-0.36,1882.8768310546875,0.0,0.0,1,-0.5,1882.8768310546875,0.0,0.0,1,-0.58,1882.8768310546875,0.0,0.0,1,-0.62,1882.8768310546875,0.0,0.0,1,-0.63,1882.8765258789065,1.6207952438347055e-05,0.0,1,-0.73,1882.8768310546875,0.0,0.0,1,-0.74,1882.8768310546875,0.0,0.0,1,-0.77,1882.8768310546875,0.0,0.0,1,-0.83,1882.8768310546875,0.0,0.0,1,-1.14,1882.87548828125,7.131499072872705e-05,0.0,1,10
CHEMBL50444,-0.13,1882.8768310546875,0.0,0.0,1,-0.24,1882.8768310546875,0.0,0.0,1,-0.66,1882.8768310546875,0.0,0.0,1,-0.72,1686.5042114257812,10.429392745722446,90.9090909090909,1,-1.17,1882.8768310546875,0.0,0.0,1,-1.19,1882.8768310546875,0.0,0.0,1,-1.31,1882.8768310546875,0.0,0.0,1,-1.33,1882.8768310546875,0.0,0.0,1,-2.67,1632.6482849121094,13.289692773074988,90.9090909090909,1,-2.81,1882.8768310546875,0.0,0.0,1,10
CHEMBL50566,-0.82,1882.876037597656,4.214067633970235e-05,0.0,1,-0.85,1882.8768310546875,0.0,0.0,1,-0.86,1882.8767700195312,3.241590487669412e-06,0.0,1,-0.95,1882.8768310546875,0.0,0.0,1,-1.06,1882.87451171875,0.0001231804385314,0.0,1,-1.14,1882.87548828125,7.131499072872705e-05,0.0,1,-1.2,1882.8746337890625,0.000116697257556,0.0,1,-1.28,1882.875732421875,5.83486287780494e-05,0.0,1,-1.33,1882.8746948242188,0.0001134556670684,0.0,1,-1.35,1882.8746948242188,0.0001134556670684,0.0,1,10
CHEMBL60053,0.09,1882.8751525878904,8.91437384109088e-05,0.0,1,0.08,1882.873443603516,0.0001799082720656,0.0,1,-0.08,1882.8746948242188,0.0001134556670684,0.0,1,-0.11,1882.8728637695312,0.0002107033816985,0.0,1,-0.37,1882.8727416992188,0.0002171865626738,0.0,1,-0.43,1882.873077392578,0.0001993578149916,0.0,1,-2.6,1882.8707885742188,0.0003209174582792,0.0,1,-3.27,1882.871612548828,0.0002771559866957,0.0,1,-3.44,1882.8732299804688,0.0001912538387724,0.0,1,-1000.0,471.744140625,0.0,0.0,0,9
CHEMBL85673,-0.57,1882.87548828125,7.131499072872705e-05,0.0,1,-0.67,1882.8748779296875,0.0001037308956054,0.0,1,-0.75,1882.874267578125,0.0001361468004821,0.0,1,-0.83,1882.8762817382808,2.91743143890247e-05,0.0,1,-0.88,1882.8729248046875,0.0002074617912108,0.0,1,-1.15,1882.87109375,0.0003047095058409,0.0,1,-1.21,1882.872131347656,0.0002496024675505,0.0,1,-1.53,1882.8718872070312,0.0002625688295012,0.0,1,-3.17,1882.870056152344,0.0003598165441313,0.0,1,-5.45,1882.8707885742188,0.0003209174582792,0.0,1,10
ZINC000000000051,-0.01,1882.8730163574216,0.0002025994054793,0.0,1,-0.27,1882.8738403320312,0.0001588379338958,0.0,1,-0.35,1882.872314453125,0.0002398776960875,0.0,1,-0.62,1882.8721923828125,0.0002463608770628,0.0,1,-0.76,1882.8742370605469,0.0001377675957259,0.0,1,-0.84,1882.8742370605469,0.0001377675957259,0.0,1,-0.99,1882.8752136230469,8.59021479232394e-05,0.0,1,-2.29,1882.87353515625,0.0001750458863341,0.0,1,-2.32,1882.8741760253904,0.0001410091862136,0.0,1,-2.34,1882.875061035156,9.400612414241292e-05,0.0,1,10
ZINC000000000072,-0.39,1882.8720397949216,0.000254464853282,0.0,1,-0.54,1882.8726806640625,0.0002204281531615,0.0,1,-0.71,1882.872528076172,0.0002285321293806,0.0,1,-0.8,1882.8728637695312,0.0002107033816985,0.0,1,-0.97,1882.8723449707031,0.0002382569008437,0.0,1,-1.01,1882.8720397949216,0.000254464853282,0.0,1,-1.13,1882.8727416992188,0.0002171865626738,0.0,1,-1.17,1882.8715209960933,0.0002820183724272,0.0,1,-2.31,1882.8726501464844,0.0002220489484053,0.0,1,-4.86,1882.8746643066409,0.0001150764623122,0.0,1,10
ZINC000000000270,-0.83,1882.8709411621087,0.00031281348206,0.0,1,-1.32,1882.8727722167969,0.00021556576743,0.0,1,-1.4,1882.8723754882808,0.0002366361055998,0.0,1,-1.45,1882.872009277344,0.0002560856485258,0.0,1,-1.45,1882.8709411621087,0.00031281348206,0.0,1,-1.69,1882.8720703125,0.0002528440580382,0.0,1,-1.81,1882.8707885742188,0.0003209174582792,0.0,1,-2.17,1882.870849609375,0.0003176758677916,0.0,1,-2.74,1882.8697204589844,0.0003776452918134,0.0,1,-3.4,1882.86962890625,0.0003825076775449,0.0,1,10
ZINC000000000310,-0.56,1882.87109375,0.0003047095058409,0.0,1,-0.58,1882.8716735839844,0.000273914396208,0.0,1,-0.64,1882.8707885742188,0.0003209174582792,0.0,1,-0.68,1882.873046875,0.0002009786102355,0.0,1,-0.74,1882.8730163574216,0.0002025994054793,0.0,1,-0.93,1882.8729248046875,0.0002074617912108,0.0,1,-1.1,1882.8731384277344,0.0001961162245039,0.0,1,-1.32,1882.8737487792969,0.0001637003196273,0.0,1,-2.43,1882.8712463378904,0.0002966055296217,0.0,1,-6.32,1882.8741455078125,0.0001426299814574,0.0,1,10
ZINC000000000316,0.15,1882.873291015625,0.0001880122482848,0.0,1,0.08,1882.8744506835933,0.0001264220290191,0.0,1,0.04,1882.8736572265625,0.0001685627053588,0.0,1,-0.02,1882.8748779296875,0.0001037308956054,0.0,1,-0.2,1882.87435913086,0.0001312844147506,0.0,1,-0.32,1882.8734741210933,0.0001782874768218,0.0,1,-0.65,1882.8733520507808,0.0001847706577971,0.0,1,-0.66,1882.8741760253904,0.0001410091862136,0.0,1,-0.67,1882.8748168945312,0.000106972486093,0.0,1,-1.65,1882.873504638672,0.0001766666815779,0.0,1,10
ZINC000000000370,-0.16,1882.8728637695312,0.0002107033816985,0.0,1,-0.26,1882.8721923828125,0.0002463608770628,0.0,1,-0.27,1882.8718872070312,0.0002625688295012,0.0,1,-0.34,1882.8724975585933,0.0002301529246245,0.0,1,-0.4,1882.8719177246087,0.0002609480342573,0.0,1,-0.45,1882.873779296875,0.0001620795243834,0.0,1,-0.47,1882.8728942871087,0.0002090825864546,0.0,1,-0.64,1882.873046875,0.0002009786102355,0.0,1,-0.87,1882.8728942871087,0.0002090825864546,0.0,1,-2.8,1882.8719482421875,0.0002593272390135,0.0,1,10
ZINC000000000426,-0.41,1882.87353515625,0.0001750458863341,0.0,1,-0.43,1882.874053955078,0.0001474923671889,0.0,1,-0.6,1882.8739929199216,0.0001507339576766,0.0,1,-0.83,1882.8741455078125,0.0001426299814574,0.0,1,-0.9,1882.8736267089844,0.0001701835006026,0.0,1,-0.9,1882.87435913086,0.0001312844147506,0.0,1,-1.15,1882.8736572265625,0.0001685627053588,0.0,1,-1.3,1882.8752136230469,8.59021479232394e-05,0.0,1,-1.7,1882.8741149902344,0.0001442507767012,0.0,1,-2.12,1882.87338256836,0.0001831498625533,0.0,1,10
ZINC000000000440,-0.4,1882.8683471679688,0.000450581077786,0.0,1,-0.48,1882.8670043945312,0.0005218960685147,0.0,1,-0.66,1882.8681640625,0.000460305849249,0.0,1,-0.87,1882.868225097656,0.0004570642587613,0.0,1,-1.0,1882.869659423828,0.0003808868823011,0.0,1,-1.44,1882.8680114746087,0.0004684098254682,0.0,1,-1.49,1882.8677368164065,0.0004829969826627,0.0,1,-1.83,1882.8691101074216,0.0004100611966901,0.0,1,-2.12,1882.8684387207031,0.0004457186920545,0.0,1,-5.34,471.744140625,0.0,0.0,1,10
ZINC000000000753,-0.67,1882.876220703125,3.241590487669411e-05,0.0,1,-0.69,1882.8766479492188,9.724771463008234e-06,0.0,1,-0.88,1882.8761596679688,3.565749536436352e-05,0.0,1,-0.98,1882.8760986328125,3.8899085852032936e-05,0.0,1,-1.07,1882.8764038085933,2.269113341368588e-05,0.0,1,-1.28,1882.8755493164065,6.807340024105763e-05,0.0,1,-1.28,1882.8768310546875,0.0,0.0,1,-1.29,1882.875,9.724771463008236e-05,0.0,1,-1.49,1882.8761596679688,3.565749536436352e-05,0.0,1,-1.83,1882.876708984375,6.483180975338823e-06,0.0,1,10
ZINC000000000803,0.42,1882.8712463378904,0.0002966055296217,0.0,1,0.15,1882.8702087402344,0.0003517125679121,0.0,1,0.04,1882.870361328125,0.0003436085916929,0.0,1,0.03,1882.8716735839844,0.000273914396208,0.0,1,-0.07,1882.871154785156,0.0003014679153532,0.0,1,-0.1,1882.869140625,0.0004084404014463,0.0,1,-0.18,1882.8707275390625,0.0003241590487669,0.0,1,-0.23,1882.868927001953,0.0004197859681531,0.0,1,-0.54,1882.8719787597656,0.0002577064437697,0.0,1,-2.33,1882.869079589844,0.000411681991934,0.0,1,10
ZINC000000000862,-0.11,1882.8768310546875,0.0,0.0,1,-0.12,1882.875732421875,5.83486287780494e-05,0.0,1,-0.13,1882.8768310546875,0.0,0.0,1,-0.36,1882.8768310546875,0.0,0.0,1,-0.84,1882.8768310546875,0.0,0.0,1,-0.87,1882.8768310546875,0.0,0.0,1,-0.97,1882.8768310546875,0.0,0.0,1,-2.11,1882.8768310546875,0.0,0.0,1,-2.25,1882.8768310546875,0.0,0.0,1,-2.66,1882.8766174316409,1.134556670684294e-05,0.0,1,10
ZINC000000000873,-0.01,1882.8768310546875,0.0,0.0,1,-0.39,1882.8768310546875,0.0,0.0,1,-0.45,1882.8768310546875,0.0,0.0,1,-0.47,1882.8768310546875,0.0,0.0,1,-0.48,1882.8768310546875,0.0,0.0,1,-0.51,1882.8768310546875,0.0,0.0,1,-0.88,1882.8768310546875,0.0,0.0,1,-0.89,1882.8768310546875,0.0,0.0,1,-1.26,1882.8768310546875,0.0,0.0,1,-2.1,1882.8768310546875,0.0,0.0,1,10
ZINC000000000941,-0.33,1882.865753173828,0.0005883486735119,0.0,1,-0.57,1882.865478515625,0.0006029358307065,0.0,1,-0.6,1882.8659362792969,0.0005786239020489,0.0,1,-0.69,1882.865692138672,0.0005915902639996,0.0,1,-1.0,1882.8663024902344,0.0005591743591229,0.0,1,-1.28,1882.865631103516,0.0005948318544873,0.0,1,-1.3,1882.8648681640625,0.0006353517355832,0.0,1,-1.38,1882.8649291992188,0.0006321101450955,0.0,1,-3.81,1882.8646850585933,0.0006450765070462,0.0,1,-4.04,1882.865173339844,0.0006191437831448,0.0,1,10
ZINC000000000949,-0.13,1882.8765258789065,1.6207952438347055e-05,0.0,1,-0.18,1882.8768310546875,0.0,0.0,1,-0.19,1882.8768310546875,0.0,0.0,1,-0.29,1882.8768310546875,0.0,0.0,1,-0.34,1882.8768310546875,0.0,0.0,1,-0.39,1882.8768310546875,0.0,0.0,1,-0.4,1882.8768310546875,0.0,0.0,1,-0.88,1882.8766784667969,8.103976219173527e-06,0.0,1,-0.92,1882.8760986328125,3.8899085852032936e-05,0.0,1,-5.52,471.744140625,0.0,0.0,1,10
ZINC000000000950,-0.56,1882.870056152344,0.0003598165441313,0.0,1,-0.78,1882.8697204589844,0.0003776452918134,0.0,1,-0.84,1882.8711853027344,0.0002998471201094,0.0,1,-0.96,1882.8709411621087,0.00031281348206,0.0,1,-0.99,1882.871032714844,0.0003079510963285,0.0,1,-1.12,1882.8702087402344,0.0003517125679121,0.0,1,-1.13,1882.873504638672,0.0001766666815779,0.0,1,-1.14,1882.87255859375,0.0002269113341368,0.0,1,-2.44,1882.8721618652344,0.0002479816723067,0.0,1,-3.0,1882.8710021972656,0.0003095718915724,0.0,1,10
ZINC000000000965,-0.48,1882.87255859375,0.0002269113341368,0.0,1,-0.52,1882.8716430664065,0.0002755351914518,0.0,1,-0.53,1882.87338256836,0.0001831498625533,0.0,1,-0.57,1882.8720703125,0.0002528440580382,0.0,1,-0.66,1882.8714599609373,0.0002852599629149,0.0,1,-0.7,1882.8724975585933,0.0002301529246245,0.0,1,-0.8,1882.8717651367188,0.0002690520104765,0.0,1,-0.88,1882.8730163574216,0.0002025994054793,0.0,1,-1.41,1882.8715209960933,0.0002820183724272,0.0,1,-1.84,1882.87451171875,0.0001231804385314,0.0,1,10
ZINC000000000984,-0.04,1882.8752136230469,8.59021479232394e-05,0.0,1,-0.23,1882.87451171875,0.0001231804385314,0.0,1,-0.5,1882.8747253417969,0.0001118348718245,0.0,1,-0.67,1882.8749084472656,0.0001021101003615,0.0,1,-0.69,1882.8756408691409,6.321101450955351e-05,0.0,1,-0.82,1882.8757019042969,5.996942402188411e-05,0.0,1,-0.85,1882.8751831054688,8.75229431670741e-05,0.0,1,-0.86,1882.8742370605469,0.0001377675957259,0.0,1,-2.12,1882.8755798339844,6.645260499722293e-05,0.0,1,-2.81,1882.875762939453,5.672783353421469e-05,0.0,1,10
ZINC000000000992,-0.1,1882.8768310546875,0.0,0.0,1,-0.74,1882.8768310546875,0.0,0.0,1,-0.85,1882.8768310546875,0.0,0.0,1,-0.91,1882.8768310546875,0.0,0.0,1,-0.97,1882.8768310546875,0.0,0.0,1,-1.07,1882.8768310546875,0.0,0.0,1,-1.19,1882.8768310546875,0.0,0.0,1,-1.65,1882.8768310546875,0.0,0.0,1,-2.21,1882.8768310546875,0.0,0.0,1,-2.7,1882.8768310546875,0.0,0.0,1,10
ZINC000000001005,-0.17,1882.871856689453,0.000264189624745,0.0,1,-0.38,1882.8715209960933,0.0002820183724272,0.0,1,-0.84,1882.8733215332031,0.0001863914530409,0.0,1,-0.86,1882.8727416992188,0.0002171865626738,0.0,1,-1.14,1882.870513916016,0.0003355046154737,0.0,1,-1.48,1882.8703918457031,0.0003419877964491,0.0,1,-1.86,1882.8727722167969,0.00021556576743,0.0,1,-2.09,1882.872467041016,0.0002317737198683,0.0,1,-2.2,1882.8721618652344,0.0002479816723067,0.0,1,-5.55,1882.8718872070312,0.0002625688295012,0.0,1,10
ZINC000000001019,0.06,1882.870056152344,0.0003598165441313,0.0,1,0.02,1882.869873046875,0.0003695413155943,0.0,1,-0.03,1882.870849609375,0.0003176758677916,0.0,1,-0.24,1882.8675537109373,0.0004927217541257,0.0,1,-0.64,1882.8705444335933,0.0003338838202299,0.0,1,-0.67,1882.869201660156,0.0004051988109586,0.0,1,-0.71,1882.8698120117188,0.0003727829060819,0.0,1,-0.98,1882.872009277344,0.0002560856485258,0.0,1,-1.67,1882.8693237304688,0.0003987156299833,0.0,1,-3.39,1882.8699951171875,0.0003630581346189,0.0,1,10
ZINC000000001051,-0.26,1882.8768310546875,0.0,0.0,1,-0.49,1882.8768310546875,0.0,0.0,1,-0.61,1882.8768310546875,0.0,0.0,1,-0.63,1882.8768310546875,0.0,0.0,1,-0.66,1882.8768310546875,0.0,0.0,1,-0.72,1882.8768310546875,0.0,0.0,1,-0.75,1882.8768310546875,0.0,0.0,1,-0.77,1882.8768310546875,0.0,0.0,1,-1.22,1882.8768310546875,0.0,0.0,1,-5.35,1882.8768310546875,0.0,0.0,1,10
ZINC000000001059,-0.92,1882.8768310546875,0.0,0.0,1,-1.22,1882.8768310546875,0.0,0.0,1,-1.23,1882.8768310546875,0.0,0.0,1,-1.24,1882.8768310546875,0.0,0.0,1,-1.31,1882.8768310546875,0.0,0.0,1,-2.8,1882.8768310546875,0.0,0.0,1,-2.91,1882.8768310546875,0.0,0.0,1,-2.99,1882.8768310546875,0.0,0.0,1,-3.5,1882.8768310546875,0.0,0.0,1,-1000.0,471.744140625,0.0,0.0,0,9
ZINC000000001167,-0.19,1882.871856689453,0.000264189624745,0.0,1,-0.51,1882.872802734375,0.0002139449721861,0.0,1,-0.65,1882.869201660156,0.0004051988109586,0.0,1,-0.7,1882.8728637695312,0.0002107033816985,0.0,1,-0.75,1882.875244140625,8.42813526794047e-05,0.0,1,-0.77,1882.874755859375,0.0001102140765807,0.0,1,-0.97,1882.873962402344,0.0001523547529204,0.0,1,-1.23,1882.8698120117188,0.0003727829060819,0.0,1,-2.5,1882.873077392578,0.0001993578149916,0.0,1,-5.24,1882.8768310546875,0.0,0.0,1,10
ZINC000000001181,-0.15,1882.8724975585933,0.0002301529246245,0.0,1,-0.21,1882.8724975585933,0.0002301529246245,0.0,1,-0.37,1882.8728637695312,0.0002107033816985,0.0,1,-0.43,1882.875244140625,8.42813526794047e-05,0.0,1,-0.49,1882.8731689453125,0.0001944954292601,0.0,1,-0.76,1882.8707275390625,0.0003241590487669,0.0,1,-0.76,1882.87060546875,0.0003306422297422,0.0,1,-0.83,1882.8720703125,0.0002528440580382,0.0,1,-1.59,1882.8726196289065,0.0002236697436491,0.0,1,-1.62,1882.871337890625,0.0002917431438902,0.0,1,10
ZINC000000001188,-0.36,1882.8693542480469,0.0003970948347395,0.0,1,-0.42,1882.866943359375,0.0005251376590024,0.0,1,-0.42,1882.868896484375,0.000421406763397,0.0,1,-0.42,1882.8698425292969,0.0003711621108381,0.0,1,-0.44,1882.8697814941409,0.0003744037013258,0.0,1,-0.47,1882.8682861328125,0.0004538226682737,0.0,1,-0.48,1882.8694152832031,0.0003938532442518,0.0,1,-0.56,1882.8687744140625,0.0004278899443723,0.0,1,-0.61,1882.8692932128904,0.0004003364252271,0.0,1,-2.87,1882.8687744140625,0.0004278899443723,0.0,1,10
ZINC000000001306,-0.18,1882.8768310546875,0.0,0.0,1,-0.26,1882.8768310546875,0.0,0.0,1,-0.3,1882.8768310546875,0.0,0.0,1,-0.4,1882.8768310546875,0.0,0.0,1,-0.43,1882.8768310546875,0.0,0.0,1,-0.44,1882.8768310546875,0.0,0.0,1,-1.16,1882.8768310546875,0.0,0.0,1,-1.97,1882.8768310546875,0.0,0.0,1,-2.03,1882.8768310546875,0.0,0.0,1,-2.18,1882.8768310546875,0.0,0.0,1,10
ZINC000000001314,0.18,1882.86865234375,0.0004343731253477,0.0,1,-0.01,1882.8721923828125,0.0002463608770628,0.0,1,-0.21,1882.87060546875,0.0003306422297422,0.0,1,-0.23,1882.8696899414065,0.0003792660870573,0.0,1,-0.46,1882.8695068359373,0.0003889908585203,0.0,1,-0.87,1882.8670959472656,0.0005170336827832,0.0,1,-0.88,1882.8707275390625,0.0003241590487669,0.0,1,-1.63,1882.87142944336,0.0002868807581587,0.0,1,-2.6,1882.868682861328,0.0004327523301038,0.0,1,-3.53,1882.8682556152344,0.0004554434635175,0.0,1,10
ZINC000000001360,-0.46,1882.8768310546875,0.0,0.0,1,-0.93,1882.8768310546875,0.0,0.0,1,-1.04,1882.8768310546875,0.0,0.0,1,-1.27,1882.8768310546875,0.0,0.0,1,-1.89,1882.8768310546875,0.0,0.0,1,-1.96,1882.8768310546875,0.0,0.0,1,-2.6,1882.8768310546875,0.0,0.0,1,-3.61,1882.876373291016,2.4311928657520587e-05,0.0,1,-4.02,1882.8768310546875,0.0,0.0,1,-4.75,1882.8768310546875,0.0,0.0,1,10
ZINC000000001375,-0.11,1882.870880126953,0.0003160550725477,0.0,1,-0.56,1882.8717956542969,0.0002674312152327,0.0,1,-0.73,1882.872802734375,0.0002139449721861,0.0,1,-0.84,1882.8721923828125,0.0002463608770628,0.0,1,-0.9,1882.8722229003904,0.000244740081819,0.0,1,-0.9,1882.8717956542969,0.0002674312152327,0.0,1,-0.91,1882.8723754882808,0.0002366361055998,0.0,1,-0.91,1882.8729553222656,0.000205840995967,0.0,1,-1.03,1882.8726806640625,0.0002204281531615,0.0,1,-1.75,1882.8722839355469,0.0002414984913313,0.0,1,10
ZINC000000001378,-0.51,1882.8727111816409,0.0002188073579176,0.0,1,-0.52,1882.8728637695312,0.0002107033816985,0.0,1,-0.57,1882.873809814453,0.0001604587291396,0.0,1,-0.63,1882.8724975585933,0.0002301529246245,0.0,1,-0.71,1882.8728942871087,0.0002090825864546,0.0,1,-0.71,1882.8741760253904,0.0001410091862136,0.0,1,-0.96,1882.874481201172,0.0001248012337752,0.0,1,-1.27,1882.8736877441409,0.0001669419101149,0.0,1,-1.29,1882.8741760253904,0.0001410091862136,0.0,1,-2.71,1882.8764038085933,2.269113341368588e-05,0.0,1,10
ZINC000000001436,-0.04,1882.8741455078125,0.0001426299814574,0.0,1,-0.15,1882.8732604980469,0.0001896330435286,0.0,1,-0.21,1882.873779296875,0.0001620795243834,0.0,1,-0.25,1882.8741760253904,0.0001410091862136,0.0,1,-0.45,1882.8739013671875,0.0001555963434081,0.0,1,-0.87,1882.8741455078125,0.0001426299814574,0.0,1,-1.06,1882.873779296875,0.0001620795243834,0.0,1,-1.06,1882.8720397949216,0.000254464853282,0.0,1,-1.19,1882.8731994628904,0.0001928746340163,0.0,1,-1.42,1882.8741149902344,0.0001442507767012,0.0,1,10
ZINC000000001445,-0.26,1882.875762939453,5.672783353421469e-05,0.0,1,-0.43,1882.872985839844,0.0002042202007231,0.0,1,-0.46,1882.8739318847656,0.0001539755481642,0.0,1,-0.5,1882.8723449707031,0.0002382569008437,0.0,1,-0.5,1882.87353515625,0.0001750458863341,0.0,1,-0.55,1882.873291015625,0.0001880122482848,0.0,1,-0.63,1882.8739318847656,0.0001539755481642,0.0,1,-0.79,1882.8739013671875,0.0001555963434081,0.0,1,-2.66,1882.8738708496087,0.0001572171386519,0.0,1,-5.88,1882.8739318847656,0.0001539755481642,0.0,1,10
ZINC000000001481,-0.54,1882.8687744140625,0.0004278899443723,0.0,1,-0.59,1882.8693237304688,0.0003987156299833,0.0,1,-0.7,1882.8700256347656,0.0003614373393751,0.0,1,-0.91,1882.8693237304688,0.0003987156299833,0.0,1,-0.92,1882.87060546875,0.0003306422297422,0.0,1,-0.98,1882.869201660156,0.0004051988109586,0.0,1,-1.02,1882.8699340820312,0.0003662997251066,0.0,1,-1.02,1882.8689880371087,0.0004165443776655,0.0,1,-1.13,1882.8697204589844,0.0003776452918134,0.0,1,-1.49,1882.8699645996087,0.0003646789298628,0.0,1,10
ZINC000000001634,0.04,1882.8651123046875,0.0006223853736325,0.0,1,0.03,1882.865234375,0.0006159021926571,0.0,1,-0.01,1882.8645629882808,0.0006515596880215,0.0,1,-0.02,1882.864501953125,0.0006548012785092,0.0,1,-0.15,1882.8646850585933,0.0006450765070462,0.0,1,-0.82,1882.8656005859373,0.0005964526497311,0.0,1,-1.06,1882.864990234375,0.0006288685546078,0.0,1,-1.07,1882.8646240234373,0.0006483180975338,0.0,1,-1.09,1882.865234375,0.0006159021926571,0.0,1,-1.16,1882.865295410156,0.0006126606021695,0.0,1,10
ZINC000000001646,0.0,1882.8768310546875,0.0,0.0,1,-0.1,1882.8768310546875,0.0,0.0,1,-0.15,1882.8768310546875,0.0,0.0,1,-0.2,1882.8768310546875,0.0,0.0,1,-0.22,1882.8768310546875,0.0,0.0,1,-0.28,1882.8768310546875,0.0,0.0,1,-1.33,1882.8768310546875,0.0,0.0,1,-1.33,1882.8768310546875,0.0,0.0,1,-1.43,1882.8768310546875,0.0,0.0,1,-1.78,1882.8768310546875,0.0,0.0,1,10
ZINC000000001728,-0.18,1882.8738403320312,0.0001588379338958,0.0,1,-0.22,1882.873291015625,0.0001880122482848,0.0,1,-0.22,1882.8741149902344,0.0001442507767012,0.0,1,-0.54,1882.873291015625,0.0001880122482848,0.0,1,-0.76,1882.8739013671875,0.0001555963434081,0.0,1,-0.94,1882.8741455078125,0.0001426299814574,0.0,1,-1.06,1882.872985839844,0.0002042202007231,0.0,1,-1.71,1882.872833251953,0.0002123241769423,0.0,1,-1.96,1882.8728942871087,0.0002090825864546,0.0,1,-2.37,1882.8730163574216,0.0002025994054793,0.0,1,10
ZINC000000001796,-0.44,1882.8703002929688,0.0003468501821806,0.0,1,-0.54,1882.8729553222656,0.000205840995967,0.0,1,-0.56,1882.8737487792969,0.0001637003196273,0.0,1,-0.63,1882.871124267578,0.000303088710597,0.0,1,-0.73,1882.87158203125,0.0002787767819395,0.0,1,-0.73,1882.872528076172,0.0002285321293806,0.0,1,-0.93,1882.874542236328,0.0001215596432876,0.0,1,-1.01,1882.8721923828125,0.0002463608770628,0.0,1,-1.11,1882.8733215332031,0.0001863914530409,0.0,1,-5.66,1882.8768310546875,0.0,0.0,1,10
ZINC000000001810,-0.42,1882.8762817382808,2.91743143890247e-05,0.0,1,-0.62,1882.8765258789065,1.6207952438347055e-05,0.0,1,-0.68,1882.8745727539065,0.0001199388480437,0.0,1,-0.8,1882.8768310546875,0.0,0.0,1,-0.8,1882.8768310546875,0.0,0.0,1,-0.9,1882.876708984375,6.483180975338823e-06,0.0,1,-1.22,1882.8768310546875,0.0,0.0,1,-1.23,1882.8765869140625,1.2966361950677644e-05,0.0,1,-1.83,1882.875732421875,5.83486287780494e-05,0.0,1,-1.88,1882.8766479492188,9.724771463008234e-06,0.0,1,10
ZINC000000001848,-0.18,1882.870574951172,0.0003322630249861,0.0,1,-0.21,1882.8699340820312,0.0003662997251066,0.0,1,-0.33,1882.869598388672,0.0003841284727888,0.0,1,-0.39,1882.869201660156,0.0004051988109586,0.0,1,-0.41,1882.8697814941409,0.0003744037013258,0.0,1,-0.45,1882.8700866699216,0.0003581957488874,0.0,1,-0.52,1882.870361328125,0.0003436085916929,0.0,1,-0.52,1882.8682556152344,0.0004554434635175,0.0,1,-0.55,1882.8699340820312,0.0003662997251066,0.0,1,-0.68,1882.8698120117188,0.0003727829060819,0.0,1,10
ZINC000000001873,-0.13,1882.8670654296875,0.0005186544780271,0.0,1,-0.21,1882.8684692382808,0.0004440978968107,0.0,1,-0.27,1882.86767578125,0.0004862385731504,0.0,1,-0.28,1882.866271972656,0.0005607951543668,0.0,1,-0.35,1882.8690185546875,0.0004149235824216,0.0,1,-0.43,1882.8655395507808,0.0005996942402188,0.0,1,-0.88,1882.8665161132808,0.0005478287924161,0.0,1,-0.98,1882.86767578125,0.0004862385731504,0.0,1,-1.29,1882.865234375,0.0006159021926571,0.0,1,-1.91,1882.8674926757808,0.0004959633446134,0.0,1,10
ZINC000000001884,-0.13,1882.8756408691409,6.321101450955351e-05,0.0,1,-0.3,1882.8715209960933,0.0002820183724272,0.0,1,-0.49,1882.8740234375,0.0001491131624327,0.0,1,-0.58,1882.8749694824216,9.886850987391704e-05,0.0,1,-0.85,1882.8758239746087,5.348624304654528e-05,0.0,1,-1.02,1882.8731384277344,0.0001961162245039,0.0,1,-1.04,1882.875518798828,6.969419548489234e-05,0.0,1,-1.14,1882.8732299804688,0.0001912538387724,0.0,1,-1.73,1882.8720397949216,0.000254464853282,0.0,1,-1.77,1882.8755493164065,6.807340024105763e-05,0.0,1,10
ZINC000000001892,0.13,1882.8719482421875,0.0002593272390135,0.0,1,0.08,1882.873046875,0.0002009786102355,0.0,1,0.08,1882.8700256347656,0.0003614373393751,0.0,1,-0.3,1882.8720703125,0.0002528440580382,0.0,1,-0.39,1882.870056152344,0.0003598165441313,0.0,1,-0.54,1882.8731689453125,0.0001944954292601,0.0,1,-0.63,1882.869873046875,0.0003695413155943,0.0,1,-0.7,1882.8681640625,0.000460305849249,0.0,1,-0.75,1882.8708190917969,0.0003192966630354,0.0,1,-1.43,1882.8702087402344,0.0003517125679121,0.0,1,10
ZINC000000002090,-0.83,1882.875061035156,9.400612414241292e-05,0.0,1,-1.14,1882.874755859375,0.0001102140765807,0.0,1,-1.14,1882.875,9.724771463008236e-05,0.0,1,-1.15,1882.8756103515625,6.483180975338822e-05,0.0,1,-1.23,1882.875244140625,8.42813526794047e-05,0.0,1,-1.24,1882.8761291503904,3.727829060819823e-05,0.0,1,-1.47,1882.876220703125,3.241590487669411e-05,0.0,1,-1.56,1882.876739501953,4.862385731504117e-06,0.0,1,-2.23,1882.8768310546875,0.0,0.0,1,-2.5,1882.8758544921875,5.186544780271058e-05,0.0,1,10
ZINC000000002108,-0.43,1882.8736267089844,0.0001701835006026,0.0,1,-0.44,1882.8731994628904,0.0001928746340163,0.0,1,-0.51,1882.873779296875,0.0001620795243834,0.0,1,-0.59,1882.8736267089844,0.0001701835006026,0.0,1,-0.63,1882.8757019042969,5.996942402188411e-05,0.0,1,-0.66,1882.8761291503904,3.727829060819823e-05,0.0,1,-0.94,1882.87451171875,0.0001231804385314,0.0,1,-1.95,1882.8745727539065,0.0001199388480437,0.0,1,-3.1,1882.8766784667969,8.103976219173527e-06,0.0,1,-4.34,1882.8758239746087,5.348624304654528e-05,0.0,1,10
ZINC000000002113,-0.17,1882.8766479492188,9.724771463008234e-06,0.0,1,-0.32,1882.875915527344,4.8623857315041175e-05,0.0,1,-0.4,1882.8768310546875,0.0,0.0,1,-0.44,1882.876434326172,2.107033816985117e-05,0.0,1,-0.45,1882.8759460449216,4.700306207120646e-05,0.0,1,-0.45,1882.8768310546875,0.0,0.0,1,-0.52,1882.8752746582031,8.266055743556999e-05,0.0,1,-0.53,1882.8749694824216,9.886850987391704e-05,0.0,1,-0.82,1882.8761901855469,3.4036700120528816e-05,0.0,1,-1.36,1882.8768310546875,0.0,0.0,1,10
ZINC000000002174,-0.67,1882.875732421875,5.83486287780494e-05,0.0,1,-0.68,1882.8750915527344,9.238532889857822e-05,0.0,1,-0.74,1882.8751525878904,8.91437384109088e-05,0.0,1,-0.81,1882.874084472656,0.0001458715719451,0.0,1,-0.99,1882.8738403320312,0.0001588379338958,0.0,1,-1.22,1882.875,9.724771463008236e-05,0.0,1,-1.24,1882.874420166016,0.0001280428242629,0.0,1,-1.36,1882.8745727539065,0.0001199388480437,0.0,1,-1.51,1882.875,9.724771463008236e-05,0.0,1,-2.12,1882.872802734375,0.0002139449721861,0.0,1,10
ZINC000000002199,-0.27,1882.8707885742188,0.0003209174582792,0.0,1,-0.36,1882.872802734375,0.0002139449721861,0.0,1,-0.62,1882.8724365234373,0.0002333945151121,0.0,1,-1.0,1882.8728637695312,0.0002107033816985,0.0,1,-1.1,1882.872314453125,0.0002398776960875,0.0,1,-1.2,1882.8719482421875,0.0002593272390135,0.0,1,-1.61,1882.8736572265625,0.0001685627053588,0.0,1,-1.64,1882.87255859375,0.0002269113341368,0.0,1,-3.18,1882.8718872070312,0.0002625688295012,0.0,1,-3.21,1882.870056152344,0.0003598165441313,0.0,1,10
ZINC000000002208,-0.64,1882.8768310546875,0.0,0.0,1,-0.75,1882.8768310546875,0.0,0.0,1,-0.81,1882.8768310546875,0.0,0.0,1,-0.96,1882.8768310546875,0.0,0.0,1,-0.96,1882.8768310546875,0.0,0.0,1,-0.98,1882.8768310546875,0.0,0.0,1,-1.22,1882.8768310546875,0.0,0.0,1,-1.42,1882.8768310546875,0.0,0.0,1,-1.43,1882.8768310546875,0.0,0.0,1,-2.2,1882.8768310546875,0.0,0.0,1,10
ZINC000000002243,-0.16,1882.8688049316409,0.0004262691491285,0.0,1,-0.19,1882.8690490722656,0.0004133027871778,0.0,1,-0.42,1882.869140625,0.0004084404014463,0.0,1,-0.48,1882.8692321777344,0.0004035780157148,0.0,1,-0.6,1882.8687438964844,0.0004295107396161,0.0,1,-0.63,1882.868927001953,0.0004197859681531,0.0,1,-0.73,1882.8699645996087,0.0003646789298628,0.0,1,-0.77,1882.8689880371087,0.0004165443776655,0.0,1,-1.43,1882.869079589844,0.000411681991934,0.0,1,-1.54,1882.8691101074216,0.0004100611966901,0.0,1,10
ZINC000000002261,-0.17,1882.8695068359373,0.0003889908585203,0.0,1,-0.29,1882.8700866699216,0.0003581957488874,0.0,1,-0.44,1882.871337890625,0.0002917431438902,0.0,1,-0.49,1882.8697814941409,0.0003744037013258,0.0,1,-0.76,1882.869598388672,0.0003841284727888,0.0,1,-0.76,1882.8703918457031,0.0003419877964491,0.0,1,-1.07,1882.8697814941409,0.0003744037013258,0.0,1,-1.21,1882.8675537109373,0.0004927217541257,0.0,1,-1.33,1882.8682861328125,0.0004538226682737,0.0,1,-1.37,1882.8670654296875,0.0005186544780271,0.0,1,10
ZINC000000002277,-0.11,1882.874084472656,0.0001458715719451,0.0,1,-0.36,1882.8765869140625,1.2966361950677644e-05,0.0,1,-0.36,1882.8752136230469,8.59021479232394e-05,0.0,1,-0.39,1882.8755493164065,6.807340024105763e-05,0.0,1,-0.43,1882.874542236328,0.0001215596432876,0.0,1,-0.46,1882.8746337890625,0.000116697257556,0.0,1,-0.49,1882.8755493164065,6.807340024105763e-05,0.0,1,-0.55,1882.875457763672,7.293578597256175e-05,0.0,1,-0.77,1882.8736877441409,0.0001669419101149,0.0,1,-1.41,1882.8735961914065,0.0001718042958464,0.0,1,10
ZINC000000002285,0.24,1882.874755859375,0.0001102140765807,0.0,1,0.19,1882.8746643066409,0.0001150764623122,0.0,1,0.16,1882.874420166016,0.0001280428242629,0.0,1,0.15,1882.87451171875,0.0001231804385314,0.0,1,0.15,1882.8746337890625,0.000116697257556,0.0,1,0.14,1882.8741760253904,0.0001410091862136,0.0,1,0.08,1882.8746643066409,0.0001150764623122,0.0,1,-0.67,1882.8751220703125,9.076453365474352e-05,0.0,1,-1.02,1882.8761291503904,3.727829060819823e-05,0.0,1,-1.29,1882.8751220703125,9.076453365474352e-05,0.0,1,10
ZINC000000002308,-0.66,1882.8768310546875,0.0,0.0,1,-0.75,1882.8768310546875,0.0,0.0,1,-0.8,1882.8768310546875,0.0,0.0,1,-0.86,1882.8768310546875,0.0,0.0,1,-1.16,1882.8768310546875,0.0,0.0,1,-1.26,1882.8768310546875,0.0,0.0,1,-1.28,1882.8768310546875,0.0,0.0,1,-1.42,1882.8768310546875,0.0,0.0,1,-2.33,1882.8768310546875,0.0,0.0,1,-3.17,1882.8768310546875,0.0,0.0,1,10
ZINC000000002330,-0.67,1882.8760986328125,3.8899085852032936e-05,0.0,1,-0.73,1882.8768310546875,0.0,0.0,1,-0.74,1882.8768310546875,0.0,0.0,1,-0.75,1882.8768310546875,0.0,0.0,1,-0.76,1882.8768310546875,0.0,0.0,1,-0.83,1882.8768310546875,0.0,0.0,1,-0.89,1882.8765258789065,1.6207952438347055e-05,0.0,1,-1.22,1882.8768310546875,0.0,0.0,1,-4.87,1882.8768310546875,0.0,0.0,1,-1000.0,471.744140625,0.0,0.0,0,9
ZINC000000002363,-0.19,1882.868103027344,0.0004635474397367,0.0,1,-0.28,1882.86767578125,0.0004862385731504,0.0,1,-0.31,1882.8679809570312,0.000470030620712,0.0,1,-0.41,1882.8681640625,0.000460305849249,0.0,1,-0.42,1882.867919921875,0.0004732722111997,0.0,1,-0.46,1882.8681640625,0.000460305849249,0.0,1,-0.52,1882.869598388672,0.0003841284727888,0.0,1,-0.57,1882.8687744140625,0.0004278899443723,0.0,1,-0.75,1882.86865234375,0.0004343731253477,0.0,1,-1.94,1882.8688354492188,0.0004246483538846,0.0,1,10
ZINC000000002530,-0.32,1882.87435913086,0.0001312844147506,0.0,1,-0.37,1882.87451171875,0.0001231804385314,0.0,1,-0.37,1882.875030517578,9.562691938624764e-05,0.0,1,-0.4,1882.8755493164065,6.807340024105763e-05,0.0,1,-0.45,1882.8746948242188,0.0001134556670684,0.0,1,-0.69,1882.8768310546875,0.0,0.0,1,-1.21,1882.8768310546875,0.0,0.0,1,-1.7,1882.875030517578,9.562691938624764e-05,0.0,1,-3.08,1882.8768310546875,0.0,0.0,1,-3.85,1882.873504638672,0.0001766666815779,0.0,1,10
ZINC000000002866,-0.06,1882.872100830078,0.0002512232627943,0.0,1,-0.08,1882.8722534179688,0.0002431192865752,0.0,1,-0.34,1882.872131347656,0.0002496024675505,0.0,1,-0.37,1882.871154785156,0.0003014679153532,0.0,1,-0.46,1882.8704833984373,0.0003371254107176,0.0,1,-0.54,1882.8707275390625,0.0003241590487669,0.0,1,-0.56,1882.8702392578125,0.0003500917726682,0.0,1,-0.57,1882.8699340820312,0.0003662997251066,0.0,1,-0.88,1882.8712768554688,0.0002949847343779,0.0,1,-0.88,1882.87338256836,0.0001831498625533,0.0,1,10
ZINC000000002908,-0.33,1882.868896484375,0.000421406763397,0.0,1,-0.46,1882.8716735839844,0.000273914396208,0.0,1,-0.71,1882.8695678710933,0.0003857492680326,0.0,1,-0.75,1882.870147705078,0.0003549541583998,0.0,1,-1.07,1882.8707580566409,0.0003225382535231,0.0,1,-1.58,1882.868194580078,0.0004586850540052,0.0,1,-1.59,1882.8708190917969,0.0003192966630354,0.0,1,-1.68,1882.8674926757808,0.0004959633446134,0.0,1,-1.92,1882.869659423828,0.0003808868823011,0.0,1,-1.93,1882.8696899414065,0.0003792660870573,0.0,1,10
ZINC000000002928,0.23,1882.872528076172,0.0002285321293806,0.0,1,-0.11,1882.873809814453,0.0001604587291396,0.0,1,-1.02,1882.8736572265625,0.0001685627053588,0.0,1,-1.06,1882.8757019042969,5.996942402188411e-05,0.0,1,-1.06,1882.87353515625,0.0001750458863341,0.0,1,-1.26,1882.874053955078,0.0001474923671889,0.0,1,-1.4,1882.872131347656,0.0002496024675505,0.0,1,-1.52,1882.872833251953,0.0002123241769423,0.0,1,-1.76,1882.870880126953,0.0003160550725477,0.0,1,-3.28,1882.8739318847656,0.0001539755481642,0.0,1,10
ZINC000000003003,0.16,1882.8727722167969,0.00021556576743,0.0,1,0.09,1882.8717346191409,0.0002706728057203,0.0,1,0.06,1882.8722839355469,0.0002414984913313,0.0,1,-0.45,1882.872985839844,0.0002042202007231,0.0,1,-0.48,1882.874053955078,0.0001474923671889,0.0,1,-0.49,1882.8749084472656,0.0001021101003615,0.0,1,-0.94,1882.8732299804688,0.0001912538387724,0.0,1,-1.2,1882.8726501464844,0.0002220489484053,0.0,1,-1.39,1882.87255859375,0.0002269113341368,0.0,1,-2.91,1882.8722839355469,0.0002414984913313,0.0,1,10
ZINC000000003016,-0.17,1882.87109375,0.0003047095058409,0.0,1,-0.26,1882.8705444335933,0.0003338838202299,0.0,1,-0.38,1882.8713989257808,0.0002885015534025,0.0,1,-0.42,1882.8719482421875,0.0002593272390135,0.0,1,-0.43,1882.87353515625,0.0001750458863341,0.0,1,-0.64,1882.8724975585933,0.0002301529246245,0.0,1,-0.69,1882.8744506835933,0.0001264220290191,0.0,1,-0.91,1882.8718872070312,0.0002625688295012,0.0,1,-0.97,1882.8726196289065,0.0002236697436491,0.0,1,-1.1,1882.8719482421875,0.0002593272390135,0.0,1,10
ZINC000000003117,-0.26,1882.8749084472656,0.0001021101003615,0.0,1,-0.47,1882.8717346191409,0.0002706728057203,0.0,1,-0.48,1882.875518798828,6.969419548489234e-05,0.0,1,-0.49,1882.8717956542969,0.0002674312152327,0.0,1,-0.5,1882.8717346191409,0.0002706728057203,0.0,1,-0.57,1882.874786376953,0.0001085932813369,0.0,1,-0.72,1882.8742370605469,0.0001377675957259,0.0,1,-0.73,1882.87435913086,0.0001312844147506,0.0,1,-2.09,1882.8730163574216,0.0002025994054793,0.0,1,-5.11,1882.8742065429688,0.0001393883909697,0.0,1,10
ZINC000000003275,-0.23,1882.8693237304688,0.0003987156299833,0.0,1,-0.35,1882.871551513672,0.0002803975771834,0.0,1,-0.46,1882.8688049316409,0.0004262691491285,0.0,1,-0.48,1882.8717956542969,0.0002674312152327,0.0,1,-0.57,1882.8705444335933,0.0003338838202299,0.0,1,-0.72,1882.8685913085933,0.0004376147158353,0.0,1,-1.2,1882.8697204589844,0.0003776452918134,0.0,1,-1.22,1882.870880126953,0.0003160550725477,0.0,1,-1.34,1882.8693542480469,0.0003970948347395,0.0,1,-1.47,1882.871032714844,0.0003079510963285,0.0,1,10
ZINC000000003381,0.07,1882.876708984375,6.483180975338823e-06,0.0,1,-0.09,1882.8768310546875,0.0,0.0,1,-0.11,1882.8768310546875,0.0,0.0,1,-0.14,1882.8768310546875,0.0,0.0,1,-0.15,1882.8768310546875,0.0,0.0,1,-0.16,1882.8768310546875,0.0,0.0,1,-1.12,1882.8768310546875,0.0,0.0,1,-1.74,1882.8768310546875,0.0,0.0,1,-1.76,1882.8768310546875,0.0,0.0,1,-2.36,1882.8768310546875,0.0,0.0,1,10
ZINC000000003558,0.38,1882.8681335449216,0.0004619266444928,0.0,1,0.35,1882.86752319336,0.0004943425493695,0.0,1,0.18,1882.868225097656,0.0004570642587613,0.0,1,0.1,1882.8689575195312,0.0004181651729093,0.0,1,-0.01,1882.8683471679688,0.000450581077786,0.0,1,-0.02,1882.869659423828,0.0003808868823011,0.0,1,-0.03,1882.8692321777344,0.0004035780157148,0.0,1,-0.15,1882.8683166503904,0.0004522018730298,0.0,1,-0.29,1882.869384765625,0.0003954740394956,0.0,1,-1.1,1882.8680114746087,0.0004684098254682,0.0,1,10
ZINC000000003612,0.12,1882.8695068359373,0.0003889908585203,0.0,1,-0.14,1882.8695068359373,0.0003889908585203,0.0,1,-0.18,1882.869201660156,0.0004051988109586,0.0,1,-0.29,1882.86962890625,0.0003825076775449,0.0,1,-0.4,1882.8695678710933,0.0003857492680326,0.0,1,-0.63,1882.870880126953,0.0003160550725477,0.0,1,-0.87,1882.87109375,0.0003047095058409,0.0,1,-0.96,1882.869873046875,0.0003695413155943,0.0,1,-1.04,1882.8701171875,0.0003565749536436,0.0,1,-1.58,1882.87109375,0.0003047095058409,0.0,1,10
ZINC000000003722,-0.6,1882.869201660156,0.0004051988109586,0.0,1,-1.26,1882.8723754882808,0.0002366361055998,0.0,1,-1.39,1882.87142944336,0.0002868807581587,0.0,1,-1.44,1882.8722534179688,0.0002431192865752,0.0,1,-1.65,1882.8704833984373,0.0003371254107176,0.0,1,-1.75,1882.8716735839844,0.000273914396208,0.0,1,-2.1,1882.8723754882808,0.0002366361055998,0.0,1,-2.28,1882.871490478516,0.000283639167671,0.0,1,-2.75,1882.8726501464844,0.0002220489484053,0.0,1,-3.71,1882.870849609375,0.0003176758677916,0.0,1,10
ZINC000000003796,-0.11,1882.8768310546875,0.0,0.0,1,-0.2,1882.8768310546875,0.0,0.0,1,-0.25,1882.8768310546875,0.0,0.0,1,-0.27,1882.8768310546875,0.0,0.0,1,-0.33,1882.8767700195312,3.241590487669412e-06,0.0,1,-0.36,1882.8768310546875,0.0,0.0,1,-0.37,1882.8768310546875,0.0,0.0,1,-0.89,1882.8768310546875,0.0,0.0,1,-2.91,1882.8768310546875,0.0,0.0,1,-5.12,1882.8768310546875,0.0,0.0,1,10
ZINC000000003833,-0.14,1882.8683166503904,0.0004522018730298,0.0,1,-0.77,1882.8704833984373,0.0003371254107176,0.0,1,-0.87,1882.869598388672,0.0003841284727888,0.0,1,-0.88,1882.869537353516,0.0003873700632764,0.0,1,-0.94,1882.8687133789065,0.00043113153486,0.0,1,-1.0,1882.8699951171875,0.0003630581346189,0.0,1,-1.04,1882.86962890625,0.0003825076775449,0.0,1,-1.12,1882.869873046875,0.0003695413155943,0.0,1,-1.16,1882.8695068359373,0.0003889908585203,0.0,1,-1.67,1882.8706970214844,0.0003257798440107,0.0,1,10
ZINC000000003868,-0.47,1882.873046875,0.0002009786102355,0.0,1,-0.5,1882.872314453125,0.0002398776960875,0.0,1,-0.8,1882.8727111816409,0.0002188073579176,0.0,1,-0.83,1882.8727111816409,0.0002188073579176,0.0,1,-1.22,1882.8719787597656,0.0002577064437697,0.0,1,-1.26,1882.872314453125,0.0002398776960875,0.0,1,-1.81,1882.8726196289065,0.0002236697436491,0.0,1,-1.85,1882.873046875,0.0002009786102355,0.0,1,-1.99,1882.8727722167969,0.00021556576743,0.0,1,-2.06,1882.8724975585933,0.0002301529246245,0.0,1,10
ZINC000000003880,-0.55,1882.876037597656,4.214067633970235e-05,0.0,1,-0.6,1882.8768310546875,0.0,0.0,1,-0.83,1882.8748779296875,0.0001037308956054,0.0,1,-0.97,1882.8768310546875,0.0,0.0,1,-1.31,1882.8768310546875,0.0,0.0,1,-1.49,1882.874938964844,0.0001004893051177,0.0,1,-1.51,1882.8751220703125,9.076453365474352e-05,0.0,1,-1.52,1882.876708984375,6.483180975338823e-06,0.0,1,-1.57,1882.875915527344,4.8623857315041175e-05,0.0,1,-1.59,1882.8768310546875,0.0,0.0,1,10
ZINC000000004127,0.03,1882.8727111816409,0.0002188073579176,0.0,1,-0.09,1882.870574951172,0.0003322630249861,0.0,1,-0.14,1882.8709106445312,0.0003144342773039,0.0,1,-0.51,1882.8728942871087,0.0002090825864546,0.0,1,-0.53,1882.8719482421875,0.0002593272390135,0.0,1,-0.6,1882.8708190917969,0.0003192966630354,0.0,1,-0.62,1882.8712768554688,0.0002949847343779,0.0,1,-1.57,1882.8710021972656,0.0003095718915724,0.0,1,-1.65,1882.8704833984373,0.0003371254107176,0.0,1,-1.83,1882.8714599609373,0.0002852599629149,0.0,1,10
ZINC000000004264,0.18,1882.8727111816409,0.0002188073579176,0.0,1,0.01,1882.872009277344,0.0002560856485258,0.0,1,-0.16,1882.8724975585933,0.0002301529246245,0.0,1,-0.21,1882.8722839355469,0.0002414984913313,0.0,1,-0.24,1882.8724975585933,0.0002301529246245,0.0,1,-0.26,1882.872802734375,0.0002139449721861,0.0,1,-0.29,1882.8722534179688,0.0002431192865752,0.0,1,-0.36,1882.872528076172,0.0002285321293806,0.0,1,-0.66,1882.8733520507808,0.0001847706577971,0.0,1,-0.75,1882.873107910156,0.0001977370197478,0.0,1,10
ZINC000000004337,0.04,1882.8739318847656,0.0001539755481642,0.0,1,-0.11,1882.8732299804688,0.0001912538387724,0.0,1,-0.12,1882.8728637695312,0.0002107033816985,0.0,1,-0.13,1882.8734130859373,0.0001815290673094,0.0,1,-0.15,1882.873443603516,0.0001799082720656,0.0,1,-0.15,1882.873046875,0.0002009786102355,0.0,1,-0.16,1882.8731384277344,0.0001961162245039,0.0,1,-0.16,1882.872589111328,0.000225290538893,0.0,1,-0.2,1882.8728637695312,0.0002107033816985,0.0,1,-0.79,1882.8746948242188,0.0001134556670684,0.0,1,10
ZINC000000004755,-0.86,1882.8768310546875,0.0,0.0,1,-1.32,1882.8768310546875,0.0,0.0,1,-1.34,1882.8768310546875,0.0,0.0,1,-1.61,1882.8768310546875,0.0,0.0,1,-1.62,1882.8768310546875,0.0,0.0,1,-2.0,1882.8768310546875,0.0,0.0,1,-2.21,1882.8768310546875,0.0,0.0,1,-2.22,1882.8768310546875,0.0,0.0,1,-2.57,1882.8768310546875,0.0,0.0,1,-4.16,1882.8768310546875,0.0,0.0,1,10
ZINC000000004931,-0.05,1882.873443603516,0.0001799082720656,0.0,1,-0.11,1882.8723449707031,0.0002382569008437,0.0,1,-0.12,1882.87338256836,0.0001831498625533,0.0,1,-0.2,1882.8737487792969,0.0001637003196273,0.0,1,-0.24,1882.8706970214844,0.0003257798440107,0.0,1,-0.24,1882.8723754882808,0.0002366361055998,0.0,1,-0.25,1882.87240600586,0.000235015310356,0.0,1,-0.35,1882.8737487792969,0.0001637003196273,0.0,1,-0.63,1882.87240600586,0.000235015310356,0.0,1,-0.81,1882.8723449707031,0.0002382569008437,0.0,1,10
ZINC000000004996,-0.14,1882.874481201172,0.0001248012337752,0.0,1,-0.53,1882.8768310546875,0.0,0.0,1,-0.56,1882.8768310546875,0.0,0.0,1,-0.61,1882.8746032714844,0.0001183180527999,0.0,1,-0.7,1882.8768310546875,0.0,0.0,1,-0.82,1882.8733520507808,0.0001847706577971,0.0,1,-1.19,1882.8752136230469,8.59021479232394e-05,0.0,1,-1.2,1882.8761901855469,3.4036700120528816e-05,0.0,1,-1.2,1882.8753662109373,7.779817170406587e-05,0.0,1,-1.23,1882.876708984375,6.483180975338823e-06,0.0,1,10
ZINC000000005053,-0.29,1882.8685302734373,0.000440856306323,0.0,1,-0.31,1882.8688659667969,0.0004230275586408,0.0,1,-0.39,1882.868621826172,0.0004359939205915,0.0,1,-0.4,1882.8680419921875,0.0004667890302243,0.0,1,-0.44,1882.8683471679688,0.000450581077786,0.0,1,-0.55,1882.86752319336,0.0004943425493695,0.0,1,-0.59,1882.86767578125,0.0004862385731504,0.0,1,-0.61,1882.8683776855469,0.0004489602825422,0.0,1,-0.62,1882.868408203125,0.0004473394872983,0.0,1,-5.91,1882.8706665039065,0.0003274006392546,0.0,1,10
ZINC000000005128,-0.63,1882.8742370605469,0.0001377675957259,0.0,1,-0.69,1882.8739929199216,0.0001507339576766,0.0,1,-1.18,1882.8743286132808,0.0001329052099944,0.0,1,-1.37,1882.8721923828125,0.0002463608770628,0.0,1,-1.4,1882.873962402344,0.0001523547529204,0.0,1,-1.44,1882.872528076172,0.0002285321293806,0.0,1,-1.54,1882.8731384277344,0.0001961162245039,0.0,1,-1.66,1882.874053955078,0.0001474923671889,0.0,1,-1.79,1882.87451171875,0.0001231804385314,0.0,1,-1.83,1882.87255859375,0.0002269113341368,0.0,1,10
ZINC000000005395,-0.39,1882.8707885742188,0.0003209174582792,0.0,1,-1.0,1882.8722534179688,0.0002431192865752,0.0,1,-1.01,1882.872802734375,0.0002139449721861,0.0,1,-1.14,1882.8734130859373,0.0001815290673094,0.0,1,-1.42,1882.872985839844,0.0002042202007231,0.0,1,-1.61,1882.8728637695312,0.0002107033816985,0.0,1,-1.8,1882.872131347656,0.0002496024675505,0.0,1,-1.82,1882.8721923828125,0.0002463608770628,0.0,1,-1.91,1882.871826171875,0.0002658104199888,0.0,1,-5.35,1882.8722839355469,0.0002414984913313,0.0,1,10
ZINC000000005515,0.49,1882.875244140625,8.42813526794047e-05,0.0,1,0.3,1882.8751220703125,9.076453365474352e-05,0.0,1,0.28,1882.8753662109373,7.779817170406587e-05,0.0,1,0.17,1882.8756713867188,6.15902192657188e-05,0.0,1,0.17,1882.8755798339844,6.645260499722293e-05,0.0,1,0.09,1882.8751831054688,8.75229431670741e-05,0.0,1,0.08,1882.8752746582031,8.266055743556999e-05,0.0,1,0.01,1882.87533569336,7.941896694790058e-05,0.0,1,-0.89,1882.876007080078,4.376147158353705e-05,0.0,1,-6.19,1882.87240600586,0.000235015310356,0.0,1,10
ZINC000000005544,-0.18,1882.8699951171875,0.0003630581346189,0.0,1,-0.46,1882.8697204589844,0.0003776452918134,0.0,1,-0.47,1882.8692932128904,0.0004003364252271,0.0,1,-0.53,1882.868896484375,0.000421406763397,0.0,1,-0.9,1882.8678283691409,0.0004781345969312,0.0,1,-1.02,1882.868621826172,0.0004359939205915,0.0,1,-1.98,1882.8680114746087,0.0004684098254682,0.0,1,-2.58,1882.869079589844,0.000411681991934,0.0,1,-2.69,1882.8687133789065,0.00043113153486,0.0,1,-3.07,1882.86865234375,0.0004343731253477,0.0,1,10
ZINC000000005598,-0.64,1882.8716735839844,0.000273914396208,0.0,1,-0.71,1882.8741760253904,0.0001410091862136,0.0,1,-0.87,1882.8751220703125,9.076453365474352e-05,0.0,1,-0.95,1882.8739318847656,0.0001539755481642,0.0,1,-0.96,1882.8731689453125,0.0001944954292601,0.0,1,-0.97,1882.874786376953,0.0001085932813369,0.0,1,-1.15,1882.871856689453,0.000264189624745,0.0,1,-1.19,1882.8743286132808,0.0001329052099944,0.0,1,-1.34,1882.8718872070312,0.0002625688295012,0.0,1,-5.0,1543.060516357422,18.047718740419075,90.47619047619048,1,10
ZINC000000005632,-0.68,1882.8748474121087,0.0001053516908492,0.0,1,-0.72,1882.8768310546875,0.0,0.0,1,-0.75,1882.876739501953,4.862385731504117e-06,0.0,1,-0.78,1882.8765563964844,1.458715719451235e-05,0.0,1,-0.79,1882.876373291016,2.4311928657520587e-05,0.0,1,-0.93,1882.8759460449216,4.700306207120646e-05,0.0,1,-0.99,1882.8764038085933,2.269113341368588e-05,0.0,1,-1.28,1882.875732421875,5.83486287780494e-05,0.0,1,-1.59,1882.875061035156,9.400612414241292e-05,0.0,1,-1.74,1882.8765563964844,1.458715719451235e-05,0.0,1,10
ZINC000000005672,-1.21,1882.8739318847656,0.0001539755481642,0.0,1,-1.56,1882.8745727539065,0.0001199388480437,0.0,1,-2.01,1882.8742370605469,0.0001377675957259,0.0,1,-2.1,1882.8721923828125,0.0002463608770628,0.0,1,-2.57,1882.8722229003904,0.000244740081819,0.0,1,-2.63,1882.8733215332031,0.0001863914530409,0.0,1,-2.72,1882.8739318847656,0.0001539755481642,0.0,1,-2.75,1882.873107910156,0.0001977370197478,0.0,1,-2.87,1882.8726806640625,0.0002204281531615,0.0,1,-2.98,1882.872802734375,0.0002139449721861,0.0,1,10
ZINC000000005722,-0.13,1882.8768310546875,0.0,0.0,1,-0.56,1882.8768310546875,0.0,0.0,1,-0.76,1882.8768310546875,0.0,0.0,1,-0.9,1882.8768310546875,0.0,0.0,1,-1.03,1882.8768310546875,0.0,0.0,1,-1.33,1882.8768310546875,0.0,0.0,1,-1.61,1882.876434326172,2.107033816985117e-05,0.0,1,-2.56,1882.8768310546875,0.0,0.0,1,-3.57,1882.8762512207031,3.07951096328594e-05,0.0,1,-5.68,1882.8768310546875,0.0,0.0,1,10
ZINC000000005882,-0.59,1882.8756408691409,6.321101450955351e-05,0.0,1,-1.02,1882.876037597656,4.214067633970235e-05,0.0,1,-1.32,1882.876007080078,4.376147158353705e-05,0.0,1,-1.34,1882.876220703125,3.241590487669411e-05,0.0,1,-1.37,1882.8757934570312,5.510703829037999e-05,0.0,1,-1.4,1882.8755493164065,6.807340024105763e-05,0.0,1,-1.41,1882.8759765625,4.538226682737176e-05,0.0,1,-1.41,1882.87631225586,2.755351914519e-05,0.0,1,-1.44,1882.876220703125,3.241590487669411e-05,0.0,1,-2.27,1882.8748168945312,0.000106972486093,0.0,1,10
ZINC000000005966,-0.54,1882.8768310546875,0.0,0.0,1,-0.74,1882.8768310546875,0.0,0.0,1,-0.76,1882.8768310546875,0.0,0.0,1,-0.84,1882.8768310546875,0.0,0.0,1,-0.98,1882.8766479492188,9.724771463008234e-06,0.0,1,-1.03,1882.8763427734373,2.593272390135529e-05,0.0,1,-1.08,1882.8766479492188,9.724771463008234e-06,0.0,1,-1.22,1882.8768310546875,0.0,0.0,1,-2.19,1882.8766479492188,9.724771463008234e-06,0.0,1,-2.28,1882.8765258789065,1.6207952438347055e-05,0.0,1,10
ZINC000000006038,-0.31,1882.873443603516,0.0001799082720656,0.0,1,-0.78,1882.872131347656,0.0002496024675505,0.0,1,-0.84,1882.8726501464844,0.0002220489484053,0.0,1,-0.89,1882.8734130859373,0.0001815290673094,0.0,1,-0.94,1882.872009277344,0.0002560856485258,0.0,1,-0.95,1882.8717041015625,0.0002722936009642,0.0,1,-1.05,1882.872100830078,0.0002512232627943,0.0,1,-1.09,1882.871826171875,0.0002658104199888,0.0,1,-1.18,1882.872131347656,0.0002496024675505,0.0,1,-1.62,1882.873107910156,0.0001977370197478,0.0,1,10
ZINC000000006256,-0.31,1882.8741149902344,0.0001442507767012,0.0,1,-0.35,1882.873046875,0.0002009786102355,0.0,1,-0.4,1882.8748168945312,0.000106972486093,0.0,1,-0.66,1882.8752746582031,8.266055743556999e-05,0.0,1,-0.87,1882.8731384277344,0.0001961162245039,0.0,1,-0.98,1882.8756713867188,6.15902192657188e-05,0.0,1,-1.03,1882.8739318847656,0.0001539755481642,0.0,1,-1.22,1882.8748168945312,0.000106972486093,0.0,1,-1.26,1882.8734741210933,0.0001782874768218,0.0,1,-1.33,1882.875457763672,7.293578597256175e-05,0.0,1,10
ZINC000000006427,-0.23,1882.8692321777344,0.0004035780157148,0.0,1,-0.34,1882.8695068359373,0.0003889908585203,0.0,1,-0.42,1882.8694458007808,0.0003922324490079,0.0,1,-0.46,1882.871551513672,0.0002803975771834,0.0,1,-0.5,1882.8710021972656,0.0003095718915724,0.0,1,-0.59,1882.87109375,0.0003047095058409,0.0,1,-0.62,1882.8724365234373,0.0002333945151121,0.0,1,-0.76,1882.8699340820312,0.0003662997251066,0.0,1,-0.89,1882.871154785156,0.0003014679153532,0.0,1,-2.23,1882.869903564453,0.0003679205203504,0.0,1,10
ZINC000000006471,-0.25,1882.8736877441409,0.0001669419101149,0.0,1,-0.32,1882.8767700195312,3.241590487669412e-06,0.0,1,-0.44,1882.8768310546875,0.0,0.0,1,-0.55,1882.8760986328125,3.8899085852032936e-05,0.0,1,-0.62,1882.8756408691409,6.321101450955351e-05,0.0,1,-0.72,1882.8758544921875,5.186544780271058e-05,0.0,1,-0.8,1882.8745727539065,0.0001199388480437,0.0,1,-0.96,1882.8763427734373,2.593272390135529e-05,0.0,1,-1.13,1882.8746032714844,0.0001183180527999,0.0,1,-1.43,1882.8760681152344,4.051988109586764e-05,0.0,1,10
ZINC000000006676,-0.48,1882.8756408691409,6.321101450955351e-05,0.0,1,-0.57,1882.87533569336,7.941896694790058e-05,0.0,1,-0.73,1882.875,9.724771463008236e-05,0.0,1,-1.0,1882.875915527344,4.8623857315041175e-05,0.0,1,-1.39,1882.875457763672,7.293578597256175e-05,0.0,1,-1.62,1882.8746032714844,0.0001183180527999,0.0,1,-1.65,1882.876007080078,4.376147158353705e-05,0.0,1,-1.75,1882.8764038085933,2.269113341368588e-05,0.0,1,-1.84,1882.8746032714844,0.0001183180527999,0.0,1,-2.16,1882.8752136230469,8.59021479232394e-05,0.0,1,10
ZINC000000006739,0.13,1882.8753662109373,7.779817170406587e-05,0.0,1,0.0,1882.8722229003904,0.000244740081819,0.0,1,-0.21,1882.874755859375,0.0001102140765807,0.0,1,-0.27,1882.8724975585933,0.0002301529246245,0.0,1,-0.44,1882.875915527344,4.8623857315041175e-05,0.0,1,-0.45,1882.8741455078125,0.0001426299814574,0.0,1,-0.65,1882.8719177246087,0.0002609480342573,0.0,1,-0.65,1882.8723449707031,0.0002382569008437,0.0,1,-0.9,1882.8738403320312,0.0001588379338958,0.0,1,-5.18,1882.8729553222656,0.000205840995967,0.0,1,10
ZINC000000006893,0.11,1882.8768310546875,0.0,0.0,1,0.05,1882.8768310546875,0.0,0.0,1,0.03,1882.8768310546875,0.0,0.0,1,-0.25,1882.8768310546875,0.0,0.0,1,-0.47,1882.8768310546875,0.0,0.0,1,-1.35,1882.8768310546875,0.0,0.0,1,-1.97,1882.8768310546875,0.0,0.0,1,-2.21,1882.8768310546875,0.0,0.0,1,-3.3,1882.8768310546875,0.0,0.0,1,-3.76,1882.8768310546875,0.0,0.0,1,10
ZINC000000006896,-0.03,1882.8719482421875,0.0002593272390135,0.0,1,-0.07,1882.87158203125,0.0002787767819395,0.0,1,-0.09,1882.87142944336,0.0002868807581587,0.0,1,-0.29,1882.8721923828125,0.0002463608770628,0.0,1,-0.31,1882.872467041016,0.0002317737198683,0.0,1,-0.83,1882.871551513672,0.0002803975771834,0.0,1,-1.16,1882.870880126953,0.0003160550725477,0.0,1,-1.66,1882.8715209960933,0.0002820183724272,0.0,1,-3.02,1882.871032714844,0.0003079510963285,0.0,1,-6.85,1882.87240600586,0.000235015310356,0.0,1,10
ZINC000000006909,-0.22,1882.87109375,0.0003047095058409,0.0,1,-0.54,1882.872009277344,0.0002560856485258,0.0,1,-0.58,1882.871490478516,0.000283639167671,0.0,1,-0.64,1882.87060546875,0.0003306422297422,0.0,1,-0.77,1882.872985839844,0.0002042202007231,0.0,1,-0.88,1882.8716735839844,0.000273914396208,0.0,1,-1.03,1882.871826171875,0.0002658104199888,0.0,1,-1.12,1882.8719787597656,0.0002577064437697,0.0,1,-1.41,1882.8709106445312,0.0003144342773039,0.0,1,-2.47,1882.871124267578,0.000303088710597,0.0,1,10
ZINC000000006937,-0.11,1882.8713073730469,0.000293363939134,0.0,1,-0.11,1882.8709106445312,0.0003144342773039,0.0,1,-0.23,1882.871154785156,0.0003014679153532,0.0,1,-0.54,1882.8724365234373,0.0002333945151121,0.0,1,-0.56,1882.8710021972656,0.0003095718915724,0.0,1,-0.64,1882.8714599609373,0.0002852599629149,0.0,1,-0.75,1882.871124267578,0.000303088710597,0.0,1,-0.91,1882.8711853027344,0.0002998471201094,0.0,1,-0.96,1882.871612548828,0.0002771559866957,0.0,1,-4.24,1882.87045288086,0.0003387462059614,0.0,1,10
ZINC000000007280,-0.48,1882.8699340820312,0.0003662997251066,0.0,1,-0.91,1882.8704833984373,0.0003371254107176,0.0,1,-1.03,1882.8724365234373,0.0002333945151121,0.0,1,-1.05,1882.8706665039065,0.0003274006392546,0.0,1,-1.31,1882.8701171875,0.0003565749536436,0.0,1,-1.38,1882.8706665039065,0.0003274006392546,0.0,1,-1.45,1882.8707275390625,0.0003241590487669,0.0,1,-1.69,1882.8712768554688,0.0002949847343779,0.0,1,-1.84,1882.8685913085933,0.0004376147158353,0.0,1,-1.91,1882.869384765625,0.0003954740394956,0.0,1,10
ZINC000000007456,-0.62,1882.8761596679688,3.565749536436352e-05,0.0,1,-0.64,1882.87353515625,0.0001750458863341,0.0,1,-0.69,1882.8742065429688,0.0001393883909697,0.0,1,-0.69,1882.8765258789065,1.6207952438347055e-05,0.0,1,-0.74,1882.8738403320312,0.0001588379338958,0.0,1,-0.75,1882.8745727539065,0.0001199388480437,0.0,1,-0.76,1882.8736572265625,0.0001685627053588,0.0,1,-0.77,1882.87255859375,0.0002269113341368,0.0,1,-0.79,1882.8745727539065,0.0001199388480437,0.0,1,-0.89,1882.8739013671875,0.0001555963434081,0.0,1,10
ZINC000000007471,-0.49,1882.8699340820312,0.0003662997251066,0.0,1,-0.52,1882.870056152344,0.0003598165441313,0.0,1,-0.54,1882.867248535156,0.000508929706564,0.0,1,-0.55,1882.869201660156,0.0004051988109586,0.0,1,-0.62,1882.8687744140625,0.0004278899443723,0.0,1,-0.97,1882.8695678710933,0.0003857492680326,0.0,1,-1.38,1882.8717651367188,0.0002690520104765,0.0,1,-1.43,1882.8698120117188,0.0003727829060819,0.0,1,-1.6,1882.8705444335933,0.0003338838202299,0.0,1,-1.93,1882.8683471679688,0.000450581077786,0.0,1,10
ZINC000000007677,-0.69,1882.8759460449216,4.700306207120646e-05,0.0,1,-0.7,1882.875244140625,8.42813526794047e-05,0.0,1,-0.73,1882.875396728516,7.617737646023117e-05,0.0,1,-0.75,1882.8751220703125,9.076453365474352e-05,0.0,1,-0.78,1882.8757934570312,5.510703829037999e-05,0.0,1,-0.85,1882.8751220703125,9.076453365474352e-05,0.0,1,-0.95,1882.874786376953,0.0001085932813369,0.0,1,-1.03,1882.8753662109373,7.779817170406587e-05,0.0,1,-1.94,1882.8761901855469,3.4036700120528816e-05,0.0,1,-2.0,1882.8754272460933,7.455658121639646e-05,0.0,1,10
ZINC000000007708,-0.43,1882.87255859375,0.0002269113341368,0.0,1,-0.5,1882.872467041016,0.0002317737198683,0.0,1,-0.6,1882.8758850097656,5.024465255887588e-05,0.0,1,-0.61,1882.8722534179688,0.0002431192865752,0.0,1,-0.61,1882.875518798828,6.969419548489234e-05,0.0,1,-0.62,1882.8740234375,0.0001491131624327,0.0,1,-0.8,1882.8729248046875,0.0002074617912108,0.0,1,-1.07,1882.8736267089844,0.0001701835006026,0.0,1,-1.74,1882.8753051757808,8.103976219173528e-05,0.0,1,-5.61,1882.8756408691409,6.321101450955351e-05,0.0,1,10
ZINC000000008126,-1.05,1882.8736877441409,0.0001669419101149,0.0,1,-1.11,1882.8732299804688,0.0001912538387724,0.0,1,-1.19,1882.872833251953,0.0002123241769423,0.0,1,-1.19,1882.8731689453125,0.0001944954292601,0.0,1,-1.3,1882.8724975585933,0.0002301529246245,0.0,1,-1.32,1882.8734741210933,0.0001782874768218,0.0,1,-1.54,1882.87353515625,0.0001750458863341,0.0,1,-2.33,1882.8736877441409,0.0001669419101149,0.0,1,-3.17,1882.8742370605469,0.0001377675957259,0.0,1,-5.79,1882.8755493164065,6.807340024105763e-05,0.0,1,10
ZINC000000008596,0.36,1882.8720397949216,0.000254464853282,0.0,1,0.18,1882.8727722167969,0.00021556576743,0.0,1,0.07,1882.8722534179688,0.0002431192865752,0.0,1,0.06,1882.871826171875,0.0002658104199888,0.0,1,0.03,1882.8726806640625,0.0002204281531615,0.0,1,0.02,1882.873291015625,0.0001880122482848,0.0,1,-0.07,1882.8731689453125,0.0001944954292601,0.0,1,-0.2,1882.871826171875,0.0002658104199888,0.0,1,-0.23,1882.87338256836,0.0001831498625533,0.0,1,-1.46,1882.87142944336,0.0002868807581587,0.0,1,10
ZINC000000008649,-0.34,1882.872589111328,0.000225290538893,0.0,1,-0.48,1882.87158203125,0.0002787767819395,0.0,1,-0.58,1882.873443603516,0.0001799082720656,0.0,1,-0.63,1882.872100830078,0.0002512232627943,0.0,1,-0.69,1882.873291015625,0.0001880122482848,0.0,1,-0.74,1882.87109375,0.0003047095058409,0.0,1,-0.75,1882.8714599609373,0.0002852599629149,0.0,1,-0.86,1882.8716430664065,0.0002755351914518,0.0,1,-0.91,1882.8739318847656,0.0001539755481642,0.0,1,-1.1,1882.8726806640625,0.0002204281531615,0.0,1,10
ZINC000000008694,-0.44,1882.873962402344,0.0001523547529204,0.0,1,-0.63,1882.873962402344,0.0001523547529204,0.0,1,-0.72,1882.8743896484373,0.0001296636195067,0.0,1,-0.89,1882.8740234375,0.0001491131624327,0.0,1,-0.92,1882.8744506835933,0.0001264220290191,0.0,1,-1.11,1882.8751220703125,9.076453365474352e-05,0.0,1,-1.22,1882.8727416992188,0.0002171865626738,0.0,1,-1.26,1882.8739013671875,0.0001555963434081,0.0,1,-1.27,1882.8719482421875,0.0002593272390135,0.0,1,-5.14,471.744140625,0.0,0.0,1,10
ZINC000000008717,-0.55,1882.8768310546875,0.0,0.0,1,-0.65,1882.8768310546875,0.0,0.0,1,-0.83,1882.8768310546875,0.0,0.0,1,-1.24,1882.8768310546875,0.0,0.0,1,-1.27,1882.8768310546875,0.0,0.0,1,-1.27,1882.8768310546875,0.0,0.0,1,-1.29,1882.8768310546875,0.0,0.0,1,-2.02,1882.8768310546875,0.0,0.0,1,-2.2,1882.8768310546875,0.0,0.0,1,-2.91,1882.8768310546875,0.0,0.0,1,10
ZINC000000009065,0.22,1882.8702087402344,0.0003517125679121,0.0,1,0.04,1882.871337890625,0.0002917431438902,0.0,1,0.03,1882.872009277344,0.0002560856485258,0.0,1,0.0,1882.8726501464844,0.0002220489484053,0.0,1,-0.03,1882.871551513672,0.0002803975771834,0.0,1,-0.14,1882.8719177246087,0.0002609480342573,0.0,1,-0.15,1882.872589111328,0.000225290538893,0.0,1,-0.63,1882.871826171875,0.0002658104199888,0.0,1,-0.66,1882.8722839355469,0.0002414984913313,0.0,1,-0.81,1882.8723754882808,0.0002366361055998,0.0,1,10
ZINC000000009114,-0.44,1882.87142944336,0.0002868807581587,0.0,1,-0.5,1882.8707275390625,0.0003241590487669,0.0,1,-0.52,1882.8719177246087,0.0002609480342573,0.0,1,-0.53,1882.8717956542969,0.0002674312152327,0.0,1,-0.58,1882.872131347656,0.0002496024675505,0.0,1,-0.68,1882.8713684082031,0.0002901223486464,0.0,1,-0.69,1882.871337890625,0.0002917431438902,0.0,1,-0.74,1882.8702392578125,0.0003500917726682,0.0,1,-1.08,1882.8698120117188,0.0003727829060819,0.0,1,-5.28,1882.8745727539065,0.0001199388480437,0.0,1,10
ZINC000000009132,-0.07,1882.873046875,0.0002009786102355,0.0,1,-0.08,1882.872985839844,0.0002042202007231,0.0,1,-0.09,1882.872985839844,0.0002042202007231,0.0,1,-0.11,1882.873046875,0.0002009786102355,0.0,1,-0.13,1882.8741149902344,0.0001442507767012,0.0,1,-0.3,1882.875915527344,4.8623857315041175e-05,0.0,1,-0.31,1882.8758239746087,5.348624304654528e-05,0.0,1,-0.44,1882.8729553222656,0.000205840995967,0.0,1,-0.66,1882.8750915527344,9.238532889857822e-05,0.0,1,-2.14,1882.8730163574216,0.0002025994054793,0.0,1,10
ZINC000000009179,-0.44,1882.8768310546875,0.0,0.0,1,-0.53,1882.8768310546875,0.0,0.0,1,-0.69,1882.8768310546875,0.0,0.0,1,-0.98,1882.8768310546875,0.0,0.0,1,-1.13,1882.8768310546875,0.0,0.0,1,-1.17,1882.8768310546875,0.0,0.0,1,-1.18,1882.8768310546875,0.0,0.0,1,-1.62,1882.8768310546875,0.0,0.0,1,-1.73,1882.8768310546875,0.0,0.0,1,-1.91,1882.8768310546875,0.0,0.0,1,10
ZINC000000009239,-0.29,1882.872100830078,0.0002512232627943,0.0,1,-0.57,1882.8733520507808,0.0001847706577971,0.0,1,-0.72,1882.8712768554688,0.0002949847343779,0.0,1,-0.72,1882.8733520507808,0.0001847706577971,0.0,1,-0.73,1882.8729553222656,0.000205840995967,0.0,1,-0.75,1882.8728942871087,0.0002090825864546,0.0,1,-0.82,1882.872833251953,0.0002123241769423,0.0,1,-1.12,1882.8731994628904,0.0001928746340163,0.0,1,-1.5,1882.87353515625,0.0001750458863341,0.0,1,-2.67,1882.8726196289065,0.0002236697436491,0.0,1,10
ZINC000000009247,-0.42,1882.8717651367188,0.0002690520104765,0.0,1,-0.68,1882.8730163574216,0.0002025994054793,0.0,1,-1.02,1882.8714599609373,0.0002852599629149,0.0,1,-1.45,1882.87646484375,1.9449542926016468e-05,0.0,1,-1.6,1882.872985839844,0.0002042202007231,0.0,1,-1.78,1882.872314453125,0.0002398776960875,0.0,1,-1.88,1882.87353515625,0.0001750458863341,0.0,1,-1.98,1882.8756103515625,6.483180975338822e-05,0.0,1,-2.06,1882.8723754882808,0.0002366361055998,0.0,1,-2.59,1882.8713989257808,0.0002885015534025,0.0,1,10
ZINC000000009677,0.34,1882.8768310546875,0.0,0.0,1,-0.02,1882.8768310546875,0.0,0.0,1,-0.06,1882.8768310546875,0.0,0.0,1,-0.08,1882.8768310546875,0.0,0.0,1,-0.13,1882.8768310546875,0.0,0.0,1,-0.19,1882.8768310546875,0.0,0.0,1,-0.25,1882.8768310546875,0.0,0.0,1,-0.27,1882.8768310546875,0.0,0.0,1,-0.28,1882.8768310546875,0.0,0.0,1,-2.63,1882.8768310546875,0.0,0.0,1,10
ZINC000000009766,-0.29,1882.8674011230469,0.0005008257303449,0.0,1,-0.36,1882.8674011230469,0.0005008257303449,0.0,1,-0.4,1882.8683776855469,0.0004489602825422,0.0,1,-0.44,1882.8660888671875,0.0005705199258298,0.0,1,-0.77,1882.8663330078125,0.0005575535638791,0.0,1,-0.81,1882.867218017578,0.0005105505018079,0.0,1,-1.35,1882.865631103516,0.0005948318544873,0.0,1,-1.71,1882.867218017578,0.0005105505018079,0.0,1,-2.11,1882.8672790527344,0.0005073089113202,0.0,1,-2.47,1882.866271972656,0.0005607951543668,0.0,1,10
ZINC000000009851,-0.27,1882.874481201172,0.0001248012337752,0.0,1,-0.27,1882.874786376953,0.0001085932813369,0.0,1,-0.3,1882.874755859375,0.0001102140765807,0.0,1,-0.61,1882.87646484375,1.9449542926016468e-05,0.0,1,-0.78,1882.872802734375,0.0002139449721861,0.0,1,-0.8,1882.874542236328,0.0001215596432876,0.0,1,-0.88,1882.8742370605469,0.0001377675957259,0.0,1,-0.95,1882.8733520507808,0.0001847706577971,0.0,1,-1.07,1882.8730163574216,0.0002025994054793,0.0,1,-1.84,1882.8730163574216,0.0002025994054793,0.0,1,10
ZINC000000009967,-0.05,1882.8703918457031,0.0003419877964491,0.0,1,-0.13,1882.871337890625,0.0002917431438902,0.0,1,-0.17,1882.870361328125,0.0003436085916929,0.0,1,-0.28,1882.8699951171875,0.0003630581346189,0.0,1,-0.8,1882.871826171875,0.0002658104199888,0.0,1,-0.97,1882.8718872070312,0.0002625688295012,0.0,1,-0.98,1882.8712768554688,0.0002949847343779,0.0,1,-1.43,1882.8707580566409,0.0003225382535231,0.0,1,-1.5,1882.8702087402344,0.0003517125679121,0.0,1,-5.18,1882.8715209960933,0.0002820183724272,0.0,1,10
ZINC000000009969,-0.99,1882.87255859375,0.0002269113341368,0.0,1,-1.12,1882.8714599609373,0.0002852599629149,0.0,1,-1.25,1882.8723754882808,0.0002366361055998,0.0,1,-1.45,1882.87255859375,0.0002269113341368,0.0,1,-1.69,1882.872985839844,0.0002042202007231,0.0,1,-1.82,1882.8726196289065,0.0002236697436491,0.0,1,-1.83,1882.8715209960933,0.0002820183724272,0.0,1,-1.92,1882.8724365234373,0.0002333945151121,0.0,1,-2.03,1882.87255859375,0.0002269113341368,0.0,1,-2.76,1882.8724975585933,0.0002301529246245,0.0,1,10
ZINC000000010177,0.13,1882.8768310546875,0.0,0.0,1,-0.1,1882.8768310546875,0.0,0.0,1,-0.13,1882.8768310546875,0.0,0.0,1,-0.27,1882.8768310546875,0.0,0.0,1,-0.4,1882.8768310546875,0.0,0.0,1,-0.53,1882.8768310546875,0.0,0.0,1,-0.64,1882.8768310546875,0.0,0.0,1,-1.87,1882.8768310546875,0.0,0.0,1,-1.92,1882.8768310546875,0.0,0.0,1,-1.97,1882.8768310546875,0.0,0.0,1,10
ZINC000000010428,0.07,1882.87255859375,0.0002269113341368,0.0,1,-0.14,1882.873504638672,0.0001766666815779,0.0,1,-0.15,1882.8736572265625,0.0001685627053588,0.0,1,-0.16,1882.8734741210933,0.0001782874768218,0.0,1,-0.63,1882.874267578125,0.0001361468004821,0.0,1,-3.77,1882.873962402344,0.0001523547529204,0.0,1,-3.8,1882.873291015625,0.0001880122482848,0.0,1,-4.13,1882.873809814453,0.0001604587291396,0.0,1,-4.82,471.744140625,0.0,0.0,1,-4.85,1882.8751831054688,8.75229431670741e-05,0.0,1,10
ZINC000000010523,-0.77,1882.8736877441409,0.0001669419101149,0.0,1,-0.86,1882.8737487792969,0.0001637003196273,0.0,1,-0.88,1882.8736572265625,0.0001685627053588,0.0,1,-0.94,1882.8739013671875,0.0001555963434081,0.0,1,-0.95,1882.8753662109373,7.779817170406587e-05,0.0,1,-0.99,1882.8738708496087,0.0001572171386519,0.0,1,-1.0,1882.873809814453,0.0001604587291396,0.0,1,-1.02,1882.873809814453,0.0001604587291396,0.0,1,-1.7,1882.8733520507808,0.0001847706577971,0.0,1,-3.99,1882.8743286132808,0.0001329052099944,0.0,1,10
ZINC000000010790,-0.32,1882.86752319336,0.0004943425493695,0.0,1,-0.6,1882.86849975586,0.0004424771015668,0.0,1,-0.6,1882.86752319336,0.0004943425493695,0.0,1,-0.93,1882.8687744140625,0.0004278899443723,0.0,1,-1.16,1882.8680725097656,0.0004651682349805,0.0,1,-1.17,1882.868103027344,0.0004635474397367,0.0,1,-1.36,1882.8683776855469,0.0004489602825422,0.0,1,-2.03,1882.8674926757808,0.0004959633446134,0.0,1,-2.18,1882.8681335449216,0.0004619266444928,0.0,1,-5.45,1882.8678588867188,0.0004765138016874,0.0,1,10
ZINC000000010906,-0.87,1882.8746337890625,0.000116697257556,0.0,1,-1.31,1882.8768005371087,1.6207952438347057e-06,0.0,1,-1.42,1882.8758239746087,5.348624304654528e-05,0.0,1,-1.49,1882.8768310546875,0.0,0.0,1,-1.57,1882.8754272460933,7.455658121639646e-05,0.0,1,-1.82,1882.8746337890625,0.000116697257556,0.0,1,-2.11,1882.874481201172,0.0001248012337752,0.0,1,-2.14,1882.8758544921875,5.186544780271058e-05,0.0,1,-2.47,1882.8766479492188,9.724771463008234e-06,0.0,1,-2.89,1882.8739013671875,0.0001555963434081,0.0,1,10
ZINC000000010961,-0.37,1882.875457763672,7.293578597256175e-05,0.0,1,-0.44,1882.87631225586,2.755351914519e-05,0.0,1,-0.5,1882.8750915527344,9.238532889857822e-05,0.0,1,-0.84,1882.87548828125,7.131499072872705e-05,0.0,1,-1.11,1882.876434326172,2.107033816985117e-05,0.0,1,-1.53,1882.875396728516,7.617737646023117e-05,0.0,1,-1.74,1882.8768310546875,0.0,0.0,1,-1.93,1882.8745727539065,0.0001199388480437,0.0,1,-4.99,1882.8742370605469,0.0001377675957259,0.0,1,-5.01,1882.8743286132808,0.0001329052099944,0.0,1,10
ZINC000000011133,0.17,1882.873809814453,0.0001604587291396,0.0,1,0.02,1882.8742065429688,0.0001393883909697,0.0,1,-0.06,1882.874267578125,0.0001361468004821,0.0,1,-0.12,1882.8731384277344,0.0001961162245039,0.0,1,-0.12,1882.8739929199216,0.0001507339576766,0.0,1,-0.18,1882.8732299804688,0.0001912538387724,0.0,1,-0.25,1882.8746032714844,0.0001183180527999,0.0,1,-0.3,1882.875030517578,9.562691938624764e-05,0.0,1,-0.46,1882.8738403320312,0.0001588379338958,0.0,1,-0.51,1882.8735961914065,0.0001718042958464,0.0,1,10
ZINC000000011268,-0.09,1882.86669921875,0.0005381040209531,0.0,1,-0.24,1882.8666381835933,0.0005413456114407,0.0,1,-0.44,1882.86669921875,0.0005381040209531,0.0,1,-0.45,1882.8670654296875,0.0005186544780271,0.0,1,-0.67,1882.8660888671875,0.0005705199258298,0.0,1,-0.88,1882.866241455078,0.0005624159496106,0.0,1,-1.06,1882.86572265625,0.0005899694687558,0.0,1,-1.25,1882.8656616210933,0.0005932110592435,0.0,1,-1.31,1882.867218017578,0.0005105505018079,0.0,1,-1.58,1882.867248535156,0.000508929706564,0.0,1,10
ZINC000000012765,0.29,1882.870361328125,0.0003436085916929,0.0,1,0.19,1882.8703002929688,0.0003468501821806,0.0,1,0.12,1882.8699951171875,0.0003630581346189,0.0,1,-0.17,1882.869384765625,0.0003954740394956,0.0,1,-0.21,1882.8688659667969,0.0004230275586408,0.0,1,-0.34,1882.8692626953125,0.000401957220471,0.0,1,-0.36,1882.8704223632808,0.0003403670012052,0.0,1,-1.41,1882.8703918457031,0.0003419877964491,0.0,1,-1.57,1882.8697814941409,0.0003744037013258,0.0,1,-1.87,1882.8695068359373,0.0003889908585203,0.0,1,10
ZINC000000013163,-0.08,1882.8719177246087,0.0002609480342573,0.0,1,-0.1,1882.872009277344,0.0002560856485258,0.0,1,-0.11,1882.872589111328,0.000225290538893,0.0,1,-0.14,1882.8727111816409,0.0002188073579176,0.0,1,-0.57,1882.8717956542969,0.0002674312152327,0.0,1,-0.89,1882.87060546875,0.0003306422297422,0.0,1,-0.96,1882.8719482421875,0.0002593272390135,0.0,1,-1.11,1882.8733520507808,0.0001847706577971,0.0,1,-1.14,1882.8731994628904,0.0001928746340163,0.0,1,-2.21,1882.872100830078,0.0002512232627943,0.0,1,10
ZINC000000013165,-0.14,1882.8709106445312,0.0003144342773039,0.0,1,-0.17,1882.869903564453,0.0003679205203504,0.0,1,-0.17,1882.8712158203125,0.0002982263248655,0.0,1,-0.42,1882.8694152832031,0.0003938532442518,0.0,1,-0.58,1882.8711853027344,0.0002998471201094,0.0,1,-0.63,1882.872100830078,0.0002512232627943,0.0,1,-0.78,1882.8717346191409,0.0002706728057203,0.0,1,-1.37,1882.8727722167969,0.00021556576743,0.0,1,-2.84,1882.8721618652344,0.0002479816723067,0.0,1,-5.66,1882.8712768554688,0.0002949847343779,0.0,1,10
ZINC000000013212,-0.61,1882.8762512207031,3.07951096328594e-05,0.0,1,-0.77,1882.874755859375,0.0001102140765807,0.0,1,-0.79,1882.874786376953,0.0001085932813369,0.0,1,-0.84,1882.8747253417969,0.0001118348718245,0.0,1,-0.9,1882.8760681152344,4.051988109586764e-05,0.0,1,-1.01,1882.8753662109373,7.779817170406587e-05,0.0,1,-1.37,1882.8756103515625,6.483180975338822e-05,0.0,1,-1.88,1882.8756103515625,6.483180975338822e-05,0.0,1,-2.16,1882.87451171875,0.0001231804385314,0.0,1,-2.44,1882.87435913086,0.0001312844147506,0.0,1,10
ZINC000000013458,-0.16,1882.8768310546875,0.0,0.0,1,-0.19,1882.8768310546875,0.0,0.0,1,-0.24,1882.8768310546875,0.0,0.0,1,-0.36,1882.8768310546875,0.0,0.0,1,-1.2,1882.8768310546875,0.0,0.0,1,-1.28,1882.8768310546875,0.0,0.0,1,-1.29,1882.8768310546875,0.0,0.0,1,-1.37,1882.8768310546875,0.0,0.0,1,-1.67,1882.8768310546875,0.0,0.0,1,-1.78,1882.8768310546875,0.0,0.0,1,10
ZINC000000014251,-0.04,1882.86947631836,0.0003906116537641,0.0,1,-0.16,1882.87109375,0.0003047095058409,0.0,1,-0.24,1882.871337890625,0.0002917431438902,0.0,1,-0.3,1882.871124267578,0.000303088710597,0.0,1,-0.33,1882.8687744140625,0.0004278899443723,0.0,1,-0.4,1882.870635986328,0.0003290214344984,0.0,1,-0.5,1882.8719177246087,0.0002609480342573,0.0,1,-0.59,1882.8709411621087,0.00031281348206,0.0,1,-1.39,1882.868896484375,0.000421406763397,0.0,1,-1.54,1882.8674621582031,0.0004975841398572,0.0,1,10
ZINC000000014936,-0.6,1882.873962402344,0.0001523547529204,0.0,1,-0.6,1882.8741455078125,0.0001426299814574,0.0,1,-0.77,1882.8743896484373,0.0001296636195067,0.0,1,-0.8,1882.8742980957031,0.0001345260052382,0.0,1,-0.88,1882.87548828125,7.131499072872705e-05,0.0,1,-1.53,1882.8749694824216,9.886850987391704e-05,0.0,1,-1.63,1882.87435913086,0.0001312844147506,0.0,1,-2.46,1882.8755798339844,6.645260499722293e-05,0.0,1,-2.85,1882.8731384277344,0.0001961162245039,0.0,1,-2.91,1882.875396728516,7.617737646023117e-05,0.0,1,10
ZINC000000014991,-0.17,1882.8768310546875,0.0,0.0,1,-0.19,1882.8768310546875,0.0,0.0,1,-0.47,1882.8768310546875,0.0,0.0,1,-0.54,1882.8768310546875,0.0,0.0,1,-0.6,1882.8768310546875,0.0,0.0,1,-1.98,1882.8768310546875,0.0,0.0,1,-2.32,1882.8768310546875,0.0,0.0,1,-2.68,1882.8768310546875,0.0,0.0,1,-5.74,1882.8768310546875,0.0,0.0,1,-1000.0,471.744140625,0.0,0.0,0,9
ZINC000000015375,-0.01,1882.8721923828125,0.0002463608770628,0.0,1,-0.04,1882.8712158203125,0.0002982263248655,0.0,1,-0.09,1882.87142944336,0.0002868807581587,0.0,1,-0.11,1882.8722534179688,0.0002431192865752,0.0,1,-0.15,1882.8717956542969,0.0002674312152327,0.0,1,-0.36,1882.8712768554688,0.0002949847343779,0.0,1,-0.4,1882.872314453125,0.0002398776960875,0.0,1,-0.98,1882.8717346191409,0.0002706728057203,0.0,1,-1.02,1882.871612548828,0.0002771559866957,0.0,1,-1000.0,471.744140625,0.0,0.0,0,9
ZINC000000015392,0.12,1882.8706970214844,0.0003257798440107,0.0,1,-0.11,1882.8738403320312,0.0001588379338958,0.0,1,-0.22,1882.8739013671875,0.0001555963434081,0.0,1,-0.55,1882.8726501464844,0.0002220489484053,0.0,1,-0.6,1882.870513916016,0.0003355046154737,0.0,1,-0.62,1882.8711853027344,0.0002998471201094,0.0,1,-1.17,1882.87240600586,0.000235015310356,0.0,1,-1.21,1882.87240600586,0.000235015310356,0.0,1,-1.82,1882.869537353516,0.0003873700632764,0.0,1,-2.21,1882.8704833984373,0.0003371254107176,0.0,1,10
ZINC000000015627,-0.06,1882.8768310546875,0.0,0.0,1,-0.15,1882.8768310546875,0.0,0.0,1,-0.37,1882.8766174316409,1.134556670684294e-05,0.0,1,-0.66,1882.8768310546875,0.0,0.0,1,-0.69,1882.8765258789065,1.6207952438347055e-05,0.0,1,-0.81,1882.8768310546875,0.0,0.0,1,-0.88,1882.8768310546875,0.0,0.0,1,-0.9,1882.8768310546875,0.0,0.0,1,-0.91,1882.8768310546875,0.0,0.0,1,-0.91,1882.8768310546875,0.0,0.0,1,10
ZINC000000015679,-0.55,1882.8701171875,0.0003565749536436,0.0,1,-0.72,1882.87109375,0.0003047095058409,0.0,1,-0.74,1882.8709716796875,0.0003111926868162,0.0,1,-0.87,1882.872009277344,0.0002560856485258,0.0,1,-0.87,1882.87109375,0.0003047095058409,0.0,1,-1.13,1882.871032714844,0.0003079510963285,0.0,1,-1.59,1882.8697509765625,0.0003760244965696,0.0,1,-1.63,1882.871490478516,0.000283639167671,0.0,1,-1.77,1882.8719482421875,0.0002593272390135,0.0,1,-3.32,1882.8713073730469,0.000293363939134,0.0,1,10
ZINC000000016044,-0.26,1882.8748168945312,0.000106972486093,0.0,1,-0.57,1882.8736572265625,0.0001685627053588,0.0,1,-0.63,1882.8748779296875,0.0001037308956054,0.0,1,-0.65,1882.8746948242188,0.0001134556670684,0.0,1,-0.65,1882.8746948242188,0.0001134556670684,0.0,1,-0.71,1882.875762939453,5.672783353421469e-05,0.0,1,-0.74,1882.8730163574216,0.0002025994054793,0.0,1,-0.81,1882.87451171875,0.0001231804385314,0.0,1,-0.93,1882.8748779296875,0.0001037308956054,0.0,1,-2.01,1882.8724975585933,0.0002301529246245,0.0,1,10
ZINC000000016846,-0.27,1882.8764038085933,2.269113341368588e-05,0.0,1,-0.45,1882.8765258789065,1.6207952438347055e-05,0.0,1,-0.57,1882.8761901855469,3.4036700120528816e-05,0.0,1,-0.57,1882.875762939453,5.672783353421469e-05,0.0,1,-0.76,1882.87631225586,2.755351914519e-05,0.0,1,-0.8,1882.875457763672,7.293578597256175e-05,0.0,1,-0.85,1882.87548828125,7.131499072872705e-05,0.0,1,-1.06,1882.8768310546875,0.0,0.0,1,-1.37,1882.8768310546875,0.0,0.0,1,-2.36,1882.8766479492188,9.724771463008234e-06,0.0,1,10
ZINC000000016869,-0.08,1882.8731994628904,0.0001928746340163,0.0,1,-0.1,1882.874481201172,0.0001248012337752,0.0,1,-0.32,1882.8731384277344,0.0001961162245039,0.0,1,-0.38,1882.872802734375,0.0002139449721861,0.0,1,-0.69,1882.87142944336,0.0002868807581587,0.0,1,-1.07,1882.8731384277344,0.0001961162245039,0.0,1,-1.49,1882.8731384277344,0.0001961162245039,0.0,1,-1.51,1882.8726806640625,0.0002204281531615,0.0,1,-1.61,1882.873107910156,0.0001977370197478,0.0,1,-1.95,1882.87255859375,0.0002269113341368,0.0,1,10
ZINC000000017077,-0.22,1882.8655395507808,0.0005996942402188,0.0,1,-0.27,1882.8657836914065,0.0005867278782681,0.0,1,-0.27,1882.8660278320312,0.0005737615163174,0.0,1,-0.3,1882.8656616210933,0.0005932110592435,0.0,1,-0.35,1882.865173339844,0.0006191437831448,0.0,1,-0.61,1882.8656616210933,0.0005932110592435,0.0,1,-0.64,1882.8650512695312,0.0006256269641201,0.0,1,-0.65,1882.866271972656,0.0005607951543668,0.0,1,-2.0,1882.8659057617188,0.0005802446972928,0.0,1,-3.18,1882.8685302734373,0.000440856306323,0.0,1,10
ZINC000000017280,-0.07,1882.8768310546875,0.0,0.0,1,-0.36,1882.8768310546875,0.0,0.0,1,-0.9,1882.8768310546875,0.0,0.0,1,-0.93,1882.8768310546875,0.0,0.0,1,-2.08,1861.4926147460933,1.1357204016693672,6.25,1,-3.82,1882.8768310546875,0.0,0.0,1,-4.82,1882.8768310546875,0.0,0.0,1,-4.83,1882.8768310546875,0.0,0.0,1,-6.04,1882.8768310546875,0.0,0.0,1,-6.11,1882.8768310546875,0.0,0.0,1,10
ZINC000000017448,-0.01,1882.868225097656,0.0004570642587613,0.0,1,-0.02,1882.869201660156,0.0004051988109586,0.0,1,-0.09,1882.868103027344,0.0004635474397367,0.0,1,-0.59,1882.870849609375,0.0003176758677916,0.0,1,-0.74,1882.867248535156,0.000508929706564,0.0,1,-1.06,1882.8668212890625,0.0005316208399777,0.0,1,-1.08,1882.8712768554688,0.0002949847343779,0.0,1,-1.27,1882.869140625,0.0004084404014463,0.0,1,-2.67,1882.8704223632808,0.0003403670012052,0.0,1,-5.61,1882.8699340820312,0.0003662997251066,0.0,1,10
ZINC000000017600,-0.41,1882.8712768554688,0.0002949847343779,0.0,1,-0.65,1882.8718872070312,0.0002625688295012,0.0,1,-0.8,1882.8716735839844,0.000273914396208,0.0,1,-1.24,1882.87045288086,0.0003387462059614,0.0,1,-1.3,1882.8724365234373,0.0002333945151121,0.0,1,-1.69,1882.8726196289065,0.0002236697436491,0.0,1,-2.33,1882.873443603516,0.0001799082720656,0.0,1,-2.37,1882.873565673828,0.0001734250910903,0.0,1,-3.05,1882.872589111328,0.000225290538893,0.0,1,-3.88,1882.86962890625,0.0003825076775449,0.0,1,10
ZINC000000017601,-0.74,1882.8683471679688,0.000450581077786,0.0,1,-1.3,1882.8699340820312,0.0003662997251066,0.0,1,-1.39,1882.86962890625,0.0003825076775449,0.0,1,-1.49,1882.8695068359373,0.0003889908585203,0.0,1,-1.53,1882.8692626953125,0.000401957220471,0.0,1,-2.07,1882.8678588867188,0.0004765138016874,0.0,1,-2.2,1882.869873046875,0.0003695413155943,0.0,1,-2.2,1882.8682861328125,0.0004538226682737,0.0,1,-2.56,1882.86849975586,0.0004424771015668,0.0,1,-5.92,1882.8695068359373,0.0003889908585203,0.0,1,10
ZINC000000017634,-0.48,1882.8693542480469,0.0003970948347395,0.0,1,-0.67,1882.8709411621087,0.00031281348206,0.0,1,-0.86,1882.869537353516,0.0003873700632764,0.0,1,-0.99,1882.8702087402344,0.0003517125679121,0.0,1,-1.07,1882.86962890625,0.0003825076775449,0.0,1,-1.21,1882.87060546875,0.0003306422297422,0.0,1,-1.4,1882.867706298828,0.0004846177779065,0.0,1,-1.45,1882.86947631836,0.0003906116537641,0.0,1,-1.59,1882.8691101074216,0.0004100611966901,0.0,1,-3.62,1882.8677368164065,0.0004829969826627,0.0,1,10
ZINC000000018056,0.13,1882.876037597656,4.214067633970235e-05,0.0,1,0.13,1882.87646484375,1.9449542926016468e-05,0.0,1,0.1,1882.8759460449216,4.700306207120646e-05,0.0,1,0.06,1882.875244140625,8.42813526794047e-05,0.0,1,0.06,1882.8750915527344,9.238532889857822e-05,0.0,1,-0.08,1882.874755859375,0.0001102140765807,0.0,1,-0.09,1882.8756103515625,6.483180975338822e-05,0.0,1,-0.9,1882.875732421875,5.83486287780494e-05,0.0,1,-0.99,1882.8766784667969,8.103976219173527e-06,0.0,1,-1.89,1882.8734130859373,0.0001815290673094,0.0,1,10
ZINC000000018263,-0.27,1882.876037597656,4.214067633970235e-05,0.0,1,-0.37,1882.874938964844,0.0001004893051177,0.0,1,-0.41,1882.875762939453,5.672783353421469e-05,0.0,1,-0.53,1882.8739013671875,0.0001555963434081,0.0,1,-0.56,1882.8759460449216,4.700306207120646e-05,0.0,1,-0.63,1882.8748168945312,0.000106972486093,0.0,1,-0.66,1882.875457763672,7.293578597256175e-05,0.0,1,-0.72,1882.8744506835933,0.0001264220290191,0.0,1,-1.08,1882.874786376953,0.0001085932813369,0.0,1,-1.16,1882.87548828125,7.131499072872705e-05,0.0,1,10
ZINC000000018527,-0.53,1882.8685913085933,0.0004376147158353,0.0,1,-0.58,1882.8679809570312,0.000470030620712,0.0,1,-0.71,1882.8694458007808,0.0003922324490079,0.0,1,-0.74,1882.870574951172,0.0003322630249861,0.0,1,-0.75,1882.870361328125,0.0003436085916929,0.0,1,-0.76,1882.8681640625,0.000460305849249,0.0,1,-0.89,1882.8699340820312,0.0003662997251066,0.0,1,-0.99,1882.867919921875,0.0004732722111997,0.0,1,-1.41,1882.867706298828,0.0004846177779065,0.0,1,-1.75,1882.8685913085933,0.0004376147158353,0.0,1,10
ZINC000000018551,0.14,1882.8757934570312,5.510703829037999e-05,0.0,1,0.11,1882.876220703125,3.241590487669411e-05,0.0,1,0.1,1882.8765563964844,1.458715719451235e-05,0.0,1,0.06,1882.8768310546875,0.0,0.0,1,-0.04,1882.876220703125,3.241590487669411e-05,0.0,1,-0.11,1882.8765258789065,1.6207952438347055e-05,0.0,1,-0.32,1882.8768310546875,0.0,0.0,1,-0.57,1882.87533569336,7.941896694790058e-05,0.0,1,-1.07,1882.8756103515625,6.483180975338822e-05,0.0,1,-3.79,1882.874938964844,0.0001004893051177,0.0,1,10
ZINC000000019047,-0.68,1882.8729248046875,0.0002074617912108,0.0,1,-0.79,1882.875244140625,8.42813526794047e-05,0.0,1,-0.92,1882.8763427734373,2.593272390135529e-05,0.0,1,-0.93,1882.872802734375,0.0002139449721861,0.0,1,-1.09,1882.8739013671875,0.0001555963434081,0.0,1,-1.12,1882.8764038085933,2.269113341368588e-05,0.0,1,-1.16,1882.874267578125,0.0001361468004821,0.0,1,-1.19,1882.873962402344,0.0001523547529204,0.0,1,-1.29,1882.8743286132808,0.0001329052099944,0.0,1,-1.49,1882.8759765625,4.538226682737176e-05,0.0,1,10
ZINC000000019365,-0.21,1882.8696899414065,0.0003792660870573,0.0,1,-0.37,1882.870849609375,0.0003176758677916,0.0,1,-0.8,1882.873291015625,0.0001880122482848,0.0,1,-0.82,1882.8735961914065,0.0001718042958464,0.0,1,-0.99,1882.8720703125,0.0002528440580382,0.0,1,-1.43,1882.8743896484373,0.0001296636195067,0.0,1,-1.84,1882.87158203125,0.0002787767819395,0.0,1,-2.0,1882.872802734375,0.0002139449721861,0.0,1,-2.89,1882.8715209960933,0.0002820183724272,0.0,1,-3.1,1882.872985839844,0.0002042202007231,0.0,1,10
ZINC000000019496,-0.07,1882.872009277344,0.0002560856485258,0.0,1,-0.13,1882.8729553222656,0.000205840995967,0.0,1,-0.35,1882.8730163574216,0.0002025994054793,0.0,1,-0.35,1882.8729248046875,0.0002074617912108,0.0,1,-0.36,1882.8731689453125,0.0001944954292601,0.0,1,-0.37,1882.8728942871087,0.0002090825864546,0.0,1,-0.44,1882.8726806640625,0.0002204281531615,0.0,1,-0.64,1882.8717651367188,0.0002690520104765,0.0,1,-1.11,1882.8716735839844,0.000273914396208,0.0,1,-1.45,1882.8707580566409,0.0003225382535231,0.0,1,10
ZINC000000019626,-0.08,1882.8758850097656,5.024465255887588e-05,0.0,1,-0.2,1882.8753051757808,8.103976219173528e-05,0.0,1,-0.21,1882.8768310546875,0.0,0.0,1,-0.22,1882.875,9.724771463008236e-05,0.0,1,-0.25,1882.8743286132808,0.0001329052099944,0.0,1,-0.38,1882.875061035156,9.400612414241292e-05,0.0,1,-0.39,1882.8749084472656,0.0001021101003615,0.0,1,-0.54,1882.8734741210933,0.0001782874768218,0.0,1,-0.72,1882.8765563964844,1.458715719451235e-05,0.0,1,-1.6,1882.8739929199216,0.0001507339576766,0.0,1,10
ZINC000000019643,-0.26,1882.870849609375,0.0003176758677916,0.0,1,-0.33,1882.8691101074216,0.0004100611966901,0.0,1,-0.34,1882.8694152832031,0.0003938532442518,0.0,1,-0.41,1882.8703308105469,0.0003452293869367,0.0,1,-0.45,1882.8683166503904,0.0004522018730298,0.0,1,-0.48,1882.868927001953,0.0004197859681531,0.0,1,-0.65,1882.8698120117188,0.0003727829060819,0.0,1,-0.95,1882.8685913085933,0.0004376147158353,0.0,1,-1.54,1882.8685913085933,0.0004376147158353,0.0,1,-5.37,1882.87109375,0.0003047095058409,0.0,1,10
ZINC000000020348,-0.38,1882.875732421875,5.83486287780494e-05,0.0,1,-0.43,1882.8768310546875,0.0,0.0,1,-0.53,1882.8768310546875,0.0,0.0,1,-0.58,1882.8745727539065,0.0001199388480437,0.0,1,-0.65,1882.8768310546875,0.0,0.0,1,-0.71,1882.8759765625,4.538226682737176e-05,0.0,1,-0.87,1882.8753662109373,7.779817170406587e-05,0.0,1,-0.9,1882.8768310546875,0.0,0.0,1,-1.0,1882.876037597656,4.214067633970235e-05,0.0,1,-1.08,1882.8763427734373,2.593272390135529e-05,0.0,1,10
ZINC000000020441,-0.14,1882.876739501953,4.862385731504117e-06,0.0,1,-0.18,1882.8768310546875,0.0,0.0,1,-0.19,1882.8768310546875,0.0,0.0,1,-0.19,1882.8768310546875,0.0,0.0,1,-0.2,1882.8768310546875,0.0,0.0,1,-0.2,1882.8768310546875,0.0,0.0,1,-0.23,1882.8768310546875,0.0,0.0,1,-0.29,1882.8768310546875,0.0,0.0,1,-0.39,1882.8768310546875,0.0,0.0,1,-1.03,1882.876373291016,2.4311928657520587e-05,0.0,1,10
ZINC000000020472,-0.41,1882.8732604980469,0.0001896330435286,0.0,1,-0.42,1882.8748779296875,0.0001037308956054,0.0,1,-0.54,1882.874084472656,0.0001458715719451,0.0,1,-0.54,1882.875,9.724771463008236e-05,0.0,1,-0.56,1882.875244140625,8.42813526794047e-05,0.0,1,-0.58,1882.8746337890625,0.000116697257556,0.0,1,-0.59,1882.875030517578,9.562691938624764e-05,0.0,1,-0.59,1882.8746337890625,0.000116697257556,0.0,1,-0.61,1882.8742370605469,0.0001377675957259,0.0,1,-5.24,471.744140625,0.0,0.0,1,10
ZINC000000020526,-0.01,1882.8722534179688,0.0002431192865752,0.0,1,-0.11,1882.8734130859373,0.0001815290673094,0.0,1,-0.26,1882.8726806640625,0.0002204281531615,0.0,1,-0.78,1882.870849609375,0.0003176758677916,0.0,1,-0.79,1882.8699340820312,0.0003662997251066,0.0,1,-0.8,1882.87109375,0.0003047095058409,0.0,1,-1.02,1882.8707275390625,0.0003241590487669,0.0,1,-1.28,1882.8723449707031,0.0002382569008437,0.0,1,-3.63,1882.8714599609373,0.0002852599629149,0.0,1,-1000.0,471.744140625,0.0,0.0,0,9
ZINC000000020550,0.19,1882.8683471679688,0.000450581077786,0.0,1,0.04,1882.8678283691409,0.0004781345969312,0.0,1,0.01,1882.868225097656,0.0004570642587613,0.0,1,-0.14,1882.868225097656,0.0004570642587613,0.0,1,-0.24,1882.8680419921875,0.0004667890302243,0.0,1,-0.27,1882.866973876953,0.0005235168637586,0.0,1,-0.35,1882.8670654296875,0.0005186544780271,0.0,1,-0.36,1882.8683471679688,0.000450581077786,0.0,1,-0.89,1882.8670654296875,0.0005186544780271,0.0,1,-2.0,1882.8655395507808,0.0005996942402188,0.0,1,10
ZINC000000020591,-0.37,1882.871856689453,0.000264189624745,0.0,1,-0.95,1882.874053955078,0.0001474923671889,0.0,1,-0.95,1882.8723449707031,0.0002382569008437,0.0,1,-1.05,1882.873291015625,0.0001880122482848,0.0,1,-1.1,1882.873291015625,0.0001880122482848,0.0,1,-1.29,1882.8711853027344,0.0002998471201094,0.0,1,-1.85,1882.8726196289065,0.0002236697436491,0.0,1,-2.8,1882.8712768554688,0.0002949847343779,0.0,1,-2.91,1882.870361328125,0.0003436085916929,0.0,1,-3.43,1882.8737487792969,0.0001637003196273,0.0,1,10
ZINC000000020687,0.03,1882.8768310546875,0.0,0.0,1,-0.02,1882.8768310546875,0.0,0.0,1,-0.11,1882.8757019042969,5.996942402188411e-05,0.0,1,-0.19,1882.875,9.724771463008236e-05,0.0,1,-0.21,1882.8759765625,4.538226682737176e-05,0.0,1,-0.44,1882.8756408691409,6.321101450955351e-05,0.0,1,-0.5,1882.874755859375,0.0001102140765807,0.0,1,-0.62,1882.8750915527344,9.238532889857822e-05,0.0,1,-1.38,1882.874481201172,0.0001248012337752,0.0,1,-2.64,1882.8768310546875,0.0,0.0,1,10
ZINC000000020901,-0.4,1882.8744506835933,0.0001264220290191,0.0,1,-0.49,1882.8731384277344,0.0001961162245039,0.0,1,-0.51,1882.8737182617188,0.0001653211148711,0.0,1,-0.51,1882.873962402344,0.0001523547529204,0.0,1,-0.57,1882.87255859375,0.0002269113341368,0.0,1,-0.61,1882.872009277344,0.0002560856485258,0.0,1,-0.69,1882.8734741210933,0.0001782874768218,0.0,1,-0.72,1882.874053955078,0.0001474923671889,0.0,1,-1.24,1882.871551513672,0.0002803975771834,0.0,1,-1000.0,471.744140625,0.0,0.0,0,9
ZINC000000021238,-0.03,1882.8768310546875,0.0,0.0,1,-0.11,1882.8768310546875,0.0,0.0,1,-0.3,1882.8768310546875,0.0,0.0,1,-0.64,1882.8768310546875,0.0,0.0,1,-0.74,1882.8768310546875,0.0,0.0,1,-0.82,1882.8768310546875,0.0,0.0,1,-0.85,1882.8768310546875,0.0,0.0,1,-0.89,1882.8768310546875,0.0,0.0,1,-0.94,1882.8768310546875,0.0,0.0,1,-1.46,1882.8768310546875,0.0,0.0,1,10
ZINC000000021334,-0.25,1882.8726806640625,0.0002204281531615,0.0,1,-0.48,1882.87109375,0.0003047095058409,0.0,1,-0.48,1882.8729248046875,0.0002074617912108,0.0,1,-0.5,1882.8714599609373,0.0002852599629149,0.0,1,-0.63,1882.872528076172,0.0002285321293806,0.0,1,-0.78,1882.8727111816409,0.0002188073579176,0.0,1,-1.09,1882.8718872070312,0.0002625688295012,0.0,1,-1.31,1882.8726806640625,0.0002204281531615,0.0,1,-1.59,1882.872589111328,0.000225290538893,0.0,1,-1.89,1882.872985839844,0.0002042202007231,0.0,1,10
ZINC000000021410,0.07,1882.8644714355469,0.000656422073753,0.0,1,-0.17,1882.86572265625,0.0005899694687558,0.0,1,-0.27,1882.8654479980469,0.0006045566259503,0.0,1,-0.29,1882.865020751953,0.000627247759364,0.0,1,-0.33,1882.8652038574216,0.000617522987901,0.0,1,-0.73,1882.8650512695312,0.0006256269641201,0.0,1,-0.75,1882.8658142089844,0.0005851070830243,0.0,1,-0.79,1882.866455078125,0.0005510703829037,0.0,1,-2.72,1882.867248535156,0.000508929706564,0.0,1,-3.37,1882.8674011230469,0.0005008257303449,0.0,1,10
ZINC000000021695,-0.44,1882.8722839355469,0.0002414984913313,0.0,1,-0.44,1882.8728942871087,0.0002090825864546,0.0,1,-0.51,1882.8723754882808,0.0002366361055998,0.0,1,-0.61,1882.8713989257808,0.0002885015534025,0.0,1,-0.81,1882.8739929199216,0.0001507339576766,0.0,1,-0.81,1882.873809814453,0.0001604587291396,0.0,1,-0.91,1882.8713989257808,0.0002885015534025,0.0,1,-1.69,1882.8721923828125,0.0002463608770628,0.0,1,-5.07,1882.8719177246087,0.0002609480342573,0.0,1,-5.1,1882.872467041016,0.0002317737198683,0.0,1,10
ZINC000000021747,-0.59,1882.870635986328,0.0003290214344984,0.0,1,-0.72,1882.8684387207031,0.0004457186920545,0.0,1,-0.79,1882.8671569824216,0.0005137920922956,0.0,1,-0.84,1882.8678283691409,0.0004781345969312,0.0,1,-0.93,1882.86865234375,0.0004343731253477,0.0,1,-1.63,1882.8690490722656,0.0004133027871778,0.0,1,-1.78,1882.8660278320312,0.0005737615163174,0.0,1,-1.84,1882.8682861328125,0.0004538226682737,0.0,1,-2.03,1882.867706298828,0.0004846177779065,0.0,1,-1000.0,471.744140625,0.0,0.0,0,9
ZINC000000021773,-0.08,1882.8741455078125,0.0001426299814574,0.0,1,-0.09,1882.8732604980469,0.0001896330435286,0.0,1,-0.13,1882.8728942871087,0.0002090825864546,0.0,1,-0.18,1882.8737487792969,0.0001637003196273,0.0,1,-0.19,1882.873443603516,0.0001799082720656,0.0,1,-0.27,1882.874053955078,0.0001474923671889,0.0,1,-0.28,1882.8745727539065,0.0001199388480437,0.0,1,-0.36,1882.8741455078125,0.0001426299814574,0.0,1,-0.43,1882.8742370605469,0.0001377675957259,0.0,1,-0.73,1882.8747253417969,0.0001118348718245,0.0,1,10
ZINC000000021904,-0.06,1882.87045288086,0.0003387462059614,0.0,1,-0.07,1882.86962890625,0.0003825076775449,0.0,1,-0.14,1882.8699645996087,0.0003646789298628,0.0,1,-0.21,1882.872467041016,0.0002317737198683,0.0,1,-0.23,1882.8712463378904,0.0002966055296217,0.0,1,-0.25,1882.870178222656,0.0003533333631559,0.0,1,-0.48,1882.869140625,0.0004084404014463,0.0,1,-0.51,1882.8712463378904,0.0002966055296217,0.0,1,-0.75,1882.8706665039065,0.0003274006392546,0.0,1,-3.11,1882.8709411621087,0.00031281348206,0.0,1,10
ZINC000000021911,0.08,1882.869201660156,0.0004051988109586,0.0,1,0.03,1882.8684692382808,0.0004440978968107,0.0,1,-0.18,1882.86767578125,0.0004862385731504,0.0,1,-0.37,1882.86767578125,0.0004862385731504,0.0,1,-0.38,1882.868103027344,0.0004635474397367,0.0,1,-0.38,1882.8670654296875,0.0005186544780271,0.0,1,-0.52,1882.869140625,0.0004084404014463,0.0,1,-0.53,1882.8681640625,0.000460305849249,0.0,1,-1.04,1882.8695068359373,0.0003889908585203,0.0,1,-1.15,1882.866943359375,0.0005251376590024,0.0,1,10
ZINC000000022035,0.14,1882.8734741210933,0.0001782874768218,0.0,1,0.11,1882.8731994628904,0.0001928746340163,0.0,1,0.06,1882.8734741210933,0.0001782874768218,0.0,1,-0.01,1882.8738708496087,0.0001572171386519,0.0,1,-0.08,1882.8727111816409,0.0002188073579176,0.0,1,-0.14,1882.8726501464844,0.0002220489484053,0.0,1,-0.25,1882.8740234375,0.0001491131624327,0.0,1,-0.39,1882.872985839844,0.0002042202007231,0.0,1,-0.59,1882.873077392578,0.0001993578149916,0.0,1,-1.05,1882.8734130859373,0.0001815290673094,0.0,1,10
ZINC000000022315,0.03,1882.8768310546875,0.0,0.0,1,-0.23,1882.8768310546875,0.0,0.0,1,-0.32,1882.8768310546875,0.0,0.0,1,-0.58,1882.8768310546875,0.0,0.0,1,-0.61,1882.8768310546875,0.0,0.0,1,-0.83,1882.8768310546875,0.0,0.0,1,-1.09,1882.8768310546875,0.0,0.0,1,-1.48,1882.8768310546875,0.0,0.0,1,-1.61,1882.8768310546875,0.0,0.0,1,-2.58,1882.8768310546875,0.0,0.0,1,10
ZINC000000022374,-1.18,1882.8756103515625,6.483180975338822e-05,0.0,1,-1.19,1882.874053955078,0.0001474923671889,0.0,1,-1.2,1882.8753662109373,7.779817170406587e-05,0.0,1,-1.25,1882.8731689453125,0.0001944954292601,0.0,1,-1.37,1882.8749084472656,0.0001021101003615,0.0,1,-1.4,1882.8751525878904,8.91437384109088e-05,0.0,1,-1.57,1882.8731994628904,0.0001928746340163,0.0,1,-1.78,1882.8745727539065,0.0001199388480437,0.0,1,-1.87,1882.873962402344,0.0001523547529204,0.0,1,-1.95,1882.8739318847656,0.0001539755481642,0.0,1,10
ZINC000000022390,-0.61,1882.8742370605469,0.0001377675957259,0.0,1,-0.79,1882.873046875,0.0002009786102355,0.0,1,-0.81,1882.874053955078,0.0001474923671889,0.0,1,-0.82,1882.8739013671875,0.0001555963434081,0.0,1,-0.87,1882.8736267089844,0.0001701835006026,0.0,1,-0.87,1882.8738708496087,0.0001572171386519,0.0,1,-1.0,1882.873962402344,0.0001523547529204,0.0,1,-1.11,1882.8730163574216,0.0002025994054793,0.0,1,-1.17,1882.873809814453,0.0001604587291396,0.0,1,-2.69,1882.8732299804688,0.0001912538387724,0.0,1,10
ZINC000000022579,-0.42,1882.875244140625,8.42813526794047e-05,0.0,1,-0.53,1882.8719177246087,0.0002609480342573,0.0,1,-0.59,1882.8746948242188,0.0001134556670684,0.0,1,-0.62,1882.872833251953,0.0002123241769423,0.0,1,-0.64,1882.8736267089844,0.0001701835006026,0.0,1,-0.64,1882.8721923828125,0.0002463608770628,0.0,1,-0.66,1882.8724365234373,0.0002333945151121,0.0,1,-0.67,1882.8737182617188,0.0001653211148711,0.0,1,-1.5,1882.8717651367188,0.0002690520104765,0.0,1,-1000.0,471.744140625,0.0,0.0,0,9
ZINC000000022621,-0.66,1882.8768310546875,0.0,0.0,1,-0.69,1882.8768310546875,0.0,0.0,1,-0.7,1882.8768310546875,0.0,0.0,1,-0.7,1882.8768310546875,0.0,0.0,1,-0.78,1882.8768310546875,0.0,0.0,1,-0.82,1882.8768310546875,0.0,0.0,1,-0.83,1882.8768310546875,0.0,0.0,1,-0.89,1882.8768310546875,0.0,0.0,1,-0.92,1882.8768310546875,0.0,0.0,1,-1.52,1882.8768310546875,0.0,0.0,1,10
ZINC000000022789,-0.11,1882.8704223632808,0.0003403670012052,0.0,1,-0.32,1882.87158203125,0.0002787767819395,0.0,1,-0.33,1882.8702392578125,0.0003500917726682,0.0,1,-0.35,1882.8705444335933,0.0003338838202299,0.0,1,-0.39,1882.870361328125,0.0003436085916929,0.0,1,-0.47,1882.871856689453,0.000264189624745,0.0,1,-0.69,1882.871490478516,0.000283639167671,0.0,1,-0.72,1882.8749084472656,0.0001021101003615,0.0,1,-0.72,1882.8731689453125,0.0001944954292601,0.0,1,-0.74,1882.8748168945312,0.000106972486093,0.0,1,10
ZINC000000023021,-0.12,1882.8723449707031,0.0002382569008437,0.0,1,-0.36,1882.87240600586,0.000235015310356,0.0,1,-0.43,1882.8699645996087,0.0003646789298628,0.0,1,-0.44,1882.872131347656,0.0002496024675505,0.0,1,-0.53,1882.8703918457031,0.0003419877964491,0.0,1,-0.53,1882.8710632324216,0.0003063303010847,0.0,1,-1.53,1882.8719482421875,0.0002593272390135,0.0,1,-1.71,1882.870880126953,0.0003160550725477,0.0,1,-2.05,1882.870361328125,0.0003436085916929,0.0,1,-5.97,1882.8716430664065,0.0002755351914518,0.0,1,10
ZINC000000023188,-0.47,1882.8724975585933,0.0002301529246245,0.0,1,-0.59,1882.8705444335933,0.0003338838202299,0.0,1,-0.59,1882.8697509765625,0.0003760244965696,0.0,1,-0.88,1882.87158203125,0.0002787767819395,0.0,1,-1.11,1882.8715209960933,0.0002820183724272,0.0,1,-1.19,1882.870849609375,0.0003176758677916,0.0,1,-1.42,1882.869140625,0.0004084404014463,0.0,1,-2.12,1882.8707885742188,0.0003209174582792,0.0,1,-5.02,1882.870574951172,0.0003322630249861,0.0,1,-1000.0,471.744140625,0.0,0.0,0,9
ZINC000000023359,-0.47,1882.872467041016,0.0002317737198683,0.0,1,-0.66,1882.872802734375,0.0002139449721861,0.0,1,-0.82,1882.8726806640625,0.0002204281531615,0.0,1,-0.85,1882.87240600586,0.000235015310356,0.0,1,-0.85,1882.8726196289065,0.0002236697436491,0.0,1,-1.07,1882.8720703125,0.0002528440580382,0.0,1,-1.28,1882.872467041016,0.0002317737198683,0.0,1,-1.39,1882.873504638672,0.0001766666815779,0.0,1,-1.81,1882.8726196289065,0.0002236697436491,0.0,1,-3.88,1882.8722229003904,0.000244740081819,0.0,1,10
ZINC000000023884,-0.34,1882.8759765625,4.538226682737176e-05,0.0,1,-0.46,1882.8765258789065,1.6207952438347055e-05,0.0,1,-0.52,1882.8766479492188,9.724771463008234e-06,0.0,1,-0.54,1882.87646484375,1.9449542926016468e-05,0.0,1,-0.6,1882.8764038085933,2.269113341368588e-05,0.0,1,-0.62,1882.8768310546875,0.0,0.0,1,-0.67,1882.8768310546875,0.0,0.0,1,-0.78,1882.8768005371087,1.6207952438347057e-06,0.0,1,-1.07,1882.8768310546875,0.0,0.0,1,-1.59,1882.876373291016,2.4311928657520587e-05,0.0,1,10
ZINC000000023886,0.01,1882.8751220703125,9.076453365474352e-05,0.0,1,-0.04,1882.8743896484373,0.0001296636195067,0.0,1,-0.13,1882.8746337890625,0.000116697257556,0.0,1,-0.3,1882.875732421875,5.83486287780494e-05,0.0,1,-0.57,1882.8759460449216,4.700306207120646e-05,0.0,1,-0.66,1882.875030517578,9.562691938624764e-05,0.0,1,-1.04,1882.876220703125,3.241590487669411e-05,0.0,1,-1.8,1882.8765258789065,1.6207952438347055e-05,0.0,1,-1.81,1882.8768310546875,0.0,0.0,1,-1.91,1882.876373291016,2.4311928657520587e-05,0.0,1,10
ZINC000000023890,-0.11,1882.8751525878904,8.91437384109088e-05,0.0,1,-0.19,1882.875030517578,9.562691938624764e-05,0.0,1,-0.21,1882.8739013671875,0.0001555963434081,0.0,1,-0.37,1882.873809814453,0.0001604587291396,0.0,1,-0.48,1882.87533569336,7.941896694790058e-05,0.0,1,-0.48,1882.8750915527344,9.238532889857822e-05,0.0,1,-0.58,1882.87533569336,7.941896694790058e-05,0.0,1,-1.11,1882.874481201172,0.0001248012337752,0.0,1,-2.09,1882.8746643066409,0.0001150764623122,0.0,1,-2.21,1882.873779296875,0.0001620795243834,0.0,1,10
ZINC000000024042,-0.3,1882.87240600586,0.000235015310356,0.0,1,-0.54,1882.87158203125,0.0002787767819395,0.0,1,-0.78,1882.871337890625,0.0002917431438902,0.0,1,-0.93,1882.8724975585933,0.0002301529246245,0.0,1,-1.49,1882.872467041016,0.0002317737198683,0.0,1,-1.76,1882.871154785156,0.0003014679153532,0.0,1,-2.04,1882.8709411621087,0.00031281348206,0.0,1,-2.69,1882.8721618652344,0.0002479816723067,0.0,1,-5.15,471.744140625,0.0,0.0,1,-5.64,1882.871032714844,0.0003079510963285,0.0,1,10
ZINC000000024140,-0.02,1882.87548828125,7.131499072872705e-05,0.0,1,-0.14,1882.8744506835933,0.0001264220290191,0.0,1,-0.16,1882.8748779296875,0.0001037308956054,0.0,1,-0.31,1882.8739013671875,0.0001555963434081,0.0,1,-0.45,1882.873291015625,0.0001880122482848,0.0,1,-0.5,1882.8743286132808,0.0001329052099944,0.0,1,-0.51,1882.8768310546875,0.0,0.0,1,-0.84,1882.8761596679688,3.565749536436352e-05,0.0,1,-1.02,1882.8768310546875,0.0,0.0,1,-1.23,1882.8763427734373,2.593272390135529e-05,0.0,1,10
ZINC000000024197,-0.23,1882.8640747070312,0.0006774924119229,0.0,1,-0.58,1882.8665771484373,0.0005445872019284,0.0,1,-0.6,1882.86669921875,0.0005381040209531,0.0,1,-0.63,1882.8659057617188,0.0005802446972928,0.0,1,-0.75,1882.8670654296875,0.0005186544780271,0.0,1,-0.83,1882.864990234375,0.0006288685546078,0.0,1,-1.01,1882.867431640625,0.000499204935101,0.0,1,-1.06,1882.8645629882808,0.0006515596880215,0.0,1,-1.07,1882.8654174804688,0.0006061774211941,0.0,1,-1.3,1882.8670654296875,0.0005186544780271,0.0,1,10
ZINC000000024337,-0.37,1882.8768310546875,0.0,0.0,1,-0.4,1882.8765563964844,1.458715719451235e-05,0.0,1,-0.57,1882.8749694824216,9.886850987391704e-05,0.0,1,-0.61,1882.8762817382808,2.91743143890247e-05,0.0,1,-0.81,1882.873443603516,0.0001799082720656,0.0,1,-1.42,1882.875915527344,4.8623857315041175e-05,0.0,1,-1.78,1882.8758544921875,5.186544780271058e-05,0.0,1,-1.81,1882.876007080078,4.376147158353705e-05,0.0,1,-1.86,1882.8759460449216,4.700306207120646e-05,0.0,1,-2.09,1882.8765563964844,1.458715719451235e-05,0.0,1,10
ZINC000000024347,-0.07,1882.8687744140625,0.0004278899443723,0.0,1,-0.3,1882.8695678710933,0.0003857492680326,0.0,1,-0.35,1882.86849975586,0.0004424771015668,0.0,1,-0.48,1882.869384765625,0.0003954740394956,0.0,1,-0.51,1882.86947631836,0.0003906116537641,0.0,1,-0.54,1882.8700866699216,0.0003581957488874,0.0,1,-0.57,1882.869384765625,0.0003954740394956,0.0,1,-0.78,1882.8674926757808,0.0004959633446134,0.0,1,-1.34,1882.866607666016,0.0005429664066846,0.0,1,-2.81,1882.867431640625,0.000499204935101,0.0,1,10
ZINC000000024660,-0.09,1882.8704833984373,0.0003371254107176,0.0,1,-0.18,1882.8717346191409,0.0002706728057203,0.0,1,-0.25,1882.871154785156,0.0003014679153532,0.0,1,-0.33,1882.8707275390625,0.0003241590487669,0.0,1,-0.5,1882.871551513672,0.0002803975771834,0.0,1,-0.56,1882.870635986328,0.0003290214344984,0.0,1,-0.66,1882.871826171875,0.0002658104199888,0.0,1,-0.69,1882.8712768554688,0.0002949847343779,0.0,1,-0.79,1882.871490478516,0.000283639167671,0.0,1,-1.53,1882.872009277344,0.0002560856485258,0.0,1,10
ZINC000000024750,-0.06,1882.87109375,0.0003047095058409,0.0,1,-0.52,1882.872589111328,0.000225290538893,0.0,1,-0.54,1882.8712463378904,0.0002966055296217,0.0,1,-0.66,1882.87142944336,0.0002868807581587,0.0,1,-0.72,1882.8726806640625,0.0002204281531615,0.0,1,-0.88,1882.8721923828125,0.0002463608770628,0.0,1,-0.89,1882.8727722167969,0.00021556576743,0.0,1,-1.02,1882.87255859375,0.0002269113341368,0.0,1,-1.1,1882.8706970214844,0.0003257798440107,0.0,1,-1.12,1882.873565673828,0.0001734250910903,0.0,1,10
ZINC000000024819,-0.1,1882.8702087402344,0.0003517125679121,0.0,1,-0.1,1882.869903564453,0.0003679205203504,0.0,1,-0.23,1882.87109375,0.0003047095058409,0.0,1,-0.27,1882.869537353516,0.0003873700632764,0.0,1,-0.3,1882.8685302734373,0.000440856306323,0.0,1,-1.08,1882.8702697753904,0.0003484709774244,0.0,1,-1.1,1882.86947631836,0.0003906116537641,0.0,1,-1.38,1882.8695678710933,0.0003857492680326,0.0,1,-1.63,1882.8703002929688,0.0003468501821806,0.0,1,-1.7,1882.8687133789065,0.00043113153486,0.0,1,10
ZINC000000025104,-0.9,1882.8768310546875,0.0,0.0,1,-0.92,1882.8768310546875,0.0,0.0,1,-0.96,1882.8768310546875,0.0,0.0,1,-1.03,1882.8768310546875,0.0,0.0,1,-1.07,1882.8768310546875,0.0,0.0,1,-1.15,1882.8761901855469,3.4036700120528816e-05,0.0,1,-1.18,1882.8768310546875,0.0,0.0,1,-1.19,1882.8768310546875,0.0,0.0,1,-1.24,1882.8768310546875,0.0,0.0,1,-2.29,1882.8768310546875,0.0,0.0,1,10
ZINC000000025175,-0.1,1882.8678894042969,0.0004748930064435,0.0,1,-0.25,1882.8694152832031,0.0003938532442518,0.0,1,-0.3,1882.86947631836,0.0003906116537641,0.0,1,-0.31,1882.8696899414065,0.0003792660870573,0.0,1,-0.32,1882.869537353516,0.0003873700632764,0.0,1,-0.37,1882.8696899414065,0.0003792660870573,0.0,1,-0.39,1882.869171142578,0.0004068196062025,0.0,1,-0.45,1882.869079589844,0.000411681991934,0.0,1,-0.96,1882.8697509765625,0.0003760244965696,0.0,1,-2.23,1882.8677978515625,0.000479755392175,0.0,1,10
ZINC000000025479,-0.44,1882.8751831054688,8.75229431670741e-05,0.0,1,-0.56,1882.875030517578,9.562691938624764e-05,0.0,1,-0.57,1882.8759765625,4.538226682737176e-05,0.0,1,-0.8,1882.8758239746087,5.348624304654528e-05,0.0,1,-0.81,1882.87631225586,2.755351914519e-05,0.0,1,-0.83,1882.8752136230469,8.59021479232394e-05,0.0,1,-0.83,1882.8758850097656,5.024465255887588e-05,0.0,1,-1.11,1882.875061035156,9.400612414241292e-05,0.0,1,-1.59,1882.8753662109373,7.779817170406587e-05,0.0,1,-5.49,1882.8750915527344,9.238532889857822e-05,0.0,1,10
ZINC000000025569,0.33,1882.8768310546875,0.0,0.0,1,-0.42,1882.8751220703125,9.076453365474352e-05,0.0,1,-0.63,1882.8756713867188,6.15902192657188e-05,0.0,1,-0.71,1882.8754272460933,7.455658121639646e-05,0.0,1,-0.72,1882.8762817382808,2.91743143890247e-05,0.0,1,-0.88,1882.876220703125,3.241590487669411e-05,0.0,1,-1.04,1882.8758544921875,5.186544780271058e-05,0.0,1,-1.2,1882.876037597656,4.214067633970235e-05,0.0,1,-1.25,1882.8740234375,0.0001491131624327,0.0,1,-1.56,1882.874755859375,0.0001102140765807,0.0,1,10
ZINC000000025828,-0.59,1882.86865234375,0.0004343731253477,0.0,1,-0.63,1882.8680114746087,0.0004684098254682,0.0,1,-0.64,1882.8688049316409,0.0004262691491285,0.0,1,-0.87,1882.86752319336,0.0004943425493695,0.0,1,-0.88,1882.868621826172,0.0004359939205915,0.0,1,-0.88,1882.8688049316409,0.0004262691491285,0.0,1,-0.91,1882.8682861328125,0.0004538226682737,0.0,1,-0.94,1882.8689575195312,0.0004181651729093,0.0,1,-1.27,1882.8700256347656,0.0003614373393751,0.0,1,-4.91,1882.8703918457031,0.0003419877964491,0.0,1,10
ZINC000000025913,0.32,1882.8768310546875,0.0,0.0,1,-0.06,1882.8768310546875,0.0,0.0,1,-0.17,1882.8768310546875,0.0,0.0,1,-0.18,1882.8768310546875,0.0,0.0,1,-0.64,1882.8768310546875,0.0,0.0,1,-0.84,1882.8768310546875,0.0,0.0,1,-0.85,1882.8768310546875,0.0,0.0,1,-0.85,1882.8768310546875,0.0,0.0,1,-1.44,1882.8768310546875,0.0,0.0,1,-1.72,1882.8768310546875,0.0,0.0,1,10
ZINC000000026224,0.07,1882.868103027344,0.0004635474397367,0.0,1,0.01,1882.867431640625,0.000499204935101,0.0,1,-0.14,1882.868896484375,0.000421406763397,0.0,1,-0.48,1882.8687744140625,0.0004278899443723,0.0,1,-0.64,1882.86752319336,0.0004943425493695,0.0,1,-1.01,1882.867919921875,0.0004732722111997,0.0,1,-1.06,1882.869140625,0.0004084404014463,0.0,1,-1.19,1882.868103027344,0.0004635474397367,0.0,1,-1.24,1882.866149902344,0.0005672783353421,0.0,1,-3.36,1882.8670043945312,0.0005218960685147,0.0,1,10
ZINC000000026616,-0.43,1882.8683471679688,0.000450581077786,0.0,1,-0.6,1882.867706298828,0.0004846177779065,0.0,1,-0.61,1882.8660888671875,0.0005705199258298,0.0,1,-0.62,1882.865966796875,0.0005770031068051,0.0,1,-0.68,1882.8680419921875,0.0004667890302243,0.0,1,-0.91,1882.865295410156,0.0006126606021695,0.0,1,-0.96,1882.868408203125,0.0004473394872983,0.0,1,-1.83,1882.867126464844,0.0005154128875394,0.0,1,-3.08,1882.8659057617188,0.0005802446972928,0.0,1,-3.22,1882.8666381835933,0.0005413456114407,0.0,1,10
ZINC000000026832,0.12,1882.8706665039065,0.0003274006392546,0.0,1,-0.33,1882.8714599609373,0.0002852599629149,0.0,1,-0.51,1882.8709716796875,0.0003111926868162,0.0,1,-0.64,1882.872985839844,0.0002042202007231,0.0,1,-0.68,1882.872131347656,0.0002496024675505,0.0,1,-0.74,1882.8726806640625,0.0002204281531615,0.0,1,-0.78,1882.8724365234373,0.0002333945151121,0.0,1,-2.04,1882.873107910156,0.0001977370197478,0.0,1,-2.24,1882.870361328125,0.0003436085916929,0.0,1,-2.63,1882.87158203125,0.0002787767819395,0.0,1,10
ZINC000000027150,-0.29,1882.876739501953,4.862385731504117e-06,0.0,1,-0.38,1882.876220703125,3.241590487669411e-05,0.0,1,-0.57,1882.8758544921875,5.186544780271058e-05,0.0,1,-0.62,1882.876007080078,4.376147158353705e-05,0.0,1,-0.67,1882.874053955078,0.0001474923671889,0.0,1,-0.8,1882.8753662109373,7.779817170406587e-05,0.0,1,-0.83,1882.8736267089844,0.0001701835006026,0.0,1,-0.9,1882.8746032714844,0.0001183180527999,0.0,1,-0.94,1882.8761901855469,3.4036700120528816e-05,0.0,1,-1.53,1882.8742370605469,0.0001377675957259,0.0,1,10
ZINC000000027297,-0.14,1882.8684692382808,0.0004440978968107,0.0,1,-0.21,1882.8685302734373,0.000440856306323,0.0,1,-0.35,1882.8687133789065,0.00043113153486,0.0,1,-0.4,1882.8677978515625,0.000479755392175,0.0,1,-0.44,1882.86557006836,0.000598073444975,0.0,1,-0.47,1882.869140625,0.0004084404014463,0.0,1,-0.59,1882.8677368164065,0.0004829969826627,0.0,1,-0.66,1882.868103027344,0.0004635474397367,0.0,1,-1.12,1882.8662109375,0.0005640367448544,0.0,1,-5.5,1882.8675537109373,0.0004927217541257,0.0,1,10
ZINC000000027304,-0.33,1882.8763427734373,2.593272390135529e-05,0.0,1,-0.52,1882.8753662109373,7.779817170406587e-05,0.0,1,-0.68,1882.8759460449216,4.700306207120646e-05,0.0,1,-0.74,1882.872802734375,0.0002139449721861,0.0,1,-0.81,1882.876434326172,2.107033816985117e-05,0.0,1,-1.02,1882.8742980957031,0.0001345260052382,0.0,1,-1.81,1882.8734741210933,0.0001782874768218,0.0,1,-3.21,1882.8743896484373,0.0001296636195067,0.0,1,-5.14,1882.8768310546875,0.0,0.0,1,-5.14,1882.8739318847656,0.0001539755481642,0.0,1,10
ZINC000000027497,0.23,1882.8651428222656,0.0006207645783886,0.0,1,0.04,1882.8660583496087,0.0005721407210736,0.0,1,-0.02,1882.8660888671875,0.0005705199258298,0.0,1,-0.07,1882.86669921875,0.0005381040209531,0.0,1,-0.13,1882.8650512695312,0.0006256269641201,0.0,1,-0.21,1882.8668823242188,0.0005283792494901,0.0,1,-0.62,1882.8670043945312,0.0005218960685147,0.0,1,-0.67,1882.8655090332031,0.0006013150354626,0.0,1,-2.14,1882.8662109375,0.0005640367448544,0.0,1,-1000.0,471.744140625,0.0,0.0,0,9
ZINC000000027609,-0.35,1882.875457763672,7.293578597256175e-05,0.0,1,-0.44,1882.8761901855469,3.4036700120528816e-05,0.0,1,-0.44,1882.874420166016,0.0001280428242629,0.0,1,-0.56,1882.8746032714844,0.0001183180527999,0.0,1,-0.62,1882.873443603516,0.0001799082720656,0.0,1,-0.7,1882.875,9.724771463008236e-05,0.0,1,-0.74,1882.8732299804688,0.0001912538387724,0.0,1,-1.56,1882.872802734375,0.0002139449721861,0.0,1,-1.56,1882.875244140625,8.42813526794047e-05,0.0,1,-1.67,1882.8750915527344,9.238532889857822e-05,0.0,1,10
ZINC000000027612,-0.43,1882.8705444335933,0.0003338838202299,0.0,1,-0.66,1882.8713989257808,0.0002885015534025,0.0,1,-0.78,1882.8708190917969,0.0003192966630354,0.0,1,-0.81,1882.8712463378904,0.0002966055296217,0.0,1,-1.16,1882.8721618652344,0.0002479816723067,0.0,1,-1.16,1882.872009277344,0.0002560856485258,0.0,1,-1.8,1882.8719787597656,0.0002577064437697,0.0,1,-2.93,1882.8710021972656,0.0003095718915724,0.0,1,-1000.0,471.744140625,0.0,0.0,0,-1000.0,471.744140625,0.0,0.0,0,8
ZINC000000027639,-0.15,1882.873046875,0.0002009786102355,0.0,1,-0.16,1882.876434326172,2.107033816985117e-05,0.0,1,-0.26,1882.875244140625,8.42813526794047e-05,0.0,1,-0.29,1882.8723449707031,0.0002382569008437,0.0,1,-0.33,1882.8726501464844,0.0002220489484053,0.0,1,-0.36,1882.8726806640625,0.0002204281531615,0.0,1,-0.9,1882.87353515625,0.0001750458863341,0.0,1,-1.03,1882.87338256836,0.0001831498625533,0.0,1,-1.83,1882.8738708496087,0.0001572171386519,0.0,1,-3.51,1882.875457763672,7.293578597256175e-05,0.0,1,10
ZINC000000027663,-0.35,1882.863525390625,0.0007066667263119,0.0,1,-0.58,1882.8638610839844,0.0006888379786297,0.0,1,-0.7,1882.86572265625,0.0005899694687558,0.0,1,-0.73,1882.8649291992188,0.0006321101450955,0.0,1,-0.74,1882.8644409179688,0.0006580428689968,0.0,1,-1.02,1882.8641662597656,0.0006726300261914,0.0,1,-1.21,1882.8673706054688,0.0005024465255887,0.0,1,-1.73,1882.8682556152344,0.0004554434635175,0.0,1,-2.25,1882.864318847656,0.0006645260499722,0.0,1,-2.53,1882.8667602539065,0.0005348624304654,0.0,1,10
ZINC000000027746,-0.31,1882.86962890625,0.0003825076775449,0.0,1,-0.48,1882.8689575195312,0.0004181651729093,0.0,1,-0.88,1882.8702392578125,0.0003500917726682,0.0,1,-0.92,1882.8687133789065,0.00043113153486,0.0,1,-1.32,1882.8683166503904,0.0004522018730298,0.0,1,-1.49,1882.867584228516,0.0004911009588819,0.0,1,-1.5,1882.868103027344,0.0004635474397367,0.0,1,-1.9,1882.870147705078,0.0003549541583998,0.0,1,-1.96,1882.8691101074216,0.0004100611966901,0.0,1,-3.6,1882.8702392578125,0.0003500917726682,0.0,1,10
ZINC000000027806,-0.07,1882.8683776855469,0.0004489602825422,0.0,1,-0.3,1882.867431640625,0.000499204935101,0.0,1,-0.48,1882.8684692382808,0.0004440978968107,0.0,1,-0.57,1882.8685302734373,0.000440856306323,0.0,1,-0.97,1882.8685913085933,0.0004376147158353,0.0,1,-1.08,1882.8685302734373,0.000440856306323,0.0,1,-1.49,1882.8684692382808,0.0004440978968107,0.0,1,-2.22,1882.8665771484373,0.0005445872019284,0.0,1,-2.92,1882.8671875,0.0005121712970517,0.0,1,-3.64,1882.8665771484373,0.0005445872019284,0.0,1,10
ZINC000000028107,0.12,1882.87255859375,0.0002269113341368,0.0,1,0.05,1882.8726501464844,0.0002220489484053,0.0,1,-0.13,1882.8712768554688,0.0002949847343779,0.0,1,-0.5,1882.873077392578,0.0001993578149916,0.0,1,-0.57,1882.8726196289065,0.0002236697436491,0.0,1,-0.59,1882.8714599609373,0.0002852599629149,0.0,1,-0.91,1882.871337890625,0.0002917431438902,0.0,1,-0.98,1882.8719787597656,0.0002577064437697,0.0,1,-2.01,1882.87255859375,0.0002269113341368,0.0,1,-3.85,1882.871551513672,0.0002803975771834,0.0,1,10
ZINC000000028311,-0.89,1882.8768310546875,0.0,0.0,1,-1.18,1882.8768310546875,0.0,0.0,1,-1.18,1882.8768310546875,0.0,0.0,1,-1.28,1882.8768310546875,0.0,0.0,1,-1.49,1882.8768310546875,0.0,0.0,1,-1.5,1882.8768310546875,0.0,0.0,1,-1.53,1882.8768310546875,0.0,0.0,1,-1.68,1882.8768310546875,0.0,0.0,1,-3.26,1882.8768310546875,0.0,0.0,1,-5.24,1882.8768310546875,0.0,0.0,1,10
ZINC000000028323,0.07,1882.87142944336,0.0002868807581587,0.0,1,0.07,1882.87158203125,0.0002787767819395,0.0,1,-0.02,1882.8707580566409,0.0003225382535231,0.0,1,-0.35,1882.872833251953,0.0002123241769423,0.0,1,-0.69,1882.8724975585933,0.0002301529246245,0.0,1,-0.72,1882.8722229003904,0.000244740081819,0.0,1,-0.76,1882.8717346191409,0.0002706728057203,0.0,1,-1.04,1882.8743896484373,0.0001296636195067,0.0,1,-1.51,1882.87240600586,0.000235015310356,0.0,1,-2.71,1882.871124267578,0.000303088710597,0.0,1,10
ZINC000000028359,-0.21,1882.8713989257808,0.0002885015534025,0.0,1,-0.46,1882.8719787597656,0.0002577064437697,0.0,1,-0.46,1882.87240600586,0.000235015310356,0.0,1,-0.68,1882.8709411621087,0.00031281348206,0.0,1,-0.69,1882.8697814941409,0.0003744037013258,0.0,1,-0.76,1882.870513916016,0.0003355046154737,0.0,1,-0.97,1882.870513916016,0.0003355046154737,0.0,1,-1.13,1882.87109375,0.0003047095058409,0.0,1,-1.46,1882.8710021972656,0.0003095718915724,0.0,1,-3.21,1882.872009277344,0.0002560856485258,0.0,1,10
ZINC000000028403,-0.5,1882.87109375,0.0003047095058409,0.0,1,-0.58,1882.87240600586,0.000235015310356,0.0,1,-0.86,1882.874053955078,0.0001474923671889,0.0,1,-0.97,1882.8721618652344,0.0002479816723067,0.0,1,-0.99,1882.873809814453,0.0001604587291396,0.0,1,-1.04,1882.8735961914065,0.0001718042958464,0.0,1,-1.07,1882.8739929199216,0.0001507339576766,0.0,1,-1.12,1882.874084472656,0.0001458715719451,0.0,1,-1.66,1882.8743286132808,0.0001329052099944,0.0,1,-2.06,1882.8709411621087,0.00031281348206,0.0,1,10
ZINC000000028416,-0.11,1882.8671875,0.0005121712970517,0.0,1,-0.16,1882.8677978515625,0.000479755392175,0.0,1,-0.17,1882.8655395507808,0.0005996942402188,0.0,1,-0.19,1882.869140625,0.0004084404014463,0.0,1,-0.23,1882.8703002929688,0.0003468501821806,0.0,1,-0.28,1882.870056152344,0.0003598165441313,0.0,1,-0.43,1882.8673095703125,0.0005056881160764,0.0,1,-0.53,1882.8677368164065,0.0004829969826627,0.0,1,-0.67,1882.8682861328125,0.0004538226682737,0.0,1,-1.14,1882.869873046875,0.0003695413155943,0.0,1,10
ZINC000000028441,-0.12,1882.871826171875,0.0002658104199888,0.0,1,-0.19,1882.870056152344,0.0003598165441313,0.0,1,-0.37,1882.870849609375,0.0003176758677916,0.0,1,-0.41,1882.8702392578125,0.0003500917726682,0.0,1,-0.62,1882.8702392578125,0.0003500917726682,0.0,1,-0.82,1882.870056152344,0.0003598165441313,0.0,1,-0.88,1882.8709716796875,0.0003111926868162,0.0,1,-0.88,1882.8684692382808,0.0004440978968107,0.0,1,-0.89,1882.8707275390625,0.0003241590487669,0.0,1,-0.98,1882.8673706054688,0.0005024465255887,0.0,1,10
ZINC000000028528,-0.17,1882.8707275390625,0.0003241590487669,0.0,1,-0.72,1882.87240600586,0.000235015310356,0.0,1,-0.76,1882.868621826172,0.0004359939205915,0.0,1,-0.76,1882.8693542480469,0.0003970948347395,0.0,1,-0.81,1882.871032714844,0.0003079510963285,0.0,1,-0.97,1882.8705444335933,0.0003338838202299,0.0,1,-1.12,1882.87142944336,0.0002868807581587,0.0,1,-1.34,1882.870147705078,0.0003549541583998,0.0,1,-1.56,1882.8707580566409,0.0003225382535231,0.0,1,-1.83,1882.8737487792969,0.0001637003196273,0.0,1,10
ZINC000000028591,0.23,1882.8724975585933,0.0002301529246245,0.0,1,0.17,1882.873809814453,0.0001604587291396,0.0,1,0.07,1882.8735961914065,0.0001718042958464,0.0,1,0.03,1882.8722534179688,0.0002431192865752,0.0,1,-0.1,1882.872131347656,0.0002496024675505,0.0,1,-1.69,1882.8717956542969,0.0002674312152327,0.0,1,-1.77,1882.8716735839844,0.000273914396208,0.0,1,-1.79,1882.872314453125,0.0002398776960875,0.0,1,-1.94,1882.871826171875,0.0002658104199888,0.0,1,-5.73,1882.8743896484373,0.0001296636195067,0.0,1,10
ZINC000000028671,0.09,1882.8698425292969,0.0003711621108381,0.0,1,0.0,1882.8695068359373,0.0003889908585203,0.0,1,-0.0,1882.8693542480469,0.0003970948347395,0.0,1,-0.02,1882.8693542480469,0.0003970948347395,0.0,1,-0.03,1882.8693542480469,0.0003970948347395,0.0,1,-0.03,1882.8692626953125,0.000401957220471,0.0,1,-0.08,1882.871490478516,0.000283639167671,0.0,1,-0.09,1882.8694152832031,0.0003938532442518,0.0,1,-0.87,1882.8700256347656,0.0003614373393751,0.0,1,-5.6,1882.8747253417969,0.0001118348718245,0.0,1,10
ZINC000000028733,-0.71,1882.870056152344,0.0003598165441313,0.0,1,-0.72,1882.8698120117188,0.0003727829060819,0.0,1,-0.73,1882.8697509765625,0.0003760244965696,0.0,1,-0.75,1882.8699340820312,0.0003662997251066,0.0,1,-0.78,1882.8699340820312,0.0003662997251066,0.0,1,-0.82,1882.8695068359373,0.0003889908585203,0.0,1,-0.82,1882.8697509765625,0.0003760244965696,0.0,1,-1.24,1882.869384765625,0.0003954740394956,0.0,1,-2.15,1882.869201660156,0.0004051988109586,0.0,1,-2.19,1882.8695678710933,0.0003857492680326,0.0,1,10
ZINC000000028958,0.03,1882.8709411621087,0.00031281348206,0.0,1,-0.04,1882.8726196289065,0.0002236697436491,0.0,1,-0.06,1882.87255859375,0.0002269113341368,0.0,1,-0.28,1882.872985839844,0.0002042202007231,0.0,1,-0.94,1882.871154785156,0.0003014679153532,0.0,1,-1.07,1882.8722534179688,0.0002431192865752,0.0,1,-2.26,1882.871856689453,0.000264189624745,0.0,1,-2.82,1882.87240600586,0.000235015310356,0.0,1,-2.82,1882.871337890625,0.0002917431438902,0.0,1,-3.12,1882.872314453125,0.0002398776960875,0.0,1,10
ZINC000000028960,-0.35,1882.8741455078125,0.0001426299814574,0.0,1,-0.48,1882.8741760253904,0.0001410091862136,0.0,1,-0.67,1882.8749084472656,0.0001021101003615,0.0,1,-0.74,1882.8746032714844,0.0001183180527999,0.0,1,-1.39,1882.8729248046875,0.0002074617912108,0.0,1,-1.65,1882.8745727539065,0.0001199388480437,0.0,1,-1.96,1882.8739929199216,0.0001507339576766,0.0,1,-1.96,1882.8758850097656,5.024465255887588e-05,0.0,1,-2.04,1882.8740234375,0.0001491131624327,0.0,1,-5.19,1882.8720397949216,0.000254464853282,0.0,1,10
ZINC000000028974,-0.52,1882.87451171875,0.0001231804385314,0.0,1,-0.57,1882.8737487792969,0.0001637003196273,0.0,1,-0.59,1882.8746032714844,0.0001183180527999,0.0,1,-0.62,1882.874084472656,0.0001458715719451,0.0,1,-0.67,1882.8742980957031,0.0001345260052382,0.0,1,-0.83,1882.8751220703125,9.076453365474352e-05,0.0,1,-0.92,1882.8743896484373,0.0001296636195067,0.0,1,-1.24,1882.874755859375,0.0001102140765807,0.0,1,-1.72,1882.8744506835933,0.0001264220290191,0.0,1,-3.65,1882.8758850097656,5.024465255887588e-05,0.0,1,10
ZINC000000028977,-0.08,1882.8685913085933,0.0004376147158353,0.0,1,-0.12,1882.8687438964844,0.0004295107396161,0.0,1,-0.46,1882.8677673339844,0.0004813761874189,0.0,1,-0.75,1882.8683776855469,0.0004489602825422,0.0,1,-0.76,1882.8663940429688,0.0005543119733914,0.0,1,-0.78,1882.8677368164065,0.0004829969826627,0.0,1,-0.88,1882.8689880371087,0.0004165443776655,0.0,1,-0.9,1882.8677368164065,0.0004829969826627,0.0,1,-0.91,1882.8687438964844,0.0004295107396161,0.0,1,-2.47,1882.866973876953,0.0005235168637586,0.0,1,10
ZINC000000028985,-0.75,1882.867919921875,0.0004732722111997,0.0,1,-0.79,1882.867919921875,0.0004732722111997,0.0,1,-0.99,1882.8679809570312,0.000470030620712,0.0,1,-1.01,1882.8677368164065,0.0004829969826627,0.0,1,-1.1,1882.8682861328125,0.0004538226682737,0.0,1,-1.29,1882.8681640625,0.000460305849249,0.0,1,-1.86,1882.868225097656,0.0004570642587613,0.0,1,-1.89,1882.8692626953125,0.000401957220471,0.0,1,-2.08,1882.8676147460933,0.000489480163638,0.0,1,-2.15,1882.869201660156,0.0004051988109586,0.0,1,10
ZINC000000028986,-0.03,1882.869384765625,0.0003954740394956,0.0,1,-0.03,1882.8707580566409,0.0003225382535231,0.0,1,-0.21,1882.870513916016,0.0003355046154737,0.0,1,-0.22,1882.8702697753904,0.0003484709774244,0.0,1,-0.27,1882.8707885742188,0.0003209174582792,0.0,1,-0.52,1882.869201660156,0.0004051988109586,0.0,1,-0.64,1882.87045288086,0.0003387462059614,0.0,1,-0.68,1882.8707885742188,0.0003209174582792,0.0,1,-0.85,1882.869659423828,0.0003808868823011,0.0,1,-2.38,1882.8694458007808,0.0003922324490079,0.0,1,10
ZINC000000028990,0.26,1882.8679809570312,0.000470030620712,0.0,1,0.01,1882.866943359375,0.0005251376590024,0.0,1,0.01,1882.869140625,0.0004084404014463,0.0,1,-0.22,1882.866149902344,0.0005672783353421,0.0,1,-0.24,1882.868408203125,0.0004473394872983,0.0,1,-0.36,1882.8694458007808,0.0003922324490079,0.0,1,-0.78,1882.86767578125,0.0004862385731504,0.0,1,-1.06,1882.8668823242188,0.0005283792494901,0.0,1,-3.1,1882.865966796875,0.0005770031068051,0.0,1,-5.23,471.744140625,0.0,0.0,1,10
ZINC000000029021,0.32,1882.8722229003904,0.000244740081819,0.0,1,-0.85,1882.8726196289065,0.0002236697436491,0.0,1,-0.87,1882.8715209960933,0.0002820183724272,0.0,1,-0.9,1882.8720703125,0.0002528440580382,0.0,1,-0.96,1882.871826171875,0.0002658104199888,0.0,1,-0.97,1882.8718872070312,0.0002625688295012,0.0,1,-1.12,1882.8716430664065,0.0002755351914518,0.0,1,-1.15,1882.8719482421875,0.0002593272390135,0.0,1,-1.98,1882.87060546875,0.0003306422297422,0.0,1,-2.21,1882.8693237304688,0.0003987156299833,0.0,1,10
ZINC000000029023,-0.57,1882.8671569824216,0.0005137920922956,0.0,1,-0.62,1882.8667907714844,0.0005332416352216,0.0,1,-0.7,1882.867645263672,0.0004878593683942,0.0,1,-0.72,1882.8673400878904,0.0005040673208325,0.0,1,-0.78,1882.8673095703125,0.0005056881160764,0.0,1,-0.79,1882.8678894042969,0.0004748930064435,0.0,1,-0.99,1882.865478515625,0.0006029358307065,0.0,1,-1.03,1882.8670959472656,0.0005170336827832,0.0,1,-1.1,1882.8671875,0.0005121712970517,0.0,1,-1000.0,471.744140625,0.0,0.0,0,9
ZINC000000029035,-0.21,1882.8728637695312,0.0002107033816985,0.0,1,-0.38,1882.8708190917969,0.0003192966630354,0.0,1,-0.42,1882.870849609375,0.0003176758677916,0.0,1,-0.44,1882.8705444335933,0.0003338838202299,0.0,1,-0.49,1882.870178222656,0.0003533333631559,0.0,1,-1.02,1882.8712463378904,0.0002966055296217,0.0,1,-1.1,1882.871612548828,0.0002771559866957,0.0,1,-1.58,1882.870147705078,0.0003549541583998,0.0,1,-1.65,1882.8708190917969,0.0003192966630354,0.0,1,-1.82,1882.871337890625,0.0002917431438902,0.0,1,10
ZINC000000029045,-0.04,1882.8685913085933,0.0004376147158353,0.0,1,-0.15,1882.8704833984373,0.0003371254107176,0.0,1,-0.22,1882.869201660156,0.0004051988109586,0.0,1,-0.29,1882.8699951171875,0.0003630581346189,0.0,1,-0.29,1882.8692626953125,0.000401957220471,0.0,1,-0.36,1882.8704223632808,0.0003403670012052,0.0,1,-0.4,1882.8692626953125,0.000401957220471,0.0,1,-0.46,1882.868896484375,0.000421406763397,0.0,1,-0.72,1882.8696899414065,0.0003792660870573,0.0,1,-1.11,1882.870361328125,0.0003436085916929,0.0,1,10
ZINC000000029135,-0.3,1882.8768310546875,0.0,0.0,1,-0.46,1882.8768310546875,0.0,0.0,1,-0.47,1882.8768310546875,0.0,0.0,1,-0.51,1882.8768310546875,0.0,0.0,1,-0.58,1882.8768310546875,0.0,0.0,1,-0.75,1882.8768310546875,0.0,0.0,1,-1.15,1882.8760681152344,4.051988109586764e-05,0.0,1,-2.1,1882.875518798828,6.969419548489234e-05,0.0,1,-1000.0,471.744140625,0.0,0.0,0,-1000.0,471.744140625,0.0,0.0,0,8
ZINC000000029156,0.17,1882.8768310546875,0.0,0.0,1,-0.15,1882.8768310546875,0.0,0.0,1,-0.76,1882.8768310546875,0.0,0.0,1,-0.91,1882.8768310546875,0.0,0.0,1,-1.25,1882.8768310546875,0.0,0.0,1,-1.32,1882.8768310546875,0.0,0.0,1,-1.5,1882.8768310546875,0.0,0.0,1,-1.53,1882.8768310546875,0.0,0.0,1,-2.01,1882.8768310546875,0.0,0.0,1,-2.34,1882.8768310546875,0.0,0.0,1,10
ZINC000000029162,0.01,1882.8734130859373,0.0001815290673094,0.0,1,-0.05,1882.873107910156,0.0001977370197478,0.0,1,-0.17,1882.875244140625,8.42813526794047e-05,0.0,1,-0.18,1882.872467041016,0.0002317737198683,0.0,1,-0.22,1882.8727722167969,0.00021556576743,0.0,1,-0.28,1882.8749694824216,9.886850987391704e-05,0.0,1,-0.52,1882.8742065429688,0.0001393883909697,0.0,1,-0.56,1882.8739013671875,0.0001555963434081,0.0,1,-0.58,1882.8744506835933,0.0001264220290191,0.0,1,-2.78,1882.8745727539065,0.0001199388480437,0.0,1,10
ZINC000000029193,-0.41,1882.8768310546875,0.0,0.0,1,-0.41,1882.8768310546875,0.0,0.0,1,-0.8,1882.8765563964844,1.458715719451235e-05,0.0,1,-0.81,1882.8768310546875,0.0,0.0,1,-1.02,1882.8761291503904,3.727829060819823e-05,0.0,1,-1.27,1882.8768310546875,0.0,0.0,1,-1.68,1882.8768310546875,0.0,0.0,1,-1.88,1882.8768310546875,0.0,0.0,1,-3.23,1882.8768310546875,0.0,0.0,1,-5.37,1882.8765563964844,1.458715719451235e-05,0.0,1,10
ZINC000000029210,0.2,1882.874481201172,0.0001248012337752,0.0,1,0.17,1882.8752746582031,8.266055743556999e-05,0.0,1,0.03,1882.875518798828,6.969419548489234e-05,0.0,1,-0.01,1882.8750915527344,9.238532889857822e-05,0.0,1,-0.05,1882.8746337890625,0.000116697257556,0.0,1,-0.83,1882.8731384277344,0.0001961162245039,0.0,1,-0.88,1882.8743896484373,0.0001296636195067,0.0,1,-1.31,1882.8735961914065,0.0001718042958464,0.0,1,-1.33,1882.87142944336,0.0002868807581587,0.0,1,-1.82,1882.8722229003904,0.000244740081819,0.0,1,10
ZINC000000029228,-0.17,1882.872467041016,0.0002317737198683,0.0,1,-0.33,1882.8716735839844,0.000273914396208,0.0,1,-0.38,1882.872467041016,0.0002317737198683,0.0,1,-0.6,1882.872833251953,0.0002123241769423,0.0,1,-0.6,1882.8717651367188,0.0002690520104765,0.0,1,-0.68,1882.8723449707031,0.0002382569008437,0.0,1,-0.7,1882.872009277344,0.0002560856485258,0.0,1,-0.73,1882.8712768554688,0.0002949847343779,0.0,1,-1.09,1882.8718872070312,0.0002625688295012,0.0,1,-2.19,1882.8730163574216,0.0002025994054793,0.0,1,10
ZINC000000029234,-0.31,1882.8752746582031,8.266055743556999e-05,0.0,1,-0.32,1882.8768310546875,0.0,0.0,1,-0.47,1882.8768310546875,0.0,0.0,1,-0.47,1882.8768310546875,0.0,0.0,1,-0.48,1882.876037597656,4.214067633970235e-05,0.0,1,-0.91,1882.8768310546875,0.0,0.0,1,-0.93,1882.8768310546875,0.0,0.0,1,-1.05,1882.8768310546875,0.0,0.0,1,-1.12,1882.8768310546875,0.0,0.0,1,-1.4,1882.8768310546875,0.0,0.0,1,10
ZINC000000029240,-0.9,1882.8761901855469,3.4036700120528816e-05,0.0,1,-0.96,1882.876708984375,6.483180975338823e-06,0.0,1,-1.01,1882.8768310546875,0.0,0.0,1,-1.14,1882.87631225586,2.755351914519e-05,0.0,1,-1.31,1882.8768310546875,0.0,0.0,1,-1.31,1882.8768310546875,0.0,0.0,1,-1.45,1882.8758544921875,5.186544780271058e-05,0.0,1,-1.6,1882.8768310546875,0.0,0.0,1,-1.85,1882.8768310546875,0.0,0.0,1,-2.04,1882.876373291016,2.4311928657520587e-05,0.0,1,10
ZINC000000029258,-0.44,1882.8768310546875,0.0,0.0,1,-0.6,1882.8768310546875,0.0,0.0,1,-0.68,1882.8768310546875,0.0,0.0,1,-0.99,1882.8768310546875,0.0,0.0,1,-1.58,1882.8768310546875,0.0,0.0,1,-1.64,1882.8768310546875,0.0,0.0,1,-1.91,1882.8768310546875,0.0,0.0,1,-2.19,1882.8768310546875,0.0,0.0,1,-2.68,1882.8768310546875,0.0,0.0,1,-3.48,1882.8768310546875,0.0,0.0,1,10
ZINC000000029270,-0.18,1882.8751525878904,8.91437384109088e-05,0.0,1,-0.18,1882.8748474121087,0.0001053516908492,0.0,1,-0.32,1882.87353515625,0.0001750458863341,0.0,1,-0.91,1882.8766784667969,8.103976219173527e-06,0.0,1,-1.58,1882.8751831054688,8.75229431670741e-05,0.0,1,-1.6,1882.8742065429688,0.0001393883909697,0.0,1,-2.21,1882.8749694824216,9.886850987391704e-05,0.0,1,-2.31,1882.874542236328,0.0001215596432876,0.0,1,-2.44,1882.872833251953,0.0002123241769423,0.0,1,-3.3,1882.8753051757808,8.103976219173528e-05,0.0,1,10
ZINC000000029274,-0.05,1882.874267578125,0.0001361468004821,0.0,1,-0.55,1882.8751220703125,9.076453365474352e-05,0.0,1,-0.67,1882.8719482421875,0.0002593272390135,0.0,1,-0.81,1882.87255859375,0.0002269113341368,0.0,1,-0.92,1882.8739013671875,0.0001555963434081,0.0,1,-1.13,1882.8744506835933,0.0001264220290191,0.0,1,-1.22,1882.8734130859373,0.0001815290673094,0.0,1,-1.38,1882.8751220703125,9.076453365474352e-05,0.0,1,-2.97,1882.8707275390625,0.0003241590487669,0.0,1,-3.77,1882.8735961914065,0.0001718042958464,0.0,1,10
ZINC000000029322,-0.12,1882.8721618652344,0.0002479816723067,0.0,1,-0.12,1882.8722229003904,0.000244740081819,0.0,1,-0.13,1882.8719787597656,0.0002577064437697,0.0,1,-0.13,1882.8717346191409,0.0002706728057203,0.0,1,-0.14,1882.8721923828125,0.0002463608770628,0.0,1,-0.15,1882.873046875,0.0002009786102355,0.0,1,-0.16,1882.8722229003904,0.000244740081819,0.0,1,-0.37,1882.8749084472656,0.0001021101003615,0.0,1,-1.49,1882.8735961914065,0.0001718042958464,0.0,1,-1.49,1882.872802734375,0.0002139449721861,0.0,1,10
ZINC000000029330,0.16,1882.866271972656,0.0005607951543668,0.0,1,0.09,1882.8673095703125,0.0005056881160764,0.0,1,0.0,1882.865966796875,0.0005770031068051,0.0,1,-0.0,1882.8658447265625,0.0005834862877804,0.0,1,-0.05,1882.86669921875,0.0005381040209531,0.0,1,-0.19,1882.8677978515625,0.000479755392175,0.0,1,-0.21,1882.8671875,0.0005121712970517,0.0,1,-1.32,1882.8659057617188,0.0005802446972928,0.0,1,-2.42,1882.8677978515625,0.000479755392175,0.0,1,-3.27,1882.8646850585933,0.0006450765070462,0.0,1,10
ZINC000000029346,0.24,1882.873809814453,0.0001604587291396,0.0,1,0.16,1882.8744506835933,0.0001264220290191,0.0,1,0.14,1882.873809814453,0.0001604587291396,0.0,1,0.08,1882.87338256836,0.0001831498625533,0.0,1,0.07,1882.8735961914065,0.0001718042958464,0.0,1,0.06,1882.87353515625,0.0001750458863341,0.0,1,-0.03,1882.873291015625,0.0001880122482848,0.0,1,-0.2,1882.8729248046875,0.0002074617912108,0.0,1,-0.37,1882.8740234375,0.0001491131624327,0.0,1,-2.5,1882.872314453125,0.0002398776960875,0.0,1,10
ZINC000000029356,0.14,1882.873565673828,0.0001734250910903,0.0,1,0.11,1882.8726806640625,0.0002204281531615,0.0,1,0.09,1882.874267578125,0.0001361468004821,0.0,1,0.09,1882.8727416992188,0.0002171865626738,0.0,1,0.08,1882.8731384277344,0.0001961162245039,0.0,1,0.08,1882.8726196289065,0.0002236697436491,0.0,1,0.07,1882.872985839844,0.0002042202007231,0.0,1,0.02,1882.8728942871087,0.0002090825864546,0.0,1,0.02,1882.8742370605469,0.0001377675957259,0.0,1,-1.02,1882.8724365234373,0.0002333945151121,0.0,1,10
ZINC000000029425,-0.16,1882.8750915527344,9.238532889857822e-05,0.0,1,-0.45,1882.8768310546875,0.0,0.0,1,-0.57,1882.8741760253904,0.0001410091862136,0.0,1,-0.91,1882.87338256836,0.0001831498625533,0.0,1,-1.04,1882.8717041015625,0.0002722936009642,0.0,1,-1.37,1882.8724365234373,0.0002333945151121,0.0,1,-1.77,1882.8741455078125,0.0001426299814574,0.0,1,-1.83,1882.8756408691409,6.321101450955351e-05,0.0,1,-2.02,1882.8722229003904,0.000244740081819,0.0,1,-3.12,1882.8751220703125,9.076453365474352e-05,0.0,1,10
ZINC000000029433,-0.34,1882.87646484375,1.9449542926016468e-05,0.0,1,-0.37,1882.8759460449216,4.700306207120646e-05,0.0,1,-0.46,1882.875244140625,8.42813526794047e-05,0.0,1,-0.47,1882.8761901855469,3.4036700120528816e-05,0.0,1,-0.48,1882.8756408691409,6.321101450955351e-05,0.0,1,-0.55,1882.8736267089844,0.0001701835006026,0.0,1,-0.6,1882.8745727539065,0.0001199388480437,0.0,1,-0.6,1882.8737487792969,0.0001637003196273,0.0,1,-0.63,1882.8748779296875,0.0001037308956054,0.0,1,-0.76,1882.8768310546875,0.0,0.0,1,10
ZINC000000029518,-0.13,1882.8690490722656,0.0004133027871778,0.0,1,-0.18,1882.870056152344,0.0003598165441313,0.0,1,-0.42,1882.868103027344,0.0004635474397367,0.0,1,-0.43,1882.8693237304688,0.0003987156299833,0.0,1,-0.45,1882.8699645996087,0.0003646789298628,0.0,1,-0.5,1882.870147705078,0.0003549541583998,0.0,1,-0.62,1882.867431640625,0.000499204935101,0.0,1,-0.83,1882.8701171875,0.0003565749536436,0.0,1,-0.93,1882.8697204589844,0.0003776452918134,0.0,1,-1.79,1882.8673400878904,0.0005040673208325,0.0,1,10
ZINC000000029545,0.18,1882.8727111816409,0.0002188073579176,0.0,1,0.07,1882.8741149902344,0.0001442507767012,0.0,1,0.06,1882.8731384277344,0.0001961162245039,0.0,1,0.03,1882.8716735839844,0.000273914396208,0.0,1,-0.19,1882.8747253417969,0.0001118348718245,0.0,1,-0.29,1882.87255859375,0.0002269113341368,0.0,1,-0.52,1882.8751220703125,9.076453365474352e-05,0.0,1,-0.58,1882.872985839844,0.0002042202007231,0.0,1,-0.69,1882.8731994628904,0.0001928746340163,0.0,1,-1.74,1882.871612548828,0.0002771559866957,0.0,1,10
ZINC000000029547,-0.44,1882.8768310546875,0.0,0.0,1,-0.44,1882.8765563964844,1.458715719451235e-05,0.0,1,-0.46,1882.876739501953,4.862385731504117e-06,0.0,1,-0.57,1882.8768005371087,1.6207952438347057e-06,0.0,1,-0.72,1882.8765258789065,1.6207952438347055e-05,0.0,1,-0.79,1882.8768310546875,0.0,0.0,1,-1.41,1882.875915527344,4.8623857315041175e-05,0.0,1,-1.48,1882.8768310546875,0.0,0.0,1,-1.48,1882.8762817382808,2.91743143890247e-05,0.0,1,-1.58,1882.876007080078,4.376147158353705e-05,0.0,1,10
ZINC000000029589,-0.85,1882.8768310546875,0.0,0.0,1,-1.02,1882.8768310546875,0.0,0.0,1,-1.04,1882.8768310546875,0.0,0.0,1,-1.15,1882.8768310546875,0.0,0.0,1,-1.16,1882.8768310546875,0.0,0.0,1,-1.3,1882.8768310546875,0.0,0.0,1,-1.48,1882.8768310546875,0.0,0.0,1,-1.65,1882.8768310546875,0.0,0.0,1,-3.68,1882.8768310546875,0.0,0.0,1,-3.79,1882.8768310546875,0.0,0.0,1,10
ZINC000000029604,-0.78,1882.8711853027344,0.0002998471201094,0.0,1,-1.61,1882.8712768554688,0.0002949847343779,0.0,1,-1.65,1882.8737487792969,0.0001637003196273,0.0,1,-1.71,1882.871826171875,0.0002658104199888,0.0,1,-2.33,1882.872009277344,0.0002560856485258,0.0,1,-2.73,1882.8720703125,0.0002528440580382,0.0,1,-3.45,1882.8722534179688,0.0002431192865752,0.0,1,-3.67,1882.8722534179688,0.0002431192865752,0.0,1,-4.16,1882.87240600586,0.000235015310356,0.0,1,-4.27,1882.8715209960933,0.0002820183724272,0.0,1,10
ZINC000000029646,-0.63,1882.871856689453,0.000264189624745,0.0,1,-0.73,1882.8733520507808,0.0001847706577971,0.0,1,-0.73,1882.8732604980469,0.0001896330435286,0.0,1,-0.74,1882.8724365234373,0.0002333945151121,0.0,1,-0.78,1882.8731689453125,0.0001944954292601,0.0,1,-1.4,1882.8698425292969,0.0003711621108381,0.0,1,-1.73,1882.871337890625,0.0002917431438902,0.0,1,-2.09,1882.873046875,0.0002009786102355,0.0,1,-2.18,1882.8710632324216,0.0003063303010847,0.0,1,-3.13,1882.8699645996087,0.0003646789298628,0.0,1,10
ZINC000000029648,-0.01,1882.871032714844,0.0003079510963285,0.0,1,-0.4,1882.874084472656,0.0001458715719451,0.0,1,-0.45,1882.8713989257808,0.0002885015534025,0.0,1,-0.52,1882.8710632324216,0.0003063303010847,0.0,1,-0.55,1882.8728637695312,0.0002107033816985,0.0,1,-0.58,1882.8713073730469,0.000293363939134,0.0,1,-0.59,1882.8724365234373,0.0002333945151121,0.0,1,-0.61,1882.8700866699216,0.0003581957488874,0.0,1,-0.72,1882.8728637695312,0.0002107033816985,0.0,1,-1.27,1882.8713073730469,0.000293363939134,0.0,1,10
ZINC000000029651,0.02,1882.8706665039065,0.0003274006392546,0.0,1,-0.01,1882.8706665039065,0.0003274006392546,0.0,1,-0.02,1882.8703918457031,0.0003419877964491,0.0,1,-0.07,1882.870513916016,0.0003355046154737,0.0,1,-0.07,1882.869873046875,0.0003695413155943,0.0,1,-0.46,1882.871856689453,0.000264189624745,0.0,1,-0.7,1882.8720397949216,0.000254464853282,0.0,1,-1.02,1882.87045288086,0.0003387462059614,0.0,1,-1.23,1882.872100830078,0.0002512232627943,0.0,1,-1.31,1882.8720397949216,0.000254464853282,0.0,1,10
ZINC000000029653,0.13,1882.86849975586,0.0004424771015668,0.0,1,0.04,1882.869079589844,0.000411681991934,0.0,1,0.01,1882.8688659667969,0.0004230275586408,0.0,1,-0.01,1882.868194580078,0.0004586850540052,0.0,1,-0.01,1882.8696899414065,0.0003792660870573,0.0,1,-0.06,1882.8678588867188,0.0004765138016874,0.0,1,-0.26,1882.8689880371087,0.0004165443776655,0.0,1,-0.33,1882.8663940429688,0.0005543119733914,0.0,1,-1.48,1882.8696899414065,0.0003792660870573,0.0,1,-2.64,1882.867919921875,0.0004732722111997,0.0,1,10
ZINC000000029667,-0.31,1882.8768310546875,0.0,0.0,1,-0.37,1882.8768310546875,0.0,0.0,1,-0.66,1882.8768310546875,0.0,0.0,1,-0.74,1882.8768310546875,0.0,0.0,1,-1.03,1882.874420166016,0.0001280428242629,0.0,1,-1.12,1882.87631225586,2.755351914519e-05,0.0,1,-1.13,1882.8768310546875,0.0,0.0,1,-1.14,1882.8768310546875,0.0,0.0,1,-1.37,1882.8768310546875,0.0,0.0,1,-2.04,1882.8768310546875,0.0,0.0,1,10
ZINC000000029718,-0.14,1882.8720703125,0.0002528440580382,0.0,1,-0.22,1882.8729553222656,0.000205840995967,0.0,1,-0.48,1882.8717041015625,0.0002722936009642,0.0,1,-0.68,1882.873565673828,0.0001734250910903,0.0,1,-0.7,1882.872467041016,0.0002317737198683,0.0,1,-0.7,1882.87255859375,0.0002269113341368,0.0,1,-0.73,1882.872528076172,0.0002285321293806,0.0,1,-1.17,1882.870880126953,0.0003160550725477,0.0,1,-1.3,1882.871124267578,0.000303088710597,0.0,1,-1.62,1882.871612548828,0.0002771559866957,0.0,1,10
ZINC000000029772,-0.22,1882.8740234375,0.0001491131624327,0.0,1,-0.59,1882.8746643066409,0.0001150764623122,0.0,1,-0.67,1882.873809814453,0.0001604587291396,0.0,1,-0.67,1882.8738708496087,0.0001572171386519,0.0,1,-0.72,1882.8737487792969,0.0001637003196273,0.0,1,-0.75,1882.8742980957031,0.0001345260052382,0.0,1,-0.82,1882.8736267089844,0.0001701835006026,0.0,1,-0.95,1882.8729248046875,0.0002074617912108,0.0,1,-1.49,1882.8741149902344,0.0001442507767012,0.0,1,-2.21,1882.8749694824216,9.886850987391704e-05,0.0,1,10
ZINC000000029773,-0.05,1882.8748779296875,0.0001037308956054,0.0,1,-0.08,1882.8761901855469,3.4036700120528816e-05,0.0,1,-0.18,1882.8738403320312,0.0001588379338958,0.0,1,-0.18,1882.8761291503904,3.727829060819823e-05,0.0,1,-0.19,1882.8764038085933,2.269113341368588e-05,0.0,1,-0.26,1882.8748474121087,0.0001053516908492,0.0,1,-0.31,1882.8757934570312,5.510703829037999e-05,0.0,1,-1.58,1882.8762817382808,2.91743143890247e-05,0.0,1,-2.12,1882.8761596679688,3.565749536436352e-05,0.0,1,-2.52,1882.875457763672,7.293578597256175e-05,0.0,1,10
ZINC000000029794,-0.23,1882.8692932128904,0.0004003364252271,0.0,1,-0.54,1882.86947631836,0.0003906116537641,0.0,1,-0.56,1882.871551513672,0.0002803975771834,0.0,1,-0.62,1882.8710021972656,0.0003095718915724,0.0,1,-1.06,1882.8707275390625,0.0003241590487669,0.0,1,-1.44,1882.8712463378904,0.0002966055296217,0.0,1,-1.61,1882.8707580566409,0.0003225382535231,0.0,1,-1.63,1882.872467041016,0.0002317737198683,0.0,1,-1.77,1882.8709106445312,0.0003144342773039,0.0,1,-2.84,1882.870147705078,0.0003549541583998,0.0,1,10
ZINC000000029823,0.01,1882.869537353516,0.0003873700632764,0.0,1,-0.05,1882.8700256347656,0.0003614373393751,0.0,1,-0.06,1882.8693542480469,0.0003970948347395,0.0,1,-0.11,1882.8687133789065,0.00043113153486,0.0,1,-0.15,1882.8704833984373,0.0003371254107176,0.0,1,-1.14,1882.8703918457031,0.0003419877964491,0.0,1,-1.16,1882.8707885742188,0.0003209174582792,0.0,1,-1.28,1882.8702697753904,0.0003484709774244,0.0,1,-1.5,1882.871124267578,0.000303088710597,0.0,1,-2.75,1882.870147705078,0.0003549541583998,0.0,1,10
ZINC000000029864,0.03,1882.8742370605469,0.0001377675957259,0.0,1,0.02,1882.874420166016,0.0001280428242629,0.0,1,-0.05,1882.8744506835933,0.0001264220290191,0.0,1,-0.13,1882.8742980957031,0.0001345260052382,0.0,1,-0.74,1882.8734130859373,0.0001815290673094,0.0,1,-1.01,1882.8764038085933,2.269113341368588e-05,0.0,1,-1.66,1882.8748779296875,0.0001037308956054,0.0,1,-1.69,1882.875244140625,8.42813526794047e-05,0.0,1,-1.71,1882.875518798828,6.969419548489234e-05,0.0,1,-1.89,1882.8748168945312,0.000106972486093,0.0,1,10
ZINC000000029895,-0.3,1882.8746948242188,0.0001134556670684,0.0,1,-0.37,1882.87158203125,0.0002787767819395,0.0,1,-0.46,1882.87255859375,0.0002269113341368,0.0,1,-0.46,1882.871826171875,0.0002658104199888,0.0,1,-0.47,1882.8716430664065,0.0002755351914518,0.0,1,-0.48,1882.8723754882808,0.0002366361055998,0.0,1,-0.52,1882.8729248046875,0.0002074617912108,0.0,1,-0.74,1882.870361328125,0.0003436085916929,0.0,1,-1.09,1882.872131347656,0.0002496024675505,0.0,1,-1.53,1882.8726196289065,0.0002236697436491,0.0,1,10
ZINC000000029901,-0.35,1882.8713684082031,0.0002901223486464,0.0,1,-0.48,1882.8707275390625,0.0003241590487669,0.0,1,-0.56,1882.8702697753904,0.0003484709774244,0.0,1,-0.8,1882.871612548828,0.0002771559866957,0.0,1,-0.82,1882.871612548828,0.0002771559866957,0.0,1,-0.85,1882.871154785156,0.0003014679153532,0.0,1,-1.02,1882.8712158203125,0.0002982263248655,0.0,1,-1.14,1882.8706665039065,0.0003274006392546,0.0,1,-1.77,1882.8723754882808,0.0002366361055998,0.0,1,-2.08,1882.8719177246087,0.0002609480342573,0.0,1,10
ZINC000000029930,-0.66,1882.8743896484373,0.0001296636195067,0.0,1,-0.8,1882.8748168945312,0.000106972486093,0.0,1,-0.87,1882.8748474121087,0.0001053516908492,0.0,1,-1.07,1882.8755493164065,6.807340024105763e-05,0.0,1,-1.11,1882.8755493164065,6.807340024105763e-05,0.0,1,-1.15,1882.8768310546875,0.0,0.0,1,-1.2,1882.8759765625,4.538226682737176e-05,0.0,1,-1.21,1882.8758850097656,5.024465255887588e-05,0.0,1,-1.25,1882.876007080078,4.376147158353705e-05,0.0,1,-1.26,1882.8763427734373,2.593272390135529e-05,0.0,1,10
ZINC000000029970,0.15,1882.8751525878904,8.91437384109088e-05,0.0,1,0.02,1882.8768310546875,0.0,0.0,1,0.0,1882.8752136230469,8.59021479232394e-05,0.0,1,-0.19,1882.87631225586,2.755351914519e-05,0.0,1,-0.27,1882.8753662109373,7.779817170406587e-05,0.0,1,-0.4,1882.8768310546875,0.0,0.0,1,-0.53,1882.8768310546875,0.0,0.0,1,-0.65,1882.8755798339844,6.645260499722293e-05,0.0,1,-0.66,1882.8748474121087,0.0001053516908492,0.0,1,-0.67,1882.8752136230469,8.59021479232394e-05,0.0,1,10
ZINC000000029971,-0.09,1882.8731994628904,0.0001928746340163,0.0,1,-0.14,1882.876220703125,3.241590487669411e-05,0.0,1,-0.29,1882.8733520507808,0.0001847706577971,0.0,1,-0.29,1882.8747253417969,0.0001118348718245,0.0,1,-0.36,1882.8754272460933,7.455658121639646e-05,0.0,1,-0.52,1882.87435913086,0.0001312844147506,0.0,1,-0.6,1882.8760986328125,3.8899085852032936e-05,0.0,1,-1.05,1882.8746643066409,0.0001150764623122,0.0,1,-1.31,1882.8744506835933,0.0001264220290191,0.0,1,-1.49,1882.8742370605469,0.0001377675957259,0.0,1,10
ZINC000000030051,-0.47,1882.8766174316409,1.134556670684294e-05,0.0,1,-0.53,1882.87631225586,2.755351914519e-05,0.0,1,-0.64,1882.8768310546875,0.0,0.0,1,-0.66,1882.8768310546875,0.0,0.0,1,-0.75,1882.8768310546875,0.0,0.0,1,-0.86,1882.8768310546875,0.0,0.0,1,-1.3,1882.8768310546875,0.0,0.0,1,-1.83,1882.8767700195312,3.241590487669412e-06,0.0,1,-2.02,1882.8768310546875,0.0,0.0,1,-2.72,1882.876373291016,2.4311928657520587e-05,0.0,1,10
ZINC000000030054,-0.05,1882.8702087402344,0.0003517125679121,0.0,1,-0.1,1882.8687133789065,0.00043113153486,0.0,1,-0.26,1882.87060546875,0.0003306422297422,0.0,1,-0.32,1882.8729248046875,0.0002074617912108,0.0,1,-0.43,1882.870147705078,0.0003549541583998,0.0,1,-0.51,1882.872100830078,0.0002512232627943,0.0,1,-0.57,1882.87158203125,0.0002787767819395,0.0,1,-0.74,1882.8722839355469,0.0002414984913313,0.0,1,-0.86,1882.8715209960933,0.0002820183724272,0.0,1,-1000.0,471.744140625,0.0,0.0,0,9
ZINC000000030060,-0.31,1882.870849609375,0.0003176758677916,0.0,1,-0.48,1882.8728942871087,0.0002090825864546,0.0,1,-0.64,1882.8737182617188,0.0001653211148711,0.0,1,-0.72,1882.872009277344,0.0002560856485258,0.0,1,-0.97,1882.87338256836,0.0001831498625533,0.0,1,-0.97,1882.872985839844,0.0002042202007231,0.0,1,-1.03,1882.8732299804688,0.0001912538387724,0.0,1,-1.17,1882.8717041015625,0.0002722936009642,0.0,1,-2.09,1882.8737487792969,0.0001637003196273,0.0,1,-2.33,1882.8731994628904,0.0001928746340163,0.0,1,10
ZINC000000030061,-0.0,1882.8739013671875,0.0001555963434081,0.0,1,-0.15,1882.8722534179688,0.0002431192865752,0.0,1,-0.29,1882.8713989257808,0.0002885015534025,0.0,1,-0.31,1882.8723754882808,0.0002366361055998,0.0,1,-0.66,1882.872131347656,0.0002496024675505,0.0,1,-0.69,1882.8715209960933,0.0002820183724272,0.0,1,-0.77,1882.8741455078125,0.0001426299814574,0.0,1,-0.8,1882.8717041015625,0.0002722936009642,0.0,1,-1.3,1882.8705444335933,0.0003338838202299,0.0,1,-1.52,1882.8687133789065,0.00043113153486,0.0,1,10
ZINC000000030081,0.18,1882.8716735839844,0.000273914396208,0.0,1,0.14,1882.872314453125,0.0002398776960875,0.0,1,0.12,1882.8719787597656,0.0002577064437697,0.0,1,0.11,1882.86947631836,0.0003906116537641,0.0,1,0.1,1882.873077392578,0.0001993578149916,0.0,1,0.06,1882.8701171875,0.0003565749536436,0.0,1,-0.05,1882.871032714844,0.0003079510963285,0.0,1,-0.09,1882.8708190917969,0.0003192966630354,0.0,1,-0.11,1882.87240600586,0.000235015310356,0.0,1,-1.54,1882.870147705078,0.0003549541583998,0.0,1,10
ZINC000000030104,0.05,1882.874267578125,0.0001361468004821,0.0,1,-0.24,1882.8732299804688,0.0001912538387724,0.0,1,-0.9,1882.873962402344,0.0001523547529204,0.0,1,-1.29,1882.8728637695312,0.0002107033816985,0.0,1,-1.37,1882.8727111816409,0.0002188073579176,0.0,1,-1.48,1882.8750915527344,9.238532889857822e-05,0.0,1,-1.59,1882.874938964844,0.0001004893051177,0.0,1,-1.69,1882.874542236328,0.0001215596432876,0.0,1,-1.71,1882.8742980957031,0.0001345260052382,0.0,1,-2.4,1882.8729553222656,0.000205840995967,0.0,1,10
ZINC000000030117,-0.09,1882.87240600586,0.000235015310356,0.0,1,-0.32,1882.875,9.724771463008236e-05,0.0,1,-0.67,1882.873046875,0.0002009786102355,0.0,1,-0.69,1882.8731689453125,0.0001944954292601,0.0,1,-0.8,1882.8746032714844,0.0001183180527999,0.0,1,-0.84,1882.8722229003904,0.000244740081819,0.0,1,-0.86,1882.8729248046875,0.0002074617912108,0.0,1,-1.1,1882.8717956542969,0.0002674312152327,0.0,1,-1.65,1882.8736572265625,0.0001685627053588,0.0,1,-1.67,1882.8742370605469,0.0001377675957259,0.0,1,10
ZINC000000030129,-0.8,1882.8719177246087,0.0002609480342573,0.0,1,-0.9,1882.873809814453,0.0001604587291396,0.0,1,-0.94,1882.873107910156,0.0001977370197478,0.0,1,-0.94,1882.872802734375,0.0002139449721861,0.0,1,-1.02,1882.8727111816409,0.0002188073579176,0.0,1,-1.04,1882.872528076172,0.0002285321293806,0.0,1,-1.14,1882.8722534179688,0.0002431192865752,0.0,1,-1.42,1882.8734741210933,0.0001782874768218,0.0,1,-1.48,1882.8718872070312,0.0002625688295012,0.0,1,-3.04,1882.87240600586,0.000235015310356,0.0,1,10
ZINC000000030230,-0.05,1882.8716430664065,0.0002755351914518,0.0,1,-0.07,1882.8709106445312,0.0003144342773039,0.0,1,-0.11,1882.8709716796875,0.0003111926868162,0.0,1,-0.85,1882.8703002929688,0.0003468501821806,0.0,1,-1.3,1882.869384765625,0.0003954740394956,0.0,1,-1.55,1882.872314453125,0.0002398776960875,0.0,1,-1.64,1882.87353515625,0.0001750458863341,0.0,1,-1.72,1882.8717041015625,0.0002722936009642,0.0,1,-1.84,1882.8718872070312,0.0002625688295012,0.0,1,-2.04,1882.8720703125,0.0002528440580382,0.0,1,10
ZINC000000030234,-0.05,1882.8726806640625,0.0002204281531615,0.0,1,-0.13,1882.873107910156,0.0001977370197478,0.0,1,-0.22,1882.8736267089844,0.0001701835006026,0.0,1,-0.89,1882.876373291016,2.4311928657520587e-05,0.0,1,-0.92,1882.8720703125,0.0002528440580382,0.0,1,-1.1,1882.874481201172,0.0001248012337752,0.0,1,-2.38,1882.8731384277344,0.0001961162245039,0.0,1,-2.44,1882.872100830078,0.0002512232627943,0.0,1,-2.53,1882.8728942871087,0.0002090825864546,0.0,1,-5.23,1882.8741149902344,0.0001442507767012,0.0,1,10
ZINC000000030242,-0.13,1882.8712158203125,0.0002982263248655,0.0,1,-0.15,1882.871032714844,0.0003079510963285,0.0,1,-0.18,1882.873962402344,0.0001523547529204,0.0,1,-0.18,1882.8684692382808,0.0004440978968107,0.0,1,-0.58,1882.8676147460933,0.000489480163638,0.0,1,-0.88,1882.8674926757808,0.0004959633446134,0.0,1,-0.89,1882.8694458007808,0.0003922324490079,0.0,1,-1.78,1882.8692626953125,0.000401957220471,0.0,1,-2.36,1882.870361328125,0.0003436085916929,0.0,1,-3.87,1882.8698120117188,0.0003727829060819,0.0,1,10
ZINC000000030277,-0.36,1882.875061035156,9.400612414241292e-05,0.0,1,-0.85,1882.8768310546875,0.0,0.0,1,-0.89,1882.8754272460933,7.455658121639646e-05,0.0,1,-1.11,1882.8741455078125,0.0001426299814574,0.0,1,-1.12,1882.8743286132808,0.0001329052099944,0.0,1,-1.12,1882.87451171875,0.0001231804385314,0.0,1,-1.18,1882.874755859375,0.0001102140765807,0.0,1,-1.18,1882.8754272460933,7.455658121639646e-05,0.0,1,-1.21,1882.8768310546875,0.0,0.0,1,-5.45,471.744140625,0.0,0.0,1,10
ZINC000000030292,0.04,1882.867584228516,0.0004911009588819,0.0,1,0.03,1882.867126464844,0.0005154128875394,0.0,1,0.03,1882.8678894042969,0.0004748930064435,0.0,1,0.02,1882.86752319336,0.0004943425493695,0.0,1,0.01,1882.8665771484373,0.0005445872019284,0.0,1,-0.03,1882.866943359375,0.0005251376590024,0.0,1,-0.13,1882.868896484375,0.000421406763397,0.0,1,-0.17,1882.8690185546875,0.0004149235824216,0.0,1,-0.34,1882.867431640625,0.000499204935101,0.0,1,-2.27,1882.867126464844,0.0005154128875394,0.0,1,10
ZINC000000030304,-0.24,1882.8697814941409,0.0003744037013258,0.0,1,-0.25,1882.8693237304688,0.0003987156299833,0.0,1,-0.29,1882.86947631836,0.0003906116537641,0.0,1,-0.59,1882.869140625,0.0004084404014463,0.0,1,-0.68,1882.870574951172,0.0003322630249861,0.0,1,-0.75,1882.8720703125,0.0002528440580382,0.0,1,-0.93,1882.8709716796875,0.0003111926868162,0.0,1,-1.44,1882.8713073730469,0.000293363939134,0.0,1,-1.82,1882.867919921875,0.0004732722111997,0.0,1,-5.39,1882.802001953125,0.0039741899378826,0.0,1,10
ZINC000000030331,-0.02,1882.8735961914065,0.0001718042958464,0.0,1,-0.52,1882.873443603516,0.0001799082720656,0.0,1,-0.53,1882.8741760253904,0.0001410091862136,0.0,1,-0.6,1882.872009277344,0.0002560856485258,0.0,1,-0.67,1882.8746337890625,0.000116697257556,0.0,1,-0.95,1882.8741455078125,0.0001426299814574,0.0,1,-1.18,1882.8759765625,4.538226682737176e-05,0.0,1,-1.28,1882.8739013671875,0.0001555963434081,0.0,1,-1.85,1882.8767700195312,3.241590487669412e-06,0.0,1,-2.87,1882.8733520507808,0.0001847706577971,0.0,1,10
ZINC000000030386,-0.07,1882.8690185546875,0.0004149235824216,0.0,1,-0.15,1882.8693237304688,0.0003987156299833,0.0,1,-0.15,1882.8671875,0.0005121712970517,0.0,1,-0.26,1882.8689575195312,0.0004181651729093,0.0,1,-0.34,1882.8682861328125,0.0004538226682737,0.0,1,-0.41,1882.8677368164065,0.0004829969826627,0.0,1,-0.51,1882.869140625,0.0004084404014463,0.0,1,-0.52,1882.869873046875,0.0003695413155943,0.0,1,-0.63,1882.8685913085933,0.0004376147158353,0.0,1,-3.25,1882.868621826172,0.0004359939205915,0.0,1,10
ZINC000000030410,-0.41,1882.8696899414065,0.0003792660870573,0.0,1,-0.44,1882.8723754882808,0.0002366361055998,0.0,1,-0.5,1882.8704223632808,0.0003403670012052,0.0,1,-0.51,1882.8713073730469,0.000293363939134,0.0,1,-0.61,1882.8712158203125,0.0002982263248655,0.0,1,-0.76,1882.871856689453,0.000264189624745,0.0,1,-1.36,1882.8731689453125,0.0001944954292601,0.0,1,-1.43,1882.872985839844,0.0002042202007231,0.0,1,-1.57,1882.8732299804688,0.0001912538387724,0.0,1,-1000.0,471.744140625,0.0,0.0,0,9
ZINC000000030426,0.72,1882.874053955078,0.0001474923671889,0.0,1,-0.15,1882.8741455078125,0.0001426299814574,0.0,1,-0.16,1882.8731994628904,0.0001928746340163,0.0,1,-0.16,1882.8741455078125,0.0001426299814574,0.0,1,-0.16,1882.874420166016,0.0001280428242629,0.0,1,-0.32,1882.8755798339844,6.645260499722293e-05,0.0,1,-0.34,1882.874053955078,0.0001474923671889,0.0,1,-0.6,1882.872467041016,0.0002317737198683,0.0,1,-0.92,1882.873046875,0.0002009786102355,0.0,1,-1.85,1882.872589111328,0.000225290538893,0.0,1,10
ZINC000000030430,-0.76,1882.8665161132808,0.0005478287924161,0.0,1,-1.11,1882.8657836914065,0.0005867278782681,0.0,1,-1.11,1882.8663330078125,0.0005575535638791,0.0,1,-1.18,1882.8660278320312,0.0005737615163174,0.0,1,-1.29,1882.864990234375,0.0006288685546078,0.0,1,-1.34,1882.867126464844,0.0005154128875394,0.0,1,-1.39,1882.8671875,0.0005121712970517,0.0,1,-1.4,1882.8674621582031,0.0004975841398572,0.0,1,-2.68,1882.8679809570312,0.000470030620712,0.0,1,-3.35,1882.866729736328,0.0005364832257092,0.0,1,10
ZINC000000030446,-0.4,1882.8717651367188,0.0002690520104765,0.0,1,-0.83,1882.87353515625,0.0001750458863341,0.0,1,-0.93,1882.8735961914065,0.0001718042958464,0.0,1,-1.2,1882.87142944336,0.0002868807581587,0.0,1,-1.21,1882.872802734375,0.0002139449721861,0.0,1,-1.81,1882.872589111328,0.000225290538893,0.0,1,-2.43,1882.8727416992188,0.0002171865626738,0.0,1,-2.62,1882.8720703125,0.0002528440580382,0.0,1,-2.71,1882.8738403320312,0.0001588379338958,0.0,1,-3.15,1882.8720397949216,0.000254464853282,0.0,1,10
ZINC000000030497,-0.04,1882.8743896484373,0.0001296636195067,0.0,1,-0.3,1882.8734741210933,0.0001782874768218,0.0,1,-0.38,1882.8733520507808,0.0001847706577971,0.0,1,-0.39,1882.873291015625,0.0001880122482848,0.0,1,-0.55,1882.8744506835933,0.0001264220290191,0.0,1,-0.56,1882.8754272460933,7.455658121639646e-05,0.0,1,-0.88,1882.8760986328125,3.8899085852032936e-05,0.0,1,-1.04,1882.8763427734373,2.593272390135529e-05,0.0,1,-1.39,1882.874755859375,0.0001102140765807,0.0,1,-3.91,1882.8751220703125,9.076453365474352e-05,0.0,1,10
ZINC000000030516,-0.03,1882.8720397949216,0.000254464853282,0.0,1,-0.09,1882.8710632324216,0.0003063303010847,0.0,1,-0.1,1882.8726196289065,0.0002236697436491,0.0,1,-0.14,1882.872131347656,0.0002496024675505,0.0,1,-0.22,1882.871490478516,0.000283639167671,0.0,1,-0.25,1882.871337890625,0.0002917431438902,0.0,1,-0.34,1882.8723754882808,0.0002366361055998,0.0,1,-0.5,1882.8716735839844,0.000273914396208,0.0,1,-0.53,1882.87142944336,0.0002868807581587,0.0,1,-1.41,1882.8712768554688,0.0002949847343779,0.0,1,10
ZINC000000030654,-0.32,1882.8713073730469,0.000293363939134,0.0,1,-0.53,1882.8730163574216,0.0002025994054793,0.0,1,-0.54,1882.8747253417969,0.0001118348718245,0.0,1,-0.56,1882.8735961914065,0.0001718042958464,0.0,1,-0.64,1882.8739929199216,0.0001507339576766,0.0,1,-0.75,1882.8731384277344,0.0001961162245039,0.0,1,-0.76,1882.8746032714844,0.0001183180527999,0.0,1,-1.02,1882.8720703125,0.0002528440580382,0.0,1,-1.03,1882.8733520507808,0.0001847706577971,0.0,1,-3.29,1882.8704223632808,0.0003403670012052,0.0,1,10
ZINC000000030661,-0.39,1882.871032714844,0.0003079510963285,0.0,1,-0.48,1882.8716430664065,0.0002755351914518,0.0,1,-0.53,1882.8717651367188,0.0002690520104765,0.0,1,-0.58,1882.870574951172,0.0003322630249861,0.0,1,-0.75,1882.8726196289065,0.0002236697436491,0.0,1,-0.78,1882.8702392578125,0.0003500917726682,0.0,1,-0.83,1882.870056152344,0.0003598165441313,0.0,1,-0.91,1882.8693237304688,0.0003987156299833,0.0,1,-0.96,1882.873107910156,0.0001977370197478,0.0,1,-4.11,1882.8709106445312,0.0003144342773039,0.0,1,10
ZINC000000030664,0.01,1882.8713073730469,0.000293363939134,0.0,1,-0.12,1882.87240600586,0.000235015310356,0.0,1,-0.13,1882.872528076172,0.0002285321293806,0.0,1,-0.36,1882.8702697753904,0.0003484709774244,0.0,1,-0.57,1882.8707885742188,0.0003209174582792,0.0,1,-0.62,1882.8717346191409,0.0002706728057203,0.0,1,-0.65,1882.872131347656,0.0002496024675505,0.0,1,-0.87,1882.8720397949216,0.000254464853282,0.0,1,-0.95,1882.8714599609373,0.0002852599629149,0.0,1,-3.54,1882.8729248046875,0.0002074617912108,0.0,1,10
ZINC000000030755,0.35,1882.8717651367188,0.0002690520104765,0.0,1,0.16,1882.8704833984373,0.0003371254107176,0.0,1,-0.24,1882.8705444335933,0.0003338838202299,0.0,1,-0.57,1882.8712463378904,0.0002966055296217,0.0,1,-0.65,1882.8727416992188,0.0002171865626738,0.0,1,-0.74,1882.87045288086,0.0003387462059614,0.0,1,-1.67,1882.871490478516,0.000283639167671,0.0,1,-3.22,1882.8730163574216,0.0002025994054793,0.0,1,-3.81,1882.8687438964844,0.0004295107396161,0.0,1,-1000.0,471.744140625,0.0,0.0,0,9
ZINC000000030756,-0.33,1882.868621826172,0.0004359939205915,0.0,1,-0.57,1882.866943359375,0.0005251376590024,0.0,1,-0.88,1882.8668823242188,0.0005283792494901,0.0,1,-1.07,1882.8692321777344,0.0004035780157148,0.0,1,-1.24,1882.8697509765625,0.0003760244965696,0.0,1,-1.25,1882.867218017578,0.0005105505018079,0.0,1,-1.27,1882.8670043945312,0.0005218960685147,0.0,1,-2.69,1882.866668701172,0.0005397248161969,0.0,1,-2.9,1882.8663940429688,0.0005543119733914,0.0,1,-4.99,1882.8687133789065,0.00043113153486,0.0,1,10
ZINC000000030789,-0.34,1882.8720703125,0.0002528440580382,0.0,1,-0.48,1882.8718872070312,0.0002625688295012,0.0,1,-0.48,1882.8713684082031,0.0002901223486464,0.0,1,-0.53,1882.871856689453,0.000264189624745,0.0,1,-0.58,1882.8715209960933,0.0002820183724272,0.0,1,-0.9,1882.872528076172,0.0002285321293806,0.0,1,-1.02,1882.8724975585933,0.0002301529246245,0.0,1,-1.35,1882.8726196289065,0.0002236697436491,0.0,1,-1.64,1882.872528076172,0.0002285321293806,0.0,1,-3.56,1882.871337890625,0.0002917431438902,0.0,1,10
ZINC000000031187,-0.07,1882.8695068359373,0.0003889908585203,0.0,1,-0.11,1882.8688354492188,0.0004246483538846,0.0,1,-0.14,1882.869201660156,0.0004051988109586,0.0,1,-0.17,1882.8691101074216,0.0004100611966901,0.0,1,-0.21,1882.871124267578,0.000303088710597,0.0,1,-1.05,1882.870178222656,0.0003533333631559,0.0,1,-1.21,1882.8697204589844,0.0003776452918134,0.0,1,-1.55,1882.8688354492188,0.0004246483538846,0.0,1,-2.05,1882.869140625,0.0004084404014463,0.0,1,-3.07,1882.8705444335933,0.0003338838202299,0.0,1,10
ZINC000000031342,-0.01,1882.8637084960933,0.0006969419548489,0.0,1,-0.82,1882.8650512695312,0.0006256269641201,0.0,1,-0.87,1882.8663330078125,0.0005575535638791,0.0,1,-0.99,1882.8655395507808,0.0005996942402188,0.0,1,-1.0,1882.86474609375,0.0006418349165585,0.0,1,-1.27,1882.8651123046875,0.0006223853736325,0.0,1,-1.67,1882.8666381835933,0.0005413456114407,0.0,1,-2.17,1882.8660278320312,0.0005737615163174,0.0,1,-2.86,1882.8634033203125,0.0007131499072872,0.0,1,-3.33,1882.8663330078125,0.0005575535638791,0.0,1,10
ZINC000000031356,-0.27,1882.8768310546875,0.0,0.0,1,-0.41,1882.8768310546875,0.0,0.0,1,-0.44,1882.8768310546875,0.0,0.0,1,-0.76,1882.8768310546875,0.0,0.0,1,-0.9,1882.8768310546875,0.0,0.0,1,-1.74,1882.8768310546875,0.0,0.0,1,-1.84,1882.8768310546875,0.0,0.0,1,-1.89,1882.8768310546875,0.0,0.0,1,-2.46,1882.8768310546875,0.0,0.0,1,-4.08,1882.8768310546875,0.0,0.0,1,10
ZINC000000031415,-0.33,1882.8744506835933,0.0001264220290191,0.0,1,-0.37,1882.8753051757808,8.103976219173528e-05,0.0,1,-0.43,1882.8729248046875,0.0002074617912108,0.0,1,-0.46,1882.8749694824216,9.886850987391704e-05,0.0,1,-0.48,1882.8735961914065,0.0001718042958464,0.0,1,-0.48,1882.8743896484373,0.0001296636195067,0.0,1,-0.54,1882.8742065429688,0.0001393883909697,0.0,1,-0.55,1882.87533569336,7.941896694790058e-05,0.0,1,-0.64,1882.8743286132808,0.0001329052099944,0.0,1,-5.19,1882.8719482421875,0.0002593272390135,0.0,1,10
ZINC000000031423,-0.98,1882.8729553222656,0.000205840995967,0.0,1,-1.23,1882.874053955078,0.0001474923671889,0.0,1,-1.49,1882.8712463378904,0.0002966055296217,0.0,1,-1.58,1882.872833251953,0.0002123241769423,0.0,1,-1.59,1882.872833251953,0.0002123241769423,0.0,1,-1.67,1882.8741455078125,0.0001426299814574,0.0,1,-2.01,1882.8722534179688,0.0002431192865752,0.0,1,-2.09,1882.8716430664065,0.0002755351914518,0.0,1,-2.14,1882.8732299804688,0.0001912538387724,0.0,1,-2.93,1882.8726196289065,0.0002236697436491,0.0,1,10
ZINC000000031430,-0.47,1882.8713989257808,0.0002885015534025,0.0,1,-0.5,1882.8717041015625,0.0002722936009642,0.0,1,-0.52,1882.8712158203125,0.0002982263248655,0.0,1,-0.55,1882.8756713867188,6.15902192657188e-05,0.0,1,-0.56,1882.8712158203125,0.0002982263248655,0.0,1,-0.57,1882.8721923828125,0.0002463608770628,0.0,1,-0.79,1882.8761596679688,3.565749536436352e-05,0.0,1,-1.32,1882.874267578125,0.0001361468004821,0.0,1,-1.46,1882.87158203125,0.0002787767819395,0.0,1,-1.68,1882.8712768554688,0.0002949847343779,0.0,1,10
ZINC000000031440,-1.03,1882.8768310546875,0.0,0.0,1,-1.47,1882.8768310546875,0.0,0.0,1,-1.49,1882.8768310546875,0.0,0.0,1,-1.74,1882.8765258789065,1.6207952438347055e-05,0.0,1,-1.8,1882.8762817382808,2.91743143890247e-05,0.0,1,-2.48,1882.8758239746087,5.348624304654528e-05,0.0,1,-2.56,1882.8766479492188,9.724771463008234e-06,0.0,1,-2.6,1882.8768310546875,0.0,0.0,1,-3.24,1882.8768310546875,0.0,0.0,1,-4.99,1882.8768310546875,0.0,0.0,1,10
ZINC000000031482,0.04,1882.8718872070312,0.0002625688295012,0.0,1,-0.47,1882.87142944336,0.0002868807581587,0.0,1,-0.55,1882.873504638672,0.0001766666815779,0.0,1,-0.62,1882.8722229003904,0.000244740081819,0.0,1,-1.01,1882.8736572265625,0.0001685627053588,0.0,1,-1.13,1882.8726501464844,0.0002220489484053,0.0,1,-1.21,1882.8726196289065,0.0002236697436491,0.0,1,-2.56,1882.8719787597656,0.0002577064437697,0.0,1,-2.65,1882.874084472656,0.0001458715719451,0.0,1,-2.99,1882.8696899414065,0.0003792660870573,0.0,1,10
ZINC000000031493,-0.39,1882.871826171875,0.0002658104199888,0.0,1,-0.39,1882.8707885742188,0.0003209174582792,0.0,1,-0.44,1882.8709106445312,0.0003144342773039,0.0,1,-0.57,1882.8712768554688,0.0002949847343779,0.0,1,-0.64,1882.872009277344,0.0002560856485258,0.0,1,-1.21,1882.872314453125,0.0002398776960875,0.0,1,-1.26,1882.8707275390625,0.0003241590487669,0.0,1,-1.69,1882.8710632324216,0.0003063303010847,0.0,1,-2.12,1882.8707580566409,0.0003225382535231,0.0,1,-3.31,1882.8726806640625,0.0002204281531615,0.0,1,10
ZINC000000031618,-0.24,1882.8722839355469,0.0002414984913313,0.0,1,-0.32,1882.8731384277344,0.0001961162245039,0.0,1,-0.4,1882.8719482421875,0.0002593272390135,0.0,1,-0.45,1882.8737487792969,0.0001637003196273,0.0,1,-0.46,1882.8724365234373,0.0002333945151121,0.0,1,-0.46,1882.8727722167969,0.00021556576743,0.0,1,-0.52,1882.8727722167969,0.00021556576743,0.0,1,-0.62,1882.8747253417969,0.0001118348718245,0.0,1,-1.06,1882.8736572265625,0.0001685627053588,0.0,1,-1.25,1882.8745727539065,0.0001199388480437,0.0,1,10
ZINC000000031670,-0.61,1882.8757934570312,5.510703829037999e-05,0.0,1,-0.66,1882.875244140625,8.42813526794047e-05,0.0,1,-0.7,1882.875915527344,4.8623857315041175e-05,0.0,1,-0.82,1882.87646484375,1.9449542926016468e-05,0.0,1,-0.87,1882.8754272460933,7.455658121639646e-05,0.0,1,-0.93,1882.8761596679688,3.565749536436352e-05,0.0,1,-0.97,1882.87548828125,7.131499072872705e-05,0.0,1,-1.21,1882.8755798339844,6.645260499722293e-05,0.0,1,-1.35,1882.87451171875,0.0001231804385314,0.0,1,-1.95,1882.8768310546875,0.0,0.0,1,10
ZINC000000031695,-0.46,1882.8703002929688,0.0003468501821806,0.0,1,-0.64,1882.870361328125,0.0003436085916929,0.0,1,-0.77,1882.86865234375,0.0004343731253477,0.0,1,-0.77,1882.8688354492188,0.0004246483538846,0.0,1,-0.77,1882.870361328125,0.0003436085916929,0.0,1,-0.83,1882.870178222656,0.0003533333631559,0.0,1,-0.88,1882.870849609375,0.0003176758677916,0.0,1,-0.94,1882.8698120117188,0.0003727829060819,0.0,1,-1.26,1882.871032714844,0.0003079510963285,0.0,1,-1000.0,471.744140625,0.0,0.0,0,9
ZINC000000031717,-0.03,1882.8768310546875,0.0,0.0,1,-0.42,1882.8768310546875,0.0,0.0,1,-0.46,1882.8768310546875,0.0,0.0,1,-0.99,1882.8768310546875,0.0,0.0,1,-1.7,1882.8768310546875,0.0,0.0,1,-1.92,1882.8768310546875,0.0,0.0,1,-2.02,1882.8768310546875,0.0,0.0,1,-2.07,1882.8768310546875,0.0,0.0,1,-2.13,1882.8768310546875,0.0,0.0,1,-2.49,1882.8768310546875,0.0,0.0,1,10
ZINC000000031734,-0.46,1882.873962402344,0.0001523547529204,0.0,1,-0.47,1882.8742980957031,0.0001345260052382,0.0,1,-0.48,1882.8733215332031,0.0001863914530409,0.0,1,-0.48,1882.8736267089844,0.0001701835006026,0.0,1,-0.51,1882.8746337890625,0.000116697257556,0.0,1,-0.51,1882.8738708496087,0.0001572171386519,0.0,1,-0.63,1882.873962402344,0.0001523547529204,0.0,1,-0.72,1882.8750915527344,9.238532889857822e-05,0.0,1,-0.73,1882.8734741210933,0.0001782874768218,0.0,1,-0.79,1882.875244140625,8.42813526794047e-05,0.0,1,10
ZINC000000031870,0.0,1882.8748779296875,0.0001037308956054,0.0,1,-0.1,1882.8741149902344,0.0001442507767012,0.0,1,-0.72,1882.8739013671875,0.0001555963434081,0.0,1,-0.76,1882.8741760253904,0.0001410091862136,0.0,1,-0.9,1882.873962402344,0.0001523547529204,0.0,1,-0.94,1882.8735961914065,0.0001718042958464,0.0,1,-1.26,1882.8731994628904,0.0001928746340163,0.0,1,-2.31,1882.8742370605469,0.0001377675957259,0.0,1,-2.55,1882.8712158203125,0.0002982263248655,0.0,1,-2.66,1882.8726806640625,0.0002204281531615,0.0,1,10
ZINC000000032020,-0.33,1882.8768310546875,0.0,0.0,1,-0.62,1882.8768310546875,0.0,0.0,1,-0.72,1882.8768310546875,0.0,0.0,1,-0.73,1882.8765563964844,1.458715719451235e-05,0.0,1,-0.8,1882.8768310546875,0.0,0.0,1,-0.85,1882.8768310546875,0.0,0.0,1,-0.89,1882.8768310546875,0.0,0.0,1,-0.99,1882.8767700195312,3.241590487669412e-06,0.0,1,-1.3,1882.8763427734373,2.593272390135529e-05,0.0,1,-2.74,1882.875457763672,7.293578597256175e-05,0.0,1,10
ZINC000000032094,-0.51,1882.870178222656,0.0003533333631559,0.0,1,-0.52,1882.869384765625,0.0003954740394956,0.0,1,-0.93,1882.8697509765625,0.0003760244965696,0.0,1,-0.95,1882.8682861328125,0.0004538226682737,0.0,1,-1.18,1882.8681640625,0.000460305849249,0.0,1,-1.18,1882.86767578125,0.0004862385731504,0.0,1,-1.47,1882.86962890625,0.0003825076775449,0.0,1,-1.49,1882.8697509765625,0.0003760244965696,0.0,1,-1.72,1882.8677368164065,0.0004829969826627,0.0,1,-1.76,1882.86865234375,0.0004343731253477,0.0,1,10
ZINC000000032096,-0.13,1882.8768310546875,0.0,0.0,1,-0.29,1882.8768310546875,0.0,0.0,1,-0.32,1882.8768310546875,0.0,0.0,1,-0.34,1882.8768310546875,0.0,0.0,1,-0.38,1882.8768310546875,0.0,0.0,1,-0.39,1882.8768310546875,0.0,0.0,1,-0.41,1882.8768310546875,0.0,0.0,1,-1.21,1882.8768310546875,0.0,0.0,1,-1.23,1882.8768310546875,0.0,0.0,1,-2.21,1882.8768310546875,0.0,0.0,1,10
ZINC000000032123,-0.1,1882.872985839844,0.0002042202007231,0.0,1,-0.5,1882.8738403320312,0.0001588379338958,0.0,1,-0.53,1882.875061035156,9.400612414241292e-05,0.0,1,-0.58,1882.8733520507808,0.0001847706577971,0.0,1,-0.63,1882.8751220703125,9.076453365474352e-05,0.0,1,-0.64,1882.873046875,0.0002009786102355,0.0,1,-0.79,1882.8724365234373,0.0002333945151121,0.0,1,-0.91,1882.8721923828125,0.0002463608770628,0.0,1,-0.96,1882.8727416992188,0.0002171865626738,0.0,1,-1000.0,471.744140625,0.0,0.0,0,9
ZINC000000032149,-0.09,1882.8768310546875,0.0,0.0,1,-0.18,1882.8762512207031,3.07951096328594e-05,0.0,1,-0.21,1882.8768310546875,0.0,0.0,1,-0.34,1882.8768310546875,0.0,0.0,1,-0.34,1882.8764038085933,2.269113341368588e-05,0.0,1,-0.59,1882.8751220703125,9.076453365474352e-05,0.0,1,-0.96,1882.8768310546875,0.0,0.0,1,-1.07,1882.8768310546875,0.0,0.0,1,-1.11,1882.8768310546875,0.0,0.0,1,-1.54,1882.87533569336,7.941896694790058e-05,0.0,1,10
ZINC000000032169,0.11,1882.86669921875,0.0005381040209531,0.0,1,-0.03,1882.8667602539065,0.0005348624304654,0.0,1,-0.35,1882.8674621582031,0.0004975841398572,0.0,1,-0.51,1882.867126464844,0.0005154128875394,0.0,1,-0.79,1882.8675537109373,0.0004927217541257,0.0,1,-0.8,1882.8667602539065,0.0005348624304654,0.0,1,-1.11,1882.865753173828,0.0005883486735119,0.0,1,-1.69,1882.8675537109373,0.0004927217541257,0.0,1,-1.92,1882.868408203125,0.0004473394872983,0.0,1,-2.36,1882.8677978515625,0.000479755392175,0.0,1,10
ZINC000000032235,-1.2,1882.8756713867188,6.15902192657188e-05,0.0,1,-1.23,1882.8754272460933,7.455658121639646e-05,0.0,1,-1.32,1882.8753662109373,7.779817170406587e-05,0.0,1,-1.35,1882.8759765625,4.538226682737176e-05,0.0,1,-1.4,1882.875244140625,8.42813526794047e-05,0.0,1,-1.48,1882.8758544921875,5.186544780271058e-05,0.0,1,-1.67,1882.8751220703125,9.076453365474352e-05,0.0,1,-2.07,1882.8733520507808,0.0001847706577971,0.0,1,-2.33,1882.8734741210933,0.0001782874768218,0.0,1,-2.34,1882.8760986328125,3.8899085852032936e-05,0.0,1,10
ZINC000000032297,-0.51,1882.873107910156,0.0001977370197478,0.0,1,-1.02,1882.875,9.724771463008236e-05,0.0,1,-1.49,1882.874542236328,0.0001215596432876,0.0,1,-1.74,1882.8748168945312,0.000106972486093,0.0,1,-1.77,1882.8751525878904,8.91437384109088e-05,0.0,1,-1.97,1882.873046875,0.0002009786102355,0.0,1,-2.26,1882.8746948242188,0.0001134556670684,0.0,1,-2.46,1882.8726806640625,0.0002204281531615,0.0,1,-2.87,1882.87533569336,7.941896694790058e-05,0.0,1,-3.08,1882.8726196289065,0.0002236697436491,0.0,1,10
ZINC000000032378,-0.04,1882.874420166016,0.0001280428242629,0.0,1,-0.35,1882.8752746582031,8.266055743556999e-05,0.0,1,-0.51,1882.873443603516,0.0001799082720656,0.0,1,-0.79,1882.874481201172,0.0001248012337752,0.0,1,-0.79,1882.8749694824216,9.886850987391704e-05,0.0,1,-0.99,1882.8748168945312,0.000106972486093,0.0,1,-1.08,1882.8753051757808,8.103976219173528e-05,0.0,1,-1.09,1882.8743896484373,0.0001296636195067,0.0,1,-1.37,1882.8749084472656,0.0001021101003615,0.0,1,-1.95,1882.8722534179688,0.0002431192865752,0.0,1,10
ZINC000000032434,-0.3,1882.8690490722656,0.0004133027871778,0.0,1,-0.32,1882.8685913085933,0.0004376147158353,0.0,1,-0.35,1882.869171142578,0.0004068196062025,0.0,1,-0.48,1882.8688354492188,0.0004246483538846,0.0,1,-1.15,1882.8700256347656,0.0003614373393751,0.0,1,-1.53,1882.86962890625,0.0003825076775449,0.0,1,-1.65,1882.870574951172,0.0003322630249861,0.0,1,-1.76,1882.869903564453,0.0003679205203504,0.0,1,-1.81,1882.8685302734373,0.000440856306323,0.0,1,-2.23,1882.8703002929688,0.0003468501821806,0.0,1,10
ZINC000000032514,0.18,1882.8738403320312,0.0001588379338958,0.0,1,-0.05,1882.8760681152344,4.051988109586764e-05,0.0,1,-0.23,1882.8746643066409,0.0001150764623122,0.0,1,-0.32,1882.8751220703125,9.076453365474352e-05,0.0,1,-0.4,1882.8748168945312,0.000106972486093,0.0,1,-0.58,1882.8762512207031,3.07951096328594e-05,0.0,1,-0.61,1882.8746337890625,0.000116697257556,0.0,1,-0.62,1882.875762939453,5.672783353421469e-05,0.0,1,-0.86,1882.8752136230469,8.59021479232394e-05,0.0,1,-0.95,1882.8768310546875,0.0,0.0,1,10
ZINC000000032522,-0.13,1882.867248535156,0.000508929706564,0.0,1,-0.37,1882.8657836914065,0.0005867278782681,0.0,1,-0.63,1882.866729736328,0.0005364832257092,0.0,1,-0.72,1882.8664855957031,0.0005494495876599,0.0,1,-1.34,1882.865478515625,0.0006029358307065,0.0,1,-2.07,1882.864654541016,0.00064669730229,0.0,1,-2.14,1882.8651428222656,0.0006207645783886,0.0,1,-2.17,1882.866455078125,0.0005510703829037,0.0,1,-2.28,1882.8658447265625,0.0005834862877804,0.0,1,-5.51,1882.8663024902344,0.0005591743591229,0.0,1,10
ZINC000000032550,-0.46,1882.8699951171875,0.0003630581346189,0.0,1,-0.48,1882.8700866699216,0.0003581957488874,0.0,1,-1.02,1882.8676147460933,0.000489480163638,0.0,1,-1.18,1882.87109375,0.0003047095058409,0.0,1,-1.31,1882.869598388672,0.0003841284727888,0.0,1,-1.32,1882.869140625,0.0004084404014463,0.0,1,-1.35,1882.8692626953125,0.000401957220471,0.0,1,-1.57,1882.87158203125,0.0002787767819395,0.0,1,-1.74,1882.87142944336,0.0002868807581587,0.0,1,-2.09,1882.8684692382808,0.0004440978968107,0.0,1,10
ZINC000000032594,-0.23,1882.8676147460933,0.000489480163638,0.0,1,-0.35,1882.8679809570312,0.000470030620712,0.0,1,-0.67,1882.8674926757808,0.0004959633446134,0.0,1,-0.8,1882.8703002929688,0.0003468501821806,0.0,1,-0.86,1882.8690185546875,0.0004149235824216,0.0,1,-1.0,1882.8685913085933,0.0004376147158353,0.0,1,-1.07,1882.8676147460933,0.000489480163638,0.0,1,-1.11,1882.8671875,0.0005121712970517,0.0,1,-1.15,1882.86572265625,0.0005899694687558,0.0,1,-1.73,1882.8688354492188,0.0004246483538846,0.0,1,10
ZINC000000032615,-0.22,1882.8748168945312,0.000106972486093,0.0,1,-0.32,1882.8723754882808,0.0002366361055998,0.0,1,-0.38,1882.8726806640625,0.0002204281531615,0.0,1,-0.43,1882.8721618652344,0.0002479816723067,0.0,1,-0.44,1882.8720703125,0.0002528440580382,0.0,1,-0.79,1882.8715209960933,0.0002820183724272,0.0,1,-1.18,1882.8737182617188,0.0001653211148711,0.0,1,-1.36,1882.871551513672,0.0002803975771834,0.0,1,-1.41,1882.873046875,0.0002009786102355,0.0,1,-5.29,1882.8722839355469,0.0002414984913313,0.0,1,10
ZINC000000032662,0.26,1882.876037597656,4.214067633970235e-05,0.0,1,0.05,1882.8747253417969,0.0001118348718245,0.0,1,0.01,1882.875061035156,9.400612414241292e-05,0.0,1,-0.08,1882.8758544921875,5.186544780271058e-05,0.0,1,-0.11,1882.8752746582031,8.266055743556999e-05,0.0,1,-0.22,1882.8755493164065,6.807340024105763e-05,0.0,1,-0.22,1882.875030517578,9.562691938624764e-05,0.0,1,-0.3,1882.8752136230469,8.59021479232394e-05,0.0,1,-0.38,1882.8754272460933,7.455658121639646e-05,0.0,1,-0.98,1882.8756408691409,6.321101450955351e-05,0.0,1,10
ZINC000000032725,-0.5,1882.874938964844,0.0001004893051177,0.0,1,-0.56,1882.8748168945312,0.000106972486093,0.0,1,-1.16,1882.8757934570312,5.510703829037999e-05,0.0,1,-1.29,1882.8763427734373,2.593272390135529e-05,0.0,1,-1.46,1882.8734741210933,0.0001782874768218,0.0,1,-1.59,1882.875457763672,7.293578597256175e-05,0.0,1,-1.63,1882.872985839844,0.0002042202007231,0.0,1,-1.92,1882.8750915527344,9.238532889857822e-05,0.0,1,-2.04,1882.8724975585933,0.0002301529246245,0.0,1,-2.06,1882.8742980957031,0.0001345260052382,0.0,1,10
ZINC000000032750,-0.51,1882.8732299804688,0.0001912538387724,0.0,1,-0.56,1882.8743896484373,0.0001296636195067,0.0,1,-0.61,1882.8743896484373,0.0001296636195067,0.0,1,-0.68,1882.8733520507808,0.0001847706577971,0.0,1,-0.68,1882.8753051757808,8.103976219173528e-05,0.0,1,-1.14,1882.8762817382808,2.91743143890247e-05,0.0,1,-1.3,1882.8751831054688,8.75229431670741e-05,0.0,1,-1.33,1882.8743286132808,0.0001329052099944,0.0,1,-1.71,1882.875061035156,9.400612414241292e-05,0.0,1,-2.69,1882.8740234375,0.0001491131624327,0.0,1,10
ZINC000000032789,0.32,1882.872131347656,0.0002496024675505,0.0,1,0.29,1882.8719482421875,0.0002593272390135,0.0,1,0.28,1882.871856689453,0.000264189624745,0.0,1,0.21,1882.8736877441409,0.0001669419101149,0.0,1,0.07,1882.872589111328,0.000225290538893,0.0,1,-0.51,1882.8734130859373,0.0001815290673094,0.0,1,-0.56,1882.873443603516,0.0001799082720656,0.0,1,-0.91,1882.871612548828,0.0002771559866957,0.0,1,-0.95,1719.0387268066406,8.70147752342746,75.0,1,-1.11,1882.874755859375,0.0001102140765807,0.0,1,10
ZINC000000032877,-0.76,1882.8758850097656,5.024465255887588e-05,0.0,1,-0.9,1882.8760681152344,4.051988109586764e-05,0.0,1,-1.01,1882.876739501953,4.862385731504117e-06,0.0,1,-1.04,1882.8768310546875,0.0,0.0,1,-1.05,1882.8767700195312,3.241590487669412e-06,0.0,1,-1.06,1882.8768310546875,0.0,0.0,1,-1.08,1882.8768310546875,0.0,0.0,1,-1.46,1882.8768310546875,0.0,0.0,1,-1.74,1882.8768310546875,0.0,0.0,1,-2.76,1882.8751831054688,8.75229431670741e-05,0.0,1,10
ZINC000000032889,-0.16,1882.8768310546875,0.0,0.0,1,-0.37,1882.8768310546875,0.0,0.0,1,-0.52,1882.8768310546875,0.0,0.0,1,-0.6,1882.8768310546875,0.0,0.0,1,-0.7,1882.8768310546875,0.0,0.0,1,-0.72,1882.8768310546875,0.0,0.0,1,-1.1,1882.8768310546875,0.0,0.0,1,-1.21,1882.8768310546875,0.0,0.0,1,-1.76,1882.8768310546875,0.0,0.0,1,-2.78,1882.8768310546875,0.0,0.0,1,10
ZINC000000032943,-0.38,1882.8696899414065,0.0003792660870573,0.0,1,-0.39,1882.8695068359373,0.0003889908585203,0.0,1,-0.93,1882.8692626953125,0.000401957220471,0.0,1,-0.94,1882.8699951171875,0.0003630581346189,0.0,1,-0.99,1882.8687133789065,0.00043113153486,0.0,1,-1.04,1882.8701171875,0.0003565749536436,0.0,1,-1.09,1882.871154785156,0.0003014679153532,0.0,1,-2.26,1882.8728637695312,0.0002107033816985,0.0,1,-2.54,1882.87060546875,0.0003306422297422,0.0,1,-2.67,1882.8713989257808,0.0002885015534025,0.0,1,10
ZINC000000032971,-0.97,1882.871032714844,0.0003079510963285,0.0,1,-1.1,1882.8682556152344,0.0004554434635175,0.0,1,-1.19,1882.8682556152344,0.0004554434635175,0.0,1,-1.83,1882.8709411621087,0.00031281348206,0.0,1,-2.0,1882.8699951171875,0.0003630581346189,0.0,1,-2.31,1882.8687133789065,0.00043113153486,0.0,1,-2.61,1882.8688354492188,0.0004246483538846,0.0,1,-2.83,1882.8692321777344,0.0004035780157148,0.0,1,-3.42,1882.87060546875,0.0003306422297422,0.0,1,-5.93,1882.871490478516,0.000283639167671,0.0,1,10
ZINC000000032974,-0.78,1882.8768310546875,0.0,0.0,1,-1.02,1882.8750915527344,9.238532889857822e-05,0.0,1,-1.05,1882.8737487792969,0.0001637003196273,0.0,1,-1.07,1882.8755493164065,6.807340024105763e-05,0.0,1,-1.21,1882.875,9.724771463008236e-05,0.0,1,-1.29,1882.8728942871087,0.0002090825864546,0.0,1,-1.32,1882.8753051757808,8.103976219173528e-05,0.0,1,-1.38,1882.873504638672,0.0001766666815779,0.0,1,-1.72,1882.8732299804688,0.0001912538387724,0.0,1,-1.78,1882.8722534179688,0.0002431192865752,0.0,1,10
ZINC000000032999,-0.95,1882.872314453125,0.0002398776960875,0.0,1,-0.97,1882.873291015625,0.0001880122482848,0.0,1,-0.98,1882.870056152344,0.0003598165441313,0.0,1,-1.07,1882.8754272460933,7.455658121639646e-05,0.0,1,-1.07,1882.8719482421875,0.0002593272390135,0.0,1,-1.12,1882.8695068359373,0.0003889908585203,0.0,1,-1.25,1882.8724365234373,0.0002333945151121,0.0,1,-2.88,1882.8693237304688,0.0003987156299833,0.0,1,-3.19,1882.869140625,0.0004084404014463,0.0,1,-5.22,1882.8729248046875,0.0002074617912108,0.0,1,10
ZINC000000033016,0.2,1882.876708984375,6.483180975338823e-06,0.0,1,0.02,1882.8765258789065,1.6207952438347055e-05,0.0,1,0.01,1882.874755859375,0.0001102140765807,0.0,1,-0.03,1882.873779296875,0.0001620795243834,0.0,1,-0.12,1882.873962402344,0.0001523547529204,0.0,1,-0.15,1882.8768310546875,0.0,0.0,1,-0.44,1882.8756103515625,6.483180975338822e-05,0.0,1,-0.69,1882.8768310546875,0.0,0.0,1,-0.76,1882.8768310546875,0.0,0.0,1,-2.41,1882.87548828125,7.131499072872705e-05,0.0,1,10
ZINC000000033018,0.01,1882.8722534179688,0.0002431192865752,0.0,1,-0.09,1882.872009277344,0.0002560856485258,0.0,1,-0.1,1882.8717651367188,0.0002690520104765,0.0,1,-0.1,1882.87158203125,0.0002787767819395,0.0,1,-0.12,1882.87109375,0.0003047095058409,0.0,1,-0.25,1882.8683471679688,0.000450581077786,0.0,1,-0.25,1882.873046875,0.0002009786102355,0.0,1,-0.39,1882.8732299804688,0.0001912538387724,0.0,1,-2.36,1882.8712158203125,0.0002982263248655,0.0,1,-2.55,1882.870635986328,0.0003290214344984,0.0,1,10
ZINC000000033020,-0.62,1882.8678588867188,0.0004765138016874,0.0,1,-0.68,1882.8693237304688,0.0003987156299833,0.0,1,-0.71,1882.870056152344,0.0003598165441313,0.0,1,-0.71,1882.869140625,0.0004084404014463,0.0,1,-0.8,1882.8685302734373,0.000440856306323,0.0,1,-1.03,1882.8693237304688,0.0003987156299833,0.0,1,-1.09,1882.8684692382808,0.0004440978968107,0.0,1,-1.98,1882.867919921875,0.0004732722111997,0.0,1,-2.56,1882.867126464844,0.0005154128875394,0.0,1,-3.04,1882.8675537109373,0.0004927217541257,0.0,1,10
ZINC000000033098,0.24,1882.8765563964844,1.458715719451235e-05,0.0,1,-0.42,1882.8763427734373,2.593272390135529e-05,0.0,1,-0.61,1882.8768310546875,0.0,0.0,1,-0.63,1882.8768005371087,1.6207952438347057e-06,0.0,1,-0.68,1882.8768310546875,0.0,0.0,1,-0.75,1882.8768310546875,0.0,0.0,1,-0.96,1882.87548828125,7.131499072872705e-05,0.0,1,-0.98,1882.8761596679688,3.565749536436352e-05,0.0,1,-1.05,1882.8768310546875,0.0,0.0,1,-1.11,1882.876220703125,3.241590487669411e-05,0.0,1,10
ZINC000000033129,-0.4,1882.8738403320312,0.0001588379338958,0.0,1,-0.57,1882.8732299804688,0.0001912538387724,0.0,1,-0.67,1882.873107910156,0.0001977370197478,0.0,1,-0.68,1882.8731689453125,0.0001944954292601,0.0,1,-0.77,1882.87255859375,0.0002269113341368,0.0,1,-1.03,1882.8720703125,0.0002528440580382,0.0,1,-1.1,1882.8712768554688,0.0002949847343779,0.0,1,-2.6,1882.8706665039065,0.0003274006392546,0.0,1,-3.1,1882.8728637695312,0.0002107033816985,0.0,1,-1000.0,471.744140625,0.0,0.0,0,9
ZINC000000033265,-0.41,1882.8768310546875,0.0,0.0,1,-0.82,1882.8768310546875,0.0,0.0,1,-0.83,1882.8768310546875,0.0,0.0,1,-1.45,1882.8768310546875,0.0,0.0,1,-1.46,1882.8768310546875,0.0,0.0,1,-1.48,1882.8768310546875,0.0,0.0,1,-1.58,1882.8768310546875,0.0,0.0,1,-1.61,1882.8768310546875,0.0,0.0,1,-1.88,1882.8768310546875,0.0,0.0,1,-2.09,1882.8768310546875,0.0,0.0,1,10
ZINC000000033273,-0.47,1882.8745727539065,0.0001199388480437,0.0,1,-0.57,1882.87548828125,7.131499072872705e-05,0.0,1,-0.82,1882.87255859375,0.0002269113341368,0.0,1,-0.92,1882.8739013671875,0.0001555963434081,0.0,1,-1.38,1882.874084472656,0.0001458715719451,0.0,1,-1.4,1882.8733215332031,0.0001863914530409,0.0,1,-1.52,1882.8748474121087,0.0001053516908492,0.0,1,-1.76,1882.872528076172,0.0002285321293806,0.0,1,-2.37,1882.875244140625,8.42813526794047e-05,0.0,1,-5.5,1882.8751525878904,8.91437384109088e-05,0.0,1,10
ZINC000000033301,-0.36,1882.8680419921875,0.0004667890302243,0.0,1,-0.84,1882.867126464844,0.0005154128875394,0.0,1,-0.87,1882.8679809570312,0.000470030620712,0.0,1,-1.34,1882.8654174804688,0.0006061774211941,0.0,1,-1.48,1882.8651123046875,0.0006223853736325,0.0,1,-1.52,1882.8673095703125,0.0005056881160764,0.0,1,-1.64,1882.8673095703125,0.0005056881160764,0.0,1,-2.09,1882.8660278320312,0.0005737615163174,0.0,1,-2.33,1882.8670654296875,0.0005186544780271,0.0,1,-3.5,1882.865234375,0.0006159021926571,0.0,1,10
ZINC000000033322,-0.23,1882.8768310546875,0.0,0.0,1,-0.3,1882.8768310546875,0.0,0.0,1,-0.69,1882.8768310546875,0.0,0.0,1,-0.71,1882.8768310546875,0.0,0.0,1,-0.75,1882.8768310546875,0.0,0.0,1,-0.77,1882.8768310546875,0.0,0.0,1,-0.83,1882.8768310546875,0.0,0.0,1,-0.83,1882.8768310546875,0.0,0.0,1,-1.24,1882.8768310546875,0.0,0.0,1,-1.58,1882.8768310546875,0.0,0.0,1,10
ZINC000000033404,-1.2,1882.8706665039065,0.0003274006392546,0.0,1,-1.2,1882.8709106445312,0.0003144342773039,0.0,1,-1.46,1882.87158203125,0.0002787767819395,0.0,1,-1.57,1882.8712158203125,0.0002982263248655,0.0,1,-1.65,1882.87158203125,0.0002787767819395,0.0,1,-1.67,1882.8714599609373,0.0002852599629149,0.0,1,-1.73,1882.8712158203125,0.0002982263248655,0.0,1,-1.89,1882.8706665039065,0.0003274006392546,0.0,1,-2.45,1882.87060546875,0.0003306422297422,0.0,1,-4.09,1882.8683471679688,0.000450581077786,0.0,1,10
ZINC000000033431,-0.42,1882.8675537109373,0.0004927217541257,0.0,1,-0.44,1882.8687438964844,0.0004295107396161,0.0,1,-0.46,1882.8689575195312,0.0004181651729093,0.0,1,-0.68,1882.866943359375,0.0005251376590024,0.0,1,-0.69,1882.8664855957031,0.0005494495876599,0.0,1,-0.78,1882.866668701172,0.0005397248161969,0.0,1,-1.02,1882.86669921875,0.0005381040209531,0.0,1,-1.41,1882.865966796875,0.0005770031068051,0.0,1,-1.92,1882.86767578125,0.0004862385731504,0.0,1,-2.23,1882.8666381835933,0.0005413456114407,0.0,1,10
ZINC000000033432,-0.37,1882.8768310546875,0.0,0.0,1,-0.41,1882.8753051757808,8.103976219173528e-05,0.0,1,-0.5,1882.8737182617188,0.0001653211148711,0.0,1,-0.51,1882.874084472656,0.0001458715719451,0.0,1,-0.57,1882.8727416992188,0.0002171865626738,0.0,1,-0.66,1882.876220703125,3.241590487669411e-05,0.0,1,-0.74,1882.875244140625,8.42813526794047e-05,0.0,1,-0.96,1882.8764038085933,2.269113341368588e-05,0.0,1,-1.14,1882.8768310546875,0.0,0.0,1,-5.24,1882.87548828125,7.131499072872705e-05,0.0,1,10
ZINC000000033437,0.42,1882.8683166503904,0.0004522018730298,0.0,1,0.11,1882.867919921875,0.0004732722111997,0.0,1,0.1,1882.8673706054688,0.0005024465255887,0.0,1,0.1,1882.8685913085933,0.0004376147158353,0.0,1,0.1,1882.8673706054688,0.0005024465255887,0.0,1,0.07,1882.867431640625,0.000499204935101,0.0,1,-0.07,1882.867431640625,0.000499204935101,0.0,1,-0.08,1882.8673095703125,0.0005056881160764,0.0,1,-0.09,1882.8682861328125,0.0004538226682737,0.0,1,-0.09,1882.8680419921875,0.0004667890302243,0.0,1,10
ZINC000000033445,0.49,1882.8668212890625,0.0005316208399777,0.0,1,0.47,1882.8672790527344,0.0005073089113202,0.0,1,0.16,1882.8671569824216,0.0005137920922956,0.0,1,0.06,1882.868621826172,0.0004359939205915,0.0,1,-0.12,1882.8681335449216,0.0004619266444928,0.0,1,-0.69,1882.868225097656,0.0004570642587613,0.0,1,-0.79,1882.8681335449216,0.0004619266444928,0.0,1,-0.96,1882.866943359375,0.0005251376590024,0.0,1,-1.38,1882.8663330078125,0.0005575535638791,0.0,1,-1.74,1882.8692626953125,0.000401957220471,0.0,1,10
ZINC000000033449,0.41,1882.8688659667969,0.0004230275586408,0.0,1,0.28,1882.8697814941409,0.0003744037013258,0.0,1,0.26,1882.8695678710933,0.0003857492680326,0.0,1,0.25,1882.870178222656,0.0003533333631559,0.0,1,0.2,1882.8694152832031,0.0003938532442518,0.0,1,0.14,1882.8698120117188,0.0003727829060819,0.0,1,0.1,1882.871856689453,0.000264189624745,0.0,1,0.02,1882.870513916016,0.0003355046154737,0.0,1,-0.02,1882.8716430664065,0.0002755351914518,0.0,1,-0.21,1882.8720703125,0.0002528440580382,0.0,1,10
ZINC000000033484,-0.7,1882.8768310546875,0.0,0.0,1,-0.75,1882.8764038085933,2.269113341368588e-05,0.0,1,-0.84,1882.8766174316409,1.134556670684294e-05,0.0,1,-0.99,1882.876007080078,4.376147158353705e-05,0.0,1,-1.12,1882.8768310546875,0.0,0.0,1,-1.15,1882.8767700195312,3.241590487669412e-06,0.0,1,-1.18,1882.876495361328,1.782874768218176e-05,0.0,1,-1.25,1882.8768310546875,0.0,0.0,1,-2.73,1882.8768310546875,0.0,0.0,1,-3.13,1882.8768310546875,0.0,0.0,1,10
ZINC000000033523,-0.44,1882.87548828125,7.131499072872705e-05,0.0,1,-0.6,1882.874481201172,0.0001248012337752,0.0,1,-1.1,1882.874542236328,0.0001215596432876,0.0,1,-1.57,1882.8754272460933,7.455658121639646e-05,0.0,1,-1.76,1882.8746948242188,0.0001134556670684,0.0,1,-2.01,1882.873504638672,0.0001766666815779,0.0,1,-2.41,1882.8733520507808,0.0001847706577971,0.0,1,-2.43,1882.875915527344,4.8623857315041175e-05,0.0,1,-3.02,1882.8739929199216,0.0001507339576766,0.0,1,-3.06,1882.8713684082031,0.0002901223486464,0.0,1,10
ZINC000000033534,-0.34,1882.8731994628904,0.0001928746340163,0.0,1,-0.42,1882.87240600586,0.000235015310356,0.0,1,-0.54,1882.8726806640625,0.0002204281531615,0.0,1,-0.61,1882.8739318847656,0.0001539755481642,0.0,1,-0.63,1882.8731994628904,0.0001928746340163,0.0,1,-0.7,1882.8726806640625,0.0002204281531615,0.0,1,-0.74,1882.873962402344,0.0001523547529204,0.0,1,-0.76,1882.8726806640625,0.0002204281531615,0.0,1,-0.88,1882.873443603516,0.0001799082720656,0.0,1,-1000.0,471.744140625,0.0,0.0,0,9
ZINC000000033554,-0.48,1882.8682861328125,0.0004538226682737,0.0,1,-0.62,1882.8680419921875,0.0004667890302243,0.0,1,-0.64,1882.8687744140625,0.0004278899443723,0.0,1,-0.65,1882.868560791016,0.0004392355110792,0.0,1,-0.66,1882.8681640625,0.000460305849249,0.0,1,-0.85,1882.8669128417969,0.0005267584542462,0.0,1,-1.06,1882.8682556152344,0.0004554434635175,0.0,1,-1.71,1882.8679809570312,0.000470030620712,0.0,1,-2.02,1882.8682556152344,0.0004554434635175,0.0,1,-2.21,1882.8683776855469,0.0004489602825422,0.0,1,10
ZINC000000033645,0.1,1882.8768310546875,0.0,0.0,1,0.02,1882.8768310546875,0.0,0.0,1,-0.04,1882.8768310546875,0.0,0.0,1,-0.22,1882.8741149902344,0.0001442507767012,0.0,1,-0.4,1882.8768310546875,0.0,0.0,1,-0.47,1882.87451171875,0.0001231804385314,0.0,1,-0.48,1882.8735961914065,0.0001718042958464,0.0,1,-0.89,1882.8758239746087,5.348624304654528e-05,0.0,1,-0.99,1882.873809814453,0.0001604587291396,0.0,1,-2.04,1882.8748779296875,0.0001037308956054,0.0,1,10
ZINC000000033658,-0.73,1882.8694458007808,0.0003922324490079,0.0,1,-0.74,1882.8688354492188,0.0004246483538846,0.0,1,-0.9,1882.8706665039065,0.0003274006392546,0.0,1,-1.1,1882.8703002929688,0.0003468501821806,0.0,1,-1.13,1882.870178222656,0.0003533333631559,0.0,1,-1.23,1882.8695678710933,0.0003857492680326,0.0,1,-1.31,1882.86962890625,0.0003825076775449,0.0,1,-1.45,1882.86962890625,0.0003825076775449,0.0,1,-1.46,1882.870849609375,0.0003176758677916,0.0,1,-1.81,1882.8712768554688,0.0002949847343779,0.0,1,10
ZINC000000033671,-0.63,1882.8733520507808,0.0001847706577971,0.0,1,-0.81,1882.8737182617188,0.0001653211148711,0.0,1,-1.1,1882.874267578125,0.0001361468004821,0.0,1,-1.11,1882.8742065429688,0.0001393883909697,0.0,1,-1.21,1882.8746032714844,0.0001183180527999,0.0,1,-1.24,1882.8741455078125,0.0001426299814574,0.0,1,-1.32,1882.8735961914065,0.0001718042958464,0.0,1,-1.72,1882.8741149902344,0.0001442507767012,0.0,1,-2.07,1882.8745727539065,0.0001199388480437,0.0,1,-5.69,1882.8768310546875,0.0,0.0,1,10
ZINC000000033674,-0.38,1882.8723754882808,0.0002366361055998,0.0,1,-0.45,1882.8719787597656,0.0002577064437697,0.0,1,-0.48,1882.872467041016,0.0002317737198683,0.0,1,-0.54,1882.8722839355469,0.0002414984913313,0.0,1,-0.62,1882.8726501464844,0.0002220489484053,0.0,1,-0.7,1882.8719787597656,0.0002577064437697,0.0,1,-0.91,1882.8715209960933,0.0002820183724272,0.0,1,-1.19,1882.87255859375,0.0002269113341368,0.0,1,-2.44,1882.870880126953,0.0003160550725477,0.0,1,-4.43,1882.8697509765625,0.0003760244965696,0.0,1,10
ZINC000000033735,-0.07,1882.8768310546875,0.0,0.0,1,-0.14,1882.8768310546875,0.0,0.0,1,-0.15,1882.8768310546875,0.0,0.0,1,-0.46,1882.8768310546875,0.0,0.0,1,-0.56,1882.8768310546875,0.0,0.0,1,-0.57,1882.8768310546875,0.0,0.0,1,-0.73,1882.8768310546875,0.0,0.0,1,-2.73,1882.8768310546875,0.0,0.0,1,-4.01,1882.8768310546875,0.0,0.0,1,-4.25,1882.8768310546875,0.0,0.0,1,10
ZINC000000033741,-0.22,1882.8768310546875,0.0,0.0,1,-0.3,1882.8768310546875,0.0,0.0,1,-0.32,1882.8768310546875,0.0,0.0,1,-0.34,1882.8768310546875,0.0,0.0,1,-0.39,1882.8768310546875,0.0,0.0,1,-0.39,1882.8768310546875,0.0,0.0,1,-0.43,1882.8768310546875,0.0,0.0,1,-0.43,1882.8768310546875,0.0,0.0,1,-0.45,1882.8768310546875,0.0,0.0,1,-0.54,1882.8768310546875,0.0,0.0,1,10
ZINC000000033902,-0.59,1882.872314453125,0.0002398776960875,0.0,1,-0.63,1882.8706970214844,0.0003257798440107,0.0,1,-0.67,1882.8709106445312,0.0003144342773039,0.0,1,-0.67,1882.8722229003904,0.000244740081819,0.0,1,-0.73,1882.8724365234373,0.0002333945151121,0.0,1,-1.08,1882.873107910156,0.0001977370197478,0.0,1,-1.09,1882.8717651367188,0.0002690520104765,0.0,1,-1.33,1882.8709106445312,0.0003144342773039,0.0,1,-2.0,1882.8713073730469,0.000293363939134,0.0,1,-5.11,1882.8722839355469,0.0002414984913313,0.0,1,10
ZINC000000033906,-0.49,1882.869873046875,0.0003695413155943,0.0,1,-0.69,1882.8721923828125,0.0002463608770628,0.0,1,-0.75,1882.8701171875,0.0003565749536436,0.0,1,-0.95,1882.8702087402344,0.0003517125679121,0.0,1,-1.07,1882.870056152344,0.0003598165441313,0.0,1,-1.12,1882.8709716796875,0.0003111926868162,0.0,1,-1.66,1882.8693237304688,0.0003987156299833,0.0,1,-2.8,1882.8707580566409,0.0003225382535231,0.0,1,-5.1,471.744140625,0.0,0.0,1,-1000.0,471.744140625,0.0,0.0,0,9
ZINC000000033934,-0.3,1882.8687133789065,0.00043113153486,0.0,1,-0.49,1882.8699340820312,0.0003662997251066,0.0,1,-0.66,1882.8707275390625,0.0003241590487669,0.0,1,-1.19,1882.8700866699216,0.0003581957488874,0.0,1,-1.21,1882.870147705078,0.0003549541583998,0.0,1,-1.44,1882.870513916016,0.0003355046154737,0.0,1,-1.49,1882.871124267578,0.000303088710597,0.0,1,-1.77,1882.8694458007808,0.0003922324490079,0.0,1,-2.08,1882.8692626953125,0.000401957220471,0.0,1,-1000.0,471.744140625,0.0,0.0,0,9
ZINC000000033984,0.13,1882.8692626953125,0.000401957220471,0.0,1,-0.18,1882.8699951171875,0.0003630581346189,0.0,1,-0.24,1882.8697509765625,0.0003760244965696,0.0,1,-0.32,1882.8699340820312,0.0003662997251066,0.0,1,-0.5,1882.87060546875,0.0003306422297422,0.0,1,-0.51,1882.868194580078,0.0004586850540052,0.0,1,-0.51,1882.8683776855469,0.0004489602825422,0.0,1,-0.64,1882.8700256347656,0.0003614373393751,0.0,1,-0.86,1882.8678894042969,0.0004748930064435,0.0,1,-1.06,1882.8697814941409,0.0003744037013258,0.0,1,10
ZINC000000034190,-0.17,1882.8702392578125,0.0003500917726682,0.0,1,-0.81,1882.86865234375,0.0004343731253477,0.0,1,-0.87,1882.8699340820312,0.0003662997251066,0.0,1,-0.88,1882.8705444335933,0.0003338838202299,0.0,1,-0.99,1882.869537353516,0.0003873700632764,0.0,1,-1.29,1882.8697509765625,0.0003760244965696,0.0,1,-1.59,1882.8710632324216,0.0003063303010847,0.0,1,-1.91,1882.8688659667969,0.0004230275586408,0.0,1,-2.38,1882.869079589844,0.000411681991934,0.0,1,-3.07,1882.8695678710933,0.0003857492680326,0.0,1,10
ZINC000000034337,-0.62,1882.870178222656,0.0003533333631559,0.0,1,-0.62,1882.87060546875,0.0003306422297422,0.0,1,-0.66,1882.871826171875,0.0002658104199888,0.0,1,-0.67,1882.8704833984373,0.0003371254107176,0.0,1,-0.78,1882.87158203125,0.0002787767819395,0.0,1,-0.83,1882.87158203125,0.0002787767819395,0.0,1,-0.91,1882.8705444335933,0.0003338838202299,0.0,1,-0.95,1882.871826171875,0.0002658104199888,0.0,1,-0.96,1882.8717651367188,0.0002690520104765,0.0,1,-0.97,1882.870849609375,0.0003176758677916,0.0,1,10
ZINC000000034353,-0.1,1882.869079589844,0.000411681991934,0.0,1,-0.27,1882.867431640625,0.000499204935101,0.0,1,-0.31,1882.8676147460933,0.000489480163638,0.0,1,-0.71,1882.8660583496087,0.0005721407210736,0.0,1,-1.08,1882.8677673339844,0.0004813761874189,0.0,1,-1.77,1882.8648681640625,0.0006353517355832,0.0,1,-2.12,1882.866271972656,0.0005607951543668,0.0,1,-2.24,1882.866943359375,0.0005251376590024,0.0,1,-2.63,1882.8690185546875,0.0004149235824216,0.0,1,-5.14,471.744140625,0.0,0.0,1,10
ZINC000000034396,-0.11,1882.8707885742188,0.0003209174582792,0.0,1,-0.14,1882.8709411621087,0.00031281348206,0.0,1,-0.25,1882.87158203125,0.0002787767819395,0.0,1,-0.47,1882.8713684082031,0.0002901223486464,0.0,1,-0.54,1882.8726196289065,0.0002236697436491,0.0,1,-0.8,1882.871032714844,0.0003079510963285,0.0,1,-1.11,1882.871612548828,0.0002771559866957,0.0,1,-1.17,1882.87158203125,0.0002787767819395,0.0,1,-2.29,1882.8720703125,0.0002528440580382,0.0,1,-2.37,1882.871490478516,0.000283639167671,0.0,1,10
ZINC000000034402,-0.03,1882.871337890625,0.0002917431438902,0.0,1,-0.06,1882.872100830078,0.0002512232627943,0.0,1,-0.06,1882.8721923828125,0.0002463608770628,0.0,1,-0.61,1882.8716430664065,0.0002755351914518,0.0,1,-0.87,1882.8703002929688,0.0003468501821806,0.0,1,-0.95,1882.8716735839844,0.000273914396208,0.0,1,-1.31,1882.869079589844,0.000411681991934,0.0,1,-1.53,1882.870880126953,0.0003160550725477,0.0,1,-1.7,1882.8708190917969,0.0003192966630354,0.0,1,-2.96,1882.86962890625,0.0003825076775449,0.0,1,10
ZINC000000034403,0.22,1882.8699951171875,0.0003630581346189,0.0,1,0.09,1882.8709411621087,0.00031281348206,0.0,1,0.03,1882.8702392578125,0.0003500917726682,0.0,1,-0.05,1882.870635986328,0.0003290214344984,0.0,1,-0.27,1882.8692626953125,0.000401957220471,0.0,1,-0.33,1882.872314453125,0.0002398776960875,0.0,1,-1.1,1882.8712463378904,0.0002966055296217,0.0,1,-1.41,1882.871337890625,0.0002917431438902,0.0,1,-1.68,1882.873291015625,0.0001880122482848,0.0,1,-5.84,1882.8690185546875,0.0004149235824216,0.0,1,10
ZINC000000034411,-0.66,1882.8704223632808,0.0003403670012052,0.0,1,-0.74,1882.8707275390625,0.0003241590487669,0.0,1,-0.83,1882.8704223632808,0.0003403670012052,0.0,1,-1.0,1882.8697509765625,0.0003760244965696,0.0,1,-1.05,1882.870361328125,0.0003436085916929,0.0,1,-1.13,1882.8715209960933,0.0002820183724272,0.0,1,-1.18,1882.8695678710933,0.0003857492680326,0.0,1,-1.44,1882.869201660156,0.0004051988109586,0.0,1,-1.72,1882.86767578125,0.0004862385731504,0.0,1,-2.59,1882.8697509765625,0.0003760244965696,0.0,1,10
ZINC000000034425,-0.19,1882.87255859375,0.0002269113341368,0.0,1,-0.4,1882.8746948242188,0.0001134556670684,0.0,1,-0.47,1882.874481201172,0.0001248012337752,0.0,1,-0.51,1882.87435913086,0.0001312844147506,0.0,1,-0.61,1882.87451171875,0.0001231804385314,0.0,1,-0.61,1882.8758239746087,5.348624304654528e-05,0.0,1,-0.62,1882.8743896484373,0.0001296636195067,0.0,1,-0.63,1882.8745727539065,0.0001199388480437,0.0,1,-0.76,1882.8738708496087,0.0001572171386519,0.0,1,-1.68,1882.8713073730469,0.000293363939134,0.0,1,10
ZINC000000034441,-0.21,1882.875061035156,9.400612414241292e-05,0.0,1,-0.61,1882.8764038085933,2.269113341368588e-05,0.0,1,-0.63,1882.8768310546875,0.0,0.0,1,-0.65,1882.8752746582031,8.266055743556999e-05,0.0,1,-1.09,1882.876434326172,2.107033816985117e-05,0.0,1,-1.42,1882.875762939453,5.672783353421469e-05,0.0,1,-1.63,1882.8768310546875,0.0,0.0,1,-2.9,1882.8745727539065,0.0001199388480437,0.0,1,-3.65,1882.8746643066409,0.0001150764623122,0.0,1,-6.24,1882.8758544921875,5.186544780271058e-05,0.0,1,10
ZINC000000034458,-0.64,1882.8768310546875,0.0,0.0,1,-0.66,1882.8768310546875,0.0,0.0,1,-0.82,1882.8768310546875,0.0,0.0,1,-0.88,1882.8768310546875,0.0,0.0,1,-0.9,1882.8768310546875,0.0,0.0,1,-1.05,1882.8768310546875,0.0,0.0,1,-1.14,1882.8768310546875,0.0,0.0,1,-1.23,1882.8768310546875,0.0,0.0,1,-1.27,1882.8768310546875,0.0,0.0,1,-1000.0,471.744140625,0.0,0.0,0,9
ZINC000000034505,-0.21,1882.8704223632808,0.0003403670012052,0.0,1,-0.64,1882.8676147460933,0.000489480163638,0.0,1,-0.67,1882.86962890625,0.0003825076775449,0.0,1,-0.77,1882.868225097656,0.0004570642587613,0.0,1,-0.78,1882.8706665039065,0.0003274006392546,0.0,1,-0.8,1882.8689575195312,0.0004181651729093,0.0,1,-0.95,1882.870178222656,0.0003533333631559,0.0,1,-1.11,1882.8683471679688,0.000450581077786,0.0,1,-2.4,1882.8701171875,0.0003565749536436,0.0,1,-5.19,1882.8707885742188,0.0003209174582792,0.0,1,10
ZINC000000034599,-0.51,1882.867584228516,0.0004911009588819,0.0,1,-0.55,1882.8673095703125,0.0005056881160764,0.0,1,-0.72,1882.8665161132808,0.0005478287924161,0.0,1,-0.98,1882.8664855957031,0.0005494495876599,0.0,1,-1.0,1882.865478515625,0.0006029358307065,0.0,1,-1.19,1882.8680419921875,0.0004667890302243,0.0,1,-1.36,1882.865966796875,0.0005770031068051,0.0,1,-1.83,1882.8659057617188,0.0005802446972928,0.0,1,-1.84,1882.8663330078125,0.0005575535638791,0.0,1,-1.93,1882.8662109375,0.0005640367448544,0.0,1,10
ZINC000000034603,-0.48,1882.8710632324216,0.0003063303010847,0.0,1,-0.51,1882.8708190917969,0.0003192966630354,0.0,1,-0.53,1882.8707275390625,0.0003241590487669,0.0,1,-0.59,1882.8695678710933,0.0003857492680326,0.0,1,-0.6,1882.86865234375,0.0004343731253477,0.0,1,-0.76,1882.8717651367188,0.0002690520104765,0.0,1,-0.96,1882.8716430664065,0.0002755351914518,0.0,1,-1.14,1882.8684692382808,0.0004440978968107,0.0,1,-2.14,1882.870178222656,0.0003533333631559,0.0,1,-5.85,1882.8706665039065,0.0003274006392546,0.0,1,10
ZINC000000034611,-0.26,1882.874938964844,0.0001004893051177,0.0,1,-0.32,1882.8758850097656,5.024465255887588e-05,0.0,1,-0.35,1882.8758850097656,5.024465255887588e-05,0.0,1,-0.51,1882.874267578125,0.0001361468004821,0.0,1,-0.54,1882.8743896484373,0.0001296636195067,0.0,1,-0.85,1882.873046875,0.0002009786102355,0.0,1,-1.51,1882.876037597656,4.214067633970235e-05,0.0,1,-2.63,1882.871154785156,0.0003014679153532,0.0,1,-1000.0,471.744140625,0.0,0.0,0,-1000.0,471.744140625,0.0,0.0,0,8
ZINC000000034621,-0.16,1882.8756408691409,6.321101450955351e-05,0.0,1,-0.17,1882.8760986328125,3.8899085852032936e-05,0.0,1,-0.18,1882.8752136230469,8.59021479232394e-05,0.0,1,-0.23,1882.875030517578,9.562691938624764e-05,0.0,1,-0.31,1882.8768310546875,0.0,0.0,1,-0.63,1882.8768310546875,0.0,0.0,1,-0.78,1882.8753051757808,8.103976219173528e-05,0.0,1,-1.05,1882.8753051757808,8.103976219173528e-05,0.0,1,-1.56,1882.875061035156,9.400612414241292e-05,0.0,1,-2.23,1882.8721923828125,0.0002463608770628,0.0,1,10
ZINC000000034666,-0.03,1882.8713989257808,0.0002885015534025,0.0,1,-0.13,1882.8722534179688,0.0002431192865752,0.0,1,-0.29,1882.8707885742188,0.0003209174582792,0.0,1,-0.96,1882.8699951171875,0.0003630581346189,0.0,1,-1.04,1882.871826171875,0.0002658104199888,0.0,1,-1.17,1882.8715209960933,0.0002820183724272,0.0,1,-1.19,1882.87060546875,0.0003306422297422,0.0,1,-1.42,1882.8720703125,0.0002528440580382,0.0,1,-1.6,1882.8724975585933,0.0002301529246245,0.0,1,-2.37,1882.8707275390625,0.0003241590487669,0.0,1,10
ZINC000000034707,-0.0,1882.8749084472656,0.0001021101003615,0.0,1,-0.63,1882.8757934570312,5.510703829037999e-05,0.0,1,-0.89,1882.876220703125,3.241590487669411e-05,0.0,1,-0.93,1882.8759765625,4.538226682737176e-05,0.0,1,-0.93,1882.8768310546875,0.0,0.0,1,-0.94,1882.8757934570312,5.510703829037999e-05,0.0,1,-1.14,1882.8736267089844,0.0001701835006026,0.0,1,-1.14,1882.8768310546875,0.0,0.0,1,-1.14,1882.8768310546875,0.0,0.0,1,-1.26,1882.874420166016,0.0001280428242629,0.0,1,10
ZINC000000034737,0.18,1882.8696899414065,0.0003792660870573,0.0,1,0.16,1882.8724975585933,0.0002301529246245,0.0,1,0.11,1882.870178222656,0.0003533333631559,0.0,1,-0.02,1882.873046875,0.0002009786102355,0.0,1,-0.09,1882.8724365234373,0.0002333945151121,0.0,1,-0.1,1882.871154785156,0.0003014679153532,0.0,1,-0.11,1882.87060546875,0.0003306422297422,0.0,1,-0.24,1882.8699951171875,0.0003630581346189,0.0,1,-0.27,1882.8707275390625,0.0003241590487669,0.0,1,-0.38,1882.8721923828125,0.0002463608770628,0.0,1,10
ZINC000000034767,-0.56,1882.8662109375,0.0005640367448544,0.0,1,-0.64,1882.8668518066409,0.0005300000447339,0.0,1,-0.75,1882.86767578125,0.0004862385731504,0.0,1,-0.77,1882.8656616210933,0.0005932110592435,0.0,1,-0.92,1882.8664855957031,0.0005494495876599,0.0,1,-0.93,1882.8687438964844,0.0004295107396161,0.0,1,-0.96,1882.867248535156,0.000508929706564,0.0,1,-1.13,1882.8673706054688,0.0005024465255887,0.0,1,-1.2,1882.8677368164065,0.0004829969826627,0.0,1,-1.64,1882.867126464844,0.0005154128875394,0.0,1,10
ZINC000000034974,0.11,1882.8768310546875,0.0,0.0,1,0.03,1882.8768310546875,0.0,0.0,1,0.02,1882.8768310546875,0.0,0.0,1,-0.04,1882.8768310546875,0.0,0.0,1,-0.11,1882.8768310546875,0.0,0.0,1,-0.17,1882.8768310546875,0.0,0.0,1,-0.19,1882.8768310546875,0.0,0.0,1,-0.35,1882.8768310546875,0.0,0.0,1,-0.57,1882.8768310546875,0.0,0.0,1,-2.1,1882.8768310546875,0.0,0.0,1,10
ZINC000000034989,-0.24,1882.87109375,0.0003047095058409,0.0,1,-0.47,1882.872131347656,0.0002496024675505,0.0,1,-0.51,1882.8704833984373,0.0003371254107176,0.0,1,-0.62,1882.871032714844,0.0003079510963285,0.0,1,-0.64,1882.8707885742188,0.0003209174582792,0.0,1,-0.64,1882.8689575195312,0.0004181651729093,0.0,1,-0.88,1882.8687744140625,0.0004278899443723,0.0,1,-1.0,1882.8703002929688,0.0003468501821806,0.0,1,-1.28,1882.87109375,0.0003047095058409,0.0,1,-1.33,1882.8697509765625,0.0003760244965696,0.0,1,10
ZINC000000035069,-0.35,1882.871124267578,0.000303088710597,0.0,1,-0.71,1882.8739929199216,0.0001507339576766,0.0,1,-0.77,1882.8705444335933,0.0003338838202299,0.0,1,-0.82,1882.8728637695312,0.0002107033816985,0.0,1,-0.92,1882.8707885742188,0.0003209174582792,0.0,1,-0.93,1882.8704223632808,0.0003403670012052,0.0,1,-0.93,1882.8712768554688,0.0002949847343779,0.0,1,-1.14,1882.8701171875,0.0003565749536436,0.0,1,-1.2,1882.8719787597656,0.0002577064437697,0.0,1,-1.44,1882.8705444335933,0.0003338838202299,0.0,1,10
ZINC000000035125,0.03,1882.8768310546875,0.0,0.0,1,0.02,1882.8768310546875,0.0,0.0,1,0.02,1882.8768310546875,0.0,0.0,1,-0.08,1882.8768310546875,0.0,0.0,1,-0.38,1882.8768310546875,0.0,0.0,1,-0.42,1882.8768310546875,0.0,0.0,1,-0.64,1882.8768310546875,0.0,0.0,1,-0.75,1882.8768310546875,0.0,0.0,1,-2.22,1882.8768310546875,0.0,0.0,1,-3.1,1882.8768310546875,0.0,0.0,1,10
ZINC000000035128,0.07,1882.871032714844,0.0003079510963285,0.0,1,0.06,1882.8717651367188,0.0002690520104765,0.0,1,-0.01,1882.872985839844,0.0002042202007231,0.0,1,-0.02,1882.8705444335933,0.0003338838202299,0.0,1,-0.06,1882.8727416992188,0.0002171865626738,0.0,1,-0.08,1882.872314453125,0.0002398776960875,0.0,1,-0.12,1882.8717041015625,0.0002722936009642,0.0,1,-0.72,1882.8724975585933,0.0002301529246245,0.0,1,-2.1,1882.872802734375,0.0002139449721861,0.0,1,-2.38,1882.871490478516,0.000283639167671,0.0,1,10
ZINC000000035144,0.48,1882.8704223632808,0.0003403670012052,0.0,1,0.34,1882.869079589844,0.000411681991934,0.0,1,-0.08,1882.8663330078125,0.0005575535638791,0.0,1,-0.14,1882.8668823242188,0.0005283792494901,0.0,1,-0.35,1882.86767578125,0.0004862385731504,0.0,1,-0.55,1882.8666381835933,0.0005413456114407,0.0,1,-0.74,1882.868225097656,0.0004570642587613,0.0,1,-2.42,1882.8663330078125,0.0005575535638791,0.0,1,-2.55,1882.867248535156,0.000508929706564,0.0,1,-5.16,1882.8701171875,0.0003565749536436,0.0,1,10
ZINC000000035156,-0.64,1882.8678588867188,0.0004765138016874,0.0,1,-1.12,1882.867431640625,0.000499204935101,0.0,1,-1.5,1882.8674926757808,0.0004959633446134,0.0,1,-1.54,1882.8670043945312,0.0005218960685147,0.0,1,-1.62,1882.8682556152344,0.0004554434635175,0.0,1,-1.71,1882.8680114746087,0.0004684098254682,0.0,1,-1.73,1882.8683166503904,0.0004522018730298,0.0,1,-2.18,1882.86767578125,0.0004862385731504,0.0,1,-2.36,1882.8666381835933,0.0005413456114407,0.0,1,-3.68,1882.8668212890625,0.0005316208399777,0.0,1,10
ZINC000000035178,-0.3,1882.8748168945312,0.000106972486093,0.0,1,-0.44,1882.874267578125,0.0001361468004821,0.0,1,-0.44,1882.8746337890625,0.000116697257556,0.0,1,-0.5,1882.8768310546875,0.0,0.0,1,-0.61,1882.8746643066409,0.0001150764623122,0.0,1,-0.65,1882.8739318847656,0.0001539755481642,0.0,1,-0.68,1882.87353515625,0.0001750458863341,0.0,1,-0.76,1882.8750915527344,9.238532889857822e-05,0.0,1,-0.79,1882.873046875,0.0002009786102355,0.0,1,-2.57,1882.873443603516,0.0001799082720656,0.0,1,10
ZINC000000035190,-0.53,1882.8677978515625,0.000479755392175,0.0,1,-0.74,1882.8678588867188,0.0004765138016874,0.0,1,-1.12,1882.869201660156,0.0004051988109586,0.0,1,-1.24,1882.8677368164065,0.0004829969826627,0.0,1,-1.25,1882.8690185546875,0.0004149235824216,0.0,1,-1.92,1882.8687438964844,0.0004295107396161,0.0,1,-2.06,1882.8670043945312,0.0005218960685147,0.0,1,-2.11,1882.8666381835933,0.0005413456114407,0.0,1,-2.32,1882.8676147460933,0.000489480163638,0.0,1,-3.08,1882.8690490722656,0.0004133027871778,0.0,1,10
ZINC000000035229,-0.63,1882.8768310546875,0.0,0.0,1,-0.64,1882.8768310546875,0.0,0.0,1,-0.65,1882.8768310546875,0.0,0.0,1,-0.86,1882.8768310546875,0.0,0.0,1,-1.05,1882.8768310546875,0.0,0.0,1,-1.3,1882.8768310546875,0.0,0.0,1,-1.43,1882.8768310546875,0.0,0.0,1,-1.5,1882.8768310546875,0.0,0.0,1,-2.26,1882.8768310546875,0.0,0.0,1,-3.86,1882.8767700195312,3.241590487669412e-06,0.0,1,10
ZINC000000035233,-0.22,1882.8768310546875,0.0,0.0,1,-0.26,1882.8768310546875,0.0,0.0,1,-0.29,1882.8768310546875,0.0,0.0,1,-0.29,1882.8768310546875,0.0,0.0,1,-0.74,1882.8768310546875,0.0,0.0,1,-0.91,1882.8768310546875,0.0,0.0,1,-1.08,1882.8768310546875,0.0,0.0,1,-1.12,1882.8768310546875,0.0,0.0,1,-1.16,1882.8768310546875,0.0,0.0,1,-1.53,1882.8768310546875,0.0,0.0,1,10
ZINC000000035355,-0.23,1882.8694152832031,0.0003938532442518,0.0,1,-0.5,1882.8689575195312,0.0004181651729093,0.0,1,-0.53,1882.8703308105469,0.0003452293869367,0.0,1,-0.58,1882.8703918457031,0.0003419877964491,0.0,1,-0.61,1882.869140625,0.0004084404014463,0.0,1,-0.63,1882.869537353516,0.0003873700632764,0.0,1,-0.65,1882.8695068359373,0.0003889908585203,0.0,1,-0.78,1882.8688659667969,0.0004230275586408,0.0,1,-5.2,1882.869537353516,0.0003873700632764,0.0,1,-1000.0,471.744140625,0.0,0.0,0,9
ZINC000000035371,-0.33,1882.866455078125,0.0005510703829037,0.0,1,-0.36,1882.8663330078125,0.0005575535638791,0.0,1,-0.5,1882.866271972656,0.0005607951543668,0.0,1,-0.51,1882.8653564453125,0.0006094190116818,0.0,1,-0.67,1882.8670043945312,0.0005218960685147,0.0,1,-1.2,1882.8649291992188,0.0006321101450955,0.0,1,-1.58,1882.8653564453125,0.0006094190116818,0.0,1,-1.8,1882.8660888671875,0.0005705199258298,0.0,1,-1.8,1882.865234375,0.0006159021926571,0.0,1,-1.92,1882.865295410156,0.0006126606021695,0.0,1,10
ZINC000000035377,0.21,1882.8675537109373,0.0004927217541257,0.0,1,0.08,1882.8670043945312,0.0005218960685147,0.0,1,-0.31,1882.8660278320312,0.0005737615163174,0.0,1,-0.52,1882.8673095703125,0.0005056881160764,0.0,1,-0.54,1882.8694458007808,0.0003922324490079,0.0,1,-0.65,1882.8665161132808,0.0005478287924161,0.0,1,-0.78,1882.865478515625,0.0006029358307065,0.0,1,-1.18,1882.866455078125,0.0005510703829037,0.0,1,-1.44,1882.8657836914065,0.0005867278782681,0.0,1,-1.96,1882.8651123046875,0.0006223853736325,0.0,1,10
ZINC000000035378,0.14,1882.8752746582031,8.266055743556999e-05,0.0,1,0.13,1882.8748779296875,0.0001037308956054,0.0,1,0.13,1882.8751525878904,8.91437384109088e-05,0.0,1,-0.08,1882.8768310546875,0.0,0.0,1,-0.17,1882.8768310546875,0.0,0.0,1,-0.21,1882.8768310546875,0.0,0.0,1,-1.01,1882.8768310546875,0.0,0.0,1,-1.07,1882.8768310546875,0.0,0.0,1,-1.46,1882.8766479492188,9.724771463008234e-06,0.0,1,-2.59,1882.8768310546875,0.0,0.0,1,10
ZINC000000035509,-0.16,1882.868103027344,0.0004635474397367,0.0,1,-0.41,1882.8679809570312,0.000470030620712,0.0,1,-0.42,1882.8683471679688,0.000450581077786,0.0,1,-0.52,1882.869384765625,0.0003954740394956,0.0,1,-0.55,1882.8681640625,0.000460305849249,0.0,1,-0.66,1882.869140625,0.0004084404014463,0.0,1,-0.78,1882.8662109375,0.0005640367448544,0.0,1,-1.01,1882.867126464844,0.0005154128875394,0.0,1,-1.2,1882.867126464844,0.0005154128875394,0.0,1,-1.32,1882.8681640625,0.000460305849249,0.0,1,10
ZINC000000035542,-0.48,1882.871826171875,0.0002658104199888,0.0,1,-0.77,1882.8716430664065,0.0002755351914518,0.0,1,-0.82,1882.87158203125,0.0002787767819395,0.0,1,-1.39,1882.8739013671875,0.0001555963434081,0.0,1,-1.52,1882.872100830078,0.0002512232627943,0.0,1,-1.88,1882.872833251953,0.0002123241769423,0.0,1,-1.91,1882.872833251953,0.0002123241769423,0.0,1,-2.03,1882.8704833984373,0.0003371254107176,0.0,1,-3.27,1882.8713989257808,0.0002885015534025,0.0,1,-5.51,1882.8768310546875,0.0,0.0,1,10
ZINC000000035549,-0.23,1882.869537353516,0.0003873700632764,0.0,1,-0.38,1882.870361328125,0.0003436085916929,0.0,1,-0.43,1882.869903564453,0.0003679205203504,0.0,1,-0.46,1882.8698425292969,0.0003711621108381,0.0,1,-0.54,1882.8702087402344,0.0003517125679121,0.0,1,-0.74,1882.8699645996087,0.0003646789298628,0.0,1,-0.78,1882.8705444335933,0.0003338838202299,0.0,1,-1.07,1882.8697204589844,0.0003776452918134,0.0,1,-1.11,1882.8700256347656,0.0003614373393751,0.0,1,-2.42,1882.870513916016,0.0003355046154737,0.0,1,10
ZINC000000035605,-0.26,1882.8705444335933,0.0003338838202299,0.0,1,-0.28,1882.8692626953125,0.000401957220471,0.0,1,-0.29,1882.8702087402344,0.0003517125679121,0.0,1,-0.29,1882.8728637695312,0.0002107033816985,0.0,1,-0.33,1882.8707580566409,0.0003225382535231,0.0,1,-0.41,1882.8715209960933,0.0002820183724272,0.0,1,-0.5,1882.869201660156,0.0004051988109586,0.0,1,-0.51,1882.871032714844,0.0003079510963285,0.0,1,-0.97,1882.868896484375,0.000421406763397,0.0,1,-1.27,1882.8718872070312,0.0002625688295012,0.0,1,10
ZINC000000035629,-0.03,1882.8724365234373,0.0002333945151121,0.0,1,-0.35,1882.871124267578,0.000303088710597,0.0,1,-0.46,1882.8721923828125,0.0002463608770628,0.0,1,-0.72,1882.8709106445312,0.0003144342773039,0.0,1,-0.84,1882.8692626953125,0.000401957220471,0.0,1,-0.86,1882.8701171875,0.0003565749536436,0.0,1,-1.0,1882.8699340820312,0.0003662997251066,0.0,1,-1.24,1882.8692932128904,0.0004003364252271,0.0,1,-1.37,1882.8704833984373,0.0003371254107176,0.0,1,-2.08,1882.8703002929688,0.0003468501821806,0.0,1,10
ZINC000000035654,-0.22,1882.8704223632808,0.0003403670012052,0.0,1,-0.27,1882.8711853027344,0.0002998471201094,0.0,1,-0.31,1882.8709716796875,0.0003111926868162,0.0,1,-0.33,1882.8703002929688,0.0003468501821806,0.0,1,-0.33,1882.8703002929688,0.0003468501821806,0.0,1,-0.47,1882.8719787597656,0.0002577064437697,0.0,1,-0.62,1882.8723449707031,0.0002382569008437,0.0,1,-0.66,1882.87158203125,0.0002787767819395,0.0,1,-0.76,1882.8731384277344,0.0001961162245039,0.0,1,-0.77,1882.872100830078,0.0002512232627943,0.0,1,10
ZINC000000035663,-0.32,1882.8759765625,4.538226682737176e-05,0.0,1,-0.32,1882.8768310546875,0.0,0.0,1,-0.34,1882.8768310546875,0.0,0.0,1,-0.35,1882.8766479492188,9.724771463008234e-06,0.0,1,-0.36,1882.8768310546875,0.0,0.0,1,-0.43,1882.8768310546875,0.0,0.0,1,-0.46,1882.8765258789065,1.6207952438347055e-05,0.0,1,-0.5,1882.8768310546875,0.0,0.0,1,-0.82,1882.8765869140625,1.2966361950677644e-05,0.0,1,-1.83,1882.8768310546875,0.0,0.0,1,10
ZINC000000035683,0.04,1882.8742370605469,0.0001377675957259,0.0,1,0.01,1882.8739929199216,0.0001507339576766,0.0,1,-0.03,1882.873504638672,0.0001766666815779,0.0,1,-0.04,1882.8741149902344,0.0001442507767012,0.0,1,-0.06,1882.8736877441409,0.0001669419101149,0.0,1,-0.06,1882.8741760253904,0.0001410091862136,0.0,1,-0.23,1882.8729248046875,0.0002074617912108,0.0,1,-0.39,1882.871612548828,0.0002771559866957,0.0,1,-0.99,1882.87338256836,0.0001831498625533,0.0,1,-2.5,1882.8722534179688,0.0002431192865752,0.0,1,10
ZINC000000035687,-0.47,1882.8724975585933,0.0002301529246245,0.0,1,-0.62,1882.872802734375,0.0002139449721861,0.0,1,-0.68,1882.87255859375,0.0002269113341368,0.0,1,-1.18,1882.874267578125,0.0001361468004821,0.0,1,-1.18,1882.8748779296875,0.0001037308956054,0.0,1,-1.21,1882.8726196289065,0.0002236697436491,0.0,1,-1.41,1882.8721923828125,0.0002463608770628,0.0,1,-2.03,1882.874084472656,0.0001458715719451,0.0,1,-2.35,1882.8739013671875,0.0001555963434081,0.0,1,-5.4,1882.8768310546875,0.0,0.0,1,10
ZINC000000035700,-0.06,1882.868225097656,0.0004570642587613,0.0,1,-0.13,1882.867248535156,0.000508929706564,0.0,1,-0.43,1882.8668212890625,0.0005316208399777,0.0,1,-0.49,1882.86767578125,0.0004862385731504,0.0,1,-0.5,1882.866943359375,0.0005251376590024,0.0,1,-0.51,1882.8683776855469,0.0004489602825422,0.0,1,-0.64,1882.86865234375,0.0004343731253477,0.0,1,-1.32,1882.8675537109373,0.0004927217541257,0.0,1,-2.86,1882.870574951172,0.0003322630249861,0.0,1,-4.69,1882.8688049316409,0.0004262691491285,0.0,1,10
ZINC000000035721,0.32,1882.8660278320312,0.0005737615163174,0.0,1,0.18,1882.866607666016,0.0005429664066846,0.0,1,0.15,1882.8661804199216,0.0005656575400983,0.0,1,0.11,1882.8661193847656,0.0005688991305859,0.0,1,-0.42,1882.8659057617188,0.0005802446972928,0.0,1,-0.53,1882.8659057617188,0.0005802446972928,0.0,1,-0.74,1882.8659057617188,0.0005802446972928,0.0,1,-0.97,1882.8657836914065,0.0005867278782681,0.0,1,-1.79,1882.86752319336,0.0004943425493695,0.0,1,-2.89,1882.8659057617188,0.0005802446972928,0.0,1,10
ZINC000000035904,0.1,1882.8731384277344,0.0001961162245039,0.0,1,0.01,1882.8735961914065,0.0001718042958464,0.0,1,-0.15,1882.871856689453,0.000264189624745,0.0,1,-0.55,1882.8721923828125,0.0002463608770628,0.0,1,-0.61,1882.871826171875,0.0002658104199888,0.0,1,-1.0,1882.871490478516,0.000283639167671,0.0,1,-1.19,1882.871032714844,0.0003079510963285,0.0,1,-1.67,1882.8717346191409,0.0002706728057203,0.0,1,-1.69,1882.8716430664065,0.0002755351914518,0.0,1,-2.19,1882.8698425292969,0.0003711621108381,0.0,1,10
ZINC000000035923,-0.17,1882.869079589844,0.000411681991934,0.0,1,-0.39,1882.8680419921875,0.0004667890302243,0.0,1,-0.52,1882.871337890625,0.0002917431438902,0.0,1,-0.55,1882.869873046875,0.0003695413155943,0.0,1,-0.79,1882.8702392578125,0.0003500917726682,0.0,1,-0.81,1882.8702697753904,0.0003484709774244,0.0,1,-0.84,1882.8721923828125,0.0002463608770628,0.0,1,-0.99,1882.87255859375,0.0002269113341368,0.0,1,-3.77,1882.86962890625,0.0003825076775449,0.0,1,-1000.0,471.744140625,0.0,0.0,0,9
ZINC000000035962,-0.16,1882.872009277344,0.0002560856485258,0.0,1,-0.69,1882.8698120117188,0.0003727829060819,0.0,1,-0.81,1882.8726501464844,0.0002220489484053,0.0,1,-0.87,1882.870880126953,0.0003160550725477,0.0,1,-1.01,1882.872131347656,0.0002496024675505,0.0,1,-1.13,1882.871124267578,0.000303088710597,0.0,1,-1.26,1882.8715209960933,0.0002820183724272,0.0,1,-1.32,1882.87109375,0.0003047095058409,0.0,1,-2.34,1882.87142944336,0.0002868807581587,0.0,1,-3.46,1882.8728942871087,0.0002090825864546,0.0,1,10
ZINC000000035968,-0.68,1882.8704223632808,0.0003403670012052,0.0,1,-0.78,1882.86962890625,0.0003825076775449,0.0,1,-0.93,1882.870178222656,0.0003533333631559,0.0,1,-0.95,1882.8687133789065,0.00043113153486,0.0,1,-0.97,1882.8694458007808,0.0003922324490079,0.0,1,-0.99,1882.8682861328125,0.0004538226682737,0.0,1,-1.02,1882.869140625,0.0004084404014463,0.0,1,-1.02,1882.869201660156,0.0004051988109586,0.0,1,-1.15,1882.8693237304688,0.0003987156299833,0.0,1,-1.51,1882.8687744140625,0.0004278899443723,0.0,1,10
ZINC000000035987,-0.76,1882.868225097656,0.0004570642587613,0.0,1,-0.92,1882.8685302734373,0.000440856306323,0.0,1,-0.96,1882.869201660156,0.0004051988109586,0.0,1,-0.97,1882.8674926757808,0.0004959633446134,0.0,1,-1.15,1882.8692626953125,0.000401957220471,0.0,1,-1.36,1882.8678588867188,0.0004765138016874,0.0,1,-1.37,1882.868896484375,0.000421406763397,0.0,1,-1.45,1882.868225097656,0.0004570642587613,0.0,1,-1.51,1882.867431640625,0.000499204935101,0.0,1,-1.56,1882.8682861328125,0.0004538226682737,0.0,1,10
ZINC000000036021,-0.18,1882.8707885742188,0.0003209174582792,0.0,1,-0.52,1882.8718872070312,0.0002625688295012,0.0,1,-0.68,1882.8726196289065,0.0002236697436491,0.0,1,-0.72,1882.872131347656,0.0002496024675505,0.0,1,-0.84,1882.872131347656,0.0002496024675505,0.0,1,-0.92,1882.8728942871087,0.0002090825864546,0.0,1,-1.16,1882.873779296875,0.0001620795243834,0.0,1,-1.25,1882.8745727539065,0.0001199388480437,0.0,1,-2.2,1882.875762939453,5.672783353421469e-05,0.0,1,-3.7,1882.87451171875,0.0001231804385314,0.0,1,10
ZINC000000036063,-0.24,1882.8768310546875,0.0,0.0,1,-0.4,1882.8768310546875,0.0,0.0,1,-1.07,1882.8762512207031,3.07951096328594e-05,0.0,1,-1.27,1882.8768310546875,0.0,0.0,1,-1.62,1882.8768310546875,0.0,0.0,1,-1.72,1882.8768310546875,0.0,0.0,1,-2.23,1882.8768310546875,0.0,0.0,1,-2.51,1882.8768310546875,0.0,0.0,1,-2.89,1882.8764038085933,2.269113341368588e-05,0.0,1,-5.14,1882.8768310546875,0.0,0.0,1,10
ZINC000000036082,-0.57,1882.8655395507808,0.0005996942402188,0.0,1,-0.67,1882.8670349121087,0.0005202752732709,0.0,1,-0.78,1882.8687133789065,0.00043113153486,0.0,1,-0.82,1882.8666381835933,0.0005413456114407,0.0,1,-0.82,1882.8722534179688,0.0002431192865752,0.0,1,-0.84,1882.8681335449216,0.0004619266444928,0.0,1,-1.11,1882.868896484375,0.000421406763397,0.0,1,-1.46,1882.8685302734373,0.000440856306323,0.0,1,-2.34,1882.8685302734373,0.000440856306323,0.0,1,-6.23,471.744140625,0.0,0.0,1,10
ZINC000000036091,-0.12,1882.8704833984373,0.0003371254107176,0.0,1,-0.45,1882.87142944336,0.0002868807581587,0.0,1,-0.52,1882.8726806640625,0.0002204281531615,0.0,1,-0.7,1882.8692321777344,0.0004035780157148,0.0,1,-0.89,1882.8750915527344,9.238532889857822e-05,0.0,1,-1.19,1882.8701171875,0.0003565749536436,0.0,1,-2.02,1882.870513916016,0.0003355046154737,0.0,1,-2.11,1882.871612548828,0.0002771559866957,0.0,1,-2.77,1882.8692321777344,0.0004035780157148,0.0,1,-2.79,1882.870361328125,0.0003436085916929,0.0,1,10
ZINC000000036130,-0.23,1882.868225097656,0.0004570642587613,0.0,1,-0.58,1882.868682861328,0.0004327523301038,0.0,1,-0.72,1882.868560791016,0.0004392355110792,0.0,1,-1.05,1882.8684692382808,0.0004440978968107,0.0,1,-1.28,1882.8689880371087,0.0004165443776655,0.0,1,-1.89,1882.8681640625,0.000460305849249,0.0,1,-2.16,1882.8670043945312,0.0005218960685147,0.0,1,-2.83,1882.8669128417969,0.0005267584542462,0.0,1,-2.96,1882.869140625,0.0004084404014463,0.0,1,-3.3,1882.870880126953,0.0003160550725477,0.0,1,10
ZINC000000036136,-0.61,1882.867919921875,0.0004732722111997,0.0,1,-0.72,1882.868927001953,0.0004197859681531,0.0,1,-0.83,1882.8685913085933,0.0004376147158353,0.0,1,-0.93,1882.8682556152344,0.0004554434635175,0.0,1,-0.98,1882.8701171875,0.0003565749536436,0.0,1,-0.98,1882.8692932128904,0.0004003364252271,0.0,1,-1.12,1882.868621826172,0.0004359939205915,0.0,1,-1.28,1882.8677368164065,0.0004829969826627,0.0,1,-1.55,1882.8695068359373,0.0003889908585203,0.0,1,-1000.0,471.744140625,0.0,0.0,0,9
ZINC000000036148,-0.35,1882.87109375,0.0003047095058409,0.0,1,-0.52,1882.8722534179688,0.0002431192865752,0.0,1,-0.53,1882.8733520507808,0.0001847706577971,0.0,1,-0.73,1882.8728637695312,0.0002107033816985,0.0,1,-0.87,1882.8734741210933,0.0001782874768218,0.0,1,-0.89,1882.8697509765625,0.0003760244965696,0.0,1,-0.98,1882.8704833984373,0.0003371254107176,0.0,1,-1.03,1882.87158203125,0.0002787767819395,0.0,1,-3.32,1882.8726806640625,0.0002204281531615,0.0,1,-3.99,1849.0165710449216,1.7983258092776524,19.047619047619047,1,10
ZINC000000036297,-0.62,1882.8668212890625,0.0005316208399777,0.0,1,-0.81,1882.8666381835933,0.0005413456114407,0.0,1,-0.96,1882.8670043945312,0.0005218960685147,0.0,1,-0.99,1882.867126464844,0.0005154128875394,0.0,1,-1.08,1882.8674926757808,0.0004959633446134,0.0,1,-1.16,1882.8678283691409,0.0004781345969312,0.0,1,-1.18,1882.867126464844,0.0005154128875394,0.0,1,-1.46,1882.8674011230469,0.0005008257303449,0.0,1,-2.2,1882.8658752441409,0.0005818654925366,0.0,1,-3.91,1882.866943359375,0.0005251376590024,0.0,1,10
ZINC000000036346,-0.49,1882.8768310546875,0.0,0.0,1,-0.55,1882.8768310546875,0.0,0.0,1,-0.67,1882.8768310546875,0.0,0.0,1,-0.68,1882.8768310546875,0.0,0.0,1,-0.73,1882.8768005371087,1.6207952438347057e-06,0.0,1,-0.79,1882.8768310546875,0.0,0.0,1,-0.8,1882.8768310546875,0.0,0.0,1,-0.88,1882.8768310546875,0.0,0.0,1,-1.4,1882.8768310546875,0.0,0.0,1,-2.43,1882.876434326172,2.107033816985117e-05,0.0,1,10
ZINC000000036359,0.16,1882.868408203125,0.0004473394872983,0.0,1,0.15,1882.8684692382808,0.0004440978968107,0.0,1,0.13,1882.8707885742188,0.0003209174582792,0.0,1,0.09,1882.8681640625,0.000460305849249,0.0,1,0.09,1882.8681640625,0.000460305849249,0.0,1,0.03,1882.8680419921875,0.0004667890302243,0.0,1,-0.13,1882.8695678710933,0.0003857492680326,0.0,1,-0.53,1882.8687744140625,0.0004278899443723,0.0,1,-0.62,1882.868103027344,0.0004635474397367,0.0,1,-1.02,1882.869873046875,0.0003695413155943,0.0,1,10
ZINC000000036379,-0.18,1882.8768310546875,0.0,0.0,1,-0.23,1882.8765563964844,1.458715719451235e-05,0.0,1,-0.24,1882.8768310546875,0.0,0.0,1,-0.3,1882.8768310546875,0.0,0.0,1,-0.36,1882.8764038085933,2.269113341368588e-05,0.0,1,-0.43,1882.8768310546875,0.0,0.0,1,-0.43,1882.8768310546875,0.0,0.0,1,-1.06,1882.8768310546875,0.0,0.0,1,-2.61,1882.8768310546875,0.0,0.0,1,-3.15,1882.8768310546875,0.0,0.0,1,10
ZINC000000036383,-0.44,1882.8699340820312,0.0003662997251066,0.0,1,-0.47,1882.869659423828,0.0003808868823011,0.0,1,-0.66,1882.869598388672,0.0003841284727888,0.0,1,-0.78,1882.870574951172,0.0003322630249861,0.0,1,-0.8,1882.8694152832031,0.0003938532442518,0.0,1,-0.8,1882.8712768554688,0.0002949847343779,0.0,1,-0.86,1882.8708190917969,0.0003192966630354,0.0,1,-1.21,1882.872802734375,0.0002139449721861,0.0,1,-1.43,1882.869873046875,0.0003695413155943,0.0,1,-1.87,1882.8697204589844,0.0003776452918134,0.0,1,10
ZINC000000036406,-0.28,1882.8703002929688,0.0003468501821806,0.0,1,-0.41,1882.8717346191409,0.0002706728057203,0.0,1,-0.5,1882.8707885742188,0.0003209174582792,0.0,1,-0.64,1882.8692626953125,0.000401957220471,0.0,1,-0.68,1882.871154785156,0.0003014679153532,0.0,1,-0.76,1882.870056152344,0.0003598165441313,0.0,1,-0.83,1882.869659423828,0.0003808868823011,0.0,1,-1.04,1882.8685302734373,0.000440856306323,0.0,1,-1.13,1882.869873046875,0.0003695413155943,0.0,1,-1.69,1882.8707275390625,0.0003241590487669,0.0,1,10
ZINC000000036424,-0.27,1882.873046875,0.0002009786102355,0.0,1,-0.79,1882.8712158203125,0.0002982263248655,0.0,1,-0.85,1882.8729248046875,0.0002074617912108,0.0,1,-1.09,1882.873107910156,0.0001977370197478,0.0,1,-1.1,1882.8712768554688,0.0002949847343779,0.0,1,-1.25,1882.87255859375,0.0002269113341368,0.0,1,-1.32,1882.873291015625,0.0001880122482848,0.0,1,-1.36,1882.8720397949216,0.000254464853282,0.0,1,-2.22,1882.873046875,0.0002009786102355,0.0,1,-2.36,1882.8748168945312,0.000106972486093,0.0,1,10
ZINC000000036429,-0.13,1882.8752136230469,8.59021479232394e-05,0.0,1,-0.3,1882.875030517578,9.562691938624764e-05,0.0,1,-0.76,1882.876037597656,4.214067633970235e-05,0.0,1,-0.79,1882.8763427734373,2.593272390135529e-05,0.0,1,-0.89,1882.8757934570312,5.510703829037999e-05,0.0,1,-0.94,1882.8758239746087,5.348624304654528e-05,0.0,1,-1.22,1882.873962402344,0.0001523547529204,0.0,1,-2.28,1882.8768310546875,0.0,0.0,1,-2.36,1882.8735961914065,0.0001718042958464,0.0,1,-2.73,1882.873443603516,0.0001799082720656,0.0,1,10
ZINC000000036434,-0.17,1882.8743896484373,0.0001296636195067,0.0,1,-0.18,1882.8755798339844,6.645260499722293e-05,0.0,1,-0.23,1882.8756713867188,6.15902192657188e-05,0.0,1,-0.28,1882.8751525878904,8.91437384109088e-05,0.0,1,-0.54,1882.8768310546875,0.0,0.0,1,-0.69,1882.8755493164065,6.807340024105763e-05,0.0,1,-0.69,1882.875396728516,7.617737646023117e-05,0.0,1,-0.99,1882.8753662109373,7.779817170406587e-05,0.0,1,-1.08,1882.875244140625,8.42813526794047e-05,0.0,1,-1.35,1882.875030517578,9.562691938624764e-05,0.0,1,10
ZINC000000036477,-0.61,1882.873779296875,0.0001620795243834,0.0,1,-0.67,1882.873443603516,0.0001799082720656,0.0,1,-0.69,1882.873565673828,0.0001734250910903,0.0,1,-0.85,1882.8723449707031,0.0002382569008437,0.0,1,-0.87,1882.8737182617188,0.0001653211148711,0.0,1,-1.03,1882.873291015625,0.0001880122482848,0.0,1,-1.6,1882.874938964844,0.0001004893051177,0.0,1,-1.95,1882.8740234375,0.0001491131624327,0.0,1,-2.19,1882.8739318847656,0.0001539755481642,0.0,1,-5.11,1882.8736877441409,0.0001669419101149,0.0,1,10
ZINC000000036500,-0.65,1882.8756713867188,6.15902192657188e-05,0.0,1,-0.82,1882.8768310546875,0.0,0.0,1,-0.95,1882.876037597656,4.214067633970235e-05,0.0,1,-0.96,1882.8758850097656,5.024465255887588e-05,0.0,1,-0.99,1882.8761596679688,3.565749536436352e-05,0.0,1,-1.0,1882.8768310546875,0.0,0.0,1,-1.0,1882.8759765625,4.538226682737176e-05,0.0,1,-1.28,1882.8768310546875,0.0,0.0,1,-2.19,1882.8768310546875,0.0,0.0,1,-2.31,1882.8765258789065,1.6207952438347055e-05,0.0,1,10
ZINC000000036508,-0.27,1882.8728637695312,0.0002107033816985,0.0,1,-0.73,1882.8743286132808,0.0001329052099944,0.0,1,-0.83,1882.8716430664065,0.0002755351914518,0.0,1,-0.85,1882.87240600586,0.000235015310356,0.0,1,-0.98,1882.8706665039065,0.0003274006392546,0.0,1,-1.03,1882.8727416992188,0.0002171865626738,0.0,1,-1.18,1882.86962890625,0.0003825076775449,0.0,1,-1.22,1882.87060546875,0.0003306422297422,0.0,1,-2.69,1882.8703002929688,0.0003468501821806,0.0,1,-3.74,1882.8728637695312,0.0002107033816985,0.0,1,10
ZINC000000036516,-0.79,1882.8712768554688,0.0002949847343779,0.0,1,-1.08,1882.8732604980469,0.0001896330435286,0.0,1,-1.19,1882.8722229003904,0.000244740081819,0.0,1,-1.25,1882.8719482421875,0.0002593272390135,0.0,1,-1.32,1882.871826171875,0.0002658104199888,0.0,1,-1.4,1882.8729248046875,0.0002074617912108,0.0,1,-1.49,1882.871612548828,0.0002771559866957,0.0,1,-2.78,1882.8715209960933,0.0002820183724272,0.0,1,-2.81,1882.8707885742188,0.0003209174582792,0.0,1,-3.05,1882.8712158203125,0.0002982263248655,0.0,1,10
ZINC000000036616,-0.4,1882.8739929199216,0.0001507339576766,0.0,1,-0.98,1882.8757019042969,5.996942402188411e-05,0.0,1,-1.15,1882.8730163574216,0.0002025994054793,0.0,1,-1.29,1882.87548828125,7.131499072872705e-05,0.0,1,-1.51,1882.8756713867188,6.15902192657188e-05,0.0,1,-1.62,1882.87353515625,0.0001750458863341,0.0,1,-1.62,1882.8736267089844,0.0001701835006026,0.0,1,-1.79,1882.8732604980469,0.0001896330435286,0.0,1,-2.13,1882.8753662109373,7.779817170406587e-05,0.0,1,-2.4,1882.874053955078,0.0001474923671889,0.0,1,10
ZINC000000036662,-1.14,1882.868225097656,0.0004570642587613,0.0,1,-1.24,1882.8692626953125,0.000401957220471,0.0,1,-1.54,1882.8687744140625,0.0004278899443723,0.0,1,-1.57,1882.8684692382808,0.0004440978968107,0.0,1,-2.46,1882.868408203125,0.0004473394872983,0.0,1,-2.63,1882.868225097656,0.0004570642587613,0.0,1,-2.75,1882.8665771484373,0.0005445872019284,0.0,1,-3.05,1882.8687133789065,0.00043113153486,0.0,1,-3.13,1882.8702392578125,0.0003500917726682,0.0,1,-5.49,1882.8678283691409,0.0004781345969312,0.0,1,10
ZINC000000036673,0.19,1882.8665771484373,0.0005445872019284,0.0,1,0.16,1882.865295410156,0.0006126606021695,0.0,1,-0.42,1882.864318847656,0.0006645260499722,0.0,1,-0.68,1882.865234375,0.0006159021926571,0.0,1,-0.72,1882.8673706054688,0.0005024465255887,0.0,1,-0.8,1882.8660278320312,0.0005737615163174,0.0,1,-0.92,1882.8660278320312,0.0005737615163174,0.0,1,-1.32,1882.864196777344,0.0006710092309475,0.0,1,-1.34,1882.8680419921875,0.0004667890302243,0.0,1,-3.25,1882.8654174804688,0.0006061774211941,0.0,1,10
ZINC000000036719,0.16,1882.873046875,0.0002009786102355,0.0,1,0.14,1882.87158203125,0.0002787767819395,0.0,1,0.1,1882.8714599609373,0.0002852599629149,0.0,1,0.09,1882.8731689453125,0.0001944954292601,0.0,1,-0.08,1882.87338256836,0.0001831498625533,0.0,1,-0.1,1882.87435913086,0.0001312844147506,0.0,1,-0.19,1882.87240600586,0.000235015310356,0.0,1,-0.34,1882.8716735839844,0.000273914396208,0.0,1,-0.5,1882.872802734375,0.0002139449721861,0.0,1,-0.97,1882.871490478516,0.000283639167671,0.0,1,10
ZINC000000036787,-0.14,1882.8746337890625,0.000116697257556,0.0,1,-0.4,1882.874755859375,0.0001102140765807,0.0,1,-0.47,1882.873809814453,0.0001604587291396,0.0,1,-0.47,1882.87548828125,7.131499072872705e-05,0.0,1,-0.62,1882.8768310546875,0.0,0.0,1,-0.69,1882.87435913086,0.0001312844147506,0.0,1,-0.73,1882.8768310546875,0.0,0.0,1,-0.76,1882.874267578125,0.0001361468004821,0.0,1,-1.02,1882.8734130859373,0.0001815290673094,0.0,1,-5.35,1882.8768310546875,0.0,0.0,1,10
ZINC000000036845,-0.95,1882.8768310546875,0.0,0.0,1,-1.06,1882.8766784667969,8.103976219173527e-06,0.0,1,-1.1,1882.8768310546875,0.0,0.0,1,-1.19,1882.8746948242188,0.0001134556670684,0.0,1,-1.23,1882.8746337890625,0.000116697257556,0.0,1,-1.45,1882.8757019042969,5.996942402188411e-05,0.0,1,-1.7,1882.8736572265625,0.0001685627053588,0.0,1,-3.92,1882.8751220703125,9.076453365474352e-05,0.0,1,-5.23,1882.875762939453,5.672783353421469e-05,0.0,1,-1000.0,471.744140625,0.0,0.0,0,9
ZINC000000036865,-0.66,1882.8737182617188,0.0001653211148711,0.0,1,-0.68,1882.8739929199216,0.0001507339576766,0.0,1,-1.08,1882.8739318847656,0.0001539755481642,0.0,1,-1.16,1882.8731384277344,0.0001961162245039,0.0,1,-1.17,1882.8739013671875,0.0001555963434081,0.0,1,-1.23,1882.8739013671875,0.0001555963434081,0.0,1,-1.35,1882.872802734375,0.0002139449721861,0.0,1,-1.4,1882.873504638672,0.0001766666815779,0.0,1,-1.82,1882.8738403320312,0.0001588379338958,0.0,1,-2.24,1882.8739929199216,0.0001507339576766,0.0,1,10
ZINC000000036883,-0.3,1882.8697509765625,0.0003760244965696,0.0,1,-0.73,1882.87255859375,0.0002269113341368,0.0,1,-0.76,1882.8704833984373,0.0003371254107176,0.0,1,-0.78,1882.872985839844,0.0002042202007231,0.0,1,-0.81,1882.8699951171875,0.0003630581346189,0.0,1,-1.16,1882.8719482421875,0.0002593272390135,0.0,1,-1.29,1882.868103027344,0.0004635474397367,0.0,1,-1.58,1882.8685913085933,0.0004376147158353,0.0,1,-1.73,1882.8709106445312,0.0003144342773039,0.0,1,-1.79,1882.87060546875,0.0003306422297422,0.0,1,10
ZINC000000036964,-0.28,1882.8699951171875,0.0003630581346189,0.0,1,-0.7,1882.868896484375,0.000421406763397,0.0,1,-0.89,1882.8709106445312,0.0003144342773039,0.0,1,-1.31,1882.8697509765625,0.0003760244965696,0.0,1,-1.74,1882.8706665039065,0.0003274006392546,0.0,1,-1.8,1882.86865234375,0.0004343731253477,0.0,1,-1.91,1882.8699340820312,0.0003662997251066,0.0,1,-2.11,1882.871337890625,0.0002917431438902,0.0,1,-3.13,1882.8702392578125,0.0003500917726682,0.0,1,-3.91,1882.8706665039065,0.0003274006392546,0.0,1,10
ZINC000000036987,-0.2,1882.874938964844,0.0001004893051177,0.0,1,-0.4,1882.8768310546875,0.0,0.0,1,-0.4,1882.8768310546875,0.0,0.0,1,-0.65,1882.8758239746087,5.348624304654528e-05,0.0,1,-0.75,1882.8768310546875,0.0,0.0,1,-0.95,1882.8768310546875,0.0,0.0,1,-0.96,1882.8768310546875,0.0,0.0,1,-1.03,1882.8768310546875,0.0,0.0,1,-1.18,1882.8768310546875,0.0,0.0,1,-2.45,1882.8734130859373,0.0001815290673094,0.0,1,10
ZINC000000036988,-1.07,1882.86962890625,0.0003825076775449,0.0,1,-1.31,1882.8692626953125,0.000401957220471,0.0,1,-1.39,1882.8683471679688,0.000450581077786,0.0,1,-1.53,1882.8682861328125,0.0004538226682737,0.0,1,-1.65,1882.869079589844,0.000411681991934,0.0,1,-2.2,1882.8681640625,0.000460305849249,0.0,1,-2.31,1882.8692626953125,0.000401957220471,0.0,1,-2.76,1882.87060546875,0.0003306422297422,0.0,1,-5.81,1882.8697509765625,0.0003760244965696,0.0,1,-5.81,1882.8673706054688,0.0005024465255887,0.0,1,10
ZINC000000037163,-0.08,1882.8768310546875,0.0,0.0,1,-0.16,1882.8768310546875,0.0,0.0,1,-0.22,1882.8768310546875,0.0,0.0,1,-0.28,1882.8768310546875,0.0,0.0,1,-0.34,1882.8768310546875,0.0,0.0,1,-0.49,1882.8768310546875,0.0,0.0,1,-1.12,1882.8768310546875,0.0,0.0,1,-1.21,1882.8768310546875,0.0,0.0,1,-3.36,1882.8768310546875,0.0,0.0,1,-5.41,1882.8768310546875,0.0,0.0,1,10
ZINC000000037228,-0.28,1882.8709106445312,0.0003144342773039,0.0,1,-0.3,1882.8693237304688,0.0003987156299833,0.0,1,-0.3,1882.8677368164065,0.0004829969826627,0.0,1,-0.44,1882.8687744140625,0.0004278899443723,0.0,1,-0.9,1882.8701171875,0.0003565749536436,0.0,1,-1.01,1882.870361328125,0.0003436085916929,0.0,1,-1.08,1882.8687744140625,0.0004278899443723,0.0,1,-1.14,1882.8702392578125,0.0003500917726682,0.0,1,-1.41,1882.8688354492188,0.0004246483538846,0.0,1,-3.87,1882.869201660156,0.0004051988109586,0.0,1,10
ZINC000000037298,-0.28,1882.86947631836,0.0003906116537641,0.0,1,-0.33,1882.8685302734373,0.000440856306323,0.0,1,-0.43,1882.86849975586,0.0004424771015668,0.0,1,-0.52,1882.8690185546875,0.0004149235824216,0.0,1,-0.68,1882.8699340820312,0.0003662997251066,0.0,1,-0.7,1882.8673095703125,0.0005056881160764,0.0,1,-0.8,1882.870147705078,0.0003549541583998,0.0,1,-0.86,1882.86849975586,0.0004424771015668,0.0,1,-1.23,1882.8693237304688,0.0003987156299833,0.0,1,-1.53,1882.871612548828,0.0002771559866957,0.0,1,10
ZINC000000037358,0.0,1882.869598388672,0.0003841284727888,0.0,1,-0.14,1882.86947631836,0.0003906116537641,0.0,1,-0.19,1882.8695068359373,0.0003889908585203,0.0,1,-0.2,1882.869873046875,0.0003695413155943,0.0,1,-0.26,1882.87045288086,0.0003387462059614,0.0,1,-0.37,1882.8707885742188,0.0003209174582792,0.0,1,-0.38,1882.870178222656,0.0003533333631559,0.0,1,-0.54,1882.870361328125,0.0003436085916929,0.0,1,-0.84,1882.870056152344,0.0003598165441313,0.0,1,-2.9,1882.8709716796875,0.0003111926868162,0.0,1,10
ZINC000000037359,-0.17,1882.870361328125,0.0003436085916929,0.0,1,-0.28,1882.8717041015625,0.0002722936009642,0.0,1,-0.28,1882.872985839844,0.0002042202007231,0.0,1,-0.34,1882.8723754882808,0.0002366361055998,0.0,1,-0.39,1882.870056152344,0.0003598165441313,0.0,1,-0.4,1882.8723754882808,0.0002366361055998,0.0,1,-0.44,1882.87255859375,0.0002269113341368,0.0,1,-0.46,1882.8723754882808,0.0002366361055998,0.0,1,-1000.0,471.744140625,0.0,0.0,0,-1000.0,471.744140625,0.0,0.0,0,8
ZINC000000037363,0.09,1882.871154785156,0.0003014679153532,0.0,1,0.07,1882.8706665039065,0.0003274006392546,0.0,1,0.01,1882.870361328125,0.0003436085916929,0.0,1,-0.05,1882.8709716796875,0.0003111926868162,0.0,1,-0.4,1882.8717041015625,0.0002722936009642,0.0,1,-0.88,1882.871337890625,0.0002917431438902,0.0,1,-1.65,1882.8702392578125,0.0003500917726682,0.0,1,-2.37,1882.872589111328,0.000225290538893,0.0,1,-3.06,1882.8722839355469,0.0002414984913313,0.0,1,-1000.0,471.744140625,0.0,0.0,0,9
ZINC000000037485,-0.24,1882.871124267578,0.000303088710597,0.0,1,-0.32,1882.872467041016,0.0002317737198683,0.0,1,-0.41,1882.8717346191409,0.0002706728057203,0.0,1,-0.43,1882.8703918457031,0.0003419877964491,0.0,1,-0.54,1882.8709411621087,0.00031281348206,0.0,1,-0.62,1882.8702392578125,0.0003500917726682,0.0,1,-0.74,1882.8711853027344,0.0002998471201094,0.0,1,-0.98,1882.8697814941409,0.0003744037013258,0.0,1,-1.22,1882.8696899414065,0.0003792660870573,0.0,1,-3.12,1882.866973876953,0.0005235168637586,0.0,1,10
ZINC000000037504,-0.99,1882.8676147460933,0.000489480163638,0.0,1,-1.03,1882.8658447265625,0.0005834862877804,0.0,1,-1.1,1882.865966796875,0.0005770031068051,0.0,1,-1.25,1882.8679809570312,0.000470030620712,0.0,1,-1.28,1882.866668701172,0.0005397248161969,0.0,1,-1.3,1882.8677978515625,0.000479755392175,0.0,1,-1.35,1882.8681640625,0.000460305849249,0.0,1,-1.49,1882.867431640625,0.000499204935101,0.0,1,-2.06,1882.8654174804688,0.0006061774211941,0.0,1,-2.5,1882.865264892578,0.0006142813974133,0.0,1,10
ZINC000000037507,-0.99,1882.8726806640625,0.0002204281531615,0.0,1,-1.05,1882.870178222656,0.0003533333631559,0.0,1,-1.07,1882.871154785156,0.0003014679153532,0.0,1,-1.18,1882.8712768554688,0.0002949847343779,0.0,1,-1.68,1882.8727416992188,0.0002171865626738,0.0,1,-1.71,1882.8719482421875,0.0002593272390135,0.0,1,-2.12,1882.8719482421875,0.0002593272390135,0.0,1,-2.23,1882.870056152344,0.0003598165441313,0.0,1,-2.72,1882.8717651367188,0.0002690520104765,0.0,1,-3.4,1882.8719482421875,0.0002593272390135,0.0,1,10
ZINC000000037518,-0.26,1882.870056152344,0.0003598165441313,0.0,1,-0.54,1882.870849609375,0.0003176758677916,0.0,1,-0.58,1882.8693237304688,0.0003987156299833,0.0,1,-0.7,1882.8706970214844,0.0003257798440107,0.0,1,-0.71,1882.870056152344,0.0003598165441313,0.0,1,-0.84,1882.8688354492188,0.0004246483538846,0.0,1,-0.85,1882.869140625,0.0004084404014463,0.0,1,-1.88,1882.869079589844,0.000411681991934,0.0,1,-2.0,1882.8704223632808,0.0003403670012052,0.0,1,-5.92,1882.8711853027344,0.0002998471201094,0.0,1,10
ZINC000000037579,-0.16,1882.875396728516,7.617737646023117e-05,0.0,1,-0.34,1882.8752746582031,8.266055743556999e-05,0.0,1,-0.38,1882.8758239746087,5.348624304654528e-05,0.0,1,-0.4,1882.8741760253904,0.0001410091862136,0.0,1,-0.45,1882.87533569336,7.941896694790058e-05,0.0,1,-0.46,1882.8748474121087,0.0001053516908492,0.0,1,-0.62,1882.87533569336,7.941896694790058e-05,0.0,1,-0.63,1882.8738403320312,0.0001588379338958,0.0,1,-2.45,1882.8768310546875,0.0,0.0,1,-1000.0,471.744140625,0.0,0.0,0,9
ZINC000000037587,-0.59,1882.8697509765625,0.0003760244965696,0.0,1,-0.62,1882.8688354492188,0.0004246483538846,0.0,1,-0.67,1882.868621826172,0.0004359939205915,0.0,1,-1.06,1882.869171142578,0.0004068196062025,0.0,1,-1.07,1882.872131347656,0.0002496024675505,0.0,1,-1.15,1882.870056152344,0.0003598165441313,0.0,1,-1.52,1882.871490478516,0.000283639167671,0.0,1,-2.4,1882.8668823242188,0.0005283792494901,0.0,1,-3.33,1882.8666381835933,0.0005413456114407,0.0,1,-3.4,1882.8668823242188,0.0005283792494901,0.0,1,10
ZINC000000037622,-0.15,1882.8768310546875,0.0,0.0,1,-0.29,1882.8768310546875,0.0,0.0,1,-0.6,1882.8768310546875,0.0,0.0,1,-0.69,1882.8768310546875,0.0,0.0,1,-0.88,1882.8768310546875,0.0,0.0,1,-0.9,1882.8768310546875,0.0,0.0,1,-1.19,1882.8768310546875,0.0,0.0,1,-1.59,1882.8768310546875,0.0,0.0,1,-5.09,1882.8768310546875,0.0,0.0,1,-5.31,1882.8768310546875,0.0,0.0,1,10
ZINC000000037680,0.02,1882.8699340820312,0.0003662997251066,0.0,1,-0.06,1882.8724975585933,0.0002301529246245,0.0,1,-0.09,1882.8695068359373,0.0003889908585203,0.0,1,-0.23,1882.869140625,0.0004084404014463,0.0,1,-0.74,1882.8710632324216,0.0003063303010847,0.0,1,-0.76,1882.8717346191409,0.0002706728057203,0.0,1,-0.83,1882.8695068359373,0.0003889908585203,0.0,1,-0.9,1882.871154785156,0.0003014679153532,0.0,1,-1.48,1882.8717956542969,0.0002674312152327,0.0,1,-3.91,1882.8683471679688,0.000450581077786,0.0,1,10
ZINC000000037788,-0.42,1882.8684692382808,0.0004440978968107,0.0,1,-0.57,1882.8688659667969,0.0004230275586408,0.0,1,-0.64,1882.871154785156,0.0003014679153532,0.0,1,-0.77,1882.8703918457031,0.0003419877964491,0.0,1,-0.84,1882.871612548828,0.0002771559866957,0.0,1,-0.9,1882.8704223632808,0.0003403670012052,0.0,1,-0.92,1882.869873046875,0.0003695413155943,0.0,1,-0.95,1882.8688354492188,0.0004246483538846,0.0,1,-1.09,1882.8706665039065,0.0003274006392546,0.0,1,-1.83,1882.8703308105469,0.0003452293869367,0.0,1,10
ZINC000000037823,0.18,1882.8665161132808,0.0005478287924161,0.0,1,0.05,1882.865966796875,0.0005770031068051,0.0,1,-0.04,1882.8667602539065,0.0005348624304654,0.0,1,-0.05,1882.867431640625,0.000499204935101,0.0,1,-0.09,1882.867919921875,0.0004732722111997,0.0,1,-0.09,1882.8668823242188,0.0005283792494901,0.0,1,-0.13,1882.8668823242188,0.0005283792494901,0.0,1,-0.23,1882.8670654296875,0.0005186544780271,0.0,1,-0.49,1882.867248535156,0.000508929706564,0.0,1,-1.13,1882.86849975586,0.0004424771015668,0.0,1,10
ZINC000000037888,0.45,1882.8687744140625,0.0004278899443723,0.0,1,0.07,1882.8689575195312,0.0004181651729093,0.0,1,0.04,1882.8703002929688,0.0003468501821806,0.0,1,0.03,1882.867431640625,0.000499204935101,0.0,1,0.0,1882.868896484375,0.000421406763397,0.0,1,-0.07,1882.8666381835933,0.0005413456114407,0.0,1,-0.11,1882.8696899414065,0.0003792660870573,0.0,1,-0.17,1882.8702392578125,0.0003500917726682,0.0,1,-0.26,1882.8695068359373,0.0003889908585203,0.0,1,-2.42,1882.8682861328125,0.0004538226682737,0.0,1,10
ZINC000000037927,-0.1,1882.8768310546875,0.0,0.0,1,-0.13,1882.8768310546875,0.0,0.0,1,-0.14,1882.8768310546875,0.0,0.0,1,-0.23,1882.8768310546875,0.0,0.0,1,-0.37,1882.8768310546875,0.0,0.0,1,-0.57,1882.8768310546875,0.0,0.0,1,-0.76,1882.8768310546875,0.0,0.0,1,-0.79,1882.8768310546875,0.0,0.0,1,-0.8,1882.8768310546875,0.0,0.0,1,-5.38,1882.8768310546875,0.0,0.0,1,10
ZINC000000037982,-0.35,1882.874755859375,0.0001102140765807,0.0,1,-0.56,1882.8729248046875,0.0002074617912108,0.0,1,-0.56,1882.874938964844,0.0001004893051177,0.0,1,-0.67,1882.875244140625,8.42813526794047e-05,0.0,1,-0.78,1882.871337890625,0.0002917431438902,0.0,1,-0.8,1882.872314453125,0.0002398776960875,0.0,1,-0.84,1882.87548828125,7.131499072872705e-05,0.0,1,-0.93,1882.874267578125,0.0001361468004821,0.0,1,-0.96,1882.8737182617188,0.0001653211148711,0.0,1,-1000.0,471.744140625,0.0,0.0,0,9
ZINC000000038035,-0.53,1882.87142944336,0.0002868807581587,0.0,1,-0.78,1882.8717041015625,0.0002722936009642,0.0,1,-0.92,1882.867706298828,0.0004846177779065,0.0,1,-1.08,1882.86962890625,0.0003825076775449,0.0,1,-1.1,1882.869873046875,0.0003695413155943,0.0,1,-1.49,1882.8696899414065,0.0003792660870573,0.0,1,-1.88,1882.869079589844,0.000411681991934,0.0,1,-1.95,1882.8702392578125,0.0003500917726682,0.0,1,-2.01,1882.8693237304688,0.0003987156299833,0.0,1,-3.17,1882.8673095703125,0.0005056881160764,0.0,1,10
ZINC000000038066,-0.21,1882.864013671875,0.0006807340024105,0.0,1,-0.47,1882.8639526367188,0.0006839755928982,0.0,1,-0.66,1882.8662109375,0.0005640367448544,0.0,1,-0.71,1882.8662109375,0.0005640367448544,0.0,1,-0.78,1882.8650512695312,0.0006256269641201,0.0,1,-0.87,1882.864990234375,0.0006288685546078,0.0,1,-1.18,1882.8665771484373,0.0005445872019284,0.0,1,-1.74,1882.8651123046875,0.0006223853736325,0.0,1,-1.87,1882.8646850585933,0.0006450765070462,0.0,1,-2.05,1882.863220214844,0.0007228746787502,0.0,1,10
ZINC000000038153,-0.27,1882.8732299804688,0.0001912538387724,0.0,1,-0.64,1882.870147705078,0.0003549541583998,0.0,1,-0.72,1882.8685913085933,0.0004376147158353,0.0,1,-0.81,1882.8702392578125,0.0003500917726682,0.0,1,-0.95,1882.8693237304688,0.0003987156299833,0.0,1,-1.02,1882.871826171875,0.0002658104199888,0.0,1,-1.08,1882.8703002929688,0.0003468501821806,0.0,1,-1.56,1882.8714599609373,0.0002852599629149,0.0,1,-1.77,1882.8673706054688,0.0005024465255887,0.0,1,-2.84,1882.8690185546875,0.0004149235824216,0.0,1,10
ZINC000000038154,-0.15,1882.8702697753904,0.0003484709774244,0.0,1,-0.19,1882.8702392578125,0.0003500917726682,0.0,1,-0.28,1882.87060546875,0.0003306422297422,0.0,1,-0.36,1882.8688659667969,0.0004230275586408,0.0,1,-0.37,1882.871612548828,0.0002771559866957,0.0,1,-0.51,1882.8689575195312,0.0004181651729093,0.0,1,-0.66,1882.8699645996087,0.0003646789298628,0.0,1,-0.67,1882.8713989257808,0.0002885015534025,0.0,1,-1.5,1882.8688659667969,0.0004230275586408,0.0,1,-1.5,1882.8708190917969,0.0003192966630354,0.0,1,10
ZINC000000038231,-0.78,1882.8695678710933,0.0003857492680326,0.0,1,-0.8,1882.8694458007808,0.0003922324490079,0.0,1,-0.92,1882.8696899414065,0.0003792660870573,0.0,1,-0.94,1882.8696899414065,0.0003792660870573,0.0,1,-0.99,1882.8693237304688,0.0003987156299833,0.0,1,-1.02,1882.8689575195312,0.0004181651729093,0.0,1,-1.13,1882.870056152344,0.0003598165441313,0.0,1,-1.13,1882.870361328125,0.0003436085916929,0.0,1,-1.16,1882.8696899414065,0.0003792660870573,0.0,1,-3.23,1882.86865234375,0.0004343731253477,0.0,1,10
ZINC000000038301,-0.66,1882.8712158203125,0.0002982263248655,0.0,1,-1.06,1882.871032714844,0.0003079510963285,0.0,1,-1.15,1882.8695678710933,0.0003857492680326,0.0,1,-1.23,1882.8724975585933,0.0002301529246245,0.0,1,-1.65,1882.8711853027344,0.0002998471201094,0.0,1,-1.69,1882.8689575195312,0.0004181651729093,0.0,1,-1.75,1882.8709716796875,0.0003111926868162,0.0,1,-2.2,1882.8707275390625,0.0003241590487669,0.0,1,-2.25,1882.8699951171875,0.0003630581346189,0.0,1,-3.93,1882.8704833984373,0.0003371254107176,0.0,1,10
ZINC000000038321,-0.62,1882.8758239746087,5.348624304654528e-05,0.0,1,-0.8,1882.8746948242188,0.0001134556670684,0.0,1,-0.81,1882.8753051757808,8.103976219173528e-05,0.0,1,-0.84,1882.875457763672,7.293578597256175e-05,0.0,1,-0.92,1882.8759460449216,4.700306207120646e-05,0.0,1,-0.93,1882.875732421875,5.83486287780494e-05,0.0,1,-0.95,1882.8761596679688,3.565749536436352e-05,0.0,1,-1.07,1882.8758239746087,5.348624304654528e-05,0.0,1,-1.17,1882.875244140625,8.42813526794047e-05,0.0,1,-4.09,1882.8768310546875,0.0,0.0,1,10
ZINC000000038325,-0.15,1882.8689880371087,0.0004165443776655,0.0,1,-0.16,1882.869384765625,0.0003954740394956,0.0,1,-0.26,1882.869537353516,0.0003873700632764,0.0,1,-0.28,1882.8710021972656,0.0003095718915724,0.0,1,-0.33,1882.8704833984373,0.0003371254107176,0.0,1,-0.33,1882.8707885742188,0.0003209174582792,0.0,1,-1.06,1882.87109375,0.0003047095058409,0.0,1,-1.23,1882.869079589844,0.000411681991934,0.0,1,-1.26,1882.8713989257808,0.0002885015534025,0.0,1,-1.36,1882.8701171875,0.0003565749536436,0.0,1,10
ZINC000000038341,-0.19,1882.872528076172,0.0002285321293806,0.0,1,-0.31,1882.871490478516,0.000283639167671,0.0,1,-0.32,1882.8721923828125,0.0002463608770628,0.0,1,-0.54,1882.8726806640625,0.0002204281531615,0.0,1,-0.63,1882.872314453125,0.0002398776960875,0.0,1,-0.65,1882.8736572265625,0.0001685627053588,0.0,1,-0.75,1882.8720703125,0.0002528440580382,0.0,1,-0.81,1882.8740234375,0.0001491131624327,0.0,1,-1.11,1882.8746337890625,0.000116697257556,0.0,1,-1.15,1882.8731384277344,0.0001961162245039,0.0,1,10
ZINC000000038434,-0.5,1882.8748474121087,0.0001053516908492,0.0,1,-0.64,1882.8743286132808,0.0001329052099944,0.0,1,-0.92,1882.8751525878904,8.91437384109088e-05,0.0,1,-1.0,1882.8763427734373,2.593272390135529e-05,0.0,1,-1.24,1882.8731994628904,0.0001928746340163,0.0,1,-1.53,1882.874755859375,0.0001102140765807,0.0,1,-1.97,1882.8736572265625,0.0001685627053588,0.0,1,-2.06,1882.8753051757808,8.103976219173528e-05,0.0,1,-2.33,1882.8735961914065,0.0001718042958464,0.0,1,-3.24,1882.8746948242188,0.0001134556670684,0.0,1,10
ZINC000000038518,-0.06,1882.8763427734373,2.593272390135529e-05,0.0,1,-0.13,1882.8758544921875,5.186544780271058e-05,0.0,1,-0.13,1882.8755493164065,6.807340024105763e-05,0.0,1,-0.15,1882.8758850097656,5.024465255887588e-05,0.0,1,-0.17,1882.8762817382808,2.91743143890247e-05,0.0,1,-0.2,1882.8764038085933,2.269113341368588e-05,0.0,1,-0.22,1882.87548828125,7.131499072872705e-05,0.0,1,-0.33,1882.8755493164065,6.807340024105763e-05,0.0,1,-0.34,1882.8768310546875,0.0,0.0,1,-0.87,1882.873779296875,0.0001620795243834,0.0,1,10
ZINC000000038549,-0.46,1882.872985839844,0.0002042202007231,0.0,1,-0.64,1882.8733520507808,0.0001847706577971,0.0,1,-1.08,1882.8729248046875,0.0002074617912108,0.0,1,-1.2,1882.872467041016,0.0002317737198683,0.0,1,-1.49,1882.8740234375,0.0001491131624327,0.0,1,-1.8,1882.8732604980469,0.0001896330435286,0.0,1,-1.83,1882.8746643066409,0.0001150764623122,0.0,1,-1.91,1882.8738403320312,0.0001588379338958,0.0,1,-1.93,1882.8754272460933,7.455658121639646e-05,0.0,1,-1.94,1882.8717041015625,0.0002722936009642,0.0,1,10
ZINC000000038559,-0.25,1882.87060546875,0.0003306422297422,0.0,1,-0.47,1882.8713989257808,0.0002885015534025,0.0,1,-0.69,1882.8701171875,0.0003565749536436,0.0,1,-0.74,1882.87060546875,0.0003306422297422,0.0,1,-1.02,1882.8715209960933,0.0002820183724272,0.0,1,-1.55,1882.867126464844,0.0005154128875394,0.0,1,-1.61,1882.8689575195312,0.0004181651729093,0.0,1,-1.88,1882.8723754882808,0.0002366361055998,0.0,1,-1.92,1882.8707885742188,0.0003209174582792,0.0,1,-2.51,1882.869079589844,0.000411681991934,0.0,1,10
ZINC000000038587,-0.37,1882.8697509765625,0.0003760244965696,0.0,1,-0.88,1882.872314453125,0.0002398776960875,0.0,1,-0.94,1882.87060546875,0.0003306422297422,0.0,1,-1.01,1882.8705444335933,0.0003338838202299,0.0,1,-1.27,1882.8707275390625,0.0003241590487669,0.0,1,-1.94,1882.8713989257808,0.0002885015534025,0.0,1,-2.46,1882.8699340820312,0.0003662997251066,0.0,1,-2.79,1882.8696899414065,0.0003792660870573,0.0,1,-2.79,1882.870056152344,0.0003598165441313,0.0,1,-3.87,1882.8699951171875,0.0003630581346189,0.0,1,10
ZINC000000038631,-0.56,1882.8768310546875,0.0,0.0,1,-0.75,1882.8768310546875,0.0,0.0,1,-1.05,1882.8768310546875,0.0,0.0,1,-1.05,1882.8768310546875,0.0,0.0,1,-1.21,1882.8768310546875,0.0,0.0,1,-1.27,1882.8768310546875,0.0,0.0,1,-1.37,1882.8768310546875,0.0,0.0,1,-1.59,1882.8768310546875,0.0,0.0,1,-3.16,1882.8768310546875,0.0,0.0,1,-3.55,1882.8768310546875,0.0,0.0,1,10
ZINC000000038735,-0.5,1882.8746032714844,0.0001183180527999,0.0,1,-0.57,1882.874938964844,0.0001004893051177,0.0,1,-0.63,1882.8755493164065,6.807340024105763e-05,0.0,1,-0.72,1882.8742980957031,0.0001345260052382,0.0,1,-1.16,1882.87435913086,0.0001312844147506,0.0,1,-1.33,1882.8744506835933,0.0001264220290191,0.0,1,-1.62,1882.874755859375,0.0001102140765807,0.0,1,-2.44,1882.8748779296875,0.0001037308956054,0.0,1,-2.45,1882.8742065429688,0.0001393883909697,0.0,1,-3.14,1882.874053955078,0.0001474923671889,0.0,1,10
ZINC000000038788,0.58,1882.8702087402344,0.0003517125679121,0.0,1,-0.17,1882.8683166503904,0.0004522018730298,0.0,1,-0.36,1882.8692626953125,0.000401957220471,0.0,1,-0.5,1882.8694152832031,0.0003938532442518,0.0,1,-0.86,1882.8698120117188,0.0003727829060819,0.0,1,-0.91,1882.8689575195312,0.0004181651729093,0.0,1,-1.07,1882.870513916016,0.0003355046154737,0.0,1,-1.1,1882.869201660156,0.0004051988109586,0.0,1,-1.17,1882.8688354492188,0.0004246483538846,0.0,1,-2.94,1882.8702087402344,0.0003517125679121,0.0,1,10
ZINC000000038833,-0.2,1882.8768310546875,0.0,0.0,1,-0.22,1882.875915527344,4.8623857315041175e-05,0.0,1,-0.28,1882.8768310546875,0.0,0.0,1,-0.41,1882.8768310546875,0.0,0.0,1,-0.41,1882.8768310546875,0.0,0.0,1,-0.44,1882.8768310546875,0.0,0.0,1,-0.49,1882.8768310546875,0.0,0.0,1,-0.65,1882.8768310546875,0.0,0.0,1,-1.13,1882.8768310546875,0.0,0.0,1,-1.24,1882.8768310546875,0.0,0.0,1,10
ZINC000000038836,-0.57,1882.8768310546875,0.0,0.0,1,-0.66,1882.8768310546875,0.0,0.0,1,-0.8,1882.8768310546875,0.0,0.0,1,-0.94,1882.8768310546875,0.0,0.0,1,-1.13,1882.8768310546875,0.0,0.0,1,-1.38,1882.8765563964844,1.458715719451235e-05,0.0,1,-1.42,1882.8768310546875,0.0,0.0,1,-1.51,1882.8768310546875,0.0,0.0,1,-2.18,1882.876037597656,4.214067633970235e-05,0.0,1,-2.6,1882.8768310546875,0.0,0.0,1,10
ZINC000000038879,-0.19,1882.87109375,0.0003047095058409,0.0,1,-0.22,1882.869598388672,0.0003841284727888,0.0,1,-0.33,1882.8697509765625,0.0003760244965696,0.0,1,-0.56,1882.870513916016,0.0003355046154737,0.0,1,-0.64,1882.8693237304688,0.0003987156299833,0.0,1,-0.97,1882.8677978515625,0.000479755392175,0.0,1,-2.33,1882.8668518066409,0.0005300000447339,0.0,1,-2.54,1882.8697509765625,0.0003760244965696,0.0,1,-2.86,1882.8670349121087,0.0005202752732709,0.0,1,-1000.0,471.744140625,0.0,0.0,0,9
ZINC000000038888,-0.26,1882.8768310546875,0.0,0.0,1,-0.41,1882.8768310546875,0.0,0.0,1,-0.6,1882.8768310546875,0.0,0.0,1,-0.7,1882.8768310546875,0.0,0.0,1,-0.74,1882.8768310546875,0.0,0.0,1,-0.75,1882.8768310546875,0.0,0.0,1,-0.91,1882.8768310546875,0.0,0.0,1,-0.94,1882.8768310546875,0.0,0.0,1,-1.41,1882.8768310546875,0.0,0.0,1,-1.42,1882.8768310546875,0.0,0.0,1,10
ZINC000000038920,-0.57,1882.8721923828125,0.0002463608770628,0.0,1,-0.58,1882.8734741210933,0.0001782874768218,0.0,1,-0.64,1882.8733520507808,0.0001847706577971,0.0,1,-0.66,1882.8721923828125,0.0002463608770628,0.0,1,-0.67,1882.8727416992188,0.0002171865626738,0.0,1,-0.81,1882.87255859375,0.0002269113341368,0.0,1,-0.82,1882.8724365234373,0.0002333945151121,0.0,1,-0.92,1882.8709106445312,0.0003144342773039,0.0,1,-3.13,1882.8709716796875,0.0003111926868162,0.0,1,-5.05,1882.8723754882808,0.0002366361055998,0.0,1,10
ZINC000000038980,-0.72,1882.8768310546875,0.0,0.0,1,-0.78,1882.8768310546875,0.0,0.0,1,-1.28,1882.8768310546875,0.0,0.0,1,-1.6,1882.8768310546875,0.0,0.0,1,-1.95,1882.8768310546875,0.0,0.0,1,-2.13,1882.8768310546875,0.0,0.0,1,-2.2,1882.8768310546875,0.0,0.0,1,-2.23,1882.8768310546875,0.0,0.0,1,-2.46,1882.8768310546875,0.0,0.0,1,-2.49,1882.8768310546875,0.0,0.0,1,10
ZINC000000039058,-0.37,1882.868682861328,0.0004327523301038,0.0,1,-0.5,1882.870178222656,0.0003533333631559,0.0,1,-0.52,1882.8704223632808,0.0003403670012052,0.0,1,-1.1,1882.8694458007808,0.0003922324490079,0.0,1,-1.18,1882.8695678710933,0.0003857492680326,0.0,1,-1.19,1882.8702087402344,0.0003517125679121,0.0,1,-1.32,1882.869537353516,0.0003873700632764,0.0,1,-1.35,1882.869201660156,0.0004051988109586,0.0,1,-1.59,1882.8692321777344,0.0004035780157148,0.0,1,-5.42,1882.8677673339844,0.0004813761874189,0.0,1,10
ZINC000000039079,0.15,1882.8679809570312,0.000470030620712,0.0,1,0.14,1882.8676147460933,0.000489480163638,0.0,1,0.13,1882.868225097656,0.0004570642587613,0.0,1,0.08,1882.8680419921875,0.0004667890302243,0.0,1,0.05,1882.8687744140625,0.0004278899443723,0.0,1,0.01,1882.8696899414065,0.0003792660870573,0.0,1,0.0,1882.8703002929688,0.0003468501821806,0.0,1,-0.06,1882.870178222656,0.0003533333631559,0.0,1,-0.07,1882.8704833984373,0.0003371254107176,0.0,1,-0.11,1882.8702392578125,0.0003500917726682,0.0,1,10
ZINC000000039226,-0.53,1882.8768310546875,0.0,0.0,1,-0.81,1882.8751831054688,8.75229431670741e-05,0.0,1,-0.93,1882.8755493164065,6.807340024105763e-05,0.0,1,-1.0,1882.8768310546875,0.0,0.0,1,-1.07,1882.87353515625,0.0001750458863341,0.0,1,-1.1,1882.8753662109373,7.779817170406587e-05,0.0,1,-1.16,1882.87548828125,7.131499072872705e-05,0.0,1,-1.21,1882.8768310546875,0.0,0.0,1,-1.57,1882.8763427734373,2.593272390135529e-05,0.0,1,-2.32,1882.8757019042969,5.996942402188411e-05,0.0,1,10
ZINC000000039245,-1.34,1882.8677368164065,0.0004829969826627,0.0,1,-1.35,1882.8676147460933,0.000489480163638,0.0,1,-1.43,1882.8676147460933,0.000489480163638,0.0,1,-1.46,1882.8673706054688,0.0005024465255887,0.0,1,-1.49,1882.86767578125,0.0004862385731504,0.0,1,-1.56,1882.8677978515625,0.000479755392175,0.0,1,-1.63,1882.868103027344,0.0004635474397367,0.0,1,-1.64,1882.8679809570312,0.000470030620712,0.0,1,-2.18,1882.8668212890625,0.0005316208399777,0.0,1,-5.2,471.744140625,0.0,0.0,1,10
ZINC000000039424,-0.25,1882.8735961914065,0.0001718042958464,0.0,1,-0.37,1882.8739929199216,0.0001507339576766,0.0,1,-0.66,1882.87240600586,0.000235015310356,0.0,1,-0.9,1882.872802734375,0.0002139449721861,0.0,1,-1.02,1882.8738403320312,0.0001588379338958,0.0,1,-1.14,1882.874542236328,0.0001215596432876,0.0,1,-1.48,1882.8736267089844,0.0001701835006026,0.0,1,-1.87,1882.872009277344,0.0002560856485258,0.0,1,-5.71,1882.8726196289065,0.0002236697436491,0.0,1,-5.79,1882.873046875,0.0002009786102355,0.0,1,10
ZINC000000039431,-0.19,1882.869873046875,0.0003695413155943,0.0,1,-0.39,1882.8719482421875,0.0002593272390135,0.0,1,-0.44,1882.8697509765625,0.0003760244965696,0.0,1,-0.52,1882.868408203125,0.0004473394872983,0.0,1,-0.67,1882.8703002929688,0.0003468501821806,0.0,1,-0.72,1882.8703002929688,0.0003468501821806,0.0,1,-0.82,1882.8721923828125,0.0002463608770628,0.0,1,-1.06,1882.8699951171875,0.0003630581346189,0.0,1,-1.27,1882.8727416992188,0.0002171865626738,0.0,1,-2.47,1882.867919921875,0.0004732722111997,0.0,1,10
ZINC000000040009,0.03,1882.87338256836,0.0001831498625533,0.0,1,-0.2,1882.874053955078,0.0001474923671889,0.0,1,-0.48,1882.8726196289065,0.0002236697436491,0.0,1,-0.5,1882.8733520507808,0.0001847706577971,0.0,1,-0.89,1882.87255859375,0.0002269113341368,0.0,1,-1.13,1882.8721618652344,0.0002479816723067,0.0,1,-1.87,1882.874053955078,0.0001474923671889,0.0,1,-2.02,1882.8732299804688,0.0001912538387724,0.0,1,-1000.0,471.744140625,0.0,0.0,0,-1000.0,471.744140625,0.0,0.0,0,8
ZINC000000040231,-0.24,1882.8713073730469,0.000293363939134,0.0,1,-0.33,1882.8703308105469,0.0003452293869367,0.0,1,-0.35,1882.87142944336,0.0002868807581587,0.0,1,-0.41,1882.8701171875,0.0003565749536436,0.0,1,-0.45,1882.8710021972656,0.0003095718915724,0.0,1,-0.55,1882.871124267578,0.000303088710597,0.0,1,-0.63,1882.871154785156,0.0003014679153532,0.0,1,-1.11,1882.8709716796875,0.0003111926868162,0.0,1,-2.63,1882.8704833984373,0.0003371254107176,0.0,1,-1000.0,471.744140625,0.0,0.0,0,9
ZINC000000040232,0.17,1882.8758544921875,5.186544780271058e-05,0.0,1,0.08,1882.876708984375,6.483180975338823e-06,0.0,1,0.02,1882.8768310546875,0.0,0.0,1,-0.13,1882.8765563964844,1.458715719451235e-05,0.0,1,-0.16,1882.875915527344,4.8623857315041175e-05,0.0,1,-0.2,1882.8767700195312,3.241590487669412e-06,0.0,1,-0.26,1882.8752746582031,8.266055743556999e-05,0.0,1,-1.2,1882.8768310546875,0.0,0.0,1,-1.99,1882.8742370605469,0.0001377675957259,0.0,1,-5.35,471.744140625,0.0,0.0,1,10
ZINC000000040294,-0.7,1882.87060546875,0.0003306422297422,0.0,1,-0.82,1882.8728637695312,0.0002107033816985,0.0,1,-0.89,1882.8716430664065,0.0002755351914518,0.0,1,-0.92,1882.871124267578,0.000303088710597,0.0,1,-1.04,1882.871612548828,0.0002771559866957,0.0,1,-1.1,1882.871337890625,0.0002917431438902,0.0,1,-1.14,1882.8710021972656,0.0003095718915724,0.0,1,-1.17,1882.873107910156,0.0001977370197478,0.0,1,-1.22,1882.8721618652344,0.0002479816723067,0.0,1,-1.23,1882.8731384277344,0.0001961162245039,0.0,1,10
ZINC000000040589,0.03,1882.8768310546875,0.0,0.0,1,0.01,1882.8768310546875,0.0,0.0,1,-0.01,1882.8768310546875,0.0,0.0,1,-0.36,1882.8768310546875,0.0,0.0,1,-0.62,1882.8768310546875,0.0,0.0,1,-1.14,1882.8768310546875,0.0,0.0,1,-1.18,1882.8768310546875,0.0,0.0,1,-1.37,1882.8768310546875,0.0,0.0,1,-1.46,1882.8768310546875,0.0,0.0,1,-1.48,1882.8768310546875,0.0,0.0,1,10
ZINC000000040691,-0.09,1882.8749084472656,0.0001021101003615,0.0,1,-0.09,1882.8748779296875,0.0001037308956054,0.0,1,-0.1,1882.874786376953,0.0001085932813369,0.0,1,-0.13,1882.8743286132808,0.0001329052099944,0.0,1,-0.14,1882.8755493164065,6.807340024105763e-05,0.0,1,-0.16,1882.8751220703125,9.076453365474352e-05,0.0,1,-1.1,1882.875457763672,7.293578597256175e-05,0.0,1,-1.23,1882.874786376953,0.0001085932813369,0.0,1,-1.3,1882.873291015625,0.0001880122482848,0.0,1,-1.4,1882.8740234375,0.0001491131624327,0.0,1,10
ZINC000000040862,0.04,1882.8688354492188,0.0004246483538846,0.0,1,-0.2,1882.8732299804688,0.0001912538387724,0.0,1,-0.29,1882.871032714844,0.0003079510963285,0.0,1,-0.33,1882.8702697753904,0.0003484709774244,0.0,1,-0.39,1882.8713684082031,0.0002901223486464,0.0,1,-0.8,1882.8707275390625,0.0003241590487669,0.0,1,-1.04,1882.8699951171875,0.0003630581346189,0.0,1,-1.24,1882.8697509765625,0.0003760244965696,0.0,1,-2.87,1882.8697509765625,0.0003760244965696,0.0,1,-5.42,471.744140625,0.0,0.0,1,10
ZINC000000040923,-0.65,1882.8768310546875,0.0,0.0,1,-0.69,1882.8768310546875,0.0,0.0,1,-1.22,1882.8768310546875,0.0,0.0,1,-1.5,1882.8768310546875,0.0,0.0,1,-1.53,1882.8768310546875,0.0,0.0,1,-1.76,1882.8768310546875,0.0,0.0,1,-1.82,1882.8768310546875,0.0,0.0,1,-2.73,1882.8768310546875,0.0,0.0,1,-2.81,1882.8768310546875,0.0,0.0,1,-3.57,1882.8768310546875,0.0,0.0,1,10
ZINC000000041071,-0.74,1882.8768310546875,0.0,0.0,1,-1.78,1882.8768310546875,0.0,0.0,1,-1.81,1882.8768310546875,0.0,0.0,1,-1.85,1882.8768310546875,0.0,0.0,1,-1.88,1882.8768310546875,0.0,0.0,1,-2.17,1882.8768310546875,0.0,0.0,1,-2.39,1882.8768310546875,0.0,0.0,1,-3.1,1882.8768310546875,0.0,0.0,1,-3.65,1882.8768310546875,0.0,0.0,1,-3.79,1882.8768310546875,0.0,0.0,1,10
ZINC000000041379,-0.18,1882.871032714844,0.0003079510963285,0.0,1,-0.42,1882.872833251953,0.0002123241769423,0.0,1,-0.52,1882.8726806640625,0.0002204281531615,0.0,1,-0.56,1882.8727111816409,0.0002188073579176,0.0,1,-0.62,1882.87142944336,0.0002868807581587,0.0,1,-0.66,1882.8704833984373,0.0003371254107176,0.0,1,-0.74,1882.8716430664065,0.0002755351914518,0.0,1,-1.17,1882.8707885742188,0.0003209174582792,0.0,1,-1.17,1882.8710632324216,0.0003063303010847,0.0,1,-1000.0,471.744140625,0.0,0.0,0,9
ZINC000000041409,-0.46,1882.8768310546875,0.0,0.0,1,-0.5,1882.8765563964844,1.458715719451235e-05,0.0,1,-0.6,1882.8768310546875,0.0,0.0,1,-0.81,1882.8768310546875,0.0,0.0,1,-0.82,1882.8768310546875,0.0,0.0,1,-0.92,1882.8768310546875,0.0,0.0,1,-1.67,1882.8768310546875,0.0,0.0,1,-1.71,1882.8768310546875,0.0,0.0,1,-3.19,1882.8768310546875,0.0,0.0,1,-3.3,1882.8768310546875,0.0,0.0,1,10
ZINC000000041416,-0.55,1882.8768310546875,0.0,0.0,1,-0.61,1882.8768310546875,0.0,0.0,1,-0.7,1882.8768310546875,0.0,0.0,1,-0.73,1882.8768310546875,0.0,0.0,1,-0.82,1882.8768310546875,0.0,0.0,1,-0.94,1882.8768310546875,0.0,0.0,1,-1.14,1882.8768310546875,0.0,0.0,1,-1.34,1882.8768310546875,0.0,0.0,1,-2.24,1882.8768310546875,0.0,0.0,1,-2.71,1882.8768310546875,0.0,0.0,1,10
ZINC000000041649,-0.28,1882.8668212890625,0.0005316208399777,0.0,1,-0.33,1882.8681335449216,0.0004619266444928,0.0,1,-0.82,1882.8692321777344,0.0004035780157148,0.0,1,-0.95,1882.8690490722656,0.0004133027871778,0.0,1,-1.08,1882.8663940429688,0.0005543119733914,0.0,1,-1.16,1882.8680114746087,0.0004684098254682,0.0,1,-1.23,1882.8687133789065,0.00043113153486,0.0,1,-1.37,1882.8688049316409,0.0004262691491285,0.0,1,-3.0,1882.8692626953125,0.000401957220471,0.0,1,-5.65,1882.8687133789065,0.00043113153486,0.0,1,10
ZINC000000041727,-0.18,1882.8746032714844,0.0001183180527999,0.0,1,-0.36,1882.8742980957031,0.0001345260052382,0.0,1,-0.55,1882.873077392578,0.0001993578149916,0.0,1,-0.55,1882.8739013671875,0.0001555963434081,0.0,1,-0.6,1882.8747253417969,0.0001118348718245,0.0,1,-0.79,1882.8753051757808,8.103976219173528e-05,0.0,1,-0.84,1882.8743286132808,0.0001329052099944,0.0,1,-0.88,1882.8760986328125,3.8899085852032936e-05,0.0,1,-1.08,1882.873779296875,0.0001620795243834,0.0,1,-1000.0,471.744140625,0.0,0.0,0,9
ZINC000000041740,-0.25,1882.8724365234373,0.0002333945151121,0.0,1,-0.41,1882.873809814453,0.0001604587291396,0.0,1,-0.47,1882.8712768554688,0.0002949847343779,0.0,1,-0.48,1882.8713684082031,0.0002901223486464,0.0,1,-0.5,1882.8717346191409,0.0002706728057203,0.0,1,-0.52,1882.8712158203125,0.0002982263248655,0.0,1,-0.53,1882.87158203125,0.0002787767819395,0.0,1,-0.56,1882.8717956542969,0.0002674312152327,0.0,1,-0.93,1882.872528076172,0.0002285321293806,0.0,1,-3.12,1882.8699951171875,0.0003630581346189,0.0,1,10
ZINC000000041894,-0.51,1882.876495361328,1.782874768218176e-05,0.0,1,-0.55,1882.8763427734373,2.593272390135529e-05,0.0,1,-0.59,1882.8768310546875,0.0,0.0,1,-0.59,1882.876739501953,4.862385731504117e-06,0.0,1,-0.61,1882.876434326172,2.107033816985117e-05,0.0,1,-0.97,1882.875061035156,9.400612414241292e-05,0.0,1,-1.1,1882.8757934570312,5.510703829037999e-05,0.0,1,-1.39,1882.875457763672,7.293578597256175e-05,0.0,1,-1.42,1882.8732299804688,0.0001912538387724,0.0,1,-2.12,1882.874420166016,0.0001280428242629,0.0,1,10
ZINC000000041972,-0.45,1882.8706665039065,0.0003274006392546,0.0,1,-0.47,1882.8714599609373,0.0002852599629149,0.0,1,-0.52,1882.869384765625,0.0003954740394956,0.0,1,-0.95,1882.86962890625,0.0003825076775449,0.0,1,-1.0,1882.8697509765625,0.0003760244965696,0.0,1,-1.25,1882.871154785156,0.0003014679153532,0.0,1,-1.57,1882.8713989257808,0.0002885015534025,0.0,1,-2.18,1882.8702392578125,0.0003500917726682,0.0,1,-2.36,1882.870178222656,0.0003533333631559,0.0,1,-2.93,1882.8687133789065,0.00043113153486,0.0,1,10
ZINC000000042304,-0.25,1882.8765258789065,1.6207952438347055e-05,0.0,1,-0.51,1882.8768310546875,0.0,0.0,1,-0.52,1882.8768310546875,0.0,0.0,1,-0.71,1882.8768310546875,0.0,0.0,1,-0.85,1882.8768310546875,0.0,0.0,1,-0.89,1882.8768310546875,0.0,0.0,1,-1.07,1882.8768310546875,0.0,0.0,1,-1.16,1882.8768310546875,0.0,0.0,1,-1.4,1882.8768310546875,0.0,0.0,1,-1.99,1882.8767700195312,3.241590487669412e-06,0.0,1,10
ZINC000000042325,0.3,1882.87240600586,0.000235015310356,0.0,1,-0.09,1882.8712463378904,0.0002966055296217,0.0,1,-0.55,1882.87240600586,0.000235015310356,0.0,1,-0.85,1882.8717956542969,0.0002674312152327,0.0,1,-0.9,1882.8721923828125,0.0002463608770628,0.0,1,-0.98,1882.87142944336,0.0002868807581587,0.0,1,-1.82,1882.8713684082031,0.0002901223486464,0.0,1,-2.88,1828.5324401855469,2.886242476025359,13.636363636363637,1,-3.02,1882.869659423828,0.0003808868823011,0.0,1,-3.19,1882.8701171875,0.0003565749536436,0.0,1,10
ZINC000000042383,-0.67,1882.8768310546875,0.0,0.0,1,-0.9,1882.8768310546875,0.0,0.0,1,-1.43,1882.8768310546875,0.0,0.0,1,-1.5,1882.8768310546875,0.0,0.0,1,-1.54,1882.8768310546875,0.0,0.0,1,-1.89,1882.8768310546875,0.0,0.0,1,-2.39,1882.8768310546875,0.0,0.0,1,-2.72,1882.8768310546875,0.0,0.0,1,-1000.0,471.744140625,0.0,0.0,0,-1000.0,471.744140625,0.0,0.0,0,8
ZINC000000042440,-0.86,1882.8685913085933,0.0004376147158353,0.0,1,-1.21,1882.868896484375,0.000421406763397,0.0,1,-1.34,1882.869140625,0.0004084404014463,0.0,1,-1.83,1882.8689575195312,0.0004181651729093,0.0,1,-2.0,1882.8689575195312,0.0004181651729093,0.0,1,-2.23,1882.8687744140625,0.0004278899443723,0.0,1,-2.4,1882.8703002929688,0.0003468501821806,0.0,1,-2.43,1882.8699951171875,0.0003630581346189,0.0,1,-2.6,1882.8677368164065,0.0004829969826627,0.0,1,-3.07,1882.8667602539065,0.0005348624304654,0.0,1,10
ZINC000000042674,-0.25,1882.8768310546875,0.0,0.0,1,-0.27,1882.8759460449216,4.700306207120646e-05,0.0,1,-0.9,1882.875915527344,4.8623857315041175e-05,0.0,1,-0.92,1882.8768310546875,0.0,0.0,1,-0.98,1882.8768310546875,0.0,0.0,1,-1.05,1882.8766784667969,8.103976219173527e-06,0.0,1,-1.15,1882.8768310546875,0.0,0.0,1,-1.25,1882.8768310546875,0.0,0.0,1,-3.17,1882.8756408691409,6.321101450955351e-05,0.0,1,-3.35,1882.8768310546875,0.0,0.0,1,10
ZINC000000042705,-0.59,1882.869903564453,0.0003679205203504,0.0,1,-0.71,1882.8742065429688,0.0001393883909697,0.0,1,-0.73,1882.871856689453,0.000264189624745,0.0,1,-0.92,1882.87240600586,0.000235015310356,0.0,1,-0.94,1882.8737182617188,0.0001653211148711,0.0,1,-0.94,1882.871826171875,0.0002658104199888,0.0,1,-1.05,1882.8701171875,0.0003565749536436,0.0,1,-1.09,1882.872009277344,0.0002560856485258,0.0,1,-1.18,1882.8731384277344,0.0001961162245039,0.0,1,-1000.0,471.744140625,0.0,0.0,0,9
ZINC000000042710,-0.45,1882.8745727539065,0.0001199388480437,0.0,1,-0.67,1882.8751831054688,8.75229431670741e-05,0.0,1,-0.76,1882.8757934570312,5.510703829037999e-05,0.0,1,-1.02,1882.8746948242188,0.0001134556670684,0.0,1,-1.03,1882.8756103515625,6.483180975338822e-05,0.0,1,-1.11,1882.8745727539065,0.0001199388480437,0.0,1,-1.14,1882.875,9.724771463008236e-05,0.0,1,-1.16,1882.8756713867188,6.15902192657188e-05,0.0,1,-1.18,1882.8745727539065,0.0001199388480437,0.0,1,-2.1,1882.8756713867188,6.15902192657188e-05,0.0,1,10
ZINC000000042720,-0.18,1882.8703002929688,0.0003468501821806,0.0,1,-0.22,1882.8704833984373,0.0003371254107176,0.0,1,-0.28,1882.8700866699216,0.0003581957488874,0.0,1,-0.36,1882.8704223632808,0.0003403670012052,0.0,1,-0.57,1882.8707580566409,0.0003225382535231,0.0,1,-0.64,1882.8705444335933,0.0003338838202299,0.0,1,-0.66,1882.8695678710933,0.0003857492680326,0.0,1,-0.74,1882.8713989257808,0.0002885015534025,0.0,1,-0.78,1882.869384765625,0.0003954740394956,0.0,1,-2.37,1882.8704223632808,0.0003403670012052,0.0,1,10
ZINC000000042842,-0.04,1882.8762512207031,3.07951096328594e-05,0.0,1,-0.08,1882.8767700195312,3.241590487669412e-06,0.0,1,-0.12,1882.8758850097656,5.024465255887588e-05,0.0,1,-0.17,1882.876495361328,1.782874768218176e-05,0.0,1,-0.36,1882.8768310546875,0.0,0.0,1,-0.53,1882.8768310546875,0.0,0.0,1,-0.56,1882.8768310546875,0.0,0.0,1,-0.58,1882.8768310546875,0.0,0.0,1,-0.67,1882.8766174316409,1.134556670684294e-05,0.0,1,-6.46,1882.8768310546875,0.0,0.0,1,10
ZINC000000042867,-0.09,1882.8742370605469,0.0001377675957259,0.0,1,-0.58,1882.8729248046875,0.0002074617912108,0.0,1,-0.63,1882.8724365234373,0.0002333945151121,0.0,1,-0.69,1882.873809814453,0.0001604587291396,0.0,1,-0.82,1882.8736572265625,0.0001685627053588,0.0,1,-0.84,1882.872985839844,0.0002042202007231,0.0,1,-0.85,1882.873046875,0.0002009786102355,0.0,1,-0.87,1882.87338256836,0.0001831498625533,0.0,1,-0.89,1882.8726196289065,0.0002236697436491,0.0,1,-0.92,1882.873443603516,0.0001799082720656,0.0,1,10
ZINC000000042869,-0.08,1882.8681335449216,0.0004619266444928,0.0,1,-0.14,1882.8683471679688,0.000450581077786,0.0,1,-0.46,1882.8676147460933,0.000489480163638,0.0,1,-0.58,1882.868560791016,0.0004392355110792,0.0,1,-0.61,1882.868927001953,0.0004197859681531,0.0,1,-0.63,1882.870147705078,0.0003549541583998,0.0,1,-0.73,1882.8678283691409,0.0004781345969312,0.0,1,-1.07,1882.8695678710933,0.0003857492680326,0.0,1,-1.18,1882.8678283691409,0.0004781345969312,0.0,1,-2.43,1882.8678283691409,0.0004781345969312,0.0,1,10
ZINC000000042875,-0.83,1882.8714599609373,0.0002852599629149,0.0,1,-1.04,1882.8729248046875,0.0002074617912108,0.0,1,-1.05,1882.8754272460933,7.455658121639646e-05,0.0,1,-1.14,1882.8734741210933,0.0001782874768218,0.0,1,-1.17,1882.8729248046875,0.0002074617912108,0.0,1,-1.26,1882.875061035156,9.400612414241292e-05,0.0,1,-1.49,1882.874267578125,0.0001361468004821,0.0,1,-1.6,1882.872985839844,0.0002042202007231,0.0,1,-2.72,1819.369201660156,3.3729040767344114,13.043478260869565,1,-2.85,1882.876220703125,3.241590487669411e-05,0.0,1,10
ZINC000000043096,-0.28,1882.8744506835933,0.0001264220290191,0.0,1,-0.57,1882.873565673828,0.0001734250910903,0.0,1,-0.6,1882.8742980957031,0.0001345260052382,0.0,1,-0.75,1882.8742065429688,0.0001393883909697,0.0,1,-0.77,1882.8732604980469,0.0001896330435286,0.0,1,-1.04,1882.8727416992188,0.0002171865626738,0.0,1,-1.68,1882.873077392578,0.0001993578149916,0.0,1,-2.08,1882.872589111328,0.000225290538893,0.0,1,-5.29,1882.8765563964844,1.458715719451235e-05,0.0,1,-1000.0,471.744140625,0.0,0.0,0,9
ZINC000000043110,-0.13,1882.8757934570312,5.510703829037999e-05,0.0,1,-0.26,1882.8740234375,0.0001491131624327,0.0,1,-0.35,1882.8715209960933,0.0002820183724272,0.0,1,-0.36,1882.8742065429688,0.0001393883909697,0.0,1,-0.4,1882.8768310546875,0.0,0.0,1,-0.42,1882.8724975585933,0.0002301529246245,0.0,1,-0.61,1882.8735961914065,0.0001718042958464,0.0,1,-0.79,1882.8751220703125,9.076453365474352e-05,0.0,1,-2.65,1882.8766479492188,9.724771463008234e-06,0.0,1,-1000.0,471.744140625,0.0,0.0,0,9
ZINC000000043144,-0.47,1882.8768310546875,0.0,0.0,1,-0.67,1882.8768310546875,0.0,0.0,1,-0.69,1882.875732421875,5.83486287780494e-05,0.0,1,-0.7,1882.876220703125,3.241590487669411e-05,0.0,1,-0.73,1882.876220703125,3.241590487669411e-05,0.0,1,-0.88,1882.8751220703125,9.076453365474352e-05,0.0,1,-1.45,1882.8768310546875,0.0,0.0,1,-1.7,1882.8768310546875,0.0,0.0,1,-2.47,1882.8768310546875,0.0,0.0,1,-5.38,1882.786865234375,0.0047781043788247,0.0,1,10
ZINC000000043503,0.21,1882.870178222656,0.0003533333631559,0.0,1,0.16,1882.8680114746087,0.0004684098254682,0.0,1,-0.1,1882.8682861328125,0.0004538226682737,0.0,1,-0.26,1882.8687744140625,0.0004278899443723,0.0,1,-0.33,1882.869171142578,0.0004068196062025,0.0,1,-0.88,1882.8648376464844,0.000636972530827,0.0,1,-1.02,1882.8658447265625,0.0005834862877804,0.0,1,-1.12,1882.86849975586,0.0004424771015668,0.0,1,-1.25,1882.872985839844,0.0002042202007231,0.0,1,-1.84,1882.870361328125,0.0003436085916929,0.0,1,10
ZINC000000043620,-0.97,1882.869598388672,0.0003841284727888,0.0,1,-2.46,1882.8712158203125,0.0002982263248655,0.0,1,-2.51,1882.8683471679688,0.000450581077786,0.0,1,-2.56,1882.8697814941409,0.0003744037013258,0.0,1,-2.59,1882.8700866699216,0.0003581957488874,0.0,1,-2.61,1882.8697204589844,0.0003776452918134,0.0,1,-2.66,1882.86865234375,0.0004343731253477,0.0,1,-2.72,1882.8685913085933,0.0004376147158353,0.0,1,-2.88,1882.8709411621087,0.00031281348206,0.0,1,-3.16,1882.8710632324216,0.0003063303010847,0.0,1,10
ZINC000000044150,-0.19,1882.8705444335933,0.0003338838202299,0.0,1,-0.3,1882.8706665039065,0.0003274006392546,0.0,1,-0.36,1882.8710632324216,0.0003063303010847,0.0,1,-0.48,1882.8713989257808,0.0002885015534025,0.0,1,-0.79,1882.87142944336,0.0002868807581587,0.0,1,-0.93,1882.8738403320312,0.0001588379338958,0.0,1,-0.99,1882.8722534179688,0.0002431192865752,0.0,1,-1.24,1882.8732299804688,0.0001912538387724,0.0,1,-1.27,1882.874938964844,0.0001004893051177,0.0,1,-1.28,1882.8728637695312,0.0002107033816985,0.0,1,10
ZINC000000044151,-0.21,1882.8700866699216,0.0003581957488874,0.0,1,-0.27,1882.873779296875,0.0001620795243834,0.0,1,-0.53,1882.8728942871087,0.0002090825864546,0.0,1,-0.67,1882.870056152344,0.0003598165441313,0.0,1,-0.89,1882.8695068359373,0.0003889908585203,0.0,1,-1.13,1882.8726196289065,0.0002236697436491,0.0,1,-1.14,1882.872589111328,0.000225290538893,0.0,1,-1.15,1882.869903564453,0.0003679205203504,0.0,1,-1.2,1882.8693237304688,0.0003987156299833,0.0,1,-3.26,1882.8704223632808,0.0003403670012052,0.0,1,10
ZINC000000044199,-0.54,1882.8691101074216,0.0004100611966901,0.0,1,-0.64,1882.8699645996087,0.0003646789298628,0.0,1,-1.01,1882.869384765625,0.0003954740394956,0.0,1,-2.04,1882.871490478516,0.000283639167671,0.0,1,-2.29,1882.872833251953,0.0002123241769423,0.0,1,-2.46,1882.87142944336,0.0002868807581587,0.0,1,-2.47,1882.8713684082031,0.0002901223486464,0.0,1,-2.53,1882.8703918457031,0.0003419877964491,0.0,1,-2.81,1882.8717346191409,0.0002706728057203,0.0,1,-3.27,1882.8727722167969,0.00021556576743,0.0,1,10
ZINC000000044210,-0.35,1882.8768310546875,0.0,0.0,1,-0.43,1882.8768310546875,0.0,0.0,1,-0.55,1882.8768310546875,0.0,0.0,1,-0.56,1882.8768310546875,0.0,0.0,1,-0.76,1882.8768310546875,0.0,0.0,1,-0.82,1882.8768310546875,0.0,0.0,1,-1.05,1882.8768310546875,0.0,0.0,1,-1.05,1882.8768310546875,0.0,0.0,1,-1.09,1882.8768310546875,0.0,0.0,1,-1.62,1882.8767700195312,3.241590487669412e-06,0.0,1,10
ZINC000000044281,-0.14,1882.8714599609373,0.0002852599629149,0.0,1,-0.23,1882.8706665039065,0.0003274006392546,0.0,1,-0.34,1882.872314453125,0.0002398776960875,0.0,1,-0.42,1882.8739013671875,0.0001555963434081,0.0,1,-1.22,1882.8727416992188,0.0002171865626738,0.0,1,-1.25,1882.87255859375,0.0002269113341368,0.0,1,-1.53,1882.8713073730469,0.000293363939134,0.0,1,-2.56,1882.8708190917969,0.0003192966630354,0.0,1,-4.89,471.744140625,0.0,0.0,1,-5.72,1882.8733215332031,0.0001863914530409,0.0,1,10
ZINC000000044382,-0.75,1882.8760986328125,3.8899085852032936e-05,0.0,1,-0.95,1882.874755859375,0.0001102140765807,0.0,1,-1.41,1882.8762512207031,3.07951096328594e-05,0.0,1,-1.54,1882.8761901855469,3.4036700120528816e-05,0.0,1,-2.81,1882.8763427734373,2.593272390135529e-05,0.0,1,-2.94,1882.8768310546875,0.0,0.0,1,-3.1,1882.875457763672,7.293578597256175e-05,0.0,1,-3.15,1882.8753662109373,7.779817170406587e-05,0.0,1,-3.79,1882.8768310546875,0.0,0.0,1,-3.96,1882.8768310546875,0.0,0.0,1,10
ZINC000000044447,-1.01,1882.8714599609373,0.0002852599629149,0.0,1,-1.05,1882.871337890625,0.0002917431438902,0.0,1,-1.09,1882.8706665039065,0.0003274006392546,0.0,1,-1.24,1882.8720397949216,0.000254464853282,0.0,1,-1.25,1882.870635986328,0.0003290214344984,0.0,1,-1.36,1882.8709716796875,0.0003111926868162,0.0,1,-1.38,1882.8707885742188,0.0003209174582792,0.0,1,-1.44,1882.8705444335933,0.0003338838202299,0.0,1,-1.95,1882.8709716796875,0.0003111926868162,0.0,1,-1.98,1882.871032714844,0.0003079510963285,0.0,1,10
ZINC000000044448,-0.82,1882.87158203125,0.0002787767819395,0.0,1,-1.01,1882.871337890625,0.0002917431438902,0.0,1,-1.02,1882.87255859375,0.0002269113341368,0.0,1,-1.05,1882.8718872070312,0.0002625688295012,0.0,1,-1.17,1882.8719482421875,0.0002593272390135,0.0,1,-1.17,1882.8719482421875,0.0002593272390135,0.0,1,-1.22,1882.8720703125,0.0002528440580382,0.0,1,-1.35,1882.872131347656,0.0002496024675505,0.0,1,-1.4,1882.8712158203125,0.0002982263248655,0.0,1,-3.0,1882.8720703125,0.0002528440580382,0.0,1,10
ZINC000000044471,-0.26,1882.8713073730469,0.000293363939134,0.0,1,-0.92,1882.87353515625,0.0001750458863341,0.0,1,-1.19,1882.8731384277344,0.0001961162245039,0.0,1,-1.27,1882.872314453125,0.0002398776960875,0.0,1,-1.52,1882.874481201172,0.0001248012337752,0.0,1,-1.89,1882.8736877441409,0.0001669419101149,0.0,1,-1.9,1882.8743286132808,0.0001329052099944,0.0,1,-1.93,1882.873779296875,0.0001620795243834,0.0,1,-4.39,1882.870880126953,0.0003160550725477,0.0,1,-4.56,1882.8727722167969,0.00021556576743,0.0,1,10
ZINC000000044502,-0.72,1882.8739013671875,0.0001555963434081,0.0,1,-1.23,1882.8729248046875,0.0002074617912108,0.0,1,-1.4,1882.8726501464844,0.0002220489484053,0.0,1,-1.69,1882.8762817382808,2.91743143890247e-05,0.0,1,-1.95,1882.8741760253904,0.0001410091862136,0.0,1,-1.98,1882.8736572265625,0.0001685627053588,0.0,1,-1.99,1882.8742370605469,0.0001377675957259,0.0,1,-2.09,1882.8739318847656,0.0001539755481642,0.0,1,-2.21,1882.8739013671875,0.0001555963434081,0.0,1,-3.02,1882.87338256836,0.0001831498625533,0.0,1,10
ZINC000000044566,0.04,1882.8670654296875,0.0005186544780271,0.0,1,-0.93,1882.86865234375,0.0004343731253477,0.0,1,-1.13,1882.8675537109373,0.0004927217541257,0.0,1,-1.22,1882.8694458007808,0.0003922324490079,0.0,1,-1.28,1882.8698120117188,0.0003727829060819,0.0,1,-1.31,1882.869201660156,0.0004051988109586,0.0,1,-1.4,1882.8688354492188,0.0004246483538846,0.0,1,-1.76,1882.8690185546875,0.0004149235824216,0.0,1,-2.15,1882.8687744140625,0.0004278899443723,0.0,1,-3.73,1882.8679809570312,0.000470030620712,0.0,1,10
ZINC000000044606,0.0,1882.8718872070312,0.0002625688295012,0.0,1,-0.05,1882.869873046875,0.0003695413155943,0.0,1,-0.12,1882.8699951171875,0.0003630581346189,0.0,1,-0.13,1882.871154785156,0.0003014679153532,0.0,1,-0.13,1882.8724365234373,0.0002333945151121,0.0,1,-0.22,1882.87109375,0.0003047095058409,0.0,1,-0.25,1882.8724365234373,0.0002333945151121,0.0,1,-0.25,1882.8724975585933,0.0002301529246245,0.0,1,-0.69,1882.8724365234373,0.0002333945151121,0.0,1,-0.74,1882.8724365234373,0.0002333945151121,0.0,1,10
ZINC000000044678,-0.91,1882.8753051757808,8.103976219173528e-05,0.0,1,-1.02,1882.8745727539065,0.0001199388480437,0.0,1,-1.05,1882.8765869140625,1.2966361950677644e-05,0.0,1,-1.11,1882.8760986328125,3.8899085852032936e-05,0.0,1,-1.15,1882.8758544921875,5.186544780271058e-05,0.0,1,-1.29,1882.8748168945312,0.000106972486093,0.0,1,-1.72,1882.8736572265625,0.0001685627053588,0.0,1,-2.57,1882.874786376953,0.0001085932813369,0.0,1,-2.65,1882.8753662109373,7.779817170406587e-05,0.0,1,-5.34,1882.8728942871087,0.0002090825864546,0.0,1,10
ZINC000000044680,-0.08,1882.8726196289065,0.0002236697436491,0.0,1,-0.39,1882.875732421875,5.83486287780494e-05,0.0,1,-0.44,1882.8768310546875,0.0,0.0,1,-0.74,1882.8768310546875,0.0,0.0,1,-0.82,1882.8737182617188,0.0001653211148711,0.0,1,-0.95,1882.873046875,0.0002009786102355,0.0,1,-1.08,1882.87451171875,0.0001231804385314,0.0,1,-1.25,1882.8755493164065,6.807340024105763e-05,0.0,1,-1.72,1882.874755859375,0.0001102140765807,0.0,1,-5.22,1882.8742065429688,0.0001393883909697,0.0,1,10
ZINC000000044691,-0.04,1882.8658447265625,0.0005834862877804,0.0,1,-0.06,1882.865478515625,0.0006029358307065,0.0,1,-0.09,1882.8663330078125,0.0005575535638791,0.0,1,-0.12,1882.8669128417969,0.0005267584542462,0.0,1,-0.38,1882.865966796875,0.0005770031068051,0.0,1,-0.53,1882.867431640625,0.000499204935101,0.0,1,-0.72,1882.868103027344,0.0004635474397367,0.0,1,-0.77,1882.8677368164065,0.0004829969826627,0.0,1,-1.35,1882.866943359375,0.0005251376590024,0.0,1,-1.52,1882.8648681640625,0.0006353517355832,0.0,1,10
ZINC000000044736,-0.12,1882.8699340820312,0.0003662997251066,0.0,1,-0.17,1882.870178222656,0.0003533333631559,0.0,1,-0.22,1882.871032714844,0.0003079510963285,0.0,1,-0.24,1882.87060546875,0.0003306422297422,0.0,1,-0.26,1882.870056152344,0.0003598165441313,0.0,1,-0.39,1882.871337890625,0.0002917431438902,0.0,1,-0.67,1882.87109375,0.0003047095058409,0.0,1,-1.08,1882.8703002929688,0.0003468501821806,0.0,1,-1.41,1882.8685913085933,0.0004376147158353,0.0,1,-2.03,1882.8687133789065,0.00043113153486,0.0,1,10
ZINC000000044762,-0.36,1882.874938964844,0.0001004893051177,0.0,1,-0.49,1882.8743896484373,0.0001296636195067,0.0,1,-0.52,1882.8759765625,4.538226682737176e-05,0.0,1,-0.55,1882.8745727539065,0.0001199388480437,0.0,1,-0.63,1882.874755859375,0.0001102140765807,0.0,1,-0.88,1882.8740234375,0.0001491131624327,0.0,1,-0.96,1882.8743286132808,0.0001329052099944,0.0,1,-1.62,1882.8734130859373,0.0001815290673094,0.0,1,-1.63,1882.8739013671875,0.0001555963434081,0.0,1,-3.02,1882.8709106445312,0.0003144342773039,0.0,1,10
ZINC000000044936,0.14,1882.8677368164065,0.0004829969826627,0.0,1,0.1,1882.8677368164065,0.0004829969826627,0.0,1,0.07,1882.8662109375,0.0005640367448544,0.0,1,0.01,1882.868408203125,0.0004473394872983,0.0,1,0.01,1882.8666381835933,0.0005413456114407,0.0,1,-0.01,1882.8685913085933,0.0004376147158353,0.0,1,-0.02,1882.866455078125,0.0005510703829037,0.0,1,-0.05,1882.868225097656,0.0004570642587613,0.0,1,-0.23,1882.86962890625,0.0003825076775449,0.0,1,-2.58,1882.8697509765625,0.0003760244965696,0.0,1,10
ZINC000000044963,-0.51,1882.8679809570312,0.000470030620712,0.0,1,-0.62,1882.866943359375,0.0005251376590024,0.0,1,-0.63,1882.870849609375,0.0003176758677916,0.0,1,-0.88,1882.870178222656,0.0003533333631559,0.0,1,-1.08,1882.869873046875,0.0003695413155943,0.0,1,-1.36,1882.8677368164065,0.0004829969826627,0.0,1,-1.48,1882.8720703125,0.0002528440580382,0.0,1,-1.54,1882.8703002929688,0.0003468501821806,0.0,1,-2.36,1882.8704833984373,0.0003371254107176,0.0,1,-2.97,1882.8684692382808,0.0004440978968107,0.0,1,10
ZINC000000044976,-0.79,1882.8743286132808,0.0001329052099944,0.0,1,-0.81,1882.8728942871087,0.0002090825864546,0.0,1,-0.97,1882.87646484375,1.9449542926016468e-05,0.0,1,-0.99,1882.8766479492188,9.724771463008234e-06,0.0,1,-1.06,1882.8726806640625,0.0002204281531615,0.0,1,-1.21,1882.875457763672,7.293578597256175e-05,0.0,1,-1.39,1882.874938964844,0.0001004893051177,0.0,1,-1.79,1882.8752746582031,8.266055743556999e-05,0.0,1,-1.91,1882.873291015625,0.0001880122482848,0.0,1,-1000.0,471.744140625,0.0,0.0,0,9
ZINC000000045010,-0.21,1882.8677368164065,0.0004829969826627,0.0,1,-0.48,1882.8690185546875,0.0004149235824216,0.0,1,-0.62,1882.871826171875,0.0002658104199888,0.0,1,-0.77,1882.8695678710933,0.0003857492680326,0.0,1,-0.84,1882.8716430664065,0.0002755351914518,0.0,1,-0.85,1882.869079589844,0.000411681991934,0.0,1,-0.89,1882.868896484375,0.000421406763397,0.0,1,-1.08,1882.868896484375,0.000421406763397,0.0,1,-1.55,1882.868225097656,0.0004570642587613,0.0,1,-2.02,1882.8713989257808,0.0002885015534025,0.0,1,10
ZINC000000045108,-0.27,1882.8722534179688,0.0002431192865752,0.0,1,-0.28,1882.871826171875,0.0002658104199888,0.0,1,-0.37,1882.872009277344,0.0002560856485258,0.0,1,-0.56,1882.8731689453125,0.0001944954292601,0.0,1,-0.65,1882.8717041015625,0.0002722936009642,0.0,1,-0.7,1882.871826171875,0.0002658104199888,0.0,1,-0.74,1882.8754272460933,7.455658121639646e-05,0.0,1,-0.89,1882.8733520507808,0.0001847706577971,0.0,1,-0.94,1882.8737182617188,0.0001653211148711,0.0,1,-1.75,1882.8713989257808,0.0002885015534025,0.0,1,10
ZINC000000045159,-0.03,1882.8684692382808,0.0004440978968107,0.0,1,-0.05,1882.8698120117188,0.0003727829060819,0.0,1,-0.26,1882.870178222656,0.0003533333631559,0.0,1,-0.33,1882.8702392578125,0.0003500917726682,0.0,1,-0.4,1882.8705444335933,0.0003338838202299,0.0,1,-0.78,1882.871032714844,0.0003079510963285,0.0,1,-0.81,1882.87109375,0.0003047095058409,0.0,1,-0.83,1882.870361328125,0.0003436085916929,0.0,1,-1.13,1882.8709106445312,0.0003144342773039,0.0,1,-1000.0,471.744140625,0.0,0.0,0,9
ZINC000000045182,0.22,1882.8680419921875,0.0004667890302243,0.0,1,0.22,1882.867919921875,0.0004732722111997,0.0,1,0.22,1882.8675537109373,0.0004927217541257,0.0,1,0.12,1882.86767578125,0.0004862385731504,0.0,1,0.09,1882.8682861328125,0.0004538226682737,0.0,1,0.08,1882.8662109375,0.0005640367448544,0.0,1,0.06,1882.8681640625,0.000460305849249,0.0,1,0.02,1882.867431640625,0.000499204935101,0.0,1,-0.02,1882.8657836914065,0.0005867278782681,0.0,1,-2.36,1882.8660888671875,0.0005705199258298,0.0,1,10
ZINC000000045204,-0.48,1882.87646484375,1.9449542926016468e-05,0.0,1,-0.51,1882.8768310546875,0.0,0.0,1,-1.1,1882.8745727539065,0.0001199388480437,0.0,1,-1.2,1882.8755493164065,6.807340024105763e-05,0.0,1,-1.21,1882.8754272460933,7.455658121639646e-05,0.0,1,-1.21,1882.875,9.724771463008236e-05,0.0,1,-1.36,1882.8756103515625,6.483180975338822e-05,0.0,1,-1.85,1882.8756713867188,6.15902192657188e-05,0.0,1,-1.87,1882.8766479492188,9.724771463008234e-06,0.0,1,-3.28,1882.8760986328125,3.8899085852032936e-05,0.0,1,10
ZINC000000045212,-0.19,1882.8759460449216,4.700306207120646e-05,0.0,1,-0.29,1882.8768310546875,0.0,0.0,1,-0.3,1882.8768310546875,0.0,0.0,1,-0.35,1882.87631225586,2.755351914519e-05,0.0,1,-0.36,1882.8768310546875,0.0,0.0,1,-0.85,1882.8768310546875,0.0,0.0,1,-1.07,1882.8768310546875,0.0,0.0,1,-1.14,1882.8768310546875,0.0,0.0,1,-1.14,1882.8768310546875,0.0,0.0,1,-1.51,1882.8753662109373,7.779817170406587e-05,0.0,1,10
ZINC000000045280,-0.39,1882.8768310546875,0.0,0.0,1,-0.43,1882.8768310546875,0.0,0.0,1,-0.64,1882.8768310546875,0.0,0.0,1,-0.65,1882.8768310546875,0.0,0.0,1,-0.72,1882.8768310546875,0.0,0.0,1,-0.77,1882.8768310546875,0.0,0.0,1,-0.78,1882.8768310546875,0.0,0.0,1,-0.87,1882.8768310546875,0.0,0.0,1,-1.34,1882.8768310546875,0.0,0.0,1,-2.76,1882.8768310546875,0.0,0.0,1,10
ZINC000000045452,-0.17,1882.8712768554688,0.0002949847343779,0.0,1,-0.33,1882.8731994628904,0.0001928746340163,0.0,1,-0.61,1882.873779296875,0.0001620795243834,0.0,1,-0.61,1882.87338256836,0.0001831498625533,0.0,1,-0.64,1882.8738708496087,0.0001572171386519,0.0,1,-0.75,1882.8710632324216,0.0003063303010847,0.0,1,-0.98,1882.8724365234373,0.0002333945151121,0.0,1,-1.23,1882.871856689453,0.000264189624745,0.0,1,-1.32,1882.872314453125,0.0002398776960875,0.0,1,-1.41,1882.870574951172,0.0003322630249861,0.0,1,10
ZINC000000045461,-0.56,1882.8708190917969,0.0003192966630354,0.0,1,-0.59,1882.87109375,0.0003047095058409,0.0,1,-0.64,1882.87045288086,0.0003387462059614,0.0,1,-0.89,1882.8710632324216,0.0003063303010847,0.0,1,-1.14,1882.8719482421875,0.0002593272390135,0.0,1,-1.37,1882.872131347656,0.0002496024675505,0.0,1,-1.4,1882.8713073730469,0.000293363939134,0.0,1,-1.75,1882.8731994628904,0.0001928746340163,0.0,1,-2.0,1882.8699340820312,0.0003662997251066,0.0,1,-2.06,1882.8687438964844,0.0004295107396161,0.0,1,10
ZINC000000045610,0.39,1882.8707275390625,0.0003241590487669,0.0,1,0.35,1882.8709106445312,0.0003144342773039,0.0,1,0.33,1882.8699951171875,0.0003630581346189,0.0,1,0.32,1882.8710632324216,0.0003063303010847,0.0,1,-0.15,1882.870513916016,0.0003355046154737,0.0,1,-0.64,1882.86962890625,0.0003825076775449,0.0,1,-0.68,1882.8690185546875,0.0004149235824216,0.0,1,-0.73,1882.8688049316409,0.0004262691491285,0.0,1,-1.26,1882.8716735839844,0.000273914396208,0.0,1,-2.02,1882.8699340820312,0.0003662997251066,0.0,1,10
ZINC000000045639,-0.09,1882.8681640625,0.000460305849249,0.0,1,-0.27,1882.8695068359373,0.0003889908585203,0.0,1,-0.3,1882.8676147460933,0.000489480163638,0.0,1,-0.32,1882.8662109375,0.0005640367448544,0.0,1,-0.38,1882.869079589844,0.000411681991934,0.0,1,-0.39,1882.866149902344,0.0005672783353421,0.0,1,-0.48,1882.868103027344,0.0004635474397367,0.0,1,-0.94,1882.8696899414065,0.0003792660870573,0.0,1,-2.26,1882.8690185546875,0.0004149235824216,0.0,1,-3.33,1882.8677368164065,0.0004829969826627,0.0,1,10
ZINC000000045799,-0.61,1882.8748168945312,0.000106972486093,0.0,1,-0.61,1882.87451171875,0.0001231804385314,0.0,1,-0.62,1882.8734130859373,0.0001815290673094,0.0,1,-0.65,1882.875915527344,4.8623857315041175e-05,0.0,1,-0.69,1882.873046875,0.0002009786102355,0.0,1,-0.73,1882.873107910156,0.0001977370197478,0.0,1,-1.07,1882.87451171875,0.0001231804385314,0.0,1,-1.13,1882.8736572265625,0.0001685627053588,0.0,1,-1.53,1882.873107910156,0.0001977370197478,0.0,1,-2.04,1882.8745727539065,0.0001199388480437,0.0,1,10
ZINC000000045824,-0.53,1882.8717041015625,0.0002722936009642,0.0,1,-0.66,1882.8709716796875,0.0003111926868162,0.0,1,-0.68,1882.8731689453125,0.0001944954292601,0.0,1,-0.69,1882.8699951171875,0.0003630581346189,0.0,1,-0.77,1882.8701171875,0.0003565749536436,0.0,1,-0.78,1882.8732299804688,0.0001912538387724,0.0,1,-0.99,1882.87158203125,0.0002787767819395,0.0,1,-1.03,1882.8702392578125,0.0003500917726682,0.0,1,-1.04,1882.8715209960933,0.0002820183724272,0.0,1,-1.09,1882.8719482421875,0.0002593272390135,0.0,1,10
ZINC000000045952,-0.54,1882.8768310546875,0.0,0.0,1,-0.7,1882.8768310546875,0.0,0.0,1,-0.82,1882.8768310546875,0.0,0.0,1,-0.84,1882.8768310546875,0.0,0.0,1,-1.16,1882.8768310546875,0.0,0.0,1,-1.69,1882.8768310546875,0.0,0.0,1,-1.83,1882.8768310546875,0.0,0.0,1,-2.52,1882.8768310546875,0.0,0.0,1,-3.85,1882.8768310546875,0.0,0.0,1,-1000.0,471.744140625,0.0,0.0,0,9
ZINC000000045956,-0.21,1882.8768310546875,0.0,0.0,1,-0.47,1882.8768310546875,0.0,0.0,1,-0.49,1882.8768310546875,0.0,0.0,1,-0.57,1882.8768310546875,0.0,0.0,1,-0.76,1882.8768310546875,0.0,0.0,1,-0.93,1882.8768310546875,0.0,0.0,1,-1.27,1882.8768310546875,0.0,0.0,1,-1.92,1882.8768310546875,0.0,0.0,1,-2.13,1882.8768310546875,0.0,0.0,1,-3.53,1882.8768310546875,0.0,0.0,1,10
ZINC000000045963,-1.14,1882.8768310546875,0.0,0.0,1,-1.22,1882.8768310546875,0.0,0.0,1,-1.26,1882.8768310546875,0.0,0.0,1,-1.5,1882.8768310546875,0.0,0.0,1,-1.51,1882.8768310546875,0.0,0.0,1,-1.6,1882.8768310546875,0.0,0.0,1,-1.91,1882.8768310546875,0.0,0.0,1,-2.13,1882.8768310546875,0.0,0.0,1,-2.96,1882.8768310546875,0.0,0.0,1,-3.8,1882.8768310546875,0.0,0.0,1,10
ZINC000000046078,-0.09,1882.8742370605469,0.0001377675957259,0.0,1,-0.1,1882.873504638672,0.0001766666815779,0.0,1,-0.14,1882.874542236328,0.0001215596432876,0.0,1,-0.3,1882.874938964844,0.0001004893051177,0.0,1,-0.38,1882.87533569336,7.941896694790058e-05,0.0,1,-0.48,1882.875,9.724771463008236e-05,0.0,1,-0.55,1882.87255859375,0.0002269113341368,0.0,1,-1.39,1882.874786376953,0.0001085932813369,0.0,1,-2.37,1882.87451171875,0.0001231804385314,0.0,1,-1000.0,471.744140625,0.0,0.0,0,9
ZINC000000046105,-0.19,1882.8656005859373,0.0005964526497311,0.0,1,-0.27,1882.8670043945312,0.0005218960685147,0.0,1,-0.43,1882.8657836914065,0.0005867278782681,0.0,1,-0.51,1882.8648681640625,0.0006353517355832,0.0,1,-0.61,1882.8636474609373,0.0007001835453365,0.0,1,-0.67,1882.865966796875,0.0005770031068051,0.0,1,-0.97,1882.8641357421875,0.0006742508214352,0.0,1,-1.06,1882.8641357421875,0.0006742508214352,0.0,1,-1.56,1882.8626708984373,0.0007520489931393,0.0,1,-5.57,1882.8678588867188,0.0004765138016874,0.0,1,10
ZINC000000046240,-0.22,1882.8694458007808,0.0003922324490079,0.0,1,-0.25,1882.8656005859373,0.0005964526497311,0.0,1,-0.36,1882.86669921875,0.0005381040209531,0.0,1,-0.39,1882.8677978515625,0.000479755392175,0.0,1,-0.48,1882.863037109375,0.0007325994502132,0.0,1,-0.57,1882.866943359375,0.0005251376590024,0.0,1,-0.72,1882.865478515625,0.0006029358307065,0.0,1,-0.95,1882.8696899414065,0.0003792660870573,0.0,1,-1.05,1882.8675537109373,0.0004927217541257,0.0,1,-1.28,1882.8670043945312,0.0005218960685147,0.0,1,10
ZINC000000046247,-0.09,1882.8768310546875,0.0,0.0,1,-0.09,1882.8768310546875,0.0,0.0,1,-0.14,1882.8768310546875,0.0,0.0,1,-0.24,1882.8768310546875,0.0,0.0,1,-0.28,1882.8768310546875,0.0,0.0,1,-0.36,1882.8768310546875,0.0,0.0,1,-1.33,1882.8768310546875,0.0,0.0,1,-1000.0,471.744140625,0.0,0.0,0,-1000.0,471.744140625,0.0,0.0,0,-1000.0,471.744140625,0.0,0.0,0,7
ZINC000000046278,-0.36,1882.8768310546875,0.0,0.0,1,-0.67,1882.8768310546875,0.0,0.0,1,-0.92,1882.8768310546875,0.0,0.0,1,-0.97,1882.8768310546875,0.0,0.0,1,-0.99,1882.8768310546875,0.0,0.0,1,-1.13,1882.8768310546875,0.0,0.0,1,-1.6,1882.8768310546875,0.0,0.0,1,-1.6,1882.8768310546875,0.0,0.0,1,-4.97,1882.8768310546875,0.0,0.0,1,-5.23,1882.8768310546875,0.0,0.0,1,10
ZINC000000046466,-0.34,1882.871032714844,0.0003079510963285,0.0,1,-0.73,1882.8704833984373,0.0003371254107176,0.0,1,-0.77,1882.8704223632808,0.0003403670012052,0.0,1,-0.77,1882.8714599609373,0.0002852599629149,0.0,1,-0.79,1882.8703002929688,0.0003468501821806,0.0,1,-1.06,1882.8670043945312,0.0005218960685147,0.0,1,-1.32,1882.8695678710933,0.0003857492680326,0.0,1,-1.41,1882.8697509765625,0.0003760244965696,0.0,1,-1.77,1882.8690185546875,0.0004149235824216,0.0,1,-5.4,1882.8706665039065,0.0003274006392546,0.0,1,10
ZINC000000046484,-0.61,1882.8768310546875,0.0,0.0,1,-0.7,1882.8768310546875,0.0,0.0,1,-0.85,1882.8768310546875,0.0,0.0,1,-1.02,1882.8768310546875,0.0,0.0,1,-1.8,1882.8765563964844,1.458715719451235e-05,0.0,1,-1.82,1882.8768310546875,0.0,0.0,1,-1.89,1882.8768310546875,0.0,0.0,1,-2.26,1882.8768310546875,0.0,0.0,1,-2.34,1882.8768310546875,0.0,0.0,1,-2.48,1882.8768310546875,0.0,0.0,1,10
ZINC000000046583,-0.19,1882.8712158203125,0.0002982263248655,0.0,1,-0.27,1882.8706665039065,0.0003274006392546,0.0,1,-0.29,1882.86962890625,0.0003825076775449,0.0,1,-0.29,1882.8689575195312,0.0004181651729093,0.0,1,-0.56,1882.869873046875,0.0003695413155943,0.0,1,-0.62,1882.8684692382808,0.0004440978968107,0.0,1,-0.72,1882.869201660156,0.0004051988109586,0.0,1,-0.8,1882.8679809570312,0.000470030620712,0.0,1,-1.07,1882.870178222656,0.0003533333631559,0.0,1,-1.36,1882.8668212890625,0.0005316208399777,0.0,1,10
ZINC000000046638,-0.79,1882.8704223632808,0.0003403670012052,0.0,1,-0.9,1882.8684692382808,0.0004440978968107,0.0,1,-1.19,1882.8697509765625,0.0003760244965696,0.0,1,-1.36,1882.8683471679688,0.000450581077786,0.0,1,-1.39,1882.8704833984373,0.0003371254107176,0.0,1,-1.43,1882.8699951171875,0.0003630581346189,0.0,1,-1.49,1882.8695068359373,0.0003889908585203,0.0,1,-1.57,1882.8681640625,0.000460305849249,0.0,1,-1.96,1882.8676147460933,0.000489480163638,0.0,1,-2.09,1882.8678588867188,0.0004765138016874,0.0,1,10
ZINC000000046838,0.02,1882.8667602539065,0.0005348624304654,0.0,1,-0.16,1882.868408203125,0.0004473394872983,0.0,1,-0.42,1882.8690185546875,0.0004149235824216,0.0,1,-0.46,1882.8671875,0.0005121712970517,0.0,1,-0.52,1882.8683471679688,0.000450581077786,0.0,1,-0.57,1882.86474609375,0.0006418349165585,0.0,1,-0.71,1882.8667602539065,0.0005348624304654,0.0,1,-1.29,1882.868103027344,0.0004635474397367,0.0,1,-2.65,1882.8655395507808,0.0005996942402188,0.0,1,-5.5,1882.868896484375,0.000421406763397,0.0,1,10
ZINC000000046841,-0.43,1882.8671875,0.0005121712970517,0.0,1,-0.48,1882.8654479980469,0.0006045566259503,0.0,1,-0.92,1882.8625793457031,0.0007569113788708,0.0,1,-1.03,1882.8646850585933,0.0006450765070462,0.0,1,-1.08,1882.8643493652344,0.0006629052547283,0.0,1,-1.08,1882.8674926757808,0.0004959633446134,0.0,1,-1.16,1882.8636474609373,0.0007001835453365,0.0,1,-1.36,1882.8636474609373,0.0007001835453365,0.0,1,-1.45,1882.8637084960933,0.0006969419548489,0.0,1,-1.8,1882.8650512695312,0.0006256269641201,0.0,1,10
ZINC000000046849,-0.54,1882.8768310546875,0.0,0.0,1,-0.55,1882.8768310546875,0.0,0.0,1,-0.81,1882.8768310546875,0.0,0.0,1,-0.84,1882.8768310546875,0.0,0.0,1,-0.87,1882.8768310546875,0.0,0.0,1,-0.89,1882.8768310546875,0.0,0.0,1,-1.0,1882.8768310546875,0.0,0.0,1,-1.16,1882.8768310546875,0.0,0.0,1,-1.57,1882.8768310546875,0.0,0.0,1,-1.79,1882.8768310546875,0.0,0.0,1,10
ZINC000000046870,0.02,1882.8699340820312,0.0003662997251066,0.0,1,0.02,1882.871856689453,0.000264189624745,0.0,1,-0.14,1882.8717651367188,0.0002690520104765,0.0,1,-0.31,1882.868896484375,0.000421406763397,0.0,1,-0.34,1882.8688354492188,0.0004246483538846,0.0,1,-0.42,1882.8704223632808,0.0003403670012052,0.0,1,-0.76,1882.869384765625,0.0003954740394956,0.0,1,-1.19,1882.8697814941409,0.0003744037013258,0.0,1,-1.43,1882.868103027344,0.0004635474397367,0.0,1,-1.97,1882.870056152344,0.0003598165441313,0.0,1,10
ZINC000000046948,0.08,1882.869140625,0.0004084404014463,0.0,1,0.04,1882.8702392578125,0.0003500917726682,0.0,1,-0.08,1882.86947631836,0.0003906116537641,0.0,1,-0.12,1882.8695068359373,0.0003889908585203,0.0,1,-0.4,1882.8715209960933,0.0002820183724272,0.0,1,-0.61,1882.871154785156,0.0003014679153532,0.0,1,-0.68,1882.8719482421875,0.0002593272390135,0.0,1,-0.68,1882.871032714844,0.0003079510963285,0.0,1,-0.92,1882.87109375,0.0003047095058409,0.0,1,-1.21,1882.8667602539065,0.0005348624304654,0.0,1,10
ZINC000000047029,0.13,1882.8707580566409,0.0003225382535231,0.0,1,0.07,1882.8707275390625,0.0003241590487669,0.0,1,-0.09,1882.8702087402344,0.0003517125679121,0.0,1,-0.49,1882.8694152832031,0.0003938532442518,0.0,1,-0.53,1882.8712463378904,0.0002966055296217,0.0,1,-0.63,1882.8682556152344,0.0004554434635175,0.0,1,-1.14,1882.87045288086,0.0003387462059614,0.0,1,-1.52,1882.8730163574216,0.0002025994054793,0.0,1,-1.99,1882.871154785156,0.0003014679153532,0.0,1,-2.2,1882.8691101074216,0.0004100611966901,0.0,1,10
ZINC000000047123,-0.55,1882.874084472656,0.0001458715719451,0.0,1,-0.56,1882.8745727539065,0.0001199388480437,0.0,1,-0.57,1882.8740234375,0.0001491131624327,0.0,1,-0.62,1882.874267578125,0.0001361468004821,0.0,1,-0.63,1882.8743896484373,0.0001296636195067,0.0,1,-0.69,1882.8728637695312,0.0002107033816985,0.0,1,-0.74,1882.874267578125,0.0001361468004821,0.0,1,-1.48,1882.8757934570312,5.510703829037999e-05,0.0,1,-1.96,1882.875061035156,9.400612414241292e-05,0.0,1,-2.63,1882.8740234375,0.0001491131624327,0.0,1,10
ZINC000000047620,0.14,1882.8768310546875,0.0,0.0,1,-0.68,1882.8768310546875,0.0,0.0,1,-0.8,1882.8768310546875,0.0,0.0,1,-0.99,1882.8768310546875,0.0,0.0,1,-1.27,1882.8768310546875,0.0,0.0,1,-1.42,1882.8768310546875,0.0,0.0,1,-1.52,1882.8768310546875,0.0,0.0,1,-1.73,1882.8768310546875,0.0,0.0,1,-1.81,1882.8768310546875,0.0,0.0,1,-1.93,1882.8768310546875,0.0,0.0,1,10
ZINC000000047645,0.26,1882.8706970214844,0.0003257798440107,0.0,1,-0.27,1882.8731384277344,0.0001961162245039,0.0,1,-0.5,1882.8710021972656,0.0003095718915724,0.0,1,-0.52,1882.872009277344,0.0002560856485258,0.0,1,-0.82,1882.870361328125,0.0003436085916929,0.0,1,-1.01,1882.8710632324216,0.0003063303010847,0.0,1,-1.19,1882.872802734375,0.0002139449721861,0.0,1,-1.25,1882.872589111328,0.000225290538893,0.0,1,-1.38,1882.8726501464844,0.0002220489484053,0.0,1,-5.33,471.744140625,0.0,0.0,1,10
ZINC000000047658,-0.54,1882.875762939453,5.672783353421469e-05,0.0,1,-0.67,1882.87646484375,1.9449542926016468e-05,0.0,1,-0.76,1882.8761291503904,3.727829060819823e-05,0.0,1,-0.76,1882.876495361328,1.782874768218176e-05,0.0,1,-0.78,1882.8768310546875,0.0,0.0,1,-0.82,1882.87548828125,7.131499072872705e-05,0.0,1,-0.83,1882.8760986328125,3.8899085852032936e-05,0.0,1,-0.94,1882.875915527344,4.8623857315041175e-05,0.0,1,-1.23,1882.876373291016,2.4311928657520587e-05,0.0,1,-1.39,1882.8768310546875,0.0,0.0,1,10
ZINC000000047709,-0.82,1882.8754272460933,7.455658121639646e-05,0.0,1,-0.96,1882.8765258789065,1.6207952438347055e-05,0.0,1,-1.05,1882.8761901855469,3.4036700120528816e-05,0.0,1,-1.09,1882.8768310546875,0.0,0.0,1,-1.09,1882.8757019042969,5.996942402188411e-05,0.0,1,-1.1,1882.8765869140625,1.2966361950677644e-05,0.0,1,-1.15,1882.8768310546875,0.0,0.0,1,-1.5,1882.8747253417969,0.0001118348718245,0.0,1,-1.66,1882.876434326172,2.107033816985117e-05,0.0,1,-1.69,1882.875518798828,6.969419548489234e-05,0.0,1,10
ZINC000000047718,-0.58,1882.870178222656,0.0003533333631559,0.0,1,-0.6,1882.8678588867188,0.0004765138016874,0.0,1,-0.64,1882.869873046875,0.0003695413155943,0.0,1,-1.0,1882.8692932128904,0.0004003364252271,0.0,1,-1.07,1882.8683166503904,0.0004522018730298,0.0,1,-1.92,1882.8677978515625,0.000479755392175,0.0,1,-2.53,1882.869140625,0.0004084404014463,0.0,1,-2.71,1882.87045288086,0.0003387462059614,0.0,1,-2.85,1882.867919921875,0.0004732722111997,0.0,1,-4.14,1882.868682861328,0.0004327523301038,0.0,1,10
ZINC000000047907,-1.19,1882.8751220703125,9.076453365474352e-05,0.0,1,-1.25,1882.874053955078,0.0001474923671889,0.0,1,-1.35,1882.874481201172,0.0001248012337752,0.0,1,-1.36,1882.8746337890625,0.000116697257556,0.0,1,-1.42,1882.8736267089844,0.0001701835006026,0.0,1,-1.42,1882.8749694824216,9.886850987391704e-05,0.0,1,-1.43,1882.8752136230469,8.59021479232394e-05,0.0,1,-1.53,1882.8739013671875,0.0001555963434081,0.0,1,-1.53,1882.875061035156,9.400612414241292e-05,0.0,1,-3.06,1882.8711853027344,0.0002998471201094,0.0,1,10
ZINC000000047993,-0.02,1882.866455078125,0.0005510703829037,0.0,1,-0.28,1882.8665161132808,0.0005478287924161,0.0,1,-0.36,1882.867584228516,0.0004911009588819,0.0,1,-0.59,1882.8675537109373,0.0004927217541257,0.0,1,-0.67,1882.8680419921875,0.0004667890302243,0.0,1,-0.86,1882.8694152832031,0.0003938532442518,0.0,1,-1.63,1882.87060546875,0.0003306422297422,0.0,1,-1.84,1882.86962890625,0.0003825076775449,0.0,1,-1.99,1882.8695678710933,0.0003857492680326,0.0,1,-1000.0,471.744140625,0.0,0.0,0,9
ZINC000000048093,-0.27,1882.8709716796875,0.0003111926868162,0.0,1,-0.48,1882.871612548828,0.0002771559866957,0.0,1,-0.64,1882.872802734375,0.0002139449721861,0.0,1,-0.74,1882.872009277344,0.0002560856485258,0.0,1,-0.83,1882.8706665039065,0.0003274006392546,0.0,1,-0.95,1882.872131347656,0.0002496024675505,0.0,1,-1.0,1882.8732604980469,0.0001896330435286,0.0,1,-1.46,1882.8729248046875,0.0002074617912108,0.0,1,-2.18,1882.873107910156,0.0001977370197478,0.0,1,-5.59,1882.8717041015625,0.0002722936009642,0.0,1,10
ZINC000000048130,-0.65,1882.8764038085933,2.269113341368588e-05,0.0,1,-0.92,1882.8762817382808,2.91743143890247e-05,0.0,1,-0.92,1882.8757934570312,5.510703829037999e-05,0.0,1,-1.02,1882.875061035156,9.400612414241292e-05,0.0,1,-1.12,1882.8753051757808,8.103976219173528e-05,0.0,1,-1.92,1882.8768310546875,0.0,0.0,1,-1.92,1882.8761901855469,3.4036700120528816e-05,0.0,1,-1.95,1882.8759765625,4.538226682737176e-05,0.0,1,-2.92,1882.8768310546875,0.0,0.0,1,-5.78,1882.8768310546875,0.0,0.0,1,10
ZINC000000048278,-0.1,1882.8712768554688,0.0002949847343779,0.0,1,-0.11,1882.8699951171875,0.0003630581346189,0.0,1,-0.18,1882.8723754882808,0.0002366361055998,0.0,1,-0.21,1882.8714599609373,0.0002852599629149,0.0,1,-0.37,1882.872131347656,0.0002496024675505,0.0,1,-0.41,1882.872131347656,0.0002496024675505,0.0,1,-0.86,1882.8713989257808,0.0002885015534025,0.0,1,-0.95,1882.871154785156,0.0003014679153532,0.0,1,-0.97,1882.8702392578125,0.0003500917726682,0.0,1,-0.98,1882.8723754882808,0.0002366361055998,0.0,1,10
ZINC000000048377,0.34,1882.874084472656,0.0001458715719451,0.0,1,0.21,1882.873565673828,0.0001734250910903,0.0,1,0.1,1882.8765869140625,1.2966361950677644e-05,0.0,1,0.03,1882.8742065429688,0.0001393883909697,0.0,1,-0.19,1882.8739318847656,0.0001539755481642,0.0,1,-0.94,1882.873779296875,0.0001620795243834,0.0,1,-1.06,1882.874481201172,0.0001248012337752,0.0,1,-1.13,1882.8751220703125,9.076453365474352e-05,0.0,1,-1.39,1882.875061035156,9.400612414241292e-05,0.0,1,-1.49,1882.8736572265625,0.0001685627053588,0.0,1,10
ZINC000000048542,-0.22,1882.8687133789065,0.00043113153486,0.0,1,-0.37,1882.8668212890625,0.0005316208399777,0.0,1,-0.38,1882.8699340820312,0.0003662997251066,0.0,1,-0.41,1882.867919921875,0.0004732722111997,0.0,1,-0.47,1882.8673095703125,0.0005056881160764,0.0,1,-0.51,1882.8676147460933,0.000489480163638,0.0,1,-0.62,1882.8670043945312,0.0005218960685147,0.0,1,-0.64,1882.8677978515625,0.000479755392175,0.0,1,-0.74,1882.8687133789065,0.00043113153486,0.0,1,-1.31,1882.8683471679688,0.000450581077786,0.0,1,10
ZINC000000048645,-0.23,1882.8690185546875,0.0004149235824216,0.0,1,-0.34,1882.871337890625,0.0002917431438902,0.0,1,-0.47,1882.869873046875,0.0003695413155943,0.0,1,-0.47,1882.872314453125,0.0002398776960875,0.0,1,-0.49,1882.868896484375,0.000421406763397,0.0,1,-0.5,1882.8709716796875,0.0003111926868162,0.0,1,-0.82,1882.86962890625,0.0003825076775449,0.0,1,-0.94,1882.870849609375,0.0003176758677916,0.0,1,-1.13,1882.868896484375,0.000421406763397,0.0,1,-2.17,1882.8702392578125,0.0003500917726682,0.0,1,10
ZINC000000048753,-0.12,1882.86865234375,0.0004343731253477,0.0,1,-0.26,1882.8685302734373,0.000440856306323,0.0,1,-0.28,1882.8703002929688,0.0003468501821806,0.0,1,-0.31,1882.8697204589844,0.0003776452918134,0.0,1,-0.38,1882.870147705078,0.0003549541583998,0.0,1,-0.69,1882.8683776855469,0.0004489602825422,0.0,1,-0.74,1882.8691101074216,0.0004100611966901,0.0,1,-1.01,1882.869384765625,0.0003954740394956,0.0,1,-2.91,1882.8699645996087,0.0003646789298628,0.0,1,-5.91,1882.86947631836,0.0003906116537641,0.0,1,10
ZINC000000048939,-0.19,1882.8712768554688,0.0002949847343779,0.0,1,-0.45,1882.8716430664065,0.0002755351914518,0.0,1,-0.7,1882.8726806640625,0.0002204281531615,0.0,1,-0.86,1882.8722534179688,0.0002431192865752,0.0,1,-0.92,1882.8752746582031,8.266055743556999e-05,0.0,1,-1.02,1882.872131347656,0.0002496024675505,0.0,1,-1.13,1882.8720703125,0.0002528440580382,0.0,1,-1.25,1882.8726806640625,0.0002204281531615,0.0,1,-2.12,1882.8728637695312,0.0002107033816985,0.0,1,-2.39,1882.87255859375,0.0002269113341368,0.0,1,10
ZINC000000048957,-0.16,1882.868408203125,0.0004473394872983,0.0,1,-0.3,1882.8696899414065,0.0003792660870573,0.0,1,-0.34,1882.869201660156,0.0004051988109586,0.0,1,-0.4,1882.867431640625,0.000499204935101,0.0,1,-0.43,1882.8680419921875,0.0004667890302243,0.0,1,-0.49,1882.8698120117188,0.0003727829060819,0.0,1,-0.53,1882.8704223632808,0.0003403670012052,0.0,1,-0.98,1882.869873046875,0.0003695413155943,0.0,1,-1.52,1882.869873046875,0.0003695413155943,0.0,1,-2.21,1882.8685302734373,0.000440856306323,0.0,1,10
ZINC000000049119,-0.15,1882.8726196289065,0.0002236697436491,0.0,1,-0.3,1882.8714599609373,0.0002852599629149,0.0,1,-0.31,1882.867919921875,0.0004732722111997,0.0,1,-0.49,1882.872131347656,0.0002496024675505,0.0,1,-0.5,1882.868103027344,0.0004635474397367,0.0,1,-0.5,1882.868896484375,0.000421406763397,0.0,1,-0.74,1882.8695068359373,0.0003889908585203,0.0,1,-1.51,1882.870361328125,0.0003436085916929,0.0,1,-1.52,1882.8706665039065,0.0003274006392546,0.0,1,-1.55,1882.8692626953125,0.000401957220471,0.0,1,10
ZINC000000049167,0.18,1882.869384765625,0.0003954740394956,0.0,1,0.17,1882.86865234375,0.0004343731253477,0.0,1,0.17,1882.870849609375,0.0003176758677916,0.0,1,0.09,1882.8697814941409,0.0003744037013258,0.0,1,-0.06,1882.871032714844,0.0003079510963285,0.0,1,-0.21,1882.8713684082031,0.0002901223486464,0.0,1,-0.36,1882.870056152344,0.0003598165441313,0.0,1,-0.65,1882.8682861328125,0.0004538226682737,0.0,1,-0.68,1882.86962890625,0.0003825076775449,0.0,1,-1.9,1882.8713684082031,0.0002901223486464,0.0,1,10
ZINC000000049187,-0.19,1882.873291015625,0.0001880122482848,0.0,1,-0.21,1882.8765563964844,1.458715719451235e-05,0.0,1,-0.26,1882.87548828125,7.131499072872705e-05,0.0,1,-0.45,1882.8729248046875,0.0002074617912108,0.0,1,-0.57,1882.874267578125,0.0001361468004821,0.0,1,-0.58,1882.8743896484373,0.0001296636195067,0.0,1,-0.87,1882.8742065429688,0.0001393883909697,0.0,1,-0.88,1882.8746948242188,0.0001134556670684,0.0,1,-0.96,1882.8758544921875,5.186544780271058e-05,0.0,1,-1.97,1882.873779296875,0.0001620795243834,0.0,1,10
ZINC000000049203,-0.42,1882.8712158203125,0.0002982263248655,0.0,1,-0.44,1882.87255859375,0.0002269113341368,0.0,1,-0.71,1882.8696899414065,0.0003792660870573,0.0,1,-0.75,1882.872802734375,0.0002139449721861,0.0,1,-0.89,1882.86865234375,0.0004343731253477,0.0,1,-0.94,1882.871032714844,0.0003079510963285,0.0,1,-0.96,1882.869140625,0.0004084404014463,0.0,1,-0.99,1882.8697509765625,0.0003760244965696,0.0,1,-1.04,1882.87255859375,0.0002269113341368,0.0,1,-1.61,1882.8728637695312,0.0002107033816985,0.0,1,10
ZINC000000049301,0.27,1882.872802734375,0.0002139449721861,0.0,1,0.04,1882.8729248046875,0.0002074617912108,0.0,1,0.01,1882.8727722167969,0.00021556576743,0.0,1,-0.03,1882.873962402344,0.0001523547529204,0.0,1,-0.38,1882.871826171875,0.0002658104199888,0.0,1,-0.57,1882.8712158203125,0.0002982263248655,0.0,1,-0.63,1882.8716735839844,0.000273914396208,0.0,1,-0.74,1882.8746643066409,0.0001150764623122,0.0,1,-0.74,1882.8722839355469,0.0002414984913313,0.0,1,-0.9,1882.8706970214844,0.0003257798440107,0.0,1,10
ZINC000000049401,-0.52,1882.869140625,0.0004084404014463,0.0,1,-0.56,1882.8707885742188,0.0003209174582792,0.0,1,-0.84,1882.86767578125,0.0004862385731504,0.0,1,-0.9,1882.869873046875,0.0003695413155943,0.0,1,-0.97,1882.869140625,0.0004084404014463,0.0,1,-0.98,1882.8689575195312,0.0004181651729093,0.0,1,-1.1,1882.868408203125,0.0004473394872983,0.0,1,-1.46,1882.8677368164065,0.0004829969826627,0.0,1,-1.58,1882.8695678710933,0.0003857492680326,0.0,1,-1.65,1882.8671875,0.0005121712970517,0.0,1,10
ZINC000000049414,-0.48,1882.8726196289065,0.0002236697436491,0.0,1,-0.5,1882.8709716796875,0.0003111926868162,0.0,1,-0.54,1882.8718872070312,0.0002625688295012,0.0,1,-0.54,1882.8716430664065,0.0002755351914518,0.0,1,-0.56,1882.872009277344,0.0002560856485258,0.0,1,-0.56,1882.87060546875,0.0003306422297422,0.0,1,-0.59,1882.873107910156,0.0001977370197478,0.0,1,-0.63,1882.871337890625,0.0002917431438902,0.0,1,-0.8,1882.8718872070312,0.0002625688295012,0.0,1,-2.37,1882.8694458007808,0.0003922324490079,0.0,1,10
ZINC000000049455,-0.28,1882.8692626953125,0.000401957220471,0.0,1,-0.38,1882.86752319336,0.0004943425493695,0.0,1,-0.84,1882.8681335449216,0.0004619266444928,0.0,1,-0.86,1882.8698425292969,0.0003711621108381,0.0,1,-0.99,1882.8682556152344,0.0004554434635175,0.0,1,-1.17,1882.869079589844,0.000411681991934,0.0,1,-1.44,1882.8678283691409,0.0004781345969312,0.0,1,-1.55,1882.8677978515625,0.000479755392175,0.0,1,-1.78,1882.8695678710933,0.0003857492680326,0.0,1,-2.85,1882.86865234375,0.0004343731253477,0.0,1,10
ZINC000000049513,-0.7,1882.8768310546875,0.0,0.0,1,-0.87,1882.8768310546875,0.0,0.0,1,-0.93,1882.8768310546875,0.0,0.0,1,-0.95,1882.8768310546875,0.0,0.0,1,-1.01,1882.8768310546875,0.0,0.0,1,-1.07,1882.8768310546875,0.0,0.0,1,-2.89,1882.8768310546875,0.0,0.0,1,-2.98,1882.8768310546875,0.0,0.0,1,-3.06,1882.8768310546875,0.0,0.0,1,-5.63,1882.8768310546875,0.0,0.0,1,10
ZINC000000049562,-0.03,1882.8703002929688,0.0003468501821806,0.0,1,-0.06,1882.871154785156,0.0003014679153532,0.0,1,-0.12,1882.8707275390625,0.0003241590487669,0.0,1,-0.42,1882.8697509765625,0.0003760244965696,0.0,1,-0.73,1882.87060546875,0.0003306422297422,0.0,1,-0.76,1882.8695678710933,0.0003857492680326,0.0,1,-0.98,1882.871032714844,0.0003079510963285,0.0,1,-1.0,1882.8702392578125,0.0003500917726682,0.0,1,-1.59,1882.8697509765625,0.0003760244965696,0.0,1,-5.8,471.744140625,0.0,0.0,1,10
ZINC000000049565,-0.5,1882.8695678710933,0.0003857492680326,0.0,1,-0.51,1882.8684692382808,0.0004440978968107,0.0,1,-0.52,1882.8699951171875,0.0003630581346189,0.0,1,-0.66,1882.8703002929688,0.0003468501821806,0.0,1,-0.74,1882.869201660156,0.0004051988109586,0.0,1,-0.75,1882.8687133789065,0.00043113153486,0.0,1,-0.77,1882.8687744140625,0.0004278899443723,0.0,1,-0.82,1882.868225097656,0.0004570642587613,0.0,1,-0.86,1882.8694458007808,0.0003922324490079,0.0,1,-1.5,1882.8673706054688,0.0005024465255887,0.0,1,10
ZINC000000049568,-0.15,1882.8718872070312,0.0002625688295012,0.0,1,-0.43,1882.871490478516,0.000283639167671,0.0,1,-0.54,1882.8712158203125,0.0002982263248655,0.0,1,-0.67,1882.8703002929688,0.0003468501821806,0.0,1,-0.72,1882.8717651367188,0.0002690520104765,0.0,1,-0.72,1882.8711853027344,0.0002998471201094,0.0,1,-0.74,1882.8703918457031,0.0003419877964491,0.0,1,-0.84,1882.8695678710933,0.0003857492680326,0.0,1,-1.23,1882.8712768554688,0.0002949847343779,0.0,1,-2.56,1882.8704833984373,0.0003371254107176,0.0,1,10
ZINC000000049754,-0.05,1882.8689575195312,0.0004181651729093,0.0,1,-0.16,1882.867431640625,0.000499204935101,0.0,1,-0.16,1882.8693237304688,0.0003987156299833,0.0,1,-0.19,1882.8694458007808,0.0003922324490079,0.0,1,-0.45,1882.87045288086,0.0003387462059614,0.0,1,-0.55,1882.8706970214844,0.0003257798440107,0.0,1,-1.11,1882.8674926757808,0.0004959633446134,0.0,1,-1.13,1859.9060668945312,1.2199823048058458,4.166666666666666,1,-2.62,1882.8692626953125,0.000401957220471,0.0,1,-2.75,1882.871551513672,0.0002803975771834,0.0,1,10
ZINC000000049849,-0.49,1882.8721923828125,0.0002463608770628,0.0,1,-0.59,1882.8719177246087,0.0002609480342573,0.0,1,-0.67,1882.871856689453,0.000264189624745,0.0,1,-0.72,1882.8721923828125,0.0002463608770628,0.0,1,-0.73,1882.8719482421875,0.0002593272390135,0.0,1,-0.73,1882.8723754882808,0.0002366361055998,0.0,1,-0.84,1882.8714599609373,0.0002852599629149,0.0,1,-0.85,1882.8724365234373,0.0002333945151121,0.0,1,-0.86,1882.8705444335933,0.0003338838202299,0.0,1,-1.94,1882.8687744140625,0.0004278899443723,0.0,1,10
ZINC000000049994,-0.05,1882.8730163574216,0.0002025994054793,0.0,1,-0.24,1882.8732604980469,0.0001896330435286,0.0,1,-0.32,1882.8745727539065,0.0001199388480437,0.0,1,-0.67,1882.8741455078125,0.0001426299814574,0.0,1,-0.85,1882.8757019042969,5.996942402188411e-05,0.0,1,-0.87,1882.8754272460933,7.455658121639646e-05,0.0,1,-0.87,1882.8756103515625,6.483180975338822e-05,0.0,1,-1.15,1882.8748474121087,0.0001053516908492,0.0,1,-1.17,1882.8742065429688,0.0001393883909697,0.0,1,-5.95,1882.8768310546875,0.0,0.0,1,10
ZINC000000050080,-0.22,1882.8692626953125,0.000401957220471,0.0,1,-0.6,1882.869079589844,0.000411681991934,0.0,1,-0.67,1882.8685913085933,0.0004376147158353,0.0,1,-0.79,1882.8685302734373,0.000440856306323,0.0,1,-0.8,1882.868896484375,0.000421406763397,0.0,1,-0.92,1882.8703002929688,0.0003468501821806,0.0,1,-1.02,1882.8679809570312,0.000470030620712,0.0,1,-1.17,1882.8676147460933,0.000489480163638,0.0,1,-2.07,1882.867248535156,0.000508929706564,0.0,1,-4.22,1882.8694458007808,0.0003922324490079,0.0,1,10
ZINC000000050129,-0.14,1882.8648986816409,0.0006337309403393,0.0,1,-0.19,1882.8651123046875,0.0006223853736325,0.0,1,-0.47,1882.864654541016,0.00064669730229,0.0,1,-0.61,1882.864318847656,0.0006645260499722,0.0,1,-0.65,1882.8646850585933,0.0006450765070462,0.0,1,-0.69,1882.8640747070312,0.0006774924119229,0.0,1,-0.75,1882.8657836914065,0.0005867278782681,0.0,1,-0.77,1882.864318847656,0.0006645260499722,0.0,1,-0.94,1882.8638610839844,0.0006888379786297,0.0,1,-5.11,1882.8630981445312,0.0007293578597256,0.0,1,10
ZINC000000050136,-0.08,1882.8677368164065,0.0004829969826627,0.0,1,-0.28,1882.8709106445312,0.0003144342773039,0.0,1,-0.34,1882.869079589844,0.000411681991934,0.0,1,-0.82,1882.8709716796875,0.0003111926868162,0.0,1,-0.93,1882.8681640625,0.000460305849249,0.0,1,-1.13,1882.86767578125,0.0004862385731504,0.0,1,-1.15,1882.869384765625,0.0003954740394956,0.0,1,-1.29,1882.8693237304688,0.0003987156299833,0.0,1,-1.99,1882.8697509765625,0.0003760244965696,0.0,1,-1.99,1882.8681640625,0.000460305849249,0.0,1,10
ZINC000000050339,-0.23,1882.8743896484373,0.0001296636195067,0.0,1,-0.45,1882.873046875,0.0002009786102355,0.0,1,-0.5,1882.873779296875,0.0001620795243834,0.0,1,-0.6,1882.8732604980469,0.0001896330435286,0.0,1,-0.91,1882.8738403320312,0.0001588379338958,0.0,1,-1.07,1882.874084472656,0.0001458715719451,0.0,1,-1.19,1882.875030517578,9.562691938624764e-05,0.0,1,-1.35,1882.875061035156,9.400612414241292e-05,0.0,1,-3.55,1882.8749084472656,0.0001021101003615,0.0,1,-5.16,1882.8741149902344,0.0001442507767012,0.0,1,10
ZINC000000050383,-0.07,1882.8726806640625,0.0002204281531615,0.0,1,-0.22,1882.8717041015625,0.0002722936009642,0.0,1,-0.55,1882.8722534179688,0.0002431192865752,0.0,1,-0.72,1882.873443603516,0.0001799082720656,0.0,1,-1.0,1882.8743896484373,0.0001296636195067,0.0,1,-1.12,1882.8734130859373,0.0001815290673094,0.0,1,-1.26,1882.8729248046875,0.0002074617912108,0.0,1,-1.43,1882.8732299804688,0.0001912538387724,0.0,1,-1.98,1882.8738403320312,0.0001588379338958,0.0,1,-2.32,1882.874755859375,0.0001102140765807,0.0,1,10
ZINC000000050448,-0.08,1882.8768310546875,0.0,0.0,1,-0.26,1882.8768310546875,0.0,0.0,1,-0.28,1882.876373291016,2.4311928657520587e-05,0.0,1,-0.47,1882.8768310546875,0.0,0.0,1,-0.51,1882.875762939453,5.672783353421469e-05,0.0,1,-0.59,1882.8768310546875,0.0,0.0,1,-2.23,1882.8768310546875,0.0,0.0,1,-2.57,1882.8767700195312,3.241590487669412e-06,0.0,1,-2.99,1882.8765258789065,1.6207952438347055e-05,0.0,1,-3.15,1882.8742980957031,0.0001345260052382,0.0,1,10
ZINC000000050606,-0.34,1882.8693237304688,0.0003987156299833,0.0,1,-0.37,1882.8695678710933,0.0003857492680326,0.0,1,-0.41,1882.8683471679688,0.000450581077786,0.0,1,-0.67,1882.868408203125,0.0004473394872983,0.0,1,-0.7,1882.8684692382808,0.0004440978968107,0.0,1,-0.72,1882.868225097656,0.0004570642587613,0.0,1,-0.77,1882.8688354492188,0.0004246483538846,0.0,1,-0.86,1882.8699951171875,0.0003630581346189,0.0,1,-0.89,1882.8695678710933,0.0003857492680326,0.0,1,-1.74,1882.8665161132808,0.0005478287924161,0.0,1,10
ZINC000000050628,0.26,1882.8757019042969,5.996942402188411e-05,0.0,1,-0.18,1882.875915527344,4.8623857315041175e-05,0.0,1,-0.43,1882.8756103515625,6.483180975338822e-05,0.0,1,-0.46,1882.8768310546875,0.0,0.0,1,-0.49,1882.8749084472656,0.0001021101003615,0.0,1,-1.36,1882.873809814453,0.0001604587291396,0.0,1,-1.4,1882.8737182617188,0.0001653211148711,0.0,1,-1.84,1882.8726196289065,0.0002236697436491,0.0,1,-3.07,1882.87631225586,2.755351914519e-05,0.0,1,-1000.0,471.744140625,0.0,0.0,0,9
ZINC000000050649,-0.76,1882.873565673828,0.0001734250910903,0.0,1,-0.85,1882.8739013671875,0.0001555963434081,0.0,1,-1.12,1882.8743896484373,0.0001296636195067,0.0,1,-1.43,1882.8738708496087,0.0001572171386519,0.0,1,-1.45,1882.8739929199216,0.0001507339576766,0.0,1,-1.47,1882.8743286132808,0.0001329052099944,0.0,1,-1.54,1882.8741149902344,0.0001442507767012,0.0,1,-1.85,1882.8740234375,0.0001491131624327,0.0,1,-1.95,1882.8731689453125,0.0001944954292601,0.0,1,-2.33,1882.8746948242188,0.0001134556670684,0.0,1,10
ZINC000000050816,0.02,1882.87451171875,0.0001231804385314,0.0,1,-0.03,1882.8738403320312,0.0001588379338958,0.0,1,-0.44,1882.875762939453,5.672783353421469e-05,0.0,1,-0.45,1882.8748168945312,0.000106972486093,0.0,1,-0.51,1882.8758850097656,5.024465255887588e-05,0.0,1,-0.64,1882.875030517578,9.562691938624764e-05,0.0,1,-0.71,1882.8742370605469,0.0001377675957259,0.0,1,-0.76,1882.8754272460933,7.455658121639646e-05,0.0,1,-0.82,1882.8740234375,0.0001491131624327,0.0,1,-1000.0,471.744140625,0.0,0.0,0,9
ZINC000000051037,0.01,1882.872009277344,0.0002560856485258,0.0,1,-0.12,1882.87353515625,0.0001750458863341,0.0,1,-0.12,1882.873779296875,0.0001620795243834,0.0,1,-0.33,1882.8732299804688,0.0001912538387724,0.0,1,-0.48,1882.8732299804688,0.0001912538387724,0.0,1,-0.5,1882.8715209960933,0.0002820183724272,0.0,1,-0.6,1882.871826171875,0.0002658104199888,0.0,1,-0.62,1882.8732299804688,0.0001912538387724,0.0,1,-1.67,1882.8697509765625,0.0003760244965696,0.0,1,-5.39,1882.8712158203125,0.0002982263248655,0.0,1,10
ZINC000000051214,-0.51,1882.872802734375,0.0002139449721861,0.0,1,-0.53,1882.871490478516,0.000283639167671,0.0,1,-0.56,1882.875061035156,9.400612414241292e-05,0.0,1,-0.57,1882.8747253417969,0.0001118348718245,0.0,1,-0.83,1882.8726806640625,0.0002204281531615,0.0,1,-0.84,1882.872314453125,0.0002398776960875,0.0,1,-0.87,1882.8730163574216,0.0002025994054793,0.0,1,-0.91,1882.8721923828125,0.0002463608770628,0.0,1,-1.56,1882.873107910156,0.0001977370197478,0.0,1,-2.53,1882.875457763672,7.293578597256175e-05,0.0,1,10
ZINC000000051262,-0.24,1882.8768310546875,0.0,0.0,1,-0.32,1882.8768310546875,0.0,0.0,1,-0.33,1882.8768310546875,0.0,0.0,1,-0.36,1882.8768310546875,0.0,0.0,1,-0.44,1882.8768310546875,0.0,0.0,1,-0.65,1882.8768310546875,0.0,0.0,1,-0.7,1882.8768310546875,0.0,0.0,1,-0.84,1882.8768310546875,0.0,0.0,1,-2.65,1882.8768310546875,0.0,0.0,1,-4.72,471.744140625,0.0,0.0,1,10
ZINC000000051360,-0.08,1882.8648376464844,0.000636972530827,0.0,1,-0.54,1882.8666381835933,0.0005413456114407,0.0,1,-0.56,1882.865753173828,0.0005883486735119,0.0,1,-0.63,1882.865478515625,0.0006029358307065,0.0,1,-0.67,1882.8670043945312,0.0005218960685147,0.0,1,-0.83,1882.866455078125,0.0005510703829037,0.0,1,-0.96,1882.8665771484373,0.0005445872019284,0.0,1,-1.06,1882.8652038574216,0.000617522987901,0.0,1,-1.29,1882.8653564453125,0.0006094190116818,0.0,1,-3.05,1882.8646240234373,0.0006483180975338,0.0,1,10
ZINC000000051467,-0.05,1882.8677978515625,0.000479755392175,0.0,1,-0.12,1882.8669128417969,0.0005267584542462,0.0,1,-0.17,1882.8676147460933,0.000489480163638,0.0,1,-0.45,1882.867431640625,0.000499204935101,0.0,1,-0.99,1882.86962890625,0.0003825076775449,0.0,1,-1.17,1882.868408203125,0.0004473394872983,0.0,1,-1.29,1882.8680419921875,0.0004667890302243,0.0,1,-1.41,1882.869598388672,0.0003841284727888,0.0,1,-1.53,1882.868194580078,0.0004586850540052,0.0,1,-1.56,1882.8684387207031,0.0004457186920545,0.0,1,10
ZINC000000051549,-0.1,1882.8768310546875,0.0,0.0,1,-0.22,1882.8768310546875,0.0,0.0,1,-0.46,1882.8768310546875,0.0,0.0,1,-0.56,1882.8768310546875,0.0,0.0,1,-0.56,1882.8768310546875,0.0,0.0,1,-0.59,1882.8768310546875,0.0,0.0,1,-0.59,1882.8768310546875,0.0,0.0,1,-0.8,1882.8768310546875,0.0,0.0,1,-1.23,1882.8768310546875,0.0,0.0,1,-2.2,1882.876708984375,6.483180975338823e-06,0.0,1,10
ZINC000000051567,-0.0,1882.8716430664065,0.0002755351914518,0.0,1,-0.17,1882.87109375,0.0003047095058409,0.0,1,-0.31,1882.8695678710933,0.0003857492680326,0.0,1,-0.53,1882.8689575195312,0.0004181651729093,0.0,1,-0.64,1882.8697509765625,0.0003760244965696,0.0,1,-0.7,1882.871337890625,0.0002917431438902,0.0,1,-1.14,1882.8695678710933,0.0003857492680326,0.0,1,-1.16,1882.8678588867188,0.0004765138016874,0.0,1,-1.24,1882.87060546875,0.0003306422297422,0.0,1,-1.47,1882.8699340820312,0.0003662997251066,0.0,1,10
ZINC000000051637,-0.3,1882.867126464844,0.0005154128875394,0.0,1,-0.53,1882.864501953125,0.0006548012785092,0.0,1,-0.53,1882.8658752441409,0.0005818654925366,0.0,1,-0.64,1882.865478515625,0.0006029358307065,0.0,1,-0.76,1882.8670349121087,0.0005202752732709,0.0,1,-0.87,1882.8660888671875,0.0005705199258298,0.0,1,-1.26,1882.8671875,0.0005121712970517,0.0,1,-2.98,1882.8659057617188,0.0005802446972928,0.0,1,-3.1,1882.8661193847656,0.0005688991305859,0.0,1,-7.41,1882.866271972656,0.0005607951543668,0.0,1,10
ZINC000000051777,-0.16,1882.8768310546875,0.0,0.0,1,-0.22,1882.8768310546875,0.0,0.0,1,-0.24,1882.8768310546875,0.0,0.0,1,-0.41,1882.8768310546875,0.0,0.0,1,-0.43,1882.8768310546875,0.0,0.0,1,-0.74,1882.8768310546875,0.0,0.0,1,-0.82,1882.8768310546875,0.0,0.0,1,-1.17,1882.8768310546875,0.0,0.0,1,-2.69,1882.8768310546875,0.0,0.0,1,-3.02,1882.8768310546875,0.0,0.0,1,10
ZINC000000051790,-0.33,1882.8714599609373,0.0002852599629149,0.0,1,-0.37,1882.871551513672,0.0002803975771834,0.0,1,-0.45,1882.87240600586,0.000235015310356,0.0,1,-0.52,1882.8715209960933,0.0002820183724272,0.0,1,-0.75,1882.8713989257808,0.0002885015534025,0.0,1,-1.06,1882.871826171875,0.0002658104199888,0.0,1,-1.07,1882.871856689453,0.000264189624745,0.0,1,-1.16,1882.872314453125,0.0002398776960875,0.0,1,-1.92,1882.87158203125,0.0002787767819395,0.0,1,-2.06,1882.871154785156,0.0003014679153532,0.0,1,10
ZINC000000051823,-0.12,1882.8673095703125,0.0005056881160764,0.0,1,-0.16,1882.8682861328125,0.0004538226682737,0.0,1,-0.21,1882.867126464844,0.0005154128875394,0.0,1,-0.26,1882.8656616210933,0.0005932110592435,0.0,1,-0.35,1882.8682861328125,0.0004538226682737,0.0,1,-0.61,1882.8675537109373,0.0004927217541257,0.0,1,-0.78,1882.8675537109373,0.0004927217541257,0.0,1,-0.96,1882.867126464844,0.0005154128875394,0.0,1,-1.0,1882.8668212890625,0.0005316208399777,0.0,1,-1.03,1882.8660278320312,0.0005737615163174,0.0,1,10
ZINC000000051901,-0.34,1882.87353515625,0.0001750458863341,0.0,1,-0.36,1882.871826171875,0.0002658104199888,0.0,1,-0.38,1882.871154785156,0.0003014679153532,0.0,1,-0.54,1882.8734130859373,0.0001815290673094,0.0,1,-0.55,1882.8724365234373,0.0002333945151121,0.0,1,-0.79,1882.87353515625,0.0001750458863341,0.0,1,-1.57,1882.8723754882808,0.0002366361055998,0.0,1,-2.97,1882.8719482421875,0.0002593272390135,0.0,1,-5.68,1882.872314453125,0.0002398776960875,0.0,1,-5.75,1882.8739013671875,0.0001555963434081,0.0,1,10
ZINC000000052085,-0.42,1882.8748474121087,0.0001053516908492,0.0,1,-0.48,1882.875244140625,8.42813526794047e-05,0.0,1,-0.49,1882.875030517578,9.562691938624764e-05,0.0,1,-0.77,1882.874053955078,0.0001474923671889,0.0,1,-0.9,1882.8742980957031,0.0001345260052382,0.0,1,-0.93,1882.875030517578,9.562691938624764e-05,0.0,1,-1.05,1882.8739929199216,0.0001507339576766,0.0,1,-1.77,1831.448760986328,2.7313560409340267,13.043478260869565,1,-5.36,1882.874481201172,0.0001248012337752,0.0,1,-5.44,471.744140625,0.0,0.0,1,10
ZINC000000052094,-0.14,1882.8768310546875,0.0,0.0,1,-0.17,1882.8768310546875,0.0,0.0,1,-0.22,1882.8768310546875,0.0,0.0,1,-0.25,1882.8768310546875,0.0,0.0,1,-0.25,1882.8768310546875,0.0,0.0,1,-0.28,1882.8768310546875,0.0,0.0,1,-0.42,1882.8768310546875,0.0,0.0,1,-1.33,1882.8768310546875,0.0,0.0,1,-2.25,1882.8768310546875,0.0,0.0,1,-1000.0,471.744140625,0.0,0.0,0,9
ZINC000000052123,-0.22,1882.8707885742188,0.0003209174582792,0.0,1,-0.27,1882.8712768554688,0.0002949847343779,0.0,1,-0.79,1882.87109375,0.0003047095058409,0.0,1,-0.86,1882.8716735839844,0.000273914396208,0.0,1,-1.19,1882.8717346191409,0.0002706728057203,0.0,1,-1.36,1882.872100830078,0.0002512232627943,0.0,1,-1.85,1882.8716430664065,0.0002755351914518,0.0,1,-2.97,1882.8729553222656,0.000205840995967,0.0,1,-3.73,1882.8724365234373,0.0002333945151121,0.0,1,-3.89,1882.8710632324216,0.0003063303010847,0.0,1,10
ZINC000000052145,-0.49,1882.8706665039065,0.0003274006392546,0.0,1,-0.52,1882.8683471679688,0.000450581077786,0.0,1,-0.55,1882.8685913085933,0.0004376147158353,0.0,1,-0.61,1882.8696899414065,0.0003792660870573,0.0,1,-0.66,1882.8697509765625,0.0003760244965696,0.0,1,-0.68,1882.8720703125,0.0002528440580382,0.0,1,-0.85,1882.8699951171875,0.0003630581346189,0.0,1,-0.99,1882.8683471679688,0.000450581077786,0.0,1,-1.06,1882.8702392578125,0.0003500917726682,0.0,1,-1.76,1882.8693237304688,0.0003987156299833,0.0,1,10
ZINC000000052250,-0.07,1882.8693237304688,0.0003987156299833,0.0,1,-0.67,1882.8689575195312,0.0004181651729093,0.0,1,-1.03,1882.8693237304688,0.0003987156299833,0.0,1,-1.13,1882.8694458007808,0.0003922324490079,0.0,1,-1.28,1882.8674926757808,0.0004959633446134,0.0,1,-1.28,1882.868194580078,0.0004586850540052,0.0,1,-1.5,1882.86767578125,0.0004862385731504,0.0,1,-1.53,1882.8695068359373,0.0003889908585203,0.0,1,-1.65,1882.8677368164065,0.0004829969826627,0.0,1,-5.76,1882.8690185546875,0.0004149235824216,0.0,1,10
ZINC000000052373,-0.85,1882.873565673828,0.0001734250910903,0.0,1,-0.87,1882.8742370605469,0.0001377675957259,0.0,1,-0.88,1882.8739929199216,0.0001507339576766,0.0,1,-0.88,1882.874084472656,0.0001458715719451,0.0,1,-0.95,1882.8739013671875,0.0001555963434081,0.0,1,-1.11,1882.8742980957031,0.0001345260052382,0.0,1,-1.52,1882.8741149902344,0.0001442507767012,0.0,1,-1.84,1882.874053955078,0.0001474923671889,0.0,1,-1.85,1882.8742065429688,0.0001393883909697,0.0,1,-1.91,1882.8742370605469,0.0001377675957259,0.0,1,10
ZINC000000052416,-0.44,1882.8757934570312,5.510703829037999e-05,0.0,1,-0.49,1882.8751831054688,8.75229431670741e-05,0.0,1,-0.54,1882.874938964844,0.0001004893051177,0.0,1,-0.71,1882.8739013671875,0.0001555963434081,0.0,1,-0.78,1882.8748779296875,0.0001037308956054,0.0,1,-0.96,1882.8744506835933,0.0001264220290191,0.0,1,-0.99,1882.8755493164065,6.807340024105763e-05,0.0,1,-1.07,1882.8744506835933,0.0001264220290191,0.0,1,-1.08,1882.8748168945312,0.000106972486093,0.0,1,-1.1,1882.874084472656,0.0001458715719451,0.0,1,10
ZINC000000052448,-0.41,1882.8708190917969,0.0003192966630354,0.0,1,-0.61,1882.8719177246087,0.0002609480342573,0.0,1,-0.65,1882.8706665039065,0.0003274006392546,0.0,1,-0.75,1882.8702087402344,0.0003517125679121,0.0,1,-1.04,1882.869598388672,0.0003841284727888,0.0,1,-1.13,1882.8720703125,0.0002528440580382,0.0,1,-1.37,1882.870056152344,0.0003598165441313,0.0,1,-1.71,1882.870880126953,0.0003160550725477,0.0,1,-2.13,1882.8726806640625,0.0002204281531615,0.0,1,-3.6,1882.8714599609373,0.0002852599629149,0.0,1,10
ZINC000000052463,0.38,1882.8712158203125,0.0002982263248655,0.0,1,-0.66,1882.8698120117188,0.0003727829060819,0.0,1,-0.66,1882.8695068359373,0.0003889908585203,0.0,1,-0.72,1882.8703002929688,0.0003468501821806,0.0,1,-0.74,1882.8704833984373,0.0003371254107176,0.0,1,-0.74,1882.8695678710933,0.0003857492680326,0.0,1,-0.93,1882.8689575195312,0.0004181651729093,0.0,1,-1.14,1882.869140625,0.0004084404014463,0.0,1,-1.26,1882.8699340820312,0.0003662997251066,0.0,1,-1.32,1882.8697509765625,0.0003760244965696,0.0,1,10
ZINC000000052482,0.0,1882.8757934570312,5.510703829037999e-05,0.0,1,-0.34,1882.8746948242188,0.0001134556670684,0.0,1,-0.35,1882.873962402344,0.0001523547529204,0.0,1,-0.4,1882.873046875,0.0002009786102355,0.0,1,-0.51,1882.8714599609373,0.0002852599629149,0.0,1,-0.74,1882.8748474121087,0.0001053516908492,0.0,1,-0.81,1882.875457763672,7.293578597256175e-05,0.0,1,-0.86,1882.871826171875,0.0002658104199888,0.0,1,-0.88,1882.873107910156,0.0001977370197478,0.0,1,-1.56,1882.87353515625,0.0001750458863341,0.0,1,10
ZINC000000052541,-0.94,1882.8768310546875,0.0,0.0,1,-1.28,1882.8768310546875,0.0,0.0,1,-1.39,1882.8768310546875,0.0,0.0,1,-1.46,1882.8768310546875,0.0,0.0,1,-2.32,1882.8768310546875,0.0,0.0,1,-2.55,1882.8768310546875,0.0,0.0,1,-2.58,1882.8768310546875,0.0,0.0,1,-3.07,1882.8768310546875,0.0,0.0,1,-5.83,1882.8768310546875,0.0,0.0,1,-1000.0,471.744140625,0.0,0.0,0,9
ZINC000000052550,-0.05,1882.869140625,0.0004084404014463,0.0,1,-0.38,1882.868194580078,0.0004586850540052,0.0,1,-0.57,1882.8680419921875,0.0004667890302243,0.0,1,-0.8,1882.868194580078,0.0004586850540052,0.0,1,-1.14,1882.8697204589844,0.0003776452918134,0.0,1,-1.67,1882.8688659667969,0.0004230275586408,0.0,1,-1.84,1882.868927001953,0.0004197859681531,0.0,1,-1.92,1882.8687744140625,0.0004278899443723,0.0,1,-2.36,1882.869079589844,0.000411681991934,0.0,1,-3.07,1882.8682556152344,0.0004554434635175,0.0,1,10
ZINC000000052700,0.25,1882.8636474609373,0.0007001835453365,0.0,1,0.23,1882.8629760742188,0.0007358410407009,0.0,1,-0.1,1882.8624877929688,0.0007617737646023,0.0,1,-1.19,1882.8648681640625,0.0006353517355832,0.0,1,-1.22,1882.865295410156,0.0006126606021695,0.0,1,-1.58,1882.8650817871087,0.0006240061688763,0.0,1,-1.89,1882.8659057617188,0.0005802446972928,0.0,1,-2.55,1882.8654174804688,0.0006061774211941,0.0,1,-3.28,1882.8638305664065,0.0006904587738735,0.0,1,-3.69,1882.866241455078,0.0005624159496106,0.0,1,10
ZINC000000052796,-0.68,1882.8733520507808,0.0001847706577971,0.0,1,-1.01,1882.872802734375,0.0002139449721861,0.0,1,-1.32,1882.8731384277344,0.0001961162245039,0.0,1,-1.37,1882.8736877441409,0.0001669419101149,0.0,1,-1.5,1882.8733215332031,0.0001863914530409,0.0,1,-1.7,1882.87353515625,0.0001750458863341,0.0,1,-1.95,1882.872009277344,0.0002560856485258,0.0,1,-2.04,1882.8719177246087,0.0002609480342573,0.0,1,-2.22,1882.872100830078,0.0002512232627943,0.0,1,-1000.0,471.744140625,0.0,0.0,0,9
ZINC000000052892,-1.1,1882.8733520507808,0.0001847706577971,0.0,1,-1.15,1882.8748474121087,0.0001053516908492,0.0,1,-1.21,1882.8716735839844,0.000273914396208,0.0,1,-1.31,1882.8748168945312,0.000106972486093,0.0,1,-1.32,1882.8741149902344,0.0001442507767012,0.0,1,-1.53,1882.8738708496087,0.0001572171386519,0.0,1,-1.63,1882.8736877441409,0.0001669419101149,0.0,1,-1.93,1882.8731384277344,0.0001961162245039,0.0,1,-2.1,1882.8736267089844,0.0001701835006026,0.0,1,-2.73,1882.8746337890625,0.000116697257556,0.0,1,10
ZINC000000052902,-0.21,1882.8768310546875,0.0,0.0,1,-0.46,1882.8768310546875,0.0,0.0,1,-0.51,1882.8768310546875,0.0,0.0,1,-0.53,1882.8768310546875,0.0,0.0,1,-0.76,1882.8768310546875,0.0,0.0,1,-1.26,1882.8768310546875,0.0,0.0,1,-1.28,1882.8768310546875,0.0,0.0,1,-1.34,1882.8768310546875,0.0,0.0,1,-1.57,1882.8768310546875,0.0,0.0,1,-2.09,1882.8768310546875,0.0,0.0,1,10
ZINC000000052907,-0.86,1882.8658447265625,0.0005834862877804,0.0,1,-0.89,1882.866271972656,0.0005607951543668,0.0,1,-0.9,1882.8658752441409,0.0005818654925366,0.0,1,-0.94,1882.8656005859373,0.0005964526497311,0.0,1,-0.95,1882.8670654296875,0.0005186544780271,0.0,1,-1.02,1882.8660888671875,0.0005705199258298,0.0,1,-1.09,1882.8658752441409,0.0005818654925366,0.0,1,-1.1,1882.867584228516,0.0004911009588819,0.0,1,-1.14,1882.8663024902344,0.0005591743591229,0.0,1,-1.79,1882.8655090332031,0.0006013150354626,0.0,1,10
ZINC000000053572,-0.65,1882.8768310546875,0.0,0.0,1,-0.94,1882.8768310546875,0.0,0.0,1,-1.0,1882.8768310546875,0.0,0.0,1,-1.13,1882.8768310546875,0.0,0.0,1,-1.17,1882.8768310546875,0.0,0.0,1,-1.32,1882.8768310546875,0.0,0.0,1,-2.34,1882.8768310546875,0.0,0.0,1,-2.76,1882.8768310546875,0.0,0.0,1,-3.41,1882.8768310546875,0.0,0.0,1,-4.54,1882.8768310546875,0.0,0.0,1,10
ZINC000000053652,-0.16,1882.8768310546875,0.0,0.0,1,-0.19,1882.8768310546875,0.0,0.0,1,-0.26,1882.8768310546875,0.0,0.0,1,-0.31,1882.8768310546875,0.0,0.0,1,-0.4,1882.8768310546875,0.0,0.0,1,-0.4,1882.8768310546875,0.0,0.0,1,-0.46,1882.8768310546875,0.0,0.0,1,-0.5,1882.8768310546875,0.0,0.0,1,-0.64,1882.8768310546875,0.0,0.0,1,-1.27,1882.8768310546875,0.0,0.0,1,10
ZINC000000053663,-0.51,1882.8671569824216,0.0005137920922956,0.0,1,-1.14,1882.869079589844,0.000411681991934,0.0,1,-1.21,1882.8687744140625,0.0004278899443723,0.0,1,-1.24,1882.8687744140625,0.0004278899443723,0.0,1,-1.55,1882.8676147460933,0.000489480163638,0.0,1,-1.56,1882.8689575195312,0.0004181651729093,0.0,1,-1.66,1882.8683776855469,0.0004489602825422,0.0,1,-1.68,1882.8701171875,0.0003565749536436,0.0,1,-1.69,1882.8697204589844,0.0003776452918134,0.0,1,-2.14,1882.8660278320312,0.0005737615163174,0.0,1,10
ZINC000000053669,-0.28,1882.8695678710933,0.0003857492680326,0.0,1,-0.5,1882.867431640625,0.000499204935101,0.0,1,-0.68,1882.868408203125,0.0004473394872983,0.0,1,-0.73,1882.8680419921875,0.0004667890302243,0.0,1,-0.85,1882.8691101074216,0.0004100611966901,0.0,1,-0.96,1882.8688354492188,0.0004246483538846,0.0,1,-1.06,1882.8692321777344,0.0004035780157148,0.0,1,-1.07,1882.869903564453,0.0003679205203504,0.0,1,-1.12,1882.8698120117188,0.0003727829060819,0.0,1,-1.39,1882.8694458007808,0.0003922324490079,0.0,1,10
ZINC000000053741,-0.08,1882.8701171875,0.0003565749536436,0.0,1,-0.54,1882.8685913085933,0.0004376147158353,0.0,1,-0.59,1882.8682861328125,0.0004538226682737,0.0,1,-0.6,1882.8695678710933,0.0003857492680326,0.0,1,-0.88,1882.8688659667969,0.0004230275586408,0.0,1,-1.05,1882.871337890625,0.0002917431438902,0.0,1,-1.06,1882.8709411621087,0.00031281348206,0.0,1,-1.12,1882.8717041015625,0.0002722936009642,0.0,1,-1.33,1882.8690490722656,0.0004133027871778,0.0,1,-3.01,1882.8710021972656,0.0003095718915724,0.0,1,10
ZINC000000053825,-0.7,1882.87060546875,0.0003306422297422,0.0,1,-0.71,1882.8727111816409,0.0002188073579176,0.0,1,-0.76,1882.87240600586,0.000235015310356,0.0,1,-0.94,1882.87435913086,0.0001312844147506,0.0,1,-1.16,1882.875396728516,7.617737646023117e-05,0.0,1,-1.52,1882.874481201172,0.0001248012337752,0.0,1,-1.66,1882.874938964844,0.0001004893051177,0.0,1,-1.73,1882.873443603516,0.0001799082720656,0.0,1,-1.92,1882.8736877441409,0.0001669419101149,0.0,1,-2.0,1882.8731994628904,0.0001928746340163,0.0,1,10
ZINC000000054100,-0.32,1882.8768310546875,0.0,0.0,1,-0.37,1882.8768310546875,0.0,0.0,1,-0.38,1882.8768310546875,0.0,0.0,1,-0.65,1882.8768310546875,0.0,0.0,1,-0.73,1882.8768310546875,0.0,0.0,1,-1.08,1882.8768310546875,0.0,0.0,1,-1.2,1882.8768310546875,0.0,0.0,1,-1.21,1882.8768310546875,0.0,0.0,1,-1.38,1882.8768310546875,0.0,0.0,1,-1.4,1882.8768310546875,0.0,0.0,1,10
ZINC000000054140,-0.35,1882.8703002929688,0.0003468501821806,0.0,1,-0.43,1882.870361328125,0.0003436085916929,0.0,1,-0.47,1882.8702087402344,0.0003517125679121,0.0,1,-0.48,1882.8702087402344,0.0003517125679121,0.0,1,-0.49,1882.869537353516,0.0003873700632764,0.0,1,-0.62,1882.869537353516,0.0003873700632764,0.0,1,-1.14,1882.869903564453,0.0003679205203504,0.0,1,-1.58,1882.8691101074216,0.0004100611966901,0.0,1,-1.89,1882.8709716796875,0.0003111926868162,0.0,1,-5.46,1882.873779296875,0.0001620795243834,0.0,1,10
ZINC000000054165,-0.34,1882.8677368164065,0.0004829969826627,0.0,1,-0.41,1882.867919921875,0.0004732722111997,0.0,1,-0.45,1882.8677368164065,0.0004829969826627,0.0,1,-0.51,1882.86767578125,0.0004862385731504,0.0,1,-0.7,1882.8685913085933,0.0004376147158353,0.0,1,-0.72,1882.86865234375,0.0004343731253477,0.0,1,-0.92,1882.8684692382808,0.0004440978968107,0.0,1,-0.96,1882.8681640625,0.000460305849249,0.0,1,-1.57,1882.8675537109373,0.0004927217541257,0.0,1,-2.66,1882.8687133789065,0.00043113153486,0.0,1,10
ZINC000000054225,-0.14,1882.865478515625,0.0006029358307065,0.0,1,-0.4,1882.868194580078,0.0004586850540052,0.0,1,-0.42,1882.8681335449216,0.0004619266444928,0.0,1,-0.63,1882.8665771484373,0.0005445872019284,0.0,1,-0.81,1882.8662109375,0.0005640367448544,0.0,1,-1.43,1882.8681640625,0.000460305849249,0.0,1,-2.12,1882.8648986816409,0.0006337309403393,0.0,1,-2.21,1882.8667602539065,0.0005348624304654,0.0,1,-2.78,1882.866973876953,0.0005235168637586,0.0,1,-3.52,1882.8653869628904,0.000607798216438,0.0,1,10
ZINC000000054287,-0.38,1882.8712768554688,0.0002949847343779,0.0,1,-0.61,1882.8704833984373,0.0003371254107176,0.0,1,-0.62,1882.871124267578,0.000303088710597,0.0,1,-0.92,1882.8703308105469,0.0003452293869367,0.0,1,-0.98,1882.8710021972656,0.0003095718915724,0.0,1,-1.11,1882.8702087402344,0.0003517125679121,0.0,1,-1.17,1882.87045288086,0.0003387462059614,0.0,1,-1.2,1882.8709716796875,0.0003111926868162,0.0,1,-1.38,1882.8712768554688,0.0002949847343779,0.0,1,-1.38,1882.869384765625,0.0003954740394956,0.0,1,10
ZINC000000054455,-0.45,1882.8694458007808,0.0003922324490079,0.0,1,-0.75,1882.8699340820312,0.0003662997251066,0.0,1,-1.04,1882.870178222656,0.0003533333631559,0.0,1,-1.2,1882.8712158203125,0.0002982263248655,0.0,1,-1.28,1882.8706665039065,0.0003274006392546,0.0,1,-1.34,1882.8703002929688,0.0003468501821806,0.0,1,-1.43,1882.87109375,0.0003047095058409,0.0,1,-1.58,1882.8704833984373,0.0003371254107176,0.0,1,-1.62,1882.8722534179688,0.0002431192865752,0.0,1,-1.79,1882.8718872070312,0.0002625688295012,0.0,1,10
ZINC000000054623,-0.07,1882.8690185546875,0.0004149235824216,0.0,1,-0.19,1882.8662109375,0.0005640367448544,0.0,1,-0.22,1882.8682861328125,0.0004538226682737,0.0,1,-0.25,1882.8668212890625,0.0005316208399777,0.0,1,-0.5,1882.8687133789065,0.00043113153486,0.0,1,-0.75,1882.867431640625,0.000499204935101,0.0,1,-0.76,1882.865966796875,0.0005770031068051,0.0,1,-1.01,1882.867919921875,0.0004732722111997,0.0,1,-1.05,1882.86865234375,0.0004343731253477,0.0,1,-2.24,1882.8692626953125,0.000401957220471,0.0,1,10
ZINC000000054748,-0.64,1882.8724365234373,0.0002333945151121,0.0,1,-0.66,1882.8735961914065,0.0001718042958464,0.0,1,-0.8,1882.8743896484373,0.0001296636195067,0.0,1,-0.83,1882.872802734375,0.0002139449721861,0.0,1,-0.95,1882.8741760253904,0.0001410091862136,0.0,1,-1.02,1882.8742370605469,0.0001377675957259,0.0,1,-1.18,1882.87435913086,0.0001312844147506,0.0,1,-1.5,1882.87451171875,0.0001231804385314,0.0,1,-1.81,1882.8741455078125,0.0001426299814574,0.0,1,-2.28,1882.8715209960933,0.0002820183724272,0.0,1,10
ZINC000000054848,0.08,1882.87353515625,0.0001750458863341,0.0,1,-0.13,1882.8752136230469,8.59021479232394e-05,0.0,1,-0.55,1882.874542236328,0.0001215596432876,0.0,1,-0.56,1882.8751525878904,8.91437384109088e-05,0.0,1,-0.58,1882.8768310546875,0.0,0.0,1,-0.87,1882.8768310546875,0.0,0.0,1,-0.91,1882.8766174316409,1.134556670684294e-05,0.0,1,-1.03,1882.8765563964844,1.458715719451235e-05,0.0,1,-1.12,1882.8768310546875,0.0,0.0,1,-1.89,1882.8749084472656,0.0001021101003615,0.0,1,10
ZINC000000054946,0.28,1882.874084472656,0.0001458715719451,0.0,1,0.09,1882.8731689453125,0.0001944954292601,0.0,1,0.07,1882.8733520507808,0.0001847706577971,0.0,1,-0.01,1882.8753051757808,8.103976219173528e-05,0.0,1,-0.05,1882.875915527344,4.8623857315041175e-05,0.0,1,-0.1,1882.875,9.724771463008236e-05,0.0,1,-0.11,1882.873107910156,0.0001977370197478,0.0,1,-1.32,1882.8751831054688,8.75229431670741e-05,0.0,1,-1.54,1882.8746337890625,0.000116697257556,0.0,1,-1.79,1882.8748779296875,0.0001037308956054,0.0,1,10
ZINC000000055081,-0.39,1882.8760681152344,4.051988109586764e-05,0.0,1,-0.81,1882.873046875,0.0002009786102355,0.0,1,-0.83,1882.8737182617188,0.0001653211148711,0.0,1,-1.25,1882.875732421875,5.83486287780494e-05,0.0,1,-1.26,1882.8761291503904,3.727829060819823e-05,0.0,1,-1.27,1882.8759460449216,4.700306207120646e-05,0.0,1,-1.38,1882.8759460449216,4.700306207120646e-05,0.0,1,-1.9,1882.87548828125,7.131499072872705e-05,0.0,1,-2.11,1882.8720703125,0.0002528440580382,0.0,1,-2.96,1882.873565673828,0.0001734250910903,0.0,1,10
ZINC000000055338,-0.33,1882.8768310546875,0.0,0.0,1,-0.38,1882.8768310546875,0.0,0.0,1,-0.49,1882.8768310546875,0.0,0.0,1,-0.54,1882.8768310546875,0.0,0.0,1,-0.61,1882.8768310546875,0.0,0.0,1,-0.61,1882.8768310546875,0.0,0.0,1,-0.72,1882.8768310546875,0.0,0.0,1,-1.29,1882.8768310546875,0.0,0.0,1,-2.56,1882.8768310546875,0.0,0.0,1,-5.12,1882.8768310546875,0.0,0.0,1,10
ZINC000000055505,-0.1,1882.8723449707031,0.0002382569008437,0.0,1,-0.18,1882.872314453125,0.0002398776960875,0.0,1,-0.23,1882.8732604980469,0.0001896330435286,0.0,1,-0.38,1882.8716735839844,0.000273914396208,0.0,1,-0.39,1882.87142944336,0.0002868807581587,0.0,1,-0.57,1882.8727722167969,0.00021556576743,0.0,1,-0.71,1882.8719177246087,0.0002609480342573,0.0,1,-0.75,1882.872467041016,0.0002317737198683,0.0,1,-1.09,1882.871826171875,0.0002658104199888,0.0,1,-2.28,1882.871490478516,0.000283639167671,0.0,1,10
ZINC000000055671,-0.09,1882.8689575195312,0.0004181651729093,0.0,1,-0.31,1882.869201660156,0.0004051988109586,0.0,1,-0.46,1882.8715209960933,0.0002820183724272,0.0,1,-0.65,1882.8682861328125,0.0004538226682737,0.0,1,-0.68,1882.8716430664065,0.0002755351914518,0.0,1,-0.7,1882.8687133789065,0.00043113153486,0.0,1,-0.72,1882.869384765625,0.0003954740394956,0.0,1,-0.8,1882.8706665039065,0.0003274006392546,0.0,1,-0.86,1882.8689575195312,0.0004181651729093,0.0,1,-5.61,471.744140625,0.0,0.0,1,10
ZINC000000056042,-0.02,1882.873779296875,0.0001620795243834,0.0,1,-0.25,1882.8743286132808,0.0001329052099944,0.0,1,-0.3,1882.8748474121087,0.0001053516908492,0.0,1,-0.5,1882.8724365234373,0.0002333945151121,0.0,1,-0.51,1882.873504638672,0.0001766666815779,0.0,1,-0.55,1882.8760986328125,3.8899085852032936e-05,0.0,1,-0.68,1882.8734741210933,0.0001782874768218,0.0,1,-0.77,1882.8741455078125,0.0001426299814574,0.0,1,-0.83,1882.8743896484373,0.0001296636195067,0.0,1,-2.16,1882.8768310546875,0.0,0.0,1,10
ZINC000000056260,-0.12,1882.8673095703125,0.0005056881160764,0.0,1,-0.18,1882.8675537109373,0.0004927217541257,0.0,1,-0.23,1882.867431640625,0.000499204935101,0.0,1,-0.26,1882.867126464844,0.0005154128875394,0.0,1,-0.29,1882.867248535156,0.000508929706564,0.0,1,-1.15,1882.86947631836,0.0003906116537641,0.0,1,-1.38,1882.8693237304688,0.0003987156299833,0.0,1,-1.5,1882.8687438964844,0.0004295107396161,0.0,1,-4.23,1882.8682861328125,0.0004538226682737,0.0,1,-4.94,1882.8673706054688,0.0005024465255887,0.0,1,10
ZINC000000056280,-0.09,1882.8683471679688,0.000450581077786,0.0,1,-0.21,1882.8660888671875,0.0005705199258298,0.0,1,-0.23,1882.8665161132808,0.0005478287924161,0.0,1,-0.25,1882.8658447265625,0.0005834862877804,0.0,1,-0.25,1882.8677368164065,0.0004829969826627,0.0,1,-0.27,1882.866149902344,0.0005672783353421,0.0,1,-0.31,1882.8668823242188,0.0005283792494901,0.0,1,-2.16,1882.8682861328125,0.0004538226682737,0.0,1,-2.24,1882.8656005859373,0.0005964526497311,0.0,1,-1000.0,471.744140625,0.0,0.0,0,9
ZINC000000056324,0.18,1882.8689575195312,0.0004181651729093,0.0,1,-0.1,1882.8696899414065,0.0003792660870573,0.0,1,-0.25,1882.869659423828,0.0003808868823011,0.0,1,-0.67,1882.8706665039065,0.0003274006392546,0.0,1,-0.78,1882.8707275390625,0.0003241590487669,0.0,1,-0.85,1882.86962890625,0.0003825076775449,0.0,1,-0.86,1882.8707275390625,0.0003241590487669,0.0,1,-0.98,1882.8692626953125,0.000401957220471,0.0,1,-1.16,1882.871154785156,0.0003014679153532,0.0,1,-1.24,1882.86962890625,0.0003825076775449,0.0,1,10
ZINC000000056675,-0.08,1882.8768310546875,0.0,0.0,1,-0.14,1882.8768310546875,0.0,0.0,1,-0.26,1882.8768310546875,0.0,0.0,1,-0.4,1882.8768310546875,0.0,0.0,1,-0.59,1882.8768310546875,0.0,0.0,1,-0.71,1882.8768310546875,0.0,0.0,1,-0.73,1882.8768310546875,0.0,0.0,1,-0.74,1882.8768310546875,0.0,0.0,1,-0.87,1882.8768310546875,0.0,0.0,1,-1.0,1882.8768310546875,0.0,0.0,1,10
ZINC000000056909,-0.15,1882.8768310546875,0.0,0.0,1,-0.27,1882.8768310546875,0.0,0.0,1,-0.34,1882.8768310546875,0.0,0.0,1,-0.53,1882.8768310546875,0.0,0.0,1,-0.54,1882.8768310546875,0.0,0.0,1,-0.55,1882.8768310546875,0.0,0.0,1,-0.69,1882.8768310546875,0.0,0.0,1,-2.09,1882.8768310546875,0.0,0.0,1,-2.1,1882.8764038085933,2.269113341368588e-05,0.0,1,-5.31,1882.8768310546875,0.0,0.0,1,10
ZINC000000056954,-0.26,1882.8683471679688,0.000450581077786,0.0,1,-0.56,1882.8694152832031,0.0003938532442518,0.0,1,-0.58,1882.869598388672,0.0003841284727888,0.0,1,-0.59,1882.87045288086,0.0003387462059614,0.0,1,-0.6,1882.8682556152344,0.0004554434635175,0.0,1,-0.67,1882.867919921875,0.0004732722111997,0.0,1,-1.47,1882.8685302734373,0.000440856306323,0.0,1,-1.64,1882.868194580078,0.0004586850540052,0.0,1,-2.18,1882.869659423828,0.0003808868823011,0.0,1,-2.19,1882.8684692382808,0.0004440978968107,0.0,1,10
ZINC000000056995,0.23,1882.870849609375,0.0003176758677916,0.0,1,0.08,1882.8695068359373,0.0003889908585203,0.0,1,0.03,1882.8707275390625,0.0003241590487669,0.0,1,-0.03,1882.8707885742188,0.0003209174582792,0.0,1,-0.11,1882.8726196289065,0.0002236697436491,0.0,1,-0.19,1882.8727416992188,0.0002171865626738,0.0,1,-0.41,1882.8707275390625,0.0003241590487669,0.0,1,-0.79,1882.8712158203125,0.0002982263248655,0.0,1,-1.19,1882.8719482421875,0.0002593272390135,0.0,1,-1.78,1882.870361328125,0.0003436085916929,0.0,1,10
ZINC000000057279,-0.42,1882.8768310546875,0.0,0.0,1,-0.45,1882.8768310546875,0.0,0.0,1,-0.47,1882.8768310546875,0.0,0.0,1,-0.47,1882.8768310546875,0.0,0.0,1,-0.48,1882.8768310546875,0.0,0.0,1,-0.81,1882.8768310546875,0.0,0.0,1,-2.47,1882.8768310546875,0.0,0.0,1,-2.61,1882.8768310546875,0.0,0.0,1,-3.13,1882.8768310546875,0.0,0.0,1,-3.15,1882.8768310546875,0.0,0.0,1,10
ZINC000000057324,-0.26,1882.8768310546875,0.0,0.0,1,-1.07,1882.8768310546875,0.0,0.0,1,-1.21,1882.8768310546875,0.0,0.0,1,-1.22,1882.8768310546875,0.0,0.0,1,-1.32,1882.876373291016,2.4311928657520587e-05,0.0,1,-1.45,1882.8768310546875,0.0,0.0,1,-1.5,1882.8768310546875,0.0,0.0,1,-1.63,1882.8768310546875,0.0,0.0,1,-1.9,1882.8768310546875,0.0,0.0,1,-3.64,1882.8768310546875,0.0,0.0,1,10
ZINC000000057456,-0.48,1882.8768310546875,0.0,0.0,1,-0.9,1882.8768310546875,0.0,0.0,1,-0.92,1882.8768310546875,0.0,0.0,1,-0.98,1882.8768310546875,0.0,0.0,1,-1.06,1882.8768310546875,0.0,0.0,1,-1.55,1882.8768310546875,0.0,0.0,1,-2.73,1882.8768310546875,0.0,0.0,1,-2.89,1882.8768310546875,0.0,0.0,1,-5.03,1882.8768310546875,0.0,0.0,1,-5.63,471.744140625,0.0,0.0,1,10
ZINC000000057586,-0.13,1882.8768310546875,0.0,0.0,1,-0.4,1882.8768310546875,0.0,0.0,1,-0.45,1882.8768310546875,0.0,0.0,1,-0.57,1882.8768310546875,0.0,0.0,1,-0.59,1882.8768310546875,0.0,0.0,1,-0.7,1882.8768310546875,0.0,0.0,1,-0.9,1882.8768310546875,0.0,0.0,1,-1.16,1882.8768310546875,0.0,0.0,1,-2.4,1882.8768310546875,0.0,0.0,1,-2.59,1882.8768310546875,0.0,0.0,1,10
ZINC000000057602,-0.76,1882.8715209960933,0.0002820183724272,0.0,1,-0.79,1882.8706665039065,0.0003274006392546,0.0,1,-0.83,1882.870147705078,0.0003549541583998,0.0,1,-0.86,1882.8700256347656,0.0003614373393751,0.0,1,-0.94,1882.8717346191409,0.0002706728057203,0.0,1,-1.21,1882.8719787597656,0.0002577064437697,0.0,1,-1.72,1882.870361328125,0.0003436085916929,0.0,1,-2.03,1882.87158203125,0.0002787767819395,0.0,1,-2.14,1882.872131347656,0.0002496024675505,0.0,1,-2.18,1882.8714599609373,0.0002852599629149,0.0,1,10
ZINC000000057841,-0.66,1882.8751220703125,9.076453365474352e-05,0.0,1,-0.66,1882.8743286132808,0.0001329052099944,0.0,1,-0.99,1882.873291015625,0.0001880122482848,0.0,1,-1.02,1882.8753662109373,7.779817170406587e-05,0.0,1,-1.02,1882.873779296875,0.0001620795243834,0.0,1,-1.15,1882.8726196289065,0.0002236697436491,0.0,1,-1.31,1882.8724975585933,0.0002301529246245,0.0,1,-1.38,1882.8738403320312,0.0001588379338958,0.0,1,-1.42,1882.8744506835933,0.0001264220290191,0.0,1,-1.43,1882.87451171875,0.0001231804385314,0.0,1,10
ZINC000000057848,0.11,1882.8746337890625,0.000116697257556,0.0,1,0.0,1882.8741455078125,0.0001426299814574,0.0,1,-0.07,1882.8751220703125,9.076453365474352e-05,0.0,1,-0.11,1882.874084472656,0.0001458715719451,0.0,1,-0.23,1882.8735961914065,0.0001718042958464,0.0,1,-0.24,1882.8738403320312,0.0001588379338958,0.0,1,-0.38,1882.8755798339844,6.645260499722293e-05,0.0,1,-0.64,1882.875244140625,8.42813526794047e-05,0.0,1,-0.7,1882.8735961914065,0.0001718042958464,0.0,1,-0.73,1882.871826171875,0.0002658104199888,0.0,1,10
ZINC000000057856,0.5,1882.8755493164065,6.807340024105763e-05,0.0,1,0.37,1882.87548828125,7.131499072872705e-05,0.0,1,0.32,1882.8744506835933,0.0001264220290191,0.0,1,0.3,1882.8728637695312,0.0002107033816985,0.0,1,0.27,1882.875244140625,8.42813526794047e-05,0.0,1,0.26,1882.8751831054688,8.75229431670741e-05,0.0,1,0.25,1882.8753051757808,8.103976219173528e-05,0.0,1,0.16,1882.8733520507808,0.0001847706577971,0.0,1,-0.02,1882.8751525878904,8.91437384109088e-05,0.0,1,-1.61,1882.8746948242188,0.0001134556670684,0.0,1,10
ZINC000000057981,-0.49,1882.8768310546875,0.0,0.0,1,-0.56,1882.8768310546875,0.0,0.0,1,-0.59,1882.8768310546875,0.0,0.0,1,-0.6,1882.8768310546875,0.0,0.0,1,-0.6,1882.8768310546875,0.0,0.0,1,-0.6,1882.8768310546875,0.0,0.0,1,-0.6,1882.8768310546875,0.0,0.0,1,-0.61,1882.8768310546875,0.0,0.0,1,-0.78,1882.8768310546875,0.0,0.0,1,-1.74,1882.8768310546875,0.0,0.0,1,10
ZINC000000058194,-0.64,1882.8768310546875,0.0,0.0,1,-0.74,1882.8768310546875,0.0,0.0,1,-0.91,1882.8768310546875,0.0,0.0,1,-0.96,1882.8768310546875,0.0,0.0,1,-0.99,1882.8768310546875,0.0,0.0,1,-1.06,1882.8768310546875,0.0,0.0,1,-1.15,1882.8768310546875,0.0,0.0,1,-1.9,1882.8768310546875,0.0,0.0,1,-2.21,1882.8768310546875,0.0,0.0,1,-2.46,1882.8768310546875,0.0,0.0,1,10
ZINC000000058394,-0.3,1882.87451171875,0.0001231804385314,0.0,1,-0.44,1882.870574951172,0.0003322630249861,0.0,1,-0.5,1882.872131347656,0.0002496024675505,0.0,1,-0.6,1882.873291015625,0.0001880122482848,0.0,1,-0.63,1882.8740234375,0.0001491131624327,0.0,1,-0.92,1882.873291015625,0.0001880122482848,0.0,1,-0.99,1882.872802734375,0.0002139449721861,0.0,1,-1.3,1882.8704833984373,0.0003371254107176,0.0,1,-1.34,1882.8712768554688,0.0002949847343779,0.0,1,-5.79,471.744140625,0.0,0.0,1,10
ZINC000000058605,0.05,1882.8665771484373,0.0005445872019284,0.0,1,-0.62,1882.866271972656,0.0005607951543668,0.0,1,-0.62,1882.8662109375,0.0005640367448544,0.0,1,-0.68,1882.8665771484373,0.0005445872019284,0.0,1,-1.5,1882.8636474609373,0.0007001835453365,0.0,1,-1.55,1882.8670654296875,0.0005186544780271,0.0,1,-1.59,1882.8624877929688,0.0007617737646023,0.0,1,-1.62,1882.8673706054688,0.0005024465255887,0.0,1,-1.88,1882.8653564453125,0.0006094190116818,0.0,1,-1.89,1882.8670043945312,0.0005218960685147,0.0,1,10
ZINC000000058651,-0.47,1882.8768310546875,0.0,0.0,1,-0.54,1882.8768310546875,0.0,0.0,1,-0.55,1882.8768310546875,0.0,0.0,1,-0.58,1882.8768310546875,0.0,0.0,1,-0.72,1882.8768310546875,0.0,0.0,1,-0.72,1882.8768310546875,0.0,0.0,1,-0.82,1882.8768310546875,0.0,0.0,1,-0.87,1882.8768310546875,0.0,0.0,1,-1.77,1882.8768310546875,0.0,0.0,1,-2.31,1882.8768310546875,0.0,0.0,1,10
ZINC000000058726,-0.12,1882.8709716796875,0.0003111926868162,0.0,1,-0.12,1882.8701171875,0.0003565749536436,0.0,1,-0.54,1882.8720703125,0.0002528440580382,0.0,1,-0.64,1882.8723449707031,0.0002382569008437,0.0,1,-0.64,1882.8697509765625,0.0003760244965696,0.0,1,-0.66,1882.873046875,0.0002009786102355,0.0,1,-0.69,1882.8697509765625,0.0003760244965696,0.0,1,-0.72,1882.87240600586,0.000235015310356,0.0,1,-1.05,1882.8718872070312,0.0002625688295012,0.0,1,-2.88,1882.8726806640625,0.0002204281531615,0.0,1,10
ZINC000000058730,0.21,1882.8750915527344,9.238532889857822e-05,0.0,1,0.1,1882.873962402344,0.0001523547529204,0.0,1,0.09,1882.8727416992188,0.0002171865626738,0.0,1,-0.11,1882.87435913086,0.0001312844147506,0.0,1,-0.21,1882.8731384277344,0.0001961162245039,0.0,1,-0.21,1882.873809814453,0.0001604587291396,0.0,1,-0.84,1882.8723754882808,0.0002366361055998,0.0,1,-1.05,1882.875030517578,9.562691938624764e-05,0.0,1,-1.24,1882.8737182617188,0.0001653211148711,0.0,1,-2.81,1882.8744506835933,0.0001264220290191,0.0,1,10
ZINC000000058748,-0.24,1882.8767700195312,3.241590487669412e-06,0.0,1,-0.4,1882.8768310546875,0.0,0.0,1,-0.42,1882.8758544921875,5.186544780271058e-05,0.0,1,-0.44,1882.8768310546875,0.0,0.0,1,-0.47,1882.8768310546875,0.0,0.0,1,-0.55,1882.8768310546875,0.0,0.0,1,-0.58,1882.8768310546875,0.0,0.0,1,-0.67,1882.8768310546875,0.0,0.0,1,-1.14,1882.8768310546875,0.0,0.0,1,-3.52,1882.8768310546875,0.0,0.0,1,10
ZINC000000058777,-0.27,1882.869140625,0.0004084404014463,0.0,1,-0.32,1882.868408203125,0.0004473394872983,0.0,1,-0.48,1882.870361328125,0.0003436085916929,0.0,1,-0.5,1882.8690185546875,0.0004149235824216,0.0,1,-0.71,1882.868408203125,0.0004473394872983,0.0,1,-0.79,1882.8714599609373,0.0002852599629149,0.0,1,-0.79,1882.868896484375,0.000421406763397,0.0,1,-1.15,1882.872314453125,0.0002398776960875,0.0,1,-1.26,1882.871032714844,0.0003079510963285,0.0,1,-5.76,1882.8722534179688,0.0002431192865752,0.0,1,10
ZINC000000058923,-0.13,1882.866455078125,0.0005510703829037,0.0,1,-0.22,1882.8698120117188,0.0003727829060819,0.0,1,-0.29,1882.8695678710933,0.0003857492680326,0.0,1,-0.33,1882.8662109375,0.0005640367448544,0.0,1,-0.38,1882.869384765625,0.0003954740394956,0.0,1,-0.41,1882.8663330078125,0.0005575535638791,0.0,1,-0.5,1882.868225097656,0.0004570642587613,0.0,1,-0.57,1882.8675537109373,0.0004927217541257,0.0,1,-0.58,1882.8673706054688,0.0005024465255887,0.0,1,-1.42,1882.8665161132808,0.0005478287924161,0.0,1,10
ZINC000000058928,0.24,1882.8713684082031,0.0002901223486464,0.0,1,-0.45,1882.870178222656,0.0003533333631559,0.0,1,-0.47,1882.8678283691409,0.0004781345969312,0.0,1,-0.49,1882.869171142578,0.0004068196062025,0.0,1,-0.56,1882.8683166503904,0.0004522018730298,0.0,1,-0.67,1882.86849975586,0.0004424771015668,0.0,1,-0.94,1882.8678283691409,0.0004781345969312,0.0,1,-1.02,1882.86865234375,0.0004343731253477,0.0,1,-1.82,1882.868927001953,0.0004197859681531,0.0,1,-1000.0,471.744140625,0.0,0.0,0,9
ZINC000000059131,-0.6,1882.8699951171875,0.0003630581346189,0.0,1,-0.61,1882.87060546875,0.0003306422297422,0.0,1,-0.7,1882.8682861328125,0.0004538226682737,0.0,1,-0.89,1882.8698120117188,0.0003727829060819,0.0,1,-1.14,1882.8695678710933,0.0003857492680326,0.0,1,-1.28,1882.8709716796875,0.0003111926868162,0.0,1,-1.3,1882.8703002929688,0.0003468501821806,0.0,1,-1.32,1882.8704223632808,0.0003403670012052,0.0,1,-1.53,1882.8663940429688,0.0005543119733914,0.0,1,-2.43,1882.8660278320312,0.0005737615163174,0.0,1,10
ZINC000000059220,-0.32,1882.8720703125,0.0002528440580382,0.0,1,-0.46,1882.8718872070312,0.0002625688295012,0.0,1,-0.49,1882.8733520507808,0.0001847706577971,0.0,1,-0.55,1882.8728637695312,0.0002107033816985,0.0,1,-0.57,1882.8727416992188,0.0002171865626738,0.0,1,-0.62,1882.8719482421875,0.0002593272390135,0.0,1,-0.71,1882.8732604980469,0.0001896330435286,0.0,1,-0.75,1882.875,9.724771463008236e-05,0.0,1,-0.79,1882.8744506835933,0.0001264220290191,0.0,1,-4.01,1882.8715209960933,0.0002820183724272,0.0,1,10
ZINC000000059222,-0.14,1882.8709716796875,0.0003111926868162,0.0,1,-0.2,1882.8668823242188,0.0005283792494901,0.0,1,-0.26,1882.8683471679688,0.000450581077786,0.0,1,-0.29,1882.8668212890625,0.0005316208399777,0.0,1,-0.44,1882.8670654296875,0.0005186544780271,0.0,1,-0.83,1882.8685302734373,0.000440856306323,0.0,1,-1.2,1882.869598388672,0.0003841284727888,0.0,1,-1.24,1882.867431640625,0.000499204935101,0.0,1,-1.34,1882.8687133789065,0.00043113153486,0.0,1,-1.41,1882.868103027344,0.0004635474397367,0.0,1,10
ZINC000000059383,-0.21,1882.867248535156,0.000508929706564,0.0,1,-0.43,1882.8671875,0.0005121712970517,0.0,1,-0.45,1882.8670654296875,0.0005186544780271,0.0,1,-0.55,1882.868896484375,0.000421406763397,0.0,1,-0.65,1882.8666381835933,0.0005413456114407,0.0,1,-0.73,1882.867706298828,0.0004846177779065,0.0,1,-1.09,1882.8671569824216,0.0005137920922956,0.0,1,-1.22,1882.866271972656,0.0005607951543668,0.0,1,-1.33,1882.8671569824216,0.0005137920922956,0.0,1,-5.52,1882.8704223632808,0.0003403670012052,0.0,1,10
ZINC000000059664,-0.29,1882.8768310546875,0.0,0.0,1,-0.44,1882.8768310546875,0.0,0.0,1,-0.47,1882.8768310546875,0.0,0.0,1,-0.49,1882.8768310546875,0.0,0.0,1,-0.55,1882.8768310546875,0.0,0.0,1,-0.9,1882.8768310546875,0.0,0.0,1,-1.12,1882.8768310546875,0.0,0.0,1,-1.62,1882.8768310546875,0.0,0.0,1,-5.42,471.744140625,0.0,0.0,1,-5.48,1882.8768310546875,0.0,0.0,1,10
ZINC000000059672,-0.54,1882.8768310546875,0.0,0.0,1,-0.64,1882.8768310546875,0.0,0.0,1,-0.65,1882.8768310546875,0.0,0.0,1,-0.65,1882.8768310546875,0.0,0.0,1,-0.65,1882.8768310546875,0.0,0.0,1,-0.9,1882.8768310546875,0.0,0.0,1,-1.26,1882.8768310546875,0.0,0.0,1,-1.27,1882.8768310546875,0.0,0.0,1,-2.31,1882.8768310546875,0.0,0.0,1,-1000.0,471.744140625,0.0,0.0,0,9
ZINC000000059903,-0.23,1882.875,9.724771463008236e-05,0.0,1,-0.38,1882.8751831054688,8.75229431670741e-05,0.0,1,-0.39,1882.8742370605469,0.0001377675957259,0.0,1,-0.4,1882.8768310546875,0.0,0.0,1,-0.62,1882.8768310546875,0.0,0.0,1,-0.85,1882.874938964844,0.0001004893051177,0.0,1,-0.85,1882.8760986328125,3.8899085852032936e-05,0.0,1,-1.17,1882.8744506835933,0.0001264220290191,0.0,1,-1.26,1882.8757019042969,5.996942402188411e-05,0.0,1,-1.31,1882.8768310546875,0.0,0.0,1,10
ZINC000000059945,0.06,1882.8663330078125,0.0005575535638791,0.0,1,-0.04,1882.8676147460933,0.000489480163638,0.0,1,-0.34,1882.8656616210933,0.0005932110592435,0.0,1,-0.44,1882.865173339844,0.0006191437831448,0.0,1,-0.47,1882.86572265625,0.0005899694687558,0.0,1,-0.49,1882.8646850585933,0.0006450765070462,0.0,1,-0.78,1882.8653564453125,0.0006094190116818,0.0,1,-1.09,1882.865966796875,0.0005770031068051,0.0,1,-1.34,1882.866943359375,0.0005251376590024,0.0,1,-2.35,1882.865295410156,0.0006126606021695,0.0,1,10
ZINC000000060086,-0.1,1882.8768310546875,0.0,0.0,1,-0.22,1882.8768310546875,0.0,0.0,1,-0.27,1882.8768310546875,0.0,0.0,1,-0.36,1882.8768310546875,0.0,0.0,1,-0.47,1882.8768310546875,0.0,0.0,1,-0.54,1882.8768310546875,0.0,0.0,1,-0.81,1882.8768310546875,0.0,0.0,1,-1.7,1882.8768310546875,0.0,0.0,1,-2.64,1882.8768310546875,0.0,0.0,1,-2.8,1882.8768310546875,0.0,0.0,1,10
ZINC000000060120,-0.1,1882.8768310546875,0.0,0.0,1,-0.14,1882.8768310546875,0.0,0.0,1,-0.14,1882.8768310546875,0.0,0.0,1,-0.14,1882.8768310546875,0.0,0.0,1,-0.19,1882.8768310546875,0.0,0.0,1,-0.26,1882.8768310546875,0.0,0.0,1,-0.27,1882.8768310546875,0.0,0.0,1,-0.45,1882.8768310546875,0.0,0.0,1,-1.85,1882.8768310546875,0.0,0.0,1,-2.38,1882.8768310546875,0.0,0.0,1,10
ZINC000000060163,-0.31,1882.8768310546875,0.0,0.0,1,-0.45,1882.8768310546875,0.0,0.0,1,-0.55,1882.8768310546875,0.0,0.0,1,-0.74,1882.8768310546875,0.0,0.0,1,-0.9,1882.87646484375,1.9449542926016468e-05,0.0,1,-1.26,1882.8768310546875,0.0,0.0,1,-1.28,1882.8768310546875,0.0,0.0,1,-1.34,1882.8768310546875,0.0,0.0,1,-1.51,1882.8768310546875,0.0,0.0,1,-1.7,1882.8768310546875,0.0,0.0,1,10
ZINC000000060373,-0.03,1882.8687133789065,0.00043113153486,0.0,1,-0.11,1882.8657836914065,0.0005867278782681,0.0,1,-0.14,1882.8662109375,0.0005640367448544,0.0,1,-0.14,1882.8683776855469,0.0004489602825422,0.0,1,-0.2,1882.8668212890625,0.0005316208399777,0.0,1,-0.36,1882.8681335449216,0.0004619266444928,0.0,1,-0.4,1882.869659423828,0.0003808868823011,0.0,1,-1.9,1882.8658142089844,0.0005851070830243,0.0,1,-2.21,1882.8659057617188,0.0005802446972928,0.0,1,-2.35,1882.8670043945312,0.0005218960685147,0.0,1,10
ZINC000000060401,-0.66,1882.8688354492188,0.0004246483538846,0.0,1,-0.73,1882.8679809570312,0.000470030620712,0.0,1,-0.74,1882.868225097656,0.0004570642587613,0.0,1,-0.79,1882.86865234375,0.0004343731253477,0.0,1,-1.09,1882.8670043945312,0.0005218960685147,0.0,1,-1.13,1882.8693237304688,0.0003987156299833,0.0,1,-1.41,1882.869384765625,0.0003954740394956,0.0,1,-1.59,1882.8681640625,0.000460305849249,0.0,1,-2.37,1882.8665771484373,0.0005445872019284,0.0,1,-5.64,471.744140625,0.0,0.0,1,10
ZINC000000060574,-0.65,1882.8672790527344,0.0005073089113202,0.0,1,-0.94,1882.8673400878904,0.0005040673208325,0.0,1,-1.02,1882.8693542480469,0.0003970948347395,0.0,1,-1.22,1882.8707580566409,0.0003225382535231,0.0,1,-1.22,1882.8683166503904,0.0004522018730298,0.0,1,-1.28,1882.8688659667969,0.0004230275586408,0.0,1,-1.28,1882.869079589844,0.000411681991934,0.0,1,-1.64,1882.869384765625,0.0003954740394956,0.0,1,-2.77,1882.866943359375,0.0005251376590024,0.0,1,-4.17,1882.8648376464844,0.000636972530827,0.0,1,10
ZINC000000060693,-0.82,1882.869140625,0.0004084404014463,0.0,1,-0.83,1882.869201660156,0.0004051988109586,0.0,1,-1.04,1882.869140625,0.0004084404014463,0.0,1,-1.27,1882.8704223632808,0.0003403670012052,0.0,1,-1.32,1882.8693237304688,0.0003987156299833,0.0,1,-1.41,1882.86962890625,0.0003825076775449,0.0,1,-1.44,1882.870849609375,0.0003176758677916,0.0,1,-1.45,1882.870178222656,0.0003533333631559,0.0,1,-1.52,1882.87060546875,0.0003306422297422,0.0,1,-1.69,1882.8707275390625,0.0003241590487669,0.0,1,10
ZINC000000060790,-0.15,1882.8768310546875,0.0,0.0,1,-0.22,1882.8768310546875,0.0,0.0,1,-0.25,1882.8768310546875,0.0,0.0,1,-0.31,1882.8768310546875,0.0,0.0,1,-0.33,1882.8768310546875,0.0,0.0,1,-0.52,1882.8768310546875,0.0,0.0,1,-0.57,1882.8768310546875,0.0,0.0,1,-0.62,1882.8768310546875,0.0,0.0,1,-1.16,1882.8768310546875,0.0,0.0,1,-1.23,1882.8768310546875,0.0,0.0,1,10
ZINC000000060801,-0.37,1882.87548828125,7.131499072872705e-05,0.0,1,-0.46,1882.8748779296875,0.0001037308956054,0.0,1,-0.52,1882.8740234375,0.0001491131624327,0.0,1,-0.56,1882.8748779296875,0.0001037308956054,0.0,1,-0.61,1882.8726196289065,0.0002236697436491,0.0,1,-0.71,1882.873291015625,0.0001880122482848,0.0,1,-0.78,1882.8735961914065,0.0001718042958464,0.0,1,-0.78,1882.8751220703125,9.076453365474352e-05,0.0,1,-0.8,1882.87353515625,0.0001750458863341,0.0,1,-0.81,1882.8754272460933,7.455658121639646e-05,0.0,1,10
ZINC000000060847,-0.39,1882.8768310546875,0.0,0.0,1,-0.57,1882.8768310546875,0.0,0.0,1,-0.59,1882.8768310546875,0.0,0.0,1,-0.6,1882.8768310546875,0.0,0.0,1,-0.78,1882.8768310546875,0.0,0.0,1,-0.89,1882.8768310546875,0.0,0.0,1,-0.91,1882.8768310546875,0.0,0.0,1,-1.06,1882.8768310546875,0.0,0.0,1,-1.13,1882.8768310546875,0.0,0.0,1,-2.26,1882.8768310546875,0.0,0.0,1,10
ZINC000000060934,-0.03,1882.8756713867188,6.15902192657188e-05,0.0,1,-0.22,1882.8764038085933,2.269113341368588e-05,0.0,1,-0.28,1882.8762512207031,3.07951096328594e-05,0.0,1,-0.31,1882.8726806640625,0.0002204281531615,0.0,1,-0.36,1882.8735961914065,0.0001718042958464,0.0,1,-0.43,1882.8739013671875,0.0001555963434081,0.0,1,-0.44,1882.876037597656,4.214067633970235e-05,0.0,1,-0.68,1882.8736572265625,0.0001685627053588,0.0,1,-0.96,1882.8753662109373,7.779817170406587e-05,0.0,1,-1.01,1882.8746948242188,0.0001134556670684,0.0,1,10
ZINC000000061273,-0.36,1882.8768310546875,0.0,0.0,1,-0.63,1882.8768310546875,0.0,0.0,1,-0.84,1882.8768310546875,0.0,0.0,1,-0.96,1882.8768310546875,0.0,0.0,1,-0.97,1882.8768310546875,0.0,0.0,1,-1.18,1882.8768310546875,0.0,0.0,1,-1.41,1882.8768310546875,0.0,0.0,1,-2.19,1882.8768310546875,0.0,0.0,1,-2.48,1882.8768310546875,0.0,0.0,1,-2.8,1882.8768310546875,0.0,0.0,1,10
ZINC000000061348,-0.44,1882.8768310546875,0.0,0.0,1,-0.48,1882.876037597656,4.214067633970235e-05,0.0,1,-0.5,1882.8768310546875,0.0,0.0,1,-0.52,1882.8768310546875,0.0,0.0,1,-0.53,1882.8768310546875,0.0,0.0,1,-0.6,1882.8768310546875,0.0,0.0,1,-0.65,1882.8768310546875,0.0,0.0,1,-1.14,1882.8768310546875,0.0,0.0,1,-1.76,1882.8768310546875,0.0,0.0,1,-1.95,1882.8768310546875,0.0,0.0,1,10
ZINC000000061360,-0.41,1882.870361328125,0.0003436085916929,0.0,1,-0.57,1882.8705444335933,0.0003338838202299,0.0,1,-0.58,1882.8707885742188,0.0003209174582792,0.0,1,-0.71,1882.8696899414065,0.0003792660870573,0.0,1,-0.8,1882.8707275390625,0.0003241590487669,0.0,1,-0.81,1882.8717041015625,0.0002722936009642,0.0,1,-0.84,1882.8707275390625,0.0003241590487669,0.0,1,-0.95,1882.871337890625,0.0002917431438902,0.0,1,-1.48,1882.8695068359373,0.0003889908585203,0.0,1,-2.92,1882.8689575195312,0.0004181651729093,0.0,1,10
ZINC000000061388,0.07,1882.8667602539065,0.0005348624304654,0.0,1,0.02,1882.866455078125,0.0005510703829037,0.0,1,-0.01,1882.8677368164065,0.0004829969826627,0.0,1,-0.06,1882.867248535156,0.000508929706564,0.0,1,-0.56,1882.8665161132808,0.0005478287924161,0.0,1,-0.65,1882.8668823242188,0.0005283792494901,0.0,1,-0.67,1882.86474609375,0.0006418349165585,0.0,1,-0.96,1882.86572265625,0.0005899694687558,0.0,1,-1.12,1882.863220214844,0.0007228746787502,0.0,1,-1.25,1882.8648071289065,0.0006385933260708,0.0,1,10
ZINC000000061451,-0.07,1882.8707275390625,0.0003241590487669,0.0,1,-0.19,1882.8706665039065,0.0003274006392546,0.0,1,-0.25,1882.8687133789065,0.00043113153486,0.0,1,-0.34,1882.8697509765625,0.0003760244965696,0.0,1,-0.6,1882.8699951171875,0.0003630581346189,0.0,1,-0.73,1882.8681640625,0.000460305849249,0.0,1,-0.76,1882.8707885742188,0.0003209174582792,0.0,1,-0.78,1882.8694458007808,0.0003922324490079,0.0,1,-0.95,1882.8696899414065,0.0003792660870573,0.0,1,-2.94,1882.870178222656,0.0003533333631559,0.0,1,10
ZINC000000061502,0.2,1882.8698120117188,0.0003727829060819,0.0,1,-0.2,1882.8712158203125,0.0002982263248655,0.0,1,-0.22,1882.869873046875,0.0003695413155943,0.0,1,-0.58,1882.8703002929688,0.0003468501821806,0.0,1,-0.68,1882.870178222656,0.0003533333631559,0.0,1,-0.9,1882.870574951172,0.0003322630249861,0.0,1,-1.05,1882.8705444335933,0.0003338838202299,0.0,1,-1.49,1882.8699951171875,0.0003630581346189,0.0,1,-2.26,1882.86962890625,0.0003825076775449,0.0,1,-2.4,1882.8696899414065,0.0003792660870573,0.0,1,10
ZINC000000061688,0.0,1882.8768310546875,0.0,0.0,1,-0.16,1882.8768310546875,0.0,0.0,1,-0.23,1882.8768310546875,0.0,0.0,1,-0.27,1882.8768310546875,0.0,0.0,1,-0.35,1882.8768310546875,0.0,0.0,1,-0.4,1882.8768310546875,0.0,0.0,1,-0.4,1882.8768310546875,0.0,0.0,1,-0.69,1882.8768310546875,0.0,0.0,1,-2.86,1882.8768310546875,0.0,0.0,1,-5.57,1882.8768310546875,0.0,0.0,1,10
ZINC000000061694,-0.09,1882.8676147460933,0.000489480163638,0.0,1,-0.11,1882.868896484375,0.000421406763397,0.0,1,-0.17,1882.8676147460933,0.000489480163638,0.0,1,-0.26,1882.8663940429688,0.0005543119733914,0.0,1,-0.48,1882.866455078125,0.0005510703829037,0.0,1,-0.5,1882.865966796875,0.0005770031068051,0.0,1,-1.01,1882.8671875,0.0005121712970517,0.0,1,-1.44,1882.868103027344,0.0004635474397367,0.0,1,-1.93,1882.8663940429688,0.0005543119733914,0.0,1,-3.62,1882.8656616210933,0.0005932110592435,0.0,1,10
ZINC000000061739,-0.45,1882.8740234375,0.0001491131624327,0.0,1,-0.52,1882.8729553222656,0.000205840995967,0.0,1,-0.62,1882.8726196289065,0.0002236697436491,0.0,1,-0.74,1882.8749084472656,0.0001021101003615,0.0,1,-1.05,1882.8741455078125,0.0001426299814574,0.0,1,-1.16,1882.8733215332031,0.0001863914530409,0.0,1,-1.34,1882.8726501464844,0.0002220489484053,0.0,1,-1.44,1882.872802734375,0.0002139449721861,0.0,1,-2.41,1882.8719177246087,0.0002609480342573,0.0,1,-2.48,1882.871826171875,0.0002658104199888,0.0,1,10
ZINC000000061745,-0.54,1882.8704833984373,0.0003371254107176,0.0,1,-0.59,1882.874084472656,0.0001458715719451,0.0,1,-0.65,1882.8736572265625,0.0001685627053588,0.0,1,-0.66,1882.8726196289065,0.0002236697436491,0.0,1,-0.83,1882.8728637695312,0.0002107033816985,0.0,1,-0.88,1882.8738403320312,0.0001588379338958,0.0,1,-1.43,1882.873962402344,0.0001523547529204,0.0,1,-1.55,1882.8682861328125,0.0004538226682737,0.0,1,-1.98,1882.8768310546875,0.0,0.0,1,-2.2,1882.8709716796875,0.0003111926868162,0.0,1,10
ZINC000000061815,-0.37,1882.8768310546875,0.0,0.0,1,-0.38,1882.8768310546875,0.0,0.0,1,-0.42,1882.8768310546875,0.0,0.0,1,-0.5,1882.8768310546875,0.0,0.0,1,-0.57,1882.8768310546875,0.0,0.0,1,-0.66,1882.8768310546875,0.0,0.0,1,-0.8,1882.8768310546875,0.0,0.0,1,-0.89,1882.8768310546875,0.0,0.0,1,-1.32,1882.8768310546875,0.0,0.0,1,-5.32,471.744140625,0.0,0.0,1,10
ZINC000000061951,-0.32,1882.8768310546875,0.0,0.0,1,-0.49,1882.8768310546875,0.0,0.0,1,-0.56,1882.8744506835933,0.0001264220290191,0.0,1,-0.81,1882.8751220703125,9.076453365474352e-05,0.0,1,-0.84,1882.874938964844,0.0001004893051177,0.0,1,-0.92,1882.8746337890625,0.000116697257556,0.0,1,-1.03,1882.8753051757808,8.103976219173528e-05,0.0,1,-1.13,1882.8764038085933,2.269113341368588e-05,0.0,1,-1.33,1882.8759765625,4.538226682737176e-05,0.0,1,-1.39,1882.8764038085933,2.269113341368588e-05,0.0,1,10
ZINC000000062021,0.02,1882.868225097656,0.0004570642587613,0.0,1,-0.05,1882.869873046875,0.0003695413155943,0.0,1,-0.55,1882.8681640625,0.000460305849249,0.0,1,-0.61,1882.8671875,0.0005121712970517,0.0,1,-1.16,1882.8703308105469,0.0003452293869367,0.0,1,-1.54,1882.8690185546875,0.0004149235824216,0.0,1,-2.11,1882.8703002929688,0.0003468501821806,0.0,1,-2.54,1882.871490478516,0.000283639167671,0.0,1,-2.63,1882.8702697753904,0.0003484709774244,0.0,1,-2.75,1882.8709716796875,0.0003111926868162,0.0,1,10
ZINC000000062085,0.26,1882.875518798828,6.969419548489234e-05,0.0,1,0.05,1882.8743896484373,0.0001296636195067,0.0,1,-0.11,1882.8741455078125,0.0001426299814574,0.0,1,-0.29,1882.875244140625,8.42813526794047e-05,0.0,1,-0.31,1882.873565673828,0.0001734250910903,0.0,1,-0.53,1882.8737182617188,0.0001653211148711,0.0,1,-0.6,1882.8736572265625,0.0001685627053588,0.0,1,-0.67,1882.874267578125,0.0001361468004821,0.0,1,-2.2,1882.8748474121087,0.0001053516908492,0.0,1,-2.69,1882.873809814453,0.0001604587291396,0.0,1,10
ZINC000000062112,-0.46,1882.868194580078,0.0004586850540052,0.0,1,-0.53,1882.8682861328125,0.0004538226682737,0.0,1,-0.54,1882.868103027344,0.0004635474397367,0.0,1,-0.58,1882.868621826172,0.0004359939205915,0.0,1,-0.63,1882.8674926757808,0.0004959633446134,0.0,1,-0.63,1882.86849975586,0.0004424771015668,0.0,1,-0.67,1882.868682861328,0.0004327523301038,0.0,1,-0.69,1882.8687744140625,0.0004278899443723,0.0,1,-0.72,1882.8690490722656,0.0004133027871778,0.0,1,-1.57,1882.8693542480469,0.0003970948347395,0.0,1,10
ZINC000000062168,-0.38,1882.8768310546875,0.0,0.0,1,-0.39,1882.8768310546875,0.0,0.0,1,-0.49,1882.8768310546875,0.0,0.0,1,-0.6,1882.8768310546875,0.0,0.0,1,-0.61,1882.8768310546875,0.0,0.0,1,-0.86,1882.8768310546875,0.0,0.0,1,-1.28,1882.8768310546875,0.0,0.0,1,-1.36,1882.8768310546875,0.0,0.0,1,-2.57,1882.8768310546875,0.0,0.0,1,-5.57,1882.8768310546875,0.0,0.0,1,10
ZINC000000062176,-0.22,1882.8768310546875,0.0,0.0,1,-0.22,1882.8768310546875,0.0,0.0,1,-0.29,1882.8768310546875,0.0,0.0,1,-0.3,1882.8768310546875,0.0,0.0,1,-0.46,1882.8768310546875,0.0,0.0,1,-0.48,1882.8768310546875,0.0,0.0,1,-0.54,1882.8768310546875,0.0,0.0,1,-1.28,1882.8768310546875,0.0,0.0,1,-1.6,1882.8768310546875,0.0,0.0,1,-2.27,1882.8768310546875,0.0,0.0,1,10
ZINC000000062180,-0.09,1882.8768310546875,0.0,0.0,1,-0.12,1882.8768310546875,0.0,0.0,1,-0.15,1882.8768310546875,0.0,0.0,1,-0.3,1882.8768310546875,0.0,0.0,1,-0.31,1882.8768310546875,0.0,0.0,1,-0.5,1882.8768310546875,0.0,0.0,1,-0.54,1882.8768310546875,0.0,0.0,1,-0.98,1882.8768310546875,0.0,0.0,1,-1.0,1882.8768310546875,0.0,0.0,1,-1.3,1882.8768310546875,0.0,0.0,1,10
ZINC000000062258,-0.23,1882.8732299804688,0.0001912538387724,0.0,1,-0.33,1882.872314453125,0.0002398776960875,0.0,1,-0.39,1882.8734130859373,0.0001815290673094,0.0,1,-0.54,1882.871154785156,0.0003014679153532,0.0,1,-0.6,1882.8731994628904,0.0001928746340163,0.0,1,-0.61,1882.87158203125,0.0002787767819395,0.0,1,-0.66,1882.871032714844,0.0003079510963285,0.0,1,-0.8,1882.872985839844,0.0002042202007231,0.0,1,-0.83,1882.872802734375,0.0002139449721861,0.0,1,-2.73,1882.87158203125,0.0002787767819395,0.0,1,10
ZINC000000062428,-0.73,1882.8700866699216,0.0003581957488874,0.0,1,-0.76,1882.8684692382808,0.0004440978968107,0.0,1,-0.83,1882.8682861328125,0.0004538226682737,0.0,1,-0.86,1882.867950439453,0.0004716514159558,0.0,1,-0.92,1882.8685302734373,0.000440856306323,0.0,1,-1.01,1882.8677368164065,0.0004829969826627,0.0,1,-1.15,1882.8669128417969,0.0005267584542462,0.0,1,-1.61,1882.8670959472656,0.0005170336827832,0.0,1,-1.92,1882.8677368164065,0.0004829969826627,0.0,1,-2.25,1882.8675537109373,0.0004927217541257,0.0,1,10
ZINC000000062710,-0.12,1882.8741455078125,0.0001426299814574,0.0,1,-0.28,1882.8743286132808,0.0001329052099944,0.0,1,-0.38,1882.8751220703125,9.076453365474352e-05,0.0,1,-0.42,1882.873046875,0.0002009786102355,0.0,1,-0.51,1882.87548828125,7.131499072872705e-05,0.0,1,-0.54,1882.875915527344,4.8623857315041175e-05,0.0,1,-0.58,1882.87451171875,0.0001231804385314,0.0,1,-0.87,1882.875915527344,4.8623857315041175e-05,0.0,1,-1.35,1882.8743896484373,0.0001296636195067,0.0,1,-1.46,1882.8755493164065,6.807340024105763e-05,0.0,1,10
ZINC000000062764,-0.36,1882.867431640625,0.000499204935101,0.0,1,-1.01,1882.8692626953125,0.000401957220471,0.0,1,-1.14,1882.8692626953125,0.000401957220471,0.0,1,-1.19,1882.8696899414065,0.0003792660870573,0.0,1,-1.19,1882.8692932128904,0.0004003364252271,0.0,1,-1.24,1882.86962890625,0.0003825076775449,0.0,1,-1.67,1882.870361328125,0.0003436085916929,0.0,1,-2.23,1882.8677368164065,0.0004829969826627,0.0,1,-3.29,1882.8693237304688,0.0003987156299833,0.0,1,-3.32,1882.8696899414065,0.0003792660870573,0.0,1,10
ZINC000000062943,-0.39,1882.8768310546875,0.0,0.0,1,-0.42,1882.8768310546875,0.0,0.0,1,-0.63,1882.8768310546875,0.0,0.0,1,-0.64,1882.8768310546875,0.0,0.0,1,-0.67,1882.8768310546875,0.0,0.0,1,-0.69,1882.8768310546875,0.0,0.0,1,-0.81,1882.8768310546875,0.0,0.0,1,-0.9,1882.8768310546875,0.0,0.0,1,-1.19,1882.8768310546875,0.0,0.0,1,-1.89,1882.8768310546875,0.0,0.0,1,10
ZINC000000063079,-0.59,1882.8697509765625,0.0003760244965696,0.0,1,-0.69,1882.8712768554688,0.0002949847343779,0.0,1,-0.9,1882.870361328125,0.0003436085916929,0.0,1,-0.99,1882.8709716796875,0.0003111926868162,0.0,1,-1.58,1882.871154785156,0.0003014679153532,0.0,1,-1.73,1882.8705444335933,0.0003338838202299,0.0,1,-1.77,1882.87255859375,0.0002269113341368,0.0,1,-2.39,1882.8707885742188,0.0003209174582792,0.0,1,-2.65,1882.8704833984373,0.0003371254107176,0.0,1,-3.64,1882.8704223632808,0.0003403670012052,0.0,1,10
ZINC000000063179,-0.32,1882.8648681640625,0.0006353517355832,0.0,1,-0.33,1882.865295410156,0.0006126606021695,0.0,1,-0.34,1882.865173339844,0.0006191437831448,0.0,1,-0.34,1882.8663940429688,0.0005543119733914,0.0,1,-0.42,1882.865173339844,0.0006191437831448,0.0,1,-0.67,1882.865173339844,0.0006191437831448,0.0,1,-0.72,1882.864990234375,0.0006288685546078,0.0,1,-1.71,1882.865478515625,0.0006029358307065,0.0,1,-2.14,1882.864013671875,0.0006807340024105,0.0,1,-2.37,1882.8653564453125,0.0006094190116818,0.0,1,10
ZINC000000063381,0.17,1882.87060546875,0.0003306422297422,0.0,1,0.01,1882.8721923828125,0.0002463608770628,0.0,1,0.01,1882.869873046875,0.0003695413155943,0.0,1,-0.02,1882.8703002929688,0.0003468501821806,0.0,1,-0.06,1882.871032714844,0.0003079510963285,0.0,1,-0.08,1882.8704223632808,0.0003403670012052,0.0,1,-0.13,1882.8694458007808,0.0003922324490079,0.0,1,-0.16,1882.871032714844,0.0003079510963285,0.0,1,-0.29,1882.8680419921875,0.0004667890302243,0.0,1,-0.31,1882.8709716796875,0.0003111926868162,0.0,1,10
ZINC000000063382,-0.21,1882.8713989257808,0.0002885015534025,0.0,1,-0.27,1882.8718872070312,0.0002625688295012,0.0,1,-0.41,1882.8723754882808,0.0002366361055998,0.0,1,-0.55,1882.8724365234373,0.0002333945151121,0.0,1,-0.59,1882.8712158203125,0.0002982263248655,0.0,1,-0.68,1882.872009277344,0.0002560856485258,0.0,1,-0.75,1882.8707275390625,0.0003241590487669,0.0,1,-0.84,1882.8721923828125,0.0002463608770628,0.0,1,-0.97,1882.8724365234373,0.0002333945151121,0.0,1,-1.28,1882.8722534179688,0.0002431192865752,0.0,1,10
ZINC000000063392,0.01,1882.8768310546875,0.0,0.0,1,-0.0,1882.8768310546875,0.0,0.0,1,-0.27,1882.8768310546875,0.0,0.0,1,-0.27,1882.8768310546875,0.0,0.0,1,-0.56,1882.8768310546875,0.0,0.0,1,-0.57,1882.8768310546875,0.0,0.0,1,-0.67,1882.8768310546875,0.0,0.0,1,-0.92,1882.8768310546875,0.0,0.0,1,-1.02,1882.8768310546875,0.0,0.0,1,-2.09,1882.8768310546875,0.0,0.0,1,10
ZINC000000063404,-0.66,1882.870178222656,0.0003533333631559,0.0,1,-0.69,1882.870361328125,0.0003436085916929,0.0,1,-0.75,1882.871826171875,0.0002658104199888,0.0,1,-0.77,1882.8688354492188,0.0004246483538846,0.0,1,-0.79,1882.8689575195312,0.0004181651729093,0.0,1,-1.04,1882.8729553222656,0.000205840995967,0.0,1,-1.86,1882.8676147460933,0.000489480163638,0.0,1,-1.86,1882.8689575195312,0.0004181651729093,0.0,1,-1.89,1882.870361328125,0.0003436085916929,0.0,1,-2.31,1882.8687744140625,0.0004278899443723,0.0,1,10
ZINC000000063469,-0.66,1882.8768310546875,0.0,0.0,1,-0.71,1882.8768310546875,0.0,0.0,1,-0.73,1882.8768310546875,0.0,0.0,1,-0.74,1882.8768310546875,0.0,0.0,1,-0.79,1882.8768310546875,0.0,0.0,1,-1.79,1882.8768310546875,0.0,0.0,1,-2.14,1882.8768310546875,0.0,0.0,1,-2.16,1882.8768310546875,0.0,0.0,1,-3.11,1882.8768310546875,0.0,0.0,1,-3.78,1882.8768310546875,0.0,0.0,1,10
ZINC000000063635,-0.48,1882.8695678710933,0.0003857492680326,0.0,1,-0.59,1882.8727416992188,0.0002171865626738,0.0,1,-0.69,1882.8736572265625,0.0001685627053588,0.0,1,-0.82,1882.8718872070312,0.0002625688295012,0.0,1,-0.92,1882.8712158203125,0.0002982263248655,0.0,1,-1.07,1882.8721923828125,0.0002463608770628,0.0,1,-1.1,1882.87109375,0.0003047095058409,0.0,1,-1.21,1882.8726196289065,0.0002236697436491,0.0,1,-1.61,1882.872131347656,0.0002496024675505,0.0,1,-3.93,1882.8722534179688,0.0002431192865752,0.0,1,10
ZINC000000063682,-0.02,1882.869201660156,0.0004051988109586,0.0,1,-0.05,1882.8709106445312,0.0003144342773039,0.0,1,-0.18,1882.870361328125,0.0003436085916929,0.0,1,-0.18,1882.8698120117188,0.0003727829060819,0.0,1,-0.23,1882.8715209960933,0.0002820183724272,0.0,1,-0.29,1882.871337890625,0.0002917431438902,0.0,1,-0.63,1882.8717041015625,0.0002722936009642,0.0,1,-1.83,1882.8710632324216,0.0003063303010847,0.0,1,-3.11,1882.8701171875,0.0003565749536436,0.0,1,-5.41,471.744140625,0.0,0.0,1,10
ZINC000000063768,-0.06,1882.8687744140625,0.0004278899443723,0.0,1,-0.1,1882.8688049316409,0.0004262691491285,0.0,1,-0.11,1882.869873046875,0.0003695413155943,0.0,1,-0.2,1882.8672790527344,0.0005073089113202,0.0,1,-0.25,1882.86849975586,0.0004424771015668,0.0,1,-0.26,1882.868225097656,0.0004570642587613,0.0,1,-0.39,1882.8695678710933,0.0003857492680326,0.0,1,-1.12,1882.8712768554688,0.0002949847343779,0.0,1,-1.23,1882.8696899414065,0.0003792660870573,0.0,1,-2.39,1882.8684692382808,0.0004440978968107,0.0,1,10
ZINC000000064024,-0.67,1882.86962890625,0.0003825076775449,0.0,1,-0.75,1882.8713989257808,0.0002885015534025,0.0,1,-0.78,1882.87045288086,0.0003387462059614,0.0,1,-0.8,1882.87045288086,0.0003387462059614,0.0,1,-0.82,1882.8712463378904,0.0002966055296217,0.0,1,-0.83,1882.8699951171875,0.0003630581346189,0.0,1,-0.83,1882.8697814941409,0.0003744037013258,0.0,1,-0.97,1882.8699340820312,0.0003662997251066,0.0,1,-1.16,1882.870361328125,0.0003436085916929,0.0,1,-1.46,1882.8697204589844,0.0003776452918134,0.0,1,10
ZINC000000064049,-0.06,1882.8729248046875,0.0002074617912108,0.0,1,-0.06,1882.8718872070312,0.0002625688295012,0.0,1,-0.07,1882.8724975585933,0.0002301529246245,0.0,1,-0.09,1882.874755859375,0.0001102140765807,0.0,1,-0.12,1882.8728637695312,0.0002107033816985,0.0,1,-0.13,1882.873046875,0.0002009786102355,0.0,1,-0.16,1882.8729248046875,0.0002074617912108,0.0,1,-0.31,1882.870178222656,0.0003533333631559,0.0,1,-0.34,1882.8736572265625,0.0001685627053588,0.0,1,-1.97,1882.87353515625,0.0001750458863341,0.0,1,10
ZINC000000064193,-0.7,1882.8690185546875,0.0004149235824216,0.0,1,-0.89,1882.870849609375,0.0003176758677916,0.0,1,-0.98,1882.8720703125,0.0002528440580382,0.0,1,-0.99,1882.871032714844,0.0003079510963285,0.0,1,-1.09,1882.8715209960933,0.0002820183724272,0.0,1,-1.11,1882.8694458007808,0.0003922324490079,0.0,1,-1.26,1882.8690185546875,0.0004149235824216,0.0,1,-1.51,1882.8709716796875,0.0003111926868162,0.0,1,-2.33,1882.8717651367188,0.0002690520104765,0.0,1,-2.55,1882.8707275390625,0.0003241590487669,0.0,1,10
ZINC000000064298,-0.79,1882.8700866699216,0.0003581957488874,0.0,1,-1.04,1882.8705444335933,0.0003338838202299,0.0,1,-1.24,1882.871337890625,0.0002917431438902,0.0,1,-1.26,1882.870178222656,0.0003533333631559,0.0,1,-1.69,1882.871154785156,0.0003014679153532,0.0,1,-1.97,1882.869140625,0.0004084404014463,0.0,1,-2.49,1882.8701171875,0.0003565749536436,0.0,1,-3.77,1882.870574951172,0.0003322630249861,0.0,1,-3.77,1882.868194580078,0.0004586850540052,0.0,1,-3.82,1882.8696899414065,0.0003792660870573,0.0,1,10
ZINC000000064381,-0.45,1882.873107910156,0.0001977370197478,0.0,1,-0.47,1882.8722534179688,0.0002431192865752,0.0,1,-0.62,1882.8721923828125,0.0002463608770628,0.0,1,-0.65,1882.8736572265625,0.0001685627053588,0.0,1,-0.69,1882.87353515625,0.0001750458863341,0.0,1,-0.83,1882.8726196289065,0.0002236697436491,0.0,1,-0.92,1882.8724975585933,0.0002301529246245,0.0,1,-0.92,1882.8732299804688,0.0001912538387724,0.0,1,-1.43,1882.8734130859373,0.0001815290673094,0.0,1,-1.62,1882.8734130859373,0.0001815290673094,0.0,1,10
ZINC000000064624,-0.72,1882.87338256836,0.0001831498625533,0.0,1,-0.81,1882.873291015625,0.0001880122482848,0.0,1,-0.81,1882.8734741210933,0.0001782874768218,0.0,1,-1.11,1882.8730163574216,0.0002025994054793,0.0,1,-1.21,1882.8729248046875,0.0002074617912108,0.0,1,-1.49,1882.8724975585933,0.0002301529246245,0.0,1,-1.5,1882.87240600586,0.000235015310356,0.0,1,-1.68,1882.8729553222656,0.000205840995967,0.0,1,-2.83,1882.874938964844,0.0001004893051177,0.0,1,-3.25,1882.87353515625,0.0001750458863341,0.0,1,10
ZINC000000064768,-0.69,1882.8694458007808,0.0003922324490079,0.0,1,-0.85,1882.8702392578125,0.0003500917726682,0.0,1,-0.86,1882.8720703125,0.0002528440580382,0.0,1,-1.15,1882.8707885742188,0.0003209174582792,0.0,1,-1.16,1882.8704223632808,0.0003403670012052,0.0,1,-1.21,1882.8682861328125,0.0004538226682737,0.0,1,-1.39,1882.8699951171875,0.0003630581346189,0.0,1,-1.61,1882.871154785156,0.0003014679153532,0.0,1,-1.68,1882.8699951171875,0.0003630581346189,0.0,1,-2.43,1882.868896484375,0.000421406763397,0.0,1,10
ZINC000000064825,0.13,1882.8690185546875,0.0004149235824216,0.0,1,0.1,1882.8671569824216,0.0005137920922956,0.0,1,-0.07,1882.869079589844,0.000411681991934,0.0,1,-0.14,1882.8665161132808,0.0005478287924161,0.0,1,-0.24,1882.8680419921875,0.0004667890302243,0.0,1,-0.24,1882.86752319336,0.0004943425493695,0.0,1,-0.34,1882.8681640625,0.000460305849249,0.0,1,-0.34,1882.86865234375,0.0004343731253477,0.0,1,-0.4,1882.866241455078,0.0005624159496106,0.0,1,-0.63,1882.868408203125,0.0004473394872983,0.0,1,10
ZINC000000065018,-0.37,1882.8768310546875,0.0,0.0,1,-0.65,1882.8768310546875,0.0,0.0,1,-0.71,1882.8768310546875,0.0,0.0,1,-0.82,1882.8768310546875,0.0,0.0,1,-0.84,1882.8768310546875,0.0,0.0,1,-0.84,1882.8768310546875,0.0,0.0,1,-0.85,1882.8768310546875,0.0,0.0,1,-0.87,1882.8768310546875,0.0,0.0,1,-0.99,1882.8768310546875,0.0,0.0,1,-2.31,1882.8768310546875,0.0,0.0,1,10
ZINC000000065026,-1.29,1882.8768310546875,0.0,0.0,1,-2.0,1882.8768310546875,0.0,0.0,1,-2.01,1882.8768310546875,0.0,0.0,1,-2.28,1882.8768310546875,0.0,0.0,1,-2.37,1882.8768310546875,0.0,0.0,1,-2.57,1882.8768310546875,0.0,0.0,1,-2.58,1882.8768310546875,0.0,0.0,1,-3.39,1882.8768310546875,0.0,0.0,1,-3.93,1882.8768310546875,0.0,0.0,1,-5.31,1882.8768310546875,0.0,0.0,1,10
ZINC000000065406,-0.44,1882.8759765625,4.538226682737176e-05,0.0,1,-0.48,1882.8768310546875,0.0,0.0,1,-0.57,1882.8751525878904,8.91437384109088e-05,0.0,1,-0.71,1882.872802734375,0.0002139449721861,0.0,1,-0.88,1882.8746337890625,0.000116697257556,0.0,1,-0.94,1882.875396728516,7.617737646023117e-05,0.0,1,-1.52,1882.8762512207031,3.07951096328594e-05,0.0,1,-3.1,1882.8751220703125,9.076453365474352e-05,0.0,1,-3.12,1882.8753662109373,7.779817170406587e-05,0.0,1,-5.04,1882.876708984375,6.483180975338823e-06,0.0,1,10
ZINC000000065649,0.13,1882.865234375,0.0006159021926571,0.0,1,-0.12,1882.868225097656,0.0004570642587613,0.0,1,-0.16,1882.8655395507808,0.0005996942402188,0.0,1,-0.3,1882.865478515625,0.0006029358307065,0.0,1,-0.34,1882.8660888671875,0.0005705199258298,0.0,1,-0.39,1882.867126464844,0.0005154128875394,0.0,1,-0.42,1882.867126464844,0.0005154128875394,0.0,1,-0.52,1882.8687744140625,0.0004278899443723,0.0,1,-0.75,1882.8670654296875,0.0005186544780271,0.0,1,-1.11,1882.8683471679688,0.000450581077786,0.0,1,10
ZINC000000065668,-0.16,1882.8657836914065,0.0005867278782681,0.0,1,-0.18,1882.8668823242188,0.0005283792494901,0.0,1,-0.38,1882.866271972656,0.0005607951543668,0.0,1,-0.61,1882.866271972656,0.0005607951543668,0.0,1,-0.77,1882.8665771484373,0.0005445872019284,0.0,1,-0.94,1882.8670043945312,0.0005218960685147,0.0,1,-0.94,1882.8667602539065,0.0005348624304654,0.0,1,-0.97,1882.867919921875,0.0004732722111997,0.0,1,-1.05,1882.8663330078125,0.0005575535638791,0.0,1,-1.61,1839.8109130859373,2.287240315375635,11.538461538461538,1,10
ZINC000000065876,-0.33,1882.8768310546875,0.0,0.0,1,-0.76,1882.8768310546875,0.0,0.0,1,-0.82,1882.8768310546875,0.0,0.0,1,-0.86,1882.8768310546875,0.0,0.0,1,-0.88,1882.8761596679688,3.565749536436352e-05,0.0,1,-0.89,1882.8768310546875,0.0,0.0,1,-1.04,1882.8768310546875,0.0,0.0,1,-1.44,1882.8768310546875,0.0,0.0,1,-1.53,1882.8768310546875,0.0,0.0,1,-3.06,1882.8768310546875,0.0,0.0,1,10
ZINC000000066199,-0.66,1882.868927001953,0.0004197859681531,0.0,1,-0.98,1882.867919921875,0.0004732722111997,0.0,1,-1.0,1882.8679809570312,0.000470030620712,0.0,1,-1.01,1882.869598388672,0.0003841284727888,0.0,1,-1.39,1882.8674011230469,0.0005008257303449,0.0,1,-1.42,1882.8687133789065,0.00043113153486,0.0,1,-1.52,1882.868927001953,0.0004197859681531,0.0,1,-1.74,1882.8689880371087,0.0004165443776655,0.0,1,-2.18,1882.8683471679688,0.000450581077786,0.0,1,-2.55,1882.868560791016,0.0004392355110792,0.0,1,10
ZINC000000066252,-0.47,1882.872802734375,0.0002139449721861,0.0,1,-0.61,1882.872802734375,0.0002139449721861,0.0,1,-0.64,1882.8734741210933,0.0001782874768218,0.0,1,-0.74,1882.8736572265625,0.0001685627053588,0.0,1,-0.97,1882.875244140625,8.42813526794047e-05,0.0,1,-1.02,1882.8739013671875,0.0001555963434081,0.0,1,-1.04,1882.8734741210933,0.0001782874768218,0.0,1,-2.05,1882.8727416992188,0.0002171865626738,0.0,1,-2.13,1882.873291015625,0.0001880122482848,0.0,1,-1000.0,471.744140625,0.0,0.0,0,9
ZINC000000066291,-0.64,1882.8674011230469,0.0005008257303449,0.0,1,-1.49,1882.868225097656,0.0004570642587613,0.0,1,-1.64,1882.8689575195312,0.0004181651729093,0.0,1,-1.89,1882.8677978515625,0.000479755392175,0.0,1,-1.95,1882.868225097656,0.0004570642587613,0.0,1,-2.15,1882.8708190917969,0.0003192966630354,0.0,1,-2.21,1882.86767578125,0.0004862385731504,0.0,1,-2.39,1882.869140625,0.0004084404014463,0.0,1,-2.63,1882.8701171875,0.0003565749536436,0.0,1,-2.69,1882.869598388672,0.0003841284727888,0.0,1,10
ZINC000000066332,0.28,1882.8688354492188,0.0004246483538846,0.0,1,0.22,1882.8685302734373,0.000440856306323,0.0,1,-0.22,1882.8687133789065,0.00043113153486,0.0,1,-0.35,1882.867919921875,0.0004732722111997,0.0,1,-0.42,1882.869873046875,0.0003695413155943,0.0,1,-0.5,1882.8687744140625,0.0004278899443723,0.0,1,-0.54,1882.8673706054688,0.0005024465255887,0.0,1,-1.07,1882.869079589844,0.000411681991934,0.0,1,-1.15,1882.8679809570312,0.000470030620712,0.0,1,-2.82,1882.8668212890625,0.0005316208399777,0.0,1,10
ZINC000000066386,-0.35,1882.8704833984373,0.0003371254107176,0.0,1,-0.51,1882.8692932128904,0.0004003364252271,0.0,1,-0.66,1882.869598388672,0.0003841284727888,0.0,1,-0.68,1882.8698425292969,0.0003711621108381,0.0,1,-0.71,1882.8716735839844,0.000273914396208,0.0,1,-1.0,1882.8697814941409,0.0003744037013258,0.0,1,-1.61,1882.872467041016,0.0002317737198683,0.0,1,-1.76,1882.8707275390625,0.0003241590487669,0.0,1,-2.06,1882.8696899414065,0.0003792660870573,0.0,1,-2.38,1882.8716735839844,0.000273914396208,0.0,1,10
ZINC000000066429,-0.57,1882.8677368164065,0.0004829969826627,0.0,1,-0.68,1882.8673706054688,0.0005024465255887,0.0,1,-0.76,1882.8655395507808,0.0005996942402188,0.0,1,-0.85,1882.8660278320312,0.0005737615163174,0.0,1,-0.89,1882.86669921875,0.0005381040209531,0.0,1,-0.95,1882.866943359375,0.0005251376590024,0.0,1,-1.17,1882.8673706054688,0.0005024465255887,0.0,1,-1.23,1882.8662109375,0.0005640367448544,0.0,1,-1.61,1882.8666381835933,0.0005413456114407,0.0,1,-3.61,1882.864990234375,0.0006288685546078,0.0,1,10
ZINC000000066434,-0.02,1882.8768310546875,0.0,0.0,1,-0.05,1882.876708984375,6.483180975338823e-06,0.0,1,-0.79,1882.8768310546875,0.0,0.0,1,-0.88,1882.8768310546875,0.0,0.0,1,-0.95,1882.8768310546875,0.0,0.0,1,-1.49,1882.8768310546875,0.0,0.0,1,-1.76,1882.8768310546875,0.0,0.0,1,-3.09,1882.8761291503904,3.727829060819823e-05,0.0,1,-3.12,1882.876739501953,4.862385731504117e-06,0.0,1,-3.21,1882.8768310546875,0.0,0.0,1,10
ZINC000000066448,-0.13,1882.8685913085933,0.0004376147158353,0.0,1,-0.19,1882.8673706054688,0.0005024465255887,0.0,1,-0.25,1882.867126464844,0.0005154128875394,0.0,1,-0.3,1882.8683471679688,0.000450581077786,0.0,1,-0.43,1882.8662109375,0.0005640367448544,0.0,1,-0.44,1882.869079589844,0.000411681991934,0.0,1,-0.53,1882.868103027344,0.0004635474397367,0.0,1,-0.56,1882.868408203125,0.0004473394872983,0.0,1,-0.56,1882.8677978515625,0.000479755392175,0.0,1,-0.83,1882.8675537109373,0.0004927217541257,0.0,1,10
ZINC000000066544,-0.22,1882.8704223632808,0.0003403670012052,0.0,1,-0.43,1882.869140625,0.0004084404014463,0.0,1,-0.48,1882.8699340820312,0.0003662997251066,0.0,1,-0.56,1882.8728637695312,0.0002107033816985,0.0,1,-0.6,1882.8712768554688,0.0002949847343779,0.0,1,-0.77,1882.8707275390625,0.0003241590487669,0.0,1,-0.8,1882.8714599609373,0.0002852599629149,0.0,1,-0.96,1882.8695678710933,0.0003857492680326,0.0,1,-1.05,1882.870056152344,0.0003598165441313,0.0,1,-1.21,1882.869384765625,0.0003954740394956,0.0,1,10
ZINC000000066554,-0.68,1882.873779296875,0.0001620795243834,0.0,1,-0.91,1882.8713989257808,0.0002885015534025,0.0,1,-1.02,1882.8714599609373,0.0002852599629149,0.0,1,-1.12,1882.873107910156,0.0001977370197478,0.0,1,-1.18,1882.8726196289065,0.0002236697436491,0.0,1,-1.23,1882.873046875,0.0002009786102355,0.0,1,-1.41,1882.8716430664065,0.0002755351914518,0.0,1,-1.64,1882.8703002929688,0.0003468501821806,0.0,1,-1.73,1882.8713989257808,0.0002885015534025,0.0,1,-4.08,1882.872131347656,0.0002496024675505,0.0,1,10
ZINC000000066711,-0.39,1882.8696899414065,0.0003792660870573,0.0,1,-0.64,1882.870178222656,0.0003533333631559,0.0,1,-0.78,1882.8709106445312,0.0003144342773039,0.0,1,-0.85,1882.8689575195312,0.0004181651729093,0.0,1,-0.93,1882.870849609375,0.0003176758677916,0.0,1,-1.0,1882.869873046875,0.0003695413155943,0.0,1,-1.34,1882.872802734375,0.0002139449721861,0.0,1,-1.46,1882.8718872070312,0.0002625688295012,0.0,1,-1.48,1882.872009277344,0.0002560856485258,0.0,1,-5.32,1882.8696899414065,0.0003792660870573,0.0,1,10
ZINC000000066932,-0.43,1882.8701171875,0.0003565749536436,0.0,1,-0.51,1882.86962890625,0.0003825076775449,0.0,1,-0.54,1882.870849609375,0.0003176758677916,0.0,1,-0.6,1882.8701171875,0.0003565749536436,0.0,1,-0.64,1882.8694458007808,0.0003922324490079,0.0,1,-0.71,1882.8727416992188,0.0002171865626738,0.0,1,-0.8,1882.8731384277344,0.0001961162245039,0.0,1,-1.35,1882.8695068359373,0.0003889908585203,0.0,1,-3.12,1882.87142944336,0.0002868807581587,0.0,1,-5.56,1882.8710632324216,0.0003063303010847,0.0,1,10
ZINC000000067105,-0.14,1882.8716430664065,0.0002755351914518,0.0,1,-0.3,1882.8733520507808,0.0001847706577971,0.0,1,-0.3,1882.873779296875,0.0001620795243834,0.0,1,-0.32,1882.8707885742188,0.0003209174582792,0.0,1,-0.38,1882.8712158203125,0.0002982263248655,0.0,1,-0.41,1882.8704223632808,0.0003403670012052,0.0,1,-0.42,1882.8724975585933,0.0002301529246245,0.0,1,-0.44,1882.8726806640625,0.0002204281531615,0.0,1,-0.52,1882.873046875,0.0002009786102355,0.0,1,-0.81,1882.8722534179688,0.0002431192865752,0.0,1,10
ZINC000000067209,-0.81,1882.8717041015625,0.0002722936009642,0.0,1,-0.87,1882.87060546875,0.0003306422297422,0.0,1,-1.2,1882.8716735839844,0.000273914396208,0.0,1,-1.56,1882.869873046875,0.0003695413155943,0.0,1,-1.57,1882.8712158203125,0.0002982263248655,0.0,1,-1.67,1882.8699340820312,0.0003662997251066,0.0,1,-1.98,1882.8694458007808,0.0003922324490079,0.0,1,-1.99,1882.8710632324216,0.0003063303010847,0.0,1,-2.03,1882.8703002929688,0.0003468501821806,0.0,1,-5.22,1882.8715209960933,0.0002820183724272,0.0,1,10
ZINC000000067287,-1.25,1882.8697509765625,0.0003760244965696,0.0,1,-1.33,1882.8674621582031,0.0004975841398572,0.0,1,-1.36,1882.8681640625,0.000460305849249,0.0,1,-1.47,1882.868896484375,0.000421406763397,0.0,1,-1.48,1882.867706298828,0.0004846177779065,0.0,1,-1.67,1882.8683471679688,0.000450581077786,0.0,1,-1.69,1882.8682556152344,0.0004554434635175,0.0,1,-1.76,1882.8679809570312,0.000470030620712,0.0,1,-2.41,1882.868896484375,0.000421406763397,0.0,1,-2.5,1882.8677673339844,0.0004813761874189,0.0,1,10
ZINC000000067352,-0.32,1882.8743286132808,0.0001329052099944,0.0,1,-0.34,1882.8735961914065,0.0001718042958464,0.0,1,-0.48,1882.873107910156,0.0001977370197478,0.0,1,-0.72,1882.874084472656,0.0001458715719451,0.0,1,-0.75,1882.8761596679688,3.565749536436352e-05,0.0,1,-0.99,1882.8751831054688,8.75229431670741e-05,0.0,1,-1.56,1882.8753662109373,7.779817170406587e-05,0.0,1,-1.96,1882.8724975585933,0.0002301529246245,0.0,1,-2.35,1882.875244140625,8.42813526794047e-05,0.0,1,-3.37,1882.8741455078125,0.0001426299814574,0.0,1,10
ZINC000000067460,-1.17,1882.8768310546875,0.0,0.0,1,-1.24,1882.8768310546875,0.0,0.0,1,-1.3,1882.8768310546875,0.0,0.0,1,-1.34,1882.8768310546875,0.0,0.0,1,-1.35,1882.8768310546875,0.0,0.0,1,-1.36,1882.8765869140625,1.2966361950677644e-05,0.0,1,-1.42,1882.8768310546875,0.0,0.0,1,-1.48,1882.8768310546875,0.0,0.0,1,-1.6,1882.8768310546875,0.0,0.0,1,-2.78,1882.8768310546875,0.0,0.0,1,10
ZINC000000067499,-0.77,1882.870361328125,0.0003436085916929,0.0,1,-1.41,1882.8703002929688,0.0003468501821806,0.0,1,-1.6,1882.8694458007808,0.0003922324490079,0.0,1,-2.06,1882.8704223632808,0.0003403670012052,0.0,1,-2.1,1882.8702392578125,0.0003500917726682,0.0,1,-3.53,1882.8699951171875,0.0003630581346189,0.0,1,-3.56,1882.8709106445312,0.0003144342773039,0.0,1,-4.53,1882.8707275390625,0.0003241590487669,0.0,1,-5.18,1882.8699645996087,0.0003646789298628,0.0,1,-5.23,1882.8718872070312,0.0002625688295012,0.0,1,10
ZINC000000067524,-0.16,1882.8702392578125,0.0003500917726682,0.0,1,-0.17,1882.870361328125,0.0003436085916929,0.0,1,-0.2,1882.8724365234373,0.0002333945151121,0.0,1,-0.29,1882.8717041015625,0.0002722936009642,0.0,1,-0.3,1882.8699340820312,0.0003662997251066,0.0,1,-0.31,1882.8714599609373,0.0002852599629149,0.0,1,-0.36,1882.8712768554688,0.0002949847343779,0.0,1,-0.61,1882.8703002929688,0.0003468501821806,0.0,1,-0.76,1882.870361328125,0.0003436085916929,0.0,1,-1.29,1882.8693237304688,0.0003987156299833,0.0,1,10
ZINC000000067583,0.23,1882.8670654296875,0.0005186544780271,0.0,1,0.21,1882.8677368164065,0.0004829969826627,0.0,1,0.21,1882.8668212890625,0.0005316208399777,0.0,1,0.2,1882.8670654296875,0.0005186544780271,0.0,1,0.18,1882.8680419921875,0.0004667890302243,0.0,1,0.16,1882.8681640625,0.000460305849249,0.0,1,0.13,1882.8682861328125,0.0004538226682737,0.0,1,-0.18,1882.86767578125,0.0004862385731504,0.0,1,-0.25,1882.8671569824216,0.0005137920922956,0.0,1,-1.0,1882.8688354492188,0.0004246483538846,0.0,1,10
ZINC000000067611,-0.47,1882.8724975585933,0.0002301529246245,0.0,1,-0.73,1882.870056152344,0.0003598165441313,0.0,1,-0.75,1882.8702087402344,0.0003517125679121,0.0,1,-0.9,1882.870849609375,0.0003176758677916,0.0,1,-1.02,1882.8719787597656,0.0002577064437697,0.0,1,-1.04,1882.8706665039065,0.0003274006392546,0.0,1,-1.21,1882.8713989257808,0.0002885015534025,0.0,1,-1.26,1882.8703002929688,0.0003468501821806,0.0,1,-1.75,1882.870178222656,0.0003533333631559,0.0,1,-3.31,1882.871337890625,0.0002917431438902,0.0,1,10
ZINC000000067728,0.01,1882.8688354492188,0.0004246483538846,0.0,1,-0.31,1882.865478515625,0.0006029358307065,0.0,1,-0.37,1882.86767578125,0.0004862385731504,0.0,1,-0.44,1882.86767578125,0.0004862385731504,0.0,1,-0.55,1882.8660888671875,0.0005705199258298,0.0,1,-0.62,1882.8658447265625,0.0005834862877804,0.0,1,-0.66,1882.8646240234373,0.0006483180975338,0.0,1,-0.82,1882.8670043945312,0.0005218960685147,0.0,1,-1.23,1882.868408203125,0.0004473394872983,0.0,1,-1.99,1882.86376953125,0.0006937003643612,0.0,1,10
ZINC000000067740,-0.65,1882.867248535156,0.000508929706564,0.0,1,-0.68,1882.86865234375,0.0004343731253477,0.0,1,-0.76,1882.8665161132808,0.0005478287924161,0.0,1,-0.87,1882.8685913085933,0.0004376147158353,0.0,1,-1.03,1882.8665771484373,0.0005445872019284,0.0,1,-1.03,1882.866943359375,0.0005251376590024,0.0,1,-1.43,1882.8670654296875,0.0005186544780271,0.0,1,-1.47,1882.8676147460933,0.000489480163638,0.0,1,-1.47,1882.8690185546875,0.0004149235824216,0.0,1,-1000.0,471.744140625,0.0,0.0,0,9
ZINC000000067814,-0.79,1882.8768310546875,0.0,0.0,1,-1.03,1882.8768310546875,0.0,0.0,1,-1.06,1882.8768310546875,0.0,0.0,1,-1.35,1882.8768310546875,0.0,0.0,1,-1.64,1882.8768310546875,0.0,0.0,1,-2.29,1882.8768310546875,0.0,0.0,1,-2.86,1882.8768310546875,0.0,0.0,1,-2.92,1882.8768310546875,0.0,0.0,1,-3.03,1882.8768310546875,0.0,0.0,1,-3.51,1882.8768310546875,0.0,0.0,1,10
ZINC000000067921,-0.28,1882.8685302734373,0.000440856306323,0.0,1,-0.55,1882.8684692382808,0.0004440978968107,0.0,1,-0.58,1882.8682861328125,0.0004538226682737,0.0,1,-0.75,1882.8695678710933,0.0003857492680326,0.0,1,-0.95,1882.870849609375,0.0003176758677916,0.0,1,-1.02,1882.87158203125,0.0002787767819395,0.0,1,-1.16,1882.8709716796875,0.0003111926868162,0.0,1,-1.21,1882.8695068359373,0.0003889908585203,0.0,1,-1.51,1882.87109375,0.0003047095058409,0.0,1,-1.79,1882.872009277344,0.0002560856485258,0.0,1,10
ZINC000000067922,-0.56,1882.8768310546875,0.0,0.0,1,-0.62,1882.8768310546875,0.0,0.0,1,-0.66,1882.8768310546875,0.0,0.0,1,-0.67,1882.8768310546875,0.0,0.0,1,-0.7,1882.8768310546875,0.0,0.0,1,-0.82,1882.8768310546875,0.0,0.0,1,-0.93,1882.8768310546875,0.0,0.0,1,-1000.0,471.744140625,0.0,0.0,0,-1000.0,471.744140625,0.0,0.0,0,-1000.0,471.744140625,0.0,0.0,0,7
ZINC000000067943,-0.3,1882.8768310546875,0.0,0.0,1,-0.46,1882.8768310546875,0.0,0.0,1,-0.59,1882.8768310546875,0.0,0.0,1,-0.86,1882.8768310546875,0.0,0.0,1,-1.07,1882.8768310546875,0.0,0.0,1,-1.45,1882.8768310546875,0.0,0.0,1,-1.47,1882.8768310546875,0.0,0.0,1,-1.69,1882.8768310546875,0.0,0.0,1,-3.4,1636.548370361328,13.082558382503398,80.95238095238095,1,-3.85,1882.8768310546875,0.0,0.0,1,10
ZINC000000068160,-0.16,1882.8699951171875,0.0003630581346189,0.0,1,-0.47,1882.869079589844,0.000411681991934,0.0,1,-0.99,1882.8690185546875,0.0004149235824216,0.0,1,-1.02,1882.8697509765625,0.0003760244965696,0.0,1,-1.05,1882.8695068359373,0.0003889908585203,0.0,1,-1.12,1882.8695068359373,0.0003889908585203,0.0,1,-1.13,1882.8694458007808,0.0003922324490079,0.0,1,-1.46,1882.86962890625,0.0003825076775449,0.0,1,-1.5,1882.8674926757808,0.0004959633446134,0.0,1,-1.91,1882.8692626953125,0.000401957220471,0.0,1,10
ZINC000000068263,-0.03,1882.8712768554688,0.0002949847343779,0.0,1,-0.06,1882.8706970214844,0.0003257798440107,0.0,1,-0.08,1882.8704833984373,0.0003371254107176,0.0,1,-0.13,1882.8718872070312,0.0002625688295012,0.0,1,-0.13,1882.872009277344,0.0002560856485258,0.0,1,-0.2,1882.870361328125,0.0003436085916929,0.0,1,-0.43,1882.87158203125,0.0002787767819395,0.0,1,-0.57,1882.872009277344,0.0002560856485258,0.0,1,-1.64,1882.871551513672,0.0002803975771834,0.0,1,-2.49,1882.8712463378904,0.0002966055296217,0.0,1,10
ZINC000000068282,-0.69,1882.8699340820312,0.0003662997251066,0.0,1,-0.73,1882.873046875,0.0002009786102355,0.0,1,-0.74,1882.8707885742188,0.0003209174582792,0.0,1,-0.82,1882.87060546875,0.0003306422297422,0.0,1,-1.04,1882.8717651367188,0.0002690520104765,0.0,1,-1.22,1882.8728942871087,0.0002090825864546,0.0,1,-1.78,1882.8731689453125,0.0001944954292601,0.0,1,-1.89,1882.8717651367188,0.0002690520104765,0.0,1,-3.26,1882.8689575195312,0.0004181651729093,0.0,1,-5.86,471.744140625,0.0,0.0,1,10
ZINC000000068334,-0.04,1882.8679809570312,0.000470030620712,0.0,1,-0.13,1882.8671875,0.0005121712970517,0.0,1,-0.17,1882.86669921875,0.0005381040209531,0.0,1,-0.24,1882.866943359375,0.0005251376590024,0.0,1,-0.25,1882.86865234375,0.0004343731253477,0.0,1,-0.48,1882.868408203125,0.0004473394872983,0.0,1,-0.49,1882.867919921875,0.0004732722111997,0.0,1,-0.51,1882.8681640625,0.000460305849249,0.0,1,-0.52,1882.8683471679688,0.000450581077786,0.0,1,-1.79,1882.86767578125,0.0004862385731504,0.0,1,10
ZINC000000068406,-0.06,1882.8670043945312,0.0005218960685147,0.0,1,-0.1,1882.8663330078125,0.0005575535638791,0.0,1,-0.13,1882.8658447265625,0.0005834862877804,0.0,1,-0.29,1882.866455078125,0.0005510703829037,0.0,1,-0.3,1882.8667602539065,0.0005348624304654,0.0,1,-0.35,1882.8663940429688,0.0005543119733914,0.0,1,-0.56,1882.8656616210933,0.0005932110592435,0.0,1,-1.1,1882.8680419921875,0.0004667890302243,0.0,1,-1.16,1882.8666381835933,0.0005413456114407,0.0,1,-1.72,1882.8648071289065,0.0006385933260708,0.0,1,10
ZINC000000068475,-0.01,1882.8689575195312,0.0004181651729093,0.0,1,-0.24,1882.8680114746087,0.0004684098254682,0.0,1,-0.38,1882.8703002929688,0.0003468501821806,0.0,1,-0.49,1882.8671875,0.0005121712970517,0.0,1,-0.57,1882.870849609375,0.0003176758677916,0.0,1,-1.19,1882.8679809570312,0.000470030620712,0.0,1,-1.24,1882.8667907714844,0.0005332416352216,0.0,1,-1.75,1882.8676147460933,0.000489480163638,0.0,1,-1.76,1882.8695068359373,0.0003889908585203,0.0,1,-2.56,1882.8680419921875,0.0004667890302243,0.0,1,10
ZINC000000068807,-0.03,1882.8667602539065,0.0005348624304654,0.0,1,-0.16,1882.8634033203125,0.0007131499072872,0.0,1,-0.56,1882.8670349121087,0.0005202752732709,0.0,1,-0.74,1882.86376953125,0.0006937003643612,0.0,1,-0.92,1882.867431640625,0.000499204935101,0.0,1,-0.96,1882.8666381835933,0.0005413456114407,0.0,1,-0.99,1882.869384765625,0.0003954740394956,0.0,1,-1.87,1882.8645629882808,0.0006515596880215,0.0,1,-1.89,1882.865295410156,0.0006126606021695,0.0,1,-1.9,1882.8656616210933,0.0005932110592435,0.0,1,10
ZINC000000069493,-0.24,1882.8726806640625,0.0002204281531615,0.0,1,-0.39,1882.8738403320312,0.0001588379338958,0.0,1,-0.82,1882.8745727539065,0.0001199388480437,0.0,1,-0.85,1882.8745727539065,0.0001199388480437,0.0,1,-0.92,1882.875244140625,8.42813526794047e-05,0.0,1,-1.06,1882.8739013671875,0.0001555963434081,0.0,1,-1.16,1882.87548828125,7.131499072872705e-05,0.0,1,-1.22,1882.874267578125,0.0001361468004821,0.0,1,-2.63,1882.87353515625,0.0001750458863341,0.0,1,-2.71,1882.8721923828125,0.0002463608770628,0.0,1,10
ZINC000000069534,-0.18,1882.8768310546875,0.0,0.0,1,-0.21,1882.8768310546875,0.0,0.0,1,-0.22,1882.8768310546875,0.0,0.0,1,-0.27,1882.8768310546875,0.0,0.0,1,-0.32,1882.8768310546875,0.0,0.0,1,-0.42,1882.8768310546875,0.0,0.0,1,-0.48,1882.8768310546875,0.0,0.0,1,-1.19,1882.875396728516,7.617737646023117e-05,0.0,1,-1.83,1882.8756408691409,6.321101450955351e-05,0.0,1,-5.25,471.744140625,0.0,0.0,1,10
ZINC000000069597,-0.09,1882.869873046875,0.0003695413155943,0.0,1,-0.12,1882.867431640625,0.000499204935101,0.0,1,-0.37,1882.8685302734373,0.000440856306323,0.0,1,-0.42,1882.8687744140625,0.0004278899443723,0.0,1,-1.03,1882.8668212890625,0.0005316208399777,0.0,1,-1.14,1882.8695678710933,0.0003857492680326,0.0,1,-1.42,1882.8694458007808,0.0003922324490079,0.0,1,-2.18,1882.867126464844,0.0005154128875394,0.0,1,-2.94,1882.8695068359373,0.0003889908585203,0.0,1,-5.59,1882.872009277344,0.0002560856485258,0.0,1,10
ZINC000000069610,-0.35,1882.8728637695312,0.0002107033816985,0.0,1,-0.45,1882.873107910156,0.0001977370197478,0.0,1,-0.68,1882.872802734375,0.0002139449721861,0.0,1,-0.7,1882.873962402344,0.0001523547529204,0.0,1,-0.75,1882.8739013671875,0.0001555963434081,0.0,1,-0.88,1882.8734741210933,0.0001782874768218,0.0,1,-0.88,1882.87255859375,0.0002269113341368,0.0,1,-1.07,1882.8732299804688,0.0001912538387724,0.0,1,-1.44,1882.8741455078125,0.0001426299814574,0.0,1,-2.5,1882.872314453125,0.0002398776960875,0.0,1,10
ZINC000000069761,-0.1,1882.8768310546875,0.0,0.0,1,-0.73,1882.8768310546875,0.0,0.0,1,-0.94,1882.8768310546875,0.0,0.0,1,-1.31,1882.8768310546875,0.0,0.0,1,-1.33,1882.8768310546875,0.0,0.0,1,-1.34,1882.8768310546875,0.0,0.0,1,-1.47,1882.8768310546875,0.0,0.0,1,-1.51,1882.8768310546875,0.0,0.0,1,-1.57,1882.8768310546875,0.0,0.0,1,-1.73,1882.8768310546875,0.0,0.0,1,10
ZINC000000069847,-0.65,1882.8692932128904,0.0004003364252271,0.0,1,-1.16,1882.8694458007808,0.0003922324490079,0.0,1,-1.16,1882.8682556152344,0.0004554434635175,0.0,1,-1.24,1882.868408203125,0.0004473394872983,0.0,1,-1.26,1882.8696899414065,0.0003792660870573,0.0,1,-1.3,1882.869140625,0.0004084404014463,0.0,1,-1.36,1882.8697204589844,0.0003776452918134,0.0,1,-1.4,1882.8698120117188,0.0003727829060819,0.0,1,-1.45,1882.8695068359373,0.0003889908585203,0.0,1,-1.73,1882.8697814941409,0.0003744037013258,0.0,1,10
ZINC000000069878,-0.6,1882.8727416992188,0.0002171865626738,0.0,1,-0.63,1882.8740234375,0.0001491131624327,0.0,1,-0.82,1882.8724975585933,0.0002301529246245,0.0,1,-0.92,1882.8726806640625,0.0002204281531615,0.0,1,-0.98,1882.8753662109373,7.779817170406587e-05,0.0,1,-1.0,1882.8723754882808,0.0002366361055998,0.0,1,-1.16,1882.8736572265625,0.0001685627053588,0.0,1,-1.3,1882.8748168945312,0.000106972486093,0.0,1,-1.96,1882.872131347656,0.0002496024675505,0.0,1,-5.79,1882.8713989257808,0.0002885015534025,0.0,1,10
ZINC000000070005,-0.33,1882.8688354492188,0.0004246483538846,0.0,1,-0.49,1882.8695678710933,0.0003857492680326,0.0,1,-0.52,1882.8687744140625,0.0004278899443723,0.0,1,-0.74,1882.871337890625,0.0002917431438902,0.0,1,-1.05,1882.8704833984373,0.0003371254107176,0.0,1,-1.19,1882.8704223632808,0.0003403670012052,0.0,1,-1.3,1882.870849609375,0.0003176758677916,0.0,1,-1.72,1882.8680419921875,0.0004667890302243,0.0,1,-1.72,1882.8697509765625,0.0003760244965696,0.0,1,-1.94,1882.8702392578125,0.0003500917726682,0.0,1,10
ZINC000000070241,-0.26,1882.8768310546875,0.0,0.0,1,-0.34,1882.8768310546875,0.0,0.0,1,-0.57,1882.8768310546875,0.0,0.0,1,-0.61,1882.8768310546875,0.0,0.0,1,-0.88,1882.8768310546875,0.0,0.0,1,-1.0,1882.8768310546875,0.0,0.0,1,-1.19,1882.8768310546875,0.0,0.0,1,-1.95,1882.8768310546875,0.0,0.0,1,-2.05,1882.8768310546875,0.0,0.0,1,-2.6,1882.8768310546875,0.0,0.0,1,10
ZINC000000070243,0.77,1882.874053955078,0.0001474923671889,0.0,1,0.05,1882.87435913086,0.0001312844147506,0.0,1,0.01,1882.8739318847656,0.0001539755481642,0.0,1,-0.12,1882.8743896484373,0.0001296636195067,0.0,1,-0.3,1882.875244140625,8.42813526794047e-05,0.0,1,-0.3,1882.8729248046875,0.0002074617912108,0.0,1,-0.44,1882.874481201172,0.0001248012337752,0.0,1,-1.38,1882.8728942871087,0.0002090825864546,0.0,1,-1.81,1882.872985839844,0.0002042202007231,0.0,1,-1.86,1882.872467041016,0.0002317737198683,0.0,1,10
ZINC000000071041,-1.77,1882.8673706054688,0.0005024465255887,0.0,1,-1.8,1882.869384765625,0.0003954740394956,0.0,1,-2.05,1882.8682861328125,0.0004538226682737,0.0,1,-2.28,1882.8696899414065,0.0003792660870573,0.0,1,-2.37,1882.868225097656,0.0004570642587613,0.0,1,-2.55,1882.870056152344,0.0003598165441313,0.0,1,-2.82,1882.8703002929688,0.0003468501821806,0.0,1,-3.32,1882.867431640625,0.000499204935101,0.0,1,-3.79,1882.8685302734373,0.000440856306323,0.0,1,-3.86,1882.8678588867188,0.0004765138016874,0.0,1,10
ZINC000000071131,0.21,1882.8768310546875,0.0,0.0,1,0.19,1882.8768310546875,0.0,0.0,1,0.17,1882.8768310546875,0.0,0.0,1,0.08,1882.8768310546875,0.0,0.0,1,0.01,1882.8768310546875,0.0,0.0,1,-0.24,1882.8768310546875,0.0,0.0,1,-0.5,1882.8768310546875,0.0,0.0,1,-0.6,1882.8768310546875,0.0,0.0,1,-1.31,1882.8768310546875,0.0,0.0,1,-5.42,1882.8768310546875,0.0,0.0,1,10
ZINC000000071142,-0.1,1882.8707275390625,0.0003241590487669,0.0,1,-0.27,1882.870056152344,0.0003598165441313,0.0,1,-0.58,1882.8699340820312,0.0003662997251066,0.0,1,-0.6,1882.871154785156,0.0003014679153532,0.0,1,-0.61,1882.871154785156,0.0003014679153532,0.0,1,-0.71,1882.8717651367188,0.0002690520104765,0.0,1,-0.77,1882.8694458007808,0.0003922324490079,0.0,1,-1.04,1882.8722534179688,0.0002431192865752,0.0,1,-1.29,1882.8716430664065,0.0002755351914518,0.0,1,-1.54,1882.8678588867188,0.0004765138016874,0.0,1,10
ZINC000000071427,0.14,1882.8731689453125,0.0001944954292601,0.0,1,0.05,1882.8740234375,0.0001491131624327,0.0,1,-0.34,1882.8732299804688,0.0001912538387724,0.0,1,-0.38,1882.873046875,0.0002009786102355,0.0,1,-0.6,1882.8716430664065,0.0002755351914518,0.0,1,-0.62,1882.8729248046875,0.0002074617912108,0.0,1,-0.69,1882.8729248046875,0.0002074617912108,0.0,1,-0.87,1882.8726806640625,0.0002204281531615,0.0,1,-1.64,1882.8751220703125,9.076453365474352e-05,0.0,1,-5.62,1882.8753662109373,7.779817170406587e-05,0.0,1,10
ZINC000000071552,-0.78,1882.868896484375,0.000421406763397,0.0,1,-1.02,1882.868896484375,0.000421406763397,0.0,1,-1.06,1882.8709106445312,0.0003144342773039,0.0,1,-1.15,1882.8704833984373,0.0003371254107176,0.0,1,-1.19,1882.869140625,0.0004084404014463,0.0,1,-1.2,1882.8685302734373,0.000440856306323,0.0,1,-1.28,1882.8695678710933,0.0003857492680326,0.0,1,-1.29,1882.8709106445312,0.0003144342773039,0.0,1,-1.78,1882.868408203125,0.0004473394872983,0.0,1,-2.46,1882.8685302734373,0.000440856306323,0.0,1,10
ZINC000000071596,-1.04,1882.8709716796875,0.0003111926868162,0.0,1,-1.08,1882.8692626953125,0.000401957220471,0.0,1,-1.26,1882.868896484375,0.000421406763397,0.0,1,-1.3,1882.8694458007808,0.0003922324490079,0.0,1,-1.31,1882.86752319336,0.0004943425493695,0.0,1,-1.39,1882.8709716796875,0.0003111926868162,0.0,1,-1.54,1882.86962890625,0.0003825076775449,0.0,1,-2.28,1882.8694458007808,0.0003922324490079,0.0,1,-2.29,1882.8707580566409,0.0003225382535231,0.0,1,-2.8,1882.8699951171875,0.0003630581346189,0.0,1,10
ZINC000000071717,-0.54,1882.8668212890625,0.0005316208399777,0.0,1,-0.95,1882.867248535156,0.000508929706564,0.0,1,-1.07,1882.8699340820312,0.0003662997251066,0.0,1,-1.19,1882.8673706054688,0.0005024465255887,0.0,1,-1.2,1882.8679809570312,0.000470030620712,0.0,1,-1.23,1882.868408203125,0.0004473394872983,0.0,1,-1.36,1882.8659057617188,0.0005802446972928,0.0,1,-1.4,1882.8670043945312,0.0005218960685147,0.0,1,-2.54,1882.8655395507808,0.0005996942402188,0.0,1,-2.86,1882.8662109375,0.0005640367448544,0.0,1,10
ZINC000000071732,-0.25,1882.8670043945312,0.0005218960685147,0.0,1,-0.28,1882.8678588867188,0.0004765138016874,0.0,1,-0.41,1882.8674926757808,0.0004959633446134,0.0,1,-0.43,1882.8690185546875,0.0004149235824216,0.0,1,-0.44,1882.8690185546875,0.0004149235824216,0.0,1,-0.46,1882.8684692382808,0.0004440978968107,0.0,1,-0.47,1882.869140625,0.0004084404014463,0.0,1,-0.72,1882.8689575195312,0.0004181651729093,0.0,1,-3.47,1882.869079589844,0.000411681991934,0.0,1,-5.67,1882.8720703125,0.0002528440580382,0.0,1,10
ZINC000000071819,-0.71,1882.8683471679688,0.000450581077786,0.0,1,-0.98,1882.8685302734373,0.000440856306323,0.0,1,-1.09,1882.8681640625,0.000460305849249,0.0,1,-1.31,1882.8676147460933,0.000489480163638,0.0,1,-1.32,1882.8688354492188,0.0004246483538846,0.0,1,-1.43,1882.8681640625,0.000460305849249,0.0,1,-1.56,1882.8689575195312,0.0004181651729093,0.0,1,-2.08,1882.8699340820312,0.0003662997251066,0.0,1,-2.3,1882.8701171875,0.0003565749536436,0.0,1,-2.38,1882.869903564453,0.0003679205203504,0.0,1,10
ZINC000000072025,0.08,1882.8742065429688,0.0001393883909697,0.0,1,0.03,1882.8751220703125,9.076453365474352e-05,0.0,1,-0.0,1882.8748168945312,0.000106972486093,0.0,1,-0.02,1882.874938964844,0.0001004893051177,0.0,1,-0.07,1882.873962402344,0.0001523547529204,0.0,1,-0.41,1882.874267578125,0.0001361468004821,0.0,1,-0.59,1882.8736572265625,0.0001685627053588,0.0,1,-0.67,1882.875244140625,8.42813526794047e-05,0.0,1,-1.43,1882.8755493164065,6.807340024105763e-05,0.0,1,-1.86,1882.87451171875,0.0001231804385314,0.0,1,10
ZINC000000072046,-0.42,1882.8757934570312,5.510703829037999e-05,0.0,1,-0.64,1882.8756103515625,6.483180975338822e-05,0.0,1,-0.95,1882.874755859375,0.0001102140765807,0.0,1,-0.96,1882.8738403320312,0.0001588379338958,0.0,1,-0.98,1882.874938964844,0.0001004893051177,0.0,1,-1.06,1882.8733520507808,0.0001847706577971,0.0,1,-1.22,1882.875732421875,5.83486287780494e-05,0.0,1,-1.37,1882.87451171875,0.0001231804385314,0.0,1,-1.49,1882.87451171875,0.0001231804385314,0.0,1,-5.38,1882.8753662109373,7.779817170406587e-05,0.0,1,10
ZINC000000072118,-0.26,1882.8753662109373,7.779817170406587e-05,0.0,1,-0.56,1882.875915527344,4.8623857315041175e-05,0.0,1,-0.62,1882.8760986328125,3.8899085852032936e-05,0.0,1,-0.85,1882.8768310546875,0.0,0.0,1,-0.92,1882.8765563964844,1.458715719451235e-05,0.0,1,-0.95,1882.8762817382808,2.91743143890247e-05,0.0,1,-1.28,1882.8768310546875,0.0,0.0,1,-1.95,1882.8768310546875,0.0,0.0,1,-2.09,1882.8768310546875,0.0,0.0,1,-4.27,1882.8768310546875,0.0,0.0,1,10
ZINC000000072425,-0.15,1882.8768310546875,0.0,0.0,1,-0.41,1882.8768310546875,0.0,0.0,1,-0.72,1882.8768310546875,0.0,0.0,1,-0.83,1882.8768310546875,0.0,0.0,1,-0.87,1882.8768310546875,0.0,0.0,1,-1.18,1882.8768310546875,0.0,0.0,1,-2.05,1882.8768310546875,0.0,0.0,1,-2.22,1882.8768310546875,0.0,0.0,1,-2.25,1882.8768310546875,0.0,0.0,1,-1000.0,471.744140625,0.0,0.0,0,9
ZINC000000072465,-0.01,1882.8763427734373,2.593272390135529e-05,0.0,1,-0.2,1882.8757934570312,5.510703829037999e-05,0.0,1,-0.52,1882.8768310546875,0.0,0.0,1,-0.53,1882.8753051757808,8.103976219173528e-05,0.0,1,-0.6,1882.8741455078125,0.0001426299814574,0.0,1,-0.63,1882.8768310546875,0.0,0.0,1,-0.74,1882.8768310546875,0.0,0.0,1,-0.96,1882.8751220703125,9.076453365474352e-05,0.0,1,-2.41,1882.8748168945312,0.000106972486093,0.0,1,-3.08,1882.873504638672,0.0001766666815779,0.0,1,10
ZINC000000072469,-0.17,1882.8695068359373,0.0003889908585203,0.0,1,-0.31,1882.8699951171875,0.0003630581346189,0.0,1,-0.39,1882.869873046875,0.0003695413155943,0.0,1,-0.42,1882.8699951171875,0.0003630581346189,0.0,1,-0.48,1882.87045288086,0.0003387462059614,0.0,1,-0.48,1882.8695678710933,0.0003857492680326,0.0,1,-0.56,1882.8702392578125,0.0003500917726682,0.0,1,-0.75,1882.8729248046875,0.0002074617912108,0.0,1,-0.88,1882.8701171875,0.0003565749536436,0.0,1,-1.68,1882.8674926757808,0.0004959633446134,0.0,1,10
ZINC000000072552,-0.5,1882.8768310546875,0.0,0.0,1,-0.51,1882.8768310546875,0.0,0.0,1,-0.58,1882.876037597656,4.214067633970235e-05,0.0,1,-0.59,1882.8766479492188,9.724771463008234e-06,0.0,1,-0.64,1882.8768310546875,0.0,0.0,1,-0.97,1882.8768310546875,0.0,0.0,1,-1.38,1882.8760986328125,3.8899085852032936e-05,0.0,1,-1.7,1882.8753051757808,8.103976219173528e-05,0.0,1,-1.79,1882.8768310546875,0.0,0.0,1,-1.9,1882.8768310546875,0.0,0.0,1,10
ZINC000000072774,-0.08,1882.8727416992188,0.0002171865626738,0.0,1,-0.14,1882.8724365234373,0.0002333945151121,0.0,1,-0.17,1882.871826171875,0.0002658104199888,0.0,1,-0.24,1882.873291015625,0.0001880122482848,0.0,1,-0.32,1882.8715209960933,0.0002820183724272,0.0,1,-0.33,1882.8711853027344,0.0002998471201094,0.0,1,-0.71,1882.8729248046875,0.0002074617912108,0.0,1,-1.25,1882.8712768554688,0.0002949847343779,0.0,1,-1000.0,471.744140625,0.0,0.0,0,-1000.0,471.744140625,0.0,0.0,0,8
ZINC000000072785,-0.04,1882.8667602539065,0.0005348624304654,0.0,1,-0.73,1882.8715209960933,0.0002820183724272,0.0,1,-0.85,1882.8713989257808,0.0002885015534025,0.0,1,-0.88,1882.869140625,0.0004084404014463,0.0,1,-1.68,1882.8688354492188,0.0004246483538846,0.0,1,-2.14,1882.868927001953,0.0004197859681531,0.0,1,-2.91,1882.870849609375,0.0003176758677916,0.0,1,-3.14,1882.8683471679688,0.000450581077786,0.0,1,-3.31,1882.8716430664065,0.0002755351914518,0.0,1,-3.74,1882.8698425292969,0.0003711621108381,0.0,1,10
ZINC000000072970,-0.01,1882.8768310546875,0.0,0.0,1,-0.04,1882.8768310546875,0.0,0.0,1,-0.2,1882.8768310546875,0.0,0.0,1,-0.21,1882.8768310546875,0.0,0.0,1,-0.42,1882.8765869140625,1.2966361950677644e-05,0.0,1,-0.52,1882.8768310546875,0.0,0.0,1,-0.54,1882.8768310546875,0.0,0.0,1,-0.8,1882.876373291016,2.4311928657520587e-05,0.0,1,-0.84,1882.8761596679688,3.565749536436352e-05,0.0,1,-5.08,1882.8768310546875,0.0,0.0,1,10
ZINC000000073096,-0.49,1882.8710021972656,0.0003095718915724,0.0,1,-0.52,1882.8717651367188,0.0002690520104765,0.0,1,-0.59,1882.8708190917969,0.0003192966630354,0.0,1,-0.64,1882.8704223632808,0.0003403670012052,0.0,1,-0.71,1882.8706665039065,0.0003274006392546,0.0,1,-0.89,1882.869873046875,0.0003695413155943,0.0,1,-1.2,1882.873077392578,0.0001993578149916,0.0,1,-1.68,1882.8692932128904,0.0004003364252271,0.0,1,-1.89,1882.87255859375,0.0002269113341368,0.0,1,-1000.0,471.744140625,0.0,0.0,0,9
ZINC000000073257,0.06,1882.87451171875,0.0001231804385314,0.0,1,-0.11,1882.874084472656,0.0001458715719451,0.0,1,-0.11,1882.8744506835933,0.0001264220290191,0.0,1,-0.12,1882.872009277344,0.0002560856485258,0.0,1,-0.2,1882.8746948242188,0.0001134556670684,0.0,1,-0.29,1882.8759765625,4.538226682737176e-05,0.0,1,-1.49,1882.8741455078125,0.0001426299814574,0.0,1,-1.55,1882.873962402344,0.0001523547529204,0.0,1,-1.66,1882.873107910156,0.0001977370197478,0.0,1,-2.64,1882.8738403320312,0.0001588379338958,0.0,1,10
ZINC000000073319,-0.21,1882.8727416992188,0.0002171865626738,0.0,1,-0.27,1882.8722534179688,0.0002431192865752,0.0,1,-0.53,1882.8734130859373,0.0001815290673094,0.0,1,-0.58,1882.87158203125,0.0002787767819395,0.0,1,-0.7,1882.8731689453125,0.0001944954292601,0.0,1,-0.71,1882.8727416992188,0.0002171865626738,0.0,1,-1.09,1882.8746643066409,0.0001150764623122,0.0,1,-1.17,1882.872985839844,0.0002042202007231,0.0,1,-1.2,1882.872985839844,0.0002042202007231,0.0,1,-1.81,1882.8696899414065,0.0003792660870573,0.0,1,10
ZINC000000073365,-0.43,1882.869079589844,0.000411681991934,0.0,1,-0.72,1882.8704833984373,0.0003371254107176,0.0,1,-0.76,1882.8699951171875,0.0003630581346189,0.0,1,-0.85,1882.870178222656,0.0003533333631559,0.0,1,-1.08,1882.8684692382808,0.0004440978968107,0.0,1,-1.21,1882.8687133789065,0.00043113153486,0.0,1,-1.3,1882.8687133789065,0.00043113153486,0.0,1,-1.43,1882.867431640625,0.000499204935101,0.0,1,-1.58,1882.8678588867188,0.0004765138016874,0.0,1,-2.03,1882.8678588867188,0.0004765138016874,0.0,1,10
ZINC000000073486,-0.2,1882.8718872070312,0.0002625688295012,0.0,1,-0.43,1882.8720703125,0.0002528440580382,0.0,1,-0.47,1882.8724975585933,0.0002301529246245,0.0,1,-0.48,1882.871032714844,0.0003079510963285,0.0,1,-0.57,1882.8704223632808,0.0003403670012052,0.0,1,-0.65,1882.8707275390625,0.0003241590487669,0.0,1,-1.01,1882.8724975585933,0.0002301529246245,0.0,1,-1.32,1882.8680419921875,0.0004667890302243,0.0,1,-1.39,1882.868408203125,0.0004473394872983,0.0,1,-5.44,1882.87548828125,7.131499072872705e-05,0.0,1,10
ZINC000000073600,0.13,1882.8718872070312,0.0002625688295012,0.0,1,0.01,1882.8709716796875,0.0003111926868162,0.0,1,0.01,1882.8695068359373,0.0003889908585203,0.0,1,0.0,1882.870056152344,0.0003598165441313,0.0,1,-0.2,1882.870361328125,0.0003436085916929,0.0,1,-0.79,1882.870849609375,0.0003176758677916,0.0,1,-0.79,1882.8720703125,0.0002528440580382,0.0,1,-0.81,1882.870178222656,0.0003533333631559,0.0,1,-0.95,1882.8712768554688,0.0002949847343779,0.0,1,-1.18,1882.871826171875,0.0002658104199888,0.0,1,10
ZINC000000073666,-0.4,1882.8714599609373,0.0002852599629149,0.0,1,-0.47,1882.8704223632808,0.0003403670012052,0.0,1,-0.51,1882.86767578125,0.0004862385731504,0.0,1,-0.56,1882.868225097656,0.0004570642587613,0.0,1,-0.72,1882.8683471679688,0.000450581077786,0.0,1,-0.95,1882.8684692382808,0.0004440978968107,0.0,1,-0.97,1882.869079589844,0.000411681991934,0.0,1,-1.0,1882.870849609375,0.0003176758677916,0.0,1,-1.53,1882.868225097656,0.0004570642587613,0.0,1,-2.2,1882.869201660156,0.0004051988109586,0.0,1,10
ZINC000000073812,-0.37,1882.8733520507808,0.0001847706577971,0.0,1,-0.43,1882.872802734375,0.0002139449721861,0.0,1,-0.59,1882.8724365234373,0.0002333945151121,0.0,1,-0.94,1882.8732299804688,0.0001912538387724,0.0,1,-0.95,1882.873962402344,0.0001523547529204,0.0,1,-1.35,1882.873107910156,0.0001977370197478,0.0,1,-1.45,1882.872985839844,0.0002042202007231,0.0,1,-1.56,1882.8712768554688,0.0002949847343779,0.0,1,-1.78,1882.8712158203125,0.0002982263248655,0.0,1,-2.12,1882.8727416992188,0.0002171865626738,0.0,1,10
ZINC000000073814,-0.12,1882.8768310546875,0.0,0.0,1,-0.46,1882.8768310546875,0.0,0.0,1,-0.53,1882.8768310546875,0.0,0.0,1,-0.59,1882.8768310546875,0.0,0.0,1,-1.15,1882.8768310546875,0.0,0.0,1,-1.36,1882.8768310546875,0.0,0.0,1,-1.42,1882.8768310546875,0.0,0.0,1,-1.52,1882.8768310546875,0.0,0.0,1,-1.56,1882.8768310546875,0.0,0.0,1,-1.66,1882.8768310546875,0.0,0.0,1,10
ZINC000000073935,-0.43,1882.8768310546875,0.0,0.0,1,-0.49,1882.8768310546875,0.0,0.0,1,-0.55,1882.8768310546875,0.0,0.0,1,-0.9,1882.876495361328,1.782874768218176e-05,0.0,1,-1.41,1882.8768310546875,0.0,0.0,1,-1.97,1882.8767700195312,3.241590487669412e-06,0.0,1,-2.18,1882.8768310546875,0.0,0.0,1,-3.3,1882.8768310546875,0.0,0.0,1,-3.56,1882.87646484375,1.9449542926016468e-05,0.0,1,-3.7,1882.8768310546875,0.0,0.0,1,10
ZINC000000073942,-0.01,1882.8712768554688,0.0002949847343779,0.0,1,-0.16,1882.870849609375,0.0003176758677916,0.0,1,-0.35,1882.870849609375,0.0003176758677916,0.0,1,-0.53,1882.8724975585933,0.0002301529246245,0.0,1,-0.61,1882.871032714844,0.0003079510963285,0.0,1,-0.61,1882.8706665039065,0.0003274006392546,0.0,1,-0.66,1882.8706665039065,0.0003274006392546,0.0,1,-0.75,1882.86962890625,0.0003825076775449,0.0,1,-1.05,1882.873107910156,0.0001977370197478,0.0,1,-1.13,1882.8717651367188,0.0002690520104765,0.0,1,10
ZINC000000073960,-0.46,1882.8707885742188,0.0003209174582792,0.0,1,-0.51,1882.8709411621087,0.00031281348206,0.0,1,-0.7,1882.8706665039065,0.0003274006392546,0.0,1,-0.91,1882.8704223632808,0.0003403670012052,0.0,1,-1.12,1882.8702697753904,0.0003484709774244,0.0,1,-1.19,1882.8697814941409,0.0003744037013258,0.0,1,-1.81,1882.8721618652344,0.0002479816723067,0.0,1,-2.68,1882.869903564453,0.0003679205203504,0.0,1,-3.09,1882.8698120117188,0.0003727829060819,0.0,1,-4.94,1882.870513916016,0.0003355046154737,0.0,1,10
ZINC000000074079,-0.25,1882.8670654296875,0.0005186544780271,0.0,1,-0.35,1882.8668823242188,0.0005283792494901,0.0,1,-0.37,1882.867706298828,0.0004846177779065,0.0,1,-0.42,1882.8668823242188,0.0005283792494901,0.0,1,-0.45,1882.86654663086,0.0005462079971722,0.0,1,-0.63,1882.86654663086,0.0005462079971722,0.0,1,-1.26,1882.867218017578,0.0005105505018079,0.0,1,-3.77,1882.8654174804688,0.0006061774211941,0.0,1,-4.21,1882.864501953125,0.0006548012785092,0.0,1,-4.85,1882.8670654296875,0.0005186544780271,0.0,1,10
ZINC000000074141,-0.05,1882.8768310546875,0.0,0.0,1,-0.1,1882.8768310546875,0.0,0.0,1,-0.12,1882.8768310546875,0.0,0.0,1,-0.14,1882.876739501953,4.862385731504117e-06,0.0,1,-0.15,1882.8768310546875,0.0,0.0,1,-0.29,1882.8768310546875,0.0,0.0,1,-0.31,1882.8768310546875,0.0,0.0,1,-0.32,1882.8768310546875,0.0,0.0,1,-1.22,1882.8768310546875,0.0,0.0,1,-1.85,1882.8768310546875,0.0,0.0,1,10
ZINC000000074228,-0.55,1882.8698120117188,0.0003727829060819,0.0,1,-0.64,1882.870056152344,0.0003598165441313,0.0,1,-0.66,1882.870178222656,0.0003533333631559,0.0,1,-0.66,1882.8707885742188,0.0003209174582792,0.0,1,-0.68,1882.87060546875,0.0003306422297422,0.0,1,-0.72,1882.871032714844,0.0003079510963285,0.0,1,-0.78,1882.8717651367188,0.0002690520104765,0.0,1,-0.9,1882.8714599609373,0.0002852599629149,0.0,1,-1.04,1882.872528076172,0.0002285321293806,0.0,1,-1.57,1882.8719482421875,0.0002593272390135,0.0,1,10
ZINC000000074242,0.13,1882.868896484375,0.000421406763397,0.0,1,-0.12,1882.8693237304688,0.0003987156299833,0.0,1,-0.48,1882.8685302734373,0.000440856306323,0.0,1,-0.58,1882.8679809570312,0.000470030620712,0.0,1,-0.61,1882.8679809570312,0.000470030620712,0.0,1,-0.81,1882.8668212890625,0.0005316208399777,0.0,1,-0.99,1882.869873046875,0.0003695413155943,0.0,1,-1.45,1882.8687133789065,0.00043113153486,0.0,1,-1.79,1882.8677368164065,0.0004829969826627,0.0,1,-2.24,1882.869384765625,0.0003954740394956,0.0,1,10
ZINC000000074412,-0.26,1882.8768310546875,0.0,0.0,1,-0.46,1882.8768310546875,0.0,0.0,1,-0.58,1882.8768310546875,0.0,0.0,1,-0.65,1882.8768310546875,0.0,0.0,1,-0.76,1882.8768310546875,0.0,0.0,1,-1.08,1882.8768310546875,0.0,0.0,1,-1.14,1882.8768310546875,0.0,0.0,1,-1.96,1882.8768310546875,0.0,0.0,1,-2.29,1882.8768310546875,0.0,0.0,1,-2.31,1882.8768310546875,0.0,0.0,1,10
ZINC000000074423,0.09,1882.869201660156,0.0004051988109586,0.0,1,0.06,1882.8683471679688,0.000450581077786,0.0,1,0.05,1882.8687744140625,0.0004278899443723,0.0,1,-0.01,1882.8689575195312,0.0004181651729093,0.0,1,-0.01,1882.8687133789065,0.00043113153486,0.0,1,-0.02,1882.8685302734373,0.000440856306323,0.0,1,-0.03,1882.8687133789065,0.00043113153486,0.0,1,-0.07,1882.8685913085933,0.0004376147158353,0.0,1,-2.05,1882.868103027344,0.0004635474397367,0.0,1,-2.33,1882.868408203125,0.0004473394872983,0.0,1,10
ZINC000000074434,-0.23,1882.8768310546875,0.0,0.0,1,-0.25,1882.8768310546875,0.0,0.0,1,-0.26,1882.8768310546875,0.0,0.0,1,-0.41,1882.8768310546875,0.0,0.0,1,-0.44,1882.8768310546875,0.0,0.0,1,-0.45,1882.8768310546875,0.0,0.0,1,-0.45,1882.8768310546875,0.0,0.0,1,-0.82,1882.8768310546875,0.0,0.0,1,-2.33,1882.8768310546875,0.0,0.0,1,-3.22,1882.8768310546875,0.0,0.0,1,10
ZINC000000074567,-0.11,1882.869873046875,0.0003695413155943,0.0,1,-0.18,1882.8709716796875,0.0003111926868162,0.0,1,-0.35,1882.8694458007808,0.0003922324490079,0.0,1,-0.45,1882.8714599609373,0.0002852599629149,0.0,1,-0.62,1882.8703918457031,0.0003419877964491,0.0,1,-0.63,1882.869537353516,0.0003873700632764,0.0,1,-1.16,1882.8709411621087,0.00031281348206,0.0,1,-1.18,1882.8717346191409,0.0002706728057203,0.0,1,-1.33,1882.869659423828,0.0003808868823011,0.0,1,-1.39,1882.8698425292969,0.0003711621108381,0.0,1,10
ZINC000000074584,-0.02,1882.8719482421875,0.0002593272390135,0.0,1,-0.03,1882.87109375,0.0003047095058409,0.0,1,-0.11,1882.871856689453,0.000264189624745,0.0,1,-0.13,1882.8727722167969,0.00021556576743,0.0,1,-0.3,1882.8706665039065,0.0003274006392546,0.0,1,-0.42,1882.8713073730469,0.000293363939134,0.0,1,-0.57,1882.87240600586,0.000235015310356,0.0,1,-0.69,1882.8717651367188,0.0002690520104765,0.0,1,-0.79,1882.873504638672,0.0001766666815779,0.0,1,-2.76,1882.8712158203125,0.0002982263248655,0.0,1,10
ZINC000000074725,-0.6,1882.8740234375,0.0001491131624327,0.0,1,-0.95,1882.87338256836,0.0001831498625533,0.0,1,-0.97,1882.8757934570312,5.510703829037999e-05,0.0,1,-1.06,1882.8736267089844,0.0001701835006026,0.0,1,-1.07,1882.8744506835933,0.0001264220290191,0.0,1,-1.18,1882.8755493164065,6.807340024105763e-05,0.0,1,-1.26,1882.8741455078125,0.0001426299814574,0.0,1,-1.91,1882.8746643066409,0.0001150764623122,0.0,1,-2.66,1882.8747253417969,0.0001118348718245,0.0,1,-2.85,1882.8753051757808,8.103976219173528e-05,0.0,1,10
ZINC000000074740,-0.75,1882.8699951171875,0.0003630581346189,0.0,1,-0.81,1882.8703002929688,0.0003468501821806,0.0,1,-0.86,1882.8717346191409,0.0002706728057203,0.0,1,-0.93,1882.8713989257808,0.0002885015534025,0.0,1,-1.01,1882.870849609375,0.0003176758677916,0.0,1,-1.06,1882.8707580566409,0.0003225382535231,0.0,1,-1.15,1882.8724365234373,0.0002333945151121,0.0,1,-1.3,1882.869201660156,0.0004051988109586,0.0,1,-1.33,1882.871612548828,0.0002771559866957,0.0,1,-3.39,1882.870635986328,0.0003290214344984,0.0,1,10
ZINC000000074790,-0.02,1882.8748474121087,0.0001053516908492,0.0,1,-0.21,1882.87533569336,7.941896694790058e-05,0.0,1,-0.25,1882.873046875,0.0002009786102355,0.0,1,-0.65,1882.8723754882808,0.0002366361055998,0.0,1,-1.01,1882.8763427734373,2.593272390135529e-05,0.0,1,-1.89,1882.8761901855469,3.4036700120528816e-05,0.0,1,-2.06,1882.8727111816409,0.0002188073579176,0.0,1,-2.29,1882.8760986328125,3.8899085852032936e-05,0.0,1,-2.66,1882.8762817382808,2.91743143890247e-05,0.0,1,-5.42,1882.8746948242188,0.0001134556670684,0.0,1,10
ZINC000000074860,-0.6,1882.8693237304688,0.0003987156299833,0.0,1,-0.62,1882.8683471679688,0.000450581077786,0.0,1,-0.67,1882.8685302734373,0.000440856306323,0.0,1,-0.75,1882.8683471679688,0.000450581077786,0.0,1,-0.93,1882.8699951171875,0.0003630581346189,0.0,1,-1.04,1882.8668823242188,0.0005283792494901,0.0,1,-1.06,1882.8690185546875,0.0004149235824216,0.0,1,-1.08,1882.8663330078125,0.0005575535638791,0.0,1,-1.12,1882.8657836914065,0.0005867278782681,0.0,1,-1.28,1882.8683471679688,0.000450581077786,0.0,1,10
ZINC000000074916,-0.51,1882.8658447265625,0.0005834862877804,0.0,1,-0.58,1882.868408203125,0.0004473394872983,0.0,1,-0.82,1882.8662109375,0.0005640367448544,0.0,1,-0.86,1882.8648681640625,0.0006353517355832,0.0,1,-0.93,1882.865966796875,0.0005770031068051,0.0,1,-0.98,1882.8658447265625,0.0005834862877804,0.0,1,-0.99,1882.8668823242188,0.0005283792494901,0.0,1,-1.1,1882.8670043945312,0.0005218960685147,0.0,1,-1.1,1882.8658447265625,0.0005834862877804,0.0,1,-1.14,1882.864501953125,0.0006548012785092,0.0,1,10
ZINC000000075239,-0.51,1882.869140625,0.0004084404014463,0.0,1,-0.52,1882.8693237304688,0.0003987156299833,0.0,1,-0.59,1882.8697509765625,0.0003760244965696,0.0,1,-0.61,1882.8692626953125,0.000401957220471,0.0,1,-0.68,1882.8685302734373,0.000440856306323,0.0,1,-0.8,1882.8695678710933,0.0003857492680326,0.0,1,-0.85,1882.8692626953125,0.000401957220471,0.0,1,-1.24,1882.8693237304688,0.0003987156299833,0.0,1,-2.43,1882.8685913085933,0.0004376147158353,0.0,1,-5.6,1882.8677978515625,0.000479755392175,0.0,1,10
ZINC000000075309,-0.18,1882.865173339844,0.0006191437831448,0.0,1,-0.49,1882.8677368164065,0.0004829969826627,0.0,1,-0.51,1882.8670043945312,0.0005218960685147,0.0,1,-0.58,1882.8666381835933,0.0005413456114407,0.0,1,-0.61,1882.8655395507808,0.0005996942402188,0.0,1,-0.64,1882.8674926757808,0.0004959633446134,0.0,1,-0.69,1882.8674926757808,0.0004959633446134,0.0,1,-0.79,1882.8674926757808,0.0004959633446134,0.0,1,-0.85,1882.86669921875,0.0005381040209531,0.0,1,-0.87,1882.8665161132808,0.0005478287924161,0.0,1,10
ZINC000000075515,-0.46,1882.8682861328125,0.0004538226682737,0.0,1,-0.61,1882.866149902344,0.0005672783353421,0.0,1,-0.69,1882.8673095703125,0.0005056881160764,0.0,1,-0.8,1882.86669921875,0.0005381040209531,0.0,1,-1.06,1882.867431640625,0.000499204935101,0.0,1,-1.07,1882.868103027344,0.0004635474397367,0.0,1,-1.07,1882.86572265625,0.0005899694687558,0.0,1,-1.12,1882.86767578125,0.0004862385731504,0.0,1,-1.13,1882.8665771484373,0.0005445872019284,0.0,1,-2.92,1882.8676147460933,0.000489480163638,0.0,1,10
ZINC000000075677,-0.74,1882.8731384277344,0.0001961162245039,0.0,1,-0.85,1882.8722534179688,0.0002431192865752,0.0,1,-1.24,1882.873565673828,0.0001734250910903,0.0,1,-1.26,1882.8722229003904,0.000244740081819,0.0,1,-1.39,1882.871856689453,0.000264189624745,0.0,1,-1.51,1882.871337890625,0.0002917431438902,0.0,1,-1.55,1882.873504638672,0.0001766666815779,0.0,1,-1.94,1882.8731994628904,0.0001928746340163,0.0,1,-2.32,1882.8723449707031,0.0002382569008437,0.0,1,-2.37,1882.8728942871087,0.0002090825864546,0.0,1,10
ZINC000000075698,-0.59,1882.8738403320312,0.0001588379338958,0.0,1,-0.61,1882.8728637695312,0.0002107033816985,0.0,1,-0.66,1882.8719482421875,0.0002593272390135,0.0,1,-0.91,1882.8720703125,0.0002528440580382,0.0,1,-0.96,1882.8722534179688,0.0002431192865752,0.0,1,-0.96,1882.873779296875,0.0001620795243834,0.0,1,-1.07,1882.8734741210933,0.0001782874768218,0.0,1,-1.26,1882.8726196289065,0.0002236697436491,0.0,1,-1.31,1882.873291015625,0.0001880122482848,0.0,1,-1.44,1882.873291015625,0.0001880122482848,0.0,1,10
ZINC000000075890,-0.58,1882.8768310546875,0.0,0.0,1,-0.6,1882.8768310546875,0.0,0.0,1,-0.63,1882.8768310546875,0.0,0.0,1,-0.63,1882.8768310546875,0.0,0.0,1,-0.67,1882.8768310546875,0.0,0.0,1,-0.85,1882.8768310546875,0.0,0.0,1,-0.93,1882.8768310546875,0.0,0.0,1,-0.96,1882.8768310546875,0.0,0.0,1,-1.34,1882.8768310546875,0.0,0.0,1,-1.85,1882.8768310546875,0.0,0.0,1,10
ZINC000000075942,-1.37,1882.871154785156,0.0003014679153532,0.0,1,-1.4,1882.870880126953,0.0003160550725477,0.0,1,-1.51,1882.8720703125,0.0002528440580382,0.0,1,-1.68,1882.8713989257808,0.0002885015534025,0.0,1,-1.69,1882.872100830078,0.0002512232627943,0.0,1,-1.73,1882.8713073730469,0.000293363939134,0.0,1,-2.06,1882.875244140625,8.42813526794047e-05,0.0,1,-2.06,1882.8716430664065,0.0002755351914518,0.0,1,-2.06,1882.8716430664065,0.0002755351914518,0.0,1,-4.02,1882.873565673828,0.0001734250910903,0.0,1,10
ZINC000000075957,-0.34,1882.867706298828,0.0004846177779065,0.0,1,-0.46,1882.8668518066409,0.0005300000447339,0.0,1,-0.52,1882.87158203125,0.0002787767819395,0.0,1,-0.65,1882.866149902344,0.0005672783353421,0.0,1,-0.67,1882.8670654296875,0.0005186544780271,0.0,1,-0.71,1882.8703308105469,0.0003452293869367,0.0,1,-0.72,1882.8709716796875,0.0003111926868162,0.0,1,-1.13,1882.8674621582031,0.0004975841398572,0.0,1,-1.56,1882.869079589844,0.000411681991934,0.0,1,-1.74,1882.8698120117188,0.0003727829060819,0.0,1,10
ZINC000000076010,-0.03,1882.8712463378904,0.0002966055296217,0.0,1,-0.13,1882.870361328125,0.0003436085916929,0.0,1,-0.22,1882.8718872070312,0.0002625688295012,0.0,1,-0.27,1882.8713989257808,0.0002885015534025,0.0,1,-0.43,1882.870178222656,0.0003533333631559,0.0,1,-0.61,1882.86962890625,0.0003825076775449,0.0,1,-0.8,1882.874084472656,0.0001458715719451,0.0,1,-0.83,1882.8713073730469,0.000293363939134,0.0,1,-0.85,1882.871124267578,0.000303088710597,0.0,1,-1.14,1882.872131347656,0.0002496024675505,0.0,1,10
ZINC000000076372,-0.12,1882.8716430664065,0.0002755351914518,0.0,1,-0.14,1882.8685913085933,0.0004376147158353,0.0,1,-0.15,1882.868408203125,0.0004473394872983,0.0,1,-0.16,1882.8663940429688,0.0005543119733914,0.0,1,-0.24,1882.8706665039065,0.0003274006392546,0.0,1,-0.24,1882.868896484375,0.000421406763397,0.0,1,-0.25,1882.871032714844,0.0003079510963285,0.0,1,-0.48,1882.8685302734373,0.000440856306323,0.0,1,-0.93,1882.8699340820312,0.0003662997251066,0.0,1,-0.97,1882.8696899414065,0.0003792660870573,0.0,1,10
ZINC000000076417,-1.19,1882.8692626953125,0.000401957220471,0.0,1,-1.39,1882.8704833984373,0.0003371254107176,0.0,1,-1.46,1882.871337890625,0.0002917431438902,0.0,1,-1.55,1882.8708190917969,0.0003192966630354,0.0,1,-1.57,1882.8718872070312,0.0002625688295012,0.0,1,-1.58,1882.869873046875,0.0003695413155943,0.0,1,-1.68,1882.871124267578,0.000303088710597,0.0,1,-1.91,1882.8693542480469,0.0003970948347395,0.0,1,-2.25,1882.869903564453,0.0003679205203504,0.0,1,-2.5,1882.8693542480469,0.0003970948347395,0.0,1,10
ZINC000000076423,0.11,1882.8651123046875,0.0006223853736325,0.0,1,0.09,1882.8656005859373,0.0005964526497311,0.0,1,0.06,1882.864501953125,0.0006548012785092,0.0,1,-0.62,1882.865478515625,0.0006029358307065,0.0,1,-0.72,1882.8665161132808,0.0005478287924161,0.0,1,-0.82,1882.866729736328,0.0005364832257092,0.0,1,-1.05,1882.8668823242188,0.0005283792494901,0.0,1,-1.48,1882.8665161132808,0.0005478287924161,0.0,1,-2.6,1882.8646850585933,0.0006450765070462,0.0,1,-3.38,1882.86474609375,0.0006418349165585,0.0,1,10
ZINC000000076574,-0.23,1882.867431640625,0.000499204935101,0.0,1,-0.53,1882.8667602539065,0.0005348624304654,0.0,1,-0.54,1882.8679809570312,0.000470030620712,0.0,1,-0.78,1882.8690185546875,0.0004149235824216,0.0,1,-0.91,1882.8670043945312,0.0005218960685147,0.0,1,-0.98,1882.8683471679688,0.000450581077786,0.0,1,-1.01,1882.8695068359373,0.0003889908585203,0.0,1,-1.21,1882.8685913085933,0.0004376147158353,0.0,1,-1.35,1882.867431640625,0.000499204935101,0.0,1,-1.38,1882.86767578125,0.0004862385731504,0.0,1,10
ZINC000000076928,-0.42,1882.872985839844,0.0002042202007231,0.0,1,-0.67,1882.874084472656,0.0001458715719451,0.0,1,-0.69,1882.8743896484373,0.0001296636195067,0.0,1,-0.76,1882.8742065429688,0.0001393883909697,0.0,1,-0.83,1882.8728637695312,0.0002107033816985,0.0,1,-0.86,1882.8717651367188,0.0002690520104765,0.0,1,-0.9,1882.8723754882808,0.0002366361055998,0.0,1,-1.01,1882.8726806640625,0.0002204281531615,0.0,1,-1.07,1882.8724365234373,0.0002333945151121,0.0,1,-1.53,1882.87060546875,0.0003306422297422,0.0,1,10
ZINC000000076967,-0.02,1882.8694458007808,0.0003922324490079,0.0,1,-0.3,1882.8673095703125,0.0005056881160764,0.0,1,-0.32,1882.865173339844,0.0006191437831448,0.0,1,-0.41,1882.867248535156,0.000508929706564,0.0,1,-0.46,1882.8656005859373,0.0005964526497311,0.0,1,-0.47,1882.867248535156,0.000508929706564,0.0,1,-0.56,1882.8671875,0.0005121712970517,0.0,1,-0.61,1882.8663330078125,0.0005575535638791,0.0,1,-1.08,1882.867126464844,0.0005154128875394,0.0,1,-1.34,1882.8679809570312,0.000470030620712,0.0,1,10
ZINC000000077038,-0.44,1882.8678588867188,0.0004765138016874,0.0,1,-0.64,1882.8666381835933,0.0005413456114407,0.0,1,-0.69,1882.8681640625,0.000460305849249,0.0,1,-0.75,1882.8673706054688,0.0005024465255887,0.0,1,-0.84,1882.8670654296875,0.0005186544780271,0.0,1,-0.84,1882.8678588867188,0.0004765138016874,0.0,1,-0.93,1882.867431640625,0.000499204935101,0.0,1,-0.99,1882.86669921875,0.0005381040209531,0.0,1,-3.07,1882.866149902344,0.0005672783353421,0.0,1,-1000.0,471.744140625,0.0,0.0,0,9
ZINC000000077051,-0.27,1882.8726806640625,0.0002204281531615,0.0,1,-0.38,1882.8707275390625,0.0003241590487669,0.0,1,-0.58,1882.871154785156,0.0003014679153532,0.0,1,-0.97,1882.8717651367188,0.0002690520104765,0.0,1,-1.16,1882.8709106445312,0.0003144342773039,0.0,1,-1.29,1882.8727416992188,0.0002171865626738,0.0,1,-1.33,1882.872009277344,0.0002560856485258,0.0,1,-1.59,1882.870635986328,0.0003290214344984,0.0,1,-2.01,1882.8720397949216,0.000254464853282,0.0,1,-2.69,1882.871551513672,0.0002803975771834,0.0,1,10
ZINC000000077527,-0.4,1882.8768310546875,0.0,0.0,1,-0.42,1882.8768310546875,0.0,0.0,1,-0.51,1882.8768310546875,0.0,0.0,1,-1.1,1882.8768310546875,0.0,0.0,1,-1.11,1882.8768310546875,0.0,0.0,1,-1.14,1882.8768310546875,0.0,0.0,1,-1.39,1882.8768310546875,0.0,0.0,1,-1.58,1882.8768310546875,0.0,0.0,1,-3.27,1882.8768310546875,0.0,0.0,1,-3.52,1882.8768310546875,0.0,0.0,1,10
ZINC000000077589,-0.47,1882.8768310546875,0.0,0.0,1,-0.61,1882.875061035156,9.400612414241292e-05,0.0,1,-0.71,1882.8768310546875,0.0,0.0,1,-0.71,1882.8768310546875,0.0,0.0,1,-0.82,1882.876007080078,4.376147158353705e-05,0.0,1,-1.04,1882.8755798339844,6.645260499722293e-05,0.0,1,-1.17,1882.8768310546875,0.0,0.0,1,-1.25,1882.874420166016,0.0001280428242629,0.0,1,-2.22,1882.8768310546875,0.0,0.0,1,-2.63,1882.8768310546875,0.0,0.0,1,10
ZINC000000077714,-0.32,1882.8707580566409,0.0003225382535231,0.0,1,-0.58,1882.869873046875,0.0003695413155943,0.0,1,-0.62,1882.8697814941409,0.0003744037013258,0.0,1,-0.74,1882.8703308105469,0.0003452293869367,0.0,1,-0.75,1882.8702392578125,0.0003500917726682,0.0,1,-0.85,1882.8716735839844,0.000273914396208,0.0,1,-0.89,1882.8695068359373,0.0003889908585203,0.0,1,-0.95,1882.8698425292969,0.0003711621108381,0.0,1,-2.09,1882.8685913085933,0.0004376147158353,0.0,1,-2.12,1882.869598388672,0.0003841284727888,0.0,1,10
ZINC000000077808,0.2,1882.8768310546875,0.0,0.0,1,-0.38,1882.8768310546875,0.0,0.0,1,-0.41,1882.8768310546875,0.0,0.0,1,-0.56,1882.8768310546875,0.0,0.0,1,-0.6,1882.8768310546875,0.0,0.0,1,-0.6,1882.8768310546875,0.0,0.0,1,-0.6,1882.8768310546875,0.0,0.0,1,-0.65,1882.8768310546875,0.0,0.0,1,-0.8,1882.8768310546875,0.0,0.0,1,-1.3,1882.8768310546875,0.0,0.0,1,10
ZINC000000078032,-0.29,1882.869171142578,0.0004068196062025,0.0,1,-0.52,1882.8704833984373,0.0003371254107176,0.0,1,-0.7,1882.8707885742188,0.0003209174582792,0.0,1,-0.86,1882.8701171875,0.0003565749536436,0.0,1,-0.95,1882.870056152344,0.0003598165441313,0.0,1,-1.0,1882.8702087402344,0.0003517125679121,0.0,1,-1.01,1882.8710632324216,0.0003063303010847,0.0,1,-1.18,1882.8697814941409,0.0003744037013258,0.0,1,-1.84,1882.8716430664065,0.0002755351914518,0.0,1,-3.37,1882.8704223632808,0.0003403670012052,0.0,1,10
ZINC000000078329,-0.84,1882.8678283691409,0.0004781345969312,0.0,1,-0.93,1882.8683776855469,0.0004489602825422,0.0,1,-1.45,1882.8667907714844,0.0005332416352216,0.0,1,-1.63,1882.8667907714844,0.0005332416352216,0.0,1,-1.84,1882.8670959472656,0.0005170336827832,0.0,1,-1.86,1882.8670654296875,0.0005186544780271,0.0,1,-1.92,1882.8669128417969,0.0005267584542462,0.0,1,-1.92,1882.8658752441409,0.0005818654925366,0.0,1,-1.94,1882.8667602539065,0.0005348624304654,0.0,1,-5.64,1882.8665161132808,0.0005478287924161,0.0,1,10
ZINC000000078558,-0.25,1882.8768310546875,0.0,0.0,1,-0.27,1882.8768310546875,0.0,0.0,1,-0.27,1882.8768310546875,0.0,0.0,1,-0.41,1882.8768310546875,0.0,0.0,1,-1.28,1882.8768310546875,0.0,0.0,1,-1.37,1882.8768310546875,0.0,0.0,1,-1.46,1882.8768310546875,0.0,0.0,1,-1.58,1882.8768310546875,0.0,0.0,1,-1.66,1882.8768310546875,0.0,0.0,1,-2.05,1882.8768310546875,0.0,0.0,1,10
ZINC000000078625,-0.27,1882.874084472656,0.0001458715719451,0.0,1,-0.44,1882.8733520507808,0.0001847706577971,0.0,1,-0.53,1882.872314453125,0.0002398776960875,0.0,1,-0.66,1882.8762817382808,2.91743143890247e-05,0.0,1,-0.89,1882.8727416992188,0.0002171865626738,0.0,1,-1.39,1882.874786376953,0.0001085932813369,0.0,1,-1.54,1882.874420166016,0.0001280428242629,0.0,1,-1.62,1882.8738403320312,0.0001588379338958,0.0,1,-1.9,1882.8742065429688,0.0001393883909697,0.0,1,-2.73,1882.872802734375,0.0002139449721861,0.0,1,10
ZINC000000078691,-0.25,1882.8716430664065,0.0002755351914518,0.0,1,-0.38,1882.871032714844,0.0003079510963285,0.0,1,-0.4,1882.87060546875,0.0003306422297422,0.0,1,-0.41,1882.87060546875,0.0003306422297422,0.0,1,-0.56,1882.8705444335933,0.0003338838202299,0.0,1,-1.07,1882.8716430664065,0.0002755351914518,0.0,1,-1.27,1882.8715209960933,0.0002820183724272,0.0,1,-1.6,1882.871826171875,0.0002658104199888,0.0,1,-2.63,1882.8713989257808,0.0002885015534025,0.0,1,-3.05,1882.8698120117188,0.0003727829060819,0.0,1,10
ZINC000000078774,-0.17,1882.8629455566409,0.0007374618359447,0.0,1,-0.53,1882.865753173828,0.0005883486735119,0.0,1,-0.55,1882.8650817871087,0.0006240061688763,0.0,1,-0.56,1882.865478515625,0.0006029358307065,0.0,1,-0.59,1882.8659057617188,0.0005802446972928,0.0,1,-0.66,1882.8656616210933,0.0005932110592435,0.0,1,-0.69,1882.8649291992188,0.0006321101450955,0.0,1,-0.73,1882.864715576172,0.0006434557118023,0.0,1,-0.93,1882.8629760742188,0.0007358410407009,0.0,1,-1.23,1882.864990234375,0.0006288685546078,0.0,1,10
ZINC000000079030,-0.39,1882.8665771484373,0.0005445872019284,0.0,1,-0.66,1882.8667602539065,0.0005348624304654,0.0,1,-0.68,1882.8668212890625,0.0005316208399777,0.0,1,-0.72,1882.86669921875,0.0005381040209531,0.0,1,-0.82,1882.8663330078125,0.0005575535638791,0.0,1,-0.92,1882.86669921875,0.0005381040209531,0.0,1,-1.08,1882.8673706054688,0.0005024465255887,0.0,1,-1.35,1882.86669921875,0.0005381040209531,0.0,1,-2.01,1882.865997314453,0.0005753823115613,0.0,1,-2.13,1882.8657836914065,0.0005867278782681,0.0,1,10
ZINC000000079142,-0.39,1882.875,9.724771463008236e-05,0.0,1,-0.41,1882.874755859375,0.0001102140765807,0.0,1,-0.72,1882.8755493164065,6.807340024105763e-05,0.0,1,-0.81,1882.875061035156,9.400612414241292e-05,0.0,1,-0.96,1882.876220703125,3.241590487669411e-05,0.0,1,-1.07,1882.87451171875,0.0001231804385314,0.0,1,-1.1,1882.873962402344,0.0001523547529204,0.0,1,-1.23,1882.873779296875,0.0001620795243834,0.0,1,-1.24,1882.874267578125,0.0001361468004821,0.0,1,-3.11,1882.87548828125,7.131499072872705e-05,0.0,1,10
ZINC000000079211,-1.08,1882.871490478516,0.000283639167671,0.0,1,-1.12,1882.8707885742188,0.0003209174582792,0.0,1,-1.29,1882.870574951172,0.0003322630249861,0.0,1,-1.3,1882.8703918457031,0.0003419877964491,0.0,1,-1.35,1882.8717651367188,0.0002690520104765,0.0,1,-1.55,1882.8713989257808,0.0002885015534025,0.0,1,-1.56,1882.8705444335933,0.0003338838202299,0.0,1,-1.74,1882.8731384277344,0.0001961162245039,0.0,1,-1.95,1882.8710021972656,0.0003095718915724,0.0,1,-2.11,1882.8721923828125,0.0002463608770628,0.0,1,10
ZINC000000079225,0.71,1882.8724365234373,0.0002333945151121,0.0,1,0.01,1882.874084472656,0.0001458715719451,0.0,1,-0.01,1882.8733520507808,0.0001847706577971,0.0,1,-0.08,1882.874267578125,0.0001361468004821,0.0,1,-0.36,1882.8737182617188,0.0001653211148711,0.0,1,-0.94,1882.8739013671875,0.0001555963434081,0.0,1,-0.96,1882.8734130859373,0.0001815290673094,0.0,1,-1.22,1882.8733520507808,0.0001847706577971,0.0,1,-1.57,1882.8739013671875,0.0001555963434081,0.0,1,-5.74,1882.8741455078125,0.0001426299814574,0.0,1,10
ZINC000000079336,-0.29,1882.8768310546875,0.0,0.0,1,-0.39,1882.8768310546875,0.0,0.0,1,-0.47,1882.8768310546875,0.0,0.0,1,-0.5,1882.8768310546875,0.0,0.0,1,-0.52,1882.8768310546875,0.0,0.0,1,-0.6,1882.8768310546875,0.0,0.0,1,-0.72,1882.8768310546875,0.0,0.0,1,-0.84,1882.8768310546875,0.0,0.0,1,-1.09,1882.8768310546875,0.0,0.0,1,-1.63,1882.8768310546875,0.0,0.0,1,10
ZINC000000079370,-0.13,1882.8768310546875,0.0,0.0,1,-0.19,1882.8768310546875,0.0,0.0,1,-0.27,1882.8768310546875,0.0,0.0,1,-0.28,1882.8768310546875,0.0,0.0,1,-0.41,1882.8768310546875,0.0,0.0,1,-0.49,1882.8768310546875,0.0,0.0,1,-0.5,1882.8768310546875,0.0,0.0,1,-0.69,1882.8768310546875,0.0,0.0,1,-1.5,1882.8768310546875,0.0,0.0,1,-1.85,1882.8768310546875,0.0,0.0,1,10
ZINC000000079766,-0.29,1882.8717651367188,0.0002690520104765,0.0,1,-0.36,1882.8721923828125,0.0002463608770628,0.0,1,-0.38,1882.8719482421875,0.0002593272390135,0.0,1,-0.4,1882.8717651367188,0.0002690520104765,0.0,1,-0.6,1882.8717651367188,0.0002690520104765,0.0,1,-0.71,1882.870849609375,0.0003176758677916,0.0,1,-1.12,1882.8729248046875,0.0002074617912108,0.0,1,-1.21,1882.8709106445312,0.0003144342773039,0.0,1,-1.94,1882.8716430664065,0.0002755351914518,0.0,1,-2.16,1882.870849609375,0.0003176758677916,0.0,1,10
ZINC000000079948,-1.05,1882.869140625,0.0004084404014463,0.0,1,-1.12,1882.8694458007808,0.0003922324490079,0.0,1,-1.17,1882.8711853027344,0.0002998471201094,0.0,1,-1.18,1882.8697509765625,0.0003760244965696,0.0,1,-1.62,1882.8710021972656,0.0003095718915724,0.0,1,-1.7,1882.8703918457031,0.0003419877964491,0.0,1,-2.33,1882.868682861328,0.0004327523301038,0.0,1,-2.88,1882.867248535156,0.000508929706564,0.0,1,-3.74,1882.86962890625,0.0003825076775449,0.0,1,-3.8,1882.867919921875,0.0004732722111997,0.0,1,10
ZINC000000080041,-0.12,1882.869873046875,0.0003695413155943,0.0,1,-0.26,1882.870849609375,0.0003176758677916,0.0,1,-0.61,1882.8704223632808,0.0003403670012052,0.0,1,-0.67,1882.869873046875,0.0003695413155943,0.0,1,-0.67,1882.8701171875,0.0003565749536436,0.0,1,-0.72,1882.8687133789065,0.00043113153486,0.0,1,-0.97,1882.87158203125,0.0002787767819395,0.0,1,-1.65,1882.8706665039065,0.0003274006392546,0.0,1,-1.86,1882.870361328125,0.0003436085916929,0.0,1,-2.43,1882.8694152832031,0.0003938532442518,0.0,1,10
ZINC000000080051,0.28,1882.871490478516,0.000283639167671,0.0,1,-0.03,1882.8704223632808,0.0003403670012052,0.0,1,-0.13,1882.870056152344,0.0003598165441313,0.0,1,-1.48,1882.8721618652344,0.0002479816723067,0.0,1,-1.6,1882.8717651367188,0.0002690520104765,0.0,1,-1.62,1882.8721618652344,0.0002479816723067,0.0,1,-1.73,1882.8687133789065,0.00043113153486,0.0,1,-2.11,1882.8726806640625,0.0002204281531615,0.0,1,-2.28,1882.87109375,0.0003047095058409,0.0,1,-2.51,1882.871032714844,0.0003079510963285,0.0,1,10
ZINC000000080266,-0.66,1882.874755859375,0.0001102140765807,0.0,1,-0.95,1882.8728637695312,0.0002107033816985,0.0,1,-1.02,1882.8743286132808,0.0001329052099944,0.0,1,-1.02,1882.8737182617188,0.0001653211148711,0.0,1,-1.14,1882.8754272460933,7.455658121639646e-05,0.0,1,-1.41,1882.8768310546875,0.0,0.0,1,-1.48,1882.8765258789065,1.6207952438347055e-05,0.0,1,-1.54,1882.8748168945312,0.000106972486093,0.0,1,-2.17,1882.8766479492188,9.724771463008234e-06,0.0,1,-2.6,1882.876037597656,4.214067633970235e-05,0.0,1,10
ZINC000000080512,-0.19,1882.8694458007808,0.0003922324490079,0.0,1,-0.26,1882.872009277344,0.0002560856485258,0.0,1,-0.46,1882.870056152344,0.0003598165441313,0.0,1,-0.46,1882.87060546875,0.0003306422297422,0.0,1,-0.49,1882.8714599609373,0.0002852599629149,0.0,1,-0.6,1882.8699951171875,0.0003630581346189,0.0,1,-0.88,1882.8699340820312,0.0003662997251066,0.0,1,-0.97,1882.8719482421875,0.0002593272390135,0.0,1,-1.25,1882.868408203125,0.0004473394872983,0.0,1,-1.26,1882.871154785156,0.0003014679153532,0.0,1,10
ZINC000000080717,-0.39,1882.8766479492188,9.724771463008234e-06,0.0,1,-0.44,1882.8768310546875,0.0,0.0,1,-0.47,1882.87646484375,1.9449542926016468e-05,0.0,1,-0.55,1882.8743896484373,0.0001296636195067,0.0,1,-0.65,1882.8768310546875,0.0,0.0,1,-0.83,1882.8768310546875,0.0,0.0,1,-0.95,1882.8768310546875,0.0,0.0,1,-1.44,1882.8768310546875,0.0,0.0,1,-2.22,1882.8761596679688,3.565749536436352e-05,0.0,1,-2.54,1882.876708984375,6.483180975338823e-06,0.0,1,10
ZINC000000080778,0.2,1882.87060546875,0.0003306422297422,0.0,1,0.08,1882.8712768554688,0.0002949847343779,0.0,1,-0.28,1882.871337890625,0.0002917431438902,0.0,1,-0.28,1882.8699340820312,0.0003662997251066,0.0,1,-0.51,1882.87109375,0.0003047095058409,0.0,1,-1.11,1882.8709716796875,0.0003111926868162,0.0,1,-1.16,1882.8707885742188,0.0003209174582792,0.0,1,-1.88,1882.869384765625,0.0003954740394956,0.0,1,-2.09,1882.8699340820312,0.0003662997251066,0.0,1,-2.53,1882.870849609375,0.0003176758677916,0.0,1,10
ZINC000000080797,-0.24,1882.876739501953,4.862385731504117e-06,0.0,1,-0.34,1882.8758850097656,5.024465255887588e-05,0.0,1,-0.34,1882.8768310546875,0.0,0.0,1,-0.4,1882.8761596679688,3.565749536436352e-05,0.0,1,-0.47,1882.8764038085933,2.269113341368588e-05,0.0,1,-0.61,1882.8762817382808,2.91743143890247e-05,0.0,1,-1.13,1882.8761291503904,3.727829060819823e-05,0.0,1,-1.49,1882.8754272460933,7.455658121639646e-05,0.0,1,-1.69,1882.8752746582031,8.266055743556999e-05,0.0,1,-1.79,1882.8755493164065,6.807340024105763e-05,0.0,1,10
ZINC000000080867,-0.5,1882.8707275390625,0.0003241590487669,0.0,1,-0.56,1882.8701171875,0.0003565749536436,0.0,1,-0.57,1882.8713989257808,0.0002885015534025,0.0,1,-0.64,1882.870849609375,0.0003176758677916,0.0,1,-0.65,1882.8703002929688,0.0003468501821806,0.0,1,-0.67,1882.8685913085933,0.0004376147158353,0.0,1,-0.71,1882.8693237304688,0.0003987156299833,0.0,1,-0.72,1882.8690185546875,0.0004149235824216,0.0,1,-0.83,1882.870178222656,0.0003533333631559,0.0,1,-1.73,1882.8687744140625,0.0004278899443723,0.0,1,10
ZINC000000080930,-0.88,1882.8768310546875,0.0,0.0,1,-0.91,1882.8768310546875,0.0,0.0,1,-0.93,1882.8768310546875,0.0,0.0,1,-0.97,1882.8768310546875,0.0,0.0,1,-1.48,1882.8768310546875,0.0,0.0,1,-1.5,1882.8768310546875,0.0,0.0,1,-1.54,1882.8768310546875,0.0,0.0,1,-1.62,1882.8768310546875,0.0,0.0,1,-1.63,1882.8768310546875,0.0,0.0,1,-2.92,1882.8768310546875,0.0,0.0,1,10
ZINC000000080945,-0.44,1882.8767700195312,3.241590487669412e-06,0.0,1,-0.47,1882.8768310546875,0.0,0.0,1,-0.51,1882.8768310546875,0.0,0.0,1,-0.53,1882.8768310546875,0.0,0.0,1,-0.54,1882.8768310546875,0.0,0.0,1,-0.69,1882.8768310546875,0.0,0.0,1,-0.73,1882.8768310546875,0.0,0.0,1,-0.96,1882.8756103515625,6.483180975338822e-05,0.0,1,-1.01,1882.8768310546875,0.0,0.0,1,-1.55,1882.8765869140625,1.2966361950677644e-05,0.0,1,10
ZINC000000081340,0.65,1882.8715209960933,0.0002820183724272,0.0,1,0.17,1882.870056152344,0.0003598165441313,0.0,1,0.07,1882.87158203125,0.0002787767819395,0.0,1,-0.29,1882.871154785156,0.0003014679153532,0.0,1,-0.67,1882.871337890625,0.0002917431438902,0.0,1,-1.63,1882.8712768554688,0.0002949847343779,0.0,1,-2.24,1882.8709716796875,0.0003111926868162,0.0,1,-2.63,1882.8718872070312,0.0002625688295012,0.0,1,-2.74,1882.8724365234373,0.0002333945151121,0.0,1,-2.77,1882.8728637695312,0.0002107033816985,0.0,1,10
ZINC000000081767,0.19,1882.8758544921875,5.186544780271058e-05,0.0,1,0.11,1882.8761291503904,3.727829060819823e-05,0.0,1,0.0,1882.8759460449216,4.700306207120646e-05,0.0,1,-0.02,1882.8757019042969,5.996942402188411e-05,0.0,1,-0.59,1882.8768310546875,0.0,0.0,1,-0.84,1882.8768310546875,0.0,0.0,1,-0.88,1882.8759765625,4.538226682737176e-05,0.0,1,-0.94,1882.8768310546875,0.0,0.0,1,-1.36,1882.8760681152344,4.051988109586764e-05,0.0,1,-2.54,1882.87631225586,2.755351914519e-05,0.0,1,10
ZINC000000081775,-0.13,1882.87255859375,0.0002269113341368,0.0,1,-0.58,1882.8717651367188,0.0002690520104765,0.0,1,-0.65,1882.8698425292969,0.0003711621108381,0.0,1,-0.66,1882.872589111328,0.000225290538893,0.0,1,-0.66,1882.8727722167969,0.00021556576743,0.0,1,-0.84,1882.8711853027344,0.0002998471201094,0.0,1,-0.86,1882.8709106445312,0.0003144342773039,0.0,1,-0.94,1882.874084472656,0.0001458715719451,0.0,1,-1.91,1882.8722534179688,0.0002431192865752,0.0,1,-3.32,1882.8719482421875,0.0002593272390135,0.0,1,10
ZINC000000081845,-0.03,1882.8645629882808,0.0006515596880215,0.0,1,-0.13,1882.8663330078125,0.0005575535638791,0.0,1,-0.6,1882.866455078125,0.0005510703829037,0.0,1,-0.81,1882.867431640625,0.000499204935101,0.0,1,-1.07,1882.8643798828125,0.0006612844594845,0.0,1,-1.08,1882.8660278320312,0.0005737615163174,0.0,1,-1.25,1882.864990234375,0.0006288685546078,0.0,1,-1.51,1882.8665161132808,0.0005478287924161,0.0,1,-2.19,1882.86376953125,0.0006937003643612,0.0,1,-2.2,1882.864990234375,0.0006288685546078,0.0,1,10
ZINC000000081867,0.55,1882.8643798828125,0.0006612844594845,0.0,1,0.54,1882.8649291992188,0.0006321101450955,0.0,1,0.49,1882.8645629882808,0.0006515596880215,0.0,1,0.42,1882.864318847656,0.0006645260499722,0.0,1,0.41,1882.8636474609373,0.0007001835453365,0.0,1,0.36,1882.863342285156,0.0007163914977749,0.0,1,0.36,1882.863525390625,0.0007066667263119,0.0,1,-0.47,1882.863342285156,0.0007163914977749,0.0,1,-0.52,1882.8648071289065,0.0006385933260708,0.0,1,-1.1,1882.8641357421875,0.0006742508214352,0.0,1,10
ZINC000000082082,-0.16,1882.8684692382808,0.0004440978968107,0.0,1,-0.33,1882.8677368164065,0.0004829969826627,0.0,1,-0.34,1882.8657836914065,0.0005867278782681,0.0,1,-0.36,1882.868103027344,0.0004635474397367,0.0,1,-0.36,1882.8685913085933,0.0004376147158353,0.0,1,-0.46,1882.867126464844,0.0005154128875394,0.0,1,-0.88,1882.8685913085933,0.0004376147158353,0.0,1,-1.32,1882.867248535156,0.000508929706564,0.0,1,-1.48,1882.8654174804688,0.0006061774211941,0.0,1,-1.64,1882.8657836914065,0.0005867278782681,0.0,1,10
ZINC000000082111,0.06,1882.8734741210933,0.0001782874768218,0.0,1,-0.02,1882.8717041015625,0.0002722936009642,0.0,1,-0.15,1882.8721923828125,0.0002463608770628,0.0,1,-0.43,1882.8698120117188,0.0003727829060819,0.0,1,-0.58,1882.87255859375,0.0002269113341368,0.0,1,-0.59,1882.86962890625,0.0003825076775449,0.0,1,-0.62,1882.872131347656,0.0002496024675505,0.0,1,-0.67,1882.8719482421875,0.0002593272390135,0.0,1,-0.94,1882.870178222656,0.0003533333631559,0.0,1,-4.03,1882.87353515625,0.0001750458863341,0.0,1,10
ZINC000000082115,-0.13,1882.8673400878904,0.0005040673208325,0.0,1,-0.24,1882.8676147460933,0.000489480163638,0.0,1,-0.63,1882.868194580078,0.0004586850540052,0.0,1,-0.83,1882.868682861328,0.0004327523301038,0.0,1,-0.97,1882.8705444335933,0.0003338838202299,0.0,1,-1.03,1882.868927001953,0.0004197859681531,0.0,1,-1.03,1882.8682556152344,0.0004554434635175,0.0,1,-1.18,1882.8682556152344,0.0004554434635175,0.0,1,-1.55,1882.868408203125,0.0004473394872983,0.0,1,-1.65,1882.8692321777344,0.0004035780157148,0.0,1,10
ZINC000000082137,-0.82,1882.869873046875,0.0003695413155943,0.0,1,-1.11,1882.868896484375,0.000421406763397,0.0,1,-1.12,1882.8685302734373,0.000440856306323,0.0,1,-1.17,1882.8685302734373,0.000440856306323,0.0,1,-1.25,1882.869384765625,0.0003954740394956,0.0,1,-1.37,1882.86669921875,0.0005381040209531,0.0,1,-1.49,1882.868225097656,0.0004570642587613,0.0,1,-1.58,1882.870361328125,0.0003436085916929,0.0,1,-1.77,1882.8684692382808,0.0004440978968107,0.0,1,-5.7,1882.8694458007808,0.0003922324490079,0.0,1,10
ZINC000000082248,-0.41,1882.8734130859373,0.0001815290673094,0.0,1,-0.56,1882.8746643066409,0.0001150764623122,0.0,1,-1.0,1882.8735961914065,0.0001718042958464,0.0,1,-1.25,1882.8731689453125,0.0001944954292601,0.0,1,-1.31,1882.8739013671875,0.0001555963434081,0.0,1,-1.41,1882.873046875,0.0002009786102355,0.0,1,-1.44,1882.872985839844,0.0002042202007231,0.0,1,-1.62,1882.8751831054688,8.75229431670741e-05,0.0,1,-1.67,1882.8727722167969,0.00021556576743,0.0,1,-1.79,1882.8736572265625,0.0001685627053588,0.0,1,10
ZINC000000082267,-0.61,1882.8684692382808,0.0004440978968107,0.0,1,-0.63,1882.8709716796875,0.0003111926868162,0.0,1,-0.64,1882.86865234375,0.0004343731253477,0.0,1,-0.99,1882.8702697753904,0.0003484709774244,0.0,1,-1.81,1882.869384765625,0.0003954740394956,0.0,1,-1.91,1882.8683166503904,0.0004522018730298,0.0,1,-2.08,1882.867218017578,0.0005105505018079,0.0,1,-2.13,1882.8679809570312,0.000470030620712,0.0,1,-2.17,1882.8685913085933,0.0004376147158353,0.0,1,-2.88,1882.8696899414065,0.0003792660870573,0.0,1,10
ZINC000000082464,-0.3,1882.869384765625,0.0003954740394956,0.0,1,-0.31,1882.869873046875,0.0003695413155943,0.0,1,-0.35,1882.8692626953125,0.000401957220471,0.0,1,-0.39,1882.8699951171875,0.0003630581346189,0.0,1,-0.64,1882.8704223632808,0.0003403670012052,0.0,1,-0.89,1882.872009277344,0.0002560856485258,0.0,1,-0.94,1882.871337890625,0.0002917431438902,0.0,1,-1.53,1882.8721923828125,0.0002463608770628,0.0,1,-1.71,1882.8707885742188,0.0003209174582792,0.0,1,-2.15,1882.87158203125,0.0002787767819395,0.0,1,10
ZINC000000082527,-0.44,1882.8768310546875,0.0,0.0,1,-0.57,1882.8768310546875,0.0,0.0,1,-0.73,1882.8768310546875,0.0,0.0,1,-0.79,1882.8768310546875,0.0,0.0,1,-0.93,1882.8768310546875,0.0,0.0,1,-1.49,1882.8768310546875,0.0,0.0,1,-2.2,1882.876220703125,3.241590487669411e-05,0.0,1,-2.47,1882.876495361328,1.782874768218176e-05,0.0,1,-2.61,1882.8756408691409,6.321101450955351e-05,0.0,1,-3.03,1882.8761901855469,3.4036700120528816e-05,0.0,1,10
ZINC000000082960,-0.51,1882.8685302734373,0.000440856306323,0.0,1,-0.56,1882.8680419921875,0.0004667890302243,0.0,1,-0.72,1882.8668823242188,0.0005283792494901,0.0,1,-0.74,1882.8675537109373,0.0004927217541257,0.0,1,-0.82,1882.8682861328125,0.0004538226682737,0.0,1,-1.09,1882.867248535156,0.000508929706564,0.0,1,-1.16,1882.86865234375,0.0004343731253477,0.0,1,-1.25,1882.8673095703125,0.0005056881160764,0.0,1,-1.35,1882.8698120117188,0.0003727829060819,0.0,1,-1.56,1882.8693237304688,0.0003987156299833,0.0,1,10
ZINC000000082971,-0.43,1882.8745727539065,0.0001199388480437,0.0,1,-0.47,1882.8726806640625,0.0002204281531615,0.0,1,-0.56,1882.872985839844,0.0002042202007231,0.0,1,-0.6,1882.8724975585933,0.0002301529246245,0.0,1,-0.63,1882.8753662109373,7.779817170406587e-05,0.0,1,-0.69,1882.873046875,0.0002009786102355,0.0,1,-0.73,1882.8728637695312,0.0002107033816985,0.0,1,-0.73,1882.8733520507808,0.0001847706577971,0.0,1,-1.87,1882.8731689453125,0.0001944954292601,0.0,1,-1.99,1882.873962402344,0.0001523547529204,0.0,1,10
ZINC000000083110,-0.14,1882.8718872070312,0.0002625688295012,0.0,1,-0.17,1882.8724975585933,0.0002301529246245,0.0,1,-0.21,1882.872009277344,0.0002560856485258,0.0,1,-0.25,1882.8737182617188,0.0001653211148711,0.0,1,-0.54,1882.8743896484373,0.0001296636195067,0.0,1,-0.55,1882.874084472656,0.0001458715719451,0.0,1,-0.62,1882.874084472656,0.0001458715719451,0.0,1,-0.7,1882.8739013671875,0.0001555963434081,0.0,1,-0.95,1882.8756713867188,6.15902192657188e-05,0.0,1,-1.72,1882.8737182617188,0.0001653211148711,0.0,1,10
ZINC000000083230,-0.41,1882.8707275390625,0.0003241590487669,0.0,1,-0.78,1882.8702392578125,0.0003500917726682,0.0,1,-0.92,1882.870178222656,0.0003533333631559,0.0,1,-1.05,1882.87158203125,0.0002787767819395,0.0,1,-1.09,1882.8715209960933,0.0002820183724272,0.0,1,-1.24,1882.8724975585933,0.0002301529246245,0.0,1,-1.51,1882.8722534179688,0.0002431192865752,0.0,1,-1.54,1882.8707885742188,0.0003209174582792,0.0,1,-1.89,1882.87255859375,0.0002269113341368,0.0,1,-2.09,1882.8718872070312,0.0002625688295012,0.0,1,10
ZINC000000083516,-0.3,1882.8717041015625,0.0002722936009642,0.0,1,-0.36,1882.871337890625,0.0002917431438902,0.0,1,-0.37,1882.871154785156,0.0003014679153532,0.0,1,-0.37,1882.8709716796875,0.0003111926868162,0.0,1,-0.43,1882.872009277344,0.0002560856485258,0.0,1,-0.45,1882.87158203125,0.0002787767819395,0.0,1,-0.46,1882.8712768554688,0.0002949847343779,0.0,1,-0.49,1882.87158203125,0.0002787767819395,0.0,1,-0.61,1882.872131347656,0.0002496024675505,0.0,1,-3.59,1882.8713989257808,0.0002885015534025,0.0,1,10
ZINC000000083565,-0.26,1882.8726196289065,0.0002236697436491,0.0,1,-0.29,1882.8712158203125,0.0002982263248655,0.0,1,-0.37,1882.8727416992188,0.0002171865626738,0.0,1,-0.68,1882.873046875,0.0002009786102355,0.0,1,-0.71,1882.8728637695312,0.0002107033816985,0.0,1,-0.79,1882.8717651367188,0.0002690520104765,0.0,1,-1.08,1882.8721923828125,0.0002463608770628,0.0,1,-1.57,1882.8734741210933,0.0001782874768218,0.0,1,-1.58,1882.872314453125,0.0002398776960875,0.0,1,-2.41,1882.872802734375,0.0002139449721861,0.0,1,10
ZINC000000083729,-0.37,1882.8660888671875,0.0005705199258298,0.0,1,-0.78,1882.8643798828125,0.0006612844594845,0.0,1,-0.79,1882.865997314453,0.0005753823115613,0.0,1,-0.84,1882.8654174804688,0.0006061774211941,0.0,1,-1.14,1882.8648071289065,0.0006385933260708,0.0,1,-1.34,1882.8659362792969,0.0005786239020489,0.0,1,-2.19,1882.8641357421875,0.0006742508214352,0.0,1,-2.23,1882.8650512695312,0.0006256269641201,0.0,1,-1000.0,471.744140625,0.0,0.0,0,-1000.0,471.744140625,0.0,0.0,0,8
ZINC000000083787,-0.76,1882.870056152344,0.0003598165441313,0.0,1,-0.8,1882.872528076172,0.0002285321293806,0.0,1,-1.05,1882.8704223632808,0.0003403670012052,0.0,1,-1.09,1882.8710632324216,0.0003063303010847,0.0,1,-1.13,1882.8711853027344,0.0002998471201094,0.0,1,-1.26,1882.871612548828,0.0002771559866957,0.0,1,-1.27,1882.8709106445312,0.0003144342773039,0.0,1,-1.55,1882.8710021972656,0.0003095718915724,0.0,1,-1.85,1882.8704833984373,0.0003371254107176,0.0,1,-2.9,1882.8699951171875,0.0003630581346189,0.0,1,10
ZINC000000083831,-0.02,1882.8746643066409,0.0001150764623122,0.0,1,-0.44,1882.8750915527344,9.238532889857822e-05,0.0,1,-0.63,1882.875518798828,6.969419548489234e-05,0.0,1,-0.68,1882.8768310546875,0.0,0.0,1,-0.83,1882.8768310546875,0.0,0.0,1,-1.0,1882.8741760253904,0.0001410091862136,0.0,1,-1.36,1882.8768310546875,0.0,0.0,1,-1.6,1882.8768310546875,0.0,0.0,1,-1.96,1882.8741149902344,0.0001442507767012,0.0,1,-2.16,1882.8742065429688,0.0001393883909697,0.0,1,10
ZINC000000083996,-0.47,1882.870178222656,0.0003533333631559,0.0,1,-0.49,1882.870056152344,0.0003598165441313,0.0,1,-0.61,1882.869201660156,0.0004051988109586,0.0,1,-0.65,1882.8707275390625,0.0003241590487669,0.0,1,-0.88,1882.8701171875,0.0003565749536436,0.0,1,-0.99,1882.8715209960933,0.0002820183724272,0.0,1,-1.24,1882.8707885742188,0.0003209174582792,0.0,1,-2.05,1882.870056152344,0.0003598165441313,0.0,1,-2.36,1882.8709716796875,0.0003111926868162,0.0,1,-5.14,471.744140625,0.0,0.0,1,10
ZINC000000084114,-0.29,1882.872009277344,0.0002560856485258,0.0,1,-0.51,1882.8751831054688,8.75229431670741e-05,0.0,1,-0.61,1882.8727416992188,0.0002171865626738,0.0,1,-0.71,1882.8761596679688,3.565749536436352e-05,0.0,1,-0.74,1882.8753662109373,7.779817170406587e-05,0.0,1,-0.79,1882.8737182617188,0.0001653211148711,0.0,1,-0.82,1882.876037597656,4.214067633970235e-05,0.0,1,-1.18,1882.873291015625,0.0001880122482848,0.0,1,-2.29,1882.8722534179688,0.0002431192865752,0.0,1,-2.61,1882.87451171875,0.0001231804385314,0.0,1,10
ZINC000000084279,0.08,1882.8768310546875,0.0,0.0,1,0.0,1882.8768310546875,0.0,0.0,1,-0.18,1882.8768310546875,0.0,0.0,1,-0.34,1882.8768310546875,0.0,0.0,1,-0.36,1882.8768310546875,0.0,0.0,1,-0.38,1882.8768310546875,0.0,0.0,1,-0.46,1882.8768310546875,0.0,0.0,1,-0.69,1882.8768310546875,0.0,0.0,1,-1.08,1882.8768310546875,0.0,0.0,1,-1.82,1882.8768310546875,0.0,0.0,1,10
ZINC000000084998,-0.1,1882.8768310546875,0.0,0.0,1,-0.12,1882.8768310546875,0.0,0.0,1,-0.17,1882.8768310546875,0.0,0.0,1,-0.25,1882.8768310546875,0.0,0.0,1,-0.54,1882.8768310546875,0.0,0.0,1,-0.91,1882.8768310546875,0.0,0.0,1,-0.96,1882.8768310546875,0.0,0.0,1,-0.97,1882.8768310546875,0.0,0.0,1,-2.67,1882.8768310546875,0.0,0.0,1,-2.78,1882.8768310546875,0.0,0.0,1,10
ZINC000000085106,-0.91,1882.87109375,0.0003047095058409,0.0,1,-1.11,1809.8200073242188,3.8800638748922416,17.391304347826086,1,-1.13,1882.8707275390625,0.0003241590487669,0.0,1,-1.19,1882.8739013671875,0.0001555963434081,0.0,1,-1.22,1882.8721923828125,0.0002463608770628,0.0,1,-1.37,1882.8712158203125,0.0002982263248655,0.0,1,-1.38,1882.8734741210933,0.0001782874768218,0.0,1,-1.67,1882.872589111328,0.000225290538893,0.0,1,-1.83,1882.872314453125,0.0002398776960875,0.0,1,-1.99,1882.8729553222656,0.000205840995967,0.0,1,10
ZINC000000085434,-0.89,1882.866943359375,0.0005251376590024,0.0,1,-0.93,1882.86572265625,0.0005899694687558,0.0,1,-0.95,1882.8656616210933,0.0005932110592435,0.0,1,-1.0,1882.8665161132808,0.0005478287924161,0.0,1,-1.16,1882.8658447265625,0.0005834862877804,0.0,1,-1.21,1882.8668823242188,0.0005283792494901,0.0,1,-1.21,1882.8663330078125,0.0005575535638791,0.0,1,-1.63,1882.8673706054688,0.0005024465255887,0.0,1,-1.76,1882.8659057617188,0.0005802446972928,0.0,1,-5.82,1882.8677368164065,0.0004829969826627,0.0,1,10
ZINC000000085690,-0.6,1882.8681640625,0.000460305849249,0.0,1,-0.62,1882.868408203125,0.0004473394872983,0.0,1,-0.66,1882.8687133789065,0.00043113153486,0.0,1,-0.78,1882.868896484375,0.000421406763397,0.0,1,-0.79,1882.868896484375,0.000421406763397,0.0,1,-1.32,1882.8704833984373,0.0003371254107176,0.0,1,-1.99,1882.8699951171875,0.0003630581346189,0.0,1,-2.25,1882.8685302734373,0.000440856306323,0.0,1,-2.41,1882.8679809570312,0.000470030620712,0.0,1,-5.51,1882.870178222656,0.0003533333631559,0.0,1,10
ZINC000000085703,-0.2,1882.8739013671875,0.0001555963434081,0.0,1,-0.21,1882.8728637695312,0.0002107033816985,0.0,1,-0.45,1882.8729248046875,0.0002074617912108,0.0,1,-0.58,1882.8733520507808,0.0001847706577971,0.0,1,-0.75,1882.871337890625,0.0002917431438902,0.0,1,-0.94,1882.8728637695312,0.0002107033816985,0.0,1,-1.01,1882.8722534179688,0.0002431192865752,0.0,1,-1.35,1882.873107910156,0.0001977370197478,0.0,1,-4.84,471.744140625,0.0,0.0,1,-1000.0,471.744140625,0.0,0.0,0,9
ZINC000000085916,-0.51,1882.8768310546875,0.0,0.0,1,-0.53,1882.8768310546875,0.0,0.0,1,-0.61,1882.8768310546875,0.0,0.0,1,-0.65,1882.8768310546875,0.0,0.0,1,-0.7,1882.8768310546875,0.0,0.0,1,-0.7,1882.8768310546875,0.0,0.0,1,-0.76,1882.8768310546875,0.0,0.0,1,-0.86,1882.8768310546875,0.0,0.0,1,-0.98,1882.8768310546875,0.0,0.0,1,-1.22,1882.8768310546875,0.0,0.0,1,10
ZINC000000085966,-0.63,1882.8679809570312,0.000470030620712,0.0,1,-0.69,1882.8684692382808,0.0004440978968107,0.0,1,-0.7,1882.8685913085933,0.0004376147158353,0.0,1,-0.72,1882.8704833984373,0.0003371254107176,0.0,1,-0.78,1882.8673095703125,0.0005056881160764,0.0,1,-0.98,1882.8698120117188,0.0003727829060819,0.0,1,-1.05,1882.8676147460933,0.000489480163638,0.0,1,-1.07,1882.8697509765625,0.0003760244965696,0.0,1,-1.42,1882.870056152344,0.0003598165441313,0.0,1,-5.49,1882.869201660156,0.0004051988109586,0.0,1,10
ZINC000000086239,-0.09,1882.875,9.724771463008236e-05,0.0,1,-0.1,1882.8751831054688,8.75229431670741e-05,0.0,1,-0.18,1882.87548828125,7.131499072872705e-05,0.0,1,-0.27,1882.8748779296875,0.0001037308956054,0.0,1,-0.28,1882.875732421875,5.83486287780494e-05,0.0,1,-0.53,1882.8737182617188,0.0001653211148711,0.0,1,-0.68,1882.873962402344,0.0001523547529204,0.0,1,-2.09,1882.875,9.724771463008236e-05,0.0,1,-2.12,1882.8726806640625,0.0002204281531615,0.0,1,-2.23,1882.8731689453125,0.0001944954292601,0.0,1,10
ZINC000000087078,-0.35,1882.8684692382808,0.0004440978968107,0.0,1,-0.61,1882.8678588867188,0.0004765138016874,0.0,1,-0.75,1882.868103027344,0.0004635474397367,0.0,1,-0.85,1882.8703002929688,0.0003468501821806,0.0,1,-0.87,1882.871154785156,0.0003014679153532,0.0,1,-1.0,1882.8697509765625,0.0003760244965696,0.0,1,-1.03,1882.8685913085933,0.0004376147158353,0.0,1,-1.13,1882.8701171875,0.0003565749536436,0.0,1,-2.13,1882.8670654296875,0.0005186544780271,0.0,1,-6.03,471.744140625,0.0,0.0,1,10
ZINC000000087156,-0.31,1882.8709411621087,0.00031281348206,0.0,1,-0.76,1882.869384765625,0.0003954740394956,0.0,1,-0.79,1882.8720397949216,0.000254464853282,0.0,1,-0.88,1882.8727111816409,0.0002188073579176,0.0,1,-1.0,1882.8721923828125,0.0002463608770628,0.0,1,-1.25,1882.8716430664065,0.0002755351914518,0.0,1,-1.38,1882.8717346191409,0.0002706728057203,0.0,1,-2.42,1882.8729248046875,0.0002074617912108,0.0,1,-3.13,1882.8699951171875,0.0003630581346189,0.0,1,-1000.0,471.744140625,0.0,0.0,0,9
ZINC000000087435,-0.2,1882.8729248046875,0.0002074617912108,0.0,1,-1.19,1882.875,9.724771463008236e-05,0.0,1,-1.23,1882.8753051757808,8.103976219173528e-05,0.0,1,-1.33,1882.8753662109373,7.779817170406587e-05,0.0,1,-1.46,1882.8734741210933,0.0001782874768218,0.0,1,-1.48,1882.8719482421875,0.0002593272390135,0.0,1,-1.58,1882.8748779296875,0.0001037308956054,0.0,1,-1.58,1882.87158203125,0.0002787767819395,0.0,1,-1.61,1882.8719482421875,0.0002593272390135,0.0,1,-2.67,1882.873107910156,0.0001977370197478,0.0,1,10
ZINC000000087437,-0.17,1882.8722534179688,0.0002431192865752,0.0,1,-0.27,1882.8715209960933,0.0002820183724272,0.0,1,-0.48,1882.8707275390625,0.0003241590487669,0.0,1,-0.51,1882.8707885742188,0.0003209174582792,0.0,1,-0.84,1882.8717041015625,0.0002722936009642,0.0,1,-1.09,1882.8701171875,0.0003565749536436,0.0,1,-1.71,1882.8707275390625,0.0003241590487669,0.0,1,-1.84,1882.8704223632808,0.0003403670012052,0.0,1,-3.26,1882.8714599609373,0.0002852599629149,0.0,1,-5.44,1882.872100830078,0.0002512232627943,0.0,1,10
ZINC000000087491,0.03,1882.87451171875,0.0001231804385314,0.0,1,-0.35,1882.8741149902344,0.0001442507767012,0.0,1,-0.49,1882.8742370605469,0.0001377675957259,0.0,1,-0.52,1882.8742065429688,0.0001393883909697,0.0,1,-0.54,1882.8728637695312,0.0002107033816985,0.0,1,-0.55,1882.8768310546875,0.0,0.0,1,-0.58,1882.8732299804688,0.0001912538387724,0.0,1,-1.76,1882.8736572265625,0.0001685627053588,0.0,1,-1.86,1882.8734741210933,0.0001782874768218,0.0,1,-2.01,1882.873046875,0.0002009786102355,0.0,1,10
ZINC000000087599,-0.53,1882.8630981445312,0.0007293578597256,0.0,1,-0.66,1882.8635864257808,0.0007034251358242,0.0,1,-0.87,1882.8642578125,0.0006677676404598,0.0,1,-0.93,1882.8645629882808,0.0006515596880215,0.0,1,-0.94,1882.863342285156,0.0007163914977749,0.0,1,-1.08,1882.8629760742188,0.0007358410407009,0.0,1,-1.42,1882.8626098632808,0.0007552905836269,0.0,1,-2.13,1882.8648986816409,0.0006337309403393,0.0,1,-5.57,1882.8673095703125,0.0005056881160764,0.0,1,-1000.0,471.744140625,0.0,0.0,0,9
ZINC000000087781,-0.33,1882.8687744140625,0.0004278899443723,0.0,1,-0.57,1882.8684692382808,0.0004440978968107,0.0,1,-0.75,1882.869079589844,0.000411681991934,0.0,1,-0.83,1882.8695678710933,0.0003857492680326,0.0,1,-1.3,1882.8684692382808,0.0004440978968107,0.0,1,-1.37,1882.8702392578125,0.0003500917726682,0.0,1,-1.48,1882.868927001953,0.0004197859681531,0.0,1,-1.58,1882.8694152832031,0.0003938532442518,0.0,1,-1.85,1882.8661193847656,0.0005688991305859,0.0,1,-1.97,1882.8688049316409,0.0004262691491285,0.0,1,10
ZINC000000087849,-0.27,1882.8709716796875,0.0003111926868162,0.0,1,-0.33,1882.8716430664065,0.0002755351914518,0.0,1,-0.74,1882.8705444335933,0.0003338838202299,0.0,1,-0.98,1882.8713073730469,0.000293363939134,0.0,1,-1.05,1882.8709106445312,0.0003144342773039,0.0,1,-1.12,1882.8714599609373,0.0002852599629149,0.0,1,-1.18,1882.8691101074216,0.0004100611966901,0.0,1,-1.23,1882.870361328125,0.0003436085916929,0.0,1,-1.54,1882.869201660156,0.0004051988109586,0.0,1,-2.55,1882.8696899414065,0.0003792660870573,0.0,1,10
ZINC000000087851,-0.13,1882.8768310546875,0.0,0.0,1,-0.15,1882.8768310546875,0.0,0.0,1,-0.17,1882.8768310546875,0.0,0.0,1,-0.17,1882.8768310546875,0.0,0.0,1,-0.26,1882.8758544921875,5.186544780271058e-05,0.0,1,-0.31,1882.8768310546875,0.0,0.0,1,-0.49,1882.8768310546875,0.0,0.0,1,-0.56,1882.8768310546875,0.0,0.0,1,-1.16,1882.8768310546875,0.0,0.0,1,-1.97,1882.8753662109373,7.779817170406587e-05,0.0,1,10
ZINC000000088019,-0.25,1882.869140625,0.0004084404014463,0.0,1,-0.5,1882.868103027344,0.0004635474397367,0.0,1,-0.6,1882.8693237304688,0.0003987156299833,0.0,1,-0.61,1882.8703002929688,0.0003468501821806,0.0,1,-0.61,1882.867126464844,0.0005154128875394,0.0,1,-0.66,1882.869201660156,0.0004051988109586,0.0,1,-0.7,1882.867431640625,0.000499204935101,0.0,1,-0.94,1882.86767578125,0.0004862385731504,0.0,1,-1.07,1882.8687744140625,0.0004278899443723,0.0,1,-3.52,1838.031982421875,2.381719711729248,12.0,1,10
ZINC000000088523,-0.71,1882.8756713867188,6.15902192657188e-05,0.0,1,-0.72,1882.8751220703125,9.076453365474352e-05,0.0,1,-0.72,1882.875457763672,7.293578597256175e-05,0.0,1,-0.72,1882.875762939453,5.672783353421469e-05,0.0,1,-0.89,1882.8750915527344,9.238532889857822e-05,0.0,1,-0.92,1882.8749084472656,0.0001021101003615,0.0,1,-1.19,1882.873443603516,0.0001799082720656,0.0,1,-1.29,1882.8759765625,4.538226682737176e-05,0.0,1,-1.35,1882.875762939453,5.672783353421469e-05,0.0,1,-1.45,1882.875061035156,9.400612414241292e-05,0.0,1,10
ZINC000000089179,-0.02,1882.8661804199216,0.0005656575400983,0.0,1,-0.15,1882.8666381835933,0.0005413456114407,0.0,1,-0.51,1882.86572265625,0.0005899694687558,0.0,1,-0.64,1882.865966796875,0.0005770031068051,0.0,1,-0.65,1882.8665771484373,0.0005445872019284,0.0,1,-0.66,1882.8681335449216,0.0004619266444928,0.0,1,-0.77,1882.8674926757808,0.0004959633446134,0.0,1,-0.82,1882.8680114746087,0.0004684098254682,0.0,1,-0.86,1882.8663330078125,0.0005575535638791,0.0,1,-1.24,1882.8682861328125,0.0004538226682737,0.0,1,10
ZINC000000089258,-0.76,1882.871154785156,0.0003014679153532,0.0,1,-0.8,1882.8724975585933,0.0002301529246245,0.0,1,-1.15,1882.87109375,0.0003047095058409,0.0,1,-1.18,1882.8712158203125,0.0002982263248655,0.0,1,-1.19,1882.8709716796875,0.0003111926868162,0.0,1,-1.22,1882.8716430664065,0.0002755351914518,0.0,1,-1.63,1882.8714599609373,0.0002852599629149,0.0,1,-2.73,1882.871154785156,0.0003014679153532,0.0,1,-2.93,1882.8743896484373,0.0001296636195067,0.0,1,-5.18,1882.87109375,0.0003047095058409,0.0,1,10
ZINC000000089371,0.13,1882.8724975585933,0.0002301529246245,0.0,1,-0.06,1882.8726196289065,0.0002236697436491,0.0,1,-0.52,1882.873779296875,0.0001620795243834,0.0,1,-1.55,1882.8740234375,0.0001491131624327,0.0,1,-1.63,1882.87548828125,7.131499072872705e-05,0.0,1,-1.73,1882.8734130859373,0.0001815290673094,0.0,1,-1.97,1882.8738403320312,0.0001588379338958,0.0,1,-1.98,1882.8753051757808,8.103976219173528e-05,0.0,1,-2.0,1882.8735961914065,0.0001718042958464,0.0,1,-2.05,1882.872131347656,0.0002496024675505,0.0,1,10
ZINC000000089744,-0.53,1882.875,9.724771463008236e-05,0.0,1,-0.75,1882.8754272460933,7.455658121639646e-05,0.0,1,-0.8,1882.8768310546875,0.0,0.0,1,-0.82,1882.8748168945312,0.000106972486093,0.0,1,-1.13,1882.8759765625,4.538226682737176e-05,0.0,1,-1.15,1882.875732421875,5.83486287780494e-05,0.0,1,-2.71,1882.8743286132808,0.0001329052099944,0.0,1,-2.77,1882.8766479492188,9.724771463008234e-06,0.0,1,-2.81,1882.8758850097656,5.024465255887588e-05,0.0,1,-2.84,1882.8758544921875,5.186544780271058e-05,0.0,1,10
ZINC000000090082,-0.03,1882.8654174804688,0.0006061774211941,0.0,1,-0.1,1882.86669921875,0.0005381040209531,0.0,1,-0.15,1882.8645629882808,0.0006515596880215,0.0,1,-0.27,1882.8663330078125,0.0005575535638791,0.0,1,-0.34,1882.8660888671875,0.0005705199258298,0.0,1,-1.1,1882.8650512695312,0.0006256269641201,0.0,1,-1.25,1882.8649291992188,0.0006321101450955,0.0,1,-1.86,1882.863220214844,0.0007228746787502,0.0,1,-2.17,1882.8626098632808,0.0007552905836269,0.0,1,-2.18,1882.8645629882808,0.0006515596880215,0.0,1,10
ZINC000000090358,-0.02,1882.8675537109373,0.0004927217541257,0.0,1,-0.16,1882.8673706054688,0.0005024465255887,0.0,1,-0.2,1882.8692626953125,0.000401957220471,0.0,1,-0.21,1882.8690185546875,0.0004149235824216,0.0,1,-0.23,1882.868896484375,0.000421406763397,0.0,1,-0.3,1882.86865234375,0.0004343731253477,0.0,1,-0.51,1882.8678588867188,0.0004765138016874,0.0,1,-0.59,1882.870056152344,0.0003598165441313,0.0,1,-0.61,1882.87060546875,0.0003306422297422,0.0,1,-1.01,1882.8688354492188,0.0004246483538846,0.0,1,10
ZINC000000090396,-1.15,1882.8687744140625,0.0004278899443723,0.0,1,-1.19,1882.8704833984373,0.0003371254107176,0.0,1,-1.2,1882.8687133789065,0.00043113153486,0.0,1,-1.28,1882.8695068359373,0.0003889908585203,0.0,1,-1.29,1882.868927001953,0.0004197859681531,0.0,1,-1.37,1882.869201660156,0.0004051988109586,0.0,1,-1.5,1882.8700256347656,0.0003614373393751,0.0,1,-1.64,1882.8707580566409,0.0003225382535231,0.0,1,-2.89,1882.868896484375,0.000421406763397,0.0,1,-2.96,1882.8679809570312,0.000470030620712,0.0,1,10
ZINC000000090642,-0.29,1882.8734741210933,0.0001782874768218,0.0,1,-0.61,1882.8748168945312,0.000106972486093,0.0,1,-0.75,1882.873779296875,0.0001620795243834,0.0,1,-1.16,1882.8753051757808,8.103976219173528e-05,0.0,1,-1.26,1882.8768310546875,0.0,0.0,1,-1.27,1882.876708984375,6.483180975338823e-06,0.0,1,-1.28,1882.876739501953,4.862385731504117e-06,0.0,1,-1.29,1882.876708984375,6.483180975338823e-06,0.0,1,-1.29,1882.8768310546875,0.0,0.0,1,-1.93,1882.8721923828125,0.0002463608770628,0.0,1,10
ZINC000000090707,0.04,1882.8672790527344,0.0005073089113202,0.0,1,-0.26,1882.8673095703125,0.0005056881160764,0.0,1,-0.3,1882.868194580078,0.0004586850540052,0.0,1,-0.35,1882.8673400878904,0.0005040673208325,0.0,1,-0.36,1882.8677673339844,0.0004813761874189,0.0,1,-0.42,1882.8674926757808,0.0004959633446134,0.0,1,-0.46,1882.8673400878904,0.0005040673208325,0.0,1,-0.5,1882.8677978515625,0.000479755392175,0.0,1,-0.5,1882.8677673339844,0.0004813761874189,0.0,1,-0.62,1882.869873046875,0.0003695413155943,0.0,1,10
ZINC000000090775,-0.62,1882.8768310546875,0.0,0.0,1,-0.66,1882.8768310546875,0.0,0.0,1,-0.84,1882.8768310546875,0.0,0.0,1,-0.91,1882.8768310546875,0.0,0.0,1,-0.94,1882.8768310546875,0.0,0.0,1,-1.0,1882.8768310546875,0.0,0.0,1,-1.01,1882.8768310546875,0.0,0.0,1,-1.09,1882.8767700195312,3.241590487669412e-06,0.0,1,-1.91,1882.8768310546875,0.0,0.0,1,-1000.0,471.744140625,0.0,0.0,0,9
ZINC000000090939,-0.32,1882.876495361328,1.782874768218176e-05,0.0,1,-0.53,1882.8768310546875,0.0,0.0,1,-0.53,1882.876007080078,4.376147158353705e-05,0.0,1,-0.54,1882.876037597656,4.214067633970235e-05,0.0,1,-0.76,1882.8767700195312,3.241590487669412e-06,0.0,1,-0.96,1882.8768310546875,0.0,0.0,1,-1.06,1882.8768310546875,0.0,0.0,1,-1.36,1882.8768310546875,0.0,0.0,1,-1.4,1882.8759765625,4.538226682737176e-05,0.0,1,-1.88,1882.8764038085933,2.269113341368588e-05,0.0,1,10
ZINC000000090957,-0.47,1882.8685913085933,0.0004376147158353,0.0,1,-0.56,1882.8695678710933,0.0003857492680326,0.0,1,-0.58,1882.8682861328125,0.0004538226682737,0.0,1,-0.59,1882.868103027344,0.0004635474397367,0.0,1,-0.69,1882.8687133789065,0.00043113153486,0.0,1,-0.84,1882.8695678710933,0.0003857492680326,0.0,1,-1.0,1882.8701171875,0.0003565749536436,0.0,1,-1.12,1882.8689575195312,0.0004181651729093,0.0,1,-1.32,1882.8687744140625,0.0004278899443723,0.0,1,-5.77,471.744140625,0.0,0.0,1,10
ZINC000000091139,-0.84,1882.8768310546875,0.0,0.0,1,-1.01,1882.8768310546875,0.0,0.0,1,-1.01,1882.8768310546875,0.0,0.0,1,-1.28,1882.8768310546875,0.0,0.0,1,-1.33,1882.8768310546875,0.0,0.0,1,-1.42,1882.8768310546875,0.0,0.0,1,-1.55,1882.8768310546875,0.0,0.0,1,-1.64,1882.8768310546875,0.0,0.0,1,-2.61,1882.8768310546875,0.0,0.0,1,-2.84,1882.8768310546875,0.0,0.0,1,10
ZINC000000091162,-0.6,1882.8768310546875,0.0,0.0,1,-0.75,1882.8768310546875,0.0,0.0,1,-0.88,1882.8768310546875,0.0,0.0,1,-0.97,1882.8768310546875,0.0,0.0,1,-1.09,1882.8768310546875,0.0,0.0,1,-1.12,1882.8768310546875,0.0,0.0,1,-2.86,1882.8768310546875,0.0,0.0,1,-2.98,1882.8768310546875,0.0,0.0,1,-3.0,1882.8768310546875,0.0,0.0,1,-4.45,1882.8768310546875,0.0,0.0,1,10
ZINC000000091435,-0.36,1882.8692626953125,0.000401957220471,0.0,1,-0.45,1882.8687133789065,0.00043113153486,0.0,1,-0.46,1882.8694458007808,0.0003922324490079,0.0,1,-0.47,1882.869140625,0.0004084404014463,0.0,1,-0.49,1882.8677978515625,0.000479755392175,0.0,1,-0.49,1882.8683471679688,0.000450581077786,0.0,1,-0.51,1882.8695678710933,0.0003857492680326,0.0,1,-0.89,1882.869384765625,0.0003954740394956,0.0,1,-1.72,1882.867431640625,0.000499204935101,0.0,1,-2.43,1882.8684692382808,0.0004440978968107,0.0,1,10
ZINC000000091642,-0.04,1882.8685913085933,0.0004376147158353,0.0,1,-0.09,1882.8684387207031,0.0004457186920545,0.0,1,-0.14,1882.8674926757808,0.0004959633446134,0.0,1,-0.26,1882.8683471679688,0.000450581077786,0.0,1,-0.86,1882.8697509765625,0.0003760244965696,0.0,1,-1.32,1882.8675537109373,0.0004927217541257,0.0,1,-1.61,1882.8684387207031,0.0004457186920545,0.0,1,-2.39,1882.86947631836,0.0003906116537641,0.0,1,-2.88,1882.869659423828,0.0003808868823011,0.0,1,-4.17,1882.8674621582031,0.0004975841398572,0.0,1,10
ZINC000000092092,-1.02,1882.8768310546875,0.0,0.0,1,-1.07,1882.8768310546875,0.0,0.0,1,-1.08,1882.8768310546875,0.0,0.0,1,-1.08,1882.8768310546875,0.0,0.0,1,-1.13,1882.8768310546875,0.0,0.0,1,-1.14,1882.8768310546875,0.0,0.0,1,-1.19,1882.8768310546875,0.0,0.0,1,-1.21,1882.8768310546875,0.0,0.0,1,-1.81,1882.8768310546875,0.0,0.0,1,-2.21,1882.8768310546875,0.0,0.0,1,10
ZINC000000092784,-0.2,1882.871826171875,0.0002658104199888,0.0,1,-0.24,1882.873046875,0.0002009786102355,0.0,1,-0.33,1882.87255859375,0.0002269113341368,0.0,1,-0.34,1882.8726196289065,0.0002236697436491,0.0,1,-0.35,1882.870178222656,0.0003533333631559,0.0,1,-0.36,1882.8715209960933,0.0002820183724272,0.0,1,-0.43,1882.8734130859373,0.0001815290673094,0.0,1,-0.44,1882.872802734375,0.0002139449721861,0.0,1,-0.54,1882.87451171875,0.0001231804385314,0.0,1,-0.67,1882.872009277344,0.0002560856485258,0.0,1,10
ZINC000000093488,-0.33,1882.8709411621087,0.00031281348206,0.0,1,-0.35,1882.8699951171875,0.0003630581346189,0.0,1,-0.71,1882.8718872070312,0.0002625688295012,0.0,1,-0.97,1882.870513916016,0.0003355046154737,0.0,1,-1.03,1882.8704223632808,0.0003403670012052,0.0,1,-1.11,1882.8702697753904,0.0003484709774244,0.0,1,-1.19,1882.8704223632808,0.0003403670012052,0.0,1,-1.51,1882.8717956542969,0.0002674312152327,0.0,1,-2.19,1882.8709106445312,0.0003144342773039,0.0,1,-3.33,1882.86767578125,0.0004862385731504,0.0,1,10
ZINC000000094069,-0.04,1882.8685302734373,0.000440856306323,0.0,1,-0.18,1882.871154785156,0.0003014679153532,0.0,1,-0.18,1882.8701171875,0.0003565749536436,0.0,1,-0.38,1882.866271972656,0.0005607951543668,0.0,1,-0.43,1882.869873046875,0.0003695413155943,0.0,1,-0.46,1882.8685302734373,0.000440856306323,0.0,1,-0.65,1882.8670043945312,0.0005218960685147,0.0,1,-0.86,1882.8696899414065,0.0003792660870573,0.0,1,-1.28,1882.8678588867188,0.0004765138016874,0.0,1,-2.48,1882.868103027344,0.0004635474397367,0.0,1,10
ZINC000000094270,-0.01,1882.8751525878904,8.91437384109088e-05,0.0,1,-0.1,1882.8746643066409,0.0001150764623122,0.0,1,-0.16,1882.8758239746087,5.348624304654528e-05,0.0,1,-0.24,1882.87646484375,1.9449542926016468e-05,0.0,1,-0.34,1882.8768310546875,0.0,0.0,1,-0.4,1882.8768310546875,0.0,0.0,1,-0.43,1882.8753662109373,7.779817170406587e-05,0.0,1,-0.44,1882.875518798828,6.969419548489234e-05,0.0,1,-1.55,1882.876007080078,4.376147158353705e-05,0.0,1,-1.74,1882.87631225586,2.755351914519e-05,0.0,1,10
ZINC000000094271,-0.29,1882.8761596679688,3.565749536436352e-05,0.0,1,-0.3,1882.8753051757808,8.103976219173528e-05,0.0,1,-0.43,1882.8754272460933,7.455658121639646e-05,0.0,1,-0.47,1882.8759765625,4.538226682737176e-05,0.0,1,-0.49,1882.8756713867188,6.15902192657188e-05,0.0,1,-0.5,1882.8754272460933,7.455658121639646e-05,0.0,1,-0.52,1882.8746948242188,0.0001134556670684,0.0,1,-0.54,1882.8756713867188,6.15902192657188e-05,0.0,1,-1.35,1882.8765258789065,1.6207952438347055e-05,0.0,1,-2.11,1882.8743286132808,0.0001329052099944,0.0,1,10
ZINC000000094306,-0.8,1882.8738403320312,0.0001588379338958,0.0,1,-0.96,1882.8730163574216,0.0002025994054793,0.0,1,-0.99,1882.873779296875,0.0001620795243834,0.0,1,-1.15,1882.8734741210933,0.0001782874768218,0.0,1,-1.15,1882.8741149902344,0.0001442507767012,0.0,1,-1.25,1882.8727111816409,0.0002188073579176,0.0,1,-3.18,1882.872314453125,0.0002398776960875,0.0,1,-3.29,1882.8733215332031,0.0001863914530409,0.0,1,-3.45,1882.8717346191409,0.0002706728057203,0.0,1,-3.8,1882.872528076172,0.0002285321293806,0.0,1,10
ZINC000000094971,-0.24,1882.8703002929688,0.0003468501821806,0.0,1,-0.32,1882.8704833984373,0.0003371254107176,0.0,1,-0.36,1882.8705444335933,0.0003338838202299,0.0,1,-0.4,1882.8709106445312,0.0003144342773039,0.0,1,-0.43,1882.8704223632808,0.0003403670012052,0.0,1,-0.47,1882.871154785156,0.0003014679153532,0.0,1,-0.69,1882.8713989257808,0.0002885015534025,0.0,1,-0.72,1882.8703002929688,0.0003468501821806,0.0,1,-2.95,1882.8714599609373,0.0002852599629149,0.0,1,-5.42,1882.8746948242188,0.0001134556670684,0.0,1,10
ZINC000000095093,-0.53,1882.8715209960933,0.0002820183724272,0.0,1,-0.76,1882.8707275390625,0.0003241590487669,0.0,1,-0.97,1882.8716430664065,0.0002755351914518,0.0,1,-1.14,1882.8699340820312,0.0003662997251066,0.0,1,-1.22,1882.8702392578125,0.0003500917726682,0.0,1,-1.25,1882.871154785156,0.0003014679153532,0.0,1,-1.28,1882.8699340820312,0.0003662997251066,0.0,1,-1.47,1882.873107910156,0.0001977370197478,0.0,1,-1.57,1882.8695068359373,0.0003889908585203,0.0,1,-1.62,1882.8704833984373,0.0003371254107176,0.0,1,10
ZINC000000095339,-0.49,1882.8724365234373,0.0002333945151121,0.0,1,-0.53,1882.8715209960933,0.0002820183724272,0.0,1,-0.73,1882.8727722167969,0.00021556576743,0.0,1,-1.45,1882.87451171875,0.0001231804385314,0.0,1,-1.46,1882.869079589844,0.000411681991934,0.0,1,-1.46,1882.8724975585933,0.0002301529246245,0.0,1,-1.79,1882.8699951171875,0.0003630581346189,0.0,1,-2.04,1882.8713989257808,0.0002885015534025,0.0,1,-2.39,1882.87255859375,0.0002269113341368,0.0,1,-2.73,1882.873046875,0.0002009786102355,0.0,1,10
ZINC000000095396,-0.79,1882.869201660156,0.0004051988109586,0.0,1,-0.93,1882.8694458007808,0.0003922324490079,0.0,1,-1.06,1882.870574951172,0.0003322630249861,0.0,1,-1.12,1882.868194580078,0.0004586850540052,0.0,1,-1.2,1882.8692321777344,0.0004035780157148,0.0,1,-1.21,1882.8688659667969,0.0004230275586408,0.0,1,-1.3,1882.8697204589844,0.0003776452918134,0.0,1,-1.35,1882.8693237304688,0.0003987156299833,0.0,1,-1.68,1882.8675537109373,0.0004927217541257,0.0,1,-2.1,1882.8693237304688,0.0003987156299833,0.0,1,10
ZINC000000095485,-0.69,1882.8728942871087,0.0002090825864546,0.0,1,-0.72,1882.8728637695312,0.0002107033816985,0.0,1,-0.76,1882.8739013671875,0.0001555963434081,0.0,1,-0.84,1882.875061035156,9.400612414241292e-05,0.0,1,-0.87,1882.8730163574216,0.0002025994054793,0.0,1,-0.9,1882.8734130859373,0.0001815290673094,0.0,1,-1.0,1882.8749084472656,0.0001021101003615,0.0,1,-1.16,1882.8739013671875,0.0001555963434081,0.0,1,-1.18,1882.8756408691409,6.321101450955351e-05,0.0,1,-1.47,1882.8734741210933,0.0001782874768218,0.0,1,10
ZINC000000095513,0.26,1882.8768310546875,0.0,0.0,1,0.21,1882.8768310546875,0.0,0.0,1,0.21,1882.8768310546875,0.0,0.0,1,0.18,1882.8768310546875,0.0,0.0,1,-0.1,1882.8768310546875,0.0,0.0,1,-0.19,1882.87451171875,0.0001231804385314,0.0,1,-0.66,1882.8768310546875,0.0,0.0,1,-0.77,1882.8768310546875,0.0,0.0,1,-0.78,1882.8768310546875,0.0,0.0,1,-0.83,1882.8768310546875,0.0,0.0,1,10
ZINC000000095519,0.01,1882.8752746582031,8.266055743556999e-05,0.0,1,-0.17,1882.8727722167969,0.00021556576743,0.0,1,-0.24,1882.8736877441409,0.0001669419101149,0.0,1,-0.31,1882.8731994628904,0.0001928746340163,0.0,1,-0.34,1882.8736877441409,0.0001669419101149,0.0,1,-0.41,1882.872100830078,0.0002512232627943,0.0,1,-0.44,1882.8731689453125,0.0001944954292601,0.0,1,-0.57,1882.873077392578,0.0001993578149916,0.0,1,-1.69,1882.8713073730469,0.000293363939134,0.0,1,-5.24,1882.8746032714844,0.0001183180527999,0.0,1,10
ZINC000000095711,-0.77,1882.8743896484373,0.0001296636195067,0.0,1,-1.25,1882.8753051757808,8.103976219173528e-05,0.0,1,-1.32,1882.874755859375,0.0001102140765807,0.0,1,-1.74,1882.8748168945312,0.000106972486093,0.0,1,-1.87,1882.875732421875,5.83486287780494e-05,0.0,1,-1.93,1882.8746337890625,0.000116697257556,0.0,1,-2.29,1882.872314453125,0.0002398776960875,0.0,1,-3.62,1882.8721923828125,0.0002463608770628,0.0,1,-4.35,1882.87353515625,0.0001750458863341,0.0,1,-4.49,1882.8734741210933,0.0001782874768218,0.0,1,10
ZINC000000096204,-0.13,1882.8680419921875,0.0004667890302243,0.0,1,-0.92,1882.8660278320312,0.0005737615163174,0.0,1,-1.64,1882.867248535156,0.000508929706564,0.0,1,-1.76,1882.86767578125,0.0004862385731504,0.0,1,-1.81,1882.8677978515625,0.000479755392175,0.0,1,-2.04,1882.868408203125,0.0004473394872983,0.0,1,-2.13,1882.8654174804688,0.0006061774211941,0.0,1,-2.2,1882.864318847656,0.0006645260499722,0.0,1,-2.76,1882.8653564453125,0.0006094190116818,0.0,1,-2.83,1882.86572265625,0.0005899694687558,0.0,1,10
ZINC000000096244,-0.43,1882.8680419921875,0.0004667890302243,0.0,1,-0.44,1882.8678588867188,0.0004765138016874,0.0,1,-0.44,1882.8677368164065,0.0004829969826627,0.0,1,-0.44,1882.8670654296875,0.0005186544780271,0.0,1,-0.5,1882.8672790527344,0.0005073089113202,0.0,1,-0.51,1882.8699645996087,0.0003646789298628,0.0,1,-0.51,1882.8687438964844,0.0004295107396161,0.0,1,-0.54,1882.8674011230469,0.0005008257303449,0.0,1,-0.68,1882.867431640625,0.000499204935101,0.0,1,-1.93,1882.8653564453125,0.0006094190116818,0.0,1,10
ZINC000000096562,-0.57,1882.868896484375,0.000421406763397,0.0,1,-0.76,1882.869140625,0.0004084404014463,0.0,1,-0.86,1882.8699340820312,0.0003662997251066,0.0,1,-1.13,1882.8703308105469,0.0003452293869367,0.0,1,-1.14,1882.8700866699216,0.0003581957488874,0.0,1,-1.15,1882.8685913085933,0.0004376147158353,0.0,1,-1.17,1882.87060546875,0.0003306422297422,0.0,1,-1.44,1882.8695678710933,0.0003857492680326,0.0,1,-2.03,1882.869201660156,0.0004051988109586,0.0,1,-2.11,1882.8696899414065,0.0003792660870573,0.0,1,10
ZINC000000096617,0.16,1882.8717041015625,0.0002722936009642,0.0,1,0.11,1882.872009277344,0.0002560856485258,0.0,1,-0.05,1882.87255859375,0.0002269113341368,0.0,1,-0.29,1882.8717651367188,0.0002690520104765,0.0,1,-0.51,1882.87158203125,0.0002787767819395,0.0,1,-1.2,1882.871337890625,0.0002917431438902,0.0,1,-1.22,1882.8704223632808,0.0003403670012052,0.0,1,-1.23,1882.86962890625,0.0003825076775449,0.0,1,-1.25,1882.870849609375,0.0003176758677916,0.0,1,-2.67,1882.8696899414065,0.0003792660870573,0.0,1,10
ZINC000000096796,-0.25,1882.8673095703125,0.0005056881160764,0.0,1,-0.25,1882.867126464844,0.0005154128875394,0.0,1,-0.33,1882.867919921875,0.0004732722111997,0.0,1,-0.42,1882.8668823242188,0.0005283792494901,0.0,1,-0.42,1882.8666381835933,0.0005413456114407,0.0,1,-0.5,1882.867919921875,0.0004732722111997,0.0,1,-0.55,1882.8684692382808,0.0004440978968107,0.0,1,-0.6,1882.867431640625,0.000499204935101,0.0,1,-0.66,1882.8671875,0.0005121712970517,0.0,1,-2.44,1882.8662109375,0.0005640367448544,0.0,1,10
ZINC000000097340,-0.07,1882.8718872070312,0.0002625688295012,0.0,1,-0.52,1882.869873046875,0.0003695413155943,0.0,1,-0.91,1882.869140625,0.0004084404014463,0.0,1,-0.93,1882.8724365234373,0.0002333945151121,0.0,1,-0.96,1882.8707275390625,0.0003241590487669,0.0,1,-1.04,1882.8709716796875,0.0003111926868162,0.0,1,-1.15,1882.871124267578,0.000303088710597,0.0,1,-1.2,1882.8703002929688,0.0003468501821806,0.0,1,-2.17,1882.8710021972656,0.0003095718915724,0.0,1,-5.77,1882.86865234375,0.0004343731253477,0.0,1,10
ZINC000000097678,0.0,1882.873107910156,0.0001977370197478,0.0,1,-0.02,1882.872985839844,0.0002042202007231,0.0,1,-0.02,1882.8731689453125,0.0001944954292601,0.0,1,-0.24,1882.8719482421875,0.0002593272390135,0.0,1,-0.77,1882.8712768554688,0.0002949847343779,0.0,1,-0.87,1882.8732299804688,0.0001912538387724,0.0,1,-1.0,1882.8737182617188,0.0001653211148711,0.0,1,-1.14,1882.8732299804688,0.0001912538387724,0.0,1,-1.65,1882.8709716796875,0.0003111926868162,0.0,1,-1.82,1882.87109375,0.0003047095058409,0.0,1,10
ZINC000000097683,-0.32,1882.8679809570312,0.000470030620712,0.0,1,-0.61,1882.8673706054688,0.0005024465255887,0.0,1,-0.67,1882.86767578125,0.0004862385731504,0.0,1,-0.77,1882.868103027344,0.0004635474397367,0.0,1,-0.77,1882.8682861328125,0.0004538226682737,0.0,1,-0.83,1882.8682861328125,0.0004538226682737,0.0,1,-1.11,1882.8687744140625,0.0004278899443723,0.0,1,-1.16,1882.8685913085933,0.0004376147158353,0.0,1,-1.54,1882.8699645996087,0.0003646789298628,0.0,1,-1.82,1882.8678588867188,0.0004765138016874,0.0,1,10
ZINC000000097811,-0.28,1882.8709106445312,0.0003144342773039,0.0,1,-0.39,1882.8689880371087,0.0004165443776655,0.0,1,-0.4,1882.86752319336,0.0004943425493695,0.0,1,-0.42,1882.8689575195312,0.0004181651729093,0.0,1,-0.52,1882.8680419921875,0.0004667890302243,0.0,1,-0.63,1882.870513916016,0.0003355046154737,0.0,1,-1.02,1882.8678283691409,0.0004781345969312,0.0,1,-1.24,1882.8676147460933,0.000489480163638,0.0,1,-1.72,1882.869598388672,0.0003841284727888,0.0,1,-5.32,1882.8678588867188,0.0004765138016874,0.0,1,10
ZINC000000097873,-0.18,1882.871032714844,0.0003079510963285,0.0,1,-0.61,1882.8714599609373,0.0002852599629149,0.0,1,-0.71,1882.8723754882808,0.0002366361055998,0.0,1,-1.02,1882.872802734375,0.0002139449721861,0.0,1,-1.08,1882.8736572265625,0.0001685627053588,0.0,1,-1.22,1882.8728637695312,0.0002107033816985,0.0,1,-1.36,1882.872131347656,0.0002496024675505,0.0,1,-1.4,1882.873291015625,0.0001880122482848,0.0,1,-1.62,1882.8754272460933,7.455658121639646e-05,0.0,1,-2.21,1882.872314453125,0.0002398776960875,0.0,1,10
ZINC000000098250,-0.03,1882.8768310546875,0.0,0.0,1,-0.28,1882.8768310546875,0.0,0.0,1,-0.31,1882.8768310546875,0.0,0.0,1,-0.33,1882.8768310546875,0.0,0.0,1,-0.42,1882.8768310546875,0.0,0.0,1,-1.72,1882.8768310546875,0.0,0.0,1,-1.79,1882.8768310546875,0.0,0.0,1,-1.9,1882.8768310546875,0.0,0.0,1,-1.97,1882.8768310546875,0.0,0.0,1,-2.01,1882.8768310546875,0.0,0.0,1,10
ZINC000000098333,-0.11,1882.865997314453,0.0005753823115613,0.0,1,-0.8,1882.8656005859373,0.0005964526497311,0.0,1,-0.81,1882.8653259277344,0.0006110398069256,0.0,1,-0.94,1882.8661193847656,0.0005688991305859,0.0,1,-0.94,1882.866668701172,0.0005397248161969,0.0,1,-0.97,1882.8658142089844,0.0005851070830243,0.0,1,-1.16,1882.8663940429688,0.0005543119733914,0.0,1,-1.27,1882.8656616210933,0.0005932110592435,0.0,1,-1.51,1882.8659057617188,0.0005802446972928,0.0,1,-3.71,1882.865173339844,0.0006191437831448,0.0,1,10
ZINC000000098438,-1.12,1882.8732299804688,0.0001912538387724,0.0,1,-1.13,1882.872314453125,0.0002398776960875,0.0,1,-1.2,1882.8724975585933,0.0002301529246245,0.0,1,-1.22,1882.8726196289065,0.0002236697436491,0.0,1,-1.28,1882.8740234375,0.0001491131624327,0.0,1,-1.31,1882.873779296875,0.0001620795243834,0.0,1,-1.35,1882.8726196289065,0.0002236697436491,0.0,1,-1.42,1882.8724365234373,0.0002333945151121,0.0,1,-3.49,1882.873046875,0.0002009786102355,0.0,1,-5.11,1882.872131347656,0.0002496024675505,0.0,1,10
ZINC000000099192,-0.24,1882.870178222656,0.0003533333631559,0.0,1,-0.38,1882.870178222656,0.0003533333631559,0.0,1,-0.39,1882.8693237304688,0.0003987156299833,0.0,1,-0.48,1882.869384765625,0.0003954740394956,0.0,1,-0.55,1882.8688354492188,0.0004246483538846,0.0,1,-0.56,1882.86865234375,0.0004343731253477,0.0,1,-0.62,1882.8692626953125,0.000401957220471,0.0,1,-0.64,1882.8702392578125,0.0003500917726682,0.0,1,-0.76,1882.8709716796875,0.0003111926868162,0.0,1,-1.5,1882.872009277344,0.0002560856485258,0.0,1,10
ZINC000000099279,-0.18,1882.866271972656,0.0005607951543668,0.0,1,-0.19,1882.8660278320312,0.0005737615163174,0.0,1,-0.29,1882.865478515625,0.0006029358307065,0.0,1,-0.3,1882.8648071289065,0.0006385933260708,0.0,1,-0.39,1882.8646240234373,0.0006483180975338,0.0,1,-0.54,1882.8636474609373,0.0007001835453365,0.0,1,-1.05,1882.8660278320312,0.0005737615163174,0.0,1,-1.1,1882.8659057617188,0.0005802446972928,0.0,1,-1.24,1882.8674926757808,0.0004959633446134,0.0,1,-2.24,1882.8655395507808,0.0005996942402188,0.0,1,10
ZINC000000099452,-0.52,1882.8685913085933,0.0004376147158353,0.0,1,-0.53,1882.86865234375,0.0004343731253477,0.0,1,-0.65,1882.86865234375,0.0004343731253477,0.0,1,-0.72,1882.8687744140625,0.0004278899443723,0.0,1,-0.73,1882.8699951171875,0.0003630581346189,0.0,1,-0.77,1882.870056152344,0.0003598165441313,0.0,1,-0.88,1882.8703002929688,0.0003468501821806,0.0,1,-0.96,1882.869384765625,0.0003954740394956,0.0,1,-2.49,1882.868408203125,0.0004473394872983,0.0,1,-3.0,1882.8701171875,0.0003565749536436,0.0,1,10
ZINC000000099914,-1.26,1882.875732421875,5.83486287780494e-05,0.0,1,-1.31,1882.8724365234373,0.0002333945151121,0.0,1,-1.6,1882.8724365234373,0.0002333945151121,0.0,1,-1.91,1882.8729248046875,0.0002074617912108,0.0,1,-1.98,1882.873962402344,0.0001523547529204,0.0,1,-1.98,1882.8724365234373,0.0002333945151121,0.0,1,-2.0,1882.871826171875,0.0002658104199888,0.0,1,-2.15,1882.8740234375,0.0001491131624327,0.0,1,-2.53,1882.8715209960933,0.0002820183724272,0.0,1,-2.63,1882.8729248046875,0.0002074617912108,0.0,1,10
ZINC000000099965,0.04,1882.8684692382808,0.0004440978968107,0.0,1,-0.14,1882.8680419921875,0.0004667890302243,0.0,1,-0.15,1882.8690185546875,0.0004149235824216,0.0,1,-0.2,1882.8677368164065,0.0004829969826627,0.0,1,-0.21,1882.869873046875,0.0003695413155943,0.0,1,-0.23,1882.8695068359373,0.0003889908585203,0.0,1,-0.25,1882.8681640625,0.000460305849249,0.0,1,-0.43,1882.869079589844,0.000411681991934,0.0,1,-0.85,1882.868896484375,0.000421406763397,0.0,1,-2.79,1882.868225097656,0.0004570642587613,0.0,1,10
ZINC000000100267,-0.74,1882.866241455078,0.0005624159496106,0.0,1,-0.76,1882.867218017578,0.0005105505018079,0.0,1,-0.91,1882.8691101074216,0.0004100611966901,0.0,1,-0.93,1882.869537353516,0.0003873700632764,0.0,1,-0.96,1882.8697509765625,0.0003760244965696,0.0,1,-1.03,1882.8688659667969,0.0004230275586408,0.0,1,-1.12,1882.8690185546875,0.0004149235824216,0.0,1,-1.13,1882.8713684082031,0.0002901223486464,0.0,1,-2.41,1882.8695678710933,0.0003857492680326,0.0,1,-1000.0,471.744140625,0.0,0.0,0,9
ZINC000000100656,-0.45,1882.8768310546875,0.0,0.0,1,-0.53,1882.876037597656,4.214067633970235e-05,0.0,1,-0.56,1882.873779296875,0.0001620795243834,0.0,1,-0.59,1882.876708984375,6.483180975338823e-06,0.0,1,-0.66,1882.8742065429688,0.0001393883909697,0.0,1,-0.69,1882.87353515625,0.0001750458863341,0.0,1,-0.85,1882.8733520507808,0.0001847706577971,0.0,1,-1.06,1882.8761596679688,3.565749536436352e-05,0.0,1,-1.16,1882.8757934570312,5.510703829037999e-05,0.0,1,-1.2,1882.8751220703125,9.076453365474352e-05,0.0,1,10
ZINC000000100863,-0.39,1882.87240600586,0.000235015310356,0.0,1,-0.47,1882.873046875,0.0002009786102355,0.0,1,-0.49,1882.872833251953,0.0002123241769423,0.0,1,-0.51,1882.8742980957031,0.0001345260052382,0.0,1,-0.59,1882.8742370605469,0.0001377675957259,0.0,1,-0.69,1882.8745727539065,0.0001199388480437,0.0,1,-1.45,1882.872467041016,0.0002317737198683,0.0,1,-2.18,1882.8717041015625,0.0002722936009642,0.0,1,-2.47,1882.8737487792969,0.0001637003196273,0.0,1,-2.51,1882.8715209960933,0.0002820183724272,0.0,1,10
ZINC000000100950,-0.15,1882.8768310546875,0.0,0.0,1,-0.16,1882.8768310546875,0.0,0.0,1,-0.21,1882.8768310546875,0.0,0.0,1,-0.22,1882.8768310546875,0.0,0.0,1,-0.42,1882.8768310546875,0.0,0.0,1,-0.81,1882.8768310546875,0.0,0.0,1,-2.49,1882.8768310546875,0.0,0.0,1,-2.54,1882.8768310546875,0.0,0.0,1,-2.87,1882.8768310546875,0.0,0.0,1,-2.97,1882.8768310546875,0.0,0.0,1,10
ZINC000000101517,-0.69,1882.869079589844,0.000411681991934,0.0,1,-0.71,1882.868896484375,0.000421406763397,0.0,1,-0.8,1882.8701171875,0.0003565749536436,0.0,1,-0.89,1882.869873046875,0.0003695413155943,0.0,1,-0.92,1882.872009277344,0.0002560856485258,0.0,1,-0.96,1882.8692626953125,0.000401957220471,0.0,1,-0.99,1882.8696899414065,0.0003792660870573,0.0,1,-2.54,1882.87060546875,0.0003306422297422,0.0,1,-3.6,1882.8724365234373,0.0002333945151121,0.0,1,-1000.0,471.744140625,0.0,0.0,0,9
ZINC000000102169,-0.18,1882.8712768554688,0.0002949847343779,0.0,1,-0.55,1882.87060546875,0.0003306422297422,0.0,1,-0.56,1882.8716430664065,0.0002755351914518,0.0,1,-0.58,1882.8715209960933,0.0002820183724272,0.0,1,-0.63,1882.871826171875,0.0002658104199888,0.0,1,-0.74,1882.871032714844,0.0003079510963285,0.0,1,-0.84,1882.8716430664065,0.0002755351914518,0.0,1,-0.91,1882.872802734375,0.0002139449721861,0.0,1,-1.03,1882.8712768554688,0.0002949847343779,0.0,1,-2.52,1882.8737182617188,0.0001653211148711,0.0,1,10
ZINC000000102335,-0.13,1882.8674926757808,0.0004959633446134,0.0,1,-0.46,1882.8648681640625,0.0006353517355832,0.0,1,-0.46,1882.8653869628904,0.000607798216438,0.0,1,-0.47,1882.8679809570312,0.000470030620712,0.0,1,-0.48,1882.865692138672,0.0005915902639996,0.0,1,-0.74,1882.866455078125,0.0005510703829037,0.0,1,-0.95,1882.8642578125,0.0006677676404598,0.0,1,-1.39,1882.8655090332031,0.0006013150354626,0.0,1,-2.15,1882.864990234375,0.0006288685546078,0.0,1,-2.65,1882.8643798828125,0.0006612844594845,0.0,1,10
ZINC000000102691,-0.13,1882.86669921875,0.0005381040209531,0.0,1,-0.17,1882.8646850585933,0.0006450765070462,0.0,1,-0.18,1882.8646240234373,0.0006483180975338,0.0,1,-0.34,1882.8635864257808,0.0007034251358242,0.0,1,-0.39,1882.8648071289065,0.0006385933260708,0.0,1,-0.39,1882.864013671875,0.0006807340024105,0.0,1,-0.48,1882.8657836914065,0.0005867278782681,0.0,1,-0.71,1882.8635864257808,0.0007034251358242,0.0,1,-1.37,1882.8663940429688,0.0005543119733914,0.0,1,-2.3,1882.8648071289065,0.0006385933260708,0.0,1,10
ZINC000000102941,-0.46,1882.8768310546875,0.0,0.0,1,-0.46,1882.8768310546875,0.0,0.0,1,-0.46,1882.8768310546875,0.0,0.0,1,-0.47,1882.8768310546875,0.0,0.0,1,-0.5,1882.8768310546875,0.0,0.0,1,-0.63,1882.8768310546875,0.0,0.0,1,-1.09,1882.8768310546875,0.0,0.0,1,-1.17,1882.8768310546875,0.0,0.0,1,-1.79,1882.8768310546875,0.0,0.0,1,-5.21,1882.8768310546875,0.0,0.0,1,10
ZINC000000103006,-0.3,1882.8768310546875,0.0,0.0,1,-0.58,1882.8768310546875,0.0,0.0,1,-0.6,1882.8768310546875,0.0,0.0,1,-0.72,1882.8763427734373,2.593272390135529e-05,0.0,1,-0.79,1882.8768310546875,0.0,0.0,1,-0.79,1882.8768310546875,0.0,0.0,1,-0.81,1882.8768310546875,0.0,0.0,1,-1.03,1882.8768310546875,0.0,0.0,1,-1.11,1882.8768310546875,0.0,0.0,1,-1.37,1882.8766479492188,9.724771463008234e-06,0.0,1,10
ZINC000000103134,-0.56,1882.8715209960933,0.0002820183724272,0.0,1,-0.69,1882.8721923828125,0.0002463608770628,0.0,1,-0.75,1882.872131347656,0.0002496024675505,0.0,1,-0.95,1882.872802734375,0.0002139449721861,0.0,1,-1.12,1882.872100830078,0.0002512232627943,0.0,1,-1.57,1882.873107910156,0.0001977370197478,0.0,1,-2.23,1882.8726806640625,0.0002204281531615,0.0,1,-2.62,1882.8724365234373,0.0002333945151121,0.0,1,-3.51,1882.8719482421875,0.0002593272390135,0.0,1,-5.79,1882.8727416992188,0.0002171865626738,0.0,1,10
ZINC000000103659,0.63,1882.8685302734373,0.000440856306323,0.0,1,0.62,1882.86865234375,0.0004343731253477,0.0,1,0.62,1882.8682861328125,0.0004538226682737,0.0,1,0.6,1882.868896484375,0.000421406763397,0.0,1,0.6,1882.8683471679688,0.000450581077786,0.0,1,0.55,1882.8685302734373,0.000440856306323,0.0,1,0.54,1882.8687744140625,0.0004278899443723,0.0,1,0.52,1882.86865234375,0.0004343731253477,0.0,1,0.5,1882.8685302734373,0.000440856306323,0.0,1,0.4,1882.8675537109373,0.0004927217541257,0.0,1,10
ZINC000000103861,-0.82,1882.8723754882808,0.0002366361055998,0.0,1,-0.99,1882.8719787597656,0.0002577064437697,0.0,1,-1.22,1882.8706665039065,0.0003274006392546,0.0,1,-1.36,1882.8729248046875,0.0002074617912108,0.0,1,-1.61,1882.87109375,0.0003047095058409,0.0,1,-1.62,1882.871490478516,0.000283639167671,0.0,1,-1.71,1882.8710632324216,0.0003063303010847,0.0,1,-1.72,1882.8698120117188,0.0003727829060819,0.0,1,-1.73,1882.8713989257808,0.0002885015534025,0.0,1,-1.84,1882.8722534179688,0.0002431192865752,0.0,1,10
ZINC000000103920,-0.35,1882.869140625,0.0004084404014463,0.0,1,-0.42,1882.869140625,0.0004084404014463,0.0,1,-0.53,1882.869201660156,0.0004051988109586,0.0,1,-0.58,1882.8718872070312,0.0002625688295012,0.0,1,-0.7,1882.8699951171875,0.0003630581346189,0.0,1,-0.74,1882.8717041015625,0.0002722936009642,0.0,1,-0.94,1882.870361328125,0.0003436085916929,0.0,1,-1.1,1882.8698120117188,0.0003727829060819,0.0,1,-1.41,1882.8687133789065,0.00043113153486,0.0,1,-1.6,1882.8687133789065,0.00043113153486,0.0,1,10
ZINC000000104990,-0.45,1882.8719482421875,0.0002593272390135,0.0,1,-0.8,1882.870178222656,0.0003533333631559,0.0,1,-1.03,1882.872009277344,0.0002560856485258,0.0,1,-1.07,1882.8709106445312,0.0003144342773039,0.0,1,-1.09,1882.8716430664065,0.0002755351914518,0.0,1,-1.11,1882.8709106445312,0.0003144342773039,0.0,1,-1.14,1882.8704833984373,0.0003371254107176,0.0,1,-1.18,1882.8702392578125,0.0003500917726682,0.0,1,-1.23,1882.8709716796875,0.0003111926868162,0.0,1,-1.39,1882.872131347656,0.0002496024675505,0.0,1,10
ZINC000000106233,-0.16,1882.8741149902344,0.0001442507767012,0.0,1,-0.2,1882.873291015625,0.0001880122482848,0.0,1,-0.22,1882.87435913086,0.0001312844147506,0.0,1,-0.23,1882.8749694824216,9.886850987391704e-05,0.0,1,-0.26,1882.873779296875,0.0001620795243834,0.0,1,-0.3,1882.8741455078125,0.0001426299814574,0.0,1,-0.38,1882.87451171875,0.0001231804385314,0.0,1,-0.64,1882.875915527344,4.8623857315041175e-05,0.0,1,-1.01,1882.873291015625,0.0001880122482848,0.0,1,-1.51,1882.871826171875,0.0002658104199888,0.0,1,10
ZINC000000106335,0.02,1882.86767578125,0.0004862385731504,0.0,1,-0.0,1882.86767578125,0.0004862385731504,0.0,1,-0.01,1882.8673095703125,0.0005056881160764,0.0,1,-0.05,1882.8698120117188,0.0003727829060819,0.0,1,-0.09,1882.8697814941409,0.0003744037013258,0.0,1,-0.12,1882.8690185546875,0.0004149235824216,0.0,1,-0.16,1882.8682861328125,0.0004538226682737,0.0,1,-0.61,1882.8707885742188,0.0003209174582792,0.0,1,-0.69,1882.8685302734373,0.000440856306323,0.0,1,-1.15,1882.8672790527344,0.0005073089113202,0.0,1,10
ZINC000000106481,-0.1,1882.866455078125,0.0005510703829037,0.0,1,-0.13,1882.86669921875,0.0005381040209531,0.0,1,-0.32,1882.866455078125,0.0005510703829037,0.0,1,-0.35,1882.867248535156,0.000508929706564,0.0,1,-0.41,1882.866149902344,0.0005672783353421,0.0,1,-0.42,1882.869384765625,0.0003954740394956,0.0,1,-0.66,1882.8666381835933,0.0005413456114407,0.0,1,-1.47,1882.8673095703125,0.0005056881160764,0.0,1,-2.43,1882.867919921875,0.0004732722111997,0.0,1,-2.95,1882.867919921875,0.0004732722111997,0.0,1,10
ZINC000000106644,0.13,1882.8700256347656,0.0003614373393751,0.0,1,0.07,1882.8707885742188,0.0003209174582792,0.0,1,-0.05,1882.8695678710933,0.0003857492680326,0.0,1,-0.06,1882.871612548828,0.0002771559866957,0.0,1,-0.08,1882.8699951171875,0.0003630581346189,0.0,1,-0.31,1882.8697509765625,0.0003760244965696,0.0,1,-0.32,1882.8706665039065,0.0003274006392546,0.0,1,-0.52,1882.8732604980469,0.0001896330435286,0.0,1,-0.95,1882.8702087402344,0.0003517125679121,0.0,1,-1.48,1882.8702697753904,0.0003484709774244,0.0,1,10
ZINC000000106772,-0.02,1882.8712158203125,0.0002982263248655,0.0,1,-0.05,1882.8713684082031,0.0002901223486464,0.0,1,-0.74,1882.8736572265625,0.0001685627053588,0.0,1,-0.75,1882.8714599609373,0.0002852599629149,0.0,1,-0.93,1882.874053955078,0.0001474923671889,0.0,1,-0.95,1882.87255859375,0.0002269113341368,0.0,1,-1.28,1882.8719787597656,0.0002577064437697,0.0,1,-1.37,1882.8717346191409,0.0002706728057203,0.0,1,-1.93,1882.870056152344,0.0003598165441313,0.0,1,-2.08,1882.8706665039065,0.0003274006392546,0.0,1,10
ZINC000000106900,-0.39,1882.8768310546875,0.0,0.0,1,-0.43,1882.8759765625,4.538226682737176e-05,0.0,1,-0.49,1882.8768310546875,0.0,0.0,1,-0.49,1882.8768310546875,0.0,0.0,1,-0.57,1882.8768310546875,0.0,0.0,1,-0.66,1882.8768310546875,0.0,0.0,1,-0.71,1882.8768310546875,0.0,0.0,1,-0.78,1882.8768310546875,0.0,0.0,1,-0.9,1882.8768310546875,0.0,0.0,1,-0.94,1882.8768310546875,0.0,0.0,1,10
ZINC000000107079,-0.15,1882.8699951171875,0.0003630581346189,0.0,1,-0.37,1882.8699340820312,0.0003662997251066,0.0,1,-0.46,1882.8709716796875,0.0003111926868162,0.0,1,-0.54,1882.870361328125,0.0003436085916929,0.0,1,-0.56,1882.8699340820312,0.0003662997251066,0.0,1,-1.01,1882.8703002929688,0.0003468501821806,0.0,1,-1.63,1882.8714599609373,0.0002852599629149,0.0,1,-1.67,1882.8703002929688,0.0003468501821806,0.0,1,-1.68,1882.871154785156,0.0003014679153532,0.0,1,-1.82,1882.8701171875,0.0003565749536436,0.0,1,10
ZINC000000107161,-0.26,1882.8768310546875,0.0,0.0,1,-0.43,1882.8768310546875,0.0,0.0,1,-0.54,1882.8768310546875,0.0,0.0,1,-0.57,1882.8768310546875,0.0,0.0,1,-0.7,1882.8768310546875,0.0,0.0,1,-1.71,1882.8768310546875,0.0,0.0,1,-1.92,1882.8768310546875,0.0,0.0,1,-2.45,1882.8768310546875,0.0,0.0,1,-2.55,1882.8768310546875,0.0,0.0,1,-3.4,1882.8768310546875,0.0,0.0,1,10
ZINC000000107241,-0.23,1882.8716430664065,0.0002755351914518,0.0,1,-0.32,1882.8709106445312,0.0003144342773039,0.0,1,-0.55,1882.8707275390625,0.0003241590487669,0.0,1,-0.8,1882.872467041016,0.0002317737198683,0.0,1,-0.82,1882.8705444335933,0.0003338838202299,0.0,1,-0.88,1882.8695678710933,0.0003857492680326,0.0,1,-1.07,1882.8715209960933,0.0002820183724272,0.0,1,-2.64,1882.8709716796875,0.0003111926868162,0.0,1,-2.74,1882.8714599609373,0.0002852599629149,0.0,1,-3.17,1882.872131347656,0.0002496024675505,0.0,1,10
ZINC000000107242,-0.62,1882.870849609375,0.0003176758677916,0.0,1,-0.64,1882.870056152344,0.0003598165441313,0.0,1,-0.7,1882.8707275390625,0.0003241590487669,0.0,1,-0.8,1882.86962890625,0.0003825076775449,0.0,1,-0.82,1882.8687744140625,0.0004278899443723,0.0,1,-0.85,1882.8685302734373,0.000440856306323,0.0,1,-0.91,1882.869201660156,0.0004051988109586,0.0,1,-1.96,1882.87255859375,0.0002269113341368,0.0,1,-2.45,1882.8701171875,0.0003565749536436,0.0,1,-1000.0,471.744140625,0.0,0.0,0,9
ZINC000000107264,-0.52,1882.8697509765625,0.0003760244965696,0.0,1,-0.54,1882.869873046875,0.0003695413155943,0.0,1,-0.56,1882.871032714844,0.0003079510963285,0.0,1,-0.62,1882.8699951171875,0.0003630581346189,0.0,1,-0.72,1882.8666381835933,0.0005413456114407,0.0,1,-0.77,1882.8673706054688,0.0005024465255887,0.0,1,-0.83,1882.870056152344,0.0003598165441313,0.0,1,-0.99,1882.869201660156,0.0004051988109586,0.0,1,-1.16,1882.8688354492188,0.0004246483538846,0.0,1,-2.44,1882.8703002929688,0.0003468501821806,0.0,1,10
ZINC000000107879,-0.52,1882.8690185546875,0.0004149235824216,0.0,1,-0.58,1882.8705444335933,0.0003338838202299,0.0,1,-0.62,1882.869384765625,0.0003954740394956,0.0,1,-0.67,1882.8687744140625,0.0004278899443723,0.0,1,-0.76,1882.8695068359373,0.0003889908585203,0.0,1,-0.81,1882.8713989257808,0.0002885015534025,0.0,1,-0.81,1882.871032714844,0.0003079510963285,0.0,1,-0.95,1882.8715209960933,0.0002820183724272,0.0,1,-1.07,1882.8703002929688,0.0003468501821806,0.0,1,-1.2,1882.871154785156,0.0003014679153532,0.0,1,10
ZINC000000107998,-0.25,1882.8675537109373,0.0004927217541257,0.0,1,-0.6,1882.8649291992188,0.0006321101450955,0.0,1,-0.81,1882.8656005859373,0.0005964526497311,0.0,1,-0.81,1882.866455078125,0.0005510703829037,0.0,1,-0.81,1882.8646240234373,0.0006483180975338,0.0,1,-0.83,1882.865966796875,0.0005770031068051,0.0,1,-0.98,1882.8648681640625,0.0006353517355832,0.0,1,-1.25,1882.867431640625,0.000499204935101,0.0,1,-1.55,1882.8653564453125,0.0006094190116818,0.0,1,-1.91,1882.865478515625,0.0006029358307065,0.0,1,10
ZINC000000108022,-0.26,1882.8677978515625,0.000479755392175,0.0,1,-0.44,1882.87060546875,0.0003306422297422,0.0,1,-0.56,1882.869201660156,0.0004051988109586,0.0,1,-0.57,1882.86767578125,0.0004862385731504,0.0,1,-0.68,1882.8678588867188,0.0004765138016874,0.0,1,-0.97,1882.8687744140625,0.0004278899443723,0.0,1,-1.06,1882.866943359375,0.0005251376590024,0.0,1,-1.12,1882.86767578125,0.0004862385731504,0.0,1,-2.28,1882.868225097656,0.0004570642587613,0.0,1,-2.31,1882.868682861328,0.0004327523301038,0.0,1,10
ZINC000000108565,0.1,1882.8704223632808,0.0003403670012052,0.0,1,-0.02,1882.8688354492188,0.0004246483538846,0.0,1,-0.51,1882.8697509765625,0.0003760244965696,0.0,1,-0.64,1882.8703002929688,0.0003468501821806,0.0,1,-0.71,1882.870849609375,0.0003176758677916,0.0,1,-0.76,1882.8717651367188,0.0002690520104765,0.0,1,-0.78,1882.8706665039065,0.0003274006392546,0.0,1,-0.85,1882.870178222656,0.0003533333631559,0.0,1,-1.37,1882.8684692382808,0.0004440978968107,0.0,1,-1.62,1882.8695678710933,0.0003857492680326,0.0,1,10
ZINC000000108783,-0.68,1882.8721923828125,0.0002463608770628,0.0,1,-0.75,1882.8734741210933,0.0001782874768218,0.0,1,-0.77,1882.869384765625,0.0003954740394956,0.0,1,-0.88,1882.8698120117188,0.0003727829060819,0.0,1,-0.92,1882.8745727539065,0.0001199388480437,0.0,1,-0.99,1882.8699951171875,0.0003630581346189,0.0,1,-1.02,1882.8748168945312,0.000106972486093,0.0,1,-1.16,1882.8743286132808,0.0001329052099944,0.0,1,-2.16,1882.8695068359373,0.0003889908585203,0.0,1,-2.8,1882.8682861328125,0.0004538226682737,0.0,1,10
ZINC000000108853,0.18,1882.8643493652344,0.0006629052547283,0.0,1,0.15,1882.865020751953,0.000627247759364,0.0,1,0.13,1882.864715576172,0.0006434557118023,0.0,1,-0.02,1882.8651428222656,0.0006207645783886,0.0,1,-0.05,1882.865264892578,0.0006142813974133,0.0,1,-0.73,1882.864044189453,0.0006791132071667,0.0,1,-1.72,1882.864318847656,0.0006645260499722,0.0,1,-2.14,1882.8653564453125,0.0006094190116818,0.0,1,-2.44,1882.864501953125,0.0006548012785092,0.0,1,-2.54,1882.8653564453125,0.0006094190116818,0.0,1,10
ZINC000000109260,-0.54,1882.872802734375,0.0002139449721861,0.0,1,-0.74,1882.8737182617188,0.0001653211148711,0.0,1,-0.8,1882.8732299804688,0.0001912538387724,0.0,1,-0.83,1882.875244140625,8.42813526794047e-05,0.0,1,-0.95,1882.8729553222656,0.000205840995967,0.0,1,-1.16,1882.87353515625,0.0001750458863341,0.0,1,-1.17,1882.8733520507808,0.0001847706577971,0.0,1,-1.23,1882.873962402344,0.0001523547529204,0.0,1,-1.39,1882.8743286132808,0.0001329052099944,0.0,1,-1.77,1882.8742065429688,0.0001393883909697,0.0,1,10
ZINC000000109364,-0.02,1882.8707580566409,0.0003225382535231,0.0,1,-0.2,1882.87045288086,0.0003387462059614,0.0,1,-0.29,1882.8722839355469,0.0002414984913313,0.0,1,-0.42,1882.872528076172,0.0002285321293806,0.0,1,-0.42,1882.8721923828125,0.0002463608770628,0.0,1,-0.42,1882.8673706054688,0.0005024465255887,0.0,1,-0.46,1882.868408203125,0.0004473394872983,0.0,1,-2.15,1882.8715209960933,0.0002820183724272,0.0,1,-3.66,1882.8706970214844,0.0003257798440107,0.0,1,-5.37,471.744140625,0.0,0.0,1,10
ZINC000000109543,0.07,1882.8693237304688,0.0003987156299833,0.0,1,-0.09,1882.869384765625,0.0003954740394956,0.0,1,-0.14,1882.8692626953125,0.000401957220471,0.0,1,-0.22,1882.8701171875,0.0003565749536436,0.0,1,-0.22,1882.8695068359373,0.0003889908585203,0.0,1,-0.26,1882.8697509765625,0.0003760244965696,0.0,1,-0.28,1882.8694458007808,0.0003922324490079,0.0,1,-0.79,1882.870361328125,0.0003436085916929,0.0,1,-0.93,1882.8703002929688,0.0003468501821806,0.0,1,-1.18,1882.8704223632808,0.0003403670012052,0.0,1,10
ZINC000000109674,-0.78,1882.8763427734373,2.593272390135529e-05,0.0,1,-0.81,1882.8766479492188,9.724771463008234e-06,0.0,1,-1.04,1882.875,9.724771463008236e-05,0.0,1,-1.06,1882.8748168945312,0.000106972486093,0.0,1,-1.14,1882.8748168945312,0.000106972486093,0.0,1,-1.2,1882.8767700195312,3.241590487669412e-06,0.0,1,-1.21,1882.87646484375,1.9449542926016468e-05,0.0,1,-1.31,1882.8763427734373,2.593272390135529e-05,0.0,1,-1.31,1882.8760986328125,3.8899085852032936e-05,0.0,1,-1.4,1882.876037597656,4.214067633970235e-05,0.0,1,10
ZINC000000110169,-0.42,1882.8687744140625,0.0004278899443723,0.0,1,-0.52,1882.8700866699216,0.0003581957488874,0.0,1,-1.04,1882.868927001953,0.0004197859681531,0.0,1,-1.17,1882.8688354492188,0.0004246483538846,0.0,1,-1.32,1882.869201660156,0.0004051988109586,0.0,1,-1.44,1882.868896484375,0.000421406763397,0.0,1,-1.46,1882.867584228516,0.0004911009588819,0.0,1,-1.57,1882.8700866699216,0.0003581957488874,0.0,1,-1.61,1882.868225097656,0.0004570642587613,0.0,1,-1.83,1882.8696899414065,0.0003792660870573,0.0,1,10
ZINC000000110228,-0.1,1882.87451171875,0.0001231804385314,0.0,1,-0.19,1882.8743286132808,0.0001329052099944,0.0,1,-0.23,1882.875061035156,9.400612414241292e-05,0.0,1,-0.35,1882.875061035156,9.400612414241292e-05,0.0,1,-0.36,1882.8743286132808,0.0001329052099944,0.0,1,-0.75,1882.874420166016,0.0001280428242629,0.0,1,-1.54,1882.874938964844,0.0001004893051177,0.0,1,-3.08,1882.8737182617188,0.0001653211148711,0.0,1,-1000.0,471.744140625,0.0,0.0,0,-1000.0,471.744140625,0.0,0.0,0,8
ZINC000000110237,-0.22,1882.8693237304688,0.0003987156299833,0.0,1,-0.71,1882.8706665039065,0.0003274006392546,0.0,1,-0.75,1882.8712158203125,0.0002982263248655,0.0,1,-0.82,1882.8699340820312,0.0003662997251066,0.0,1,-0.93,1882.86962890625,0.0003825076775449,0.0,1,-0.96,1882.870574951172,0.0003322630249861,0.0,1,-1.01,1882.8684387207031,0.0004457186920545,0.0,1,-1.11,1882.8704833984373,0.0003371254107176,0.0,1,-1.22,1882.870147705078,0.0003549541583998,0.0,1,-1.28,1882.8694152832031,0.0003938532442518,0.0,1,10
ZINC000000110333,-0.31,1882.874267578125,0.0001361468004821,0.0,1,-0.5,1882.873291015625,0.0001880122482848,0.0,1,-0.82,1882.8720703125,0.0002528440580382,0.0,1,-1.13,1882.8724975585933,0.0002301529246245,0.0,1,-1.15,1882.8744506835933,0.0001264220290191,0.0,1,-1.18,1882.872802734375,0.0002139449721861,0.0,1,-1.25,1882.8718872070312,0.0002625688295012,0.0,1,-1.3,1882.8729248046875,0.0002074617912108,0.0,1,-1.39,1882.8712768554688,0.0002949847343779,0.0,1,-2.08,1882.873107910156,0.0001977370197478,0.0,1,10
ZINC000000111605,-0.12,1882.8718872070312,0.0002625688295012,0.0,1,-0.29,1882.8712158203125,0.0002982263248655,0.0,1,-0.41,1882.8721923828125,0.0002463608770628,0.0,1,-0.41,1882.8718872070312,0.0002625688295012,0.0,1,-0.43,1882.8718872070312,0.0002625688295012,0.0,1,-1.1,1882.8712158203125,0.0002982263248655,0.0,1,-1.13,1882.872314453125,0.0002398776960875,0.0,1,-1.79,1882.873107910156,0.0001977370197478,0.0,1,-2.15,1882.8695678710933,0.0003857492680326,0.0,1,-2.62,1882.8716430664065,0.0002755351914518,0.0,1,10
ZINC000000111695,-0.03,1882.8718872070312,0.0002625688295012,0.0,1,-0.29,1882.8692626953125,0.000401957220471,0.0,1,-0.34,1882.8705444335933,0.0003338838202299,0.0,1,-0.74,1882.8684387207031,0.0004457186920545,0.0,1,-0.88,1882.868225097656,0.0004570642587613,0.0,1,-1.44,1882.8702087402344,0.0003517125679121,0.0,1,-1.63,1882.8719177246087,0.0002609480342573,0.0,1,-1.71,1882.870635986328,0.0003290214344984,0.0,1,-1.73,1882.8709716796875,0.0003111926868162,0.0,1,-1000.0,471.744140625,0.0,0.0,0,9
ZINC000000112020,-0.34,1882.872985839844,0.0002042202007231,0.0,1,-0.37,1882.872985839844,0.0002042202007231,0.0,1,-0.42,1882.8736572265625,0.0001685627053588,0.0,1,-0.61,1882.874267578125,0.0001361468004821,0.0,1,-0.87,1882.8736572265625,0.0001685627053588,0.0,1,-1.44,1882.874420166016,0.0001280428242629,0.0,1,-1.6,1882.873291015625,0.0001880122482848,0.0,1,-1.65,1882.874084472656,0.0001458715719451,0.0,1,-2.08,1882.8722534179688,0.0002431192865752,0.0,1,-5.59,1882.861267089844,0.0008266055743556,0.0,1,10
ZINC000000112054,-0.31,1882.8738403320312,0.0001588379338958,0.0,1,-0.41,1882.874267578125,0.0001361468004821,0.0,1,-0.45,1882.8737182617188,0.0001653211148711,0.0,1,-0.52,1882.8731689453125,0.0001944954292601,0.0,1,-0.65,1882.8719482421875,0.0002593272390135,0.0,1,-0.77,1882.874084472656,0.0001458715719451,0.0,1,-0.84,1882.8746337890625,0.000116697257556,0.0,1,-0.92,1882.8717651367188,0.0002690520104765,0.0,1,-1.14,1882.875,9.724771463008236e-05,0.0,1,-1.16,1882.8729248046875,0.0002074617912108,0.0,1,10
ZINC000000112087,-0.04,1882.8716430664065,0.0002755351914518,0.0,1,-0.17,1882.8717651367188,0.0002690520104765,0.0,1,-0.25,1882.86962890625,0.0003825076775449,0.0,1,-0.44,1882.8717041015625,0.0002722936009642,0.0,1,-0.46,1882.8746948242188,0.0001134556670684,0.0,1,-0.65,1882.872131347656,0.0002496024675505,0.0,1,-0.72,1882.8722534179688,0.0002431192865752,0.0,1,-1.34,1882.8727111816409,0.0002188073579176,0.0,1,-2.82,1882.872802734375,0.0002139449721861,0.0,1,-2.95,1882.87548828125,7.131499072872705e-05,0.0,1,10
ZINC000000112254,-0.65,1882.8706665039065,0.0003274006392546,0.0,1,-0.71,1882.8720703125,0.0002528440580382,0.0,1,-0.87,1882.8723754882808,0.0002366361055998,0.0,1,-1.07,1882.8728637695312,0.0002107033816985,0.0,1,-1.67,1882.8726806640625,0.0002204281531615,0.0,1,-2.16,1882.8716430664065,0.0002755351914518,0.0,1,-2.79,1882.8712768554688,0.0002949847343779,0.0,1,-2.95,1882.8728637695312,0.0002107033816985,0.0,1,-2.98,1882.8718872070312,0.0002625688295012,0.0,1,-3.18,1882.873107910156,0.0001977370197478,0.0,1,10
ZINC000000112860,-0.25,1882.869873046875,0.0003695413155943,0.0,1,-0.41,1882.8695678710933,0.0003857492680326,0.0,1,-0.42,1882.8689575195312,0.0004181651729093,0.0,1,-0.47,1882.870178222656,0.0003533333631559,0.0,1,-0.5,1882.8696899414065,0.0003792660870573,0.0,1,-0.64,1882.869873046875,0.0003695413155943,0.0,1,-1.26,1882.86865234375,0.0004343731253477,0.0,1,-1.65,1882.869140625,0.0004084404014463,0.0,1,-2.25,1882.869384765625,0.0003954740394956,0.0,1,-5.18,1882.870056152344,0.0003598165441313,0.0,1,10
ZINC000000113092,-0.64,1882.875732421875,5.83486287780494e-05,0.0,1,-1.31,1882.8768310546875,0.0,0.0,1,-1.45,1882.8768310546875,0.0,0.0,1,-1.5,1882.8753051757808,8.103976219173528e-05,0.0,1,-2.04,1882.8768310546875,0.0,0.0,1,-2.07,1882.8763427734373,2.593272390135529e-05,0.0,1,-2.76,1882.8768310546875,0.0,0.0,1,-2.88,1882.8768310546875,0.0,0.0,1,-3.11,1882.8768310546875,0.0,0.0,1,-3.24,1882.8763427734373,2.593272390135529e-05,0.0,1,10
ZINC000000113107,-1.05,1882.8768310546875,0.0,0.0,1,-1.27,1882.8768310546875,0.0,0.0,1,-1.29,1882.8768310546875,0.0,0.0,1,-1.34,1882.8768310546875,0.0,0.0,1,-1.4,1882.8768310546875,0.0,0.0,1,-1.59,1882.8768310546875,0.0,0.0,1,-1.97,1882.8768310546875,0.0,0.0,1,-2.14,1882.8768310546875,0.0,0.0,1,-2.6,1882.8768310546875,0.0,0.0,1,-4.31,1882.8768310546875,0.0,0.0,1,10
ZINC000000113826,-0.18,1882.8768310546875,0.0,0.0,1,-0.53,1882.8768310546875,0.0,0.0,1,-0.6,1882.8768310546875,0.0,0.0,1,-0.64,1882.8768310546875,0.0,0.0,1,-0.72,1882.8768310546875,0.0,0.0,1,-0.81,1882.8768310546875,0.0,0.0,1,-1.24,1882.8768310546875,0.0,0.0,1,-1.31,1882.8768310546875,0.0,0.0,1,-2.4,1882.8768310546875,0.0,0.0,1,-2.83,1882.8768310546875,0.0,0.0,1,10
ZINC000000114411,-0.31,1882.8703002929688,0.0003468501821806,0.0,1,-0.7,1882.8717041015625,0.0002722936009642,0.0,1,-0.7,1882.872009277344,0.0002560856485258,0.0,1,-0.79,1882.87158203125,0.0002787767819395,0.0,1,-0.83,1882.8724365234373,0.0002333945151121,0.0,1,-0.96,1882.8718872070312,0.0002625688295012,0.0,1,-1.12,1882.8717651367188,0.0002690520104765,0.0,1,-1.72,1882.8703002929688,0.0003468501821806,0.0,1,-1.81,1882.8699340820312,0.0003662997251066,0.0,1,-5.35,1882.8717041015625,0.0002722936009642,0.0,1,10
ZINC000000114468,-0.04,1882.8754272460933,7.455658121639646e-05,0.0,1,-0.91,1882.8768310546875,0.0,0.0,1,-0.98,1882.8768310546875,0.0,0.0,1,-1.02,1882.8766174316409,1.134556670684294e-05,0.0,1,-1.18,1882.8768310546875,0.0,0.0,1,-1.27,1882.8768310546875,0.0,0.0,1,-1.28,1882.876708984375,6.483180975338823e-06,0.0,1,-1.32,1882.8768310546875,0.0,0.0,1,-1.71,1882.8768310546875,0.0,0.0,1,-2.42,1882.8760986328125,3.8899085852032936e-05,0.0,1,10
ZINC000000114509,-0.32,1882.8768310546875,0.0,0.0,1,-0.39,1882.8768310546875,0.0,0.0,1,-0.42,1882.8768310546875,0.0,0.0,1,-0.71,1882.8768310546875,0.0,0.0,1,-0.75,1882.8768310546875,0.0,0.0,1,-0.8,1882.8768310546875,0.0,0.0,1,-0.85,1882.8768310546875,0.0,0.0,1,-0.88,1882.8768310546875,0.0,0.0,1,-1.03,1882.8768310546875,0.0,0.0,1,-1.1,1882.8768310546875,0.0,0.0,1,10
ZINC000000114917,0.4,1882.8768310546875,0.0,0.0,1,0.26,1882.8768310546875,0.0,0.0,1,-0.19,1882.8768310546875,0.0,0.0,1,-0.3,1882.8768310546875,0.0,0.0,1,-0.33,1882.8768310546875,0.0,0.0,1,-0.89,1882.8768310546875,0.0,0.0,1,-1.37,1882.8768310546875,0.0,0.0,1,-1.61,1882.8768310546875,0.0,0.0,1,-2.66,1882.8768310546875,0.0,0.0,1,-3.18,1882.8768310546875,0.0,0.0,1,10
ZINC000000115103,0.89,1882.870880126953,0.0003160550725477,0.0,1,-0.3,1882.8688659667969,0.0004230275586408,0.0,1,-0.42,1882.8694458007808,0.0003922324490079,0.0,1,-0.43,1882.869079589844,0.000411681991934,0.0,1,-0.49,1882.8685913085933,0.0004376147158353,0.0,1,-0.61,1882.86849975586,0.0004424771015668,0.0,1,-0.7,1882.867645263672,0.0004878593683942,0.0,1,-1.11,1882.8695678710933,0.0003857492680326,0.0,1,-1.25,1882.8689575195312,0.0004181651729093,0.0,1,-1.37,1882.8693237304688,0.0003987156299833,0.0,1,10
ZINC000000115479,-0.43,1882.8705444335933,0.0003338838202299,0.0,1,-0.67,1882.871032714844,0.0003079510963285,0.0,1,-0.91,1882.8712768554688,0.0002949847343779,0.0,1,-1.27,1882.8703002929688,0.0003468501821806,0.0,1,-1.32,1882.8698120117188,0.0003727829060819,0.0,1,-1.35,1882.873046875,0.0002009786102355,0.0,1,-1.55,1882.8723754882808,0.0002366361055998,0.0,1,-1.57,1882.8704223632808,0.0003403670012052,0.0,1,-1.59,1882.871551513672,0.0002803975771834,0.0,1,-2.01,1882.8699951171875,0.0003630581346189,0.0,1,10
ZINC000000115537,-0.41,1882.8665771484373,0.0005445872019284,0.0,1,-0.62,1882.8671875,0.0005121712970517,0.0,1,-0.64,1882.8675537109373,0.0004927217541257,0.0,1,-0.68,1882.8668212890625,0.0005316208399777,0.0,1,-0.74,1882.8677978515625,0.000479755392175,0.0,1,-0.78,1882.8674926757808,0.0004959633446134,0.0,1,-0.8,1882.8673706054688,0.0005024465255887,0.0,1,-1.38,1882.8670043945312,0.0005218960685147,0.0,1,-1.41,1882.868408203125,0.0004473394872983,0.0,1,-1.42,1882.8682861328125,0.0004538226682737,0.0,1,10
ZINC000000115861,-0.45,1882.8768310546875,0.0,0.0,1,-0.47,1882.8768310546875,0.0,0.0,1,-0.49,1882.8768310546875,0.0,0.0,1,-0.56,1882.8768310546875,0.0,0.0,1,-0.58,1882.8768310546875,0.0,0.0,1,-0.59,1882.8768310546875,0.0,0.0,1,-1.23,1882.8768310546875,0.0,0.0,1,-1.35,1882.8768310546875,0.0,0.0,1,-1.95,1882.8768310546875,0.0,0.0,1,-1.96,1882.8768310546875,0.0,0.0,1,10
ZINC000000116575,-0.41,1882.87060546875,0.0003306422297422,0.0,1,-0.45,1882.871032714844,0.0003079510963285,0.0,1,-0.55,1882.869384765625,0.0003954740394956,0.0,1,-0.64,1882.8713989257808,0.0002885015534025,0.0,1,-0.66,1882.869873046875,0.0003695413155943,0.0,1,-0.67,1882.8694458007808,0.0003922324490079,0.0,1,-0.8,1882.8709716796875,0.0003111926868162,0.0,1,-0.86,1882.8721923828125,0.0002463608770628,0.0,1,-0.93,1882.8694458007808,0.0003922324490079,0.0,1,-3.27,1882.87060546875,0.0003306422297422,0.0,1,10
ZINC000000117029,-0.47,1882.8700256347656,0.0003614373393751,0.0,1,-1.33,1882.869079589844,0.000411681991934,0.0,1,-1.41,1882.8699340820312,0.0003662997251066,0.0,1,-1.42,1882.8659057617188,0.0005802446972928,0.0,1,-1.57,1882.8668823242188,0.0005283792494901,0.0,1,-1.74,1882.866149902344,0.0005672783353421,0.0,1,-1.77,1882.8671875,0.0005121712970517,0.0,1,-1.82,1882.8676147460933,0.000489480163638,0.0,1,-1.88,1882.866149902344,0.0005672783353421,0.0,1,-2.32,1882.8670654296875,0.0005186544780271,0.0,1,10
ZINC000000117517,-0.06,1882.8700866699216,0.0003581957488874,0.0,1,-0.06,1882.8684692382808,0.0004440978968107,0.0,1,-0.09,1882.8699340820312,0.0003662997251066,0.0,1,-0.52,1882.8704223632808,0.0003403670012052,0.0,1,-0.69,1882.870178222656,0.0003533333631559,0.0,1,-1.05,1882.8694458007808,0.0003922324490079,0.0,1,-1.41,1882.8713989257808,0.0002885015534025,0.0,1,-1.48,1882.8702392578125,0.0003500917726682,0.0,1,-1.61,1882.870635986328,0.0003290214344984,0.0,1,-1.8,1882.8700866699216,0.0003581957488874,0.0,1,10
ZINC000000117704,-0.54,1882.870056152344,0.0003598165441313,0.0,1,-0.59,1882.8707885742188,0.0003209174582792,0.0,1,-0.81,1882.8712768554688,0.0002949847343779,0.0,1,-0.91,1882.8712768554688,0.0002949847343779,0.0,1,-0.92,1882.8712768554688,0.0002949847343779,0.0,1,-1.03,1882.870056152344,0.0003598165441313,0.0,1,-1.14,1882.8704833984373,0.0003371254107176,0.0,1,-2.17,1882.871337890625,0.0002917431438902,0.0,1,-2.26,1882.86865234375,0.0004343731253477,0.0,1,-2.65,1882.8695068359373,0.0003889908585203,0.0,1,10
ZINC000000117712,-0.92,1882.8689575195312,0.0004181651729093,0.0,1,-1.01,1882.8691101074216,0.0004100611966901,0.0,1,-1.04,1882.8695068359373,0.0003889908585203,0.0,1,-1.07,1882.8682556152344,0.0004554434635175,0.0,1,-1.08,1882.8682861328125,0.0004538226682737,0.0,1,-1.2,1882.8685913085933,0.0004376147158353,0.0,1,-1.21,1882.8696899414065,0.0003792660870573,0.0,1,-1.22,1882.8694458007808,0.0003922324490079,0.0,1,-1.26,1882.868225097656,0.0004570642587613,0.0,1,-1.29,1882.8695678710933,0.0003857492680326,0.0,1,10
ZINC000000118386,-0.08,1882.8737487792969,0.0001637003196273,0.0,1,-0.13,1882.8741455078125,0.0001426299814574,0.0,1,-0.52,1882.876220703125,3.241590487669411e-05,0.0,1,-0.71,1882.8740234375,0.0001491131624327,0.0,1,-0.76,1882.8762512207031,3.07951096328594e-05,0.0,1,-0.82,1882.8742065429688,0.0001393883909697,0.0,1,-0.91,1882.8765258789065,1.6207952438347055e-05,0.0,1,-1.05,1882.872802734375,0.0002139449721861,0.0,1,-1.26,1882.87353515625,0.0001750458863341,0.0,1,-2.38,1882.87548828125,7.131499072872705e-05,0.0,1,10
ZINC000000118418,-0.36,1882.8718872070312,0.0002625688295012,0.0,1,-1.0,1882.8726196289065,0.0002236697436491,0.0,1,-1.07,1882.8714599609373,0.0002852599629149,0.0,1,-1.16,1882.87109375,0.0003047095058409,0.0,1,-1.25,1882.8712768554688,0.0002949847343779,0.0,1,-1.3,1882.870361328125,0.0003436085916929,0.0,1,-1.31,1882.872009277344,0.0002560856485258,0.0,1,-2.43,1882.8689575195312,0.0004181651729093,0.0,1,-2.8,1882.87109375,0.0003047095058409,0.0,1,-2.9,1882.8703002929688,0.0003468501821806,0.0,1,10
ZINC000000118638,-0.05,1882.8699340820312,0.0003662997251066,0.0,1,-0.11,1882.869140625,0.0004084404014463,0.0,1,-0.12,1882.8687133789065,0.00043113153486,0.0,1,-0.18,1882.8693237304688,0.0003987156299833,0.0,1,-0.22,1882.8693237304688,0.0003987156299833,0.0,1,-0.39,1882.8685302734373,0.000440856306323,0.0,1,-0.51,1882.8685302734373,0.000440856306323,0.0,1,-1.26,1882.8709106445312,0.0003144342773039,0.0,1,-1.98,1882.8695068359373,0.0003889908585203,0.0,1,-5.34,1882.8698120117188,0.0003727829060819,0.0,1,10
ZINC000000118929,-0.38,1882.8726806640625,0.0002204281531615,0.0,1,-0.52,1882.8738403320312,0.0001588379338958,0.0,1,-0.74,1882.8738708496087,0.0001572171386519,0.0,1,-0.78,1882.8712158203125,0.0002982263248655,0.0,1,-1.11,1882.8726196289065,0.0002236697436491,0.0,1,-1.28,1882.8741455078125,0.0001426299814574,0.0,1,-1.73,1882.87060546875,0.0003306422297422,0.0,1,-1.8,1882.8718872070312,0.0002625688295012,0.0,1,-2.89,1882.8729248046875,0.0002074617912108,0.0,1,-3.91,1882.8726806640625,0.0002204281531615,0.0,1,10
ZINC000000119064,-0.32,1882.874267578125,0.0001361468004821,0.0,1,-0.52,1882.8721923828125,0.0002463608770628,0.0,1,-0.66,1882.8746337890625,0.000116697257556,0.0,1,-0.89,1882.872802734375,0.0002139449721861,0.0,1,-1.06,1882.873107910156,0.0001977370197478,0.0,1,-1.07,1882.8733520507808,0.0001847706577971,0.0,1,-1.33,1882.8722534179688,0.0002431192865752,0.0,1,-1.85,1882.8732299804688,0.0001912538387724,0.0,1,-2.27,1882.8740234375,0.0001491131624327,0.0,1,-2.31,1882.8746948242188,0.0001134556670684,0.0,1,10
ZINC000000119305,-0.07,1882.8734130859373,0.0001815290673094,0.0,1,-0.23,1882.8753662109373,7.779817170406587e-05,0.0,1,-0.38,1882.8741455078125,0.0001426299814574,0.0,1,-1.25,1882.8768310546875,0.0,0.0,1,-1.85,1882.8768310546875,0.0,0.0,1,-1.97,1882.8768310546875,0.0,0.0,1,-2.11,1882.8760986328125,3.8899085852032936e-05,0.0,1,-2.26,1882.8768310546875,0.0,0.0,1,-2.74,1882.8768310546875,0.0,0.0,1,-5.58,1882.8768310546875,0.0,0.0,1,10
ZINC000000120499,-0.37,1882.8697814941409,0.0003744037013258,0.0,1,-0.49,1882.870880126953,0.0003160550725477,0.0,1,-0.62,1882.870147705078,0.0003549541583998,0.0,1,-0.63,1882.871551513672,0.0002803975771834,0.0,1,-0.64,1882.8699645996087,0.0003646789298628,0.0,1,-0.67,1882.8707885742188,0.0003209174582792,0.0,1,-0.74,1882.873077392578,0.0001993578149916,0.0,1,-0.85,1882.8713073730469,0.000293363939134,0.0,1,-1.83,1882.8709716796875,0.0003111926868162,0.0,1,-2.02,1882.8703918457031,0.0003419877964491,0.0,1,10
ZINC000000120667,-0.58,1882.8768310546875,0.0,0.0,1,-0.86,1882.875396728516,7.617737646023117e-05,0.0,1,-0.88,1882.875244140625,8.42813526794047e-05,0.0,1,-0.91,1882.8750915527344,9.238532889857822e-05,0.0,1,-1.27,1882.873962402344,0.0001523547529204,0.0,1,-1.49,1882.875030517578,9.562691938624764e-05,0.0,1,-2.26,1882.8763427734373,2.593272390135529e-05,0.0,1,-2.29,1882.8768310546875,0.0,0.0,1,-2.48,1882.8766174316409,1.134556670684294e-05,0.0,1,-3.91,1882.874755859375,0.0001102140765807,0.0,1,10
ZINC000000120792,-0.43,1882.8661193847656,0.0005688991305859,0.0,1,-0.63,1882.8658447265625,0.0005834862877804,0.0,1,-0.79,1882.8662109375,0.0005640367448544,0.0,1,-0.92,1882.8660583496087,0.0005721407210736,0.0,1,-1.02,1882.8668823242188,0.0005283792494901,0.0,1,-1.06,1882.8664245605469,0.0005526911781476,0.0,1,-1.1,1882.8671875,0.0005121712970517,0.0,1,-1.16,1882.8661804199216,0.0005656575400983,0.0,1,-1.17,1882.867248535156,0.000508929706564,0.0,1,-2.55,1882.8673706054688,0.0005024465255887,0.0,1,10
ZINC000000121038,-0.15,1882.8689575195312,0.0004181651729093,0.0,1,-0.18,1882.867248535156,0.000508929706564,0.0,1,-0.19,1882.8674926757808,0.0004959633446134,0.0,1,-0.24,1882.8678588867188,0.0004765138016874,0.0,1,-0.27,1882.867431640625,0.000499204935101,0.0,1,-0.37,1882.8663330078125,0.0005575535638791,0.0,1,-1.28,1882.86865234375,0.0004343731253477,0.0,1,-1.51,1882.8656005859373,0.0005964526497311,0.0,1,-1.58,1882.868896484375,0.000421406763397,0.0,1,-2.06,1882.86767578125,0.0004862385731504,0.0,1,10
ZINC000000121084,-0.18,1882.8705444335933,0.0003338838202299,0.0,1,-0.19,1882.87060546875,0.0003306422297422,0.0,1,-0.64,1882.8707885742188,0.0003209174582792,0.0,1,-0.65,1882.870361328125,0.0003436085916929,0.0,1,-0.69,1882.8705444335933,0.0003338838202299,0.0,1,-2.51,1882.8699340820312,0.0003662997251066,0.0,1,-2.92,1882.8683471679688,0.000450581077786,0.0,1,-3.24,1882.8698120117188,0.0003727829060819,0.0,1,-5.62,1882.87158203125,0.0002787767819395,0.0,1,-5.64,1882.87158203125,0.0002787767819395,0.0,1,10
ZINC000000121396,0.05,1882.8680419921875,0.0004667890302243,0.0,1,-0.14,1882.871154785156,0.0003014679153532,0.0,1,-0.88,1882.8719482421875,0.0002593272390135,0.0,1,-1.02,1882.8707275390625,0.0003241590487669,0.0,1,-1.08,1882.8707275390625,0.0003241590487669,0.0,1,-1.27,1882.8692626953125,0.000401957220471,0.0,1,-1.29,1882.87158203125,0.0002787767819395,0.0,1,-1.68,1882.8689575195312,0.0004181651729093,0.0,1,-1.75,1882.87060546875,0.0003306422297422,0.0,1,-4.38,1882.870849609375,0.0003176758677916,0.0,1,10
ZINC000000121431,-0.23,1882.8702392578125,0.0003500917726682,0.0,1,-0.26,1882.869873046875,0.0003695413155943,0.0,1,-0.4,1882.873046875,0.0002009786102355,0.0,1,-0.73,1882.8724975585933,0.0002301529246245,0.0,1,-0.75,1882.8712768554688,0.0002949847343779,0.0,1,-0.9,1882.8699340820312,0.0003662997251066,0.0,1,-1.28,1882.8718872070312,0.0002625688295012,0.0,1,-2.53,1882.8689575195312,0.0004181651729093,0.0,1,-3.1,1882.8701171875,0.0003565749536436,0.0,1,-3.35,1882.870849609375,0.0003176758677916,0.0,1,10
ZINC000000121688,-0.26,1882.872314453125,0.0002398776960875,0.0,1,-0.48,1882.8723754882808,0.0002366361055998,0.0,1,-0.54,1882.8713989257808,0.0002885015534025,0.0,1,-0.56,1882.873291015625,0.0001880122482848,0.0,1,-0.66,1882.872985839844,0.0002042202007231,0.0,1,-0.7,1882.8699340820312,0.0003662997251066,0.0,1,-0.71,1882.8712158203125,0.0002982263248655,0.0,1,-0.79,1882.871032714844,0.0003079510963285,0.0,1,-0.85,1882.8721923828125,0.0002463608770628,0.0,1,-1.65,1882.8703002929688,0.0003468501821806,0.0,1,10
ZINC000000121704,-0.42,1882.8721923828125,0.0002463608770628,0.0,1,-0.5,1882.874755859375,0.0001102140765807,0.0,1,-0.64,1882.8740234375,0.0001491131624327,0.0,1,-0.72,1882.8743286132808,0.0001329052099944,0.0,1,-0.73,1882.8748779296875,0.0001037308956054,0.0,1,-0.75,1882.8733520507808,0.0001847706577971,0.0,1,-0.8,1882.874084472656,0.0001458715719451,0.0,1,-0.97,1882.8736572265625,0.0001685627053588,0.0,1,-1.08,1882.8728637695312,0.0002107033816985,0.0,1,-1.65,1882.8741455078125,0.0001426299814574,0.0,1,10
ZINC000000122215,-0.07,1882.8763427734373,2.593272390135529e-05,0.0,1,-0.23,1882.87548828125,7.131499072872705e-05,0.0,1,-0.35,1882.8768310546875,0.0,0.0,1,-0.58,1882.8768310546875,0.0,0.0,1,-0.72,1882.8768310546875,0.0,0.0,1,-1.15,1882.8768310546875,0.0,0.0,1,-1.36,1882.8768310546875,0.0,0.0,1,-1.69,1882.8768310546875,0.0,0.0,1,-1.8,1882.8768310546875,0.0,0.0,1,-2.01,1882.8768310546875,0.0,0.0,1,10
ZINC000000122279,-0.59,1882.8717041015625,0.0002722936009642,0.0,1,-0.67,1882.8724975585933,0.0002301529246245,0.0,1,-0.9,1882.8704833984373,0.0003371254107176,0.0,1,-0.99,1882.8712158203125,0.0002982263248655,0.0,1,-1.02,1882.8699951171875,0.0003630581346189,0.0,1,-1.09,1882.8709106445312,0.0003144342773039,0.0,1,-1.28,1882.8726196289065,0.0002236697436491,0.0,1,-1.51,1882.8707275390625,0.0003241590487669,0.0,1,-1.68,1882.8733520507808,0.0001847706577971,0.0,1,-1.73,1882.871337890625,0.0002917431438902,0.0,1,10
ZINC000000122955,-0.45,1882.871032714844,0.0003079510963285,0.0,1,-0.58,1882.870574951172,0.0003322630249861,0.0,1,-0.58,1882.8699645996087,0.0003646789298628,0.0,1,-0.63,1882.870361328125,0.0003436085916929,0.0,1,-0.63,1882.8697204589844,0.0003776452918134,0.0,1,-0.86,1882.8712158203125,0.0002982263248655,0.0,1,-1.0,1882.8694458007808,0.0003922324490079,0.0,1,-1.21,1882.8710632324216,0.0003063303010847,0.0,1,-1.38,1882.8713684082031,0.0002901223486464,0.0,1,-2.5,1882.87060546875,0.0003306422297422,0.0,1,10
ZINC000000123017,-0.18,1882.875061035156,9.400612414241292e-05,0.0,1,-0.41,1882.8748474121087,0.0001053516908492,0.0,1,-0.5,1882.8768310546875,0.0,0.0,1,-0.62,1882.876220703125,3.241590487669411e-05,0.0,1,-0.64,1882.8761901855469,3.4036700120528816e-05,0.0,1,-0.65,1882.8761596679688,3.565749536436352e-05,0.0,1,-0.86,1882.876495361328,1.782874768218176e-05,0.0,1,-0.99,1882.8768310546875,0.0,0.0,1,-2.29,1882.8768310546875,0.0,0.0,1,-2.45,1882.8768310546875,0.0,0.0,1,10
ZINC000000123104,0.16,1882.8635864257808,0.0007034251358242,0.0,1,-0.51,1882.8628845214844,0.0007407034264324,0.0,1,-0.77,1882.8629760742188,0.0007358410407009,0.0,1,-1.33,1882.864013671875,0.0006807340024105,0.0,1,-1.5,1882.8639526367188,0.0006839755928982,0.0,1,-1.54,1882.8629760742188,0.0007358410407009,0.0,1,-1.7,1882.8634643554688,0.0007099083167996,0.0,1,-1.78,1882.862243652344,0.0007747401265529,0.0,1,-3.57,1882.8662109375,0.0005640367448544,0.0,1,-5.97,1882.866668701172,0.0005397248161969,0.0,1,10
ZINC000000123370,-0.83,1882.8768310546875,0.0,0.0,1,-1.07,1882.8768310546875,0.0,0.0,1,-1.08,1882.8768310546875,0.0,0.0,1,-1.19,1882.8768310546875,0.0,0.0,1,-1.27,1882.8768310546875,0.0,0.0,1,-1.41,1882.8768310546875,0.0,0.0,1,-1.66,1882.8768310546875,0.0,0.0,1,-1.67,1882.8768310546875,0.0,0.0,1,-2.24,1882.8768310546875,0.0,0.0,1,-3.78,1882.8768310546875,0.0,0.0,1,10
ZINC000000124108,-1.18,1882.8698425292969,0.0003711621108381,0.0,1,-1.49,1882.870147705078,0.0003549541583998,0.0,1,-1.51,1882.8707580566409,0.0003225382535231,0.0,1,-1.63,1882.8682861328125,0.0004538226682737,0.0,1,-1.91,1882.8702392578125,0.0003500917726682,0.0,1,-1.91,1882.86849975586,0.0004424771015668,0.0,1,-1.92,1882.8681335449216,0.0004619266444928,0.0,1,-2.25,1882.870574951172,0.0003322630249861,0.0,1,-2.59,1882.8695678710933,0.0003857492680326,0.0,1,-2.71,1882.8712158203125,0.0002982263248655,0.0,1,10
ZINC000000124158,-1.09,1882.8728637695312,0.0002107033816985,0.0,1,-1.13,1882.8734130859373,0.0001815290673094,0.0,1,-1.21,1882.8726196289065,0.0002236697436491,0.0,1,-1.24,1882.873107910156,0.0001977370197478,0.0,1,-1.32,1882.8733520507808,0.0001847706577971,0.0,1,-1.34,1882.8735961914065,0.0001718042958464,0.0,1,-1.34,1882.8724365234373,0.0002333945151121,0.0,1,-1.36,1882.8727416992188,0.0002171865626738,0.0,1,-1.95,1882.871032714844,0.0003079510963285,0.0,1,-2.36,1882.8707885742188,0.0003209174582792,0.0,1,10
ZINC000000124202,0.03,1882.874938964844,0.0001004893051177,0.0,1,-0.02,1882.8768310546875,0.0,0.0,1,-0.09,1882.8756103515625,6.483180975338822e-05,0.0,1,-0.15,1882.875732421875,5.83486287780494e-05,0.0,1,-0.16,1882.8763427734373,2.593272390135529e-05,0.0,1,-0.17,1882.8768310546875,0.0,0.0,1,-0.17,1882.8768310546875,0.0,0.0,1,-0.24,1882.8768310546875,0.0,0.0,1,-0.26,1882.8757934570312,5.510703829037999e-05,0.0,1,-0.39,1882.8767700195312,3.241590487669412e-06,0.0,1,10
ZINC000000124811,-0.34,1882.8685302734373,0.000440856306323,0.0,1,-0.41,1882.8674926757808,0.0004959633446134,0.0,1,-0.51,1882.8682861328125,0.0004538226682737,0.0,1,-0.71,1882.868103027344,0.0004635474397367,0.0,1,-1.2,1882.869201660156,0.0004051988109586,0.0,1,-1.37,1882.8695678710933,0.0003857492680326,0.0,1,-1.47,1882.869079589844,0.000411681991934,0.0,1,-1.62,1882.869079589844,0.000411681991934,0.0,1,-2.53,1882.8671875,0.0005121712970517,0.0,1,-4.25,1882.868408203125,0.0004473394872983,0.0,1,10
ZINC000000124989,0.04,1882.876037597656,4.214067633970235e-05,0.0,1,-0.03,1882.876495361328,1.782874768218176e-05,0.0,1,-0.31,1882.876434326172,2.107033816985117e-05,0.0,1,-0.62,1882.8765869140625,1.2966361950677644e-05,0.0,1,-0.63,1882.8765258789065,1.6207952438347055e-05,0.0,1,-1.12,1882.8756408691409,6.321101450955351e-05,0.0,1,-1.43,1882.875762939453,5.672783353421469e-05,0.0,1,-2.0,1882.876037597656,4.214067633970235e-05,0.0,1,-2.03,1882.8752136230469,8.59021479232394e-05,0.0,1,-2.41,1882.8755798339844,6.645260499722293e-05,0.0,1,10
ZINC000000125386,-0.6,1882.8745727539065,0.0001199388480437,0.0,1,-0.67,1882.8762817382808,2.91743143890247e-05,0.0,1,-0.82,1882.8744506835933,0.0001264220290191,0.0,1,-0.86,1882.8768310546875,0.0,0.0,1,-0.95,1882.8768310546875,0.0,0.0,1,-1.1,1882.8743896484373,0.0001296636195067,0.0,1,-1.25,1882.8753051757808,8.103976219173528e-05,0.0,1,-1.48,1882.8763427734373,2.593272390135529e-05,0.0,1,-1.53,1882.8765869140625,1.2966361950677644e-05,0.0,1,-1.71,1882.8768310546875,0.0,0.0,1,10
ZINC000000125473,-0.16,1882.868408203125,0.0004473394872983,0.0,1,-0.61,1882.8689575195312,0.0004181651729093,0.0,1,-0.86,1882.869140625,0.0004084404014463,0.0,1,-0.93,1882.8695678710933,0.0003857492680326,0.0,1,-1.15,1882.8684692382808,0.0004440978968107,0.0,1,-1.27,1882.869140625,0.0004084404014463,0.0,1,-1.28,1882.8701171875,0.0003565749536436,0.0,1,-1.73,1882.870361328125,0.0003436085916929,0.0,1,-1.74,1882.8707275390625,0.0003241590487669,0.0,1,-1000.0,471.744140625,0.0,0.0,0,9
ZINC000000125897,-0.47,1882.866271972656,0.0005607951543668,0.0,1,-0.53,1882.8663330078125,0.0005575535638791,0.0,1,-0.54,1882.8678588867188,0.0004765138016874,0.0,1,-0.59,1882.8693237304688,0.0003987156299833,0.0,1,-0.63,1882.867248535156,0.000508929706564,0.0,1,-0.65,1882.8685302734373,0.000440856306323,0.0,1,-0.74,1882.866943359375,0.0005251376590024,0.0,1,-0.82,1882.8662109375,0.0005640367448544,0.0,1,-0.88,1882.8679809570312,0.000470030620712,0.0,1,-0.92,1882.8681640625,0.000460305849249,0.0,1,10
ZINC000000126933,-0.13,1882.8687744140625,0.0004278899443723,0.0,1,-0.15,1882.8685302734373,0.000440856306323,0.0,1,-0.18,1882.8701171875,0.0003565749536436,0.0,1,-0.26,1882.8684692382808,0.0004440978968107,0.0,1,-0.29,1882.8687133789065,0.00043113153486,0.0,1,-0.33,1882.868225097656,0.0004570642587613,0.0,1,-0.39,1882.869384765625,0.0003954740394956,0.0,1,-0.4,1882.868896484375,0.000421406763397,0.0,1,-0.41,1882.869201660156,0.0004051988109586,0.0,1,-0.52,1882.86865234375,0.0004343731253477,0.0,1,10
ZINC000000127228,-0.09,1882.86962890625,0.0003825076775449,0.0,1,-0.69,1882.8717041015625,0.0002722936009642,0.0,1,-0.84,1882.868896484375,0.000421406763397,0.0,1,-0.85,1882.8681640625,0.000460305849249,0.0,1,-0.86,1882.8696899414065,0.0003792660870573,0.0,1,-0.87,1882.869201660156,0.0004051988109586,0.0,1,-1.05,1882.8678588867188,0.0004765138016874,0.0,1,-1.18,1882.868896484375,0.000421406763397,0.0,1,-2.83,1882.8702392578125,0.0003500917726682,0.0,1,-2.83,1882.8680419921875,0.0004667890302243,0.0,1,10
ZINC000000127479,-0.62,1882.8674926757808,0.0004959633446134,0.0,1,-0.63,1882.867126464844,0.0005154128875394,0.0,1,-0.66,1882.8689575195312,0.0004181651729093,0.0,1,-0.74,1882.8678588867188,0.0004765138016874,0.0,1,-0.85,1882.8670959472656,0.0005170336827832,0.0,1,-0.86,1882.8668823242188,0.0005283792494901,0.0,1,-0.98,1882.8668823242188,0.0005283792494901,0.0,1,-1.22,1882.8673706054688,0.0005024465255887,0.0,1,-1.27,1882.8667907714844,0.0005332416352216,0.0,1,-2.04,1882.865997314453,0.0005753823115613,0.0,1,10
ZINC000000127534,-0.2,1882.8721923828125,0.0002463608770628,0.0,1,-0.36,1882.8734741210933,0.0001782874768218,0.0,1,-0.42,1882.8718872070312,0.0002625688295012,0.0,1,-0.48,1882.8703002929688,0.0003468501821806,0.0,1,-0.58,1882.8701171875,0.0003565749536436,0.0,1,-0.6,1882.8706665039065,0.0003274006392546,0.0,1,-1.06,1882.872131347656,0.0002496024675505,0.0,1,-1.09,1882.8687744140625,0.0004278899443723,0.0,1,-1.64,1882.8734741210933,0.0001782874768218,0.0,1,-2.52,1882.8706665039065,0.0003274006392546,0.0,1,10
ZINC000000127559,-0.21,1882.8703002929688,0.0003468501821806,0.0,1,-0.91,1882.8693237304688,0.0003987156299833,0.0,1,-0.99,1882.8700866699216,0.0003581957488874,0.0,1,-1.06,1882.8684387207031,0.0004457186920545,0.0,1,-1.14,1882.868896484375,0.000421406763397,0.0,1,-1.23,1882.8692321777344,0.0004035780157148,0.0,1,-2.1,1882.8713684082031,0.0002901223486464,0.0,1,-3.48,1882.86947631836,0.0003906116537641,0.0,1,-3.69,1882.8687133789065,0.00043113153486,0.0,1,-3.73,1882.868896484375,0.000421406763397,0.0,1,10
ZINC000000127904,-0.03,1882.868408203125,0.0004473394872983,0.0,1,-0.28,1882.8668212890625,0.0005316208399777,0.0,1,-0.57,1882.868896484375,0.000421406763397,0.0,1,-0.61,1882.868103027344,0.0004635474397367,0.0,1,-1.26,1882.8673400878904,0.0005040673208325,0.0,1,-1.31,1882.868927001953,0.0004197859681531,0.0,1,-1.48,1882.870056152344,0.0003598165441313,0.0,1,-1.49,1882.8683471679688,0.000450581077786,0.0,1,-1.49,1882.867431640625,0.000499204935101,0.0,1,-5.89,1882.870147705078,0.0003549541583998,0.0,1,10
ZINC000000128471,-0.26,1882.8705444335933,0.0003338838202299,0.0,1,-0.56,1882.8704223632808,0.0003403670012052,0.0,1,-0.63,1882.8709106445312,0.0003144342773039,0.0,1,-0.69,1882.87060546875,0.0003306422297422,0.0,1,-1.07,1882.8704833984373,0.0003371254107176,0.0,1,-1.3,1882.8707885742188,0.0003209174582792,0.0,1,-1.53,1882.8707275390625,0.0003241590487669,0.0,1,-1.88,1882.872131347656,0.0002496024675505,0.0,1,-2.22,1882.870178222656,0.0003533333631559,0.0,1,-3.42,1882.87060546875,0.0003306422297422,0.0,1,10
ZINC000000129432,-0.1,1882.8703918457031,0.0003419877964491,0.0,1,-0.76,1882.8716735839844,0.000273914396208,0.0,1,-0.95,1882.8693237304688,0.0003987156299833,0.0,1,-1.28,1882.8722229003904,0.000244740081819,0.0,1,-1.48,1882.8702087402344,0.0003517125679121,0.0,1,-1.58,1882.8687744140625,0.0004278899443723,0.0,1,-1.95,1882.8710021972656,0.0003095718915724,0.0,1,-2.38,1882.871551513672,0.0002803975771834,0.0,1,-2.54,1882.870574951172,0.0003322630249861,0.0,1,-3.68,1882.8704223632808,0.0003403670012052,0.0,1,10
ZINC000000129744,-0.55,1882.873779296875,0.0001620795243834,0.0,1,-0.61,1882.874755859375,0.0001102140765807,0.0,1,-0.65,1882.8739013671875,0.0001555963434081,0.0,1,-0.73,1882.8757019042969,5.996942402188411e-05,0.0,1,-1.06,1882.8753051757808,8.103976219173528e-05,0.0,1,-1.16,1882.8758544921875,5.186544780271058e-05,0.0,1,-1.17,1882.8751525878904,8.91437384109088e-05,0.0,1,-1.26,1882.875732421875,5.83486287780494e-05,0.0,1,-1.34,1882.8748779296875,0.0001037308956054,0.0,1,-1.34,1882.8753051757808,8.103976219173528e-05,0.0,1,10
ZINC000000129822,-0.35,1882.871826171875,0.0002658104199888,0.0,1,-0.74,1882.871337890625,0.0002917431438902,0.0,1,-0.87,1882.873107910156,0.0001977370197478,0.0,1,-0.89,1882.8719482421875,0.0002593272390135,0.0,1,-1.13,1882.8724365234373,0.0002333945151121,0.0,1,-1.71,1882.871032714844,0.0003079510963285,0.0,1,-1.85,1882.8746948242188,0.0001134556670684,0.0,1,-1.98,1882.8736572265625,0.0001685627053588,0.0,1,-2.3,1882.87353515625,0.0001750458863341,0.0,1,-3.44,1882.8715209960933,0.0002820183724272,0.0,1,10
ZINC000000129834,-0.32,1882.868194580078,0.0004586850540052,0.0,1,-0.36,1882.86849975586,0.0004424771015668,0.0,1,-0.49,1882.8681640625,0.000460305849249,0.0,1,-0.51,1882.8683776855469,0.0004489602825422,0.0,1,-0.53,1882.8678588867188,0.0004765138016874,0.0,1,-0.68,1882.8677368164065,0.0004829969826627,0.0,1,-0.79,1882.8675537109373,0.0004927217541257,0.0,1,-1.03,1882.86767578125,0.0004862385731504,0.0,1,-1.13,1882.86767578125,0.0004862385731504,0.0,1,-4.25,1882.86752319336,0.0004943425493695,0.0,1,10
ZINC000000129876,0.15,1882.867248535156,0.000508929706564,0.0,1,0.03,1882.866271972656,0.0005607951543668,0.0,1,-0.12,1882.867431640625,0.000499204935101,0.0,1,-0.42,1882.8651123046875,0.0006223853736325,0.0,1,-0.48,1882.868103027344,0.0004635474397367,0.0,1,-0.57,1882.8653564453125,0.0006094190116818,0.0,1,-0.64,1882.865173339844,0.0006191437831448,0.0,1,-0.78,1882.8670654296875,0.0005186544780271,0.0,1,-1.66,1882.8648681640625,0.0006353517355832,0.0,1,-2.06,1882.8656005859373,0.0005964526497311,0.0,1,10
ZINC000000130389,-0.6,1882.872131347656,0.0002496024675505,0.0,1,-0.74,1882.8707885742188,0.0003209174582792,0.0,1,-0.88,1882.874755859375,0.0001102140765807,0.0,1,-0.95,1882.8719787597656,0.0002577064437697,0.0,1,-0.95,1882.87255859375,0.0002269113341368,0.0,1,-0.98,1882.8712768554688,0.0002949847343779,0.0,1,-1.02,1882.8726196289065,0.0002236697436491,0.0,1,-1.4,1882.87158203125,0.0002787767819395,0.0,1,-1.45,1882.8695068359373,0.0003889908585203,0.0,1,-1.6,1882.8706665039065,0.0003274006392546,0.0,1,10
ZINC000000130727,-0.72,1882.8722534179688,0.0002431192865752,0.0,1,-0.74,1882.872985839844,0.0002042202007231,0.0,1,-0.94,1882.8736572265625,0.0001685627053588,0.0,1,-1.07,1882.8759765625,4.538226682737176e-05,0.0,1,-1.21,1882.8714599609373,0.0002852599629149,0.0,1,-1.22,1882.875915527344,4.8623857315041175e-05,0.0,1,-1.23,1882.8741455078125,0.0001426299814574,0.0,1,-2.02,1882.8717041015625,0.0002722936009642,0.0,1,-2.25,1882.8749084472656,0.0001021101003615,0.0,1,-3.07,1882.872009277344,0.0002560856485258,0.0,1,10
ZINC000000131080,-0.52,1882.8685302734373,0.000440856306323,0.0,1,-0.58,1882.8679809570312,0.000470030620712,0.0,1,-0.84,1882.8675537109373,0.0004927217541257,0.0,1,-0.88,1882.8681640625,0.000460305849249,0.0,1,-1.09,1882.869140625,0.0004084404014463,0.0,1,-1.14,1882.8689575195312,0.0004181651729093,0.0,1,-1.44,1882.8663330078125,0.0005575535638791,0.0,1,-1.96,1882.86962890625,0.0003825076775449,0.0,1,-3.02,1882.867919921875,0.0004732722111997,0.0,1,-1000.0,471.744140625,0.0,0.0,0,9
ZINC000000131303,-0.94,1882.8768310546875,0.0,0.0,1,-0.97,1882.8768310546875,0.0,0.0,1,-1.15,1882.8768310546875,0.0,0.0,1,-1.17,1882.8768310546875,0.0,0.0,1,-1.2,1882.8768310546875,0.0,0.0,1,-1.26,1882.8768310546875,0.0,0.0,1,-1.26,1882.8768310546875,0.0,0.0,1,-1.49,1882.8768310546875,0.0,0.0,1,-3.55,1882.8768310546875,0.0,0.0,1,-3.66,1882.8768310546875,0.0,0.0,1,10
ZINC000000131499,-0.08,1882.8745727539065,0.0001199388480437,0.0,1,-0.09,1882.87353515625,0.0001750458863341,0.0,1,-0.09,1882.872589111328,0.000225290538893,0.0,1,-0.1,1882.8746337890625,0.000116697257556,0.0,1,-0.2,1882.8742370605469,0.0001377675957259,0.0,1,-0.72,1882.8756103515625,6.483180975338822e-05,0.0,1,-0.76,1882.8743896484373,0.0001296636195067,0.0,1,-0.8,1882.874786376953,0.0001085932813369,0.0,1,-0.99,1882.874786376953,0.0001085932813369,0.0,1,-1.21,1882.875030517578,9.562691938624764e-05,0.0,1,10
ZINC000000131630,-0.41,1882.8768310546875,0.0,0.0,1,-0.84,1882.8768310546875,0.0,0.0,1,-0.86,1882.8768310546875,0.0,0.0,1,-0.94,1882.8768310546875,0.0,0.0,1,-0.97,1882.8768310546875,0.0,0.0,1,-1.08,1882.8768310546875,0.0,0.0,1,-1.13,1882.8768310546875,0.0,0.0,1,-1.19,1882.8768310546875,0.0,0.0,1,-1.37,1882.8768310546875,0.0,0.0,1,-1.37,1882.8768310546875,0.0,0.0,1,10
ZINC000000132127,-0.65,1882.869201660156,0.0004051988109586,0.0,1,-0.85,1882.86962890625,0.0003825076775449,0.0,1,-1.01,1882.8694458007808,0.0003922324490079,0.0,1,-1.14,1882.8687133789065,0.00043113153486,0.0,1,-1.2,1882.8690185546875,0.0004149235824216,0.0,1,-1.27,1882.869873046875,0.0003695413155943,0.0,1,-1.31,1882.8683471679688,0.000450581077786,0.0,1,-1.69,1882.8701171875,0.0003565749536436,0.0,1,-1.7,1882.8687744140625,0.0004278899443723,0.0,1,-1.99,1882.869201660156,0.0004051988109586,0.0,1,10
ZINC000000132265,-0.17,1882.8681640625,0.000460305849249,0.0,1,-0.24,1882.87060546875,0.0003306422297422,0.0,1,-0.32,1882.868896484375,0.000421406763397,0.0,1,-0.45,1882.8693237304688,0.0003987156299833,0.0,1,-0.63,1882.868927001953,0.0004197859681531,0.0,1,-0.74,1882.8687744140625,0.0004278899443723,0.0,1,-0.77,1882.869140625,0.0004084404014463,0.0,1,-0.77,1882.870056152344,0.0003598165441313,0.0,1,-1.48,1882.869201660156,0.0004051988109586,0.0,1,-1000.0,471.744140625,0.0,0.0,0,9
ZINC000000133340,-0.32,1882.8697509765625,0.0003760244965696,0.0,1,-0.35,1882.86865234375,0.0004343731253477,0.0,1,-0.38,1882.869873046875,0.0003695413155943,0.0,1,-0.42,1882.8688354492188,0.0004246483538846,0.0,1,-0.46,1882.8687133789065,0.00043113153486,0.0,1,-0.63,1882.8671875,0.0005121712970517,0.0,1,-0.9,1882.869079589844,0.000411681991934,0.0,1,-1.05,1882.8699340820312,0.0003662997251066,0.0,1,-1.32,1882.869201660156,0.0004051988109586,0.0,1,-1.93,1882.8683471679688,0.000450581077786,0.0,1,10
ZINC000000133774,-0.34,1882.871826171875,0.0002658104199888,0.0,1,-0.64,1882.872009277344,0.0002560856485258,0.0,1,-0.79,1882.8724365234373,0.0002333945151121,0.0,1,-0.81,1882.87109375,0.0003047095058409,0.0,1,-1.08,1882.87255859375,0.0002269113341368,0.0,1,-1.11,1882.8731689453125,0.0001944954292601,0.0,1,-1.26,1882.8695068359373,0.0003889908585203,0.0,1,-1.38,1882.870880126953,0.0003160550725477,0.0,1,-1.48,1882.8714599609373,0.0002852599629149,0.0,1,-5.41,1882.8727416992188,0.0002171865626738,0.0,1,10
ZINC000000133895,-0.07,1882.8768310546875,0.0,0.0,1,-0.33,1882.8768310546875,0.0,0.0,1,-0.41,1882.8768310546875,0.0,0.0,1,-0.44,1882.8768310546875,0.0,0.0,1,-1.14,1882.8768310546875,0.0,0.0,1,-1.14,1882.8768310546875,0.0,0.0,1,-1.36,1882.8768310546875,0.0,0.0,1,-1.9,1882.8768310546875,0.0,0.0,1,-1.9,1882.8768310546875,0.0,0.0,1,-2.72,1882.8768310546875,0.0,0.0,1,10
ZINC000000133977,-1.08,1882.8689575195312,0.0004181651729093,0.0,1,-1.25,1882.8690185546875,0.0004149235824216,0.0,1,-1.52,1882.869201660156,0.0004051988109586,0.0,1,-1.52,1882.8704223632808,0.0003403670012052,0.0,1,-1.64,1882.87060546875,0.0003306422297422,0.0,1,-1.65,1882.8685913085933,0.0004376147158353,0.0,1,-2.03,1882.869201660156,0.0004051988109586,0.0,1,-2.06,1882.86962890625,0.0003825076775449,0.0,1,-2.79,1882.8718872070312,0.0002625688295012,0.0,1,-3.92,1882.868408203125,0.0004473394872983,0.0,1,10
ZINC000000133993,-0.18,1882.8719482421875,0.0002593272390135,0.0,1,-0.39,1882.870178222656,0.0003533333631559,0.0,1,-0.8,1882.870361328125,0.0003436085916929,0.0,1,-1.0,1882.8707275390625,0.0003241590487669,0.0,1,-1.19,1882.869140625,0.0004084404014463,0.0,1,-1.27,1882.8702392578125,0.0003500917726682,0.0,1,-1.29,1882.869140625,0.0004084404014463,0.0,1,-1.71,1882.87109375,0.0003047095058409,0.0,1,-1.97,1882.869201660156,0.0004051988109586,0.0,1,-2.64,1882.8726196289065,0.0002236697436491,0.0,1,10
ZINC000000134173,-0.16,1882.8687133789065,0.00043113153486,0.0,1,-0.27,1882.8689575195312,0.0004181651729093,0.0,1,-0.31,1882.8676147460933,0.000489480163638,0.0,1,-0.33,1882.868225097656,0.0004570642587613,0.0,1,-0.38,1882.86865234375,0.0004343731253477,0.0,1,-0.38,1882.868225097656,0.0004570642587613,0.0,1,-0.77,1882.8684692382808,0.0004440978968107,0.0,1,-1.5,1882.8684692382808,0.0004440978968107,0.0,1,-1.82,1882.8688354492188,0.0004246483538846,0.0,1,-3.72,1882.868225097656,0.0004570642587613,0.0,1,10
ZINC000000134236,-0.54,1882.8685913085933,0.0004376147158353,0.0,1,-0.55,1882.869384765625,0.0003954740394956,0.0,1,-1.25,1882.8695068359373,0.0003889908585203,0.0,1,-1.29,1882.86767578125,0.0004862385731504,0.0,1,-1.32,1882.869140625,0.0004084404014463,0.0,1,-1.36,1882.870178222656,0.0003533333631559,0.0,1,-1.41,1882.869201660156,0.0004051988109586,0.0,1,-1.42,1882.869384765625,0.0003954740394956,0.0,1,-1.52,1882.8699340820312,0.0003662997251066,0.0,1,-1.64,1882.8707275390625,0.0003241590487669,0.0,1,10
ZINC000000134361,-0.36,1882.870361328125,0.0003436085916929,0.0,1,-0.52,1882.8707885742188,0.0003209174582792,0.0,1,-0.55,1882.86767578125,0.0004862385731504,0.0,1,-0.97,1882.868896484375,0.000421406763397,0.0,1,-1.04,1882.8689575195312,0.0004181651729093,0.0,1,-1.2,1882.8701171875,0.0003565749536436,0.0,1,-1.36,1882.8694458007808,0.0003922324490079,0.0,1,-2.39,1882.869079589844,0.000411681991934,0.0,1,-2.45,1882.8673706054688,0.0005024465255887,0.0,1,-3.52,1882.8698120117188,0.0003727829060819,0.0,1,10
ZINC000000135218,-0.02,1882.871032714844,0.0003079510963285,0.0,1,-0.15,1882.872009277344,0.0002560856485258,0.0,1,-0.39,1882.8685913085933,0.0004376147158353,0.0,1,-0.53,1882.8702392578125,0.0003500917726682,0.0,1,-0.88,1882.8721923828125,0.0002463608770628,0.0,1,-0.99,1882.8716430664065,0.0002755351914518,0.0,1,-1.2,1882.8698120117188,0.0003727829060819,0.0,1,-1.71,1882.8705444335933,0.0003338838202299,0.0,1,-2.13,1882.8689575195312,0.0004181651729093,0.0,1,-5.48,1882.8734130859373,0.0001815290673094,0.0,1,10
ZINC000000135268,0.63,1882.8626098632808,0.0007552905836269,0.0,1,0.28,1882.8668212890625,0.0005316208399777,0.0,1,0.26,1882.8646240234373,0.0006483180975338,0.0,1,0.26,1882.8640747070312,0.0006774924119229,0.0,1,-0.16,1882.8638610839844,0.0006888379786297,0.0,1,-0.28,1882.8639526367188,0.0006839755928982,0.0,1,-1.47,1882.8639526367188,0.0006839755928982,0.0,1,-1.6,1882.8670043945312,0.0005218960685147,0.0,1,-1.86,1882.8627319335933,0.0007488074026516,0.0,1,-2.33,1882.8649291992188,0.0006321101450955,0.0,1,10
ZINC000000135509,-0.88,1882.8688354492188,0.0004246483538846,0.0,1,-0.93,1882.8695678710933,0.0003857492680326,0.0,1,-1.09,1882.8689880371087,0.0004165443776655,0.0,1,-1.13,1882.8688659667969,0.0004230275586408,0.0,1,-1.38,1882.8688659667969,0.0004230275586408,0.0,1,-1.4,1882.8706665039065,0.0003274006392546,0.0,1,-1.52,1882.86767578125,0.0004862385731504,0.0,1,-1.74,1882.867431640625,0.000499204935101,0.0,1,-1.75,1882.8677368164065,0.0004829969826627,0.0,1,-2.29,1882.8702087402344,0.0003517125679121,0.0,1,10
ZINC000000136931,-0.27,1882.867431640625,0.000499204935101,0.0,1,-0.59,1882.868103027344,0.0004635474397367,0.0,1,-0.66,1882.8685302734373,0.000440856306323,0.0,1,-0.72,1882.867950439453,0.0004716514159558,0.0,1,-0.76,1882.8681335449216,0.0004619266444928,0.0,1,-0.77,1882.8692626953125,0.000401957220471,0.0,1,-0.77,1882.8677978515625,0.000479755392175,0.0,1,-0.9,1882.8674621582031,0.0004975841398572,0.0,1,-0.97,1882.8694152832031,0.0003938532442518,0.0,1,-1.03,1882.8678283691409,0.0004781345969312,0.0,1,10
ZINC000000137144,-0.65,1882.872100830078,0.0002512232627943,0.0,1,-0.8,1882.8723754882808,0.0002366361055998,0.0,1,-0.84,1882.872131347656,0.0002496024675505,0.0,1,-0.89,1882.8728637695312,0.0002107033816985,0.0,1,-1.07,1882.8703308105469,0.0003452293869367,0.0,1,-1.2,1882.870849609375,0.0003176758677916,0.0,1,-2.34,1882.8728637695312,0.0002107033816985,0.0,1,-2.8,1882.870361328125,0.0003436085916929,0.0,1,-2.95,1882.8720397949216,0.000254464853282,0.0,1,-6.0,1882.872314453125,0.0002398776960875,0.0,1,10
ZINC000000137247,-0.12,1882.8729248046875,0.0002074617912108,0.0,1,-0.13,1882.8706665039065,0.0003274006392546,0.0,1,-0.18,1882.8719482421875,0.0002593272390135,0.0,1,-0.47,1882.8722534179688,0.0002431192865752,0.0,1,-0.55,1882.872009277344,0.0002560856485258,0.0,1,-0.86,1882.873779296875,0.0001620795243834,0.0,1,-0.87,1882.8721923828125,0.0002463608770628,0.0,1,-1.28,1882.873107910156,0.0001977370197478,0.0,1,-1.35,1882.8729248046875,0.0002074617912108,0.0,1,-1.85,1882.8727416992188,0.0002171865626738,0.0,1,10
ZINC000000138779,-0.13,1882.872131347656,0.0002496024675505,0.0,1,-0.38,1882.8716430664065,0.0002755351914518,0.0,1,-0.6,1882.8714599609373,0.0002852599629149,0.0,1,-0.71,1882.8696899414065,0.0003792660870573,0.0,1,-0.77,1882.8721923828125,0.0002463608770628,0.0,1,-0.79,1882.8709106445312,0.0003144342773039,0.0,1,-1.43,1882.8737182617188,0.0001653211148711,0.0,1,-1.52,1882.872131347656,0.0002496024675505,0.0,1,-1.57,1882.8714599609373,0.0002852599629149,0.0,1,-1.97,1882.870849609375,0.0003176758677916,0.0,1,10
ZINC000000139969,-0.58,1882.8697509765625,0.0003760244965696,0.0,1,-0.65,1882.869873046875,0.0003695413155943,0.0,1,-0.67,1882.870056152344,0.0003598165441313,0.0,1,-0.67,1882.8678283691409,0.0004781345969312,0.0,1,-0.74,1882.868896484375,0.000421406763397,0.0,1,-0.85,1882.8699340820312,0.0003662997251066,0.0,1,-0.86,1882.8702697753904,0.0003484709774244,0.0,1,-1.28,1882.8702087402344,0.0003517125679121,0.0,1,-1.64,1882.8676147460933,0.000489480163638,0.0,1,-1.98,1882.8675537109373,0.0004927217541257,0.0,1,10
ZINC000000139994,-0.49,1882.8703308105469,0.0003452293869367,0.0,1,-0.64,1882.8693542480469,0.0003970948347395,0.0,1,-0.75,1882.8700866699216,0.0003581957488874,0.0,1,-0.85,1882.8696899414065,0.0003792660870573,0.0,1,-0.85,1882.869537353516,0.0003873700632764,0.0,1,-1.91,1882.869537353516,0.0003873700632764,0.0,1,-2.22,1882.8701171875,0.0003565749536436,0.0,1,-2.22,1882.870513916016,0.0003355046154737,0.0,1,-3.17,1882.8694152832031,0.0003938532442518,0.0,1,-5.98,1882.868927001953,0.0004197859681531,0.0,1,10
ZINC000000140359,-0.36,1882.8768310546875,0.0,0.0,1,-0.52,1882.8768310546875,0.0,0.0,1,-0.58,1882.8765869140625,1.2966361950677644e-05,0.0,1,-0.59,1882.876708984375,6.483180975338823e-06,0.0,1,-0.61,1882.8768310546875,0.0,0.0,1,-0.65,1882.8768310546875,0.0,0.0,1,-0.67,1882.8767700195312,3.241590487669412e-06,0.0,1,-0.68,1882.8768310546875,0.0,0.0,1,-0.71,1882.876708984375,6.483180975338823e-06,0.0,1,-2.0,1882.8768310546875,0.0,0.0,1,10
ZINC000000140444,-0.75,1882.8729248046875,0.0002074617912108,0.0,1,-0.93,1882.871337890625,0.0002917431438902,0.0,1,-1.1,1882.872467041016,0.0002317737198683,0.0,1,-1.25,1882.87060546875,0.0003306422297422,0.0,1,-1.27,1882.872314453125,0.0002398776960875,0.0,1,-1.4,1882.8724365234373,0.0002333945151121,0.0,1,-1.6,1882.8717651367188,0.0002690520104765,0.0,1,-2.07,1882.874084472656,0.0001458715719451,0.0,1,-2.1,1882.8724365234373,0.0002333945151121,0.0,1,-2.3,1882.871826171875,0.0002658104199888,0.0,1,10
ZINC000000140577,-0.61,1882.874420166016,0.0001280428242629,0.0,1,-0.95,1882.875061035156,9.400612414241292e-05,0.0,1,-1.08,1882.87435913086,0.0001312844147506,0.0,1,-1.1,1882.876037597656,4.214067633970235e-05,0.0,1,-1.29,1882.875457763672,7.293578597256175e-05,0.0,1,-2.15,1882.874267578125,0.0001361468004821,0.0,1,-2.51,1882.875457763672,7.293578597256175e-05,0.0,1,-2.61,1882.8755798339844,6.645260499722293e-05,0.0,1,-3.04,1882.872467041016,0.0002317737198683,0.0,1,-5.41,1882.8735961914065,0.0001718042958464,0.0,1,10
ZINC000000140994,-0.15,1882.8663330078125,0.0005575535638791,0.0,1,-0.32,1882.8653564453125,0.0006094190116818,0.0,1,-0.34,1882.866271972656,0.0005607951543668,0.0,1,-0.66,1882.8646850585933,0.0006450765070462,0.0,1,-0.72,1882.8645629882808,0.0006515596880215,0.0,1,-0.87,1882.865295410156,0.0006126606021695,0.0,1,-1.13,1882.8654174804688,0.0006061774211941,0.0,1,-1.18,1882.8648071289065,0.0006385933260708,0.0,1,-1.3,1882.8656005859373,0.0005964526497311,0.0,1,-5.79,1882.8679809570312,0.000470030620712,0.0,1,10
ZINC000000141127,0.09,1882.8712463378904,0.0002966055296217,0.0,1,-0.02,1882.8722229003904,0.000244740081819,0.0,1,-0.02,1882.870361328125,0.0003436085916929,0.0,1,-0.27,1882.869537353516,0.0003873700632764,0.0,1,-1.11,1882.8717041015625,0.0002722936009642,0.0,1,-1.34,1882.8722534179688,0.0002431192865752,0.0,1,-2.01,1882.8720397949216,0.000254464853282,0.0,1,-2.05,1882.871551513672,0.0002803975771834,0.0,1,-3.83,1882.871032714844,0.0003079510963285,0.0,1,-1000.0,471.744140625,0.0,0.0,0,9
ZINC000000141425,-0.43,1882.8768310546875,0.0,0.0,1,-0.7,1882.8768310546875,0.0,0.0,1,-0.71,1882.8768310546875,0.0,0.0,1,-0.8,1882.8766784667969,8.103976219173527e-06,0.0,1,-0.81,1882.8768310546875,0.0,0.0,1,-0.97,1882.8768310546875,0.0,0.0,1,-1.02,1882.8768310546875,0.0,0.0,1,-1.04,1882.8768310546875,0.0,0.0,1,-1.36,1882.8768310546875,0.0,0.0,1,-1.68,1882.8768310546875,0.0,0.0,1,10
ZINC000000141822,-0.24,1882.8709106445312,0.0003144342773039,0.0,1,-0.56,1882.870361328125,0.0003436085916929,0.0,1,-0.62,1882.8712158203125,0.0002982263248655,0.0,1,-0.71,1882.8693237304688,0.0003987156299833,0.0,1,-0.83,1882.872985839844,0.0002042202007231,0.0,1,-0.94,1882.8713989257808,0.0002885015534025,0.0,1,-2.1,1882.8712768554688,0.0002949847343779,0.0,1,-2.26,1882.8726196289065,0.0002236697436491,0.0,1,-2.3,1882.8706665039065,0.0003274006392546,0.0,1,-1000.0,471.744140625,0.0,0.0,0,9
ZINC000000141900,0.18,1882.8677978515625,0.000479755392175,0.0,1,-0.49,1882.8712768554688,0.0002949847343779,0.0,1,-0.66,1882.86962890625,0.0003825076775449,0.0,1,-0.79,1882.87158203125,0.0002787767819395,0.0,1,-0.85,1882.869873046875,0.0003695413155943,0.0,1,-0.85,1882.8713989257808,0.0002885015534025,0.0,1,-0.88,1882.8706665039065,0.0003274006392546,0.0,1,-1.04,1882.87109375,0.0003047095058409,0.0,1,-1.55,1882.8717041015625,0.0002722936009642,0.0,1,-1.78,1882.8680419921875,0.0004667890302243,0.0,1,10
ZINC000000142565,-0.69,1882.876037597656,4.214067633970235e-05,0.0,1,-1.11,1882.8768310546875,0.0,0.0,1,-1.44,1882.8768310546875,0.0,0.0,1,-1.81,1882.8768310546875,0.0,0.0,1,-1.81,1882.8768310546875,0.0,0.0,1,-1.9,1882.8767700195312,3.241590487669412e-06,0.0,1,-1.98,1882.8768310546875,0.0,0.0,1,-2.04,1882.8766479492188,9.724771463008234e-06,0.0,1,-2.09,1882.8768310546875,0.0,0.0,1,-2.13,1882.8768310546875,0.0,0.0,1,10
ZINC000000142753,-0.09,1882.870513916016,0.0003355046154737,0.0,1,-0.18,1882.8683776855469,0.0004489602825422,0.0,1,-0.47,1882.8687744140625,0.0004278899443723,0.0,1,-0.56,1882.8689575195312,0.0004181651729093,0.0,1,-0.63,1882.8706970214844,0.0003257798440107,0.0,1,-0.65,1882.86962890625,0.0003825076775449,0.0,1,-0.88,1882.8685913085933,0.0004376147158353,0.0,1,-1.53,1882.870147705078,0.0003549541583998,0.0,1,-1.78,1882.870513916016,0.0003355046154737,0.0,1,-3.38,1882.8687133789065,0.00043113153486,0.0,1,10
ZINC000000142810,0.26,1882.8667907714844,0.0005332416352216,0.0,1,0.09,1882.865173339844,0.0006191437831448,0.0,1,0.04,1882.8656005859373,0.0005964526497311,0.0,1,-0.01,1882.8671875,0.0005121712970517,0.0,1,-0.04,1882.8681335449216,0.0004619266444928,0.0,1,-0.17,1882.8665161132808,0.0005478287924161,0.0,1,-0.28,1882.8688354492188,0.0004246483538846,0.0,1,-0.74,1882.8675537109373,0.0004927217541257,0.0,1,-0.85,1882.8677978515625,0.000479755392175,0.0,1,-2.3,1882.865173339844,0.0006191437831448,0.0,1,10
ZINC000000142967,-0.86,1882.8703308105469,0.0003452293869367,0.0,1,-0.97,1882.8705444335933,0.0003338838202299,0.0,1,-1.05,1882.868194580078,0.0004586850540052,0.0,1,-1.08,1882.869903564453,0.0003679205203504,0.0,1,-1.12,1882.8709411621087,0.00031281348206,0.0,1,-1.34,1882.8698120117188,0.0003727829060819,0.0,1,-1.35,1882.8697509765625,0.0003760244965696,0.0,1,-1.5,1882.87045288086,0.0003387462059614,0.0,1,-1.8,1882.8707580566409,0.0003225382535231,0.0,1,-2.02,1882.8707580566409,0.0003225382535231,0.0,1,10
ZINC000000143066,-0.17,1882.8768310546875,0.0,0.0,1,-0.25,1882.8768310546875,0.0,0.0,1,-0.34,1882.8768310546875,0.0,0.0,1,-0.37,1882.8768310546875,0.0,0.0,1,-0.38,1882.8768310546875,0.0,0.0,1,-0.39,1882.8768310546875,0.0,0.0,1,-0.45,1882.8768310546875,0.0,0.0,1,-0.5,1882.8768310546875,0.0,0.0,1,-0.61,1882.8768310546875,0.0,0.0,1,-0.65,1882.8768310546875,0.0,0.0,1,10
ZINC000000143953,-0.28,1882.8729248046875,0.0002074617912108,0.0,1,-0.77,1882.8703918457031,0.0003419877964491,0.0,1,-1.21,1882.8726806640625,0.0002204281531615,0.0,1,-1.22,1882.872314453125,0.0002398776960875,0.0,1,-1.25,1882.8728637695312,0.0002107033816985,0.0,1,-1.3,1882.872131347656,0.0002496024675505,0.0,1,-1.36,1882.87353515625,0.0001750458863341,0.0,1,-1.37,1882.872802734375,0.0002139449721861,0.0,1,-1.68,1882.8717956542969,0.0002674312152327,0.0,1,-3.14,1882.8733520507808,0.0001847706577971,0.0,1,10
ZINC000000144615,-0.35,1882.8695678710933,0.0003857492680326,0.0,1,-0.87,1882.8726196289065,0.0002236697436491,0.0,1,-1.07,1882.872314453125,0.0002398776960875,0.0,1,-1.11,1882.8713989257808,0.0002885015534025,0.0,1,-1.27,1882.8726196289065,0.0002236697436491,0.0,1,-1.64,1882.872802734375,0.0002139449721861,0.0,1,-2.02,1882.8707275390625,0.0003241590487669,0.0,1,-2.12,1882.8715209960933,0.0002820183724272,0.0,1,-2.44,1882.8721923828125,0.0002463608770628,0.0,1,-2.76,1882.8719482421875,0.0002593272390135,0.0,1,10
ZINC000000145248,-0.53,1882.8689575195312,0.0004181651729093,0.0,1,-0.89,1882.8679809570312,0.000470030620712,0.0,1,-1.32,1882.869079589844,0.000411681991934,0.0,1,-1.33,1882.8685913085933,0.0004376147158353,0.0,1,-1.42,1882.869079589844,0.000411681991934,0.0,1,-1.48,1882.8709106445312,0.0003144342773039,0.0,1,-1.5,1882.869873046875,0.0003695413155943,0.0,1,-1.56,1882.8693237304688,0.0003987156299833,0.0,1,-1.57,1882.869201660156,0.0004051988109586,0.0,1,-2.36,1882.8703002929688,0.0003468501821806,0.0,1,10
ZINC000000145718,-0.4,1882.8706665039065,0.0003274006392546,0.0,1,-1.12,1882.8729248046875,0.0002074617912108,0.0,1,-1.25,1882.8704833984373,0.0003371254107176,0.0,1,-1.69,1882.8704223632808,0.0003403670012052,0.0,1,-1.77,1882.872314453125,0.0002398776960875,0.0,1,-1.97,1882.87255859375,0.0002269113341368,0.0,1,-2.32,1882.8719177246087,0.0002609480342573,0.0,1,-2.6,1882.8714599609373,0.0002852599629149,0.0,1,-2.87,1882.8720703125,0.0002528440580382,0.0,1,-3.6,1882.86947631836,0.0003906116537641,0.0,1,10
ZINC000000145904,-0.91,1882.8733520507808,0.0001847706577971,0.0,1,-1.04,1882.8768310546875,0.0,0.0,1,-1.06,1882.8761596679688,3.565749536436352e-05,0.0,1,-1.06,1882.8733520507808,0.0001847706577971,0.0,1,-1.19,1882.875244140625,8.42813526794047e-05,0.0,1,-1.3,1882.8768310546875,0.0,0.0,1,-1.38,1882.8748779296875,0.0001037308956054,0.0,1,-1.83,1882.87353515625,0.0001750458863341,0.0,1,-2.0,1882.87353515625,0.0001750458863341,0.0,1,-2.89,1882.8744506835933,0.0001264220290191,0.0,1,10
ZINC000000146144,-0.41,1882.873107910156,0.0001977370197478,0.0,1,-0.43,1882.873046875,0.0002009786102355,0.0,1,-0.45,1882.8727416992188,0.0002171865626738,0.0,1,-0.49,1882.872131347656,0.0002496024675505,0.0,1,-0.71,1882.871826171875,0.0002658104199888,0.0,1,-0.74,1882.87353515625,0.0001750458863341,0.0,1,-1.0,1882.8731689453125,0.0001944954292601,0.0,1,-1.08,1882.8722534179688,0.0002431192865752,0.0,1,-1.31,1882.8731689453125,0.0001944954292601,0.0,1,-2.28,1882.8714599609373,0.0002852599629149,0.0,1,10
ZINC000000147351,-0.61,1882.8732299804688,0.0001912538387724,0.0,1,-0.68,1882.8707275390625,0.0003241590487669,0.0,1,-0.72,1882.8717041015625,0.0002722936009642,0.0,1,-0.89,1882.8707885742188,0.0003209174582792,0.0,1,-0.93,1882.8697509765625,0.0003760244965696,0.0,1,-0.98,1882.8709106445312,0.0003144342773039,0.0,1,-1.06,1882.8707885742188,0.0003209174582792,0.0,1,-1.1,1882.8713989257808,0.0002885015534025,0.0,1,-1.11,1882.87255859375,0.0002269113341368,0.0,1,-3.45,1882.8721923828125,0.0002463608770628,0.0,1,10
ZINC000000147855,-0.33,1882.8768310546875,0.0,0.0,1,-0.39,1882.8768310546875,0.0,0.0,1,-0.42,1882.8768310546875,0.0,0.0,1,-0.5,1882.8768310546875,0.0,0.0,1,-0.63,1882.876434326172,2.107033816985117e-05,0.0,1,-0.65,1882.8768310546875,0.0,0.0,1,-0.67,1882.8768310546875,0.0,0.0,1,-0.68,1882.8768310546875,0.0,0.0,1,-2.0,1882.8768310546875,0.0,0.0,1,-2.01,1882.876434326172,2.107033816985117e-05,0.0,1,10
ZINC000000147857,-0.63,1882.8768310546875,0.0,0.0,1,-0.67,1882.8768310546875,0.0,0.0,1,-0.69,1882.8768310546875,0.0,0.0,1,-0.71,1882.8768310546875,0.0,0.0,1,-0.89,1882.8768310546875,0.0,0.0,1,-0.91,1882.8768310546875,0.0,0.0,1,-0.95,1882.8768310546875,0.0,0.0,1,-1.03,1882.8768310546875,0.0,0.0,1,-1.1,1882.8768310546875,0.0,0.0,1,-2.22,1882.8768310546875,0.0,0.0,1,10
ZINC000000148068,-0.77,1882.870178222656,0.0003533333631559,0.0,1,-0.85,1882.8694458007808,0.0003922324490079,0.0,1,-0.96,1882.869201660156,0.0004051988109586,0.0,1,-0.99,1882.8695068359373,0.0003889908585203,0.0,1,-1.01,1882.8706665039065,0.0003274006392546,0.0,1,-1.07,1882.8699340820312,0.0003662997251066,0.0,1,-1.07,1882.8702392578125,0.0003500917726682,0.0,1,-1.33,1882.872314453125,0.0002398776960875,0.0,1,-1.33,1882.87158203125,0.0002787767819395,0.0,1,-3.34,1882.8712768554688,0.0002949847343779,0.0,1,10
ZINC000000148092,-0.85,1882.8712158203125,0.0002982263248655,0.0,1,-1.09,1882.8716430664065,0.0002755351914518,0.0,1,-1.12,1882.8716430664065,0.0002755351914518,0.0,1,-1.16,1882.8714599609373,0.0002852599629149,0.0,1,-1.16,1882.871826171875,0.0002658104199888,0.0,1,-1.28,1882.871826171875,0.0002658104199888,0.0,1,-1.37,1882.8723754882808,0.0002366361055998,0.0,1,-1.56,1882.87109375,0.0003047095058409,0.0,1,-1.98,1882.86962890625,0.0003825076775449,0.0,1,-1000.0,471.744140625,0.0,0.0,0,9
ZINC000000148218,-0.4,1882.8768310546875,0.0,0.0,1,-0.5,1882.8768310546875,0.0,0.0,1,-0.84,1882.8768310546875,0.0,0.0,1,-0.86,1882.8768310546875,0.0,0.0,1,-1.01,1882.8768310546875,0.0,0.0,1,-1.55,1882.8768310546875,0.0,0.0,1,-2.65,1882.8768310546875,0.0,0.0,1,-2.8,1882.8768310546875,0.0,0.0,1,-3.51,1882.8768310546875,0.0,0.0,1,-5.37,471.744140625,0.0,0.0,1,10
ZINC000000149016,-0.72,1882.8675537109373,0.0004927217541257,0.0,1,-0.74,1882.8675537109373,0.0004927217541257,0.0,1,-0.77,1882.86669921875,0.0005381040209531,0.0,1,-0.97,1882.867126464844,0.0005154128875394,0.0,1,-1.07,1882.8663940429688,0.0005543119733914,0.0,1,-1.47,1882.8673095703125,0.0005056881160764,0.0,1,-1.52,1882.8675537109373,0.0004927217541257,0.0,1,-1.64,1882.867248535156,0.000508929706564,0.0,1,-1.76,1882.867248535156,0.000508929706564,0.0,1,-2.95,1882.8663330078125,0.0005575535638791,0.0,1,10
ZINC000000149109,-0.87,1882.86962890625,0.0003825076775449,0.0,1,-0.92,1882.8698120117188,0.0003727829060819,0.0,1,-1.04,1882.869201660156,0.0004051988109586,0.0,1,-1.07,1882.8702392578125,0.0003500917726682,0.0,1,-1.19,1882.867919921875,0.0004732722111997,0.0,1,-1.22,1882.8685302734373,0.000440856306323,0.0,1,-1.42,1882.869140625,0.0004084404014463,0.0,1,-1.56,1882.869873046875,0.0003695413155943,0.0,1,-1.79,1882.8706665039065,0.0003274006392546,0.0,1,-1.99,1882.8695068359373,0.0003889908585203,0.0,1,10
ZINC000000149228,-0.51,1882.8727416992188,0.0002171865626738,0.0,1,-0.63,1882.8744506835933,0.0001264220290191,0.0,1,-0.8,1882.8726196289065,0.0002236697436491,0.0,1,-0.83,1882.8709716796875,0.0003111926868162,0.0,1,-1.06,1882.8740234375,0.0001491131624327,0.0,1,-1.2,1882.8724365234373,0.0002333945151121,0.0,1,-1.23,1882.872802734375,0.0002139449721861,0.0,1,-1.28,1882.8720703125,0.0002528440580382,0.0,1,-1.83,1882.87109375,0.0003047095058409,0.0,1,-2.38,1882.874420166016,0.0001280428242629,0.0,1,10
ZINC000000151197,-0.52,1882.876739501953,4.862385731504117e-06,0.0,1,-0.53,1882.8768310546875,0.0,0.0,1,-1.45,1882.8768310546875,0.0,0.0,1,-1.52,1882.8768310546875,0.0,0.0,1,-1.7,1882.8768310546875,0.0,0.0,1,-1.7,1882.8768310546875,0.0,0.0,1,-1.82,1882.8768310546875,0.0,0.0,1,-2.3,1882.8768310546875,0.0,0.0,1,-2.82,1882.8768310546875,0.0,0.0,1,-5.52,1882.8768310546875,0.0,0.0,1,10
ZINC000000151309,-0.33,1882.8690185546875,0.0004149235824216,0.0,1,-0.41,1882.8695678710933,0.0003857492680326,0.0,1,-0.42,1882.868225097656,0.0004570642587613,0.0,1,-0.43,1882.8701171875,0.0003565749536436,0.0,1,-0.46,1882.8690185546875,0.0004149235824216,0.0,1,-0.56,1882.8690490722656,0.0004133027871778,0.0,1,-0.72,1882.870361328125,0.0003436085916929,0.0,1,-0.78,1882.8687133789065,0.00043113153486,0.0,1,-0.97,1882.8692626953125,0.000401957220471,0.0,1,-2.81,1882.8690185546875,0.0004149235824216,0.0,1,10
ZINC000000151325,-0.31,1882.872009277344,0.0002560856485258,0.0,1,-0.36,1882.8712158203125,0.0002982263248655,0.0,1,-0.44,1882.8716430664065,0.0002755351914518,0.0,1,-0.53,1882.871337890625,0.0002917431438902,0.0,1,-0.64,1882.8727416992188,0.0002171865626738,0.0,1,-0.83,1882.8714599609373,0.0002852599629149,0.0,1,-0.86,1882.872314453125,0.0002398776960875,0.0,1,-1.05,1882.8709716796875,0.0003111926868162,0.0,1,-1.5,1882.8701171875,0.0003565749536436,0.0,1,-2.82,1882.8702392578125,0.0003500917726682,0.0,1,10
ZINC000000151399,-0.63,1882.8690185546875,0.0004149235824216,0.0,1,-0.81,1882.8702392578125,0.0003500917726682,0.0,1,-0.82,1882.870361328125,0.0003436085916929,0.0,1,-1.16,1882.8698120117188,0.0003727829060819,0.0,1,-1.36,1882.87060546875,0.0003306422297422,0.0,1,-1.41,1882.8695068359373,0.0003889908585203,0.0,1,-1.49,1882.8694458007808,0.0003922324490079,0.0,1,-1.54,1882.870056152344,0.0003598165441313,0.0,1,-1.66,1882.8743896484373,0.0001296636195067,0.0,1,-2.37,1882.8685913085933,0.0004376147158353,0.0,1,10
ZINC000000152779,-0.86,1882.8768310546875,0.0,0.0,1,-0.88,1882.8768310546875,0.0,0.0,1,-0.91,1882.8768310546875,0.0,0.0,1,-1.15,1882.8768310546875,0.0,0.0,1,-1.15,1882.8768310546875,0.0,0.0,1,-1.17,1882.8768310546875,0.0,0.0,1,-1.19,1882.8768310546875,0.0,0.0,1,-1.27,1882.8768310546875,0.0,0.0,1,-1.33,1882.8768310546875,0.0,0.0,1,-1.64,1882.8756103515625,6.483180975338822e-05,0.0,1,10
ZINC000000153209,0.06,1882.8694458007808,0.0003922324490079,0.0,1,-0.04,1882.869201660156,0.0004051988109586,0.0,1,-0.07,1882.868103027344,0.0004635474397367,0.0,1,-0.07,1882.8687133789065,0.00043113153486,0.0,1,-0.08,1882.8696899414065,0.0003792660870573,0.0,1,-0.8,1882.867248535156,0.000508929706564,0.0,1,-1.15,1882.86669921875,0.0005381040209531,0.0,1,-1.43,1882.8663330078125,0.0005575535638791,0.0,1,-2.44,1882.8657836914065,0.0005867278782681,0.0,1,-3.1,1882.8654174804688,0.0006061774211941,0.0,1,10
ZINC000000154111,0.18,1882.8684692382808,0.0004440978968107,0.0,1,0.15,1882.868103027344,0.0004635474397367,0.0,1,-0.49,1882.8681640625,0.000460305849249,0.0,1,-0.63,1882.8705444335933,0.0003338838202299,0.0,1,-0.84,1882.8704223632808,0.0003403670012052,0.0,1,-1.26,1882.8692626953125,0.000401957220471,0.0,1,-1.3,1882.867126464844,0.0005154128875394,0.0,1,-1.37,1882.869659423828,0.0003808868823011,0.0,1,-1.58,1882.867919921875,0.0004732722111997,0.0,1,-2.36,1882.870178222656,0.0003533333631559,0.0,1,10
ZINC000000154277,-0.6,1882.8709106445312,0.0003144342773039,0.0,1,-0.68,1882.8698120117188,0.0003727829060819,0.0,1,-0.74,1882.871337890625,0.0002917431438902,0.0,1,-0.78,1882.8699340820312,0.0003662997251066,0.0,1,-0.79,1882.8707885742188,0.0003209174582792,0.0,1,-0.81,1882.87109375,0.0003047095058409,0.0,1,-0.82,1882.8706665039065,0.0003274006392546,0.0,1,-0.83,1882.8706665039065,0.0003274006392546,0.0,1,-0.92,1882.8695068359373,0.0003889908585203,0.0,1,-5.61,471.744140625,0.0,0.0,1,10
ZINC000000154319,-0.32,1882.8768310546875,0.0,0.0,1,-0.36,1882.8768310546875,0.0,0.0,1,-0.46,1882.8768310546875,0.0,0.0,1,-0.47,1882.8768310546875,0.0,0.0,1,-0.47,1882.8768310546875,0.0,0.0,1,-0.48,1882.8768310546875,0.0,0.0,1,-0.86,1882.8768310546875,0.0,0.0,1,-2.75,1882.8768310546875,0.0,0.0,1,-3.47,1882.8768310546875,0.0,0.0,1,-1000.0,471.744140625,0.0,0.0,0,9
ZINC000000154527,-0.21,1882.86572265625,0.0005899694687558,0.0,1,-0.31,1882.865966796875,0.0005770031068051,0.0,1,-0.33,1882.865966796875,0.0005770031068051,0.0,1,-0.35,1882.86572265625,0.0005899694687558,0.0,1,-0.4,1882.8645629882808,0.0006515596880215,0.0,1,-0.48,1882.8657836914065,0.0005867278782681,0.0,1,-0.51,1882.8635864257808,0.0007034251358242,0.0,1,-0.6,1882.8656005859373,0.0005964526497311,0.0,1,-0.6,1882.8646240234373,0.0006483180975338,0.0,1,-0.85,1882.8654174804688,0.0006061774211941,0.0,1,10
ZINC000000154869,-0.31,1882.8697509765625,0.0003760244965696,0.0,1,-0.32,1882.869140625,0.0004084404014463,0.0,1,-0.35,1882.8684692382808,0.0004440978968107,0.0,1,-0.37,1882.8689575195312,0.0004181651729093,0.0,1,-0.37,1882.8687744140625,0.0004278899443723,0.0,1,-1.42,1882.8704223632808,0.0003403670012052,0.0,1,-2.18,1882.869140625,0.0004084404014463,0.0,1,-2.41,1882.871337890625,0.0002917431438902,0.0,1,-3.31,1882.8699951171875,0.0003630581346189,0.0,1,-3.97,1882.8698120117188,0.0003727829060819,0.0,1,10
ZINC000000154916,-0.71,1882.872985839844,0.0002042202007231,0.0,1,-0.79,1882.8721923828125,0.0002463608770628,0.0,1,-0.82,1882.8726806640625,0.0002204281531615,0.0,1,-0.92,1882.874755859375,0.0001102140765807,0.0,1,-1.69,1882.8746948242188,0.0001134556670684,0.0,1,-1.77,1882.8741455078125,0.0001426299814574,0.0,1,-2.38,1882.873107910156,0.0001977370197478,0.0,1,-2.56,1882.8733520507808,0.0001847706577971,0.0,1,-2.74,1882.8732299804688,0.0001912538387724,0.0,1,-2.87,1882.8741455078125,0.0001426299814574,0.0,1,10
ZINC000000155559,-0.88,1882.866973876953,0.0005235168637586,0.0,1,-0.91,1882.8666381835933,0.0005413456114407,0.0,1,-0.94,1882.8663940429688,0.0005543119733914,0.0,1,-1.09,1882.866607666016,0.0005429664066846,0.0,1,-1.17,1882.867218017578,0.0005105505018079,0.0,1,-1.2,1882.8668518066409,0.0005300000447339,0.0,1,-1.25,1882.8665161132808,0.0005478287924161,0.0,1,-1.35,1882.866729736328,0.0005364832257092,0.0,1,-1.74,1882.866668701172,0.0005397248161969,0.0,1,-3.62,1882.8660583496087,0.0005721407210736,0.0,1,10
ZINC000000156839,-0.02,1882.8768310546875,0.0,0.0,1,-0.08,1882.8768310546875,0.0,0.0,1,-0.08,1882.8768310546875,0.0,0.0,1,-0.15,1882.8768310546875,0.0,0.0,1,-0.26,1882.8768310546875,0.0,0.0,1,-0.29,1882.8768310546875,0.0,0.0,1,-0.34,1882.8768310546875,0.0,0.0,1,-0.57,1882.8768310546875,0.0,0.0,1,-2.29,1882.8768310546875,0.0,0.0,1,-3.24,1629.739715576172,13.444167526174382,66.66666666666666,1,10
ZINC000000157038,0.07,1882.8723754882808,0.0002366361055998,0.0,1,-0.0,1882.8719787597656,0.0002577064437697,0.0,1,-0.13,1882.8712463378904,0.0002966055296217,0.0,1,-0.19,1882.870880126953,0.0003160550725477,0.0,1,-0.25,1882.8699340820312,0.0003662997251066,0.0,1,-0.39,1882.872131347656,0.0002496024675505,0.0,1,-0.43,1882.8700866699216,0.0003581957488874,0.0,1,-0.44,1882.871551513672,0.0002803975771834,0.0,1,-0.73,1882.8708190917969,0.0003192966630354,0.0,1,-1.92,1882.8698120117188,0.0003727829060819,0.0,1,10
ZINC000000158022,-0.17,1882.86962890625,0.0003825076775449,0.0,1,-0.26,1882.8699951171875,0.0003630581346189,0.0,1,-0.73,1882.8688354492188,0.0004246483538846,0.0,1,-0.83,1882.8695678710933,0.0003857492680326,0.0,1,-0.99,1882.870178222656,0.0003533333631559,0.0,1,-1.1,1882.8695068359373,0.0003889908585203,0.0,1,-1.16,1882.8697509765625,0.0003760244965696,0.0,1,-1.75,1882.8699340820312,0.0003662997251066,0.0,1,-2.05,1882.8692626953125,0.000401957220471,0.0,1,-5.64,1882.8681640625,0.000460305849249,0.0,1,10
ZINC000000158171,0.27,1882.870574951172,0.0003322630249861,0.0,1,-0.94,1882.8702697753904,0.0003484709774244,0.0,1,-1.0,1882.8685302734373,0.000440856306323,0.0,1,-1.0,1882.8713684082031,0.0002901223486464,0.0,1,-1.46,1882.8715209960933,0.0002820183724272,0.0,1,-1.76,1882.8698120117188,0.0003727829060819,0.0,1,-1.82,1882.8709411621087,0.00031281348206,0.0,1,-1.85,1882.8694458007808,0.0003922324490079,0.0,1,-2.07,1882.872131347656,0.0002496024675505,0.0,1,-5.43,471.744140625,0.0,0.0,1,10
ZINC000000159176,-0.25,1882.869079589844,0.000411681991934,0.0,1,-0.28,1882.8682861328125,0.0004538226682737,0.0,1,-0.38,1882.8695678710933,0.0003857492680326,0.0,1,-0.42,1882.870056152344,0.0003598165441313,0.0,1,-0.46,1882.869384765625,0.0003954740394956,0.0,1,-0.46,1882.8705444335933,0.0003338838202299,0.0,1,-0.54,1882.870056152344,0.0003598165441313,0.0,1,-0.68,1882.8697509765625,0.0003760244965696,0.0,1,-1.06,1882.8670043945312,0.0005218960685147,0.0,1,-1.36,1882.86865234375,0.0004343731253477,0.0,1,10
ZINC000000159410,-0.34,1882.869201660156,0.0004051988109586,0.0,1,-0.34,1882.8688354492188,0.0004246483538846,0.0,1,-0.51,1882.8680419921875,0.0004667890302243,0.0,1,-0.6,1882.8692626953125,0.000401957220471,0.0,1,-0.66,1882.867431640625,0.000499204935101,0.0,1,-0.67,1882.868225097656,0.0004570642587613,0.0,1,-0.72,1882.8674926757808,0.0004959633446134,0.0,1,-0.89,1882.868225097656,0.0004570642587613,0.0,1,-1.4,1882.8687133789065,0.00043113153486,0.0,1,-5.82,1882.8675537109373,0.0004927217541257,0.0,1,10
ZINC000000160154,-0.31,1882.8726806640625,0.0002204281531615,0.0,1,-0.52,1882.874084472656,0.0001458715719451,0.0,1,-0.64,1882.874755859375,0.0001102140765807,0.0,1,-0.74,1882.8726196289065,0.0002236697436491,0.0,1,-0.78,1882.874084472656,0.0001458715719451,0.0,1,-0.79,1882.8726196289065,0.0002236697436491,0.0,1,-0.92,1882.87158203125,0.0002787767819395,0.0,1,-1.37,1882.8734130859373,0.0001815290673094,0.0,1,-1.47,1882.8715209960933,0.0002820183724272,0.0,1,-1.49,1882.8746948242188,0.0001134556670684,0.0,1,10
ZINC000000160369,-0.51,1882.8715209960933,0.0002820183724272,0.0,1,-0.57,1882.868103027344,0.0004635474397367,0.0,1,-0.7,1882.8689575195312,0.0004181651729093,0.0,1,-0.7,1882.86962890625,0.0003825076775449,0.0,1,-0.78,1882.870574951172,0.0003322630249861,0.0,1,-1.08,1882.8685302734373,0.000440856306323,0.0,1,-1.38,1882.8690185546875,0.0004149235824216,0.0,1,-1.85,1882.870056152344,0.0003598165441313,0.0,1,-2.11,1882.869873046875,0.0003695413155943,0.0,1,-5.08,471.744140625,0.0,0.0,1,10
ZINC000000161183,-0.46,1882.867645263672,0.0004878593683942,0.0,1,-0.57,1882.8713684082031,0.0002901223486464,0.0,1,-0.61,1882.8691101074216,0.0004100611966901,0.0,1,-0.61,1882.8695678710933,0.0003857492680326,0.0,1,-0.68,1882.869537353516,0.0003873700632764,0.0,1,-0.7,1882.869598388672,0.0003841284727888,0.0,1,-0.91,1882.869659423828,0.0003808868823011,0.0,1,-0.94,1882.8691101074216,0.0004100611966901,0.0,1,-1.01,1882.870056152344,0.0003598165441313,0.0,1,-5.17,1882.86865234375,0.0004343731253477,0.0,1,10
ZINC000000162310,-0.47,1882.875,9.724771463008236e-05,0.0,1,-0.64,1882.8748168945312,0.000106972486093,0.0,1,-0.69,1882.873779296875,0.0001620795243834,0.0,1,-0.72,1882.8742065429688,0.0001393883909697,0.0,1,-1.02,1882.873107910156,0.0001977370197478,0.0,1,-1.17,1882.8724365234373,0.0002333945151121,0.0,1,-1.32,1882.8733215332031,0.0001863914530409,0.0,1,-1.66,1882.8728942871087,0.0002090825864546,0.0,1,-1.71,1882.8738708496087,0.0001572171386519,0.0,1,-3.38,1882.8732299804688,0.0001912538387724,0.0,1,10
ZINC000000165114,-0.37,1882.8673095703125,0.0005056881160764,0.0,1,-0.48,1882.8690185546875,0.0004149235824216,0.0,1,-0.48,1882.867919921875,0.0004732722111997,0.0,1,-0.52,1882.868103027344,0.0004635474397367,0.0,1,-0.95,1882.8677978515625,0.000479755392175,0.0,1,-0.97,1882.8689880371087,0.0004165443776655,0.0,1,-1.11,1882.8682556152344,0.0004554434635175,0.0,1,-1.12,1882.8702087402344,0.0003517125679121,0.0,1,-1.19,1882.8679809570312,0.000470030620712,0.0,1,-2.06,1882.8684692382808,0.0004440978968107,0.0,1,10
ZINC000000165223,-0.29,1882.8704223632808,0.0003403670012052,0.0,1,-0.39,1882.86865234375,0.0004343731253477,0.0,1,-0.46,1882.869079589844,0.000411681991934,0.0,1,-0.58,1882.86865234375,0.0004343731253477,0.0,1,-0.61,1882.870056152344,0.0003598165441313,0.0,1,-0.9,1882.8683471679688,0.000450581077786,0.0,1,-0.91,1882.869873046875,0.0003695413155943,0.0,1,-0.96,1882.8677978515625,0.000479755392175,0.0,1,-1.12,1882.8704833984373,0.0003371254107176,0.0,1,-2.32,1882.8690185546875,0.0004149235824216,0.0,1,10
ZINC000000165334,-0.71,1882.86181640625,0.0007974312599666,0.0,1,-0.93,1882.8652038574216,0.000617522987901,0.0,1,-1.32,1882.8629760742188,0.0007358410407009,0.0,1,-1.36,1882.8623046875,0.0007714985360653,0.0,1,-1.51,1882.8628540039065,0.0007423242216762,0.0,1,-1.63,1882.8641662597656,0.0006726300261914,0.0,1,-1.76,1882.8637084960933,0.0006969419548489,0.0,1,-1.87,1882.862243652344,0.0007747401265529,0.0,1,-2.23,1882.86376953125,0.0006937003643612,0.0,1,-3.0,1882.864990234375,0.0006288685546078,0.0,1,10
ZINC000000165355,-0.27,1882.8720703125,0.0002528440580382,0.0,1,-0.28,1882.8727416992188,0.0002171865626738,0.0,1,-0.49,1882.873046875,0.0002009786102355,0.0,1,-0.52,1882.8739013671875,0.0001555963434081,0.0,1,-0.67,1882.8746948242188,0.0001134556670684,0.0,1,-0.74,1882.8746337890625,0.000116697257556,0.0,1,-0.76,1882.8740234375,0.0001491131624327,0.0,1,-0.77,1882.872985839844,0.0002042202007231,0.0,1,-2.13,1882.8731689453125,0.0001944954292601,0.0,1,-2.33,1882.8709716796875,0.0003111926868162,0.0,1,10
ZINC000000165750,-0.29,1882.869140625,0.0004084404014463,0.0,1,-0.59,1882.8684692382808,0.0004440978968107,0.0,1,-0.66,1882.868408203125,0.0004473394872983,0.0,1,-0.76,1882.869903564453,0.0003679205203504,0.0,1,-1.16,1882.8671569824216,0.0005137920922956,0.0,1,-1.23,1882.8683471679688,0.000450581077786,0.0,1,-2.14,1882.86752319336,0.0004943425493695,0.0,1,-2.15,1882.8683166503904,0.0004522018730298,0.0,1,-2.17,1882.86752319336,0.0004943425493695,0.0,1,-2.34,1882.8698425292969,0.0003711621108381,0.0,1,10
ZINC000000166237,-0.58,1882.8695678710933,0.0003857492680326,0.0,1,-0.71,1882.8706665039065,0.0003274006392546,0.0,1,-0.74,1882.868896484375,0.000421406763397,0.0,1,-0.8,1882.8711853027344,0.0002998471201094,0.0,1,-0.81,1882.8695678710933,0.0003857492680326,0.0,1,-0.84,1882.8699340820312,0.0003662997251066,0.0,1,-0.84,1882.86962890625,0.0003825076775449,0.0,1,-0.89,1882.8697509765625,0.0003760244965696,0.0,1,-1.31,1882.8726196289065,0.0002236697436491,0.0,1,-5.74,1882.873046875,0.0002009786102355,0.0,1,10
ZINC000000166351,-0.29,1882.8670043945312,0.0005218960685147,0.0,1,-0.5,1882.869873046875,0.0003695413155943,0.0,1,-0.55,1882.8688659667969,0.0004230275586408,0.0,1,-0.7,1882.869079589844,0.000411681991934,0.0,1,-1.13,1882.868896484375,0.000421406763397,0.0,1,-1.26,1882.867706298828,0.0004846177779065,0.0,1,-1.28,1882.869079589844,0.000411681991934,0.0,1,-1.31,1882.8723754882808,0.0002366361055998,0.0,1,-2.01,1882.8722839355469,0.0002414984913313,0.0,1,-2.4,1882.8697509765625,0.0003760244965696,0.0,1,10
ZINC000000166784,-0.06,1882.862762451172,0.0007471866074077,0.0,1,-0.1,1882.8642578125,0.0006677676404598,0.0,1,-0.12,1882.863220214844,0.0007228746787502,0.0,1,-0.12,1882.86328125,0.0007196330882626,0.0,1,-0.58,1882.86361694336,0.0007018043405804,0.0,1,-0.74,1882.863220214844,0.0007228746787502,0.0,1,-0.81,1882.86557006836,0.000598073444975,0.0,1,-1.72,1882.863342285156,0.0007163914977749,0.0,1,-2.83,1882.8639526367188,0.0006839755928982,0.0,1,-5.32,1882.869171142578,0.0004068196062025,0.0,1,10
ZINC000000167116,-0.42,1882.8768310546875,0.0,0.0,1,-0.56,1882.8768310546875,0.0,0.0,1,-0.59,1882.8768310546875,0.0,0.0,1,-0.62,1882.8768310546875,0.0,0.0,1,-0.65,1882.8768310546875,0.0,0.0,1,-0.67,1882.8768310546875,0.0,0.0,1,-0.73,1882.8768310546875,0.0,0.0,1,-0.98,1882.8768310546875,0.0,0.0,1,-2.2,1882.8768310546875,0.0,0.0,1,-2.66,1882.8768310546875,0.0,0.0,1,10
ZINC000000168280,-0.84,1882.8768310546875,0.0,0.0,1,-0.86,1882.8768310546875,0.0,0.0,1,-1.06,1882.8768310546875,0.0,0.0,1,-1.28,1882.8768310546875,0.0,0.0,1,-1.39,1882.8768310546875,0.0,0.0,1,-1.42,1882.8768310546875,0.0,0.0,1,-1.45,1882.8768310546875,0.0,0.0,1,-1.85,1882.8768310546875,0.0,0.0,1,-5.16,1882.8768310546875,0.0,0.0,1,-5.25,1882.8768310546875,0.0,0.0,1,10
ZINC000000168327,-0.15,1882.8758239746087,5.348624304654528e-05,0.0,1,-0.17,1882.8747253417969,0.0001118348718245,0.0,1,-1.3,1882.8741455078125,0.0001426299814574,0.0,1,-1.33,1882.8768310546875,0.0,0.0,1,-1.44,1882.8731994628904,0.0001928746340163,0.0,1,-1.5,1882.875518798828,6.969419548489234e-05,0.0,1,-2.22,1882.8768310546875,0.0,0.0,1,-2.44,1882.8761291503904,3.727829060819823e-05,0.0,1,-2.74,1882.8749694824216,9.886850987391704e-05,0.0,1,-3.5,1882.87435913086,0.0001312844147506,0.0,1,10
ZINC000000170876,-0.83,1882.8716430664065,0.0002755351914518,0.0,1,-1.02,1882.871154785156,0.0003014679153532,0.0,1,-1.66,1882.8703002929688,0.0003468501821806,0.0,1,-1.7,1882.8717651367188,0.0002690520104765,0.0,1,-1.74,1882.872009277344,0.0002560856485258,0.0,1,-1.87,1882.8695678710933,0.0003857492680326,0.0,1,-1.96,1882.8704223632808,0.0003403670012052,0.0,1,-2.24,1882.8737182617188,0.0001653211148711,0.0,1,-2.61,1882.8695068359373,0.0003889908585203,0.0,1,-2.62,1882.870361328125,0.0003436085916929,0.0,1,10
ZINC000000170923,-0.18,1882.8676147460933,0.000489480163638,0.0,1,-0.23,1882.8654174804688,0.0006061774211941,0.0,1,-0.64,1882.866149902344,0.0005672783353421,0.0,1,-0.79,1882.8673095703125,0.0005056881160764,0.0,1,-0.79,1882.8668212890625,0.0005316208399777,0.0,1,-0.79,1882.8675537109373,0.0004927217541257,0.0,1,-0.82,1882.866943359375,0.0005251376590024,0.0,1,-0.85,1882.8665161132808,0.0005478287924161,0.0,1,-0.97,1882.867248535156,0.000508929706564,0.0,1,-1.16,1882.8668212890625,0.0005316208399777,0.0,1,10
ZINC000000170998,-0.09,1882.87045288086,0.0003387462059614,0.0,1,-0.48,1882.8722229003904,0.000244740081819,0.0,1,-0.57,1882.8717041015625,0.0002722936009642,0.0,1,-0.58,1882.870056152344,0.0003598165441313,0.0,1,-0.58,1882.8711853027344,0.0002998471201094,0.0,1,-0.59,1882.8697509765625,0.0003760244965696,0.0,1,-0.59,1882.87060546875,0.0003306422297422,0.0,1,-0.62,1882.8704833984373,0.0003371254107176,0.0,1,-1.34,1882.8690490722656,0.0004133027871778,0.0,1,-1.96,1882.871032714844,0.0003079510963285,0.0,1,10
ZINC000000171305,-0.14,1882.8768310546875,0.0,0.0,1,-0.28,1882.8768310546875,0.0,0.0,1,-0.29,1882.8768310546875,0.0,0.0,1,-0.3,1882.8768310546875,0.0,0.0,1,-0.38,1882.8768310546875,0.0,0.0,1,-0.4,1882.8768310546875,0.0,0.0,1,-0.46,1882.8768310546875,0.0,0.0,1,-0.6,1882.8768310546875,0.0,0.0,1,-1.02,1882.8768310546875,0.0,0.0,1,-1.66,1882.8768310546875,0.0,0.0,1,10
ZINC000000172011,-0.42,1882.8768310546875,0.0,0.0,1,-0.46,1882.8768310546875,0.0,0.0,1,-0.63,1882.8768310546875,0.0,0.0,1,-0.67,1882.8755493164065,6.807340024105763e-05,0.0,1,-0.82,1882.874267578125,0.0001361468004821,0.0,1,-0.85,1882.8768310546875,0.0,0.0,1,-1.01,1882.87548828125,7.131499072872705e-05,0.0,1,-1.24,1882.8737182617188,0.0001653211148711,0.0,1,-5.52,1882.8768310546875,0.0,0.0,1,-1000.0,471.744140625,0.0,0.0,0,9
ZINC000000172258,-0.34,1882.8671875,0.0005121712970517,0.0,1,-0.38,1882.8682861328125,0.0004538226682737,0.0,1,-0.4,1882.867126464844,0.0005154128875394,0.0,1,-0.47,1882.8677368164065,0.0004829969826627,0.0,1,-0.55,1882.869201660156,0.0004051988109586,0.0,1,-0.62,1882.8693237304688,0.0003987156299833,0.0,1,-0.68,1882.8690490722656,0.0004133027871778,0.0,1,-1.16,1882.8691101074216,0.0004100611966901,0.0,1,-1.24,1882.8673706054688,0.0005024465255887,0.0,1,-1.61,1882.8691101074216,0.0004100611966901,0.0,1,10
ZINC000000172374,-0.06,1882.8659362792969,0.0005786239020489,0.0,1,-0.07,1882.8657836914065,0.0005867278782681,0.0,1,-0.07,1882.865966796875,0.0005770031068051,0.0,1,-0.11,1882.8673706054688,0.0005024465255887,0.0,1,-0.2,1882.867919921875,0.0004732722111997,0.0,1,-0.22,1882.8680114746087,0.0004684098254682,0.0,1,-0.61,1882.8667602539065,0.0005348624304654,0.0,1,-1.17,1882.86767578125,0.0004862385731504,0.0,1,-1.61,1882.8666381835933,0.0005413456114407,0.0,1,-2.04,1882.8675537109373,0.0004927217541257,0.0,1,10
ZINC000000172516,-0.42,1882.8687133789065,0.00043113153486,0.0,1,-0.5,1882.868408203125,0.0004473394872983,0.0,1,-0.5,1882.8692321777344,0.0004035780157148,0.0,1,-0.72,1882.8693542480469,0.0003970948347395,0.0,1,-1.0,1882.870147705078,0.0003549541583998,0.0,1,-1.09,1882.8699340820312,0.0003662997251066,0.0,1,-1.27,1882.8696899414065,0.0003792660870573,0.0,1,-1.34,1882.869140625,0.0004084404014463,0.0,1,-1.51,1882.8690490722656,0.0004133027871778,0.0,1,-1.89,1882.8683471679688,0.000450581077786,0.0,1,10
ZINC000000172743,-0.24,1882.8747253417969,0.0001118348718245,0.0,1,-0.29,1882.8743896484373,0.0001296636195067,0.0,1,-0.44,1882.876434326172,2.107033816985117e-05,0.0,1,-0.71,1882.873809814453,0.0001604587291396,0.0,1,-0.83,1882.8748779296875,0.0001037308956054,0.0,1,-0.91,1882.8744506835933,0.0001264220290191,0.0,1,-0.92,1882.87533569336,7.941896694790058e-05,0.0,1,-1.38,1882.875244140625,8.42813526794047e-05,0.0,1,-1.55,1882.87451171875,0.0001231804385314,0.0,1,-2.08,1882.876220703125,3.241590487669411e-05,0.0,1,10
ZINC000000172875,0.21,1882.8669128417969,0.0005267584542462,0.0,1,-0.15,1882.8683166503904,0.0004522018730298,0.0,1,-0.3,1882.8658447265625,0.0005834862877804,0.0,1,-0.32,1882.8653564453125,0.0006094190116818,0.0,1,-0.58,1882.866149902344,0.0005672783353421,0.0,1,-0.59,1882.868103027344,0.0004635474397367,0.0,1,-0.72,1882.8696899414065,0.0003792660870573,0.0,1,-0.9,1882.8666381835933,0.0005413456114407,0.0,1,-1.33,1882.8692626953125,0.000401957220471,0.0,1,-1.35,1882.869659423828,0.0003808868823011,0.0,1,10
ZINC000000173645,-0.2,1882.8753662109373,7.779817170406587e-05,0.0,1,-0.27,1882.8746337890625,0.000116697257556,0.0,1,-0.43,1882.8736572265625,0.0001685627053588,0.0,1,-0.54,1882.874267578125,0.0001361468004821,0.0,1,-0.64,1882.8751831054688,8.75229431670741e-05,0.0,1,-0.68,1882.875,9.724771463008236e-05,0.0,1,-0.7,1882.8766479492188,9.724771463008234e-06,0.0,1,-0.83,1882.875915527344,4.8623857315041175e-05,0.0,1,-1.17,1882.875732421875,5.83486287780494e-05,0.0,1,-2.72,1882.8756103515625,6.483180975338822e-05,0.0,1,10
ZINC000000174803,-0.04,1882.8768310546875,0.0,0.0,1,-0.11,1882.8768310546875,0.0,0.0,1,-0.19,1882.8768310546875,0.0,0.0,1,-0.21,1882.8768310546875,0.0,0.0,1,-0.24,1882.8768310546875,0.0,0.0,1,-0.3,1882.8768310546875,0.0,0.0,1,-0.32,1882.8768310546875,0.0,0.0,1,-0.46,1882.8768310546875,0.0,0.0,1,-0.53,1882.8768310546875,0.0,0.0,1,-1.96,1882.8768310546875,0.0,0.0,1,10
ZINC000000175529,-0.41,1882.8768310546875,0.0,0.0,1,-0.45,1882.8768310546875,0.0,0.0,1,-0.52,1882.8768310546875,0.0,0.0,1,-0.6,1882.8768310546875,0.0,0.0,1,-0.7,1882.8768310546875,0.0,0.0,1,-0.95,1882.8768310546875,0.0,0.0,1,-1.25,1882.8768310546875,0.0,0.0,1,-1.48,1882.8768310546875,0.0,0.0,1,-1.49,1882.8768310546875,0.0,0.0,1,-2.81,1882.8768310546875,0.0,0.0,1,10
ZINC000000176862,-0.22,1882.8768310546875,0.0,0.0,1,-0.39,1882.8768310546875,0.0,0.0,1,-1.0,1882.8768310546875,0.0,0.0,1,-1.13,1882.8768310546875,0.0,0.0,1,-1.17,1882.8768310546875,0.0,0.0,1,-1.43,1882.8768310546875,0.0,0.0,1,-1.5,1882.8768310546875,0.0,0.0,1,-1.52,1882.8768310546875,0.0,0.0,1,-1.89,1882.8768310546875,0.0,0.0,1,-2.5,1882.8768310546875,0.0,0.0,1,10
ZINC000000177169,-0.75,1882.8768310546875,0.0,0.0,1,-0.98,1882.8768310546875,0.0,0.0,1,-0.99,1882.8768310546875,0.0,0.0,1,-1.0,1882.8768310546875,0.0,0.0,1,-1.04,1882.8768310546875,0.0,0.0,1,-1.1,1882.8768310546875,0.0,0.0,1,-1.15,1882.8768310546875,0.0,0.0,1,-1.58,1882.8768310546875,0.0,0.0,1,-2.9,1882.8768310546875,0.0,0.0,1,-4.16,1882.8768310546875,0.0,0.0,1,10
ZINC000000178224,-0.12,1882.8718872070312,0.0002625688295012,0.0,1,-0.31,1882.8705444335933,0.0003338838202299,0.0,1,-0.33,1882.8707275390625,0.0003241590487669,0.0,1,-0.37,1882.870880126953,0.0003160550725477,0.0,1,-0.45,1882.8717651367188,0.0002690520104765,0.0,1,-0.45,1882.870513916016,0.0003355046154737,0.0,1,-0.51,1882.8708190917969,0.0003192966630354,0.0,1,-0.61,1882.871032714844,0.0003079510963285,0.0,1,-0.77,1882.8704833984373,0.0003371254107176,0.0,1,-0.83,1882.8718872070312,0.0002625688295012,0.0,1,10
ZINC000000178508,-0.08,1882.8758544921875,5.186544780271058e-05,0.0,1,-0.21,1882.87548828125,7.131499072872705e-05,0.0,1,-0.44,1882.8734741210933,0.0001782874768218,0.0,1,-0.58,1882.876708984375,6.483180975338823e-06,0.0,1,-0.62,1882.8753662109373,7.779817170406587e-05,0.0,1,-0.92,1882.8735961914065,0.0001718042958464,0.0,1,-0.92,1882.876708984375,6.483180975338823e-06,0.0,1,-1.04,1882.8753051757808,8.103976219173528e-05,0.0,1,-1.11,1882.874938964844,0.0001004893051177,0.0,1,-1.18,1882.8768310546875,0.0,0.0,1,10
ZINC000000178524,-0.08,1882.8705444335933,0.0003338838202299,0.0,1,-0.53,1882.87060546875,0.0003306422297422,0.0,1,-0.69,1882.8694458007808,0.0003922324490079,0.0,1,-0.86,1882.8709106445312,0.0003144342773039,0.0,1,-0.96,1882.870361328125,0.0003436085916929,0.0,1,-1.21,1882.8712768554688,0.0002949847343779,0.0,1,-1.51,1882.8687133789065,0.00043113153486,0.0,1,-1.64,1882.8695678710933,0.0003857492680326,0.0,1,-2.12,1882.8666381835933,0.0005413456114407,0.0,1,-1000.0,471.744140625,0.0,0.0,0,9
ZINC000000178726,-0.05,1882.8720703125,0.0002528440580382,0.0,1,-0.11,1882.8714599609373,0.0002852599629149,0.0,1,-0.21,1882.8734741210933,0.0001782874768218,0.0,1,-0.35,1882.870178222656,0.0003533333631559,0.0,1,-0.65,1882.8703002929688,0.0003468501821806,0.0,1,-0.84,1882.870056152344,0.0003598165441313,0.0,1,-0.86,1882.870178222656,0.0003533333631559,0.0,1,-1.52,1882.870056152344,0.0003598165441313,0.0,1,-2.7,1882.873107910156,0.0001977370197478,0.0,1,-5.54,1882.872985839844,0.0002042202007231,0.0,1,10
ZINC000000178906,-0.6,1882.8768310546875,0.0,0.0,1,-0.66,1882.8768310546875,0.0,0.0,1,-0.75,1882.8768310546875,0.0,0.0,1,-0.77,1882.8763427734373,2.593272390135529e-05,0.0,1,-0.82,1882.8768310546875,0.0,0.0,1,-0.84,1882.8755493164065,6.807340024105763e-05,0.0,1,-0.92,1882.8768310546875,0.0,0.0,1,-1.15,1882.8768310546875,0.0,0.0,1,-1.79,1882.8768310546875,0.0,0.0,1,-5.32,1882.8768310546875,0.0,0.0,1,10
ZINC000000179370,-0.08,1882.8668212890625,0.0005316208399777,0.0,1,-0.09,1882.8697509765625,0.0003760244965696,0.0,1,-0.14,1882.8699340820312,0.0003662997251066,0.0,1,-0.15,1882.8693237304688,0.0003987156299833,0.0,1,-0.23,1882.869140625,0.0004084404014463,0.0,1,-0.24,1882.869384765625,0.0003954740394956,0.0,1,-0.27,1882.8684692382808,0.0004440978968107,0.0,1,-0.35,1882.8685302734373,0.000440856306323,0.0,1,-0.36,1882.8679809570312,0.000470030620712,0.0,1,-1.29,1882.8702392578125,0.0003500917726682,0.0,1,10
ZINC000000180194,-0.12,1882.8768310546875,0.0,0.0,1,-0.24,1882.876739501953,4.862385731504117e-06,0.0,1,-0.45,1882.8768310546875,0.0,0.0,1,-0.47,1882.8768310546875,0.0,0.0,1,-0.6,1882.8768310546875,0.0,0.0,1,-0.8,1882.8768310546875,0.0,0.0,1,-1.04,1882.8768310546875,0.0,0.0,1,-1.06,1882.8768310546875,0.0,0.0,1,-1.53,1882.8768310546875,0.0,0.0,1,-3.66,1882.8768310546875,0.0,0.0,1,10
ZINC000000180273,0.33,1882.8768310546875,0.0,0.0,1,0.16,1882.8768310546875,0.0,0.0,1,0.15,1882.8768310546875,0.0,0.0,1,0.13,1882.8768310546875,0.0,0.0,1,-0.61,1882.8768310546875,0.0,0.0,1,-0.67,1882.8768310546875,0.0,0.0,1,-0.8,1882.8768310546875,0.0,0.0,1,-0.9,1882.8768310546875,0.0,0.0,1,-1.02,1882.8768310546875,0.0,0.0,1,-1000.0,471.744140625,0.0,0.0,0,9
ZINC000000180288,-0.64,1882.8695068359373,0.0003889908585203,0.0,1,-0.81,1882.867126464844,0.0005154128875394,0.0,1,-0.97,1882.8670043945312,0.0005218960685147,0.0,1,-1.0,1882.8668212890625,0.0005316208399777,0.0,1,-1.0,1882.8676147460933,0.000489480163638,0.0,1,-1.02,1882.8674926757808,0.0004959633446134,0.0,1,-1.02,1882.8684692382808,0.0004440978968107,0.0,1,-1.06,1882.8656616210933,0.0005932110592435,0.0,1,-1.24,1882.868225097656,0.0004570642587613,0.0,1,-1.26,1882.8666381835933,0.0005413456114407,0.0,1,10
ZINC000000180479,-0.34,1882.8718872070312,0.0002625688295012,0.0,1,-0.93,1882.8727416992188,0.0002171865626738,0.0,1,-0.96,1882.873962402344,0.0001523547529204,0.0,1,-1.22,1882.87109375,0.0003047095058409,0.0,1,-1.61,1882.8723754882808,0.0002366361055998,0.0,1,-1.87,1882.8702392578125,0.0003500917726682,0.0,1,-1.93,1882.870361328125,0.0003436085916929,0.0,1,-2.31,1882.8734130859373,0.0001815290673094,0.0,1,-2.56,1882.8726196289065,0.0002236697436491,0.0,1,-1000.0,471.744140625,0.0,0.0,0,9
ZINC000000182355,-0.51,1882.8768310546875,0.0,0.0,1,-0.54,1882.8768310546875,0.0,0.0,1,-0.67,1882.8768310546875,0.0,0.0,1,-0.75,1882.8768310546875,0.0,0.0,1,-0.78,1882.8768310546875,0.0,0.0,1,-0.79,1882.8768310546875,0.0,0.0,1,-0.96,1882.8768310546875,0.0,0.0,1,-0.97,1882.8768310546875,0.0,0.0,1,-1.1,1882.8768310546875,0.0,0.0,1,-1.17,1882.8768310546875,0.0,0.0,1,10
ZINC000000182467,-0.96,1882.8699340820312,0.0003662997251066,0.0,1,-0.97,1882.8699951171875,0.0003630581346189,0.0,1,-1.09,1882.8697509765625,0.0003760244965696,0.0,1,-1.12,1882.8720703125,0.0002528440580382,0.0,1,-1.12,1882.8701171875,0.0003565749536436,0.0,1,-1.42,1882.8701171875,0.0003565749536436,0.0,1,-1.44,1882.871337890625,0.0002917431438902,0.0,1,-1.75,1882.8716430664065,0.0002755351914518,0.0,1,-2.1,1882.871826171875,0.0002658104199888,0.0,1,-2.58,1882.872131347656,0.0002496024675505,0.0,1,10
ZINC000000182686,0.28,1882.8768310546875,0.0,0.0,1,0.18,1882.8768310546875,0.0,0.0,1,0.14,1882.8768310546875,0.0,0.0,1,0.09,1882.8768310546875,0.0,0.0,1,-0.29,1882.8768310546875,0.0,0.0,1,-0.55,1882.8768310546875,0.0,0.0,1,-0.68,1882.8768310546875,0.0,0.0,1,-0.69,1882.8768310546875,0.0,0.0,1,-3.56,1882.8768310546875,0.0,0.0,1,-5.18,1882.8768310546875,0.0,0.0,1,10
ZINC000000183139,-0.03,1882.8768310546875,0.0,0.0,1,-0.06,1882.8768310546875,0.0,0.0,1,-0.11,1882.8768310546875,0.0,0.0,1,-0.15,1882.8768310546875,0.0,0.0,1,-0.7,1882.8768310546875,0.0,0.0,1,-0.75,1882.8768310546875,0.0,0.0,1,-0.86,1882.8768310546875,0.0,0.0,1,-1.05,1882.8768310546875,0.0,0.0,1,-1.41,1882.8768310546875,0.0,0.0,1,-5.24,1882.8768310546875,0.0,0.0,1,10
ZINC000000183477,-0.2,1882.8724365234373,0.0002333945151121,0.0,1,-0.49,1882.87353515625,0.0001750458863341,0.0,1,-0.58,1882.8748168945312,0.000106972486093,0.0,1,-0.85,1882.8741455078125,0.0001426299814574,0.0,1,-0.87,1882.873504638672,0.0001766666815779,0.0,1,-0.96,1882.873962402344,0.0001523547529204,0.0,1,-1.09,1882.8741455078125,0.0001426299814574,0.0,1,-1.29,1882.872802734375,0.0002139449721861,0.0,1,-2.99,1882.8744506835933,0.0001264220290191,0.0,1,-1000.0,471.744140625,0.0,0.0,0,9
ZINC000000183686,-0.72,1882.8671875,0.0005121712970517,0.0,1,-0.75,1882.8687744140625,0.0004278899443723,0.0,1,-1.01,1882.868225097656,0.0004570642587613,0.0,1,-1.16,1882.8660278320312,0.0005737615163174,0.0,1,-1.32,1882.8660888671875,0.0005705199258298,0.0,1,-1.32,1882.8673706054688,0.0005024465255887,0.0,1,-1.68,1882.867126464844,0.0005154128875394,0.0,1,-2.59,1882.867431640625,0.000499204935101,0.0,1,-2.99,1882.8675537109373,0.0004927217541257,0.0,1,-3.55,1882.8694458007808,0.0003922324490079,0.0,1,10
ZINC000000184714,-0.3,1882.8768310546875,0.0,0.0,1,-0.36,1882.87548828125,7.131499072872705e-05,0.0,1,-0.4,1882.8767700195312,3.241590487669412e-06,0.0,1,-0.41,1882.8768310546875,0.0,0.0,1,-0.42,1882.8768310546875,0.0,0.0,1,-0.45,1882.8768310546875,0.0,0.0,1,-0.58,1882.8759765625,4.538226682737176e-05,0.0,1,-0.62,1882.876708984375,6.483180975338823e-06,0.0,1,-0.73,1882.8768310546875,0.0,0.0,1,-1.59,1882.8762817382808,2.91743143890247e-05,0.0,1,10
ZINC000000186123,-1.01,1882.8705444335933,0.0003338838202299,0.0,1,-1.02,1882.8710021972656,0.0003095718915724,0.0,1,-1.06,1882.8703002929688,0.0003468501821806,0.0,1,-1.11,1882.8712158203125,0.0002982263248655,0.0,1,-1.18,1882.8707275390625,0.0003241590487669,0.0,1,-1.33,1882.8715209960933,0.0002820183724272,0.0,1,-1.38,1882.869079589844,0.000411681991934,0.0,1,-1.48,1882.8727416992188,0.0002171865626738,0.0,1,-1.66,1882.871032714844,0.0003079510963285,0.0,1,-1000.0,471.744140625,0.0,0.0,0,9
ZINC000000187729,-0.48,1882.8768310546875,0.0,0.0,1,-0.49,1882.8768310546875,0.0,0.0,1,-0.5,1882.8768310546875,0.0,0.0,1,-0.58,1882.8768310546875,0.0,0.0,1,-0.63,1882.876708984375,6.483180975338823e-06,0.0,1,-0.66,1882.8768310546875,0.0,0.0,1,-0.71,1882.8768310546875,0.0,0.0,1,-0.78,1882.8768310546875,0.0,0.0,1,-1.69,1882.8768310546875,0.0,0.0,1,-2.1,1882.8768310546875,0.0,0.0,1,10
ZINC000000187762,-0.01,1882.868896484375,0.000421406763397,0.0,1,-0.21,1882.8695068359373,0.0003889908585203,0.0,1,-0.31,1882.868896484375,0.000421406763397,0.0,1,-0.44,1882.86962890625,0.0003825076775449,0.0,1,-0.45,1882.8693237304688,0.0003987156299833,0.0,1,-0.6,1882.86962890625,0.0003825076775449,0.0,1,-0.8,1882.8697509765625,0.0003760244965696,0.0,1,-0.99,1882.869873046875,0.0003695413155943,0.0,1,-1.16,1882.8718872070312,0.0002625688295012,0.0,1,-5.08,1882.8699951171875,0.0003630581346189,0.0,1,10
ZINC000000188971,-0.41,1882.8732299804688,0.0001912538387724,0.0,1,-0.59,1882.8724365234373,0.0002333945151121,0.0,1,-1.18,1882.873962402344,0.0001523547529204,0.0,1,-1.2,1882.872009277344,0.0002560856485258,0.0,1,-1.49,1882.872009277344,0.0002560856485258,0.0,1,-1.55,1882.874938964844,0.0001004893051177,0.0,1,-1.7,1882.8713989257808,0.0002885015534025,0.0,1,-1.91,1882.8728637695312,0.0002107033816985,0.0,1,-1.92,1882.8726196289065,0.0002236697436491,0.0,1,-2.35,1882.8729248046875,0.0002074617912108,0.0,1,10
ZINC000000189359,-0.46,1882.8715209960933,0.0002820183724272,0.0,1,-0.63,1882.8685302734373,0.000440856306323,0.0,1,-0.72,1882.8676147460933,0.000489480163638,0.0,1,-0.85,1882.871154785156,0.0003014679153532,0.0,1,-0.86,1882.8719482421875,0.0002593272390135,0.0,1,-0.92,1882.8703002929688,0.0003468501821806,0.0,1,-0.98,1882.8707885742188,0.0003209174582792,0.0,1,-1.02,1882.8702392578125,0.0003500917726682,0.0,1,-1.39,1882.8698120117188,0.0003727829060819,0.0,1,-2.01,1882.86962890625,0.0003825076775449,0.0,1,10
ZINC000000189942,-0.29,1882.8728637695312,0.0002107033816985,0.0,1,-0.29,1882.8722839355469,0.0002414984913313,0.0,1,-0.45,1882.8728637695312,0.0002107033816985,0.0,1,-0.47,1882.8724365234373,0.0002333945151121,0.0,1,-0.49,1882.873291015625,0.0001880122482848,0.0,1,-0.54,1882.8733520507808,0.0001847706577971,0.0,1,-0.58,1882.8723449707031,0.0002382569008437,0.0,1,-1.09,1882.87142944336,0.0002868807581587,0.0,1,-1.12,1882.8737487792969,0.0001637003196273,0.0,1,-4.99,1882.8722229003904,0.000244740081819,0.0,1,10
ZINC000000189957,-0.55,1882.8721923828125,0.0002463608770628,0.0,1,-0.6,1882.8706665039065,0.0003274006392546,0.0,1,-0.75,1882.8712768554688,0.0002949847343779,0.0,1,-0.8,1882.8702392578125,0.0003500917726682,0.0,1,-0.83,1882.8732299804688,0.0001912538387724,0.0,1,-0.85,1882.8700866699216,0.0003581957488874,0.0,1,-0.86,1882.8715209960933,0.0002820183724272,0.0,1,-1.0,1882.8697509765625,0.0003760244965696,0.0,1,-2.42,1882.8723449707031,0.0002382569008437,0.0,1,-2.67,1882.8743286132808,0.0001329052099944,0.0,1,10
ZINC000000190437,-0.77,1882.869079589844,0.000411681991934,0.0,1,-1.07,1882.8670654296875,0.0005186544780271,0.0,1,-1.21,1882.867431640625,0.000499204935101,0.0,1,-1.45,1882.8703002929688,0.0003468501821806,0.0,1,-1.48,1882.8675537109373,0.0004927217541257,0.0,1,-1.49,1882.8677978515625,0.000479755392175,0.0,1,-1.49,1882.8678588867188,0.0004765138016874,0.0,1,-1.74,1882.8667602539065,0.0005348624304654,0.0,1,-1.77,1882.867431640625,0.000499204935101,0.0,1,-1.88,1882.8657836914065,0.0005867278782681,0.0,1,10
ZINC000000191020,0.02,1882.8713989257808,0.0002885015534025,0.0,1,-0.04,1882.870361328125,0.0003436085916929,0.0,1,-0.08,1882.8712768554688,0.0002949847343779,0.0,1,-0.1,1882.871032714844,0.0003079510963285,0.0,1,-0.1,1882.8695678710933,0.0003857492680326,0.0,1,-0.11,1882.8693237304688,0.0003987156299833,0.0,1,-0.12,1882.87060546875,0.0003306422297422,0.0,1,-0.13,1882.8696899414065,0.0003792660870573,0.0,1,-0.14,1882.871032714844,0.0003079510963285,0.0,1,-5.79,1882.8733520507808,0.0001847706577971,0.0,1,10
ZINC000000191388,-0.84,1882.8720703125,0.0002528440580382,0.0,1,-0.93,1882.873107910156,0.0001977370197478,0.0,1,-0.94,1882.872589111328,0.000225290538893,0.0,1,-0.96,1882.8720703125,0.0002528440580382,0.0,1,-0.97,1882.873291015625,0.0001880122482848,0.0,1,-1.05,1882.8736877441409,0.0001669419101149,0.0,1,-1.06,1882.8735961914065,0.0001718042958464,0.0,1,-2.02,1788.3729248046875,5.019123114763908,22.22222222222222,1,-2.85,1882.8712463378904,0.0002966055296217,0.0,1,-3.09,1882.8719177246087,0.0002609480342573,0.0,1,10
ZINC000000191685,-0.11,1882.8704833984373,0.0003371254107176,0.0,1,-0.26,1882.8717651367188,0.0002690520104765,0.0,1,-0.27,1882.87109375,0.0003047095058409,0.0,1,-0.31,1882.872131347656,0.0002496024675505,0.0,1,-0.4,1882.87255859375,0.0002269113341368,0.0,1,-0.47,1882.8707275390625,0.0003241590487669,0.0,1,-0.6,1882.873107910156,0.0001977370197478,0.0,1,-1.8,1882.872589111328,0.000225290538893,0.0,1,-2.96,1882.8715209960933,0.0002820183724272,0.0,1,-3.68,1882.8685913085933,0.0004376147158353,0.0,1,10
ZINC000000192586,-1.21,1882.8756103515625,6.483180975338822e-05,0.0,1,-1.51,1882.873291015625,0.0001880122482848,0.0,1,-1.57,1882.8757934570312,5.510703829037999e-05,0.0,1,-1.58,1882.875,9.724771463008236e-05,0.0,1,-1.99,1882.876220703125,3.241590487669411e-05,0.0,1,-2.09,1882.8768310546875,0.0,0.0,1,-2.24,1882.876037597656,4.214067633970235e-05,0.0,1,-2.97,1882.8763427734373,2.593272390135529e-05,0.0,1,-5.14,471.744140625,0.0,0.0,1,-1000.0,471.744140625,0.0,0.0,0,9
ZINC000000193591,0.07,1882.8670349121087,0.0005202752732709,0.0,1,-0.45,1882.8662109375,0.0005640367448544,0.0,1,-0.54,1882.866455078125,0.0005510703829037,0.0,1,-0.72,1882.8666381835933,0.0005413456114407,0.0,1,-0.8,1882.866271972656,0.0005607951543668,0.0,1,-0.96,1882.8683471679688,0.000450581077786,0.0,1,-1.09,1882.866455078125,0.0005510703829037,0.0,1,-1.12,1882.866149902344,0.0005672783353421,0.0,1,-1.24,1882.86849975586,0.0004424771015668,0.0,1,-2.28,1882.8673095703125,0.0005056881160764,0.0,1,10
ZINC000000193809,-0.35,1882.8701171875,0.0003565749536436,0.0,1,-0.41,1882.8670654296875,0.0005186544780271,0.0,1,-0.49,1882.871337890625,0.0002917431438902,0.0,1,-0.52,1882.8701171875,0.0003565749536436,0.0,1,-0.66,1882.8694458007808,0.0003922324490079,0.0,1,-0.68,1882.869079589844,0.000411681991934,0.0,1,-0.81,1882.868103027344,0.0004635474397367,0.0,1,-0.86,1882.8712768554688,0.0002949847343779,0.0,1,-1.24,1882.868103027344,0.0004635474397367,0.0,1,-1.72,1882.8704833984373,0.0003371254107176,0.0,1,10
ZINC000000195078,-0.06,1882.8655395507808,0.0005996942402188,0.0,1,-0.12,1882.86669921875,0.0005381040209531,0.0,1,-0.14,1882.8658447265625,0.0005834862877804,0.0,1,-0.28,1882.864990234375,0.0006288685546078,0.0,1,-0.32,1882.8667602539065,0.0005348624304654,0.0,1,-0.39,1882.8657836914065,0.0005867278782681,0.0,1,-0.47,1882.86376953125,0.0006937003643612,0.0,1,-0.49,1882.8648071289065,0.0006385933260708,0.0,1,-0.61,1882.864318847656,0.0006645260499722,0.0,1,-0.72,1882.8660888671875,0.0005705199258298,0.0,1,10
ZINC000000196265,-1.68,1882.8683166503904,0.0004522018730298,0.0,1,-1.71,1882.8695068359373,0.0003889908585203,0.0,1,-1.93,1882.8691101074216,0.0004100611966901,0.0,1,-2.16,1882.869140625,0.0004084404014463,0.0,1,-2.19,1882.869171142578,0.0004068196062025,0.0,1,-2.45,1882.870880126953,0.0003160550725477,0.0,1,-2.54,1882.870361328125,0.0003436085916929,0.0,1,-2.8,1882.8694152832031,0.0003938532442518,0.0,1,-2.91,1882.8687438964844,0.0004295107396161,0.0,1,-3.34,1882.8685302734373,0.000440856306323,0.0,1,10
ZINC000000196692,-0.11,1882.8768310546875,0.0,0.0,1,-0.32,1882.8768310546875,0.0,0.0,1,-0.43,1882.8768310546875,0.0,0.0,1,-0.46,1882.8757019042969,5.996942402188411e-05,0.0,1,-0.48,1882.8768310546875,0.0,0.0,1,-0.59,1882.8768310546875,0.0,0.0,1,-0.59,1882.8768310546875,0.0,0.0,1,-0.82,1882.8768310546875,0.0,0.0,1,-0.92,1882.8768310546875,0.0,0.0,1,-1.12,1882.8768310546875,0.0,0.0,1,10
ZINC000000198360,-0.01,1882.8768310546875,0.0,0.0,1,-0.07,1882.8768310546875,0.0,0.0,1,-0.14,1882.8768310546875,0.0,0.0,1,-0.14,1882.8768310546875,0.0,0.0,1,-0.27,1882.8768310546875,0.0,0.0,1,-0.39,1882.8768310546875,0.0,0.0,1,-0.55,1882.8768310546875,0.0,0.0,1,-0.73,1882.8768310546875,0.0,0.0,1,-0.76,1882.8768310546875,0.0,0.0,1,-1.72,1882.8768310546875,0.0,0.0,1,10
ZINC000000198861,0.17,1882.8668823242188,0.0005283792494901,0.0,1,-0.64,1882.8662109375,0.0005640367448544,0.0,1,-1.08,1882.865234375,0.0006159021926571,0.0,1,-1.26,1882.8665161132808,0.0005478287924161,0.0,1,-1.31,1882.8636474609373,0.0007001835453365,0.0,1,-2.16,1882.868225097656,0.0004570642587613,0.0,1,-2.42,1882.8689575195312,0.0004181651729093,0.0,1,-2.99,1882.867919921875,0.0004732722111997,0.0,1,-3.43,1882.8679809570312,0.000470030620712,0.0,1,-4.11,1882.8660278320312,0.0005737615163174,0.0,1,10
ZINC000000198981,-0.13,1882.869140625,0.0004084404014463,0.0,1,-0.15,1882.8692932128904,0.0004003364252271,0.0,1,-0.18,1882.8689880371087,0.0004165443776655,0.0,1,-0.35,1882.8690490722656,0.0004133027871778,0.0,1,-0.48,1882.8703002929688,0.0003468501821806,0.0,1,-0.52,1882.86947631836,0.0003906116537641,0.0,1,-1.1,1882.8677368164065,0.0004829969826627,0.0,1,-1.21,1882.8680725097656,0.0004651682349805,0.0,1,-1.23,1882.8680725097656,0.0004651682349805,0.0,1,-1.53,1882.868896484375,0.000421406763397,0.0,1,10
ZINC000000198999,-0.18,1882.8768310546875,0.0,0.0,1,-0.27,1882.8768310546875,0.0,0.0,1,-0.57,1882.8768310546875,0.0,0.0,1,-0.65,1882.8768310546875,0.0,0.0,1,-0.67,1882.8768310546875,0.0,0.0,1,-0.68,1882.8768310546875,0.0,0.0,1,-0.7,1882.8768310546875,0.0,0.0,1,-0.91,1882.8768310546875,0.0,0.0,1,-1.55,1882.8768310546875,0.0,0.0,1,-1.63,1882.8768310546875,0.0,0.0,1,10
ZINC000000199437,0.63,1882.869140625,0.0004084404014463,0.0,1,0.29,1882.8699951171875,0.0003630581346189,0.0,1,0.25,1882.8682861328125,0.0004538226682737,0.0,1,-0.72,1882.869201660156,0.0004051988109586,0.0,1,-1.0,1882.8685913085933,0.0004376147158353,0.0,1,-1.16,1882.8697509765625,0.0003760244965696,0.0,1,-1.37,1882.868408203125,0.0004473394872983,0.0,1,-1.45,1882.8679809570312,0.000470030620712,0.0,1,-1.55,1882.866943359375,0.0005251376590024,0.0,1,-2.21,1882.8699951171875,0.0003630581346189,0.0,1,10
ZINC000000199490,0.13,1882.8699340820312,0.0003662997251066,0.0,1,0.12,1882.8693237304688,0.0003987156299833,0.0,1,0.1,1882.87109375,0.0003047095058409,0.0,1,-0.04,1882.870361328125,0.0003436085916929,0.0,1,-0.04,1882.8714599609373,0.0002852599629149,0.0,1,-0.54,1882.870849609375,0.0003176758677916,0.0,1,-1.13,1882.8692626953125,0.000401957220471,0.0,1,-2.27,1882.8721923828125,0.0002463608770628,0.0,1,-2.35,1882.8712158203125,0.0002982263248655,0.0,1,-5.68,1882.8701171875,0.0003565749536436,0.0,1,10
ZINC000000199577,-0.76,1882.8768310546875,0.0,0.0,1,-0.8,1882.8768310546875,0.0,0.0,1,-0.85,1882.8768310546875,0.0,0.0,1,-0.85,1882.8768310546875,0.0,0.0,1,-0.87,1882.8768310546875,0.0,0.0,1,-0.98,1882.8768310546875,0.0,0.0,1,-1.26,1882.8768310546875,0.0,0.0,1,-1.92,1882.8768310546875,0.0,0.0,1,-3.58,1882.8768310546875,0.0,0.0,1,-1000.0,471.744140625,0.0,0.0,0,9
ZINC000000201028,-0.07,1882.8695068359373,0.0003889908585203,0.0,1,-0.18,1882.8683471679688,0.000450581077786,0.0,1,-0.28,1882.8692626953125,0.000401957220471,0.0,1,-0.29,1882.868621826172,0.0004359939205915,0.0,1,-0.29,1882.868560791016,0.0004392355110792,0.0,1,-0.34,1882.8701171875,0.0003565749536436,0.0,1,-0.54,1882.869140625,0.0004084404014463,0.0,1,-0.77,1882.86865234375,0.0004343731253477,0.0,1,-2.37,1882.865966796875,0.0005770031068051,0.0,1,-3.24,1882.8646240234373,0.0006483180975338,0.0,1,10
ZINC000000201154,-0.4,1882.8748779296875,0.0001037308956054,0.0,1,-0.52,1882.876220703125,3.241590487669411e-05,0.0,1,-0.72,1882.8755493164065,6.807340024105763e-05,0.0,1,-0.96,1882.8758544921875,5.186544780271058e-05,0.0,1,-1.0,1882.8727416992188,0.0002171865626738,0.0,1,-1.04,1882.8748779296875,0.0001037308956054,0.0,1,-1.09,1882.8768310546875,0.0,0.0,1,-1.71,1882.8745727539065,0.0001199388480437,0.0,1,-3.15,1882.8737182617188,0.0001653211148711,0.0,1,-5.29,1882.8732299804688,0.0001912538387724,0.0,1,10
ZINC000000203007,-0.58,1882.8768310546875,0.0,0.0,1,-0.72,1882.8768310546875,0.0,0.0,1,-0.8,1882.8768310546875,0.0,0.0,1,-0.8,1882.8768310546875,0.0,0.0,1,-0.85,1882.8768310546875,0.0,0.0,1,-0.89,1882.8768310546875,0.0,0.0,1,-0.9,1882.8768310546875,0.0,0.0,1,-0.91,1882.8768310546875,0.0,0.0,1,-0.93,1882.8768310546875,0.0,0.0,1,-1.43,1882.8768310546875,0.0,0.0,1,10
ZINC000000203860,-0.07,1882.868896484375,0.000421406763397,0.0,1,-0.27,1882.8680114746087,0.0004684098254682,0.0,1,-0.28,1882.8693237304688,0.0003987156299833,0.0,1,-0.34,1882.869201660156,0.0004051988109586,0.0,1,-0.36,1882.869873046875,0.0003695413155943,0.0,1,-0.44,1882.870361328125,0.0003436085916929,0.0,1,-0.5,1882.868896484375,0.000421406763397,0.0,1,-0.61,1882.8697204589844,0.0003776452918134,0.0,1,-0.62,1882.8692932128904,0.0004003364252271,0.0,1,-1.59,1882.8706970214844,0.0003257798440107,0.0,1,10
ZINC000000203943,-0.54,1882.8714599609373,0.0002852599629149,0.0,1,-1.2,1882.8724365234373,0.0002333945151121,0.0,1,-1.24,1882.8699951171875,0.0003630581346189,0.0,1,-1.48,1882.8702392578125,0.0003500917726682,0.0,1,-1.55,1882.8709106445312,0.0003144342773039,0.0,1,-1.55,1882.87158203125,0.0002787767819395,0.0,1,-1.78,1882.8731689453125,0.0001944954292601,0.0,1,-2.2,1882.8714599609373,0.0002852599629149,0.0,1,-2.32,1882.8724975585933,0.0002301529246245,0.0,1,-3.84,1882.8706665039065,0.0003274006392546,0.0,1,10
ZINC000000205101,-0.59,1882.8673095703125,0.0005056881160764,0.0,1,-0.95,1882.868225097656,0.0004570642587613,0.0,1,-1.1,1882.8682861328125,0.0004538226682737,0.0,1,-1.14,1882.865234375,0.0006159021926571,0.0,1,-1.3,1882.8673706054688,0.0005024465255887,0.0,1,-1.56,1882.8667602539065,0.0005348624304654,0.0,1,-1.62,1882.8678588867188,0.0004765138016874,0.0,1,-1.83,1882.8677978515625,0.000479755392175,0.0,1,-2.18,1882.8670654296875,0.0005186544780271,0.0,1,-2.72,1882.869140625,0.0004084404014463,0.0,1,10
ZINC000000205130,-0.01,1882.874755859375,0.0001102140765807,0.0,1,-0.05,1882.8746948242188,0.0001134556670684,0.0,1,-0.4,1882.8726196289065,0.0002236697436491,0.0,1,-0.46,1882.872802734375,0.0002139449721861,0.0,1,-0.46,1882.8726196289065,0.0002236697436491,0.0,1,-0.73,1882.8720703125,0.0002528440580382,0.0,1,-1.06,1882.8721923828125,0.0002463608770628,0.0,1,-2.41,1882.8693237304688,0.0003987156299833,0.0,1,-3.64,1882.87255859375,0.0002269113341368,0.0,1,-5.16,1882.873962402344,0.0001523547529204,0.0,1,10
ZINC000000205256,-0.85,1882.8722534179688,0.0002431192865752,0.0,1,-0.87,1882.872985839844,0.0002042202007231,0.0,1,-1.35,1882.874053955078,0.0001474923671889,0.0,1,-1.39,1882.87338256836,0.0001831498625533,0.0,1,-1.43,1882.8693542480469,0.0003970948347395,0.0,1,-1.66,1882.8722229003904,0.000244740081819,0.0,1,-2.28,1882.873291015625,0.0001880122482848,0.0,1,-2.35,1882.874084472656,0.0001458715719451,0.0,1,-2.68,1882.874053955078,0.0001474923671889,0.0,1,-1000.0,471.744140625,0.0,0.0,0,9
ZINC000000206064,-0.47,1882.8655395507808,0.0005996942402188,0.0,1,-0.58,1882.866455078125,0.0005510703829037,0.0,1,-0.62,1882.8660888671875,0.0005705199258298,0.0,1,-0.69,1882.8655395507808,0.0005996942402188,0.0,1,-0.69,1882.866943359375,0.0005251376590024,0.0,1,-0.81,1882.8649291992188,0.0006321101450955,0.0,1,-0.83,1882.864990234375,0.0006288685546078,0.0,1,-1.59,1882.8657836914065,0.0005867278782681,0.0,1,-1.67,1882.86669921875,0.0005381040209531,0.0,1,-1.74,1882.8663940429688,0.0005543119733914,0.0,1,10
ZINC000000207032,-0.34,1882.870361328125,0.0003436085916929,0.0,1,-0.41,1882.870635986328,0.0003290214344984,0.0,1,-0.51,1882.8694458007808,0.0003922324490079,0.0,1,-0.54,1882.87158203125,0.0002787767819395,0.0,1,-0.71,1882.869598388672,0.0003841284727888,0.0,1,-0.9,1882.8721923828125,0.0002463608770628,0.0,1,-1.14,1882.871032714844,0.0003079510963285,0.0,1,-1.35,1882.8698425292969,0.0003711621108381,0.0,1,-1.41,1882.871826171875,0.0002658104199888,0.0,1,-1.45,1882.8702392578125,0.0003500917726682,0.0,1,10
ZINC000000208793,-0.37,1882.8748779296875,0.0001037308956054,0.0,1,-0.43,1882.874938964844,0.0001004893051177,0.0,1,-0.74,1882.8754272460933,7.455658121639646e-05,0.0,1,-0.77,1882.8736572265625,0.0001685627053588,0.0,1,-0.8,1882.873779296875,0.0001620795243834,0.0,1,-1.04,1882.8726806640625,0.0002204281531615,0.0,1,-1.24,1882.8756713867188,6.15902192657188e-05,0.0,1,-1.26,1882.874267578125,0.0001361468004821,0.0,1,-1.34,1882.8744506835933,0.0001264220290191,0.0,1,-1.84,1882.8751220703125,9.076453365474352e-05,0.0,1,10
ZINC000000211443,-0.39,1882.8768310546875,0.0,0.0,1,-0.39,1882.8757934570312,5.510703829037999e-05,0.0,1,-0.49,1882.8760986328125,3.8899085852032936e-05,0.0,1,-0.51,1882.8767700195312,3.241590487669412e-06,0.0,1,-0.57,1882.8758239746087,5.348624304654528e-05,0.0,1,-0.57,1882.8768310546875,0.0,0.0,1,-0.69,1882.8768310546875,0.0,0.0,1,-1.24,1882.8757934570312,5.510703829037999e-05,0.0,1,-1.33,1882.8768310546875,0.0,0.0,1,-1.94,1882.8715209960933,0.0002820183724272,0.0,1,10
ZINC000000211788,-0.56,1882.8678588867188,0.0004765138016874,0.0,1,-0.68,1882.870056152344,0.0003598165441313,0.0,1,-0.69,1882.8683471679688,0.000450581077786,0.0,1,-0.84,1882.868225097656,0.0004570642587613,0.0,1,-0.86,1882.870178222656,0.0003533333631559,0.0,1,-0.88,1882.8707275390625,0.0003241590487669,0.0,1,-1.4,1882.870361328125,0.0003436085916929,0.0,1,-1.41,1882.8695068359373,0.0003889908585203,0.0,1,-1.45,1882.8699951171875,0.0003630581346189,0.0,1,-1.75,1882.8688354492188,0.0004246483538846,0.0,1,10
ZINC000000211818,-0.6,1882.8768310546875,0.0,0.0,1,-0.65,1882.8760986328125,3.8899085852032936e-05,0.0,1,-0.66,1882.8768310546875,0.0,0.0,1,-0.8,1882.8768310546875,0.0,0.0,1,-0.82,1882.8766479492188,9.724771463008234e-06,0.0,1,-0.83,1882.876037597656,4.214067633970235e-05,0.0,1,-0.84,1882.874755859375,0.0001102140765807,0.0,1,-0.98,1882.8768310546875,0.0,0.0,1,-1.02,1882.8767700195312,3.241590487669412e-06,0.0,1,-1.12,1882.8768310546875,0.0,0.0,1,10
ZINC000000213016,-0.54,1882.8747253417969,0.0001118348718245,0.0,1,-0.57,1882.87548828125,7.131499072872705e-05,0.0,1,-0.6,1882.8760681152344,4.051988109586764e-05,0.0,1,-0.79,1882.8739318847656,0.0001539755481642,0.0,1,-0.94,1882.8758544921875,5.186544780271058e-05,0.0,1,-1.02,1882.8746948242188,0.0001134556670684,0.0,1,-1.2,1882.8748779296875,0.0001037308956054,0.0,1,-1.46,1882.8737487792969,0.0001637003196273,0.0,1,-1.56,1882.873107910156,0.0001977370197478,0.0,1,-1000.0,471.744140625,0.0,0.0,0,9
ZINC000000213184,-0.05,1882.8690185546875,0.0004149235824216,0.0,1,-0.08,1882.869201660156,0.0004051988109586,0.0,1,-0.27,1882.8695678710933,0.0003857492680326,0.0,1,-0.31,1882.86767578125,0.0004862385731504,0.0,1,-0.36,1882.870361328125,0.0003436085916929,0.0,1,-0.61,1882.8678588867188,0.0004765138016874,0.0,1,-0.65,1882.8689575195312,0.0004181651729093,0.0,1,-0.68,1882.8692626953125,0.000401957220471,0.0,1,-1.53,1882.867126464844,0.0005154128875394,0.0,1,-1.59,1882.8685302734373,0.000440856306323,0.0,1,10
ZINC000000213996,-1.27,1882.869079589844,0.000411681991934,0.0,1,-1.39,1882.8692626953125,0.000401957220471,0.0,1,-1.43,1882.8692626953125,0.000401957220471,0.0,1,-1.81,1882.8689575195312,0.0004181651729093,0.0,1,-1.87,1882.869384765625,0.0003954740394956,0.0,1,-2.1,1882.86865234375,0.0004343731253477,0.0,1,-2.11,1882.8698120117188,0.0003727829060819,0.0,1,-2.41,1882.8698120117188,0.0003727829060819,0.0,1,-2.51,1882.8695678710933,0.0003857492680326,0.0,1,-3.61,1882.869140625,0.0004084404014463,0.0,1,10
ZINC000000214029,-0.68,1882.8683471679688,0.000450581077786,0.0,1,-0.72,1882.868225097656,0.0004570642587613,0.0,1,-0.72,1882.8679809570312,0.000470030620712,0.0,1,-0.78,1882.8678588867188,0.0004765138016874,0.0,1,-0.85,1882.8684692382808,0.0004440978968107,0.0,1,-0.85,1882.8679809570312,0.000470030620712,0.0,1,-1.15,1882.8680419921875,0.0004667890302243,0.0,1,-1.49,1882.8687744140625,0.0004278899443723,0.0,1,-1.84,1882.868225097656,0.0004570642587613,0.0,1,-3.48,1882.8670043945312,0.0005218960685147,0.0,1,10
ZINC000000214794,-0.33,1882.8720397949216,0.000254464853282,0.0,1,-0.45,1882.8728637695312,0.0002107033816985,0.0,1,-0.71,1882.8729553222656,0.000205840995967,0.0,1,-0.79,1882.8727111816409,0.0002188073579176,0.0,1,-1.14,1882.8727416992188,0.0002171865626738,0.0,1,-1.96,1882.8723754882808,0.0002366361055998,0.0,1,-2.06,1882.8722534179688,0.0002431192865752,0.0,1,-2.22,1882.87109375,0.0003047095058409,0.0,1,-2.73,1882.8717041015625,0.0002722936009642,0.0,1,-2.79,1882.8715209960933,0.0002820183724272,0.0,1,10
ZINC000000214809,-0.54,1882.8675537109373,0.0004927217541257,0.0,1,-0.81,1882.8697509765625,0.0003760244965696,0.0,1,-0.82,1882.867431640625,0.000499204935101,0.0,1,-0.89,1882.8673706054688,0.0005024465255887,0.0,1,-1.24,1882.8689575195312,0.0004181651729093,0.0,1,-2.28,1882.869384765625,0.0003954740394956,0.0,1,-2.39,1882.869079589844,0.000411681991934,0.0,1,-2.59,1882.8699951171875,0.0003630581346189,0.0,1,-2.83,1882.8704833984373,0.0003371254107176,0.0,1,-3.05,1882.869201660156,0.0004051988109586,0.0,1,10
ZINC000000215884,-0.48,1882.8709106445312,0.0003144342773039,0.0,1,-0.55,1882.869201660156,0.0004051988109586,0.0,1,-0.83,1882.869873046875,0.0003695413155943,0.0,1,-0.88,1882.8687744140625,0.0004278899443723,0.0,1,-0.99,1882.86962890625,0.0003825076775449,0.0,1,-1.0,1882.867248535156,0.000508929706564,0.0,1,-1.04,1882.8697509765625,0.0003760244965696,0.0,1,-1.2,1882.8695678710933,0.0003857492680326,0.0,1,-1.26,1882.870056152344,0.0003598165441313,0.0,1,-1.36,1882.86767578125,0.0004862385731504,0.0,1,10
ZINC000000217045,-0.39,1882.8673095703125,0.0005056881160764,0.0,1,-0.78,1882.8677978515625,0.000479755392175,0.0,1,-0.78,1882.8692626953125,0.000401957220471,0.0,1,-1.48,1882.8682861328125,0.0004538226682737,0.0,1,-1.5,1882.8662109375,0.0005640367448544,0.0,1,-1.69,1882.8671875,0.0005121712970517,0.0,1,-1.85,1882.8692626953125,0.000401957220471,0.0,1,-2.13,1882.867431640625,0.000499204935101,0.0,1,-2.47,1882.870849609375,0.0003176758677916,0.0,1,-3.25,1882.8666381835933,0.0005413456114407,0.0,1,10
ZINC000000217224,-0.36,1882.8715209960933,0.0002820183724272,0.0,1,-0.43,1882.8699340820312,0.0003662997251066,0.0,1,-0.48,1882.8695678710933,0.0003857492680326,0.0,1,-0.82,1882.8685913085933,0.0004376147158353,0.0,1,-0.83,1882.87060546875,0.0003306422297422,0.0,1,-0.86,1882.86962890625,0.0003825076775449,0.0,1,-0.94,1882.8703002929688,0.0003468501821806,0.0,1,-1.57,1882.86767578125,0.0004862385731504,0.0,1,-1.88,1882.8662109375,0.0005640367448544,0.0,1,-2.03,1882.8662109375,0.0005640367448544,0.0,1,10
ZINC000000217858,-0.22,1882.8707275390625,0.0003241590487669,0.0,1,-0.32,1882.8705444335933,0.0003338838202299,0.0,1,-0.35,1882.870056152344,0.0003598165441313,0.0,1,-0.4,1882.870361328125,0.0003436085916929,0.0,1,-0.46,1882.870849609375,0.0003176758677916,0.0,1,-0.73,1882.8713989257808,0.0002885015534025,0.0,1,-1.25,1882.8699951171875,0.0003630581346189,0.0,1,-2.85,1882.8687133789065,0.00043113153486,0.0,1,-3.52,1882.870361328125,0.0003436085916929,0.0,1,-1000.0,471.744140625,0.0,0.0,0,9
ZINC000000218199,0.05,1882.8683471679688,0.000450581077786,0.0,1,-0.01,1882.8660888671875,0.0005705199258298,0.0,1,-0.06,1882.8671875,0.0005121712970517,0.0,1,-0.13,1882.86767578125,0.0004862385731504,0.0,1,-0.17,1882.8655395507808,0.0005996942402188,0.0,1,-0.86,1882.8668212890625,0.0005316208399777,0.0,1,-0.93,1882.8674926757808,0.0004959633446134,0.0,1,-1.02,1882.8683471679688,0.000450581077786,0.0,1,-1.08,1882.8670043945312,0.0005218960685147,0.0,1,-1.2,1882.8676147460933,0.000489480163638,0.0,1,10
ZINC000000218384,-0.61,1882.8707885742188,0.0003209174582792,0.0,1,-0.64,1882.87109375,0.0003047095058409,0.0,1,-0.65,1882.871154785156,0.0003014679153532,0.0,1,-0.8,1882.870056152344,0.0003598165441313,0.0,1,-0.83,1882.8727416992188,0.0002171865626738,0.0,1,-0.94,1882.8715209960933,0.0002820183724272,0.0,1,-1.07,1882.8726196289065,0.0002236697436491,0.0,1,-1.11,1882.871337890625,0.0002917431438902,0.0,1,-1.2,1882.8716430664065,0.0002755351914518,0.0,1,-1.3,1882.8719482421875,0.0002593272390135,0.0,1,10
ZINC000000220457,-0.02,1882.86767578125,0.0004862385731504,0.0,1,-0.43,1882.87060546875,0.0003306422297422,0.0,1,-0.46,1882.8694458007808,0.0003922324490079,0.0,1,-0.51,1882.868896484375,0.000421406763397,0.0,1,-0.57,1882.8687744140625,0.0004278899443723,0.0,1,-0.58,1882.8703002929688,0.0003468501821806,0.0,1,-0.59,1882.8695068359373,0.0003889908585203,0.0,1,-0.62,1882.869079589844,0.000411681991934,0.0,1,-0.7,1882.8701171875,0.0003565749536436,0.0,1,-0.8,1882.8685913085933,0.0004376147158353,0.0,1,10
ZINC000000221707,-0.54,1882.8741149902344,0.0001442507767012,0.0,1,-0.6,1882.873046875,0.0002009786102355,0.0,1,-0.84,1882.8765869140625,1.2966361950677644e-05,0.0,1,-1.08,1882.8739013671875,0.0001555963434081,0.0,1,-1.14,1882.8768310546875,0.0,0.0,1,-1.36,1882.8731689453125,0.0001944954292601,0.0,1,-1.73,1882.8738403320312,0.0001588379338958,0.0,1,-1.9,1882.8751831054688,8.75229431670741e-05,0.0,1,-1.96,1882.872100830078,0.0002512232627943,0.0,1,-2.55,1882.873046875,0.0002009786102355,0.0,1,10
ZINC000000222372,-0.29,1882.8690185546875,0.0004149235824216,0.0,1,-0.34,1882.8732299804688,0.0001912538387724,0.0,1,-0.41,1882.8720703125,0.0002528440580382,0.0,1,-0.44,1882.8687133789065,0.00043113153486,0.0,1,-0.52,1882.8724975585933,0.0002301529246245,0.0,1,-0.82,1882.8704833984373,0.0003371254107176,0.0,1,-0.92,1882.87158203125,0.0002787767819395,0.0,1,-1.83,1882.87060546875,0.0003306422297422,0.0,1,-2.34,1882.868225097656,0.0004570642587613,0.0,1,-2.54,1882.8701171875,0.0003565749536436,0.0,1,10
ZINC000000222562,-1.16,1882.8713073730469,0.000293363939134,0.0,1,-1.3,1882.86962890625,0.0003825076775449,0.0,1,-1.44,1882.8696899414065,0.0003792660870573,0.0,1,-1.6,1882.8699340820312,0.0003662997251066,0.0,1,-1.76,1882.8707580566409,0.0003225382535231,0.0,1,-1.77,1882.8697509765625,0.0003760244965696,0.0,1,-1.83,1882.869903564453,0.0003679205203504,0.0,1,-2.17,1882.8707275390625,0.0003241590487669,0.0,1,-2.23,1882.871490478516,0.000283639167671,0.0,1,-3.32,1882.8703918457031,0.0003419877964491,0.0,1,10
ZINC000000224288,-0.69,1882.8768310546875,0.0,0.0,1,-0.77,1882.8768310546875,0.0,0.0,1,-0.84,1882.8768310546875,0.0,0.0,1,-0.88,1882.8768310546875,0.0,0.0,1,-1.07,1882.8768310546875,0.0,0.0,1,-1.21,1882.8768310546875,0.0,0.0,1,-2.03,1882.8768310546875,0.0,0.0,1,-2.83,1882.8768310546875,0.0,0.0,1,-3.17,1882.8768310546875,0.0,0.0,1,-4.12,1882.8768310546875,0.0,0.0,1,10
ZINC000000224609,0.16,1882.870361328125,0.0003436085916929,0.0,1,0.06,1882.8718872070312,0.0002625688295012,0.0,1,0.01,1882.8721618652344,0.0002479816723067,0.0,1,-0.05,1882.872009277344,0.0002560856485258,0.0,1,-0.14,1882.8720703125,0.0002528440580382,0.0,1,-0.31,1882.871032714844,0.0003079510963285,0.0,1,-0.34,1882.8704223632808,0.0003403670012052,0.0,1,-0.42,1882.8699340820312,0.0003662997251066,0.0,1,-1.36,1882.872100830078,0.0002512232627943,0.0,1,-1.64,1882.872131347656,0.0002496024675505,0.0,1,10
ZINC000000224637,-0.19,1882.870056152344,0.0003598165441313,0.0,1,-0.47,1882.870849609375,0.0003176758677916,0.0,1,-0.53,1882.8705444335933,0.0003338838202299,0.0,1,-0.73,1882.8717041015625,0.0002722936009642,0.0,1,-0.89,1882.8713989257808,0.0002885015534025,0.0,1,-1.01,1882.871826171875,0.0002658104199888,0.0,1,-1.1,1882.87158203125,0.0002787767819395,0.0,1,-1.44,1882.8694458007808,0.0003922324490079,0.0,1,-1.75,1882.870056152344,0.0003598165441313,0.0,1,-1.84,1882.871032714844,0.0003079510963285,0.0,1,10
ZINC000000225038,-0.22,1882.874084472656,0.0001458715719451,0.0,1,-0.58,1882.8737487792969,0.0001637003196273,0.0,1,-0.77,1882.8745727539065,0.0001199388480437,0.0,1,-0.91,1882.872985839844,0.0002042202007231,0.0,1,-1.0,1882.873962402344,0.0001523547529204,0.0,1,-1.04,1882.8760986328125,3.8899085852032936e-05,0.0,1,-1.42,1882.8739013671875,0.0001555963434081,0.0,1,-1.43,1882.8761291503904,3.727829060819823e-05,0.0,1,-1.45,1882.876495361328,1.782874768218176e-05,0.0,1,-2.38,1882.8741760253904,0.0001410091862136,0.0,1,10
ZINC000000226882,-0.55,1882.8717651367188,0.0002690520104765,0.0,1,-0.55,1882.871826171875,0.0002658104199888,0.0,1,-0.81,1882.87109375,0.0003047095058409,0.0,1,-1.06,1882.8695678710933,0.0003857492680326,0.0,1,-1.19,1882.87109375,0.0003047095058409,0.0,1,-1.56,1882.8683471679688,0.000450581077786,0.0,1,-1.72,1882.870849609375,0.0003176758677916,0.0,1,-2.03,1882.8707885742188,0.0003209174582792,0.0,1,-2.28,1882.8719482421875,0.0002593272390135,0.0,1,-3.16,1882.8733520507808,0.0001847706577971,0.0,1,10
ZINC000000227571,-0.78,1882.8738403320312,0.0001588379338958,0.0,1,-0.87,1882.873565673828,0.0001734250910903,0.0,1,-0.96,1882.873779296875,0.0001620795243834,0.0,1,-0.98,1882.8726806640625,0.0002204281531615,0.0,1,-0.99,1882.8731994628904,0.0001928746340163,0.0,1,-1.0,1882.8742370605469,0.0001377675957259,0.0,1,-1.01,1882.8728637695312,0.0002107033816985,0.0,1,-1.07,1882.8728637695312,0.0002107033816985,0.0,1,-1.95,1882.8746032714844,0.0001183180527999,0.0,1,-3.06,1882.875030517578,9.562691938624764e-05,0.0,1,10
ZINC000000230684,-0.16,1882.8643798828125,0.0006612844594845,0.0,1,-0.16,1882.8675537109373,0.0004927217541257,0.0,1,-0.28,1882.8663940429688,0.0005543119733914,0.0,1,-0.49,1882.867919921875,0.0004732722111997,0.0,1,-0.87,1882.866943359375,0.0005251376590024,0.0,1,-1.5,1882.867431640625,0.000499204935101,0.0,1,-1.95,1882.8656616210933,0.0005932110592435,0.0,1,-2.08,1882.8660278320312,0.0005737615163174,0.0,1,-2.09,1882.8648071289065,0.0006385933260708,0.0,1,-1000.0,471.744140625,0.0,0.0,0,9
ZINC000000233142,-0.15,1882.8756103515625,6.483180975338822e-05,0.0,1,-0.27,1882.8744506835933,0.0001264220290191,0.0,1,-0.32,1882.874084472656,0.0001458715719451,0.0,1,-0.69,1882.8768310546875,0.0,0.0,1,-0.71,1882.8737182617188,0.0001653211148711,0.0,1,-1.04,1882.876220703125,3.241590487669411e-05,0.0,1,-1.16,1882.8753662109373,7.779817170406587e-05,0.0,1,-1.48,1882.873046875,0.0002009786102355,0.0,1,-2.12,1882.875061035156,9.400612414241292e-05,0.0,1,-2.21,1882.8741455078125,0.0001426299814574,0.0,1,10
ZINC000000233545,-0.01,1882.8694458007808,0.0003922324490079,0.0,1,-0.36,1882.86865234375,0.0004343731253477,0.0,1,-0.65,1882.8670654296875,0.0005186544780271,0.0,1,-0.67,1882.8668823242188,0.0005283792494901,0.0,1,-0.68,1882.869201660156,0.0004051988109586,0.0,1,-0.8,1882.868896484375,0.000421406763397,0.0,1,-0.91,1882.868408203125,0.0004473394872983,0.0,1,-1.81,1882.868896484375,0.000421406763397,0.0,1,-1.97,1882.8659057617188,0.0005802446972928,0.0,1,-2.12,1882.8667602539065,0.0005348624304654,0.0,1,10
ZINC000000235464,-0.03,1882.8768310546875,0.0,0.0,1,-0.06,1882.8768310546875,0.0,0.0,1,-0.09,1882.8768310546875,0.0,0.0,1,-0.16,1882.8768310546875,0.0,0.0,1,-0.18,1882.8768310546875,0.0,0.0,1,-0.2,1882.8768310546875,0.0,0.0,1,-0.38,1882.8768310546875,0.0,0.0,1,-0.64,1882.8768310546875,0.0,0.0,1,-0.8,1882.8768310546875,0.0,0.0,1,-1.66,1882.8768310546875,0.0,0.0,1,10
ZINC000000236614,-0.73,1882.8685913085933,0.0004376147158353,0.0,1,-0.75,1882.86865234375,0.0004343731253477,0.0,1,-0.81,1882.869201660156,0.0004051988109586,0.0,1,-0.96,1882.8685913085933,0.0004376147158353,0.0,1,-1.11,1882.868408203125,0.0004473394872983,0.0,1,-1.17,1882.867431640625,0.000499204935101,0.0,1,-1.19,1882.8683471679688,0.000450581077786,0.0,1,-1.51,1882.8704833984373,0.0003371254107176,0.0,1,-1.78,1882.86767578125,0.0004862385731504,0.0,1,-5.48,1882.8720703125,0.0002528440580382,0.0,1,10
ZINC000000236979,-0.58,1882.8768310546875,0.0,0.0,1,-0.6,1882.8768310546875,0.0,0.0,1,-0.85,1882.8768310546875,0.0,0.0,1,-0.95,1882.8768310546875,0.0,0.0,1,-0.97,1882.8768310546875,0.0,0.0,1,-1.0,1882.8766479492188,9.724771463008234e-06,0.0,1,-1.29,1882.8768310546875,0.0,0.0,1,-1.51,1882.8768310546875,0.0,0.0,1,-1.62,1882.8768310546875,0.0,0.0,1,-1.68,1882.8768310546875,0.0,0.0,1,10
ZINC000000237534,-0.63,1882.87109375,0.0003047095058409,0.0,1,-0.66,1882.8727416992188,0.0002171865626738,0.0,1,-0.72,1882.8702392578125,0.0003500917726682,0.0,1,-0.88,1882.874938964844,0.0001004893051177,0.0,1,-1.12,1882.8704223632808,0.0003403670012052,0.0,1,-1.36,1882.8745727539065,0.0001199388480437,0.0,1,-1.75,1882.871826171875,0.0002658104199888,0.0,1,-2.19,1882.872009277344,0.0002560856485258,0.0,1,-2.23,1882.8716430664065,0.0002755351914518,0.0,1,-5.53,1882.871154785156,0.0003014679153532,0.0,1,10
ZINC000000237801,-0.72,1882.8668823242188,0.0005283792494901,0.0,1,-1.01,1882.8673706054688,0.0005024465255887,0.0,1,-1.06,1882.8687133789065,0.00043113153486,0.0,1,-1.11,1882.8690490722656,0.0004133027871778,0.0,1,-1.14,1882.8674926757808,0.0004959633446134,0.0,1,-1.24,1882.869873046875,0.0003695413155943,0.0,1,-1.56,1882.867248535156,0.000508929706564,0.0,1,-2.04,1882.8687133789065,0.00043113153486,0.0,1,-3.02,1882.8682861328125,0.0004538226682737,0.0,1,-3.3,1882.8692626953125,0.000401957220471,0.0,1,10
ZINC000000237921,-0.53,1882.8706665039065,0.0003274006392546,0.0,1,-0.7,1882.8707885742188,0.0003209174582792,0.0,1,-0.73,1882.8693237304688,0.0003987156299833,0.0,1,-0.78,1882.868103027344,0.0004635474397367,0.0,1,-0.83,1882.87158203125,0.0002787767819395,0.0,1,-0.86,1882.8694458007808,0.0003922324490079,0.0,1,-1.49,1882.869873046875,0.0003695413155943,0.0,1,-1.86,1882.87060546875,0.0003306422297422,0.0,1,-2.11,1882.8718872070312,0.0002625688295012,0.0,1,-5.42,1882.8717956542969,0.0002674312152327,0.0,1,10
ZINC000000238142,0.08,1882.8724365234373,0.0002333945151121,0.0,1,0.07,1882.871154785156,0.0003014679153532,0.0,1,-0.0,1882.8695068359373,0.0003889908585203,0.0,1,-0.02,1882.8715209960933,0.0002820183724272,0.0,1,-0.08,1882.8704833984373,0.0003371254107176,0.0,1,-0.13,1882.8709106445312,0.0003144342773039,0.0,1,-0.18,1882.870361328125,0.0003436085916929,0.0,1,-0.27,1882.8726806640625,0.0002204281531615,0.0,1,-0.93,1882.8724975585933,0.0002301529246245,0.0,1,-3.49,1882.8693237304688,0.0003987156299833,0.0,1,10
ZINC000000240443,-0.25,1882.871337890625,0.0002917431438902,0.0,1,-0.25,1882.8721923828125,0.0002463608770628,0.0,1,-0.39,1882.8726806640625,0.0002204281531615,0.0,1,-0.42,1882.8756103515625,6.483180975338822e-05,0.0,1,-0.55,1882.8746337890625,0.000116697257556,0.0,1,-0.61,1882.872009277344,0.0002560856485258,0.0,1,-1.2,1882.8748168945312,0.000106972486093,0.0,1,-1.21,1882.8731689453125,0.0001944954292601,0.0,1,-1.21,1882.8727416992188,0.0002171865626738,0.0,1,-1.35,1882.8739013671875,0.0001555963434081,0.0,1,10
ZINC000000240644,-0.04,1882.86669921875,0.0005381040209531,0.0,1,-0.09,1882.8665771484373,0.0005445872019284,0.0,1,-0.13,1882.866149902344,0.0005672783353421,0.0,1,-0.23,1882.8687133789065,0.00043113153486,0.0,1,-0.35,1882.868103027344,0.0004635474397367,0.0,1,-0.42,1882.868408203125,0.0004473394872983,0.0,1,-0.51,1882.86865234375,0.0004343731253477,0.0,1,-1.27,1882.8695678710933,0.0003857492680326,0.0,1,-1.39,1882.869079589844,0.000411681991934,0.0,1,-1.99,1882.8685913085933,0.0004376147158353,0.0,1,10
ZINC000000241446,0.41,1882.8685913085933,0.0004376147158353,0.0,1,0.14,1882.8715209960933,0.0002820183724272,0.0,1,-0.13,1882.8707275390625,0.0003241590487669,0.0,1,-0.16,1882.8698120117188,0.0003727829060819,0.0,1,-0.28,1882.87158203125,0.0002787767819395,0.0,1,-0.33,1882.87353515625,0.0001750458863341,0.0,1,-0.99,1882.8724975585933,0.0002301529246245,0.0,1,-1.01,1882.868896484375,0.000421406763397,0.0,1,-1.21,1882.8692626953125,0.000401957220471,0.0,1,-2.68,1882.871154785156,0.0003014679153532,0.0,1,10
ZINC000000241976,-0.27,1882.8768310546875,0.0,0.0,1,-0.33,1882.876220703125,3.241590487669411e-05,0.0,1,-0.47,1882.8768310546875,0.0,0.0,1,-0.58,1882.87451171875,0.0001231804385314,0.0,1,-0.82,1882.8748779296875,0.0001037308956054,0.0,1,-0.9,1882.874938964844,0.0001004893051177,0.0,1,-0.97,1882.87451171875,0.0001231804385314,0.0,1,-1.0,1882.8757934570312,5.510703829037999e-05,0.0,1,-1.01,1882.875,9.724771463008236e-05,0.0,1,-4.67,1882.8755493164065,6.807340024105763e-05,0.0,1,10
ZINC000000243256,0.19,1882.870056152344,0.0003598165441313,0.0,1,0.1,1882.8703002929688,0.0003468501821806,0.0,1,-0.02,1882.8687133789065,0.00043113153486,0.0,1,-0.03,1882.870178222656,0.0003533333631559,0.0,1,-0.04,1882.8692626953125,0.000401957220471,0.0,1,-0.26,1882.872314453125,0.0002398776960875,0.0,1,-0.55,1882.871826171875,0.0002658104199888,0.0,1,-0.65,1882.8693237304688,0.0003987156299833,0.0,1,-0.68,1882.872131347656,0.0002496024675505,0.0,1,-0.71,1882.8707275390625,0.0003241590487669,0.0,1,10
ZINC000000244116,-0.67,1882.8768310546875,0.0,0.0,1,-0.69,1882.8768310546875,0.0,0.0,1,-0.7,1882.8768310546875,0.0,0.0,1,-0.74,1882.8768310546875,0.0,0.0,1,-0.77,1882.8768310546875,0.0,0.0,1,-0.79,1882.8768310546875,0.0,0.0,1,-0.88,1882.8768310546875,0.0,0.0,1,-1.1,1882.8768310546875,0.0,0.0,1,-2.54,1882.8768310546875,0.0,0.0,1,-1000.0,471.744140625,0.0,0.0,0,9
ZINC000000244889,-0.39,1882.8704223632808,0.0003403670012052,0.0,1,-0.6,1882.8710632324216,0.0003063303010847,0.0,1,-0.61,1882.8683471679688,0.000450581077786,0.0,1,-0.7,1882.8687133789065,0.00043113153486,0.0,1,-0.81,1882.870361328125,0.0003436085916929,0.0,1,-0.95,1882.869079589844,0.000411681991934,0.0,1,-1.14,1882.869140625,0.0004084404014463,0.0,1,-1.33,1882.8709106445312,0.0003144342773039,0.0,1,-1.47,1882.86947631836,0.0003906116537641,0.0,1,-1.51,1882.8692626953125,0.000401957220471,0.0,1,10
ZINC000000245447,0.22,1882.8742065429688,0.0001393883909697,0.0,1,0.21,1882.875061035156,9.400612414241292e-05,0.0,1,0.21,1882.8741455078125,0.0001426299814574,0.0,1,0.08,1882.8749694824216,9.886850987391704e-05,0.0,1,-0.41,1882.8756408691409,6.321101450955351e-05,0.0,1,-0.54,1882.8758239746087,5.348624304654528e-05,0.0,1,-0.56,1882.874542236328,0.0001215596432876,0.0,1,-0.62,1882.875,9.724771463008236e-05,0.0,1,-1.1,1882.8758850097656,5.024465255887588e-05,0.0,1,-1.32,1882.87548828125,7.131499072872705e-05,0.0,1,10
ZINC000000246346,-0.26,1882.8674926757808,0.0004959633446134,0.0,1,-0.38,1882.8685913085933,0.0004376147158353,0.0,1,-0.61,1882.8670654296875,0.0005186544780271,0.0,1,-0.72,1882.86572265625,0.0005899694687558,0.0,1,-0.74,1882.8670043945312,0.0005218960685147,0.0,1,-0.81,1882.8650512695312,0.0006256269641201,0.0,1,-1.05,1882.866455078125,0.0005510703829037,0.0,1,-1.24,1882.8654174804688,0.0006061774211941,0.0,1,-2.41,1882.866455078125,0.0005510703829037,0.0,1,-2.99,1882.866149902344,0.0005672783353421,0.0,1,10
ZINC000000254066,0.1,1882.8696899414065,0.0003792660870573,0.0,1,-0.42,1882.8695678710933,0.0003857492680326,0.0,1,-0.46,1882.8698120117188,0.0003727829060819,0.0,1,-0.53,1882.8693237304688,0.0003987156299833,0.0,1,-0.54,1882.8695068359373,0.0003889908585203,0.0,1,-0.75,1882.8675537109373,0.0004927217541257,0.0,1,-0.93,1882.8685302734373,0.000440856306323,0.0,1,-1.0,1882.8699951171875,0.0003630581346189,0.0,1,-1.65,1882.8688354492188,0.0004246483538846,0.0,1,-3.21,1882.86865234375,0.0004343731253477,0.0,1,10
ZINC000000254098,-0.3,1882.872802734375,0.0002139449721861,0.0,1,-0.44,1882.8724975585933,0.0002301529246245,0.0,1,-0.47,1882.8695068359373,0.0003889908585203,0.0,1,-0.63,1882.8702392578125,0.0003500917726682,0.0,1,-0.63,1882.87255859375,0.0002269113341368,0.0,1,-0.68,1882.8703002929688,0.0003468501821806,0.0,1,-0.74,1882.8721923828125,0.0002463608770628,0.0,1,-0.96,1882.8721923828125,0.0002463608770628,0.0,1,-1.66,1882.8709106445312,0.0003144342773039,0.0,1,-3.27,1882.8688354492188,0.0004246483538846,0.0,1,10
ZINC000000255147,-0.16,1882.8697509765625,0.0003760244965696,0.0,1,-0.27,1882.8690185546875,0.0004149235824216,0.0,1,-0.46,1882.86962890625,0.0003825076775449,0.0,1,-0.5,1882.8692626953125,0.000401957220471,0.0,1,-0.58,1882.8695068359373,0.0003889908585203,0.0,1,-0.59,1882.86865234375,0.0004343731253477,0.0,1,-0.94,1882.8690185546875,0.0004149235824216,0.0,1,-1.84,1882.8655395507808,0.0005996942402188,0.0,1,-5.33,471.744140625,0.0,0.0,1,-1000.0,471.744140625,0.0,0.0,0,9
ZINC000000255331,-0.22,1882.868225097656,0.0004570642587613,0.0,1,-0.24,1882.871032714844,0.0003079510963285,0.0,1,-0.26,1882.869873046875,0.0003695413155943,0.0,1,-0.32,1882.870178222656,0.0003533333631559,0.0,1,-0.33,1882.869873046875,0.0003695413155943,0.0,1,-0.53,1882.86962890625,0.0003825076775449,0.0,1,-0.55,1882.8714599609373,0.0002852599629149,0.0,1,-1.84,1882.8695068359373,0.0003889908585203,0.0,1,-2.55,1882.866455078125,0.0005510703829037,0.0,1,-4.02,1882.8682861328125,0.0004538226682737,0.0,1,10
ZINC000000255719,-0.55,1882.869201660156,0.0004051988109586,0.0,1,-0.59,1882.8693237304688,0.0003987156299833,0.0,1,-0.66,1882.8660278320312,0.0005737615163174,0.0,1,-0.69,1882.8695068359373,0.0003889908585203,0.0,1,-0.77,1882.86669921875,0.0005381040209531,0.0,1,-0.78,1882.86962890625,0.0003825076775449,0.0,1,-1.08,1882.871337890625,0.0002917431438902,0.0,1,-1.4,1882.870361328125,0.0003436085916929,0.0,1,-1.56,1882.86865234375,0.0004343731253477,0.0,1,-1.74,1882.8683471679688,0.000450581077786,0.0,1,10
ZINC000000258387,-0.59,1882.8768310546875,0.0,0.0,1,-0.66,1882.8768310546875,0.0,0.0,1,-0.68,1882.8768310546875,0.0,0.0,1,-0.69,1882.8768310546875,0.0,0.0,1,-0.73,1882.8768310546875,0.0,0.0,1,-0.94,1882.8768310546875,0.0,0.0,1,-1.11,1882.8762817382808,2.91743143890247e-05,0.0,1,-1.13,1882.8768310546875,0.0,0.0,1,-1.22,1882.8768310546875,0.0,0.0,1,-1.44,1882.8768310546875,0.0,0.0,1,10
ZINC000000258558,-0.18,1882.875244140625,8.42813526794047e-05,0.0,1,-0.21,1882.8756408691409,6.321101450955351e-05,0.0,1,-0.31,1882.875457763672,7.293578597256175e-05,0.0,1,-0.36,1882.875762939453,5.672783353421469e-05,0.0,1,-0.58,1882.8762512207031,3.07951096328594e-05,0.0,1,-0.95,1882.8766784667969,8.103976219173527e-06,0.0,1,-1.07,1882.87646484375,1.9449542926016468e-05,0.0,1,-2.73,1882.8757934570312,5.510703829037999e-05,0.0,1,-3.42,1882.8764038085933,2.269113341368588e-05,0.0,1,-5.28,1882.8741760253904,0.0001410091862136,0.0,1,10
ZINC000000258677,-0.63,1882.8768310546875,0.0,0.0,1,-0.72,1882.8768310546875,0.0,0.0,1,-0.81,1882.8768310546875,0.0,0.0,1,-0.82,1882.8768310546875,0.0,0.0,1,-0.82,1882.8768310546875,0.0,0.0,1,-0.83,1882.8768310546875,0.0,0.0,1,-0.87,1882.8768310546875,0.0,0.0,1,-0.88,1882.8768310546875,0.0,0.0,1,-0.9,1882.8768310546875,0.0,0.0,1,-1.09,1882.8768310546875,0.0,0.0,1,10
ZINC000000258904,-0.13,1882.8761596679688,3.565749536436352e-05,0.0,1,-0.64,1882.8768310546875,0.0,0.0,1,-0.68,1882.8768310546875,0.0,0.0,1,-0.73,1882.8768310546875,0.0,0.0,1,-0.85,1882.8768310546875,0.0,0.0,1,-0.98,1882.8768310546875,0.0,0.0,1,-1.25,1882.876220703125,3.241590487669411e-05,0.0,1,-1.33,1882.875,9.724771463008236e-05,0.0,1,-1.64,1882.8768310546875,0.0,0.0,1,-1.96,1882.8768310546875,0.0,0.0,1,10
ZINC000000259783,-0.41,1882.8748168945312,0.000106972486093,0.0,1,-0.57,1882.8768310546875,0.0,0.0,1,-0.63,1882.874267578125,0.0001361468004821,0.0,1,-0.8,1882.8768310546875,0.0,0.0,1,-0.81,1882.8741455078125,0.0001426299814574,0.0,1,-0.87,1882.8742065429688,0.0001393883909697,0.0,1,-1.04,1882.876220703125,3.241590487669411e-05,0.0,1,-1.26,1882.8751220703125,9.076453365474352e-05,0.0,1,-1.84,1882.8719482421875,0.0002593272390135,0.0,1,-2.27,1882.8745727539065,0.0001199388480437,0.0,1,10
ZINC000000259961,-0.48,1882.8768310546875,0.0,0.0,1,-0.9,1882.8768310546875,0.0,0.0,1,-1.24,1882.8768310546875,0.0,0.0,1,-1.38,1882.8768310546875,0.0,0.0,1,-1.85,1882.8768310546875,0.0,0.0,1,-2.0,1882.8768310546875,0.0,0.0,1,-2.02,1882.8768310546875,0.0,0.0,1,-2.2,1882.8768310546875,0.0,0.0,1,-3.48,1882.8768310546875,0.0,0.0,1,-3.64,1882.8768310546875,0.0,0.0,1,10
ZINC000000260553,-0.34,1882.872131347656,0.0002496024675505,0.0,1,-0.55,1882.873107910156,0.0001977370197478,0.0,1,-0.67,1882.8711853027344,0.0002998471201094,0.0,1,-0.71,1882.8734130859373,0.0001815290673094,0.0,1,-0.91,1882.8723449707031,0.0002382569008437,0.0,1,-1.31,1882.872100830078,0.0002512232627943,0.0,1,-1.44,1882.8723754882808,0.0002366361055998,0.0,1,-1.57,1882.8721923828125,0.0002463608770628,0.0,1,-2.87,1882.8722229003904,0.000244740081819,0.0,1,-3.82,1882.8719482421875,0.0002593272390135,0.0,1,10
ZINC000000264962,-0.22,1882.8768310546875,0.0,0.0,1,-0.33,1882.8768310546875,0.0,0.0,1,-0.58,1882.8768310546875,0.0,0.0,1,-0.7,1882.8768310546875,0.0,0.0,1,-0.75,1882.8768310546875,0.0,0.0,1,-1.07,1882.8768310546875,0.0,0.0,1,-1.4,1882.8768310546875,0.0,0.0,1,-1.74,1882.8768310546875,0.0,0.0,1,-3.0,1882.8768310546875,0.0,0.0,1,-1000.0,471.744140625,0.0,0.0,0,9
ZINC000000266856,-0.3,1882.8709716796875,0.0003111926868162,0.0,1,-0.54,1882.8690185546875,0.0004149235824216,0.0,1,-0.64,1882.8701171875,0.0003565749536436,0.0,1,-0.83,1882.8705444335933,0.0003338838202299,0.0,1,-0.9,1882.8695678710933,0.0003857492680326,0.0,1,-1.04,1882.8673095703125,0.0005056881160764,0.0,1,-1.05,1882.8703002929688,0.0003468501821806,0.0,1,-1.06,1882.8685913085933,0.0004376147158353,0.0,1,-1.59,1882.8677368164065,0.0004829969826627,0.0,1,-2.01,1882.869140625,0.0004084404014463,0.0,1,10
ZINC000000267111,-0.95,1882.875457763672,7.293578597256175e-05,0.0,1,-1.13,1882.8756103515625,6.483180975338822e-05,0.0,1,-1.39,1882.8761291503904,3.727829060819823e-05,0.0,1,-1.54,1882.8753051757808,8.103976219173528e-05,0.0,1,-1.73,1882.8768310546875,0.0,0.0,1,-2.46,1882.8766174316409,1.134556670684294e-05,0.0,1,-2.6,1882.8753051757808,8.103976219173528e-05,0.0,1,-3.4,1882.8765869140625,1.2966361950677644e-05,0.0,1,-1000.0,471.744140625,0.0,0.0,0,-1000.0,471.744140625,0.0,0.0,0,8
ZINC000000268284,-0.57,1882.8709106445312,0.0003144342773039,0.0,1,-0.68,1882.8707275390625,0.0003241590487669,0.0,1,-0.76,1882.8699340820312,0.0003662997251066,0.0,1,-1.1,1882.867248535156,0.000508929706564,0.0,1,-1.11,1882.8687133789065,0.00043113153486,0.0,1,-1.14,1882.8687744140625,0.0004278899443723,0.0,1,-1.18,1882.8687133789065,0.00043113153486,0.0,1,-1.35,1882.8692626953125,0.000401957220471,0.0,1,-1.39,1882.8692626953125,0.000401957220471,0.0,1,-1.65,1882.869201660156,0.0004051988109586,0.0,1,10
ZINC000000269522,-0.07,1882.8715209960933,0.0002820183724272,0.0,1,-0.44,1882.870849609375,0.0003176758677916,0.0,1,-0.63,1882.871337890625,0.0002917431438902,0.0,1,-0.84,1882.872009277344,0.0002560856485258,0.0,1,-1.03,1882.870361328125,0.0003436085916929,0.0,1,-1.14,1882.8717651367188,0.0002690520104765,0.0,1,-1.31,1882.87158203125,0.0002787767819395,0.0,1,-1.91,1882.8726196289065,0.0002236697436491,0.0,1,-2.06,1882.8735961914065,0.0001718042958464,0.0,1,-2.57,1882.8706665039065,0.0003274006392546,0.0,1,10
ZINC000000270197,0.09,1882.8679809570312,0.000470030620712,0.0,1,-0.21,1882.868103027344,0.0004635474397367,0.0,1,-0.31,1882.86572265625,0.0005899694687558,0.0,1,-0.39,1882.8676147460933,0.000489480163638,0.0,1,-0.57,1882.8685302734373,0.000440856306323,0.0,1,-0.85,1882.86669921875,0.0005381040209531,0.0,1,-0.99,1882.8668823242188,0.0005283792494901,0.0,1,-1.09,1882.8692626953125,0.000401957220471,0.0,1,-1.28,1882.8689575195312,0.0004181651729093,0.0,1,-2.43,1882.867126464844,0.0005154128875394,0.0,1,10
ZINC000000270598,-0.73,1882.8768310546875,0.0,0.0,1,-1.15,1882.8768310546875,0.0,0.0,1,-1.15,1882.8768310546875,0.0,0.0,1,-1.17,1882.8768310546875,0.0,0.0,1,-1.18,1882.8768310546875,0.0,0.0,1,-1.28,1882.8768310546875,0.0,0.0,1,-1.46,1882.8768310546875,0.0,0.0,1,-2.42,1882.8768310546875,0.0,0.0,1,-3.37,1882.8768310546875,0.0,0.0,1,-5.2,1882.8768310546875,0.0,0.0,1,10
ZINC000000271312,-0.05,1882.8679809570312,0.000470030620712,0.0,1,-0.07,1882.8679809570312,0.000470030620712,0.0,1,-0.1,1882.8677368164065,0.0004829969826627,0.0,1,-0.12,1882.8665771484373,0.0005445872019284,0.0,1,-0.12,1882.8663330078125,0.0005575535638791,0.0,1,-0.19,1882.868408203125,0.0004473394872983,0.0,1,-0.25,1882.8674926757808,0.0004959633446134,0.0,1,-0.25,1882.8666381835933,0.0005413456114407,0.0,1,-0.3,1882.869201660156,0.0004051988109586,0.0,1,-1.79,1882.8666381835933,0.0005413456114407,0.0,1,10
ZINC000000271737,-0.8,1882.8688354492188,0.0004246483538846,0.0,1,-0.85,1882.868408203125,0.0004473394872983,0.0,1,-1.16,1882.8673706054688,0.0005024465255887,0.0,1,-1.59,1882.8687133789065,0.00043113153486,0.0,1,-1.95,1882.868103027344,0.0004635474397367,0.0,1,-2.04,1882.868225097656,0.0004570642587613,0.0,1,-2.63,1882.866149902344,0.0005672783353421,0.0,1,-3.23,1882.8682861328125,0.0004538226682737,0.0,1,-3.69,1882.868103027344,0.0004635474397367,0.0,1,-4.03,1882.8679809570312,0.000470030620712,0.0,1,10
ZINC000000272619,-0.62,1882.8743286132808,0.0001329052099944,0.0,1,-0.68,1882.8734130859373,0.0001815290673094,0.0,1,-0.72,1882.8717651367188,0.0002690520104765,0.0,1,-0.73,1882.8717041015625,0.0002722936009642,0.0,1,-0.93,1882.870849609375,0.0003176758677916,0.0,1,-2.48,1882.87353515625,0.0001750458863341,0.0,1,-2.62,1882.8768310546875,0.0,0.0,1,-2.72,1882.8746948242188,0.0001134556670684,0.0,1,-3.24,1882.873962402344,0.0001523547529204,0.0,1,-3.71,1882.8768310546875,0.0,0.0,1,10
ZINC000000273091,0.48,1882.8702392578125,0.0003500917726682,0.0,1,0.44,1882.8710632324216,0.0003063303010847,0.0,1,0.32,1882.8698425292969,0.0003711621108381,0.0,1,0.29,1882.870361328125,0.0003436085916929,0.0,1,0.08,1882.8698120117188,0.0003727829060819,0.0,1,0.06,1882.8702697753904,0.0003484709774244,0.0,1,0.05,1882.8692321777344,0.0004035780157148,0.0,1,0.03,1882.8709716796875,0.0003111926868162,0.0,1,-0.02,1882.8703002929688,0.0003468501821806,0.0,1,-0.06,1882.870147705078,0.0003549541583998,0.0,1,10
ZINC000000273380,-0.37,1882.8667602539065,0.0005348624304654,0.0,1,-0.42,1882.8707275390625,0.0003241590487669,0.0,1,-0.44,1882.866943359375,0.0005251376590024,0.0,1,-0.53,1882.867126464844,0.0005154128875394,0.0,1,-0.59,1882.8688354492188,0.0004246483538846,0.0,1,-0.88,1882.8683471679688,0.000450581077786,0.0,1,-1.02,1882.8685302734373,0.000440856306323,0.0,1,-1.43,1882.86865234375,0.0004343731253477,0.0,1,-1.49,1882.8695068359373,0.0003889908585203,0.0,1,-1.96,1882.866271972656,0.0005607951543668,0.0,1,10
ZINC000000273580,-0.28,1882.8690185546875,0.0004149235824216,0.0,1,-0.48,1882.8702392578125,0.0003500917726682,0.0,1,-0.6,1882.8685913085933,0.0004376147158353,0.0,1,-0.64,1882.868103027344,0.0004635474397367,0.0,1,-0.89,1882.8705444335933,0.0003338838202299,0.0,1,-1.03,1882.868408203125,0.0004473394872983,0.0,1,-1.52,1882.87060546875,0.0003306422297422,0.0,1,-1.99,1882.870849609375,0.0003176758677916,0.0,1,-2.2,1882.8698120117188,0.0003727829060819,0.0,1,-3.29,1882.869384765625,0.0003954740394956,0.0,1,10
ZINC000000275321,-0.58,1882.8734741210933,0.0001782874768218,0.0,1,-0.63,1882.873107910156,0.0001977370197478,0.0,1,-0.68,1882.874938964844,0.0001004893051177,0.0,1,-0.69,1882.8733520507808,0.0001847706577971,0.0,1,-0.96,1882.8735961914065,0.0001718042958464,0.0,1,-1.69,1882.8712158203125,0.0002982263248655,0.0,1,-1.78,1882.8732299804688,0.0001912538387724,0.0,1,-2.03,1882.875,9.724771463008236e-05,0.0,1,-2.05,1882.876434326172,2.107033816985117e-05,0.0,1,-3.03,1882.8739013671875,0.0001555963434081,0.0,1,10
ZINC000000277202,-0.17,1882.8764038085933,2.269113341368588e-05,0.0,1,-0.29,1882.876220703125,3.241590487669411e-05,0.0,1,-0.29,1882.8768310546875,0.0,0.0,1,-0.62,1882.8768310546875,0.0,0.0,1,-0.73,1882.8754272460933,7.455658121639646e-05,0.0,1,-1.14,1882.87451171875,0.0001231804385314,0.0,1,-1.31,1882.875732421875,5.83486287780494e-05,0.0,1,-1.41,1882.8740234375,0.0001491131624327,0.0,1,-1.7,1882.875732421875,5.83486287780494e-05,0.0,1,-1.72,1882.8768310546875,0.0,0.0,1,10
ZINC000000277340,-0.38,1882.8683471679688,0.000450581077786,0.0,1,-0.83,1882.8677368164065,0.0004829969826627,0.0,1,-0.85,1882.870056152344,0.0003598165441313,0.0,1,-0.99,1882.868225097656,0.0004570642587613,0.0,1,-1.1,1882.868896484375,0.000421406763397,0.0,1,-1.11,1882.8687133789065,0.00043113153486,0.0,1,-1.27,1882.86962890625,0.0003825076775449,0.0,1,-1.65,1882.866943359375,0.0005251376590024,0.0,1,-1.73,1882.8693237304688,0.0003987156299833,0.0,1,-2.27,1882.8673095703125,0.0005056881160764,0.0,1,10
ZINC000000277550,0.04,1882.874481201172,0.0001248012337752,0.0,1,-0.0,1882.8746337890625,0.000116697257556,0.0,1,-0.14,1882.8746948242188,0.0001134556670684,0.0,1,-0.14,1882.874938964844,0.0001004893051177,0.0,1,-0.15,1882.8746948242188,0.0001134556670684,0.0,1,-0.16,1882.87451171875,0.0001231804385314,0.0,1,-0.26,1882.874938964844,0.0001004893051177,0.0,1,-0.28,1882.8748168945312,0.000106972486093,0.0,1,-0.3,1882.8743896484373,0.0001296636195067,0.0,1,-3.17,1882.8768310546875,0.0,0.0,1,10
ZINC000000279759,-0.47,1882.867126464844,0.0005154128875394,0.0,1,-0.65,1882.8656616210933,0.0005932110592435,0.0,1,-0.69,1882.86865234375,0.0004343731253477,0.0,1,-0.82,1882.8649291992188,0.0006321101450955,0.0,1,-0.86,1882.8674926757808,0.0004959633446134,0.0,1,-0.89,1882.8657836914065,0.0005867278782681,0.0,1,-0.91,1882.8668212890625,0.0005316208399777,0.0,1,-1.26,1882.8663940429688,0.0005543119733914,0.0,1,-1.3,1882.864013671875,0.0006807340024105,0.0,1,-1.93,1882.867126464844,0.0005154128875394,0.0,1,10
ZINC000000280740,0.28,1882.8715209960933,0.0002820183724272,0.0,1,0.22,1882.8713073730469,0.000293363939134,0.0,1,0.21,1882.86962890625,0.0003825076775449,0.0,1,0.12,1882.871154785156,0.0003014679153532,0.0,1,-0.3,1882.872802734375,0.0002139449721861,0.0,1,-1.04,1882.8698120117188,0.0003727829060819,0.0,1,-1.4,1882.8726501464844,0.0002220489484053,0.0,1,-1.51,1882.8712463378904,0.0002966055296217,0.0,1,-1.54,1882.8704223632808,0.0003403670012052,0.0,1,-3.8,1882.8706665039065,0.0003274006392546,0.0,1,10
ZINC000000281048,-0.2,1882.876220703125,3.241590487669411e-05,0.0,1,-0.21,1882.8763427734373,2.593272390135529e-05,0.0,1,-0.27,1882.875061035156,9.400612414241292e-05,0.0,1,-0.3,1882.8756713867188,6.15902192657188e-05,0.0,1,-0.33,1882.8746948242188,0.0001134556670684,0.0,1,-0.42,1882.8739013671875,0.0001555963434081,0.0,1,-0.43,1882.8748779296875,0.0001037308956054,0.0,1,-0.69,1882.875732421875,5.83486287780494e-05,0.0,1,-1.26,1882.8755493164065,6.807340024105763e-05,0.0,1,-1.35,1882.873046875,0.0002009786102355,0.0,1,10
ZINC000000284095,-0.08,1882.8705444335933,0.0003338838202299,0.0,1,-0.77,1882.8707885742188,0.0003209174582792,0.0,1,-0.8,1882.8709106445312,0.0003144342773039,0.0,1,-0.83,1882.8712768554688,0.0002949847343779,0.0,1,-0.93,1882.8704833984373,0.0003371254107176,0.0,1,-0.94,1882.8704223632808,0.0003403670012052,0.0,1,-1.01,1882.8715209960933,0.0002820183724272,0.0,1,-1.2,1882.868896484375,0.000421406763397,0.0,1,-1.53,1882.8707275390625,0.0003241590487669,0.0,1,-5.42,1882.8677978515625,0.000479755392175,0.0,1,10
ZINC000000286217,-0.46,1882.869140625,0.0004084404014463,0.0,1,-0.87,1882.8680419921875,0.0004667890302243,0.0,1,-1.01,1882.8692626953125,0.000401957220471,0.0,1,-1.18,1882.8687133789065,0.00043113153486,0.0,1,-1.25,1882.869079589844,0.000411681991934,0.0,1,-1.31,1882.8695678710933,0.0003857492680326,0.0,1,-1.33,1882.869079589844,0.000411681991934,0.0,1,-1.74,1882.870849609375,0.0003176758677916,0.0,1,-2.2,1882.869873046875,0.0003695413155943,0.0,1,-3.28,1882.8674926757808,0.0004959633446134,0.0,1,10
ZINC000000287369,-0.12,1882.87451171875,0.0001231804385314,0.0,1,-0.18,1882.8736572265625,0.0001685627053588,0.0,1,-0.23,1882.8742065429688,0.0001393883909697,0.0,1,-0.3,1882.874084472656,0.0001458715719451,0.0,1,-0.3,1882.8735961914065,0.0001718042958464,0.0,1,-0.32,1882.8743286132808,0.0001329052099944,0.0,1,-0.5,1882.8731689453125,0.0001944954292601,0.0,1,-0.66,1882.8739013671875,0.0001555963434081,0.0,1,-1.28,1882.8726196289065,0.0002236697436491,0.0,1,-1.94,1882.8726196289065,0.0002236697436491,0.0,1,10
ZINC000000287775,-0.72,1882.8768310546875,0.0,0.0,1,-0.75,1882.8768310546875,0.0,0.0,1,-0.82,1882.8768310546875,0.0,0.0,1,-1.23,1882.8768310546875,0.0,0.0,1,-1.32,1882.8768310546875,0.0,0.0,1,-1.4,1882.8768310546875,0.0,0.0,1,-1.41,1882.8768310546875,0.0,0.0,1,-2.84,1882.8768310546875,0.0,0.0,1,-3.78,1882.8768310546875,0.0,0.0,1,-6.16,1882.8768310546875,0.0,0.0,1,10
ZINC000000287795,-0.79,1882.8768310546875,0.0,0.0,1,-0.99,1882.8768310546875,0.0,0.0,1,-1.0,1882.8768310546875,0.0,0.0,1,-1.04,1882.8768310546875,0.0,0.0,1,-1.11,1882.8768310546875,0.0,0.0,1,-1.17,1882.8768310546875,0.0,0.0,1,-2.22,1882.8768310546875,0.0,0.0,1,-2.26,1882.8768310546875,0.0,0.0,1,-2.52,1882.8768310546875,0.0,0.0,1,-2.78,1882.8768310546875,0.0,0.0,1,10
ZINC000000290859,-0.05,1882.8706665039065,0.0003274006392546,0.0,1,-0.25,1882.8719482421875,0.0002593272390135,0.0,1,-0.38,1882.8701171875,0.0003565749536436,0.0,1,-0.58,1882.87109375,0.0003047095058409,0.0,1,-0.83,1882.871826171875,0.0002658104199888,0.0,1,-0.95,1882.8717041015625,0.0002722936009642,0.0,1,-1.06,1882.871337890625,0.0002917431438902,0.0,1,-1.08,1882.8707275390625,0.0003241590487669,0.0,1,-1.5,1882.87060546875,0.0003306422297422,0.0,1,-1.9,1882.8712768554688,0.0002949847343779,0.0,1,10
ZINC000000291673,-0.08,1882.8695068359373,0.0003889908585203,0.0,1,-0.31,1882.87158203125,0.0002787767819395,0.0,1,-1.06,1882.8671875,0.0005121712970517,0.0,1,-1.07,1882.8694458007808,0.0003922324490079,0.0,1,-1.08,1882.8671875,0.0005121712970517,0.0,1,-1.08,1882.8673706054688,0.0005024465255887,0.0,1,-1.17,1882.8685302734373,0.000440856306323,0.0,1,-1.7,1882.8648071289065,0.0006385933260708,0.0,1,-1.93,1882.8673095703125,0.0005056881160764,0.0,1,-2.02,1882.87060546875,0.0003306422297422,0.0,1,10
ZINC000000291931,-0.58,1882.8734741210933,0.0001782874768218,0.0,1,-0.59,1882.87158203125,0.0002787767819395,0.0,1,-0.66,1882.872314453125,0.0002398776960875,0.0,1,-0.83,1882.874267578125,0.0001361468004821,0.0,1,-1.4,1882.876220703125,3.241590487669411e-05,0.0,1,-1.58,1882.873107910156,0.0001977370197478,0.0,1,-2.55,1882.872985839844,0.0002042202007231,0.0,1,-2.82,1882.87548828125,7.131499072872705e-05,0.0,1,-3.38,1882.874755859375,0.0001102140765807,0.0,1,-3.54,1882.8724365234373,0.0002333945151121,0.0,1,10
ZINC000000294133,-0.36,1882.8768310546875,0.0,0.0,1,-0.46,1882.8768310546875,0.0,0.0,1,-0.57,1882.8768310546875,0.0,0.0,1,-0.57,1882.8768310546875,0.0,0.0,1,-0.7,1882.8768310546875,0.0,0.0,1,-0.75,1882.8768310546875,0.0,0.0,1,-0.85,1882.8768310546875,0.0,0.0,1,-1.14,1882.8768310546875,0.0,0.0,1,-3.03,1882.8768310546875,0.0,0.0,1,-3.62,1882.8768310546875,0.0,0.0,1,10
ZINC000000295458,-0.56,1882.875,9.724771463008236e-05,0.0,1,-0.66,1882.8724975585933,0.0002301529246245,0.0,1,-0.71,1882.8724365234373,0.0002333945151121,0.0,1,-0.71,1882.871337890625,0.0002917431438902,0.0,1,-0.75,1882.8716430664065,0.0002755351914518,0.0,1,-0.82,1882.8712158203125,0.0002982263248655,0.0,1,-1.06,1882.8722534179688,0.0002431192865752,0.0,1,-1.38,1882.872314453125,0.0002398776960875,0.0,1,-1.38,1882.873779296875,0.0001620795243834,0.0,1,-1.62,1882.871826171875,0.0002658104199888,0.0,1,10
ZINC000000298832,-0.35,1882.8654174804688,0.0006061774211941,0.0,1,-0.46,1882.8675537109373,0.0004927217541257,0.0,1,-0.5,1882.8659057617188,0.0005802446972928,0.0,1,-0.55,1882.8674926757808,0.0004959633446134,0.0,1,-0.63,1882.86669921875,0.0005381040209531,0.0,1,-0.76,1882.86865234375,0.0004343731253477,0.0,1,-0.79,1882.8646240234373,0.0006483180975338,0.0,1,-1.14,1882.8671875,0.0005121712970517,0.0,1,-1.55,1882.868225097656,0.0004570642587613,0.0,1,-1.66,1882.866455078125,0.0005510703829037,0.0,1,10
ZINC000000300007,-0.1,1882.866943359375,0.0005251376590024,0.0,1,-0.11,1882.8675537109373,0.0004927217541257,0.0,1,-0.17,1882.8677368164065,0.0004829969826627,0.0,1,-0.22,1882.8677368164065,0.0004829969826627,0.0,1,-0.32,1882.8681640625,0.000460305849249,0.0,1,-0.33,1882.8663940429688,0.0005543119733914,0.0,1,-0.5,1882.8659057617188,0.0005802446972928,0.0,1,-1.38,1882.8650512695312,0.0006256269641201,0.0,1,-5.5,471.744140625,0.0,0.0,1,-1000.0,471.744140625,0.0,0.0,0,9
ZINC000000300611,-0.4,1882.8768310546875,0.0,0.0,1,-0.41,1882.8768310546875,0.0,0.0,1,-0.41,1882.8768310546875,0.0,0.0,1,-0.48,1882.8768310546875,0.0,0.0,1,-0.5,1882.8768310546875,0.0,0.0,1,-0.55,1882.8768310546875,0.0,0.0,1,-1.0,1882.8768310546875,0.0,0.0,1,-1.29,1882.8768310546875,0.0,0.0,1,-1.3,1882.8768310546875,0.0,0.0,1,-1.57,1882.8768310546875,0.0,0.0,1,10
ZINC000000301363,-0.98,1882.8682861328125,0.0004538226682737,0.0,1,-0.99,1882.8663330078125,0.0005575535638791,0.0,1,-1.07,1882.8668212890625,0.0005316208399777,0.0,1,-1.68,1882.8676147460933,0.000489480163638,0.0,1,-1.97,1882.8673095703125,0.0005056881160764,0.0,1,-2.05,1882.8678588867188,0.0004765138016874,0.0,1,-2.08,1882.8675537109373,0.0004927217541257,0.0,1,-2.18,1882.8668823242188,0.0005283792494901,0.0,1,-2.18,1882.8674926757808,0.0004959633446134,0.0,1,-4.57,1882.867431640625,0.000499204935101,0.0,1,10
ZINC000000302683,-0.52,1882.8768310546875,0.0,0.0,1,-0.58,1882.8765869140625,1.2966361950677644e-05,0.0,1,-0.59,1882.8751831054688,8.75229431670741e-05,0.0,1,-0.59,1882.8767700195312,3.241590487669412e-06,0.0,1,-0.63,1882.875732421875,5.83486287780494e-05,0.0,1,-0.67,1882.8768310546875,0.0,0.0,1,-0.67,1882.8767700195312,3.241590487669412e-06,0.0,1,-1.3,1882.874755859375,0.0001102140765807,0.0,1,-2.97,1882.8765869140625,1.2966361950677644e-05,0.0,1,-5.43,471.744140625,0.0,0.0,1,10
ZINC000000302828,-0.11,1882.8768310546875,0.0,0.0,1,-0.37,1882.8768310546875,0.0,0.0,1,-0.46,1882.8768310546875,0.0,0.0,1,-0.47,1882.8768310546875,0.0,0.0,1,-0.65,1882.8768310546875,0.0,0.0,1,-0.66,1882.8768310546875,0.0,0.0,1,-0.72,1882.8768310546875,0.0,0.0,1,-0.77,1882.8768310546875,0.0,0.0,1,-0.83,1882.8768310546875,0.0,0.0,1,-1.35,1882.8768310546875,0.0,0.0,1,10
ZINC000000302935,-0.07,1882.8699340820312,0.0003662997251066,0.0,1,-0.76,1882.8662109375,0.0005640367448544,0.0,1,-0.78,1882.867431640625,0.000499204935101,0.0,1,-0.78,1882.8702392578125,0.0003500917726682,0.0,1,-0.84,1882.8694458007808,0.0003922324490079,0.0,1,-0.84,1882.8709106445312,0.0003144342773039,0.0,1,-1.51,1882.8696899414065,0.0003792660870573,0.0,1,-1.86,1882.8670654296875,0.0005186544780271,0.0,1,-2.31,1882.8707275390625,0.0003241590487669,0.0,1,-2.42,1882.869079589844,0.000411681991934,0.0,1,10
ZINC000000303223,0.26,1882.872314453125,0.0002398776960875,0.0,1,0.06,1882.8726806640625,0.0002204281531615,0.0,1,-0.38,1882.870178222656,0.0003533333631559,0.0,1,-0.58,1882.873046875,0.0002009786102355,0.0,1,-0.59,1882.8722534179688,0.0002431192865752,0.0,1,-0.63,1882.873107910156,0.0001977370197478,0.0,1,-0.96,1882.87158203125,0.0002787767819395,0.0,1,-1.11,1882.8738403320312,0.0001588379338958,0.0,1,-1.39,1882.8717651367188,0.0002690520104765,0.0,1,-3.02,1882.872009277344,0.0002560856485258,0.0,1,10
ZINC000000304965,-0.57,1882.8768310546875,0.0,0.0,1,-0.92,1882.8768310546875,0.0,0.0,1,-0.96,1882.8768310546875,0.0,0.0,1,-1.0,1882.8768310546875,0.0,0.0,1,-1.02,1882.8768310546875,0.0,0.0,1,-1.22,1882.8768310546875,0.0,0.0,1,-1.37,1882.8768310546875,0.0,0.0,1,-2.76,1882.8768310546875,0.0,0.0,1,-2.97,1882.8768310546875,0.0,0.0,1,-3.26,1882.8768310546875,0.0,0.0,1,10
ZINC000000305343,-0.55,1882.8668212890625,0.0005316208399777,0.0,1,-0.77,1882.8719482421875,0.0002593272390135,0.0,1,-1.0,1882.865966796875,0.0005770031068051,0.0,1,-1.1,1882.8697509765625,0.0003760244965696,0.0,1,-1.2,1882.868896484375,0.000421406763397,0.0,1,-1.28,1882.8715209960933,0.0002820183724272,0.0,1,-1.63,1882.8722534179688,0.0002431192865752,0.0,1,-1.91,1882.87109375,0.0003047095058409,0.0,1,-1.99,1882.87109375,0.0003047095058409,0.0,1,-5.36,1882.8705444335933,0.0003338838202299,0.0,1,10
ZINC000000305882,0.07,1882.8768310546875,0.0,0.0,1,-0.06,1882.8768310546875,0.0,0.0,1,-0.27,1882.8768310546875,0.0,0.0,1,-0.97,1882.8768310546875,0.0,0.0,1,-0.97,1882.8768310546875,0.0,0.0,1,-1.01,1882.8768310546875,0.0,0.0,1,-1.02,1882.8768310546875,0.0,0.0,1,-1.05,1882.8768310546875,0.0,0.0,1,-2.46,1882.8768310546875,0.0,0.0,1,-3.46,1882.8768310546875,0.0,0.0,1,10
ZINC000000307229,-0.66,1882.8630981445312,0.0007293578597256,0.0,1,-0.69,1882.8634643554688,0.0007099083167996,0.0,1,-0.7,1882.863037109375,0.0007325994502132,0.0,1,-0.72,1882.8673706054688,0.0005024465255887,0.0,1,-0.73,1882.8628540039065,0.0007423242216762,0.0,1,-0.75,1882.8667602539065,0.0005348624304654,0.0,1,-0.86,1882.8650512695312,0.0006256269641201,0.0,1,-0.88,1882.8644409179688,0.0006580428689968,0.0,1,-1.03,1882.8670654296875,0.0005186544780271,0.0,1,-1.69,1882.8638305664065,0.0006904587738735,0.0,1,10
ZINC000000307294,-0.49,1882.8714599609373,0.0002852599629149,0.0,1,-0.93,1882.8693237304688,0.0003987156299833,0.0,1,-1.23,1882.8714599609373,0.0002852599629149,0.0,1,-1.39,1882.8704833984373,0.0003371254107176,0.0,1,-1.95,1882.8763427734373,2.593272390135529e-05,0.0,1,-2.02,1882.8722534179688,0.0002431192865752,0.0,1,-2.13,1882.8742065429688,0.0001393883909697,0.0,1,-2.18,1882.874267578125,0.0001361468004821,0.0,1,-2.4,1882.8715209960933,0.0002820183724272,0.0,1,-2.44,1882.87646484375,1.9449542926016468e-05,0.0,1,10
ZINC000000307622,-0.69,1882.870056152344,0.0003598165441313,0.0,1,-0.74,1882.8689575195312,0.0004181651729093,0.0,1,-0.76,1882.8695068359373,0.0003889908585203,0.0,1,-0.78,1882.8703002929688,0.0003468501821806,0.0,1,-0.98,1882.8722534179688,0.0002431192865752,0.0,1,-0.99,1882.8696899414065,0.0003792660870573,0.0,1,-1.32,1882.8705444335933,0.0003338838202299,0.0,1,-1.38,1882.8706665039065,0.0003274006392546,0.0,1,-1.58,1882.8702392578125,0.0003500917726682,0.0,1,-1.67,1882.8704833984373,0.0003371254107176,0.0,1,10
ZINC000000307655,-0.32,1882.8768310546875,0.0,0.0,1,-0.57,1882.8768310546875,0.0,0.0,1,-0.73,1882.8768310546875,0.0,0.0,1,-0.91,1882.8768310546875,0.0,0.0,1,-0.98,1882.8768310546875,0.0,0.0,1,-1.04,1882.8768310546875,0.0,0.0,1,-1.07,1882.8768310546875,0.0,0.0,1,-1.71,1882.8768310546875,0.0,0.0,1,-3.13,1882.8768310546875,0.0,0.0,1,-4.35,1882.8768310546875,0.0,0.0,1,10
ZINC000000307767,-0.34,1882.8707885742188,0.0003209174582792,0.0,1,-0.36,1882.871154785156,0.0003014679153532,0.0,1,-0.49,1882.8707275390625,0.0003241590487669,0.0,1,-0.69,1882.8706665039065,0.0003274006392546,0.0,1,-0.81,1882.86962890625,0.0003825076775449,0.0,1,-0.86,1882.8713989257808,0.0002885015534025,0.0,1,-0.96,1882.8705444335933,0.0003338838202299,0.0,1,-1.32,1882.870056152344,0.0003598165441313,0.0,1,-1.93,1882.8684692382808,0.0004440978968107,0.0,1,-2.35,1882.8675537109373,0.0004927217541257,0.0,1,10
ZINC000000308204,-0.34,1882.8768310546875,0.0,0.0,1,-0.74,1882.8765258789065,1.6207952438347055e-05,0.0,1,-0.77,1882.8768310546875,0.0,0.0,1,-1.36,1882.87353515625,0.0001750458863341,0.0,1,-1.5,1882.872985839844,0.0002042202007231,0.0,1,-1.51,1882.8766174316409,1.134556670684294e-05,0.0,1,-1.68,1882.8768310546875,0.0,0.0,1,-1.79,1882.875457763672,7.293578597256175e-05,0.0,1,-2.46,1882.8747253417969,0.0001118348718245,0.0,1,-3.31,1882.8745727539065,0.0001199388480437,0.0,1,10
ZINC000000309428,-0.31,1882.8768310546875,0.0,0.0,1,-0.52,1882.874938964844,0.0001004893051177,0.0,1,-0.73,1882.875732421875,5.83486287780494e-05,0.0,1,-0.77,1882.875,9.724771463008236e-05,0.0,1,-0.81,1882.876220703125,3.241590487669411e-05,0.0,1,-0.9,1882.8748168945312,0.000106972486093,0.0,1,-1.08,1882.8755493164065,6.807340024105763e-05,0.0,1,-1.1,1882.8755493164065,6.807340024105763e-05,0.0,1,-1.16,1882.8745727539065,0.0001199388480437,0.0,1,-3.06,1882.8753662109373,7.779817170406587e-05,0.0,1,10
ZINC000000309490,-0.3,1882.8768310546875,0.0,0.0,1,-0.33,1882.8768310546875,0.0,0.0,1,-0.43,1882.8768310546875,0.0,0.0,1,-0.56,1882.8768310546875,0.0,0.0,1,-0.86,1882.8768310546875,0.0,0.0,1,-0.89,1882.8768310546875,0.0,0.0,1,-0.94,1882.8768310546875,0.0,0.0,1,-1.14,1882.8768310546875,0.0,0.0,1,-1.22,1882.8768310546875,0.0,0.0,1,-1.33,1882.8768310546875,0.0,0.0,1,10
ZINC000000310123,-0.05,1882.8695068359373,0.0003889908585203,0.0,1,-0.3,1882.8685913085933,0.0004376147158353,0.0,1,-0.32,1882.8687133789065,0.00043113153486,0.0,1,-0.36,1882.8704223632808,0.0003403670012052,0.0,1,-0.38,1882.8695068359373,0.0003889908585203,0.0,1,-0.41,1882.8685913085933,0.0004376147158353,0.0,1,-0.42,1882.8707275390625,0.0003241590487669,0.0,1,-1.31,1882.870056152344,0.0003598165441313,0.0,1,-3.12,1882.8685913085933,0.0004376147158353,0.0,1,-5.57,1882.8687744140625,0.0004278899443723,0.0,1,10
ZINC000000310193,-0.44,1882.8768310546875,0.0,0.0,1,-0.53,1882.8764038085933,2.269113341368588e-05,0.0,1,-0.54,1882.8768310546875,0.0,0.0,1,-0.68,1882.8768310546875,0.0,0.0,1,-0.69,1882.8768310546875,0.0,0.0,1,-0.7,1882.8768310546875,0.0,0.0,1,-0.89,1882.8768310546875,0.0,0.0,1,-1.16,1882.8760986328125,3.8899085852032936e-05,0.0,1,-1.17,1882.8765869140625,1.2966361950677644e-05,0.0,1,-3.05,1882.8757934570312,5.510703829037999e-05,0.0,1,10
ZINC000000311357,-0.02,1882.8768310546875,0.0,0.0,1,-0.16,1882.8768310546875,0.0,0.0,1,-0.46,1882.8768310546875,0.0,0.0,1,-0.53,1882.8768310546875,0.0,0.0,1,-0.69,1882.8768310546875,0.0,0.0,1,-0.84,1882.8768310546875,0.0,0.0,1,-1.94,1882.8768310546875,0.0,0.0,1,-2.04,1882.8768310546875,0.0,0.0,1,-2.33,1882.8768310546875,0.0,0.0,1,-2.35,1882.8768310546875,0.0,0.0,1,10
ZINC000000312855,-0.39,1882.8768310546875,0.0,0.0,1,-0.52,1882.8768310546875,0.0,0.0,1,-0.6,1882.8768310546875,0.0,0.0,1,-0.64,1882.8768310546875,0.0,0.0,1,-0.66,1882.8768310546875,0.0,0.0,1,-0.75,1882.8768310546875,0.0,0.0,1,-0.84,1882.8768310546875,0.0,0.0,1,-1.99,1882.8768310546875,0.0,0.0,1,-2.88,1882.8768310546875,0.0,0.0,1,-2.92,1882.8768310546875,0.0,0.0,1,10
ZINC000000313930,-0.28,1882.871032714844,0.0003079510963285,0.0,1,-0.34,1882.8702392578125,0.0003500917726682,0.0,1,-0.44,1882.8707885742188,0.0003209174582792,0.0,1,-0.44,1882.871337890625,0.0002917431438902,0.0,1,-0.51,1882.868896484375,0.000421406763397,0.0,1,-0.77,1882.8714599609373,0.0002852599629149,0.0,1,-1.18,1882.8702392578125,0.0003500917726682,0.0,1,-1.35,1882.8687744140625,0.0004278899443723,0.0,1,-2.5,1882.8728637695312,0.0002107033816985,0.0,1,-2.9,1882.8699951171875,0.0003630581346189,0.0,1,10
ZINC000000314343,-0.32,1882.8768310546875,0.0,0.0,1,-0.73,1882.8755493164065,6.807340024105763e-05,0.0,1,-0.74,1882.8746337890625,0.000116697257556,0.0,1,-0.96,1882.8740234375,0.0001491131624327,0.0,1,-1.03,1882.8768310546875,0.0,0.0,1,-1.17,1882.873779296875,0.0001620795243834,0.0,1,-1.18,1882.8761596679688,3.565749536436352e-05,0.0,1,-1.38,1882.8768310546875,0.0,0.0,1,-2.58,1882.8768310546875,0.0,0.0,1,-5.62,1882.8745727539065,0.0001199388480437,0.0,1,10
ZINC000000314383,-0.34,1882.8716430664065,0.0002755351914518,0.0,1,-0.55,1882.870849609375,0.0003176758677916,0.0,1,-0.55,1882.8724365234373,0.0002333945151121,0.0,1,-0.68,1882.8731689453125,0.0001944954292601,0.0,1,-0.71,1882.8717651367188,0.0002690520104765,0.0,1,-0.71,1882.8722534179688,0.0002431192865752,0.0,1,-0.74,1882.8718872070312,0.0002625688295012,0.0,1,-0.82,1882.872802734375,0.0002139449721861,0.0,1,-1.11,1882.8720703125,0.0002528440580382,0.0,1,-1.23,1882.873046875,0.0002009786102355,0.0,1,10
ZINC000000316130,-0.24,1882.8683471679688,0.000450581077786,0.0,1,-0.25,1882.8668212890625,0.0005316208399777,0.0,1,-0.29,1882.8668823242188,0.0005283792494901,0.0,1,-0.3,1882.8690185546875,0.0004149235824216,0.0,1,-0.3,1882.8675537109373,0.0004927217541257,0.0,1,-0.31,1882.8658447265625,0.0005834862877804,0.0,1,-0.51,1882.869201660156,0.0004051988109586,0.0,1,-0.53,1882.8679809570312,0.000470030620712,0.0,1,-0.61,1882.8677368164065,0.0004829969826627,0.0,1,-0.67,1882.864318847656,0.0006645260499722,0.0,1,10
ZINC000000316403,0.07,1882.8768310546875,0.0,0.0,1,-0.16,1882.8768310546875,0.0,0.0,1,-0.28,1882.8768310546875,0.0,0.0,1,-0.41,1882.8768310546875,0.0,0.0,1,-0.46,1882.8768310546875,0.0,0.0,1,-0.54,1882.8768310546875,0.0,0.0,1,-1.92,1882.8768310546875,0.0,0.0,1,-1.92,1882.8768310546875,0.0,0.0,1,-5.04,1882.8768310546875,0.0,0.0,1,-1000.0,471.744140625,0.0,0.0,0,9
ZINC000000317390,-0.11,1882.8699951171875,0.0003630581346189,0.0,1,-0.63,1882.869384765625,0.0003954740394956,0.0,1,-0.67,1882.8681640625,0.000460305849249,0.0,1,-0.9,1882.8692626953125,0.000401957220471,0.0,1,-0.94,1882.8709106445312,0.0003144342773039,0.0,1,-0.97,1882.8697509765625,0.0003760244965696,0.0,1,-1.18,1882.869079589844,0.000411681991934,0.0,1,-1.27,1882.8694458007808,0.0003922324490079,0.0,1,-2.31,1882.8688354492188,0.0004246483538846,0.0,1,-2.53,1882.8690185546875,0.0004149235824216,0.0,1,10
ZINC000000318152,-0.95,1882.8727416992188,0.0002171865626738,0.0,1,-0.99,1882.8713989257808,0.0002885015534025,0.0,1,-1.0,1882.8719482421875,0.0002593272390135,0.0,1,-1.08,1882.872009277344,0.0002560856485258,0.0,1,-1.31,1882.8709716796875,0.0003111926868162,0.0,1,-1.32,1882.8699951171875,0.0003630581346189,0.0,1,-1.37,1882.8727416992188,0.0002171865626738,0.0,1,-1.45,1882.8707275390625,0.0003241590487669,0.0,1,-1.65,1882.871032714844,0.0003079510963285,0.0,1,-1.66,1882.873107910156,0.0001977370197478,0.0,1,10
ZINC000000319232,-0.72,1882.868103027344,0.0004635474397367,0.0,1,-0.74,1882.8666381835933,0.0005413456114407,0.0,1,-0.8,1882.867431640625,0.000499204935101,0.0,1,-0.81,1882.8671875,0.0005121712970517,0.0,1,-0.82,1882.8668212890625,0.0005316208399777,0.0,1,-0.96,1882.867431640625,0.000499204935101,0.0,1,-1.37,1882.8679809570312,0.000470030620712,0.0,1,-1.42,1882.8673095703125,0.0005056881160764,0.0,1,-1.84,1882.8659057617188,0.0005802446972928,0.0,1,-1.86,1882.8665771484373,0.0005445872019284,0.0,1,10
ZINC000000319411,-0.67,1882.8677978515625,0.000479755392175,0.0,1,-0.8,1882.8690185546875,0.0004149235824216,0.0,1,-0.88,1882.8704833984373,0.0003371254107176,0.0,1,-0.95,1882.870056152344,0.0003598165441313,0.0,1,-1.03,1882.869079589844,0.000411681991934,0.0,1,-1.05,1882.8685913085933,0.0004376147158353,0.0,1,-1.38,1882.8678588867188,0.0004765138016874,0.0,1,-1.39,1882.870056152344,0.0003598165441313,0.0,1,-1.44,1882.867431640625,0.000499204935101,0.0,1,-1.71,1882.867919921875,0.0004732722111997,0.0,1,10
ZINC000000321731,-0.33,1882.8676147460933,0.000489480163638,0.0,1,-0.5,1882.86767578125,0.0004862385731504,0.0,1,-0.62,1882.866271972656,0.0005607951543668,0.0,1,-0.62,1882.864501953125,0.0006548012785092,0.0,1,-0.62,1882.865966796875,0.0005770031068051,0.0,1,-0.68,1882.8665771484373,0.0005445872019284,0.0,1,-0.81,1882.865295410156,0.0006126606021695,0.0,1,-1.04,1882.8659057617188,0.0005802446972928,0.0,1,-1.31,1882.8660888671875,0.0005705199258298,0.0,1,-1.97,1882.866943359375,0.0005251376590024,0.0,1,10
ZINC000000322662,-0.51,1882.8692626953125,0.000401957220471,0.0,1,-1.02,1882.8645629882808,0.0006515596880215,0.0,1,-1.1,1882.865966796875,0.0005770031068051,0.0,1,-1.26,1882.8684692382808,0.0004440978968107,0.0,1,-1.35,1882.8658447265625,0.0005834862877804,0.0,1,-1.36,1882.8681640625,0.000460305849249,0.0,1,-1.42,1882.8678588867188,0.0004765138016874,0.0,1,-1.45,1882.869873046875,0.0003695413155943,0.0,1,-2.01,1882.8653564453125,0.0006094190116818,0.0,1,-2.49,1882.8670043945312,0.0005218960685147,0.0,1,10
ZINC000000324841,-0.51,1882.8670654296875,0.0005186544780271,0.0,1,-0.52,1882.8687744140625,0.0004278899443723,0.0,1,-1.15,1882.8668823242188,0.0005283792494901,0.0,1,-1.49,1882.8670654296875,0.0005186544780271,0.0,1,-1.71,1882.8658447265625,0.0005834862877804,0.0,1,-1.72,1882.8677368164065,0.0004829969826627,0.0,1,-1.77,1882.867248535156,0.000508929706564,0.0,1,-2.05,1882.8670654296875,0.0005186544780271,0.0,1,-2.43,1882.865966796875,0.0005770031068051,0.0,1,-6.52,471.744140625,0.0,0.0,1,10
ZINC000000325193,-0.13,1882.8694458007808,0.0003922324490079,0.0,1,-0.42,1882.8707275390625,0.0003241590487669,0.0,1,-0.43,1882.8702392578125,0.0003500917726682,0.0,1,-0.49,1882.8682861328125,0.0004538226682737,0.0,1,-0.71,1882.8706665039065,0.0003274006392546,0.0,1,-1.03,1882.8690185546875,0.0004149235824216,0.0,1,-1.1,1882.87109375,0.0003047095058409,0.0,1,-1.13,1882.8699951171875,0.0003630581346189,0.0,1,-2.33,1882.8727416992188,0.0002171865626738,0.0,1,-1000.0,471.744140625,0.0,0.0,0,9
ZINC000000325885,-0.1,1882.8667602539065,0.0005348624304654,0.0,1,-0.11,1882.8681640625,0.000460305849249,0.0,1,-0.21,1882.868408203125,0.0004473394872983,0.0,1,-0.38,1882.866271972656,0.0005607951543668,0.0,1,-0.5,1882.8685302734373,0.000440856306323,0.0,1,-0.73,1882.868896484375,0.000421406763397,0.0,1,-0.86,1882.8699951171875,0.0003630581346189,0.0,1,-1.0,1882.8684692382808,0.0004440978968107,0.0,1,-1.61,1882.869079589844,0.000411681991934,0.0,1,-2.85,1882.86865234375,0.0004343731253477,0.0,1,10
ZINC000000328641,-0.25,1882.8762817382808,2.91743143890247e-05,0.0,1,-0.33,1882.8761596679688,3.565749536436352e-05,0.0,1,-0.34,1882.8757934570312,5.510703829037999e-05,0.0,1,-0.36,1882.8762817382808,2.91743143890247e-05,0.0,1,-0.63,1882.8768310546875,0.0,0.0,1,-0.66,1882.8768310546875,0.0,0.0,1,-1.04,1882.8768310546875,0.0,0.0,1,-1.8,1882.8768310546875,0.0,0.0,1,-2.12,1882.876220703125,3.241590487669411e-05,0.0,1,-5.11,1882.8768310546875,0.0,0.0,1,10
ZINC000000329251,-0.83,1882.8768310546875,0.0,0.0,1,-0.88,1882.876708984375,6.483180975338823e-06,0.0,1,-0.93,1882.8768310546875,0.0,0.0,1,-1.02,1882.8768310546875,0.0,0.0,1,-1.23,1882.8768310546875,0.0,0.0,1,-1.33,1882.8768310546875,0.0,0.0,1,-1.42,1882.8768310546875,0.0,0.0,1,-1.79,1882.8768310546875,0.0,0.0,1,-2.0,1882.8768310546875,0.0,0.0,1,-2.49,1882.87646484375,1.9449542926016468e-05,0.0,1,10
ZINC000000331100,0.05,1882.8768310546875,0.0,0.0,1,-0.16,1882.8768310546875,0.0,0.0,1,-0.19,1882.8768310546875,0.0,0.0,1,-0.45,1882.8768310546875,0.0,0.0,1,-0.47,1882.876220703125,3.241590487669411e-05,0.0,1,-0.51,1882.8757934570312,5.510703829037999e-05,0.0,1,-0.52,1882.8768310546875,0.0,0.0,1,-0.52,1882.8768310546875,0.0,0.0,1,-1.42,1882.8768310546875,0.0,0.0,1,-2.25,1882.8768310546875,0.0,0.0,1,10
ZINC000000332424,-0.31,1882.8702392578125,0.0003500917726682,0.0,1,-0.4,1882.8698120117188,0.0003727829060819,0.0,1,-0.42,1882.8705444335933,0.0003338838202299,0.0,1,-0.48,1882.8695068359373,0.0003889908585203,0.0,1,-0.48,1882.870849609375,0.0003176758677916,0.0,1,-0.57,1882.8703002929688,0.0003468501821806,0.0,1,-0.6,1882.870849609375,0.0003176758677916,0.0,1,-0.64,1882.8701171875,0.0003565749536436,0.0,1,-0.77,1882.8697509765625,0.0003760244965696,0.0,1,-0.77,1882.869903564453,0.0003679205203504,0.0,1,10
ZINC000000332955,-0.13,1882.8704223632808,0.0003403670012052,0.0,1,-0.15,1882.8714599609373,0.0002852599629149,0.0,1,-0.15,1882.8705444335933,0.0003338838202299,0.0,1,-0.16,1882.870178222656,0.0003533333631559,0.0,1,-0.16,1882.8707885742188,0.0003209174582792,0.0,1,-0.17,1882.8718872070312,0.0002625688295012,0.0,1,-0.37,1882.8698120117188,0.0003727829060819,0.0,1,-0.43,1882.870361328125,0.0003436085916929,0.0,1,-4.94,1882.87109375,0.0003047095058409,0.0,1,-5.01,1882.8696899414065,0.0003792660870573,0.0,1,10
ZINC000000334029,-0.04,1882.8668823242188,0.0005283792494901,0.0,1,-0.24,1882.8670043945312,0.0005218960685147,0.0,1,-0.36,1882.8663940429688,0.0005543119733914,0.0,1,-0.42,1882.867919921875,0.0004732722111997,0.0,1,-0.43,1882.8657836914065,0.0005867278782681,0.0,1,-0.57,1882.8657836914065,0.0005867278782681,0.0,1,-0.59,1882.8674926757808,0.0004959633446134,0.0,1,-0.64,1882.8673706054688,0.0005024465255887,0.0,1,-0.81,1882.8665771484373,0.0005445872019284,0.0,1,-2.43,1882.8682861328125,0.0004538226682737,0.0,1,10
ZINC000000334073,-0.26,1882.8768310546875,0.0,0.0,1,-0.65,1882.8768310546875,0.0,0.0,1,-0.73,1882.8768310546875,0.0,0.0,1,-0.74,1882.8768310546875,0.0,0.0,1,-0.77,1882.8768310546875,0.0,0.0,1,-0.81,1882.8768310546875,0.0,0.0,1,-1.28,1882.8768310546875,0.0,0.0,1,-1.33,1882.8768310546875,0.0,0.0,1,-1.54,1882.8768310546875,0.0,0.0,1,-1000.0,471.744140625,0.0,0.0,0,9
ZINC000000339217,-0.56,1882.8768310546875,0.0,0.0,1,-0.67,1882.8768310546875,0.0,0.0,1,-0.82,1882.8768310546875,0.0,0.0,1,-0.87,1882.8765258789065,1.6207952438347055e-05,0.0,1,-0.9,1882.876708984375,6.483180975338823e-06,0.0,1,-0.91,1882.8767700195312,3.241590487669412e-06,0.0,1,-2.31,1882.8768310546875,0.0,0.0,1,-3.01,1882.8753662109373,7.779817170406587e-05,0.0,1,-5.84,471.744140625,0.0,0.0,1,-1000.0,471.744140625,0.0,0.0,0,9
ZINC000000339664,-0.51,1882.8666381835933,0.0005413456114407,0.0,1,-0.71,1882.869140625,0.0004084404014463,0.0,1,-1.15,1882.8665771484373,0.0005445872019284,0.0,1,-1.81,1882.8695678710933,0.0003857492680326,0.0,1,-2.21,1882.864990234375,0.0006288685546078,0.0,1,-2.29,1882.865295410156,0.0006126606021695,0.0,1,-2.61,1882.864318847656,0.0006645260499722,0.0,1,-3.13,1882.8646850585933,0.0006450765070462,0.0,1,-3.55,1882.8656616210933,0.0005932110592435,0.0,1,-5.65,1882.8676147460933,0.000489480163638,0.0,1,10
ZINC000000341757,-0.16,1882.86767578125,0.0004862385731504,0.0,1,-0.31,1882.8687133789065,0.00043113153486,0.0,1,-0.43,1882.8692626953125,0.000401957220471,0.0,1,-0.62,1882.868408203125,0.0004473394872983,0.0,1,-0.68,1882.8675537109373,0.0004927217541257,0.0,1,-1.13,1882.869384765625,0.0003954740394956,0.0,1,-1.77,1882.8681640625,0.000460305849249,0.0,1,-1.78,1882.8693237304688,0.0003987156299833,0.0,1,-2.34,1882.867431640625,0.000499204935101,0.0,1,-2.62,1882.8685302734373,0.000440856306323,0.0,1,10
ZINC000000341876,-0.09,1882.8695068359373,0.0003889908585203,0.0,1,-0.44,1882.8678588867188,0.0004765138016874,0.0,1,-0.48,1882.8726806640625,0.0002204281531615,0.0,1,-0.54,1882.867919921875,0.0004732722111997,0.0,1,-0.54,1882.87158203125,0.0002787767819395,0.0,1,-0.9,1882.8716430664065,0.0002755351914518,0.0,1,-0.95,1882.8709106445312,0.0003144342773039,0.0,1,-1.05,1882.8707275390625,0.0003241590487669,0.0,1,-2.32,1882.867126464844,0.0005154128875394,0.0,1,-2.41,1882.8678588867188,0.0004765138016874,0.0,1,10
ZINC000000342268,-0.39,1882.8734130859373,0.0001815290673094,0.0,1,-0.44,1882.8761901855469,3.4036700120528816e-05,0.0,1,-0.51,1882.873779296875,0.0001620795243834,0.0,1,-0.82,1882.8729248046875,0.0002074617912108,0.0,1,-0.84,1882.875732421875,5.83486287780494e-05,0.0,1,-1.05,1882.873962402344,0.0001523547529204,0.0,1,-1.4,1882.87255859375,0.0002269113341368,0.0,1,-1.52,1882.874267578125,0.0001361468004821,0.0,1,-1.74,1882.8729248046875,0.0002074617912108,0.0,1,-4.93,1882.8727416992188,0.0002171865626738,0.0,1,10
ZINC000000343289,-0.21,1882.8768310546875,0.0,0.0,1,-0.21,1882.8768310546875,0.0,0.0,1,-0.22,1882.8768310546875,0.0,0.0,1,-0.27,1882.8768310546875,0.0,0.0,1,-0.28,1882.8768310546875,0.0,0.0,1,-0.28,1882.8768310546875,0.0,0.0,1,-0.35,1882.8768310546875,0.0,0.0,1,-1.16,1882.8768310546875,0.0,0.0,1,-1.57,1882.8768310546875,0.0,0.0,1,-3.12,1579.0672607421875,16.135392676871064,61.90476190476191,1,10
ZINC000000347254,-0.15,1882.8653564453125,0.0006094190116818,0.0,1,-0.27,1882.8667907714844,0.0005332416352216,0.0,1,-0.41,1882.8660278320312,0.0005737615163174,0.0,1,-0.43,1882.864654541016,0.00064669730229,0.0,1,-0.54,1882.8663330078125,0.0005575535638791,0.0,1,-0.69,1882.8648681640625,0.0006353517355832,0.0,1,-0.69,1882.865478515625,0.0006029358307065,0.0,1,-0.94,1882.86767578125,0.0004862385731504,0.0,1,-1.4,1882.8679809570312,0.000470030620712,0.0,1,-3.65,1882.8677368164065,0.0004829969826627,0.0,1,10
ZINC000000348361,0.51,1882.8668212890625,0.0005316208399777,0.0,1,0.04,1882.865478515625,0.0006029358307065,0.0,1,0.01,1882.865478515625,0.0006029358307065,0.0,1,0.0,1882.865234375,0.0006159021926571,0.0,1,-0.08,1882.8668823242188,0.0005283792494901,0.0,1,-0.21,1882.8644409179688,0.0006580428689968,0.0,1,-0.4,1882.864501953125,0.0006548012785092,0.0,1,-0.61,1882.8673706054688,0.0005024465255887,0.0,1,-1.61,1882.8677978515625,0.000479755392175,0.0,1,-1.7,1882.86328125,0.0007196330882626,0.0,1,10
ZINC000000348621,-0.09,1882.8768310546875,0.0,0.0,1,-0.18,1882.8768310546875,0.0,0.0,1,-0.2,1882.8768310546875,0.0,0.0,1,-0.39,1882.8768310546875,0.0,0.0,1,-0.51,1882.8768310546875,0.0,0.0,1,-0.54,1882.8768310546875,0.0,0.0,1,-0.77,1882.8768310546875,0.0,0.0,1,-1.61,1882.8768310546875,0.0,0.0,1,-1.76,1882.8768310546875,0.0,0.0,1,-3.25,1882.8768310546875,0.0,0.0,1,10
ZINC000000348653,-0.95,1882.872985839844,0.0002042202007231,0.0,1,-1.2,1882.8714599609373,0.0002852599629149,0.0,1,-1.25,1882.8728637695312,0.0002107033816985,0.0,1,-1.27,1882.8735961914065,0.0001718042958464,0.0,1,-1.32,1882.87451171875,0.0001231804385314,0.0,1,-1.45,1882.873291015625,0.0001880122482848,0.0,1,-1.61,1882.8727416992188,0.0002171865626738,0.0,1,-1.72,1882.873046875,0.0002009786102355,0.0,1,-4.32,1882.869384765625,0.0003954740394956,0.0,1,-1000.0,471.744140625,0.0,0.0,0,9
ZINC000000349891,0.53,1882.8756103515625,6.483180975338822e-05,0.0,1,-0.47,1882.8765869140625,1.2966361950677644e-05,0.0,1,-0.89,1882.8768310546875,0.0,0.0,1,-1.16,1882.8757934570312,5.510703829037999e-05,0.0,1,-1.2,1882.8768310546875,0.0,0.0,1,-1.3,1882.8768310546875,0.0,0.0,1,-1.32,1882.8766479492188,9.724771463008234e-06,0.0,1,-1.63,1882.8768310546875,0.0,0.0,1,-1.74,1882.8768310546875,0.0,0.0,1,-1.76,1882.8768310546875,0.0,0.0,1,10
ZINC000000351348,-0.48,1882.8717651367188,0.0002690520104765,0.0,1,-0.55,1882.8729248046875,0.0002074617912108,0.0,1,-0.64,1882.8732299804688,0.0001912538387724,0.0,1,-0.66,1882.8727111816409,0.0002188073579176,0.0,1,-0.67,1882.8733215332031,0.0001863914530409,0.0,1,-0.68,1882.87353515625,0.0001750458863341,0.0,1,-0.86,1882.873291015625,0.0001880122482848,0.0,1,-0.89,1882.8713684082031,0.0002901223486464,0.0,1,-1.04,1882.87451171875,0.0001231804385314,0.0,1,-5.39,1882.8717041015625,0.0002722936009642,0.0,1,10
ZINC000000352221,-0.08,1882.874267578125,0.0001361468004821,0.0,1,-0.21,1882.8758544921875,5.186544780271058e-05,0.0,1,-0.52,1882.8768310546875,0.0,0.0,1,-0.67,1882.8768310546875,0.0,0.0,1,-0.69,1882.8768310546875,0.0,0.0,1,-0.7,1882.8759765625,4.538226682737176e-05,0.0,1,-0.77,1882.8768310546875,0.0,0.0,1,-1.2,1882.876037597656,4.214067633970235e-05,0.0,1,-1.3,1882.8766479492188,9.724771463008234e-06,0.0,1,-4.1,1882.8768310546875,0.0,0.0,1,10
ZINC000000352669,-0.23,1882.8768310546875,0.0,0.0,1,-0.31,1882.8768310546875,0.0,0.0,1,-0.34,1882.8768310546875,0.0,0.0,1,-0.78,1882.8768310546875,0.0,0.0,1,-1.11,1882.8768310546875,0.0,0.0,1,-1.14,1882.8768310546875,0.0,0.0,1,-1.34,1882.8768310546875,0.0,0.0,1,-1.47,1882.8768310546875,0.0,0.0,1,-1.87,1882.8768310546875,0.0,0.0,1,-2.43,1882.8768310546875,0.0,0.0,1,10
ZINC000000353029,-0.55,1882.8674926757808,0.0004959633446134,0.0,1,-0.59,1882.8667602539065,0.0005348624304654,0.0,1,-0.82,1882.8681640625,0.000460305849249,0.0,1,-0.97,1882.86669921875,0.0005381040209531,0.0,1,-1.01,1882.8674926757808,0.0004959633446134,0.0,1,-1.07,1882.8674926757808,0.0004959633446134,0.0,1,-1.11,1882.8670654296875,0.0005186544780271,0.0,1,-1.52,1882.8659057617188,0.0005802446972928,0.0,1,-1.61,1882.8658447265625,0.0005834862877804,0.0,1,-2.12,1882.8656616210933,0.0005932110592435,0.0,1,10
ZINC000000353734,-0.28,1882.8677978515625,0.000479755392175,0.0,1,-0.46,1882.8666381835933,0.0005413456114407,0.0,1,-0.53,1882.8665771484373,0.0005445872019284,0.0,1,-0.53,1882.867126464844,0.0005154128875394,0.0,1,-1.3,1882.867919921875,0.0004732722111997,0.0,1,-1.77,1882.8665771484373,0.0005445872019284,0.0,1,-1.94,1882.86572265625,0.0005899694687558,0.0,1,-2.16,1882.8658447265625,0.0005834862877804,0.0,1,-2.65,1882.868103027344,0.0004635474397367,0.0,1,-3.24,1882.8642578125,0.0006677676404598,0.0,1,10
ZINC000000355458,-0.01,1882.87060546875,0.0003306422297422,0.0,1,-0.2,1882.8724365234373,0.0002333945151121,0.0,1,-0.39,1882.8712158203125,0.0002982263248655,0.0,1,-0.43,1882.8715209960933,0.0002820183724272,0.0,1,-0.44,1882.8712768554688,0.0002949847343779,0.0,1,-0.75,1882.8699951171875,0.0003630581346189,0.0,1,-0.92,1882.8724365234373,0.0002333945151121,0.0,1,-1.47,1882.8724365234373,0.0002333945151121,0.0,1,-2.48,1882.8713989257808,0.0002885015534025,0.0,1,-2.79,1882.87353515625,0.0001750458863341,0.0,1,10
ZINC000000355680,-0.36,1882.8768310546875,0.0,0.0,1,-0.44,1882.8768310546875,0.0,0.0,1,-0.55,1882.8768310546875,0.0,0.0,1,-0.57,1882.8766479492188,9.724771463008234e-06,0.0,1,-0.65,1882.8768310546875,0.0,0.0,1,-0.81,1882.876708984375,6.483180975338823e-06,0.0,1,-1.72,1882.8768310546875,0.0,0.0,1,-2.1,1882.8768310546875,0.0,0.0,1,-2.43,1882.8768310546875,0.0,0.0,1,-5.21,1882.8768310546875,0.0,0.0,1,10
ZINC000000356841,-0.61,1882.8729248046875,0.0002074617912108,0.0,1,-0.69,1882.8729248046875,0.0002074617912108,0.0,1,-0.85,1882.8727416992188,0.0002171865626738,0.0,1,-0.92,1882.87158203125,0.0002787767819395,0.0,1,-1.59,1882.87255859375,0.0002269113341368,0.0,1,-1.66,1882.872314453125,0.0002398776960875,0.0,1,-1.75,1882.8720703125,0.0002528440580382,0.0,1,-2.02,1882.8736572265625,0.0001685627053588,0.0,1,-2.83,1882.8734130859373,0.0001815290673094,0.0,1,-5.37,1882.8768310546875,0.0,0.0,1,10
ZINC000000359503,-0.42,1882.8727416992188,0.0002171865626738,0.0,1,-0.46,1882.8714599609373,0.0002852599629149,0.0,1,-0.66,1882.8718872070312,0.0002625688295012,0.0,1,-0.74,1882.8713989257808,0.0002885015534025,0.0,1,-0.74,1882.8707885742188,0.0003209174582792,0.0,1,-0.81,1882.872131347656,0.0002496024675505,0.0,1,-1.09,1882.8705444335933,0.0003338838202299,0.0,1,-1.18,1882.8704223632808,0.0003403670012052,0.0,1,-1.37,1882.8709106445312,0.0003144342773039,0.0,1,-2.51,1882.8709716796875,0.0003111926868162,0.0,1,10
ZINC000000359732,-0.68,1882.872009277344,0.0002560856485258,0.0,1,-1.01,1882.8734741210933,0.0001782874768218,0.0,1,-1.26,1882.871337890625,0.0002917431438902,0.0,1,-1.34,1882.8732299804688,0.0001912538387724,0.0,1,-1.36,1882.8705444335933,0.0003338838202299,0.0,1,-1.43,1882.872314453125,0.0002398776960875,0.0,1,-1.48,1882.8732299804688,0.0001912538387724,0.0,1,-1.52,1882.8724365234373,0.0002333945151121,0.0,1,-1.85,1882.870849609375,0.0003176758677916,0.0,1,-2.68,1882.870056152344,0.0003598165441313,0.0,1,10
ZINC000000360040,-0.2,1882.870361328125,0.0003436085916929,0.0,1,-0.21,1882.8699951171875,0.0003630581346189,0.0,1,-0.5,1882.870849609375,0.0003176758677916,0.0,1,-0.54,1882.870849609375,0.0003176758677916,0.0,1,-0.68,1882.8706665039065,0.0003274006392546,0.0,1,-0.83,1882.8699951171875,0.0003630581346189,0.0,1,-1.18,1882.8705444335933,0.0003338838202299,0.0,1,-1.24,1882.8703002929688,0.0003468501821806,0.0,1,-1.26,1882.8720703125,0.0002528440580382,0.0,1,-1.78,1882.870849609375,0.0003176758677916,0.0,1,10
ZINC000000361377,-0.55,1882.87060546875,0.0003306422297422,0.0,1,-0.7,1882.86962890625,0.0003825076775449,0.0,1,-0.83,1882.8690185546875,0.0004149235824216,0.0,1,-0.91,1882.86865234375,0.0004343731253477,0.0,1,-0.96,1882.870361328125,0.0003436085916929,0.0,1,-1.02,1882.8670043945312,0.0005218960685147,0.0,1,-1.05,1882.8684692382808,0.0004440978968107,0.0,1,-1.06,1882.8709106445312,0.0003144342773039,0.0,1,-1.08,1882.8683471679688,0.000450581077786,0.0,1,-1.18,1882.8671875,0.0005121712970517,0.0,1,10
ZINC000000363230,-0.76,1882.8751831054688,8.75229431670741e-05,0.0,1,-0.97,1882.875457763672,7.293578597256175e-05,0.0,1,-1.01,1882.874755859375,0.0001102140765807,0.0,1,-1.08,1882.8759765625,4.538226682737176e-05,0.0,1,-1.09,1882.8760986328125,3.8899085852032936e-05,0.0,1,-1.24,1882.8743286132808,0.0001329052099944,0.0,1,-1.82,1882.8744506835933,0.0001264220290191,0.0,1,-2.75,1882.875732421875,5.83486287780494e-05,0.0,1,-3.06,1882.8744506835933,0.0001264220290191,0.0,1,-5.64,1882.87646484375,1.9449542926016468e-05,0.0,1,10
ZINC000000366897,-0.15,1882.873107910156,0.0001977370197478,0.0,1,-0.22,1882.8745727539065,0.0001199388480437,0.0,1,-0.24,1882.873779296875,0.0001620795243834,0.0,1,-0.25,1882.8744506835933,0.0001264220290191,0.0,1,-0.29,1882.872314453125,0.0002398776960875,0.0,1,-0.35,1882.8743286132808,0.0001329052099944,0.0,1,-0.43,1882.8744506835933,0.0001264220290191,0.0,1,-0.46,1882.8751220703125,9.076453365474352e-05,0.0,1,-0.95,1882.8744506835933,0.0001264220290191,0.0,1,-1.06,1882.8737487792969,0.0001637003196273,0.0,1,10
ZINC000000367030,-0.35,1882.8717041015625,0.0002722936009642,0.0,1,-0.42,1882.8707885742188,0.0003209174582792,0.0,1,-0.56,1882.8688354492188,0.0004246483538846,0.0,1,-0.83,1882.8712158203125,0.0002982263248655,0.0,1,-0.87,1882.8681640625,0.000460305849249,0.0,1,-0.98,1882.870361328125,0.0003436085916929,0.0,1,-1.12,1882.87158203125,0.0002787767819395,0.0,1,-1.14,1882.87109375,0.0003047095058409,0.0,1,-1.25,1882.869384765625,0.0003954740394956,0.0,1,-1.32,1882.8699951171875,0.0003630581346189,0.0,1,10
ZINC000000367904,0.16,1882.869201660156,0.0004051988109586,0.0,1,-0.2,1882.86572265625,0.0005899694687558,0.0,1,-0.37,1882.8681640625,0.000460305849249,0.0,1,-0.57,1882.868408203125,0.0004473394872983,0.0,1,-0.58,1882.8673095703125,0.0005056881160764,0.0,1,-0.63,1882.8674926757808,0.0004959633446134,0.0,1,-0.69,1882.8677978515625,0.000479755392175,0.0,1,-0.8,1882.867919921875,0.0004732722111997,0.0,1,-0.82,1882.8687744140625,0.0004278899443723,0.0,1,-2.95,1882.8670043945312,0.0005218960685147,0.0,1,10
ZINC000000368349,-0.49,1882.86962890625,0.0003825076775449,0.0,1,-0.63,1882.8684692382808,0.0004440978968107,0.0,1,-0.9,1882.8675537109373,0.0004927217541257,0.0,1,-1.05,1882.867431640625,0.000499204935101,0.0,1,-1.08,1882.8706665039065,0.0003274006392546,0.0,1,-1.09,1882.8676147460933,0.000489480163638,0.0,1,-1.36,1882.869079589844,0.000411681991934,0.0,1,-1.83,1882.8693237304688,0.0003987156299833,0.0,1,-2.33,1882.868408203125,0.0004473394872983,0.0,1,-2.65,1882.869079589844,0.000411681991934,0.0,1,10
ZINC000000372267,-0.1,1882.8694458007808,0.0003922324490079,0.0,1,-0.11,1882.8697509765625,0.0003760244965696,0.0,1,-0.13,1882.870361328125,0.0003436085916929,0.0,1,-0.43,1882.8726196289065,0.0002236697436491,0.0,1,-0.46,1882.8719787597656,0.0002577064437697,0.0,1,-0.83,1882.86865234375,0.0004343731253477,0.0,1,-0.84,1882.8691101074216,0.0004100611966901,0.0,1,-1.07,1882.8695678710933,0.0003857492680326,0.0,1,-1.35,1882.869171142578,0.0004068196062025,0.0,1,-1.8,1882.8672790527344,0.0005073089113202,0.0,1,10
ZINC000000372438,-0.22,1882.8700866699216,0.0003581957488874,0.0,1,-0.24,1882.87060546875,0.0003306422297422,0.0,1,-0.65,1882.8695678710933,0.0003857492680326,0.0,1,-0.72,1882.8709716796875,0.0003111926868162,0.0,1,-0.75,1882.8710632324216,0.0003063303010847,0.0,1,-0.8,1882.8707275390625,0.0003241590487669,0.0,1,-1.4,1882.8701171875,0.0003565749536436,0.0,1,-1.72,1882.868225097656,0.0004570642587613,0.0,1,-2.36,1882.8693542480469,0.0003970948347395,0.0,1,-3.56,1882.8692932128904,0.0004003364252271,0.0,1,10
ZINC000000372856,-0.06,1882.8712768554688,0.0002949847343779,0.0,1,-0.29,1882.8733520507808,0.0001847706577971,0.0,1,-0.44,1882.8733520507808,0.0001847706577971,0.0,1,-0.45,1882.871154785156,0.0003014679153532,0.0,1,-0.85,1882.8721923828125,0.0002463608770628,0.0,1,-0.86,1882.8727416992188,0.0002171865626738,0.0,1,-0.89,1882.871337890625,0.0002917431438902,0.0,1,-1.04,1882.8740234375,0.0001491131624327,0.0,1,-2.27,1882.8715209960933,0.0002820183724272,0.0,1,-3.16,1882.8726806640625,0.0002204281531615,0.0,1,10
ZINC000000372872,-0.18,1882.8677368164065,0.0004829969826627,0.0,1,-0.33,1882.86767578125,0.0004862385731504,0.0,1,-0.35,1882.8680419921875,0.0004667890302243,0.0,1,-0.39,1882.86865234375,0.0004343731253477,0.0,1,-0.41,1882.8682861328125,0.0004538226682737,0.0,1,-0.6,1882.8685302734373,0.000440856306323,0.0,1,-0.83,1882.869079589844,0.000411681991934,0.0,1,-0.97,1882.8673095703125,0.0005056881160764,0.0,1,-1.06,1882.8705444335933,0.0003338838202299,0.0,1,-1.31,1882.86962890625,0.0003825076775449,0.0,1,10
ZINC000000374221,-0.43,1882.872802734375,0.0002139449721861,0.0,1,-0.77,1882.872314453125,0.0002398776960875,0.0,1,-0.96,1882.871826171875,0.0002658104199888,0.0,1,-1.05,1882.8724975585933,0.0002301529246245,0.0,1,-1.08,1882.8732299804688,0.0001912538387724,0.0,1,-1.21,1882.87060546875,0.0003306422297422,0.0,1,-1.36,1882.8697509765625,0.0003760244965696,0.0,1,-1.51,1882.8699340820312,0.0003662997251066,0.0,1,-1.94,1882.8726806640625,0.0002204281531615,0.0,1,-2.99,1882.8715209960933,0.0002820183724272,0.0,1,10
ZINC000000376501,0.28,1882.8768310546875,0.0,0.0,1,0.26,1882.8768310546875,0.0,0.0,1,-0.0,1882.8766784667969,8.103976219173527e-06,0.0,1,-0.85,1882.8768310546875,0.0,0.0,1,-0.86,1882.8768310546875,0.0,0.0,1,-1.37,1882.8768310546875,0.0,0.0,1,-1.44,1882.876739501953,4.862385731504117e-06,0.0,1,-2.14,1882.8768310546875,0.0,0.0,1,-2.21,1882.8768310546875,0.0,0.0,1,-2.62,1882.8768310546875,0.0,0.0,1,10
ZINC000000380520,-0.38,1882.8665771484373,0.0005445872019284,0.0,1,-0.42,1882.86865234375,0.0004343731253477,0.0,1,-0.42,1882.869201660156,0.0004051988109586,0.0,1,-0.57,1882.8674926757808,0.0004959633446134,0.0,1,-0.58,1882.869079589844,0.000411681991934,0.0,1,-0.64,1882.8695068359373,0.0003889908585203,0.0,1,-0.69,1882.8665771484373,0.0005445872019284,0.0,1,-0.71,1882.8683471679688,0.000450581077786,0.0,1,-1.24,1882.8689575195312,0.0004181651729093,0.0,1,-1.29,1882.8655395507808,0.0005996942402188,0.0,1,10
ZINC000000381764,-0.71,1882.872802734375,0.0002139449721861,0.0,1,-0.74,1882.8727416992188,0.0002171865626738,0.0,1,-0.75,1882.8720703125,0.0002528440580382,0.0,1,-0.81,1882.873779296875,0.0001620795243834,0.0,1,-0.91,1882.873046875,0.0002009786102355,0.0,1,-1.29,1882.8744506835933,0.0001264220290191,0.0,1,-1.63,1882.8748168945312,0.000106972486093,0.0,1,-1.8,1882.8723754882808,0.0002366361055998,0.0,1,-2.6,1882.8714599609373,0.0002852599629149,0.0,1,-2.83,1882.8743896484373,0.0001296636195067,0.0,1,10
ZINC000000381971,-0.12,1882.8685302734373,0.000440856306323,0.0,1,-0.4,1882.8695678710933,0.0003857492680326,0.0,1,-0.71,1882.8685913085933,0.0004376147158353,0.0,1,-0.94,1882.86767578125,0.0004862385731504,0.0,1,-1.04,1882.8677368164065,0.0004829969826627,0.0,1,-1.12,1882.8675537109373,0.0004927217541257,0.0,1,-1.13,1882.8704223632808,0.0003403670012052,0.0,1,-1.32,1882.8709106445312,0.0003144342773039,0.0,1,-1.6,1882.87109375,0.0003047095058409,0.0,1,-1000.0,471.744140625,0.0,0.0,0,9
ZINC000000385356,-0.18,1882.8668212890625,0.0005316208399777,0.0,1,-0.35,1882.8658447265625,0.0005834862877804,0.0,1,-0.43,1882.8670654296875,0.0005186544780271,0.0,1,-0.43,1882.8674926757808,0.0004959633446134,0.0,1,-0.58,1882.86669921875,0.0005381040209531,0.0,1,-0.58,1882.8676147460933,0.000489480163638,0.0,1,-0.78,1882.8663330078125,0.0005575535638791,0.0,1,-1.03,1882.867431640625,0.000499204935101,0.0,1,-1.13,1882.86669921875,0.0005381040209531,0.0,1,-1.93,1882.8660888671875,0.0005705199258298,0.0,1,10
ZINC000000385371,-0.47,1882.8736572265625,0.0001685627053588,0.0,1,-0.82,1882.8724365234373,0.0002333945151121,0.0,1,-0.88,1882.8704223632808,0.0003403670012052,0.0,1,-1.06,1882.871337890625,0.0002917431438902,0.0,1,-1.13,1882.8701171875,0.0003565749536436,0.0,1,-1.17,1882.8717041015625,0.0002722936009642,0.0,1,-1.27,1882.872131347656,0.0002496024675505,0.0,1,-1.43,1882.8734130859373,0.0001815290673094,0.0,1,-1.51,1882.871032714844,0.0003079510963285,0.0,1,-1000.0,471.744140625,0.0,0.0,0,9
ZINC000000385410,-0.16,1882.8670654296875,0.0005186544780271,0.0,1,-0.29,1882.865234375,0.0006159021926571,0.0,1,-0.32,1882.8646240234373,0.0006483180975338,0.0,1,-0.55,1882.865173339844,0.0006191437831448,0.0,1,-0.61,1882.8644409179688,0.0006580428689968,0.0,1,-0.72,1882.8646850585933,0.0006450765070462,0.0,1,-0.72,1882.8663940429688,0.0005543119733914,0.0,1,-1.13,1882.864990234375,0.0006288685546078,0.0,1,-1.35,1882.8653564453125,0.0006094190116818,0.0,1,-1.6,1882.8644409179688,0.0006580428689968,0.0,1,10
ZINC000000386169,0.04,1882.8662109375,0.0005640367448544,0.0,1,-0.11,1882.8629760742188,0.0007358410407009,0.0,1,-0.4,1882.8648681640625,0.0006353517355832,0.0,1,-0.42,1882.865295410156,0.0006126606021695,0.0,1,-0.45,1882.8642578125,0.0006677676404598,0.0,1,-0.54,1882.8626098632808,0.0007552905836269,0.0,1,-0.59,1882.8643798828125,0.0006612844594845,0.0,1,-0.62,1882.8644409179688,0.0006580428689968,0.0,1,-0.67,1882.8642578125,0.0006677676404598,0.0,1,-0.95,1882.863220214844,0.0007228746787502,0.0,1,10
ZINC000000386201,0.03,1882.8768310546875,0.0,0.0,1,-0.48,1882.8768310546875,0.0,0.0,1,-0.53,1882.8768310546875,0.0,0.0,1,-0.62,1882.8768310546875,0.0,0.0,1,-0.64,1882.8768310546875,0.0,0.0,1,-0.73,1882.8768310546875,0.0,0.0,1,-0.74,1882.8768310546875,0.0,0.0,1,-0.86,1882.8768310546875,0.0,0.0,1,-0.87,1882.8768310546875,0.0,0.0,1,-5.62,1882.8768310546875,0.0,0.0,1,10
ZINC000000386209,-0.21,1882.8768310546875,0.0,0.0,1,-0.22,1882.8768310546875,0.0,0.0,1,-0.25,1882.8768310546875,0.0,0.0,1,-0.28,1882.8762817382808,2.91743143890247e-05,0.0,1,-0.29,1882.8768310546875,0.0,0.0,1,-0.33,1882.8768310546875,0.0,0.0,1,-0.5,1882.8768310546875,0.0,0.0,1,-0.73,1882.8768310546875,0.0,0.0,1,-1.3,1882.8765869140625,1.2966361950677644e-05,0.0,1,-3.05,1882.8739013671875,0.0001555963434081,0.0,1,10
ZINC000000386498,-0.37,1882.8704833984373,0.0003371254107176,0.0,1,-0.47,1882.870849609375,0.0003176758677916,0.0,1,-0.68,1882.8706665039065,0.0003274006392546,0.0,1,-0.73,1882.8693237304688,0.0003987156299833,0.0,1,-0.76,1882.871826171875,0.0002658104199888,0.0,1,-0.91,1882.87109375,0.0003047095058409,0.0,1,-1.03,1882.8690185546875,0.0004149235824216,0.0,1,-1.45,1882.8667602539065,0.0005348624304654,0.0,1,-1.75,1882.8673095703125,0.0005056881160764,0.0,1,-2.03,1882.868225097656,0.0004570642587613,0.0,1,10
ZINC000000386561,-0.51,1882.871826171875,0.0002658104199888,0.0,1,-0.56,1882.8726806640625,0.0002204281531615,0.0,1,-0.77,1882.8740234375,0.0001491131624327,0.0,1,-1.05,1882.8731689453125,0.0001944954292601,0.0,1,-1.16,1882.87353515625,0.0001750458863341,0.0,1,-1.2,1882.873962402344,0.0001523547529204,0.0,1,-1.27,1882.872802734375,0.0002139449721861,0.0,1,-1.52,1882.8714599609373,0.0002852599629149,0.0,1,-2.4,1882.8732299804688,0.0001912538387724,0.0,1,-2.71,1882.8724365234373,0.0002333945151121,0.0,1,10
ZINC000000387107,-0.85,1882.8699951171875,0.0003630581346189,0.0,1,-0.87,1882.8680419921875,0.0004667890302243,0.0,1,-0.96,1882.87060546875,0.0003306422297422,0.0,1,-1.04,1882.867126464844,0.0005154128875394,0.0,1,-1.21,1882.8687744140625,0.0004278899443723,0.0,1,-1.3,1882.8681640625,0.000460305849249,0.0,1,-1.38,1882.8665161132808,0.0005478287924161,0.0,1,-1.54,1882.8654174804688,0.0006061774211941,0.0,1,-2.05,1882.865295410156,0.0006126606021695,0.0,1,-1000.0,471.744140625,0.0,0.0,0,9
ZINC000000387294,-0.45,1882.8768310546875,0.0,0.0,1,-0.47,1882.8768310546875,0.0,0.0,1,-0.55,1882.8768310546875,0.0,0.0,1,-0.65,1882.8768310546875,0.0,0.0,1,-0.66,1882.8768310546875,0.0,0.0,1,-0.69,1882.8768310546875,0.0,0.0,1,-0.7,1882.8768310546875,0.0,0.0,1,-0.85,1882.8768310546875,0.0,0.0,1,-2.44,1882.8768310546875,0.0,0.0,1,-3.25,1882.8768310546875,0.0,0.0,1,10
ZINC000000387594,-0.28,1882.86572265625,0.0005899694687558,0.0,1,-0.46,1882.8673095703125,0.0005056881160764,0.0,1,-0.55,1882.8662109375,0.0005640367448544,0.0,1,-0.66,1882.8663330078125,0.0005575535638791,0.0,1,-1.17,1882.8668212890625,0.0005316208399777,0.0,1,-1.2,1882.8651123046875,0.0006223853736325,0.0,1,-1.22,1882.8665161132808,0.0005478287924161,0.0,1,-1.58,1882.8656005859373,0.0005964526497311,0.0,1,-2.7,1882.8653564453125,0.0006094190116818,0.0,1,-2.77,1882.864318847656,0.0006645260499722,0.0,1,10
ZINC000000388783,-0.05,1882.870849609375,0.0003176758677916,0.0,1,-0.08,1882.8701171875,0.0003565749536436,0.0,1,-0.29,1882.8697509765625,0.0003760244965696,0.0,1,-0.31,1882.8695068359373,0.0003889908585203,0.0,1,-0.34,1882.8704833984373,0.0003371254107176,0.0,1,-0.39,1882.8704833984373,0.0003371254107176,0.0,1,-0.45,1882.8704833984373,0.0003371254107176,0.0,1,-1.03,1882.8712768554688,0.0002949847343779,0.0,1,-2.11,1882.8693237304688,0.0003987156299833,0.0,1,-2.38,1882.87158203125,0.0002787767819395,0.0,1,10
ZINC000000390632,-0.56,1882.8726806640625,0.0002204281531615,0.0,1,-0.66,1882.8684692382808,0.0004440978968107,0.0,1,-0.8,1882.868408203125,0.0004473394872983,0.0,1,-0.97,1882.866943359375,0.0005251376590024,0.0,1,-1.28,1882.869140625,0.0004084404014463,0.0,1,-1.29,1882.869384765625,0.0003954740394956,0.0,1,-1.56,1882.8699340820312,0.0003662997251066,0.0,1,-1.67,1882.8699951171875,0.0003630581346189,0.0,1,-2.7,1882.86865234375,0.0004343731253477,0.0,1,-3.19,1882.868103027344,0.0004635474397367,0.0,1,10
ZINC000000390676,-0.56,1882.8712158203125,0.0002982263248655,0.0,1,-0.61,1882.8702392578125,0.0003500917726682,0.0,1,-0.73,1882.8695068359373,0.0003889908585203,0.0,1,-0.87,1882.867645263672,0.0004878593683942,0.0,1,-0.9,1882.8699951171875,0.0003630581346189,0.0,1,-0.92,1882.868103027344,0.0004635474397367,0.0,1,-1.18,1882.867919921875,0.0004732722111997,0.0,1,-1.19,1882.875396728516,7.617737646023117e-05,0.0,1,-1.54,1882.8693237304688,0.0003987156299833,0.0,1,-1.7,1882.8685913085933,0.0004376147158353,0.0,1,10
ZINC000000397971,-0.33,1882.8694458007808,0.0003922324490079,0.0,1,-0.34,1882.866943359375,0.0005251376590024,0.0,1,-0.49,1882.8668823242188,0.0005283792494901,0.0,1,-0.52,1882.8682861328125,0.0004538226682737,0.0,1,-0.56,1882.8677978515625,0.000479755392175,0.0,1,-0.57,1882.8690185546875,0.0004149235824216,0.0,1,-0.58,1882.8674926757808,0.0004959633446134,0.0,1,-0.63,1882.868225097656,0.0004570642587613,0.0,1,-0.84,1882.868225097656,0.0004570642587613,0.0,1,-1.8,1882.8663330078125,0.0005575535638791,0.0,1,10
ZINC000000398011,-0.2,1882.8705444335933,0.0003338838202299,0.0,1,-0.43,1882.873107910156,0.0001977370197478,0.0,1,-0.55,1882.87109375,0.0003047095058409,0.0,1,-0.62,1882.8696899414065,0.0003792660870573,0.0,1,-1.01,1882.8709716796875,0.0003111926868162,0.0,1,-1.06,1882.8727416992188,0.0002171865626738,0.0,1,-1.13,1882.872528076172,0.0002285321293806,0.0,1,-1.45,1882.874481201172,0.0001248012337752,0.0,1,-1.83,1882.8701171875,0.0003565749536436,0.0,1,-2.26,1882.873077392578,0.0001993578149916,0.0,1,10
ZINC000000398450,-0.49,1882.86962890625,0.0003825076775449,0.0,1,-0.58,1882.8695678710933,0.0003857492680326,0.0,1,-0.64,1882.871032714844,0.0003079510963285,0.0,1,-0.7,1882.8714599609373,0.0002852599629149,0.0,1,-0.86,1882.8704833984373,0.0003371254107176,0.0,1,-0.93,1882.8685302734373,0.000440856306323,0.0,1,-0.97,1882.868408203125,0.0004473394872983,0.0,1,-1.0,1882.871032714844,0.0003079510963285,0.0,1,-2.18,1882.869873046875,0.0003695413155943,0.0,1,-2.27,1882.8685302734373,0.000440856306323,0.0,1,10
ZINC000000398952,-0.45,1882.8685302734373,0.000440856306323,0.0,1,-0.46,1882.870178222656,0.0003533333631559,0.0,1,-0.54,1882.8685302734373,0.000440856306323,0.0,1,-0.54,1882.869384765625,0.0003954740394956,0.0,1,-0.55,1882.8699951171875,0.0003630581346189,0.0,1,-0.61,1882.870361328125,0.0003436085916929,0.0,1,-0.66,1882.8698120117188,0.0003727829060819,0.0,1,-0.75,1882.8692626953125,0.000401957220471,0.0,1,-0.77,1882.870056152344,0.0003598165441313,0.0,1,-1.37,1882.8709106445312,0.0003144342773039,0.0,1,10
ZINC000000399527,0.06,1882.86669921875,0.0005381040209531,0.0,1,-0.09,1882.8674926757808,0.0004959633446134,0.0,1,-0.11,1882.8670654296875,0.0005186544780271,0.0,1,-0.19,1882.86767578125,0.0004862385731504,0.0,1,-0.31,1882.867431640625,0.000499204935101,0.0,1,-0.53,1882.8654174804688,0.0006061774211941,0.0,1,-0.76,1882.869384765625,0.0003954740394956,0.0,1,-1.02,1882.8673706054688,0.0005024465255887,0.0,1,-1.5,1882.8653564453125,0.0006094190116818,0.0,1,-3.61,1882.869201660156,0.0004051988109586,0.0,1,10
ZINC000000399640,-0.18,1882.8729248046875,0.0002074617912108,0.0,1,-0.6,1882.874267578125,0.0001361468004821,0.0,1,-0.69,1882.8755493164065,6.807340024105763e-05,0.0,1,-0.93,1882.8718872070312,0.0002625688295012,0.0,1,-1.13,1882.8740234375,0.0001491131624327,0.0,1,-1.15,1882.873291015625,0.0001880122482848,0.0,1,-1.2,1882.8709716796875,0.0003111926868162,0.0,1,-1.39,1882.871826171875,0.0002658104199888,0.0,1,-1.64,1882.8731689453125,0.0001944954292601,0.0,1,-1.71,1882.8736572265625,0.0001685627053588,0.0,1,10
ZINC000000400452,-0.04,1882.8709106445312,0.0003144342773039,0.0,1,-0.12,1882.8726806640625,0.0002204281531615,0.0,1,-0.29,1882.8693237304688,0.0003987156299833,0.0,1,-0.39,1882.869384765625,0.0003954740394956,0.0,1,-0.41,1882.869140625,0.0004084404014463,0.0,1,-0.47,1882.869873046875,0.0003695413155943,0.0,1,-0.59,1882.869201660156,0.0004051988109586,0.0,1,-0.77,1882.868896484375,0.000421406763397,0.0,1,-0.99,1882.8692626953125,0.000401957220471,0.0,1,-5.27,1882.870178222656,0.0003533333631559,0.0,1,10
ZINC000000401160,-0.4,1882.8768310546875,0.0,0.0,1,-0.53,1882.8768310546875,0.0,0.0,1,-0.68,1882.8768310546875,0.0,0.0,1,-0.94,1882.8768310546875,0.0,0.0,1,-1.0,1882.8768310546875,0.0,0.0,1,-1.24,1882.8768310546875,0.0,0.0,1,-2.67,1882.8768310546875,0.0,0.0,1,-2.68,1882.8768310546875,0.0,0.0,1,-1000.0,471.744140625,0.0,0.0,0,-1000.0,471.744140625,0.0,0.0,0,8
ZINC000000401882,-0.77,1882.872009277344,0.0002560856485258,0.0,1,-0.84,1882.87240600586,0.000235015310356,0.0,1,-0.88,1882.8733520507808,0.0001847706577971,0.0,1,-1.11,1882.8718872070312,0.0002625688295012,0.0,1,-1.24,1882.87353515625,0.0001750458863341,0.0,1,-1.28,1882.872314453125,0.0002398776960875,0.0,1,-1.52,1882.8738403320312,0.0001588379338958,0.0,1,-1.72,1882.8722534179688,0.0002431192865752,0.0,1,-2.77,1882.8737487792969,0.0001637003196273,0.0,1,-3.41,1882.873046875,0.0002009786102355,0.0,1,10
ZINC000000406068,-0.52,1882.8768310546875,0.0,0.0,1,-0.54,1882.8768310546875,0.0,0.0,1,-0.66,1882.8768310546875,0.0,0.0,1,-0.73,1882.8768310546875,0.0,0.0,1,-0.82,1882.8768310546875,0.0,0.0,1,-1.76,1882.8768310546875,0.0,0.0,1,-1.97,1882.8768310546875,0.0,0.0,1,-2.29,1882.8768310546875,0.0,0.0,1,-2.62,1882.8768310546875,0.0,0.0,1,-3.08,1882.8768310546875,0.0,0.0,1,10
ZINC000000407463,-0.14,1882.870635986328,0.0003290214344984,0.0,1,-0.29,1882.870513916016,0.0003355046154737,0.0,1,-0.32,1882.8713073730469,0.000293363939134,0.0,1,-0.33,1882.8707885742188,0.0003209174582792,0.0,1,-0.4,1882.871124267578,0.000303088710597,0.0,1,-0.41,1882.8719482421875,0.0002593272390135,0.0,1,-0.43,1882.872009277344,0.0002560856485258,0.0,1,-0.59,1882.8712463378904,0.0002966055296217,0.0,1,-1.19,1882.8701171875,0.0003565749536436,0.0,1,-1.23,1882.871856689453,0.000264189624745,0.0,1,10
ZINC000000410777,-0.09,1882.870056152344,0.0003598165441313,0.0,1,-0.13,1882.8685302734373,0.000440856306323,0.0,1,-0.25,1882.868225097656,0.0004570642587613,0.0,1,-0.47,1882.870361328125,0.0003436085916929,0.0,1,-0.58,1882.870056152344,0.0003598165441313,0.0,1,-0.59,1882.87060546875,0.0003306422297422,0.0,1,-1.27,1882.865966796875,0.0005770031068051,0.0,1,-1.87,1882.8676147460933,0.000489480163638,0.0,1,-2.4,1882.8690185546875,0.0004149235824216,0.0,1,-2.94,1882.8695678710933,0.0003857492680326,0.0,1,10
ZINC000000410895,-0.41,1882.871826171875,0.0002658104199888,0.0,1,-0.63,1882.8723754882808,0.0002366361055998,0.0,1,-0.73,1882.873291015625,0.0001880122482848,0.0,1,-0.75,1882.8728637695312,0.0002107033816985,0.0,1,-0.8,1882.8712158203125,0.0002982263248655,0.0,1,-0.84,1882.872314453125,0.0002398776960875,0.0,1,-0.86,1882.871337890625,0.0002917431438902,0.0,1,-0.93,1882.8709716796875,0.0003111926868162,0.0,1,-1.11,1882.8712768554688,0.0002949847343779,0.0,1,-1.69,1882.868896484375,0.000421406763397,0.0,1,10
ZINC000000412269,-0.21,1882.8666381835933,0.0005413456114407,0.0,1,-0.33,1882.867126464844,0.0005154128875394,0.0,1,-0.36,1882.86572265625,0.0005899694687558,0.0,1,-0.44,1882.8648071289065,0.0006385933260708,0.0,1,-0.46,1882.866271972656,0.0005607951543668,0.0,1,-0.51,1882.8648071289065,0.0006385933260708,0.0,1,-0.69,1882.8656005859373,0.0005964526497311,0.0,1,-2.15,1882.8653564453125,0.0006094190116818,0.0,1,-3.54,1882.8663330078125,0.0005575535638791,0.0,1,-5.6,1882.8670043945312,0.0005218960685147,0.0,1,10
ZINC000000412297,-0.74,1882.8706665039065,0.0003274006392546,0.0,1,-1.02,1882.871032714844,0.0003079510963285,0.0,1,-1.06,1882.8695678710933,0.0003857492680326,0.0,1,-1.07,1882.869384765625,0.0003954740394956,0.0,1,-1.16,1882.869873046875,0.0003695413155943,0.0,1,-1.22,1882.869873046875,0.0003695413155943,0.0,1,-1.59,1882.871154785156,0.0003014679153532,0.0,1,-1.69,1882.87060546875,0.0003306422297422,0.0,1,-2.6,1882.87158203125,0.0002787767819395,0.0,1,-3.26,1882.8709716796875,0.0003111926868162,0.0,1,10
ZINC000000412943,-0.74,1882.8684692382808,0.0004440978968107,0.0,1,-0.95,1882.8678588867188,0.0004765138016874,0.0,1,-1.1,1882.869140625,0.0004084404014463,0.0,1,-1.1,1882.867919921875,0.0004732722111997,0.0,1,-1.16,1882.870178222656,0.0003533333631559,0.0,1,-1.25,1882.8704223632808,0.0003403670012052,0.0,1,-1.39,1882.8702392578125,0.0003500917726682,0.0,1,-1.69,1882.8683471679688,0.000450581077786,0.0,1,-1.7,1882.869079589844,0.000411681991934,0.0,1,-2.63,1882.868408203125,0.0004473394872983,0.0,1,10
ZINC000000413857,-0.56,1882.8689575195312,0.0004181651729093,0.0,1,-0.57,1882.8683471679688,0.000450581077786,0.0,1,-0.85,1882.8694458007808,0.0003922324490079,0.0,1,-0.87,1882.8704223632808,0.0003403670012052,0.0,1,-0.89,1882.86962890625,0.0003825076775449,0.0,1,-0.89,1882.8696899414065,0.0003792660870573,0.0,1,-0.96,1882.8704223632808,0.0003403670012052,0.0,1,-0.99,1882.8697509765625,0.0003760244965696,0.0,1,-1.02,1882.86962890625,0.0003825076775449,0.0,1,-1.07,1882.8712158203125,0.0002982263248655,0.0,1,10
ZINC000000414026,-0.77,1882.8692626953125,0.000401957220471,0.0,1,-0.8,1882.8697509765625,0.0003760244965696,0.0,1,-0.8,1882.8709716796875,0.0003111926868162,0.0,1,-0.99,1882.8688354492188,0.0004246483538846,0.0,1,-1.39,1882.8701171875,0.0003565749536436,0.0,1,-1.8,1882.870178222656,0.0003533333631559,0.0,1,-2.18,1882.8705444335933,0.0003338838202299,0.0,1,-2.21,1850.4727783203125,1.7209863226275917,8.695652173913043,1,-3.5,1882.869079589844,0.000411681991934,0.0,1,-4.14,1882.86767578125,0.0004862385731504,0.0,1,10
ZINC000000415490,-0.58,1882.87060546875,0.0003306422297422,0.0,1,-0.73,1882.8712768554688,0.0002949847343779,0.0,1,-0.78,1882.8699340820312,0.0003662997251066,0.0,1,-0.83,1882.870178222656,0.0003533333631559,0.0,1,-0.84,1882.87060546875,0.0003306422297422,0.0,1,-0.87,1882.8709716796875,0.0003111926868162,0.0,1,-0.98,1882.8702392578125,0.0003500917726682,0.0,1,-1.39,1882.8704833984373,0.0003371254107176,0.0,1,-1.58,1882.8729248046875,0.0002074617912108,0.0,1,-2.57,1882.871154785156,0.0003014679153532,0.0,1,10
ZINC000000418136,-0.58,1882.8688354492188,0.0004246483538846,0.0,1,-0.75,1882.8694458007808,0.0003922324490079,0.0,1,-0.85,1882.8709716796875,0.0003111926868162,0.0,1,-0.9,1882.870056152344,0.0003598165441313,0.0,1,-1.26,1882.870361328125,0.0003436085916929,0.0,1,-1.28,1882.870178222656,0.0003533333631559,0.0,1,-1.34,1882.8714599609373,0.0002852599629149,0.0,1,-1.84,1882.8690185546875,0.0004149235824216,0.0,1,-1.9,1882.870178222656,0.0003533333631559,0.0,1,-3.56,1882.8694458007808,0.0003922324490079,0.0,1,10
ZINC000000422297,0.21,1882.8723754882808,0.0002366361055998,0.0,1,0.2,1882.871826171875,0.0002658104199888,0.0,1,0.03,1882.872314453125,0.0002398776960875,0.0,1,-0.15,1882.8694458007808,0.0003922324490079,0.0,1,-0.91,1882.8718872070312,0.0002625688295012,0.0,1,-1.13,1882.8757934570312,5.510703829037999e-05,0.0,1,-2.03,1882.8703002929688,0.0003468501821806,0.0,1,-2.33,1882.8729248046875,0.0002074617912108,0.0,1,-3.86,1882.872009277344,0.0002560856485258,0.0,1,-5.5,1882.8722534179688,0.0002431192865752,0.0,1,10
ZINC000000423503,-0.67,1882.8748168945312,0.000106972486093,0.0,1,-1.08,1882.8758850097656,5.024465255887588e-05,0.0,1,-1.16,1882.8768310546875,0.0,0.0,1,-1.19,1882.8768310546875,0.0,0.0,1,-1.22,1882.8768310546875,0.0,0.0,1,-1.35,1882.8768310546875,0.0,0.0,1,-1.68,1882.8768310546875,0.0,0.0,1,-1.96,1882.8766479492188,9.724771463008234e-06,0.0,1,-2.51,1882.8751220703125,9.076453365474352e-05,0.0,1,-3.32,1882.8749084472656,0.0001021101003615,0.0,1,10
ZINC000000423650,-0.11,1882.8732299804688,0.0001912538387724,0.0,1,-0.15,1882.872802734375,0.0002139449721861,0.0,1,-0.26,1882.8731689453125,0.0001944954292601,0.0,1,-0.34,1882.872314453125,0.0002398776960875,0.0,1,-0.42,1882.8734130859373,0.0001815290673094,0.0,1,-0.52,1882.8715209960933,0.0002820183724272,0.0,1,-0.85,1882.8736572265625,0.0001685627053588,0.0,1,-1.26,1882.8719482421875,0.0002593272390135,0.0,1,-1.51,1882.8712768554688,0.0002949847343779,0.0,1,-5.31,1882.8757934570312,5.510703829037999e-05,0.0,1,10
ZINC000000424293,0.04,1882.874267578125,0.0001361468004821,0.0,1,0.03,1882.8753662109373,7.779817170406587e-05,0.0,1,0.01,1882.8731689453125,0.0001944954292601,0.0,1,0.01,1882.874938964844,0.0001004893051177,0.0,1,-0.05,1882.8756103515625,6.483180975338822e-05,0.0,1,-0.05,1882.8763427734373,2.593272390135529e-05,0.0,1,-0.1,1882.8756713867188,6.15902192657188e-05,0.0,1,-0.11,1882.8705444335933,0.0003338838202299,0.0,1,-0.14,1882.8743286132808,0.0001329052099944,0.0,1,-0.16,1882.8757934570312,5.510703829037999e-05,0.0,1,10
ZINC000000425381,0.01,1882.8694458007808,0.0003922324490079,0.0,1,-0.13,1882.869873046875,0.0003695413155943,0.0,1,-0.16,1882.8709106445312,0.0003144342773039,0.0,1,-0.28,1882.87060546875,0.0003306422297422,0.0,1,-0.31,1882.8707275390625,0.0003241590487669,0.0,1,-0.38,1882.872802734375,0.0002139449721861,0.0,1,-0.47,1882.8699951171875,0.0003630581346189,0.0,1,-0.64,1882.8714599609373,0.0002852599629149,0.0,1,-0.85,1882.869201660156,0.0004051988109586,0.0,1,-1.94,1882.872131347656,0.0002496024675505,0.0,1,10
ZINC000000425418,-0.13,1882.874938964844,0.0001004893051177,0.0,1,-0.5,1882.8723754882808,0.0002366361055998,0.0,1,-0.53,1882.873962402344,0.0001523547529204,0.0,1,-0.63,1882.8744506835933,0.0001264220290191,0.0,1,-0.65,1882.873291015625,0.0001880122482848,0.0,1,-0.73,1882.8742980957031,0.0001345260052382,0.0,1,-0.96,1882.8745727539065,0.0001199388480437,0.0,1,-1.02,1882.875,9.724771463008236e-05,0.0,1,-1.15,1882.8746948242188,0.0001134556670684,0.0,1,-1.31,1882.8739929199216,0.0001507339576766,0.0,1,10
ZINC000000425615,-0.11,1882.866943359375,0.0005251376590024,0.0,1,-0.71,1882.8670043945312,0.0005218960685147,0.0,1,-0.92,1882.8670043945312,0.0005218960685147,0.0,1,-0.93,1882.868103027344,0.0004635474397367,0.0,1,-0.96,1882.867248535156,0.000508929706564,0.0,1,-0.99,1882.8680419921875,0.0004667890302243,0.0,1,-1.01,1882.8685913085933,0.0004376147158353,0.0,1,-1.01,1882.868408203125,0.0004473394872983,0.0,1,-1.07,1882.8673706054688,0.0005024465255887,0.0,1,-1.09,1882.8673706054688,0.0005024465255887,0.0,1,10
ZINC000000425704,-0.06,1882.867248535156,0.000508929706564,0.0,1,-0.11,1882.868103027344,0.0004635474397367,0.0,1,-0.14,1882.8717651367188,0.0002690520104765,0.0,1,-0.34,1882.8707275390625,0.0003241590487669,0.0,1,-0.44,1882.868408203125,0.0004473394872983,0.0,1,-0.5,1882.8707885742188,0.0003209174582792,0.0,1,-0.5,1882.8687133789065,0.00043113153486,0.0,1,-0.53,1882.8692626953125,0.000401957220471,0.0,1,-0.57,1882.870056152344,0.0003598165441313,0.0,1,-0.76,1882.8683471679688,0.000450581077786,0.0,1,10
ZINC000000426421,-0.0,1882.868896484375,0.000421406763397,0.0,1,-0.03,1882.8684692382808,0.0004440978968107,0.0,1,-0.05,1882.8687744140625,0.0004278899443723,0.0,1,-0.07,1882.8684692382808,0.0004440978968107,0.0,1,-0.08,1882.8693237304688,0.0003987156299833,0.0,1,-0.09,1882.8692626953125,0.000401957220471,0.0,1,-0.12,1882.8674926757808,0.0004959633446134,0.0,1,-0.18,1882.869140625,0.0004084404014463,0.0,1,-1.71,1882.8662109375,0.0005640367448544,0.0,1,-5.54,1882.867126464844,0.0005154128875394,0.0,1,10
ZINC000000426582,-0.07,1882.87158203125,0.0002787767819395,0.0,1,-0.08,1882.8699951171875,0.0003630581346189,0.0,1,-0.5,1882.8698120117188,0.0003727829060819,0.0,1,-0.96,1882.870178222656,0.0003533333631559,0.0,1,-0.96,1882.8699951171875,0.0003630581346189,0.0,1,-0.99,1882.8705444335933,0.0003338838202299,0.0,1,-1.06,1882.8715209960933,0.0002820183724272,0.0,1,-1.19,1882.8698120117188,0.0003727829060819,0.0,1,-1.19,1882.8702392578125,0.0003500917726682,0.0,1,-1.99,1882.8720703125,0.0002528440580382,0.0,1,10
ZINC000000427151,-0.83,1882.87255859375,0.0002269113341368,0.0,1,-0.85,1882.8729248046875,0.0002074617912108,0.0,1,-0.91,1882.8719482421875,0.0002593272390135,0.0,1,-0.97,1882.8726806640625,0.0002204281531615,0.0,1,-1.19,1882.8715209960933,0.0002820183724272,0.0,1,-1.42,1882.8714599609373,0.0002852599629149,0.0,1,-3.02,1882.8712768554688,0.0002949847343779,0.0,1,-3.14,1882.8724365234373,0.0002333945151121,0.0,1,-3.33,1882.8727416992188,0.0002171865626738,0.0,1,-1000.0,471.744140625,0.0,0.0,0,9
ZINC000000427882,-0.41,1882.872985839844,0.0002042202007231,0.0,1,-0.81,1882.8724365234373,0.0002333945151121,0.0,1,-0.83,1882.8716430664065,0.0002755351914518,0.0,1,-1.02,1882.8707885742188,0.0003209174582792,0.0,1,-1.22,1882.8716430664065,0.0002755351914518,0.0,1,-1.27,1882.8721923828125,0.0002463608770628,0.0,1,-1.54,1882.872985839844,0.0002042202007231,0.0,1,-1.58,1882.870361328125,0.0003436085916929,0.0,1,-1.99,1882.8704833984373,0.0003371254107176,0.0,1,-4.78,1882.87255859375,0.0002269113341368,0.0,1,10
ZINC000000429021,-0.31,1882.870056152344,0.0003598165441313,0.0,1,-0.39,1882.8703002929688,0.0003468501821806,0.0,1,-0.45,1882.8734130859373,0.0001815290673094,0.0,1,-0.5,1882.8733520507808,0.0001847706577971,0.0,1,-0.54,1882.8732299804688,0.0001912538387724,0.0,1,-0.56,1882.8721923828125,0.0002463608770628,0.0,1,-0.88,1882.8740234375,0.0001491131624327,0.0,1,-1.24,1882.8727416992188,0.0002171865626738,0.0,1,-3.38,1882.869384765625,0.0003954740394956,0.0,1,-3.92,1882.8675537109373,0.0004927217541257,0.0,1,10
ZINC000000431139,-0.07,1882.872009277344,0.0002560856485258,0.0,1,-0.13,1882.8735961914065,0.0001718042958464,0.0,1,-0.18,1882.8727416992188,0.0002171865626738,0.0,1,-0.44,1882.8724975585933,0.0002301529246245,0.0,1,-0.49,1882.87109375,0.0003047095058409,0.0,1,-0.51,1882.8748168945312,0.000106972486093,0.0,1,-0.51,1882.8716430664065,0.0002755351914518,0.0,1,-1.01,1882.8757934570312,5.510703829037999e-05,0.0,1,-1.04,1882.8734130859373,0.0001815290673094,0.0,1,-1.2,1882.8721923828125,0.0002463608770628,0.0,1,10
ZINC000000433082,-0.58,1882.8689575195312,0.0004181651729093,0.0,1,-0.67,1882.8714599609373,0.0002852599629149,0.0,1,-0.7,1882.8697509765625,0.0003760244965696,0.0,1,-0.71,1882.8693237304688,0.0003987156299833,0.0,1,-0.72,1882.87060546875,0.0003306422297422,0.0,1,-0.73,1882.8685302734373,0.000440856306323,0.0,1,-0.76,1882.8680419921875,0.0004667890302243,0.0,1,-1.36,1882.8681640625,0.000460305849249,0.0,1,-2.49,1882.8677978515625,0.000479755392175,0.0,1,-3.59,1882.8680419921875,0.0004667890302243,0.0,1,10
ZINC000000433601,-0.89,1882.872314453125,0.0002398776960875,0.0,1,-0.95,1882.874267578125,0.0001361468004821,0.0,1,-1.16,1882.8741455078125,0.0001426299814574,0.0,1,-1.73,1882.8717651367188,0.0002690520104765,0.0,1,-1.86,1882.8744506835933,0.0001264220290191,0.0,1,-1.9,1882.873046875,0.0002009786102355,0.0,1,-1.92,1882.872131347656,0.0002496024675505,0.0,1,-2.03,1882.8712768554688,0.0002949847343779,0.0,1,-2.63,1882.8733520507808,0.0001847706577971,0.0,1,-4.29,1882.8736572265625,0.0001685627053588,0.0,1,10
ZINC000000433704,0.31,1882.8668823242188,0.0005283792494901,0.0,1,-0.02,1882.8668823242188,0.0005283792494901,0.0,1,-0.16,1882.8660888671875,0.0005705199258298,0.0,1,-0.18,1882.8658447265625,0.0005834862877804,0.0,1,-0.21,1882.8677978515625,0.000479755392175,0.0,1,-0.21,1882.8651123046875,0.0006223853736325,0.0,1,-0.25,1882.8651123046875,0.0006223853736325,0.0,1,-0.27,1882.869140625,0.0004084404014463,0.0,1,-1.15,1882.8699340820312,0.0003662997251066,0.0,1,-2.88,1882.866455078125,0.0005510703829037,0.0,1,10
ZINC000000433970,-0.08,1882.864013671875,0.0006807340024105,0.0,1,-0.09,1882.8643798828125,0.0006612844594845,0.0,1,-0.12,1882.8648071289065,0.0006385933260708,0.0,1,-0.17,1882.8660278320312,0.0005737615163174,0.0,1,-0.32,1882.865234375,0.0006159021926571,0.0,1,-0.38,1882.8668212890625,0.0005316208399777,0.0,1,-0.45,1882.8638305664065,0.0006904587738735,0.0,1,-0.53,1882.866943359375,0.0005251376590024,0.0,1,-0.67,1882.8660278320312,0.0005737615163174,0.0,1,-1.37,1882.8678588867188,0.0004765138016874,0.0,1,10
ZINC000000433984,-0.34,1882.8714599609373,0.0002852599629149,0.0,1,-0.56,1882.87158203125,0.0002787767819395,0.0,1,-0.58,1882.8732299804688,0.0001912538387724,0.0,1,-0.72,1882.8692626953125,0.000401957220471,0.0,1,-0.78,1882.87109375,0.0003047095058409,0.0,1,-1.07,1882.8728637695312,0.0002107033816985,0.0,1,-1.25,1882.8702392578125,0.0003500917726682,0.0,1,-1.35,1882.8704223632808,0.0003403670012052,0.0,1,-1.75,1882.868896484375,0.000421406763397,0.0,1,-1.86,1882.874084472656,0.0001458715719451,0.0,1,10
ZINC000000440508,-0.53,1882.8689575195312,0.0004181651729093,0.0,1,-0.64,1882.8712158203125,0.0002982263248655,0.0,1,-0.74,1882.8685302734373,0.000440856306323,0.0,1,-0.74,1882.8696899414065,0.0003792660870573,0.0,1,-0.76,1882.8690185546875,0.0004149235824216,0.0,1,-0.86,1882.87158203125,0.0002787767819395,0.0,1,-1.29,1882.8718872070312,0.0002625688295012,0.0,1,-1.38,1882.86962890625,0.0003825076775449,0.0,1,-2.11,1882.8721923828125,0.0002463608770628,0.0,1,-3.29,1882.8685913085933,0.0004376147158353,0.0,1,10
ZINC000000441856,-0.27,1882.8690185546875,0.0004149235824216,0.0,1,-0.31,1882.8677368164065,0.0004829969826627,0.0,1,-0.37,1882.8673706054688,0.0005024465255887,0.0,1,-0.54,1882.867126464844,0.0005154128875394,0.0,1,-0.59,1882.868225097656,0.0004570642587613,0.0,1,-0.83,1882.867919921875,0.0004732722111997,0.0,1,-0.92,1882.8697509765625,0.0003760244965696,0.0,1,-2.19,1882.868103027344,0.0004635474397367,0.0,1,-2.37,1882.8673706054688,0.0005024465255887,0.0,1,-2.8,1882.8678588867188,0.0004765138016874,0.0,1,10
ZINC000000442510,-0.23,1882.866271972656,0.0005607951543668,0.0,1,-0.8,1882.8646850585933,0.0006450765070462,0.0,1,-0.87,1882.866455078125,0.0005510703829037,0.0,1,-0.93,1882.8643798828125,0.0006612844594845,0.0,1,-1.0,1882.8660278320312,0.0005737615163174,0.0,1,-1.03,1882.8673095703125,0.0005056881160764,0.0,1,-1.06,1882.8654174804688,0.0006061774211941,0.0,1,-1.26,1882.8658447265625,0.0005834862877804,0.0,1,-1.26,1882.8670654296875,0.0005186544780271,0.0,1,-2.06,1882.8650512695312,0.0006256269641201,0.0,1,10
ZINC000000444609,-0.54,1882.8724365234373,0.0002333945151121,0.0,1,-0.56,1882.8712158203125,0.0002982263248655,0.0,1,-0.63,1882.8723754882808,0.0002366361055998,0.0,1,-0.66,1882.8737182617188,0.0001653211148711,0.0,1,-0.79,1882.8722534179688,0.0002431192865752,0.0,1,-0.83,1882.872131347656,0.0002496024675505,0.0,1,-0.9,1882.8723754882808,0.0002366361055998,0.0,1,-1.09,1882.87109375,0.0003047095058409,0.0,1,-1.22,1882.8719482421875,0.0002593272390135,0.0,1,-2.17,1882.874084472656,0.0001458715719451,0.0,1,10
ZINC000000444615,-0.68,1882.8676147460933,0.000489480163638,0.0,1,-0.75,1882.869140625,0.0004084404014463,0.0,1,-0.81,1882.8687133789065,0.00043113153486,0.0,1,-0.88,1882.867431640625,0.000499204935101,0.0,1,-1.2,1882.8676147460933,0.000489480163638,0.0,1,-1.3,1882.8676147460933,0.000489480163638,0.0,1,-1.55,1882.8673095703125,0.0005056881160764,0.0,1,-2.02,1882.8653564453125,0.0006094190116818,0.0,1,-2.22,1882.8660278320312,0.0005737615163174,0.0,1,-2.95,1882.866271972656,0.0005607951543668,0.0,1,10
ZINC000000444940,-0.12,1882.8704833984373,0.0003371254107176,0.0,1,-0.14,1882.8665161132808,0.0005478287924161,0.0,1,-0.31,1882.869201660156,0.0004051988109586,0.0,1,-0.37,1882.8673706054688,0.0005024465255887,0.0,1,-0.41,1882.8690185546875,0.0004149235824216,0.0,1,-0.57,1882.867919921875,0.0004732722111997,0.0,1,-0.65,1882.86865234375,0.0004343731253477,0.0,1,-0.82,1882.8705444335933,0.0003338838202299,0.0,1,-1.28,1882.8712158203125,0.0002982263248655,0.0,1,-1.85,1882.8694458007808,0.0003922324490079,0.0,1,10
ZINC000000446315,-0.14,1882.8768310546875,0.0,0.0,1,-0.23,1882.8768310546875,0.0,0.0,1,-0.29,1882.8768310546875,0.0,0.0,1,-0.46,1882.8768310546875,0.0,0.0,1,-0.56,1882.8768310546875,0.0,0.0,1,-0.58,1882.8768310546875,0.0,0.0,1,-0.78,1882.8768310546875,0.0,0.0,1,-0.85,1882.8768310546875,0.0,0.0,1,-1.65,1882.8768310546875,0.0,0.0,1,-3.6,1882.8768310546875,0.0,0.0,1,10
ZINC000000446325,-0.55,1882.8670043945312,0.0005218960685147,0.0,1,-0.64,1882.8673095703125,0.0005056881160764,0.0,1,-0.82,1882.8684692382808,0.0004440978968107,0.0,1,-1.29,1882.8689575195312,0.0004181651729093,0.0,1,-1.32,1882.8685302734373,0.000440856306323,0.0,1,-1.34,1882.869201660156,0.0004051988109586,0.0,1,-1.55,1882.867248535156,0.000508929706564,0.0,1,-2.09,1882.8687744140625,0.0004278899443723,0.0,1,-2.18,1882.8701171875,0.0003565749536436,0.0,1,-2.36,1882.870056152344,0.0003598165441313,0.0,1,10
ZINC000000446879,-0.12,1882.876220703125,3.241590487669411e-05,0.0,1,-0.18,1882.8762817382808,2.91743143890247e-05,0.0,1,-0.23,1882.8766479492188,9.724771463008234e-06,0.0,1,-0.29,1882.8768310546875,0.0,0.0,1,-0.61,1882.8768310546875,0.0,0.0,1,-0.7,1882.8756713867188,6.15902192657188e-05,0.0,1,-1.02,1882.874755859375,0.0001102140765807,0.0,1,-1.19,1882.8751831054688,8.75229431670741e-05,0.0,1,-2.38,1806.3277587890625,4.065537957825223,20.833333333333336,1,-4.97,1882.8768310546875,0.0,0.0,1,10
ZINC000000447404,-0.2,1882.866149902344,0.0005672783353421,0.0,1,-0.3,1882.8671875,0.0005121712970517,0.0,1,-0.4,1882.86962890625,0.0003825076775449,0.0,1,-0.46,1882.8656616210933,0.0005932110592435,0.0,1,-0.48,1882.866455078125,0.0005510703829037,0.0,1,-0.5,1882.866271972656,0.0005607951543668,0.0,1,-0.71,1882.8676147460933,0.000489480163638,0.0,1,-1.44,1882.8666381835933,0.0005413456114407,0.0,1,-1.55,1882.8674926757808,0.0004959633446134,0.0,1,-2.02,1882.8673095703125,0.0005056881160764,0.0,1,10
ZINC000000447998,-0.49,1882.869873046875,0.0003695413155943,0.0,1,-0.77,1882.868408203125,0.0004473394872983,0.0,1,-0.77,1882.8719482421875,0.0002593272390135,0.0,1,-0.8,1882.8699340820312,0.0003662997251066,0.0,1,-0.82,1882.8704223632808,0.0003403670012052,0.0,1,-0.94,1882.8687744140625,0.0004278899443723,0.0,1,-0.94,1882.8675537109373,0.0004927217541257,0.0,1,-0.97,1882.86767578125,0.0004862385731504,0.0,1,-1.06,1882.8674926757808,0.0004959633446134,0.0,1,-1.75,1882.8707885742188,0.0003209174582792,0.0,1,10
ZINC000000449026,0.09,1882.8660888671875,0.0005705199258298,0.0,1,0.03,1882.868225097656,0.0004570642587613,0.0,1,0.0,1882.868225097656,0.0004570642587613,0.0,1,-0.26,1882.8678588867188,0.0004765138016874,0.0,1,-0.27,1882.867126464844,0.0005154128875394,0.0,1,-0.52,1882.8677978515625,0.000479755392175,0.0,1,-0.84,1882.8673706054688,0.0005024465255887,0.0,1,-1.06,1882.865966796875,0.0005770031068051,0.0,1,-1.31,1882.8685913085933,0.0004376147158353,0.0,1,-2.4,1882.8683471679688,0.000450581077786,0.0,1,10
ZINC000000452449,-0.03,1882.871154785156,0.0003014679153532,0.0,1,-0.08,1882.8690185546875,0.0004149235824216,0.0,1,-0.11,1882.867248535156,0.000508929706564,0.0,1,-0.29,1882.866149902344,0.0005672783353421,0.0,1,-0.45,1882.869873046875,0.0003695413155943,0.0,1,-0.52,1882.8699340820312,0.0003662997251066,0.0,1,-0.96,1882.8721923828125,0.0002463608770628,0.0,1,-1.05,1882.8706665039065,0.0003274006392546,0.0,1,-1.25,1882.8655395507808,0.0005996942402188,0.0,1,-2.62,1882.8653564453125,0.0006094190116818,0.0,1,10
ZINC000000455269,0.06,1882.872131347656,0.0002496024675505,0.0,1,0.03,1882.87109375,0.0003047095058409,0.0,1,-0.01,1882.8717041015625,0.0002722936009642,0.0,1,-0.47,1882.8706665039065,0.0003274006392546,0.0,1,-0.55,1882.8723754882808,0.0002366361055998,0.0,1,-0.72,1882.871154785156,0.0003014679153532,0.0,1,-0.89,1882.8685913085933,0.0004376147158353,0.0,1,-1.68,1882.87060546875,0.0003306422297422,0.0,1,-3.41,1882.8727416992188,0.0002171865626738,0.0,1,-5.34,471.744140625,0.0,0.0,1,10
ZINC000000459009,-0.24,1882.8768310546875,0.0,0.0,1,-0.31,1882.8768310546875,0.0,0.0,1,-0.39,1882.8768310546875,0.0,0.0,1,-0.48,1882.8768310546875,0.0,0.0,1,-0.53,1882.8768310546875,0.0,0.0,1,-0.87,1882.8768310546875,0.0,0.0,1,-1.98,1882.8768310546875,0.0,0.0,1,-3.05,1882.8768310546875,0.0,0.0,1,-3.38,1882.8768310546875,0.0,0.0,1,-5.26,471.744140625,0.0,0.0,1,10
ZINC000000461418,-0.28,1882.8735961914065,0.0001718042958464,0.0,1,-0.33,1882.875732421875,5.83486287780494e-05,0.0,1,-0.43,1882.8746948242188,0.0001134556670684,0.0,1,-0.45,1882.875061035156,9.400612414241292e-05,0.0,1,-0.52,1882.8761596679688,3.565749536436352e-05,0.0,1,-0.66,1882.874755859375,0.0001102140765807,0.0,1,-0.77,1882.8743896484373,0.0001296636195067,0.0,1,-1.76,1882.8765869140625,1.2966361950677644e-05,0.0,1,-3.15,1882.8754272460933,7.455658121639646e-05,0.0,1,-3.57,1882.87451171875,0.0001231804385314,0.0,1,10
ZINC000000464665,-0.48,1882.8768310546875,0.0,0.0,1,-0.59,1882.8768310546875,0.0,0.0,1,-0.64,1882.8768310546875,0.0,0.0,1,-0.67,1882.8768310546875,0.0,0.0,1,-0.69,1882.8768310546875,0.0,0.0,1,-0.78,1882.8768310546875,0.0,0.0,1,-2.03,1882.8768310546875,0.0,0.0,1,-2.26,1882.8768310546875,0.0,0.0,1,-2.88,1882.8768310546875,0.0,0.0,1,-4.32,1882.8768310546875,0.0,0.0,1,10
ZINC000000465183,0.39,1882.8768310546875,0.0,0.0,1,-0.26,1882.8768310546875,0.0,0.0,1,-0.52,1882.8768310546875,0.0,0.0,1,-0.6,1882.8768310546875,0.0,0.0,1,-0.63,1882.8768310546875,0.0,0.0,1,-0.69,1882.8768310546875,0.0,0.0,1,-0.72,1882.8768310546875,0.0,0.0,1,-0.78,1882.8768310546875,0.0,0.0,1,-0.99,1882.8768310546875,0.0,0.0,1,-1.0,1882.8768310546875,0.0,0.0,1,10
ZINC000000466736,-0.51,1882.870361328125,0.0003436085916929,0.0,1,-0.6,1882.8706665039065,0.0003274006392546,0.0,1,-0.74,1882.8709106445312,0.0003144342773039,0.0,1,-0.81,1882.869384765625,0.0003954740394956,0.0,1,-0.84,1882.87060546875,0.0003306422297422,0.0,1,-0.87,1882.872009277344,0.0002560856485258,0.0,1,-0.96,1882.8702392578125,0.0003500917726682,0.0,1,-1.76,1882.869079589844,0.000411681991934,0.0,1,-2.86,1882.870178222656,0.0003533333631559,0.0,1,-5.67,1882.8731689453125,0.0001944954292601,0.0,1,10
ZINC000000467633,-0.33,1882.867248535156,0.000508929706564,0.0,1,-0.42,1882.8675537109373,0.0004927217541257,0.0,1,-0.79,1882.867248535156,0.000508929706564,0.0,1,-0.8,1882.8679809570312,0.000470030620712,0.0,1,-0.95,1882.865234375,0.0006159021926571,0.0,1,-1.12,1882.8685913085933,0.0004376147158353,0.0,1,-1.34,1882.8676147460933,0.000489480163638,0.0,1,-1.4,1882.867126464844,0.0005154128875394,0.0,1,-2.33,1882.8653564453125,0.0006094190116818,0.0,1,-6.04,1882.8680419921875,0.0004667890302243,0.0,1,10
ZINC000000467693,-0.17,1882.8756713867188,6.15902192657188e-05,0.0,1,-0.33,1882.8745727539065,0.0001199388480437,0.0,1,-0.52,1882.871826171875,0.0002658104199888,0.0,1,-0.55,1882.874267578125,0.0001361468004821,0.0,1,-0.55,1882.8753051757808,8.103976219173528e-05,0.0,1,-0.89,1882.875061035156,9.400612414241292e-05,0.0,1,-0.93,1882.8759765625,4.538226682737176e-05,0.0,1,-1.02,1882.8726806640625,0.0002204281531615,0.0,1,-1.09,1882.8743896484373,0.0001296636195067,0.0,1,-1.22,1882.8746337890625,0.000116697257556,0.0,1,10
ZINC000000468007,-0.56,1882.86767578125,0.0004862385731504,0.0,1,-0.59,1882.8668212890625,0.0005316208399777,0.0,1,-0.68,1882.8665161132808,0.0005478287924161,0.0,1,-0.84,1882.865234375,0.0006159021926571,0.0,1,-0.88,1882.8677978515625,0.000479755392175,0.0,1,-0.95,1882.8680419921875,0.0004667890302243,0.0,1,-1.08,1882.8677368164065,0.0004829969826627,0.0,1,-1.2,1882.8693237304688,0.0003987156299833,0.0,1,-2.28,1882.8649291992188,0.0006321101450955,0.0,1,-1000.0,471.744140625,0.0,0.0,0,9
ZINC000000468092,-0.85,1882.871154785156,0.0003014679153532,0.0,1,-1.06,1882.8712158203125,0.0002982263248655,0.0,1,-1.09,1882.87060546875,0.0003306422297422,0.0,1,-1.21,1882.8738403320312,0.0001588379338958,0.0,1,-1.27,1882.8731689453125,0.0001944954292601,0.0,1,-1.32,1882.8703002929688,0.0003468501821806,0.0,1,-1.62,1882.8704833984373,0.0003371254107176,0.0,1,-2.07,1882.8712768554688,0.0002949847343779,0.0,1,-2.96,1882.872985839844,0.0002042202007231,0.0,1,-3.23,1882.8695068359373,0.0003889908585203,0.0,1,10
ZINC000000470635,-0.67,1882.8704833984373,0.0003371254107176,0.0,1,-0.71,1882.8702392578125,0.0003500917726682,0.0,1,-0.8,1882.8709106445312,0.0003144342773039,0.0,1,-0.95,1882.8697509765625,0.0003760244965696,0.0,1,-0.97,1882.869873046875,0.0003695413155943,0.0,1,-1.17,1882.868896484375,0.000421406763397,0.0,1,-1.2,1882.8712158203125,0.0002982263248655,0.0,1,-1.52,1882.87109375,0.0003047095058409,0.0,1,-1.55,1882.869873046875,0.0003695413155943,0.0,1,-1.81,1882.8695068359373,0.0003889908585203,0.0,1,10
ZINC000000471732,-0.31,1882.8768310546875,0.0,0.0,1,-0.34,1882.8768310546875,0.0,0.0,1,-0.34,1882.8768310546875,0.0,0.0,1,-0.39,1882.8768310546875,0.0,0.0,1,-0.47,1882.8768310546875,0.0,0.0,1,-0.79,1882.8768310546875,0.0,0.0,1,-1.13,1882.8768310546875,0.0,0.0,1,-1.17,1882.8768310546875,0.0,0.0,1,-1.2,1882.8768310546875,0.0,0.0,1,-1.47,1882.8768310546875,0.0,0.0,1,10
ZINC000000472213,-0.3,1882.869873046875,0.0003695413155943,0.0,1,-0.5,1882.8709106445312,0.0003144342773039,0.0,1,-0.72,1882.8697509765625,0.0003760244965696,0.0,1,-0.73,1882.8704223632808,0.0003403670012052,0.0,1,-0.84,1882.872131347656,0.0002496024675505,0.0,1,-0.87,1882.8704833984373,0.0003371254107176,0.0,1,-1.11,1882.871032714844,0.0003079510963285,0.0,1,-1.48,1882.8695678710933,0.0003857492680326,0.0,1,-2.55,1882.869140625,0.0004084404014463,0.0,1,-2.76,1882.8699951171875,0.0003630581346189,0.0,1,10
ZINC000000472496,-0.34,1882.8685302734373,0.000440856306323,0.0,1,-0.61,1882.8673095703125,0.0005056881160764,0.0,1,-0.68,1882.8704833984373,0.0003371254107176,0.0,1,-0.84,1882.87060546875,0.0003306422297422,0.0,1,-0.88,1882.87060546875,0.0003306422297422,0.0,1,-0.97,1882.8716430664065,0.0002755351914518,0.0,1,-1.13,1882.8707275390625,0.0003241590487669,0.0,1,-1.25,1882.8712158203125,0.0002982263248655,0.0,1,-1.7,1882.8694458007808,0.0003922324490079,0.0,1,-2.48,1882.8685913085933,0.0004376147158353,0.0,1,10
ZINC000000474190,-0.37,1882.8768310546875,0.0,0.0,1,-0.41,1882.8768310546875,0.0,0.0,1,-0.71,1882.8768310546875,0.0,0.0,1,-0.82,1882.8768310546875,0.0,0.0,1,-1.09,1882.8768310546875,0.0,0.0,1,-1.09,1882.8768310546875,0.0,0.0,1,-1.22,1882.8768310546875,0.0,0.0,1,-1.49,1882.8768310546875,0.0,0.0,1,-2.31,1882.8768310546875,0.0,0.0,1,-2.43,1882.8768310546875,0.0,0.0,1,10
ZINC000000474360,-0.54,1882.8768310546875,0.0,0.0,1,-0.72,1882.8768310546875,0.0,0.0,1,-0.74,1882.8768310546875,0.0,0.0,1,-0.82,1882.8768310546875,0.0,0.0,1,-0.95,1882.8768310546875,0.0,0.0,1,-1.01,1882.8768310546875,0.0,0.0,1,-1.19,1882.8768310546875,0.0,0.0,1,-1.35,1882.8768310546875,0.0,0.0,1,-1.44,1882.8768310546875,0.0,0.0,1,-1.55,1882.8768310546875,0.0,0.0,1,10
ZINC000000475104,-0.73,1882.8707275390625,0.0003241590487669,0.0,1,-0.74,1882.871032714844,0.0003079510963285,0.0,1,-0.8,1882.8678588867188,0.0004765138016874,0.0,1,-0.8,1882.8699340820312,0.0003662997251066,0.0,1,-1.02,1882.87109375,0.0003047095058409,0.0,1,-1.12,1882.870361328125,0.0003436085916929,0.0,1,-1.39,1882.868896484375,0.000421406763397,0.0,1,-1.47,1882.86962890625,0.0003825076775449,0.0,1,-1.66,1882.8690185546875,0.0004149235824216,0.0,1,-2.24,1882.8697509765625,0.0003760244965696,0.0,1,10
ZINC000000475455,-0.33,1882.8670043945312,0.0005218960685147,0.0,1,-0.35,1882.8683166503904,0.0004522018730298,0.0,1,-0.41,1882.8685302734373,0.000440856306323,0.0,1,-0.6,1882.867126464844,0.0005154128875394,0.0,1,-0.74,1882.8674926757808,0.0004959633446134,0.0,1,-0.89,1882.8676147460933,0.000489480163638,0.0,1,-1.01,1882.8676147460933,0.000489480163638,0.0,1,-1.12,1882.866668701172,0.0005397248161969,0.0,1,-1.3,1882.867126464844,0.0005154128875394,0.0,1,-2.66,1882.870147705078,0.0003549541583998,0.0,1,10
ZINC000000479377,-0.57,1882.8678588867188,0.0004765138016874,0.0,1,-0.72,1882.8677978515625,0.000479755392175,0.0,1,-0.87,1882.8673706054688,0.0005024465255887,0.0,1,-0.95,1882.86962890625,0.0003825076775449,0.0,1,-1.98,1882.869873046875,0.0003695413155943,0.0,1,-2.29,1882.8687133789065,0.00043113153486,0.0,1,-2.79,1882.8687133789065,0.00043113153486,0.0,1,-2.93,1882.869384765625,0.0003954740394956,0.0,1,-3.78,1882.869079589844,0.000411681991934,0.0,1,-4.9,1882.8699340820312,0.0003662997251066,0.0,1,10
ZINC000000486911,0.18,1882.8768310546875,0.0,0.0,1,0.16,1882.8768310546875,0.0,0.0,1,0.15,1882.8768310546875,0.0,0.0,1,0.1,1882.8768310546875,0.0,0.0,1,0.09,1882.8768310546875,0.0,0.0,1,0.05,1882.8768310546875,0.0,0.0,1,0.05,1882.8768310546875,0.0,0.0,1,0.03,1882.8768310546875,0.0,0.0,1,0.01,1882.8768310546875,0.0,0.0,1,-1.97,1882.8768310546875,0.0,0.0,1,10
ZINC000000498931,-0.38,1882.868103027344,0.0004635474397367,0.0,1,-0.44,1882.869384765625,0.0003954740394956,0.0,1,-0.5,1882.870056152344,0.0003598165441313,0.0,1,-0.86,1882.869201660156,0.0004051988109586,0.0,1,-0.97,1882.8695068359373,0.0003889908585203,0.0,1,-1.03,1882.8699951171875,0.0003630581346189,0.0,1,-1.18,1882.8713989257808,0.0002885015534025,0.0,1,-1.31,1882.8698120117188,0.0003727829060819,0.0,1,-1.35,1882.869873046875,0.0003695413155943,0.0,1,-3.26,1882.8689575195312,0.0004181651729093,0.0,1,10
ZINC000000502593,-0.4,1882.8635864257808,0.0007034251358242,0.0,1,-0.58,1882.8644409179688,0.0006580428689968,0.0,1,-0.61,1882.8646240234373,0.0006483180975338,0.0,1,-0.71,1882.8646240234373,0.0006483180975338,0.0,1,-0.75,1882.864196777344,0.0006710092309475,0.0,1,-0.79,1882.8663330078125,0.0005575535638791,0.0,1,-0.84,1882.8646240234373,0.0006483180975338,0.0,1,-0.86,1882.8649291992188,0.0006321101450955,0.0,1,-0.87,1882.8648071289065,0.0006385933260708,0.0,1,-1.69,1882.8653564453125,0.0006094190116818,0.0,1,10
ZINC000000503794,-0.45,1882.8743896484373,0.0001296636195067,0.0,1,-0.46,1882.873779296875,0.0001620795243834,0.0,1,-0.48,1882.8733520507808,0.0001847706577971,0.0,1,-0.49,1882.8756713867188,6.15902192657188e-05,0.0,1,-0.73,1882.8741455078125,0.0001426299814574,0.0,1,-0.92,1882.87353515625,0.0001750458863341,0.0,1,-0.99,1882.8768310546875,0.0,0.0,1,-1.03,1882.8743286132808,0.0001329052099944,0.0,1,-3.21,1882.872802734375,0.0002139449721861,0.0,1,-5.29,1882.8768310546875,0.0,0.0,1,10
ZINC000000510253,-0.33,1882.87109375,0.0003047095058409,0.0,1,-0.83,1882.8704223632808,0.0003403670012052,0.0,1,-0.96,1882.8704833984373,0.0003371254107176,0.0,1,-1.11,1882.8704223632808,0.0003403670012052,0.0,1,-1.15,1882.8715209960933,0.0002820183724272,0.0,1,-1.18,1882.871154785156,0.0003014679153532,0.0,1,-1.35,1882.869384765625,0.0003954740394956,0.0,1,-1.56,1882.8698120117188,0.0003727829060819,0.0,1,-2.23,1882.8698120117188,0.0003727829060819,0.0,1,-5.28,1882.8699951171875,0.0003630581346189,0.0,1,10
ZINC000000512079,-1.08,1882.870849609375,0.0003176758677916,0.0,1,-1.08,1882.874084472656,0.0001458715719451,0.0,1,-1.09,1882.871154785156,0.0003014679153532,0.0,1,-1.14,1882.8696899414065,0.0003792660870573,0.0,1,-1.25,1882.871337890625,0.0002917431438902,0.0,1,-1.34,1882.872009277344,0.0002560856485258,0.0,1,-1.37,1882.8713989257808,0.0002885015534025,0.0,1,-1.69,1882.8719482421875,0.0002593272390135,0.0,1,-1.69,1882.8729248046875,0.0002074617912108,0.0,1,-1.76,1882.8724365234373,0.0002333945151121,0.0,1,10
ZINC000000518605,-1.17,1882.8768310546875,0.0,0.0,1,-1.22,1882.8753662109373,7.779817170406587e-05,0.0,1,-1.25,1882.8765258789065,1.6207952438347055e-05,0.0,1,-1.26,1882.8768310546875,0.0,0.0,1,-1.29,1882.8768310546875,0.0,0.0,1,-1.37,1882.8768310546875,0.0,0.0,1,-1.73,1882.8768310546875,0.0,0.0,1,-1.77,1882.8768310546875,0.0,0.0,1,-2.25,1882.8768310546875,0.0,0.0,1,-2.42,1882.8768310546875,0.0,0.0,1,10
ZINC000000523837,-0.73,1882.8709106445312,0.0003144342773039,0.0,1,-1.2,1882.871032714844,0.0003079510963285,0.0,1,-1.38,1882.871032714844,0.0003079510963285,0.0,1,-1.39,1882.8722534179688,0.0002431192865752,0.0,1,-1.52,1882.8709716796875,0.0003111926868162,0.0,1,-1.74,1882.87060546875,0.0003306422297422,0.0,1,-2.03,1882.8715209960933,0.0002820183724272,0.0,1,-2.54,1882.87060546875,0.0003306422297422,0.0,1,-2.87,1882.8724365234373,0.0002333945151121,0.0,1,-2.99,1882.872985839844,0.0002042202007231,0.0,1,10
ZINC000000524856,-0.26,1882.8687744140625,0.0004278899443723,0.0,1,-0.3,1882.8712158203125,0.0002982263248655,0.0,1,-0.38,1882.8699951171875,0.0003630581346189,0.0,1,-0.41,1882.86865234375,0.0004343731253477,0.0,1,-0.41,1882.8685913085933,0.0004376147158353,0.0,1,-0.44,1882.86767578125,0.0004862385731504,0.0,1,-0.77,1882.8680419921875,0.0004667890302243,0.0,1,-1.09,1882.8697509765625,0.0003760244965696,0.0,1,-1.29,1882.8676147460933,0.000489480163638,0.0,1,-1.43,1882.86767578125,0.0004862385731504,0.0,1,10
ZINC000000527014,-0.26,1882.8684692382808,0.0004440978968107,0.0,1,-0.38,1882.8668823242188,0.0005283792494901,0.0,1,-0.44,1882.8668212890625,0.0005316208399777,0.0,1,-0.49,1882.8675537109373,0.0004927217541257,0.0,1,-0.5,1882.8678588867188,0.0004765138016874,0.0,1,-0.61,1882.8657836914065,0.0005867278782681,0.0,1,-0.64,1882.867126464844,0.0005154128875394,0.0,1,-0.74,1882.868103027344,0.0004635474397367,0.0,1,-0.76,1882.866455078125,0.0005510703829037,0.0,1,-0.8,1882.8680419921875,0.0004667890302243,0.0,1,10
ZINC000000529223,-0.18,1882.8768310546875,0.0,0.0,1,-0.25,1882.8768310546875,0.0,0.0,1,-0.25,1882.8768310546875,0.0,0.0,1,-0.56,1882.8768310546875,0.0,0.0,1,-0.73,1882.8768310546875,0.0,0.0,1,-0.75,1882.8768310546875,0.0,0.0,1,-1.07,1882.8768310546875,0.0,0.0,1,-1.42,1882.8768310546875,0.0,0.0,1,-1.63,1882.8768310546875,0.0,0.0,1,-1.86,1882.8768310546875,0.0,0.0,1,10
ZINC000000531442,0.04,1882.8678588867188,0.0004765138016874,0.0,1,0.03,1882.86767578125,0.0004862385731504,0.0,1,0.01,1882.867248535156,0.000508929706564,0.0,1,-0.12,1882.8676147460933,0.000489480163638,0.0,1,-0.23,1882.8681640625,0.000460305849249,0.0,1,-0.28,1882.8676147460933,0.000489480163638,0.0,1,-0.53,1882.8685913085933,0.0004376147158353,0.0,1,-1.53,1882.867431640625,0.000499204935101,0.0,1,-3.84,1882.8685302734373,0.000440856306323,0.0,1,-5.74,1882.868225097656,0.0004570642587613,0.0,1,10
ZINC000000532029,-0.29,1882.8765258789065,1.6207952438347055e-05,0.0,1,-0.4,1882.87548828125,7.131499072872705e-05,0.0,1,-0.5,1882.8753051757808,8.103976219173528e-05,0.0,1,-0.51,1882.8755493164065,6.807340024105763e-05,0.0,1,-0.56,1882.876037597656,4.214067633970235e-05,0.0,1,-0.59,1882.8768310546875,0.0,0.0,1,-0.93,1882.8768310546875,0.0,0.0,1,-1.3,1882.8762817382808,2.91743143890247e-05,0.0,1,-1.38,1882.8768310546875,0.0,0.0,1,-1000.0,471.744140625,0.0,0.0,0,9
ZINC000000538062,-0.15,1882.8658447265625,0.0005834862877804,0.0,1,-0.46,1882.86865234375,0.0004343731253477,0.0,1,-0.47,1882.8668823242188,0.0005283792494901,0.0,1,-0.47,1882.8687744140625,0.0004278899443723,0.0,1,-0.58,1882.8677978515625,0.000479755392175,0.0,1,-0.61,1882.8677368164065,0.0004829969826627,0.0,1,-0.84,1882.868408203125,0.0004473394872983,0.0,1,-0.84,1882.8667602539065,0.0005348624304654,0.0,1,-1.29,1882.868103027344,0.0004635474397367,0.0,1,-1.88,1882.8679809570312,0.000470030620712,0.0,1,10
ZINC000000538286,-0.34,1882.863220214844,0.0007228746787502,0.0,1,-0.88,1882.8641357421875,0.0006742508214352,0.0,1,-0.99,1882.865173339844,0.0006191437831448,0.0,1,-1.12,1882.8626098632808,0.0007552905836269,0.0,1,-1.22,1882.8651123046875,0.0006223853736325,0.0,1,-1.28,1882.8631591796875,0.0007261162692379,0.0,1,-1.3,1882.8641357421875,0.0006742508214352,0.0,1,-1.47,1882.8644409179688,0.0006580428689968,0.0,1,-1.72,1882.863037109375,0.0007325994502132,0.0,1,-2.06,1882.8629150390625,0.0007390826311886,0.0,1,10
ZINC000000538290,-0.75,1882.8667602539065,0.0005348624304654,0.0,1,-0.82,1882.8690185546875,0.0004149235824216,0.0,1,-0.87,1882.86572265625,0.0005899694687558,0.0,1,-0.97,1882.866271972656,0.0005607951543668,0.0,1,-1.35,1882.8673706054688,0.0005024465255887,0.0,1,-1.42,1882.86767578125,0.0004862385731504,0.0,1,-1.82,1882.8685302734373,0.000440856306323,0.0,1,-1.9,1882.866943359375,0.0005251376590024,0.0,1,-2.42,1882.8673095703125,0.0005056881160764,0.0,1,-2.5,1882.8675537109373,0.0004927217541257,0.0,1,10
ZINC000000538316,-0.49,1882.869140625,0.0004084404014463,0.0,1,-0.69,1882.8692626953125,0.000401957220471,0.0,1,-0.72,1882.8673706054688,0.0005024465255887,0.0,1,-0.88,1882.8687133789065,0.00043113153486,0.0,1,-1.0,1882.8678588867188,0.0004765138016874,0.0,1,-1.0,1882.8678588867188,0.0004765138016874,0.0,1,-1.05,1882.8675537109373,0.0004927217541257,0.0,1,-1.08,1882.8695678710933,0.0003857492680326,0.0,1,-1.24,1882.8699951171875,0.0003630581346189,0.0,1,-3.42,1882.869140625,0.0004084404014463,0.0,1,10
ZINC000000538333,-0.66,1882.8679809570312,0.000470030620712,0.0,1,-0.8,1882.8665161132808,0.0005478287924161,0.0,1,-0.81,1882.8662109375,0.0005640367448544,0.0,1,-0.89,1882.8658447265625,0.0005834862877804,0.0,1,-1.05,1882.8683471679688,0.000450581077786,0.0,1,-1.07,1882.865478515625,0.0006029358307065,0.0,1,-1.3,1882.8654174804688,0.0006061774211941,0.0,1,-1.99,1882.8684692382808,0.0004440978968107,0.0,1,-2.73,1882.8666381835933,0.0005413456114407,0.0,1,-6.28,1882.86962890625,0.0003825076775449,0.0,1,10
ZINC000000538342,-0.5,1882.8671569824216,0.0005137920922956,0.0,1,-0.74,1882.8680725097656,0.0004651682349805,0.0,1,-0.87,1882.8668212890625,0.0005316208399777,0.0,1,-1.03,1882.8680114746087,0.0004684098254682,0.0,1,-1.07,1882.8671875,0.0005121712970517,0.0,1,-1.32,1882.868408203125,0.0004473394872983,0.0,1,-1.43,1882.8671875,0.0005121712970517,0.0,1,-1.55,1882.8681335449216,0.0004619266444928,0.0,1,-2.02,1882.8665771484373,0.0005445872019284,0.0,1,-2.2,1882.867126464844,0.0005154128875394,0.0,1,10
ZINC000000538635,-0.63,1882.8678588867188,0.0004765138016874,0.0,1,-1.26,1882.869140625,0.0004084404014463,0.0,1,-1.74,1882.8684692382808,0.0004440978968107,0.0,1,-1.93,1882.871154785156,0.0003014679153532,0.0,1,-2.0,1882.869201660156,0.0004051988109586,0.0,1,-2.03,1882.8704223632808,0.0003403670012052,0.0,1,-2.05,1882.871032714844,0.0003079510963285,0.0,1,-2.25,1882.8690185546875,0.0004149235824216,0.0,1,-2.47,1882.8684692382808,0.0004440978968107,0.0,1,-2.73,1882.869140625,0.0004084404014463,0.0,1,10
ZINC000000543442,-0.72,1882.870361328125,0.0003436085916929,0.0,1,-0.73,1882.867919921875,0.0004732722111997,0.0,1,-0.79,1882.8677368164065,0.0004829969826627,0.0,1,-0.93,1882.8698120117188,0.0003727829060819,0.0,1,-0.99,1882.8687744140625,0.0004278899443723,0.0,1,-1.25,1882.869873046875,0.0003695413155943,0.0,1,-1.25,1882.8701171875,0.0003565749536436,0.0,1,-1.49,1882.8688354492188,0.0004246483538846,0.0,1,-1.6,1882.8696899414065,0.0003792660870573,0.0,1,-1.84,1882.870178222656,0.0003533333631559,0.0,1,10
ZINC000000551235,-0.46,1882.8658447265625,0.0005834862877804,0.0,1,-0.47,1882.8648681640625,0.0006353517355832,0.0,1,-0.57,1882.8656005859373,0.0005964526497311,0.0,1,-0.67,1882.864990234375,0.0006288685546078,0.0,1,-0.81,1882.8666381835933,0.0005413456114407,0.0,1,-0.82,1882.8655395507808,0.0005996942402188,0.0,1,-2.15,1882.8650512695312,0.0006256269641201,0.0,1,-2.17,1882.865234375,0.0006159021926571,0.0,1,-3.42,1882.8637084960933,0.0006969419548489,0.0,1,-5.29,1882.8670654296875,0.0005186544780271,0.0,1,10
ZINC000000560024,-0.28,1882.8768310546875,0.0,0.0,1,-0.44,1882.8768310546875,0.0,0.0,1,-0.52,1882.8768310546875,0.0,0.0,1,-0.67,1882.8766479492188,9.724771463008234e-06,0.0,1,-0.76,1882.8768310546875,0.0,0.0,1,-0.95,1882.8768310546875,0.0,0.0,1,-1.1,1882.8768310546875,0.0,0.0,1,-1.44,1882.8768310546875,0.0,0.0,1,-2.88,1882.8768310546875,0.0,0.0,1,-3.02,1882.8768310546875,0.0,0.0,1,10
ZINC000000560913,-0.76,1882.875732421875,5.83486287780494e-05,0.0,1,-1.13,1882.8765258789065,1.6207952438347055e-05,0.0,1,-1.2,1882.8755493164065,6.807340024105763e-05,0.0,1,-1.23,1882.8755493164065,6.807340024105763e-05,0.0,1,-1.28,1882.873962402344,0.0001523547529204,0.0,1,-1.48,1882.8740234375,0.0001491131624327,0.0,1,-1.58,1882.8764038085933,2.269113341368588e-05,0.0,1,-1.64,1882.8746337890625,0.000116697257556,0.0,1,-1.67,1882.8738403320312,0.0001588379338958,0.0,1,-1.9,1882.8742065429688,0.0001393883909697,0.0,1,10
ZINC000000568320,-0.57,1882.8675537109373,0.0004927217541257,0.0,1,-0.78,1882.86865234375,0.0004343731253477,0.0,1,-0.78,1882.868225097656,0.0004570642587613,0.0,1,-0.81,1882.8673706054688,0.0005024465255887,0.0,1,-0.94,1882.8668823242188,0.0005283792494901,0.0,1,-1.07,1882.8689575195312,0.0004181651729093,0.0,1,-1.44,1882.8679809570312,0.000470030620712,0.0,1,-1000.0,471.744140625,0.0,0.0,0,-1000.0,471.744140625,0.0,0.0,0,-1000.0,471.744140625,0.0,0.0,0,7
ZINC000000570110,-0.41,1882.8768310546875,0.0,0.0,1,-0.66,1882.8768310546875,0.0,0.0,1,-0.73,1882.8768310546875,0.0,0.0,1,-0.98,1882.8768310546875,0.0,0.0,1,-1.18,1882.8768310546875,0.0,0.0,1,-1.34,1882.8768310546875,0.0,0.0,1,-2.15,1882.8768310546875,0.0,0.0,1,-3.9,1882.8768310546875,0.0,0.0,1,-4.19,1882.8768310546875,0.0,0.0,1,-1000.0,471.744140625,0.0,0.0,0,9
ZINC000000571605,-0.84,1882.8734130859373,0.0001815290673094,0.0,1,-0.93,1882.8746337890625,0.000116697257556,0.0,1,-1.13,1882.8768310546875,0.0,0.0,1,-1.17,1882.876037597656,4.214067633970235e-05,0.0,1,-1.29,1882.8763427734373,2.593272390135529e-05,0.0,1,-1.33,1882.8748168945312,0.000106972486093,0.0,1,-1.36,1882.873962402344,0.0001523547529204,0.0,1,-1.47,1882.8755493164065,6.807340024105763e-05,0.0,1,-1.62,1882.8733520507808,0.0001847706577971,0.0,1,-1.91,1882.8751831054688,8.75229431670741e-05,0.0,1,10
ZINC000000573206,-0.61,1882.8714599609373,0.0002852599629149,0.0,1,-0.63,1882.8692626953125,0.000401957220471,0.0,1,-0.83,1882.871826171875,0.0002658104199888,0.0,1,-0.85,1882.871337890625,0.0002917431438902,0.0,1,-1.11,1882.8709106445312,0.0003144342773039,0.0,1,-1.21,1882.8707275390625,0.0003241590487669,0.0,1,-2.01,1882.8694458007808,0.0003922324490079,0.0,1,-2.52,1882.8740234375,0.0001491131624327,0.0,1,-5.22,1882.870056152344,0.0003598165441313,0.0,1,-5.26,1882.8724365234373,0.0002333945151121,0.0,1,10
ZINC000000575248,-0.12,1882.8688354492188,0.0004246483538846,0.0,1,-0.28,1882.869201660156,0.0004051988109586,0.0,1,-0.46,1882.8692626953125,0.000401957220471,0.0,1,-0.63,1882.8685913085933,0.0004376147158353,0.0,1,-0.71,1882.867919921875,0.0004732722111997,0.0,1,-0.9,1882.8696899414065,0.0003792660870573,0.0,1,-0.96,1882.8680419921875,0.0004667890302243,0.0,1,-1.05,1882.8687744140625,0.0004278899443723,0.0,1,-1.57,1882.8684692382808,0.0004440978968107,0.0,1,-1.96,1882.8684692382808,0.0004440978968107,0.0,1,10
ZINC000000576416,-0.69,1882.8768310546875,0.0,0.0,1,-0.73,1882.8736572265625,0.0001685627053588,0.0,1,-0.96,1882.8735961914065,0.0001718042958464,0.0,1,-1.05,1882.874938964844,0.0001004893051177,0.0,1,-1.08,1882.8764038085933,2.269113341368588e-05,0.0,1,-1.08,1882.873962402344,0.0001523547529204,0.0,1,-1.16,1882.875061035156,9.400612414241292e-05,0.0,1,-1.27,1882.875244140625,8.42813526794047e-05,0.0,1,-3.12,1882.871826171875,0.0002658104199888,0.0,1,-3.47,1882.873779296875,0.0001620795243834,0.0,1,10
ZINC000000578252,-0.42,1882.8698120117188,0.0003727829060819,0.0,1,-0.58,1882.8695068359373,0.0003889908585203,0.0,1,-0.63,1882.869384765625,0.0003954740394956,0.0,1,-0.9,1882.8714599609373,0.0002852599629149,0.0,1,-1.15,1882.870178222656,0.0003533333631559,0.0,1,-1.32,1882.8699340820312,0.0003662997251066,0.0,1,-1.35,1882.8713989257808,0.0002885015534025,0.0,1,-2.35,1882.8699951171875,0.0003630581346189,0.0,1,-2.41,1882.8690185546875,0.0004149235824216,0.0,1,-2.59,1882.8709716796875,0.0003111926868162,0.0,1,10
ZINC000000578779,-0.46,1882.8768310546875,0.0,0.0,1,-0.51,1882.8751831054688,8.75229431670741e-05,0.0,1,-0.54,1882.8768310546875,0.0,0.0,1,-0.63,1882.8768310546875,0.0,0.0,1,-0.63,1882.8768310546875,0.0,0.0,1,-0.67,1882.875732421875,5.83486287780494e-05,0.0,1,-0.79,1882.876708984375,6.483180975338823e-06,0.0,1,-1.01,1882.8738403320312,0.0001588379338958,0.0,1,-1.18,1882.874938964844,0.0001004893051177,0.0,1,-1.63,1882.8753051757808,8.103976219173528e-05,0.0,1,10
ZINC000000579186,-0.53,1882.8721923828125,0.0002463608770628,0.0,1,-0.7,1882.87353515625,0.0001750458863341,0.0,1,-0.72,1882.872985839844,0.0002042202007231,0.0,1,-0.77,1882.873046875,0.0002009786102355,0.0,1,-0.8,1882.8738403320312,0.0001588379338958,0.0,1,-0.87,1882.8732299804688,0.0001912538387724,0.0,1,-1.09,1882.8723754882808,0.0002366361055998,0.0,1,-1.2,1882.8715209960933,0.0002820183724272,0.0,1,-1.35,1882.8722534179688,0.0002431192865752,0.0,1,-2.61,1882.874755859375,0.0001102140765807,0.0,1,10
ZINC000000580781,-0.61,1882.8768310546875,0.0,0.0,1,-0.82,1882.8768310546875,0.0,0.0,1,-1.15,1882.8768310546875,0.0,0.0,1,-1.16,1882.8768310546875,0.0,0.0,1,-1.2,1882.8768310546875,0.0,0.0,1,-1.21,1882.8768310546875,0.0,0.0,1,-1.26,1882.8768310546875,0.0,0.0,1,-1.46,1882.8768310546875,0.0,0.0,1,-1.87,1882.8768310546875,0.0,0.0,1,-3.63,1882.8768310546875,0.0,0.0,1,10
ZINC000000584119,0.04,1882.8768310546875,0.0,0.0,1,0.04,1882.8768310546875,0.0,0.0,1,-0.01,1882.8768310546875,0.0,0.0,1,-0.11,1882.8768310546875,0.0,0.0,1,-0.25,1882.8768310546875,0.0,0.0,1,-0.55,1882.8768310546875,0.0,0.0,1,-0.59,1882.8768310546875,0.0,0.0,1,-0.85,1882.8768310546875,0.0,0.0,1,-1.23,1882.8768310546875,0.0,0.0,1,-1.94,1882.8768310546875,0.0,0.0,1,10
ZINC000000586239,-0.29,1882.8721923828125,0.0002463608770628,0.0,1,-0.52,1882.8727416992188,0.0002171865626738,0.0,1,-0.62,1882.8726806640625,0.0002204281531615,0.0,1,-0.63,1882.8723754882808,0.0002366361055998,0.0,1,-1.01,1882.870178222656,0.0003533333631559,0.0,1,-1.33,1882.8715209960933,0.0002820183724272,0.0,1,-1.34,1882.8723754882808,0.0002366361055998,0.0,1,-1.75,1882.8718872070312,0.0002625688295012,0.0,1,-2.4,1882.873291015625,0.0001880122482848,0.0,1,-4.05,1882.868408203125,0.0004473394872983,0.0,1,10
ZINC000000587554,-0.49,1882.865173339844,0.0006191437831448,0.0,1,-0.73,1882.866668701172,0.0005397248161969,0.0,1,-0.84,1882.8653564453125,0.0006094190116818,0.0,1,-0.87,1882.8652038574216,0.000617522987901,0.0,1,-0.93,1882.8665161132808,0.0005478287924161,0.0,1,-1.22,1882.8652038574216,0.000617522987901,0.0,1,-1.22,1882.866455078125,0.0005510703829037,0.0,1,-1.48,1882.866943359375,0.0005251376590024,0.0,1,-1.82,1882.866668701172,0.0005397248161969,0.0,1,-2.07,1882.8653564453125,0.0006094190116818,0.0,1,10
ZINC000000587807,-1.04,1882.8677368164065,0.0004829969826627,0.0,1,-1.25,1882.8676147460933,0.000489480163638,0.0,1,-1.53,1882.86865234375,0.0004343731253477,0.0,1,-1.62,1882.8663940429688,0.0005543119733914,0.0,1,-1.72,1882.866149902344,0.0005672783353421,0.0,1,-1.8,1882.8670043945312,0.0005218960685147,0.0,1,-1.99,1882.86572265625,0.0005899694687558,0.0,1,-2.42,1882.866271972656,0.0005607951543668,0.0,1,-2.71,1882.86669921875,0.0005381040209531,0.0,1,-2.92,1882.8663940429688,0.0005543119733914,0.0,1,10
ZINC000000588370,-0.73,1882.8768310546875,0.0,0.0,1,-0.75,1882.8768310546875,0.0,0.0,1,-0.76,1882.8768310546875,0.0,0.0,1,-0.77,1882.8768310546875,0.0,0.0,1,-0.83,1882.8768310546875,0.0,0.0,1,-0.91,1882.8768310546875,0.0,0.0,1,-1.05,1882.8768310546875,0.0,0.0,1,-1.11,1882.8768310546875,0.0,0.0,1,-1.13,1882.8768310546875,0.0,0.0,1,-1.95,1882.8768310546875,0.0,0.0,1,10
ZINC000000588928,-0.25,1882.8748779296875,0.0001037308956054,0.0,1,-0.77,1882.876037597656,4.214067633970235e-05,0.0,1,-0.83,1882.8768310546875,0.0,0.0,1,-0.85,1882.8753051757808,8.103976219173528e-05,0.0,1,-0.87,1882.8759765625,4.538226682737176e-05,0.0,1,-1.13,1882.875732421875,5.83486287780494e-05,0.0,1,-1.42,1882.8768310546875,0.0,0.0,1,-1.44,1882.8768310546875,0.0,0.0,1,-1.53,1882.8768310546875,0.0,0.0,1,-5.34,1882.8768310546875,0.0,0.0,1,10
ZINC000000588929,-0.85,1882.8668212890625,0.0005316208399777,0.0,1,-0.89,1882.865478515625,0.0006029358307065,0.0,1,-0.91,1882.868896484375,0.000421406763397,0.0,1,-0.92,1882.8679809570312,0.000470030620712,0.0,1,-0.92,1882.87060546875,0.0003306422297422,0.0,1,-1.02,1882.869201660156,0.0004051988109586,0.0,1,-1.04,1882.8653564453125,0.0006094190116818,0.0,1,-1.06,1882.8684692382808,0.0004440978968107,0.0,1,-1.36,1882.8702392578125,0.0003500917726682,0.0,1,-1.66,1882.8679809570312,0.000470030620712,0.0,1,10
ZINC000000592762,-0.59,1882.8665771484373,0.0005445872019284,0.0,1,-0.66,1882.8656616210933,0.0005932110592435,0.0,1,-1.01,1882.86865234375,0.0004343731253477,0.0,1,-1.03,1882.8680419921875,0.0004667890302243,0.0,1,-1.09,1882.8689575195312,0.0004181651729093,0.0,1,-1.16,1882.8674926757808,0.0004959633446134,0.0,1,-1.27,1882.8683471679688,0.000450581077786,0.0,1,-1.52,1882.869140625,0.0004084404014463,0.0,1,-1.92,1882.8668212890625,0.0005316208399777,0.0,1,-2.01,1882.8663940429688,0.0005543119733914,0.0,1,10
ZINC000000594936,-0.7,1882.866943359375,0.0005251376590024,0.0,1,-0.78,1882.869384765625,0.0003954740394956,0.0,1,-0.79,1882.8663330078125,0.0005575535638791,0.0,1,-0.92,1882.86865234375,0.0004343731253477,0.0,1,-0.93,1882.8685302734373,0.000440856306323,0.0,1,-0.94,1882.872314453125,0.0002398776960875,0.0,1,-1.15,1882.8707275390625,0.0003241590487669,0.0,1,-1.8,1882.8701171875,0.0003565749536436,0.0,1,-1.91,1882.8716430664065,0.0002755351914518,0.0,1,-2.42,1882.8677978515625,0.000479755392175,0.0,1,10
ZINC000000596881,-0.44,1882.866455078125,0.0005510703829037,0.0,1,-0.54,1882.8662109375,0.0005640367448544,0.0,1,-1.12,1882.866943359375,0.0005251376590024,0.0,1,-1.58,1882.865173339844,0.0006191437831448,0.0,1,-1.66,1882.8660278320312,0.0005737615163174,0.0,1,-1.68,1882.8662109375,0.0005640367448544,0.0,1,-2.29,1882.8665161132808,0.0005478287924161,0.0,1,-2.52,1882.865295410156,0.0006126606021695,0.0,1,-3.13,1882.8654174804688,0.0006061774211941,0.0,1,-3.32,1882.8670043945312,0.0005218960685147,0.0,1,10
ZINC000000597292,-0.57,1882.8681640625,0.000460305849249,0.0,1,-0.6,1882.8695678710933,0.0003857492680326,0.0,1,-0.65,1882.8676147460933,0.000489480163638,0.0,1,-0.72,1882.8678588867188,0.0004765138016874,0.0,1,-0.79,1882.8683471679688,0.000450581077786,0.0,1,-0.81,1882.869201660156,0.0004051988109586,0.0,1,-0.82,1882.8687133789065,0.00043113153486,0.0,1,-0.9,1882.8680419921875,0.0004667890302243,0.0,1,-0.93,1882.868896484375,0.000421406763397,0.0,1,-1.06,1882.8703002929688,0.0003468501821806,0.0,1,10
ZINC000000598425,-0.36,1882.87631225586,2.755351914519e-05,0.0,1,-0.47,1882.876037597656,4.214067633970235e-05,0.0,1,-0.54,1882.8768310546875,0.0,0.0,1,-0.72,1882.8752746582031,8.266055743556999e-05,0.0,1,-0.84,1882.875732421875,5.83486287780494e-05,0.0,1,-0.92,1882.876708984375,6.483180975338823e-06,0.0,1,-1.2,1882.8762817382808,2.91743143890247e-05,0.0,1,-1.21,1882.8750915527344,9.238532889857822e-05,0.0,1,-2.0,1882.8768310546875,0.0,0.0,1,-3.14,1882.8762817382808,2.91743143890247e-05,0.0,1,10
ZINC000000598514,-0.46,1882.871826171875,0.0002658104199888,0.0,1,-0.9,1882.8709106445312,0.0003144342773039,0.0,1,-0.95,1882.8692626953125,0.000401957220471,0.0,1,-1.05,1882.872314453125,0.0002398776960875,0.0,1,-1.12,1882.869384765625,0.0003954740394956,0.0,1,-1.21,1882.871337890625,0.0002917431438902,0.0,1,-1.24,1882.871154785156,0.0003014679153532,0.0,1,-1.41,1882.870513916016,0.0003355046154737,0.0,1,-1.86,1882.87109375,0.0003047095058409,0.0,1,-2.3,1882.8703002929688,0.0003468501821806,0.0,1,10
ZINC000000598538,-0.43,1882.8724975585933,0.0002301529246245,0.0,1,-0.48,1882.872131347656,0.0002496024675505,0.0,1,-0.54,1882.871032714844,0.0003079510963285,0.0,1,-0.6,1882.8720703125,0.0002528440580382,0.0,1,-0.61,1882.8731689453125,0.0001944954292601,0.0,1,-0.65,1882.87255859375,0.0002269113341368,0.0,1,-0.74,1882.872802734375,0.0002139449721861,0.0,1,-1.19,1882.8722534179688,0.0002431192865752,0.0,1,-1.31,1882.8722534179688,0.0002431192865752,0.0,1,-2.09,1882.871032714844,0.0003079510963285,0.0,1,10
ZINC000000598818,-0.48,1882.8717651367188,0.0002690520104765,0.0,1,-0.78,1882.871337890625,0.0002917431438902,0.0,1,-0.81,1882.8732299804688,0.0001912538387724,0.0,1,-0.9,1882.871032714844,0.0003079510963285,0.0,1,-1.68,1882.871154785156,0.0003014679153532,0.0,1,-1.76,1882.8723754882808,0.0002366361055998,0.0,1,-1.85,1882.8709106445312,0.0003144342773039,0.0,1,-1.87,1882.870056152344,0.0003598165441313,0.0,1,-2.4,1882.87060546875,0.0003306422297422,0.0,1,-2.48,1882.873046875,0.0002009786102355,0.0,1,10
ZINC000000599598,-0.45,1882.8665771484373,0.0005445872019284,0.0,1,-0.51,1882.865295410156,0.0006126606021695,0.0,1,-0.59,1882.867126464844,0.0005154128875394,0.0,1,-0.73,1882.866271972656,0.0005607951543668,0.0,1,-1.0,1882.865966796875,0.0005770031068051,0.0,1,-1.31,1882.8660278320312,0.0005737615163174,0.0,1,-1.4,1882.868408203125,0.0004473394872983,0.0,1,-1.45,1882.868225097656,0.0004570642587613,0.0,1,-1.53,1882.8698120117188,0.0003727829060819,0.0,1,-3.27,1882.8654174804688,0.0006061774211941,0.0,1,10
ZINC000000599915,-1.1,1882.8685913085933,0.0004376147158353,0.0,1,-1.17,1882.865173339844,0.0006191437831448,0.0,1,-1.18,1882.8698120117188,0.0003727829060819,0.0,1,-1.22,1882.8715209960933,0.0002820183724272,0.0,1,-1.22,1882.871154785156,0.0003014679153532,0.0,1,-1.41,1882.8656005859373,0.0005964526497311,0.0,1,-1.47,1882.8707885742188,0.0003209174582792,0.0,1,-1.79,1882.873046875,0.0002009786102355,0.0,1,-2.09,1882.8689575195312,0.0004181651729093,0.0,1,-5.25,1882.8697509765625,0.0003760244965696,0.0,1,10
ZINC000000599976,-0.82,1882.8763427734373,2.593272390135529e-05,0.0,1,-0.9,1882.8768310546875,0.0,0.0,1,-1.16,1882.8768310546875,0.0,0.0,1,-1.24,1882.8768310546875,0.0,0.0,1,-1.24,1882.8768310546875,0.0,0.0,1,-1.56,1882.8768310546875,0.0,0.0,1,-1.73,1882.8768310546875,0.0,0.0,1,-2.1,1882.8768310546875,0.0,0.0,1,-2.41,1882.8768310546875,0.0,0.0,1,-3.12,1882.8768310546875,0.0,0.0,1,10
ZINC000000600571,-0.42,1882.8677978515625,0.000479755392175,0.0,1,-0.84,1882.8695678710933,0.0003857492680326,0.0,1,-0.98,1882.869384765625,0.0003954740394956,0.0,1,-1.08,1882.8682861328125,0.0004538226682737,0.0,1,-1.15,1882.8668823242188,0.0005283792494901,0.0,1,-1.17,1882.8705444335933,0.0003338838202299,0.0,1,-1.21,1882.8677978515625,0.000479755392175,0.0,1,-1.52,1882.86767578125,0.0004862385731504,0.0,1,-2.03,1882.86767578125,0.0004862385731504,0.0,1,-3.41,1882.869140625,0.0004084404014463,0.0,1,10
ZINC000000600657,-1.32,1882.865295410156,0.0006126606021695,0.0,1,-1.5,1882.8656616210933,0.0005932110592435,0.0,1,-1.6,1882.866455078125,0.0005510703829037,0.0,1,-1.75,1882.8646850585933,0.0006450765070462,0.0,1,-1.92,1882.8660888671875,0.0005705199258298,0.0,1,-2.37,1882.8665771484373,0.0005445872019284,0.0,1,-3.03,1882.865173339844,0.0006191437831448,0.0,1,-3.24,1882.8659057617188,0.0005802446972928,0.0,1,-3.7,1882.8683471679688,0.000450581077786,0.0,1,-3.82,1882.8640747070312,0.0006774924119229,0.0,1,10
ZINC000000600941,-0.53,1882.8638305664065,0.0006904587738735,0.0,1,-0.59,1882.8650512695312,0.0006256269641201,0.0,1,-0.6,1882.8670654296875,0.0005186544780271,0.0,1,-0.63,1882.864013671875,0.0006807340024105,0.0,1,-0.63,1882.86328125,0.0007196330882626,0.0,1,-0.66,1882.8656005859373,0.0005964526497311,0.0,1,-1.06,1882.86474609375,0.0006418349165585,0.0,1,-1.13,1882.8655395507808,0.0005996942402188,0.0,1,-3.05,1882.865478515625,0.0006029358307065,0.0,1,-5.3,471.744140625,0.0,0.0,1,10
ZINC000000602752,-0.27,1882.8704833984373,0.0003371254107176,0.0,1,-0.33,1882.8688354492188,0.0004246483538846,0.0,1,-0.39,1882.8675537109373,0.0004927217541257,0.0,1,-0.41,1882.8689575195312,0.0004181651729093,0.0,1,-0.46,1882.86767578125,0.0004862385731504,0.0,1,-0.47,1882.8705444335933,0.0003338838202299,0.0,1,-0.81,1882.8690185546875,0.0004149235824216,0.0,1,-1.27,1882.8679809570312,0.000470030620712,0.0,1,-2.38,1882.8685913085933,0.0004376147158353,0.0,1,-5.47,1882.8678588867188,0.0004765138016874,0.0,1,10
ZINC000000602818,-0.77,1882.8712158203125,0.0002982263248655,0.0,1,-1.01,1882.87109375,0.0003047095058409,0.0,1,-1.34,1882.872314453125,0.0002398776960875,0.0,1,-1.42,1882.872985839844,0.0002042202007231,0.0,1,-1.47,1882.8726806640625,0.0002204281531615,0.0,1,-1.53,1882.8720703125,0.0002528440580382,0.0,1,-1.63,1882.871826171875,0.0002658104199888,0.0,1,-1.87,1882.8699340820312,0.0003662997251066,0.0,1,-2.49,1882.872009277344,0.0002560856485258,0.0,1,-5.51,1882.8707885742188,0.0003209174582792,0.0,1,10
ZINC000000619388,-0.32,1882.8711853027344,0.0002998471201094,0.0,1,-0.44,1882.8722229003904,0.000244740081819,0.0,1,-0.49,1882.8713989257808,0.0002885015534025,0.0,1,-0.64,1882.873107910156,0.0001977370197478,0.0,1,-0.84,1882.8703002929688,0.0003468501821806,0.0,1,-0.99,1882.8697509765625,0.0003760244965696,0.0,1,-1.02,1882.870361328125,0.0003436085916929,0.0,1,-1.07,1882.870147705078,0.0003549541583998,0.0,1,-3.56,1882.8716430664065,0.0002755351914518,0.0,1,-3.63,1882.8731994628904,0.0001928746340163,0.0,1,10
ZINC000000622043,-0.14,1882.8768310546875,0.0,0.0,1,-0.29,1882.8768310546875,0.0,0.0,1,-0.35,1882.8768310546875,0.0,0.0,1,-0.4,1882.8768310546875,0.0,0.0,1,-0.44,1882.8768310546875,0.0,0.0,1,-0.72,1882.8768310546875,0.0,0.0,1,-0.76,1882.8768310546875,0.0,0.0,1,-0.86,1882.8768310546875,0.0,0.0,1,-0.9,1882.8768310546875,0.0,0.0,1,-1.33,1882.8768310546875,0.0,0.0,1,10
ZINC000000622508,-0.56,1882.865966796875,0.0005770031068051,0.0,1,-0.69,1882.866149902344,0.0005672783353421,0.0,1,-0.8,1882.869201660156,0.0004051988109586,0.0,1,-0.83,1882.8687744140625,0.0004278899443723,0.0,1,-0.86,1882.8670654296875,0.0005186544780271,0.0,1,-0.96,1882.8709106445312,0.0003144342773039,0.0,1,-1.23,1882.8709106445312,0.0003144342773039,0.0,1,-1.33,1882.8659057617188,0.0005802446972928,0.0,1,-1.62,1882.869079589844,0.000411681991934,0.0,1,-1.87,1882.8707885742188,0.0003209174582792,0.0,1,10
ZINC000000623209,-0.53,1882.8768310546875,0.0,0.0,1,-0.6,1882.8768310546875,0.0,0.0,1,-0.61,1882.8768310546875,0.0,0.0,1,-0.68,1882.8768310546875,0.0,0.0,1,-0.75,1882.8768310546875,0.0,0.0,1,-0.81,1882.8768310546875,0.0,0.0,1,-0.95,1882.8768310546875,0.0,0.0,1,-1.03,1882.8768310546875,0.0,0.0,1,-1.38,1882.8766479492188,9.724771463008234e-06,0.0,1,-1.96,1882.8765869140625,1.2966361950677644e-05,0.0,1,10
ZINC000000626826,-0.25,1882.87255859375,0.0002269113341368,0.0,1,-0.62,1882.872131347656,0.0002496024675505,0.0,1,-1.0,1882.871337890625,0.0002917431438902,0.0,1,-1.05,1882.8728637695312,0.0002107033816985,0.0,1,-1.08,1882.8707275390625,0.0003241590487669,0.0,1,-1.18,1882.8733520507808,0.0001847706577971,0.0,1,-1.32,1882.873107910156,0.0001977370197478,0.0,1,-1.46,1882.8720703125,0.0002528440580382,0.0,1,-1.49,1882.8740234375,0.0001491131624327,0.0,1,-1.68,1882.8697509765625,0.0003760244965696,0.0,1,10
ZINC000000627159,-0.64,1882.8724975585933,0.0002301529246245,0.0,1,-0.66,1882.873107910156,0.0001977370197478,0.0,1,-0.99,1882.872802734375,0.0002139449721861,0.0,1,-1.02,1882.872009277344,0.0002560856485258,0.0,1,-1.06,1882.872985839844,0.0002042202007231,0.0,1,-1.1,1882.872802734375,0.0002139449721861,0.0,1,-1.22,1882.8721923828125,0.0002463608770628,0.0,1,-3.72,1882.8731689453125,0.0001944954292601,0.0,1,-6.25,1882.8729248046875,0.0002074617912108,0.0,1,-6.4,471.744140625,0.0,0.0,1,10
ZINC000000627402,-0.86,1882.8715209960933,0.0002820183724272,0.0,1,-0.97,1882.870361328125,0.0003436085916929,0.0,1,-1.08,1882.8716430664065,0.0002755351914518,0.0,1,-1.17,1882.871337890625,0.0002917431438902,0.0,1,-1.72,1882.8743286132808,0.0001329052099944,0.0,1,-2.19,1882.8757934570312,5.510703829037999e-05,0.0,1,-2.5,1882.8729248046875,0.0002074617912108,0.0,1,-2.53,1882.8743286132808,0.0001329052099944,0.0,1,-2.59,1882.8724365234373,0.0002333945151121,0.0,1,-2.79,1882.8745727539065,0.0001199388480437,0.0,1,10
ZINC000000627523,-0.67,1882.8748779296875,0.0001037308956054,0.0,1,-1.15,1882.8729248046875,0.0002074617912108,0.0,1,-1.42,1882.8743286132808,0.0001329052099944,0.0,1,-1.5,1882.8753051757808,8.103976219173528e-05,0.0,1,-1.92,1882.87451171875,0.0001231804385314,0.0,1,-1.96,1882.874938964844,0.0001004893051177,0.0,1,-2.08,1882.8741455078125,0.0001426299814574,0.0,1,-2.09,1882.8748168945312,0.000106972486093,0.0,1,-2.43,1882.872802734375,0.0002139449721861,0.0,1,-2.83,1882.8745727539065,0.0001199388480437,0.0,1,10
ZINC000000627640,-0.68,1882.8737182617188,0.0001653211148711,0.0,1,-0.83,1882.8756713867188,6.15902192657188e-05,0.0,1,-1.13,1882.8721923828125,0.0002463608770628,0.0,1,-1.23,1882.8732299804688,0.0001912538387724,0.0,1,-1.31,1882.8732299804688,0.0001912538387724,0.0,1,-1.33,1882.8735961914065,0.0001718042958464,0.0,1,-1.46,1882.8739013671875,0.0001555963434081,0.0,1,-1.49,1882.872131347656,0.0002496024675505,0.0,1,-1.55,1882.87451171875,0.0001231804385314,0.0,1,-1.84,1882.8763427734373,2.593272390135529e-05,0.0,1,10
ZINC000000629071,-0.56,1882.8768310546875,0.0,0.0,1,-1.01,1882.8768310546875,0.0,0.0,1,-1.16,1882.8768310546875,0.0,0.0,1,-1.17,1882.8768310546875,0.0,0.0,1,-1.19,1882.8768310546875,0.0,0.0,1,-1.44,1882.8768310546875,0.0,0.0,1,-1.57,1882.8768310546875,0.0,0.0,1,-1.98,1882.8768310546875,0.0,0.0,1,-2.68,1882.8768310546875,0.0,0.0,1,-2.85,1882.8768310546875,0.0,0.0,1,10
ZINC000000629281,-0.19,1882.8716430664065,0.0002755351914518,0.0,1,-0.23,1882.872985839844,0.0002042202007231,0.0,1,-0.3,1882.871032714844,0.0003079510963285,0.0,1,-0.33,1882.8709716796875,0.0003111926868162,0.0,1,-0.36,1882.8724365234373,0.0002333945151121,0.0,1,-0.38,1882.87109375,0.0003047095058409,0.0,1,-0.91,1882.872314453125,0.0002398776960875,0.0,1,-1.93,1882.8737182617188,0.0001653211148711,0.0,1,-2.93,1882.87255859375,0.0002269113341368,0.0,1,-5.8,1882.8712768554688,0.0002949847343779,0.0,1,10
ZINC000000629368,-0.23,1882.8737182617188,0.0001653211148711,0.0,1,-0.35,1882.8753662109373,7.779817170406587e-05,0.0,1,-0.63,1882.8746948242188,0.0001134556670684,0.0,1,-0.68,1882.8741455078125,0.0001426299814574,0.0,1,-0.77,1882.87353515625,0.0001750458863341,0.0,1,-0.79,1882.872131347656,0.0002496024675505,0.0,1,-0.79,1882.8731689453125,0.0001944954292601,0.0,1,-0.81,1882.8724975585933,0.0002301529246245,0.0,1,-1.5,1882.87353515625,0.0001750458863341,0.0,1,-1.83,1882.8734130859373,0.0001815290673094,0.0,1,10
ZINC000000629830,-0.23,1882.8768310546875,0.0,0.0,1,-0.36,1882.8768310546875,0.0,0.0,1,-0.42,1882.8768310546875,0.0,0.0,1,-0.45,1882.8768310546875,0.0,0.0,1,-0.49,1882.8768310546875,0.0,0.0,1,-0.5,1882.8768310546875,0.0,0.0,1,-0.52,1882.8768310546875,0.0,0.0,1,-1.1,1882.8768310546875,0.0,0.0,1,-1.14,1882.8768310546875,0.0,0.0,1,-1.14,1882.8768310546875,0.0,0.0,1,10
ZINC000000631439,-1.06,1882.876037597656,4.214067633970235e-05,0.0,1,-1.13,1882.8768310546875,0.0,0.0,1,-1.19,1882.8756713867188,6.15902192657188e-05,0.0,1,-1.2,1882.8756713867188,6.15902192657188e-05,0.0,1,-1.34,1882.8754272460933,7.455658121639646e-05,0.0,1,-1.42,1882.8768310546875,0.0,0.0,1,-1.46,1882.8768310546875,0.0,0.0,1,-2.12,1882.8768310546875,0.0,0.0,1,-2.33,1882.8743896484373,0.0001296636195067,0.0,1,-2.51,1882.8758544921875,5.186544780271058e-05,0.0,1,10
ZINC000000633707,-0.14,1882.8731689453125,0.0001944954292601,0.0,1,-0.14,1882.8759765625,4.538226682737176e-05,0.0,1,-0.16,1882.8724975585933,0.0002301529246245,0.0,1,-0.28,1882.8726196289065,0.0002236697436491,0.0,1,-0.29,1882.87158203125,0.0002787767819395,0.0,1,-0.31,1882.873962402344,0.0001523547529204,0.0,1,-0.37,1882.8740234375,0.0001491131624327,0.0,1,-0.4,1882.8731689453125,0.0001944954292601,0.0,1,-0.41,1882.8731689453125,0.0001944954292601,0.0,1,-0.51,1882.8713989257808,0.0002885015534025,0.0,1,10
ZINC000000633970,-0.41,1882.874084472656,0.0001458715719451,0.0,1,-0.46,1882.873779296875,0.0001620795243834,0.0,1,-0.59,1882.8751220703125,9.076453365474352e-05,0.0,1,-0.64,1882.873779296875,0.0001620795243834,0.0,1,-0.77,1882.87353515625,0.0001750458863341,0.0,1,-0.89,1882.8753662109373,7.779817170406587e-05,0.0,1,-1.03,1882.8768310546875,0.0,0.0,1,-1.49,1882.8735961914065,0.0001718042958464,0.0,1,-2.86,1882.8768310546875,0.0,0.0,1,-5.52,471.744140625,0.0,0.0,1,10
ZINC000000634063,-0.3,1882.8734130859373,0.0001815290673094,0.0,1,-0.35,1882.87060546875,0.0003306422297422,0.0,1,-0.42,1882.8741455078125,0.0001426299814574,0.0,1,-0.54,1882.8702392578125,0.0003500917726682,0.0,1,-0.55,1882.873107910156,0.0001977370197478,0.0,1,-0.56,1882.8738403320312,0.0001588379338958,0.0,1,-0.66,1882.873046875,0.0002009786102355,0.0,1,-0.97,1882.872131347656,0.0002496024675505,0.0,1,-1.47,1882.8737182617188,0.0001653211148711,0.0,1,-1.79,1882.87109375,0.0003047095058409,0.0,1,10
ZINC000000635636,-0.13,1882.8726806640625,0.0002204281531615,0.0,1,-0.19,1882.8719482421875,0.0002593272390135,0.0,1,-0.24,1882.8719482421875,0.0002593272390135,0.0,1,-0.27,1882.8720703125,0.0002528440580382,0.0,1,-0.36,1882.8722534179688,0.0002431192865752,0.0,1,-0.51,1882.8716430664065,0.0002755351914518,0.0,1,-0.6,1882.87353515625,0.0001750458863341,0.0,1,-0.61,1882.871826171875,0.0002658104199888,0.0,1,-0.78,1882.8722534179688,0.0002431192865752,0.0,1,-1.92,1882.8754272460933,7.455658121639646e-05,0.0,1,10
ZINC000000637423,-0.5,1882.8768310546875,0.0,0.0,1,-0.55,1882.8768310546875,0.0,0.0,1,-0.73,1882.8768310546875,0.0,0.0,1,-0.92,1882.8768310546875,0.0,0.0,1,-1.02,1882.8768310546875,0.0,0.0,1,-1.1,1882.8768310546875,0.0,0.0,1,-1.12,1882.8768310546875,0.0,0.0,1,-1.13,1882.8768310546875,0.0,0.0,1,-1.15,1882.8768310546875,0.0,0.0,1,-1.26,1882.8768310546875,0.0,0.0,1,10
ZINC000000637618,-0.47,1882.8731689453125,0.0001944954292601,0.0,1,-0.55,1882.87060546875,0.0003306422297422,0.0,1,-0.65,1882.8689575195312,0.0004181651729093,0.0,1,-0.75,1882.8681640625,0.000460305849249,0.0,1,-0.8,1882.870056152344,0.0003598165441313,0.0,1,-0.92,1882.8698120117188,0.0003727829060819,0.0,1,-1.05,1882.8697509765625,0.0003760244965696,0.0,1,-1.2,1882.8687744140625,0.0004278899443723,0.0,1,-1.38,1882.87060546875,0.0003306422297422,0.0,1,-1.62,1882.8713989257808,0.0002885015534025,0.0,1,10
ZINC000000641030,-0.21,1882.875732421875,5.83486287780494e-05,0.0,1,-0.41,1882.8768310546875,0.0,0.0,1,-0.47,1882.8736572265625,0.0001685627053588,0.0,1,-0.69,1882.8746337890625,0.000116697257556,0.0,1,-0.9,1882.87548828125,7.131499072872705e-05,0.0,1,-0.99,1882.8768310546875,0.0,0.0,1,-1.34,1882.8768310546875,0.0,0.0,1,-1.88,1882.8741455078125,0.0001426299814574,0.0,1,-3.14,1882.8741455078125,0.0001426299814574,0.0,1,-5.12,1882.8758544921875,5.186544780271058e-05,0.0,1,10
ZINC000000643203,-0.58,1882.8768310546875,0.0,0.0,1,-0.59,1882.8768310546875,0.0,0.0,1,-0.7,1882.8768310546875,0.0,0.0,1,-0.72,1882.8768310546875,0.0,0.0,1,-0.74,1882.8768310546875,0.0,0.0,1,-0.84,1882.8768310546875,0.0,0.0,1,-0.88,1882.8768310546875,0.0,0.0,1,-1.53,1882.8768310546875,0.0,0.0,1,-2.25,1882.8768310546875,0.0,0.0,1,-3.69,1882.8768310546875,0.0,0.0,1,10
ZINC000000644617,-0.21,1882.8768310546875,0.0,0.0,1,-0.25,1882.8768310546875,0.0,0.0,1,-0.43,1882.8768310546875,0.0,0.0,1,-0.47,1882.8768310546875,0.0,0.0,1,-0.52,1882.8768310546875,0.0,0.0,1,-0.52,1882.8768310546875,0.0,0.0,1,-0.59,1882.874755859375,0.0001102140765807,0.0,1,-0.61,1882.8768310546875,0.0,0.0,1,-0.64,1882.8766479492188,9.724771463008234e-06,0.0,1,-0.66,1882.8766479492188,9.724771463008234e-06,0.0,1,10
ZINC000000645237,-0.17,1882.8768310546875,0.0,0.0,1,-0.22,1882.8768310546875,0.0,0.0,1,-0.23,1882.8768310546875,0.0,0.0,1,-0.32,1882.8768310546875,0.0,0.0,1,-0.33,1882.8768310546875,0.0,0.0,1,-0.34,1882.8768310546875,0.0,0.0,1,-0.67,1882.8768310546875,0.0,0.0,1,-0.7,1882.8768310546875,0.0,0.0,1,-4.84,1882.8768310546875,0.0,0.0,1,-1000.0,471.744140625,0.0,0.0,0,9
ZINC000000645719,-0.6,1882.8768310546875,0.0,0.0,1,-0.61,1882.8768310546875,0.0,0.0,1,-0.69,1882.8768310546875,0.0,0.0,1,-1.07,1882.8768310546875,0.0,0.0,1,-1.26,1882.8768310546875,0.0,0.0,1,-1.34,1882.8768310546875,0.0,0.0,1,-1.35,1882.8768310546875,0.0,0.0,1,-1.42,1882.8768310546875,0.0,0.0,1,-1.75,1882.8768310546875,0.0,0.0,1,-3.29,1882.8768310546875,0.0,0.0,1,10
ZINC000000645826,-0.11,1882.8655395507808,0.0005996942402188,0.0,1,-0.38,1882.865966796875,0.0005770031068051,0.0,1,-0.56,1882.8643798828125,0.0006612844594845,0.0,1,-0.62,1882.8648071289065,0.0006385933260708,0.0,1,-0.72,1882.863525390625,0.0007066667263119,0.0,1,-0.72,1882.8658447265625,0.0005834862877804,0.0,1,-0.89,1882.8677978515625,0.000479755392175,0.0,1,-1.04,1882.8684692382808,0.0004440978968107,0.0,1,-1.13,1882.8676147460933,0.000489480163638,0.0,1,-1.2,1882.8660888671875,0.0005705199258298,0.0,1,10
ZINC000000648038,-1.09,1882.8766479492188,9.724771463008234e-06,0.0,1,-1.24,1882.8755493164065,6.807340024105763e-05,0.0,1,-1.37,1882.8741455078125,0.0001426299814574,0.0,1,-1.47,1882.8758544921875,5.186544780271058e-05,0.0,1,-1.48,1882.8768310546875,0.0,0.0,1,-1.51,1882.875,9.724771463008236e-05,0.0,1,-1.53,1882.8753051757808,8.103976219173528e-05,0.0,1,-2.29,1882.8743896484373,0.0001296636195067,0.0,1,-2.33,1882.875,9.724771463008236e-05,0.0,1,-3.01,1882.8758544921875,5.186544780271058e-05,0.0,1,10
ZINC000000649525,-0.82,1882.870178222656,0.0003533333631559,0.0,1,-1.11,1882.8709716796875,0.0003111926868162,0.0,1,-1.13,1882.8724365234373,0.0002333945151121,0.0,1,-1.27,1882.8731689453125,0.0001944954292601,0.0,1,-1.32,1882.8734741210933,0.0001782874768218,0.0,1,-1.46,1882.8706665039065,0.0003274006392546,0.0,1,-1.47,1882.8729248046875,0.0002074617912108,0.0,1,-1.86,1882.8729248046875,0.0002074617912108,0.0,1,-4.97,1882.8743896484373,0.0001296636195067,0.0,1,-1000.0,471.744140625,0.0,0.0,0,9
ZINC000000650552,-0.88,1882.875732421875,5.83486287780494e-05,0.0,1,-0.94,1882.8754272460933,7.455658121639646e-05,0.0,1,-1.0,1882.876037597656,4.214067633970235e-05,0.0,1,-1.03,1882.8768310546875,0.0,0.0,1,-1.03,1882.874938964844,0.0001004893051177,0.0,1,-1.05,1882.8768310546875,0.0,0.0,1,-1.43,1882.8768310546875,0.0,0.0,1,-1.62,1882.8754272460933,7.455658121639646e-05,0.0,1,-1.8,1882.8758544921875,5.186544780271058e-05,0.0,1,-3.13,1882.874755859375,0.0001102140765807,0.0,1,10
ZINC000000650821,-0.65,1882.871032714844,0.0003079510963285,0.0,1,-0.7,1882.8701171875,0.0003565749536436,0.0,1,-0.71,1882.871826171875,0.0002658104199888,0.0,1,-0.75,1882.8696899414065,0.0003792660870573,0.0,1,-0.99,1882.8720703125,0.0002528440580382,0.0,1,-1.06,1882.8742065429688,0.0001393883909697,0.0,1,-1.25,1882.8712768554688,0.0002949847343779,0.0,1,-1.32,1882.868408203125,0.0004473394872983,0.0,1,-2.73,1882.8723754882808,0.0002366361055998,0.0,1,-5.42,1882.87109375,0.0003047095058409,0.0,1,10
ZINC000000651606,-0.45,1882.8717041015625,0.0002722936009642,0.0,1,-0.45,1882.873046875,0.0002009786102355,0.0,1,-0.8,1882.8718872070312,0.0002625688295012,0.0,1,-0.88,1882.8746337890625,0.000116697257556,0.0,1,-1.22,1882.8761596679688,3.565749536436352e-05,0.0,1,-1.44,1882.8727416992188,0.0002171865626738,0.0,1,-1.53,1882.875,9.724771463008236e-05,0.0,1,-1.9,1882.8712768554688,0.0002949847343779,0.0,1,-2.47,1882.8743286132808,0.0001329052099944,0.0,1,-3.09,1882.8704833984373,0.0003371254107176,0.0,1,10
ZINC000000652083,-0.68,1882.8738403320312,0.0001588379338958,0.0,1,-0.77,1882.8741455078125,0.0001426299814574,0.0,1,-1.59,1882.87451171875,0.0001231804385314,0.0,1,-1.64,1882.87451171875,0.0001231804385314,0.0,1,-1.83,1882.8746337890625,0.000116697257556,0.0,1,-2.02,1882.8712158203125,0.0002982263248655,0.0,1,-2.52,1882.874755859375,0.0001102140765807,0.0,1,-3.0,1882.8732299804688,0.0001912538387724,0.0,1,-5.46,471.744140625,0.0,0.0,1,-1000.0,471.744140625,0.0,0.0,0,9
ZINC000000656411,-0.22,1882.8634033203125,0.0007131499072872,0.0,1,-0.35,1882.865478515625,0.0006029358307065,0.0,1,-0.49,1882.86865234375,0.0004343731253477,0.0,1,-0.5,1882.8684692382808,0.0004440978968107,0.0,1,-0.56,1882.8659057617188,0.0005802446972928,0.0,1,-0.62,1882.8655395507808,0.0005996942402188,0.0,1,-1.36,1882.866149902344,0.0005672783353421,0.0,1,-1.69,1882.866455078125,0.0005510703829037,0.0,1,-2.14,1882.8660278320312,0.0005737615163174,0.0,1,-3.44,1882.8662109375,0.0005640367448544,0.0,1,10
ZINC000000657851,-0.69,1882.8768310546875,0.0,0.0,1,-0.69,1882.8768310546875,0.0,0.0,1,-1.16,1882.8768310546875,0.0,0.0,1,-1.2,1882.8768310546875,0.0,0.0,1,-1.39,1882.8768310546875,0.0,0.0,1,-1.41,1882.8768310546875,0.0,0.0,1,-1.74,1882.8768310546875,0.0,0.0,1,-5.17,471.744140625,0.0,0.0,1,-5.3,1882.8768310546875,0.0,0.0,1,-1000.0,471.744140625,0.0,0.0,0,9
ZINC000000658338,-0.94,1882.875732421875,5.83486287780494e-05,0.0,1,-0.97,1882.8768310546875,0.0,0.0,1,-1.04,1882.8739013671875,0.0001555963434081,0.0,1,-1.08,1882.8768310546875,0.0,0.0,1,-1.09,1882.8762817382808,2.91743143890247e-05,0.0,1,-1.24,1882.8758544921875,5.186544780271058e-05,0.0,1,-1.29,1882.875244140625,8.42813526794047e-05,0.0,1,-1.33,1882.876220703125,3.241590487669411e-05,0.0,1,-1.4,1882.8761596679688,3.565749536436352e-05,0.0,1,-4.4,1882.8744506835933,0.0001264220290191,0.0,1,10
ZINC000000658429,-0.66,1882.86083984375,0.0008492967077693,0.0,1,-0.75,1882.8628540039065,0.0007423242216762,0.0,1,-0.87,1882.8609619140625,0.000842813526794,0.0,1,-0.94,1882.8637084960933,0.0006969419548489,0.0,1,-0.99,1882.8597412109373,0.0009076453365474,0.0,1,-1.03,1882.8624877929688,0.0007617737646023,0.0,1,-1.05,1882.863220214844,0.0007228746787502,0.0,1,-1.14,1882.861328125,0.000823363983868,0.0,1,-1.31,1882.8621215820312,0.0007812233075283,0.0,1,-1.48,1882.8624877929688,0.0007617737646023,0.0,1,10
ZINC000000658746,-0.26,1882.8768310546875,0.0,0.0,1,-0.7,1882.8754272460933,7.455658121639646e-05,0.0,1,-0.95,1882.8768310546875,0.0,0.0,1,-1.02,1882.876037597656,4.214067633970235e-05,0.0,1,-1.25,1882.8760986328125,3.8899085852032936e-05,0.0,1,-1.28,1882.8757934570312,5.510703829037999e-05,0.0,1,-1.31,1882.8761596679688,3.565749536436352e-05,0.0,1,-1.36,1882.8762817382808,2.91743143890247e-05,0.0,1,-1.61,1882.8762817382808,2.91743143890247e-05,0.0,1,-1.71,1882.875915527344,4.8623857315041175e-05,0.0,1,10
ZINC000000659833,-0.76,1882.8759765625,4.538226682737176e-05,0.0,1,-1.14,1882.8768310546875,0.0,0.0,1,-1.25,1882.8744506835933,0.0001264220290191,0.0,1,-1.33,1882.8744506835933,0.0001264220290191,0.0,1,-1.51,1882.876037597656,4.214067633970235e-05,0.0,1,-1.89,1882.8768310546875,0.0,0.0,1,-2.32,1882.8768310546875,0.0,0.0,1,-2.46,1882.8734130859373,0.0001815290673094,0.0,1,-2.9,1882.8768310546875,0.0,0.0,1,-3.85,1882.8736572265625,0.0001685627053588,0.0,1,10
ZINC000000659869,-1.17,1882.8768310546875,0.0,0.0,1,-1.24,1882.8768310546875,0.0,0.0,1,-1.26,1882.8768310546875,0.0,0.0,1,-1.41,1882.8768310546875,0.0,0.0,1,-1.5,1882.8768310546875,0.0,0.0,1,-1.61,1882.8768310546875,0.0,0.0,1,-1.89,1882.8768310546875,0.0,0.0,1,-2.11,1882.8768310546875,0.0,0.0,1,-2.15,1882.8768310546875,0.0,0.0,1,-5.13,1882.8768310546875,0.0,0.0,1,10
ZINC000000659975,-0.69,1882.8688354492188,0.0004246483538846,0.0,1,-1.83,1882.8714599609373,0.0002852599629149,0.0,1,-1.9,1882.8697509765625,0.0003760244965696,0.0,1,-2.08,1882.869384765625,0.0003954740394956,0.0,1,-2.09,1882.8692626953125,0.000401957220471,0.0,1,-2.15,1882.868408203125,0.0004473394872983,0.0,1,-2.31,1882.8683471679688,0.000450581077786,0.0,1,-2.66,1882.8693237304688,0.0003987156299833,0.0,1,-3.23,1882.8724975585933,0.0002301529246245,0.0,1,-3.82,1882.8696899414065,0.0003792660870573,0.0,1,10
ZINC000000660037,-0.53,1882.8656005859373,0.0005964526497311,0.0,1,-0.65,1882.869140625,0.0004084404014463,0.0,1,-0.68,1882.869079589844,0.000411681991934,0.0,1,-0.84,1882.8687133789065,0.00043113153486,0.0,1,-0.93,1882.8698120117188,0.0003727829060819,0.0,1,-0.97,1882.8687133789065,0.00043113153486,0.0,1,-1.15,1882.8692626953125,0.000401957220471,0.0,1,-1.2,1882.868408203125,0.0004473394872983,0.0,1,-1.22,1882.8685913085933,0.0004376147158353,0.0,1,-1.27,1882.8703002929688,0.0003468501821806,0.0,1,10
ZINC000000661580,-0.6,1882.8768310546875,0.0,0.0,1,-1.01,1882.8768310546875,0.0,0.0,1,-1.02,1882.8768310546875,0.0,0.0,1,-1.1,1882.8768310546875,0.0,0.0,1,-1.12,1882.8768310546875,0.0,0.0,1,-1.16,1882.8768310546875,0.0,0.0,1,-1.27,1882.8768310546875,0.0,0.0,1,-1.33,1882.8768310546875,0.0,0.0,1,-1.46,1882.8768310546875,0.0,0.0,1,-2.78,1882.8768310546875,0.0,0.0,1,10
ZINC000000663272,-0.38,1882.8748779296875,0.0001037308956054,0.0,1,-0.39,1882.875061035156,9.400612414241292e-05,0.0,1,-0.44,1882.8748168945312,0.000106972486093,0.0,1,-0.58,1882.8728637695312,0.0002107033816985,0.0,1,-0.66,1882.8738403320312,0.0001588379338958,0.0,1,-0.67,1882.8758544921875,5.186544780271058e-05,0.0,1,-0.82,1882.874267578125,0.0001361468004821,0.0,1,-0.99,1882.8742065429688,0.0001393883909697,0.0,1,-1.29,1882.8746337890625,0.000116697257556,0.0,1,-1000.0,471.744140625,0.0,0.0,0,9
ZINC000000664895,-0.81,1882.8716430664065,0.0002755351914518,0.0,1,-1.0,1882.87158203125,0.0002787767819395,0.0,1,-1.27,1882.8714599609373,0.0002852599629149,0.0,1,-1.36,1882.8724365234373,0.0002333945151121,0.0,1,-1.39,1882.8719482421875,0.0002593272390135,0.0,1,-1.79,1882.8695678710933,0.0003857492680326,0.0,1,-2.23,1882.8712158203125,0.0002982263248655,0.0,1,-2.61,1882.8687744140625,0.0004278899443723,0.0,1,-2.91,1882.873291015625,0.0001880122482848,0.0,1,-3.27,1882.871826171875,0.0002658104199888,0.0,1,10
ZINC000000665670,-0.56,1882.8768310546875,0.0,0.0,1,-0.8,1882.8768310546875,0.0,0.0,1,-0.91,1882.8768310546875,0.0,0.0,1,-1.06,1882.8768310546875,0.0,0.0,1,-1.06,1882.8768310546875,0.0,0.0,1,-1.09,1882.8768310546875,0.0,0.0,1,-1.14,1882.8768310546875,0.0,0.0,1,-1.17,1882.8768310546875,0.0,0.0,1,-1.42,1882.8768310546875,0.0,0.0,1,-1.79,1882.8768310546875,0.0,0.0,1,10
ZINC000000667139,-1.08,1882.8680419921875,0.0004667890302243,0.0,1,-1.15,1882.870849609375,0.0003176758677916,0.0,1,-1.16,1882.8688354492188,0.0004246483538846,0.0,1,-1.27,1882.8695678710933,0.0003857492680326,0.0,1,-1.43,1882.8670654296875,0.0005186544780271,0.0,1,-1.62,1882.86962890625,0.0003825076775449,0.0,1,-1.87,1882.8695068359373,0.0003889908585203,0.0,1,-2.25,1882.8684692382808,0.0004440978968107,0.0,1,-2.29,1882.8665771484373,0.0005445872019284,0.0,1,-2.63,1882.8689575195312,0.0004181651729093,0.0,1,10
ZINC000000667628,-0.5,1882.874084472656,0.0001458715719451,0.0,1,-1.19,1882.8748168945312,0.000106972486093,0.0,1,-1.22,1882.8753662109373,7.779817170406587e-05,0.0,1,-1.3,1882.874938964844,0.0001004893051177,0.0,1,-1.49,1882.873107910156,0.0001977370197478,0.0,1,-1.51,1882.8761596679688,3.565749536436352e-05,0.0,1,-1.63,1882.8759765625,4.538226682737176e-05,0.0,1,-1.78,1882.8726806640625,0.0002204281531615,0.0,1,-2.47,1882.8751831054688,8.75229431670741e-05,0.0,1,-4.2,1882.8726806640625,0.0002204281531615,0.0,1,10
ZINC000000667655,-0.93,1882.8726196289065,0.0002236697436491,0.0,1,-1.08,1882.871337890625,0.0002917431438902,0.0,1,-1.12,1882.8718872070312,0.0002625688295012,0.0,1,-1.15,1882.875732421875,5.83486287780494e-05,0.0,1,-1.39,1882.8743896484373,0.0001296636195067,0.0,1,-1.51,1882.8760986328125,3.8899085852032936e-05,0.0,1,-1.79,1882.8741455078125,0.0001426299814574,0.0,1,-2.16,1882.873962402344,0.0001523547529204,0.0,1,-3.84,1882.8727416992188,0.0002171865626738,0.0,1,-4.22,1882.873779296875,0.0001620795243834,0.0,1,10
ZINC000000672799,-0.55,1882.8724975585933,0.0002301529246245,0.0,1,-0.65,1882.8753662109373,7.779817170406587e-05,0.0,1,-0.91,1882.875,9.724771463008236e-05,0.0,1,-0.93,1882.8738403320312,0.0001588379338958,0.0,1,-1.0,1882.87255859375,0.0002269113341368,0.0,1,-1.34,1882.874084472656,0.0001458715719451,0.0,1,-1.35,1882.8734741210933,0.0001782874768218,0.0,1,-1.39,1882.8740234375,0.0001491131624327,0.0,1,-1.42,1882.873107910156,0.0001977370197478,0.0,1,-1.86,1882.876708984375,6.483180975338823e-06,0.0,1,10
ZINC000000679442,-0.66,1882.8768310546875,0.0,0.0,1,-0.7,1882.8768310546875,0.0,0.0,1,-0.72,1882.8768310546875,0.0,0.0,1,-0.78,1882.8768310546875,0.0,0.0,1,-0.86,1882.8768310546875,0.0,0.0,1,-1.02,1882.8768310546875,0.0,0.0,1,-1.06,1882.8768310546875,0.0,0.0,1,-1.2,1882.8768310546875,0.0,0.0,1,-1.48,1882.8768310546875,0.0,0.0,1,-1.7,1882.8768310546875,0.0,0.0,1,10
ZINC000000679655,-0.61,1882.8768310546875,0.0,0.0,1,-0.67,1882.8768310546875,0.0,0.0,1,-0.7,1882.8768310546875,0.0,0.0,1,-0.79,1882.8768310546875,0.0,0.0,1,-0.8,1882.8768310546875,0.0,0.0,1,-0.95,1882.8768310546875,0.0,0.0,1,-1.1,1882.8768310546875,0.0,0.0,1,-1.25,1882.8768310546875,0.0,0.0,1,-1.27,1882.8768310546875,0.0,0.0,1,-5.43,1882.8768310546875,0.0,0.0,1,10
ZINC000000679997,-0.55,1882.87060546875,0.0003306422297422,0.0,1,-0.74,1882.8739013671875,0.0001555963434081,0.0,1,-0.81,1882.8726196289065,0.0002236697436491,0.0,1,-0.95,1882.8746337890625,0.000116697257556,0.0,1,-1.11,1882.874084472656,0.0001458715719451,0.0,1,-1.12,1882.8721923828125,0.0002463608770628,0.0,1,-1.28,1882.8721923828125,0.0002463608770628,0.0,1,-1.55,1882.8728637695312,0.0002107033816985,0.0,1,-1.85,1882.8720703125,0.0002528440580382,0.0,1,-2.5,1882.8738403320312,0.0001588379338958,0.0,1,10
ZINC000000680046,-0.87,1882.873107910156,0.0001977370197478,0.0,1,-1.05,1882.8726196289065,0.0002236697436491,0.0,1,-1.12,1882.87158203125,0.0002787767819395,0.0,1,-1.25,1882.8734130859373,0.0001815290673094,0.0,1,-1.37,1882.8737182617188,0.0001653211148711,0.0,1,-1.38,1882.871337890625,0.0002917431438902,0.0,1,-1.39,1882.8716430664065,0.0002755351914518,0.0,1,-1.41,1882.873291015625,0.0001880122482848,0.0,1,-1.57,1882.87109375,0.0003047095058409,0.0,1,-1.58,1882.8706665039065,0.0003274006392546,0.0,1,10
ZINC000000689016,-1.23,1882.8762817382808,2.91743143890247e-05,0.0,1,-1.35,1882.875061035156,9.400612414241292e-05,0.0,1,-1.7,1882.8738403320312,0.0001588379338958,0.0,1,-1.82,1882.876220703125,3.241590487669411e-05,0.0,1,-1.84,1882.8742065429688,0.0001393883909697,0.0,1,-1.84,1882.8768310546875,0.0,0.0,1,-1.86,1882.8748779296875,0.0001037308956054,0.0,1,-1.87,1882.8768310546875,0.0,0.0,1,-2.08,1882.875244140625,8.42813526794047e-05,0.0,1,-2.57,1882.874755859375,0.0001102140765807,0.0,1,10
ZINC000000704224,-1.35,1882.8689575195312,0.0004181651729093,0.0,1,-1.41,1882.86865234375,0.0004343731253477,0.0,1,-1.43,1882.8682861328125,0.0004538226682737,0.0,1,-1.46,1882.8709106445312,0.0003144342773039,0.0,1,-1.5,1882.8687744140625,0.0004278899443723,0.0,1,-1.63,1882.868896484375,0.000421406763397,0.0,1,-2.75,1882.8676147460933,0.000489480163638,0.0,1,-2.85,1882.8677368164065,0.0004829969826627,0.0,1,-4.23,1882.8685302734373,0.000440856306323,0.0,1,-5.71,1882.87158203125,0.0002787767819395,0.0,1,10
ZINC000000708366,-0.51,1882.8756713867188,6.15902192657188e-05,0.0,1,-0.8,1882.876037597656,4.214067633970235e-05,0.0,1,-0.82,1882.8753051757808,8.103976219173528e-05,0.0,1,-1.1,1882.8765258789065,1.6207952438347055e-05,0.0,1,-1.27,1882.8768310546875,0.0,0.0,1,-1.38,1882.8768310546875,0.0,0.0,1,-1.41,1882.8768310546875,0.0,0.0,1,-1.5,1882.8768310546875,0.0,0.0,1,-1.68,1882.8768310546875,0.0,0.0,1,-2.16,1882.8768310546875,0.0,0.0,1,10
ZINC000000710178,-1.07,1882.874938964844,0.0001004893051177,0.0,1,-1.53,1882.8768310546875,0.0,0.0,1,-1.56,1882.8758544921875,5.186544780271058e-05,0.0,1,-1.72,1882.875,9.724771463008236e-05,0.0,1,-1.86,1882.8745727539065,0.0001199388480437,0.0,1,-1.89,1882.8748168945312,0.000106972486093,0.0,1,-2.28,1882.8766479492188,9.724771463008234e-06,0.0,1,-2.61,1882.876037597656,4.214067633970235e-05,0.0,1,-2.83,1882.8765869140625,1.2966361950677644e-05,0.0,1,-5.31,1882.8753051757808,8.103976219173528e-05,0.0,1,10
ZINC000000843841,-1.16,1882.8768310546875,0.0,0.0,1,-1.19,1882.8765869140625,1.2966361950677644e-05,0.0,1,-1.22,1882.8768310546875,0.0,0.0,1,-1.24,1882.8768310546875,0.0,0.0,1,-1.4,1882.8768310546875,0.0,0.0,1,-1.48,1882.8768310546875,0.0,0.0,1,-1.56,1882.8768310546875,0.0,0.0,1,-1.78,1882.8758544921875,5.186544780271058e-05,0.0,1,-4.01,1882.8768310546875,0.0,0.0,1,-4.26,1882.8768310546875,0.0,0.0,1,10
ZINC000000900946,-0.77,1882.8768310546875,0.0,0.0,1,-0.94,1882.8763427734373,2.593272390135529e-05,0.0,1,-1.17,1882.8768310546875,0.0,0.0,1,-1.3,1882.8768310546875,0.0,0.0,1,-1.33,1882.8768310546875,0.0,0.0,1,-1.37,1882.876037597656,4.214067633970235e-05,0.0,1,-1.55,1882.8765258789065,1.6207952438347055e-05,0.0,1,-1.68,1882.8768310546875,0.0,0.0,1,-2.7,1882.87353515625,0.0001750458863341,0.0,1,-3.94,1882.8754272460933,7.455658121639646e-05,0.0,1,10
ZINC000000907183,-0.36,1882.8755493164065,6.807340024105763e-05,0.0,1,-0.77,1882.8768310546875,0.0,0.0,1,-0.85,1882.8722534179688,0.0002431192865752,0.0,1,-1.12,1882.8739013671875,0.0001555963434081,0.0,1,-1.2,1882.872985839844,0.0002042202007231,0.0,1,-1.56,1882.8762817382808,2.91743143890247e-05,0.0,1,-2.58,1882.874755859375,0.0001102140765807,0.0,1,-3.25,1882.87548828125,7.131499072872705e-05,0.0,1,-3.74,1882.8743896484373,0.0001296636195067,0.0,1,-3.76,1882.8768310546875,0.0,0.0,1,10
ZINC000000948553,-0.86,1882.8768310546875,0.0,0.0,1,-1.72,1882.8738403320312,0.0001588379338958,0.0,1,-1.9,1882.871826171875,0.0002658104199888,0.0,1,-2.02,1882.8709716796875,0.0003111926868162,0.0,1,-2.27,1882.8735961914065,0.0001718042958464,0.0,1,-2.55,1882.8734741210933,0.0001782874768218,0.0,1,-2.75,1882.874267578125,0.0001361468004821,0.0,1,-3.6,1882.87353515625,0.0001750458863341,0.0,1,-4.41,1882.8742065429688,0.0001393883909697,0.0,1,-4.45,1882.8742065429688,0.0001393883909697,0.0,1,10
ZINC000000958035,-0.76,1882.862548828125,0.0007585321741146,0.0,1,-1.06,1882.865966796875,0.0005770031068051,0.0,1,-1.19,1882.8624877929688,0.0007617737646023,0.0,1,-1.27,1882.861083984375,0.0008363303458187,0.0,1,-1.31,1882.8659057617188,0.0005802446972928,0.0,1,-1.38,1882.8634033203125,0.0007131499072872,0.0,1,-1.71,1882.8641357421875,0.0006742508214352,0.0,1,-1.77,1882.863037109375,0.0007325994502132,0.0,1,-1.82,1882.8634033203125,0.0007131499072872,0.0,1,-4.2,1882.860412597656,0.000871987841183,0.0,1,10
ZINC000000973407,-0.85,1882.8768310546875,0.0,0.0,1,-1.02,1882.8768310546875,0.0,0.0,1,-1.42,1882.8768310546875,0.0,0.0,1,-1.46,1882.87646484375,1.9449542926016468e-05,0.0,1,-1.74,1882.8768310546875,0.0,0.0,1,-1.87,1882.8768310546875,0.0,0.0,1,-2.29,1882.8768310546875,0.0,0.0,1,-2.38,1882.8757934570312,5.510703829037999e-05,0.0,1,-2.98,1882.8768310546875,0.0,0.0,1,-3.13,1882.8768310546875,0.0,0.0,1,10
ZINC000000978885,-0.76,1882.8741455078125,0.0001426299814574,0.0,1,-0.91,1882.872131347656,0.0002496024675505,0.0,1,-1.13,1882.8693237304688,0.0003987156299833,0.0,1,-1.23,1882.869873046875,0.0003695413155943,0.0,1,-1.25,1882.8753662109373,7.779817170406587e-05,0.0,1,-1.27,1882.8724975585933,0.0002301529246245,0.0,1,-1.29,1882.8717041015625,0.0002722936009642,0.0,1,-1.31,1882.8729248046875,0.0002074617912108,0.0,1,-1.51,1882.87255859375,0.0002269113341368,0.0,1,-2.35,1882.8753662109373,7.779817170406587e-05,0.0,1,10
ZINC000000980284,-1.39,1882.875732421875,5.83486287780494e-05,0.0,1,-1.52,1882.8751831054688,8.75229431670741e-05,0.0,1,-2.04,1882.8768310546875,0.0,0.0,1,-2.05,1882.8765869140625,1.2966361950677644e-05,0.0,1,-2.06,1882.8768310546875,0.0,0.0,1,-2.29,1882.8768310546875,0.0,0.0,1,-2.39,1882.87548828125,7.131499072872705e-05,0.0,1,-2.5,1882.876037597656,4.214067633970235e-05,0.0,1,-3.23,1882.876708984375,6.483180975338823e-06,0.0,1,-3.65,1882.8759765625,4.538226682737176e-05,0.0,1,10
ZINC000000984851,-0.89,1882.8745727539065,0.0001199388480437,0.0,1,-1.84,1882.875244140625,8.42813526794047e-05,0.0,1,-2.09,1882.8766479492188,9.724771463008234e-06,0.0,1,-2.55,1882.8758544921875,5.186544780271058e-05,0.0,1,-2.59,1882.87548828125,7.131499072872705e-05,0.0,1,-2.62,1882.8746948242188,0.0001134556670684,0.0,1,-2.7,1882.8744506835933,0.0001264220290191,0.0,1,-2.86,1882.8746948242188,0.0001134556670684,0.0,1,-3.09,1882.874084472656,0.0001458715719451,0.0,1,-3.16,1882.8743286132808,0.0001329052099944,0.0,1,10
ZINC000000986420,-1.01,1882.8768310546875,0.0,0.0,1,-1.02,1882.8768310546875,0.0,0.0,1,-1.06,1882.8768310546875,0.0,0.0,1,-1.13,1882.8759765625,4.538226682737176e-05,0.0,1,-1.13,1882.8768310546875,0.0,0.0,1,-1.19,1882.8768310546875,0.0,0.0,1,-1.71,1882.876708984375,6.483180975338823e-06,0.0,1,-1.95,1882.8768310546875,0.0,0.0,1,-1.95,1882.8762817382808,2.91743143890247e-05,0.0,1,-3.46,1882.876220703125,3.241590487669411e-05,0.0,1,10
ZINC000001020265,-0.36,1882.8696899414065,0.0003792660870573,0.0,1,-0.56,1882.871154785156,0.0003014679153532,0.0,1,-0.7,1882.8720703125,0.0002528440580382,0.0,1,-0.76,1882.873107910156,0.0001977370197478,0.0,1,-0.76,1882.8712768554688,0.0002949847343779,0.0,1,-1.11,1882.8718872070312,0.0002625688295012,0.0,1,-1.12,1882.8728637695312,0.0002107033816985,0.0,1,-1.17,1882.8729248046875,0.0002074617912108,0.0,1,-1.66,1882.8723754882808,0.0002366361055998,0.0,1,-2.48,1882.8699340820312,0.0003662997251066,0.0,1,10
ZINC000001024699,-0.8,1882.8709716796875,0.0003111926868162,0.0,1,-1.46,1882.8699951171875,0.0003630581346189,0.0,1,-1.59,1882.8739013671875,0.0001555963434081,0.0,1,-1.93,1882.873962402344,0.0001523547529204,0.0,1,-2.66,1882.871826171875,0.0002658104199888,0.0,1,-3.19,1882.869201660156,0.0004051988109586,0.0,1,-3.35,1882.8720703125,0.0002528440580382,0.0,1,-3.5,1882.8723754882808,0.0002366361055998,0.0,1,-3.69,1882.8718872070312,0.0002625688295012,0.0,1,-4.75,1882.8724365234373,0.0002333945151121,0.0,1,10
ZINC000001030761,-0.82,1882.8689575195312,0.0004181651729093,0.0,1,-0.99,1882.868896484375,0.000421406763397,0.0,1,-1.2,1882.8705444335933,0.0003338838202299,0.0,1,-1.22,1882.8707885742188,0.0003209174582792,0.0,1,-1.25,1882.8682861328125,0.0004538226682737,0.0,1,-1.47,1882.869140625,0.0004084404014463,0.0,1,-1.86,1882.8706665039065,0.0003274006392546,0.0,1,-2.15,1882.8677368164065,0.0004829969826627,0.0,1,-2.22,1882.8677368164065,0.0004829969826627,0.0,1,-4.41,1882.8682861328125,0.0004538226682737,0.0,1,10
ZINC000001032952,-0.08,1882.872314453125,0.0002398776960875,0.0,1,-0.12,1882.8718872070312,0.0002625688295012,0.0,1,-0.28,1882.873107910156,0.0001977370197478,0.0,1,-1.4,1882.8729248046875,0.0002074617912108,0.0,1,-1.44,1882.8733520507808,0.0001847706577971,0.0,1,-1.47,1882.874755859375,0.0001102140765807,0.0,1,-1.74,1882.8716430664065,0.0002755351914518,0.0,1,-1.94,1882.8731689453125,0.0001944954292601,0.0,1,-5.0,1871.7159423828125,0.5927572365752285,0.0,1,-5.38,1882.873779296875,0.0001620795243834,0.0,1,10
ZINC000001036501,-0.7,1882.863525390625,0.0007066667263119,0.0,1,-0.76,1882.865173339844,0.0006191437831448,0.0,1,-0.76,1882.8637084960933,0.0006969419548489,0.0,1,-0.93,1882.863037109375,0.0007325994502132,0.0,1,-1.23,1882.8646240234373,0.0006483180975338,0.0,1,-1.43,1882.862548828125,0.0007585321741146,0.0,1,-1.58,1882.8638305664065,0.0006904587738735,0.0,1,-2.17,1882.8629150390625,0.0007390826311886,0.0,1,-2.43,1882.8640747070312,0.0006774924119229,0.0,1,-2.79,1882.8638305664065,0.0006904587738735,0.0,1,10
ZINC000001042276,-0.73,1882.8705444335933,0.0003338838202299,0.0,1,-1.05,1882.871826171875,0.0002658104199888,0.0,1,-1.14,1882.8720703125,0.0002528440580382,0.0,1,-1.31,1882.8734130859373,0.0001815290673094,0.0,1,-1.4,1882.871826171875,0.0002658104199888,0.0,1,-1.6,1882.87109375,0.0003047095058409,0.0,1,-1.63,1882.873046875,0.0002009786102355,0.0,1,-1.96,1882.8712768554688,0.0002949847343779,0.0,1,-3.75,1882.8698120117188,0.0003727829060819,0.0,1,-5.41,1882.872314453125,0.0002398776960875,0.0,1,10
ZINC000001048554,-0.76,1882.8695068359373,0.0003889908585203,0.0,1,-0.95,1882.8707885742188,0.0003209174582792,0.0,1,-1.62,1882.8706665039065,0.0003274006392546,0.0,1,-1.99,1882.8697509765625,0.0003760244965696,0.0,1,-2.05,1882.8724975585933,0.0002301529246245,0.0,1,-2.19,1882.870056152344,0.0003598165441313,0.0,1,-2.2,1882.869201660156,0.0004051988109586,0.0,1,-2.3,1882.8718872070312,0.0002625688295012,0.0,1,-2.36,1882.870056152344,0.0003598165441313,0.0,1,-2.55,1882.8694458007808,0.0003922324490079,0.0,1,10
ZINC000001049729,-0.34,1882.8759765625,4.538226682737176e-05,0.0,1,-0.34,1882.8744506835933,0.0001264220290191,0.0,1,-0.56,1882.874084472656,0.0001458715719451,0.0,1,-0.85,1882.875244140625,8.42813526794047e-05,0.0,1,-0.98,1882.8768310546875,0.0,0.0,1,-1.08,1882.876708984375,6.483180975338823e-06,0.0,1,-1.24,1882.8748168945312,0.000106972486093,0.0,1,-1.63,1882.8768310546875,0.0,0.0,1,-5.95,471.744140625,0.0,0.0,1,-1000.0,471.744140625,0.0,0.0,0,9
ZINC000001059015,-0.2,1882.8701171875,0.0003565749536436,0.0,1,-0.3,1882.8709106445312,0.0003144342773039,0.0,1,-0.38,1882.8713989257808,0.0002885015534025,0.0,1,-0.74,1882.8692626953125,0.000401957220471,0.0,1,-0.81,1882.870361328125,0.0003436085916929,0.0,1,-0.97,1882.8695678710933,0.0003857492680326,0.0,1,-1.07,1882.8692626953125,0.000401957220471,0.0,1,-1.56,1882.87060546875,0.0003306422297422,0.0,1,-1.72,1882.8695068359373,0.0003889908585203,0.0,1,-1.96,1882.8687133789065,0.00043113153486,0.0,1,10
ZINC000001060600,0.01,1882.8718872070312,0.0002625688295012,0.0,1,-0.22,1882.87353515625,0.0001750458863341,0.0,1,-1.23,1882.87158203125,0.0002787767819395,0.0,1,-1.25,1882.869079589844,0.000411681991934,0.0,1,-1.74,1882.870361328125,0.0003436085916929,0.0,1,-1.76,1882.872009277344,0.0002560856485258,0.0,1,-1.84,1882.8723754882808,0.0002366361055998,0.0,1,-2.33,1882.8695678710933,0.0003857492680326,0.0,1,-3.02,1882.870849609375,0.0003176758677916,0.0,1,-3.31,1882.870178222656,0.0003533333631559,0.0,1,10
ZINC000001070438,-0.38,1882.8675537109373,0.0004927217541257,0.0,1,-0.56,1882.8704223632808,0.0003403670012052,0.0,1,-0.62,1882.8688354492188,0.0004246483538846,0.0,1,-0.72,1882.8705444335933,0.0003338838202299,0.0,1,-1.01,1882.8704833984373,0.0003371254107176,0.0,1,-1.25,1882.872314453125,0.0002398776960875,0.0,1,-1.44,1882.8716430664065,0.0002755351914518,0.0,1,-1.47,1882.871337890625,0.0002917431438902,0.0,1,-2.31,1882.870056152344,0.0003598165441313,0.0,1,-2.86,1882.8677368164065,0.0004829969826627,0.0,1,10
ZINC000001095452,-0.77,1882.8768310546875,0.0,0.0,1,-1.01,1882.8768310546875,0.0,0.0,1,-1.13,1882.8768310546875,0.0,0.0,1,-1.27,1882.8768310546875,0.0,0.0,1,-1.29,1882.8768310546875,0.0,0.0,1,-1.82,1882.8768310546875,0.0,0.0,1,-2.07,1882.8768310546875,0.0,0.0,1,-2.08,1882.8768310546875,0.0,0.0,1,-2.48,1882.8768310546875,0.0,0.0,1,-1000.0,471.744140625,0.0,0.0,0,9
ZINC000001096268,-1.25,1882.8746337890625,0.000116697257556,0.0,1,-1.31,1882.8759765625,4.538226682737176e-05,0.0,1,-1.65,1882.8741455078125,0.0001426299814574,0.0,1,-1.68,1882.874938964844,0.0001004893051177,0.0,1,-1.81,1882.8735961914065,0.0001718042958464,0.0,1,-2.24,1882.8726196289065,0.0002236697436491,0.0,1,-2.5,1882.873962402344,0.0001523547529204,0.0,1,-3.28,1882.872802734375,0.0002139449721861,0.0,1,-3.53,1882.873962402344,0.0001523547529204,0.0,1,-3.79,1882.873046875,0.0002009786102355,0.0,1,10
ZINC000001096281,-1.16,1882.875,9.724771463008236e-05,0.0,1,-1.21,1882.8765258789065,1.6207952438347055e-05,0.0,1,-1.29,1882.8756103515625,6.483180975338822e-05,0.0,1,-1.66,1882.8734741210933,0.0001782874768218,0.0,1,-2.21,1882.872314453125,0.0002398776960875,0.0,1,-2.27,1882.8751220703125,9.076453365474352e-05,0.0,1,-2.31,1882.8764038085933,2.269113341368588e-05,0.0,1,-2.67,1882.875244140625,8.42813526794047e-05,0.0,1,-2.77,1882.8759765625,4.538226682737176e-05,0.0,1,-4.24,1882.87646484375,1.9449542926016468e-05,0.0,1,10
ZINC000001098002,-0.27,1882.8716430664065,0.0002755351914518,0.0,1,-0.27,1882.87109375,0.0003047095058409,0.0,1,-0.37,1882.8707275390625,0.0003241590487669,0.0,1,-0.43,1882.8728637695312,0.0002107033816985,0.0,1,-0.53,1882.872314453125,0.0002398776960875,0.0,1,-0.78,1882.8720703125,0.0002528440580382,0.0,1,-0.78,1882.8706665039065,0.0003274006392546,0.0,1,-1.45,1882.8721923828125,0.0002463608770628,0.0,1,-2.65,1882.8697509765625,0.0003760244965696,0.0,1,-5.47,1882.871154785156,0.0003014679153532,0.0,1,10
ZINC000001106486,-0.67,1882.8736572265625,0.0001685627053588,0.0,1,-1.27,1882.8751831054688,8.75229431670741e-05,0.0,1,-1.33,1882.8756713867188,6.15902192657188e-05,0.0,1,-1.34,1882.874267578125,0.0001361468004821,0.0,1,-1.48,1882.8763427734373,2.593272390135529e-05,0.0,1,-1.51,1882.8733520507808,0.0001847706577971,0.0,1,-1.76,1882.873046875,0.0002009786102355,0.0,1,-1.8,1882.8754272460933,7.455658121639646e-05,0.0,1,-1.84,1882.8729248046875,0.0002074617912108,0.0,1,-2.5,1882.8729248046875,0.0002074617912108,0.0,1,10
ZINC000001118789,-0.55,1882.87109375,0.0003047095058409,0.0,1,-0.58,1882.871032714844,0.0003079510963285,0.0,1,-0.77,1882.8707885742188,0.0003209174582792,0.0,1,-0.96,1882.8709106445312,0.0003144342773039,0.0,1,-1.12,1882.87353515625,0.0001750458863341,0.0,1,-1.23,1882.872009277344,0.0002560856485258,0.0,1,-1.4,1882.8739013671875,0.0001555963434081,0.0,1,-2.66,1882.871337890625,0.0002917431438902,0.0,1,-3.7,1882.8733520507808,0.0001847706577971,0.0,1,-5.3,1882.8751220703125,9.076453365474352e-05,0.0,1,10
ZINC000001119238,-0.51,1882.8768310546875,0.0,0.0,1,-0.58,1882.8768310546875,0.0,0.0,1,-0.62,1882.8768310546875,0.0,0.0,1,-0.77,1882.8751220703125,9.076453365474352e-05,0.0,1,-0.8,1882.8768310546875,0.0,0.0,1,-0.88,1882.8768310546875,0.0,0.0,1,-1.3,1882.8768310546875,0.0,0.0,1,-1.33,1882.8768310546875,0.0,0.0,1,-1.4,1882.8768310546875,0.0,0.0,1,-1.72,1882.8768310546875,0.0,0.0,1,10
ZINC000001128877,-1.08,1882.8705444335933,0.0003338838202299,0.0,1,-1.33,1882.8739013671875,0.0001555963434081,0.0,1,-1.5,1882.8740234375,0.0001491131624327,0.0,1,-1.5,1882.8734130859373,0.0001815290673094,0.0,1,-1.66,1882.8728637695312,0.0002107033816985,0.0,1,-1.82,1882.8741455078125,0.0001426299814574,0.0,1,-2.02,1882.872131347656,0.0002496024675505,0.0,1,-2.05,1882.873962402344,0.0001523547529204,0.0,1,-2.29,1882.8755493164065,6.807340024105763e-05,0.0,1,-2.46,1882.8702392578125,0.0003500917726682,0.0,1,10
ZINC000001135381,-0.86,1882.8768310546875,0.0,0.0,1,-0.99,1882.8768310546875,0.0,0.0,1,-1.1,1882.8768310546875,0.0,0.0,1,-1.4,1882.8768310546875,0.0,0.0,1,-1.43,1882.876708984375,6.483180975338823e-06,0.0,1,-1.55,1882.8768310546875,0.0,0.0,1,-1.59,1882.875915527344,4.8623857315041175e-05,0.0,1,-1.6,1882.8768310546875,0.0,0.0,1,-1.63,1882.875915527344,4.8623857315041175e-05,0.0,1,-2.01,1882.8760986328125,3.8899085852032936e-05,0.0,1,10
ZINC000001138054,-0.5,1882.8768310546875,0.0,0.0,1,-0.55,1882.8768310546875,0.0,0.0,1,-0.64,1882.8768310546875,0.0,0.0,1,-0.7,1882.8758544921875,5.186544780271058e-05,0.0,1,-0.73,1882.8763427734373,2.593272390135529e-05,0.0,1,-0.94,1882.8768310546875,0.0,0.0,1,-0.99,1882.8768310546875,0.0,0.0,1,-1.02,1882.8768310546875,0.0,0.0,1,-1.03,1882.8768310546875,0.0,0.0,1,-1.08,1882.8768310546875,0.0,0.0,1,10
ZINC000001141362,-0.66,1882.8768310546875,0.0,0.0,1,-0.81,1882.8768310546875,0.0,0.0,1,-0.83,1882.8758544921875,5.186544780271058e-05,0.0,1,-0.83,1882.8768310546875,0.0,0.0,1,-0.99,1882.8768310546875,0.0,0.0,1,-1.08,1882.8756103515625,6.483180975338822e-05,0.0,1,-1.16,1882.8761596679688,3.565749536436352e-05,0.0,1,-1.18,1882.8768310546875,0.0,0.0,1,-3.37,1882.8734741210933,0.0001782874768218,0.0,1,-4.58,1882.8768310546875,0.0,0.0,1,10
ZINC000001147830,-0.72,1882.8684692382808,0.0004440978968107,0.0,1,-0.98,1882.8693237304688,0.0003987156299833,0.0,1,-1.03,1882.870178222656,0.0003533333631559,0.0,1,-1.17,1882.8696899414065,0.0003792660870573,0.0,1,-1.23,1882.8756713867188,6.15902192657188e-05,0.0,1,-1.36,1882.8724975585933,0.0002301529246245,0.0,1,-1.38,1882.87109375,0.0003047095058409,0.0,1,-1.45,1882.872131347656,0.0002496024675505,0.0,1,-1.46,1882.8709106445312,0.0003144342773039,0.0,1,-1.59,1882.8695068359373,0.0003889908585203,0.0,1,10
ZINC000001148251,-0.38,1882.8763427734373,2.593272390135529e-05,0.0,1,-0.83,1882.873107910156,0.0001977370197478,0.0,1,-1.04,1882.8756103515625,6.483180975338822e-05,0.0,1,-1.1,1882.8727416992188,0.0002171865626738,0.0,1,-1.14,1882.8742065429688,0.0001393883909697,0.0,1,-1.26,1882.8768310546875,0.0,0.0,1,-1.35,1882.8734130859373,0.0001815290673094,0.0,1,-1.36,1882.8754272460933,7.455658121639646e-05,0.0,1,-1.38,1882.8743896484373,0.0001296636195067,0.0,1,-3.25,1882.8754272460933,7.455658121639646e-05,0.0,1,10
ZINC000001148831,-0.65,1882.8757934570312,5.510703829037999e-05,0.0,1,-0.69,1882.8757934570312,5.510703829037999e-05,0.0,1,-0.8,1882.8768310546875,0.0,0.0,1,-1.02,1882.8768310546875,0.0,0.0,1,-1.23,1882.8768310546875,0.0,0.0,1,-1.29,1882.8768310546875,0.0,0.0,1,-1.33,1882.8765869140625,1.2966361950677644e-05,0.0,1,-1.41,1882.8744506835933,0.0001264220290191,0.0,1,-1.7,1882.8768310546875,0.0,0.0,1,-5.38,1882.8768310546875,0.0,0.0,1,10
ZINC000001156339,-0.56,1882.875915527344,4.8623857315041175e-05,0.0,1,-0.74,1882.8768310546875,0.0,0.0,1,-1.14,1882.8735961914065,0.0001718042958464,0.0,1,-1.15,1882.8746948242188,0.0001134556670684,0.0,1,-1.36,1882.8748779296875,0.0001037308956054,0.0,1,-2.07,1882.8740234375,0.0001491131624327,0.0,1,-2.58,1882.876220703125,3.241590487669411e-05,0.0,1,-3.5,1882.874084472656,0.0001458715719451,0.0,1,-3.62,1882.8724975585933,0.0002301529246245,0.0,1,-4.42,1882.873107910156,0.0001977370197478,0.0,1,10
ZINC000001156815,-0.79,1882.8733520507808,0.0001847706577971,0.0,1,-0.97,1882.8716430664065,0.0002755351914518,0.0,1,-1.1,1882.8732299804688,0.0001912538387724,0.0,1,-1.3,1882.872314453125,0.0002398776960875,0.0,1,-1.96,1882.8748168945312,0.000106972486093,0.0,1,-2.07,1882.872802734375,0.0002139449721861,0.0,1,-2.29,1882.8727416992188,0.0002171865626738,0.0,1,-2.57,1882.87255859375,0.0002269113341368,0.0,1,-2.92,1882.8737182617188,0.0001653211148711,0.0,1,-3.37,1882.8721923828125,0.0002463608770628,0.0,1,10
ZINC000001159138,-0.54,1882.8768310546875,0.0,0.0,1,-0.98,1882.8768310546875,0.0,0.0,1,-1.05,1882.8768310546875,0.0,0.0,1,-1.22,1882.8755493164065,6.807340024105763e-05,0.0,1,-1.25,1882.8748168945312,0.000106972486093,0.0,1,-1.77,1882.874938964844,0.0001004893051177,0.0,1,-2.18,1882.875244140625,8.42813526794047e-05,0.0,1,-2.58,1882.8763427734373,2.593272390135529e-05,0.0,1,-3.34,1882.8736572265625,0.0001685627053588,0.0,1,-3.46,1882.875,9.724771463008236e-05,0.0,1,10
ZINC000001160038,-0.12,1882.8768310546875,0.0,0.0,1,-0.64,1882.8755493164065,6.807340024105763e-05,0.0,1,-0.78,1882.8751220703125,9.076453365474352e-05,0.0,1,-0.82,1882.874267578125,0.0001361468004821,0.0,1,-0.85,1882.873779296875,0.0001620795243834,0.0,1,-0.96,1882.876037597656,4.214067633970235e-05,0.0,1,-1.03,1882.8732299804688,0.0001912538387724,0.0,1,-1.21,1882.876708984375,6.483180975338823e-06,0.0,1,-1.26,1882.8764038085933,2.269113341368588e-05,0.0,1,-1.35,1882.8743896484373,0.0001296636195067,0.0,1,10
ZINC000001176546,-1.15,1882.8680419921875,0.0004667890302243,0.0,1,-1.18,1882.868896484375,0.000421406763397,0.0,1,-1.35,1882.8678588867188,0.0004765138016874,0.0,1,-1.53,1882.8698120117188,0.0003727829060819,0.0,1,-1.75,1882.8681640625,0.000460305849249,0.0,1,-1.76,1882.868408203125,0.0004473394872983,0.0,1,-2.08,1882.8683471679688,0.000450581077786,0.0,1,-2.56,1882.8692626953125,0.000401957220471,0.0,1,-2.99,1882.8684692382808,0.0004440978968107,0.0,1,-4.24,1882.870178222656,0.0003533333631559,0.0,1,10
ZINC000001176587,-1.26,1882.8768310546875,0.0,0.0,1,-1.42,1882.8768310546875,0.0,0.0,1,-1.44,1882.875732421875,5.83486287780494e-05,0.0,1,-1.64,1882.8743286132808,0.0001329052099944,0.0,1,-1.98,1882.8737182617188,0.0001653211148711,0.0,1,-1.99,1882.8768310546875,0.0,0.0,1,-2.01,1882.8768310546875,0.0,0.0,1,-2.26,1882.8768310546875,0.0,0.0,1,-2.54,1882.8768310546875,0.0,0.0,1,-1000.0,471.744140625,0.0,0.0,0,9
ZINC000001178717,-0.37,1882.8768310546875,0.0,0.0,1,-0.44,1882.8766479492188,9.724771463008234e-06,0.0,1,-0.46,1882.8768310546875,0.0,0.0,1,-0.61,1882.8768310546875,0.0,0.0,1,-0.73,1882.8768310546875,0.0,0.0,1,-1.03,1882.8768310546875,0.0,0.0,1,-1.12,1882.8768310546875,0.0,0.0,1,-1.48,1882.8760986328125,3.8899085852032936e-05,0.0,1,-2.07,1882.8768310546875,0.0,0.0,1,-2.58,1882.8768310546875,0.0,0.0,1,10
ZINC000001210980,-0.96,1882.8746337890625,0.000116697257556,0.0,1,-0.98,1882.8724365234373,0.0002333945151121,0.0,1,-1.36,1882.8727416992188,0.0002171865626738,0.0,1,-1.42,1882.873046875,0.0002009786102355,0.0,1,-1.8,1882.874755859375,0.0001102140765807,0.0,1,-1.9,1882.876220703125,3.241590487669411e-05,0.0,1,-2.15,1882.872802734375,0.0002139449721861,0.0,1,-2.38,1882.872131347656,0.0002496024675505,0.0,1,-2.64,1882.8727416992188,0.0002171865626738,0.0,1,-2.7,1882.871337890625,0.0002917431438902,0.0,1,10
ZINC000001226913,-0.75,1882.8768310546875,0.0,0.0,1,-0.77,1882.8768310546875,0.0,0.0,1,-0.92,1882.8768310546875,0.0,0.0,1,-1.03,1882.8768310546875,0.0,0.0,1,-1.25,1882.8768310546875,0.0,0.0,1,-1.29,1882.8768310546875,0.0,0.0,1,-1.61,1882.8768310546875,0.0,0.0,1,-1.8,1882.875732421875,5.83486287780494e-05,0.0,1,-1.81,1882.8768310546875,0.0,0.0,1,-2.93,1882.8768310546875,0.0,0.0,1,10
ZINC000001229509,-0.86,1882.875915527344,4.8623857315041175e-05,0.0,1,-1.27,1882.8768310546875,0.0,0.0,1,-1.3,1882.8768310546875,0.0,0.0,1,-1.33,1882.875915527344,4.8623857315041175e-05,0.0,1,-1.36,1882.8768310546875,0.0,0.0,1,-1.45,1882.876708984375,6.483180975338823e-06,0.0,1,-1.47,1882.8765869140625,1.2966361950677644e-05,0.0,1,-1.56,1882.8768310546875,0.0,0.0,1,-1.63,1882.8765258789065,1.6207952438347055e-05,0.0,1,-1.73,1882.8763427734373,2.593272390135529e-05,0.0,1,10
ZINC000001274692,-0.7,1882.870849609375,0.0003176758677916,0.0,1,-0.95,1882.8681640625,0.000460305849249,0.0,1,-1.46,1882.8694458007808,0.0003922324490079,0.0,1,-1.46,1882.8712158203125,0.0002982263248655,0.0,1,-1.56,1882.8704833984373,0.0003371254107176,0.0,1,-1.66,1882.8680419921875,0.0004667890302243,0.0,1,-1.73,1882.8717651367188,0.0002690520104765,0.0,1,-1.96,1882.8735961914065,0.0001718042958464,0.0,1,-2.61,1882.8726806640625,0.0002204281531615,0.0,1,-4.44,1882.8712158203125,0.0002982263248655,0.0,1,10
ZINC000001314921,-0.89,1882.87548828125,7.131499072872705e-05,0.0,1,-1.0,1882.8733520507808,0.0001847706577971,0.0,1,-1.22,1882.8732299804688,0.0001912538387724,0.0,1,-1.51,1882.8739013671875,0.0001555963434081,0.0,1,-1.61,1882.8751831054688,8.75229431670741e-05,0.0,1,-1.65,1882.8748779296875,0.0001037308956054,0.0,1,-2.11,1882.875244140625,8.42813526794047e-05,0.0,1,-2.88,1882.8695678710933,0.0003857492680326,0.0,1,-3.0,1882.875061035156,9.400612414241292e-05,0.0,1,-4.22,1882.8768310546875,0.0,0.0,1,10
ZINC000001324556,-0.31,1882.8768310546875,0.0,0.0,1,-0.5,1882.8768310546875,0.0,0.0,1,-0.66,1882.8768310546875,0.0,0.0,1,-0.71,1882.8768310546875,0.0,0.0,1,-0.76,1882.8768310546875,0.0,0.0,1,-0.9,1882.8768310546875,0.0,0.0,1,-0.93,1882.8768310546875,0.0,0.0,1,-0.94,1882.8768310546875,0.0,0.0,1,-1.05,1882.8768310546875,0.0,0.0,1,-1.1,1882.8768310546875,0.0,0.0,1,10
ZINC000001326441,-0.17,1882.8721923828125,0.0002463608770628,0.0,1,-0.25,1882.8716430664065,0.0002755351914518,0.0,1,-0.35,1882.873962402344,0.0001523547529204,0.0,1,-0.6,1882.871032714844,0.0003079510963285,0.0,1,-0.61,1882.8738403320312,0.0001588379338958,0.0,1,-0.63,1882.8746948242188,0.0001134556670684,0.0,1,-0.64,1882.8735961914065,0.0001718042958464,0.0,1,-0.68,1882.8720703125,0.0002528440580382,0.0,1,-1.13,1882.873107910156,0.0001977370197478,0.0,1,-2.83,1882.871154785156,0.0003014679153532,0.0,1,10
ZINC000001372744,-0.53,1882.8707885742188,0.0003209174582792,0.0,1,-0.99,1882.871337890625,0.0002917431438902,0.0,1,-1.14,1882.872009277344,0.0002560856485258,0.0,1,-1.17,1882.8699340820312,0.0003662997251066,0.0,1,-1.31,1882.8701171875,0.0003565749536436,0.0,1,-1.38,1882.8718872070312,0.0002625688295012,0.0,1,-1.46,1882.8726196289065,0.0002236697436491,0.0,1,-1.75,1882.876220703125,3.241590487669411e-05,0.0,1,-1.78,1882.8719482421875,0.0002593272390135,0.0,1,-1.86,1882.8746948242188,0.0001134556670684,0.0,1,10
ZINC000001452709,-0.6,1882.873962402344,0.0001523547529204,0.0,1,-0.71,1882.8754272460933,7.455658121639646e-05,0.0,1,-0.77,1882.87451171875,0.0001231804385314,0.0,1,-0.78,1882.8759765625,4.538226682737176e-05,0.0,1,-0.79,1882.8728637695312,0.0002107033816985,0.0,1,-0.96,1882.8743896484373,0.0001296636195067,0.0,1,-1.01,1882.874084472656,0.0001458715719451,0.0,1,-1.11,1882.8745727539065,0.0001199388480437,0.0,1,-2.57,1882.8746948242188,0.0001134556670684,0.0,1,-3.08,1882.875,9.724771463008236e-05,0.0,1,10
ZINC000001481851,-0.9,1882.872802734375,0.0002139449721861,0.0,1,-0.9,1882.872314453125,0.0002398776960875,0.0,1,-0.96,1882.871826171875,0.0002658104199888,0.0,1,-1.0,1882.872985839844,0.0002042202007231,0.0,1,-1.1,1882.8693237304688,0.0003987156299833,0.0,1,-1.11,1882.870849609375,0.0003176758677916,0.0,1,-1.24,1882.871337890625,0.0002917431438902,0.0,1,-1.28,1882.869873046875,0.0003695413155943,0.0,1,-1.29,1882.8707885742188,0.0003209174582792,0.0,1,-1.31,1882.8680419921875,0.0004667890302243,0.0,1,10
ZINC000001482899,0.3,1882.8768310546875,0.0,0.0,1,-0.01,1882.8768310546875,0.0,0.0,1,-0.15,1882.8768310546875,0.0,0.0,1,-0.41,1882.8768310546875,0.0,0.0,1,-0.43,1882.8768310546875,0.0,0.0,1,-0.56,1882.8768310546875,0.0,0.0,1,-0.75,1882.8768310546875,0.0,0.0,1,-1.57,1882.8768310546875,0.0,0.0,1,-1.7,1882.8768310546875,0.0,0.0,1,-3.04,1882.8768310546875,0.0,0.0,1,10
ZINC000001483247,-0.29,1882.8768310546875,0.0,0.0,1,-0.74,1882.8768310546875,0.0,0.0,1,-0.82,1882.8768310546875,0.0,0.0,1,-1.0,1882.8768310546875,0.0,0.0,1,-1.25,1882.8768310546875,0.0,0.0,1,-1.5,1882.8768310546875,0.0,0.0,1,-1.56,1882.8768310546875,0.0,0.0,1,-1.61,1882.8768310546875,0.0,0.0,1,-1.82,1882.8768310546875,0.0,0.0,1,-2.33,1882.8768310546875,0.0,0.0,1,10
ZINC000001485082,-0.72,1882.866271972656,0.0005607951543668,0.0,1,-1.15,1882.871154785156,0.0003014679153532,0.0,1,-1.33,1882.8692626953125,0.000401957220471,0.0,1,-1.58,1882.86962890625,0.0003825076775449,0.0,1,-1.62,1882.873046875,0.0002009786102355,0.0,1,-1.64,1882.8729248046875,0.0002074617912108,0.0,1,-2.3,1882.870178222656,0.0003533333631559,0.0,1,-2.85,1882.8709716796875,0.0003111926868162,0.0,1,-2.91,1882.870056152344,0.0003598165441313,0.0,1,-2.93,1882.8719482421875,0.0002593272390135,0.0,1,10
ZINC000001486630,-1.49,1882.872009277344,0.0002560856485258,0.0,1,-1.71,1882.8737182617188,0.0001653211148711,0.0,1,-2.09,1882.8724365234373,0.0002333945151121,0.0,1,-2.38,1882.8754272460933,7.455658121639646e-05,0.0,1,-2.49,1882.8722534179688,0.0002431192865752,0.0,1,-2.66,1882.87255859375,0.0002269113341368,0.0,1,-2.7,1882.8763427734373,2.593272390135529e-05,0.0,1,-2.89,1882.8737182617188,0.0001653211148711,0.0,1,-4.69,1882.8760986328125,3.8899085852032936e-05,0.0,1,-4.82,1882.874755859375,0.0001102140765807,0.0,1,10
ZINC000001487922,-0.95,1882.86962890625,0.0003825076775449,0.0,1,-1.06,1882.8694458007808,0.0003922324490079,0.0,1,-1.1,1882.873107910156,0.0001977370197478,0.0,1,-1.18,1882.8706665039065,0.0003274006392546,0.0,1,-1.22,1882.8705444335933,0.0003338838202299,0.0,1,-1.32,1882.870178222656,0.0003533333631559,0.0,1,-1.33,1882.8707885742188,0.0003209174582792,0.0,1,-1.43,1882.8726196289065,0.0002236697436491,0.0,1,-1.61,1882.8731689453125,0.0001944954292601,0.0,1,-2.7,1882.869201660156,0.0004051988109586,0.0,1,10
ZINC000001490073,-1.19,1882.8746948242188,0.0001134556670684,0.0,1,-1.28,1882.8728637695312,0.0002107033816985,0.0,1,-1.39,1882.8742065429688,0.0001393883909697,0.0,1,-1.56,1882.8743896484373,0.0001296636195067,0.0,1,-1.67,1882.874084472656,0.0001458715719451,0.0,1,-1.72,1882.872802734375,0.0002139449721861,0.0,1,-1.88,1882.871154785156,0.0003014679153532,0.0,1,-2.64,1882.875,9.724771463008236e-05,0.0,1,-3.07,1882.873046875,0.0002009786102355,0.0,1,-3.5,1882.872802734375,0.0002139449721861,0.0,1,10
ZINC000001493846,-1.04,1882.8683471679688,0.000450581077786,0.0,1,-1.06,1882.8694458007808,0.0003922324490079,0.0,1,-1.09,1882.8681640625,0.000460305849249,0.0,1,-1.16,1882.8690185546875,0.0004149235824216,0.0,1,-1.19,1882.8667602539065,0.0005348624304654,0.0,1,-1.41,1882.8690185546875,0.0004149235824216,0.0,1,-1.46,1882.868103027344,0.0004635474397367,0.0,1,-1.76,1882.872009277344,0.0002560856485258,0.0,1,-2.09,1882.8667602539065,0.0005348624304654,0.0,1,-3.5,1882.8660888671875,0.0005705199258298,0.0,1,10
ZINC000001530272,-0.43,1624.352996826172,13.730257336254136,85.71428571428571,1,-0.44,1557.7095642089844,17.26970460747354,100.0,1,-0.61,1608.639190673828,14.564821015257063,100.0,1,-0.78,1629.6839904785156,13.447127098289627,100.0,1,-0.8,1882.8768310546875,0.0,0.0,1,-0.84,1687.1828918457031,10.393347880294804,100.0,1,-1.53,1882.8768310546875,0.0,0.0,1,-1.82,1882.8768310546875,0.0,0.0,1,-2.49,1882.8768310546875,0.0,0.0,1,-2.59,1882.8768310546875,0.0,0.0,1,10
ZINC000001532865,-0.23,1700.4825134277344,9.687002071441151,100.0,1,-0.32,1719.10400390625,8.698010642400899,90.9090909090909,1,-0.44,1702.36328125,9.587114081358864,90.9090909090909,1,-0.52,1882.8768310546875,0.0,0.0,1,-0.65,1882.8768310546875,0.0,0.0,1,-0.68,1689.8065490722656,10.25400487159185,100.0,1,-0.72,1702.8833618164062,9.559492488813431,90.9090909090909,1,-0.84,1882.8768310546875,0.0,0.0,1,-0.93,1882.8768310546875,0.0,0.0,1,-1.04,1709.0360412597656,9.232722338908674,90.9090909090909,1,10
ZINC000001535471,-1.03,1882.8737182617188,0.0001653211148711,0.0,1,-1.15,1882.8743286132808,0.0001329052099944,0.0,1,-1.25,1882.8717041015625,0.0002722936009642,0.0,1,-1.39,1882.8755493164065,6.807340024105763e-05,0.0,1,-1.43,1882.8753051757808,8.103976219173528e-05,0.0,1,-1.76,1882.8727416992188,0.0002171865626738,0.0,1,-2.15,1882.8736572265625,0.0001685627053588,0.0,1,-2.42,1882.8746337890625,0.000116697257556,0.0,1,-3.29,1882.8722534179688,0.0002431192865752,0.0,1,-3.61,1882.8731689453125,0.0001944954292601,0.0,1,10
ZINC000001538600,-0.45,1882.869201660156,0.0004051988109586,0.0,1,-0.58,1882.8668212890625,0.0005316208399777,0.0,1,-0.97,1882.8712768554688,0.0002949847343779,0.0,1,-0.99,1882.868103027344,0.0004635474397367,0.0,1,-1.23,1882.8713989257808,0.0002885015534025,0.0,1,-1.33,1882.8706665039065,0.0003274006392546,0.0,1,-1.76,1882.8705444335933,0.0003338838202299,0.0,1,-1.87,1882.8733520507808,0.0001847706577971,0.0,1,-2.62,1882.867126464844,0.0005154128875394,0.0,1,-2.9,1882.871032714844,0.0003079510963285,0.0,1,10
ZINC000001538974,0.03,1882.8768310546875,0.0,0.0,1,-0.16,1882.8768310546875,0.0,0.0,1,-0.26,1882.8768310546875,0.0,0.0,1,-1.02,1882.8768310546875,0.0,0.0,1,-1.14,1882.8768310546875,0.0,0.0,1,-1.62,1882.8768310546875,0.0,0.0,1,-1.65,1882.8768310546875,0.0,0.0,1,-1.8,1882.8768310546875,0.0,0.0,1,-3.96,1882.8768310546875,0.0,0.0,1,-4.35,1882.8768310546875,0.0,0.0,1,10
ZINC000001540187,-1.03,1882.8687133789065,0.00043113153486,0.0,1,-1.14,1882.870178222656,0.0003533333631559,0.0,1,-1.3,1882.8687744140625,0.0004278899443723,0.0,1,-1.31,1882.8678588867188,0.0004765138016874,0.0,1,-1.68,1882.868225097656,0.0004570642587613,0.0,1,-1.7,1882.868225097656,0.0004570642587613,0.0,1,-2.17,1882.871154785156,0.0003014679153532,0.0,1,-2.65,1882.8673095703125,0.0005056881160764,0.0,1,-2.79,1882.8663330078125,0.0005575535638791,0.0,1,-3.63,1882.8668823242188,0.0005283792494901,0.0,1,10
ZINC000001540342,-0.87,1882.868408203125,0.0004473394872983,0.0,1,-0.97,1882.86865234375,0.0004343731253477,0.0,1,-1.02,1882.8689575195312,0.0004181651729093,0.0,1,-1.21,1882.8768310546875,0.0,0.0,1,-1.3,1882.8648071289065,0.0006385933260708,0.0,1,-1.59,1882.8690185546875,0.0004149235824216,0.0,1,-1.9,1882.8707885742188,0.0003209174582792,0.0,1,-2.28,1882.8696899414065,0.0003792660870573,0.0,1,-3.02,1882.8712768554688,0.0002949847343779,0.0,1,-3.23,1882.868225097656,0.0004570642587613,0.0,1,10
ZINC000001541798,-0.6,1882.8768310546875,0.0,0.0,1,-0.68,1882.8768310546875,0.0,0.0,1,-0.92,1882.8768310546875,0.0,0.0,1,-0.93,1882.8768310546875,0.0,0.0,1,-0.95,1589.8757934570312,15.56134914218115,100.0,1,-1.55,1703.98486328125,9.500991505282464,100.0,1,-2.25,1882.8768310546875,0.0,0.0,1,-2.34,1882.8768310546875,0.0,0.0,1,-2.42,1882.8768310546875,0.0,0.0,1,-4.69,1882.8768310546875,0.0,0.0,1,10
ZINC000001542146,-0.42,1882.86767578125,0.0004862385731504,0.0,1,-0.61,1882.8674926757808,0.0004959633446134,0.0,1,-0.66,1882.8654174804688,0.0006061774211941,0.0,1,-0.87,1882.868408203125,0.0004473394872983,0.0,1,-0.95,1882.8689575195312,0.0004181651729093,0.0,1,-0.97,1882.8657836914065,0.0005867278782681,0.0,1,-0.98,1882.869873046875,0.0003695413155943,0.0,1,-1.08,1882.869140625,0.0004084404014463,0.0,1,-1.13,1882.8687133789065,0.00043113153486,0.0,1,-2.59,1882.8658447265625,0.0005834862877804,0.0,1,10
ZINC000001552959,-0.94,1882.875,9.724771463008236e-05,0.0,1,-1.09,1882.874084472656,0.0001458715719451,0.0,1,-1.33,1882.872985839844,0.0002042202007231,0.0,1,-1.65,1882.874755859375,0.0001102140765807,0.0,1,-1.65,1882.872314453125,0.0002398776960875,0.0,1,-1.69,1882.8727416992188,0.0002171865626738,0.0,1,-1.7,1882.8743896484373,0.0001296636195067,0.0,1,-2.29,1882.874267578125,0.0001361468004821,0.0,1,-2.45,1882.8720703125,0.0002528440580382,0.0,1,-2.62,1882.8709716796875,0.0003111926868162,0.0,1,10
ZINC000001609204,-0.82,1882.8768310546875,0.0,0.0,1,-0.91,1882.876037597656,4.214067633970235e-05,0.0,1,-0.94,1882.8765869140625,1.2966361950677644e-05,0.0,1,-1.08,1882.8768310546875,0.0,0.0,1,-1.2,1882.8761596679688,3.565749536436352e-05,0.0,1,-1.24,1882.8768310546875,0.0,0.0,1,-1.31,1882.8768310546875,0.0,0.0,1,-1.47,1882.8768310546875,0.0,0.0,1,-1.55,1882.876037597656,4.214067633970235e-05,0.0,1,-2.8,1882.8768310546875,0.0,0.0,1,10
ZINC000001645398,-1.0,1882.8694458007808,0.0003922324490079,0.0,1,-1.14,1882.8721923828125,0.0002463608770628,0.0,1,-1.38,1882.8720703125,0.0002528440580382,0.0,1,-1.59,1882.8716430664065,0.0002755351914518,0.0,1,-1.71,1882.8726806640625,0.0002204281531615,0.0,1,-1.72,1882.870361328125,0.0003436085916929,0.0,1,-1.89,1882.8706665039065,0.0003274006392546,0.0,1,-2.11,1882.870178222656,0.0003533333631559,0.0,1,-2.48,1882.871154785156,0.0003014679153532,0.0,1,-3.18,1882.873107910156,0.0001977370197478,0.0,1,10
ZINC000001650005,-1.26,1882.8684692382808,0.0004440978968107,0.0,1,-1.27,1882.869079589844,0.000411681991934,0.0,1,-1.33,1882.868225097656,0.0004570642587613,0.0,1,-1.33,1882.867431640625,0.000499204935101,0.0,1,-1.34,1882.8690185546875,0.0004149235824216,0.0,1,-1.45,1882.8694458007808,0.0003922324490079,0.0,1,-1.66,1882.8695068359373,0.0003889908585203,0.0,1,-1.87,1882.86865234375,0.0004343731253477,0.0,1,-1.94,1882.869384765625,0.0003954740394956,0.0,1,-1.97,1882.8663330078125,0.0005575535638791,0.0,1,10
ZINC000001654000,-1.24,1882.8742065429688,0.0001393883909697,0.0,1,-1.28,1882.8768310546875,0.0,0.0,1,-1.38,1882.876708984375,6.483180975338823e-06,0.0,1,-1.46,1882.8741455078125,0.0001426299814574,0.0,1,-1.64,1882.8768310546875,0.0,0.0,1,-1.99,1882.8766479492188,9.724771463008234e-06,0.0,1,-3.12,1882.8768310546875,0.0,0.0,1,-3.19,1882.8766479492188,9.724771463008234e-06,0.0,1,-3.63,1882.8768310546875,0.0,0.0,1,-5.98,1882.8768310546875,0.0,0.0,1,10
ZINC000001655562,-0.76,1882.86865234375,0.0004343731253477,0.0,1,-0.76,1882.869201660156,0.0004051988109586,0.0,1,-0.77,1882.8695678710933,0.0003857492680326,0.0,1,-0.8,1882.8681640625,0.000460305849249,0.0,1,-0.81,1882.869384765625,0.0003954740394956,0.0,1,-0.85,1882.8675537109373,0.0004927217541257,0.0,1,-1.02,1882.866149902344,0.0005672783353421,0.0,1,-1.41,1882.8688354492188,0.0004246483538846,0.0,1,-1.42,1882.8673706054688,0.0005024465255887,0.0,1,-1.43,1882.8693237304688,0.0003987156299833,0.0,1,10
ZINC000001677529,-0.68,1882.8755493164065,6.807340024105763e-05,0.0,1,-0.72,1882.8748168945312,0.000106972486093,0.0,1,-0.92,1882.873107910156,0.0001977370197478,0.0,1,-1.64,1882.8744506835933,0.0001264220290191,0.0,1,-1.94,1882.8718872070312,0.0002625688295012,0.0,1,-2.07,1882.874755859375,0.0001102140765807,0.0,1,-2.22,1882.871032714844,0.0003079510963285,0.0,1,-2.23,1882.8768310546875,0.0,0.0,1,-3.78,1882.87255859375,0.0002269113341368,0.0,1,-3.82,1882.8733520507808,0.0001847706577971,0.0,1,10
ZINC000001689614,-0.64,1882.8768310546875,0.0,0.0,1,-0.67,1882.8768310546875,0.0,0.0,1,-0.85,1882.8751220703125,9.076453365474352e-05,0.0,1,-1.03,1882.8768310546875,0.0,0.0,1,-1.04,1882.8768310546875,0.0,0.0,1,-1.14,1882.8768310546875,0.0,0.0,1,-1.17,1882.8761596679688,3.565749536436352e-05,0.0,1,-1.22,1882.8768310546875,0.0,0.0,1,-1.26,1882.8768310546875,0.0,0.0,1,-1.33,1882.8761596679688,3.565749536436352e-05,0.0,1,10
ZINC000001704065,-0.59,1882.8768310546875,0.0,0.0,1,-1.39,1882.8753051757808,8.103976219173528e-05,0.0,1,-1.58,1882.8756103515625,6.483180975338822e-05,0.0,1,-2.11,1882.8727416992188,0.0002171865626738,0.0,1,-2.44,1882.8745727539065,0.0001199388480437,0.0,1,-2.87,1882.8744506835933,0.0001264220290191,0.0,1,-3.13,1882.8726196289065,0.0002236697436491,0.0,1,-3.21,1882.8734741210933,0.0001782874768218,0.0,1,-3.64,1882.8732299804688,0.0001912538387724,0.0,1,-3.9,1882.875,9.724771463008236e-05,0.0,1,10
ZINC000001746646,-0.74,1882.872009277344,0.0002560856485258,0.0,1,-0.97,1882.873107910156,0.0001977370197478,0.0,1,-1.03,1882.8728637695312,0.0002107033816985,0.0,1,-1.11,1882.8753662109373,7.779817170406587e-05,0.0,1,-1.26,1882.872985839844,0.0002042202007231,0.0,1,-1.26,1882.8739013671875,0.0001555963434081,0.0,1,-1.34,1882.8731689453125,0.0001944954292601,0.0,1,-1.47,1882.8719482421875,0.0002593272390135,0.0,1,-2.17,1882.874755859375,0.0001102140765807,0.0,1,-4.39,1882.874938964844,0.0001004893051177,0.0,1,10
ZINC000001748124,-0.57,1882.8768310546875,0.0,0.0,1,-1.17,1882.8768310546875,0.0,0.0,1,-1.37,1882.8768310546875,0.0,0.0,1,-1.41,1882.8768310546875,0.0,0.0,1,-1.45,1882.8768310546875,0.0,0.0,1,-1.46,1882.8768310546875,0.0,0.0,1,-1.49,1882.8768310546875,0.0,0.0,1,-1.71,1882.8768310546875,0.0,0.0,1,-1.93,1882.8768310546875,0.0,0.0,1,-4.9,1882.8768310546875,0.0,0.0,1,10
ZINC000001766778,-0.71,1882.8717041015625,0.0002722936009642,0.0,1,-0.74,1882.8724975585933,0.0002301529246245,0.0,1,-1.0,1882.8729248046875,0.0002074617912108,0.0,1,-1.03,1882.8760986328125,3.8899085852032936e-05,0.0,1,-1.15,1882.8726196289065,0.0002236697436491,0.0,1,-1.31,1882.8707885742188,0.0003209174582792,0.0,1,-1.45,1882.8722534179688,0.0002431192865752,0.0,1,-1.48,1882.8731689453125,0.0001944954292601,0.0,1,-1.66,1882.872131347656,0.0002496024675505,0.0,1,-4.21,1882.875244140625,8.42813526794047e-05,0.0,1,10
ZINC000001769940,-1.24,1882.8768310546875,0.0,0.0,1,-1.42,1882.8736572265625,0.0001685627053588,0.0,1,-1.53,1882.873779296875,0.0001620795243834,0.0,1,-1.67,1882.875915527344,4.8623857315041175e-05,0.0,1,-1.74,1882.8733520507808,0.0001847706577971,0.0,1,-2.1,1882.874267578125,0.0001361468004821,0.0,1,-2.17,1882.873291015625,0.0001880122482848,0.0,1,-2.47,1882.876220703125,3.241590487669411e-05,0.0,1,-3.37,1882.875915527344,4.8623857315041175e-05,0.0,1,-3.56,1882.8748779296875,0.0001037308956054,0.0,1,10
ZINC000001772158,-1.48,1882.87451171875,0.0001231804385314,0.0,1,-1.73,1882.873779296875,0.0001620795243834,0.0,1,-2.01,1882.875,9.724771463008236e-05,0.0,1,-2.23,1882.8719482421875,0.0002593272390135,0.0,1,-2.26,1882.8743286132808,0.0001329052099944,0.0,1,-2.33,1882.8726196289065,0.0002236697436491,0.0,1,-2.49,1882.8736572265625,0.0001685627053588,0.0,1,-2.7,1882.8754272460933,7.455658121639646e-05,0.0,1,-2.79,1882.8746948242188,0.0001134556670684,0.0,1,-3.38,1882.87451171875,0.0001231804385314,0.0,1,10
ZINC000001774964,-0.62,1882.8765869140625,1.2966361950677644e-05,0.0,1,-0.71,1882.8768310546875,0.0,0.0,1,-0.87,1882.8768310546875,0.0,0.0,1,-1.04,1882.8768310546875,0.0,0.0,1,-1.04,1882.8768310546875,0.0,0.0,1,-1.06,1882.8768310546875,0.0,0.0,1,-1.3,1882.8768310546875,0.0,0.0,1,-1.32,1882.8768310546875,0.0,0.0,1,-1.69,1882.8768310546875,0.0,0.0,1,-2.51,1882.8768310546875,0.0,0.0,1,10
ZINC000001779129,-1.11,1882.8707885742188,0.0003209174582792,0.0,1,-1.19,1882.870056152344,0.0003598165441313,0.0,1,-1.22,1882.871032714844,0.0003079510963285,0.0,1,-1.37,1882.871032714844,0.0003079510963285,0.0,1,-1.37,1882.871337890625,0.0002917431438902,0.0,1,-1.49,1882.873107910156,0.0001977370197478,0.0,1,-1.53,1882.87255859375,0.0002269113341368,0.0,1,-1.55,1882.869873046875,0.0003695413155943,0.0,1,-2.81,1882.8689575195312,0.0004181651729093,0.0,1,-4.45,1882.869140625,0.0004084404014463,0.0,1,10
ZINC000001798571,-0.81,1882.86865234375,0.0004343731253477,0.0,1,-1.0,1882.86865234375,0.0004343731253477,0.0,1,-1.08,1882.869079589844,0.000411681991934,0.0,1,-1.25,1882.8702392578125,0.0003500917726682,0.0,1,-1.31,1882.8695678710933,0.0003857492680326,0.0,1,-1.43,1882.869201660156,0.0004051988109586,0.0,1,-1.51,1882.8676147460933,0.000489480163638,0.0,1,-1.77,1882.868225097656,0.0004570642587613,0.0,1,-2.31,1882.868225097656,0.0004570642587613,0.0,1,-5.31,1882.868408203125,0.0004473394872983,0.0,1,10
ZINC000001835449,-0.55,1882.8768310546875,0.0,0.0,1,-0.86,1882.8768310546875,0.0,0.0,1,-0.91,1882.8768310546875,0.0,0.0,1,-1.04,1882.8768310546875,0.0,0.0,1,-1.05,1882.8768310546875,0.0,0.0,1,-1.22,1882.8768310546875,0.0,0.0,1,-1.23,1882.8768310546875,0.0,0.0,1,-1.29,1882.8768310546875,0.0,0.0,1,-1.51,1882.8768310546875,0.0,0.0,1,-2.71,1882.8768310546875,0.0,0.0,1,10
ZINC000001838770,-0.26,1882.8768310546875,0.0,0.0,1,-0.31,1882.8768310546875,0.0,0.0,1,-0.74,1882.8768310546875,0.0,0.0,1,-0.74,1882.8764038085933,2.269113341368588e-05,0.0,1,-0.76,1882.8768310546875,0.0,0.0,1,-0.91,1882.8768310546875,0.0,0.0,1,-0.95,1882.8741455078125,0.0001426299814574,0.0,1,-0.97,1882.8768310546875,0.0,0.0,1,-2.06,1882.8744506835933,0.0001264220290191,0.0,1,-3.22,1882.8736572265625,0.0001685627053588,0.0,1,10
ZINC000001861348,-1.67,1882.8768310546875,0.0,0.0,1,-1.77,1882.8768310546875,0.0,0.0,1,-2.04,1882.8768310546875,0.0,0.0,1,-2.05,1882.8768310546875,0.0,0.0,1,-2.66,1882.8768310546875,0.0,0.0,1,-2.81,1882.8768310546875,0.0,0.0,1,-2.83,1882.8768310546875,0.0,0.0,1,-2.99,1882.8768310546875,0.0,0.0,1,-3.38,1882.8768310546875,0.0,0.0,1,-3.85,1882.8768310546875,0.0,0.0,1,10
ZINC000001871303,-0.61,1882.8768310546875,0.0,0.0,1,-0.65,1882.8768310546875,0.0,0.0,1,-0.66,1882.8768310546875,0.0,0.0,1,-0.66,1882.8768310546875,0.0,0.0,1,-0.79,1882.8768310546875,0.0,0.0,1,-0.99,1882.8768310546875,0.0,0.0,1,-0.99,1882.8768310546875,0.0,0.0,1,-1.05,1882.8768310546875,0.0,0.0,1,-1.17,1882.8768310546875,0.0,0.0,1,-1.66,1882.8768310546875,0.0,0.0,1,10
ZINC000001874682,-1.12,1882.8729248046875,0.0002074617912108,0.0,1,-1.51,1882.8757934570312,5.510703829037999e-05,0.0,1,-1.7,1882.8695678710933,0.0003857492680326,0.0,1,-2.17,1882.8720703125,0.0002528440580382,0.0,1,-2.31,1882.87255859375,0.0002269113341368,0.0,1,-2.64,1882.8734130859373,0.0001815290673094,0.0,1,-2.87,1882.8714599609373,0.0002852599629149,0.0,1,-3.06,1882.8734741210933,0.0001782874768218,0.0,1,-4.1,1882.87255859375,0.0002269113341368,0.0,1,-1000.0,471.744140625,0.0,0.0,0,9
ZINC000001877194,-1.22,1882.87646484375,1.9449542926016468e-05,0.0,1,-1.23,1882.8756713867188,6.15902192657188e-05,0.0,1,-1.24,1882.8756713867188,6.15902192657188e-05,0.0,1,-1.27,1882.8768310546875,0.0,0.0,1,-1.42,1882.8764038085933,2.269113341368588e-05,0.0,1,-1.46,1882.8768310546875,0.0,0.0,1,-1.51,1882.8756713867188,6.15902192657188e-05,0.0,1,-1.59,1882.8761596679688,3.565749536436352e-05,0.0,1,-2.45,1882.8751831054688,8.75229431670741e-05,0.0,1,-3.18,1882.8768310546875,0.0,0.0,1,10
ZINC000001883588,-1.51,1882.8685913085933,0.0004376147158353,0.0,1,-1.76,1882.8699951171875,0.0003630581346189,0.0,1,-1.84,1882.8697509765625,0.0003760244965696,0.0,1,-1.86,1882.87060546875,0.0003306422297422,0.0,1,-1.95,1882.8666381835933,0.0005413456114407,0.0,1,-2.28,1882.86962890625,0.0003825076775449,0.0,1,-2.76,1800.1394653320312,4.394199575779536,10.81081081081081,1,-2.83,1882.8684692382808,0.0004440978968107,0.0,1,-3.58,1882.8699951171875,0.0003630581346189,0.0,1,-4.34,1811.0154418945312,3.816574083600748,10.81081081081081,1,10
ZINC000001890159,-1.05,1882.8768310546875,0.0,0.0,1,-1.1,1882.8746948242188,0.0001134556670684,0.0,1,-1.41,1882.8768310546875,0.0,0.0,1,-1.84,1882.8768310546875,0.0,0.0,1,-1.93,1882.8768310546875,0.0,0.0,1,-2.01,1882.8768310546875,0.0,0.0,1,-2.23,1882.8768310546875,0.0,0.0,1,-2.96,1882.8759765625,4.538226682737176e-05,0.0,1,-3.25,1882.8768310546875,0.0,0.0,1,-3.66,1882.87646484375,1.9449542926016468e-05,0.0,1,10
ZINC000001898781,-1.39,1882.8768310546875,0.0,0.0,1,-1.45,1882.8756713867188,6.15902192657188e-05,0.0,1,-1.47,1882.8727416992188,0.0002171865626738,0.0,1,-1.88,1882.8745727539065,0.0001199388480437,0.0,1,-1.91,1882.8763427734373,2.593272390135529e-05,0.0,1,-2.29,1882.8768310546875,0.0,0.0,1,-2.35,1882.8767700195312,3.241590487669412e-06,0.0,1,-2.81,1882.8743286132808,0.0001329052099944,0.0,1,-3.19,1882.8768310546875,0.0,0.0,1,-3.33,1882.8768310546875,0.0,0.0,1,10
ZINC000002045290,-0.87,1882.8743286132808,0.0001329052099944,0.0,1,-0.89,1882.8768310546875,0.0,0.0,1,-1.36,1882.8768310546875,0.0,0.0,1,-1.4,1882.8741455078125,0.0001426299814574,0.0,1,-1.42,1882.870849609375,0.0003176758677916,0.0,1,-1.43,1882.8731689453125,0.0001944954292601,0.0,1,-1.71,1882.8733520507808,0.0001847706577971,0.0,1,-1.98,1882.874938964844,0.0001004893051177,0.0,1,-3.29,1882.875915527344,4.8623857315041175e-05,0.0,1,-3.67,1882.8755493164065,6.807340024105763e-05,0.0,1,10
ZINC000002050558,-0.56,1882.8724975585933,0.0002301529246245,0.0,1,-0.72,1882.8727416992188,0.0002171865626738,0.0,1,-1.26,1882.873291015625,0.0001880122482848,0.0,1,-1.35,1882.8722534179688,0.0002431192865752,0.0,1,-1.5,1882.874084472656,0.0001458715719451,0.0,1,-1.82,1882.8760986328125,3.8899085852032936e-05,0.0,1,-1.83,1882.8739013671875,0.0001555963434081,0.0,1,-1.93,1882.87353515625,0.0001750458863341,0.0,1,-1.99,1882.8753662109373,7.779817170406587e-05,0.0,1,-2.74,1882.8734741210933,0.0001782874768218,0.0,1,10
ZINC000002103110,-0.65,1882.8768310546875,0.0,0.0,1,-0.65,1882.8768310546875,0.0,0.0,1,-0.68,1882.8768310546875,0.0,0.0,1,-0.8,1882.8768310546875,0.0,0.0,1,-0.9,1882.8768310546875,0.0,0.0,1,-0.97,1882.8768310546875,0.0,0.0,1,-1.19,1882.8768310546875,0.0,0.0,1,-1.26,1882.8768310546875,0.0,0.0,1,-2.55,1882.8768310546875,0.0,0.0,1,-4.31,1882.8768310546875,0.0,0.0,1,10
ZINC000002105579,-0.88,1882.8768310546875,0.0,0.0,1,-0.91,1882.8763427734373,2.593272390135529e-05,0.0,1,-0.92,1882.8756713867188,6.15902192657188e-05,0.0,1,-0.97,1882.8751831054688,8.75229431670741e-05,0.0,1,-1.11,1882.8768310546875,0.0,0.0,1,-1.34,1882.8768310546875,0.0,0.0,1,-1.38,1882.8768310546875,0.0,0.0,1,-1.52,1882.8768310546875,0.0,0.0,1,-2.25,1882.8760986328125,3.8899085852032936e-05,0.0,1,-3.79,1882.8768310546875,0.0,0.0,1,10
ZINC000002105668,-0.65,1882.8768310546875,0.0,0.0,1,-0.86,1882.87548828125,7.131499072872705e-05,0.0,1,-0.96,1882.8756713867188,6.15902192657188e-05,0.0,1,-1.08,1882.8741455078125,0.0001426299814574,0.0,1,-1.15,1882.875061035156,9.400612414241292e-05,0.0,1,-1.24,1882.8736572265625,0.0001685627053588,0.0,1,-1.38,1882.8768310546875,0.0,0.0,1,-1.58,1882.8761596679688,3.565749536436352e-05,0.0,1,-1.68,1882.8768310546875,0.0,0.0,1,-3.62,1882.8768310546875,0.0,0.0,1,10
ZINC000002107548,-0.63,1882.8768310546875,0.0,0.0,1,-0.69,1882.8768310546875,0.0,0.0,1,-0.75,1882.8768310546875,0.0,0.0,1,-0.84,1882.8768310546875,0.0,0.0,1,-0.92,1882.8768310546875,0.0,0.0,1,-0.94,1882.8768310546875,0.0,0.0,1,-0.96,1882.8768310546875,0.0,0.0,1,-0.97,1882.8768310546875,0.0,0.0,1,-2.33,1882.8768310546875,0.0,0.0,1,-3.38,1882.8768310546875,0.0,0.0,1,10
ZINC000002109325,-0.78,1882.8726806640625,0.0002204281531615,0.0,1,-0.84,1882.8709716796875,0.0003111926868162,0.0,1,-1.39,1882.874084472656,0.0001458715719451,0.0,1,-1.64,1882.8753662109373,7.779817170406587e-05,0.0,1,-1.75,1882.8718872070312,0.0002625688295012,0.0,1,-2.3,1882.87451171875,0.0001231804385314,0.0,1,-2.47,1882.8733520507808,0.0001847706577971,0.0,1,-2.6,1882.8712158203125,0.0002982263248655,0.0,1,-3.61,1882.8768310546875,0.0,0.0,1,-3.84,1882.8739013671875,0.0001555963434081,0.0,1,10
ZINC000002118720,-0.19,1882.8768310546875,0.0,0.0,1,-0.22,1882.8768310546875,0.0,0.0,1,-0.4,1882.8768310546875,0.0,0.0,1,-0.73,1882.8745727539065,0.0001199388480437,0.0,1,-0.74,1882.8755493164065,6.807340024105763e-05,0.0,1,-0.82,1882.8765869140625,1.2966361950677644e-05,0.0,1,-0.86,1882.8763427734373,2.593272390135529e-05,0.0,1,-0.86,1882.8765258789065,1.6207952438347055e-05,0.0,1,-0.94,1882.8768310546875,0.0,0.0,1,-1.26,1882.8764038085933,2.269113341368588e-05,0.0,1,10
ZINC000002122054,-0.94,1882.8768310546875,0.0,0.0,1,-0.99,1882.8768310546875,0.0,0.0,1,-1.06,1882.8768310546875,0.0,0.0,1,-1.1,1882.8764038085933,2.269113341368588e-05,0.0,1,-1.11,1882.8768310546875,0.0,0.0,1,-1.12,1882.8768310546875,0.0,0.0,1,-1.18,1882.8768310546875,0.0,0.0,1,-1.3,1882.87646484375,1.9449542926016468e-05,0.0,1,-1.39,1882.8768310546875,0.0,0.0,1,-1.62,1882.8768310546875,0.0,0.0,1,10
ZINC000002125411,0.09,1882.8768310546875,0.0,0.0,1,-0.53,1882.8768310546875,0.0,0.0,1,-0.88,1882.8768310546875,0.0,0.0,1,-1.07,1882.8767700195312,3.241590487669412e-06,0.0,1,-1.09,1882.8768310546875,0.0,0.0,1,-1.15,1882.8768310546875,0.0,0.0,1,-1.28,1882.8768310546875,0.0,0.0,1,-2.9,1882.8768310546875,0.0,0.0,1,-4.25,1882.8768310546875,0.0,0.0,1,-1000.0,471.744140625,0.0,0.0,0,9
ZINC000002129485,-1.69,1882.8768310546875,0.0,0.0,1,-1.96,1882.8768310546875,0.0,0.0,1,-1.97,1882.8768310546875,0.0,0.0,1,-1.97,1882.8767700195312,3.241590487669412e-06,0.0,1,-1.99,1882.8760986328125,3.8899085852032936e-05,0.0,1,-2.02,1882.8768310546875,0.0,0.0,1,-2.47,1882.8768310546875,0.0,0.0,1,-2.75,1882.876708984375,6.483180975338823e-06,0.0,1,-2.79,1882.8765258789065,1.6207952438347055e-05,0.0,1,-5.12,1882.8741455078125,0.0001426299814574,0.0,1,10
ZINC000002134871,-0.4,1882.8768310546875,0.0,0.0,1,-0.82,1882.8768310546875,0.0,0.0,1,-0.82,1882.8768310546875,0.0,0.0,1,-0.88,1882.8768310546875,0.0,0.0,1,-0.9,1882.8768310546875,0.0,0.0,1,-0.92,1882.8768310546875,0.0,0.0,1,-0.94,1882.8768310546875,0.0,0.0,1,-0.94,1882.8768310546875,0.0,0.0,1,-0.99,1882.8768310546875,0.0,0.0,1,-3.53,1882.875,9.724771463008236e-05,0.0,1,10
ZINC000002146187,-0.19,1882.8739013671875,0.0001555963434081,0.0,1,-0.49,1882.872985839844,0.0002042202007231,0.0,1,-0.52,1882.8724975585933,0.0002301529246245,0.0,1,-0.66,1882.8737182617188,0.0001653211148711,0.0,1,-0.93,1882.8717651367188,0.0002690520104765,0.0,1,-1.12,1882.873779296875,0.0001620795243834,0.0,1,-1.36,1882.874267578125,0.0001361468004821,0.0,1,-1.37,1882.8714599609373,0.0002852599629149,0.0,1,-1.44,1882.8706665039065,0.0003274006392546,0.0,1,-2.57,1882.8709106445312,0.0003144342773039,0.0,1,10
ZINC000002217326,-0.99,1882.875732421875,5.83486287780494e-05,0.0,1,-1.43,1882.8768310546875,0.0,0.0,1,-1.57,1882.8768310546875,0.0,0.0,1,-1.58,1882.87646484375,1.9449542926016468e-05,0.0,1,-1.77,1882.8768310546875,0.0,0.0,1,-1.86,1882.8768310546875,0.0,0.0,1,-2.07,1882.8768310546875,0.0,0.0,1,-2.28,1882.8768310546875,0.0,0.0,1,-2.3,1882.8768310546875,0.0,0.0,1,-2.52,1882.8765869140625,1.2966361950677644e-05,0.0,1,10
ZINC000002264990,-0.54,1882.8732299804688,0.0001912538387724,0.0,1,-0.9,1882.8720703125,0.0002528440580382,0.0,1,-1.09,1882.8699340820312,0.0003662997251066,0.0,1,-1.1,1882.8743896484373,0.0001296636195067,0.0,1,-1.15,1882.8735961914065,0.0001718042958464,0.0,1,-1.19,1882.8724365234373,0.0002333945151121,0.0,1,-1.37,1882.871337890625,0.0002917431438902,0.0,1,-1.43,1882.871337890625,0.0002917431438902,0.0,1,-2.7,1882.872131347656,0.0002496024675505,0.0,1,-5.34,1882.8741455078125,0.0001426299814574,0.0,1,10
ZINC000002270604,-0.62,1882.8768310546875,0.0,0.0,1,-0.68,1882.8768310546875,0.0,0.0,1,-0.93,1882.8768310546875,0.0,0.0,1,-1.08,1882.8768310546875,0.0,0.0,1,-1.36,1882.8768310546875,0.0,0.0,1,-1.85,1882.8768310546875,0.0,0.0,1,-2.42,1882.8768310546875,0.0,0.0,1,-2.66,1882.8768310546875,0.0,0.0,1,-3.04,1882.8768310546875,0.0,0.0,1,-3.17,1882.8768310546875,0.0,0.0,1,10
ZINC000002276718,-0.18,1882.8758544921875,5.186544780271058e-05,0.0,1,-0.64,1882.8768310546875,0.0,0.0,1,-0.8,1882.8765258789065,1.6207952438347055e-05,0.0,1,-1.01,1882.8768310546875,0.0,0.0,1,-1.11,1882.8768310546875,0.0,0.0,1,-1.11,1882.8763427734373,2.593272390135529e-05,0.0,1,-1.18,1882.8768310546875,0.0,0.0,1,-1.39,1882.8757934570312,5.510703829037999e-05,0.0,1,-1.39,1882.8768310546875,0.0,0.0,1,-1.6,1882.8768310546875,0.0,0.0,1,10
ZINC000002283109,-0.57,1882.8768310546875,0.0,0.0,1,-0.91,1882.8768310546875,0.0,0.0,1,-0.98,1882.8768310546875,0.0,0.0,1,-1.18,1882.8768310546875,0.0,0.0,1,-1.27,1882.8768310546875,0.0,0.0,1,-1.33,1882.8768310546875,0.0,0.0,1,-1.37,1882.8768310546875,0.0,0.0,1,-1.44,1882.8768310546875,0.0,0.0,1,-2.44,1882.8768310546875,0.0,0.0,1,-3.77,1882.8768310546875,0.0,0.0,1,10
ZINC000002449739,-1.26,1882.8768310546875,0.0,0.0,1,-1.74,1882.8768310546875,0.0,0.0,1,-2.04,1882.87548828125,7.131499072872705e-05,0.0,1,-2.16,1882.8756103515625,6.483180975338822e-05,0.0,1,-2.19,1882.8768310546875,0.0,0.0,1,-2.77,1882.8768310546875,0.0,0.0,1,-2.85,1882.8768310546875,0.0,0.0,1,-2.91,1882.8768310546875,0.0,0.0,1,-2.98,1882.8768310546875,0.0,0.0,1,-3.07,1882.8760986328125,3.8899085852032936e-05,0.0,1,10
ZINC000002457219,-0.72,1882.8768310546875,0.0,0.0,1,-0.83,1882.8768310546875,0.0,0.0,1,-0.91,1882.874084472656,0.0001458715719451,0.0,1,-1.04,1882.8740234375,0.0001491131624327,0.0,1,-1.22,1882.8768310546875,0.0,0.0,1,-1.3,1882.8768310546875,0.0,0.0,1,-1.39,1882.8767700195312,3.241590487669412e-06,0.0,1,-1.56,1882.8753051757808,8.103976219173528e-05,0.0,1,-1.85,1882.8751831054688,8.75229431670741e-05,0.0,1,-4.36,1882.8751831054688,8.75229431670741e-05,0.0,1,10
ZINC000002537175,0.03,1882.8768310546875,0.0,0.0,1,-0.05,1882.8768310546875,0.0,0.0,1,-0.35,1882.8768310546875,0.0,0.0,1,-0.45,1882.8768310546875,0.0,0.0,1,-0.55,1882.8768310546875,0.0,0.0,1,-1.9,1882.8768310546875,0.0,0.0,1,-2.8,1882.8768310546875,0.0,0.0,1,-3.0,1882.8768310546875,0.0,0.0,1,-3.02,1882.8768310546875,0.0,0.0,1,-3.05,1882.8768310546875,0.0,0.0,1,10
ZINC000002540018,-0.48,1882.8768310546875,0.0,0.0,1,-0.54,1882.8768310546875,0.0,0.0,1,-0.65,1626.1642456054688,13.634061517737305,100.0,1,-0.67,1722.65966796875,8.50916854695123,81.81818181818183,1,-0.99,1882.8768310546875,0.0,0.0,1,-1.18,1882.8768310546875,0.0,0.0,1,-1.28,1882.8768310546875,0.0,0.0,1,-1.32,1611.6287231445312,14.406046292375772,100.0,1,-1.8,1657.6133728027344,11.96379149908454,100.0,1,-4.92,1882.8768310546875,0.0,0.0,1,10
ZINC000002560910,-1.38,1882.8765258789065,1.6207952438347055e-05,0.0,1,-1.39,1882.8768310546875,0.0,0.0,1,-1.42,1882.8768310546875,0.0,0.0,1,-1.43,1882.875732421875,5.83486287780494e-05,0.0,1,-1.43,1882.8768310546875,0.0,0.0,1,-1.49,1882.8768310546875,0.0,0.0,1,-2.42,1882.8768310546875,0.0,0.0,1,-2.75,1882.875732421875,5.83486287780494e-05,0.0,1,-3.52,1882.876708984375,6.483180975338823e-06,0.0,1,-4.16,1882.8768310546875,0.0,0.0,1,10
ZINC000002565248,-0.48,1882.8768310546875,0.0,0.0,1,-1.06,1882.8768310546875,0.0,0.0,1,-1.32,1882.8768310546875,0.0,0.0,1,-1.37,1882.8768310546875,0.0,0.0,1,-1.51,1882.873962402344,0.0001523547529204,0.0,1,-1.6,1882.8768310546875,0.0,0.0,1,-1.64,1882.8766479492188,9.724771463008234e-06,0.0,1,-2.06,1882.876037597656,4.214067633970235e-05,0.0,1,-3.5,1882.8768310546875,0.0,0.0,1,-3.97,1882.873962402344,0.0001523547529204,0.0,1,10
ZINC000002567628,-0.75,1882.8701171875,0.0003565749536436,0.0,1,-1.16,1882.872802734375,0.0002139449721861,0.0,1,-1.4,1882.873107910156,0.0001977370197478,0.0,1,-1.49,1882.873046875,0.0002009786102355,0.0,1,-1.77,1882.87451171875,0.0001231804385314,0.0,1,-2.44,1882.8736572265625,0.0001685627053588,0.0,1,-3.09,1882.8724365234373,0.0002333945151121,0.0,1,-3.12,1882.8726196289065,0.0002236697436491,0.0,1,-3.16,1882.8744506835933,0.0001264220290191,0.0,1,-5.37,1882.8743896484373,0.0001296636195067,0.0,1,10
ZINC000002627303,-0.68,1882.8722534179688,0.0002431192865752,0.0,1,-0.87,1882.8735961914065,0.0001718042958464,0.0,1,-0.96,1882.8746337890625,0.000116697257556,0.0,1,-0.97,1882.872985839844,0.0002042202007231,0.0,1,-1.05,1882.8736572265625,0.0001685627053588,0.0,1,-1.18,1882.8753051757808,8.103976219173528e-05,0.0,1,-1.49,1882.8768310546875,0.0,0.0,1,-1.52,1882.8764038085933,2.269113341368588e-05,0.0,1,-1.56,1882.8733520507808,0.0001847706577971,0.0,1,-2.27,1882.8733520507808,0.0001847706577971,0.0,1,10
ZINC000002634291,-0.8,1882.8765258789065,1.6207952438347055e-05,0.0,1,-1.02,1882.8768310546875,0.0,0.0,1,-1.11,1882.8751831054688,8.75229431670741e-05,0.0,1,-1.15,1882.8745727539065,0.0001199388480437,0.0,1,-1.3,1882.87646484375,1.9449542926016468e-05,0.0,1,-1.32,1882.876037597656,4.214067633970235e-05,0.0,1,-1.82,1882.8768310546875,0.0,0.0,1,-2.0,1882.8746948242188,0.0001134556670684,0.0,1,-2.09,1882.8731689453125,0.0001944954292601,0.0,1,-2.73,1882.8768310546875,0.0,0.0,1,10
ZINC000002648860,-0.71,1882.8724975585933,0.0002301529246245,0.0,1,-1.03,1882.8734741210933,0.0001782874768218,0.0,1,-1.03,1882.8732299804688,0.0001912538387724,0.0,1,-1.19,1882.8727416992188,0.0002171865626738,0.0,1,-1.51,1882.871826171875,0.0002658104199888,0.0,1,-1.73,1882.8718872070312,0.0002625688295012,0.0,1,-2.03,1882.871032714844,0.0003079510963285,0.0,1,-2.13,1882.8699340820312,0.0003662997251066,0.0,1,-2.49,1882.8720703125,0.0002528440580382,0.0,1,-3.23,1882.87451171875,0.0001231804385314,0.0,1,10
ZINC000002649137,-0.74,1882.8768310546875,0.0,0.0,1,-0.75,1882.8768310546875,0.0,0.0,1,-0.78,1882.8768310546875,0.0,0.0,1,-0.8,1882.8768310546875,0.0,0.0,1,-0.83,1882.8768310546875,0.0,0.0,1,-0.88,1882.8768310546875,0.0,0.0,1,-1.03,1882.8768310546875,0.0,0.0,1,-1.1,1882.8768310546875,0.0,0.0,1,-1.24,1882.8768310546875,0.0,0.0,1,-4.03,1882.8768310546875,0.0,0.0,1,10
ZINC000002649177,-0.91,1882.8768310546875,0.0,0.0,1,-1.42,1882.875732421875,5.83486287780494e-05,0.0,1,-1.43,1882.875732421875,5.83486287780494e-05,0.0,1,-1.79,1882.8753662109373,7.779817170406587e-05,0.0,1,-1.91,1882.8734130859373,0.0001815290673094,0.0,1,-2.08,1882.8758544921875,5.186544780271058e-05,0.0,1,-2.1,1882.8768310546875,0.0,0.0,1,-2.19,1882.8768310546875,0.0,0.0,1,-2.2,1882.873962402344,0.0001523547529204,0.0,1,-5.63,1882.8768310546875,0.0,0.0,1,10
ZINC000002653556,-1.11,1882.8768310546875,0.0,0.0,1,-1.11,1882.8768310546875,0.0,0.0,1,-1.19,1882.8768310546875,0.0,0.0,1,-1.29,1882.8768310546875,0.0,0.0,1,-1.32,1882.8768310546875,0.0,0.0,1,-1.49,1882.8768310546875,0.0,0.0,1,-1.59,1882.8768310546875,0.0,0.0,1,-1.6,1882.8768310546875,0.0,0.0,1,-1.8,1882.8768310546875,0.0,0.0,1,-2.44,1882.8768310546875,0.0,0.0,1,10
ZINC000002654551,-0.25,1882.8729248046875,0.0002074617912108,0.0,1,-0.5,1882.870361328125,0.0003436085916929,0.0,1,-0.62,1882.8699951171875,0.0003630581346189,0.0,1,-0.63,1882.8724365234373,0.0002333945151121,0.0,1,-0.67,1882.8726196289065,0.0002236697436491,0.0,1,-0.67,1882.8706665039065,0.0003274006392546,0.0,1,-0.74,1882.87158203125,0.0002787767819395,0.0,1,-0.78,1882.8696899414065,0.0003792660870573,0.0,1,-0.82,1882.8694458007808,0.0003922324490079,0.0,1,-1.35,1882.8701171875,0.0003565749536436,0.0,1,10
ZINC000002663103,-0.36,1882.8719482421875,0.0002593272390135,0.0,1,-0.7,1882.8732299804688,0.0001912538387724,0.0,1,-0.85,1882.8735961914065,0.0001718042958464,0.0,1,-0.97,1882.8744506835933,0.0001264220290191,0.0,1,-1.18,1882.8744506835933,0.0001264220290191,0.0,1,-1.41,1882.872802734375,0.0002139449721861,0.0,1,-1.41,1882.8709106445312,0.0003144342773039,0.0,1,-1.65,1882.87060546875,0.0003306422297422,0.0,1,-2.75,1882.870178222656,0.0003533333631559,0.0,1,-3.95,1882.8740234375,0.0001491131624327,0.0,1,10
ZINC000002690402,-0.04,1882.8693237304688,0.0003987156299833,0.0,1,-0.3,1882.8704223632808,0.0003403670012052,0.0,1,-0.33,1882.8707275390625,0.0003241590487669,0.0,1,-0.44,1882.87158203125,0.0002787767819395,0.0,1,-0.48,1882.8697509765625,0.0003760244965696,0.0,1,-0.53,1882.871337890625,0.0002917431438902,0.0,1,-0.77,1882.8677368164065,0.0004829969826627,0.0,1,-0.92,1882.87109375,0.0003047095058409,0.0,1,-1.08,1882.871154785156,0.0003014679153532,0.0,1,-2.21,1882.8695678710933,0.0003857492680326,0.0,1,10
ZINC000002691775,-0.32,1882.8736572265625,0.0001685627053588,0.0,1,-0.6,1882.8768310546875,0.0,0.0,1,-0.9,1882.875,9.724771463008236e-05,0.0,1,-1.13,1882.8768310546875,0.0,0.0,1,-1.34,1882.8768310546875,0.0,0.0,1,-1.48,1882.8768310546875,0.0,0.0,1,-1.97,1882.8733520507808,0.0001847706577971,0.0,1,-2.39,1882.8724975585933,0.0002301529246245,0.0,1,-2.91,1882.8768310546875,0.0,0.0,1,-3.09,1882.8768310546875,0.0,0.0,1,10
ZINC000002699817,-0.88,1882.8743896484373,0.0001296636195067,0.0,1,-0.96,1882.8765258789065,1.6207952438347055e-05,0.0,1,-0.98,1882.876220703125,3.241590487669411e-05,0.0,1,-1.09,1882.8768310546875,0.0,0.0,1,-1.22,1882.8757934570312,5.510703829037999e-05,0.0,1,-1.35,1882.8768310546875,0.0,0.0,1,-1.35,1882.8768310546875,0.0,0.0,1,-1.41,1882.8768310546875,0.0,0.0,1,-2.89,1882.8768310546875,0.0,0.0,1,-1000.0,471.744140625,0.0,0.0,0,9
ZINC000002709485,-1.28,1882.8695678710933,0.0003857492680326,0.0,1,-1.43,1882.8695068359373,0.0003889908585203,0.0,1,-1.52,1882.87158203125,0.0002787767819395,0.0,1,-1.59,1882.8681640625,0.000460305849249,0.0,1,-1.68,1882.8718872070312,0.0002625688295012,0.0,1,-2.0,1882.8699951171875,0.0003630581346189,0.0,1,-2.12,1882.8726196289065,0.0002236697436491,0.0,1,-2.25,1882.8718872070312,0.0002625688295012,0.0,1,-2.42,1882.8739013671875,0.0001555963434081,0.0,1,-3.46,1882.872314453125,0.0002398776960875,0.0,1,10
ZINC000002732514,-0.01,1882.8768310546875,0.0,0.0,1,-0.06,1882.8768310546875,0.0,0.0,1,-0.15,1882.8768310546875,0.0,0.0,1,-0.6,1882.8768310546875,0.0,0.0,1,-0.61,1882.8768310546875,0.0,0.0,1,-0.62,1882.8768310546875,0.0,0.0,1,-0.77,1882.8768310546875,0.0,0.0,1,-1.24,1882.8768310546875,0.0,0.0,1,-2.36,1882.8768310546875,0.0,0.0,1,-4.7,1882.8768310546875,0.0,0.0,1,10
ZINC000002739384,-0.63,1882.8768310546875,0.0,0.0,1,-0.66,1882.8768310546875,0.0,0.0,1,-0.88,1882.8768310546875,0.0,0.0,1,-1.15,1882.8768310546875,0.0,0.0,1,-1.25,1882.8760986328125,3.8899085852032936e-05,0.0,1,-1.43,1882.875915527344,4.8623857315041175e-05,0.0,1,-2.85,1882.8768310546875,0.0,0.0,1,-3.43,1882.8768310546875,0.0,0.0,1,-1000.0,471.744140625,0.0,0.0,0,-1000.0,471.744140625,0.0,0.0,0,8
ZINC000002799588,-0.58,1882.8768310546875,0.0,0.0,1,-0.59,1882.8753662109373,7.779817170406587e-05,0.0,1,-1.17,1882.8764038085933,2.269113341368588e-05,0.0,1,-1.26,1882.8768310546875,0.0,0.0,1,-1.31,1882.8768310546875,0.0,0.0,1,-1.32,1882.8746337890625,0.000116697257556,0.0,1,-1.46,1882.8755493164065,6.807340024105763e-05,0.0,1,-1.57,1882.8768310546875,0.0,0.0,1,-1.61,1882.8745727539065,0.0001199388480437,0.0,1,-3.31,1882.8768310546875,0.0,0.0,1,10
ZINC000002808187,-0.36,1882.8709106445312,0.0003144342773039,0.0,1,-0.87,1882.8768310546875,0.0,0.0,1,-0.89,1882.8760986328125,3.8899085852032936e-05,0.0,1,-1.01,1882.8756713867188,6.15902192657188e-05,0.0,1,-1.02,1882.8751831054688,8.75229431670741e-05,0.0,1,-1.03,1882.8768310546875,0.0,0.0,1,-1.05,1882.873962402344,0.0001523547529204,0.0,1,-1.17,1882.8740234375,0.0001491131624327,0.0,1,-3.58,1882.8720703125,0.0002528440580382,0.0,1,-1000.0,471.744140625,0.0,0.0,0,9
ZINC000002821414,-0.66,1882.8768310546875,0.0,0.0,1,-0.7,1882.8768310546875,0.0,0.0,1,-1.35,1882.8768310546875,0.0,0.0,1,-1.51,1882.8768310546875,0.0,0.0,1,-1.56,1882.8768310546875,0.0,0.0,1,-1.65,1882.8768310546875,0.0,0.0,1,-1.87,1882.8768310546875,0.0,0.0,1,-2.27,1882.8768310546875,0.0,0.0,1,-2.71,1882.8768310546875,0.0,0.0,1,-3.6,1882.8768310546875,0.0,0.0,1,10
ZINC000002840451,-1.02,1882.8728637695312,0.0002107033816985,0.0,1,-1.13,1882.8751831054688,8.75229431670741e-05,0.0,1,-1.19,1882.8744506835933,0.0001264220290191,0.0,1,-1.2,1882.87548828125,7.131499072872705e-05,0.0,1,-1.31,1882.873962402344,0.0001523547529204,0.0,1,-1.35,1882.8743896484373,0.0001296636195067,0.0,1,-1.47,1882.8744506835933,0.0001264220290191,0.0,1,-1.52,1882.8764038085933,2.269113341368588e-05,0.0,1,-1.53,1882.8746948242188,0.0001134556670684,0.0,1,-1.87,1882.872985839844,0.0002042202007231,0.0,1,10
ZINC000002851472,-0.58,1882.8732299804688,0.0001912538387724,0.0,1,-0.94,1882.874755859375,0.0001102140765807,0.0,1,-1.01,1882.873962402344,0.0001523547529204,0.0,1,-1.05,1882.8748779296875,0.0001037308956054,0.0,1,-1.11,1882.874755859375,0.0001102140765807,0.0,1,-1.14,1882.8746337890625,0.000116697257556,0.0,1,-1.15,1882.8736572265625,0.0001685627053588,0.0,1,-2.42,1882.8759765625,4.538226682737176e-05,0.0,1,-2.86,1882.87353515625,0.0001750458863341,0.0,1,-4.05,1882.8722534179688,0.0002431192865752,0.0,1,10
ZINC000002912050,-1.0,1882.872131347656,0.0002496024675505,0.0,1,-1.22,1882.8763427734373,2.593272390135529e-05,0.0,1,-1.36,1882.8768310546875,0.0,0.0,1,-1.49,1882.8768310546875,0.0,0.0,1,-1.72,1882.875061035156,9.400612414241292e-05,0.0,1,-2.5,1882.8753051757808,8.103976219173528e-05,0.0,1,-2.51,1882.875061035156,9.400612414241292e-05,0.0,1,-2.61,1882.8754272460933,7.455658121639646e-05,0.0,1,-3.37,1882.8739013671875,0.0001555963434081,0.0,1,-4.22,1882.8736572265625,0.0001685627053588,0.0,1,10
ZINC000002913846,-0.9,1882.8768310546875,0.0,0.0,1,-0.98,1882.8768310546875,0.0,0.0,1,-1.0,1882.8768310546875,0.0,0.0,1,-1.03,1882.8768310546875,0.0,0.0,1,-1.05,1882.8768310546875,0.0,0.0,1,-1.2,1882.8768310546875,0.0,0.0,1,-1.48,1882.8768310546875,0.0,0.0,1,-1.59,1882.8768310546875,0.0,0.0,1,-3.33,1882.8768310546875,0.0,0.0,1,-3.8,1882.8768310546875,0.0,0.0,1,10
ZINC000002932494,-0.48,1882.8722534179688,0.0002431192865752,0.0,1,-0.58,1882.8727416992188,0.0002171865626738,0.0,1,-0.58,1882.8736572265625,0.0001685627053588,0.0,1,-0.77,1882.8760986328125,3.8899085852032936e-05,0.0,1,-0.96,1882.87451171875,0.0001231804385314,0.0,1,-1.16,1882.872802734375,0.0002139449721861,0.0,1,-1.45,1882.8734130859373,0.0001815290673094,0.0,1,-1.48,1882.874755859375,0.0001102140765807,0.0,1,-1.58,1882.872985839844,0.0002042202007231,0.0,1,-2.17,1882.8762817382808,2.91743143890247e-05,0.0,1,10
ZINC000002967620,0.01,1882.87353515625,0.0001750458863341,0.0,1,0.01,1882.8758544921875,5.186544780271058e-05,0.0,1,-0.26,1882.875,9.724771463008236e-05,0.0,1,-0.29,1882.8763427734373,2.593272390135529e-05,0.0,1,-0.3,1882.876007080078,4.376147158353705e-05,0.0,1,-0.56,1882.8751220703125,9.076453365474352e-05,0.0,1,-0.59,1882.8759765625,4.538226682737176e-05,0.0,1,-0.67,1882.8760681152344,4.051988109586764e-05,0.0,1,-1.03,1882.8766784667969,8.103976219173527e-06,0.0,1,-1.77,1882.876434326172,2.107033816985117e-05,0.0,1,10
ZINC000002974406,-0.75,1882.8744506835933,0.0001264220290191,0.0,1,-0.82,1882.8737182617188,0.0001653211148711,0.0,1,-0.87,1882.8751220703125,9.076453365474352e-05,0.0,1,-1.15,1882.8721923828125,0.0002463608770628,0.0,1,-1.26,1882.873962402344,0.0001523547529204,0.0,1,-1.3,1882.8762817382808,2.91743143890247e-05,0.0,1,-1.44,1882.8758544921875,5.186544780271058e-05,0.0,1,-1.73,1882.8751220703125,9.076453365474352e-05,0.0,1,-1.82,1882.8724365234373,0.0002333945151121,0.0,1,-1.94,1882.872802734375,0.0002139449721861,0.0,1,10
ZINC000003010239,-0.52,1882.8707275390625,0.0003241590487669,0.0,1,-0.64,1882.8713989257808,0.0002885015534025,0.0,1,-0.74,1882.8705444335933,0.0003338838202299,0.0,1,-0.91,1882.8670043945312,0.0005218960685147,0.0,1,-0.91,1882.8688354492188,0.0004246483538846,0.0,1,-0.92,1882.8692626953125,0.000401957220471,0.0,1,-0.95,1882.869201660156,0.0004051988109586,0.0,1,-0.97,1882.870849609375,0.0003176758677916,0.0,1,-1.09,1882.8721923828125,0.0002463608770628,0.0,1,-1.67,1882.870056152344,0.0003598165441313,0.0,1,10
ZINC000003117866,-0.49,1882.8768310546875,0.0,0.0,1,-0.73,1882.8768310546875,0.0,0.0,1,-0.78,1882.8768310546875,0.0,0.0,1,-1.15,1882.8768310546875,0.0,0.0,1,-1.18,1882.8768310546875,0.0,0.0,1,-1.2,1882.8768310546875,0.0,0.0,1,-2.05,1882.8768310546875,0.0,0.0,1,-2.81,1882.8768310546875,0.0,0.0,1,-3.55,1882.8768310546875,0.0,0.0,1,-5.24,1882.8768310546875,0.0,0.0,1,10
ZINC000003188052,-0.34,1882.8629150390625,0.0007390826311886,0.0,1,-0.5,1882.8638305664065,0.0006904587738735,0.0,1,-0.61,1882.8636474609373,0.0007001835453365,0.0,1,-0.99,1882.8644409179688,0.0006580428689968,0.0,1,-1.2,1882.8607177734373,0.0008557798887447,0.0,1,-2.4,1882.8662109375,0.0005640367448544,0.0,1,-2.41,1882.867248535156,0.000508929706564,0.0,1,-2.47,1882.8650512695312,0.0006256269641201,0.0,1,-3.09,1882.8649291992188,0.0006321101450955,0.0,1,-5.41,1882.8650512695312,0.0006256269641201,0.0,1,10
ZINC000003307409,-0.71,1882.87646484375,1.9449542926016468e-05,0.0,1,-0.96,1882.87451171875,0.0001231804385314,0.0,1,-1.07,1882.8751220703125,9.076453365474352e-05,0.0,1,-1.23,1882.876220703125,3.241590487669411e-05,0.0,1,-1.41,1882.8743286132808,0.0001329052099944,0.0,1,-1.43,1882.8737182617188,0.0001653211148711,0.0,1,-2.23,1882.8760986328125,3.8899085852032936e-05,0.0,1,-3.43,1882.8756713867188,6.15902192657188e-05,0.0,1,-3.61,1882.8734741210933,0.0001782874768218,0.0,1,-3.71,1882.8765869140625,1.2966361950677644e-05,0.0,1,10
ZINC000003365558,-0.46,1882.874267578125,0.0001361468004821,0.0,1,-0.73,1882.8762817382808,2.91743143890247e-05,0.0,1,-0.85,1882.8768310546875,0.0,0.0,1,-0.94,1882.8768310546875,0.0,0.0,1,-1.01,1882.8768310546875,0.0,0.0,1,-1.04,1882.8768310546875,0.0,0.0,1,-1.09,1882.87548828125,7.131499072872705e-05,0.0,1,-1.36,1882.8768310546875,0.0,0.0,1,-1.39,1882.8768310546875,0.0,0.0,1,-1.94,1882.8768310546875,0.0,0.0,1,10
ZINC000003869280,-0.09,1641.05712890625,12.843097230793528,100.0,1,-0.73,1714.0418701171875,8.966861674267223,90.9090909090909,1,-1.23,1882.8768310546875,0.0,0.0,1,-1.37,1882.8768310546875,0.0,0.0,1,-1.4,1882.8768310546875,0.0,0.0,1,-1.5,1882.8768310546875,0.0,0.0,1,-1.56,1882.8768310546875,0.0,0.0,1,-2.55,1882.8768310546875,0.0,0.0,1,-2.59,1882.8768310546875,0.0,0.0,1,-4.04,1882.8768310546875,0.0,0.0,1,10
ZINC000003870044,-1.07,1715.1643676757812,8.907245583608496,100.0,1,-1.15,1718.952606201172,8.706051407605562,85.71428571428571,1,-1.25,1882.8768310546875,0.0,0.0,1,-1.32,1882.8768310546875,0.0,0.0,1,-1.34,1701.0672912597656,9.655944392978792,78.57142857142857,1,-1.89,1882.8768310546875,0.0,0.0,1,-1.9,1882.8768310546875,0.0,0.0,1,-1.94,1882.8768310546875,0.0,0.0,1,-2.62,1882.8768310546875,0.0,0.0,1,-2.84,1882.8768310546875,0.0,0.0,1,10
ZINC000003872713,0.01,1744.6552734375,7.340977133366877,80.0,1,-0.29,1603.195556640625,14.85393360846657,100.0,1,-0.58,1723.4286193847656,8.468329369192325,90.0,1,-0.61,1688.2252197265625,10.337989618741632,100.0,1,-0.83,1882.8768310546875,0.0,0.0,1,-1.05,1882.8768310546875,0.0,0.0,1,-1.41,1882.8768310546875,0.0,0.0,1,-1.44,1882.8768310546875,0.0,0.0,1,-1.61,1608.601806640625,14.56680648943076,100.0,1,-3.84,1882.8768310546875,0.0,0.0,1,10
ZINC000003888246,-0.62,1882.8768310546875,0.0,0.0,1,-0.64,1882.8768310546875,0.0,0.0,1,-0.66,1882.8768310546875,0.0,0.0,1,-0.79,1882.8768310546875,0.0,0.0,1,-1.02,1882.8768310546875,0.0,0.0,1,-1.2,1882.8768310546875,0.0,0.0,1,-1.7,1882.8768310546875,0.0,0.0,1,-1.77,1882.8768310546875,0.0,0.0,1,-1.77,1882.8768310546875,0.0,0.0,1,-1.95,1882.8768310546875,0.0,0.0,1,10
ZINC000003901843,-0.24,1882.8768310546875,0.0,0.0,1,-0.34,1882.8768310546875,0.0,0.0,1,-0.42,1882.8768310546875,0.0,0.0,1,-0.46,1882.8768310546875,0.0,0.0,1,-0.56,1882.8768310546875,0.0,0.0,1,-0.57,1882.8768310546875,0.0,0.0,1,-0.61,1882.8768310546875,0.0,0.0,1,-0.61,1882.8768310546875,0.0,0.0,1,-0.63,1882.8768310546875,0.0,0.0,1,-1.19,1882.8768310546875,0.0,0.0,1,10
ZINC000003928063,-0.45,1882.8687744140625,0.0004278899443723,0.0,1,-0.62,1882.8675537109373,0.0004927217541257,0.0,1,-0.91,1882.8671875,0.0005121712970517,0.0,1,-1.02,1882.867126464844,0.0005154128875394,0.0,1,-1.03,1882.8702392578125,0.0003500917726682,0.0,1,-1.31,1882.8706665039065,0.0003274006392546,0.0,1,-1.4,1882.8695068359373,0.0003889908585203,0.0,1,-1.62,1882.8684692382808,0.0004440978968107,0.0,1,-1.84,1882.8673706054688,0.0005024465255887,0.0,1,-3.08,1882.86767578125,0.0004862385731504,0.0,1,10
ZINC000003975575,-0.73,1882.8768310546875,0.0,0.0,1,-1.03,1882.875732421875,5.83486287780494e-05,0.0,1,-1.05,1882.8768310546875,0.0,0.0,1,-1.06,1882.87548828125,7.131499072872705e-05,0.0,1,-1.22,1882.875732421875,5.83486287780494e-05,0.0,1,-1.29,1882.8768310546875,0.0,0.0,1,-1.72,1882.8754272460933,7.455658121639646e-05,0.0,1,-1.78,1882.8765869140625,1.2966361950677644e-05,0.0,1,-2.61,1882.8768310546875,0.0,0.0,1,-2.64,1882.8765258789065,1.6207952438347055e-05,0.0,1,10
ZINC000003991788,-0.73,1882.872985839844,0.0002042202007231,0.0,1,-0.82,1882.8728637695312,0.0002107033816985,0.0,1,-1.01,1882.8723754882808,0.0002366361055998,0.0,1,-1.32,1882.8731689453125,0.0001944954292601,0.0,1,-1.5,1882.8709106445312,0.0003144342773039,0.0,1,-1.61,1882.8732299804688,0.0001912538387724,0.0,1,-1.72,1882.872131347656,0.0002496024675505,0.0,1,-1.97,1882.8729248046875,0.0002074617912108,0.0,1,-2.19,1882.8748168945312,0.000106972486093,0.0,1,-2.67,1882.8717651367188,0.0002690520104765,0.0,1,10
ZINC000004097077,-0.28,1882.8768310546875,0.0,0.0,1,-0.31,1882.8768310546875,0.0,0.0,1,-0.36,1882.8768310546875,0.0,0.0,1,-0.51,1882.8768310546875,0.0,0.0,1,-0.52,1882.8768310546875,0.0,0.0,1,-0.52,1882.8768310546875,0.0,0.0,1,-0.64,1671.8312683105469,11.208675961343904,100.0,1,-1.49,1882.8768310546875,0.0,0.0,1,-1.59,1882.8768310546875,0.0,0.0,1,-1.72,1882.8768310546875,0.0,0.0,1,10
ZINC000004097378,-0.2,1613.4396057128906,14.309869923401866,100.0,1,-0.62,1695.933837890625,9.92858322332996,100.0,1,-1.0,1882.8768310546875,0.0,0.0,1,-1.08,1700.9637145996094,9.661445372036368,100.0,1,-1.41,1882.8768310546875,0.0,0.0,1,-1.46,1882.8768310546875,0.0,0.0,1,-1.49,1882.8768310546875,0.0,0.0,1,-1.79,1882.8768310546875,0.0,0.0,1,-1.9,1882.8768310546875,0.0,0.0,1,-2.32,1882.8768310546875,0.0,0.0,1,10
ZINC000004099158,-0.11,1663.1189575195312,11.671388691530057,100.0,1,-0.92,1882.8768310546875,0.0,0.0,1,-1.02,1882.8768310546875,0.0,0.0,1,-1.21,1882.8768310546875,0.0,0.0,1,-1.26,1882.8768310546875,0.0,0.0,1,-1.3,1882.8768310546875,0.0,0.0,1,-1.47,1882.8768310546875,0.0,0.0,1,-2.29,1655.820068359375,12.059034289998,100.0,1,-2.61,1882.8768310546875,0.0,0.0,1,-3.23,1882.8768310546875,0.0,0.0,1,10
ZINC000004522124,-1.02,1882.8738403320312,0.0001588379338958,0.0,1,-1.05,1882.8726806640625,0.0002204281531615,0.0,1,-1.16,1882.8728637695312,0.0002107033816985,0.0,1,-1.2,1882.874084472656,0.0001458715719451,0.0,1,-1.35,1882.8743286132808,0.0001329052099944,0.0,1,-1.67,1882.873779296875,0.0001620795243834,0.0,1,-1.68,1882.8732299804688,0.0001912538387724,0.0,1,-1.71,1882.873291015625,0.0001880122482848,0.0,1,-2.04,1882.8756103515625,6.483180975338822e-05,0.0,1,-2.13,1882.8740234375,0.0001491131624327,0.0,1,10
ZINC000004528913,-0.61,1882.8722534179688,0.0002431192865752,0.0,1,-0.93,1882.8722534179688,0.0002431192865752,0.0,1,-1.31,1882.873291015625,0.0001880122482848,0.0,1,-1.36,1882.8736572265625,0.0001685627053588,0.0,1,-1.55,1882.873962402344,0.0001523547529204,0.0,1,-1.55,1882.8731689453125,0.0001944954292601,0.0,1,-1.77,1882.8723754882808,0.0002366361055998,0.0,1,-1.95,1882.87548828125,7.131499072872705e-05,0.0,1,-1.95,1882.8734130859373,0.0001815290673094,0.0,1,-2.92,1882.8744506835933,0.0001264220290191,0.0,1,10
ZINC000004545926,-0.97,1882.8743896484373,0.0001296636195067,0.0,1,-1.07,1882.872314453125,0.0002398776960875,0.0,1,-1.14,1882.8721923828125,0.0002463608770628,0.0,1,-1.15,1882.872009277344,0.0002560856485258,0.0,1,-1.18,1882.8742065429688,0.0001393883909697,0.0,1,-1.19,1882.8728637695312,0.0002107033816985,0.0,1,-1.33,1882.8748779296875,0.0001037308956054,0.0,1,-1.41,1882.8734741210933,0.0001782874768218,0.0,1,-1.47,1882.8743286132808,0.0001329052099944,0.0,1,-2.21,1882.875244140625,8.42813526794047e-05,0.0,1,10
ZINC000004744473,-0.38,1882.8768310546875,0.0,0.0,1,-1.37,1882.8768310546875,0.0,0.0,1,-1.43,1882.8768310546875,0.0,0.0,1,-1.53,1882.8768310546875,0.0,0.0,1,-1.68,1882.8768310546875,0.0,0.0,1,-2.0,1882.8768310546875,0.0,0.0,1,-2.87,1882.8768310546875,0.0,0.0,1,-3.02,1882.8768310546875,0.0,0.0,1,-3.15,1882.8768310546875,0.0,0.0,1,-3.6,1882.8768310546875,0.0,0.0,1,10
ZINC000005128987,-0.33,1882.8768310546875,0.0,0.0,1,-0.4,1882.8768310546875,0.0,0.0,1,-0.47,1882.8768310546875,0.0,0.0,1,-0.49,1882.8768310546875,0.0,0.0,1,-0.58,1882.8768310546875,0.0,0.0,1,-0.58,1882.8768310546875,0.0,0.0,1,-0.63,1882.8768310546875,0.0,0.0,1,-0.66,1882.8768310546875,0.0,0.0,1,-0.75,1882.8768310546875,0.0,0.0,1,-1.02,1882.8768310546875,0.0,0.0,1,10
ZINC000005131762,-0.46,1882.8768310546875,0.0,0.0,1,-0.75,1882.8768310546875,0.0,0.0,1,-0.91,1882.8768310546875,0.0,0.0,1,-1.56,1882.8768310546875,0.0,0.0,1,-2.29,1756.6690368652344,6.7029235321122,66.66666666666666,1,-2.67,1882.8768310546875,0.0,0.0,1,-2.87,1882.8768310546875,0.0,0.0,1,-3.14,1882.8768310546875,0.0,0.0,1,-3.28,1882.8768310546875,0.0,0.0,1,-3.42,1882.8768310546875,0.0,0.0,1,10
ZINC000005273821,-0.9,1882.8768310546875,0.0,0.0,1,-0.91,1882.8768310546875,0.0,0.0,1,-0.94,1882.8768310546875,0.0,0.0,1,-0.95,1882.8768310546875,0.0,0.0,1,-1.06,1882.8768310546875,0.0,0.0,1,-1.12,1882.8768310546875,0.0,0.0,1,-1.16,1882.8768310546875,0.0,0.0,1,-1.47,1882.8768310546875,0.0,0.0,1,-3.32,1882.8768310546875,0.0,0.0,1,-5.08,1882.8768310546875,0.0,0.0,1,10
ZINC000005287079,0.0,1882.8768310546875,0.0,0.0,1,-0.2,1882.8768310546875,0.0,0.0,1,-0.36,1882.8768310546875,0.0,0.0,1,-0.45,1882.8768310546875,0.0,0.0,1,-0.5,1882.8768310546875,0.0,0.0,1,-0.59,1882.8768310546875,0.0,0.0,1,-0.68,1882.8768310546875,0.0,0.0,1,-0.79,1882.8768310546875,0.0,0.0,1,-0.98,1882.8768310546875,0.0,0.0,1,-1.08,1782.80078125,5.315060876745199,66.66666666666666,1,10
ZINC000005395432,-1.27,1882.87451171875,0.0001231804385314,0.0,1,-1.58,1882.8753051757808,8.103976219173528e-05,0.0,1,-1.61,1882.8740234375,0.0001491131624327,0.0,1,-2.16,1882.8768310546875,0.0,0.0,1,-2.34,1882.8739013671875,0.0001555963434081,0.0,1,-2.47,1882.874267578125,0.0001361468004821,0.0,1,-2.66,1882.876220703125,3.241590487669411e-05,0.0,1,-2.68,1882.8768310546875,0.0,0.0,1,-2.96,1882.8766479492188,9.724771463008234e-06,0.0,1,-3.75,1882.8738403320312,0.0001588379338958,0.0,1,10
ZINC000005395509,-1.1,1882.8733520507808,0.0001847706577971,0.0,1,-1.41,1882.8740234375,0.0001491131624327,0.0,1,-1.65,1882.8727416992188,0.0002171865626738,0.0,1,-1.69,1882.87353515625,0.0001750458863341,0.0,1,-1.69,1882.8723754882808,0.0002366361055998,0.0,1,-2.04,1882.8743896484373,0.0001296636195067,0.0,1,-2.11,1882.8732299804688,0.0001912538387724,0.0,1,-2.18,1882.874938964844,0.0001004893051177,0.0,1,-2.58,1882.8729248046875,0.0002074617912108,0.0,1,-2.68,1882.87158203125,0.0002787767819395,0.0,1,10
ZINC000005461466,-0.71,1882.8740234375,0.0001491131624327,0.0,1,-0.77,1882.8734130859373,0.0001815290673094,0.0,1,-1.12,1882.8736572265625,0.0001685627053588,0.0,1,-1.36,1882.8717041015625,0.0002722936009642,0.0,1,-1.57,1882.873962402344,0.0001523547529204,0.0,1,-1.6,1882.8744506835933,0.0001264220290191,0.0,1,-1.62,1882.8714599609373,0.0002852599629149,0.0,1,-1.82,1882.8727416992188,0.0002171865626738,0.0,1,-2.21,1882.87060546875,0.0003306422297422,0.0,1,-3.71,1882.874938964844,0.0001004893051177,0.0,1,10
ZINC000005461707,-0.65,1882.8723754882808,0.0002366361055998,0.0,1,-0.83,1882.8722534179688,0.0002431192865752,0.0,1,-0.93,1882.872985839844,0.0002042202007231,0.0,1,-1.15,1882.873291015625,0.0001880122482848,0.0,1,-1.91,1882.8748779296875,0.0001037308956054,0.0,1,-3.6,1882.87353515625,0.0001750458863341,0.0,1,-3.82,1882.8768310546875,0.0,0.0,1,-3.83,1882.8753051757808,8.103976219173528e-05,0.0,1,-3.86,1882.8743286132808,0.0001329052099944,0.0,1,-4.6,1882.8745727539065,0.0001199388480437,0.0,1,10
ZINC000005612425,-1.0,1882.8768310546875,0.0,0.0,1,-1.1,1882.8768310546875,0.0,0.0,1,-1.2,1882.8768310546875,0.0,0.0,1,-1.21,1882.8768310546875,0.0,0.0,1,-1.49,1882.8768310546875,0.0,0.0,1,-1.57,1882.8768310546875,0.0,0.0,1,-1.73,1882.8768310546875,0.0,0.0,1,-1.87,1882.8768310546875,0.0,0.0,1,-2.17,1882.8768310546875,0.0,0.0,1,-2.88,1882.8768310546875,0.0,0.0,1,10
ZINC000005722133,-0.12,1882.8768310546875,0.0,0.0,1,-0.26,1882.872131347656,0.0002496024675505,0.0,1,-0.31,1882.8703002929688,0.0003468501821806,0.0,1,-0.34,1882.87353515625,0.0001750458863341,0.0,1,-0.37,1882.872802734375,0.0002139449721861,0.0,1,-0.7,1882.8741455078125,0.0001426299814574,0.0,1,-0.72,1882.872009277344,0.0002560856485258,0.0,1,-0.73,1882.8739013671875,0.0001555963434081,0.0,1,-0.97,1882.8736572265625,0.0001685627053588,0.0,1,-1.38,1882.8758544921875,5.186544780271058e-05,0.0,1,10
ZINC000006073736,-0.66,1882.8758544921875,5.186544780271058e-05,0.0,1,-0.87,1882.8739013671875,0.0001555963434081,0.0,1,-1.0,1882.874267578125,0.0001361468004821,0.0,1,-1.17,1882.8721923828125,0.0002463608770628,0.0,1,-1.19,1882.8748168945312,0.000106972486093,0.0,1,-1.8,1882.8761596679688,3.565749536436352e-05,0.0,1,-1.84,1882.872802734375,0.0002139449721861,0.0,1,-2.41,1882.8757934570312,5.510703829037999e-05,0.0,1,-2.98,1882.8753662109373,7.779817170406587e-05,0.0,1,-1000.0,471.744140625,0.0,0.0,0,9
ZINC000006136187,-0.97,1882.8743896484373,0.0001296636195067,0.0,1,-0.98,1882.8720703125,0.0002528440580382,0.0,1,-1.0,1882.8743896484373,0.0001296636195067,0.0,1,-1.21,1882.8727416992188,0.0002171865626738,0.0,1,-1.66,1882.8745727539065,0.0001199388480437,0.0,1,-1.94,1882.8768310546875,0.0,0.0,1,-2.16,1882.8768310546875,0.0,0.0,1,-2.2,1882.8731689453125,0.0001944954292601,0.0,1,-2.28,1882.8768310546875,0.0,0.0,1,-2.92,1882.8756103515625,6.483180975338822e-05,0.0,1,10
ZINC000008296810,-0.22,1882.8768310546875,0.0,0.0,1,-0.59,1882.8768310546875,0.0,0.0,1,-0.69,1882.8768310546875,0.0,0.0,1,-1.06,1882.8768310546875,0.0,0.0,1,-1.11,1882.8768310546875,0.0,0.0,1,-1.13,1882.8768310546875,0.0,0.0,1,-1.22,1882.87646484375,1.9449542926016468e-05,0.0,1,-1.36,1882.8768310546875,0.0,0.0,1,-1.44,1882.8768310546875,0.0,0.0,1,-5.16,1882.8768310546875,0.0,0.0,1,10
ZINC000008626845,-0.56,1882.873046875,0.0002009786102355,0.0,1,-0.86,1882.875732421875,5.83486287780494e-05,0.0,1,-1.18,1882.8724365234373,0.0002333945151121,0.0,1,-1.34,1882.875061035156,9.400612414241292e-05,0.0,1,-1.54,1882.8756713867188,6.15902192657188e-05,0.0,1,-1.72,1882.8753051757808,8.103976219173528e-05,0.0,1,-2.5,1882.8727416992188,0.0002171865626738,0.0,1,-2.85,1882.875732421875,5.83486287780494e-05,0.0,1,-2.96,1882.8755493164065,6.807340024105763e-05,0.0,1,-3.4,1882.87451171875,0.0001231804385314,0.0,1,10
ZINC000008662219,-0.76,1882.8681640625,0.000460305849249,0.0,1,-0.84,1882.8684692382808,0.0004440978968107,0.0,1,-0.9,1882.8668823242188,0.0005283792494901,0.0,1,-1.01,1882.869873046875,0.0003695413155943,0.0,1,-1.11,1882.868896484375,0.000421406763397,0.0,1,-1.15,1882.8660888671875,0.0005705199258298,0.0,1,-1.24,1882.870361328125,0.0003436085916929,0.0,1,-1.32,1882.8715209960933,0.0002820183724272,0.0,1,-1.99,1882.8690185546875,0.0004149235824216,0.0,1,-3.04,1882.8706665039065,0.0003274006392546,0.0,1,10
ZINC000008686816,-0.55,1882.8768310546875,0.0,0.0,1,-0.83,1882.8768310546875,0.0,0.0,1,-1.05,1882.8768310546875,0.0,0.0,1,-1.48,1882.8768310546875,0.0,0.0,1,-1.53,1882.8768310546875,0.0,0.0,1,-1.55,1882.8768310546875,0.0,0.0,1,-2.03,1882.8768310546875,0.0,0.0,1,-2.3,1882.8768310546875,0.0,0.0,1,-1000.0,471.744140625,0.0,0.0,0,-1000.0,471.744140625,0.0,0.0,0,8
ZINC000008764239,-0.48,1882.8768310546875,0.0,0.0,1,-0.49,1882.8768310546875,0.0,0.0,1,-0.54,1882.8768310546875,0.0,0.0,1,-0.63,1882.8768310546875,0.0,0.0,1,-0.73,1882.8768310546875,0.0,0.0,1,-0.75,1882.8768310546875,0.0,0.0,1,-0.77,1882.8768310546875,0.0,0.0,1,-0.78,1882.8768310546875,0.0,0.0,1,-0.81,1882.8768310546875,0.0,0.0,1,-1.38,1882.8768310546875,0.0,0.0,1,10
ZINC000008790203,-0.1,1882.8768310546875,0.0,0.0,1,-0.11,1882.8768310546875,0.0,0.0,1,-0.14,1882.8768310546875,0.0,0.0,1,-0.16,1882.8768310546875,0.0,0.0,1,-0.23,1882.8768310546875,0.0,0.0,1,-0.55,1882.8768310546875,0.0,0.0,1,-0.56,1882.8768310546875,0.0,0.0,1,-0.6,1882.8768310546875,0.0,0.0,1,-1.13,1882.8768310546875,0.0,0.0,1,-2.68,1882.8768310546875,0.0,0.0,1,10
ZINC000008790442,-0.86,1882.8753051757808,8.103976219173528e-05,0.0,1,-0.88,1882.8768310546875,0.0,0.0,1,-0.93,1882.873962402344,0.0001523547529204,0.0,1,-0.94,1882.8768310546875,0.0,0.0,1,-1.06,1882.8768310546875,0.0,0.0,1,-1.25,1882.8753662109373,7.779817170406587e-05,0.0,1,-1.43,1882.8745727539065,0.0001199388480437,0.0,1,-1.68,1882.874938964844,0.0001004893051177,0.0,1,-3.27,1882.875732421875,5.83486287780494e-05,0.0,1,-5.29,1882.8768310546875,0.0,0.0,1,10
ZINC000008790908,-0.55,1882.8768310546875,0.0,0.0,1,-0.58,1882.8768310546875,0.0,0.0,1,-0.7,1882.8768310546875,0.0,0.0,1,-1.02,1882.8768310546875,0.0,0.0,1,-1.03,1882.8768310546875,0.0,0.0,1,-1.08,1882.8768310546875,0.0,0.0,1,-1.17,1882.8768310546875,0.0,0.0,1,-1.27,1882.8768310546875,0.0,0.0,1,-1.32,1882.8768310546875,0.0,0.0,1,-1.37,1882.8768310546875,0.0,0.0,1,10
ZINC000008791207,-0.7,1882.8768310546875,0.0,0.0,1,-0.73,1882.8768310546875,0.0,0.0,1,-0.79,1882.8768310546875,0.0,0.0,1,-0.82,1882.8768310546875,0.0,0.0,1,-0.92,1882.8768310546875,0.0,0.0,1,-1.12,1882.8768310546875,0.0,0.0,1,-1.94,1882.8768310546875,0.0,0.0,1,-1.97,1882.8768310546875,0.0,0.0,1,-2.09,1882.8768310546875,0.0,0.0,1,-3.52,1882.8768310546875,0.0,0.0,1,10
ZINC000008791811,-0.71,1882.8768310546875,0.0,0.0,1,-0.76,1882.8768310546875,0.0,0.0,1,-0.79,1882.8764038085933,2.269113341368588e-05,0.0,1,-0.87,1882.8768310546875,0.0,0.0,1,-0.89,1882.8768310546875,0.0,0.0,1,-0.94,1882.8768310546875,0.0,0.0,1,-0.97,1882.8768310546875,0.0,0.0,1,-1.05,1882.8768310546875,0.0,0.0,1,-1.23,1882.8768310546875,0.0,0.0,1,-2.5,1882.8768310546875,0.0,0.0,1,10
ZINC000008852438,-0.9,1882.8756713867188,6.15902192657188e-05,0.0,1,-0.91,1882.8768310546875,0.0,0.0,1,-0.94,1882.876220703125,3.241590487669411e-05,0.0,1,-0.96,1882.8766479492188,9.724771463008234e-06,0.0,1,-1.03,1882.875244140625,8.42813526794047e-05,0.0,1,-1.04,1882.8765258789065,1.6207952438347055e-05,0.0,1,-1.04,1882.876037597656,4.214067633970235e-05,0.0,1,-1.16,1882.8768310546875,0.0,0.0,1,-1.65,1882.8768310546875,0.0,0.0,1,-2.35,1882.87548828125,7.131499072872705e-05,0.0,1,10
ZINC000008857455,-0.64,1882.8768310546875,0.0,0.0,1,-0.92,1882.8768310546875,0.0,0.0,1,-1.07,1882.8768310546875,0.0,0.0,1,-1.09,1882.875915527344,4.8623857315041175e-05,0.0,1,-1.3,1882.8768310546875,0.0,0.0,1,-1.5,1882.8768310546875,0.0,0.0,1,-1.63,1882.8768310546875,0.0,0.0,1,-1.72,1882.8768310546875,0.0,0.0,1,-1.79,1882.8762817382808,2.91743143890247e-05,0.0,1,-1.85,1882.8768310546875,0.0,0.0,1,10
ZINC000008876396,-0.37,1882.8768310546875,0.0,0.0,1,-0.72,1882.8768310546875,0.0,0.0,1,-0.86,1882.8768310546875,0.0,0.0,1,-1.0,1882.8768310546875,0.0,0.0,1,-1.38,1882.8768310546875,0.0,0.0,1,-1.51,1882.8768310546875,0.0,0.0,1,-1.77,1882.8762817382808,2.91743143890247e-05,0.0,1,-2.09,1882.8768310546875,0.0,0.0,1,-2.96,1882.8768310546875,0.0,0.0,1,-3.13,1882.8768310546875,0.0,0.0,1,10
ZINC000008876440,-0.02,1882.876220703125,3.241590487669411e-05,0.0,1,-0.14,1882.8765869140625,1.2966361950677644e-05,0.0,1,-0.17,1882.8768310546875,0.0,0.0,1,-0.33,1882.8768310546875,0.0,0.0,1,-0.46,1882.8768310546875,0.0,0.0,1,-0.51,1882.8768310546875,0.0,0.0,1,-0.52,1882.8768310546875,0.0,0.0,1,-0.61,1882.8768310546875,0.0,0.0,1,-0.73,1882.8768310546875,0.0,0.0,1,-2.91,1882.8768310546875,0.0,0.0,1,10
ZINC000008876779,-0.23,1882.8768310546875,0.0,0.0,1,-0.4,1882.8768310546875,0.0,0.0,1,-0.42,1882.8768310546875,0.0,0.0,1,-0.47,1882.8768310546875,0.0,0.0,1,-0.5,1882.8768310546875,0.0,0.0,1,-0.54,1882.8768310546875,0.0,0.0,1,-0.58,1882.8768310546875,0.0,0.0,1,-0.84,1882.8768310546875,0.0,0.0,1,-0.94,1882.8768310546875,0.0,0.0,1,-5.23,471.744140625,0.0,0.0,1,10
ZINC000008918304,-0.59,1882.876037597656,4.214067633970235e-05,0.0,1,-0.7,1882.8768310546875,0.0,0.0,1,-0.91,1882.8768310546875,0.0,0.0,1,-1.02,1882.8768310546875,0.0,0.0,1,-1.03,1882.876708984375,6.483180975338823e-06,0.0,1,-1.13,1882.8768310546875,0.0,0.0,1,-1.14,1882.8768310546875,0.0,0.0,1,-1.79,1882.8761596679688,3.565749536436352e-05,0.0,1,-3.04,1862.6321411132808,1.0751999072645797,3.125,1,-5.27,1882.8768310546875,0.0,0.0,1,10
ZINC000008918376,-0.32,1882.8757934570312,5.510703829037999e-05,0.0,1,-0.64,1882.8762817382808,2.91743143890247e-05,0.0,1,-0.72,1882.874267578125,0.0001361468004821,0.0,1,-0.73,1882.8760986328125,3.8899085852032936e-05,0.0,1,-0.74,1882.875,9.724771463008236e-05,0.0,1,-0.88,1882.8767700195312,3.241590487669412e-06,0.0,1,-0.89,1882.876037597656,4.214067633970235e-05,0.0,1,-1.43,1882.8768310546875,0.0,0.0,1,-3.28,1882.8768310546875,0.0,0.0,1,-4.25,1882.8748779296875,0.0001037308956054,0.0,1,10
ZINC000009096295,-0.6,1882.8745727539065,0.0001199388480437,0.0,1,-0.85,1882.87646484375,1.9449542926016468e-05,0.0,1,-1.14,1882.8765258789065,1.6207952438347055e-05,0.0,1,-1.16,1882.8760986328125,3.8899085852032936e-05,0.0,1,-1.26,1882.8768310546875,0.0,0.0,1,-1.87,1882.875732421875,5.83486287780494e-05,0.0,1,-2.79,1882.8756103515625,6.483180975338822e-05,0.0,1,-2.88,1882.8759765625,4.538226682737176e-05,0.0,1,-2.96,1882.8768310546875,0.0,0.0,1,-5.36,1882.8768310546875,0.0,0.0,1,10
ZINC000009129411,-0.33,1882.8768310546875,0.0,0.0,1,-0.55,1882.8768310546875,0.0,0.0,1,-0.7,1882.8768310546875,0.0,0.0,1,-0.76,1882.8768310546875,0.0,0.0,1,-0.81,1882.8768310546875,0.0,0.0,1,-0.86,1882.8768310546875,0.0,0.0,1,-1.07,1882.8768310546875,0.0,0.0,1,-1.36,1882.8768310546875,0.0,0.0,1,-1.62,1882.8768310546875,0.0,0.0,1,-4.76,1882.8728637695312,0.0002107033816985,0.0,1,10
ZINC000009130109,-0.72,1882.8717041015625,0.0002722936009642,0.0,1,-1.12,1882.8726806640625,0.0002204281531615,0.0,1,-1.32,1882.8760986328125,3.8899085852032936e-05,0.0,1,-1.37,1882.8717041015625,0.0002722936009642,0.0,1,-1.41,1882.8736572265625,0.0001685627053588,0.0,1,-1.79,1882.8735961914065,0.0001718042958464,0.0,1,-1.92,1882.8713989257808,0.0002885015534025,0.0,1,-1.97,1882.8759765625,4.538226682737176e-05,0.0,1,-3.4,1882.8734741210933,0.0001782874768218,0.0,1,-3.62,1882.874267578125,0.0001361468004821,0.0,1,10
ZINC000009130603,-0.49,1882.8768310546875,0.0,0.0,1,-0.87,1882.8768310546875,0.0,0.0,1,-0.95,1882.8768310546875,0.0,0.0,1,-0.96,1882.8768310546875,0.0,0.0,1,-0.98,1882.8768310546875,0.0,0.0,1,-1.12,1882.8768310546875,0.0,0.0,1,-1.27,1882.8768310546875,0.0,0.0,1,-1.72,1882.8768310546875,0.0,0.0,1,-2.39,1882.8768310546875,0.0,0.0,1,-2.84,1882.8768310546875,0.0,0.0,1,10
ZINC000009323858,-0.59,1882.8768310546875,0.0,0.0,1,-0.69,1882.8768310546875,0.0,0.0,1,-0.74,1882.8768310546875,0.0,0.0,1,-0.99,1882.873107910156,0.0001977370197478,0.0,1,-0.99,1882.8764038085933,2.269113341368588e-05,0.0,1,-1.18,1882.8753662109373,7.779817170406587e-05,0.0,1,-1.21,1882.8768310546875,0.0,0.0,1,-1.22,1882.875732421875,5.83486287780494e-05,0.0,1,-1.44,1882.8765258789065,1.6207952438347055e-05,0.0,1,-3.5,1882.8759765625,4.538226682737176e-05,0.0,1,10
ZINC000009409967,-0.59,1882.8768310546875,0.0,0.0,1,-0.83,1882.876708984375,6.483180975338823e-06,0.0,1,-0.86,1882.8768310546875,0.0,0.0,1,-1.31,1882.8768310546875,0.0,0.0,1,-1.69,1882.8768310546875,0.0,0.0,1,-1.87,1882.8768310546875,0.0,0.0,1,-1.93,1882.8768310546875,0.0,0.0,1,-3.09,1882.8768310546875,0.0,0.0,1,-4.22,1882.8768310546875,0.0,0.0,1,-1000.0,471.744140625,0.0,0.0,0,9
ZINC000012502356,-0.32,1882.872314453125,0.0002398776960875,0.0,1,-0.68,1882.87353515625,0.0001750458863341,0.0,1,-0.78,1882.8731689453125,0.0001944954292601,0.0,1,-0.79,1882.8717651367188,0.0002690520104765,0.0,1,-0.81,1882.8717651367188,0.0002690520104765,0.0,1,-0.87,1882.8743286132808,0.0001329052099944,0.0,1,-0.89,1882.8729248046875,0.0002074617912108,0.0,1,-1.0,1882.8724365234373,0.0002333945151121,0.0,1,-1.07,1882.872314453125,0.0002398776960875,0.0,1,-3.26,1882.873291015625,0.0001880122482848,0.0,1,10
ZINC000012631474,-0.99,1882.873291015625,0.0001880122482848,0.0,1,-1.18,1882.8763427734373,2.593272390135529e-05,0.0,1,-1.33,1882.8748779296875,0.0001037308956054,0.0,1,-1.39,1882.8768310546875,0.0,0.0,1,-1.53,1882.8742065429688,0.0001393883909697,0.0,1,-1.54,1882.875061035156,9.400612414241292e-05,0.0,1,-1.56,1882.8768310546875,0.0,0.0,1,-1.8,1882.875,9.724771463008236e-05,0.0,1,-2.08,1882.8743896484373,0.0001296636195067,0.0,1,-4.15,1882.8745727539065,0.0001199388480437,0.0,1,10
ZINC000012882189,-1.03,1882.8765869140625,1.2966361950677644e-05,0.0,1,-1.14,1882.8707275390625,0.0003241590487669,0.0,1,-1.22,1882.8766479492188,9.724771463008234e-06,0.0,1,-1.22,1882.87353515625,0.0001750458863341,0.0,1,-1.28,1882.8748168945312,0.000106972486093,0.0,1,-1.3,1882.8768310546875,0.0,0.0,1,-1.48,1882.873962402344,0.0001523547529204,0.0,1,-1.6,1882.8765258789065,1.6207952438347055e-05,0.0,1,-1.88,1882.8754272460933,7.455658121639646e-05,0.0,1,-3.57,1882.8762817382808,2.91743143890247e-05,0.0,1,10
ZINC000013488143,-1.26,1882.875,9.724771463008236e-05,0.0,1,-1.35,1882.8761596679688,3.565749536436352e-05,0.0,1,-1.82,1882.8744506835933,0.0001264220290191,0.0,1,-1.84,1882.8720703125,0.0002528440580382,0.0,1,-2.07,1882.872985839844,0.0002042202007231,0.0,1,-2.34,1882.874267578125,0.0001361468004821,0.0,1,-2.41,1882.873046875,0.0002009786102355,0.0,1,-2.49,1882.8736572265625,0.0001685627053588,0.0,1,-3.17,1882.8734741210933,0.0001782874768218,0.0,1,-3.24,1882.872802734375,0.0002139449721861,0.0,1,10
ZINC000013513595,0.11,1882.8768310546875,0.0,0.0,1,-0.2,1882.8768310546875,0.0,0.0,1,-0.76,1762.6896362304688,6.383168184022758,72.72727272727273,1,-0.86,1711.248565673828,9.11521468373066,90.9090909090909,1,-0.91,1882.8768310546875,0.0,0.0,1,-1.0,1882.8768310546875,0.0,0.0,1,-1.32,1783.0635375976562,5.301105829695783,54.54545454545454,1,-1.39,1882.8768310546875,0.0,0.0,1,-1.48,1882.8768310546875,0.0,0.0,1,-1.5,1882.8768310546875,0.0,0.0,1,10
ZINC000013553897,-0.67,1882.8724365234373,0.0002333945151121,0.0,1,-1.01,1882.8713989257808,0.0002885015534025,0.0,1,-1.1,1882.871826171875,0.0002658104199888,0.0,1,-1.14,1882.8709106445312,0.0003144342773039,0.0,1,-1.44,1882.87158203125,0.0002787767819395,0.0,1,-1.47,1882.8720703125,0.0002528440580382,0.0,1,-1.52,1882.8724365234373,0.0002333945151121,0.0,1,-1.73,1882.8753662109373,7.779817170406587e-05,0.0,1,-2.72,1882.8738403320312,0.0001588379338958,0.0,1,-2.81,1882.873962402344,0.0001523547529204,0.0,1,10
ZINC000013557992,-0.1,1882.8757934570312,5.510703829037999e-05,0.0,1,-0.29,1882.8768310546875,0.0,0.0,1,-0.33,1882.8768310546875,0.0,0.0,1,-0.36,1882.8751220703125,9.076453365474352e-05,0.0,1,-0.46,1882.8755493164065,6.807340024105763e-05,0.0,1,-0.58,1882.8768310546875,0.0,0.0,1,-0.61,1882.8768310546875,0.0,0.0,1,-1.09,1882.8768310546875,0.0,0.0,1,-3.07,1882.8759765625,4.538226682737176e-05,0.0,1,-5.1,1882.8743896484373,0.0001296636195067,0.0,1,10
ZINC000013586358,-1.08,1882.8735961914065,0.0001718042958464,0.0,1,-1.2,1882.8729248046875,0.0002074617912108,0.0,1,-1.35,1882.872985839844,0.0002042202007231,0.0,1,-1.43,1882.8704223632808,0.0003403670012052,0.0,1,-1.63,1882.872131347656,0.0002496024675505,0.0,1,-1.73,1882.872985839844,0.0002042202007231,0.0,1,-2.35,1882.8719482421875,0.0002593272390135,0.0,1,-2.69,1882.871337890625,0.0002917431438902,0.0,1,-3.1,1882.8748168945312,0.000106972486093,0.0,1,-3.37,1882.8743286132808,0.0001329052099944,0.0,1,10
ZINC000013587590,-0.42,1882.8751220703125,9.076453365474352e-05,0.0,1,-1.01,1882.8746337890625,0.000116697257556,0.0,1,-1.04,1882.8768310546875,0.0,0.0,1,-1.18,1882.8738403320312,0.0001588379338958,0.0,1,-1.97,1882.8768310546875,0.0,0.0,1,-1.98,1882.876037597656,4.214067633970235e-05,0.0,1,-2.13,1882.8768310546875,0.0,0.0,1,-2.57,1882.8768310546875,0.0,0.0,1,-2.85,1882.875,9.724771463008236e-05,0.0,1,-3.3,1882.8748168945312,0.000106972486093,0.0,1,10
ZINC000013677355,-0.93,1882.8748779296875,0.0001037308956054,0.0,1,-1.05,1882.8742065429688,0.0001393883909697,0.0,1,-1.22,1882.8756713867188,6.15902192657188e-05,0.0,1,-1.37,1882.8756103515625,6.483180975338822e-05,0.0,1,-1.37,1882.8756713867188,6.15902192657188e-05,0.0,1,-1.57,1882.8735961914065,0.0001718042958464,0.0,1,-2.23,1882.8743896484373,0.0001296636195067,0.0,1,-2.3,1882.875244140625,8.42813526794047e-05,0.0,1,-2.99,1882.875244140625,8.42813526794047e-05,0.0,1,-3.61,1882.8740234375,0.0001491131624327,0.0,1,10
ZINC000013678892,-1.06,1882.8768310546875,0.0,0.0,1,-1.13,1882.8759765625,4.538226682737176e-05,0.0,1,-1.14,1882.8743896484373,0.0001296636195067,0.0,1,-1.18,1882.874938964844,0.0001004893051177,0.0,1,-1.2,1882.8768310546875,0.0,0.0,1,-1.27,1882.8753662109373,7.779817170406587e-05,0.0,1,-1.33,1882.8764038085933,2.269113341368588e-05,0.0,1,-1.35,1882.872985839844,0.0002042202007231,0.0,1,-1.58,1882.8768310546875,0.0,0.0,1,-1.59,1882.8765869140625,1.2966361950677644e-05,0.0,1,10
ZINC000013731365,-0.56,1882.8768310546875,0.0,0.0,1,-0.57,1882.8768310546875,0.0,0.0,1,-0.73,1681.5710144042969,10.69139591768357,93.33333333333331,1,-0.77,1882.8768310546875,0.0,0.0,1,-0.92,1882.8768310546875,0.0,0.0,1,-1.0,1882.8768310546875,0.0,0.0,1,-1.01,1882.8768310546875,0.0,0.0,1,-1.2,1882.8768310546875,0.0,0.0,1,-2.05,1882.8768310546875,0.0,0.0,1,-2.49,1882.8768310546875,0.0,0.0,1,10
ZINC000013741881,-1.16,1882.872131347656,0.0002496024675505,0.0,1,-1.21,1882.8736572265625,0.0001685627053588,0.0,1,-1.41,1882.871337890625,0.0002917431438902,0.0,1,-1.55,1882.8717651367188,0.0002690520104765,0.0,1,-1.75,1882.8697509765625,0.0003760244965696,0.0,1,-1.8,1882.8701171875,0.0003565749536436,0.0,1,-1.93,1882.8714599609373,0.0002852599629149,0.0,1,-2.07,1882.8724365234373,0.0002333945151121,0.0,1,-2.65,1882.8723754882808,0.0002366361055998,0.0,1,-3.44,1799.50390625,4.427954257527637,20.0,1,10
ZINC000013760879,-1.16,1882.8768310546875,0.0,0.0,1,-1.23,1882.8768310546875,0.0,0.0,1,-1.24,1882.8768310546875,0.0,0.0,1,-1.4,1882.8731689453125,0.0001944954292601,0.0,1,-1.6,1882.8766479492188,9.724771463008234e-06,0.0,1,-1.99,1882.8767700195312,3.241590487669412e-06,0.0,1,-2.13,1882.8768310546875,0.0,0.0,1,-2.36,1882.8766479492188,9.724771463008234e-06,0.0,1,-3.49,1882.8768310546875,0.0,0.0,1,-1000.0,471.744140625,0.0,0.0,0,9
ZINC000014538761,-0.38,1882.8704223632808,0.0003403670012052,0.0,1,-0.51,1882.8685913085933,0.0004376147158353,0.0,1,-0.99,1882.8677368164065,0.0004829969826627,0.0,1,-1.08,1882.8685302734373,0.000440856306323,0.0,1,-1.23,1882.868408203125,0.0004473394872983,0.0,1,-1.24,1882.866271972656,0.0005607951543668,0.0,1,-1.25,1882.8680419921875,0.0004667890302243,0.0,1,-1.26,1882.8698120117188,0.0003727829060819,0.0,1,-1.93,1882.871154785156,0.0003014679153532,0.0,1,-3.12,1882.8703002929688,0.0003468501821806,0.0,1,10
ZINC000014946760,-1.16,1882.874084472656,0.0001458715719451,0.0,1,-1.16,1882.8751831054688,8.75229431670741e-05,0.0,1,-1.22,1882.8732299804688,0.0001912538387724,0.0,1,-1.43,1882.87109375,0.0003047095058409,0.0,1,-1.76,1882.873107910156,0.0001977370197478,0.0,1,-2.55,1882.874084472656,0.0001458715719451,0.0,1,-2.98,1882.87646484375,1.9449542926016468e-05,0.0,1,-3.17,1882.8744506835933,0.0001264220290191,0.0,1,-3.38,1882.8743286132808,0.0001329052099944,0.0,1,-1000.0,471.744140625,0.0,0.0,0,9
ZINC000014969773,-0.57,1882.8724365234373,0.0002333945151121,0.0,1,-0.93,1882.8731689453125,0.0001944954292601,0.0,1,-1.35,1882.8717041015625,0.0002722936009642,0.0,1,-1.41,1882.8717651367188,0.0002690520104765,0.0,1,-1.51,1882.8706665039065,0.0003274006392546,0.0,1,-1.9,1882.874267578125,0.0001361468004821,0.0,1,-2.27,1882.8753051757808,8.103976219173528e-05,0.0,1,-2.95,1882.8728637695312,0.0002107033816985,0.0,1,-3.12,1882.8768310546875,0.0,0.0,1,-3.61,1882.876220703125,3.241590487669411e-05,0.0,1,10
ZINC000014972274,-1.27,1882.8723754882808,0.0002366361055998,0.0,1,-1.4,1882.8751831054688,8.75229431670741e-05,0.0,1,-1.68,1882.8717041015625,0.0002722936009642,0.0,1,-1.72,1882.8729248046875,0.0002074617912108,0.0,1,-2.43,1882.8726196289065,0.0002236697436491,0.0,1,-2.53,1882.8726806640625,0.0002204281531615,0.0,1,-2.76,1882.8695678710933,0.0003857492680326,0.0,1,-2.84,1882.8723754882808,0.0002366361055998,0.0,1,-3.26,1882.8734741210933,0.0001782874768218,0.0,1,-5.17,1882.870056152344,0.0003598165441313,0.0,1,10
ZINC000015115257,-0.16,1709.571533203125,9.204282244765109,92.3076923076923,1,-0.18,1701.2121887207031,9.648248857161065,92.3076923076923,1,-0.33,1882.8768310546875,0.0,0.0,1,-0.56,1738.3296508789062,7.676932329918447,69.23076923076923,1,-0.59,1715.4764709472656,8.890669710649798,100.0,1,-0.62,1882.8768310546875,0.0,0.0,1,-0.8,1681.1326599121094,10.714677020566011,92.3076923076923,1,-0.8,1882.8768310546875,0.0,0.0,1,-0.88,1701.7247619628906,9.621025980245618,92.3076923076923,1,-1.2,1882.8768310546875,0.0,0.0,1,10
ZINC000015230912,-0.73,1882.868225097656,0.0004570642587613,0.0,1,-0.76,1882.8685302734373,0.000440856306323,0.0,1,-0.8,1882.866271972656,0.0005607951543668,0.0,1,-0.82,1882.8676147460933,0.000489480163638,0.0,1,-0.86,1882.8680419921875,0.0004667890302243,0.0,1,-1.09,1882.8685913085933,0.0004376147158353,0.0,1,-1.09,1882.86865234375,0.0004343731253477,0.0,1,-1.13,1882.8662109375,0.0005640367448544,0.0,1,-1.45,1882.8687744140625,0.0004278899443723,0.0,1,-1.66,1882.8679809570312,0.000470030620712,0.0,1,10
ZINC000015487302,-0.82,1882.8728637695312,0.0002107033816985,0.0,1,-0.83,1882.8739013671875,0.0001555963434081,0.0,1,-0.94,1882.8724975585933,0.0002301529246245,0.0,1,-0.97,1882.8709106445312,0.0003144342773039,0.0,1,-0.98,1882.8739013671875,0.0001555963434081,0.0,1,-1.49,1882.8729248046875,0.0002074617912108,0.0,1,-1.86,1882.8717041015625,0.0002722936009642,0.0,1,-2.5,1882.8695068359373,0.0003889908585203,0.0,1,-2.64,1882.8717041015625,0.0002722936009642,0.0,1,-4.34,1882.8726196289065,0.0002236697436491,0.0,1,10
ZINC000015722159,-0.96,1882.8757934570312,5.510703829037999e-05,0.0,1,-0.98,1882.873779296875,0.0001620795243834,0.0,1,-1.27,1882.8768310546875,0.0,0.0,1,-2.81,1882.8744506835933,0.0001264220290191,0.0,1,-3.03,1882.874755859375,0.0001102140765807,0.0,1,-3.12,1882.8754272460933,7.455658121639646e-05,0.0,1,-3.14,1882.8755493164065,6.807340024105763e-05,0.0,1,-3.46,1882.8767700195312,3.241590487669412e-06,0.0,1,-3.51,1882.874938964844,0.0001004893051177,0.0,1,-4.17,1882.8768310546875,0.0,0.0,1,10
ZINC000016033194,-1.46,1882.8746337890625,0.000116697257556,0.0,1,-1.58,1882.8720703125,0.0002528440580382,0.0,1,-1.59,1882.8743896484373,0.0001296636195067,0.0,1,-1.95,1882.8733520507808,0.0001847706577971,0.0,1,-2.07,1882.8712158203125,0.0002982263248655,0.0,1,-2.44,1882.8735961914065,0.0001718042958464,0.0,1,-2.68,1882.8707885742188,0.0003209174582792,0.0,1,-2.89,1882.8734741210933,0.0001782874768218,0.0,1,-2.9,1882.8740234375,0.0001491131624327,0.0,1,-5.68,1882.8751220703125,9.076453365474352e-05,0.0,1,10
ZINC000016662125,-0.24,1882.8768310546875,0.0,0.0,1,-0.31,1882.8768310546875,0.0,0.0,1,-0.52,1882.8768310546875,0.0,0.0,1,-0.71,1882.8768310546875,0.0,0.0,1,-0.8,1882.8768310546875,0.0,0.0,1,-0.89,1882.8768310546875,0.0,0.0,1,-0.92,1882.8768310546875,0.0,0.0,1,-1.67,1882.8768310546875,0.0,0.0,1,-1.84,1882.8768310546875,0.0,0.0,1,-3.86,1882.8768310546875,0.0,0.0,1,10
ZINC000019366732,-0.63,1882.8768310546875,0.0,0.0,1,-0.68,1882.8768310546875,0.0,0.0,1,-0.7,1717.7489013671875,8.769980434408135,78.57142857142857,1,-0.84,1882.8768310546875,0.0,0.0,1,-0.91,1708.7208557128906,9.249461912186998,100.0,1,-1.1,1882.8768310546875,0.0,0.0,1,-1.22,1882.8768310546875,0.0,0.0,1,-2.21,1882.8768310546875,0.0,0.0,1,-3.04,1882.8768310546875,0.0,0.0,1,-4.86,1882.8768310546875,0.0,0.0,1,10
ZINC000020451110,-0.74,1882.8768310546875,0.0,0.0,1,-0.84,1882.8746948242188,0.0001134556670684,0.0,1,-1.12,1882.8751831054688,8.75229431670741e-05,0.0,1,-1.15,1882.8751220703125,9.076453365474352e-05,0.0,1,-1.25,1882.8761596679688,3.565749536436352e-05,0.0,1,-1.39,1882.8758544921875,5.186544780271058e-05,0.0,1,-1.41,1882.8768310546875,0.0,0.0,1,-1.48,1882.8737182617188,0.0001653211148711,0.0,1,-2.02,1882.8768310546875,0.0,0.0,1,-2.58,1882.8768310546875,0.0,0.0,1,10
ZINC000026010662,-1.38,1882.863342285156,0.0007163914977749,0.0,1,-1.41,1882.8653564453125,0.0006094190116818,0.0,1,-1.52,1882.8626708984373,0.0007520489931393,0.0,1,-1.65,1882.862548828125,0.0007585321741146,0.0,1,-1.83,1882.865173339844,0.0006191437831448,0.0,1,-1.84,1882.8621826171875,0.0007779817170406,0.0,1,-2.0,1882.866455078125,0.0005510703829037,0.0,1,-2.14,1882.864013671875,0.0006807340024105,0.0,1,-2.56,1882.863525390625,0.0007066667263119,0.0,1,-3.15,1882.8645629882808,0.0006515596880215,0.0,1,10
ZINC000026011654,-1.42,1882.8768310546875,0.0,0.0,1,-1.57,1882.8768310546875,0.0,0.0,1,-1.7,1882.8768310546875,0.0,0.0,1,-1.91,1882.8760986328125,3.8899085852032936e-05,0.0,1,-1.97,1882.8764038085933,2.269113341368588e-05,0.0,1,-3.22,1882.875732421875,5.83486287780494e-05,0.0,1,-3.35,1882.87646484375,1.9449542926016468e-05,0.0,1,-3.93,1882.874267578125,0.0001361468004821,0.0,1,-4.05,1882.8768310546875,0.0,0.0,1,-5.46,1882.8768310546875,0.0,0.0,1,10
ZINC000026155017,-1.11,1882.869201660156,0.0004051988109586,0.0,1,-1.61,1882.870056152344,0.0003598165441313,0.0,1,-1.87,1882.86572265625,0.0005899694687558,0.0,1,-2.14,1882.8685302734373,0.000440856306323,0.0,1,-2.25,1882.8695068359373,0.0003889908585203,0.0,1,-2.36,1882.86669921875,0.0005381040209531,0.0,1,-2.78,1882.8687133789065,0.00043113153486,0.0,1,-3.32,1882.869384765625,0.0003954740394956,0.0,1,-3.86,1882.8654174804688,0.0006061774211941,0.0,1,-1000.0,471.744140625,0.0,0.0,0,9
ZINC000026182871,-1.66,1882.874267578125,0.0001361468004821,0.0,1,-1.75,1882.8760986328125,3.8899085852032936e-05,0.0,1,-1.9,1882.8763427734373,2.593272390135529e-05,0.0,1,-1.93,1882.876220703125,3.241590487669411e-05,0.0,1,-2.11,1882.8737182617188,0.0001653211148711,0.0,1,-2.14,1882.8762817382808,2.91743143890247e-05,0.0,1,-2.49,1882.87109375,0.0003047095058409,0.0,1,-3.33,1882.875732421875,5.83486287780494e-05,0.0,1,-3.83,1882.8726806640625,0.0002204281531615,0.0,1,-4.54,1882.8764038085933,2.269113341368588e-05,0.0,1,10
ZINC000026391770,-1.17,1882.8709106445312,0.0003144342773039,0.0,1,-1.17,1882.870849609375,0.0003176758677916,0.0,1,-1.32,1882.87060546875,0.0003306422297422,0.0,1,-1.38,1882.8702392578125,0.0003500917726682,0.0,1,-1.54,1882.8703002929688,0.0003468501821806,0.0,1,-1.63,1882.8695678710933,0.0003857492680326,0.0,1,-1.76,1882.8712768554688,0.0002949847343779,0.0,1,-2.11,1882.869140625,0.0004084404014463,0.0,1,-2.2,1882.870178222656,0.0003533333631559,0.0,1,-3.4,1882.8704223632808,0.0003403670012052,0.0,1,10
ZINC000026495418,-1.16,1882.8716430664065,0.0002755351914518,0.0,1,-1.31,1882.87158203125,0.0002787767819395,0.0,1,-1.35,1882.8707275390625,0.0003241590487669,0.0,1,-1.36,1882.8728637695312,0.0002107033816985,0.0,1,-1.43,1882.875244140625,8.42813526794047e-05,0.0,1,-1.51,1882.8743286132808,0.0001329052099944,0.0,1,-1.56,1882.8715209960933,0.0002820183724272,0.0,1,-2.23,1882.872131347656,0.0002496024675505,0.0,1,-2.26,1882.8715209960933,0.0002820183724272,0.0,1,-2.26,1882.8743896484373,0.0001296636195067,0.0,1,10
ZINC000026501399,-0.8,1882.8727416992188,0.0002171865626738,0.0,1,-0.95,1882.8723754882808,0.0002366361055998,0.0,1,-0.96,1882.8715209960933,0.0002820183724272,0.0,1,-1.04,1882.8712768554688,0.0002949847343779,0.0,1,-1.08,1882.8737182617188,0.0001653211148711,0.0,1,-1.18,1882.8740234375,0.0001491131624327,0.0,1,-1.31,1882.870056152344,0.0003598165441313,0.0,1,-1.89,1882.8716430664065,0.0002755351914518,0.0,1,-2.01,1882.8707275390625,0.0003241590487669,0.0,1,-4.61,1882.87451171875,0.0001231804385314,0.0,1,10
ZINC000026571039,-1.09,1882.871337890625,0.0002917431438902,0.0,1,-1.16,1882.869384765625,0.0003954740394956,0.0,1,-1.3,1882.870849609375,0.0003176758677916,0.0,1,-1.48,1882.8707885742188,0.0003209174582792,0.0,1,-1.61,1882.8706665039065,0.0003274006392546,0.0,1,-1.83,1882.869384765625,0.0003954740394956,0.0,1,-1.91,1882.871032714844,0.0003079510963285,0.0,1,-2.16,1882.8707275390625,0.0003241590487669,0.0,1,-2.27,1882.87109375,0.0003047095058409,0.0,1,-3.02,1882.8704223632808,0.0003403670012052,0.0,1,10
ZINC000026578382,-0.0,1590.9265747070312,15.505541920345433,100.0,1,-0.59,1583.095458984375,15.92145418786586,92.85714285714286,1,-1.53,1882.8768310546875,0.0,0.0,1,-1.84,1882.8768310546875,0.0,0.0,1,-1.95,1810.295440673828,3.85481350578854,35.714285714285715,1,-2.0,1772.327117919922,5.871319425224515,28.57142857142857,1,-2.0,1882.8768310546875,0.0,0.0,1,-2.03,1882.8768310546875,0.0,0.0,1,-2.09,1882.8768310546875,0.0,0.0,1,-1000.0,471.744140625,0.0,0.0,0,9
ZINC000026649059,-0.85,1882.8742065429688,0.0001393883909697,0.0,1,-1.19,1882.8680419921875,0.0004667890302243,0.0,1,-1.74,1882.872131347656,0.0002496024675505,0.0,1,-1.8,1882.872802734375,0.0002139449721861,0.0,1,-2.17,1882.8745727539065,0.0001199388480437,0.0,1,-2.18,1882.872802734375,0.0002139449721861,0.0,1,-2.64,1882.872314453125,0.0002398776960875,0.0,1,-3.42,1882.87158203125,0.0002787767819395,0.0,1,-3.63,1882.875244140625,8.42813526794047e-05,0.0,1,-4.24,1882.871826171875,0.0002658104199888,0.0,1,10
ZINC000026729312,-0.63,1882.8768310546875,0.0,0.0,1,-0.85,1882.8768310546875,0.0,0.0,1,-0.87,1882.8768310546875,0.0,0.0,1,-1.03,1882.8768310546875,0.0,0.0,1,-1.32,1882.8768310546875,0.0,0.0,1,-1.55,1882.8768310546875,0.0,0.0,1,-1.57,1882.8768310546875,0.0,0.0,1,-2.15,1695.944091796875,9.928038636128033,100.0,1,-2.26,1656.527801513672,12.021446427498232,81.81818181818183,1,-2.56,1882.8768310546875,0.0,0.0,1,10
ZINC000026820182,-1.22,1882.8729248046875,0.0002074617912108,0.0,1,-1.27,1882.873291015625,0.0001880122482848,0.0,1,-1.46,1882.8743286132808,0.0001329052099944,0.0,1,-1.91,1882.8716430664065,0.0002755351914518,0.0,1,-2.04,1882.8740234375,0.0001491131624327,0.0,1,-2.3,1882.873046875,0.0002009786102355,0.0,1,-2.71,1882.8742065429688,0.0001393883909697,0.0,1,-2.93,1882.8734130859373,0.0001815290673094,0.0,1,-3.18,1882.8720703125,0.0002528440580382,0.0,1,-4.3,1882.8744506835933,0.0001264220290191,0.0,1,10
ZINC000026997170,-0.85,1882.8712768554688,0.0002949847343779,0.0,1,-1.02,1882.8727416992188,0.0002171865626738,0.0,1,-1.09,1882.8732299804688,0.0001912538387724,0.0,1,-1.4,1882.871337890625,0.0002917431438902,0.0,1,-2.49,1882.872314453125,0.0002398776960875,0.0,1,-2.8,1882.8735961914065,0.0001718042958464,0.0,1,-2.85,1878.353454589844,0.2402375126316677,0.0,1,-2.96,1882.8740234375,0.0001491131624327,0.0,1,-3.86,1882.871154785156,0.0003014679153532,0.0,1,-1000.0,471.744140625,0.0,0.0,0,9
ZINC000027310558,-1.22,1882.8768310546875,0.0,0.0,1,-2.18,1882.8768310546875,0.0,0.0,1,-2.35,1882.8768310546875,0.0,0.0,1,-2.43,1882.8768310546875,0.0,0.0,1,-2.79,1882.8768310546875,0.0,0.0,1,-3.43,1882.8768310546875,0.0,0.0,1,-3.43,1882.8768310546875,0.0,0.0,1,-3.57,1882.8768310546875,0.0,0.0,1,-3.69,1882.8768310546875,0.0,0.0,1,-4.6,1882.8768310546875,0.0,0.0,1,10
ZINC000027316115,-0.46,1882.8768310546875,0.0,0.0,1,-0.96,1882.8754272460933,7.455658121639646e-05,0.0,1,-1.18,1882.8751831054688,8.75229431670741e-05,0.0,1,-1.18,1882.8736572265625,0.0001685627053588,0.0,1,-1.2,1882.873962402344,0.0001523547529204,0.0,1,-1.79,1882.8756103515625,6.483180975338822e-05,0.0,1,-1.8,1882.875915527344,4.8623857315041175e-05,0.0,1,-1.86,1882.87353515625,0.0001750458863341,0.0,1,-2.04,1882.875732421875,5.83486287780494e-05,0.0,1,-2.06,1882.8748779296875,0.0001037308956054,0.0,1,10
ZINC000027517984,-0.67,1882.8726196289065,0.0002236697436491,0.0,1,-0.72,1882.8738403320312,0.0001588379338958,0.0,1,-0.91,1882.8768310546875,0.0,0.0,1,-1.32,1882.871154785156,0.0003014679153532,0.0,1,-1.34,1882.8740234375,0.0001491131624327,0.0,1,-1.49,1882.8717651367188,0.0002690520104765,0.0,1,-2.42,1882.8745727539065,0.0001199388480437,0.0,1,-2.47,1882.8746948242188,0.0001134556670684,0.0,1,-3.0,1788.2166137695312,5.027424828002829,7.894736842105263,1,-4.27,1882.8768310546875,0.0,0.0,1,10
ZINC000027522092,-1.28,1882.8768310546875,0.0,0.0,1,-1.42,1882.8768310546875,0.0,0.0,1,-1.5,1882.8768310546875,0.0,0.0,1,-2.16,1882.8768310546875,0.0,0.0,1,-2.56,1882.8768310546875,0.0,0.0,1,-2.68,1882.8768310546875,0.0,0.0,1,-2.75,1882.8768310546875,0.0,0.0,1,-2.96,1882.8753051757808,8.103976219173528e-05,0.0,1,-3.91,1882.8768310546875,0.0,0.0,1,-5.01,1882.86279296875,0.0007455658121639,0.0,1,10
ZINC000028099801,-0.82,1882.8683471679688,0.000450581077786,0.0,1,-0.87,1882.8748779296875,0.0001037308956054,0.0,1,-1.18,1882.8724365234373,0.0002333945151121,0.0,1,-1.2,1882.86962890625,0.0003825076775449,0.0,1,-1.24,1882.8689575195312,0.0004181651729093,0.0,1,-1.41,1882.8712158203125,0.0002982263248655,0.0,1,-1.6,1882.8683471679688,0.000450581077786,0.0,1,-2.46,1882.8712158203125,0.0002982263248655,0.0,1,-2.97,1882.8735961914065,0.0001718042958464,0.0,1,-5.16,1882.8712768554688,0.0002949847343779,0.0,1,10
ZINC000028364402,-0.55,1882.872802734375,0.0002139449721861,0.0,1,-0.66,1882.874755859375,0.0001102140765807,0.0,1,-1.05,1882.8768310546875,0.0,0.0,1,-1.06,1882.8761596679688,3.565749536436352e-05,0.0,1,-1.16,1882.8768310546875,0.0,0.0,1,-1.69,1882.8733520507808,0.0001847706577971,0.0,1,-1.74,1882.8754272460933,7.455658121639646e-05,0.0,1,-1.78,1882.8744506835933,0.0001264220290191,0.0,1,-1.79,1882.8768310546875,0.0,0.0,1,-2.55,1882.8768310546875,0.0,0.0,1,10
ZINC000028459962,-0.24,1882.876037597656,4.214067633970235e-05,0.0,1,-0.33,1882.8768310546875,0.0,0.0,1,-0.53,1882.8768310546875,0.0,0.0,1,-0.82,1882.8768310546875,0.0,0.0,1,-1.01,1882.8768310546875,0.0,0.0,1,-1.11,1882.8768310546875,0.0,0.0,1,-1.19,1882.8768310546875,0.0,0.0,1,-2.22,1882.8768310546875,0.0,0.0,1,-2.29,1882.8768310546875,0.0,0.0,1,-5.42,1882.875244140625,8.42813526794047e-05,0.0,1,10
ZINC000028763228,-0.92,1882.8727416992188,0.0002171865626738,0.0,1,-1.01,1882.8712158203125,0.0002982263248655,0.0,1,-1.14,1882.8694458007808,0.0003922324490079,0.0,1,-1.17,1882.871154785156,0.0003014679153532,0.0,1,-1.19,1882.8734130859373,0.0001815290673094,0.0,1,-1.3,1882.8712158203125,0.0002982263248655,0.0,1,-1.45,1882.8663330078125,0.0005575535638791,0.0,1,-1.56,1882.8707275390625,0.0003241590487669,0.0,1,-3.23,1882.872131347656,0.0002496024675505,0.0,1,-4.19,1882.87109375,0.0003047095058409,0.0,1,10
ZINC000028771391,-0.85,1882.873779296875,0.0001620795243834,0.0,1,-0.94,1882.8768310546875,0.0,0.0,1,-1.31,1882.87548828125,7.131499072872705e-05,0.0,1,-2.11,1882.8768310546875,0.0,0.0,1,-2.2,1882.8768310546875,0.0,0.0,1,-2.36,1882.8768310546875,0.0,0.0,1,-2.65,1882.8768310546875,0.0,0.0,1,-2.88,1882.8768310546875,0.0,0.0,1,-3.3,1882.87451171875,0.0001231804385314,0.0,1,-3.79,1882.8768310546875,0.0,0.0,1,10
ZINC000029211527,-1.44,1882.8760986328125,3.8899085852032936e-05,0.0,1,-1.46,1882.87255859375,0.0002269113341368,0.0,1,-1.48,1882.8739013671875,0.0001555963434081,0.0,1,-1.68,1882.8768310546875,0.0,0.0,1,-1.86,1882.8746337890625,0.000116697257556,0.0,1,-2.0,1882.874938964844,0.0001004893051177,0.0,1,-2.01,1882.8731689453125,0.0001944954292601,0.0,1,-2.14,1882.8744506835933,0.0001264220290191,0.0,1,-2.18,1882.874084472656,0.0001458715719451,0.0,1,-2.31,1882.872985839844,0.0002042202007231,0.0,1,10
ZINC000029406723,-0.59,1882.8768310546875,0.0,0.0,1,-0.66,1882.8768310546875,0.0,0.0,1,-0.84,1882.8768310546875,0.0,0.0,1,-1.0,1882.8768310546875,0.0,0.0,1,-1.11,1882.8768310546875,0.0,0.0,1,-1.18,1882.8768310546875,0.0,0.0,1,-1.19,1882.8768310546875,0.0,0.0,1,-1.29,1882.8768310546875,0.0,0.0,1,-1.37,1882.8768310546875,0.0,0.0,1,-3.09,1882.8768310546875,0.0,0.0,1,10
ZINC000031302390,-0.34,1882.8768310546875,0.0,0.0,1,-0.53,1882.8768310546875,0.0,0.0,1,-0.57,1882.8768310546875,0.0,0.0,1,-0.67,1726.0604248046875,8.328553608159265,88.88888888888889,1,-0.67,1728.953369140625,8.17490870222471,100.0,1,-0.72,1722.7979736328125,8.501823102906169,100.0,1,-0.74,1751.5548400878906,6.974539640664508,77.77777777777779,1,-1.1,1882.8768310546875,0.0,0.0,1,-1.14,1882.8768310546875,0.0,0.0,1,-1.42,1882.8768310546875,0.0,0.0,1,10
ZINC000034112305,-0.18,1707.4810485839844,9.315308339763028,100.0,1,-0.56,1718.7398376464844,8.717351592045578,100.0,1,-0.68,1721.2486877441406,8.584106015049926,100.0,1,-0.73,1703.076202392578,9.54925068366764,100.0,1,-0.76,1882.8768310546875,0.0,0.0,1,-0.85,1703.0152587890625,9.55248741176958,100.0,1,-1.05,1882.8768310546875,0.0,0.0,1,-1.1,1882.8768310546875,0.0,0.0,1,-1.52,1882.8768310546875,0.0,0.0,1,-2.01,1882.8768310546875,0.0,0.0,1,10
ZINC000034331520,-0.27,1882.8768310546875,0.0,0.0,1,-0.27,1882.8768310546875,0.0,0.0,1,-0.35,1728.8323669433594,8.181335155366515,90.9090909090909,1,-0.4,1882.8768310546875,0.0,0.0,1,-0.46,1734.167449951172,7.897987730839332,72.72727272727273,1,-0.47,1882.8768310546875,0.0,0.0,1,-0.57,1882.8768310546875,0.0,0.0,1,-0.58,1882.8768310546875,0.0,0.0,1,-0.71,1882.8768310546875,0.0,0.0,1,-1.37,1857.7847290039065,1.332647023795284,18.181818181818183,1,10
ZINC000034383966,-0.25,1882.8768310546875,0.0,0.0,1,-0.27,1882.8768310546875,0.0,0.0,1,-0.48,1708.4001770019531,9.266493228609214,100.0,1,-0.53,1882.8768310546875,0.0,0.0,1,-0.61,1882.8768310546875,0.0,0.0,1,-1.28,1882.8768310546875,0.0,0.0,1,-1.53,1882.8768310546875,0.0,0.0,1,-1.92,1882.8768310546875,0.0,0.0,1,-2.12,1882.8768310546875,0.0,0.0,1,-2.26,1882.8768310546875,0.0,0.0,1,10
ZINC000034802384,-0.82,1882.871032714844,0.0003079510963285,0.0,1,-1.19,1882.871826171875,0.0002658104199888,0.0,1,-1.45,1882.8751831054688,8.75229431670741e-05,0.0,1,-1.45,1882.8724975585933,0.0002301529246245,0.0,1,-1.54,1882.8731689453125,0.0001944954292601,0.0,1,-1.97,1882.8712768554688,0.0002949847343779,0.0,1,-2.02,1882.8727416992188,0.0002171865626738,0.0,1,-2.96,1882.87353515625,0.0001750458863341,0.0,1,-3.11,1882.8743286132808,0.0001329052099944,0.0,1,-4.2,1846.522216796875,1.930801508532482,5.263157894736842,1,10
ZINC000036093441,-2.32,1882.8634033203125,0.0007131499072872,0.0,1,-2.47,1882.8624877929688,0.0007617737646023,0.0,1,-2.8,1882.8677368164065,0.0004829969826627,0.0,1,-3.19,1882.864013671875,0.0006807340024105,0.0,1,-3.34,1882.864013671875,0.0006807340024105,0.0,1,-3.36,1882.8656005859373,0.0005964526497311,0.0,1,-3.37,1882.864501953125,0.0006548012785092,0.0,1,-4.17,1882.866455078125,0.0005510703829037,0.0,1,-4.21,1882.86572265625,0.0005899694687558,0.0,1,-1000.0,471.744140625,0.0,0.0,0,9
ZINC000037994654,-0.46,1882.8768310546875,0.0,0.0,1,-0.86,1586.6787719726562,15.731143651925276,93.75,1,-0.93,1882.8768310546875,0.0,0.0,1,-1.08,1882.8768310546875,0.0,0.0,1,-1.45,1882.8768310546875,0.0,0.0,1,-1.86,1882.8768310546875,0.0,0.0,1,-1.93,1882.8768310546875,0.0,0.0,1,-2.08,1882.8768310546875,0.0,0.0,1,-2.22,1882.8768310546875,0.0,0.0,1,-2.79,1882.8768310546875,0.0,0.0,1,10
ZINC000038804382,-0.21,1882.8768310546875,0.0,0.0,1,-0.39,1882.8768310546875,0.0,0.0,1,-0.55,1882.8768310546875,0.0,0.0,1,-0.63,1882.8768310546875,0.0,0.0,1,-0.66,1882.8768310546875,0.0,0.0,1,-0.68,1882.8768310546875,0.0,0.0,1,-0.7,1882.8768310546875,0.0,0.0,1,-0.71,1882.8768310546875,0.0,0.0,1,-0.9,1882.8768310546875,0.0,0.0,1,-0.94,1882.8768310546875,0.0,0.0,1,10
ZINC000039058294,0.16,1882.8768310546875,0.0,0.0,1,-0.06,1882.8768310546875,0.0,0.0,1,-0.21,1882.8768310546875,0.0,0.0,1,-0.24,1882.8768310546875,0.0,0.0,1,-0.66,1882.8768310546875,0.0,0.0,1,-0.81,1882.8768310546875,0.0,0.0,1,-1.02,1882.8768310546875,0.0,0.0,1,-1.08,1882.8768310546875,0.0,0.0,1,-1.08,1882.8768310546875,0.0,0.0,1,-1.76,1882.8768310546875,0.0,0.0,1,10
ZINC000039085259,-0.06,1882.8768310546875,0.0,0.0,1,-0.15,1669.9903564453125,11.306447192837744,92.85714285714286,1,-0.22,1882.8768310546875,0.0,0.0,1,-0.32,1674.139617919922,11.086079009100247,92.85714285714286,1,-0.58,1697.0078735351562,9.87154095551844,92.85714285714286,1,-0.77,1882.8768310546875,0.0,0.0,1,-1.0,1882.8768310546875,0.0,0.0,1,-1.15,1882.8768310546875,0.0,0.0,1,-3.8,1875.555694580078,0.388827158200702,0.0,1,-4.96,1882.8768310546875,0.0,0.0,1,10
ZINC000040402051,-1.46,1882.8768310546875,0.0,0.0,1,-1.5,1882.8768310546875,0.0,0.0,1,-1.64,1882.8768310546875,0.0,0.0,1,-1.68,1882.8768310546875,0.0,0.0,1,-1.88,1882.8743896484373,0.0001296636195067,0.0,1,-2.13,1882.8768310546875,0.0,0.0,1,-2.28,1882.8768310546875,0.0,0.0,1,-2.29,1882.875732421875,5.83486287780494e-05,0.0,1,-3.48,1882.87353515625,0.0001750458863341,0.0,1,-3.81,1882.8768310546875,0.0,0.0,1,10
ZINC000040833879,-0.13,1882.8768310546875,0.0,0.0,1,-0.28,1614.1846618652344,14.270299828318883,100.0,1,-0.75,1882.8768310546875,0.0,0.0,1,-0.79,1711.015106201172,9.127613767345991,100.0,1,-0.81,1882.8768310546875,0.0,0.0,1,-0.9,1882.8768310546875,0.0,0.0,1,-0.9,1882.8768310546875,0.0,0.0,1,-0.9,1882.8768310546875,0.0,0.0,1,-2.01,1606.8103942871094,14.661948791039103,100.0,1,-4.93,1882.8768310546875,0.0,0.0,1,10
ZINC000042411231,0.19,1882.8768310546875,0.0,0.0,1,0.18,1882.8768310546875,0.0,0.0,1,0.14,1882.8768310546875,0.0,0.0,1,0.06,1882.8768310546875,0.0,0.0,1,-0.31,1882.8768310546875,0.0,0.0,1,-0.32,1882.8768310546875,0.0,0.0,1,-0.43,1882.8768310546875,0.0,0.0,1,-0.52,1882.8768310546875,0.0,0.0,1,-0.62,1882.8768310546875,0.0,0.0,1,-1.3,1882.8768310546875,0.0,0.0,1,10
ZINC000045285524,-0.73,1882.8768310546875,0.0,0.0,1,-1.14,1882.8768310546875,0.0,0.0,1,-1.16,1882.8768310546875,0.0,0.0,1,-1.58,1882.8768310546875,0.0,0.0,1,-2.03,1882.8768310546875,0.0,0.0,1,-2.09,1882.8768310546875,0.0,0.0,1,-2.1,1882.8768310546875,0.0,0.0,1,-2.11,1882.8768310546875,0.0,0.0,1,-2.38,1882.8768310546875,0.0,0.0,1,-1000.0,471.744140625,0.0,0.0,0,9
ZINC000054054473,-0.18,1882.8768310546875,0.0,0.0,1,-0.4,1882.8768310546875,0.0,0.0,1,-0.54,1882.8768310546875,0.0,0.0,1,-0.57,1882.8768310546875,0.0,0.0,1,-0.7,1882.8768310546875,0.0,0.0,1,-0.87,1882.8768310546875,0.0,0.0,1,-0.98,1882.8768310546875,0.0,0.0,1,-1.03,1882.8768310546875,0.0,0.0,1,-1.35,1882.8768310546875,0.0,0.0,1,-4.34,1882.8768310546875,0.0,0.0,1,10
ZINC000062720856,-0.18,1882.8768310546875,0.0,0.0,1,-0.62,1882.8768310546875,0.0,0.0,1,-0.78,1882.8768310546875,0.0,0.0,1,-0.79,1882.8768310546875,0.0,0.0,1,-0.82,1882.8768310546875,0.0,0.0,1,-1.03,1882.8768310546875,0.0,0.0,1,-1.37,1882.8768310546875,0.0,0.0,1,-1.49,1882.8768310546875,0.0,0.0,1,-1.77,1882.8768310546875,0.0,0.0,1,-3.52,1839.56674194336,2.300208298121557,21.428571428571427,1,10
ZINC000066259993,-0.88,1882.8768310546875,0.0,0.0,1,-0.97,1882.8768310546875,0.0,0.0,1,-1.02,1686.3005065917969,10.440211553975043,83.33333333333334,1,-1.05,1882.8768310546875,0.0,0.0,1,-1.11,1882.8768310546875,0.0,0.0,1,-1.17,1714.53759765625,8.940533476326372,83.33333333333334,1,-1.44,1882.8768310546875,0.0,0.0,1,-1.46,1882.8768310546875,0.0,0.0,1,-1.52,1882.8768310546875,0.0,0.0,1,-1.72,1750.4867248535156,7.031267474198723,66.66666666666666,1,10
ZINC000071773920,-0.6,1882.8768310546875,0.0,0.0,1,-0.67,1882.8768310546875,0.0,0.0,1,-0.68,1882.8768310546875,0.0,0.0,1,-0.73,1882.8768310546875,0.0,0.0,1,-1.17,1882.8768310546875,0.0,0.0,1,-1.21,1882.8768310546875,0.0,0.0,1,-1.25,1882.8768310546875,0.0,0.0,1,-1.61,1882.8768310546875,0.0,0.0,1,-1.99,1882.8768310546875,0.0,0.0,1,-3.66,1821.219482421875,3.274635261100713,18.181818181818183,1,10
ZINC000075615445,0.02,1882.8768310546875,0.0,0.0,1,-0.12,1882.8768310546875,0.0,0.0,1,-0.98,1882.8768310546875,0.0,0.0,1,-1.19,1882.8768310546875,0.0,0.0,1,-1.46,1882.8768310546875,0.0,0.0,1,-1.55,1882.8768310546875,0.0,0.0,1,-1.57,1882.8768310546875,0.0,0.0,1,-1.8,1882.8768310546875,0.0,0.0,1,-1.92,1882.8768310546875,0.0,0.0,1,-2.1,1882.8768310546875,0.0,0.0,1,10
ZINC000085507822,-1.51,1882.8768310546875,0.0,0.0,1,-1.61,1882.8768310546875,0.0,0.0,1,-1.65,1882.8768310546875,0.0,0.0,1,-1.74,1882.8768310546875,0.0,0.0,1,-1.79,1882.8768310546875,0.0,0.0,1,-2.0,1882.8768310546875,0.0,0.0,1,-2.11,1882.8768310546875,0.0,0.0,1,-2.41,1882.8768310546875,0.0,0.0,1,-2.78,1882.8768310546875,0.0,0.0,1,-3.11,1882.8768310546875,0.0,0.0,1,10
ZINC000095602272,-0.23,1882.8768310546875,0.0,0.0,1,-0.5,1882.8768310546875,0.0,0.0,1,-0.85,1882.8768310546875,0.0,0.0,1,-3.62,1882.8768310546875,0.0,0.0,1,-3.63,1882.8768310546875,0.0,0.0,1,-3.66,1882.8768310546875,0.0,0.0,1,-3.73,1882.8768310546875,0.0,0.0,1,-3.74,1882.8768310546875,0.0,0.0,1,-3.8,1882.8768310546875,0.0,0.0,1,-3.83,1882.8768310546875,0.0,0.0,1,10
ZINC000103535949,-1.72,1882.8768310546875,0.0,0.0,1,-1.9,1882.8768310546875,0.0,0.0,1,-2.2,1882.8768310546875,0.0,0.0,1,-2.48,1882.8768310546875,0.0,0.0,1,-2.65,1882.8768310546875,0.0,0.0,1,-2.76,1882.8768310546875,0.0,0.0,1,-2.82,1882.8768310546875,0.0,0.0,1,-2.97,1882.8768310546875,0.0,0.0,1,-3.09,1882.8768310546875,0.0,0.0,1,-4.38,1794.1495361328125,4.712326024648925,14.705882352941178,1,10
ZINC000115121107,0.02,1675.9061279296875,10.992259276410875,100.0,1,0.01,1664.5080261230469,11.59761495441643,88.88888888888889,1,-0.08,1688.8978576660156,10.30226567077227,88.88888888888889,1,-1.04,1882.8768310546875,0.0,0.0,1,-1.1,1882.8768310546875,0.0,0.0,1,-1.3,1882.8768310546875,0.0,0.0,1,-1.38,1882.8768310546875,0.0,0.0,1,-1.73,1882.8768310546875,0.0,0.0,1,-4.82,1882.8768310546875,0.0,0.0,1,-4.9,1882.8768310546875,0.0,0.0,1,10
ZINC000127635164,-0.63,1882.8768310546875,0.0,0.0,1,-0.85,1882.8768310546875,0.0,0.0,1,-1.33,1882.8768310546875,0.0,0.0,1,-1.55,1882.8768310546875,0.0,0.0,1,-1.79,1882.8768310546875,0.0,0.0,1,-2.19,1882.8768310546875,0.0,0.0,1,-2.22,1882.8768310546875,0.0,0.0,1,-2.42,1882.8768310546875,0.0,0.0,1,-2.72,1882.8768310546875,0.0,0.0,1,-2.77,1882.8768310546875,0.0,0.0,1,10
ZINC000133130108,-0.48,1882.8768310546875,0.0,0.0,1,-1.08,1882.8768310546875,0.0,0.0,1,-1.16,1638.919891357422,12.956606384105005,100.0,1,-1.54,1647.827667236328,12.48351246038209,84.61538461538461,1,-1.64,1882.8768310546875,0.0,0.0,1,-1.71,1882.8768310546875,0.0,0.0,1,-1.78,1882.8768310546875,0.0,0.0,1,-2.45,1882.8768310546875,0.0,0.0,1,-2.65,1882.8768310546875,0.0,0.0,1,-2.67,1882.8768310546875,0.0,0.0,1,10
ZINC000165070385,-0.55,1882.8768310546875,0.0,0.0,1,-0.62,1882.8768310546875,0.0,0.0,1,-0.76,1882.8768310546875,0.0,0.0,1,-1.53,1882.8768310546875,0.0,0.0,1,-1.54,1882.8768310546875,0.0,0.0,1,-1.58,1882.8768310546875,0.0,0.0,1,-1.86,1882.8768310546875,0.0,0.0,1,-1.91,1882.8768310546875,0.0,0.0,1,-1.95,1882.8768310546875,0.0,0.0,1,-3.52,1882.8768310546875,0.0,0.0,1,10
ZINC000230387250,-0.27,1882.8768310546875,0.0,0.0,1,-1.53,1882.8768310546875,0.0,0.0,1,-1.55,1882.8768310546875,0.0,0.0,1,-1.83,1882.8768310546875,0.0,0.0,1,-1.89,1882.8768310546875,0.0,0.0,1,-2.23,1882.8768310546875,0.0,0.0,1,-2.25,1882.8768310546875,0.0,0.0,1,-2.25,1882.8768310546875,0.0,0.0,1,-2.37,1882.8768310546875,0.0,0.0,1,-2.58,1882.8768310546875,0.0,0.0,1,10
ZINC000230387544,-0.38,1882.8768310546875,0.0,0.0,1,-0.46,1882.8768310546875,0.0,0.0,1,-1.01,1655.5100402832031,12.075499948880118,100.0,1,-1.68,1882.8768310546875,0.0,0.0,1,-1.9,1882.8768310546875,0.0,0.0,1,-1.93,1882.8768310546875,0.0,0.0,1,-2.0,1882.8768310546875,0.0,0.0,1,-2.14,1633.1475219726562,13.263178183681092,76.92307692307693,1,-2.41,1853.076110839844,1.5827227635570282,15.384615384615383,1,-3.33,1882.8768310546875,0.0,0.0,1,10
ZINC000307606122,0.06,1882.8768310546875,0.0,0.0,1,-0.09,1882.8765258789065,1.6207952438347055e-05,0.0,1,-0.1,1882.8768310546875,0.0,0.0,1,-0.25,1882.8768310546875,0.0,0.0,1,-0.4,1882.8758850097656,5.024465255887588e-05,0.0,1,-0.85,1882.8768005371087,1.6207952438347057e-06,0.0,1,-1.29,1882.8768310546875,0.0,0.0,1,-3.37,1882.8768310546875,0.0,0.0,1,-5.92,1882.8768310546875,0.0,0.0,1,-5.93,1882.8768310546875,0.0,0.0,1,10
ZINC000381633380,-0.36,1882.8740234375,0.0001491131624327,0.0,1,-0.46,1882.873291015625,0.0001880122482848,0.0,1,-0.55,1882.8732604980469,0.0001896330435286,0.0,1,-0.76,1882.872131347656,0.0002496024675505,0.0,1,-0.79,1882.8717346191409,0.0002706728057203,0.0,1,-0.87,1882.8727722167969,0.00021556576743,0.0,1,-0.87,1882.8747253417969,0.0001118348718245,0.0,1,-0.98,1882.872985839844,0.0002042202007231,0.0,1,-1.3,1882.8734741210933,0.0001782874768218,0.0,1,-1.44,1882.87353515625,0.0001750458863341,0.0,1,10
ZINC000570282569,-0.55,1720.8790283203125,8.603738707838495,78.57142857142857,1,-0.57,1882.8768310546875,0.0,0.0,1,-0.59,1882.8768310546875,0.0,0.0,1,-0.6,1882.8768310546875,0.0,0.0,1,-0.63,1882.8768310546875,0.0,0.0,1,-0.81,1882.8768310546875,0.0,0.0,1,-0.98,1882.8768310546875,0.0,0.0,1,-1.03,1882.8768310546875,0.0,0.0,1,-1.41,1687.690399169922,10.366394055389836,71.42857142857143,1,-2.23,1882.8768310546875,0.0,0.0,1,10
ZINC000575454550,-0.27,1882.8768310546875,0.0,0.0,1,-0.28,1882.8768310546875,0.0,0.0,1,-0.3,1882.8766479492188,9.724771463008234e-06,0.0,1,-0.37,1882.8767700195312,3.241590487669412e-06,0.0,1,-0.38,1882.8765869140625,1.2966361950677644e-05,0.0,1,-0.57,1882.8764038085933,2.269113341368588e-05,0.0,1,-1.21,1882.8768310546875,0.0,0.0,1,-1.54,1882.8767700195312,3.241590487669412e-06,0.0,1,-2.5,1882.8768310546875,0.0,0.0,1,-1000.0,471.744140625,0.0,0.0,0,9
