Compounds,Affinity_rank6,CNNpose_rank6,CNNaffinity_rank6,Solvation_rank6
NS-C-142,-6.8465,0.5202736855,5.0797023773,61.08
revumenib,-7.67832,0.3960565329,6.93491745,103.88
ziftomenib,-8.3751,0.2703231871,6.9849228859,106.12
