Compounds,Affinity_rank6,CNNpose_rank6,CNNaffinity_rank6,Solvation_rank6,Similarity-type1_rank6,Similarity-type2_rank6,Clashing<1.5A_rank6,Final_rank6
NS-C-142,-6.8465,0.5202736855,5.0797023773,61.08,0.1666666666666666,0.4,0,1
revumenib,-7.67832,0.3960565329,6.93491745,103.88,0.0,0.0,0,1
ziftomenib,-8.3751,0.2703231871,6.9849228859,106.12,0.0,0.2,0,0
