Compounds,Affinity_rank2,CNNpose_rank2,CNNaffinity_rank2,Solvation_rank2
NS-C-142,-7.40071,0.6660601497,5.7050747871,61.78
revumenib,-7.77539,0.287999481,7.8076176643,104.66
ziftomenib,-8.73448,0.2041009814,7.1307501793,110.5
