Compounds,Affinity_rank2,CNNpose_rank2,CNNaffinity_rank2,Solvation_rank2,Similarity-type1_rank2,Similarity-type2_rank2,Clashing<1.5A_rank2,Final_rank2
NS-C-142,-7.40071,0.6660601497,5.7050747871,61.78,0.375,0.4285714285714285,0,1
revumenib,-7.77539,0.287999481,7.8076176643,104.66,0.0,0.0,0,0
ziftomenib,-8.73448,0.2041009814,7.1307501793,110.5,0.25,0.2857142857142857,0,0
