Compounds,Occupation_rank5,%Occupation_rank5,%atoms_rank5
NS-C-142,297.81146240234375,47.60121950957588,100.0
revumenib,95.57220458984375,83.1844384736156,100.0
ziftomenib,162.796875,71.35651647239996,100.0
