Compounds,Confidence_score_rank5,Occupation_rank5,%Occupation_rank5,%atoms_rank5,Final_rank5
NS-C-142,-0.36,297.8114624023437,47.60121950957588,100.0,0
revumenib,-0.72,95.57220458984376,83.1844384736156,100.0,1
ziftomenib,-0.75,162.796875,71.35651647239996,100.0,1
