Compounds,Occupation_rank8,%Occupation_rank8,%atoms_rank8
NS-C-142,368.29217529296875,35.200409366898846,100.0
revumenib,104.5494384765625,81.60492872591533,100.0
ziftomenib,193.14300537109375,66.01723164023822,100.0
