Compounds,Confidence_score_rank8,Occupation_rank8,%Occupation_rank8,%atoms_rank8,Final_rank8
NS-C-142,-2.8,368.2921752929688,35.200409366898846,100.0,0
revumenib,-2.55,104.5494384765625,81.60492872591533,100.0,0
ziftomenib,-2.54,193.14300537109372,66.01723164023822,100.0,0
