Compounds,Affinity_rank1,CNNpose_rank1,CNNaffinity_rank1,Solvation_rank1,Affinity_rank2,CNNpose_rank2,CNNaffinity_rank2,Solvation_rank2,Affinity_rank3,CNNpose_rank3,CNNaffinity_rank3,Solvation_rank3,Affinity_rank4,CNNpose_rank4,CNNaffinity_rank4,Solvation_rank4,Affinity_rank5,CNNpose_rank5,CNNaffinity_rank5,Solvation_rank5,Affinity_rank6,CNNpose_rank6,CNNaffinity_rank6,Solvation_rank6,Affinity_rank7,CNNpose_rank7,CNNaffinity_rank7,Solvation_rank7,Affinity_rank8,CNNpose_rank8,CNNaffinity_rank8,Solvation_rank8,Affinity_rank9,CNNpose_rank9,CNNaffinity_rank9,Solvation_rank9,Affinity_rank10,CNNpose_rank10,CNNaffinity_rank10,Solvation_rank10
NS-C-142,-7.27118,0.670255661,5.4900422096,62.02,-7.40071,0.6660601497,5.7050747871,61.78,-6.69095,0.637065649,5.6904959679,63.1,-6.67402,0.6216455102,5.5614757538,61.13,-6.86129,0.6090806127,5.5053458214,60.53,-6.64189,0.5903551579,5.344581604,62.77,-6.97529,0.5872155428,5.3801188469,62.43,-6.65093,0.57545048,5.5221419334,61.67,-6.9047,0.5098654032,5.7615237236,63.46,-6.59992,0.4933316708,5.6825184822,62.17
revumenib,-7.72335,0.3111884594,6.707971096,106.08,-7.77539,0.287999481,7.8076176643,104.66,-7.55083,0.2731015682,6.5302639008,102.15,-8.1885,0.2685070932,7.1435437202,102.21,-8.35454,0.2605673075,6.7191238403,100.62,-8.07873,0.2416085303,6.6480140686,102.2,-7.7972,0.208577767,6.7958025932,103.7,-7.72168,0.2011528015,6.2847952843,102.71,-7.55902,0.2003460377,6.6531796455,105.29,-7.27526,0.1864339262,6.3290786743,103.94
ziftomenib,-8.49416,0.2214074284,6.6826930046,108.78,-8.73448,0.2041009814,7.1307501793,110.5,-8.48293,0.1983226389,6.0594859123,110.68,-8.59469,0.1545450836,6.5300469398,106.94,-8.58276,0.1412510127,6.8483672142,106.72,-8.35151,0.1261247993,6.3020319939,109.43,-8.42239,0.1234643832,6.6911792755,109.75,-9.25857,0.1228372231,7.2000460625,111.22,-8.43105,0.1090331823,5.905359745,110.28,-9.49997,0.1050946563,7.0242180824,111.25
