Compounds,Similarity-type1_rank1,Similarity-type2_rank1,Clashing<1.5A_rank1,Similarity-type1_rank2,Similarity-type2_rank2,Clashing<1.5A_rank2,Similarity-type1_rank3,Similarity-type2_rank3,Clashing<1.5A_rank3,Similarity-type1_rank4,Similarity-type2_rank4,Clashing<1.5A_rank4,Similarity-type1_rank5,Similarity-type2_rank5,Clashing<1.5A_rank5,Similarity-type1_rank6,Similarity-type2_rank6,Clashing<1.5A_rank6,Similarity-type1_rank7,Similarity-type2_rank7,Clashing<1.5A_rank7,Similarity-type1_rank8,Similarity-type2_rank8,Clashing<1.5A_rank8,Similarity-type1_rank9,Similarity-type2_rank9,Clashing<1.5A_rank9,Similarity-type1_rank10,Similarity-type2_rank10,Clashing<1.5A_rank10
NS-C-142,0.125,0.2857142857142857,0.0,0.375,0.4285714285714285,0,0.0,0.1428571428571428,0,0.125,0.2857142857142857,0,0.25,0.2857142857142857,0,0.125,0.1428571428571428,0,0.0,0.1428571428571428,0,0.25,0.1428571428571428,0,0.25,0.2857142857142857,0,0.125,0.1428571428571428,0
revumenib,0.0,0.0,0.0,0.0,0.0,0,0.125,0.1428571428571428,0,0.125,0.1428571428571428,0,0.125,0.1428571428571428,0,0.0,0.0,0,0.0,0.0,0,0.125,0.1428571428571428,0,0.125,0.1428571428571428,0,0.0,0.0,0
ziftomenib,,,,0.25,0.2857142857142857,0,0.125,0.1428571428571428,0,0.0,0.0,0,0.125,0.1428571428571428,0,0.0,0.0,0,0.125,0.1428571428571428,0,0.25,0.2857142857142857,0,0.125,0.1428571428571428,0,0.375,0.4285714285714285,0
